url,status,state,reason,final_url,content_type,method,checked_at
http://infocenter.arm.com/help/topic/com.arm.doc.dui0553a/DUI0553A_cortex_m4_dgug.pdf,200,valid,http_ok,https://support.arm.com/documentation/dui0553/a/DUI0553A_cortex_m4_dgug.pdf,text/html,HEAD,2026-08-29T13:30:01+00:00
http://www.keil.com/appnotes/docs/apnt_276.asp,200,valid,http_ok,https://support.arm.com/documentation/kan276/latest/,text/html,HEAD,2026-08-29T13:30:02+00:00
http://www.ti.com/lit/gpn/msp432e401y,200,valid,http_ok,https://www.ti.com/lit/ds/symlink/msp432e401y.pdf?ts=1788006418996,application/pdf,HEAD,2026-08-29T13:30:01+00:00
http://www.ti.com/lit/gpn/msp432e411y,200,valid,http_ok,https://www.ti.com/lit/ds/symlink/msp432e411y.pdf?ts=1788006419017,application/pdf,HEAD,2026-08-29T13:30:01+00:00
http://www.ti.com/lit/pdf/slau723,200,valid,http_ok,https://www.ti.com/lit/ug/slau723a/slau723a.pdf?ts=1788006419142,application/pdf,HEAD,2026-08-29T13:30:01+00:00
https://datasheets.raspberrypi.com/rp2040/rp2040-datasheet.pdf,200,valid,http_ok,https://pip-assets.raspberrypi.com/categories/814-rp2040/documents/RP-008371-DS-1-rp2040-datasheet.pdf,application/pdf,HEAD,2026-08-29T13:23:40+00:00
https://datasheets.raspberrypi.com/rp2350/rp2350-datasheet.pdf,200,valid,http_ok,https://pip-assets.raspberrypi.com/categories/1214-rp2350/documents/RP-008373-DS-2-rp2350-datasheet.pdf,application/pdf,HEAD,2026-08-29T13:23:40+00:00
https://developer.arm.com/documentation/100235,200,valid,http_ok,https://support.arm.com/documentation/100235,text/html,HEAD,2026-08-29T13:24:20+00:00
https://developer.arm.com/documentation/100235/latest/,200,valid,http_ok,https://support.arm.com/documentation/100235/latest/,text/html,HEAD,2026-08-29T13:29:55+00:00
https://developer.arm.com/documentation/101273/latest,200,valid,http_ok,https://support.arm.com/documentation/101273/latest,text/html,HEAD,2026-08-29T13:29:59+00:00
https://developer.arm.com/documentation/dui0497/latest,200,valid,http_ok,https://support.arm.com/documentation/dui0497/latest,text/html,HEAD,2026-08-29T13:29:40+00:00
https://developer.arm.com/documentation/dui0552/latest,200,valid,http_ok,https://support.arm.com/documentation/dui0552/latest,text/html,HEAD,2026-08-29T13:29:51+00:00
https://developer.arm.com/documentation/dui0553,200,valid,http_ok,https://support.arm.com/documentation/dui0553,text/html,HEAD,2026-08-29T13:24:44+00:00
https://developer.arm.com/documentation/dui0553/latest,200,valid,http_ok,https://support.arm.com/documentation/dui0553/latest,text/html,HEAD,2026-08-29T13:29:51+00:00
https://developer.arm.com/documentation/dui0553/latest/,200,valid,http_ok,https://support.arm.com/documentation/dui0553/latest/,text/html,HEAD,2026-08-29T13:29:55+00:00
https://developer.arm.com/documentation/dui0646,200,valid,http_ok,https://support.arm.com/documentation/dui0646,text/html,HEAD,2026-08-29T13:24:50+00:00
https://developer.arm.com/documentation/dui0646/latest,200,valid,http_ok,https://support.arm.com/documentation/dui0646/latest,text/html,HEAD,2026-08-29T13:29:53+00:00
https://developer.arm.com/documentation/dui0662,200,valid,http_ok,https://support.arm.com/documentation/dui0662,text/html,HEAD,2026-08-29T13:24:23+00:00
https://developer.arm.com/documentation/dui0662/latest,200,valid,http_ok,https://support.arm.com/documentation/dui0662/latest,text/html,HEAD,2026-08-29T13:29:39+00:00
https://developer.arm.com/documentation/dui0662/latest/,200,valid,http_ok,https://support.arm.com/documentation/dui0662/latest/,text/html,HEAD,2026-08-29T13:30:06+00:00
https://developer.arm.com/documentation/dui1095,200,valid,http_ok,https://support.arm.com/documentation/dui1095,text/html,HEAD,2026-08-29T13:24:35+00:00
https://documentation.espressif.com/0a-esp8266ex_datasheet_en.html,200,valid,http_ok,https://documentation.espressif.com/0a-esp8266ex_datasheet_en.html,text/html,HEAD,2026-08-29T13:21:42+00:00
https://documentation.espressif.com/0a-esp8285_datasheet_en.html,200,valid,http_ok,https://documentation.espressif.com/0a-esp8285_datasheet_en.html,text/html,HEAD,2026-08-29T13:21:42+00:00
https://documentation.espressif.com/0c-esp-wroom-02_datasheet_en.html,200,valid,http_ok,https://documentation.espressif.com/0c-esp-wroom-02_datasheet_en.html,text/html,HEAD,2026-08-29T13:21:41+00:00
https://documentation.espressif.com/esp-wroom-02u_esp-wroom-02d_datasheet_en.html,200,valid,http_ok,https://documentation.espressif.com/esp-wroom-02u_esp-wroom-02d_datasheet_en.html,text/html,HEAD,2026-08-29T13:21:42+00:00
https://documentation.espressif.com/esp32-c3-mini-1_datasheet_en.html,200,valid,http_ok,https://documentation.espressif.com/esp32-c3-mini-1_datasheet_en.html,text/html,HEAD,2026-08-29T13:21:38+00:00
https://documentation.espressif.com/esp32-c3-wroom-02_datasheet_en.html,200,valid,http_ok,https://documentation.espressif.com/esp32-c3-wroom-02_datasheet_en.html,text/html,HEAD,2026-08-29T13:21:38+00:00
https://documentation.espressif.com/esp32-c3_datasheet_en.html,200,valid,http_ok,https://documentation.espressif.com/esp32-c3_datasheet_en.html,text/html,HEAD,2026-08-29T13:21:37+00:00
https://documentation.espressif.com/esp32-c5-mini-1_mini-1u_datasheet_en.html,200,valid,http_ok,https://documentation.espressif.com/esp32-c5-mini-1_mini-1u_datasheet_en.html,text/html,HEAD,2026-08-29T13:21:38+00:00
https://documentation.espressif.com/esp32-c5-wroom-1_wroom-1u_datasheet_en.html,200,valid,http_ok,https://documentation.espressif.com/esp32-c5-wroom-1_wroom-1u_datasheet_en.html,text/html,HEAD,2026-08-29T13:21:38+00:00
https://documentation.espressif.com/esp32-c5_datasheet_en.html,200,valid,http_ok,https://documentation.espressif.com/esp32-c5_datasheet_en.html,text/html,HEAD,2026-08-29T13:21:38+00:00
https://documentation.espressif.com/esp32-c6-mini-1_mini-1u_datasheet_en.html,200,valid,http_ok,https://documentation.espressif.com/esp32-c6-mini-1_mini-1u_datasheet_en.html,text/html,HEAD,2026-08-29T13:21:39+00:00
https://documentation.espressif.com/esp32-c6-wroom-1_wroom-1u_datasheet_en.html,200,valid,http_ok,https://documentation.espressif.com/esp32-c6-wroom-1_wroom-1u_datasheet_en.html,text/html,HEAD,2026-08-29T13:21:39+00:00
https://documentation.espressif.com/esp32-c61-mini-1_mini-1u_datasheet_en.html,200,valid,http_ok,https://documentation.espressif.com/esp32-c61-mini-1_mini-1u_datasheet_en.html,text/html,HEAD,2026-08-29T13:21:39+00:00
https://documentation.espressif.com/esp32-c61-wroom-1_wroom-1u_datasheet_en.html,200,valid,http_ok,https://documentation.espressif.com/esp32-c61-wroom-1_wroom-1u_datasheet_en.html,text/html,HEAD,2026-08-29T13:21:39+00:00
https://documentation.espressif.com/esp32-c61_datasheet_en.html,200,valid,http_ok,https://documentation.espressif.com/esp32-c61_datasheet_en.html,text/html,HEAD,2026-08-29T13:21:39+00:00
https://documentation.espressif.com/esp32-c6_datasheet_en.html,200,valid,http_ok,https://documentation.espressif.com/esp32-c6_datasheet_en.html,text/html,HEAD,2026-08-29T13:21:39+00:00
https://documentation.espressif.com/esp32-h2-mini-1_mini-1u_datasheet_en.html,200,valid,http_ok,https://documentation.espressif.com/esp32-h2-mini-1_mini-1u_datasheet_en.html,text/html,HEAD,2026-08-29T13:21:39+00:00
https://documentation.espressif.com/esp32-h2-wroom-02c_datasheet_en.html,200,valid,http_ok,https://documentation.espressif.com/esp32-h2-wroom-02c_datasheet_en.html,text/html,HEAD,2026-08-29T13:21:39+00:00
https://documentation.espressif.com/esp32-h2_datasheet_en.html,200,valid,http_ok,https://documentation.espressif.com/esp32-h2_datasheet_en.html,text/html,HEAD,2026-08-29T13:21:39+00:00
https://documentation.espressif.com/esp32-mini-1_datasheet_en.html,200,valid,http_ok,https://documentation.espressif.com/esp32-mini-1_datasheet_en.html,text/html,HEAD,2026-08-29T13:21:28+00:00
https://documentation.espressif.com/esp32-p4_datasheet_en.html,200,valid,http_ok,https://documentation.espressif.com/esp32-p4_datasheet_en.html,text/html,HEAD,2026-08-29T13:21:40+00:00
https://documentation.espressif.com/esp32-pico-mini-02_datasheet_en.html,200,valid,http_ok,https://documentation.espressif.com/esp32-pico-mini-02_datasheet_en.html,text/html,HEAD,2026-08-29T13:21:28+00:00
https://documentation.espressif.com/esp32-pico-v3-zero_datasheet_en.html,200,valid,http_ok,https://documentation.espressif.com/esp32-pico-v3-zero_datasheet_en.html,text/html,HEAD,2026-08-29T13:21:28+00:00
https://documentation.espressif.com/esp32-s2-mini-1_esp32-s2-mini-1u_datasheet_en.html,200,valid,http_ok,https://documentation.espressif.com/esp32-s2-mini-1_esp32-s2-mini-1u_datasheet_en.html,text/html,HEAD,2026-08-29T13:21:40+00:00
https://documentation.espressif.com/esp32-s2-mini-2_esp32-s2-mini-2u_datasheet_en.html,200,valid,http_ok,https://documentation.espressif.com/esp32-s2-mini-2_esp32-s2-mini-2u_datasheet_en.html,text/html,HEAD,2026-08-29T13:21:40+00:00
https://documentation.espressif.com/esp32-s2-solo-2_esp32-s2-solo-2u_datasheet_en.html,200,valid,http_ok,https://documentation.espressif.com/esp32-s2-solo-2_esp32-s2-solo-2u_datasheet_en.html,text/html,HEAD,2026-08-29T13:21:40+00:00
https://documentation.espressif.com/esp32-s2-solo_esp32-s2-solo-u_datasheet_en.html,200,valid,http_ok,https://documentation.espressif.com/esp32-s2-solo_esp32-s2-solo-u_datasheet_en.html,text/html,HEAD,2026-08-29T13:21:40+00:00
https://documentation.espressif.com/esp32-s2-wroom_esp32-s2-wroom-i_datasheet_en.html,200,valid,http_ok,https://documentation.espressif.com/esp32-s2-wroom_esp32-s2-wroom-i_datasheet_en.html,text/html,HEAD,2026-08-29T13:21:40+00:00
https://documentation.espressif.com/esp32-s2-wrover_esp32-s2-wrover-i_datasheet_en.html,200,valid,http_ok,https://documentation.espressif.com/esp32-s2-wrover_esp32-s2-wrover-i_datasheet_en.html,text/html,HEAD,2026-08-29T13:21:40+00:00
https://documentation.espressif.com/esp32-s2_datasheet_en.html,200,valid,http_ok,https://documentation.espressif.com/esp32-s2_datasheet_en.html,text/html,HEAD,2026-08-29T13:21:40+00:00
https://documentation.espressif.com/esp32-s3-mini-1_mini-1u_datasheet_en.html,200,valid,http_ok,https://documentation.espressif.com/esp32-s3-mini-1_mini-1u_datasheet_en.html,text/html,HEAD,2026-08-29T13:21:41+00:00
https://documentation.espressif.com/esp32-s3-pico-1_datasheet_en.html,200,valid,http_ok,https://documentation.espressif.com/esp32-s3-pico-1_datasheet_en.html,text/html,HEAD,2026-08-29T13:21:41+00:00
https://documentation.espressif.com/esp32-s3-wroom-1_wroom-1u_datasheet_en.html,200,valid,http_ok,https://documentation.espressif.com/esp32-s3-wroom-1_wroom-1u_datasheet_en.html,text/html,HEAD,2026-08-29T13:21:41+00:00
https://documentation.espressif.com/esp32-s3-wroom-2_datasheet_en.html,200,valid,http_ok,https://documentation.espressif.com/esp32-s3-wroom-2_datasheet_en.html,text/html,HEAD,2026-08-29T13:21:41+00:00
https://documentation.espressif.com/esp32-s31-wroom-3_datasheet_en.html,200,valid,http_ok,https://documentation.espressif.com/esp32-s31-wroom-3_datasheet_en.html,text/html,HEAD,2026-08-29T13:21:41+00:00
https://documentation.espressif.com/esp32-s31_datasheet_en.html,200,valid,http_ok,https://documentation.espressif.com/esp32-s31_datasheet_en.html,text/html,HEAD,2026-08-29T13:21:41+00:00
https://documentation.espressif.com/esp32-s3_datasheet_en.html,200,valid,http_ok,https://documentation.espressif.com/esp32-s3_datasheet_en.html,text/html,HEAD,2026-08-29T13:21:41+00:00
https://documentation.espressif.com/esp32-solo-1_datasheet_en.html,200,valid,http_ok,https://documentation.espressif.com/esp32-solo-1_datasheet_en.html,text/html,HEAD,2026-08-29T13:21:28+00:00
https://documentation.espressif.com/esp32-wroom-32_datasheet_en.html,200,valid,http_ok,https://documentation.espressif.com/esp32-wroom-32_datasheet_en.html,text/html,HEAD,2026-08-29T13:21:28+00:00
https://documentation.espressif.com/esp32-wroom-32d_esp32-wroom-32u_datasheet_en.html,200,valid,http_ok,https://documentation.espressif.com/esp32-wroom-32d_esp32-wroom-32u_datasheet_en.html,text/html,HEAD,2026-08-29T13:21:28+00:00
https://documentation.espressif.com/esp32-wroom-32e_esp32-wroom-32ue_datasheet_en.html,200,valid,http_ok,https://documentation.espressif.com/esp32-wroom-32e_esp32-wroom-32ue_datasheet_en.html,text/html,HEAD,2026-08-29T13:21:29+00:00
https://documentation.espressif.com/esp32-wroom-da_datasheet_en.html,200,valid,http_ok,https://documentation.espressif.com/esp32-wroom-da_datasheet_en.html,text/html,HEAD,2026-08-29T13:21:29+00:00
https://documentation.espressif.com/esp32-wrover-b_datasheet_en.html,200,valid,http_ok,https://documentation.espressif.com/esp32-wrover-b_datasheet_en.html,text/html,HEAD,2026-08-29T13:21:31+00:00
https://documentation.espressif.com/esp32-wrover-e_esp32-wrover-ie_datasheet_en.html,200,valid,http_ok,https://documentation.espressif.com/esp32-wrover-e_esp32-wrover-ie_datasheet_en.html,text/html,HEAD,2026-08-29T13:21:32+00:00
https://documentation.espressif.com/esp32_datasheet_en.html,200,valid,http_ok,https://documentation.espressif.com/esp32_datasheet_en.html,text/html,HEAD,2026-08-29T13:21:28+00:00
https://documentation.espressif.com/esp8684-mini-1_mini-1u_datasheet_en.html,200,valid,http_ok,https://documentation.espressif.com/esp8684-mini-1_mini-1u_datasheet_en.html,text/html,HEAD,2026-08-29T13:21:33+00:00
https://documentation.espressif.com/esp8684-wroom-01c_datasheet_en.html,200,valid,http_ok,https://documentation.espressif.com/esp8684-wroom-01c_datasheet_en.html,text/html,HEAD,2026-08-29T13:21:33+00:00
https://documentation.espressif.com/esp8684-wroom-02c_datasheet_en.html,200,valid,http_ok,https://documentation.espressif.com/esp8684-wroom-02c_datasheet_en.html,text/html,HEAD,2026-08-29T13:21:33+00:00
https://documentation.espressif.com/esp8684-wroom-03_datasheet_en.html,200,valid,http_ok,https://documentation.espressif.com/esp8684-wroom-03_datasheet_en.html,text/html,HEAD,2026-08-29T13:21:33+00:00
https://documentation.espressif.com/esp8684-wroom-04c_datasheet_en.html,200,valid,http_ok,https://documentation.espressif.com/esp8684-wroom-04c_datasheet_en.html,text/html,HEAD,2026-08-29T13:21:33+00:00
https://documentation.espressif.com/esp8684-wroom-05_datasheet_en.html,200,valid,http_ok,https://documentation.espressif.com/esp8684-wroom-05_datasheet_en.html,text/html,HEAD,2026-08-29T13:21:34+00:00
https://documentation.espressif.com/esp8684-wroom-06c_datasheet_en.html,200,valid,http_ok,https://documentation.espressif.com/esp8684-wroom-06c_datasheet_en.html,text/html,HEAD,2026-08-29T13:21:35+00:00
https://documentation.espressif.com/esp8684-wroom-07_datasheet_en.html,200,valid,http_ok,https://documentation.espressif.com/esp8684-wroom-07_datasheet_en.html,text/html,HEAD,2026-08-29T13:21:35+00:00
https://documentation.espressif.com/esp8684_datasheet_en.html,200,valid,http_ok,https://documentation.espressif.com/esp8684_datasheet_en.html,text/html,HEAD,2026-08-29T13:21:33+00:00
https://documentation.espressif.com/esp8685-wroom-01_datasheet_en.html,200,valid,http_ok,https://documentation.espressif.com/esp8685-wroom-01_datasheet_en.html,text/html,HEAD,2026-08-29T13:21:42+00:00
https://documentation.espressif.com/esp8685-wroom-03_datasheet_en.html,200,valid,http_ok,https://documentation.espressif.com/esp8685-wroom-03_datasheet_en.html,text/html,HEAD,2026-08-29T13:21:42+00:00
https://documentation.espressif.com/esp8685-wroom-04_datasheet_en.html,200,valid,http_ok,https://documentation.espressif.com/esp8685-wroom-04_datasheet_en.html,text/html,HEAD,2026-08-29T13:21:42+00:00
https://documentation.espressif.com/esp8685-wroom-05_datasheet_en.html,200,valid,http_ok,https://documentation.espressif.com/esp8685-wroom-05_datasheet_en.html,text/html,HEAD,2026-08-29T13:21:42+00:00
https://documentation.espressif.com/esp8685-wroom-06_datasheet_en.html,200,valid,http_ok,https://documentation.espressif.com/esp8685-wroom-06_datasheet_en.html,text/html,HEAD,2026-08-29T13:21:42+00:00
https://documentation.espressif.com/esp8685-wroom-07_datasheet_en.html,200,valid,http_ok,https://documentation.espressif.com/esp8685-wroom-07_datasheet_en.html,text/html,HEAD,2026-08-29T13:21:42+00:00
https://documentation.espressif.com/esp8685_datasheet_en.html,200,valid,http_ok,https://documentation.espressif.com/esp8685_datasheet_en.html,text/html,HEAD,2026-08-29T13:21:42+00:00
https://github.com/ArteryTek/AT32A403A_CMSIS_Driver,200,valid,http_ok,https://github.com/ArteryTek/AT32A403A_CMSIS_Driver,text/html; charset=utf-8,HEAD,2026-08-29T13:21:12+00:00
https://github.com/ArteryTek/AT32A423_CMSIS_Driver,200,valid,http_ok,https://github.com/ArteryTek/AT32A423_CMSIS_Driver,text/html; charset=utf-8,HEAD,2026-08-29T13:21:12+00:00
https://github.com/ArteryTek/AT32F402_405_CMSIS_Driver,200,valid,http_ok,https://github.com/ArteryTek/AT32F402_405_CMSIS_Driver,text/html; charset=utf-8,HEAD,2026-08-29T13:21:17+00:00
https://github.com/ArteryTek/AT32F403A_407_CMSIS_Driver,200,valid,http_ok,https://github.com/ArteryTek/AT32F403A_407_CMSIS_Driver,text/html; charset=utf-8,HEAD,2026-08-29T13:21:21+00:00
https://github.com/ArteryTek/AT32F403_CMSIS_Driver,200,valid,http_ok,https://github.com/ArteryTek/AT32F403_CMSIS_Driver,text/html; charset=utf-8,HEAD,2026-08-29T13:21:18+00:00
https://github.com/ArteryTek/AT32F413_CMSIS_Driver,200,valid,http_ok,https://github.com/ArteryTek/AT32F413_CMSIS_Driver,text/html; charset=utf-8,HEAD,2026-08-29T13:21:21+00:00
https://github.com/ArteryTek/AT32F415_CMSIS_Driver,200,valid,http_ok,https://github.com/ArteryTek/AT32F415_CMSIS_Driver,text/html; charset=utf-8,HEAD,2026-08-29T13:21:22+00:00
https://github.com/ArteryTek/AT32F421_CMSIS_Driver,200,valid,http_ok,https://github.com/ArteryTek/AT32F421_CMSIS_Driver,text/html; charset=utf-8,HEAD,2026-08-29T13:21:17+00:00
https://github.com/ArteryTek/AT32F423_CMSIS_Driver,200,valid,http_ok,https://github.com/ArteryTek/AT32F423_CMSIS_Driver,text/html; charset=utf-8,HEAD,2026-08-29T13:21:26+00:00
https://github.com/ArteryTek/AT32F425_CMSIS_Driver,200,valid,http_ok,https://github.com/ArteryTek/AT32F425_CMSIS_Driver,text/html; charset=utf-8,HEAD,2026-08-29T13:21:26+00:00
https://github.com/ArteryTek/AT32F435_437_CMSIS_Driver,200,valid,http_ok,https://github.com/ArteryTek/AT32F435_437_CMSIS_Driver,text/html; charset=utf-8,HEAD,2026-08-29T13:21:26+00:00
https://github.com/ArteryTek/AT32F45x_CMSIS_Driver,200,valid,http_ok,https://github.com/ArteryTek/AT32F45x_CMSIS_Driver,text/html; charset=utf-8,HEAD,2026-08-29T13:21:26+00:00
https://github.com/ArteryTek/AT32F490_CMSIS_Driver,200,valid,http_ok,https://github.com/ArteryTek/AT32F490_CMSIS_Driver,text/html; charset=utf-8,HEAD,2026-08-29T13:21:27+00:00
https://github.com/ArteryTek/AT32L021_CMSIS_Driver,200,valid,http_ok,https://github.com/ArteryTek/AT32L021_CMSIS_Driver,text/html; charset=utf-8,HEAD,2026-08-29T13:21:27+00:00
https://github.com/ArteryTek/AT32M412_416_CMSIS_Driver,200,valid,http_ok,https://github.com/ArteryTek/AT32M412_416_CMSIS_Driver,text/html; charset=utf-8,HEAD,2026-08-29T13:21:27+00:00
https://github.com/ArteryTek/AT32WB415_CMSIS_Driver,200,valid,http_ok,https://github.com/ArteryTek/AT32WB415_CMSIS_Driver,text/html; charset=utf-8,HEAD,2026-08-29T13:21:28+00:00
https://github.com/hpmicro/hpm_sdk/blob/v1.12.1/soc/HPM5300/HPM5301/hpm_soc_ip.h,200,valid,http_ok,https://github.com/hpmicro/hpm_sdk/blob/v1.12.1/soc/HPM5300/HPM5301/hpm_soc_ip.h,text/html; charset=utf-8,HEAD,2026-08-29T13:21:59+00:00
https://github.com/hpmicro/hpm_sdk/blob/v1.12.1/soc/HPM5300/HPM5361/hpm_soc_ip.h,200,valid,http_ok,https://github.com/hpmicro/hpm_sdk/blob/v1.12.1/soc/HPM5300/HPM5361/hpm_soc_ip.h,text/html; charset=utf-8,HEAD,2026-08-29T13:21:59+00:00
https://github.com/hpmicro/hpm_sdk/blob/v1.12.1/soc/HPM5300/HPM53M1/hpm_soc_ip.h,200,valid,http_ok,https://github.com/hpmicro/hpm_sdk/blob/v1.12.1/soc/HPM5300/HPM53M1/hpm_soc_ip.h,text/html; charset=utf-8,HEAD,2026-08-29T13:21:59+00:00
https://github.com/hpmicro/hpm_sdk/blob/v1.12.1/soc/HPM5E00/HPM5E31/hpm_soc_ip.h,200,valid,http_ok,https://github.com/hpmicro/hpm_sdk/blob/v1.12.1/soc/HPM5E00/HPM5E31/hpm_soc_ip.h,text/html; charset=utf-8,HEAD,2026-08-29T13:22:00+00:00
https://github.com/hpmicro/hpm_sdk/blob/v1.12.1/soc/HPM5E00/HPM5E3Y/hpm_soc_ip.h,200,valid,http_ok,https://github.com/hpmicro/hpm_sdk/blob/v1.12.1/soc/HPM5E00/HPM5E3Y/hpm_soc_ip.h,text/html; charset=utf-8,HEAD,2026-08-29T13:22:00+00:00
https://github.com/hpmicro/hpm_sdk/blob/v1.12.1/soc/HPM6200/HPM6280/hpm_soc_ip.h,200,valid,http_ok,https://github.com/hpmicro/hpm_sdk/blob/v1.12.1/soc/HPM6200/HPM6280/hpm_soc_ip.h,text/html; charset=utf-8,HEAD,2026-08-29T13:22:00+00:00
https://github.com/hpmicro/hpm_sdk/blob/v1.12.1/soc/HPM6300/HPM6360/hpm_soc_ip.h,200,valid,http_ok,https://github.com/hpmicro/hpm_sdk/blob/v1.12.1/soc/HPM6300/HPM6360/hpm_soc_ip.h,text/html; charset=utf-8,HEAD,2026-08-29T13:22:00+00:00
https://github.com/hpmicro/hpm_sdk/blob/v1.12.1/soc/HPM6700/HPM6750/hpm_soc_ip.h,200,valid,http_ok,https://github.com/hpmicro/hpm_sdk/blob/v1.12.1/soc/HPM6700/HPM6750/hpm_soc_ip.h,text/html; charset=utf-8,HEAD,2026-08-29T13:22:01+00:00
https://github.com/hpmicro/hpm_sdk/blob/v1.12.1/soc/HPM6800/HPM6880/hpm_soc_ip.h,200,valid,http_ok,https://github.com/hpmicro/hpm_sdk/blob/v1.12.1/soc/HPM6800/HPM6880/hpm_soc_ip.h,text/html; charset=utf-8,HEAD,2026-08-29T13:22:03+00:00
https://github.com/hpmicro/hpm_sdk/blob/v1.12.1/soc/HPM6E00/HPM6E80/hpm_soc_ip.h,200,valid,http_ok,https://github.com/hpmicro/hpm_sdk/blob/v1.12.1/soc/HPM6E00/HPM6E80/hpm_soc_ip.h,text/html; charset=utf-8,HEAD,2026-08-29T13:22:03+00:00
https://github.com/hpmicro/hpm_sdk/blob/v1.12.1/soc/HPM6P00/HPM6P81/hpm_soc_ip.h,200,valid,http_ok,https://github.com/hpmicro/hpm_sdk/blob/v1.12.1/soc/HPM6P00/HPM6P81/hpm_soc_ip.h,text/html; charset=utf-8,HEAD,2026-08-29T13:22:04+00:00
https://github.com/kendryte/k510_docs,200,valid,http_ok,https://github.com/kendryte/k510_docs,text/html; charset=utf-8,HEAD,2026-08-29T13:23:40+00:00
https://github.com/micropython/micropython/issues/19108,200,valid,http_ok,https://github.com/micropython/micropython/issues/19108,text/html; charset=utf-8,HEAD,2026-08-29T13:23:40+00:00
https://global.geehy.com/uploads/tool/AN1080_APM32%20Series%20Tool%20Chain%20User%20Manual.pdf,200,valid,http_ok,https://global.geehy.com/uploads/tool/AN1080_APM32%20Series%20Tool%20Chain%20User%20Manual.pdf,application/pdf,HEAD,2026-08-29T13:21:43+00:00
https://global.geehy.com/uploads/tool/AN1127_G32R501%20SDK%20Examples%20User%20Manual%20V1.0.pdf,200,valid,http_ok,https://global.geehy.com/uploads/tool/AN1127_G32R501%20SDK%20Examples%20User%20Manual%20V1.0.pdf,application/pdf,HEAD,2026-08-29T13:21:48+00:00
https://global.geehy.com/uploads/tool/AN1129_G32R501%C2%A0Keil%C2%A0Debug%C2%A0Tool%C2%A0User%20Manual%C2%A0V1.1.pdf,200,valid,http_ok,https://global.geehy.com/uploads/tool/AN1129_G32R501%C2%A0Keil%C2%A0Debug%C2%A0Tool%C2%A0User%20Manual%C2%A0V1.1.pdf,application/pdf,HEAD,2026-08-29T13:21:48+00:00
https://global.geehy.com/uploads/tool/AN1131_G32R501%20Tool%20User%20Manual%20V1.0.pdf,200,valid,http_ok,https://global.geehy.com/uploads/tool/AN1131_G32R501%20Tool%20User%20Manual%20V1.0.pdf,application/pdf,HEAD,2026-08-29T13:21:48+00:00
https://global.geehy.com/uploads/tool/APM32E103VET6S%20datasheet%C2%A0V1.5.pdf,200,valid,http_ok,https://global.geehy.com/uploads/tool/APM32E103VET6S%20datasheet%C2%A0V1.5.pdf,application/pdf,HEAD,2026-08-29T13:21:42+00:00
https://global.geehy.com/uploads/tool/APM32E103ZE%20MINI%20Board%20User%20Manual%20V1.1.pdf,200,valid,http_ok,https://global.geehy.com/uploads/tool/APM32E103ZE%20MINI%20Board%20User%20Manual%20V1.1.pdf,application/pdf,HEAD,2026-08-29T13:21:43+00:00
https://global.geehy.com/uploads/tool/APM32E103ZE%C2%A0EVAL%C2%A0Board%20User%20Manual%20V1.0.pdf,200,valid,http_ok,https://global.geehy.com/uploads/tool/APM32E103ZE%C2%A0EVAL%C2%A0Board%20User%20Manual%20V1.0.pdf,application/pdf,HEAD,2026-08-29T13:21:43+00:00
https://global.geehy.com/uploads/tool/APM32E103xCxE%20datasheet%20V1.9.pdf,200,valid,http_ok,https://global.geehy.com/uploads/tool/APM32E103xCxE%20datasheet%20V1.9.pdf,application/pdf,HEAD,2026-08-29T13:21:43+00:00
https://global.geehy.com/uploads/tool/APM32E103xCxE%C2%A0User%C2%A0Manual%C2%A0V1.6.pdf,200,valid,http_ok,https://global.geehy.com/uploads/tool/APM32E103xCxE%C2%A0User%C2%A0Manual%C2%A0V1.6.pdf,application/pdf,HEAD,2026-08-29T13:21:43+00:00
https://global.geehy.com/uploads/tool/APM32F003F6%20MINI%20Board%20User%20Manual%20V1.1.pdf,200,valid,http_ok,https://global.geehy.com/uploads/tool/APM32F003F6%20MINI%20Board%20User%20Manual%20V1.1.pdf,application/pdf,HEAD,2026-08-29T13:21:43+00:00
https://global.geehy.com/uploads/tool/APM32F003F6Ux%20datasheet%20V1.4.pdf,200,valid,http_ok,https://global.geehy.com/uploads/tool/APM32F003F6Ux%20datasheet%20V1.4.pdf,application/pdf,HEAD,2026-08-29T13:21:43+00:00
https://global.geehy.com/uploads/tool/APM32F003x4x6%20User%20Manual%20V1.7.pdf,200,valid,http_ok,https://global.geehy.com/uploads/tool/APM32F003x4x6%20User%20Manual%20V1.7.pdf,application/pdf,HEAD,2026-08-29T13:21:43+00:00
https://global.geehy.com/uploads/tool/APM32F003x4x6%C2%A0datasheet%C2%A0V2.4.pdf,200,valid,http_ok,https://global.geehy.com/uploads/tool/APM32F003x4x6%C2%A0datasheet%C2%A0V2.4.pdf,application/pdf,HEAD,2026-08-29T13:21:43+00:00
https://global.geehy.com/uploads/tool/APM32F030R8%20MINI%20Board%20User%20Manual%20V1.1.pdf,200,valid,http_ok,https://global.geehy.com/uploads/tool/APM32F030R8%20MINI%20Board%20User%20Manual%20V1.1.pdf,application/pdf,HEAD,2026-08-29T13:21:44+00:00
https://global.geehy.com/uploads/tool/APM32F030RC%20MINI%20Board%20User%20Manual%20V1.1.pdf,200,valid,http_ok,https://global.geehy.com/uploads/tool/APM32F030RC%20MINI%20Board%20User%20Manual%20V1.1.pdf,application/pdf,HEAD,2026-08-29T13:21:44+00:00
https://global.geehy.com/uploads/tool/APM32F030x6x8%20datasheet%20V2.0.pdf,200,valid,http_ok,https://global.geehy.com/uploads/tool/APM32F030x6x8%20datasheet%20V2.0.pdf,application/pdf,HEAD,2026-08-29T13:21:44+00:00
https://global.geehy.com/uploads/tool/APM32F030x6x8xC%C2%A0User%C2%A0Manual%C2%A0V2.3.pdf,200,valid,http_ok,https://global.geehy.com/uploads/tool/APM32F030x6x8xC%C2%A0User%C2%A0Manual%C2%A0V2.3.pdf,application/pdf,HEAD,2026-08-29T13:21:44+00:00
https://global.geehy.com/uploads/tool/APM32F030xC%20datasheet%20%C2%A0V1.6.pdf,200,valid,http_ok,https://global.geehy.com/uploads/tool/APM32F030xC%20datasheet%20%C2%A0V1.6.pdf,application/pdf,HEAD,2026-08-29T13:21:43+00:00
https://global.geehy.com/uploads/tool/APM32F035x8_M3514x8%20Datasheet%20V1.1.pdf,200,valid,http_ok,https://global.geehy.com/uploads/tool/APM32F035x8_M3514x8%20Datasheet%20V1.1.pdf,application/pdf,HEAD,2026-08-29T13:21:45+00:00
https://global.geehy.com/uploads/tool/APM32F035x8_M3514x8%20User%20Manual%20V1.2.pdf,200,valid,http_ok,https://global.geehy.com/uploads/tool/APM32F035x8_M3514x8%20User%20Manual%20V1.2.pdf,application/pdf,HEAD,2026-08-29T13:21:45+00:00
https://global.geehy.com/uploads/tool/APM32F051R8%20MINI%20Board%20User%20Manual%20V1.1.pdf,200,valid,http_ok,https://global.geehy.com/uploads/tool/APM32F051R8%20MINI%20Board%20User%20Manual%20V1.1.pdf,application/pdf,HEAD,2026-08-29T13:21:44+00:00
https://global.geehy.com/uploads/tool/APM32F051R8%C2%A0EVAL%C2%A0Board%20User%20Manual%20V1.0.pdf,200,valid,http_ok,https://global.geehy.com/uploads/tool/APM32F051R8%C2%A0EVAL%C2%A0Board%20User%20Manual%20V1.0.pdf,application/pdf,HEAD,2026-08-29T13:21:44+00:00
https://global.geehy.com/uploads/tool/APM32F051x6x8%20datasheet%20V1.9.pdf,200,valid,http_ok,https://global.geehy.com/uploads/tool/APM32F051x6x8%20datasheet%20V1.9.pdf,application/pdf,HEAD,2026-08-29T13:21:44+00:00
https://global.geehy.com/uploads/tool/APM32F051x6x8%C2%A0User%C2%A0Manual%C2%A0V1.8.pdf,200,valid,http_ok,https://global.geehy.com/uploads/tool/APM32F051x6x8%C2%A0User%C2%A0Manual%C2%A0V1.8.pdf,application/pdf,HEAD,2026-08-29T13:21:44+00:00
https://global.geehy.com/uploads/tool/APM32F072VB%20MINI%20Board%20User%20Manual%20V1.1.pdf,200,valid,http_ok,https://global.geehy.com/uploads/tool/APM32F072VB%20MINI%20Board%20User%20Manual%20V1.1.pdf,application/pdf,HEAD,2026-08-29T13:21:44+00:00
https://global.geehy.com/uploads/tool/APM32F072VB%C2%A0EVAL%C2%A0Board%20User%20Manual%20V1.0.pdf,200,valid,http_ok,https://global.geehy.com/uploads/tool/APM32F072VB%C2%A0EVAL%C2%A0Board%20User%20Manual%20V1.0.pdf,application/pdf,HEAD,2026-08-29T13:21:44+00:00
https://global.geehy.com/uploads/tool/APM32F072x8xB%20Datasheet%20V2.0.pdf,200,valid,http_ok,https://global.geehy.com/uploads/tool/APM32F072x8xB%20Datasheet%20V2.0.pdf,application/pdf,HEAD,2026-08-29T13:21:44+00:00
https://global.geehy.com/uploads/tool/APM32F072x8xB%C2%A0User%C2%A0Manual%C2%A0V1.7.pdf,200,valid,http_ok,https://global.geehy.com/uploads/tool/APM32F072x8xB%C2%A0User%C2%A0Manual%C2%A0V1.7.pdf,application/pdf,HEAD,2026-08-29T13:21:44+00:00
https://global.geehy.com/uploads/tool/APM32F072xBT7%20datasheet%20V1.3.pdf,200,valid,http_ok,https://global.geehy.com/uploads/tool/APM32F072xBT7%20datasheet%20V1.3.pdf,application/pdf,HEAD,2026-08-29T13:21:44+00:00
https://global.geehy.com/uploads/tool/APM32F091VC%20%20MINI%20Board%20User%20Manual%20V1.1.pdf,200,valid,http_ok,https://global.geehy.com/uploads/tool/APM32F091VC%20%20MINI%20Board%20User%20Manual%20V1.1.pdf,application/pdf,HEAD,2026-08-29T13:21:45+00:00
https://global.geehy.com/uploads/tool/APM32F091xBxC%20datasheet%20%20V1.6.pdf,200,valid,http_ok,https://global.geehy.com/uploads/tool/APM32F091xBxC%20datasheet%20%20V1.6.pdf,application/pdf,HEAD,2026-08-29T13:21:45+00:00
https://global.geehy.com/uploads/tool/APM32F091xBxC%C2%A0User%C2%A0Manual%C2%A0V1.8.pdf,200,valid,http_ok,https://global.geehy.com/uploads/tool/APM32F091xBxC%C2%A0User%C2%A0Manual%C2%A0V1.8.pdf,application/pdf,HEAD,2026-08-29T13:21:45+00:00
https://global.geehy.com/uploads/tool/APM32F103R8%20MINI%20Board%20User%20Manual%20V1.1.pdf,200,valid,http_ok,https://global.geehy.com/uploads/tool/APM32F103R8%20MINI%20Board%20User%20Manual%20V1.1.pdf,application/pdf,HEAD,2026-08-29T13:21:45+00:00
https://global.geehy.com/uploads/tool/APM32F103RCT7%20datasheet_V1.2.pdf,200,valid,http_ok,https://global.geehy.com/uploads/tool/APM32F103RCT7%20datasheet_V1.2.pdf,application/pdf,HEAD,2026-08-29T13:21:45+00:00
https://global.geehy.com/uploads/tool/APM32F103VB%20MINI%20Board%20User%20Manual%20V1.1.pdf,200,valid,http_ok,https://global.geehy.com/uploads/tool/APM32F103VB%20MINI%20Board%20User%20Manual%20V1.1.pdf,application/pdf,HEAD,2026-08-29T13:21:45+00:00
https://global.geehy.com/uploads/tool/APM32F103VC%20MINI%20Board%20User%20Manual%20V1.1.pdf,200,valid,http_ok,https://global.geehy.com/uploads/tool/APM32F103VC%20MINI%20Board%20User%20Manual%20V1.1.pdf,application/pdf,HEAD,2026-08-29T13:21:45+00:00
https://global.geehy.com/uploads/tool/APM32F103ZE%20MINI%20Board%20User%20Manual%20V1.1.pdf,200,valid,http_ok,https://global.geehy.com/uploads/tool/APM32F103ZE%20MINI%20Board%20User%20Manual%20V1.1.pdf,application/pdf,HEAD,2026-08-29T13:21:45+00:00
https://global.geehy.com/uploads/tool/APM32F103x4x6x8%20datasheet%20V1.5.pdf,200,valid,http_ok,https://global.geehy.com/uploads/tool/APM32F103x4x6x8%20datasheet%20V1.5.pdf,application/pdf,HEAD,2026-08-29T13:21:45+00:00
https://global.geehy.com/uploads/tool/APM32F103x4x6x8xB%20User%20Manual%C2%A0V1.9.pdf,200,valid,http_ok,https://global.geehy.com/uploads/tool/APM32F103x4x6x8xB%20User%20Manual%C2%A0V1.9.pdf,application/pdf,HEAD,2026-08-29T13:21:45+00:00
https://global.geehy.com/uploads/tool/APM32F103xB%C2%A0D%20version%20Datasheet%C2%A0V2.2.pdf,200,valid,http_ok,https://global.geehy.com/uploads/tool/APM32F103xB%C2%A0D%20version%20Datasheet%C2%A0V2.2.pdf,application/pdf,HEAD,2026-08-29T13:21:45+00:00
https://global.geehy.com/uploads/tool/APM32F103xB%C2%A0E%20version%20Datasheet%20V1.5.pdf,200,valid,http_ok,https://global.geehy.com/uploads/tool/APM32F103xB%C2%A0E%20version%20Datasheet%20V1.5.pdf,application/pdf,HEAD,2026-08-29T13:21:45+00:00
https://global.geehy.com/uploads/tool/APM32F103xC%20datasheet%20V2.1.pdf,200,valid,http_ok,https://global.geehy.com/uploads/tool/APM32F103xC%20datasheet%20V2.1.pdf,application/pdf,HEAD,2026-08-29T13:21:45+00:00
https://global.geehy.com/uploads/tool/APM32F103xCxDxE%C2%A0User%C2%A0Manual%C2%A0V1.8.pdf,200,valid,http_ok,https://global.geehy.com/uploads/tool/APM32F103xCxDxE%C2%A0User%C2%A0Manual%C2%A0V1.8.pdf,application/pdf,HEAD,2026-08-29T13:21:45+00:00
https://global.geehy.com/uploads/tool/APM32F103xDxE%C2%A0Datasheet%C2%A0V2.2.pdf,200,valid,http_ok,https://global.geehy.com/uploads/tool/APM32F103xDxE%C2%A0Datasheet%C2%A0V2.2.pdf,application/pdf,HEAD,2026-08-29T13:21:45+00:00
https://global.geehy.com/uploads/tool/APM32F402R%20Micro-EVB%20User%20Manual%20V1.0.pdf,200,valid,http_ok,https://global.geehy.com/uploads/tool/APM32F402R%20Micro-EVB%20User%20Manual%20V1.0.pdf,application/pdf,HEAD,2026-08-29T13:21:45+00:00
https://global.geehy.com/uploads/tool/APM32F402xB%20datasheet%20V1.4.pdf,200,valid,http_ok,https://global.geehy.com/uploads/tool/APM32F402xB%20datasheet%20V1.4.pdf,application/pdf,HEAD,2026-08-29T13:21:45+00:00
https://global.geehy.com/uploads/tool/APM32F402xB%C2%A0User%C2%A0Manual%C2%A0V1.1.pdf,200,valid,http_ok,https://global.geehy.com/uploads/tool/APM32F402xB%C2%A0User%C2%A0Manual%C2%A0V1.1.pdf,application/pdf,HEAD,2026-08-29T13:21:45+00:00
https://global.geehy.com/uploads/tool/APM32F403R%20Micro-EVB%20User%20Manual%20V1.0.pdf,200,valid,http_ok,https://global.geehy.com/uploads/tool/APM32F403R%20Micro-EVB%20User%20Manual%20V1.0.pdf,application/pdf,HEAD,2026-08-29T13:21:46+00:00
https://global.geehy.com/uploads/tool/APM32F403xB%20datasheet%20V1.0.pdf,200,valid,http_ok,https://global.geehy.com/uploads/tool/APM32F403xB%20datasheet%20V1.0.pdf,application/pdf,HEAD,2026-08-29T13:21:46+00:00
https://global.geehy.com/uploads/tool/APM32F403xB%C2%A0User%C2%A0Manual%C2%A0V1.1.pdf,200,valid,http_ok,https://global.geehy.com/uploads/tool/APM32F403xB%C2%A0User%C2%A0Manual%C2%A0V1.1.pdf,application/pdf,HEAD,2026-08-29T13:21:46+00:00
https://global.geehy.com/uploads/tool/APM32F411V%20TinyBoard%20User%20Manual%20V1.0.pdf,200,valid,http_ok,https://global.geehy.com/uploads/tool/APM32F411V%20TinyBoard%20User%20Manual%20V1.0.pdf,application/pdf,HEAD,2026-08-29T13:21:46+00:00
https://global.geehy.com/uploads/tool/APM32F411xCxE%20Datasheet%20V1.9.pdf,200,valid,http_ok,https://global.geehy.com/uploads/tool/APM32F411xCxE%20Datasheet%20V1.9.pdf,application/pdf,HEAD,2026-08-29T13:21:46+00:00
https://global.geehy.com/uploads/tool/APM32F411xCxE%C2%A0User%20Manual%C2%A0V1.5.pdf,200,valid,http_ok,https://global.geehy.com/uploads/tool/APM32F411xCxE%C2%A0User%20Manual%C2%A0V1.5.pdf,application/pdf,HEAD,2026-08-29T13:21:46+00:00
https://global.geehy.com/uploads/tool/APM32F415xG%20417xExG%20datasheet%20V1.8.pdf,200,valid,http_ok,https://global.geehy.com/uploads/tool/APM32F415xG%20417xExG%20datasheet%20V1.8.pdf,application/pdf,HEAD,2026-08-29T13:21:46+00:00
https://global.geehy.com/uploads/tool/APM32F415xG_F417xExG%20User%20Manual%20V2.4.pdf,200,valid,http_ok,https://global.geehy.com/uploads/tool/APM32F415xG_F417xExG%20User%20Manual%20V2.4.pdf,application/pdf,HEAD,2026-08-29T13:21:46+00:00
https://global.geehy.com/uploads/tool/BMP561%20EVM%20User%20Manual%20V1.0.pdf,200,valid,http_ok,https://global.geehy.com/uploads/tool/BMP561%20EVM%20User%20Manual%20V1.0.pdf,application/pdf,HEAD,2026-08-29T13:21:47+00:00
https://global.geehy.com/uploads/tool/BMP561%20User%20Manual%C2%A0V1.1.pdf,200,valid,http_ok,https://global.geehy.com/uploads/tool/BMP561%20User%20Manual%C2%A0V1.1.pdf,application/pdf,HEAD,2026-08-29T13:21:47+00:00
https://global.geehy.com/uploads/tool/BMP561%C2%A0Datasheet%20V1.2.pdf,200,valid,http_ok,https://global.geehy.com/uploads/tool/BMP561%C2%A0Datasheet%20V1.2.pdf,application/pdf,HEAD,2026-08-29T13:21:47+00:00
https://global.geehy.com/uploads/tool/G32R430%20TinyBoard%20User%20Manual%20V1.0.pdf,200,valid,http_ok,https://global.geehy.com/uploads/tool/G32R430%20TinyBoard%20User%20Manual%20V1.0.pdf,application/pdf,HEAD,2026-08-29T13:21:47+00:00
https://global.geehy.com/uploads/tool/G32R430%C2%A0Datasheet%C2%A0V1.1.pdf,200,valid,http_ok,https://global.geehy.com/uploads/tool/G32R430%C2%A0Datasheet%C2%A0V1.1.pdf,application/pdf,HEAD,2026-08-29T13:21:47+00:00
https://global.geehy.com/uploads/tool/G32R430%C2%A0User%C2%A0Manual%C2%A0V1.1.pdf,200,valid,http_ok,https://global.geehy.com/uploads/tool/G32R430%C2%A0User%C2%A0Manual%C2%A0V1.1.pdf,application/pdf,HEAD,2026-08-29T13:21:47+00:00
https://global.geehy.com/uploads/tool/G32R501%20Datasheet%20V1.7.pdf,200,valid,http_ok,https://global.geehy.com/uploads/tool/G32R501%20Datasheet%20V1.7.pdf,application/pdf,HEAD,2026-08-29T13:21:47+00:00
https://global.geehy.com/uploads/tool/G32R501%20Micro-EVB%20User%20Manual%20V1.0.pdf,200,valid,http_ok,https://global.geehy.com/uploads/tool/G32R501%20Micro-EVB%20User%20Manual%20V1.0.pdf,application/pdf,HEAD,2026-08-29T13:21:48+00:00
https://global.geehy.com/uploads/tool/G32R501%20Quick%20Start%20Guide%20V1.0.pdf,200,valid,http_ok,https://global.geehy.com/uploads/tool/G32R501%20Quick%20Start%20Guide%20V1.0.pdf,application/pdf,HEAD,2026-08-29T13:21:48+00:00
https://global.geehy.com/uploads/tool/G32R501%C2%A0User%20Manual%C2%A0V1.5.pdf,200,valid,http_ok,https://global.geehy.com/uploads/tool/G32R501%C2%A0User%20Manual%C2%A0V1.5.pdf,application/pdf,HEAD,2026-08-29T13:21:48+00:00
https://onlinedocs.microchip.com/g/GUID-0D44A543-8D6E-4F72-814C-6F4857061C73,200,valid,http_ok,https://onlinedocs.microchip.com/oxy/GUID-0D44A543-8D6E-4F72-814C-6F4857061C73-en-US-5/index.html,text/html; charset=utf-8,HEAD,2026-08-29T13:24:39+00:00
https://onlinedocs.microchip.com/g/GUID-367ABF12-F0D1-4E67-88AA-F9C31CEB0550,200,valid,http_ok,https://onlinedocs.microchip.com/oxy/GUID-367ABF12-F0D1-4E67-88AA-F9C31CEB0550-en-US-1/index.html,text/html; charset=utf-8,HEAD,2026-08-29T13:24:44+00:00
https://onlinedocs.microchip.com/g/GUID-4BAD4C19-E7A7-491B-B477-0754C5B8A3A8,200,valid,http_ok,https://onlinedocs.microchip.com/oxy/GUID-4BAD4C19-E7A7-491B-B477-0754C5B8A3A8-en-US-3/index.html,text/html; charset=utf-8,HEAD,2026-08-29T13:24:33+00:00
https://onlinedocs.microchip.com/g/GUID-51879300-6673-4E10-9215-46AA47325161,200,valid,http_ok,https://onlinedocs.microchip.com/oxy/GUID-51879300-6673-4E10-9215-46AA47325161-en-US-12/index.html,text/html; charset=utf-8,HEAD,2026-08-29T13:24:35+00:00
https://onlinedocs.microchip.com/g/GUID-57D3515A-D13A-4FB6-B2E6-46A8E304CC60,200,valid,http_ok,https://onlinedocs.microchip.com/oxy/GUID-57D3515A-D13A-4FB6-B2E6-46A8E304CC60-en-US-9/index.html,text/html; charset=utf-8,HEAD,2026-08-29T13:25:18+00:00
https://onlinedocs.microchip.com/g/GUID-76938A18-C47D-4351-9D02-463E8A957829,200,valid,http_ok,https://onlinedocs.microchip.com/oxy/GUID-76938A18-C47D-4351-9D02-463E8A957829-en-US-8/index.html,text/html; charset=utf-8,HEAD,2026-08-29T13:24:25+00:00
https://onlinedocs.microchip.com/g/GUID-A52628F4-6F6F-4C77-80CB-113A0C62DB75,200,valid,http_ok,https://onlinedocs.microchip.com/oxy/GUID-A52628F4-6F6F-4C77-80CB-113A0C62DB75-en-US-10/index.html,text/html; charset=utf-8,HEAD,2026-08-29T13:24:52+00:00
https://onlinedocs.microchip.com/g/GUID-A9964E93-D46C-42E6-98D2-4ED783ABB2CE,200,valid,http_ok,https://onlinedocs.microchip.com/oxy/GUID-A9964E93-D46C-42E6-98D2-4ED783ABB2CE-en-US-2/index.html,text/html; charset=utf-8,HEAD,2026-08-29T13:24:23+00:00
https://onlinedocs.microchip.com/g/GUID-D4CAD149-CB72-498B-B8E7-7E8255593463,200,valid,http_ok,https://onlinedocs.microchip.com/oxy/GUID-D4CAD149-CB72-498B-B8E7-7E8255593463-en-US-7/index.html,text/html; charset=utf-8,HEAD,2026-08-29T13:24:51+00:00
https://onlinedocs.microchip.com/g/GUID-F5813793-E016-46F5-A9E2-718D8BCED496,200,valid,http_ok,https://onlinedocs.microchip.com/oxy/GUID-F5813793-E016-46F5-A9E2-718D8BCED496-en-US-15/index.html,text/html; charset=utf-8,HEAD,2026-08-29T13:25:07+00:00
https://products.espressif.com/,200,valid,http_ok,https://products.espressif.com/,text/html,HEAD,2026-08-29T13:21:28+00:00
https://raw.githubusercontent.com/XradioTech/xradiotech.github.io/master/docs/doc/XR808/XR808_Datasheet_V1.1.pdf,200,valid,http_ok,https://raw.githubusercontent.com/XradioTech/xradiotech.github.io/master/docs/doc/XR808/XR808_Datasheet_V1.1.pdf,application/octet-stream,HEAD,2026-08-29T13:21:12+00:00
https://raw.githubusercontent.com/XradioTech/xradiotech.github.io/master/docs/doc/XR809/XR809_Datasheet_V1.1.pdf,200,valid,http_ok,https://raw.githubusercontent.com/XradioTech/xradiotech.github.io/master/docs/doc/XR809/XR809_Datasheet_V1.1.pdf,application/octet-stream,HEAD,2026-08-29T13:21:12+00:00
https://raw.githubusercontent.com/XradioTech/xradiotech.github.io/master/docs/doc/XR871/XR871_Datasheet_V1.21.pdf,206,valid,http_ok,https://raw.githubusercontent.com/XradioTech/xradiotech.github.io/master/docs/doc/XR871/XR871_Datasheet_V1.21.pdf,application/octet-stream,GET,2026-08-29T13:21:12+00:00
https://raw.githubusercontent.com/XradioTech/xradiotech.github.io/master/docs/doc/XR872/XR872_Datasheet_V1.05.pdf,200,valid,http_ok,https://raw.githubusercontent.com/XradioTech/xradiotech.github.io/master/docs/doc/XR872/XR872_Datasheet_V1.05.pdf,application/octet-stream,HEAD,2026-08-29T13:21:12+00:00
https://raw.githubusercontent.com/kendryte/K210-Micropython-OpenMV/master/doc/K210-MicroPython%26OpenMV%20Manual%20v1.1-en(20210420).pdf,200,valid,http_ok,https://raw.githubusercontent.com/kendryte/K210-Micropython-OpenMV/master/doc/K210-MicroPython%26OpenMV%20Manual%20v1.1-en(20210420).pdf,application/octet-stream,HEAD,2026-08-29T13:23:40+00:00
https://raw.githubusercontent.com/kendryte/k230_docs/main/en/00_hardware/K230_datasheet.md,200,valid,http_ok,https://raw.githubusercontent.com/kendryte/k230_docs/main/en/00_hardware/K230_datasheet.md,text/plain; charset=utf-8,HEAD,2026-08-29T13:23:40+00:00
https://raw.githubusercontent.com/kendryte/k230_docs/main/en/CanMV_K230_Tutorial.md,200,valid,http_ok,https://raw.githubusercontent.com/kendryte/k230_docs/main/en/CanMV_K230_Tutorial.md,text/plain; charset=utf-8,HEAD,2026-08-29T13:23:40+00:00
https://raw.githubusercontent.com/kendryte/k510_docs/dev/en/K510_CRB_V1.2_Hardware_Guide.md,200,valid,http_ok,https://raw.githubusercontent.com/kendryte/k510_docs/dev/en/K510_CRB_V1.2_Hardware_Guide.md,text/plain; charset=utf-8,HEAD,2026-08-29T13:23:40+00:00
https://raw.githubusercontent.com/kendryte/kendryte-doc-datasheet/master/en/003.md,200,valid,http_ok,https://raw.githubusercontent.com/kendryte/kendryte-doc-datasheet/master/en/003.md,text/plain; charset=utf-8,HEAD,2026-08-29T13:23:39+00:00
https://raw.githubusercontent.com/kendryte/kendryte-doc-datasheet/master/en/005.md,200,valid,http_ok,https://raw.githubusercontent.com/kendryte/kendryte-doc-datasheet/master/en/005.md,text/plain; charset=utf-8,HEAD,2026-08-29T13:23:39+00:00
https://raw.githubusercontent.com/micropython/micropython/master/ports/rp2/README.md,200,valid,http_ok,https://raw.githubusercontent.com/micropython/micropython/master/ports/rp2/README.md,text/plain; charset=utf-8,HEAD,2026-08-29T13:23:40+00:00
https://ww1.microchip.com/downloads/aemDocuments/documents/MCU08/ProductDocuments/DataSheets/PIC32CM6408PL10-028-032-048-064-DataSheet-DS40002667.pdf,200,valid,http_ok,https://ww1.microchip.com/downloads/aemDocuments/documents/MCU08/ProductDocuments/DataSheets/PIC32CM6408PL10-028-032-048-064-DataSheet-DS40002667.pdf,application/pdf,HEAD,2026-08-29T13:24:43+00:00
https://ww1.microchip.com/downloads/aemDocuments/documents/MCU08/ProductDocuments/SupportingCollateral/MigrationGuide-AVR-PIC16-18FtoPIC32CM-DS40002663.pdf,200,valid,http_ok,https://ww1.microchip.com/downloads/aemDocuments/documents/MCU08/ProductDocuments/SupportingCollateral/MigrationGuide-AVR-PIC16-18FtoPIC32CM-DS40002663.pdf,application/pdf,HEAD,2026-08-29T13:24:43+00:00
https://ww1.microchip.com/downloads/aemDocuments/documents/MCU08/ProductDocuments/SupportingCollateral/MigrationGuide-AVRtoPIC32CM-DS40002662.pdf,200,valid,http_ok,https://ww1.microchip.com/downloads/aemDocuments/documents/MCU08/ProductDocuments/SupportingCollateral/MigrationGuide-AVRtoPIC32CM-DS40002662.pdf,application/pdf,HEAD,2026-08-29T13:24:43+00:00
https://ww1.microchip.com/downloads/aemDocuments/documents/MCU32/ApplicationNotes/ApplicationNotes/00004068C.pdf,200,valid,http_ok,https://ww1.microchip.com/downloads/aemDocuments/documents/MCU32/ApplicationNotes/ApplicationNotes/00004068C.pdf,application/pdf,HEAD,2026-08-29T13:24:35+00:00
https://ww1.microchip.com/downloads/aemDocuments/documents/MCU32/ApplicationNotes/ApplicationNotes/AES-Cipher-Modes-Using-MPLAB-Harmony-v3-for-SAME54-DS00003923.pdf,200,valid,http_ok,https://ww1.microchip.com/downloads/aemDocuments/documents/MCU32/ApplicationNotes/ApplicationNotes/AES-Cipher-Modes-Using-MPLAB-Harmony-v3-for-SAME54-DS00003923.pdf,application/pdf,HEAD,2026-08-29T13:25:08+00:00
https://ww1.microchip.com/downloads/aemDocuments/documents/MCU32/ApplicationNotes/ApplicationNotes/AN2584-Integrated-Power-Factor-Correction-and-Sensorless-Field-Oriented-Control-System-for-Microchip-32-bit-Microcontrollers-DS00002584.pdf,200,valid,http_ok,https://ww1.microchip.com/downloads/aemDocuments/documents/MCU32/ApplicationNotes/ApplicationNotes/AN2584-Integrated-Power-Factor-Correction-and-Sensorless-Field-Oriented-Control-System-for-Microchip-32-bit-Microcontrollers-DS00002584.pdf,application/pdf,HEAD,2026-08-29T13:25:08+00:00
https://ww1.microchip.com/downloads/aemDocuments/documents/MCU32/ApplicationNotes/ApplicationNotes/AN3342-SleepWalking-with-Event-System-Using-the-SAM-E54-DS00003342.pdf,200,valid,http_ok,https://ww1.microchip.com/downloads/aemDocuments/documents/MCU32/ApplicationNotes/ApplicationNotes/AN3342-SleepWalking-with-Event-System-Using-the-SAM-E54-DS00003342.pdf,application/pdf,HEAD,2026-08-29T13:25:08+00:00
https://ww1.microchip.com/downloads/aemDocuments/documents/MCU32/ApplicationNotes/ApplicationNotes/AN3346-Introduction-to-MPLAB-Harmony-v3-for-Atmel-Studio-and-ASF-Users-DS00003346.pdf,200,valid,http_ok,https://ww1.microchip.com/downloads/aemDocuments/documents/MCU32/ApplicationNotes/ApplicationNotes/AN3346-Introduction-to-MPLAB-Harmony-v3-for-Atmel-Studio-and-ASF-Users-DS00003346.pdf,application/pdf,HEAD,2026-08-29T13:24:37+00:00
https://ww1.microchip.com/downloads/aemDocuments/documents/MCU32/ApplicationNotes/ApplicationNotes/AN3388-MPLAB-Harmony-v3-Application-Development-Guide-for-MPLAB-Harmony-v2-Users-DS00003388.pdf,200,valid,http_ok,https://ww1.microchip.com/downloads/aemDocuments/documents/MCU32/ApplicationNotes/ApplicationNotes/AN3388-MPLAB-Harmony-v3-Application-Development-Guide-for-MPLAB-Harmony-v2-Users-DS00003388.pdf,application/pdf,HEAD,2026-08-29T13:24:42+00:00
https://ww1.microchip.com/downloads/aemDocuments/documents/MCU32/ApplicationNotes/ApplicationNotes/AN3508-Dual-Bank-Bootloader-on-SAM-E54-Microcontroller-Using-MPLAB-Harmony-v3-DS00003508.pdf,200,valid,http_ok,https://ww1.microchip.com/downloads/aemDocuments/documents/MCU32/ApplicationNotes/ApplicationNotes/AN3508-Dual-Bank-Bootloader-on-SAM-E54-Microcontroller-Using-MPLAB-Harmony-v3-DS00003508.pdf,application/pdf,HEAD,2026-08-29T13:25:08+00:00
https://ww1.microchip.com/downloads/aemDocuments/documents/MCU32/ApplicationNotes/ApplicationNotes/AN3589-Using-Sigma-Delta-Analog-to-Digital-Converter-On-a-SAMC-MCU-with-MPLAB-Harmony-v3-DS00003589.pdf,200,valid,http_ok,https://ww1.microchip.com/downloads/aemDocuments/documents/MCU32/ApplicationNotes/ApplicationNotes/AN3589-Using-Sigma-Delta-Analog-to-Digital-Converter-On-a-SAMC-MCU-with-MPLAB-Harmony-v3-DS00003589.pdf,application/pdf,HEAD,2026-08-29T13:24:40+00:00
https://ww1.microchip.com/downloads/aemDocuments/documents/MCU32/ApplicationNotes/ApplicationNotes/AN3767-Live-Update-Application-on-SAM-E54-MCU-Using-MPLAB-Harmony-v3-DS00003767.pdf,200,valid,http_ok,https://ww1.microchip.com/downloads/aemDocuments/documents/MCU32/ApplicationNotes/ApplicationNotes/AN3767-Live-Update-Application-on-SAM-E54-MCU-Using-MPLAB-Harmony-v3-DS00003767.pdf,application/pdf,HEAD,2026-08-29T13:25:08+00:00
https://ww1.microchip.com/downloads/aemDocuments/documents/MCU32/ApplicationNotes/ApplicationNotes/AN4383-32-bit-Microcontroller-Wafer-Level-Chip-Scale-Package-DS00004383.pdf,200,valid,http_ok,https://ww1.microchip.com/downloads/aemDocuments/documents/MCU32/ApplicationNotes/ApplicationNotes/AN4383-32-bit-Microcontroller-Wafer-Level-Chip-Scale-Package-DS00004383.pdf,application/pdf,HEAD,2026-08-29T13:25:12+00:00
https://ww1.microchip.com/downloads/aemDocuments/documents/MCU32/ApplicationNotes/ApplicationNotes/AN4480-PIC32CM-JH00-JH01-High-Level-Usage-of-MBIST-and-ECC-with-Fault-Injection-DS00004480.pdf,200,valid,http_ok,https://ww1.microchip.com/downloads/aemDocuments/documents/MCU32/ApplicationNotes/ApplicationNotes/AN4480-PIC32CM-JH00-JH01-High-Level-Usage-of-MBIST-and-ECC-with-Fault-Injection-DS00004480.pdf,application/pdf,HEAD,2026-08-29T13:24:25+00:00
https://ww1.microchip.com/downloads/aemDocuments/documents/MCU32/ApplicationNotes/ApplicationNotes/AN4495-MPLAB-Harmony-v3-Project-Migration-DS00004495.pdf,200,valid,http_ok,https://ww1.microchip.com/downloads/aemDocuments/documents/MCU32/ApplicationNotes/ApplicationNotes/AN4495-MPLAB-Harmony-v3-Project-Migration-DS00004495.pdf,application/pdf,HEAD,2026-08-29T13:24:40+00:00
https://ww1.microchip.com/downloads/aemDocuments/documents/MCU32/ApplicationNotes/ApplicationNotes/AN4511-Getting-Started-with-the-PIC32CM-LE00-LS00-LS60-Curiosity-Pro-Board-DS00004511.pdf,200,valid,http_ok,https://ww1.microchip.com/downloads/aemDocuments/documents/MCU32/ApplicationNotes/ApplicationNotes/AN4511-Getting-Started-with-the-PIC32CM-LE00-LS00-LS60-Curiosity-Pro-Board-DS00004511.pdf,application/pdf,HEAD,2026-08-29T13:24:36+00:00
https://ww1.microchip.com/downloads/aemDocuments/documents/MCU32/ApplicationNotes/ApplicationNotes/AN4666-Getting-Started-with-32-bit-Microcontroller-+Curiosity-Pro-Ultra-Evaluation-Kits-DS00004666.pdf,200,valid,http_ok,https://ww1.microchip.com/downloads/aemDocuments/documents/MCU32/ApplicationNotes/ApplicationNotes/AN4666-Getting-Started-with-32-bit-Microcontroller-+Curiosity-Pro-Ultra-Evaluation-Kits-DS00004666.pdf,application/pdf,HEAD,2026-08-29T13:24:25+00:00
https://ww1.microchip.com/downloads/aemDocuments/documents/MCU32/ApplicationNotes/ApplicationNotes/AN5740-Tightly-Coupled-Memory-on-Microchip-Cortex-M7-Based-MCUs-DS00005740.pdf,200,valid,http_ok,https://ww1.microchip.com/downloads/aemDocuments/documents/MCU32/ApplicationNotes/ApplicationNotes/AN5740-Tightly-Coupled-Memory-on-Microchip-Cortex-M7-Based-MCUs-DS00005740.pdf,application/pdf,HEAD,2026-08-29T13:24:53+00:00
https://ww1.microchip.com/downloads/aemDocuments/documents/MCU32/ApplicationNotes/ApplicationNotes/AN5807-SERCOM-USART-on-Microchip-Cortex-Devices-SAM-and-PIC32C-DS00005807.pdf,200,valid,http_ok,https://ww1.microchip.com/downloads/aemDocuments/documents/MCU32/ApplicationNotes/ApplicationNotes/AN5807-SERCOM-USART-on-Microchip-Cortex-Devices-SAM-and-PIC32C-DS00005807.pdf,application/pdf,HEAD,2026-08-29T13:24:23+00:00
https://ww1.microchip.com/downloads/aemDocuments/documents/MCU32/ApplicationNotes/ApplicationNotes/AN5816-Migration-Guide-from-SAM-E70-S70-V70-V71-to-PIC32CZ-CA70-MC70-Microcontroller-Units-DS00005816.pdf,200,valid,http_ok,https://ww1.microchip.com/downloads/aemDocuments/documents/MCU32/ApplicationNotes/ApplicationNotes/AN5816-Migration-Guide-from-SAM-E70-S70-V70-V71-to-PIC32CZ-CA70-MC70-Microcontroller-Units-DS00005816.pdf,application/pdf,HEAD,2026-08-29T13:24:51+00:00
https://ww1.microchip.com/downloads/aemDocuments/documents/MCU32/ApplicationNotes/ApplicationNotes/AN6044-Migration-Guide-from-SAM-C20-C21-to-PIC32CM-JH01-DS00006044.pdf,200,valid,http_ok,https://ww1.microchip.com/downloads/aemDocuments/documents/MCU32/ApplicationNotes/ApplicationNotes/AN6044-Migration-Guide-from-SAM-C20-C21-to-PIC32CM-JH01-DS00006044.pdf,application/pdf,HEAD,2026-08-29T13:24:35+00:00
https://ww1.microchip.com/downloads/aemDocuments/documents/MCU32/ApplicationNotes/ApplicationNotes/AN6368-GettingStarted-ArmCortex-M0-PIC32CM-DS00006368.pdf,200,valid,http_ok,https://ww1.microchip.com/downloads/aemDocuments/documents/MCU32/ApplicationNotes/ApplicationNotes/AN6368-GettingStarted-ArmCortex-M0-PIC32CM-DS00006368.pdf,application/pdf,HEAD,2026-08-29T13:24:42+00:00
https://ww1.microchip.com/downloads/aemDocuments/documents/MCU32/ApplicationNotes/ApplicationNotes/MPLAB-Harmony-v3-Project-Migration-DS00004495.pdf,200,valid,http_ok,https://ww1.microchip.com/downloads/aemDocuments/documents/MCU32/ApplicationNotes/ApplicationNotes/MPLAB-Harmony-v3-Project-Migration-DS00004495.pdf,application/pdf,HEAD,2026-08-29T13:24:40+00:00
https://ww1.microchip.com/downloads/aemDocuments/documents/MCU32/ApplicationNotes/ApplicationNotes/MPLAB_Harmonyv3_Application_Development_Guide_for_MPLAB_Harmonyv2_Users_DS00003388A.pdf,200,valid,http_ok,https://ww1.microchip.com/downloads/aemDocuments/documents/MCU32/ApplicationNotes/ApplicationNotes/MPLAB_Harmonyv3_Application_Development_Guide_for_MPLAB_Harmonyv2_Users_DS00003388A.pdf,application/pdf,HEAD,2026-08-29T13:24:41+00:00
https://ww1.microchip.com/downloads/aemDocuments/documents/MCU32/ApplicationNotes/ApplicationNotes/SleepWalking_with_Event_System_Using_SAME54_AN_DS00003342A.pdf,200,valid,http_ok,https://ww1.microchip.com/downloads/aemDocuments/documents/MCU32/ApplicationNotes/ApplicationNotes/SleepWalking_with_Event_System_Using_SAME54_AN_DS00003342A.pdf,application/pdf,HEAD,2026-08-29T13:25:07+00:00
https://ww1.microchip.com/downloads/aemDocuments/documents/MCU32/ApplicationNotes/ApplicationNotes/Using-SDADC-on-SAMC-MCU-with-MPLAB-Harmony-v3-DS00003589A.pdf,200,valid,http_ok,https://ww1.microchip.com/downloads/aemDocuments/documents/MCU32/ApplicationNotes/ApplicationNotes/Using-SDADC-on-SAMC-MCU-with-MPLAB-Harmony-v3-DS00003589A.pdf,application/pdf,HEAD,2026-08-29T13:24:39+00:00
https://ww1.microchip.com/downloads/aemDocuments/documents/MCU32/ApplicationNotes/AppnoteSourceCode/SleepWalking_With_EVSYS_WM_source-code.zip,200,valid,http_ok,https://ww1.microchip.com/downloads/aemDocuments/documents/MCU32/ApplicationNotes/AppnoteSourceCode/SleepWalking_With_EVSYS_WM_source-code.zip,application/zip,HEAD,2026-08-29T13:25:08+00:00
https://ww1.microchip.com/downloads/aemDocuments/documents/MCU32/ApplicationNotes/AppnoteSourceCode/sdadc_conversion_interrupt.zip,200,valid,http_ok,https://ww1.microchip.com/downloads/aemDocuments/documents/MCU32/ApplicationNotes/AppnoteSourceCode/sdadc_conversion_interrupt.zip,application/zip,HEAD,2026-08-29T13:24:41+00:00
https://ww1.microchip.com/downloads/aemDocuments/documents/MCU32/ProductDocuments/Brochures/32-bit-Brochure-30009904.pdf,200,valid,http_ok,https://ww1.microchip.com/downloads/aemDocuments/documents/MCU32/ProductDocuments/Brochures/32-bit-Brochure-30009904.pdf,application/pdf,HEAD,2026-08-29T13:24:40+00:00
https://ww1.microchip.com/downloads/aemDocuments/documents/MCU32/ProductDocuments/Brochures/32-bit-Quick-Reference-Guide-60001455.pdf,200,valid,http_ok,https://ww1.microchip.com/downloads/aemDocuments/documents/MCU32/ProductDocuments/Brochures/32-bit-Quick-Reference-Guide-60001455.pdf,application/pdf,HEAD,2026-08-29T13:24:36+00:00
https://ww1.microchip.com/downloads/aemDocuments/documents/MCU32/ProductDocuments/Brochures/PIC32CM-PL10-Family-DS00006268.pdf,200,valid,http_ok,https://ww1.microchip.com/downloads/aemDocuments/documents/MCU32/ProductDocuments/Brochures/PIC32CM-PL10-Family-DS00006268.pdf,application/pdf,HEAD,2026-08-29T13:24:42+00:00
https://ww1.microchip.com/downloads/aemDocuments/documents/MCU32/ProductDocuments/DataSheets/PIC32CM-16-32-GV00-Family-Data-Sheet-DS60001881.pdf,200,valid,http_ok,https://ww1.microchip.com/downloads/aemDocuments/documents/MCU32/ProductDocuments/DataSheets/PIC32CM-16-32-GV00-Family-Data-Sheet-DS60001881.pdf,application/pdf,HEAD,2026-08-29T13:24:23+00:00
https://ww1.microchip.com/downloads/aemDocuments/documents/MCU32/ProductDocuments/DataSheets/PIC32CM-64-32-JH00-Family-Data-Sheet-DS60001880.pdf,200,valid,http_ok,https://ww1.microchip.com/downloads/aemDocuments/documents/MCU32/ProductDocuments/DataSheets/PIC32CM-64-32-JH00-Family-Data-Sheet-DS60001880.pdf,application/pdf,HEAD,2026-08-29T13:24:33+00:00
https://ww1.microchip.com/downloads/aemDocuments/documents/MCU32/ProductDocuments/DataSheets/PIC32CM-JH00-JH01-Family-Data-Sheet-DS60001632.pdf,200,valid,http_ok,https://ww1.microchip.com/downloads/aemDocuments/documents/MCU32/ProductDocuments/DataSheets/PIC32CM-JH00-JH01-Family-Data-Sheet-DS60001632.pdf,application/pdf,HEAD,2026-08-29T13:24:25+00:00
https://ww1.microchip.com/downloads/aemDocuments/documents/MCU32/ProductDocuments/DataSheets/PIC32CM-LE00-LS00-LS60-Family-Data-Sheet-DS60001615.pdf,200,valid,http_ok,https://ww1.microchip.com/downloads/aemDocuments/documents/MCU32/ProductDocuments/DataSheets/PIC32CM-LE00-LS00-LS60-Family-Data-Sheet-DS60001615.pdf,application/pdf,HEAD,2026-08-29T13:24:35+00:00
https://ww1.microchip.com/downloads/aemDocuments/documents/MCU32/ProductDocuments/DataSheets/PIC32CM-MC00-Family-Data-Sheet-DS60001638.pdf,200,valid,http_ok,https://ww1.microchip.com/downloads/aemDocuments/documents/MCU32/ProductDocuments/DataSheets/PIC32CM-MC00-Family-Data-Sheet-DS60001638.pdf,application/pdf,HEAD,2026-08-29T13:24:39+00:00
https://ww1.microchip.com/downloads/aemDocuments/documents/MCU32/ProductDocuments/DataSheets/PIC32CM1216PL10-028-032-048-064-DataSheet-DS40002690.pdf,200,valid,http_ok,https://ww1.microchip.com/downloads/aemDocuments/documents/MCU32/ProductDocuments/DataSheets/PIC32CM1216PL10-028-032-048-064-DataSheet-DS40002690.pdf,application/pdf,HEAD,2026-08-29T13:24:42+00:00
https://ww1.microchip.com/downloads/aemDocuments/documents/MCU32/ProductDocuments/DataSheets/PIC32CM3204PL10-020-028-032-DataSheet-DS40002691.pdf,200,valid,http_ok,https://ww1.microchip.com/downloads/aemDocuments/documents/MCU32/ProductDocuments/DataSheets/PIC32CM3204PL10-020-028-032-DataSheet-DS40002691.pdf,application/pdf,HEAD,2026-08-29T13:24:42+00:00
https://ww1.microchip.com/downloads/aemDocuments/documents/MCU32/ProductDocuments/DataSheets/PIC32CZ-CA70-MC70-Family-Data-Sheet-DS60001825.pdf,200,valid,http_ok,https://ww1.microchip.com/downloads/aemDocuments/documents/MCU32/ProductDocuments/DataSheets/PIC32CZ-CA70-MC70-Family-Data-Sheet-DS60001825.pdf,application/pdf,HEAD,2026-08-29T13:24:51+00:00
https://ww1.microchip.com/downloads/aemDocuments/documents/MCU32/ProductDocuments/DataSheets/PIC32CZ-CA80-CA90-Family-Data-Sheet-DS60001749.pdf,200,valid,http_ok,https://ww1.microchip.com/downloads/aemDocuments/documents/MCU32/ProductDocuments/DataSheets/PIC32CZ-CA80-CA90-Family-Data-Sheet-DS60001749.pdf,application/pdf,HEAD,2026-08-29T13:24:53+00:00
https://ww1.microchip.com/downloads/aemDocuments/documents/MCU32/ProductDocuments/DataSheets/SAM-D5x-E5x-Family-Data-Sheet-DS60001507.pdf,200,valid,http_ok,https://ww1.microchip.com/downloads/aemDocuments/documents/MCU32/ProductDocuments/DataSheets/SAM-D5x-E5x-Family-Data-Sheet-DS60001507.pdf,application/pdf,HEAD,2026-08-29T13:25:07+00:00
https://ww1.microchip.com/downloads/aemDocuments/documents/MCU32/ProductDocuments/DataSheets/SAM-L10-L11-Family-Data-Sheet-DS60001513.pdf,200,valid,http_ok,https://ww1.microchip.com/downloads/aemDocuments/documents/MCU32/ProductDocuments/DataSheets/SAM-L10-L11-Family-Data-Sheet-DS60001513.pdf,application/pdf,HEAD,2026-08-29T13:25:18+00:00
https://ww1.microchip.com/downloads/aemDocuments/documents/MCU32/ProductDocuments/Errata/PIC32CM-JH00-JH01-Family-Silicon-Errata-and-Data-Sheet-Clarifications-DS80001000.pdf,200,valid,http_ok,https://ww1.microchip.com/downloads/aemDocuments/documents/MCU32/ProductDocuments/Errata/PIC32CM-JH00-JH01-Family-Silicon-Errata-and-Data-Sheet-Clarifications-DS80001000.pdf,application/pdf,HEAD,2026-08-29T13:24:28+00:00
https://ww1.microchip.com/downloads/aemDocuments/documents/MCU32/ProductDocuments/Errata/PIC32CM-MC00-Family-Silicon-Errata-and-Data-Sheet-Clarifications-DS80000905.pdf,200,valid,http_ok,https://ww1.microchip.com/downloads/aemDocuments/documents/MCU32/ProductDocuments/Errata/PIC32CM-MC00-Family-Silicon-Errata-and-Data-Sheet-Clarifications-DS80000905.pdf,application/pdf,HEAD,2026-08-29T13:24:40+00:00
https://ww1.microchip.com/downloads/aemDocuments/documents/MCU32/ProductDocuments/Errata/PIC32CM1216PL10-028-032-048-064-Errata-DS80001217.pdf,200,valid,http_ok,https://ww1.microchip.com/downloads/aemDocuments/documents/MCU32/ProductDocuments/Errata/PIC32CM1216PL10-028-032-048-064-Errata-DS80001217.pdf,application/pdf,HEAD,2026-08-29T13:24:42+00:00
https://ww1.microchip.com/downloads/aemDocuments/documents/MCU32/ProductDocuments/Errata/PIC32CM16-32-GV00-Family-Silicon-Errata-and-Data-Sheet-Clarifications-DS80001154.pdf,200,valid,http_ok,https://ww1.microchip.com/downloads/aemDocuments/documents/MCU32/ProductDocuments/Errata/PIC32CM16-32-GV00-Family-Silicon-Errata-and-Data-Sheet-Clarifications-DS80001154.pdf,application/pdf,HEAD,2026-08-29T13:24:23+00:00
https://ww1.microchip.com/downloads/aemDocuments/documents/MCU32/ProductDocuments/Errata/PIC32CM32-64-JH00-Family-Silicon-Errata-and-Data-Sheet-Clarifications-DS80001146.pdf,200,valid,http_ok,https://ww1.microchip.com/downloads/aemDocuments/documents/MCU32/ProductDocuments/Errata/PIC32CM32-64-JH00-Family-Silicon-Errata-and-Data-Sheet-Clarifications-DS80001146.pdf,application/pdf,HEAD,2026-08-29T13:24:33+00:00
https://ww1.microchip.com/downloads/aemDocuments/documents/MCU32/ProductDocuments/Errata/PIC32CM3204PL10-020-028-032-Errata-DS80001216.pdf,200,valid,http_ok,https://ww1.microchip.com/downloads/aemDocuments/documents/MCU32/ProductDocuments/Errata/PIC32CM3204PL10-020-028-032-Errata-DS80001216.pdf,application/pdf,HEAD,2026-08-29T13:24:43+00:00
https://ww1.microchip.com/downloads/aemDocuments/documents/MCU32/ProductDocuments/Errata/PIC32CM6408PL10-028-032-048-064-Errata-DS80001191.pdf,200,valid,http_ok,https://ww1.microchip.com/downloads/aemDocuments/documents/MCU32/ProductDocuments/Errata/PIC32CM6408PL10-028-032-048-064-Errata-DS80001191.pdf,application/pdf,HEAD,2026-08-29T13:24:43+00:00
https://ww1.microchip.com/downloads/aemDocuments/documents/MCU32/ProductDocuments/Errata/PIC32CZ-CA70-MC70-Family-Silicon-Errata-and-Data-Sheet-Clarifications-DS80001128.pdf,200,valid,http_ok,https://ww1.microchip.com/downloads/aemDocuments/documents/MCU32/ProductDocuments/Errata/PIC32CZ-CA70-MC70-Family-Silicon-Errata-and-Data-Sheet-Clarifications-DS80001128.pdf,application/pdf,HEAD,2026-08-29T13:24:51+00:00
https://ww1.microchip.com/downloads/aemDocuments/documents/MCU32/ProductDocuments/Errata/PIC32CZ-CA80-CA90-Family-Silicon-Errata-and-Data-Sheet-Clarifications-DS80001023.pdf,200,valid,http_ok,https://ww1.microchip.com/downloads/aemDocuments/documents/MCU32/ProductDocuments/Errata/PIC32CZ-CA80-CA90-Family-Silicon-Errata-and-Data-Sheet-Clarifications-DS80001023.pdf,application/pdf,HEAD,2026-08-29T13:24:53+00:00
https://ww1.microchip.com/downloads/aemDocuments/documents/MCU32/ProductDocuments/Errata/SAM-D5x-E5x-Family-Silicon-Errata-and-Data-Sheet-Clarification-DS80000748.pdf,200,valid,http_ok,https://ww1.microchip.com/downloads/aemDocuments/documents/MCU32/ProductDocuments/Errata/SAM-D5x-E5x-Family-Silicon-Errata-and-Data-Sheet-Clarification-DS80000748.pdf,application/pdf,HEAD,2026-08-29T13:25:11+00:00
https://ww1.microchip.com/downloads/aemDocuments/documents/MCU32/ProductDocuments/Errata/SAM-L10-L11-Family-Silicon-Errata-and-Data-Sheet-Clarification-DS80000795.pdf,200,valid,http_ok,https://ww1.microchip.com/downloads/aemDocuments/documents/MCU32/ProductDocuments/Errata/SAM-L10-L11-Family-Silicon-Errata-and-Data-Sheet-Clarification-DS80000795.pdf,application/pdf,HEAD,2026-08-29T13:25:22+00:00
https://ww1.microchip.com/downloads/aemDocuments/documents/MCU32/ProductDocuments/InformationSheet/ATSAME54-100-Pin-Motor-Control-Plug-In-Module-Information-Sheet-DS50002807.pdf,200,valid,http_ok,https://ww1.microchip.com/downloads/aemDocuments/documents/MCU32/ProductDocuments/InformationSheet/ATSAME54-100-Pin-Motor-Control-Plug-In-Module-Information-Sheet-DS50002807.pdf,application/pdf,HEAD,2026-08-29T13:25:11+00:00
https://ww1.microchip.com/downloads/aemDocuments/documents/MCU32/ProductDocuments/LegacyCollaterals/Atmel-42438-SAM-BA-Overview-and-Customization-Process_ApplicationNote_AT09423.pdf,200,valid,http_ok,https://ww1.microchip.com/downloads/aemDocuments/documents/MCU32/ProductDocuments/LegacyCollaterals/Atmel-42438-SAM-BA-Overview-and-Customization-Process_ApplicationNote_AT09423.pdf,application/pdf,HEAD,2026-08-29T13:25:08+00:00
https://ww1.microchip.com/downloads/aemDocuments/documents/MCU32/ProductDocuments/LegacyCollaterals/Atmel-42447-SAM-Read-While-Write-EEPROM-RWW-EEPROM-Emulator-Service_ApplicationNote_AT10931.pdf,200,valid,http_ok,https://ww1.microchip.com/downloads/aemDocuments/documents/MCU32/ProductDocuments/LegacyCollaterals/Atmel-42447-SAM-Read-While-Write-EEPROM-RWW-EEPROM-Emulator-Service_ApplicationNote_AT10931.pdf,application/pdf,HEAD,2026-08-29T13:25:20+00:00
https://ww1.microchip.com/downloads/aemDocuments/documents/MCU32/ProductDocuments/LegacyCollaterals/Atmel-42448-SAM-Configurable-Custom-Logic-CCL-Driver_AT10942_ApplicationNote.pdf,200,valid,http_ok,https://ww1.microchip.com/downloads/aemDocuments/documents/MCU32/ProductDocuments/LegacyCollaterals/Atmel-42448-SAM-Configurable-Custom-Logic-CCL-Driver_AT10942_ApplicationNote.pdf,application/pdf,HEAD,2026-08-29T13:25:19+00:00
https://ww1.microchip.com/downloads/aemDocuments/documents/MCU32/ProductDocuments/LegacyCollaterals/Atmel-42449-SAM-System-SYSTEM-Driver_ApplicationNote_AT11378.pdf,200,valid,http_ok,https://ww1.microchip.com/downloads/aemDocuments/documents/MCU32/ProductDocuments/LegacyCollaterals/Atmel-42449-SAM-System-SYSTEM-Driver_ApplicationNote_AT11378.pdf,application/pdf,HEAD,2026-08-29T13:25:22+00:00
https://ww1.microchip.com/downloads/aemDocuments/documents/MCU32/ProductDocuments/LegacyCollaterals/Atmel-42451-SAM-Analog-to-Digital-Converter-ADC-Driver_ApplicationNote_AT11380.pdf,200,valid,http_ok,https://ww1.microchip.com/downloads/aemDocuments/documents/MCU32/ProductDocuments/LegacyCollaterals/Atmel-42451-SAM-Analog-to-Digital-Converter-ADC-Driver_ApplicationNote_AT11380.pdf,application/pdf,HEAD,2026-08-29T13:25:21+00:00
https://ww1.microchip.com/downloads/aemDocuments/documents/MCU32/ProductDocuments/LegacyCollaterals/Atmel-42452-SAM-System-Clock-Management-Driver-SYSTEMCLOCK_AT11389_ApplicationNote.pdf,200,valid,http_ok,https://ww1.microchip.com/downloads/aemDocuments/documents/MCU32/ProductDocuments/LegacyCollaterals/Atmel-42452-SAM-System-Clock-Management-Driver-SYSTEMCLOCK_AT11389_ApplicationNote.pdf,application/pdf,HEAD,2026-08-29T13:25:19+00:00
https://ww1.microchip.com/downloads/aemDocuments/documents/MCU32/ProductDocuments/LegacyCollaterals/Atmel-42453-SAM-Brown-Out-Detector-BOD-Driver_ApplicationNote_AT11512.pdf,200,valid,http_ok,https://ww1.microchip.com/downloads/aemDocuments/documents/MCU32/ProductDocuments/LegacyCollaterals/Atmel-42453-SAM-Brown-Out-Detector-BOD-Driver_ApplicationNote_AT11512.pdf,application/pdf,HEAD,2026-08-29T13:25:20+00:00
https://ww1.microchip.com/downloads/aemDocuments/documents/MCU32/ProductDocuments/LegacyCollaterals/Atmel-42544-PTC-QTouch-Library_ReleaseNotes.pdf,200,valid,http_ok,https://ww1.microchip.com/downloads/aemDocuments/documents/MCU32/ProductDocuments/LegacyCollaterals/Atmel-42544-PTC-QTouch-Library_ReleaseNotes.pdf,application/pdf,HEAD,2026-08-29T13:25:11+00:00
https://ww1.microchip.com/downloads/aemDocuments/documents/MCU32/ProductDocuments/LegacyCollaterals/Atmel-42807-QTouch-Modular-Library_ReleaseNotes.pdf,200,valid,http_ok,https://ww1.microchip.com/downloads/aemDocuments/documents/MCU32/ProductDocuments/LegacyCollaterals/Atmel-42807-QTouch-Modular-Library_ReleaseNotes.pdf,application/pdf,HEAD,2026-08-29T13:25:10+00:00
https://ww1.microchip.com/downloads/aemDocuments/documents/MCU32/ProductDocuments/ProductBrief/PIC32CM-PL10-ProductBrief-DS40002658.pdf,200,valid,http_ok,https://ww1.microchip.com/downloads/aemDocuments/documents/MCU32/ProductDocuments/ProductBrief/PIC32CM-PL10-ProductBrief-DS40002658.pdf,application/pdf,HEAD,2026-08-29T13:24:42+00:00
https://ww1.microchip.com/downloads/aemDocuments/documents/MCU32/ProductDocuments/ProductBrief/The-Difference-Between-MPLAB-Harmonyv3-Synchronous-and-Asynchronous-Drivers-and-When-to-Use-DS90003269A.pdf,200,valid,http_ok,https://ww1.microchip.com/downloads/aemDocuments/documents/MCU32/ProductDocuments/ProductBrief/The-Difference-Between-MPLAB-Harmonyv3-Synchronous-and-Asynchronous-Drivers-and-When-to-Use-DS90003269A.pdf,application/pdf,HEAD,2026-08-29T13:24:36+00:00
https://ww1.microchip.com/downloads/aemDocuments/documents/MCU32/ProductDocuments/ProductBrief/Various_Timers_on_SAMDevice_DS90003230A.pdf,200,valid,http_ok,https://ww1.microchip.com/downloads/aemDocuments/documents/MCU32/ProductDocuments/ProductBrief/Various_Timers_on_SAMDevice_DS90003230A.pdf,application/pdf,HEAD,2026-08-29T13:25:09+00:00
https://ww1.microchip.com/downloads/aemDocuments/documents/MCU32/ProductDocuments/ReferenceManuals/32-bit-Microcontroller-Collateral-and-Solutions-Reference-Guide-DS70005534.pdf,200,valid,http_ok,https://ww1.microchip.com/downloads/aemDocuments/documents/MCU32/ProductDocuments/ReferenceManuals/32-bit-Microcontroller-Collateral-and-Solutions-Reference-Guide-DS70005534.pdf,application/pdf,HEAD,2026-08-29T13:24:28+00:00
https://ww1.microchip.com/downloads/aemDocuments/documents/MCU32/ProductDocuments/SupportingCollateral/Adding-DMA-Support-for-Peripherals-on-PIC32CZ-CA-and-SAM-E70-S70-V7x-MCUs-+using-MPLAB-Harmony-v3-and-MCC-DS90003370.pdf,200,valid,http_ok,https://ww1.microchip.com/downloads/aemDocuments/documents/MCU32/ProductDocuments/SupportingCollateral/Adding-DMA-Support-for-Peripherals-on-PIC32CZ-CA-and-SAM-E70-S70-V7x-MCUs-+using-MPLAB-Harmony-v3-and-MCC-DS90003370.pdf,application/pdf,HEAD,2026-08-29T13:24:53+00:00
https://ww1.microchip.com/downloads/aemDocuments/documents/MCU32/ProductDocuments/SupportingCollateral/Clock-System-Configuration-and-Usage-on-SAM-E5x-Devices-DS90003226.pdf,200,valid,http_ok,https://ww1.microchip.com/downloads/aemDocuments/documents/MCU32/ProductDocuments/SupportingCollateral/Clock-System-Configuration-and-Usage-on-SAM-E5x-Devices-DS90003226.pdf,application/pdf,HEAD,2026-08-29T13:25:09+00:00
https://ww1.microchip.com/downloads/aemDocuments/documents/MCU32/ProductDocuments/SupportingCollateral/Creating-a-Hello-World-Application-on-Arm-Microcontrollers-Using-MPLAB-Harmony-v3-with-MPLAB-Code-Configurator-DS90003231.pdf,200,valid,http_ok,https://ww1.microchip.com/downloads/aemDocuments/documents/MCU32/ProductDocuments/SupportingCollateral/Creating-a-Hello-World-Application-on-Arm-Microcontrollers-Using-MPLAB-Harmony-v3-with-MPLAB-Code-Configurator-DS90003231.pdf,application/pdf,HEAD,2026-08-29T13:24:40+00:00
https://ww1.microchip.com/downloads/aemDocuments/documents/MCU32/ProductDocuments/SupportingCollateral/Creating-a-Hello-World-Application-on-PIC32-Microcontrollers-Using-MPLAB-Harmony-v3-and-MPLAB-Code-Configurator-DS90003259.pdf,200,valid,http_ok,https://ww1.microchip.com/downloads/aemDocuments/documents/MCU32/ProductDocuments/SupportingCollateral/Creating-a-Hello-World-Application-on-PIC32-Microcontrollers-Using-MPLAB-Harmony-v3-and-MPLAB-Code-Configurator-DS90003259.pdf,application/pdf,HEAD,2026-08-29T13:24:41+00:00
https://ww1.microchip.com/downloads/aemDocuments/documents/MCU32/ProductDocuments/SupportingCollateral/Creating-the-First-Application-on-PIC32CZ-CAx-Microcontrollers-Using-MPLAB-Harmony-v3-with-MPLAB-Code-Configurator-DS90003348.pdf,200,valid,http_ok,https://ww1.microchip.com/downloads/aemDocuments/documents/MCU32/ProductDocuments/SupportingCollateral/Creating-the-First-Application-on-PIC32CZ-CAx-Microcontrollers-Using-MPLAB-Harmony-v3-with-MPLAB-Code-Configurator-DS90003348.pdf,application/pdf,HEAD,2026-08-29T13:24:53+00:00
https://ww1.microchip.com/downloads/aemDocuments/documents/MCU32/ProductDocuments/SupportingCollateral/DS90003185,200,valid,http_ok,https://ww1.microchip.com/downloads/aemDocuments/documents/MCU32/ProductDocuments/SupportingCollateral/DS90003185,text/plain,HEAD,2026-08-29T13:25:22+00:00
https://ww1.microchip.com/downloads/aemDocuments/documents/MCU32/ProductDocuments/SupportingCollateral/Difference_Between_MPLAB_Harmony_PLIBs_and_Drivers_and_When_to_Use_Them_Tech_Brief_DS90003291A.pdf,200,valid,http_ok,https://ww1.microchip.com/downloads/aemDocuments/documents/MCU32/ProductDocuments/SupportingCollateral/Difference_Between_MPLAB_Harmony_PLIBs_and_Drivers_and_When_to_Use_Them_Tech_Brief_DS90003291A.pdf,application/pdf,HEAD,2026-08-29T13:24:41+00:00
https://ww1.microchip.com/downloads/aemDocuments/documents/MCU32/ProductDocuments/SupportingCollateral/How-to-Build-an-Application-by-Adding-a-New-PLIB-Driver-or-Middleware-to-an-Existing-MPLAB-Harmony-v3-Project-DS90003253.pdf,200,valid,http_ok,https://ww1.microchip.com/downloads/aemDocuments/documents/MCU32/ProductDocuments/SupportingCollateral/How-to-Build-an-Application-by-Adding-a-New-PLIB-Driver-or-Middleware-to-an-Existing-MPLAB-Harmony-v3-Project-DS90003253.pdf,application/pdf,HEAD,2026-08-29T13:25:09+00:00
https://ww1.microchip.com/downloads/aemDocuments/documents/MCU32/ProductDocuments/SupportingCollateral/How-to-Move-an-Application-into-a-Desired-Flash-Memory-Location-with-the-Help-of-Linker-Script-TB-DS90003298A.pdf,200,valid,http_ok,https://ww1.microchip.com/downloads/aemDocuments/documents/MCU32/ProductDocuments/SupportingCollateral/How-to-Move-an-Application-into-a-Desired-Flash-Memory-Location-with-the-Help-of-Linker-Script-TB-DS90003298A.pdf,application/pdf,HEAD,2026-08-29T13:25:09+00:00
https://ww1.microchip.com/downloads/aemDocuments/documents/MCU32/ProductDocuments/SupportingCollateral/How-to-Setup-MPLAB-Harmony-v3-Software-Development-Framework-DS90003232.pdf,200,valid,http_ok,https://ww1.microchip.com/downloads/aemDocuments/documents/MCU32/ProductDocuments/SupportingCollateral/How-to-Setup-MPLAB-Harmony-v3-Software-Development-Framework-DS90003232.pdf,application/pdf,HEAD,2026-08-29T13:24:31+00:00
https://ww1.microchip.com/downloads/aemDocuments/documents/MCU32/ProductDocuments/SupportingCollateral/How-to-Use-the-MPLAB-Harmony-v3-Debug-System-Service-DS90003246.pdf,200,valid,http_ok,https://ww1.microchip.com/downloads/aemDocuments/documents/MCU32/ProductDocuments/SupportingCollateral/How-to-Use-the-MPLAB-Harmony-v3-Debug-System-Service-DS90003246.pdf,application/pdf,HEAD,2026-08-29T13:24:42+00:00
https://ww1.microchip.com/downloads/aemDocuments/documents/MCU32/ProductDocuments/SupportingCollateral/MPLAB_Harmony_v3_Synchronous_Drivers_and_Their_Usage_in_FreeRTOS-Based_Applications_DS90003290A.pdf,200,valid,http_ok,https://ww1.microchip.com/downloads/aemDocuments/documents/MCU32/ProductDocuments/SupportingCollateral/MPLAB_Harmony_v3_Synchronous_Drivers_and_Their_Usage_in_FreeRTOS-Based_Applications_DS90003290A.pdf,application/pdf,HEAD,2026-08-29T13:24:28+00:00
https://ww1.microchip.com/downloads/aemDocuments/documents/MCU32/ProductDocuments/SupportingCollateral/Peripheral-Power-Consumption-in-Standby-Mode-for-SAM-L10L11-Family-of-Devices-DS90003318.pdf,200,valid,http_ok,https://ww1.microchip.com/downloads/aemDocuments/documents/MCU32/ProductDocuments/SupportingCollateral/Peripheral-Power-Consumption-in-Standby-Mode-for-SAM-L10L11-Family-of-Devices-DS90003318.pdf,application/pdf,HEAD,2026-08-29T13:25:22+00:00
https://ww1.microchip.com/downloads/aemDocuments/documents/MCU32/ProductDocuments/SupportingCollateral/TB3247-Funct-Safety-Ready-SAM-PIC32-MCU-DS90003247B.pdf,200,valid,http_ok,https://ww1.microchip.com/downloads/aemDocuments/documents/MCU32/ProductDocuments/SupportingCollateral/TB3247-Funct-Safety-Ready-SAM-PIC32-MCU-DS90003247B.pdf,application/pdf,HEAD,2026-08-29T13:24:40+00:00
https://ww1.microchip.com/downloads/aemDocuments/documents/MCU32/ProductDocuments/UserGuides/ASF3_to_Harmony3_Migration_Guide_DS70005412A.pdf,200,valid,http_ok,https://ww1.microchip.com/downloads/aemDocuments/documents/MCU32/ProductDocuments/UserGuides/ASF3_to_Harmony3_Migration_Guide_DS70005412A.pdf,application/pdf,HEAD,2026-08-29T13:24:40+00:00
https://ww1.microchip.com/downloads/aemDocuments/documents/MCU32/ProductDocuments/UserGuides/Atmel_START_to_MPLAB_Harmony3_Migration_Guide_DS70005413A.pdf,200,valid,http_ok,https://ww1.microchip.com/downloads/aemDocuments/documents/MCU32/ProductDocuments/UserGuides/Atmel_START_to_MPLAB_Harmony3_Migration_Guide_DS70005413A.pdf,application/pdf,HEAD,2026-08-29T13:24:26+00:00
https://ww1.microchip.com/downloads/aemDocuments/documents/MCU32/ProductDocuments/UserGuides/PIC32CM-GV-Value-Line-Curiosity-Nano%2B-Touch-Evaluation-Kit-User%E2%80%99s-Guide-DS70005599.pdf,200,valid,http_ok,https://ww1.microchip.com/downloads/aemDocuments/documents/MCU32/ProductDocuments/UserGuides/PIC32CM-GV-Value-Line-Curiosity-Nano%2B-Touch-Evaluation-Kit-User%E2%80%99s-Guide-DS70005599.pdf,application/pdf,HEAD,2026-08-29T13:24:23+00:00
https://ww1.microchip.com/downloads/aemDocuments/documents/MCU32/ProductDocuments/UserGuides/PIC32CM-JH01-Curiosity-Pro-Evaluation-Kit-User-Guide-DS70005482.pdf,200,valid,http_ok,https://ww1.microchip.com/downloads/aemDocuments/documents/MCU32/ProductDocuments/UserGuides/PIC32CM-JH01-Curiosity-Pro-Evaluation-Kit-User-Guide-DS70005482.pdf,application/pdf,HEAD,2026-08-29T13:24:28+00:00
https://ww1.microchip.com/downloads/aemDocuments/documents/MCU32/ProductDocuments/UserGuides/PIC32CM-MC00-Curiosity-Pro-User-Guide-DS70005440A.pdf,200,valid,http_ok,https://ww1.microchip.com/downloads/aemDocuments/documents/MCU32/ProductDocuments/UserGuides/PIC32CM-MC00-Curiosity-Pro-User-Guide-DS70005440A.pdf,application/pdf,HEAD,2026-08-29T13:24:40+00:00
https://ww1.microchip.com/downloads/aemDocuments/documents/MCU32/ProductDocuments/UserGuides/PIC32CM_MC00_Curiosity_Nano_Users_Guide_DS70005445A.pdf,200,valid,http_ok,https://ww1.microchip.com/downloads/aemDocuments/documents/MCU32/ProductDocuments/UserGuides/PIC32CM_MC00_Curiosity_Nano_Users_Guide_DS70005445A.pdf,application/pdf,HEAD,2026-08-29T13:24:40+00:00
https://ww1.microchip.com/downloads/aemDocuments/documents/MCU32/ProductDocuments/UserGuides/PIC32CZ-CA80-CA90-Curiosity-Ultra-User-Guide-DS70005522.pdf,200,valid,http_ok,https://ww1.microchip.com/downloads/aemDocuments/documents/MCU32/ProductDocuments/UserGuides/PIC32CZ-CA80-CA90-Curiosity-Ultra-User-Guide-DS70005522.pdf,application/pdf,HEAD,2026-08-29T13:24:53+00:00
https://ww1.microchip.com/downloads/aemDocuments/documents/OTH/ApplicationNotes/ApplicationNotes/00002466B.pdf,200,valid,http_ok,https://ww1.microchip.com/downloads/aemDocuments/documents/OTH/ApplicationNotes/ApplicationNotes/00002466B.pdf,application/pdf,HEAD,2026-08-29T13:25:08+00:00
https://ww1.microchip.com/downloads/aemDocuments/documents/OTH/ApplicationNotes/ApplicationNotes/00002584A.pdf,200,valid,http_ok,https://ww1.microchip.com/downloads/aemDocuments/documents/OTH/ApplicationNotes/ApplicationNotes/00002584A.pdf,application/pdf,HEAD,2026-08-29T13:25:08+00:00
https://ww1.microchip.com/downloads/aemDocuments/documents/OTH/ApplicationNotes/ApplicationNotes/00002587A.pdf,200,valid,http_ok,https://ww1.microchip.com/downloads/aemDocuments/documents/OTH/ApplicationNotes/ApplicationNotes/00002587A.pdf,application/pdf,HEAD,2026-08-29T13:24:40+00:00
https://ww1.microchip.com/downloads/aemDocuments/documents/OTH/ApplicationNotes/ApplicationNotes/AN2699-UART-Bootloader-for-SAM-L10-L11-DS00002699B.pdf,200,valid,http_ok,https://ww1.microchip.com/downloads/aemDocuments/documents/OTH/ApplicationNotes/ApplicationNotes/AN2699-UART-Bootloader-for-SAM-L10-L11-DS00002699B.pdf,application/pdf,HEAD,2026-08-29T13:25:19+00:00
https://ww1.microchip.com/downloads/aemDocuments/documents/OTH/ApplicationNotes/ApplicationNotes/AN2812-Low-Power-Touch-Design-00002812B.pdf,200,valid,http_ok,https://ww1.microchip.com/downloads/aemDocuments/documents/OTH/ApplicationNotes/ApplicationNotes/AN2812-Low-Power-Touch-Design-00002812B.pdf,application/pdf,HEAD,2026-08-29T13:25:19+00:00
https://ww1.microchip.com/downloads/aemDocuments/documents/OTH/ApplicationNotes/ApplicationNotes/Atmel-42336-ASF-USB-Stack-Manual_ApplicationNote_AT09331.pdf,200,valid,http_ok,https://ww1.microchip.com/downloads/aemDocuments/documents/OTH/ApplicationNotes/ApplicationNotes/Atmel-42336-ASF-USB-Stack-Manual_ApplicationNote_AT09331.pdf,application/pdf,HEAD,2026-08-29T13:25:08+00:00
https://ww1.microchip.com/downloads/aemDocuments/documents/OTH/ApplicationNotes/ApplicationNotes/Atmel-42382-Getting-Started-with-FreeRTOS-on-Atmel-SAM-Flash-MCUs_ApplicationNote_AT04056.pdf,200,valid,http_ok,https://ww1.microchip.com/downloads/aemDocuments/documents/OTH/ApplicationNotes/ApplicationNotes/Atmel-42382-Getting-Started-with-FreeRTOS-on-Atmel-SAM-Flash-MCUs_ApplicationNote_AT04056.pdf,application/pdf,HEAD,2026-08-29T13:25:08+00:00
https://ww1.microchip.com/downloads/aemDocuments/documents/OTH/ApplicationNotes/ApplicationNotes/Atmel-42413-SMART-ARM-Read-While-Write-EEPROM-AT03974_Application-Note.pdf,200,valid,http_ok,https://ww1.microchip.com/downloads/aemDocuments/documents/OTH/ApplicationNotes/ApplicationNotes/Atmel-42413-SMART-ARM-Read-While-Write-EEPROM-AT03974_Application-Note.pdf,application/pdf,HEAD,2026-08-29T13:25:19+00:00
https://ww1.microchip.com/downloads/aemDocuments/documents/OTH/ApplicationNotes/ApplicationNotes/CPU-Usage-Demonstration-Using-DMAC-for-SAML10-AN-DS00002775A.pdf,200,valid,http_ok,https://ww1.microchip.com/downloads/aemDocuments/documents/OTH/ApplicationNotes/ApplicationNotes/CPU-Usage-Demonstration-Using-DMAC-for-SAML10-AN-DS00002775A.pdf,application/pdf,HEAD,2026-08-29T13:25:19+00:00
https://ww1.microchip.com/downloads/aemDocuments/documents/OTH/ApplicationNotes/ApplicationNotes/Getting-Started-with-SAML10L11-Xplained-Pro-DS00002722A.pdf,200,valid,http_ok,https://ww1.microchip.com/downloads/aemDocuments/documents/OTH/ApplicationNotes/ApplicationNotes/Getting-Started-with-SAML10L11-Xplained-Pro-DS00002722A.pdf,application/pdf,HEAD,2026-08-29T13:25:19+00:00
https://ww1.microchip.com/downloads/aemDocuments/documents/OTH/ApplicationNotes/ApplicationNotes/Production-Programming-of-Microchip-AVR-SAM-MCU-00002468D.pdf,200,valid,http_ok,https://ww1.microchip.com/downloads/aemDocuments/documents/OTH/ApplicationNotes/ApplicationNotes/Production-Programming-of-Microchip-AVR-SAM-MCU-00002468D.pdf,application/pdf,HEAD,2026-08-29T13:24:42+00:00
https://ww1.microchip.com/downloads/aemDocuments/documents/OTH/ApplicationNotes/ApplicationNotes/SAM-L10SAM-L11-OpAmp-As-ADC-Gain-Amplifier-DS00002794A-US.pdf,200,valid,http_ok,https://ww1.microchip.com/downloads/aemDocuments/documents/OTH/ApplicationNotes/ApplicationNotes/SAM-L10SAM-L11-OpAmp-As-ADC-Gain-Amplifier-DS00002794A-US.pdf,application/pdf,HEAD,2026-08-29T13:25:19+00:00
https://ww1.microchip.com/downloads/aemDocuments/documents/OTH/ApplicationNotes/ApplicationNotes/SAML10L11-Family-CCL-Peripheral-ImplementationAN-DS00002945A.pdf,200,valid,http_ok,https://ww1.microchip.com/downloads/aemDocuments/documents/OTH/ApplicationNotes/ApplicationNotes/SAML10L11-Family-CCL-Peripheral-ImplementationAN-DS00002945A.pdf,application/pdf,HEAD,2026-08-29T13:25:19+00:00
https://ww1.microchip.com/downloads/aemDocuments/documents/OTH/ApplicationNotes/ApplicationNotes/Sensorless-FOC-For-PMSM-using-PLL-Estimator-FW-AN-DS00002520C.pdf,200,valid,http_ok,https://ww1.microchip.com/downloads/aemDocuments/documents/OTH/ApplicationNotes/ApplicationNotes/Sensorless-FOC-For-PMSM-using-PLL-Estimator-FW-AN-DS00002520C.pdf,application/pdf,HEAD,2026-08-29T13:25:08+00:00
https://ww1.microchip.com/downloads/aemDocuments/documents/OTH/ApplicationNotes/AppnoteSourceCode/UARTBootloaderforSAML10SAML11.zip,200,valid,http_ok,https://ww1.microchip.com/downloads/aemDocuments/documents/OTH/ApplicationNotes/AppnoteSourceCode/UARTBootloaderforSAML10SAML11.zip,application/zip,HEAD,2026-08-29T13:25:19+00:00
https://ww1.microchip.com/downloads/aemDocuments/documents/OTH/ProductDocuments/Brochures/60001496C.pdf,200,valid,http_ok,https://ww1.microchip.com/downloads/aemDocuments/documents/OTH/ProductDocuments/Brochures/60001496C.pdf,application/pdf,HEAD,2026-08-29T13:25:10+00:00
https://ww1.microchip.com/downloads/aemDocuments/documents/OTH/ProductDocuments/LegacyCollaterals/00002565A.pdf,200,valid,http_ok,https://ww1.microchip.com/downloads/aemDocuments/documents/OTH/ProductDocuments/LegacyCollaterals/00002565A.pdf,application/pdf,HEAD,2026-08-29T13:25:08+00:00
https://ww1.microchip.com/downloads/aemDocuments/documents/OTH/ProductDocuments/LegacyCollaterals/45047A_AWP002%28D2%29Achieving32bitPerformanceWith8bitSimplicity_060313.pdf,200,valid,http_ok,https://ww1.microchip.com/downloads/aemDocuments/documents/OTH/ProductDocuments/LegacyCollaterals/45047A_AWP002%28D2%29Achieving32bitPerformanceWith8bitSimplicity_060313.pdf,application/pdf,HEAD,2026-08-29T13:25:12+00:00
https://ww1.microchip.com/downloads/aemDocuments/documents/OTH/ProductDocuments/LegacyCollaterals/50002633B.pdf,200,valid,http_ok,https://ww1.microchip.com/downloads/aemDocuments/documents/OTH/ProductDocuments/LegacyCollaterals/50002633B.pdf,application/pdf,HEAD,2026-08-29T13:25:11+00:00
https://ww1.microchip.com/downloads/aemDocuments/documents/OTH/ProductDocuments/LegacyCollaterals/Atmel-42106-SAM-Analog-Comparator-Driver_ApplicationNote_AT03242.pdf,200,valid,http_ok,https://ww1.microchip.com/downloads/aemDocuments/documents/OTH/ProductDocuments/LegacyCollaterals/Atmel-42106-SAM-Analog-Comparator-Driver_ApplicationNote_AT03242.pdf,application/pdf,HEAD,2026-08-29T13:25:21+00:00
https://ww1.microchip.com/downloads/aemDocuments/documents/OTH/ProductDocuments/LegacyCollaterals/Atmel-42107-SAM-Peripheral-Access-Controller-PAC-Driver_ApplicationNote_AT03229.pdf,200,valid,http_ok,https://ww1.microchip.com/downloads/aemDocuments/documents/OTH/ProductDocuments/LegacyCollaterals/Atmel-42107-SAM-Peripheral-Access-Controller-PAC-Driver_ApplicationNote_AT03229.pdf,application/pdf,HEAD,2026-08-29T13:25:21+00:00
https://ww1.microchip.com/downloads/aemDocuments/documents/OTH/ProductDocuments/LegacyCollaterals/Atmel-42108-SAM-Events-System-EVENTS-Driver_ApplicationNote_AT03245.pdf,200,valid,http_ok,https://ww1.microchip.com/downloads/aemDocuments/documents/OTH/ProductDocuments/LegacyCollaterals/Atmel-42108-SAM-Events-System-EVENTS-Driver_ApplicationNote_AT03245.pdf,application/pdf,HEAD,2026-08-29T13:25:21+00:00
https://ww1.microchip.com/downloads/aemDocuments/documents/OTH/ProductDocuments/LegacyCollaterals/Atmel-42111-SAM-RTC-Count-Driver-RTC-Count_ApplicationNote_AT03249.pdf,200,valid,http_ok,https://ww1.microchip.com/downloads/aemDocuments/documents/OTH/ProductDocuments/LegacyCollaterals/Atmel-42111-SAM-RTC-Count-Driver-RTC-Count_ApplicationNote_AT03249.pdf,application/pdf,HEAD,2026-08-29T13:25:21+00:00
https://ww1.microchip.com/downloads/aemDocuments/documents/OTH/ProductDocuments/LegacyCollaterals/Atmel-42112-SAM-External-Interrupt-Driver-Extint_ApplicationNote_AT03246.pdf,200,valid,http_ok,https://ww1.microchip.com/downloads/aemDocuments/documents/OTH/ProductDocuments/LegacyCollaterals/Atmel-42112-SAM-External-Interrupt-Driver-Extint_ApplicationNote_AT03246.pdf,application/pdf,HEAD,2026-08-29T13:25:21+00:00
https://ww1.microchip.com/downloads/aemDocuments/documents/OTH/ProductDocuments/LegacyCollaterals/Atmel-42113-SAM-Port-Driver_ApplicationNote_AT03248.pdf,200,valid,http_ok,https://ww1.microchip.com/downloads/aemDocuments/documents/OTH/ProductDocuments/LegacyCollaterals/Atmel-42113-SAM-Port-Driver_ApplicationNote_AT03248.pdf,application/pdf,HEAD,2026-08-29T13:25:21+00:00
https://ww1.microchip.com/downloads/aemDocuments/documents/OTH/ProductDocuments/LegacyCollaterals/Atmel-42114-SAM-Non-Volatile-Memory-Driver-NVM_ApplicationNote_AT03247.pdf,200,valid,http_ok,https://ww1.microchip.com/downloads/aemDocuments/documents/OTH/ProductDocuments/LegacyCollaterals/Atmel-42114-SAM-Non-Volatile-Memory-Driver-NVM_ApplicationNote_AT03247.pdf,application/pdf,HEAD,2026-08-29T13:25:21+00:00
https://ww1.microchip.com/downloads/aemDocuments/documents/OTH/ProductDocuments/LegacyCollaterals/Atmel-42115-SAM-Serial-Peripheral-Interface-Driver-Sercom-SPI_ApplicationNote_AT03255.pdf,200,valid,http_ok,https://ww1.microchip.com/downloads/aemDocuments/documents/OTH/ProductDocuments/LegacyCollaterals/Atmel-42115-SAM-Serial-Peripheral-Interface-Driver-Sercom-SPI_ApplicationNote_AT03255.pdf,application/pdf,HEAD,2026-08-29T13:25:19+00:00
https://ww1.microchip.com/downloads/aemDocuments/documents/OTH/ProductDocuments/LegacyCollaterals/Atmel-42116-SAM-I2C-Bus-Driver-Sercom-I2C_ApplicationNote_AT03254.pdf,200,valid,http_ok,https://ww1.microchip.com/downloads/aemDocuments/documents/OTH/ProductDocuments/LegacyCollaterals/Atmel-42116-SAM-I2C-Bus-Driver-Sercom-I2C_ApplicationNote_AT03254.pdf,application/pdf,HEAD,2026-08-29T13:25:19+00:00
https://ww1.microchip.com/downloads/aemDocuments/documents/OTH/ProductDocuments/LegacyCollaterals/Atmel-42117-SAM-I2C-Bus-Driver-Sercom-I2C_ApplicationNote_AT03250.pdf,200,valid,http_ok,https://ww1.microchip.com/downloads/aemDocuments/documents/OTH/ProductDocuments/LegacyCollaterals/Atmel-42117-SAM-I2C-Bus-Driver-Sercom-I2C_ApplicationNote_AT03250.pdf,application/pdf,HEAD,2026-08-29T13:25:21+00:00
https://ww1.microchip.com/downloads/aemDocuments/documents/OTH/ProductDocuments/LegacyCollaterals/Atmel-42118-SAM-Serial-USART-Sercom-USART-Driver_ApplicationNote_AT03256.pdf,200,valid,http_ok,https://ww1.microchip.com/downloads/aemDocuments/documents/OTH/ProductDocuments/LegacyCollaterals/Atmel-42118-SAM-Serial-USART-Sercom-USART-Driver_ApplicationNote_AT03256.pdf,application/pdf,HEAD,2026-08-29T13:25:19+00:00
https://ww1.microchip.com/downloads/aemDocuments/documents/OTH/ProductDocuments/LegacyCollaterals/Atmel-42121-SAM-Pin-Multiplexer-PINMUX-Driver_ApplicationNote_AT03262.pdf,200,valid,http_ok,https://ww1.microchip.com/downloads/aemDocuments/documents/OTH/ProductDocuments/LegacyCollaterals/Atmel-42121-SAM-Pin-Multiplexer-PINMUX-Driver_ApplicationNote_AT03262.pdf,application/pdf,HEAD,2026-08-29T13:25:20+00:00
https://ww1.microchip.com/downloads/aemDocuments/documents/OTH/ProductDocuments/LegacyCollaterals/Atmel-42122-SAM-System-Interrupt-Driver_ApplicationNote_AT03261.pdf,200,valid,http_ok,https://ww1.microchip.com/downloads/aemDocuments/documents/OTH/ProductDocuments/LegacyCollaterals/Atmel-42122-SAM-System-Interrupt-Driver_ApplicationNote_AT03261.pdf,application/pdf,HEAD,2026-08-29T13:25:20+00:00
https://ww1.microchip.com/downloads/aemDocuments/documents/OTH/ProductDocuments/LegacyCollaterals/Atmel-42123-SAM-Timer-Counter-%28TC%29-Driver_ApplicationNote_AT03263.pdf,200,valid,http_ok,https://ww1.microchip.com/downloads/aemDocuments/documents/OTH/ProductDocuments/LegacyCollaterals/Atmel-42123-SAM-Timer-Counter-%28TC%29-Driver_ApplicationNote_AT03263.pdf,application/pdf,HEAD,2026-08-29T13:25:20+00:00
https://ww1.microchip.com/downloads/aemDocuments/documents/OTH/ProductDocuments/LegacyCollaterals/Atmel-42124-SAM-Watchdog-WDT-Driver_ApplicationNote_AT03264.pdf,200,valid,http_ok,https://ww1.microchip.com/downloads/aemDocuments/documents/OTH/ProductDocuments/LegacyCollaterals/Atmel-42124-SAM-Watchdog-WDT-Driver_ApplicationNote_AT03264.pdf,application/pdf,HEAD,2026-08-29T13:25:20+00:00
https://ww1.microchip.com/downloads/aemDocuments/documents/OTH/ProductDocuments/LegacyCollaterals/Atmel-42125-SAM-EEPROM-Emulator-Service-EEPROM_ApplicationNote_AT03265.pdf,200,valid,http_ok,https://ww1.microchip.com/downloads/aemDocuments/documents/OTH/ProductDocuments/LegacyCollaterals/Atmel-42125-SAM-EEPROM-Emulator-Service-EEPROM_ApplicationNote_AT03265.pdf,application/pdf,HEAD,2026-08-29T13:25:20+00:00
https://ww1.microchip.com/downloads/aemDocuments/documents/OTH/ProductDocuments/LegacyCollaterals/Atmel-42126-SAM-RTC-Calendar-RTC-CAL-Driver_ApplicationNote_AT03266.pdf,200,valid,http_ok,https://ww1.microchip.com/downloads/aemDocuments/documents/OTH/ProductDocuments/LegacyCollaterals/Atmel-42126-SAM-RTC-Calendar-RTC-CAL-Driver_ApplicationNote_AT03266.pdf,application/pdf,HEAD,2026-08-29T13:25:20+00:00
https://ww1.microchip.com/downloads/aemDocuments/documents/OTH/ProductDocuments/LegacyCollaterals/Atmel-42257-SAM-Direct-Memory-Access-Controller-Driver-DMAC_ApplicationNote_AT07683.pdf,200,valid,http_ok,https://ww1.microchip.com/downloads/aemDocuments/documents/OTH/ProductDocuments/LegacyCollaterals/Atmel-42257-SAM-Direct-Memory-Access-Controller-Driver-DMAC_ApplicationNote_AT07683.pdf,application/pdf,HEAD,2026-08-29T13:25:21+00:00
https://ww1.microchip.com/downloads/aemDocuments/documents/OTH/ProductDocuments/LegacyCollaterals/Atmel-42282-Common-Non-Volatile-Memory-NVM_ApplicationNote_AT07336.pdf,200,valid,http_ok,https://ww1.microchip.com/downloads/aemDocuments/documents/OTH/ProductDocuments/LegacyCollaterals/Atmel-42282-Common-Non-Volatile-Memory-NVM_ApplicationNote_AT07336.pdf,application/pdf,HEAD,2026-08-29T13:25:09+00:00
https://ww1.microchip.com/downloads/aemDocuments/documents/OTH/ProductDocuments/LegacyCollaterals/Atmel-42319-SAM-Supply-Controller-SUPC_ApplicationNote_AT06861.pdf,200,valid,http_ok,https://ww1.microchip.com/downloads/aemDocuments/documents/OTH/ProductDocuments/LegacyCollaterals/Atmel-42319-SAM-Supply-Controller-SUPC_ApplicationNote_AT06861.pdf,application/pdf,HEAD,2026-08-29T13:25:09+00:00
https://ww1.microchip.com/downloads/aemDocuments/documents/OTH/ProductDocuments/LegacyCollaterals/Atmel-42337-USB-Device-Interface-UDI-for-Communication-Class-Device-CDC_ApplicationNote_AT09332.pdf,200,valid,http_ok,https://ww1.microchip.com/downloads/aemDocuments/documents/OTH/ProductDocuments/LegacyCollaterals/Atmel-42337-USB-Device-Interface-UDI-for-Communication-Class-Device-CDC_ApplicationNote_AT09332.pdf,application/pdf,HEAD,2026-08-29T13:25:09+00:00
https://ww1.microchip.com/downloads/aemDocuments/documents/OTH/ProductDocuments/LegacyCollaterals/Atmel-42338-USB-Host-Interface-UHI-for-Communication-Class-Device-CDC_ApplicationNote_AT09333.pdf,200,valid,http_ok,https://ww1.microchip.com/downloads/aemDocuments/documents/OTH/ProductDocuments/LegacyCollaterals/Atmel-42338-USB-Host-Interface-UHI-for-Communication-Class-Device-CDC_ApplicationNote_AT09333.pdf,application/pdf,HEAD,2026-08-29T13:25:09+00:00
https://ww1.microchip.com/downloads/aemDocuments/documents/OTH/ProductDocuments/LegacyCollaterals/Atmel-42339-USB-Device-Interface-UDI-for-Human-Interface-Device-Generic_ApplicationNote_AT09334.pdf,200,valid,http_ok,https://ww1.microchip.com/downloads/aemDocuments/documents/OTH/ProductDocuments/LegacyCollaterals/Atmel-42339-USB-Device-Interface-UDI-for-Human-Interface-Device-Generic_ApplicationNote_AT09334.pdf,application/pdf,HEAD,2026-08-29T13:25:10+00:00
https://ww1.microchip.com/downloads/aemDocuments/documents/OTH/ProductDocuments/LegacyCollaterals/Atmel-42340-USB-Device-Interface-UID-for-Human-Interface-Device-Keyboard_ApplicationNote_AT09335.pdf,200,valid,http_ok,https://ww1.microchip.com/downloads/aemDocuments/documents/OTH/ProductDocuments/LegacyCollaterals/Atmel-42340-USB-Device-Interface-UID-for-Human-Interface-Device-Keyboard_ApplicationNote_AT09335.pdf,application/pdf,HEAD,2026-08-29T13:25:10+00:00
https://ww1.microchip.com/downloads/aemDocuments/documents/OTH/ProductDocuments/LegacyCollaterals/Atmel-42341-USB-Device-Interface-UDI-for-Human-Interface-Device-Mouse-HID-Mouse_ApplicationNote_AT09336.pdf,200,valid,http_ok,https://ww1.microchip.com/downloads/aemDocuments/documents/OTH/ProductDocuments/LegacyCollaterals/Atmel-42341-USB-Device-Interface-UDI-for-Human-Interface-Device-Mouse-HID-Mouse_ApplicationNote_AT09336.pdf,application/pdf,HEAD,2026-08-29T13:25:10+00:00
https://ww1.microchip.com/downloads/aemDocuments/documents/OTH/ProductDocuments/LegacyCollaterals/Atmel-42342-USB-Host-Interface-UHI-for-Human-Interface-Device-Mouse-HID-Mouse_ApplicationNote_AT09337.pdf,200,valid,http_ok,https://ww1.microchip.com/downloads/aemDocuments/documents/OTH/ProductDocuments/LegacyCollaterals/Atmel-42342-USB-Host-Interface-UHI-for-Human-Interface-Device-Mouse-HID-Mouse_ApplicationNote_AT09337.pdf,application/pdf,HEAD,2026-08-29T13:25:09+00:00
https://ww1.microchip.com/downloads/aemDocuments/documents/OTH/ProductDocuments/LegacyCollaterals/Atmel-42343-USB-Device-Interface-UDI-for-Mass-Storage-Class-MSC_ApplicationNote_AT09338.pdf,200,valid,http_ok,https://ww1.microchip.com/downloads/aemDocuments/documents/OTH/ProductDocuments/LegacyCollaterals/Atmel-42343-USB-Device-Interface-UDI-for-Mass-Storage-Class-MSC_ApplicationNote_AT09338.pdf,application/pdf,HEAD,2026-08-29T13:25:10+00:00
https://ww1.microchip.com/downloads/aemDocuments/documents/OTH/ProductDocuments/LegacyCollaterals/Atmel-42344-USB-Host-Interface-UHI-for-Mass-Storage-Class-MSC_ApplicationNote_AT09339.pdf,200,valid,http_ok,https://ww1.microchip.com/downloads/aemDocuments/documents/OTH/ProductDocuments/LegacyCollaterals/Atmel-42344-USB-Host-Interface-UHI-for-Mass-Storage-Class-MSC_ApplicationNote_AT09339.pdf,application/pdf,HEAD,2026-08-29T13:25:09+00:00
https://ww1.microchip.com/downloads/aemDocuments/documents/OTH/ProductDocuments/LegacyCollaterals/Atmel-42345-USB-Device-Interface-UDI-for-Vendor-Class-Device_ApplicationNote_AT09340.pdf,200,valid,http_ok,https://ww1.microchip.com/downloads/aemDocuments/documents/OTH/ProductDocuments/LegacyCollaterals/Atmel-42345-USB-Device-Interface-UDI-for-Vendor-Class-Device_ApplicationNote_AT09340.pdf,application/pdf,HEAD,2026-08-29T13:25:10+00:00
https://ww1.microchip.com/downloads/aemDocuments/documents/OTH/ProductDocuments/LegacyCollaterals/Atmel-42346-USB-Host-Interface-UHI-for-Vendor-Class-Device_ApplicationNote_AT09341.pdf,200,valid,http_ok,https://ww1.microchip.com/downloads/aemDocuments/documents/OTH/ProductDocuments/LegacyCollaterals/Atmel-42346-USB-Host-Interface-UHI-for-Vendor-Class-Device_ApplicationNote_AT09341.pdf,application/pdf,HEAD,2026-08-29T13:25:09+00:00
https://ww1.microchip.com/downloads/aemDocuments/documents/OTH/ProductDocuments/LegacyCollaterals/Atmel-42728-Using-SAM-BA-for-Linux-on-SMART-ARM-based-Microcontrollers_ApplicationNotes_AT15004.pdf,200,valid,http_ok,https://ww1.microchip.com/downloads/aemDocuments/documents/OTH/ProductDocuments/LegacyCollaterals/Atmel-42728-Using-SAM-BA-for-Linux-on-SMART-ARM-based-Microcontrollers_ApplicationNotes_AT15004.pdf,application/pdf,HEAD,2026-08-29T13:25:12+00:00
https://ww1.microchip.com/downloads/aemDocuments/documents/OTH/ProductDocuments/LegacyCollaterals/HarmonyHelpAppsMotorControlDemonstrations.pdf,200,valid,http_ok,https://ww1.microchip.com/downloads/aemDocuments/documents/OTH/ProductDocuments/LegacyCollaterals/HarmonyHelpAppsMotorControlDemonstrations.pdf,application/pdf,HEAD,2026-08-29T13:24:41+00:00
https://ww1.microchip.com/downloads/aemDocuments/documents/OTH/ProductDocuments/LegacyCollaterals/Low-Power-Features-SAML-00002709A.pdf,200,valid,http_ok,https://ww1.microchip.com/downloads/aemDocuments/documents/OTH/ProductDocuments/LegacyCollaterals/Low-Power-Features-SAML-00002709A.pdf,application/pdf,HEAD,2026-08-29T13:25:20+00:00
https://ww1.microchip.com/downloads/aemDocuments/documents/OTH/ProductDocuments/MISC/60001510A.pdf,200,valid,http_ok,https://ww1.microchip.com/downloads/aemDocuments/documents/OTH/ProductDocuments/MISC/60001510A.pdf,application/pdf,HEAD,2026-08-29T13:25:10+00:00
https://ww1.microchip.com/downloads/aemDocuments/documents/OTH/ProductDocuments/SupportingCollateral/90003170A.pdf,200,valid,http_ok,https://ww1.microchip.com/downloads/aemDocuments/documents/OTH/ProductDocuments/SupportingCollateral/90003170A.pdf,application/pdf,HEAD,2026-08-29T13:25:22+00:00
https://ww1.microchip.com/downloads/aemDocuments/documents/OTH/ProductDocuments/SupportingCollateral/90003176A.pdf,200,valid,http_ok,https://ww1.microchip.com/downloads/aemDocuments/documents/OTH/ProductDocuments/SupportingCollateral/90003176A.pdf,application/pdf,HEAD,2026-08-29T13:25:11+00:00
https://ww1.microchip.com/downloads/aemDocuments/documents/OTH/ProductDocuments/SupportingCollateral/90003179A.pdf,200,valid,http_ok,https://ww1.microchip.com/downloads/aemDocuments/documents/OTH/ProductDocuments/SupportingCollateral/90003179A.pdf,application/pdf,HEAD,2026-08-29T13:25:11+00:00
https://ww1.microchip.com/downloads/aemDocuments/documents/OTH/ProductDocuments/SupportingCollateral/90003183A.pdf,200,valid,http_ok,https://ww1.microchip.com/downloads/aemDocuments/documents/OTH/ProductDocuments/SupportingCollateral/90003183A.pdf,application/pdf,HEAD,2026-08-29T13:25:11+00:00
https://ww1.microchip.com/downloads/aemDocuments/documents/OTH/ProductDocuments/SupportingCollateral/90003199A.pdf,200,valid,http_ok,https://ww1.microchip.com/downloads/aemDocuments/documents/OTH/ProductDocuments/SupportingCollateral/90003199A.pdf,application/pdf,HEAD,2026-08-29T13:25:22+00:00
https://ww1.microchip.com/downloads/aemDocuments/documents/OTH/ProductDocuments/SupportingCollateral/EEPROM_Emulation_for_Flash-Only_Devices_DS90003222A.pdf,200,valid,http_ok,https://ww1.microchip.com/downloads/aemDocuments/documents/OTH/ProductDocuments/SupportingCollateral/EEPROM_Emulation_for_Flash-Only_Devices_DS90003222A.pdf,application/pdf,HEAD,2026-08-29T13:25:11+00:00
https://ww1.microchip.com/downloads/aemDocuments/documents/OTH/ProductDocuments/SupportingCollateral/GettingstartedwithSAML1.pdf,200,valid,http_ok,https://ww1.microchip.com/downloads/aemDocuments/documents/OTH/ProductDocuments/SupportingCollateral/GettingstartedwithSAML1.pdf,application/pdf,HEAD,2026-08-29T13:25:22+00:00
https://ww1.microchip.com/downloads/aemDocuments/documents/OTH/ProductDocuments/SupportingCollateral/How-to-Achieve-Deterministic-Code-Performance-using-CortexM-Cache-Controller-DS90003186A.pdf,200,valid,http_ok,https://ww1.microchip.com/downloads/aemDocuments/documents/OTH/ProductDocuments/SupportingCollateral/How-to-Achieve-Deterministic-Code-Performance-using-CortexM-Cache-Controller-DS90003186A.pdf,application/pdf,HEAD,2026-08-29T13:25:11+00:00
https://ww1.microchip.com/downloads/aemDocuments/documents/OTH/ProductDocuments/SupportingCollateral/article_32-bit_mcu_for_auto_appl.pdf,200,valid,http_ok,https://ww1.microchip.com/downloads/aemDocuments/documents/OTH/ProductDocuments/SupportingCollateral/article_32-bit_mcu_for_auto_appl.pdf,application/pdf,HEAD,2026-08-29T13:24:41+00:00
https://ww1.microchip.com/downloads/aemDocuments/documents/OTH/ProductDocuments/UserGuides/70005321A.pdf,200,valid,http_ok,https://ww1.microchip.com/downloads/aemDocuments/documents/OTH/ProductDocuments/UserGuides/70005321A.pdf,application/pdf,HEAD,2026-08-29T13:25:11+00:00
https://ww1.microchip.com/downloads/aemDocuments/documents/OTH/ProductDocuments/UserGuides/MPLABHarmonyOverview_v111.pdf,200,valid,http_ok,https://ww1.microchip.com/downloads/aemDocuments/documents/OTH/ProductDocuments/UserGuides/MPLABHarmonyOverview_v111.pdf,application/pdf,HEAD,2026-08-29T13:24:28+00:00
https://ww1.microchip.com/downloads/aemDocuments/documents/OTH/ProductDocuments/UserGuides/XC32_PICC_UG_DS50002895A.pdf,200,valid,http_ok,https://ww1.microchip.com/downloads/aemDocuments/documents/OTH/ProductDocuments/UserGuides/XC32_PICC_UG_DS50002895A.pdf,application/pdf,HEAD,2026-08-29T13:24:28+00:00
https://ww1.microchip.com/downloads/aemDocuments/documents/WSG/ApplicationNotes/ApplicationNotes/AN4815-Zigbee-Packet-Analysis-DS00004815.pdf,200,valid,http_ok,https://ww1.microchip.com/downloads/aemDocuments/documents/WSG/ApplicationNotes/ApplicationNotes/AN4815-Zigbee-Packet-Analysis-DS00004815.pdf,application/pdf,HEAD,2026-08-29T13:24:44+00:00
https://ww1.microchip.com/downloads/aemDocuments/documents/WSG/ProductDocuments/Brochures/Bluetooth-Product-Comparison-Chart-DS00003005.pdf,200,valid,http_ok,https://ww1.microchip.com/downloads/aemDocuments/documents/WSG/ProductDocuments/Brochures/Bluetooth-Product-Comparison-Chart-DS00003005.pdf,application/pdf,HEAD,2026-08-29T13:24:45+00:00
https://ww1.microchip.com/downloads/aemDocuments/documents/WSG/ProductDocuments/Brochures/PIC32-BZ2-and-PIC32-BZ3-Families-DS00006303.pdf,200,valid,http_ok,https://ww1.microchip.com/downloads/aemDocuments/documents/WSG/ProductDocuments/Brochures/PIC32-BZ2-and-PIC32-BZ3-Families-DS00006303.pdf,application/pdf,HEAD,2026-08-29T13:24:45+00:00
https://ww1.microchip.com/downloads/aemDocuments/documents/WSG/ProductDocuments/DataSheets/PIC32CX-BZ3-and-WBZ35x-Family-Data-Sheet-DS70005541.pdf,200,valid,http_ok,https://ww1.microchip.com/downloads/aemDocuments/documents/WSG/ProductDocuments/DataSheets/PIC32CX-BZ3-and-WBZ35x-Family-Data-Sheet-DS70005541.pdf,application/pdf,HEAD,2026-08-29T13:24:44+00:00
https://ww1.microchip.com/downloads/aemDocuments/documents/WSG/ProductDocuments/Errata/PIC32CX-BZ3-Family-Silicon-Errata-DS80001122.pdf,200,valid,http_ok,https://ww1.microchip.com/downloads/aemDocuments/documents/WSG/ProductDocuments/Errata/PIC32CX-BZ3-Family-Silicon-Errata-DS80001122.pdf,application/pdf,HEAD,2026-08-29T13:24:44+00:00
https://ww1.microchip.com/downloads/aemDocuments/documents/WSG/ProductDocuments/ProgrammingSpecifications/PIC32CX-BZ3-Programming-Specification-DS70005547.pdf,200,valid,http_ok,https://ww1.microchip.com/downloads/aemDocuments/documents/WSG/ProductDocuments/ProgrammingSpecifications/PIC32CX-BZ3-Programming-Specification-DS70005547.pdf,application/pdf,HEAD,2026-08-29T13:24:45+00:00
https://ww1.microchip.com/downloads/aemDocuments/documents/WSG/ProductDocuments/UserGuides/PIC32CX-BZ3-MCHPRT3-User-Guide-DS50003629.pdf,200,valid,http_ok,https://ww1.microchip.com/downloads/aemDocuments/documents/WSG/ProductDocuments/UserGuides/PIC32CX-BZ3-MCHPRT3-User-Guide-DS50003629.pdf,application/pdf,HEAD,2026-08-29T13:24:44+00:00
https://ww1.microchip.com/downloads/aemDocuments/documents/WSG/ProductDocuments/UserGuides/PIC32CX-BZ36-MCHPRT3-User-Guide-DS70005641.pdf,200,valid,http_ok,https://ww1.microchip.com/downloads/aemDocuments/documents/WSG/ProductDocuments/UserGuides/PIC32CX-BZ36-MCHPRT3-User-Guide-DS70005641.pdf,application/pdf,HEAD,2026-08-29T13:24:45+00:00
https://www.arterytek.com/download/DS/DS_AT32A403A_V2.02_EN.pdf,200,valid,http_ok,https://www.arterytek.com/download/DS/DS_AT32A403A_V2.02_EN.pdf,application/pdf,HEAD,2026-08-29T13:21:12+00:00
https://www.arterytek.com/download/DS/DS_AT32A423_V2.01_EN.pdf,200,valid,http_ok,https://www.arterytek.com/download/DS/DS_AT32A423_V2.01_EN.pdf,application/pdf,HEAD,2026-08-29T13:21:12+00:00
https://www.arterytek.com/download/DS/DS_AT32F011_V2.00_EN.pdf,200,valid,http_ok,https://www.arterytek.com/download/DS/DS_AT32F011_V2.00_EN.pdf,application/pdf,HEAD,2026-08-29T13:21:17+00:00
https://www.arterytek.com/download/DS/DS_AT32F403A_V2.04_EN.pdf,200,valid,http_ok,https://www.arterytek.com/download/DS/DS_AT32F403A_V2.04_EN.pdf,application/pdf,HEAD,2026-08-29T13:21:21+00:00
https://www.arterytek.com/download/DS/DS_AT32F403_V2.00_CH.pdf,200,valid,http_ok,https://www.arterytek.com/download/DS/DS_AT32F403_V2.00_CH.pdf,application/pdf,HEAD,2026-08-29T13:21:19+00:00
https://www.arterytek.com/download/DS/DS_AT32F405_402_V2.03_EN.pdf,200,valid,http_ok,https://www.arterytek.com/download/DS/DS_AT32F405_402_V2.03_EN.pdf,application/pdf,HEAD,2026-08-29T13:21:18+00:00
https://www.arterytek.com/download/DS/DS_AT32F407_V2.04_EN.pdf,200,valid,http_ok,https://www.arterytek.com/download/DS/DS_AT32F407_V2.04_EN.pdf,application/pdf,HEAD,2026-08-29T13:21:21+00:00
https://www.arterytek.com/download/DS/DS_AT32F413_V2.02_EN.pdf,200,valid,http_ok,https://www.arterytek.com/download/DS/DS_AT32F413_V2.02_EN.pdf,application/pdf,HEAD,2026-08-29T13:21:22+00:00
https://www.arterytek.com/download/DS/DS_AT32F415_V2.02_EN.pdf,200,valid,http_ok,https://www.arterytek.com/download/DS/DS_AT32F415_V2.02_EN.pdf,application/pdf,HEAD,2026-08-29T13:21:22+00:00
https://www.arterytek.com/download/DS/DS_AT32F4212_V2.01_EN.pdf,200,valid,http_ok,https://www.arterytek.com/download/DS/DS_AT32F4212_V2.01_EN.pdf,application/pdf,HEAD,2026-08-29T13:21:23+00:00
https://www.arterytek.com/download/DS/DS_AT32F421_V2.03_EN.pdf,200,valid,http_ok,https://www.arterytek.com/download/DS/DS_AT32F421_V2.03_EN.pdf,application/pdf,HEAD,2026-08-29T13:21:22+00:00
https://www.arterytek.com/download/DS/DS_AT32F422_426_V2.01_EN.pdf,200,valid,http_ok,https://www.arterytek.com/download/DS/DS_AT32F422_426_V2.01_EN.pdf,application/pdf,HEAD,2026-08-29T13:21:26+00:00
https://www.arterytek.com/download/DS/DS_AT32F422_426_V2.02_EN.pdf,200,valid,http_ok,https://www.arterytek.com/download/DS/DS_AT32F422_426_V2.02_EN.pdf,application/pdf,HEAD,2026-08-29T13:21:23+00:00
https://www.arterytek.com/download/DS/DS_AT32F423_V2.03_EN.pdf,200,valid,http_ok,https://www.arterytek.com/download/DS/DS_AT32F423_V2.03_EN.pdf,application/pdf,HEAD,2026-08-29T13:21:26+00:00
https://www.arterytek.com/download/DS/DS_AT32F425_V2.04_EN.pdf,200,valid,http_ok,https://www.arterytek.com/download/DS/DS_AT32F425_V2.04_EN.pdf,application/pdf,HEAD,2026-08-29T13:21:26+00:00
https://www.arterytek.com/download/DS/DS_AT32F435_437_V2.30_EN.pdf,200,valid,http_ok,https://www.arterytek.com/download/DS/DS_AT32F435_437_V2.30_EN.pdf,application/pdf,HEAD,2026-08-29T13:21:26+00:00
https://www.arterytek.com/download/DS/DS_AT32F455_456_457_V2.01_EN.pdf,200,valid,http_ok,https://www.arterytek.com/download/DS/DS_AT32F455_456_457_V2.01_EN.pdf,application/pdf,HEAD,2026-08-29T13:21:27+00:00
https://www.arterytek.com/download/DS/DS_AT32F490_V2.03_EN.pdf,200,valid,http_ok,https://www.arterytek.com/download/DS/DS_AT32F490_V2.03_EN.pdf,application/pdf,HEAD,2026-08-29T13:21:27+00:00
https://www.arterytek.com/download/DS/DS_AT32L021_V2.02_EN.pdf,200,valid,http_ok,https://www.arterytek.com/download/DS/DS_AT32L021_V2.02_EN.pdf,application/pdf,HEAD,2026-08-29T13:21:27+00:00
https://www.arterytek.com/download/DS/DS_AT32M412_416_V2.03_EN.pdf,200,valid,http_ok,https://www.arterytek.com/download/DS/DS_AT32M412_416_V2.03_EN.pdf,application/pdf,HEAD,2026-08-29T13:21:27+00:00
https://www.arterytek.com/download/DS/DS_AT32WB415_V2.02_EN.pdf,200,valid,http_ok,https://www.arterytek.com/download/DS/DS_AT32WB415_V2.02_EN.pdf,application/pdf,HEAD,2026-08-29T13:21:28+00:00
https://www.arterytek.com/download/RM/AT32L021_RM_V2.01_EN.pdf,200,valid,http_ok,https://www.arterytek.com/download/RM/AT32L021_RM_V2.01_EN.pdf,application/pdf,HEAD,2026-08-29T13:21:27+00:00
https://www.arterytek.com/download/RM/RM_AT32A403A_V2.02_EN.pdf,200,valid,http_ok,https://www.arterytek.com/download/RM/RM_AT32A403A_V2.02_EN.pdf,application/pdf,HEAD,2026-08-29T13:21:12+00:00
https://www.arterytek.com/download/RM/RM_AT32A423_V2.01_EN.pdf,200,valid,http_ok,https://www.arterytek.com/download/RM/RM_AT32A423_V2.01_EN.pdf,application/pdf,HEAD,2026-08-29T13:21:14+00:00
https://www.arterytek.com/download/RM/RM_AT32F011_V2.00_EN.pdf,200,valid,http_ok,https://www.arterytek.com/download/RM/RM_AT32F011_V2.00_EN.pdf,application/pdf,HEAD,2026-08-29T13:21:17+00:00
https://www.arterytek.com/download/RM/RM_AT32F402_405_EN_V2.02.pdf,200,valid,http_ok,https://www.arterytek.com/download/RM/RM_AT32F402_405_EN_V2.02.pdf,application/pdf,HEAD,2026-08-29T13:21:18+00:00
https://www.arterytek.com/download/RM/RM_AT32F403A_407_V2.07_EN.pdf,200,valid,http_ok,https://www.arterytek.com/download/RM/RM_AT32F403A_407_V2.07_EN.pdf,application/pdf,HEAD,2026-08-29T13:21:21+00:00
https://www.arterytek.com/download/RM/RM_AT32F403_CH_V2.05.pdf,200,valid,http_ok,https://www.arterytek.com/download/RM/RM_AT32F403_CH_V2.05.pdf,application/pdf,HEAD,2026-08-29T13:21:21+00:00
https://www.arterytek.com/download/RM/RM_AT32F413_V2.05_EN.pdf,200,valid,http_ok,https://www.arterytek.com/download/RM/RM_AT32F413_V2.05_EN.pdf,application/pdf,HEAD,2026-08-29T13:21:22+00:00
https://www.arterytek.com/download/RM/RM_AT32F415_V2.05_EN.pdf,200,valid,http_ok,https://www.arterytek.com/download/RM/RM_AT32F415_V2.05_EN.pdf,application/pdf,HEAD,2026-08-29T13:21:22+00:00
https://www.arterytek.com/download/RM/RM_AT32F421_EN_V2.04.pdf,200,valid,http_ok,https://www.arterytek.com/download/RM/RM_AT32F421_EN_V2.04.pdf,application/pdf,HEAD,2026-08-29T13:21:23+00:00
https://www.arterytek.com/download/RM/RM_AT32F421_V2.05_EN.pdf,200,valid,http_ok,https://www.arterytek.com/download/RM/RM_AT32F421_V2.05_EN.pdf,application/pdf,HEAD,2026-08-29T13:21:22+00:00
https://www.arterytek.com/download/RM/RM_AT32F422_426_V2.00_EN.pdf,200,valid,http_ok,https://www.arterytek.com/download/RM/RM_AT32F422_426_V2.00_EN.pdf,application/pdf,HEAD,2026-08-29T13:21:26+00:00
https://www.arterytek.com/download/RM/RM_AT32F423_V2.04_EN.pdf,200,valid,http_ok,https://www.arterytek.com/download/RM/RM_AT32F423_V2.04_EN.pdf,application/pdf,HEAD,2026-08-29T13:21:26+00:00
https://www.arterytek.com/download/RM/RM_AT32F425_V2.06_EN.pdf,200,valid,http_ok,https://www.arterytek.com/download/RM/RM_AT32F425_V2.06_EN.pdf,application/pdf,HEAD,2026-08-29T13:21:26+00:00
https://www.arterytek.com/download/RM/RM_AT32F435_437_V2.08_EN.pdf,200,valid,http_ok,https://www.arterytek.com/download/RM/RM_AT32F435_437_V2.08_EN.pdf,application/pdf,HEAD,2026-08-29T13:21:26+00:00
https://www.arterytek.com/download/RM/RM_AT32F455_456_457_V2.01_EN.pdf,200,valid,http_ok,https://www.arterytek.com/download/RM/RM_AT32F455_456_457_V2.01_EN.pdf,application/pdf,HEAD,2026-08-29T13:21:27+00:00
https://www.arterytek.com/download/RM/RM_AT32F90_V2.01_EN.pdf,200,valid,http_ok,https://www.arterytek.com/download/RM/RM_AT32F90_V2.01_EN.pdf,application/pdf,HEAD,2026-08-29T13:21:27+00:00
https://www.arterytek.com/download/RM/RM_AT32M412_416_V2.02_EN.pdf,200,valid,http_ok,https://www.arterytek.com/download/RM/RM_AT32M412_416_V2.02_EN.pdf,application/pdf,HEAD,2026-08-29T13:21:27+00:00
https://www.arterytek.com/download/RM/RM_AT32WB415_V2.05_EN.pdf,200,valid,http_ok,https://www.arterytek.com/download/RM/RM_AT32WB415_V2.05_EN.pdf,application/pdf,HEAD,2026-08-29T13:21:28+00:00
https://www.arterytek.com/en/product/AT32A403A.jsp,200,valid,http_ok,https://www.arterychip.com/en/product/AT32A403A.jsp,text/html;charset=UTF-8,HEAD,2026-08-29T13:21:12+00:00
https://www.arterytek.com/en/product/AT32A423.jsp,200,valid,http_ok,https://www.arterychip.com/en/product/AT32A423.jsp,text/html;charset=UTF-8,HEAD,2026-08-29T13:21:12+00:00
https://www.arterytek.com/en/product/AT32F011.jsp,200,valid,http_ok,https://www.arterychip.com/en/product/AT32F011.jsp,text/html;charset=UTF-8,HEAD,2026-08-29T13:21:14+00:00
https://www.arterytek.com/en/product/AT32F402.jsp,200,valid,http_ok,https://www.arterychip.com/en/product/AT32F402.jsp,text/html;charset=UTF-8,HEAD,2026-08-29T13:21:17+00:00
https://www.arterytek.com/en/product/AT32F403.jsp,200,valid,http_ok,https://www.arterychip.com/en/product/AT32F403.jsp,text/html;charset=UTF-8,HEAD,2026-08-29T13:21:18+00:00
https://www.arterytek.com/en/product/AT32F403A.jsp,200,valid,http_ok,https://www.arterychip.com/en/product/AT32F403A.jsp,text/html;charset=UTF-8,HEAD,2026-08-29T13:21:21+00:00
https://www.arterytek.com/en/product/AT32F405.jsp,200,valid,http_ok,https://www.arterychip.com/en/product/AT32F405.jsp,text/html;charset=UTF-8,HEAD,2026-08-29T13:21:21+00:00
https://www.arterytek.com/en/product/AT32F407.jsp,200,valid,http_ok,https://www.arterychip.com/en/product/AT32F407.jsp,text/html;charset=UTF-8,HEAD,2026-08-29T13:21:21+00:00
https://www.arterytek.com/en/product/AT32F413.jsp,200,valid,http_ok,https://www.arterychip.com/en/product/AT32F413.jsp,text/html;charset=UTF-8,HEAD,2026-08-29T13:21:21+00:00
https://www.arterytek.com/en/product/AT32F415.jsp,200,valid,http_ok,https://www.arterychip.com/en/product/AT32F415.jsp,text/html;charset=UTF-8,HEAD,2026-08-29T13:21:22+00:00
https://www.arterytek.com/en/product/AT32F421.jsp,200,valid,http_ok,https://www.arterychip.com/en/product/AT32F421.jsp,text/html;charset=UTF-8,HEAD,2026-08-29T13:21:22+00:00
https://www.arterytek.com/en/product/AT32F4212.jsp,200,valid,http_ok,https://www.arterychip.com/en/product/AT32F4212.jsp,text/html;charset=UTF-8,HEAD,2026-08-29T13:21:23+00:00
https://www.arterytek.com/en/product/AT32F422.jsp,200,valid,http_ok,https://www.arterychip.com/en/product/AT32F422.jsp,text/html;charset=UTF-8,HEAD,2026-08-29T13:21:23+00:00
https://www.arterytek.com/en/product/AT32F423.jsp,200,valid,http_ok,https://www.arterychip.com/en/product/AT32F423.jsp,text/html;charset=UTF-8,HEAD,2026-08-29T13:21:26+00:00
https://www.arterytek.com/en/product/AT32F425.jsp,200,valid,http_ok,https://www.arterychip.com/en/product/AT32F425.jsp,text/html;charset=UTF-8,HEAD,2026-08-29T13:21:26+00:00
https://www.arterytek.com/en/product/AT32F426.jsp,200,valid,http_ok,https://www.arterychip.com/en/product/AT32F426.jsp,text/html;charset=UTF-8,HEAD,2026-08-29T13:21:26+00:00
https://www.arterytek.com/en/product/AT32F435.jsp,200,valid,http_ok,https://www.arterychip.com/en/product/AT32F435.jsp,text/html;charset=UTF-8,HEAD,2026-08-29T13:21:26+00:00
https://www.arterytek.com/en/product/AT32F437.jsp,200,valid,http_ok,https://www.arterychip.com/en/product/AT32F437.jsp,text/html;charset=UTF-8,HEAD,2026-08-29T13:21:26+00:00
https://www.arterytek.com/en/product/AT32F455.jsp,200,valid,http_ok,https://www.arterychip.com/en/product/AT32F455.jsp,text/html;charset=UTF-8,HEAD,2026-08-29T13:21:26+00:00
https://www.arterytek.com/en/product/AT32F456.jsp,200,valid,http_ok,https://www.arterychip.com/en/product/AT32F456.jsp,text/html;charset=UTF-8,HEAD,2026-08-29T13:21:27+00:00
https://www.arterytek.com/en/product/AT32F457.jsp,200,valid,http_ok,https://www.arterychip.com/en/product/AT32F457.jsp,text/html;charset=UTF-8,HEAD,2026-08-29T13:21:27+00:00
https://www.arterytek.com/en/product/AT32F490.jsp,200,valid,http_ok,https://www.arterychip.com/en/product/AT32F490.jsp,text/html;charset=UTF-8,HEAD,2026-08-29T13:21:27+00:00
https://www.arterytek.com/en/product/AT32L021.jsp,200,valid,http_ok,https://www.arterychip.com/en/product/AT32L021.jsp,text/html;charset=UTF-8,HEAD,2026-08-29T13:21:27+00:00
https://www.arterytek.com/en/product/AT32M412.jsp,200,valid,http_ok,https://www.arterychip.com/en/product/AT32M412.jsp,text/html;charset=UTF-8,HEAD,2026-08-29T13:21:27+00:00
https://www.arterytek.com/en/product/AT32M416.jsp,200,valid,http_ok,https://www.arterychip.com/en/product/AT32M416.jsp,text/html;charset=UTF-8,HEAD,2026-08-29T13:21:28+00:00
https://www.arterytek.com/en/product/AT32WB415.jsp,200,valid,http_ok,https://www.arterychip.com/en/product/AT32WB415.jsp,text/html;charset=UTF-8,HEAD,2026-08-29T13:21:28+00:00
https://www.gd32mcu.com/data/documents/datasheet/GD32C103xx%20Datasheet_Rev2.0.pdf,200,valid,http_ok,https://www.gd32mcu.com/data/documents/datasheet/GD32C103xx%20Datasheet_Rev2.0.pdf,application/pdf,HEAD,2026-08-29T13:21:48+00:00
https://www.gd32mcu.com/data/documents/datasheet/GD32E103xx%20Datasheet_Rev2.1.pdf,200,valid,http_ok,https://www.gd32mcu.com/data/documents/datasheet/GD32E103xx%20Datasheet_Rev2.1.pdf,application/pdf,HEAD,2026-08-29T13:21:49+00:00
https://www.gd32mcu.com/data/documents/datasheet/GD32E503xx_Datasheet_Rev2.5.pdf,200,valid,http_ok,https://www.gd32mcu.com/data/documents/datasheet/GD32E503xx_Datasheet_Rev2.5.pdf,application/pdf,HEAD,2026-08-29T13:21:49+00:00
https://www.gd32mcu.com/data/documents/datasheet/GD32E505xx_Datasheet_Rev2.3.pdf,200,valid,http_ok,https://www.gd32mcu.com/data/documents/datasheet/GD32E505xx_Datasheet_Rev2.3.pdf,application/pdf,HEAD,2026-08-29T13:21:49+00:00
https://www.gd32mcu.com/data/documents/datasheet/GD32E507xx_Datasheet_Rev2.1.pdf,200,valid,http_ok,https://www.gd32mcu.com/data/documents/datasheet/GD32E507xx_Datasheet_Rev2.1.pdf,application/pdf,HEAD,2026-08-29T13:21:49+00:00
https://www.gd32mcu.com/data/documents/datasheet/GD32E508xx_Datasheet_Rev1.8.pdf,200,valid,http_ok,https://www.gd32mcu.com/data/documents/datasheet/GD32E508xx_Datasheet_Rev1.8.pdf,application/pdf,HEAD,2026-08-29T13:21:49+00:00
https://www.gd32mcu.com/data/documents/datasheet/GD32F101xx%20Datasheet_Rev3.3.pdf,200,valid,http_ok,https://www.gd32mcu.com/data/documents/datasheet/GD32F101xx%20Datasheet_Rev3.3.pdf,application/pdf,HEAD,2026-08-29T13:21:49+00:00
https://www.gd32mcu.com/data/documents/datasheet/GD32F103xx%20Datasheet_Rev3.3.pdf,200,valid,http_ok,https://www.gd32mcu.com/data/documents/datasheet/GD32F103xx%20Datasheet_Rev3.3.pdf,application/pdf,HEAD,2026-08-29T13:21:51+00:00
https://www.gd32mcu.com/data/documents/datasheet/GD32F105xx%20Datasheet_Rev2.3.pdf,200,valid,http_ok,https://www.gd32mcu.com/data/documents/datasheet/GD32F105xx%20Datasheet_Rev2.3.pdf,application/pdf,HEAD,2026-08-29T13:21:53+00:00
https://www.gd32mcu.com/data/documents/datasheet/GD32F107xx%20Datasheet_Rev2.3.pdf,200,valid,http_ok,https://www.gd32mcu.com/data/documents/datasheet/GD32F107xx%20Datasheet_Rev2.3.pdf,application/pdf,HEAD,2026-08-29T13:21:53+00:00
https://www.gd32mcu.com/data/documents/datasheet/GD32F205xx_Datasheet_Rev3.0.pdf,200,valid,http_ok,https://www.gd32mcu.com/data/documents/datasheet/GD32F205xx_Datasheet_Rev3.0.pdf,application/pdf,HEAD,2026-08-29T13:21:53+00:00
https://www.gd32mcu.com/data/documents/datasheet/GD32F207xx_Datasheet_Rev3.0.pdf,200,valid,http_ok,https://www.gd32mcu.com/data/documents/datasheet/GD32F207xx_Datasheet_Rev3.0.pdf,application/pdf,HEAD,2026-08-29T13:21:53+00:00
https://www.gd32mcu.com/data/documents/datasheet/GD32F303xx%20Datasheet_Rev3.3.pdf,200,valid,http_ok,https://www.gd32mcu.com/data/documents/datasheet/GD32F303xx%20Datasheet_Rev3.3.pdf,application/pdf,HEAD,2026-08-29T13:21:53+00:00
https://www.gd32mcu.com/data/documents/datasheet/GD32F305xx%20Datasheet_Rev3.1.pdf,200,valid,http_ok,https://www.gd32mcu.com/data/documents/datasheet/GD32F305xx%20Datasheet_Rev3.1.pdf,application/pdf,HEAD,2026-08-29T13:21:58+00:00
https://www.gd32mcu.com/data/documents/datasheet/GD32F307xx%20Datasheet_Rev3.1.pdf,200,valid,http_ok,https://www.gd32mcu.com/data/documents/datasheet/GD32F307xx%20Datasheet_Rev3.1.pdf,application/pdf,HEAD,2026-08-29T13:21:58+00:00
https://www.gd32mcu.com/data/documents/datasheet/GD32F330xx%20Datasheet%20Rev3.5.pdf,200,valid,http_ok,https://www.gd32mcu.com/data/documents/datasheet/GD32F330xx%20Datasheet%20Rev3.5.pdf,application/pdf,HEAD,2026-08-29T13:21:58+00:00
https://www.gd32mcu.com/data/documents/datasheet/GD32F350xx%20Datasheet%20Rev3.3.pdf,200,valid,http_ok,https://www.gd32mcu.com/data/documents/datasheet/GD32F350xx%20Datasheet%20Rev3.3.pdf,application/pdf,HEAD,2026-08-29T13:21:58+00:00
https://www.gd32mcu.com/data/documents/datasheet/GD32F403xx%20Datasheet_Rev3.3.pdf,200,valid,http_ok,https://www.gd32mcu.com/data/documents/datasheet/GD32F403xx%20Datasheet_Rev3.3.pdf,application/pdf,HEAD,2026-08-29T13:21:58+00:00
https://www.gd32mcu.com/data/documents/datasheet/GD32F405xx_Datasheet_Rev2.8.pdf,200,valid,http_ok,https://www.gd32mcu.com/data/documents/datasheet/GD32F405xx_Datasheet_Rev2.8.pdf,application/pdf,HEAD,2026-08-29T13:21:58+00:00
https://www.gd32mcu.com/data/documents/datasheet/GD32F407xx_Datasheet_Rev3.0.pdf,200,valid,http_ok,https://www.gd32mcu.com/data/documents/datasheet/GD32F407xx_Datasheet_Rev3.0.pdf,application/pdf,HEAD,2026-08-29T13:21:58+00:00
https://www.gd32mcu.com/data/documents/datasheet/GD32F425xx_Datasheet_Rev1.8.pdf,200,valid,http_ok,https://www.gd32mcu.com/data/documents/datasheet/GD32F425xx_Datasheet_Rev1.8.pdf,application/pdf,HEAD,2026-08-29T13:21:58+00:00
https://www.gd32mcu.com/data/documents/datasheet/GD32F427xx_Datasheet_Rev1.9.pdf,200,valid,http_ok,https://www.gd32mcu.com/data/documents/datasheet/GD32F427xx_Datasheet_Rev1.9.pdf,application/pdf,HEAD,2026-08-29T13:21:58+00:00
https://www.gd32mcu.com/data/documents/datasheet/GD32F450xx_Datasheet_Rev2.9.pdf,200,valid,http_ok,https://www.gd32mcu.com/data/documents/datasheet/GD32F450xx_Datasheet_Rev2.9.pdf,application/pdf,HEAD,2026-08-29T13:21:58+00:00
https://www.gd32mcu.com/data/documents/datasheet/GD32F470xx_Datasheet_Rev2.2.pdf,200,valid,http_ok,https://www.gd32mcu.com/data/documents/datasheet/GD32F470xx_Datasheet_Rev2.2.pdf,application/pdf,HEAD,2026-08-29T13:21:58+00:00
https://www.gd32mcu.com/data/documents/datasheet/GD32L233xx_Datasheet_Rev2.4.pdf,200,valid,http_ok,https://www.gd32mcu.com/data/documents/datasheet/GD32L233xx_Datasheet_Rev2.4.pdf,application/pdf,HEAD,2026-08-29T13:21:58+00:00
https://www.gd32mcu.com/download/down/document_id/133/path_type/1,200,valid,http_ok,https://www.gd32mcu.com/data/documents/datasheet/GD32F350xx%20Datasheet%20Rev3.3.pdf,application/pdf,HEAD,2026-08-29T13:21:58+00:00
https://www.gd32mcu.com/download/down/document_id/134/path_type/1,200,valid,http_ok,https://www.gd32mcu.com/data/documents/datasheet/GD32F330xx%20Datasheet%20Rev3.5.pdf,application/pdf,HEAD,2026-08-29T13:21:58+00:00
https://www.gd32mcu.com/download/down/document_id/156/path_type/1,200,valid,http_ok,https://www.gd32mcu.com/data/documents/datasheet/GD32F150xx%20Datasheet%20Rev4.0.pdf,application/pdf,HEAD,2026-08-29T13:21:53+00:00
https://www.gd32mcu.com/download/down/document_id/202/path_type/1,200,valid,http_ok,https://www.gd32mcu.com/data/documents/datasheet/GD32E230xx%20Datasheet_Rev3.1.pdf,application/pdf,HEAD,2026-08-29T13:21:49+00:00
https://www.gd32mcu.com/download/down/document_id/231/path_type/1,200,valid,http_ok,https://www.gd32mcu.com/data/documents/datasheet/GD32F130xx%20Datasheet%20Rev4.3.pdf,application/pdf,HEAD,2026-08-29T13:21:53+00:00
https://www.gd32mcu.com/download/down/document_id/235/path_type/1,200,valid,http_ok,https://www.gd32mcu.com/data/documents/datasheet/GD32E103xx%20Datasheet_Rev2.1.pdf,application/pdf,HEAD,2026-08-29T13:21:49+00:00
https://www.gd32mcu.com/download/down/document_id/236/path_type/1,200,valid,http_ok,https://www.gd32mcu.com/data/documents/datasheet/GD32F101xx%20Datasheet_Rev3.3.pdf,application/pdf,HEAD,2026-08-29T13:21:49+00:00
https://www.gd32mcu.com/download/down/document_id/237/path_type/1,200,valid,http_ok,https://www.gd32mcu.com/data/documents/datasheet/GD32F103xx%20Datasheet_Rev3.3.pdf,application/pdf,HEAD,2026-08-29T13:21:49+00:00
https://www.gd32mcu.com/download/down/document_id/238/path_type/1,200,valid,http_ok,https://www.gd32mcu.com/data/documents/datasheet/GD32F105xx%20Datasheet_Rev2.3.pdf,application/pdf,HEAD,2026-08-29T13:21:53+00:00
https://www.gd32mcu.com/download/down/document_id/279/path_type/1,200,valid,http_ok,https://www.gd32mcu.com/data/documents/datasheet/GD32W515xx%20Datasheet_Rev1.9.pdf,application/pdf,HEAD,2026-08-29T13:21:58+00:00
https://www.gd32mcu.com/download/down/document_id/289/path_type/1,200,valid,http_ok,https://www.gd32mcu.com/data/documents/datasheet/GD32L233xx_Datasheet_Rev2.4.pdf,application/pdf,HEAD,2026-08-29T13:21:58+00:00
https://www.gd32mcu.com/download/down/document_id/308/path_type/1,200,valid,http_ok,https://www.gd32mcu.com/data/documents/datasheet/GD32F310xx%20Datasheet%20Rev2.2.pdf,application/pdf,HEAD,2026-08-29T13:21:58+00:00
https://www.hpmicro.com/product-center/microcontroller/hpm5300,403,unverified,RemoteDisconnected,https://www.hpmicro.com/product-center/microcontroller/hpm5300,text/html,GET,2026-08-29T13:21:59+00:00
https://www.hpmicro.com/product-center/microcontroller/hpm5300/5300-selection-table,403,unverified,RemoteDisconnected,https://www.hpmicro.com/product-center/microcontroller/hpm5300/5300-selection-table,text/html,GET,2026-08-29T13:21:58+00:00
https://www.hpmicro.com/product-center/microcontroller/hpm5e00,403,unverified,RemoteDisconnected,https://www.hpmicro.com/product-center/microcontroller/hpm5e00,text/html,GET,2026-08-29T13:21:59+00:00
https://www.hpmicro.com/product-center/microcontroller/hpm5e00/aaaab,403,unverified,RemoteDisconnected,https://www.hpmicro.com/product-center/microcontroller/hpm5e00/aaaab,text/html,GET,2026-08-29T13:21:59+00:00
https://www.hpmicro.com/product-center/microcontroller/hpm6200,403,unverified,RemoteDisconnected,https://www.hpmicro.com/product-center/microcontroller/hpm6200,text/html,GET,2026-08-29T13:22:00+00:00
https://www.hpmicro.com/product-center/microcontroller/hpm6200/6200-selection-table,,unverified,RemoteDisconnected,https://www.hpmicro.com/product-center/microcontroller/hpm6200/6200-selection-table,,HEAD,2026-08-29T13:22:00+00:00
https://www.hpmicro.com/product-center/microcontroller/hpm6300,,unverified,RemoteDisconnected,https://www.hpmicro.com/product-center/microcontroller/hpm6300,,HEAD,2026-08-29T13:22:00+00:00
https://www.hpmicro.com/product-center/microcontroller/hpm6300/6300-selection-table,,unverified,RemoteDisconnected,https://www.hpmicro.com/product-center/microcontroller/hpm6300/6300-selection-table,,HEAD,2026-08-29T13:22:00+00:00
https://www.hpmicro.com/product-center/microcontroller/hpm6700,,unverified,RemoteDisconnected,https://www.hpmicro.com/product-center/microcontroller/hpm6700,,HEAD,2026-08-29T13:22:01+00:00
https://www.hpmicro.com/product-center/microcontroller/hpm6700/6700-6400-selection-table,403,unverified,RemoteDisconnected,https://www.hpmicro.com/product-center/microcontroller/hpm6700/6700-6400-selection-table,text/html,GET,2026-08-29T13:22:01+00:00
https://www.hpmicro.com/product-center/microcontroller/hpm6800,403,unverified,RemoteDisconnected,https://www.hpmicro.com/product-center/microcontroller/hpm6800,text/html,GET,2026-08-29T13:22:02+00:00
https://www.hpmicro.com/product-center/microcontroller/hpm6800/selection-table,,unverified,RemoteDisconnected,https://www.hpmicro.com/product-center/microcontroller/hpm6800/selection-table,,HEAD,2026-08-29T13:22:01+00:00
https://www.hpmicro.com/product-center/microcontroller/hpm6e00,,unverified,RemoteDisconnected,https://www.hpmicro.com/product-center/microcontroller/hpm6e00,,HEAD,2026-08-29T13:22:03+00:00
https://www.hpmicro.com/product-center/microcontroller/hpm6e00/6e00-selection-table,,unverified,RemoteDisconnected,https://www.hpmicro.com/product-center/microcontroller/hpm6e00/6e00-selection-table,,HEAD,2026-08-29T13:22:03+00:00
https://www.hpmicro.com/product-center/microcontroller/hpm6p00,,unverified,RemoteDisconnected,https://www.hpmicro.com/product-center/microcontroller/hpm6p00,,HEAD,2026-08-29T13:22:03+00:00
https://www.hpmicro.com/product-center/microcontroller/hpm6p00/hpm6p00,,unverified,RemoteDisconnected,https://www.hpmicro.com/product-center/microcontroller/hpm6p00/hpm6p00,,HEAD,2026-08-29T13:22:03+00:00
https://www.infineon.com/part/CY8C4024AXI-S402,200,valid,http_ok,https://www.infineon.com/part/CY8C4024AXI-S402,text/html;charset=utf-8,HEAD,2026-08-29T13:22:53+00:00
https://www.infineon.com/part/CY8C4024AXI-S412,200,valid,http_ok,https://www.infineon.com/part/CY8C4024AXI-S412,text/html;charset=utf-8,HEAD,2026-08-29T13:22:53+00:00
https://www.infineon.com/part/CY8C4024AZI-S403,200,valid,http_ok,https://www.infineon.com/part/CY8C4024AZI-S403,text/html;charset=utf-8,HEAD,2026-08-29T13:22:53+00:00
https://www.infineon.com/part/CY8C4024AZI-S413,200,valid,http_ok,https://www.infineon.com/part/CY8C4024AZI-S413,text/html;charset=utf-8,HEAD,2026-08-29T13:22:54+00:00
https://www.infineon.com/part/CY8C4024AZQ-S413,200,valid,http_ok,https://www.infineon.com/part/CY8C4024AZQ-S413,text/html;charset=utf-8,HEAD,2026-08-29T13:22:54+00:00
https://www.infineon.com/part/CY8C4024FNI-S402T,200,valid,http_ok,https://www.infineon.com/part/CY8C4024FNI-S402T,text/html;charset=utf-8,HEAD,2026-08-29T13:22:54+00:00
https://www.infineon.com/part/CY8C4024FNI-S412T,200,valid,http_ok,https://www.infineon.com/part/CY8C4024FNI-S412T,text/html;charset=utf-8,HEAD,2026-08-29T13:22:54+00:00
https://www.infineon.com/part/CY8C4024LQA-S411,200,valid,http_ok,https://www.infineon.com/part/CY8C4024LQA-S411,text/html;charset=utf-8,HEAD,2026-08-29T13:22:54+00:00
https://www.infineon.com/part/CY8C4024LQI-S401,200,valid,http_ok,https://www.infineon.com/part/CY8C4024LQI-S401,text/html;charset=utf-8,HEAD,2026-08-29T13:22:54+00:00
https://www.infineon.com/part/CY8C4024LQI-S402,200,valid,http_ok,https://www.infineon.com/part/CY8C4024LQI-S402,text/html;charset=utf-8,HEAD,2026-08-29T13:22:54+00:00
https://www.infineon.com/part/CY8C4024LQI-S403,200,valid,http_ok,https://www.infineon.com/part/CY8C4024LQI-S403,text/html;charset=utf-8,HEAD,2026-08-29T13:22:54+00:00
https://www.infineon.com/part/CY8C4024LQI-S411,200,valid,http_ok,https://www.infineon.com/part/CY8C4024LQI-S411,text/html;charset=utf-8,HEAD,2026-08-29T13:22:54+00:00
https://www.infineon.com/part/CY8C4024LQI-S412,200,valid,http_ok,https://www.infineon.com/part/CY8C4024LQI-S412,text/html;charset=utf-8,HEAD,2026-08-29T13:22:54+00:00
https://www.infineon.com/part/CY8C4024LQI-S413,200,valid,http_ok,https://www.infineon.com/part/CY8C4024LQI-S413,text/html;charset=utf-8,HEAD,2026-08-29T13:22:54+00:00
https://www.infineon.com/part/CY8C4024LQS-S411,200,valid,http_ok,https://www.infineon.com/part/CY8C4024LQS-S411,text/html;charset=utf-8,HEAD,2026-08-29T13:22:54+00:00
https://www.infineon.com/part/CY8C4024PVA-S412,200,valid,http_ok,https://www.infineon.com/part/CY8C4024PVA-S412,text/html;charset=utf-8,HEAD,2026-08-29T13:22:54+00:00
https://www.infineon.com/part/CY8C4024PVS-S412,200,valid,http_ok,https://www.infineon.com/part/CY8C4024PVS-S412,text/html;charset=utf-8,HEAD,2026-08-29T13:22:54+00:00
https://www.infineon.com/part/CY8C4025AXI-S402,200,valid,http_ok,https://www.infineon.com/part/CY8C4025AXI-S402,text/html;charset=utf-8,HEAD,2026-08-29T13:22:54+00:00
https://www.infineon.com/part/CY8C4025AXI-S412,200,valid,http_ok,https://www.infineon.com/part/CY8C4025AXI-S412,text/html;charset=utf-8,HEAD,2026-08-29T13:22:54+00:00
https://www.infineon.com/part/CY8C4025AZI-S403,200,valid,http_ok,https://www.infineon.com/part/CY8C4025AZI-S403,text/html;charset=utf-8,HEAD,2026-08-29T13:22:54+00:00
https://www.infineon.com/part/CY8C4025AZI-S413,200,valid,http_ok,https://www.infineon.com/part/CY8C4025AZI-S413,text/html;charset=utf-8,HEAD,2026-08-29T13:22:54+00:00
https://www.infineon.com/part/CY8C4025AZQ-S403,200,valid,http_ok,https://www.infineon.com/part/CY8C4025AZQ-S403,text/html;charset=utf-8,HEAD,2026-08-29T13:22:54+00:00
https://www.infineon.com/part/CY8C4025AZQ-S413,200,valid,http_ok,https://www.infineon.com/part/CY8C4025AZQ-S413,text/html;charset=utf-8,HEAD,2026-08-29T13:22:54+00:00
https://www.infineon.com/part/CY8C4025FNI-S402T,200,valid,http_ok,https://www.infineon.com/part/CY8C4025FNI-S402T,text/html;charset=utf-8,HEAD,2026-08-29T13:22:55+00:00
https://www.infineon.com/part/CY8C4025FNI-S412T,200,valid,http_ok,https://www.infineon.com/part/CY8C4025FNI-S412T,text/html;charset=utf-8,HEAD,2026-08-29T13:22:55+00:00
https://www.infineon.com/part/CY8C4025LQA-S411,200,valid,http_ok,https://www.infineon.com/part/CY8C4025LQA-S411,text/html;charset=utf-8,HEAD,2026-08-29T13:22:55+00:00
https://www.infineon.com/part/CY8C4025LQI-S401,200,valid,http_ok,https://www.infineon.com/part/CY8C4025LQI-S401,text/html;charset=utf-8,HEAD,2026-08-29T13:22:55+00:00
https://www.infineon.com/part/CY8C4025LQI-S402,200,valid,http_ok,https://www.infineon.com/part/CY8C4025LQI-S402,text/html;charset=utf-8,HEAD,2026-08-29T13:22:55+00:00
https://www.infineon.com/part/CY8C4025LQI-S403,200,valid,http_ok,https://www.infineon.com/part/CY8C4025LQI-S403,text/html;charset=utf-8,HEAD,2026-08-29T13:22:55+00:00
https://www.infineon.com/part/CY8C4025LQI-S411,200,valid,http_ok,https://www.infineon.com/part/CY8C4025LQI-S411,text/html;charset=utf-8,HEAD,2026-08-29T13:22:55+00:00
https://www.infineon.com/part/CY8C4025LQI-S412,200,valid,http_ok,https://www.infineon.com/part/CY8C4025LQI-S412,text/html;charset=utf-8,HEAD,2026-08-29T13:22:55+00:00
https://www.infineon.com/part/CY8C4025LQI-S413,200,valid,http_ok,https://www.infineon.com/part/CY8C4025LQI-S413,text/html;charset=utf-8,HEAD,2026-08-29T13:22:55+00:00
https://www.infineon.com/part/CY8C4025LQI-T411,200,valid,http_ok,https://www.infineon.com/part/CY8C4025LQI-T411,text/html;charset=utf-8,HEAD,2026-08-29T13:22:56+00:00
https://www.infineon.com/part/CY8C4025LQI-T412,200,valid,http_ok,https://www.infineon.com/part/CY8C4025LQI-T412,text/html;charset=utf-8,HEAD,2026-08-29T13:22:56+00:00
https://www.infineon.com/part/CY8C4025LQI-T441,200,valid,http_ok,https://www.infineon.com/part/CY8C4025LQI-T441,text/html;charset=utf-8,HEAD,2026-08-29T13:22:56+00:00
https://www.infineon.com/part/CY8C4025LQI-T442,200,valid,http_ok,https://www.infineon.com/part/CY8C4025LQI-T442,text/html;charset=utf-8,HEAD,2026-08-29T13:22:56+00:00
https://www.infineon.com/part/CY8C4025LQI-T451,200,valid,http_ok,https://www.infineon.com/part/CY8C4025LQI-T451,text/html;charset=utf-8,HEAD,2026-08-29T13:22:56+00:00
https://www.infineon.com/part/CY8C4025LQI-T452,200,valid,http_ok,https://www.infineon.com/part/CY8C4025LQI-T452,text/html;charset=utf-8,HEAD,2026-08-29T13:22:56+00:00
https://www.infineon.com/part/CY8C4025LQS-S411,200,valid,http_ok,https://www.infineon.com/part/CY8C4025LQS-S411,text/html;charset=utf-8,HEAD,2026-08-29T13:22:55+00:00
https://www.infineon.com/part/CY8C4025LQS-S413,200,valid,http_ok,https://www.infineon.com/part/CY8C4025LQS-S413,text/html;charset=utf-8,HEAD,2026-08-29T13:22:55+00:00
https://www.infineon.com/part/CY8C4025PVA-S412,200,valid,http_ok,https://www.infineon.com/part/CY8C4025PVA-S412,text/html;charset=utf-8,HEAD,2026-08-29T13:22:55+00:00
https://www.infineon.com/part/CY8C4025PVS-S412,200,valid,http_ok,https://www.infineon.com/part/CY8C4025PVS-S412,text/html;charset=utf-8,HEAD,2026-08-29T13:22:55+00:00
https://www.infineon.com/part/CY8C4026LQI-T411,200,valid,http_ok,https://www.infineon.com/part/CY8C4026LQI-T411,text/html;charset=utf-8,HEAD,2026-08-29T13:22:56+00:00
https://www.infineon.com/part/CY8C4026LQI-T412,200,valid,http_ok,https://www.infineon.com/part/CY8C4026LQI-T412,text/html;charset=utf-8,HEAD,2026-08-29T13:22:57+00:00
https://www.infineon.com/part/CY8C4026LQI-T441,200,valid,http_ok,https://www.infineon.com/part/CY8C4026LQI-T441,text/html;charset=utf-8,HEAD,2026-08-29T13:22:57+00:00
https://www.infineon.com/part/CY8C4026LQI-T442,200,valid,http_ok,https://www.infineon.com/part/CY8C4026LQI-T442,text/html;charset=utf-8,HEAD,2026-08-29T13:22:57+00:00
https://www.infineon.com/part/CY8C4045AXI-S412,200,valid,http_ok,https://www.infineon.com/part/CY8C4045AXI-S412,text/html;charset=utf-8,HEAD,2026-08-29T13:22:55+00:00
https://www.infineon.com/part/CY8C4045AZI-S413,200,valid,http_ok,https://www.infineon.com/part/CY8C4045AZI-S413,text/html;charset=utf-8,HEAD,2026-08-29T13:22:56+00:00
https://www.infineon.com/part/CY8C4045AZQ-S413,200,valid,http_ok,https://www.infineon.com/part/CY8C4045AZQ-S413,text/html;charset=utf-8,HEAD,2026-08-29T13:22:56+00:00
https://www.infineon.com/part/CY8C4045FNI-S412T,200,valid,http_ok,https://www.infineon.com/part/CY8C4045FNI-S412T,text/html;charset=utf-8,HEAD,2026-08-29T13:22:56+00:00
https://www.infineon.com/part/CY8C4045LQA-S411,200,valid,http_ok,https://www.infineon.com/part/CY8C4045LQA-S411,text/html;charset=utf-8,HEAD,2026-08-29T13:22:56+00:00
https://www.infineon.com/part/CY8C4045LQI-S411,200,valid,http_ok,https://www.infineon.com/part/CY8C4045LQI-S411,text/html;charset=utf-8,HEAD,2026-08-29T13:22:56+00:00
https://www.infineon.com/part/CY8C4045LQI-S412,200,valid,http_ok,https://www.infineon.com/part/CY8C4045LQI-S412,text/html;charset=utf-8,HEAD,2026-08-29T13:22:56+00:00
https://www.infineon.com/part/CY8C4045LQI-S413,200,valid,http_ok,https://www.infineon.com/part/CY8C4045LQI-S413,text/html;charset=utf-8,HEAD,2026-08-29T13:22:56+00:00
https://www.infineon.com/part/CY8C4045LQI-T411,200,valid,http_ok,https://www.infineon.com/part/CY8C4045LQI-T411,text/html;charset=utf-8,HEAD,2026-08-29T13:22:56+00:00
https://www.infineon.com/part/CY8C4045LQI-T412,200,valid,http_ok,https://www.infineon.com/part/CY8C4045LQI-T412,text/html;charset=utf-8,HEAD,2026-08-29T13:22:56+00:00
https://www.infineon.com/part/CY8C4045LQI-T441,200,valid,http_ok,https://www.infineon.com/part/CY8C4045LQI-T441,text/html;charset=utf-8,HEAD,2026-08-29T13:22:56+00:00
https://www.infineon.com/part/CY8C4045LQI-T442,200,valid,http_ok,https://www.infineon.com/part/CY8C4045LQI-T442,text/html;charset=utf-8,HEAD,2026-08-29T13:22:56+00:00
https://www.infineon.com/part/CY8C4045LQI-T451,200,valid,http_ok,https://www.infineon.com/part/CY8C4045LQI-T451,text/html;charset=utf-8,HEAD,2026-08-29T13:22:56+00:00
https://www.infineon.com/part/CY8C4045LQI-T452,200,valid,http_ok,https://www.infineon.com/part/CY8C4045LQI-T452,text/html;charset=utf-8,HEAD,2026-08-29T13:22:56+00:00
https://www.infineon.com/part/CY8C4045LQS-S411,200,valid,http_ok,https://www.infineon.com/part/CY8C4045LQS-S411,text/html;charset=utf-8,HEAD,2026-08-29T13:22:56+00:00
https://www.infineon.com/part/CY8C4045PVA-S412,200,valid,http_ok,https://www.infineon.com/part/CY8C4045PVA-S412,text/html;charset=utf-8,HEAD,2026-08-29T13:22:56+00:00
https://www.infineon.com/part/CY8C4045PVS-S412,200,valid,http_ok,https://www.infineon.com/part/CY8C4045PVS-S412,text/html;charset=utf-8,HEAD,2026-08-29T13:22:56+00:00
https://www.infineon.com/part/CY8C4046LQI-T411,200,valid,http_ok,https://www.infineon.com/part/CY8C4046LQI-T411,text/html;charset=utf-8,HEAD,2026-08-29T13:22:57+00:00
https://www.infineon.com/part/CY8C4046LQI-T412,200,valid,http_ok,https://www.infineon.com/part/CY8C4046LQI-T412,text/html;charset=utf-8,HEAD,2026-08-29T13:22:57+00:00
https://www.infineon.com/part/CY8C4046LQI-T441,200,valid,http_ok,https://www.infineon.com/part/CY8C4046LQI-T441,text/html;charset=utf-8,HEAD,2026-08-29T13:22:57+00:00
https://www.infineon.com/part/CY8C4046LQI-T442,200,valid,http_ok,https://www.infineon.com/part/CY8C4046LQI-T442,text/html;charset=utf-8,HEAD,2026-08-29T13:22:57+00:00
https://www.infineon.com/part/CY8C4046LQI-T451,200,valid,http_ok,https://www.infineon.com/part/CY8C4046LQI-T451,text/html;charset=utf-8,HEAD,2026-08-29T13:22:57+00:00
https://www.infineon.com/part/CY8C4046LQI-T452,200,valid,http_ok,https://www.infineon.com/part/CY8C4046LQI-T452,text/html;charset=utf-8,HEAD,2026-08-29T13:22:57+00:00
https://www.infineon.com/part/CY8C4124AZI-S413,200,valid,http_ok,https://www.infineon.com/part/CY8C4124AZI-S413,text/html;charset=utf-8,HEAD,2026-08-29T13:22:57+00:00
https://www.infineon.com/part/CY8C4124AZI-S433,200,valid,http_ok,https://www.infineon.com/part/CY8C4124AZI-S433,text/html;charset=utf-8,HEAD,2026-08-29T13:22:57+00:00
https://www.infineon.com/part/CY8C4124FNI-S403T,200,valid,http_ok,https://www.infineon.com/part/CY8C4124FNI-S403T,text/html;charset=utf-8,HEAD,2026-08-29T13:22:57+00:00
https://www.infineon.com/part/CY8C4124FNI-S413T,200,valid,http_ok,https://www.infineon.com/part/CY8C4124FNI-S413T,text/html;charset=utf-8,HEAD,2026-08-29T13:22:58+00:00
https://www.infineon.com/part/CY8C4124FNI-S433T,200,valid,http_ok,https://www.infineon.com/part/CY8C4124FNI-S433T,text/html;charset=utf-8,HEAD,2026-08-29T13:22:58+00:00
https://www.infineon.com/part/CY8C4124LQA-S413,200,valid,http_ok,https://www.infineon.com/part/CY8C4124LQA-S413,text/html;charset=utf-8,HEAD,2026-08-29T13:22:58+00:00
https://www.infineon.com/part/CY8C4124LQA-S423,200,valid,http_ok,https://www.infineon.com/part/CY8C4124LQA-S423,text/html;charset=utf-8,HEAD,2026-08-29T13:22:58+00:00
https://www.infineon.com/part/CY8C4124LQA-S433,200,valid,http_ok,https://www.infineon.com/part/CY8C4124LQA-S433,text/html;charset=utf-8,HEAD,2026-08-29T13:22:58+00:00
https://www.infineon.com/part/CY8C4124LQE-S413,200,valid,http_ok,https://www.infineon.com/part/CY8C4124LQE-S413,text/html;charset=utf-8,HEAD,2026-08-29T13:22:58+00:00
https://www.infineon.com/part/CY8C4124LQE-S423,200,valid,http_ok,https://www.infineon.com/part/CY8C4124LQE-S423,text/html;charset=utf-8,HEAD,2026-08-29T13:22:58+00:00
https://www.infineon.com/part/CY8C4124LQE-S433,200,valid,http_ok,https://www.infineon.com/part/CY8C4124LQE-S433,text/html;charset=utf-8,HEAD,2026-08-29T13:22:58+00:00
https://www.infineon.com/part/CY8C4124LQI-S412,200,valid,http_ok,https://www.infineon.com/part/CY8C4124LQI-S412,text/html;charset=utf-8,HEAD,2026-08-29T13:22:58+00:00
https://www.infineon.com/part/CY8C4124LQI-S413,200,valid,http_ok,https://www.infineon.com/part/CY8C4124LQI-S413,text/html;charset=utf-8,HEAD,2026-08-29T13:22:58+00:00
https://www.infineon.com/part/CY8C4124LQI-S432,200,valid,http_ok,https://www.infineon.com/part/CY8C4124LQI-S432,text/html;charset=utf-8,HEAD,2026-08-29T13:22:58+00:00
https://www.infineon.com/part/CY8C4124LQI-S433,200,valid,http_ok,https://www.infineon.com/part/CY8C4124LQI-S433,text/html;charset=utf-8,HEAD,2026-08-29T13:22:58+00:00
https://www.infineon.com/part/CY8C4124LQS-S413,200,valid,http_ok,https://www.infineon.com/part/CY8C4124LQS-S413,text/html;charset=utf-8,HEAD,2026-08-29T13:22:58+00:00
https://www.infineon.com/part/CY8C4124LQS-S423,200,valid,http_ok,https://www.infineon.com/part/CY8C4124LQS-S423,text/html;charset=utf-8,HEAD,2026-08-29T13:22:58+00:00
https://www.infineon.com/part/CY8C4124LQS-S433,200,valid,http_ok,https://www.infineon.com/part/CY8C4124LQS-S433,text/html;charset=utf-8,HEAD,2026-08-29T13:22:58+00:00
https://www.infineon.com/part/CY8C4124PVA-S412,200,valid,http_ok,https://www.infineon.com/part/CY8C4124PVA-S412,text/html;charset=utf-8,HEAD,2026-08-29T13:22:58+00:00
https://www.infineon.com/part/CY8C4124PVA-S422,200,valid,http_ok,https://www.infineon.com/part/CY8C4124PVA-S422,text/html;charset=utf-8,HEAD,2026-08-29T13:22:59+00:00
https://www.infineon.com/part/CY8C4124PVA-S432,200,valid,http_ok,https://www.infineon.com/part/CY8C4124PVA-S432,text/html;charset=utf-8,HEAD,2026-08-29T13:22:59+00:00
https://www.infineon.com/part/CY8C4124PVE-S412,200,valid,http_ok,https://www.infineon.com/part/CY8C4124PVE-S412,text/html;charset=utf-8,HEAD,2026-08-29T13:22:59+00:00
https://www.infineon.com/part/CY8C4124PVE-S422,200,valid,http_ok,https://www.infineon.com/part/CY8C4124PVE-S422,text/html;charset=utf-8,HEAD,2026-08-29T13:22:59+00:00
https://www.infineon.com/part/CY8C4124PVE-S432,200,valid,http_ok,https://www.infineon.com/part/CY8C4124PVE-S432,text/html;charset=utf-8,HEAD,2026-08-29T13:22:59+00:00
https://www.infineon.com/part/CY8C4124PVS-S412,200,valid,http_ok,https://www.infineon.com/part/CY8C4124PVS-S412,text/html;charset=utf-8,HEAD,2026-08-29T13:22:59+00:00
https://www.infineon.com/part/CY8C4124PVS-S422,200,valid,http_ok,https://www.infineon.com/part/CY8C4124PVS-S422,text/html;charset=utf-8,HEAD,2026-08-29T13:22:59+00:00
https://www.infineon.com/part/CY8C4124PVS-S432,200,valid,http_ok,https://www.infineon.com/part/CY8C4124PVS-S432,text/html;charset=utf-8,HEAD,2026-08-29T13:22:59+00:00
https://www.infineon.com/part/CY8C4125AXI-S423,200,valid,http_ok,https://www.infineon.com/part/CY8C4125AXI-S423,text/html;charset=utf-8,HEAD,2026-08-29T13:22:59+00:00
https://www.infineon.com/part/CY8C4125AXI-S433,200,valid,http_ok,https://www.infineon.com/part/CY8C4125AXI-S433,text/html;charset=utf-8,HEAD,2026-08-29T13:22:59+00:00
https://www.infineon.com/part/CY8C4125AZI-S413,200,valid,http_ok,https://www.infineon.com/part/CY8C4125AZI-S413,text/html;charset=utf-8,HEAD,2026-08-29T13:22:59+00:00
https://www.infineon.com/part/CY8C4125AZI-S423,200,valid,http_ok,https://www.infineon.com/part/CY8C4125AZI-S423,text/html;charset=utf-8,HEAD,2026-08-29T13:22:59+00:00
https://www.infineon.com/part/CY8C4125AZI-S433,200,valid,http_ok,https://www.infineon.com/part/CY8C4125AZI-S433,text/html;charset=utf-8,HEAD,2026-08-29T13:22:59+00:00
https://www.infineon.com/part/CY8C4125AZQ-S433,200,valid,http_ok,https://www.infineon.com/part/CY8C4125AZQ-S433,text/html;charset=utf-8,HEAD,2026-08-29T13:22:59+00:00
https://www.infineon.com/part/CY8C4125FNI-S413T,200,valid,http_ok,https://www.infineon.com/part/CY8C4125FNI-S413T,text/html;charset=utf-8,HEAD,2026-08-29T13:22:59+00:00
https://www.infineon.com/part/CY8C4125FNI-S423T,200,valid,http_ok,https://www.infineon.com/part/CY8C4125FNI-S423T,text/html;charset=utf-8,HEAD,2026-08-29T13:22:59+00:00
https://www.infineon.com/part/CY8C4125FNI-S433T,200,valid,http_ok,https://www.infineon.com/part/CY8C4125FNI-S433T,text/html;charset=utf-8,HEAD,2026-08-29T13:22:59+00:00
https://www.infineon.com/part/CY8C4125LCE-HVS003,200,valid,http_ok,https://www.infineon.com/part/CY8C4125LCE-HVS003,text/html;charset=utf-8,HEAD,2026-08-29T13:22:48+00:00
https://www.infineon.com/part/CY8C4125LCE-HVS013,200,valid,http_ok,https://www.infineon.com/part/CY8C4125LCE-HVS013,text/html;charset=utf-8,HEAD,2026-08-29T13:22:48+00:00
https://www.infineon.com/part/CY8C4125LCE-HVS103,200,valid,http_ok,https://www.infineon.com/part/CY8C4125LCE-HVS103,text/html;charset=utf-8,HEAD,2026-08-29T13:22:48+00:00
https://www.infineon.com/part/CY8C4125LCE-HVS113,200,valid,http_ok,https://www.infineon.com/part/CY8C4125LCE-HVS113,text/html;charset=utf-8,HEAD,2026-08-29T13:22:48+00:00
https://www.infineon.com/part/CY8C4125LDE-HVS004,200,valid,http_ok,https://www.infineon.com/part/CY8C4125LDE-HVS004,text/html;charset=utf-8,HEAD,2026-08-29T13:22:48+00:00
https://www.infineon.com/part/CY8C4125LDE-HVS014,200,valid,http_ok,https://www.infineon.com/part/CY8C4125LDE-HVS014,text/html;charset=utf-8,HEAD,2026-08-29T13:22:48+00:00
https://www.infineon.com/part/CY8C4125LDE-HVS104,200,valid,http_ok,https://www.infineon.com/part/CY8C4125LDE-HVS104,text/html;charset=utf-8,HEAD,2026-08-29T13:22:48+00:00
https://www.infineon.com/part/CY8C4125LDE-HVS114,200,valid,http_ok,https://www.infineon.com/part/CY8C4125LDE-HVS114,text/html;charset=utf-8,HEAD,2026-08-29T13:22:48+00:00
https://www.infineon.com/part/CY8C4125LQA-S413,200,valid,http_ok,https://www.infineon.com/part/CY8C4125LQA-S413,text/html;charset=utf-8,HEAD,2026-08-29T13:22:59+00:00
https://www.infineon.com/part/CY8C4125LQA-S423,200,valid,http_ok,https://www.infineon.com/part/CY8C4125LQA-S423,text/html;charset=utf-8,HEAD,2026-08-29T13:22:59+00:00
https://www.infineon.com/part/CY8C4125LQA-S433,200,valid,http_ok,https://www.infineon.com/part/CY8C4125LQA-S433,text/html;charset=utf-8,HEAD,2026-08-29T13:22:59+00:00
https://www.infineon.com/part/CY8C4125LQE-S413,200,valid,http_ok,https://www.infineon.com/part/CY8C4125LQE-S413,text/html;charset=utf-8,HEAD,2026-08-29T13:22:59+00:00
https://www.infineon.com/part/CY8C4125LQE-S423,200,valid,http_ok,https://www.infineon.com/part/CY8C4125LQE-S423,text/html;charset=utf-8,HEAD,2026-08-29T13:22:59+00:00
https://www.infineon.com/part/CY8C4125LQE-S433,200,valid,http_ok,https://www.infineon.com/part/CY8C4125LQE-S433,text/html;charset=utf-8,HEAD,2026-08-29T13:22:59+00:00
https://www.infineon.com/part/CY8C4125LQI-S412,200,valid,http_ok,https://www.infineon.com/part/CY8C4125LQI-S412,text/html;charset=utf-8,HEAD,2026-08-29T13:22:59+00:00
https://www.infineon.com/part/CY8C4125LQI-S413,200,valid,http_ok,https://www.infineon.com/part/CY8C4125LQI-S413,text/html;charset=utf-8,HEAD,2026-08-29T13:23:00+00:00
https://www.infineon.com/part/CY8C4125LQI-S422,200,valid,http_ok,https://www.infineon.com/part/CY8C4125LQI-S422,text/html;charset=utf-8,HEAD,2026-08-29T13:23:00+00:00
https://www.infineon.com/part/CY8C4125LQI-S423,200,valid,http_ok,https://www.infineon.com/part/CY8C4125LQI-S423,text/html;charset=utf-8,HEAD,2026-08-29T13:23:00+00:00
https://www.infineon.com/part/CY8C4125LQI-S432,200,valid,http_ok,https://www.infineon.com/part/CY8C4125LQI-S432,text/html;charset=utf-8,HEAD,2026-08-29T13:23:00+00:00
https://www.infineon.com/part/CY8C4125LQI-S433,200,valid,http_ok,https://www.infineon.com/part/CY8C4125LQI-S433,text/html;charset=utf-8,HEAD,2026-08-29T13:23:00+00:00
https://www.infineon.com/part/CY8C4125LQQ-S432,200,valid,http_ok,https://www.infineon.com/part/CY8C4125LQQ-S432,text/html;charset=utf-8,HEAD,2026-08-29T13:23:00+00:00
https://www.infineon.com/part/CY8C4125LQS-S413,200,valid,http_ok,https://www.infineon.com/part/CY8C4125LQS-S413,text/html;charset=utf-8,HEAD,2026-08-29T13:23:00+00:00
https://www.infineon.com/part/CY8C4125LQS-S423,200,valid,http_ok,https://www.infineon.com/part/CY8C4125LQS-S423,text/html;charset=utf-8,HEAD,2026-08-29T13:23:00+00:00
https://www.infineon.com/part/CY8C4125LQS-S433,200,valid,http_ok,https://www.infineon.com/part/CY8C4125LQS-S433,text/html;charset=utf-8,HEAD,2026-08-29T13:23:00+00:00
https://www.infineon.com/part/CY8C4125LWE-HVS005,200,valid,http_ok,https://www.infineon.com/part/CY8C4125LWE-HVS005,text/html;charset=utf-8,HEAD,2026-08-29T13:22:48+00:00
https://www.infineon.com/part/CY8C4125LWE-HVS015,200,valid,http_ok,https://www.infineon.com/part/CY8C4125LWE-HVS015,text/html;charset=utf-8,HEAD,2026-08-29T13:22:48+00:00
https://www.infineon.com/part/CY8C4125LWE-HVS105,200,valid,http_ok,https://www.infineon.com/part/CY8C4125LWE-HVS105,text/html;charset=utf-8,HEAD,2026-08-29T13:22:49+00:00
https://www.infineon.com/part/CY8C4125LWE-HVS115,200,valid,http_ok,https://www.infineon.com/part/CY8C4125LWE-HVS115,text/html;charset=utf-8,HEAD,2026-08-29T13:22:49+00:00
https://www.infineon.com/part/CY8C4125PVA-S412,200,valid,http_ok,https://www.infineon.com/part/CY8C4125PVA-S412,text/html;charset=utf-8,HEAD,2026-08-29T13:23:00+00:00
https://www.infineon.com/part/CY8C4125PVA-S422,200,valid,http_ok,https://www.infineon.com/part/CY8C4125PVA-S422,text/html;charset=utf-8,HEAD,2026-08-29T13:23:00+00:00
https://www.infineon.com/part/CY8C4125PVA-S432,200,valid,http_ok,https://www.infineon.com/part/CY8C4125PVA-S432,text/html;charset=utf-8,HEAD,2026-08-29T13:23:00+00:00
https://www.infineon.com/part/CY8C4125PVE-S412,200,valid,http_ok,https://www.infineon.com/part/CY8C4125PVE-S412,text/html;charset=utf-8,HEAD,2026-08-29T13:23:00+00:00
https://www.infineon.com/part/CY8C4125PVE-S422,200,valid,http_ok,https://www.infineon.com/part/CY8C4125PVE-S422,text/html;charset=utf-8,HEAD,2026-08-29T13:23:00+00:00
https://www.infineon.com/part/CY8C4125PVE-S432,200,valid,http_ok,https://www.infineon.com/part/CY8C4125PVE-S432,text/html;charset=utf-8,HEAD,2026-08-29T13:23:00+00:00
https://www.infineon.com/part/CY8C4125PVS-S412,200,valid,http_ok,https://www.infineon.com/part/CY8C4125PVS-S412,text/html;charset=utf-8,HEAD,2026-08-29T13:23:00+00:00
https://www.infineon.com/part/CY8C4125PVS-S422,200,valid,http_ok,https://www.infineon.com/part/CY8C4125PVS-S422,text/html;charset=utf-8,HEAD,2026-08-29T13:23:00+00:00
https://www.infineon.com/part/CY8C4125PVS-S432,200,valid,http_ok,https://www.infineon.com/part/CY8C4125PVS-S432,text/html;charset=utf-8,HEAD,2026-08-29T13:23:01+00:00
https://www.infineon.com/part/CY8C4126AXI-S423,200,valid,http_ok,https://www.infineon.com/part/CY8C4126AXI-S423,text/html;charset=utf-8,HEAD,2026-08-29T13:23:01+00:00
https://www.infineon.com/part/CY8C4126AXI-S433,200,valid,http_ok,https://www.infineon.com/part/CY8C4126AXI-S433,text/html;charset=utf-8,HEAD,2026-08-29T13:23:01+00:00
https://www.infineon.com/part/CY8C4126AXI-S443,200,valid,http_ok,https://www.infineon.com/part/CY8C4126AXI-S443,text/html;charset=utf-8,HEAD,2026-08-29T13:23:14+00:00
https://www.infineon.com/part/CY8C4126AXI-S445,200,valid,http_ok,https://www.infineon.com/part/CY8C4126AXI-S445,text/html;charset=utf-8,HEAD,2026-08-29T13:23:14+00:00
https://www.infineon.com/part/CY8C4126AXI-S455,200,valid,http_ok,https://www.infineon.com/part/CY8C4126AXI-S455,text/html;charset=utf-8,HEAD,2026-08-29T13:23:14+00:00
https://www.infineon.com/part/CY8C4126AXQ-S433,200,valid,http_ok,https://www.infineon.com/part/CY8C4126AXQ-S433,text/html;charset=utf-8,HEAD,2026-08-29T13:23:01+00:00
https://www.infineon.com/part/CY8C4126AZA-S455,200,valid,http_ok,https://www.infineon.com/part/CY8C4126AZA-S455,text/html;charset=utf-8,HEAD,2026-08-29T13:23:14+00:00
https://www.infineon.com/part/CY8C4126AZI-S423,200,valid,http_ok,https://www.infineon.com/part/CY8C4126AZI-S423,text/html;charset=utf-8,HEAD,2026-08-29T13:23:01+00:00
https://www.infineon.com/part/CY8C4126AZI-S433,200,valid,http_ok,https://www.infineon.com/part/CY8C4126AZI-S433,text/html;charset=utf-8,HEAD,2026-08-29T13:23:01+00:00
https://www.infineon.com/part/CY8C4126AZI-S445,200,valid,http_ok,https://www.infineon.com/part/CY8C4126AZI-S445,text/html;charset=utf-8,HEAD,2026-08-29T13:23:14+00:00
https://www.infineon.com/part/CY8C4126AZI-S455,200,valid,http_ok,https://www.infineon.com/part/CY8C4126AZI-S455,text/html;charset=utf-8,HEAD,2026-08-29T13:23:14+00:00
https://www.infineon.com/part/CY8C4126AZQ-S423,200,valid,http_ok,https://www.infineon.com/part/CY8C4126AZQ-S423,text/html;charset=utf-8,HEAD,2026-08-29T13:23:01+00:00
https://www.infineon.com/part/CY8C4126AZQ-S433,200,valid,http_ok,https://www.infineon.com/part/CY8C4126AZQ-S433,text/html;charset=utf-8,HEAD,2026-08-29T13:23:01+00:00
https://www.infineon.com/part/CY8C4126AZS-S455,200,valid,http_ok,https://www.infineon.com/part/CY8C4126AZS-S455,text/html;charset=utf-8,HEAD,2026-08-29T13:23:14+00:00
https://www.infineon.com/part/CY8C4126LCE-HV403,200,valid,http_ok,https://www.infineon.com/part/CY8C4126LCE-HV403,text/html;charset=utf-8,HEAD,2026-08-29T13:22:53+00:00
https://www.infineon.com/part/CY8C4126LCE-HV413,200,valid,http_ok,https://www.infineon.com/part/CY8C4126LCE-HV413,text/html;charset=utf-8,HEAD,2026-08-29T13:22:53+00:00
https://www.infineon.com/part/CY8C4126LCE-HV423,200,valid,http_ok,https://www.infineon.com/part/CY8C4126LCE-HV423,text/html;charset=utf-8,HEAD,2026-08-29T13:22:53+00:00
https://www.infineon.com/part/CY8C4126LCE-HVS003,200,valid,http_ok,https://www.infineon.com/part/CY8C4126LCE-HVS003,text/html;charset=utf-8,HEAD,2026-08-29T13:22:49+00:00
https://www.infineon.com/part/CY8C4126LCE-HVS013,200,valid,http_ok,https://www.infineon.com/part/CY8C4126LCE-HVS013,text/html;charset=utf-8,HEAD,2026-08-29T13:22:49+00:00
https://www.infineon.com/part/CY8C4126LCE-HVS103,200,valid,http_ok,https://www.infineon.com/part/CY8C4126LCE-HVS103,text/html;charset=utf-8,HEAD,2026-08-29T13:22:49+00:00
https://www.infineon.com/part/CY8C4126LCE-HVS113,200,valid,http_ok,https://www.infineon.com/part/CY8C4126LCE-HVS113,text/html;charset=utf-8,HEAD,2026-08-29T13:22:49+00:00
https://www.infineon.com/part/CY8C4126LDE-HVS004,200,valid,http_ok,https://www.infineon.com/part/CY8C4126LDE-HVS004,text/html;charset=utf-8,HEAD,2026-08-29T13:22:49+00:00
https://www.infineon.com/part/CY8C4126LDE-HVS014,200,valid,http_ok,https://www.infineon.com/part/CY8C4126LDE-HVS014,text/html;charset=utf-8,HEAD,2026-08-29T13:22:49+00:00
https://www.infineon.com/part/CY8C4126LDE-HVS104,200,valid,http_ok,https://www.infineon.com/part/CY8C4126LDE-HVS104,text/html;charset=utf-8,HEAD,2026-08-29T13:22:49+00:00
https://www.infineon.com/part/CY8C4126LDE-HVS114,200,valid,http_ok,https://www.infineon.com/part/CY8C4126LDE-HVS114,text/html;charset=utf-8,HEAD,2026-08-29T13:22:49+00:00
https://www.infineon.com/part/CY8C4126LWE-HVS005,200,valid,http_ok,https://www.infineon.com/part/CY8C4126LWE-HVS005,text/html;charset=utf-8,HEAD,2026-08-29T13:22:49+00:00
https://www.infineon.com/part/CY8C4126LWE-HVS015,200,valid,http_ok,https://www.infineon.com/part/CY8C4126LWE-HVS015,text/html;charset=utf-8,HEAD,2026-08-29T13:22:49+00:00
https://www.infineon.com/part/CY8C4126LWE-HVS105,200,valid,http_ok,https://www.infineon.com/part/CY8C4126LWE-HVS105,text/html;charset=utf-8,HEAD,2026-08-29T13:22:49+00:00
https://www.infineon.com/part/CY8C4126LWE-HVS115,200,valid,http_ok,https://www.infineon.com/part/CY8C4126LWE-HVS115,text/html;charset=utf-8,HEAD,2026-08-29T13:22:49+00:00
https://www.infineon.com/part/CY8C4127AXI-S443,200,valid,http_ok,https://www.infineon.com/part/CY8C4127AXI-S443,text/html;charset=utf-8,HEAD,2026-08-29T13:23:15+00:00
https://www.infineon.com/part/CY8C4127AXI-S445,200,valid,http_ok,https://www.infineon.com/part/CY8C4127AXI-S445,text/html;charset=utf-8,HEAD,2026-08-29T13:23:15+00:00
https://www.infineon.com/part/CY8C4127AXI-S453,200,valid,http_ok,https://www.infineon.com/part/CY8C4127AXI-S453,text/html;charset=utf-8,HEAD,2026-08-29T13:23:16+00:00
https://www.infineon.com/part/CY8C4127AXI-S455,200,valid,http_ok,https://www.infineon.com/part/CY8C4127AXI-S455,text/html;charset=utf-8,HEAD,2026-08-29T13:23:16+00:00
https://www.infineon.com/part/CY8C4127AZA-S445,200,valid,http_ok,https://www.infineon.com/part/CY8C4127AZA-S445,text/html;charset=utf-8,HEAD,2026-08-29T13:23:16+00:00
https://www.infineon.com/part/CY8C4127AZA-S455,200,valid,http_ok,https://www.infineon.com/part/CY8C4127AZA-S455,text/html;charset=utf-8,HEAD,2026-08-29T13:23:16+00:00
https://www.infineon.com/part/CY8C4127AZI-S443,200,valid,http_ok,https://www.infineon.com/part/CY8C4127AZI-S443,text/html;charset=utf-8,HEAD,2026-08-29T13:23:16+00:00
https://www.infineon.com/part/CY8C4127AZI-S445,200,valid,http_ok,https://www.infineon.com/part/CY8C4127AZI-S445,text/html;charset=utf-8,HEAD,2026-08-29T13:23:16+00:00
https://www.infineon.com/part/CY8C4127AZI-S453,200,valid,http_ok,https://www.infineon.com/part/CY8C4127AZI-S453,text/html;charset=utf-8,HEAD,2026-08-29T13:23:16+00:00
https://www.infineon.com/part/CY8C4127AZI-S455,200,valid,http_ok,https://www.infineon.com/part/CY8C4127AZI-S455,text/html;charset=utf-8,HEAD,2026-08-29T13:23:16+00:00
https://www.infineon.com/part/CY8C4127AZQ-S445,200,valid,http_ok,https://www.infineon.com/part/CY8C4127AZQ-S445,text/html;charset=utf-8,HEAD,2026-08-29T13:23:16+00:00
https://www.infineon.com/part/CY8C4127AZQ-S455,200,valid,http_ok,https://www.infineon.com/part/CY8C4127AZQ-S455,text/html;charset=utf-8,HEAD,2026-08-29T13:23:16+00:00
https://www.infineon.com/part/CY8C4127AZS-S445,200,valid,http_ok,https://www.infineon.com/part/CY8C4127AZS-S445,text/html;charset=utf-8,HEAD,2026-08-29T13:23:16+00:00
https://www.infineon.com/part/CY8C4127AZS-S455,200,valid,http_ok,https://www.infineon.com/part/CY8C4127AZS-S455,text/html;charset=utf-8,HEAD,2026-08-29T13:23:16+00:00
https://www.infineon.com/part/CY8C4127LCE-HV403,200,valid,http_ok,https://www.infineon.com/part/CY8C4127LCE-HV403,text/html;charset=utf-8,HEAD,2026-08-29T13:22:53+00:00
https://www.infineon.com/part/CY8C4127LCE-HV413,200,valid,http_ok,https://www.infineon.com/part/CY8C4127LCE-HV413,text/html;charset=utf-8,HEAD,2026-08-29T13:22:53+00:00
https://www.infineon.com/part/CY8C4127LCE-HV423,200,valid,http_ok,https://www.infineon.com/part/CY8C4127LCE-HV423,text/html;charset=utf-8,HEAD,2026-08-29T13:22:53+00:00
https://www.infineon.com/part/CY8C4127LCE-HVS003,200,valid,http_ok,https://www.infineon.com/part/CY8C4127LCE-HVS003,text/html;charset=utf-8,HEAD,2026-08-29T13:22:49+00:00
https://www.infineon.com/part/CY8C4127LCE-HVS013,200,valid,http_ok,https://www.infineon.com/part/CY8C4127LCE-HVS013,text/html;charset=utf-8,HEAD,2026-08-29T13:22:49+00:00
https://www.infineon.com/part/CY8C4127LCE-HVS103,200,valid,http_ok,https://www.infineon.com/part/CY8C4127LCE-HVS103,text/html;charset=utf-8,HEAD,2026-08-29T13:22:49+00:00
https://www.infineon.com/part/CY8C4127LCE-HVS113,200,valid,http_ok,https://www.infineon.com/part/CY8C4127LCE-HVS113,text/html;charset=utf-8,HEAD,2026-08-29T13:22:49+00:00
https://www.infineon.com/part/CY8C4127LDE-HVS004,200,valid,http_ok,https://www.infineon.com/part/CY8C4127LDE-HVS004,text/html;charset=utf-8,HEAD,2026-08-29T13:22:49+00:00
https://www.infineon.com/part/CY8C4127LDE-HVS014,200,valid,http_ok,https://www.infineon.com/part/CY8C4127LDE-HVS014,text/html;charset=utf-8,HEAD,2026-08-29T13:22:49+00:00
https://www.infineon.com/part/CY8C4127LDE-HVS104,200,valid,http_ok,https://www.infineon.com/part/CY8C4127LDE-HVS104,text/html;charset=utf-8,HEAD,2026-08-29T13:22:50+00:00
https://www.infineon.com/part/CY8C4127LDE-HVS114,200,valid,http_ok,https://www.infineon.com/part/CY8C4127LDE-HVS114,text/html;charset=utf-8,HEAD,2026-08-29T13:22:50+00:00
https://www.infineon.com/part/CY8C4127LQE-HVS006,200,valid,http_ok,https://www.infineon.com/part/CY8C4127LQE-HVS006,text/html;charset=utf-8,HEAD,2026-08-29T13:22:50+00:00
https://www.infineon.com/part/CY8C4127LQE-HVS016,200,valid,http_ok,https://www.infineon.com/part/CY8C4127LQE-HVS016,text/html;charset=utf-8,HEAD,2026-08-29T13:22:50+00:00
https://www.infineon.com/part/CY8C4127LQE-HVS106,200,valid,http_ok,https://www.infineon.com/part/CY8C4127LQE-HVS106,text/html;charset=utf-8,HEAD,2026-08-29T13:22:50+00:00
https://www.infineon.com/part/CY8C4127LQE-HVS116,200,valid,http_ok,https://www.infineon.com/part/CY8C4127LQE-HVS116,text/html;charset=utf-8,HEAD,2026-08-29T13:22:50+00:00
https://www.infineon.com/part/CY8C4127LWE-HVS005,200,valid,http_ok,https://www.infineon.com/part/CY8C4127LWE-HVS005,text/html;charset=utf-8,HEAD,2026-08-29T13:22:50+00:00
https://www.infineon.com/part/CY8C4127LWE-HVS015,200,valid,http_ok,https://www.infineon.com/part/CY8C4127LWE-HVS015,text/html;charset=utf-8,HEAD,2026-08-29T13:22:50+00:00
https://www.infineon.com/part/CY8C4127LWE-HVS105,200,valid,http_ok,https://www.infineon.com/part/CY8C4127LWE-HVS105,text/html;charset=utf-8,HEAD,2026-08-29T13:22:50+00:00
https://www.infineon.com/part/CY8C4127LWE-HVS115,200,valid,http_ok,https://www.infineon.com/part/CY8C4127LWE-HVS115,text/html;charset=utf-8,HEAD,2026-08-29T13:22:50+00:00
https://www.infineon.com/part/CY8C4128AXI-S445,200,valid,http_ok,https://www.infineon.com/part/CY8C4128AXI-S445,text/html;charset=utf-8,HEAD,2026-08-29T13:23:19+00:00
https://www.infineon.com/part/CY8C4128AXI-S455,200,valid,http_ok,https://www.infineon.com/part/CY8C4128AXI-S455,text/html;charset=utf-8,HEAD,2026-08-29T13:23:19+00:00
https://www.infineon.com/part/CY8C4128AZI-S443,200,valid,http_ok,https://www.infineon.com/part/CY8C4128AZI-S443,text/html;charset=utf-8,HEAD,2026-08-29T13:23:19+00:00
https://www.infineon.com/part/CY8C4128AZI-S445,200,valid,http_ok,https://www.infineon.com/part/CY8C4128AZI-S445,text/html;charset=utf-8,HEAD,2026-08-29T13:23:19+00:00
https://www.infineon.com/part/CY8C4128AZI-S453,200,valid,http_ok,https://www.infineon.com/part/CY8C4128AZI-S453,text/html;charset=utf-8,HEAD,2026-08-29T13:23:19+00:00
https://www.infineon.com/part/CY8C4128AZI-S455,200,valid,http_ok,https://www.infineon.com/part/CY8C4128AZI-S455,text/html;charset=utf-8,HEAD,2026-08-29T13:23:19+00:00
https://www.infineon.com/part/CY8C4145AXI-S423,200,valid,http_ok,https://www.infineon.com/part/CY8C4145AXI-S423,text/html;charset=utf-8,HEAD,2026-08-29T13:23:01+00:00
https://www.infineon.com/part/CY8C4145AXI-S433,200,valid,http_ok,https://www.infineon.com/part/CY8C4145AXI-S433,text/html;charset=utf-8,HEAD,2026-08-29T13:23:01+00:00
https://www.infineon.com/part/CY8C4145AXQ-S433,200,valid,http_ok,https://www.infineon.com/part/CY8C4145AXQ-S433,text/html;charset=utf-8,HEAD,2026-08-29T13:23:01+00:00
https://www.infineon.com/part/CY8C4145AZI-S423,200,valid,http_ok,https://www.infineon.com/part/CY8C4145AZI-S423,text/html;charset=utf-8,HEAD,2026-08-29T13:23:01+00:00
https://www.infineon.com/part/CY8C4145AZQ-S433,200,valid,http_ok,https://www.infineon.com/part/CY8C4145AZQ-S433,text/html;charset=utf-8,HEAD,2026-08-29T13:23:01+00:00
https://www.infineon.com/part/CY8C4146AXI-S423,200,valid,http_ok,https://www.infineon.com/part/CY8C4146AXI-S423,text/html;charset=utf-8,HEAD,2026-08-29T13:23:01+00:00
https://www.infineon.com/part/CY8C4146AXI-S433,200,valid,http_ok,https://www.infineon.com/part/CY8C4146AXI-S433,text/html;charset=utf-8,HEAD,2026-08-29T13:23:01+00:00
https://www.infineon.com/part/CY8C4146AXI-S443,200,valid,http_ok,https://www.infineon.com/part/CY8C4146AXI-S443,text/html;charset=utf-8,HEAD,2026-08-29T13:23:14+00:00
https://www.infineon.com/part/CY8C4146AXI-S445,200,valid,http_ok,https://www.infineon.com/part/CY8C4146AXI-S445,text/html;charset=utf-8,HEAD,2026-08-29T13:23:15+00:00
https://www.infineon.com/part/CY8C4146AXI-S453,200,valid,http_ok,https://www.infineon.com/part/CY8C4146AXI-S453,text/html;charset=utf-8,HEAD,2026-08-29T13:23:15+00:00
https://www.infineon.com/part/CY8C4146AXI-S455,200,valid,http_ok,https://www.infineon.com/part/CY8C4146AXI-S455,text/html;charset=utf-8,HEAD,2026-08-29T13:23:15+00:00
https://www.infineon.com/part/CY8C4146AXI-T403,200,valid,http_ok,https://www.infineon.com/part/CY8C4146AXI-T403,text/html;charset=utf-8,HEAD,2026-08-29T13:23:20+00:00
https://www.infineon.com/part/CY8C4146AXI-T413,200,valid,http_ok,https://www.infineon.com/part/CY8C4146AXI-T413,text/html;charset=utf-8,HEAD,2026-08-29T13:23:20+00:00
https://www.infineon.com/part/CY8C4146AXI-T453,200,valid,http_ok,https://www.infineon.com/part/CY8C4146AXI-T453,text/html;charset=utf-8,HEAD,2026-08-29T13:23:20+00:00
https://www.infineon.com/part/CY8C4146AXQ-S423,200,valid,http_ok,https://www.infineon.com/part/CY8C4146AXQ-S423,text/html;charset=utf-8,HEAD,2026-08-29T13:23:01+00:00
https://www.infineon.com/part/CY8C4146AXQ-S433,200,valid,http_ok,https://www.infineon.com/part/CY8C4146AXQ-S433,text/html;charset=utf-8,HEAD,2026-08-29T13:23:01+00:00
https://www.infineon.com/part/CY8C4146AZA-S245,200,valid,http_ok,https://www.infineon.com/part/CY8C4146AZA-S245,text/html;charset=utf-8,HEAD,2026-08-29T13:23:15+00:00
https://www.infineon.com/part/CY8C4146AZA-S255,200,valid,http_ok,https://www.infineon.com/part/CY8C4146AZA-S255,text/html;charset=utf-8,HEAD,2026-08-29T13:23:15+00:00
https://www.infineon.com/part/CY8C4146AZA-S265,200,valid,http_ok,https://www.infineon.com/part/CY8C4146AZA-S265,text/html;charset=utf-8,HEAD,2026-08-29T13:23:15+00:00
https://www.infineon.com/part/CY8C4146AZA-S275,200,valid,http_ok,https://www.infineon.com/part/CY8C4146AZA-S275,text/html;charset=utf-8,HEAD,2026-08-29T13:23:15+00:00
https://www.infineon.com/part/CY8C4146AZA-S455,200,valid,http_ok,https://www.infineon.com/part/CY8C4146AZA-S455,text/html;charset=utf-8,HEAD,2026-08-29T13:23:15+00:00
https://www.infineon.com/part/CY8C4146AZI-S423,200,valid,http_ok,https://www.infineon.com/part/CY8C4146AZI-S423,text/html;charset=utf-8,HEAD,2026-08-29T13:23:01+00:00
https://www.infineon.com/part/CY8C4146AZI-S433,200,valid,http_ok,https://www.infineon.com/part/CY8C4146AZI-S433,text/html;charset=utf-8,HEAD,2026-08-29T13:23:01+00:00
https://www.infineon.com/part/CY8C4146AZI-S443,200,valid,http_ok,https://www.infineon.com/part/CY8C4146AZI-S443,text/html;charset=utf-8,HEAD,2026-08-29T13:23:15+00:00
https://www.infineon.com/part/CY8C4146AZI-S445,200,valid,http_ok,https://www.infineon.com/part/CY8C4146AZI-S445,text/html;charset=utf-8,HEAD,2026-08-29T13:23:15+00:00
https://www.infineon.com/part/CY8C4146AZI-S453,200,valid,http_ok,https://www.infineon.com/part/CY8C4146AZI-S453,text/html;charset=utf-8,HEAD,2026-08-29T13:23:15+00:00
https://www.infineon.com/part/CY8C4146AZI-S455,200,valid,http_ok,https://www.infineon.com/part/CY8C4146AZI-S455,text/html;charset=utf-8,HEAD,2026-08-29T13:23:15+00:00
https://www.infineon.com/part/CY8C4146AZI-S463,200,valid,http_ok,https://www.infineon.com/part/CY8C4146AZI-S463,text/html;charset=utf-8,HEAD,2026-08-29T13:23:15+00:00
https://www.infineon.com/part/CY8C4146AZI-T403,200,valid,http_ok,https://www.infineon.com/part/CY8C4146AZI-T403,text/html;charset=utf-8,HEAD,2026-08-29T13:23:20+00:00
https://www.infineon.com/part/CY8C4146AZI-T405,200,valid,http_ok,https://www.infineon.com/part/CY8C4146AZI-T405,text/html;charset=utf-8,HEAD,2026-08-29T13:23:20+00:00
https://www.infineon.com/part/CY8C4146AZI-T413,200,valid,http_ok,https://www.infineon.com/part/CY8C4146AZI-T413,text/html;charset=utf-8,HEAD,2026-08-29T13:23:20+00:00
https://www.infineon.com/part/CY8C4146AZI-T415,200,valid,http_ok,https://www.infineon.com/part/CY8C4146AZI-T415,text/html;charset=utf-8,HEAD,2026-08-29T13:23:20+00:00
https://www.infineon.com/part/CY8C4146AZI-T453,200,valid,http_ok,https://www.infineon.com/part/CY8C4146AZI-T453,text/html;charset=utf-8,HEAD,2026-08-29T13:23:20+00:00
https://www.infineon.com/part/CY8C4146AZI-T455,200,valid,http_ok,https://www.infineon.com/part/CY8C4146AZI-T455,text/html;charset=utf-8,HEAD,2026-08-29T13:23:20+00:00
https://www.infineon.com/part/CY8C4146AZQ-S423,200,valid,http_ok,https://www.infineon.com/part/CY8C4146AZQ-S423,text/html;charset=utf-8,HEAD,2026-08-29T13:23:01+00:00
https://www.infineon.com/part/CY8C4146AZQ-S433,200,valid,http_ok,https://www.infineon.com/part/CY8C4146AZQ-S433,text/html;charset=utf-8,HEAD,2026-08-29T13:23:01+00:00
https://www.infineon.com/part/CY8C4146AZQ-S445,200,valid,http_ok,https://www.infineon.com/part/CY8C4146AZQ-S445,text/html;charset=utf-8,HEAD,2026-08-29T13:23:15+00:00
https://www.infineon.com/part/CY8C4146AZQ-S455,200,valid,http_ok,https://www.infineon.com/part/CY8C4146AZQ-S455,text/html;charset=utf-8,HEAD,2026-08-29T13:23:15+00:00
https://www.infineon.com/part/CY8C4146AZQ-T413,200,valid,http_ok,https://www.infineon.com/part/CY8C4146AZQ-T413,text/html;charset=utf-8,HEAD,2026-08-29T13:23:20+00:00
https://www.infineon.com/part/CY8C4146AZQ-T453,200,valid,http_ok,https://www.infineon.com/part/CY8C4146AZQ-T453,text/html;charset=utf-8,HEAD,2026-08-29T13:23:20+00:00
https://www.infineon.com/part/CY8C4146AZS-S245,200,valid,http_ok,https://www.infineon.com/part/CY8C4146AZS-S245,text/html;charset=utf-8,HEAD,2026-08-29T13:23:15+00:00
https://www.infineon.com/part/CY8C4146AZS-S255,200,valid,http_ok,https://www.infineon.com/part/CY8C4146AZS-S255,text/html;charset=utf-8,HEAD,2026-08-29T13:23:15+00:00
https://www.infineon.com/part/CY8C4146AZS-S265,200,valid,http_ok,https://www.infineon.com/part/CY8C4146AZS-S265,text/html;charset=utf-8,HEAD,2026-08-29T13:23:15+00:00
https://www.infineon.com/part/CY8C4146AZS-S275,200,valid,http_ok,https://www.infineon.com/part/CY8C4146AZS-S275,text/html;charset=utf-8,HEAD,2026-08-29T13:23:15+00:00
https://www.infineon.com/part/CY8C4146AZS-S455,200,valid,http_ok,https://www.infineon.com/part/CY8C4146AZS-S455,text/html;charset=utf-8,HEAD,2026-08-29T13:23:15+00:00
https://www.infineon.com/part/CY8C4146FNI-S423T,200,valid,http_ok,https://www.infineon.com/part/CY8C4146FNI-S423T,text/html;charset=utf-8,HEAD,2026-08-29T13:23:02+00:00
https://www.infineon.com/part/CY8C4146FNI-S433T,200,valid,http_ok,https://www.infineon.com/part/CY8C4146FNI-S433T,text/html;charset=utf-8,HEAD,2026-08-29T13:23:02+00:00
https://www.infineon.com/part/CY8C4146FNI-S443T,200,valid,http_ok,https://www.infineon.com/part/CY8C4146FNI-S443T,text/html;charset=utf-8,HEAD,2026-08-29T13:23:02+00:00
https://www.infineon.com/part/CY8C4146LCE-HVS003,200,valid,http_ok,https://www.infineon.com/part/CY8C4146LCE-HVS003,text/html;charset=utf-8,HEAD,2026-08-29T13:22:50+00:00
https://www.infineon.com/part/CY8C4146LCE-HVS003X,200,valid,http_ok,https://www.infineon.com/part/CY8C4146LCE-HVS003X,text/html;charset=utf-8,HEAD,2026-08-29T13:22:50+00:00
https://www.infineon.com/part/CY8C4146LCE-HVS013,200,valid,http_ok,https://www.infineon.com/part/CY8C4146LCE-HVS013,text/html;charset=utf-8,HEAD,2026-08-29T13:22:50+00:00
https://www.infineon.com/part/CY8C4146LCE-HVS013X,200,valid,http_ok,https://www.infineon.com/part/CY8C4146LCE-HVS013X,text/html;charset=utf-8,HEAD,2026-08-29T13:22:50+00:00
https://www.infineon.com/part/CY8C4146LCE-HVS103,200,valid,http_ok,https://www.infineon.com/part/CY8C4146LCE-HVS103,text/html;charset=utf-8,HEAD,2026-08-29T13:22:50+00:00
https://www.infineon.com/part/CY8C4146LCE-HVS103X,200,valid,http_ok,https://www.infineon.com/part/CY8C4146LCE-HVS103X,text/html;charset=utf-8,HEAD,2026-08-29T13:22:50+00:00
https://www.infineon.com/part/CY8C4146LCE-HVS113,200,valid,http_ok,https://www.infineon.com/part/CY8C4146LCE-HVS113,text/html;charset=utf-8,HEAD,2026-08-29T13:22:50+00:00
https://www.infineon.com/part/CY8C4146LCE-HVS113X,200,valid,http_ok,https://www.infineon.com/part/CY8C4146LCE-HVS113X,text/html;charset=utf-8,HEAD,2026-08-29T13:22:50+00:00
https://www.infineon.com/part/CY8C4146LDE-HVS004,200,valid,http_ok,https://www.infineon.com/part/CY8C4146LDE-HVS004,text/html;charset=utf-8,HEAD,2026-08-29T13:22:50+00:00
https://www.infineon.com/part/CY8C4146LDE-HVS004X,200,valid,http_ok,https://www.infineon.com/part/CY8C4146LDE-HVS004X,text/html;charset=utf-8,HEAD,2026-08-29T13:22:50+00:00
https://www.infineon.com/part/CY8C4146LDE-HVS014,200,valid,http_ok,https://www.infineon.com/part/CY8C4146LDE-HVS014,text/html;charset=utf-8,HEAD,2026-08-29T13:22:50+00:00
https://www.infineon.com/part/CY8C4146LDE-HVS014X,200,valid,http_ok,https://www.infineon.com/part/CY8C4146LDE-HVS014X,text/html;charset=utf-8,HEAD,2026-08-29T13:22:50+00:00
https://www.infineon.com/part/CY8C4146LDE-HVS104,200,valid,http_ok,https://www.infineon.com/part/CY8C4146LDE-HVS104,text/html;charset=utf-8,HEAD,2026-08-29T13:22:50+00:00
https://www.infineon.com/part/CY8C4146LDE-HVS104X,200,valid,http_ok,https://www.infineon.com/part/CY8C4146LDE-HVS104X,text/html;charset=utf-8,HEAD,2026-08-29T13:22:50+00:00
https://www.infineon.com/part/CY8C4146LDE-HVS114,200,valid,http_ok,https://www.infineon.com/part/CY8C4146LDE-HVS114,text/html;charset=utf-8,HEAD,2026-08-29T13:22:50+00:00
https://www.infineon.com/part/CY8C4146LDE-HVS114X,200,valid,http_ok,https://www.infineon.com/part/CY8C4146LDE-HVS114X,text/html;charset=utf-8,HEAD,2026-08-29T13:22:51+00:00
https://www.infineon.com/part/CY8C4146LQA-S423,200,valid,http_ok,https://www.infineon.com/part/CY8C4146LQA-S423,text/html;charset=utf-8,HEAD,2026-08-29T13:23:02+00:00
https://www.infineon.com/part/CY8C4146LQA-S433,200,valid,http_ok,https://www.infineon.com/part/CY8C4146LQA-S433,text/html;charset=utf-8,HEAD,2026-08-29T13:23:02+00:00
https://www.infineon.com/part/CY8C4146LQE-S423,200,valid,http_ok,https://www.infineon.com/part/CY8C4146LQE-S423,text/html;charset=utf-8,HEAD,2026-08-29T13:23:02+00:00
https://www.infineon.com/part/CY8C4146LQE-S433,200,valid,http_ok,https://www.infineon.com/part/CY8C4146LQE-S433,text/html;charset=utf-8,HEAD,2026-08-29T13:23:02+00:00
https://www.infineon.com/part/CY8C4146LQI-S422,200,valid,http_ok,https://www.infineon.com/part/CY8C4146LQI-S422,text/html;charset=utf-8,HEAD,2026-08-29T13:23:02+00:00
https://www.infineon.com/part/CY8C4146LQI-S423,200,valid,http_ok,https://www.infineon.com/part/CY8C4146LQI-S423,text/html;charset=utf-8,HEAD,2026-08-29T13:23:02+00:00
https://www.infineon.com/part/CY8C4146LQI-S432,200,valid,http_ok,https://www.infineon.com/part/CY8C4146LQI-S432,text/html;charset=utf-8,HEAD,2026-08-29T13:23:02+00:00
https://www.infineon.com/part/CY8C4146LQI-S433,200,valid,http_ok,https://www.infineon.com/part/CY8C4146LQI-S433,text/html;charset=utf-8,HEAD,2026-08-29T13:23:02+00:00
https://www.infineon.com/part/CY8C4146LQI-T403,200,valid,http_ok,https://www.infineon.com/part/CY8C4146LQI-T403,text/html;charset=utf-8,HEAD,2026-08-29T13:23:20+00:00
https://www.infineon.com/part/CY8C4146LQI-T413,200,valid,http_ok,https://www.infineon.com/part/CY8C4146LQI-T413,text/html;charset=utf-8,HEAD,2026-08-29T13:23:20+00:00
https://www.infineon.com/part/CY8C4146LQI-T453,200,valid,http_ok,https://www.infineon.com/part/CY8C4146LQI-T453,text/html;charset=utf-8,HEAD,2026-08-29T13:23:20+00:00
https://www.infineon.com/part/CY8C4146LQQ-S422,200,valid,http_ok,https://www.infineon.com/part/CY8C4146LQQ-S422,text/html;charset=utf-8,HEAD,2026-08-29T13:23:02+00:00
https://www.infineon.com/part/CY8C4146LQQ-S432,200,valid,http_ok,https://www.infineon.com/part/CY8C4146LQQ-S432,text/html;charset=utf-8,HEAD,2026-08-29T13:23:02+00:00
https://www.infineon.com/part/CY8C4146LQS-S423,200,valid,http_ok,https://www.infineon.com/part/CY8C4146LQS-S423,text/html;charset=utf-8,HEAD,2026-08-29T13:23:02+00:00
https://www.infineon.com/part/CY8C4146LQS-S433,200,valid,http_ok,https://www.infineon.com/part/CY8C4146LQS-S433,text/html;charset=utf-8,HEAD,2026-08-29T13:23:02+00:00
https://www.infineon.com/part/CY8C4146LWE-HVS005,200,valid,http_ok,https://www.infineon.com/part/CY8C4146LWE-HVS005,text/html;charset=utf-8,HEAD,2026-08-29T13:22:51+00:00
https://www.infineon.com/part/CY8C4146LWE-HVS005X,200,valid,http_ok,https://www.infineon.com/part/CY8C4146LWE-HVS005X,text/html;charset=utf-8,HEAD,2026-08-29T13:22:51+00:00
https://www.infineon.com/part/CY8C4146LWE-HVS015,200,valid,http_ok,https://www.infineon.com/part/CY8C4146LWE-HVS015,text/html;charset=utf-8,HEAD,2026-08-29T13:22:51+00:00
https://www.infineon.com/part/CY8C4146LWE-HVS015X,200,valid,http_ok,https://www.infineon.com/part/CY8C4146LWE-HVS015X,text/html;charset=utf-8,HEAD,2026-08-29T13:22:51+00:00
https://www.infineon.com/part/CY8C4146LWE-HVS105,200,valid,http_ok,https://www.infineon.com/part/CY8C4146LWE-HVS105,text/html;charset=utf-8,HEAD,2026-08-29T13:22:51+00:00
https://www.infineon.com/part/CY8C4146LWE-HVS105X,200,valid,http_ok,https://www.infineon.com/part/CY8C4146LWE-HVS105X,text/html;charset=utf-8,HEAD,2026-08-29T13:22:51+00:00
https://www.infineon.com/part/CY8C4146LWE-HVS115,200,valid,http_ok,https://www.infineon.com/part/CY8C4146LWE-HVS115,text/html;charset=utf-8,HEAD,2026-08-29T13:22:51+00:00
https://www.infineon.com/part/CY8C4146LWE-HVS115X,200,valid,http_ok,https://www.infineon.com/part/CY8C4146LWE-HVS115X,text/html;charset=utf-8,HEAD,2026-08-29T13:22:51+00:00
https://www.infineon.com/part/CY8C4146PVA-S422,200,valid,http_ok,https://www.infineon.com/part/CY8C4146PVA-S422,text/html;charset=utf-8,HEAD,2026-08-29T13:23:02+00:00
https://www.infineon.com/part/CY8C4146PVA-S432,200,valid,http_ok,https://www.infineon.com/part/CY8C4146PVA-S432,text/html;charset=utf-8,HEAD,2026-08-29T13:23:02+00:00
https://www.infineon.com/part/CY8C4146PVE-S422,200,valid,http_ok,https://www.infineon.com/part/CY8C4146PVE-S422,text/html;charset=utf-8,HEAD,2026-08-29T13:23:02+00:00
https://www.infineon.com/part/CY8C4146PVE-S432,200,valid,http_ok,https://www.infineon.com/part/CY8C4146PVE-S432,text/html;charset=utf-8,HEAD,2026-08-29T13:23:02+00:00
https://www.infineon.com/part/CY8C4146PVS-S422,200,valid,http_ok,https://www.infineon.com/part/CY8C4146PVS-S422,text/html;charset=utf-8,HEAD,2026-08-29T13:23:03+00:00
https://www.infineon.com/part/CY8C4146PVS-S432,200,valid,http_ok,https://www.infineon.com/part/CY8C4146PVS-S432,text/html;charset=utf-8,HEAD,2026-08-29T13:23:03+00:00
https://www.infineon.com/part/CY8C4147AXI-S443,200,valid,http_ok,https://www.infineon.com/part/CY8C4147AXI-S443,text/html;charset=utf-8,HEAD,2026-08-29T13:23:16+00:00
https://www.infineon.com/part/CY8C4147AXI-S445,200,valid,http_ok,https://www.infineon.com/part/CY8C4147AXI-S445,text/html;charset=utf-8,HEAD,2026-08-29T13:23:16+00:00
https://www.infineon.com/part/CY8C4147AXI-S453,200,valid,http_ok,https://www.infineon.com/part/CY8C4147AXI-S453,text/html;charset=utf-8,HEAD,2026-08-29T13:23:16+00:00
https://www.infineon.com/part/CY8C4147AXI-S455,200,valid,http_ok,https://www.infineon.com/part/CY8C4147AXI-S455,text/html;charset=utf-8,HEAD,2026-08-29T13:23:16+00:00
https://www.infineon.com/part/CY8C4147AXI-S465,200,valid,http_ok,https://www.infineon.com/part/CY8C4147AXI-S465,text/html;charset=utf-8,HEAD,2026-08-29T13:23:16+00:00
https://www.infineon.com/part/CY8C4147AXI-S475,200,valid,http_ok,https://www.infineon.com/part/CY8C4147AXI-S475,text/html;charset=utf-8,HEAD,2026-08-29T13:23:16+00:00
https://www.infineon.com/part/CY8C4147AXI-T403,200,valid,http_ok,https://www.infineon.com/part/CY8C4147AXI-T403,text/html;charset=utf-8,HEAD,2026-08-29T13:23:20+00:00
https://www.infineon.com/part/CY8C4147AXI-T413,200,valid,http_ok,https://www.infineon.com/part/CY8C4147AXI-T413,text/html;charset=utf-8,HEAD,2026-08-29T13:23:20+00:00
https://www.infineon.com/part/CY8C4147AXI-T453,200,valid,http_ok,https://www.infineon.com/part/CY8C4147AXI-T453,text/html;charset=utf-8,HEAD,2026-08-29T13:23:20+00:00
https://www.infineon.com/part/CY8C4147AXI-T463,200,valid,http_ok,https://www.infineon.com/part/CY8C4147AXI-T463,text/html;charset=utf-8,HEAD,2026-08-29T13:23:21+00:00
https://www.infineon.com/part/CY8C4147AXI-T473,200,valid,http_ok,https://www.infineon.com/part/CY8C4147AXI-T473,text/html;charset=utf-8,HEAD,2026-08-29T13:23:21+00:00
https://www.infineon.com/part/CY8C4147AXQ-T493,200,valid,http_ok,https://www.infineon.com/part/CY8C4147AXQ-T493,text/html;charset=utf-8,HEAD,2026-08-29T13:23:21+00:00
https://www.infineon.com/part/CY8C4147AZA-S245,200,valid,http_ok,https://www.infineon.com/part/CY8C4147AZA-S245,text/html;charset=utf-8,HEAD,2026-08-29T13:23:16+00:00
https://www.infineon.com/part/CY8C4147AZA-S255,200,valid,http_ok,https://www.infineon.com/part/CY8C4147AZA-S255,text/html;charset=utf-8,HEAD,2026-08-29T13:23:16+00:00
https://www.infineon.com/part/CY8C4147AZA-S265,200,valid,http_ok,https://www.infineon.com/part/CY8C4147AZA-S265,text/html;charset=utf-8,HEAD,2026-08-29T13:23:17+00:00
https://www.infineon.com/part/CY8C4147AZA-S275,200,valid,http_ok,https://www.infineon.com/part/CY8C4147AZA-S275,text/html;charset=utf-8,HEAD,2026-08-29T13:23:17+00:00
https://www.infineon.com/part/CY8C4147AZA-S285,200,valid,http_ok,https://www.infineon.com/part/CY8C4147AZA-S285,text/html;charset=utf-8,HEAD,2026-08-29T13:23:17+00:00
https://www.infineon.com/part/CY8C4147AZA-S295,200,valid,http_ok,https://www.infineon.com/part/CY8C4147AZA-S295,text/html;charset=utf-8,HEAD,2026-08-29T13:23:17+00:00
https://www.infineon.com/part/CY8C4147AZA-S445,200,valid,http_ok,https://www.infineon.com/part/CY8C4147AZA-S445,text/html;charset=utf-8,HEAD,2026-08-29T13:23:17+00:00
https://www.infineon.com/part/CY8C4147AZA-S455,200,valid,http_ok,https://www.infineon.com/part/CY8C4147AZA-S455,text/html;charset=utf-8,HEAD,2026-08-29T13:23:17+00:00
https://www.infineon.com/part/CY8C4147AZA-S465,200,valid,http_ok,https://www.infineon.com/part/CY8C4147AZA-S465,text/html;charset=utf-8,HEAD,2026-08-29T13:23:17+00:00
https://www.infineon.com/part/CY8C4147AZA-S475,200,valid,http_ok,https://www.infineon.com/part/CY8C4147AZA-S475,text/html;charset=utf-8,HEAD,2026-08-29T13:23:17+00:00
https://www.infineon.com/part/CY8C4147AZA-S548,200,valid,http_ok,https://www.infineon.com/part/CY8C4147AZA-S548,text/html;charset=utf-8,HEAD,2026-08-29T13:23:03+00:00
https://www.infineon.com/part/CY8C4147AZA-S555,200,valid,http_ok,https://www.infineon.com/part/CY8C4147AZA-S555,text/html;charset=utf-8,HEAD,2026-08-29T13:23:03+00:00
https://www.infineon.com/part/CY8C4147AZA-S558,200,valid,http_ok,https://www.infineon.com/part/CY8C4147AZA-S558,text/html;charset=utf-8,HEAD,2026-08-29T13:23:03+00:00
https://www.infineon.com/part/CY8C4147AZA-S565,200,valid,http_ok,https://www.infineon.com/part/CY8C4147AZA-S565,text/html;charset=utf-8,HEAD,2026-08-29T13:23:03+00:00
https://www.infineon.com/part/CY8C4147AZA-S568,200,valid,http_ok,https://www.infineon.com/part/CY8C4147AZA-S568,text/html;charset=utf-8,HEAD,2026-08-29T13:23:03+00:00
https://www.infineon.com/part/CY8C4147AZA-S575,200,valid,http_ok,https://www.infineon.com/part/CY8C4147AZA-S575,text/html;charset=utf-8,HEAD,2026-08-29T13:23:04+00:00
https://www.infineon.com/part/CY8C4147AZA-S578,200,valid,http_ok,https://www.infineon.com/part/CY8C4147AZA-S578,text/html;charset=utf-8,HEAD,2026-08-29T13:23:04+00:00
https://www.infineon.com/part/CY8C4147AZA-S585,200,valid,http_ok,https://www.infineon.com/part/CY8C4147AZA-S585,text/html;charset=utf-8,HEAD,2026-08-29T13:23:04+00:00
https://www.infineon.com/part/CY8C4147AZA-S588,200,valid,http_ok,https://www.infineon.com/part/CY8C4147AZA-S588,text/html;charset=utf-8,HEAD,2026-08-29T13:23:04+00:00
https://www.infineon.com/part/CY8C4147AZA-S595,200,valid,http_ok,https://www.infineon.com/part/CY8C4147AZA-S595,text/html;charset=utf-8,HEAD,2026-08-29T13:23:04+00:00
https://www.infineon.com/part/CY8C4147AZA-S598,200,valid,http_ok,https://www.infineon.com/part/CY8C4147AZA-S598,text/html;charset=utf-8,HEAD,2026-08-29T13:23:04+00:00
https://www.infineon.com/part/CY8C4147AZE-S475,200,valid,http_ok,https://www.infineon.com/part/CY8C4147AZE-S475,text/html;charset=utf-8,HEAD,2026-08-29T13:23:17+00:00
https://www.infineon.com/part/CY8C4147AZE-S548,200,valid,http_ok,https://www.infineon.com/part/CY8C4147AZE-S548,text/html;charset=utf-8,HEAD,2026-08-29T13:23:05+00:00
https://www.infineon.com/part/CY8C4147AZE-S555,200,valid,http_ok,https://www.infineon.com/part/CY8C4147AZE-S555,text/html;charset=utf-8,HEAD,2026-08-29T13:23:05+00:00
https://www.infineon.com/part/CY8C4147AZE-S558,200,valid,http_ok,https://www.infineon.com/part/CY8C4147AZE-S558,text/html;charset=utf-8,HEAD,2026-08-29T13:23:05+00:00
https://www.infineon.com/part/CY8C4147AZE-S565,200,valid,http_ok,https://www.infineon.com/part/CY8C4147AZE-S565,text/html;charset=utf-8,HEAD,2026-08-29T13:23:05+00:00
https://www.infineon.com/part/CY8C4147AZE-S568,200,valid,http_ok,https://www.infineon.com/part/CY8C4147AZE-S568,text/html;charset=utf-8,HEAD,2026-08-29T13:23:05+00:00
https://www.infineon.com/part/CY8C4147AZE-S575,200,valid,http_ok,https://www.infineon.com/part/CY8C4147AZE-S575,text/html;charset=utf-8,HEAD,2026-08-29T13:23:05+00:00
https://www.infineon.com/part/CY8C4147AZE-S578,200,valid,http_ok,https://www.infineon.com/part/CY8C4147AZE-S578,text/html;charset=utf-8,HEAD,2026-08-29T13:23:06+00:00
https://www.infineon.com/part/CY8C4147AZE-S585,200,valid,http_ok,https://www.infineon.com/part/CY8C4147AZE-S585,text/html;charset=utf-8,HEAD,2026-08-29T13:23:06+00:00
https://www.infineon.com/part/CY8C4147AZE-S588,200,valid,http_ok,https://www.infineon.com/part/CY8C4147AZE-S588,text/html;charset=utf-8,HEAD,2026-08-29T13:23:06+00:00
https://www.infineon.com/part/CY8C4147AZE-S595,200,valid,http_ok,https://www.infineon.com/part/CY8C4147AZE-S595,text/html;charset=utf-8,HEAD,2026-08-29T13:23:06+00:00
https://www.infineon.com/part/CY8C4147AZE-S598,200,valid,http_ok,https://www.infineon.com/part/CY8C4147AZE-S598,text/html;charset=utf-8,HEAD,2026-08-29T13:23:06+00:00
https://www.infineon.com/part/CY8C4147AZI-S443,200,valid,http_ok,https://www.infineon.com/part/CY8C4147AZI-S443,text/html;charset=utf-8,HEAD,2026-08-29T13:23:17+00:00
https://www.infineon.com/part/CY8C4147AZI-S445,200,valid,http_ok,https://www.infineon.com/part/CY8C4147AZI-S445,text/html;charset=utf-8,HEAD,2026-08-29T13:23:17+00:00
https://www.infineon.com/part/CY8C4147AZI-S453,200,valid,http_ok,https://www.infineon.com/part/CY8C4147AZI-S453,text/html;charset=utf-8,HEAD,2026-08-29T13:23:17+00:00
https://www.infineon.com/part/CY8C4147AZI-S455,200,valid,http_ok,https://www.infineon.com/part/CY8C4147AZI-S455,text/html;charset=utf-8,HEAD,2026-08-29T13:23:17+00:00
https://www.infineon.com/part/CY8C4147AZI-S463,200,valid,http_ok,https://www.infineon.com/part/CY8C4147AZI-S463,text/html;charset=utf-8,HEAD,2026-08-29T13:23:17+00:00
https://www.infineon.com/part/CY8C4147AZI-S465,200,valid,http_ok,https://www.infineon.com/part/CY8C4147AZI-S465,text/html;charset=utf-8,HEAD,2026-08-29T13:23:17+00:00
https://www.infineon.com/part/CY8C4147AZI-S475,200,valid,http_ok,https://www.infineon.com/part/CY8C4147AZI-S475,text/html;charset=utf-8,HEAD,2026-08-29T13:23:17+00:00
https://www.infineon.com/part/CY8C4147AZI-T403,200,valid,http_ok,https://www.infineon.com/part/CY8C4147AZI-T403,text/html;charset=utf-8,HEAD,2026-08-29T13:23:20+00:00
https://www.infineon.com/part/CY8C4147AZI-T405,200,valid,http_ok,https://www.infineon.com/part/CY8C4147AZI-T405,text/html;charset=utf-8,HEAD,2026-08-29T13:23:21+00:00
https://www.infineon.com/part/CY8C4147AZI-T413,200,valid,http_ok,https://www.infineon.com/part/CY8C4147AZI-T413,text/html;charset=utf-8,HEAD,2026-08-29T13:23:21+00:00
https://www.infineon.com/part/CY8C4147AZI-T415,200,valid,http_ok,https://www.infineon.com/part/CY8C4147AZI-T415,text/html;charset=utf-8,HEAD,2026-08-29T13:23:21+00:00
https://www.infineon.com/part/CY8C4147AZI-T453,200,valid,http_ok,https://www.infineon.com/part/CY8C4147AZI-T453,text/html;charset=utf-8,HEAD,2026-08-29T13:23:21+00:00
https://www.infineon.com/part/CY8C4147AZI-T455,200,valid,http_ok,https://www.infineon.com/part/CY8C4147AZI-T455,text/html;charset=utf-8,HEAD,2026-08-29T13:23:21+00:00
https://www.infineon.com/part/CY8C4147AZI-T463,200,valid,http_ok,https://www.infineon.com/part/CY8C4147AZI-T463,text/html;charset=utf-8,HEAD,2026-08-29T13:23:21+00:00
https://www.infineon.com/part/CY8C4147AZI-T465,200,valid,http_ok,https://www.infineon.com/part/CY8C4147AZI-T465,text/html;charset=utf-8,HEAD,2026-08-29T13:23:21+00:00
https://www.infineon.com/part/CY8C4147AZI-T473,200,valid,http_ok,https://www.infineon.com/part/CY8C4147AZI-T473,text/html;charset=utf-8,HEAD,2026-08-29T13:23:21+00:00
https://www.infineon.com/part/CY8C4147AZI-T475,200,valid,http_ok,https://www.infineon.com/part/CY8C4147AZI-T475,text/html;charset=utf-8,HEAD,2026-08-29T13:23:21+00:00
https://www.infineon.com/part/CY8C4147AZQ-S445,200,valid,http_ok,https://www.infineon.com/part/CY8C4147AZQ-S445,text/html;charset=utf-8,HEAD,2026-08-29T13:23:18+00:00
https://www.infineon.com/part/CY8C4147AZQ-S455,200,valid,http_ok,https://www.infineon.com/part/CY8C4147AZQ-S455,text/html;charset=utf-8,HEAD,2026-08-29T13:23:18+00:00
https://www.infineon.com/part/CY8C4147AZQ-S465,200,valid,http_ok,https://www.infineon.com/part/CY8C4147AZQ-S465,text/html;charset=utf-8,HEAD,2026-08-29T13:23:18+00:00
https://www.infineon.com/part/CY8C4147AZQ-S475,200,valid,http_ok,https://www.infineon.com/part/CY8C4147AZQ-S475,text/html;charset=utf-8,HEAD,2026-08-29T13:23:18+00:00
https://www.infineon.com/part/CY8C4147AZQ-T415,200,valid,http_ok,https://www.infineon.com/part/CY8C4147AZQ-T415,text/html;charset=utf-8,HEAD,2026-08-29T13:23:21+00:00
https://www.infineon.com/part/CY8C4147AZQ-T455,200,valid,http_ok,https://www.infineon.com/part/CY8C4147AZQ-T455,text/html;charset=utf-8,HEAD,2026-08-29T13:23:21+00:00
https://www.infineon.com/part/CY8C4147AZQ-T493,200,valid,http_ok,https://www.infineon.com/part/CY8C4147AZQ-T493,text/html;charset=utf-8,HEAD,2026-08-29T13:23:21+00:00
https://www.infineon.com/part/CY8C4147AZQ-T495,200,valid,http_ok,https://www.infineon.com/part/CY8C4147AZQ-T495,text/html;charset=utf-8,HEAD,2026-08-29T13:23:21+00:00
https://www.infineon.com/part/CY8C4147AZS-S245,200,valid,http_ok,https://www.infineon.com/part/CY8C4147AZS-S245,text/html;charset=utf-8,HEAD,2026-08-29T13:23:18+00:00
https://www.infineon.com/part/CY8C4147AZS-S255,200,valid,http_ok,https://www.infineon.com/part/CY8C4147AZS-S255,text/html;charset=utf-8,HEAD,2026-08-29T13:23:18+00:00
https://www.infineon.com/part/CY8C4147AZS-S265,200,valid,http_ok,https://www.infineon.com/part/CY8C4147AZS-S265,text/html;charset=utf-8,HEAD,2026-08-29T13:23:18+00:00
https://www.infineon.com/part/CY8C4147AZS-S275,200,valid,http_ok,https://www.infineon.com/part/CY8C4147AZS-S275,text/html;charset=utf-8,HEAD,2026-08-29T13:23:18+00:00
https://www.infineon.com/part/CY8C4147AZS-S285,200,valid,http_ok,https://www.infineon.com/part/CY8C4147AZS-S285,text/html;charset=utf-8,HEAD,2026-08-29T13:23:18+00:00
https://www.infineon.com/part/CY8C4147AZS-S295,200,valid,http_ok,https://www.infineon.com/part/CY8C4147AZS-S295,text/html;charset=utf-8,HEAD,2026-08-29T13:23:18+00:00
https://www.infineon.com/part/CY8C4147AZS-S445,200,valid,http_ok,https://www.infineon.com/part/CY8C4147AZS-S445,text/html;charset=utf-8,HEAD,2026-08-29T13:23:18+00:00
https://www.infineon.com/part/CY8C4147AZS-S455,200,valid,http_ok,https://www.infineon.com/part/CY8C4147AZS-S455,text/html;charset=utf-8,HEAD,2026-08-29T13:23:18+00:00
https://www.infineon.com/part/CY8C4147AZS-S465,200,valid,http_ok,https://www.infineon.com/part/CY8C4147AZS-S465,text/html;charset=utf-8,HEAD,2026-08-29T13:23:18+00:00
https://www.infineon.com/part/CY8C4147AZS-S475,200,valid,http_ok,https://www.infineon.com/part/CY8C4147AZS-S475,text/html;charset=utf-8,HEAD,2026-08-29T13:23:18+00:00
https://www.infineon.com/part/CY8C4147AZS-S548,200,valid,http_ok,https://www.infineon.com/part/CY8C4147AZS-S548,text/html;charset=utf-8,HEAD,2026-08-29T13:23:06+00:00
https://www.infineon.com/part/CY8C4147AZS-S555,200,valid,http_ok,https://www.infineon.com/part/CY8C4147AZS-S555,text/html;charset=utf-8,HEAD,2026-08-29T13:23:06+00:00
https://www.infineon.com/part/CY8C4147AZS-S558,200,valid,http_ok,https://www.infineon.com/part/CY8C4147AZS-S558,text/html;charset=utf-8,HEAD,2026-08-29T13:23:06+00:00
https://www.infineon.com/part/CY8C4147AZS-S565,200,valid,http_ok,https://www.infineon.com/part/CY8C4147AZS-S565,text/html;charset=utf-8,HEAD,2026-08-29T13:23:06+00:00
https://www.infineon.com/part/CY8C4147AZS-S568,200,valid,http_ok,https://www.infineon.com/part/CY8C4147AZS-S568,text/html;charset=utf-8,HEAD,2026-08-29T13:23:06+00:00
https://www.infineon.com/part/CY8C4147AZS-S575,200,valid,http_ok,https://www.infineon.com/part/CY8C4147AZS-S575,text/html;charset=utf-8,HEAD,2026-08-29T13:23:06+00:00
https://www.infineon.com/part/CY8C4147AZS-S578,200,valid,http_ok,https://www.infineon.com/part/CY8C4147AZS-S578,text/html;charset=utf-8,HEAD,2026-08-29T13:23:06+00:00
https://www.infineon.com/part/CY8C4147AZS-S585,200,valid,http_ok,https://www.infineon.com/part/CY8C4147AZS-S585,text/html;charset=utf-8,HEAD,2026-08-29T13:23:06+00:00
https://www.infineon.com/part/CY8C4147AZS-S588,200,valid,http_ok,https://www.infineon.com/part/CY8C4147AZS-S588,text/html;charset=utf-8,HEAD,2026-08-29T13:23:06+00:00
https://www.infineon.com/part/CY8C4147AZS-S595,200,valid,http_ok,https://www.infineon.com/part/CY8C4147AZS-S595,text/html;charset=utf-8,HEAD,2026-08-29T13:23:06+00:00
https://www.infineon.com/part/CY8C4147AZS-S598,200,valid,http_ok,https://www.infineon.com/part/CY8C4147AZS-S598,text/html;charset=utf-8,HEAD,2026-08-29T13:23:06+00:00
https://www.infineon.com/part/CY8C4147LCE-HV403,200,valid,http_ok,https://www.infineon.com/part/CY8C4147LCE-HV403,text/html;charset=utf-8,HEAD,2026-08-29T13:22:53+00:00
https://www.infineon.com/part/CY8C4147LCE-HV413,200,valid,http_ok,https://www.infineon.com/part/CY8C4147LCE-HV413,text/html;charset=utf-8,HEAD,2026-08-29T13:22:53+00:00
https://www.infineon.com/part/CY8C4147LCE-HV423,200,valid,http_ok,https://www.infineon.com/part/CY8C4147LCE-HV423,text/html;charset=utf-8,HEAD,2026-08-29T13:22:53+00:00
https://www.infineon.com/part/CY8C4147LCE-HVS003,200,valid,http_ok,https://www.infineon.com/part/CY8C4147LCE-HVS003,text/html;charset=utf-8,HEAD,2026-08-29T13:22:51+00:00
https://www.infineon.com/part/CY8C4147LCE-HVS013,200,valid,http_ok,https://www.infineon.com/part/CY8C4147LCE-HVS013,text/html;charset=utf-8,HEAD,2026-08-29T13:22:51+00:00
https://www.infineon.com/part/CY8C4147LCE-HVS023,200,valid,http_ok,https://www.infineon.com/part/CY8C4147LCE-HVS023,text/html;charset=utf-8,HEAD,2026-08-29T13:22:51+00:00
https://www.infineon.com/part/CY8C4147LCE-HVS023X,200,valid,http_ok,https://www.infineon.com/part/CY8C4147LCE-HVS023X,text/html;charset=utf-8,HEAD,2026-08-29T13:22:51+00:00
https://www.infineon.com/part/CY8C4147LCE-HVS033,200,valid,http_ok,https://www.infineon.com/part/CY8C4147LCE-HVS033,text/html;charset=utf-8,HEAD,2026-08-29T13:22:51+00:00
https://www.infineon.com/part/CY8C4147LCE-HVS033X,200,valid,http_ok,https://www.infineon.com/part/CY8C4147LCE-HVS033X,text/html;charset=utf-8,HEAD,2026-08-29T13:22:51+00:00
https://www.infineon.com/part/CY8C4147LCE-HVS103,200,valid,http_ok,https://www.infineon.com/part/CY8C4147LCE-HVS103,text/html;charset=utf-8,HEAD,2026-08-29T13:22:51+00:00
https://www.infineon.com/part/CY8C4147LCE-HVS113,200,valid,http_ok,https://www.infineon.com/part/CY8C4147LCE-HVS113,text/html;charset=utf-8,HEAD,2026-08-29T13:22:51+00:00
https://www.infineon.com/part/CY8C4147LCE-HVS123,200,valid,http_ok,https://www.infineon.com/part/CY8C4147LCE-HVS123,text/html;charset=utf-8,HEAD,2026-08-29T13:22:51+00:00
https://www.infineon.com/part/CY8C4147LCE-HVS123X,200,valid,http_ok,https://www.infineon.com/part/CY8C4147LCE-HVS123X,text/html;charset=utf-8,HEAD,2026-08-29T13:22:51+00:00
https://www.infineon.com/part/CY8C4147LCE-HVS133,200,valid,http_ok,https://www.infineon.com/part/CY8C4147LCE-HVS133,text/html;charset=utf-8,HEAD,2026-08-29T13:22:51+00:00
https://www.infineon.com/part/CY8C4147LCE-HVS133X,200,valid,http_ok,https://www.infineon.com/part/CY8C4147LCE-HVS133X,text/html;charset=utf-8,HEAD,2026-08-29T13:22:51+00:00
https://www.infineon.com/part/CY8C4147LDA-S543,200,valid,http_ok,https://www.infineon.com/part/CY8C4147LDA-S543,text/html;charset=utf-8,HEAD,2026-08-29T13:23:06+00:00
https://www.infineon.com/part/CY8C4147LDA-S553,200,valid,http_ok,https://www.infineon.com/part/CY8C4147LDA-S553,text/html;charset=utf-8,HEAD,2026-08-29T13:23:06+00:00
https://www.infineon.com/part/CY8C4147LDA-S563,200,valid,http_ok,https://www.infineon.com/part/CY8C4147LDA-S563,text/html;charset=utf-8,HEAD,2026-08-29T13:23:06+00:00
https://www.infineon.com/part/CY8C4147LDA-S573,200,valid,http_ok,https://www.infineon.com/part/CY8C4147LDA-S573,text/html;charset=utf-8,HEAD,2026-08-29T13:23:06+00:00
https://www.infineon.com/part/CY8C4147LDA-S583,200,valid,http_ok,https://www.infineon.com/part/CY8C4147LDA-S583,text/html;charset=utf-8,HEAD,2026-08-29T13:23:06+00:00
https://www.infineon.com/part/CY8C4147LDA-S593,200,valid,http_ok,https://www.infineon.com/part/CY8C4147LDA-S593,text/html;charset=utf-8,HEAD,2026-08-29T13:23:06+00:00
https://www.infineon.com/part/CY8C4147LDE-HVS004,200,valid,http_ok,https://www.infineon.com/part/CY8C4147LDE-HVS004,text/html;charset=utf-8,HEAD,2026-08-29T13:22:51+00:00
https://www.infineon.com/part/CY8C4147LDE-HVS014,200,valid,http_ok,https://www.infineon.com/part/CY8C4147LDE-HVS014,text/html;charset=utf-8,HEAD,2026-08-29T13:22:51+00:00
https://www.infineon.com/part/CY8C4147LDE-HVS024,200,valid,http_ok,https://www.infineon.com/part/CY8C4147LDE-HVS024,text/html;charset=utf-8,HEAD,2026-08-29T13:22:52+00:00
https://www.infineon.com/part/CY8C4147LDE-HVS024X,200,valid,http_ok,https://www.infineon.com/part/CY8C4147LDE-HVS024X,text/html;charset=utf-8,HEAD,2026-08-29T13:22:52+00:00
https://www.infineon.com/part/CY8C4147LDE-HVS034,200,valid,http_ok,https://www.infineon.com/part/CY8C4147LDE-HVS034,text/html;charset=utf-8,HEAD,2026-08-29T13:22:52+00:00
https://www.infineon.com/part/CY8C4147LDE-HVS034X,200,valid,http_ok,https://www.infineon.com/part/CY8C4147LDE-HVS034X,text/html;charset=utf-8,HEAD,2026-08-29T13:22:52+00:00
https://www.infineon.com/part/CY8C4147LDE-HVS104,200,valid,http_ok,https://www.infineon.com/part/CY8C4147LDE-HVS104,text/html;charset=utf-8,HEAD,2026-08-29T13:22:52+00:00
https://www.infineon.com/part/CY8C4147LDE-HVS114,200,valid,http_ok,https://www.infineon.com/part/CY8C4147LDE-HVS114,text/html;charset=utf-8,HEAD,2026-08-29T13:22:52+00:00
https://www.infineon.com/part/CY8C4147LDE-HVS124,200,valid,http_ok,https://www.infineon.com/part/CY8C4147LDE-HVS124,text/html;charset=utf-8,HEAD,2026-08-29T13:22:52+00:00
https://www.infineon.com/part/CY8C4147LDE-HVS124X,200,valid,http_ok,https://www.infineon.com/part/CY8C4147LDE-HVS124X,text/html;charset=utf-8,HEAD,2026-08-29T13:22:52+00:00
https://www.infineon.com/part/CY8C4147LDE-HVS134,200,valid,http_ok,https://www.infineon.com/part/CY8C4147LDE-HVS134,text/html;charset=utf-8,HEAD,2026-08-29T13:22:52+00:00
https://www.infineon.com/part/CY8C4147LDE-HVS134X,200,valid,http_ok,https://www.infineon.com/part/CY8C4147LDE-HVS134X,text/html;charset=utf-8,HEAD,2026-08-29T13:22:52+00:00
https://www.infineon.com/part/CY8C4147LDE-S473,200,valid,http_ok,https://www.infineon.com/part/CY8C4147LDE-S473,text/html;charset=utf-8,HEAD,2026-08-29T13:23:18+00:00
https://www.infineon.com/part/CY8C4147LDE-S543,200,valid,http_ok,https://www.infineon.com/part/CY8C4147LDE-S543,text/html;charset=utf-8,HEAD,2026-08-29T13:23:06+00:00
https://www.infineon.com/part/CY8C4147LDE-S553,200,valid,http_ok,https://www.infineon.com/part/CY8C4147LDE-S553,text/html;charset=utf-8,HEAD,2026-08-29T13:23:07+00:00
https://www.infineon.com/part/CY8C4147LDE-S563,200,valid,http_ok,https://www.infineon.com/part/CY8C4147LDE-S563,text/html;charset=utf-8,HEAD,2026-08-29T13:23:07+00:00
https://www.infineon.com/part/CY8C4147LDE-S573,200,valid,http_ok,https://www.infineon.com/part/CY8C4147LDE-S573,text/html;charset=utf-8,HEAD,2026-08-29T13:23:07+00:00
https://www.infineon.com/part/CY8C4147LDE-S583,200,valid,http_ok,https://www.infineon.com/part/CY8C4147LDE-S583,text/html;charset=utf-8,HEAD,2026-08-29T13:23:07+00:00
https://www.infineon.com/part/CY8C4147LDE-S593,200,valid,http_ok,https://www.infineon.com/part/CY8C4147LDE-S593,text/html;charset=utf-8,HEAD,2026-08-29T13:23:07+00:00
https://www.infineon.com/part/CY8C4147LDS-S543,200,valid,http_ok,https://www.infineon.com/part/CY8C4147LDS-S543,text/html;charset=utf-8,HEAD,2026-08-29T13:23:07+00:00
https://www.infineon.com/part/CY8C4147LDS-S553,200,valid,http_ok,https://www.infineon.com/part/CY8C4147LDS-S553,text/html;charset=utf-8,HEAD,2026-08-29T13:23:07+00:00
https://www.infineon.com/part/CY8C4147LDS-S563,200,valid,http_ok,https://www.infineon.com/part/CY8C4147LDS-S563,text/html;charset=utf-8,HEAD,2026-08-29T13:23:07+00:00
https://www.infineon.com/part/CY8C4147LDS-S573,200,valid,http_ok,https://www.infineon.com/part/CY8C4147LDS-S573,text/html;charset=utf-8,HEAD,2026-08-29T13:23:07+00:00
https://www.infineon.com/part/CY8C4147LDS-S583,200,valid,http_ok,https://www.infineon.com/part/CY8C4147LDS-S583,text/html;charset=utf-8,HEAD,2026-08-29T13:23:07+00:00
https://www.infineon.com/part/CY8C4147LDS-S593,200,valid,http_ok,https://www.infineon.com/part/CY8C4147LDS-S593,text/html;charset=utf-8,HEAD,2026-08-29T13:23:07+00:00
https://www.infineon.com/part/CY8C4147LQA-S473,200,valid,http_ok,https://www.infineon.com/part/CY8C4147LQA-S473,text/html;charset=utf-8,HEAD,2026-08-29T13:23:18+00:00
https://www.infineon.com/part/CY8C4147LQE-HVS006,200,valid,http_ok,https://www.infineon.com/part/CY8C4147LQE-HVS006,text/html;charset=utf-8,HEAD,2026-08-29T13:22:52+00:00
https://www.infineon.com/part/CY8C4147LQE-HVS016,200,valid,http_ok,https://www.infineon.com/part/CY8C4147LQE-HVS016,text/html;charset=utf-8,HEAD,2026-08-29T13:22:52+00:00
https://www.infineon.com/part/CY8C4147LQE-HVS026,200,valid,http_ok,https://www.infineon.com/part/CY8C4147LQE-HVS026,text/html;charset=utf-8,HEAD,2026-08-29T13:22:52+00:00
https://www.infineon.com/part/CY8C4147LQE-HVS026X,200,valid,http_ok,https://www.infineon.com/part/CY8C4147LQE-HVS026X,text/html;charset=utf-8,HEAD,2026-08-29T13:22:52+00:00
https://www.infineon.com/part/CY8C4147LQE-HVS036,200,valid,http_ok,https://www.infineon.com/part/CY8C4147LQE-HVS036,text/html;charset=utf-8,HEAD,2026-08-29T13:22:52+00:00
https://www.infineon.com/part/CY8C4147LQE-HVS036X,200,valid,http_ok,https://www.infineon.com/part/CY8C4147LQE-HVS036X,text/html;charset=utf-8,HEAD,2026-08-29T13:22:52+00:00
https://www.infineon.com/part/CY8C4147LQE-HVS106,200,valid,http_ok,https://www.infineon.com/part/CY8C4147LQE-HVS106,text/html;charset=utf-8,HEAD,2026-08-29T13:22:52+00:00
https://www.infineon.com/part/CY8C4147LQE-HVS116,200,valid,http_ok,https://www.infineon.com/part/CY8C4147LQE-HVS116,text/html;charset=utf-8,HEAD,2026-08-29T13:22:52+00:00
https://www.infineon.com/part/CY8C4147LQE-HVS126,200,valid,http_ok,https://www.infineon.com/part/CY8C4147LQE-HVS126,text/html;charset=utf-8,HEAD,2026-08-29T13:22:52+00:00
https://www.infineon.com/part/CY8C4147LQE-HVS126X,200,valid,http_ok,https://www.infineon.com/part/CY8C4147LQE-HVS126X,text/html;charset=utf-8,HEAD,2026-08-29T13:22:52+00:00
https://www.infineon.com/part/CY8C4147LQE-HVS136,200,valid,http_ok,https://www.infineon.com/part/CY8C4147LQE-HVS136,text/html;charset=utf-8,HEAD,2026-08-29T13:22:52+00:00
https://www.infineon.com/part/CY8C4147LQE-HVS136X,200,valid,http_ok,https://www.infineon.com/part/CY8C4147LQE-HVS136X,text/html;charset=utf-8,HEAD,2026-08-29T13:22:52+00:00
https://www.infineon.com/part/CY8C4147LQE-S283,200,valid,http_ok,https://www.infineon.com/part/CY8C4147LQE-S283,text/html;charset=utf-8,HEAD,2026-08-29T13:23:18+00:00
https://www.infineon.com/part/CY8C4147LQE-S443,200,valid,http_ok,https://www.infineon.com/part/CY8C4147LQE-S443,text/html;charset=utf-8,HEAD,2026-08-29T13:23:18+00:00
https://www.infineon.com/part/CY8C4147LQE-S473,200,valid,http_ok,https://www.infineon.com/part/CY8C4147LQE-S473,text/html;charset=utf-8,HEAD,2026-08-29T13:23:18+00:00
https://www.infineon.com/part/CY8C4147LQI-T403,200,valid,http_ok,https://www.infineon.com/part/CY8C4147LQI-T403,text/html;charset=utf-8,HEAD,2026-08-29T13:23:21+00:00
https://www.infineon.com/part/CY8C4147LQI-T413,200,valid,http_ok,https://www.infineon.com/part/CY8C4147LQI-T413,text/html;charset=utf-8,HEAD,2026-08-29T13:23:21+00:00
https://www.infineon.com/part/CY8C4147LQI-T453,200,valid,http_ok,https://www.infineon.com/part/CY8C4147LQI-T453,text/html;charset=utf-8,HEAD,2026-08-29T13:23:21+00:00
https://www.infineon.com/part/CY8C4147LQI-T463,200,valid,http_ok,https://www.infineon.com/part/CY8C4147LQI-T463,text/html;charset=utf-8,HEAD,2026-08-29T13:23:22+00:00
https://www.infineon.com/part/CY8C4147LQI-T473,200,valid,http_ok,https://www.infineon.com/part/CY8C4147LQI-T473,text/html;charset=utf-8,HEAD,2026-08-29T13:23:22+00:00
https://www.infineon.com/part/CY8C4147LQQ-T493,200,valid,http_ok,https://www.infineon.com/part/CY8C4147LQQ-T493,text/html;charset=utf-8,HEAD,2026-08-29T13:23:22+00:00
https://www.infineon.com/part/CY8C4147LQS-S243,200,valid,http_ok,https://www.infineon.com/part/CY8C4147LQS-S243,text/html;charset=utf-8,HEAD,2026-08-29T13:23:18+00:00
https://www.infineon.com/part/CY8C4147LQS-S283,200,valid,http_ok,https://www.infineon.com/part/CY8C4147LQS-S283,text/html;charset=utf-8,HEAD,2026-08-29T13:23:18+00:00
https://www.infineon.com/part/CY8C4147LQS-S285,200,valid,http_ok,https://www.infineon.com/part/CY8C4147LQS-S285,text/html;charset=utf-8,HEAD,2026-08-29T13:23:19+00:00
https://www.infineon.com/part/CY8C4147LQS-S473,200,valid,http_ok,https://www.infineon.com/part/CY8C4147LQS-S473,text/html;charset=utf-8,HEAD,2026-08-29T13:23:19+00:00
https://www.infineon.com/part/CY8C4147LWE-HVS005,200,valid,http_ok,https://www.infineon.com/part/CY8C4147LWE-HVS005,text/html;charset=utf-8,HEAD,2026-08-29T13:22:53+00:00
https://www.infineon.com/part/CY8C4147LWE-HVS015,200,valid,http_ok,https://www.infineon.com/part/CY8C4147LWE-HVS015,text/html;charset=utf-8,HEAD,2026-08-29T13:22:53+00:00
https://www.infineon.com/part/CY8C4147LWE-HVS025,200,valid,http_ok,https://www.infineon.com/part/CY8C4147LWE-HVS025,text/html;charset=utf-8,HEAD,2026-08-29T13:22:53+00:00
https://www.infineon.com/part/CY8C4147LWE-HVS025X,200,valid,http_ok,https://www.infineon.com/part/CY8C4147LWE-HVS025X,text/html;charset=utf-8,HEAD,2026-08-29T13:22:53+00:00
https://www.infineon.com/part/CY8C4147LWE-HVS035,200,valid,http_ok,https://www.infineon.com/part/CY8C4147LWE-HVS035,text/html;charset=utf-8,HEAD,2026-08-29T13:22:53+00:00
https://www.infineon.com/part/CY8C4147LWE-HVS035X,200,valid,http_ok,https://www.infineon.com/part/CY8C4147LWE-HVS035X,text/html;charset=utf-8,HEAD,2026-08-29T13:22:53+00:00
https://www.infineon.com/part/CY8C4147LWE-HVS105,200,valid,http_ok,https://www.infineon.com/part/CY8C4147LWE-HVS105,text/html;charset=utf-8,HEAD,2026-08-29T13:22:53+00:00
https://www.infineon.com/part/CY8C4147LWE-HVS115,200,valid,http_ok,https://www.infineon.com/part/CY8C4147LWE-HVS115,text/html;charset=utf-8,HEAD,2026-08-29T13:22:53+00:00
https://www.infineon.com/part/CY8C4147LWE-HVS125,200,valid,http_ok,https://www.infineon.com/part/CY8C4147LWE-HVS125,text/html;charset=utf-8,HEAD,2026-08-29T13:22:53+00:00
https://www.infineon.com/part/CY8C4147LWE-HVS125X,200,valid,http_ok,https://www.infineon.com/part/CY8C4147LWE-HVS125X,text/html;charset=utf-8,HEAD,2026-08-29T13:22:53+00:00
https://www.infineon.com/part/CY8C4147LWE-HVS135,200,valid,http_ok,https://www.infineon.com/part/CY8C4147LWE-HVS135,text/html;charset=utf-8,HEAD,2026-08-29T13:22:53+00:00
https://www.infineon.com/part/CY8C4147LWE-HVS135X,200,valid,http_ok,https://www.infineon.com/part/CY8C4147LWE-HVS135X,text/html;charset=utf-8,HEAD,2026-08-29T13:22:53+00:00
https://www.infineon.com/part/CY8C4148AXI-S445,200,valid,http_ok,https://www.infineon.com/part/CY8C4148AXI-S445,text/html;charset=utf-8,HEAD,2026-08-29T13:23:19+00:00
https://www.infineon.com/part/CY8C4148AXI-S455,200,valid,http_ok,https://www.infineon.com/part/CY8C4148AXI-S455,text/html;charset=utf-8,HEAD,2026-08-29T13:23:19+00:00
https://www.infineon.com/part/CY8C4148AXQ-S445,200,valid,http_ok,https://www.infineon.com/part/CY8C4148AXQ-S445,text/html;charset=utf-8,HEAD,2026-08-29T13:23:19+00:00
https://www.infineon.com/part/CY8C4148AXQ-S455,200,valid,http_ok,https://www.infineon.com/part/CY8C4148AXQ-S455,text/html;charset=utf-8,HEAD,2026-08-29T13:23:19+00:00
https://www.infineon.com/part/CY8C4148AZA-S545,200,valid,http_ok,https://www.infineon.com/part/CY8C4148AZA-S545,text/html;charset=utf-8,HEAD,2026-08-29T13:23:07+00:00
https://www.infineon.com/part/CY8C4148AZA-S548,200,valid,http_ok,https://www.infineon.com/part/CY8C4148AZA-S548,text/html;charset=utf-8,HEAD,2026-08-29T13:23:07+00:00
https://www.infineon.com/part/CY8C4148AZA-S555,200,valid,http_ok,https://www.infineon.com/part/CY8C4148AZA-S555,text/html;charset=utf-8,HEAD,2026-08-29T13:23:07+00:00
https://www.infineon.com/part/CY8C4148AZA-S558,200,valid,http_ok,https://www.infineon.com/part/CY8C4148AZA-S558,text/html;charset=utf-8,HEAD,2026-08-29T13:23:07+00:00
https://www.infineon.com/part/CY8C4148AZA-S565,200,valid,http_ok,https://www.infineon.com/part/CY8C4148AZA-S565,text/html;charset=utf-8,HEAD,2026-08-29T13:23:07+00:00
https://www.infineon.com/part/CY8C4148AZA-S568,200,valid,http_ok,https://www.infineon.com/part/CY8C4148AZA-S568,text/html;charset=utf-8,HEAD,2026-08-29T13:23:07+00:00
https://www.infineon.com/part/CY8C4148AZA-S575,200,valid,http_ok,https://www.infineon.com/part/CY8C4148AZA-S575,text/html;charset=utf-8,HEAD,2026-08-29T13:23:07+00:00
https://www.infineon.com/part/CY8C4148AZA-S578,200,valid,http_ok,https://www.infineon.com/part/CY8C4148AZA-S578,text/html;charset=utf-8,HEAD,2026-08-29T13:23:07+00:00
https://www.infineon.com/part/CY8C4148AZA-S585,200,valid,http_ok,https://www.infineon.com/part/CY8C4148AZA-S585,text/html;charset=utf-8,HEAD,2026-08-29T13:23:07+00:00
https://www.infineon.com/part/CY8C4148AZA-S588,200,valid,http_ok,https://www.infineon.com/part/CY8C4148AZA-S588,text/html;charset=utf-8,HEAD,2026-08-29T13:23:08+00:00
https://www.infineon.com/part/CY8C4148AZA-S595,200,valid,http_ok,https://www.infineon.com/part/CY8C4148AZA-S595,text/html;charset=utf-8,HEAD,2026-08-29T13:23:08+00:00
https://www.infineon.com/part/CY8C4148AZA-S598,200,valid,http_ok,https://www.infineon.com/part/CY8C4148AZA-S598,text/html;charset=utf-8,HEAD,2026-08-29T13:23:08+00:00
https://www.infineon.com/part/CY8C4148AZE-S545,200,valid,http_ok,https://www.infineon.com/part/CY8C4148AZE-S545,text/html;charset=utf-8,HEAD,2026-08-29T13:23:08+00:00
https://www.infineon.com/part/CY8C4148AZE-S548,200,valid,http_ok,https://www.infineon.com/part/CY8C4148AZE-S548,text/html;charset=utf-8,HEAD,2026-08-29T13:23:08+00:00
https://www.infineon.com/part/CY8C4148AZE-S555,200,valid,http_ok,https://www.infineon.com/part/CY8C4148AZE-S555,text/html;charset=utf-8,HEAD,2026-08-29T13:23:08+00:00
https://www.infineon.com/part/CY8C4148AZE-S558,200,valid,http_ok,https://www.infineon.com/part/CY8C4148AZE-S558,text/html;charset=utf-8,HEAD,2026-08-29T13:23:08+00:00
https://www.infineon.com/part/CY8C4148AZE-S565,200,valid,http_ok,https://www.infineon.com/part/CY8C4148AZE-S565,text/html;charset=utf-8,HEAD,2026-08-29T13:23:08+00:00
https://www.infineon.com/part/CY8C4148AZE-S568,200,valid,http_ok,https://www.infineon.com/part/CY8C4148AZE-S568,text/html;charset=utf-8,HEAD,2026-08-29T13:23:08+00:00
https://www.infineon.com/part/CY8C4148AZE-S575,200,valid,http_ok,https://www.infineon.com/part/CY8C4148AZE-S575,text/html;charset=utf-8,HEAD,2026-08-29T13:23:08+00:00
https://www.infineon.com/part/CY8C4148AZE-S578,200,valid,http_ok,https://www.infineon.com/part/CY8C4148AZE-S578,text/html;charset=utf-8,HEAD,2026-08-29T13:23:08+00:00
https://www.infineon.com/part/CY8C4148AZE-S585,200,valid,http_ok,https://www.infineon.com/part/CY8C4148AZE-S585,text/html;charset=utf-8,HEAD,2026-08-29T13:23:08+00:00
https://www.infineon.com/part/CY8C4148AZE-S588,200,valid,http_ok,https://www.infineon.com/part/CY8C4148AZE-S588,text/html;charset=utf-8,HEAD,2026-08-29T13:23:08+00:00
https://www.infineon.com/part/CY8C4148AZE-S595,200,valid,http_ok,https://www.infineon.com/part/CY8C4148AZE-S595,text/html;charset=utf-8,HEAD,2026-08-29T13:23:08+00:00
https://www.infineon.com/part/CY8C4148AZE-S598,200,valid,http_ok,https://www.infineon.com/part/CY8C4148AZE-S598,text/html;charset=utf-8,HEAD,2026-08-29T13:23:08+00:00
https://www.infineon.com/part/CY8C4148AZI-S443,200,valid,http_ok,https://www.infineon.com/part/CY8C4148AZI-S443,text/html;charset=utf-8,HEAD,2026-08-29T13:23:19+00:00
https://www.infineon.com/part/CY8C4148AZI-S445,200,valid,http_ok,https://www.infineon.com/part/CY8C4148AZI-S445,text/html;charset=utf-8,HEAD,2026-08-29T13:23:19+00:00
https://www.infineon.com/part/CY8C4148AZI-S453,200,valid,http_ok,https://www.infineon.com/part/CY8C4148AZI-S453,text/html;charset=utf-8,HEAD,2026-08-29T13:23:19+00:00
https://www.infineon.com/part/CY8C4148AZI-S455,200,valid,http_ok,https://www.infineon.com/part/CY8C4148AZI-S455,text/html;charset=utf-8,HEAD,2026-08-29T13:23:19+00:00
https://www.infineon.com/part/CY8C4148AZI-S548,200,valid,http_ok,https://www.infineon.com/part/CY8C4148AZI-S548,text/html;charset=utf-8,HEAD,2026-08-29T13:23:08+00:00
https://www.infineon.com/part/CY8C4148AZI-S553,200,valid,http_ok,https://www.infineon.com/part/CY8C4148AZI-S553,text/html;charset=utf-8,HEAD,2026-08-29T13:23:08+00:00
https://www.infineon.com/part/CY8C4148AZI-S555,200,valid,http_ok,https://www.infineon.com/part/CY8C4148AZI-S555,text/html;charset=utf-8,HEAD,2026-08-29T13:23:08+00:00
https://www.infineon.com/part/CY8C4148AZI-S558,200,valid,http_ok,https://www.infineon.com/part/CY8C4148AZI-S558,text/html;charset=utf-8,HEAD,2026-08-29T13:23:08+00:00
https://www.infineon.com/part/CY8C4148AZI-S583,200,valid,http_ok,https://www.infineon.com/part/CY8C4148AZI-S583,text/html;charset=utf-8,HEAD,2026-08-29T13:23:08+00:00
https://www.infineon.com/part/CY8C4148AZI-S585,200,valid,http_ok,https://www.infineon.com/part/CY8C4148AZI-S585,text/html;charset=utf-8,HEAD,2026-08-29T13:23:08+00:00
https://www.infineon.com/part/CY8C4148AZI-S588,200,valid,http_ok,https://www.infineon.com/part/CY8C4148AZI-S588,text/html;charset=utf-8,HEAD,2026-08-29T13:23:08+00:00
https://www.infineon.com/part/CY8C4148AZI-S593,200,valid,http_ok,https://www.infineon.com/part/CY8C4148AZI-S593,text/html;charset=utf-8,HEAD,2026-08-29T13:23:09+00:00
https://www.infineon.com/part/CY8C4148AZI-S595,200,valid,http_ok,https://www.infineon.com/part/CY8C4148AZI-S595,text/html;charset=utf-8,HEAD,2026-08-29T13:23:09+00:00
https://www.infineon.com/part/CY8C4148AZI-S598,200,valid,http_ok,https://www.infineon.com/part/CY8C4148AZI-S598,text/html;charset=utf-8,HEAD,2026-08-29T13:23:09+00:00
https://www.infineon.com/part/CY8C4148AZQ-S443,200,valid,http_ok,https://www.infineon.com/part/CY8C4148AZQ-S443,text/html;charset=utf-8,HEAD,2026-08-29T13:23:19+00:00
https://www.infineon.com/part/CY8C4148AZQ-S445,200,valid,http_ok,https://www.infineon.com/part/CY8C4148AZQ-S445,text/html;charset=utf-8,HEAD,2026-08-29T13:23:19+00:00
https://www.infineon.com/part/CY8C4148AZQ-S453,200,valid,http_ok,https://www.infineon.com/part/CY8C4148AZQ-S453,text/html;charset=utf-8,HEAD,2026-08-29T13:23:20+00:00
https://www.infineon.com/part/CY8C4148AZQ-S455,200,valid,http_ok,https://www.infineon.com/part/CY8C4148AZQ-S455,text/html;charset=utf-8,HEAD,2026-08-29T13:23:20+00:00
https://www.infineon.com/part/CY8C4148AZQ-S558,200,valid,http_ok,https://www.infineon.com/part/CY8C4148AZQ-S558,text/html;charset=utf-8,HEAD,2026-08-29T13:23:09+00:00
https://www.infineon.com/part/CY8C4148AZS-S545,200,valid,http_ok,https://www.infineon.com/part/CY8C4148AZS-S545,text/html;charset=utf-8,HEAD,2026-08-29T13:23:09+00:00
https://www.infineon.com/part/CY8C4148AZS-S548,200,valid,http_ok,https://www.infineon.com/part/CY8C4148AZS-S548,text/html;charset=utf-8,HEAD,2026-08-29T13:23:09+00:00
https://www.infineon.com/part/CY8C4148AZS-S555,200,valid,http_ok,https://www.infineon.com/part/CY8C4148AZS-S555,text/html;charset=utf-8,HEAD,2026-08-29T13:23:09+00:00
https://www.infineon.com/part/CY8C4148AZS-S558,200,valid,http_ok,https://www.infineon.com/part/CY8C4148AZS-S558,text/html;charset=utf-8,HEAD,2026-08-29T13:23:09+00:00
https://www.infineon.com/part/CY8C4148AZS-S565,200,valid,http_ok,https://www.infineon.com/part/CY8C4148AZS-S565,text/html;charset=utf-8,HEAD,2026-08-29T13:23:09+00:00
https://www.infineon.com/part/CY8C4148AZS-S568,200,valid,http_ok,https://www.infineon.com/part/CY8C4148AZS-S568,text/html;charset=utf-8,HEAD,2026-08-29T13:23:09+00:00
https://www.infineon.com/part/CY8C4148AZS-S575,200,valid,http_ok,https://www.infineon.com/part/CY8C4148AZS-S575,text/html;charset=utf-8,HEAD,2026-08-29T13:23:09+00:00
https://www.infineon.com/part/CY8C4148AZS-S578,200,valid,http_ok,https://www.infineon.com/part/CY8C4148AZS-S578,text/html;charset=utf-8,HEAD,2026-08-29T13:23:09+00:00
https://www.infineon.com/part/CY8C4148AZS-S585,200,valid,http_ok,https://www.infineon.com/part/CY8C4148AZS-S585,text/html;charset=utf-8,HEAD,2026-08-29T13:23:09+00:00
https://www.infineon.com/part/CY8C4148AZS-S588,200,valid,http_ok,https://www.infineon.com/part/CY8C4148AZS-S588,text/html;charset=utf-8,HEAD,2026-08-29T13:23:09+00:00
https://www.infineon.com/part/CY8C4148AZS-S595,200,valid,http_ok,https://www.infineon.com/part/CY8C4148AZS-S595,text/html;charset=utf-8,HEAD,2026-08-29T13:23:09+00:00
https://www.infineon.com/part/CY8C4148AZS-S598,200,valid,http_ok,https://www.infineon.com/part/CY8C4148AZS-S598,text/html;charset=utf-8,HEAD,2026-08-29T13:23:09+00:00
https://www.infineon.com/part/CY8C4148LDA-S543,200,valid,http_ok,https://www.infineon.com/part/CY8C4148LDA-S543,text/html;charset=utf-8,HEAD,2026-08-29T13:23:09+00:00
https://www.infineon.com/part/CY8C4148LDA-S553,200,valid,http_ok,https://www.infineon.com/part/CY8C4148LDA-S553,text/html;charset=utf-8,HEAD,2026-08-29T13:23:09+00:00
https://www.infineon.com/part/CY8C4148LDA-S563,200,valid,http_ok,https://www.infineon.com/part/CY8C4148LDA-S563,text/html;charset=utf-8,HEAD,2026-08-29T13:23:09+00:00
https://www.infineon.com/part/CY8C4148LDA-S573,200,valid,http_ok,https://www.infineon.com/part/CY8C4148LDA-S573,text/html;charset=utf-8,HEAD,2026-08-29T13:23:10+00:00
https://www.infineon.com/part/CY8C4148LDA-S583,200,valid,http_ok,https://www.infineon.com/part/CY8C4148LDA-S583,text/html;charset=utf-8,HEAD,2026-08-29T13:23:10+00:00
https://www.infineon.com/part/CY8C4148LDA-S593,200,valid,http_ok,https://www.infineon.com/part/CY8C4148LDA-S593,text/html;charset=utf-8,HEAD,2026-08-29T13:23:10+00:00
https://www.infineon.com/part/CY8C4148LDE-S543,200,valid,http_ok,https://www.infineon.com/part/CY8C4148LDE-S543,text/html;charset=utf-8,HEAD,2026-08-29T13:23:10+00:00
https://www.infineon.com/part/CY8C4148LDE-S553,200,valid,http_ok,https://www.infineon.com/part/CY8C4148LDE-S553,text/html;charset=utf-8,HEAD,2026-08-29T13:23:10+00:00
https://www.infineon.com/part/CY8C4148LDE-S563,200,valid,http_ok,https://www.infineon.com/part/CY8C4148LDE-S563,text/html;charset=utf-8,HEAD,2026-08-29T13:23:10+00:00
https://www.infineon.com/part/CY8C4148LDE-S573,200,valid,http_ok,https://www.infineon.com/part/CY8C4148LDE-S573,text/html;charset=utf-8,HEAD,2026-08-29T13:23:10+00:00
https://www.infineon.com/part/CY8C4148LDE-S583,200,valid,http_ok,https://www.infineon.com/part/CY8C4148LDE-S583,text/html;charset=utf-8,HEAD,2026-08-29T13:23:10+00:00
https://www.infineon.com/part/CY8C4148LDE-S593,200,valid,http_ok,https://www.infineon.com/part/CY8C4148LDE-S593,text/html;charset=utf-8,HEAD,2026-08-29T13:23:10+00:00
https://www.infineon.com/part/CY8C4148LDS-S543,200,valid,http_ok,https://www.infineon.com/part/CY8C4148LDS-S543,text/html;charset=utf-8,HEAD,2026-08-29T13:23:10+00:00
https://www.infineon.com/part/CY8C4148LDS-S553,200,valid,http_ok,https://www.infineon.com/part/CY8C4148LDS-S553,text/html;charset=utf-8,HEAD,2026-08-29T13:23:10+00:00
https://www.infineon.com/part/CY8C4148LDS-S563,200,valid,http_ok,https://www.infineon.com/part/CY8C4148LDS-S563,text/html;charset=utf-8,HEAD,2026-08-29T13:23:10+00:00
https://www.infineon.com/part/CY8C4148LDS-S573,200,valid,http_ok,https://www.infineon.com/part/CY8C4148LDS-S573,text/html;charset=utf-8,HEAD,2026-08-29T13:23:10+00:00
https://www.infineon.com/part/CY8C4148LDS-S583,200,valid,http_ok,https://www.infineon.com/part/CY8C4148LDS-S583,text/html;charset=utf-8,HEAD,2026-08-29T13:23:10+00:00
https://www.infineon.com/part/CY8C4148LDS-S593,200,valid,http_ok,https://www.infineon.com/part/CY8C4148LDS-S593,text/html;charset=utf-8,HEAD,2026-08-29T13:23:10+00:00
https://www.infineon.com/part/CY8C4149AZA-S545,200,valid,http_ok,https://www.infineon.com/part/CY8C4149AZA-S545,text/html;charset=utf-8,HEAD,2026-08-29T13:23:10+00:00
https://www.infineon.com/part/CY8C4149AZA-S548,200,valid,http_ok,https://www.infineon.com/part/CY8C4149AZA-S548,text/html;charset=utf-8,HEAD,2026-08-29T13:23:10+00:00
https://www.infineon.com/part/CY8C4149AZA-S555,200,valid,http_ok,https://www.infineon.com/part/CY8C4149AZA-S555,text/html;charset=utf-8,HEAD,2026-08-29T13:23:10+00:00
https://www.infineon.com/part/CY8C4149AZA-S558,200,valid,http_ok,https://www.infineon.com/part/CY8C4149AZA-S558,text/html;charset=utf-8,HEAD,2026-08-29T13:23:11+00:00
https://www.infineon.com/part/CY8C4149AZA-S565,200,valid,http_ok,https://www.infineon.com/part/CY8C4149AZA-S565,text/html;charset=utf-8,HEAD,2026-08-29T13:23:11+00:00
https://www.infineon.com/part/CY8C4149AZA-S568,200,valid,http_ok,https://www.infineon.com/part/CY8C4149AZA-S568,text/html;charset=utf-8,HEAD,2026-08-29T13:23:11+00:00
https://www.infineon.com/part/CY8C4149AZA-S575,200,valid,http_ok,https://www.infineon.com/part/CY8C4149AZA-S575,text/html;charset=utf-8,HEAD,2026-08-29T13:23:11+00:00
https://www.infineon.com/part/CY8C4149AZA-S578,200,valid,http_ok,https://www.infineon.com/part/CY8C4149AZA-S578,text/html;charset=utf-8,HEAD,2026-08-29T13:23:11+00:00
https://www.infineon.com/part/CY8C4149AZA-S585,200,valid,http_ok,https://www.infineon.com/part/CY8C4149AZA-S585,text/html;charset=utf-8,HEAD,2026-08-29T13:23:11+00:00
https://www.infineon.com/part/CY8C4149AZA-S588,200,valid,http_ok,https://www.infineon.com/part/CY8C4149AZA-S588,text/html;charset=utf-8,HEAD,2026-08-29T13:23:11+00:00
https://www.infineon.com/part/CY8C4149AZA-S595,200,valid,http_ok,https://www.infineon.com/part/CY8C4149AZA-S595,text/html;charset=utf-8,HEAD,2026-08-29T13:23:11+00:00
https://www.infineon.com/part/CY8C4149AZA-S598,200,valid,http_ok,https://www.infineon.com/part/CY8C4149AZA-S598,text/html;charset=utf-8,HEAD,2026-08-29T13:23:11+00:00
https://www.infineon.com/part/CY8C4149AZE-S545,200,valid,http_ok,https://www.infineon.com/part/CY8C4149AZE-S545,text/html;charset=utf-8,HEAD,2026-08-29T13:23:11+00:00
https://www.infineon.com/part/CY8C4149AZE-S548,200,valid,http_ok,https://www.infineon.com/part/CY8C4149AZE-S548,text/html;charset=utf-8,HEAD,2026-08-29T13:23:11+00:00
https://www.infineon.com/part/CY8C4149AZE-S555,200,valid,http_ok,https://www.infineon.com/part/CY8C4149AZE-S555,text/html;charset=utf-8,HEAD,2026-08-29T13:23:11+00:00
https://www.infineon.com/part/CY8C4149AZE-S558,200,valid,http_ok,https://www.infineon.com/part/CY8C4149AZE-S558,text/html;charset=utf-8,HEAD,2026-08-29T13:23:11+00:00
https://www.infineon.com/part/CY8C4149AZE-S565,200,valid,http_ok,https://www.infineon.com/part/CY8C4149AZE-S565,text/html;charset=utf-8,HEAD,2026-08-29T13:23:11+00:00
https://www.infineon.com/part/CY8C4149AZE-S568,200,valid,http_ok,https://www.infineon.com/part/CY8C4149AZE-S568,text/html;charset=utf-8,HEAD,2026-08-29T13:23:11+00:00
https://www.infineon.com/part/CY8C4149AZE-S575,200,valid,http_ok,https://www.infineon.com/part/CY8C4149AZE-S575,text/html;charset=utf-8,HEAD,2026-08-29T13:23:11+00:00
https://www.infineon.com/part/CY8C4149AZE-S578,200,valid,http_ok,https://www.infineon.com/part/CY8C4149AZE-S578,text/html;charset=utf-8,HEAD,2026-08-29T13:23:11+00:00
https://www.infineon.com/part/CY8C4149AZE-S585,200,valid,http_ok,https://www.infineon.com/part/CY8C4149AZE-S585,text/html;charset=utf-8,HEAD,2026-08-29T13:23:11+00:00
https://www.infineon.com/part/CY8C4149AZE-S588,200,valid,http_ok,https://www.infineon.com/part/CY8C4149AZE-S588,text/html;charset=utf-8,HEAD,2026-08-29T13:23:11+00:00
https://www.infineon.com/part/CY8C4149AZE-S595,200,valid,http_ok,https://www.infineon.com/part/CY8C4149AZE-S595,text/html;charset=utf-8,HEAD,2026-08-29T13:23:12+00:00
https://www.infineon.com/part/CY8C4149AZE-S598,200,valid,http_ok,https://www.infineon.com/part/CY8C4149AZE-S598,text/html;charset=utf-8,HEAD,2026-08-29T13:23:12+00:00
https://www.infineon.com/part/CY8C4149AZI-S543,200,valid,http_ok,https://www.infineon.com/part/CY8C4149AZI-S543,text/html;charset=utf-8,HEAD,2026-08-29T13:23:12+00:00
https://www.infineon.com/part/CY8C4149AZI-S545,200,valid,http_ok,https://www.infineon.com/part/CY8C4149AZI-S545,text/html;charset=utf-8,HEAD,2026-08-29T13:23:12+00:00
https://www.infineon.com/part/CY8C4149AZI-S548,200,valid,http_ok,https://www.infineon.com/part/CY8C4149AZI-S548,text/html;charset=utf-8,HEAD,2026-08-29T13:23:12+00:00
https://www.infineon.com/part/CY8C4149AZI-S553,200,valid,http_ok,https://www.infineon.com/part/CY8C4149AZI-S553,text/html;charset=utf-8,HEAD,2026-08-29T13:23:12+00:00
https://www.infineon.com/part/CY8C4149AZI-S555,200,valid,http_ok,https://www.infineon.com/part/CY8C4149AZI-S555,text/html;charset=utf-8,HEAD,2026-08-29T13:23:12+00:00
https://www.infineon.com/part/CY8C4149AZI-S558,200,valid,http_ok,https://www.infineon.com/part/CY8C4149AZI-S558,text/html;charset=utf-8,HEAD,2026-08-29T13:23:12+00:00
https://www.infineon.com/part/CY8C4149AZI-S565,200,valid,http_ok,https://www.infineon.com/part/CY8C4149AZI-S565,text/html;charset=utf-8,HEAD,2026-08-29T13:23:12+00:00
https://www.infineon.com/part/CY8C4149AZI-S568,200,valid,http_ok,https://www.infineon.com/part/CY8C4149AZI-S568,text/html;charset=utf-8,HEAD,2026-08-29T13:23:12+00:00
https://www.infineon.com/part/CY8C4149AZI-S575,200,valid,http_ok,https://www.infineon.com/part/CY8C4149AZI-S575,text/html;charset=utf-8,HEAD,2026-08-29T13:23:12+00:00
https://www.infineon.com/part/CY8C4149AZI-S578,200,valid,http_ok,https://www.infineon.com/part/CY8C4149AZI-S578,text/html;charset=utf-8,HEAD,2026-08-29T13:23:12+00:00
https://www.infineon.com/part/CY8C4149AZI-S583,200,valid,http_ok,https://www.infineon.com/part/CY8C4149AZI-S583,text/html;charset=utf-8,HEAD,2026-08-29T13:23:12+00:00
https://www.infineon.com/part/CY8C4149AZI-S585,200,valid,http_ok,https://www.infineon.com/part/CY8C4149AZI-S585,text/html;charset=utf-8,HEAD,2026-08-29T13:23:12+00:00
https://www.infineon.com/part/CY8C4149AZI-S588,200,valid,http_ok,https://www.infineon.com/part/CY8C4149AZI-S588,text/html;charset=utf-8,HEAD,2026-08-29T13:23:12+00:00
https://www.infineon.com/part/CY8C4149AZI-S593,200,valid,http_ok,https://www.infineon.com/part/CY8C4149AZI-S593,text/html;charset=utf-8,HEAD,2026-08-29T13:23:12+00:00
https://www.infineon.com/part/CY8C4149AZI-S595,200,valid,http_ok,https://www.infineon.com/part/CY8C4149AZI-S595,text/html;charset=utf-8,HEAD,2026-08-29T13:23:12+00:00
https://www.infineon.com/part/CY8C4149AZI-S598,200,valid,http_ok,https://www.infineon.com/part/CY8C4149AZI-S598,text/html;charset=utf-8,HEAD,2026-08-29T13:23:12+00:00
https://www.infineon.com/part/CY8C4149AZQ-S545,200,valid,http_ok,https://www.infineon.com/part/CY8C4149AZQ-S545,text/html;charset=utf-8,HEAD,2026-08-29T13:23:12+00:00
https://www.infineon.com/part/CY8C4149AZQ-S548,200,valid,http_ok,https://www.infineon.com/part/CY8C4149AZQ-S548,text/html;charset=utf-8,HEAD,2026-08-29T13:23:12+00:00
https://www.infineon.com/part/CY8C4149AZQ-S555,200,valid,http_ok,https://www.infineon.com/part/CY8C4149AZQ-S555,text/html;charset=utf-8,HEAD,2026-08-29T13:23:12+00:00
https://www.infineon.com/part/CY8C4149AZQ-S558,200,valid,http_ok,https://www.infineon.com/part/CY8C4149AZQ-S558,text/html;charset=utf-8,HEAD,2026-08-29T13:23:13+00:00
https://www.infineon.com/part/CY8C4149AZQ-S593,200,valid,http_ok,https://www.infineon.com/part/CY8C4149AZQ-S593,text/html;charset=utf-8,HEAD,2026-08-29T13:23:13+00:00
https://www.infineon.com/part/CY8C4149AZQ-S595,200,valid,http_ok,https://www.infineon.com/part/CY8C4149AZQ-S595,text/html;charset=utf-8,HEAD,2026-08-29T13:23:13+00:00
https://www.infineon.com/part/CY8C4149AZQ-S598,200,valid,http_ok,https://www.infineon.com/part/CY8C4149AZQ-S598,text/html;charset=utf-8,HEAD,2026-08-29T13:23:13+00:00
https://www.infineon.com/part/CY8C4149AZS-S545,200,valid,http_ok,https://www.infineon.com/part/CY8C4149AZS-S545,text/html;charset=utf-8,HEAD,2026-08-29T13:23:13+00:00
https://www.infineon.com/part/CY8C4149AZS-S548,200,valid,http_ok,https://www.infineon.com/part/CY8C4149AZS-S548,text/html;charset=utf-8,HEAD,2026-08-29T13:23:13+00:00
https://www.infineon.com/part/CY8C4149AZS-S555,200,valid,http_ok,https://www.infineon.com/part/CY8C4149AZS-S555,text/html;charset=utf-8,HEAD,2026-08-29T13:23:13+00:00
https://www.infineon.com/part/CY8C4149AZS-S558,200,valid,http_ok,https://www.infineon.com/part/CY8C4149AZS-S558,text/html;charset=utf-8,HEAD,2026-08-29T13:23:13+00:00
https://www.infineon.com/part/CY8C4149AZS-S565,200,valid,http_ok,https://www.infineon.com/part/CY8C4149AZS-S565,text/html;charset=utf-8,HEAD,2026-08-29T13:23:13+00:00
https://www.infineon.com/part/CY8C4149AZS-S568,200,valid,http_ok,https://www.infineon.com/part/CY8C4149AZS-S568,text/html;charset=utf-8,HEAD,2026-08-29T13:23:13+00:00
https://www.infineon.com/part/CY8C4149AZS-S575,200,valid,http_ok,https://www.infineon.com/part/CY8C4149AZS-S575,text/html;charset=utf-8,HEAD,2026-08-29T13:23:13+00:00
https://www.infineon.com/part/CY8C4149AZS-S578,200,valid,http_ok,https://www.infineon.com/part/CY8C4149AZS-S578,text/html;charset=utf-8,HEAD,2026-08-29T13:23:13+00:00
https://www.infineon.com/part/CY8C4149AZS-S585,200,valid,http_ok,https://www.infineon.com/part/CY8C4149AZS-S585,text/html;charset=utf-8,HEAD,2026-08-29T13:23:13+00:00
https://www.infineon.com/part/CY8C4149AZS-S588,200,valid,http_ok,https://www.infineon.com/part/CY8C4149AZS-S588,text/html;charset=utf-8,HEAD,2026-08-29T13:23:13+00:00
https://www.infineon.com/part/CY8C4149AZS-S595,200,valid,http_ok,https://www.infineon.com/part/CY8C4149AZS-S595,text/html;charset=utf-8,HEAD,2026-08-29T13:23:13+00:00
https://www.infineon.com/part/CY8C4149AZS-S598,200,valid,http_ok,https://www.infineon.com/part/CY8C4149AZS-S598,text/html;charset=utf-8,HEAD,2026-08-29T13:23:13+00:00
https://www.infineon.com/part/CY8C4149LDA-S543,200,valid,http_ok,https://www.infineon.com/part/CY8C4149LDA-S543,text/html;charset=utf-8,HEAD,2026-08-29T13:23:13+00:00
https://www.infineon.com/part/CY8C4149LDA-S553,200,valid,http_ok,https://www.infineon.com/part/CY8C4149LDA-S553,text/html;charset=utf-8,HEAD,2026-08-29T13:23:13+00:00
https://www.infineon.com/part/CY8C4149LDA-S563,200,valid,http_ok,https://www.infineon.com/part/CY8C4149LDA-S563,text/html;charset=utf-8,HEAD,2026-08-29T13:23:13+00:00
https://www.infineon.com/part/CY8C4149LDA-S573,200,valid,http_ok,https://www.infineon.com/part/CY8C4149LDA-S573,text/html;charset=utf-8,HEAD,2026-08-29T13:23:14+00:00
https://www.infineon.com/part/CY8C4149LDA-S583,200,valid,http_ok,https://www.infineon.com/part/CY8C4149LDA-S583,text/html;charset=utf-8,HEAD,2026-08-29T13:23:14+00:00
https://www.infineon.com/part/CY8C4149LDA-S593,200,valid,http_ok,https://www.infineon.com/part/CY8C4149LDA-S593,text/html;charset=utf-8,HEAD,2026-08-29T13:23:14+00:00
https://www.infineon.com/part/CY8C4149LDE-S543,200,valid,http_ok,https://www.infineon.com/part/CY8C4149LDE-S543,text/html;charset=utf-8,HEAD,2026-08-29T13:23:14+00:00
https://www.infineon.com/part/CY8C4149LDE-S553,200,valid,http_ok,https://www.infineon.com/part/CY8C4149LDE-S553,text/html;charset=utf-8,HEAD,2026-08-29T13:23:14+00:00
https://www.infineon.com/part/CY8C4149LDE-S563,200,valid,http_ok,https://www.infineon.com/part/CY8C4149LDE-S563,text/html;charset=utf-8,HEAD,2026-08-29T13:23:14+00:00
https://www.infineon.com/part/CY8C4149LDE-S573,200,valid,http_ok,https://www.infineon.com/part/CY8C4149LDE-S573,text/html;charset=utf-8,HEAD,2026-08-29T13:23:14+00:00
https://www.infineon.com/part/CY8C4149LDE-S583,200,valid,http_ok,https://www.infineon.com/part/CY8C4149LDE-S583,text/html;charset=utf-8,HEAD,2026-08-29T13:23:14+00:00
https://www.infineon.com/part/CY8C4149LDE-S593,200,valid,http_ok,https://www.infineon.com/part/CY8C4149LDE-S593,text/html;charset=utf-8,HEAD,2026-08-29T13:23:14+00:00
https://www.infineon.com/part/CY8C4149LDS-S543,200,valid,http_ok,https://www.infineon.com/part/CY8C4149LDS-S543,text/html;charset=utf-8,HEAD,2026-08-29T13:23:14+00:00
https://www.infineon.com/part/CY8C4149LDS-S553,200,valid,http_ok,https://www.infineon.com/part/CY8C4149LDS-S553,text/html;charset=utf-8,HEAD,2026-08-29T13:23:14+00:00
https://www.infineon.com/part/CY8C4149LDS-S563,200,valid,http_ok,https://www.infineon.com/part/CY8C4149LDS-S563,text/html;charset=utf-8,HEAD,2026-08-29T13:23:14+00:00
https://www.infineon.com/part/CY8C4149LDS-S573,200,valid,http_ok,https://www.infineon.com/part/CY8C4149LDS-S573,text/html;charset=utf-8,HEAD,2026-08-29T13:23:14+00:00
https://www.infineon.com/part/CY8C4149LDS-S583,200,valid,http_ok,https://www.infineon.com/part/CY8C4149LDS-S583,text/html;charset=utf-8,HEAD,2026-08-29T13:23:14+00:00
https://www.infineon.com/part/CY8C4149LDS-S593,200,valid,http_ok,https://www.infineon.com/part/CY8C4149LDS-S593,text/html;charset=utf-8,HEAD,2026-08-29T13:23:14+00:00
https://www.infineon.com/part/CY8C4724FNI-S402T,200,valid,http_ok,https://www.infineon.com/part/CY8C4724FNI-S402T,text/html;charset=utf-8,HEAD,2026-08-29T13:23:22+00:00
https://www.infineon.com/part/CY8C4724LQI-S401,200,valid,http_ok,https://www.infineon.com/part/CY8C4724LQI-S401,text/html;charset=utf-8,HEAD,2026-08-29T13:23:22+00:00
https://www.infineon.com/part/CY8C4725FNI-S402T,200,valid,http_ok,https://www.infineon.com/part/CY8C4725FNI-S402T,text/html;charset=utf-8,HEAD,2026-08-29T13:23:22+00:00
https://www.infineon.com/part/CY8C4725LQI-S401,200,valid,http_ok,https://www.infineon.com/part/CY8C4725LQI-S401,text/html;charset=utf-8,HEAD,2026-08-29T13:23:22+00:00
https://www.infineon.com/part/CY8C4744AZI-S403,200,valid,http_ok,https://www.infineon.com/part/CY8C4744AZI-S403,text/html;charset=utf-8,HEAD,2026-08-29T13:23:22+00:00
https://www.infineon.com/part/CY8C4744FNI-S402T,200,valid,http_ok,https://www.infineon.com/part/CY8C4744FNI-S402T,text/html;charset=utf-8,HEAD,2026-08-29T13:23:22+00:00
https://www.infineon.com/part/CY8C4744LQI-S401,200,valid,http_ok,https://www.infineon.com/part/CY8C4744LQI-S401,text/html;charset=utf-8,HEAD,2026-08-29T13:23:22+00:00
https://www.infineon.com/part/CY8C4745AZI-S403,200,valid,http_ok,https://www.infineon.com/part/CY8C4745AZI-S403,text/html;charset=utf-8,HEAD,2026-08-29T13:23:22+00:00
https://www.infineon.com/part/CY8C4745AZI-S413,200,valid,http_ok,https://www.infineon.com/part/CY8C4745AZI-S413,text/html;charset=utf-8,HEAD,2026-08-29T13:23:22+00:00
https://www.infineon.com/part/CY8C4745FNI-S402T,200,valid,http_ok,https://www.infineon.com/part/CY8C4745FNI-S402T,text/html;charset=utf-8,HEAD,2026-08-29T13:23:22+00:00
https://www.infineon.com/part/CY8C4745FNI-S412T,200,valid,http_ok,https://www.infineon.com/part/CY8C4745FNI-S412T,text/html;charset=utf-8,HEAD,2026-08-29T13:23:22+00:00
https://www.infineon.com/part/CY8C4745LQI-S401,200,valid,http_ok,https://www.infineon.com/part/CY8C4745LQI-S401,text/html;charset=utf-8,HEAD,2026-08-29T13:23:22+00:00
https://www.infineon.com/part/CY8C4745LQI-S411,200,valid,http_ok,https://www.infineon.com/part/CY8C4745LQI-S411,text/html;charset=utf-8,HEAD,2026-08-29T13:23:22+00:00
https://www.infineon.com/part/CY8C4746LQS-S263,200,valid,http_ok,https://www.infineon.com/part/CY8C4746LQS-S263,text/html;charset=utf-8,HEAD,2026-08-29T13:23:22+00:00
https://www.infineon.com/part/CY8C4747LQS-S453,200,valid,http_ok,https://www.infineon.com/part/CY8C4747LQS-S453,text/html;charset=utf-8,HEAD,2026-08-29T13:23:22+00:00
https://www.infineon.com/part/CY8C6016BZI-F04,200,valid,http_ok,https://www.infineon.com/part/CY8C6016BZI-F04,text/html;charset=utf-8,HEAD,2026-08-29T13:23:22+00:00
https://www.infineon.com/part/CY8C6036BZI-F04,200,valid,http_ok,https://www.infineon.com/part/CY8C6036BZI-F04,text/html;charset=utf-8,HEAD,2026-08-29T13:23:22+00:00
https://www.infineon.com/part/CY8C6116BZI-F54,200,valid,http_ok,https://www.infineon.com/part/CY8C6116BZI-F54,text/html;charset=utf-8,HEAD,2026-08-29T13:23:22+00:00
https://www.infineon.com/part/CY8C6117BZI-F34,200,valid,http_ok,https://www.infineon.com/part/CY8C6117BZI-F34,text/html;charset=utf-8,HEAD,2026-08-29T13:23:23+00:00
https://www.infineon.com/part/CY8C6117FDI-F02T,200,valid,http_ok,https://www.infineon.com/part/CY8C6117FDI-F02T,text/html;charset=utf-8,HEAD,2026-08-29T13:23:23+00:00
https://www.infineon.com/part/CY8C6136BZI-F14,200,valid,http_ok,https://www.infineon.com/part/CY8C6136BZI-F14,text/html;charset=utf-8,HEAD,2026-08-29T13:23:24+00:00
https://www.infineon.com/part/CY8C6136BZI-F34,200,valid,http_ok,https://www.infineon.com/part/CY8C6136BZI-F34,text/html;charset=utf-8,HEAD,2026-08-29T13:23:24+00:00
https://www.infineon.com/part/CY8C6136FDI-F42T,200,valid,http_ok,https://www.infineon.com/part/CY8C6136FDI-F42T,text/html;charset=utf-8,HEAD,2026-08-29T13:23:24+00:00
https://www.infineon.com/part/CY8C6136FTI-F42T,200,valid,http_ok,https://www.infineon.com/part/CY8C6136FTI-F42T,text/html;charset=utf-8,HEAD,2026-08-29T13:23:24+00:00
https://www.infineon.com/part/CY8C6137BZI-F14,200,valid,http_ok,https://www.infineon.com/part/CY8C6137BZI-F14,text/html;charset=utf-8,HEAD,2026-08-29T13:23:24+00:00
https://www.infineon.com/part/CY8C6137BZI-F34,200,valid,http_ok,https://www.infineon.com/part/CY8C6137BZI-F34,text/html;charset=utf-8,HEAD,2026-08-29T13:23:24+00:00
https://www.infineon.com/part/CY8C6137BZI-F54,200,valid,http_ok,https://www.infineon.com/part/CY8C6137BZI-F54,text/html;charset=utf-8,HEAD,2026-08-29T13:23:24+00:00
https://www.infineon.com/part/CY8C6137FDI-F02T,200,valid,http_ok,https://www.infineon.com/part/CY8C6137FDI-F02T,text/html;charset=utf-8,HEAD,2026-08-29T13:23:24+00:00
https://www.infineon.com/part/CY8C6144AZI-S4F12,200,valid,http_ok,https://www.infineon.com/part/CY8C6144AZI-S4F12,text/html;charset=utf-8,HEAD,2026-08-29T13:23:23+00:00
https://www.infineon.com/part/CY8C6144AZI-S4F62,200,valid,http_ok,https://www.infineon.com/part/CY8C6144AZI-S4F62,text/html;charset=utf-8,HEAD,2026-08-29T13:23:23+00:00
https://www.infineon.com/part/CY8C6144AZI-S4F82,200,valid,http_ok,https://www.infineon.com/part/CY8C6144AZI-S4F82,text/html;charset=utf-8,HEAD,2026-08-29T13:23:23+00:00
https://www.infineon.com/part/CY8C6144AZI-S4F83,200,valid,http_ok,https://www.infineon.com/part/CY8C6144AZI-S4F83,text/html;charset=utf-8,HEAD,2026-08-29T13:23:23+00:00
https://www.infineon.com/part/CY8C6144AZI-S4F92,200,valid,http_ok,https://www.infineon.com/part/CY8C6144AZI-S4F92,text/html;charset=utf-8,HEAD,2026-08-29T13:23:23+00:00
https://www.infineon.com/part/CY8C6144AZI-S4F93,200,valid,http_ok,https://www.infineon.com/part/CY8C6144AZI-S4F93,text/html;charset=utf-8,HEAD,2026-08-29T13:23:23+00:00
https://www.infineon.com/part/CY8C6144AZQ-S4F92,200,valid,http_ok,https://www.infineon.com/part/CY8C6144AZQ-S4F92,text/html;charset=utf-8,HEAD,2026-08-29T13:23:23+00:00
https://www.infineon.com/part/CY8C6144AZQ-S4F93,200,valid,http_ok,https://www.infineon.com/part/CY8C6144AZQ-S4F93,text/html;charset=utf-8,HEAD,2026-08-29T13:23:23+00:00
https://www.infineon.com/part/CY8C6144LQI-S4F12,200,valid,http_ok,https://www.infineon.com/part/CY8C6144LQI-S4F12,text/html;charset=utf-8,HEAD,2026-08-29T13:23:23+00:00
https://www.infineon.com/part/CY8C6144LQI-S4F62,200,valid,http_ok,https://www.infineon.com/part/CY8C6144LQI-S4F62,text/html;charset=utf-8,HEAD,2026-08-29T13:23:23+00:00
https://www.infineon.com/part/CY8C6144LQI-S4F82,200,valid,http_ok,https://www.infineon.com/part/CY8C6144LQI-S4F82,text/html;charset=utf-8,HEAD,2026-08-29T13:23:23+00:00
https://www.infineon.com/part/CY8C6144LQI-S4F92,200,valid,http_ok,https://www.infineon.com/part/CY8C6144LQI-S4F92,text/html;charset=utf-8,HEAD,2026-08-29T13:23:23+00:00
https://www.infineon.com/part/CY8C6144LQQ-S4F92,200,valid,http_ok,https://www.infineon.com/part/CY8C6144LQQ-S4F92,text/html;charset=utf-8,HEAD,2026-08-29T13:23:23+00:00
https://www.infineon.com/part/CY8C6145AZI-S3F02,200,valid,http_ok,https://www.infineon.com/part/CY8C6145AZI-S3F02,text/html;charset=utf-8,HEAD,2026-08-29T13:23:23+00:00
https://www.infineon.com/part/CY8C6145AZI-S3F12,200,valid,http_ok,https://www.infineon.com/part/CY8C6145AZI-S3F12,text/html;charset=utf-8,HEAD,2026-08-29T13:23:23+00:00
https://www.infineon.com/part/CY8C6145AZI-S3F42,200,valid,http_ok,https://www.infineon.com/part/CY8C6145AZI-S3F42,text/html;charset=utf-8,HEAD,2026-08-29T13:23:23+00:00
https://www.infineon.com/part/CY8C6145AZI-S3F62,200,valid,http_ok,https://www.infineon.com/part/CY8C6145AZI-S3F62,text/html;charset=utf-8,HEAD,2026-08-29T13:23:23+00:00
https://www.infineon.com/part/CY8C6145AZI-S3F72,200,valid,http_ok,https://www.infineon.com/part/CY8C6145AZI-S3F72,text/html;charset=utf-8,HEAD,2026-08-29T13:23:24+00:00
https://www.infineon.com/part/CY8C6145FNI-S3F11T,200,valid,http_ok,https://www.infineon.com/part/CY8C6145FNI-S3F11T,text/html;charset=utf-8,HEAD,2026-08-29T13:23:24+00:00
https://www.infineon.com/part/CY8C6145FNI-S3F41T,200,valid,http_ok,https://www.infineon.com/part/CY8C6145FNI-S3F41T,text/html;charset=utf-8,HEAD,2026-08-29T13:23:24+00:00
https://www.infineon.com/part/CY8C6145FNI-S3F71T,200,valid,http_ok,https://www.infineon.com/part/CY8C6145FNI-S3F71T,text/html;charset=utf-8,HEAD,2026-08-29T13:23:24+00:00
https://www.infineon.com/part/CY8C6145LQI-S3F02,200,valid,http_ok,https://www.infineon.com/part/CY8C6145LQI-S3F02,text/html;charset=utf-8,HEAD,2026-08-29T13:23:24+00:00
https://www.infineon.com/part/CY8C6145LQI-S3F12,200,valid,http_ok,https://www.infineon.com/part/CY8C6145LQI-S3F12,text/html;charset=utf-8,HEAD,2026-08-29T13:23:24+00:00
https://www.infineon.com/part/CY8C6145LQI-S3F42,200,valid,http_ok,https://www.infineon.com/part/CY8C6145LQI-S3F42,text/html;charset=utf-8,HEAD,2026-08-29T13:23:24+00:00
https://www.infineon.com/part/CY8C6145LQI-S3F62,200,valid,http_ok,https://www.infineon.com/part/CY8C6145LQI-S3F62,text/html;charset=utf-8,HEAD,2026-08-29T13:23:24+00:00
https://www.infineon.com/part/CY8C6145LQI-S3F72,200,valid,http_ok,https://www.infineon.com/part/CY8C6145LQI-S3F72,text/html;charset=utf-8,HEAD,2026-08-29T13:23:24+00:00
https://www.infineon.com/part/CY8C6148AZI-S2F44,200,valid,http_ok,https://www.infineon.com/part/CY8C6148AZI-S2F44,text/html;charset=utf-8,HEAD,2026-08-29T13:23:24+00:00
https://www.infineon.com/part/CY8C6148BZI-S2F44,200,valid,http_ok,https://www.infineon.com/part/CY8C6148BZI-S2F44,text/html;charset=utf-8,HEAD,2026-08-29T13:23:25+00:00
https://www.infineon.com/part/CY8C6148FNI-S2F43T,200,valid,http_ok,https://www.infineon.com/part/CY8C6148FNI-S2F43T,text/html;charset=utf-8,HEAD,2026-08-29T13:23:25+00:00
https://www.infineon.com/part/CY8C6148LQI-S2F02,200,valid,http_ok,https://www.infineon.com/part/CY8C6148LQI-S2F02,text/html;charset=utf-8,HEAD,2026-08-29T13:23:25+00:00
https://www.infineon.com/part/CY8C6148LQI-S2F42,200,valid,http_ok,https://www.infineon.com/part/CY8C6148LQI-S2F42,text/html;charset=utf-8,HEAD,2026-08-29T13:23:25+00:00
https://www.infineon.com/part/CY8C614AAZI-S2F04,200,valid,http_ok,https://www.infineon.com/part/CY8C614AAZI-S2F04,text/html;charset=utf-8,HEAD,2026-08-29T13:23:25+00:00
https://www.infineon.com/part/CY8C614AAZI-S2F14,200,valid,http_ok,https://www.infineon.com/part/CY8C614AAZI-S2F14,text/html;charset=utf-8,HEAD,2026-08-29T13:23:25+00:00
https://www.infineon.com/part/CY8C614AAZI-S2F44,200,valid,http_ok,https://www.infineon.com/part/CY8C614AAZI-S2F44,text/html;charset=utf-8,HEAD,2026-08-29T13:23:25+00:00
https://www.infineon.com/part/CY8C614ABZI-S2F04,200,valid,http_ok,https://www.infineon.com/part/CY8C614ABZI-S2F04,text/html;charset=utf-8,HEAD,2026-08-29T13:23:25+00:00
https://www.infineon.com/part/CY8C614ABZI-S2F44,200,valid,http_ok,https://www.infineon.com/part/CY8C614ABZI-S2F44,text/html;charset=utf-8,HEAD,2026-08-29T13:23:25+00:00
https://www.infineon.com/part/CY8C614AFNI-S2F03T,200,valid,http_ok,https://www.infineon.com/part/CY8C614AFNI-S2F03T,text/html;charset=utf-8,HEAD,2026-08-29T13:23:25+00:00
https://www.infineon.com/part/CY8C614AFNI-S2F43T,200,valid,http_ok,https://www.infineon.com/part/CY8C614AFNI-S2F43T,text/html;charset=utf-8,HEAD,2026-08-29T13:23:25+00:00
https://www.infineon.com/part/CY8C614ALQI-S2F02,200,valid,http_ok,https://www.infineon.com/part/CY8C614ALQI-S2F02,text/html;charset=utf-8,HEAD,2026-08-29T13:23:25+00:00
https://www.infineon.com/part/CY8C614ALQI-S2F42,200,valid,http_ok,https://www.infineon.com/part/CY8C614ALQI-S2F42,text/html;charset=utf-8,HEAD,2026-08-29T13:23:25+00:00
https://www.infineon.com/part/CY8C6244AZI-S4D12,200,valid,http_ok,https://www.infineon.com/part/CY8C6244AZI-S4D12,text/html;charset=utf-8,HEAD,2026-08-29T13:23:25+00:00
https://www.infineon.com/part/CY8C6244AZI-S4D62,200,valid,http_ok,https://www.infineon.com/part/CY8C6244AZI-S4D62,text/html;charset=utf-8,HEAD,2026-08-29T13:23:25+00:00
https://www.infineon.com/part/CY8C6244AZI-S4D82,200,valid,http_ok,https://www.infineon.com/part/CY8C6244AZI-S4D82,text/html;charset=utf-8,HEAD,2026-08-29T13:23:25+00:00
https://www.infineon.com/part/CY8C6244AZI-S4D83,200,valid,http_ok,https://www.infineon.com/part/CY8C6244AZI-S4D83,text/html;charset=utf-8,HEAD,2026-08-29T13:23:25+00:00
https://www.infineon.com/part/CY8C6244AZI-S4D92,200,valid,http_ok,https://www.infineon.com/part/CY8C6244AZI-S4D92,text/html;charset=utf-8,HEAD,2026-08-29T13:23:25+00:00
https://www.infineon.com/part/CY8C6244AZI-S4D93,200,valid,http_ok,https://www.infineon.com/part/CY8C6244AZI-S4D93,text/html;charset=utf-8,HEAD,2026-08-29T13:23:25+00:00
https://www.infineon.com/part/CY8C6244AZQ-S4D92,200,valid,http_ok,https://www.infineon.com/part/CY8C6244AZQ-S4D92,text/html;charset=utf-8,HEAD,2026-08-29T13:23:25+00:00
https://www.infineon.com/part/CY8C6244AZQ-S4D93,200,valid,http_ok,https://www.infineon.com/part/CY8C6244AZQ-S4D93,text/html;charset=utf-8,HEAD,2026-08-29T13:23:25+00:00
https://www.infineon.com/part/CY8C6244LQI-S4D12,200,valid,http_ok,https://www.infineon.com/part/CY8C6244LQI-S4D12,text/html;charset=utf-8,HEAD,2026-08-29T13:23:26+00:00
https://www.infineon.com/part/CY8C6244LQI-S4D62,200,valid,http_ok,https://www.infineon.com/part/CY8C6244LQI-S4D62,text/html;charset=utf-8,HEAD,2026-08-29T13:23:26+00:00
https://www.infineon.com/part/CY8C6244LQI-S4D82,200,valid,http_ok,https://www.infineon.com/part/CY8C6244LQI-S4D82,text/html;charset=utf-8,HEAD,2026-08-29T13:23:26+00:00
https://www.infineon.com/part/CY8C6244LQI-S4D92,200,valid,http_ok,https://www.infineon.com/part/CY8C6244LQI-S4D92,text/html;charset=utf-8,HEAD,2026-08-29T13:23:26+00:00
https://www.infineon.com/part/CY8C6244LQQ-S4D92,200,valid,http_ok,https://www.infineon.com/part/CY8C6244LQQ-S4D92,text/html;charset=utf-8,HEAD,2026-08-29T13:23:26+00:00
https://www.infineon.com/part/CY8C6245AZI-S3D02,200,valid,http_ok,https://www.infineon.com/part/CY8C6245AZI-S3D02,text/html;charset=utf-8,HEAD,2026-08-29T13:23:26+00:00
https://www.infineon.com/part/CY8C6245AZI-S3D12,200,valid,http_ok,https://www.infineon.com/part/CY8C6245AZI-S3D12,text/html;charset=utf-8,HEAD,2026-08-29T13:23:26+00:00
https://www.infineon.com/part/CY8C6245AZI-S3D42,200,valid,http_ok,https://www.infineon.com/part/CY8C6245AZI-S3D42,text/html;charset=utf-8,HEAD,2026-08-29T13:23:26+00:00
https://www.infineon.com/part/CY8C6245AZI-S3D62,200,valid,http_ok,https://www.infineon.com/part/CY8C6245AZI-S3D62,text/html;charset=utf-8,HEAD,2026-08-29T13:23:26+00:00
https://www.infineon.com/part/CY8C6245AZI-S3D72,200,valid,http_ok,https://www.infineon.com/part/CY8C6245AZI-S3D72,text/html;charset=utf-8,HEAD,2026-08-29T13:23:26+00:00
https://www.infineon.com/part/CY8C6245FNI-S3D11T,200,valid,http_ok,https://www.infineon.com/part/CY8C6245FNI-S3D11T,text/html;charset=utf-8,HEAD,2026-08-29T13:23:26+00:00
https://www.infineon.com/part/CY8C6245FNI-S3D41T,200,valid,http_ok,https://www.infineon.com/part/CY8C6245FNI-S3D41T,text/html;charset=utf-8,HEAD,2026-08-29T13:23:26+00:00
https://www.infineon.com/part/CY8C6245FNI-S3D71T,200,valid,http_ok,https://www.infineon.com/part/CY8C6245FNI-S3D71T,text/html;charset=utf-8,HEAD,2026-08-29T13:23:26+00:00
https://www.infineon.com/part/CY8C6245LQI-S3D02,200,valid,http_ok,https://www.infineon.com/part/CY8C6245LQI-S3D02,text/html;charset=utf-8,HEAD,2026-08-29T13:23:26+00:00
https://www.infineon.com/part/CY8C6245LQI-S3D12,200,valid,http_ok,https://www.infineon.com/part/CY8C6245LQI-S3D12,text/html;charset=utf-8,HEAD,2026-08-29T13:23:26+00:00
https://www.infineon.com/part/CY8C6245LQI-S3D42,200,valid,http_ok,https://www.infineon.com/part/CY8C6245LQI-S3D42,text/html;charset=utf-8,HEAD,2026-08-29T13:23:26+00:00
https://www.infineon.com/part/CY8C6245LQI-S3D62,200,valid,http_ok,https://www.infineon.com/part/CY8C6245LQI-S3D62,text/html;charset=utf-8,HEAD,2026-08-29T13:23:26+00:00
https://www.infineon.com/part/CY8C6245LQI-S3D72,200,valid,http_ok,https://www.infineon.com/part/CY8C6245LQI-S3D72,text/html;charset=utf-8,HEAD,2026-08-29T13:23:26+00:00
https://www.infineon.com/part/CY8C6246BZI-D04,200,valid,http_ok,https://www.infineon.com/part/CY8C6246BZI-D04,text/html;charset=utf-8,HEAD,2026-08-29T13:23:26+00:00
https://www.infineon.com/part/CY8C6247BTI-D54,200,valid,http_ok,https://www.infineon.com/part/CY8C6247BTI-D54,text/html;charset=utf-8,HEAD,2026-08-29T13:23:26+00:00
https://www.infineon.com/part/CY8C6247BZI-D34,200,valid,http_ok,https://www.infineon.com/part/CY8C6247BZI-D34,text/html;charset=utf-8,HEAD,2026-08-29T13:23:27+00:00
https://www.infineon.com/part/CY8C6247BZI-D44,200,valid,http_ok,https://www.infineon.com/part/CY8C6247BZI-D44,text/html;charset=utf-8,HEAD,2026-08-29T13:23:27+00:00
https://www.infineon.com/part/CY8C6247BZI-D54,200,valid,http_ok,https://www.infineon.com/part/CY8C6247BZI-D54,text/html;charset=utf-8,HEAD,2026-08-29T13:23:27+00:00
https://www.infineon.com/part/CY8C6247FDI-D02T,200,valid,http_ok,https://www.infineon.com/part/CY8C6247FDI-D02T,text/html;charset=utf-8,HEAD,2026-08-29T13:23:27+00:00
https://www.infineon.com/part/CY8C6247FDI-D32T,200,valid,http_ok,https://www.infineon.com/part/CY8C6247FDI-D32T,text/html;charset=utf-8,HEAD,2026-08-29T13:23:27+00:00
https://www.infineon.com/part/CY8C6247FDI-D52T,200,valid,http_ok,https://www.infineon.com/part/CY8C6247FDI-D52T,text/html;charset=utf-8,HEAD,2026-08-29T13:23:27+00:00
https://www.infineon.com/part/CY8C6247FTI-D52T,200,valid,http_ok,https://www.infineon.com/part/CY8C6247FTI-D52T,text/html;charset=utf-8,HEAD,2026-08-29T13:23:27+00:00
https://www.infineon.com/part/CY8C6248AZI-S2D14,200,valid,http_ok,https://www.infineon.com/part/CY8C6248AZI-S2D14,text/html;charset=utf-8,HEAD,2026-08-29T13:23:27+00:00
https://www.infineon.com/part/CY8C6248AZI-S2D44,200,valid,http_ok,https://www.infineon.com/part/CY8C6248AZI-S2D44,text/html;charset=utf-8,HEAD,2026-08-29T13:23:27+00:00
https://www.infineon.com/part/CY8C6248BZI-S2D44,200,valid,http_ok,https://www.infineon.com/part/CY8C6248BZI-S2D44,text/html;charset=utf-8,HEAD,2026-08-29T13:23:27+00:00
https://www.infineon.com/part/CY8C6248FNI-S2D43T,200,valid,http_ok,https://www.infineon.com/part/CY8C6248FNI-S2D43T,text/html;charset=utf-8,HEAD,2026-08-29T13:23:27+00:00
https://www.infineon.com/part/CY8C6248LQI-S2D02,200,valid,http_ok,https://www.infineon.com/part/CY8C6248LQI-S2D02,text/html;charset=utf-8,HEAD,2026-08-29T13:23:27+00:00
https://www.infineon.com/part/CY8C6248LQI-S2D42,200,valid,http_ok,https://www.infineon.com/part/CY8C6248LQI-S2D42,text/html;charset=utf-8,HEAD,2026-08-29T13:23:27+00:00
https://www.infineon.com/part/CY8C624AAZI-S2D14,200,valid,http_ok,https://www.infineon.com/part/CY8C624AAZI-S2D14,text/html;charset=utf-8,HEAD,2026-08-29T13:23:27+00:00
https://www.infineon.com/part/CY8C624AAZI-S2D44,200,valid,http_ok,https://www.infineon.com/part/CY8C624AAZI-S2D44,text/html;charset=utf-8,HEAD,2026-08-29T13:23:27+00:00
https://www.infineon.com/part/CY8C624ABZI-S2D04,200,valid,http_ok,https://www.infineon.com/part/CY8C624ABZI-S2D04,text/html;charset=utf-8,HEAD,2026-08-29T13:23:27+00:00
https://www.infineon.com/part/CY8C624ABZI-S2D14,200,valid,http_ok,https://www.infineon.com/part/CY8C624ABZI-S2D14,text/html;charset=utf-8,HEAD,2026-08-29T13:23:27+00:00
https://www.infineon.com/part/CY8C624ABZI-S2D44,200,valid,http_ok,https://www.infineon.com/part/CY8C624ABZI-S2D44,text/html;charset=utf-8,HEAD,2026-08-29T13:23:27+00:00
https://www.infineon.com/part/CY8C624AFNI-S2D43T,200,valid,http_ok,https://www.infineon.com/part/CY8C624AFNI-S2D43T,text/html;charset=utf-8,HEAD,2026-08-29T13:23:27+00:00
https://www.infineon.com/part/CY8C624ALQI-S2D02,200,valid,http_ok,https://www.infineon.com/part/CY8C624ALQI-S2D02,text/html;charset=utf-8,HEAD,2026-08-29T13:23:28+00:00
https://www.infineon.com/part/CY8C624ALQI-S2D42,200,valid,http_ok,https://www.infineon.com/part/CY8C624ALQI-S2D42,text/html;charset=utf-8,HEAD,2026-08-29T13:23:28+00:00
https://www.infineon.com/part/CY8C6316BZI-BLF03,200,valid,http_ok,https://www.infineon.com/part/CY8C6316BZI-BLF03,text/html;charset=utf-8,HEAD,2026-08-29T13:23:28+00:00
https://www.infineon.com/part/CY8C6316BZI-BLF04,200,valid,http_ok,https://www.infineon.com/part/CY8C6316BZI-BLF04,text/html;charset=utf-8,HEAD,2026-08-29T13:23:28+00:00
https://www.infineon.com/part/CY8C6316BZI-BLF53,200,valid,http_ok,https://www.infineon.com/part/CY8C6316BZI-BLF53,text/html;charset=utf-8,HEAD,2026-08-29T13:23:28+00:00
https://www.infineon.com/part/CY8C6316BZI-BLF54,200,valid,http_ok,https://www.infineon.com/part/CY8C6316BZI-BLF54,text/html;charset=utf-8,HEAD,2026-08-29T13:23:28+00:00
https://www.infineon.com/part/CY8C6336BZI-BLD13,200,valid,http_ok,https://www.infineon.com/part/CY8C6336BZI-BLD13,text/html;charset=utf-8,HEAD,2026-08-29T13:23:28+00:00
https://www.infineon.com/part/CY8C6336BZI-BLD14,200,valid,http_ok,https://www.infineon.com/part/CY8C6336BZI-BLD14,text/html;charset=utf-8,HEAD,2026-08-29T13:23:28+00:00
https://www.infineon.com/part/CY8C6336BZI-BLF03,200,valid,http_ok,https://www.infineon.com/part/CY8C6336BZI-BLF03,text/html;charset=utf-8,HEAD,2026-08-29T13:23:28+00:00
https://www.infineon.com/part/CY8C6336BZI-BLF04,200,valid,http_ok,https://www.infineon.com/part/CY8C6336BZI-BLF04,text/html;charset=utf-8,HEAD,2026-08-29T13:23:28+00:00
https://www.infineon.com/part/CY8C6336LQI-BLF02,200,valid,http_ok,https://www.infineon.com/part/CY8C6336LQI-BLF02,text/html;charset=utf-8,HEAD,2026-08-29T13:23:28+00:00
https://www.infineon.com/part/CY8C6336LQI-BLF42,200,valid,http_ok,https://www.infineon.com/part/CY8C6336LQI-BLF42,text/html;charset=utf-8,HEAD,2026-08-29T13:23:28+00:00
https://www.infineon.com/part/CY8C6337BZI-BLF13,200,valid,http_ok,https://www.infineon.com/part/CY8C6337BZI-BLF13,text/html;charset=utf-8,HEAD,2026-08-29T13:23:28+00:00
https://www.infineon.com/part/CY8C6347BZI-BLD33,200,valid,http_ok,https://www.infineon.com/part/CY8C6347BZI-BLD33,text/html;charset=utf-8,HEAD,2026-08-29T13:23:28+00:00
https://www.infineon.com/part/CY8C6347BZI-BLD34,200,valid,http_ok,https://www.infineon.com/part/CY8C6347BZI-BLD34,text/html;charset=utf-8,HEAD,2026-08-29T13:23:28+00:00
https://www.infineon.com/part/CY8C6347BZI-BLD43,200,valid,http_ok,https://www.infineon.com/part/CY8C6347BZI-BLD43,text/html;charset=utf-8,HEAD,2026-08-29T13:23:28+00:00
https://www.infineon.com/part/CY8C6347BZI-BLD44,200,valid,http_ok,https://www.infineon.com/part/CY8C6347BZI-BLD44,text/html;charset=utf-8,HEAD,2026-08-29T13:23:28+00:00
https://www.infineon.com/part/CY8C6347BZI-BLD53,200,valid,http_ok,https://www.infineon.com/part/CY8C6347BZI-BLD53,text/html;charset=utf-8,HEAD,2026-08-29T13:23:28+00:00
https://www.infineon.com/part/CY8C6347LQI-BLD52,200,valid,http_ok,https://www.infineon.com/part/CY8C6347LQI-BLD52,text/html;charset=utf-8,HEAD,2026-08-29T13:23:28+00:00
https://www.infineon.com/part/CY8C68237FM-BLE,200,valid,http_ok,https://www.infineon.com/part/CY8C68237FM-BLE,text/html;charset=utf-8,HEAD,2026-08-29T13:23:22+00:00
https://www.infineon.com/part/CYB06445LQI-S3D42,200,valid,http_ok,https://www.infineon.com/part/CYB06445LQI-S3D42,text/html;charset=utf-8,HEAD,2026-08-29T13:23:29+00:00
https://www.infineon.com/part/CYB06447BZI-BLD53,200,valid,http_ok,https://www.infineon.com/part/CYB06447BZI-BLD53,text/html;charset=utf-8,HEAD,2026-08-29T13:23:29+00:00
https://www.infineon.com/part/CYB06447BZI-D54,200,valid,http_ok,https://www.infineon.com/part/CYB06447BZI-D54,text/html;charset=utf-8,HEAD,2026-08-29T13:23:29+00:00
https://www.infineon.com/part/CYB0644ABZI-S2D44,200,valid,http_ok,https://www.infineon.com/part/CYB0644ABZI-S2D44,text/html;charset=utf-8,HEAD,2026-08-29T13:23:29+00:00
https://www.infineon.com/part/CYBLE-416045-02,200,valid,http_ok,https://www.infineon.com/part/CYBLE-416045-02,text/html;charset=utf-8,HEAD,2026-08-29T13:23:29+00:00
https://www.infineon.com/part/CYPD6129-52LQXI,200,valid,http_ok,https://www.infineon.com/part/CYPD6129-52LQXI,text/html;charset=utf-8,HEAD,2026-08-29T13:22:11+00:00
https://www.infineon.com/part/CYPD6129-52LQXIT,200,valid,http_ok,https://www.infineon.com/part/CYPD6129-52LQXIT,text/html;charset=utf-8,HEAD,2026-08-29T13:22:12+00:00
https://www.infineon.com/part/CYPD6229-52LQXI,200,valid,http_ok,https://www.infineon.com/part/CYPD6229-52LQXI,text/html;charset=utf-8,HEAD,2026-08-29T13:22:12+00:00
https://www.infineon.com/part/CYPD6229-52LQXIT,200,valid,http_ok,https://www.infineon.com/part/CYPD6229-52LQXIT,text/html;charset=utf-8,HEAD,2026-08-29T13:22:12+00:00
https://www.infineon.com/part/CYPD7171-40LQXQ,200,valid,http_ok,https://www.infineon.com/part/CYPD7171-40LQXQ,text/html;charset=utf-8,HEAD,2026-08-29T13:22:17+00:00
https://www.infineon.com/part/CYPD7172-39BFXQ,200,valid,http_ok,https://www.infineon.com/part/CYPD7172-39BFXQ,text/html;charset=utf-8,HEAD,2026-08-29T13:22:18+00:00
https://www.infineon.com/part/CYPD7173-39BFXQ,200,valid,http_ok,https://www.infineon.com/part/CYPD7173-39BFXQ,text/html;charset=utf-8,HEAD,2026-08-29T13:22:19+00:00
https://www.infineon.com/part/CYPD7191-40LDXS,200,valid,http_ok,https://www.infineon.com/part/CYPD7191-40LDXS,text/html;charset=utf-8,HEAD,2026-08-29T13:22:20+00:00
https://www.infineon.com/part/CYPD7192-39BFXS,200,valid,http_ok,https://www.infineon.com/part/CYPD7192-39BFXS,text/html;charset=utf-8,HEAD,2026-08-29T13:22:20+00:00
https://www.infineon.com/part/CYPD7193-39BFXS,200,valid,http_ok,https://www.infineon.com/part/CYPD7193-39BFXS,text/html;charset=utf-8,HEAD,2026-08-29T13:22:21+00:00
https://www.infineon.com/part/CYPD7194-40BFXS,200,valid,http_ok,https://www.infineon.com/part/CYPD7194-40BFXS,text/html;charset=utf-8,HEAD,2026-08-29T13:22:22+00:00
https://www.infineon.com/part/CYPD7195-40BFXS,200,valid,http_ok,https://www.infineon.com/part/CYPD7195-40BFXS,text/html;charset=utf-8,HEAD,2026-08-29T13:22:22+00:00
https://www.infineon.com/part/CYPD7196-40BFXS,200,valid,http_ok,https://www.infineon.com/part/CYPD7196-40BFXS,text/html;charset=utf-8,HEAD,2026-08-29T13:22:23+00:00
https://www.infineon.com/part/CYPD7197-40BFXS,200,valid,http_ok,https://www.infineon.com/part/CYPD7197-40BFXS,text/html;charset=utf-8,HEAD,2026-08-29T13:22:24+00:00
https://www.infineon.com/part/CYPD7198-39BFXS,200,valid,http_ok,https://www.infineon.com/part/CYPD7198-39BFXS,text/html;charset=utf-8,HEAD,2026-08-29T13:22:25+00:00
https://www.infineon.com/part/CYPD7199-40LDXS,200,valid,http_ok,https://www.infineon.com/part/CYPD7199-40LDXS,text/html;charset=utf-8,HEAD,2026-08-29T13:22:25+00:00
https://www.infineon.com/part/CYPD7271-68LQXQ,200,valid,http_ok,https://www.infineon.com/part/CYPD7271-68LQXQ,text/html;charset=utf-8,HEAD,2026-08-29T13:22:15+00:00
https://www.infineon.com/part/CYPD7272-68LQXQ,200,valid,http_ok,https://www.infineon.com/part/CYPD7272-68LQXQ,text/html;charset=utf-8,HEAD,2026-08-29T13:22:16+00:00
https://www.infineon.com/part/CYPD7291-68LDXS,200,valid,http_ok,https://www.infineon.com/part/CYPD7291-68LDXS,text/html;charset=utf-8,HEAD,2026-08-29T13:22:16+00:00
https://www.infineon.com/part/CYPD7299-68LDXS,200,valid,http_ok,https://www.infineon.com/part/CYPD7299-68LDXS,text/html;charset=utf-8,HEAD,2026-08-29T13:22:17+00:00
https://www.infineon.com/part/CYPD8125-48LDXI,200,valid,http_ok,https://www.infineon.com/part/CYPD8125-48LDXI,text/html;charset=utf-8,HEAD,2026-08-29T13:22:26+00:00
https://www.infineon.com/part/CYPD8129-52LQXIT,200,valid,http_ok,https://www.infineon.com/part/CYPD8129-52LQXIT,text/html;charset=utf-8,HEAD,2026-08-29T13:22:27+00:00
https://www.infineon.com/part/CYPD8225-97BZXIT,200,valid,http_ok,https://www.infineon.com/part/CYPD8225-97BZXIT,text/html;charset=utf-8,HEAD,2026-08-29T13:22:27+00:00
https://www.infineon.com/part/CYPD8229-52LQXIT,200,valid,http_ok,https://www.infineon.com/part/CYPD8229-52LQXIT,text/html;charset=utf-8,HEAD,2026-08-29T13:22:28+00:00
https://www.infineon.com/part/CYPM1011-24LQXI,200,valid,http_ok,https://www.infineon.com/part/CYPM1011-24LQXI,text/html;charset=utf-8,HEAD,2026-08-29T13:22:43+00:00
https://www.infineon.com/part/CYPM1111-40LQXIT,200,valid,http_ok,https://www.infineon.com/part/CYPM1111-40LQXIT,text/html;charset=utf-8,HEAD,2026-08-29T13:22:43+00:00
https://www.infineon.com/part/CYPM1115-48LQXI,200,valid,http_ok,https://www.infineon.com/part/CYPM1115-48LQXI,text/html;charset=utf-8,HEAD,2026-08-29T13:22:43+00:00
https://www.infineon.com/part/CYPM1116-48LQXI,200,valid,http_ok,https://www.infineon.com/part/CYPM1116-48LQXI,text/html;charset=utf-8,HEAD,2026-08-29T13:22:43+00:00
https://www.infineon.com/part/CYPM1211-40LQXIT,200,valid,http_ok,https://www.infineon.com/part/CYPM1211-40LQXIT,text/html;charset=utf-8,HEAD,2026-08-29T13:22:43+00:00
https://www.infineon.com/part/CYPM1211-42FNXIT,200,valid,http_ok,https://www.infineon.com/part/CYPM1211-42FNXIT,text/html;charset=utf-8,HEAD,2026-08-29T13:22:43+00:00
https://www.infineon.com/part/CYPM1311-48LDXI,200,valid,http_ok,https://www.infineon.com/part/CYPM1311-48LDXI,text/html;charset=utf-8,HEAD,2026-08-29T13:22:43+00:00
https://www.infineon.com/part/CYPM1321-97BZXIT,200,valid,http_ok,https://www.infineon.com/part/CYPM1321-97BZXIT,text/html;charset=utf-8,HEAD,2026-08-29T13:22:43+00:00
https://www.infineon.com/part/CYPM1322-97BZXIT,200,valid,http_ok,https://www.infineon.com/part/CYPM1322-97BZXIT,text/html;charset=utf-8,HEAD,2026-08-29T13:22:43+00:00
https://www.infineon.com/part/CYS0644ABZI-S2D44,200,valid,http_ok,https://www.infineon.com/part/CYS0644ABZI-S2D44,text/html;charset=utf-8,HEAD,2026-08-29T13:23:29+00:00
https://www.infineon.com/part/CYT2B63BADQ0AZEGS,200,valid,http_ok,https://www.infineon.com/part/CYT2B63BADQ0AZEGS,text/html;charset=utf-8,HEAD,2026-08-29T13:22:28+00:00
https://www.infineon.com/part/CYT2B63BADQ0AZSGS,200,valid,http_ok,https://www.infineon.com/part/CYT2B63BADQ0AZSGS,text/html;charset=utf-8,HEAD,2026-08-29T13:22:29+00:00
https://www.infineon.com/part/CYT2B64BADQ0AZEGS,200,valid,http_ok,https://www.infineon.com/part/CYT2B64BADQ0AZEGS,text/html;charset=utf-8,HEAD,2026-08-29T13:22:29+00:00
https://www.infineon.com/part/CYT2B64BADQ0AZSGS,200,valid,http_ok,https://www.infineon.com/part/CYT2B64BADQ0AZSGS,text/html;charset=utf-8,HEAD,2026-08-29T13:22:30+00:00
https://www.infineon.com/part/CYT2B65BADQ0AZEGS,200,valid,http_ok,https://www.infineon.com/part/CYT2B65BADQ0AZEGS,text/html;charset=utf-8,HEAD,2026-08-29T13:22:30+00:00
https://www.infineon.com/part/CYT2B65BADQ0AZSGS,200,valid,http_ok,https://www.infineon.com/part/CYT2B65BADQ0AZSGS,text/html;charset=utf-8,HEAD,2026-08-29T13:22:31+00:00
https://www.infineon.com/part/CYT2B73BADQ0AZEGS,200,valid,http_ok,https://www.infineon.com/part/CYT2B73BADQ0AZEGS,text/html;charset=utf-8,HEAD,2026-08-29T13:22:31+00:00
https://www.infineon.com/part/CYT2B73BADQ0AZSGS,200,valid,http_ok,https://www.infineon.com/part/CYT2B73BADQ0AZSGS,text/html;charset=utf-8,HEAD,2026-08-29T13:22:32+00:00
https://www.infineon.com/part/CYT2B73CADQ0AZEGS,200,valid,http_ok,https://www.infineon.com/part/CYT2B73CADQ0AZEGS,text/html;charset=utf-8,HEAD,2026-08-29T13:22:33+00:00
https://www.infineon.com/part/CYT2B73CADQ0AZSGS,200,valid,http_ok,https://www.infineon.com/part/CYT2B73CADQ0AZSGS,text/html;charset=utf-8,HEAD,2026-08-29T13:22:33+00:00
https://www.infineon.com/part/CYT2B74BADQ0AZEGS,200,valid,http_ok,https://www.infineon.com/part/CYT2B74BADQ0AZEGS,text/html;charset=utf-8,HEAD,2026-08-29T13:22:34+00:00
https://www.infineon.com/part/CYT2B74BADQ0AZSGS,200,valid,http_ok,https://www.infineon.com/part/CYT2B74BADQ0AZSGS,text/html;charset=utf-8,HEAD,2026-08-29T13:22:35+00:00
https://www.infineon.com/part/CYT2B74CADQ0AZEGS,200,valid,http_ok,https://www.infineon.com/part/CYT2B74CADQ0AZEGS,text/html;charset=utf-8,HEAD,2026-08-29T13:22:36+00:00
https://www.infineon.com/part/CYT2B74CADQ0AZSGS,200,valid,http_ok,https://www.infineon.com/part/CYT2B74CADQ0AZSGS,text/html;charset=utf-8,HEAD,2026-08-29T13:22:36+00:00
https://www.infineon.com/part/CYT2B75BADQ0AZEGS,200,valid,http_ok,https://www.infineon.com/part/CYT2B75BADQ0AZEGS,text/html;charset=utf-8,HEAD,2026-08-29T13:22:36+00:00
https://www.infineon.com/part/CYT2B75BADQ0AZSGS,200,valid,http_ok,https://www.infineon.com/part/CYT2B75BADQ0AZSGS,text/html;charset=utf-8,HEAD,2026-08-29T13:22:36+00:00
https://www.infineon.com/part/CYT2B75CADQ0AZEGS,200,valid,http_ok,https://www.infineon.com/part/CYT2B75CADQ0AZEGS,text/html;charset=utf-8,HEAD,2026-08-29T13:22:37+00:00
https://www.infineon.com/part/CYT2B75CADQ0AZSGS,200,valid,http_ok,https://www.infineon.com/part/CYT2B75CADQ0AZSGS,text/html;charset=utf-8,HEAD,2026-08-29T13:22:37+00:00
https://www.infineon.com/part/CYT2B77BADQ0AZEGS,200,valid,http_ok,https://www.infineon.com/part/CYT2B77BADQ0AZEGS,text/html;charset=utf-8,HEAD,2026-08-29T13:22:37+00:00
https://www.infineon.com/part/CYT2B77BADQ0AZSGS,200,valid,http_ok,https://www.infineon.com/part/CYT2B77BADQ0AZSGS,text/html;charset=utf-8,HEAD,2026-08-29T13:22:37+00:00
https://www.infineon.com/part/CYT2B77CADQ0AZEGS,200,valid,http_ok,https://www.infineon.com/part/CYT2B77CADQ0AZEGS,text/html;charset=utf-8,HEAD,2026-08-29T13:22:37+00:00
https://www.infineon.com/part/CYT2B77CADQ0AZSGS,200,valid,http_ok,https://www.infineon.com/part/CYT2B77CADQ0AZSGS,text/html;charset=utf-8,HEAD,2026-08-29T13:22:37+00:00
https://www.infineon.com/part/CYT2B78BADQ0AZEGS,200,valid,http_ok,https://www.infineon.com/part/CYT2B78BADQ0AZEGS,text/html;charset=utf-8,HEAD,2026-08-29T13:22:37+00:00
https://www.infineon.com/part/CYT2B78BADQ0AZSGS,200,valid,http_ok,https://www.infineon.com/part/CYT2B78BADQ0AZSGS,text/html;charset=utf-8,HEAD,2026-08-29T13:22:37+00:00
https://www.infineon.com/part/CYT2B78CADQ0AZEGS,200,valid,http_ok,https://www.infineon.com/part/CYT2B78CADQ0AZEGS,text/html;charset=utf-8,HEAD,2026-08-29T13:22:37+00:00
https://www.infineon.com/part/CYT2B78CADQ0AZSGS,200,valid,http_ok,https://www.infineon.com/part/CYT2B78CADQ0AZSGS,text/html;charset=utf-8,HEAD,2026-08-29T13:22:37+00:00
https://www.infineon.com/part/CYT2B93BACQ0AZEGS,200,valid,http_ok,https://www.infineon.com/part/CYT2B93BACQ0AZEGS,text/html;charset=utf-8,HEAD,2026-08-29T13:22:37+00:00
https://www.infineon.com/part/CYT2B93BACQ0AZSGS,200,valid,http_ok,https://www.infineon.com/part/CYT2B93BACQ0AZSGS,text/html;charset=utf-8,HEAD,2026-08-29T13:22:37+00:00
https://www.infineon.com/part/CYT2B93CACQ0AZEGS,200,valid,http_ok,https://www.infineon.com/part/CYT2B93CACQ0AZEGS,text/html;charset=utf-8,HEAD,2026-08-29T13:22:38+00:00
https://www.infineon.com/part/CYT2B93CACQ0AZSGS,200,valid,http_ok,https://www.infineon.com/part/CYT2B93CACQ0AZSGS,text/html;charset=utf-8,HEAD,2026-08-29T13:22:38+00:00
https://www.infineon.com/part/CYT2B94BACQ0AZEGS,200,valid,http_ok,https://www.infineon.com/part/CYT2B94BACQ0AZEGS,text/html;charset=utf-8,HEAD,2026-08-29T13:22:38+00:00
https://www.infineon.com/part/CYT2B94BACQ0AZSGS,200,valid,http_ok,https://www.infineon.com/part/CYT2B94BACQ0AZSGS,text/html;charset=utf-8,HEAD,2026-08-29T13:22:38+00:00
https://www.infineon.com/part/CYT2B94CACQ0AZEGS,200,valid,http_ok,https://www.infineon.com/part/CYT2B94CACQ0AZEGS,text/html;charset=utf-8,HEAD,2026-08-29T13:22:38+00:00
https://www.infineon.com/part/CYT2B94CACQ0AZSGS,200,valid,http_ok,https://www.infineon.com/part/CYT2B94CACQ0AZSGS,text/html;charset=utf-8,HEAD,2026-08-29T13:22:38+00:00
https://www.infineon.com/part/CYT2B95BACQ0AZEGS,200,valid,http_ok,https://www.infineon.com/part/CYT2B95BACQ0AZEGS,text/html;charset=utf-8,HEAD,2026-08-29T13:22:38+00:00
https://www.infineon.com/part/CYT2B95BACQ0AZSGS,200,valid,http_ok,https://www.infineon.com/part/CYT2B95BACQ0AZSGS,text/html;charset=utf-8,HEAD,2026-08-29T13:22:38+00:00
https://www.infineon.com/part/CYT2B95CACQ0AZEGS,200,valid,http_ok,https://www.infineon.com/part/CYT2B95CACQ0AZEGS,text/html;charset=utf-8,HEAD,2026-08-29T13:22:38+00:00
https://www.infineon.com/part/CYT2B95CACQ0AZSGS,200,valid,http_ok,https://www.infineon.com/part/CYT2B95CACQ0AZSGS,text/html;charset=utf-8,HEAD,2026-08-29T13:22:38+00:00
https://www.infineon.com/part/CYT2B97BACQ0AZEGS,200,valid,http_ok,https://www.infineon.com/part/CYT2B97BACQ0AZEGS,text/html;charset=utf-8,HEAD,2026-08-29T13:22:38+00:00
https://www.infineon.com/part/CYT2B97BACQ0AZSGS,200,valid,http_ok,https://www.infineon.com/part/CYT2B97BACQ0AZSGS,text/html;charset=utf-8,HEAD,2026-08-29T13:22:39+00:00
https://www.infineon.com/part/CYT2B97CACQ0AZEGS,200,valid,http_ok,https://www.infineon.com/part/CYT2B97CACQ0AZEGS,text/html;charset=utf-8,HEAD,2026-08-29T13:22:39+00:00
https://www.infineon.com/part/CYT2B97CACQ0AZSGS,200,valid,http_ok,https://www.infineon.com/part/CYT2B97CACQ0AZSGS,text/html;charset=utf-8,HEAD,2026-08-29T13:22:39+00:00
https://www.infineon.com/part/CYT2B98BACQ0AZEGS,200,valid,http_ok,https://www.infineon.com/part/CYT2B98BACQ0AZEGS,text/html;charset=utf-8,HEAD,2026-08-29T13:22:39+00:00
https://www.infineon.com/part/CYT2B98BACQ0AZSGS,200,valid,http_ok,https://www.infineon.com/part/CYT2B98BACQ0AZSGS,text/html;charset=utf-8,HEAD,2026-08-29T13:22:39+00:00
https://www.infineon.com/part/CYT2B98CACQ0AZEGS,200,valid,http_ok,https://www.infineon.com/part/CYT2B98CACQ0AZEGS,text/html;charset=utf-8,HEAD,2026-08-29T13:22:39+00:00
https://www.infineon.com/part/CYT2B98CACQ0AZSGS,200,valid,http_ok,https://www.infineon.com/part/CYT2B98CACQ0AZSGS,text/html;charset=utf-8,HEAD,2026-08-29T13:22:39+00:00
https://www.infineon.com/part/CYT2BL3BAAQ0AZEGS,200,valid,http_ok,https://www.infineon.com/part/CYT2BL3BAAQ0AZEGS,text/html;charset=utf-8,HEAD,2026-08-29T13:22:39+00:00
https://www.infineon.com/part/CYT2BL3BAAQ0AZSGS,200,valid,http_ok,https://www.infineon.com/part/CYT2BL3BAAQ0AZSGS,text/html;charset=utf-8,HEAD,2026-08-29T13:22:39+00:00
https://www.infineon.com/part/CYT2BL3CAAQ0AZEGS,200,valid,http_ok,https://www.infineon.com/part/CYT2BL3CAAQ0AZEGS,text/html;charset=utf-8,HEAD,2026-08-29T13:22:39+00:00
https://www.infineon.com/part/CYT2BL3CAAQ0AZSGS,200,valid,http_ok,https://www.infineon.com/part/CYT2BL3CAAQ0AZSGS,text/html;charset=utf-8,HEAD,2026-08-29T13:22:39+00:00
https://www.infineon.com/part/CYT2BL4BAAQ0AZEGS,200,valid,http_ok,https://www.infineon.com/part/CYT2BL4BAAQ0AZEGS,text/html;charset=utf-8,HEAD,2026-08-29T13:22:40+00:00
https://www.infineon.com/part/CYT2BL4BAAQ0AZSGS,200,valid,http_ok,https://www.infineon.com/part/CYT2BL4BAAQ0AZSGS,text/html;charset=utf-8,HEAD,2026-08-29T13:22:40+00:00
https://www.infineon.com/part/CYT2BL4CAAQ0AZEGS,200,valid,http_ok,https://www.infineon.com/part/CYT2BL4CAAQ0AZEGS,text/html;charset=utf-8,HEAD,2026-08-29T13:22:40+00:00
https://www.infineon.com/part/CYT2BL4CAAQ0AZSGS,200,valid,http_ok,https://www.infineon.com/part/CYT2BL4CAAQ0AZSGS,text/html;charset=utf-8,HEAD,2026-08-29T13:22:40+00:00
https://www.infineon.com/part/CYT2BL5BAAQ0AZEGS,200,valid,http_ok,https://www.infineon.com/part/CYT2BL5BAAQ0AZEGS,text/html;charset=utf-8,HEAD,2026-08-29T13:22:40+00:00
https://www.infineon.com/part/CYT2BL5BAAQ0AZSGS,200,valid,http_ok,https://www.infineon.com/part/CYT2BL5BAAQ0AZSGS,text/html;charset=utf-8,HEAD,2026-08-29T13:22:40+00:00
https://www.infineon.com/part/CYT2BL5CAAQ0AZEGS,200,valid,http_ok,https://www.infineon.com/part/CYT2BL5CAAQ0AZEGS,text/html;charset=utf-8,HEAD,2026-08-29T13:22:40+00:00
https://www.infineon.com/part/CYT2BL5CAAQ0AZSGS,200,valid,http_ok,https://www.infineon.com/part/CYT2BL5CAAQ0AZSGS,text/html;charset=utf-8,HEAD,2026-08-29T13:22:40+00:00
https://www.infineon.com/part/CYT2BL7BAAQ0AZEGS,200,valid,http_ok,https://www.infineon.com/part/CYT2BL7BAAQ0AZEGS,text/html;charset=utf-8,HEAD,2026-08-29T13:22:40+00:00
https://www.infineon.com/part/CYT2BL7BAAQ0AZSGS,200,valid,http_ok,https://www.infineon.com/part/CYT2BL7BAAQ0AZSGS,text/html;charset=utf-8,HEAD,2026-08-29T13:22:40+00:00
https://www.infineon.com/part/CYT2BL7CAAQ0AZEGS,200,valid,http_ok,https://www.infineon.com/part/CYT2BL7CAAQ0AZEGS,text/html;charset=utf-8,HEAD,2026-08-29T13:22:40+00:00
https://www.infineon.com/part/CYT2BL7CAAQ0AZSGS,200,valid,http_ok,https://www.infineon.com/part/CYT2BL7CAAQ0AZSGS,text/html;charset=utf-8,HEAD,2026-08-29T13:22:40+00:00
https://www.infineon.com/part/CYT2BL8BAAQ1AZEGS,200,valid,http_ok,https://www.infineon.com/part/CYT2BL8BAAQ1AZEGS,text/html;charset=utf-8,HEAD,2026-08-29T13:22:40+00:00
https://www.infineon.com/part/CYT2BL8BAAQ1AZSGS,200,valid,http_ok,https://www.infineon.com/part/CYT2BL8BAAQ1AZSGS,text/html;charset=utf-8,HEAD,2026-08-29T13:22:40+00:00
https://www.infineon.com/part/CYT2BL8CAAQ1AZEGS,200,valid,http_ok,https://www.infineon.com/part/CYT2BL8CAAQ1AZEGS,text/html;charset=utf-8,HEAD,2026-08-29T13:22:40+00:00
https://www.infineon.com/part/CYT2BL8CAAQ1AZSGS,200,valid,http_ok,https://www.infineon.com/part/CYT2BL8CAAQ1AZSGS,text/html;charset=utf-8,HEAD,2026-08-29T13:22:40+00:00
https://www.infineon.com/part/CYT3BB5CEBQ1AEEGS,200,valid,http_ok,https://www.infineon.com/part/CYT3BB5CEBQ1AEEGS,text/html;charset=utf-8,HEAD,2026-08-29T13:22:40+00:00
https://www.infineon.com/part/CYT3BB5CEBQ1AESGS,200,valid,http_ok,https://www.infineon.com/part/CYT3BB5CEBQ1AESGS,text/html;charset=utf-8,HEAD,2026-08-29T13:22:40+00:00
https://www.infineon.com/part/CYT3BB7CEBQ1AEEGS,200,valid,http_ok,https://www.infineon.com/part/CYT3BB7CEBQ1AEEGS,text/html;charset=utf-8,HEAD,2026-08-29T13:22:41+00:00
https://www.infineon.com/part/CYT3BB7CEBQ1AESGS,200,valid,http_ok,https://www.infineon.com/part/CYT3BB7CEBQ1AESGS,text/html;charset=utf-8,HEAD,2026-08-29T13:22:41+00:00
https://www.infineon.com/part/CYT3BB8CEBQ1AEEGS,200,valid,http_ok,https://www.infineon.com/part/CYT3BB8CEBQ1AEEGS,text/html;charset=utf-8,HEAD,2026-08-29T13:22:41+00:00
https://www.infineon.com/part/CYT3BB8CEBQ1AESGS,200,valid,http_ok,https://www.infineon.com/part/CYT3BB8CEBQ1AESGS,text/html;charset=utf-8,HEAD,2026-08-29T13:22:41+00:00
https://www.infineon.com/part/CYT3BBBCEBQ1BZEGS,200,valid,http_ok,https://www.infineon.com/part/CYT3BBBCEBQ1BZEGS,text/html;charset=utf-8,HEAD,2026-08-29T13:22:41+00:00
https://www.infineon.com/part/CYT3BBBCEBQ1BZSGS,200,valid,http_ok,https://www.infineon.com/part/CYT3BBBCEBQ1BZSGS,text/html;charset=utf-8,HEAD,2026-08-29T13:22:41+00:00
https://www.infineon.com/part/CYT3DLABABQ1AESGS,200,valid,http_ok,https://www.infineon.com/part/CYT3DLABABQ1AESGS,text/html;charset=utf-8,HEAD,2026-08-29T13:22:41+00:00
https://www.infineon.com/part/CYT3DLBBABQ1BZSGS,200,valid,http_ok,https://www.infineon.com/part/CYT3DLBBABQ1BZSGS,text/html;charset=utf-8,HEAD,2026-08-29T13:22:41+00:00
https://www.infineon.com/part/CYT4BB5CEBQ1AEEGS,200,valid,http_ok,https://www.infineon.com/part/CYT4BB5CEBQ1AEEGS,text/html;charset=utf-8,HEAD,2026-08-29T13:22:41+00:00
https://www.infineon.com/part/CYT4BB5CEBQ1AESGS,200,valid,http_ok,https://www.infineon.com/part/CYT4BB5CEBQ1AESGS,text/html;charset=utf-8,HEAD,2026-08-29T13:22:41+00:00
https://www.infineon.com/part/CYT4BB7CEBQ1AEEGS,200,valid,http_ok,https://www.infineon.com/part/CYT4BB7CEBQ1AEEGS,text/html;charset=utf-8,HEAD,2026-08-29T13:22:41+00:00
https://www.infineon.com/part/CYT4BB7CEBQ1AESGS,200,valid,http_ok,https://www.infineon.com/part/CYT4BB7CEBQ1AESGS,text/html;charset=utf-8,HEAD,2026-08-29T13:22:41+00:00
https://www.infineon.com/part/CYT4BB8CEBQ1AEEGS,200,valid,http_ok,https://www.infineon.com/part/CYT4BB8CEBQ1AEEGS,text/html;charset=utf-8,HEAD,2026-08-29T13:22:41+00:00
https://www.infineon.com/part/CYT4BB8CEBQ1AESGS,200,valid,http_ok,https://www.infineon.com/part/CYT4BB8CEBQ1AESGS,text/html;charset=utf-8,HEAD,2026-08-29T13:22:41+00:00
https://www.infineon.com/part/CYT4BBBCEBQ1BZEGS,200,valid,http_ok,https://www.infineon.com/part/CYT4BBBCEBQ1BZEGS,text/html;charset=utf-8,HEAD,2026-08-29T13:22:41+00:00
https://www.infineon.com/part/CYT4BBBCEBQ1BZSGS,200,valid,http_ok,https://www.infineon.com/part/CYT4BBBCEBQ1BZSGS,text/html;charset=utf-8,HEAD,2026-08-29T13:22:41+00:00
https://www.infineon.com/part/CYT4BF8CDDQ0AEEGS,200,valid,http_ok,https://www.infineon.com/part/CYT4BF8CDDQ0AEEGS,text/html;charset=utf-8,HEAD,2026-08-29T13:22:42+00:00
https://www.infineon.com/part/CYT4BF8CEDQ0AEEGS,200,valid,http_ok,https://www.infineon.com/part/CYT4BF8CEDQ0AEEGS,text/html;charset=utf-8,HEAD,2026-08-29T13:22:42+00:00
https://www.infineon.com/part/CYT4BF8CEDQ0AESGS,200,valid,http_ok,https://www.infineon.com/part/CYT4BF8CEDQ0AESGS,text/html;charset=utf-8,HEAD,2026-08-29T13:22:42+00:00
https://www.infineon.com/part/CYT4BFBCHDQ0BZEGS,200,valid,http_ok,https://www.infineon.com/part/CYT4BFBCHDQ0BZEGS,text/html;charset=utf-8,HEAD,2026-08-29T13:22:42+00:00
https://www.infineon.com/part/CYT4BFBCHDQ0BZSGS,200,valid,http_ok,https://www.infineon.com/part/CYT4BFBCHDQ0BZSGS,text/html;charset=utf-8,HEAD,2026-08-29T13:22:42+00:00
https://www.infineon.com/part/CYT4BFBCJDQ0BZEGS,200,valid,http_ok,https://www.infineon.com/part/CYT4BFBCJDQ0BZEGS,text/html;charset=utf-8,HEAD,2026-08-29T13:22:42+00:00
https://www.infineon.com/part/CYT4BFBCJDQ0BZSGS,200,valid,http_ok,https://www.infineon.com/part/CYT4BFBCJDQ0BZSGS,text/html;charset=utf-8,HEAD,2026-08-29T13:22:42+00:00
https://www.infineon.com/part/CYT4BFCCHDQ0BZEGS,200,valid,http_ok,https://www.infineon.com/part/CYT4BFCCHDQ0BZEGS,text/html;charset=utf-8,HEAD,2026-08-29T13:22:42+00:00
https://www.infineon.com/part/CYT4BFCCHDQ0BZSGS,200,valid,http_ok,https://www.infineon.com/part/CYT4BFCCHDQ0BZSGS,text/html;charset=utf-8,HEAD,2026-08-29T13:22:42+00:00
https://www.infineon.com/part/CYT4BFCCJDQ0BZEGS,200,valid,http_ok,https://www.infineon.com/part/CYT4BFCCJDQ0BZEGS,text/html;charset=utf-8,HEAD,2026-08-29T13:22:42+00:00
https://www.infineon.com/part/CYT4BFCCJDQ0BZSGS,200,valid,http_ok,https://www.infineon.com/part/CYT4BFCCJDQ0BZSGS,text/html;charset=utf-8,HEAD,2026-08-29T13:22:42+00:00
https://www.infineon.com/part/CYT4DNJBACQ1BZSGS,200,valid,http_ok,https://www.infineon.com/part/CYT4DNJBACQ1BZSGS,text/html;charset=utf-8,HEAD,2026-08-29T13:22:42+00:00
https://www.infineon.com/part/CYUSB2315-BF104AXI,200,valid,http_ok,https://www.infineon.com/part/CYUSB2315-BF104AXI,text/html;charset=utf-8,HEAD,2026-08-29T13:22:42+00:00
https://www.infineon.com/part/CYUSB2316-BF104AXI,200,valid,http_ok,https://www.infineon.com/part/CYUSB2316-BF104AXI,text/html;charset=utf-8,HEAD,2026-08-29T13:22:42+00:00
https://www.infineon.com/part/CYUSB2317-BF104AXI,200,valid,http_ok,https://www.infineon.com/part/CYUSB2317-BF104AXI,text/html;charset=utf-8,HEAD,2026-08-29T13:22:42+00:00
https://www.infineon.com/part/CYUSB2318-BF104AXI,200,valid,http_ok,https://www.infineon.com/part/CYUSB2318-BF104AXI,text/html;charset=utf-8,HEAD,2026-08-29T13:22:42+00:00
https://www.infineon.com/part/CYUSB3082-FCAXI,200,valid,http_ok,https://www.infineon.com/part/CYUSB3082-FCAXI,text/html;charset=utf-8,HEAD,2026-08-29T13:22:42+00:00
https://www.infineon.com/part/CYUSB3083-FCAXI,200,valid,http_ok,https://www.infineon.com/part/CYUSB3083-FCAXI,text/html;charset=utf-8,HEAD,2026-08-29T13:22:42+00:00
https://www.infineon.com/part/CYUSB3084-FCAXI,200,valid,http_ok,https://www.infineon.com/part/CYUSB3084-FCAXI,text/html;charset=utf-8,HEAD,2026-08-29T13:22:42+00:00
https://www.infineon.com/part/CYUSB3282-FCAXI,200,valid,http_ok,https://www.infineon.com/part/CYUSB3282-FCAXI,text/html;charset=utf-8,HEAD,2026-08-29T13:22:43+00:00
https://www.infineon.com/part/CYUSB3284-FCAXI,200,valid,http_ok,https://www.infineon.com/part/CYUSB3284-FCAXI,text/html;charset=utf-8,HEAD,2026-08-29T13:22:43+00:00
https://www.infineon.com/part/CYUSB4012-FCAXI,200,valid,http_ok,https://www.infineon.com/part/CYUSB4012-FCAXI,text/html;charset=utf-8,HEAD,2026-08-29T13:22:43+00:00
https://www.infineon.com/part/CYUSB4013-FCAXI,200,valid,http_ok,https://www.infineon.com/part/CYUSB4013-FCAXI,text/html;charset=utf-8,HEAD,2026-08-29T13:22:43+00:00
https://www.infineon.com/part/CYUSB4014-FCAXI,200,valid,http_ok,https://www.infineon.com/part/CYUSB4014-FCAXI,text/html;charset=utf-8,HEAD,2026-08-29T13:22:43+00:00
https://www.infineon.com/part/CYUSB4022-FCAXI,200,valid,http_ok,https://www.infineon.com/part/CYUSB4022-FCAXI,text/html;charset=utf-8,HEAD,2026-08-29T13:22:43+00:00
https://www.infineon.com/part/CYW20706,200,valid,http_ok,https://www.infineon.com/part/CYW20706,text/html;charset=utf-8,HEAD,2026-08-29T13:22:04+00:00
https://www.infineon.com/part/CYW20719,200,valid,http_ok,https://www.infineon.com/part/CYW20719,text/html;charset=utf-8,HEAD,2026-08-29T13:22:07+00:00
https://www.infineon.com/part/CYW20721,200,valid,http_ok,https://www.infineon.com/part/CYW20721,text/html;charset=utf-8,HEAD,2026-08-29T13:22:07+00:00
https://www.infineon.com/part/CYW20736,200,valid,http_ok,https://www.infineon.com/part/CYW20736,text/html;charset=utf-8,HEAD,2026-08-29T13:22:07+00:00
https://www.infineon.com/part/CYW20819,200,valid,http_ok,https://www.infineon.com/part/CYW20819,text/html;charset=utf-8,HEAD,2026-08-29T13:22:07+00:00
https://www.infineon.com/part/CYW20820,200,valid,http_ok,https://www.infineon.com/part/CYW20820,text/html;charset=utf-8,HEAD,2026-08-29T13:22:07+00:00
https://www.infineon.com/part/CYW20829,200,valid,http_ok,https://www.infineon.com/part/CYW20829,text/html;charset=utf-8,HEAD,2026-08-29T13:22:07+00:00
https://www.infineon.com/part/CYW20835,200,valid,http_ok,https://www.infineon.com/part/CYW20835,text/html;charset=utf-8,HEAD,2026-08-29T13:22:07+00:00
https://www.infineon.com/part/CYW43012,200,valid,http_ok,https://www.infineon.com/part/CYW43012,text/html;charset=utf-8,HEAD,2026-08-29T13:22:07+00:00
https://www.infineon.com/part/CYW43022,200,valid,http_ok,https://www.infineon.com/part/CYW43022,text/html;charset=utf-8,HEAD,2026-08-29T13:22:07+00:00
https://www.infineon.com/part/CYW43907,200,valid,http_ok,https://www.infineon.com/part/CYW43907,text/html;charset=utf-8,HEAD,2026-08-29T13:22:07+00:00
https://www.infineon.com/part/CYW54907,200,valid,http_ok,https://www.infineon.com/part/CYW54907,text/html;charset=utf-8,HEAD,2026-08-29T13:22:10+00:00
https://www.infineon.com/part/CYW55310,200,valid,http_ok,https://www.infineon.com/part/CYW55310,text/html;charset=utf-8,HEAD,2026-08-29T13:22:10+00:00
https://www.infineon.com/part/CYW55513,200,valid,http_ok,https://www.infineon.com/part/CYW55513,text/html;charset=utf-8,HEAD,2026-08-29T13:22:10+00:00
https://www.infineon.com/part/CYW55911,200,valid,http_ok,https://www.infineon.com/part/CYW55911,text/html;charset=utf-8,HEAD,2026-08-29T13:22:10+00:00
https://www.infineon.com/part/CYW55912,200,valid,http_ok,https://www.infineon.com/part/CYW55912,text/html;charset=utf-8,HEAD,2026-08-29T13:22:11+00:00
https://www.infineon.com/part/CYW55913,200,valid,http_ok,https://www.infineon.com/part/CYW55913,text/html;charset=utf-8,HEAD,2026-08-29T13:22:11+00:00
https://www.infineon.com/part/CYW89820,200,valid,http_ok,https://www.infineon.com/part/CYW89820,text/html;charset=utf-8,HEAD,2026-08-29T13:22:07+00:00
https://www.infineon.com/part/CYW89829,200,valid,http_ok,https://www.infineon.com/part/CYW89829,text/html;charset=utf-8,HEAD,2026-08-29T13:22:11+00:00
https://www.infineon.com/part/PSC3M3EDABQ1,200,valid,http_ok,https://www.infineon.com/part/PSC3M3EDABQ1,text/html;charset=utf-8,HEAD,2026-08-29T13:22:43+00:00
https://www.infineon.com/part/PSC3M3EDACQ1,200,valid,http_ok,https://www.infineon.com/part/PSC3M3EDACQ1,text/html;charset=utf-8,HEAD,2026-08-29T13:22:43+00:00
https://www.infineon.com/part/PSC3M3EDLEQ1,200,valid,http_ok,https://www.infineon.com/part/PSC3M3EDLEQ1,text/html;charset=utf-8,HEAD,2026-08-29T13:22:43+00:00
https://www.infineon.com/part/PSC3M3EDLGQ1,200,valid,http_ok,https://www.infineon.com/part/PSC3M3EDLGQ1,text/html;charset=utf-8,HEAD,2026-08-29T13:22:44+00:00
https://www.infineon.com/part/PSC3M3EDLHQ1,200,valid,http_ok,https://www.infineon.com/part/PSC3M3EDLHQ1,text/html;charset=utf-8,HEAD,2026-08-29T13:22:44+00:00
https://www.infineon.com/part/PSC3M3EDYLGQ1,200,valid,http_ok,https://www.infineon.com/part/PSC3M3EDYLGQ1,text/html;charset=utf-8,HEAD,2026-08-29T13:22:44+00:00
https://www.infineon.com/part/PSC3M3FDS2ABQ1,200,valid,http_ok,https://www.infineon.com/part/PSC3M3FDS2ABQ1,text/html;charset=utf-8,HEAD,2026-08-29T13:22:44+00:00
https://www.infineon.com/part/PSC3M3FDS2ACQ1,200,valid,http_ok,https://www.infineon.com/part/PSC3M3FDS2ACQ1,text/html;charset=utf-8,HEAD,2026-08-29T13:22:44+00:00
https://www.infineon.com/part/PSC3M3FDS2LEQ1,200,valid,http_ok,https://www.infineon.com/part/PSC3M3FDS2LEQ1,text/html;charset=utf-8,HEAD,2026-08-29T13:22:44+00:00
https://www.infineon.com/part/PSC3M3FDS2LGQ1,200,valid,http_ok,https://www.infineon.com/part/PSC3M3FDS2LGQ1,text/html;charset=utf-8,HEAD,2026-08-29T13:22:44+00:00
https://www.infineon.com/part/PSC3M3FDS2LHQ1,200,valid,http_ok,https://www.infineon.com/part/PSC3M3FDS2LHQ1,text/html;charset=utf-8,HEAD,2026-08-29T13:22:44+00:00
https://www.infineon.com/part/PSC3M3FDS2YLGQ1,200,valid,http_ok,https://www.infineon.com/part/PSC3M3FDS2YLGQ1,text/html;charset=utf-8,HEAD,2026-08-29T13:22:44+00:00
https://www.infineon.com/part/PSC3M5EDABQ1,200,valid,http_ok,https://www.infineon.com/part/PSC3M5EDABQ1,text/html;charset=utf-8,HEAD,2026-08-29T13:22:46+00:00
https://www.infineon.com/part/PSC3M5EDACQ1,200,valid,http_ok,https://www.infineon.com/part/PSC3M5EDACQ1,text/html;charset=utf-8,HEAD,2026-08-29T13:22:46+00:00
https://www.infineon.com/part/PSC3M5EDAFQ1,200,valid,http_ok,https://www.infineon.com/part/PSC3M5EDAFQ1,text/html;charset=utf-8,HEAD,2026-08-29T13:22:46+00:00
https://www.infineon.com/part/PSC3M5EDLEQ1,200,valid,http_ok,https://www.infineon.com/part/PSC3M5EDLEQ1,text/html;charset=utf-8,HEAD,2026-08-29T13:22:46+00:00
https://www.infineon.com/part/PSC3M5EDLGQ1,200,valid,http_ok,https://www.infineon.com/part/PSC3M5EDLGQ1,text/html;charset=utf-8,HEAD,2026-08-29T13:22:46+00:00
https://www.infineon.com/part/PSC3M5EDLHQ1,200,valid,http_ok,https://www.infineon.com/part/PSC3M5EDLHQ1,text/html;charset=utf-8,HEAD,2026-08-29T13:22:46+00:00
https://www.infineon.com/part/PSC3M5EDYLGQ1,200,valid,http_ok,https://www.infineon.com/part/PSC3M5EDYLGQ1,text/html;charset=utf-8,HEAD,2026-08-29T13:22:46+00:00
https://www.infineon.com/part/PSC3M5FDS2ABQ1,200,valid,http_ok,https://www.infineon.com/part/PSC3M5FDS2ABQ1,text/html;charset=utf-8,HEAD,2026-08-29T13:22:47+00:00
https://www.infineon.com/part/PSC3M5FDS2ACQ1,200,valid,http_ok,https://www.infineon.com/part/PSC3M5FDS2ACQ1,text/html;charset=utf-8,HEAD,2026-08-29T13:22:47+00:00
https://www.infineon.com/part/PSC3M5FDS2AFQ1,200,valid,http_ok,https://www.infineon.com/part/PSC3M5FDS2AFQ1,text/html;charset=utf-8,HEAD,2026-08-29T13:22:47+00:00
https://www.infineon.com/part/PSC3M5FDS2LEQ1,200,valid,http_ok,https://www.infineon.com/part/PSC3M5FDS2LEQ1,text/html;charset=utf-8,HEAD,2026-08-29T13:22:47+00:00
https://www.infineon.com/part/PSC3M5FDS2LGQ1,200,valid,http_ok,https://www.infineon.com/part/PSC3M5FDS2LGQ1,text/html;charset=utf-8,HEAD,2026-08-29T13:22:47+00:00
https://www.infineon.com/part/PSC3M5FDS2LHQ1,200,valid,http_ok,https://www.infineon.com/part/PSC3M5FDS2LHQ1,text/html;charset=utf-8,HEAD,2026-08-29T13:22:47+00:00
https://www.infineon.com/part/PSC3M5FDS2YLGQ1,200,valid,http_ok,https://www.infineon.com/part/PSC3M5FDS2YLGQ1,text/html;charset=utf-8,HEAD,2026-08-29T13:22:47+00:00
https://www.infineon.com/part/PSC3P2EDABQ1,200,valid,http_ok,https://www.infineon.com/part/PSC3P2EDABQ1,text/html;charset=utf-8,HEAD,2026-08-29T13:22:44+00:00
https://www.infineon.com/part/PSC3P2EDACQ1,200,valid,http_ok,https://www.infineon.com/part/PSC3P2EDACQ1,text/html;charset=utf-8,HEAD,2026-08-29T13:22:44+00:00
https://www.infineon.com/part/PSC3P2EDLEQ1,200,valid,http_ok,https://www.infineon.com/part/PSC3P2EDLEQ1,text/html;charset=utf-8,HEAD,2026-08-29T13:22:44+00:00
https://www.infineon.com/part/PSC3P2EDLGQ1,200,valid,http_ok,https://www.infineon.com/part/PSC3P2EDLGQ1,text/html;charset=utf-8,HEAD,2026-08-29T13:22:44+00:00
https://www.infineon.com/part/PSC3P2EDLHQ1,200,valid,http_ok,https://www.infineon.com/part/PSC3P2EDLHQ1,text/html;charset=utf-8,HEAD,2026-08-29T13:22:45+00:00
https://www.infineon.com/part/PSC3P2EDYLGQ1,200,valid,http_ok,https://www.infineon.com/part/PSC3P2EDYLGQ1,text/html;charset=utf-8,HEAD,2026-08-29T13:22:45+00:00
https://www.infineon.com/part/PSC3P2FDS2ABQ1,200,valid,http_ok,https://www.infineon.com/part/PSC3P2FDS2ABQ1,text/html;charset=utf-8,HEAD,2026-08-29T13:22:45+00:00
https://www.infineon.com/part/PSC3P2FDS2ACQ1,200,valid,http_ok,https://www.infineon.com/part/PSC3P2FDS2ACQ1,text/html;charset=utf-8,HEAD,2026-08-29T13:22:45+00:00
https://www.infineon.com/part/PSC3P2FDS2LEQ1,200,valid,http_ok,https://www.infineon.com/part/PSC3P2FDS2LEQ1,text/html;charset=utf-8,HEAD,2026-08-29T13:22:45+00:00
https://www.infineon.com/part/PSC3P2FDS2LGQ1,200,valid,http_ok,https://www.infineon.com/part/PSC3P2FDS2LGQ1,text/html;charset=utf-8,HEAD,2026-08-29T13:22:45+00:00
https://www.infineon.com/part/PSC3P2FDS2LHQ1,200,valid,http_ok,https://www.infineon.com/part/PSC3P2FDS2LHQ1,text/html;charset=utf-8,HEAD,2026-08-29T13:22:45+00:00
https://www.infineon.com/part/PSC3P2FDS2YLGQ1,200,valid,http_ok,https://www.infineon.com/part/PSC3P2FDS2YLGQ1,text/html;charset=utf-8,HEAD,2026-08-29T13:22:45+00:00
https://www.infineon.com/part/PSC3P5EDABQ1,200,valid,http_ok,https://www.infineon.com/part/PSC3P5EDABQ1,text/html;charset=utf-8,HEAD,2026-08-29T13:22:46+00:00
https://www.infineon.com/part/PSC3P5EDACQ1,200,valid,http_ok,https://www.infineon.com/part/PSC3P5EDACQ1,text/html;charset=utf-8,HEAD,2026-08-29T13:22:46+00:00
https://www.infineon.com/part/PSC3P5EDLEQ1,200,valid,http_ok,https://www.infineon.com/part/PSC3P5EDLEQ1,text/html;charset=utf-8,HEAD,2026-08-29T13:22:46+00:00
https://www.infineon.com/part/PSC3P5EDLGQ1,200,valid,http_ok,https://www.infineon.com/part/PSC3P5EDLGQ1,text/html;charset=utf-8,HEAD,2026-08-29T13:22:46+00:00
https://www.infineon.com/part/PSC3P5EDLHQ1,200,valid,http_ok,https://www.infineon.com/part/PSC3P5EDLHQ1,text/html;charset=utf-8,HEAD,2026-08-29T13:22:46+00:00
https://www.infineon.com/part/PSC3P5EDYLGQ1,200,valid,http_ok,https://www.infineon.com/part/PSC3P5EDYLGQ1,text/html;charset=utf-8,HEAD,2026-08-29T13:22:46+00:00
https://www.infineon.com/part/PSC3P5FDS2ABQ1,200,valid,http_ok,https://www.infineon.com/part/PSC3P5FDS2ABQ1,text/html;charset=utf-8,HEAD,2026-08-29T13:22:47+00:00
https://www.infineon.com/part/PSC3P5FDS2ACQ1,200,valid,http_ok,https://www.infineon.com/part/PSC3P5FDS2ACQ1,text/html;charset=utf-8,HEAD,2026-08-29T13:22:47+00:00
https://www.infineon.com/part/PSC3P5FDS2LEQ1,200,valid,http_ok,https://www.infineon.com/part/PSC3P5FDS2LEQ1,text/html;charset=utf-8,HEAD,2026-08-29T13:22:47+00:00
https://www.infineon.com/part/PSC3P5FDS2LGQ1,200,valid,http_ok,https://www.infineon.com/part/PSC3P5FDS2LGQ1,text/html;charset=utf-8,HEAD,2026-08-29T13:22:47+00:00
https://www.infineon.com/part/PSC3P5FDS2LHQ1,200,valid,http_ok,https://www.infineon.com/part/PSC3P5FDS2LHQ1,text/html;charset=utf-8,HEAD,2026-08-29T13:22:48+00:00
https://www.infineon.com/part/PSC3P5FDS2YLGQ1,200,valid,http_ok,https://www.infineon.com/part/PSC3P5FDS2YLGQ1,text/html;charset=utf-8,HEAD,2026-08-29T13:22:48+00:00
https://www.infineon.com/part/PSE813GMS2DBZC4,200,valid,http_ok,https://www.infineon.com/part/PSE813GMS2DBZC4,text/html;charset=utf-8,HEAD,2026-08-29T13:23:29+00:00
https://www.infineon.com/part/PSE813GMS2DBZQ3,200,valid,http_ok,https://www.infineon.com/part/PSE813GMS2DBZQ3,text/html;charset=utf-8,HEAD,2026-08-29T13:23:29+00:00
https://www.infineon.com/part/PSE813GMS4DBZC4,200,valid,http_ok,https://www.infineon.com/part/PSE813GMS4DBZC4,text/html;charset=utf-8,HEAD,2026-08-29T13:23:30+00:00
https://www.infineon.com/part/PSE813GMS4DBZQ3,200,valid,http_ok,https://www.infineon.com/part/PSE813GMS4DBZQ3,text/html;charset=utf-8,HEAD,2026-08-29T13:23:29+00:00
https://www.infineon.com/part/PSE813GOS2DBZC4,200,valid,http_ok,https://www.infineon.com/part/PSE813GOS2DBZC4,text/html;charset=utf-8,HEAD,2026-08-29T13:23:29+00:00
https://www.infineon.com/part/PSE813GOS2DBZQ3,200,valid,http_ok,https://www.infineon.com/part/PSE813GOS2DBZQ3,text/html;charset=utf-8,HEAD,2026-08-29T13:23:29+00:00
https://www.infineon.com/part/PSE813GOS4DBZC4,200,valid,http_ok,https://www.infineon.com/part/PSE813GOS4DBZC4,text/html;charset=utf-8,HEAD,2026-08-29T13:23:30+00:00
https://www.infineon.com/part/PSE813GOS4DBZQ3,200,valid,http_ok,https://www.infineon.com/part/PSE813GOS4DBZQ3,text/html;charset=utf-8,HEAD,2026-08-29T13:23:29+00:00
https://www.infineon.com/part/PSE823GMS2DBZC4,200,valid,http_ok,https://www.infineon.com/part/PSE823GMS2DBZC4,text/html;charset=utf-8,HEAD,2026-08-29T13:23:29+00:00
https://www.infineon.com/part/PSE823GMS2DBZQ3,200,valid,http_ok,https://www.infineon.com/part/PSE823GMS2DBZQ3,text/html;charset=utf-8,HEAD,2026-08-29T13:23:29+00:00
https://www.infineon.com/part/PSE823GMS4DBZC4,200,valid,http_ok,https://www.infineon.com/part/PSE823GMS4DBZC4,text/html;charset=utf-8,HEAD,2026-08-29T13:23:30+00:00
https://www.infineon.com/part/PSE823GMS4DBZQ3,200,valid,http_ok,https://www.infineon.com/part/PSE823GMS4DBZQ3,text/html;charset=utf-8,HEAD,2026-08-29T13:23:30+00:00
https://www.infineon.com/part/PSE823GOS2DBZC4,200,valid,http_ok,https://www.infineon.com/part/PSE823GOS2DBZC4,text/html;charset=utf-8,HEAD,2026-08-29T13:23:29+00:00
https://www.infineon.com/part/PSE823GOS2DBZQ3,200,valid,http_ok,https://www.infineon.com/part/PSE823GOS2DBZQ3,text/html;charset=utf-8,HEAD,2026-08-29T13:23:29+00:00
https://www.infineon.com/part/PSE823GOS4DBZC4,200,valid,http_ok,https://www.infineon.com/part/PSE823GOS4DBZC4,text/html;charset=utf-8,HEAD,2026-08-29T13:23:30+00:00
https://www.infineon.com/part/PSE823GOS4DBZQ3,200,valid,http_ok,https://www.infineon.com/part/PSE823GOS4DBZQ3,text/html;charset=utf-8,HEAD,2026-08-29T13:23:30+00:00
https://www.infineon.com/part/PSE833GMS2DBZC4,200,valid,http_ok,https://www.infineon.com/part/PSE833GMS2DBZC4,text/html;charset=utf-8,HEAD,2026-08-29T13:23:29+00:00
https://www.infineon.com/part/PSE833GMS2DBZQ3,200,valid,http_ok,https://www.infineon.com/part/PSE833GMS2DBZQ3,text/html;charset=utf-8,HEAD,2026-08-29T13:23:29+00:00
https://www.infineon.com/part/PSE833GMS4DBZC4,200,valid,http_ok,https://www.infineon.com/part/PSE833GMS4DBZC4,text/html;charset=utf-8,HEAD,2026-08-29T13:23:30+00:00
https://www.infineon.com/part/PSE833GMS4DBZQ3,200,valid,http_ok,https://www.infineon.com/part/PSE833GMS4DBZQ3,text/html;charset=utf-8,HEAD,2026-08-29T13:23:30+00:00
https://www.infineon.com/part/PSE833GOS2DBZC4,200,valid,http_ok,https://www.infineon.com/part/PSE833GOS2DBZC4,text/html;charset=utf-8,HEAD,2026-08-29T13:23:29+00:00
https://www.infineon.com/part/PSE833GOS2DBZQ3,200,valid,http_ok,https://www.infineon.com/part/PSE833GOS2DBZQ3,text/html;charset=utf-8,HEAD,2026-08-29T13:23:29+00:00
https://www.infineon.com/part/PSE833GOS4DBZC4,200,valid,http_ok,https://www.infineon.com/part/PSE833GOS4DBZC4,text/html;charset=utf-8,HEAD,2026-08-29T13:23:30+00:00
https://www.infineon.com/part/PSE833GOS4DBZQ3,200,valid,http_ok,https://www.infineon.com/part/PSE833GOS4DBZQ3,text/html;charset=utf-8,HEAD,2026-08-29T13:23:30+00:00
https://www.infineon.com/part/PSE845GOS2DFMC4,200,valid,http_ok,https://www.infineon.com/part/PSE845GOS2DFMC4,text/html;charset=utf-8,HEAD,2026-08-29T13:23:30+00:00
https://www.infineon.com/part/PSE845GOS4DFMC4,200,valid,http_ok,https://www.infineon.com/part/PSE845GOS4DFMC4,text/html;charset=utf-8,HEAD,2026-08-29T13:23:30+00:00
https://www.infineon.com/part/PSE845GPS2DFMC4,200,valid,http_ok,https://www.infineon.com/part/PSE845GPS2DFMC4,text/html;charset=utf-8,HEAD,2026-08-29T13:23:30+00:00
https://www.infineon.com/part/PSE845GPS4DFMC4,200,valid,http_ok,https://www.infineon.com/part/PSE845GPS4DFMC4,text/html;charset=utf-8,HEAD,2026-08-29T13:23:30+00:00
https://www.infineon.com/part/PSE846GOS2DBZC4,200,valid,http_ok,https://www.infineon.com/part/PSE846GOS2DBZC4,text/html;charset=utf-8,HEAD,2026-08-29T13:23:30+00:00
https://www.infineon.com/part/PSE846GOS2DBZQ3,200,valid,http_ok,https://www.infineon.com/part/PSE846GOS2DBZQ3,text/html;charset=utf-8,HEAD,2026-08-29T13:23:30+00:00
https://www.infineon.com/part/PSE846GOS4DBZC4,200,valid,http_ok,https://www.infineon.com/part/PSE846GOS4DBZC4,text/html;charset=utf-8,HEAD,2026-08-29T13:23:31+00:00
https://www.infineon.com/part/PSE846GOS4DBZQ3,200,valid,http_ok,https://www.infineon.com/part/PSE846GOS4DBZQ3,text/html;charset=utf-8,HEAD,2026-08-29T13:23:30+00:00
https://www.infineon.com/part/PSE846GPS2DBZC4,200,valid,http_ok,https://www.infineon.com/part/PSE846GPS2DBZC4,text/html;charset=utf-8,HEAD,2026-08-29T13:23:30+00:00
https://www.infineon.com/part/PSE846GPS2DBZQ3,200,valid,http_ok,https://www.infineon.com/part/PSE846GPS2DBZQ3,text/html;charset=utf-8,HEAD,2026-08-29T13:23:30+00:00
https://www.infineon.com/part/PSE846GPS4DBZC4,200,valid,http_ok,https://www.infineon.com/part/PSE846GPS4DBZC4,text/html;charset=utf-8,HEAD,2026-08-29T13:23:31+00:00
https://www.infineon.com/part/PSE846GPS4DBZQ3,200,valid,http_ok,https://www.infineon.com/part/PSE846GPS4DBZQ3,text/html;charset=utf-8,HEAD,2026-08-29T13:23:31+00:00
https://www.infineon.com/part/WLC1115-68LQXQ,200,valid,http_ok,https://www.infineon.com/part/WLC1115-68LQXQ,text/html;charset=utf-8,HEAD,2026-08-29T13:23:31+00:00
https://www.infineon.com/part/WLC1150-68LQXQ,200,valid,http_ok,https://www.infineon.com/part/WLC1150-68LQXQ,text/html;charset=utf-8,HEAD,2026-08-29T13:23:31+00:00
https://www.infineon.com/part/WLC1515-68LDXS,200,valid,http_ok,https://www.infineon.com/part/WLC1515-68LDXS,text/html;charset=utf-8,HEAD,2026-08-29T13:23:31+00:00
https://www.infineon.com/part/XMC1100-Q024F0008-AB,200,valid,http_ok,https://www.infineon.com/part/XMC1100-Q024F0008-AB,text/html;charset=utf-8,HEAD,2026-08-29T13:23:31+00:00
https://www.infineon.com/part/XMC1100-Q024F0016-AB,200,valid,http_ok,https://www.infineon.com/part/XMC1100-Q024F0016-AB,text/html;charset=utf-8,HEAD,2026-08-29T13:23:31+00:00
https://www.infineon.com/part/XMC1100-Q024F0032-AB,200,valid,http_ok,https://www.infineon.com/part/XMC1100-Q024F0032-AB,text/html;charset=utf-8,HEAD,2026-08-29T13:23:31+00:00
https://www.infineon.com/part/XMC1100-Q024F0064-AB,200,valid,http_ok,https://www.infineon.com/part/XMC1100-Q024F0064-AB,text/html;charset=utf-8,HEAD,2026-08-29T13:23:31+00:00
https://www.infineon.com/part/XMC1100-Q040F0016-AB,200,valid,http_ok,https://www.infineon.com/part/XMC1100-Q040F0016-AB,text/html;charset=utf-8,HEAD,2026-08-29T13:23:31+00:00
https://www.infineon.com/part/XMC1100-Q040F0032-AB,200,valid,http_ok,https://www.infineon.com/part/XMC1100-Q040F0032-AB,text/html;charset=utf-8,HEAD,2026-08-29T13:23:31+00:00
https://www.infineon.com/part/XMC1100-Q040F0064-AB,200,valid,http_ok,https://www.infineon.com/part/XMC1100-Q040F0064-AB,text/html;charset=utf-8,HEAD,2026-08-29T13:23:31+00:00
https://www.infineon.com/part/XMC1100-T016F0008-AB,200,valid,http_ok,https://www.infineon.com/part/XMC1100-T016F0008-AB,text/html;charset=utf-8,HEAD,2026-08-29T13:23:31+00:00
https://www.infineon.com/part/XMC1100-T016X0016-AB,200,valid,http_ok,https://www.infineon.com/part/XMC1100-T016X0016-AB,text/html;charset=utf-8,HEAD,2026-08-29T13:23:31+00:00
https://www.infineon.com/part/XMC1100-T016X0032-AB,200,valid,http_ok,https://www.infineon.com/part/XMC1100-T016X0032-AB,text/html;charset=utf-8,HEAD,2026-08-29T13:23:31+00:00
https://www.infineon.com/part/XMC1100-T016X0064-AB,200,valid,http_ok,https://www.infineon.com/part/XMC1100-T016X0064-AB,text/html;charset=utf-8,HEAD,2026-08-29T13:23:31+00:00
https://www.infineon.com/part/XMC1100-T038F0016-AB,200,valid,http_ok,https://www.infineon.com/part/XMC1100-T038F0016-AB,text/html;charset=utf-8,HEAD,2026-08-29T13:23:31+00:00
https://www.infineon.com/part/XMC1100-T038F0032-AB,200,valid,http_ok,https://www.infineon.com/part/XMC1100-T038F0032-AB,text/html;charset=utf-8,HEAD,2026-08-29T13:23:31+00:00
https://www.infineon.com/part/XMC1100-T038X0064-AB,200,valid,http_ok,https://www.infineon.com/part/XMC1100-T038X0064-AB,text/html;charset=utf-8,HEAD,2026-08-29T13:23:32+00:00
https://www.infineon.com/part/XMC1100-T038X0128-AB,200,valid,http_ok,https://www.infineon.com/part/XMC1100-T038X0128-AB,text/html;charset=utf-8,HEAD,2026-08-29T13:23:32+00:00
https://www.infineon.com/part/XMC1100-T038X0200-AB,200,valid,http_ok,https://www.infineon.com/part/XMC1100-T038X0200-AB,text/html;charset=utf-8,HEAD,2026-08-29T13:23:32+00:00
https://www.infineon.com/part/XMC1200-T038F0200-AB,200,valid,http_ok,https://www.infineon.com/part/XMC1200-T038F0200-AB,text/html;charset=utf-8,HEAD,2026-08-29T13:23:32+00:00
https://www.infineon.com/part/XMC1201-Q040F0016-AB,200,valid,http_ok,https://www.infineon.com/part/XMC1201-Q040F0016-AB,text/html;charset=utf-8,HEAD,2026-08-29T13:23:32+00:00
https://www.infineon.com/part/XMC1201-Q040F0032-AB,200,valid,http_ok,https://www.infineon.com/part/XMC1201-Q040F0032-AB,text/html;charset=utf-8,HEAD,2026-08-29T13:23:32+00:00
https://www.infineon.com/part/XMC1201-Q040F0064-AB,200,valid,http_ok,https://www.infineon.com/part/XMC1201-Q040F0064-AB,text/html;charset=utf-8,HEAD,2026-08-29T13:23:32+00:00
https://www.infineon.com/part/XMC1201-Q040F0128-AB,200,valid,http_ok,https://www.infineon.com/part/XMC1201-Q040F0128-AB,text/html;charset=utf-8,HEAD,2026-08-29T13:23:32+00:00
https://www.infineon.com/part/XMC1201-Q040F0200-AB,200,valid,http_ok,https://www.infineon.com/part/XMC1201-Q040F0200-AB,text/html;charset=utf-8,HEAD,2026-08-29T13:23:32+00:00
https://www.infineon.com/part/XMC1201-T028F0016-AB,200,valid,http_ok,https://www.infineon.com/part/XMC1201-T028F0016-AB,text/html;charset=utf-8,HEAD,2026-08-29T13:23:32+00:00
https://www.infineon.com/part/XMC1201-T028F0032-AB,200,valid,http_ok,https://www.infineon.com/part/XMC1201-T028F0032-AB,text/html;charset=utf-8,HEAD,2026-08-29T13:23:32+00:00
https://www.infineon.com/part/XMC1201-T038F0016-AB,200,valid,http_ok,https://www.infineon.com/part/XMC1201-T038F0016-AB,text/html;charset=utf-8,HEAD,2026-08-29T13:23:32+00:00
https://www.infineon.com/part/XMC1201-T038F0032-AB,200,valid,http_ok,https://www.infineon.com/part/XMC1201-T038F0032-AB,text/html;charset=utf-8,HEAD,2026-08-29T13:23:32+00:00
https://www.infineon.com/part/XMC1201-T038F0064-AB,200,valid,http_ok,https://www.infineon.com/part/XMC1201-T038F0064-AB,text/html;charset=utf-8,HEAD,2026-08-29T13:23:32+00:00
https://www.infineon.com/part/XMC1201-T038F0128-AB,200,valid,http_ok,https://www.infineon.com/part/XMC1201-T038F0128-AB,text/html;charset=utf-8,HEAD,2026-08-29T13:23:32+00:00
https://www.infineon.com/part/XMC1201-T038F0200-AB,200,valid,http_ok,https://www.infineon.com/part/XMC1201-T038F0200-AB,text/html;charset=utf-8,HEAD,2026-08-29T13:23:32+00:00
https://www.infineon.com/part/XMC1202-Q024X0016-AB,200,valid,http_ok,https://www.infineon.com/part/XMC1202-Q024X0016-AB,text/html;charset=utf-8,HEAD,2026-08-29T13:23:32+00:00
https://www.infineon.com/part/XMC1202-Q024X0032-AB,200,valid,http_ok,https://www.infineon.com/part/XMC1202-Q024X0032-AB,text/html;charset=utf-8,HEAD,2026-08-29T13:23:32+00:00
https://www.infineon.com/part/XMC1202-Q040X0016-AB,200,valid,http_ok,https://www.infineon.com/part/XMC1202-Q040X0016-AB,text/html;charset=utf-8,HEAD,2026-08-29T13:23:32+00:00
https://www.infineon.com/part/XMC1202-Q040X0032-AB,200,valid,http_ok,https://www.infineon.com/part/XMC1202-Q040X0032-AB,text/html;charset=utf-8,HEAD,2026-08-29T13:23:32+00:00
https://www.infineon.com/part/XMC1202-T016X0016-AB,200,valid,http_ok,https://www.infineon.com/part/XMC1202-T016X0016-AB,text/html;charset=utf-8,HEAD,2026-08-29T13:23:32+00:00
https://www.infineon.com/part/XMC1202-T016X0032-AB,200,valid,http_ok,https://www.infineon.com/part/XMC1202-T016X0032-AB,text/html;charset=utf-8,HEAD,2026-08-29T13:23:32+00:00
https://www.infineon.com/part/XMC1202-T016X0064-AB,200,valid,http_ok,https://www.infineon.com/part/XMC1202-T016X0064-AB,text/html;charset=utf-8,HEAD,2026-08-29T13:23:33+00:00
https://www.infineon.com/part/XMC1202-T028X0016-AB,200,valid,http_ok,https://www.infineon.com/part/XMC1202-T028X0016-AB,text/html;charset=utf-8,HEAD,2026-08-29T13:23:33+00:00
https://www.infineon.com/part/XMC1202-T028X0032-AB,200,valid,http_ok,https://www.infineon.com/part/XMC1202-T028X0032-AB,text/html;charset=utf-8,HEAD,2026-08-29T13:23:33+00:00
https://www.infineon.com/part/XMC1202-T028X0064-AB,200,valid,http_ok,https://www.infineon.com/part/XMC1202-T028X0064-AB,text/html;charset=utf-8,HEAD,2026-08-29T13:23:33+00:00
https://www.infineon.com/part/XMC1301-Q024F0008-AB,200,valid,http_ok,https://www.infineon.com/part/XMC1301-Q024F0008-AB,text/html;charset=utf-8,HEAD,2026-08-29T13:23:33+00:00
https://www.infineon.com/part/XMC1301-Q024F0016-AB,200,valid,http_ok,https://www.infineon.com/part/XMC1301-Q024F0016-AB,text/html;charset=utf-8,HEAD,2026-08-29T13:23:33+00:00
https://www.infineon.com/part/XMC1301-Q040F0008-AB,200,valid,http_ok,https://www.infineon.com/part/XMC1301-Q040F0008-AB,text/html;charset=utf-8,HEAD,2026-08-29T13:23:33+00:00
https://www.infineon.com/part/XMC1301-Q040F0016-AB,200,valid,http_ok,https://www.infineon.com/part/XMC1301-Q040F0016-AB,text/html;charset=utf-8,HEAD,2026-08-29T13:23:33+00:00
https://www.infineon.com/part/XMC1301-Q040F0032-AB,200,valid,http_ok,https://www.infineon.com/part/XMC1301-Q040F0032-AB,text/html;charset=utf-8,HEAD,2026-08-29T13:23:33+00:00
https://www.infineon.com/part/XMC1301-T016F0032-AB,200,valid,http_ok,https://www.infineon.com/part/XMC1301-T016F0032-AB,text/html;charset=utf-8,HEAD,2026-08-29T13:23:33+00:00
https://www.infineon.com/part/XMC1301-T016X0008-AB,200,valid,http_ok,https://www.infineon.com/part/XMC1301-T016X0008-AB,text/html;charset=utf-8,HEAD,2026-08-29T13:23:33+00:00
https://www.infineon.com/part/XMC1301-T016X0016-AB,200,valid,http_ok,https://www.infineon.com/part/XMC1301-T016X0016-AB,text/html;charset=utf-8,HEAD,2026-08-29T13:23:33+00:00
https://www.infineon.com/part/XMC1301-T038F0008-AB,200,valid,http_ok,https://www.infineon.com/part/XMC1301-T038F0008-AB,text/html;charset=utf-8,HEAD,2026-08-29T13:23:33+00:00
https://www.infineon.com/part/XMC1301-T038F0016-AB,200,valid,http_ok,https://www.infineon.com/part/XMC1301-T038F0016-AB,text/html;charset=utf-8,HEAD,2026-08-29T13:23:33+00:00
https://www.infineon.com/part/XMC1301-T038X0032-AB,200,valid,http_ok,https://www.infineon.com/part/XMC1301-T038X0032-AB,text/html;charset=utf-8,HEAD,2026-08-29T13:23:33+00:00
https://www.infineon.com/part/XMC1301-T038X0064-AB,200,valid,http_ok,https://www.infineon.com/part/XMC1301-T038X0064-AB,text/html;charset=utf-8,HEAD,2026-08-29T13:23:33+00:00
https://www.infineon.com/part/XMC1302-Q024X0016-AB,200,valid,http_ok,https://www.infineon.com/part/XMC1302-Q024X0016-AB,text/html;charset=utf-8,HEAD,2026-08-29T13:23:33+00:00
https://www.infineon.com/part/XMC1302-Q024X0032-AB,200,valid,http_ok,https://www.infineon.com/part/XMC1302-Q024X0032-AB,text/html;charset=utf-8,HEAD,2026-08-29T13:23:33+00:00
https://www.infineon.com/part/XMC1302-Q024X0064-AB,200,valid,http_ok,https://www.infineon.com/part/XMC1302-Q024X0064-AB,text/html;charset=utf-8,HEAD,2026-08-29T13:23:33+00:00
https://www.infineon.com/part/XMC1302-Q040X0016-AB,200,valid,http_ok,https://www.infineon.com/part/XMC1302-Q040X0016-AB,text/html;charset=utf-8,HEAD,2026-08-29T13:23:33+00:00
https://www.infineon.com/part/XMC1302-Q040X0032-AB,200,valid,http_ok,https://www.infineon.com/part/XMC1302-Q040X0032-AB,text/html;charset=utf-8,HEAD,2026-08-29T13:23:33+00:00
https://www.infineon.com/part/XMC1302-Q040X0064-AB,200,valid,http_ok,https://www.infineon.com/part/XMC1302-Q040X0064-AB,text/html;charset=utf-8,HEAD,2026-08-29T13:23:34+00:00
https://www.infineon.com/part/XMC1302-Q040X0128-AB,200,valid,http_ok,https://www.infineon.com/part/XMC1302-Q040X0128-AB,text/html;charset=utf-8,HEAD,2026-08-29T13:23:34+00:00
https://www.infineon.com/part/XMC1302-Q040X0200-AB,200,valid,http_ok,https://www.infineon.com/part/XMC1302-Q040X0200-AB,text/html;charset=utf-8,HEAD,2026-08-29T13:23:34+00:00
https://www.infineon.com/part/XMC1302-T016X0008-AB,200,valid,http_ok,https://www.infineon.com/part/XMC1302-T016X0008-AB,text/html;charset=utf-8,HEAD,2026-08-29T13:23:34+00:00
https://www.infineon.com/part/XMC1302-T016X0016-AB,200,valid,http_ok,https://www.infineon.com/part/XMC1302-T016X0016-AB,text/html;charset=utf-8,HEAD,2026-08-29T13:23:34+00:00
https://www.infineon.com/part/XMC1302-T016X0032-AB,200,valid,http_ok,https://www.infineon.com/part/XMC1302-T016X0032-AB,text/html;charset=utf-8,HEAD,2026-08-29T13:23:34+00:00
https://www.infineon.com/part/XMC1302-T028X0016-AB,200,valid,http_ok,https://www.infineon.com/part/XMC1302-T028X0016-AB,text/html;charset=utf-8,HEAD,2026-08-29T13:23:34+00:00
https://www.infineon.com/part/XMC1302-T028X0032-AB,200,valid,http_ok,https://www.infineon.com/part/XMC1302-T028X0032-AB,text/html;charset=utf-8,HEAD,2026-08-29T13:23:34+00:00
https://www.infineon.com/part/XMC1302-T028X0064-AB,200,valid,http_ok,https://www.infineon.com/part/XMC1302-T028X0064-AB,text/html;charset=utf-8,HEAD,2026-08-29T13:23:34+00:00
https://www.infineon.com/part/XMC1302-T028X0128-AB,200,valid,http_ok,https://www.infineon.com/part/XMC1302-T028X0128-AB,text/html;charset=utf-8,HEAD,2026-08-29T13:23:34+00:00
https://www.infineon.com/part/XMC1302-T028X0200-AB,200,valid,http_ok,https://www.infineon.com/part/XMC1302-T028X0200-AB,text/html;charset=utf-8,HEAD,2026-08-29T13:23:34+00:00
https://www.infineon.com/part/XMC1302-T038X0016-AB,200,valid,http_ok,https://www.infineon.com/part/XMC1302-T038X0016-AB,text/html;charset=utf-8,HEAD,2026-08-29T13:23:34+00:00
https://www.infineon.com/part/XMC1302-T038X0032-AB,200,valid,http_ok,https://www.infineon.com/part/XMC1302-T038X0032-AB,text/html;charset=utf-8,HEAD,2026-08-29T13:23:34+00:00
https://www.infineon.com/part/XMC1302-T038X0064-AB,200,valid,http_ok,https://www.infineon.com/part/XMC1302-T038X0064-AB,text/html;charset=utf-8,HEAD,2026-08-29T13:23:34+00:00
https://www.infineon.com/part/XMC1302-T038X0128-AB,200,valid,http_ok,https://www.infineon.com/part/XMC1302-T038X0128-AB,text/html;charset=utf-8,HEAD,2026-08-29T13:23:34+00:00
https://www.infineon.com/part/XMC1302-T038X0200-AB,200,valid,http_ok,https://www.infineon.com/part/XMC1302-T038X0200-AB,text/html;charset=utf-8,HEAD,2026-08-29T13:23:34+00:00
https://www.infineon.com/part/XMC1401-F064F0064-AA,200,valid,http_ok,https://www.infineon.com/part/XMC1401-F064F0064-AA,text/html;charset=utf-8,HEAD,2026-08-29T13:23:34+00:00
https://www.infineon.com/part/XMC1401-F064F0128-AA,200,valid,http_ok,https://www.infineon.com/part/XMC1401-F064F0128-AA,text/html;charset=utf-8,HEAD,2026-08-29T13:23:34+00:00
https://www.infineon.com/part/XMC1401-Q048F0064-AA,200,valid,http_ok,https://www.infineon.com/part/XMC1401-Q048F0064-AA,text/html;charset=utf-8,HEAD,2026-08-29T13:23:34+00:00
https://www.infineon.com/part/XMC1401-Q048F0128-AA,200,valid,http_ok,https://www.infineon.com/part/XMC1401-Q048F0128-AA,text/html;charset=utf-8,HEAD,2026-08-29T13:23:34+00:00
https://www.infineon.com/part/XMC1402-F064X0064-AA,200,valid,http_ok,https://www.infineon.com/part/XMC1402-F064X0064-AA,text/html;charset=utf-8,HEAD,2026-08-29T13:23:34+00:00
https://www.infineon.com/part/XMC1402-F064X0128-AA,200,valid,http_ok,https://www.infineon.com/part/XMC1402-F064X0128-AA,text/html;charset=utf-8,HEAD,2026-08-29T13:23:35+00:00
https://www.infineon.com/part/XMC1402-F064X0200-AA,200,valid,http_ok,https://www.infineon.com/part/XMC1402-F064X0200-AA,text/html;charset=utf-8,HEAD,2026-08-29T13:23:35+00:00
https://www.infineon.com/part/XMC1402-Q040X0032-AA,200,valid,http_ok,https://www.infineon.com/part/XMC1402-Q040X0032-AA,text/html;charset=utf-8,HEAD,2026-08-29T13:23:35+00:00
https://www.infineon.com/part/XMC1402-Q040X0064-AA,200,valid,http_ok,https://www.infineon.com/part/XMC1402-Q040X0064-AA,text/html;charset=utf-8,HEAD,2026-08-29T13:23:35+00:00
https://www.infineon.com/part/XMC1402-Q040X0128-AA,200,valid,http_ok,https://www.infineon.com/part/XMC1402-Q040X0128-AA,text/html;charset=utf-8,HEAD,2026-08-29T13:23:35+00:00
https://www.infineon.com/part/XMC1402-Q048X0032-AA,200,valid,http_ok,https://www.infineon.com/part/XMC1402-Q048X0032-AA,text/html;charset=utf-8,HEAD,2026-08-29T13:23:35+00:00
https://www.infineon.com/part/XMC1402-Q048X0064-AA,200,valid,http_ok,https://www.infineon.com/part/XMC1402-Q048X0064-AA,text/html;charset=utf-8,HEAD,2026-08-29T13:23:35+00:00
https://www.infineon.com/part/XMC1402-Q048X0128-AA,200,valid,http_ok,https://www.infineon.com/part/XMC1402-Q048X0128-AA,text/html;charset=utf-8,HEAD,2026-08-29T13:23:35+00:00
https://www.infineon.com/part/XMC1402-Q064X0064-AA,200,valid,http_ok,https://www.infineon.com/part/XMC1402-Q064X0064-AA,text/html;charset=utf-8,HEAD,2026-08-29T13:23:35+00:00
https://www.infineon.com/part/XMC1402-Q064X0128-AA,200,valid,http_ok,https://www.infineon.com/part/XMC1402-Q064X0128-AA,text/html;charset=utf-8,HEAD,2026-08-29T13:23:35+00:00
https://www.infineon.com/part/XMC1402-Q064X0200-AA,200,valid,http_ok,https://www.infineon.com/part/XMC1402-Q064X0200-AA,text/html;charset=utf-8,HEAD,2026-08-29T13:23:35+00:00
https://www.infineon.com/part/XMC1402-T038X0032-AA,200,valid,http_ok,https://www.infineon.com/part/XMC1402-T038X0032-AA,text/html;charset=utf-8,HEAD,2026-08-29T13:23:35+00:00
https://www.infineon.com/part/XMC1402-T038X0064-AA,200,valid,http_ok,https://www.infineon.com/part/XMC1402-T038X0064-AA,text/html;charset=utf-8,HEAD,2026-08-29T13:23:35+00:00
https://www.infineon.com/part/XMC1402-T038X0128-AA,200,valid,http_ok,https://www.infineon.com/part/XMC1402-T038X0128-AA,text/html;charset=utf-8,HEAD,2026-08-29T13:23:35+00:00
https://www.infineon.com/part/XMC1402-T038X0200-AA,200,valid,http_ok,https://www.infineon.com/part/XMC1402-T038X0200-AA,text/html;charset=utf-8,HEAD,2026-08-29T13:23:35+00:00
https://www.infineon.com/part/XMC1403-Q048X0064-AA,200,valid,http_ok,https://www.infineon.com/part/XMC1403-Q048X0064-AA,text/html;charset=utf-8,HEAD,2026-08-29T13:23:35+00:00
https://www.infineon.com/part/XMC1403-Q048X0128-AA,200,valid,http_ok,https://www.infineon.com/part/XMC1403-Q048X0128-AA,text/html;charset=utf-8,HEAD,2026-08-29T13:23:35+00:00
https://www.infineon.com/part/XMC1403-Q048X0200-AA,200,valid,http_ok,https://www.infineon.com/part/XMC1403-Q048X0200-AA,text/html;charset=utf-8,HEAD,2026-08-29T13:23:35+00:00
https://www.infineon.com/part/XMC1403-Q064X0064-AA,200,valid,http_ok,https://www.infineon.com/part/XMC1403-Q064X0064-AA,text/html;charset=utf-8,HEAD,2026-08-29T13:23:35+00:00
https://www.infineon.com/part/XMC1403-Q064X0128-AA,200,valid,http_ok,https://www.infineon.com/part/XMC1403-Q064X0128-AA,text/html;charset=utf-8,HEAD,2026-08-29T13:23:36+00:00
https://www.infineon.com/part/XMC1403-Q064X0200-AA,200,valid,http_ok,https://www.infineon.com/part/XMC1403-Q064X0200-AA,text/html;charset=utf-8,HEAD,2026-08-29T13:23:36+00:00
https://www.infineon.com/part/XMC1404-F064X0064-AA,200,valid,http_ok,https://www.infineon.com/part/XMC1404-F064X0064-AA,text/html;charset=utf-8,HEAD,2026-08-29T13:23:36+00:00
https://www.infineon.com/part/XMC1404-F064X0128-AA,200,valid,http_ok,https://www.infineon.com/part/XMC1404-F064X0128-AA,text/html;charset=utf-8,HEAD,2026-08-29T13:23:36+00:00
https://www.infineon.com/part/XMC1404-F064X0200-AA,200,valid,http_ok,https://www.infineon.com/part/XMC1404-F064X0200-AA,text/html;charset=utf-8,HEAD,2026-08-29T13:23:36+00:00
https://www.infineon.com/part/XMC1404-Q040X0200-AA,200,valid,http_ok,https://www.infineon.com/part/XMC1404-Q040X0200-AA,text/html;charset=utf-8,HEAD,2026-08-29T13:23:36+00:00
https://www.infineon.com/part/XMC1404-Q048X0064-AA,200,valid,http_ok,https://www.infineon.com/part/XMC1404-Q048X0064-AA,text/html;charset=utf-8,HEAD,2026-08-29T13:23:36+00:00
https://www.infineon.com/part/XMC1404-Q048X0128-AA,200,valid,http_ok,https://www.infineon.com/part/XMC1404-Q048X0128-AA,text/html;charset=utf-8,HEAD,2026-08-29T13:23:36+00:00
https://www.infineon.com/part/XMC1404-Q048X0200-AA,200,valid,http_ok,https://www.infineon.com/part/XMC1404-Q048X0200-AA,text/html;charset=utf-8,HEAD,2026-08-29T13:23:36+00:00
https://www.infineon.com/part/XMC1404-Q064X0064-AA,200,valid,http_ok,https://www.infineon.com/part/XMC1404-Q064X0064-AA,text/html;charset=utf-8,HEAD,2026-08-29T13:23:36+00:00
https://www.infineon.com/part/XMC1404-Q064X0128-AA,200,valid,http_ok,https://www.infineon.com/part/XMC1404-Q064X0128-AA,text/html;charset=utf-8,HEAD,2026-08-29T13:23:36+00:00
https://www.infineon.com/part/XMC1404-Q064X0200-AA,200,valid,http_ok,https://www.infineon.com/part/XMC1404-Q064X0200-AA,text/html;charset=utf-8,HEAD,2026-08-29T13:23:36+00:00
https://www.infineon.com/part/XMC4100-F64F128-BA,200,valid,http_ok,https://www.infineon.com/part/XMC4100-F64F128-BA,text/html;charset=utf-8,HEAD,2026-08-29T13:23:36+00:00
https://www.infineon.com/part/XMC4100-Q48F128-BA,200,valid,http_ok,https://www.infineon.com/part/XMC4100-Q48F128-BA,text/html;charset=utf-8,HEAD,2026-08-29T13:23:36+00:00
https://www.infineon.com/part/XMC4104-F64F128-BA,200,valid,http_ok,https://www.infineon.com/part/XMC4104-F64F128-BA,text/html;charset=utf-8,HEAD,2026-08-29T13:23:36+00:00
https://www.infineon.com/part/XMC4104-F64F64-BA,200,valid,http_ok,https://www.infineon.com/part/XMC4104-F64F64-BA,text/html;charset=utf-8,HEAD,2026-08-29T13:23:36+00:00
https://www.infineon.com/part/XMC4104-Q48F128-BA,200,valid,http_ok,https://www.infineon.com/part/XMC4104-Q48F128-BA,text/html;charset=utf-8,HEAD,2026-08-29T13:23:36+00:00
https://www.infineon.com/part/XMC4104-Q48F64-BA,200,valid,http_ok,https://www.infineon.com/part/XMC4104-Q48F64-BA,text/html;charset=utf-8,HEAD,2026-08-29T13:23:36+00:00
https://www.infineon.com/part/XMC4108-F64K64-BA,200,valid,http_ok,https://www.infineon.com/part/XMC4108-F64K64-BA,text/html;charset=utf-8,HEAD,2026-08-29T13:23:36+00:00
https://www.infineon.com/part/XMC4108-Q48K64-BA,200,valid,http_ok,https://www.infineon.com/part/XMC4108-Q48K64-BA,text/html;charset=utf-8,HEAD,2026-08-29T13:23:36+00:00
https://www.infineon.com/part/XMC4200-F64F256-BA,200,valid,http_ok,https://www.infineon.com/part/XMC4200-F64F256-BA,text/html;charset=utf-8,HEAD,2026-08-29T13:23:37+00:00
https://www.infineon.com/part/XMC4200-Q48F256-BA,200,valid,http_ok,https://www.infineon.com/part/XMC4200-Q48F256-BA,text/html;charset=utf-8,HEAD,2026-08-29T13:23:37+00:00
https://www.infineon.com/part/XMC4300-F100F256-AA,200,valid,http_ok,https://www.infineon.com/part/XMC4300-F100F256-AA,text/html;charset=utf-8,HEAD,2026-08-29T13:23:37+00:00
https://www.infineon.com/part/XMC4400-F100F256-BA,200,valid,http_ok,https://www.infineon.com/part/XMC4400-F100F256-BA,text/html;charset=utf-8,HEAD,2026-08-29T13:23:37+00:00
https://www.infineon.com/part/XMC4400-F100F512-BA,200,valid,http_ok,https://www.infineon.com/part/XMC4400-F100F512-BA,text/html;charset=utf-8,HEAD,2026-08-29T13:23:37+00:00
https://www.infineon.com/part/XMC4400-F64F256-BA,200,valid,http_ok,https://www.infineon.com/part/XMC4400-F64F256-BA,text/html;charset=utf-8,HEAD,2026-08-29T13:23:37+00:00
https://www.infineon.com/part/XMC4400-F64F512-BA,200,valid,http_ok,https://www.infineon.com/part/XMC4400-F64F512-BA,text/html;charset=utf-8,HEAD,2026-08-29T13:23:37+00:00
https://www.infineon.com/part/XMC4402-F100F256-BA,200,valid,http_ok,https://www.infineon.com/part/XMC4402-F100F256-BA,text/html;charset=utf-8,HEAD,2026-08-29T13:23:37+00:00
https://www.infineon.com/part/XMC4402-F64F256-BA,200,valid,http_ok,https://www.infineon.com/part/XMC4402-F64F256-BA,text/html;charset=utf-8,HEAD,2026-08-29T13:23:37+00:00
https://www.infineon.com/part/XMC4500-E144F1024-AC,200,valid,http_ok,https://www.infineon.com/part/XMC4500-E144F1024-AC,text/html;charset=utf-8,HEAD,2026-08-29T13:23:37+00:00
https://www.infineon.com/part/XMC4500-F100F1024-AC,200,valid,http_ok,https://www.infineon.com/part/XMC4500-F100F1024-AC,text/html;charset=utf-8,HEAD,2026-08-29T13:23:37+00:00
https://www.infineon.com/part/XMC4500-F100F768-AC,200,valid,http_ok,https://www.infineon.com/part/XMC4500-F100F768-AC,text/html;charset=utf-8,HEAD,2026-08-29T13:23:37+00:00
https://www.infineon.com/part/XMC4500-F144F1024-AC,200,valid,http_ok,https://www.infineon.com/part/XMC4500-F144F1024-AC,text/html;charset=utf-8,HEAD,2026-08-29T13:23:37+00:00
https://www.infineon.com/part/XMC4500-F144F768-AC,200,valid,http_ok,https://www.infineon.com/part/XMC4500-F144F768-AC,text/html;charset=utf-8,HEAD,2026-08-29T13:23:37+00:00
https://www.infineon.com/part/XMC4502-F100F768-AC,200,valid,http_ok,https://www.infineon.com/part/XMC4502-F100F768-AC,text/html;charset=utf-8,HEAD,2026-08-29T13:23:37+00:00
https://www.infineon.com/part/XMC4504-F100F512-AC,200,valid,http_ok,https://www.infineon.com/part/XMC4504-F100F512-AC,text/html;charset=utf-8,HEAD,2026-08-29T13:23:37+00:00
https://www.infineon.com/part/XMC4504-F144F512-AC,200,valid,http_ok,https://www.infineon.com/part/XMC4504-F144F512-AC,text/html;charset=utf-8,HEAD,2026-08-29T13:23:37+00:00
https://www.infineon.com/part/XMC4700-E196F1536-AA,200,valid,http_ok,https://www.infineon.com/part/XMC4700-E196F1536-AA,text/html;charset=utf-8,HEAD,2026-08-29T13:23:37+00:00
https://www.infineon.com/part/XMC4700-E196F2048-AA,200,valid,http_ok,https://www.infineon.com/part/XMC4700-E196F2048-AA,text/html;charset=utf-8,HEAD,2026-08-29T13:23:38+00:00
https://www.infineon.com/part/XMC4700-F100F1536-AA,200,valid,http_ok,https://www.infineon.com/part/XMC4700-F100F1536-AA,text/html;charset=utf-8,HEAD,2026-08-29T13:23:38+00:00
https://www.infineon.com/part/XMC4700-F100F2048-AA,200,valid,http_ok,https://www.infineon.com/part/XMC4700-F100F2048-AA,text/html;charset=utf-8,HEAD,2026-08-29T13:23:38+00:00
https://www.infineon.com/part/XMC4700-F144F1536-AA,200,valid,http_ok,https://www.infineon.com/part/XMC4700-F144F1536-AA,text/html;charset=utf-8,HEAD,2026-08-29T13:23:38+00:00
https://www.infineon.com/part/XMC4700-F144F2048-AA,200,valid,http_ok,https://www.infineon.com/part/XMC4700-F144F2048-AA,text/html;charset=utf-8,HEAD,2026-08-29T13:23:38+00:00
https://www.infineon.com/part/XMC4800-E196F1024-AA,200,valid,http_ok,https://www.infineon.com/part/XMC4800-E196F1024-AA,text/html;charset=utf-8,HEAD,2026-08-29T13:23:38+00:00
https://www.infineon.com/part/XMC4800-E196F1536-AA,200,valid,http_ok,https://www.infineon.com/part/XMC4800-E196F1536-AA,text/html;charset=utf-8,HEAD,2026-08-29T13:23:38+00:00
https://www.infineon.com/part/XMC4800-E196F2048-AA,200,valid,http_ok,https://www.infineon.com/part/XMC4800-E196F2048-AA,text/html;charset=utf-8,HEAD,2026-08-29T13:23:38+00:00
https://www.infineon.com/part/XMC4800-F100F1024-AA,200,valid,http_ok,https://www.infineon.com/part/XMC4800-F100F1024-AA,text/html;charset=utf-8,HEAD,2026-08-29T13:23:38+00:00
https://www.infineon.com/part/XMC4800-F100F1536-AA,200,valid,http_ok,https://www.infineon.com/part/XMC4800-F100F1536-AA,text/html;charset=utf-8,HEAD,2026-08-29T13:23:38+00:00
https://www.infineon.com/part/XMC4800-F100F2048-AA,200,valid,http_ok,https://www.infineon.com/part/XMC4800-F100F2048-AA,text/html;charset=utf-8,HEAD,2026-08-29T13:23:38+00:00
https://www.infineon.com/part/XMC4800-F144F1024-AA,200,valid,http_ok,https://www.infineon.com/part/XMC4800-F144F1024-AA,text/html;charset=utf-8,HEAD,2026-08-29T13:23:38+00:00
https://www.infineon.com/part/XMC4800-F144F1536-AA,200,valid,http_ok,https://www.infineon.com/part/XMC4800-F144F1536-AA,text/html;charset=utf-8,HEAD,2026-08-29T13:23:38+00:00
https://www.infineon.com/part/XMC4800-F144F2048-AA,200,valid,http_ok,https://www.infineon.com/part/XMC4800-F144F2048-AA,text/html;charset=utf-8,HEAD,2026-08-29T13:23:38+00:00
https://www.infineon.com/part/XMC5100-F100K576AA,200,valid,http_ok,https://www.infineon.com/part/XMC5100-F100K576AA,text/html;charset=utf-8,HEAD,2026-08-29T13:23:38+00:00
https://www.infineon.com/part/XMC5100-F64K576AA,200,valid,http_ok,https://www.infineon.com/part/XMC5100-F64K576AA,text/html;charset=utf-8,HEAD,2026-08-29T13:23:38+00:00
https://www.infineon.com/part/XMC5200-F100K1088AA,200,valid,http_ok,https://www.infineon.com/part/XMC5200-F100K1088AA,text/html;charset=utf-8,HEAD,2026-08-29T13:23:38+00:00
https://www.infineon.com/part/XMC5200-F144K1088AA,200,valid,http_ok,https://www.infineon.com/part/XMC5200-F144K1088AA,text/html;charset=utf-8,HEAD,2026-08-29T13:23:38+00:00
https://www.infineon.com/part/XMC5200-F64K1088AA,200,valid,http_ok,https://www.infineon.com/part/XMC5200-F64K1088AA,text/html;charset=utf-8,HEAD,2026-08-29T13:23:38+00:00
https://www.infineon.com/part/XMC5300-F100K2112AA,200,valid,http_ok,https://www.infineon.com/part/XMC5300-F100K2112AA,text/html;charset=utf-8,HEAD,2026-08-29T13:23:38+00:00
https://www.infineon.com/part/XMC5300-F144K2112AA,200,valid,http_ok,https://www.infineon.com/part/XMC5300-F144K2112AA,text/html;charset=utf-8,HEAD,2026-08-29T13:23:38+00:00
https://www.infineon.com/part/XMC7100-E272K4160AA,200,valid,http_ok,https://www.infineon.com/part/XMC7100-E272K4160AA,text/html;charset=utf-8,HEAD,2026-08-29T13:23:39+00:00
https://www.infineon.com/part/XMC7100-F100K1088AA,200,valid,http_ok,https://www.infineon.com/part/XMC7100-F100K1088AA,text/html;charset=utf-8,HEAD,2026-08-29T13:23:38+00:00
https://www.infineon.com/part/XMC7100-F100K2112AA,200,valid,http_ok,https://www.infineon.com/part/XMC7100-F100K2112AA,text/html;charset=utf-8,HEAD,2026-08-29T13:23:38+00:00
https://www.infineon.com/part/XMC7100-F100K4160AA,200,valid,http_ok,https://www.infineon.com/part/XMC7100-F100K4160AA,text/html;charset=utf-8,HEAD,2026-08-29T13:23:39+00:00
https://www.infineon.com/part/XMC7100-F144K2112AA,200,valid,http_ok,https://www.infineon.com/part/XMC7100-F144K2112AA,text/html;charset=utf-8,HEAD,2026-08-29T13:23:39+00:00
https://www.infineon.com/part/XMC7100-F144K4160AA,200,valid,http_ok,https://www.infineon.com/part/XMC7100-F144K4160AA,text/html;charset=utf-8,HEAD,2026-08-29T13:23:39+00:00
https://www.infineon.com/part/XMC7100-F176K4160AA,200,valid,http_ok,https://www.infineon.com/part/XMC7100-F176K4160AA,text/html;charset=utf-8,HEAD,2026-08-29T13:23:39+00:00
https://www.infineon.com/part/XMC7100D-E272K4160AA,200,valid,http_ok,https://www.infineon.com/part/XMC7100D-E272K4160AA,text/html;charset=utf-8,HEAD,2026-08-29T13:23:39+00:00
https://www.infineon.com/part/XMC7100D-F100K2112AA,200,valid,http_ok,https://www.infineon.com/part/XMC7100D-F100K2112AA,text/html;charset=utf-8,HEAD,2026-08-29T13:23:39+00:00
https://www.infineon.com/part/XMC7100D-F100K4160AA,200,valid,http_ok,https://www.infineon.com/part/XMC7100D-F100K4160AA,text/html;charset=utf-8,HEAD,2026-08-29T13:23:39+00:00
https://www.infineon.com/part/XMC7100D-F144K2112AA,200,valid,http_ok,https://www.infineon.com/part/XMC7100D-F144K2112AA,text/html;charset=utf-8,HEAD,2026-08-29T13:23:39+00:00
https://www.infineon.com/part/XMC7100D-F144K4160AA,200,valid,http_ok,https://www.infineon.com/part/XMC7100D-F144K4160AA,text/html;charset=utf-8,HEAD,2026-08-29T13:23:39+00:00
https://www.infineon.com/part/XMC7100D-F176K4160AA,200,valid,http_ok,https://www.infineon.com/part/XMC7100D-F176K4160AA,text/html;charset=utf-8,HEAD,2026-08-29T13:23:39+00:00
https://www.infineon.com/part/XMC7200-E272K8384AA,200,valid,http_ok,https://www.infineon.com/part/XMC7200-E272K8384AA,text/html;charset=utf-8,HEAD,2026-08-29T13:23:39+00:00
https://www.infineon.com/part/XMC7200-F176K8384AA,200,valid,http_ok,https://www.infineon.com/part/XMC7200-F176K8384AA,text/html;charset=utf-8,HEAD,2026-08-29T13:23:39+00:00
https://www.infineon.com/part/XMC7200D-E272K8384AA,200,valid,http_ok,https://www.infineon.com/part/XMC7200D-E272K8384AA,text/html;charset=utf-8,HEAD,2026-08-29T13:23:39+00:00
https://www.infineon.com/part/XMC7200D-F176K8384AA,200,valid,http_ok,https://www.infineon.com/part/XMC7200D-F176K8384AA,text/html;charset=utf-8,HEAD,2026-08-29T13:23:39+00:00
https://www.infineon.com/products/microcontroller/32-bit-traveo-t2g-arm-cortex/for-body/t2g-cyt6bj,200,valid,http_ok,https://www.infineon.com/products/microcontroller/32-bit-traveo-t2g-arm-cortex/for-body/t2g-cyt6bj,text/html;charset=utf-8,HEAD,2026-08-29T13:23:31+00:00
https://www.keil.com/pack/Atmel.SAM3X_DFP.pdsc,200,valid,http_ok,https://sadevicepacksprodus.blob.core.windows.net/pdsc/Atmel.SAM3X_DFP.pdsc,text/xml; charset=utf-8,HEAD,2026-08-29T13:24:55+00:00
https://www.microchip.com/en-us/product/AT90CAN128,403,blocked,403,https://www.microchip.com/en-us/product/AT90CAN128,text/html,GET,2026-08-29T13:23:40+00:00
https://www.microchip.com/en-us/product/AT90CAN32,403,blocked,403,https://www.microchip.com/en-us/product/AT90CAN32,text/html,GET,2026-08-29T13:23:41+00:00
https://www.microchip.com/en-us/product/AT90CAN64,403,blocked,403,https://www.microchip.com/en-us/product/AT90CAN64,text/html,GET,2026-08-29T13:23:41+00:00
https://www.microchip.com/en-us/product/AT90PWM1,403,blocked,403,https://www.microchip.com/en-us/product/AT90PWM1,text/html,GET,2026-08-29T13:23:46+00:00
https://www.microchip.com/en-us/product/AT90PWM161,403,blocked,403,https://www.microchip.com/en-us/product/AT90PWM161,text/html,GET,2026-08-29T13:23:47+00:00
https://www.microchip.com/en-us/product/AT90PWM216,403,blocked,403,https://www.microchip.com/en-us/product/AT90PWM216,text/html,GET,2026-08-29T13:23:47+00:00
https://www.microchip.com/en-us/product/AT90PWM2B,403,blocked,403,https://www.microchip.com/en-us/product/AT90PWM2B,text/html,GET,2026-08-29T13:23:48+00:00
https://www.microchip.com/en-us/product/AT90PWM3,403,blocked,403,https://www.microchip.com/en-us/product/AT90PWM3,text/html,GET,2026-08-29T13:23:49+00:00
https://www.microchip.com/en-us/product/AT90PWM316,403,blocked,403,https://www.microchip.com/en-us/product/AT90PWM316,text/html,GET,2026-08-29T13:23:49+00:00
https://www.microchip.com/en-us/product/AT90PWM3B,403,blocked,403,https://www.microchip.com/en-us/product/AT90PWM3B,text/html,GET,2026-08-29T13:23:50+00:00
https://www.microchip.com/en-us/product/AT90PWM81,403,blocked,403,https://www.microchip.com/en-us/product/AT90PWM81,text/html,GET,2026-08-29T13:23:50+00:00
https://www.microchip.com/en-us/product/AT90USB1286,403,blocked,403,https://www.microchip.com/en-us/product/AT90USB1286,text/html,GET,2026-08-29T13:23:50+00:00
https://www.microchip.com/en-us/product/AT90USB1287,403,blocked,403,https://www.microchip.com/en-us/product/AT90USB1287,text/html,GET,2026-08-29T13:23:50+00:00
https://www.microchip.com/en-us/product/AT90USB162,403,blocked,403,https://www.microchip.com/en-us/product/AT90USB162,text/html,GET,2026-08-29T13:23:51+00:00
https://www.microchip.com/en-us/product/AT90USB646,403,blocked,403,https://www.microchip.com/en-us/product/AT90USB646,text/html,GET,2026-08-29T13:23:51+00:00
https://www.microchip.com/en-us/product/AT90USB647,403,blocked,403,https://www.microchip.com/en-us/product/AT90USB647,text/html,GET,2026-08-29T13:23:51+00:00
https://www.microchip.com/en-us/product/AT90USB82,403,blocked,403,https://www.microchip.com/en-us/product/AT90USB82,text/html,GET,2026-08-29T13:23:51+00:00
https://www.microchip.com/en-us/product/ATA5505,403,blocked,403,https://www.microchip.com/en-us/product/ATA5505,text/html,GET,2026-08-29T13:24:00+00:00
https://www.microchip.com/en-us/product/ATA5700M322,403,blocked,403,https://www.microchip.com/en-us/product/ATA5700M322,text/html,GET,2026-08-29T13:24:00+00:00
https://www.microchip.com/en-us/product/ATA5702M322,403,blocked,403,https://www.microchip.com/en-us/product/ATA5702M322,text/html,GET,2026-08-29T13:24:00+00:00
https://www.microchip.com/en-us/product/ATA5781,403,blocked,403,https://www.microchip.com/en-us/product/ATA5781,text/html,GET,2026-08-29T13:24:00+00:00
https://www.microchip.com/en-us/product/ATA5782,403,blocked,403,https://www.microchip.com/en-us/product/ATA5782,text/html,GET,2026-08-29T13:24:00+00:00
https://www.microchip.com/en-us/product/ATA5783,403,blocked,403,https://www.microchip.com/en-us/product/ATA5783,text/html,GET,2026-08-29T13:24:00+00:00
https://www.microchip.com/en-us/product/ATA5787,403,blocked,403,https://www.microchip.com/en-us/product/ATA5787,text/html,GET,2026-08-29T13:24:00+00:00
https://www.microchip.com/en-us/product/ATA5831,403,blocked,403,https://www.microchip.com/en-us/product/ATA5831,text/html,GET,2026-08-29T13:24:00+00:00
https://www.microchip.com/en-us/product/ATA5832,403,blocked,403,https://www.microchip.com/en-us/product/ATA5832,text/html,GET,2026-08-29T13:24:00+00:00
https://www.microchip.com/en-us/product/ATA5833,403,blocked,403,https://www.microchip.com/en-us/product/ATA5833,text/html,GET,2026-08-29T13:24:00+00:00
https://www.microchip.com/en-us/product/ATA5835,403,blocked,403,https://www.microchip.com/en-us/product/ATA5835,text/html,GET,2026-08-29T13:24:00+00:00
https://www.microchip.com/en-us/product/ATA8210,403,blocked,403,https://www.microchip.com/en-us/product/ATA8210,text/html,GET,2026-08-29T13:24:00+00:00
https://www.microchip.com/en-us/product/ATA8215,403,blocked,403,https://www.microchip.com/en-us/product/ATA8215,text/html,GET,2026-08-29T13:24:01+00:00
https://www.microchip.com/en-us/product/ATA8510,403,blocked,403,https://www.microchip.com/en-us/product/ATA8510,text/html,GET,2026-08-29T13:24:01+00:00
https://www.microchip.com/en-us/product/ATA8515,403,blocked,403,https://www.microchip.com/en-us/product/ATA8515,text/html,GET,2026-08-29T13:24:01+00:00
https://www.microchip.com/en-us/product/ATSAMC20E15A,403,blocked,403,https://www.microchip.com/en-us/product/ATSAMC20E15A,text/html,GET,2026-08-29T13:24:55+00:00
https://www.microchip.com/en-us/product/ATSAMC20E16A,403,blocked,403,https://www.microchip.com/en-us/product/ATSAMC20E16A,text/html,GET,2026-08-29T13:24:55+00:00
https://www.microchip.com/en-us/product/ATSAMC20E17A,403,blocked,403,https://www.microchip.com/en-us/product/ATSAMC20E17A,text/html,GET,2026-08-29T13:24:55+00:00
https://www.microchip.com/en-us/product/ATSAMC20E18A,403,blocked,403,https://www.microchip.com/en-us/product/ATSAMC20E18A,text/html,GET,2026-08-29T13:24:56+00:00
https://www.microchip.com/en-us/product/ATSAMC20G15A,403,blocked,403,https://www.microchip.com/en-us/product/ATSAMC20G15A,text/html,GET,2026-08-29T13:24:56+00:00
https://www.microchip.com/en-us/product/ATSAMC20G16A,403,blocked,403,https://www.microchip.com/en-us/product/ATSAMC20G16A,text/html,GET,2026-08-29T13:24:56+00:00
https://www.microchip.com/en-us/product/ATSAMC20G17A,403,blocked,403,https://www.microchip.com/en-us/product/ATSAMC20G17A,text/html,GET,2026-08-29T13:24:56+00:00
https://www.microchip.com/en-us/product/ATSAMC20G18A,403,blocked,403,https://www.microchip.com/en-us/product/ATSAMC20G18A,text/html,GET,2026-08-29T13:24:56+00:00
https://www.microchip.com/en-us/product/ATSAMC20J15A,403,blocked,403,https://www.microchip.com/en-us/product/ATSAMC20J15A,text/html,GET,2026-08-29T13:24:56+00:00
https://www.microchip.com/en-us/product/ATSAMC20J16A,403,blocked,403,https://www.microchip.com/en-us/product/ATSAMC20J16A,text/html,GET,2026-08-29T13:24:56+00:00
https://www.microchip.com/en-us/product/ATSAMC20J17A,403,blocked,403,https://www.microchip.com/en-us/product/ATSAMC20J17A,text/html,GET,2026-08-29T13:24:56+00:00
https://www.microchip.com/en-us/product/ATSAMC20J17AU,403,blocked,403,https://www.microchip.com/en-us/product/ATSAMC20J17AU,text/html,GET,2026-08-29T13:24:56+00:00
https://www.microchip.com/en-us/product/ATSAMC20J18A,403,blocked,403,https://www.microchip.com/en-us/product/ATSAMC20J18A,text/html,GET,2026-08-29T13:24:56+00:00
https://www.microchip.com/en-us/product/ATSAMC20J18AU,403,blocked,403,https://www.microchip.com/en-us/product/ATSAMC20J18AU,text/html,GET,2026-08-29T13:24:57+00:00
https://www.microchip.com/en-us/product/ATSAMC20N17A,403,blocked,403,https://www.microchip.com/en-us/product/ATSAMC20N17A,text/html,GET,2026-08-29T13:24:57+00:00
https://www.microchip.com/en-us/product/ATSAMC20N18A,403,blocked,403,https://www.microchip.com/en-us/product/ATSAMC20N18A,text/html,GET,2026-08-29T13:24:57+00:00
https://www.microchip.com/en-us/product/ATSAMC21E15A,403,blocked,403,https://www.microchip.com/en-us/product/ATSAMC21E15A,text/html,GET,2026-08-29T13:24:57+00:00
https://www.microchip.com/en-us/product/ATSAMC21E16A,403,blocked,403,https://www.microchip.com/en-us/product/ATSAMC21E16A,text/html,GET,2026-08-29T13:24:57+00:00
https://www.microchip.com/en-us/product/ATSAMC21E17A,403,blocked,403,https://www.microchip.com/en-us/product/ATSAMC21E17A,text/html,GET,2026-08-29T13:24:57+00:00
https://www.microchip.com/en-us/product/ATSAMC21E18A,403,blocked,403,https://www.microchip.com/en-us/product/ATSAMC21E18A,text/html,GET,2026-08-29T13:24:57+00:00
https://www.microchip.com/en-us/product/ATSAMC21G15A,403,blocked,403,https://www.microchip.com/en-us/product/ATSAMC21G15A,text/html,GET,2026-08-29T13:24:57+00:00
https://www.microchip.com/en-us/product/ATSAMC21G16A,403,blocked,403,https://www.microchip.com/en-us/product/ATSAMC21G16A,text/html,GET,2026-08-29T13:24:57+00:00
https://www.microchip.com/en-us/product/ATSAMC21G17A,403,blocked,403,https://www.microchip.com/en-us/product/ATSAMC21G17A,text/html,GET,2026-08-29T13:24:57+00:00
https://www.microchip.com/en-us/product/ATSAMC21G18A,403,blocked,403,https://www.microchip.com/en-us/product/ATSAMC21G18A,text/html,GET,2026-08-29T13:24:57+00:00
https://www.microchip.com/en-us/product/ATSAMC21J15A,403,blocked,403,https://www.microchip.com/en-us/product/ATSAMC21J15A,text/html,GET,2026-08-29T13:24:58+00:00
https://www.microchip.com/en-us/product/ATSAMC21J16A,403,blocked,403,https://www.microchip.com/en-us/product/ATSAMC21J16A,text/html,GET,2026-08-29T13:24:58+00:00
https://www.microchip.com/en-us/product/ATSAMC21J17A,403,blocked,403,https://www.microchip.com/en-us/product/ATSAMC21J17A,text/html,GET,2026-08-29T13:24:58+00:00
https://www.microchip.com/en-us/product/ATSAMC21J17AU,403,blocked,403,https://www.microchip.com/en-us/product/ATSAMC21J17AU,text/html,GET,2026-08-29T13:24:58+00:00
https://www.microchip.com/en-us/product/ATSAMC21J18A,403,blocked,403,https://www.microchip.com/en-us/product/ATSAMC21J18A,text/html,GET,2026-08-29T13:24:58+00:00
https://www.microchip.com/en-us/product/ATSAMC21J18AU,403,blocked,403,https://www.microchip.com/en-us/product/ATSAMC21J18AU,text/html,GET,2026-08-29T13:24:58+00:00
https://www.microchip.com/en-us/product/ATSAMC21N17A,403,blocked,403,https://www.microchip.com/en-us/product/ATSAMC21N17A,text/html,GET,2026-08-29T13:24:58+00:00
https://www.microchip.com/en-us/product/ATSAMC21N18A,403,blocked,403,https://www.microchip.com/en-us/product/ATSAMC21N18A,text/html,GET,2026-08-29T13:24:58+00:00
https://www.microchip.com/en-us/product/ATSAMD11C14A,403,blocked,403,https://www.microchip.com/en-us/product/ATSAMD11C14A,text/html,GET,2026-08-29T13:25:00+00:00
https://www.microchip.com/en-us/product/ATSAMD11D14AM,403,blocked,403,https://www.microchip.com/en-us/product/ATSAMD11D14AM,text/html,GET,2026-08-29T13:25:00+00:00
https://www.microchip.com/en-us/product/ATSAMD11D14AS,403,blocked,403,https://www.microchip.com/en-us/product/ATSAMD11D14AS,text/html,GET,2026-08-29T13:25:00+00:00
https://www.microchip.com/en-us/product/ATSAMD11D14AU,403,blocked,403,https://www.microchip.com/en-us/product/ATSAMD11D14AU,text/html,GET,2026-08-29T13:25:01+00:00
https://www.microchip.com/en-us/product/ATSAMD20E14,403,blocked,403,https://www.microchip.com/en-us/product/ATSAMD20E14,text/html,GET,2026-08-29T13:25:01+00:00
https://www.microchip.com/en-us/product/ATSAMD20E14B,403,blocked,403,https://www.microchip.com/en-us/product/ATSAMD20E14B,text/html,GET,2026-08-29T13:25:01+00:00
https://www.microchip.com/en-us/product/ATSAMD20E15,403,blocked,403,https://www.microchip.com/en-us/product/ATSAMD20E15,text/html,GET,2026-08-29T13:25:01+00:00
https://www.microchip.com/en-us/product/ATSAMD20E15B,403,blocked,403,https://www.microchip.com/en-us/product/ATSAMD20E15B,text/html,GET,2026-08-29T13:25:01+00:00
https://www.microchip.com/en-us/product/ATSAMD20E15BU,403,blocked,403,https://www.microchip.com/en-us/product/ATSAMD20E15BU,text/html,GET,2026-08-29T13:25:01+00:00
https://www.microchip.com/en-us/product/ATSAMD20E16,403,blocked,403,https://www.microchip.com/en-us/product/ATSAMD20E16,text/html,GET,2026-08-29T13:25:01+00:00
https://www.microchip.com/en-us/product/ATSAMD20E16B,403,blocked,403,https://www.microchip.com/en-us/product/ATSAMD20E16B,text/html,GET,2026-08-29T13:25:01+00:00
https://www.microchip.com/en-us/product/ATSAMD20E16BU,403,blocked,403,https://www.microchip.com/en-us/product/ATSAMD20E16BU,text/html,GET,2026-08-29T13:25:01+00:00
https://www.microchip.com/en-us/product/ATSAMD20E17,403,blocked,403,https://www.microchip.com/en-us/product/ATSAMD20E17,text/html,GET,2026-08-29T13:25:01+00:00
https://www.microchip.com/en-us/product/ATSAMD20E18,403,blocked,403,https://www.microchip.com/en-us/product/ATSAMD20E18,text/html,GET,2026-08-29T13:25:02+00:00
https://www.microchip.com/en-us/product/ATSAMD20G14,403,blocked,403,https://www.microchip.com/en-us/product/ATSAMD20G14,text/html,GET,2026-08-29T13:25:02+00:00
https://www.microchip.com/en-us/product/ATSAMD20G14B,403,blocked,403,https://www.microchip.com/en-us/product/ATSAMD20G14B,text/html,GET,2026-08-29T13:25:02+00:00
https://www.microchip.com/en-us/product/ATSAMD20G15,403,blocked,403,https://www.microchip.com/en-us/product/ATSAMD20G15,text/html,GET,2026-08-29T13:25:02+00:00
https://www.microchip.com/en-us/product/ATSAMD20G15B,403,blocked,403,https://www.microchip.com/en-us/product/ATSAMD20G15B,text/html,GET,2026-08-29T13:25:02+00:00
https://www.microchip.com/en-us/product/ATSAMD20G16,403,blocked,403,https://www.microchip.com/en-us/product/ATSAMD20G16,text/html,GET,2026-08-29T13:25:02+00:00
https://www.microchip.com/en-us/product/ATSAMD20G16B,403,blocked,403,https://www.microchip.com/en-us/product/ATSAMD20G16B,text/html,GET,2026-08-29T13:25:02+00:00
https://www.microchip.com/en-us/product/ATSAMD20G17,403,blocked,403,https://www.microchip.com/en-us/product/ATSAMD20G17,text/html,GET,2026-08-29T13:25:02+00:00
https://www.microchip.com/en-us/product/ATSAMD20G17U,403,blocked,403,https://www.microchip.com/en-us/product/ATSAMD20G17U,text/html,GET,2026-08-29T13:25:02+00:00
https://www.microchip.com/en-us/product/ATSAMD20G18,403,blocked,403,https://www.microchip.com/en-us/product/ATSAMD20G18,text/html,GET,2026-08-29T13:25:03+00:00
https://www.microchip.com/en-us/product/ATSAMD20G18U,403,blocked,403,https://www.microchip.com/en-us/product/ATSAMD20G18U,text/html,GET,2026-08-29T13:25:03+00:00
https://www.microchip.com/en-us/product/ATSAMD20J14,403,blocked,403,https://www.microchip.com/en-us/product/ATSAMD20J14,text/html,GET,2026-08-29T13:25:03+00:00
https://www.microchip.com/en-us/product/ATSAMD20J14B,403,blocked,403,https://www.microchip.com/en-us/product/ATSAMD20J14B,text/html,GET,2026-08-29T13:25:03+00:00
https://www.microchip.com/en-us/product/ATSAMD20J15,403,blocked,403,https://www.microchip.com/en-us/product/ATSAMD20J15,text/html,GET,2026-08-29T13:25:03+00:00
https://www.microchip.com/en-us/product/ATSAMD20J15B,403,blocked,403,https://www.microchip.com/en-us/product/ATSAMD20J15B,text/html,GET,2026-08-29T13:25:03+00:00
https://www.microchip.com/en-us/product/ATSAMD20J16,403,blocked,403,https://www.microchip.com/en-us/product/ATSAMD20J16,text/html,GET,2026-08-29T13:25:03+00:00
https://www.microchip.com/en-us/product/ATSAMD20J16B,403,blocked,403,https://www.microchip.com/en-us/product/ATSAMD20J16B,text/html,GET,2026-08-29T13:25:04+00:00
https://www.microchip.com/en-us/product/ATSAMD20J17,403,blocked,403,https://www.microchip.com/en-us/product/ATSAMD20J17,text/html,GET,2026-08-29T13:25:04+00:00
https://www.microchip.com/en-us/product/ATSAMD20J18,403,blocked,403,https://www.microchip.com/en-us/product/ATSAMD20J18,text/html,GET,2026-08-29T13:25:04+00:00
https://www.microchip.com/en-us/product/ATSAMD21E15A,403,blocked,403,https://www.microchip.com/en-us/product/ATSAMD21E15A,text/html,GET,2026-08-29T13:25:04+00:00
https://www.microchip.com/en-us/product/ATSAMD21E15B,403,blocked,403,https://www.microchip.com/en-us/product/ATSAMD21E15B,text/html,GET,2026-08-29T13:25:04+00:00
https://www.microchip.com/en-us/product/ATSAMD21E15BU,403,blocked,403,https://www.microchip.com/en-us/product/ATSAMD21E15BU,text/html,GET,2026-08-29T13:25:04+00:00
https://www.microchip.com/en-us/product/ATSAMD21E15CU,403,blocked,403,https://www.microchip.com/en-us/product/ATSAMD21E15CU,text/html,GET,2026-08-29T13:25:04+00:00
https://www.microchip.com/en-us/product/ATSAMD21E15L,403,blocked,403,https://www.microchip.com/en-us/product/ATSAMD21E15L,text/html,GET,2026-08-29T13:25:04+00:00
https://www.microchip.com/en-us/product/ATSAMD21E16A,403,blocked,403,https://www.microchip.com/en-us/product/ATSAMD21E16A,text/html,GET,2026-08-29T13:25:04+00:00
https://www.microchip.com/en-us/product/ATSAMD21E16B,403,blocked,403,https://www.microchip.com/en-us/product/ATSAMD21E16B,text/html,GET,2026-08-29T13:25:04+00:00
https://www.microchip.com/en-us/product/ATSAMD21E16BU,403,blocked,403,https://www.microchip.com/en-us/product/ATSAMD21E16BU,text/html,GET,2026-08-29T13:25:05+00:00
https://www.microchip.com/en-us/product/ATSAMD21E16CU,403,blocked,403,https://www.microchip.com/en-us/product/ATSAMD21E16CU,text/html,GET,2026-08-29T13:25:05+00:00
https://www.microchip.com/en-us/product/ATSAMD21E16L,403,blocked,403,https://www.microchip.com/en-us/product/ATSAMD21E16L,text/html,GET,2026-08-29T13:25:05+00:00
https://www.microchip.com/en-us/product/ATSAMD21E17A,403,blocked,403,https://www.microchip.com/en-us/product/ATSAMD21E17A,text/html,GET,2026-08-29T13:25:05+00:00
https://www.microchip.com/en-us/product/ATSAMD21E17D,403,blocked,403,https://www.microchip.com/en-us/product/ATSAMD21E17D,text/html,GET,2026-08-29T13:25:05+00:00
https://www.microchip.com/en-us/product/ATSAMD21E17DU,403,blocked,403,https://www.microchip.com/en-us/product/ATSAMD21E17DU,text/html,GET,2026-08-29T13:25:05+00:00
https://www.microchip.com/en-us/product/ATSAMD21E17L,403,blocked,403,https://www.microchip.com/en-us/product/ATSAMD21E17L,text/html,GET,2026-08-29T13:25:05+00:00
https://www.microchip.com/en-us/product/ATSAMD21E18A,403,blocked,403,https://www.microchip.com/en-us/product/ATSAMD21E18A,text/html,GET,2026-08-29T13:25:05+00:00
https://www.microchip.com/en-us/product/ATSAMD21G15A,403,blocked,403,https://www.microchip.com/en-us/product/ATSAMD21G15A,text/html,GET,2026-08-29T13:25:05+00:00
https://www.microchip.com/en-us/product/ATSAMD21G15B,403,blocked,403,https://www.microchip.com/en-us/product/ATSAMD21G15B,text/html,GET,2026-08-29T13:25:05+00:00
https://www.microchip.com/en-us/product/ATSAMD21G15L,403,blocked,403,https://www.microchip.com/en-us/product/ATSAMD21G15L,text/html,GET,2026-08-29T13:25:05+00:00
https://www.microchip.com/en-us/product/ATSAMD21G16A,403,blocked,403,https://www.microchip.com/en-us/product/ATSAMD21G16A,text/html,GET,2026-08-29T13:25:06+00:00
https://www.microchip.com/en-us/product/ATSAMD21G16B,403,blocked,403,https://www.microchip.com/en-us/product/ATSAMD21G16B,text/html,GET,2026-08-29T13:25:06+00:00
https://www.microchip.com/en-us/product/ATSAMD21G16L,403,blocked,403,https://www.microchip.com/en-us/product/ATSAMD21G16L,text/html,GET,2026-08-29T13:25:06+00:00
https://www.microchip.com/en-us/product/ATSAMD21G17A,403,blocked,403,https://www.microchip.com/en-us/product/ATSAMD21G17A,text/html,GET,2026-08-29T13:25:06+00:00
https://www.microchip.com/en-us/product/ATSAMD21G17AU,403,blocked,403,https://www.microchip.com/en-us/product/ATSAMD21G17AU,text/html,GET,2026-08-29T13:25:06+00:00
https://www.microchip.com/en-us/product/ATSAMD21G17D,403,blocked,403,https://www.microchip.com/en-us/product/ATSAMD21G17D,text/html,GET,2026-08-29T13:25:06+00:00
https://www.microchip.com/en-us/product/ATSAMD21G17L,403,blocked,403,https://www.microchip.com/en-us/product/ATSAMD21G17L,text/html,GET,2026-08-29T13:25:06+00:00
https://www.microchip.com/en-us/product/ATSAMD21G18A,403,blocked,403,https://www.microchip.com/en-us/product/ATSAMD21G18A,text/html,GET,2026-08-29T13:25:06+00:00
https://www.microchip.com/en-us/product/ATSAMD21G18AU,403,blocked,403,https://www.microchip.com/en-us/product/ATSAMD21G18AU,text/html,GET,2026-08-29T13:25:06+00:00
https://www.microchip.com/en-us/product/ATSAMD21J15A,403,blocked,403,https://www.microchip.com/en-us/product/ATSAMD21J15A,text/html,GET,2026-08-29T13:25:07+00:00
https://www.microchip.com/en-us/product/ATSAMD21J15B,403,blocked,403,https://www.microchip.com/en-us/product/ATSAMD21J15B,text/html,GET,2026-08-29T13:25:07+00:00
https://www.microchip.com/en-us/product/ATSAMD21J16A,403,blocked,403,https://www.microchip.com/en-us/product/ATSAMD21J16A,text/html,GET,2026-08-29T13:25:07+00:00
https://www.microchip.com/en-us/product/ATSAMD21J16B,403,blocked,403,https://www.microchip.com/en-us/product/ATSAMD21J16B,text/html,GET,2026-08-29T13:25:07+00:00
https://www.microchip.com/en-us/product/ATSAMD21J17A,403,blocked,403,https://www.microchip.com/en-us/product/ATSAMD21J17A,text/html,GET,2026-08-29T13:25:07+00:00
https://www.microchip.com/en-us/product/ATSAMD21J17D,403,blocked,403,https://www.microchip.com/en-us/product/ATSAMD21J17D,text/html,GET,2026-08-29T13:25:07+00:00
https://www.microchip.com/en-us/product/ATSAMD21J18A,403,blocked,403,https://www.microchip.com/en-us/product/ATSAMD21J18A,text/html,GET,2026-08-29T13:25:07+00:00
https://www.microchip.com/en-us/product/ATSAMD51G18A,403,blocked,403,https://www.microchip.com/en-us/product/ATSAMD51G18A,text/html,GET,2026-08-29T13:25:11+00:00
https://www.microchip.com/en-us/product/ATSAMD51G19A,403,blocked,403,https://www.microchip.com/en-us/product/ATSAMD51G19A,text/html,GET,2026-08-29T13:25:11+00:00
https://www.microchip.com/en-us/product/ATSAMD51J18A,403,blocked,403,https://www.microchip.com/en-us/product/ATSAMD51J18A,text/html,GET,2026-08-29T13:25:12+00:00
https://www.microchip.com/en-us/product/ATSAMD51J19A,403,blocked,403,https://www.microchip.com/en-us/product/ATSAMD51J19A,text/html,GET,2026-08-29T13:25:12+00:00
https://www.microchip.com/en-us/product/ATSAMD51J20A,403,blocked,403,https://www.microchip.com/en-us/product/ATSAMD51J20A,text/html,GET,2026-08-29T13:25:12+00:00
https://www.microchip.com/en-us/product/ATSAMD51N19A,403,blocked,403,https://www.microchip.com/en-us/product/ATSAMD51N19A,text/html,GET,2026-08-29T13:25:12+00:00
https://www.microchip.com/en-us/product/ATSAMD51N20A,403,blocked,403,https://www.microchip.com/en-us/product/ATSAMD51N20A,text/html,GET,2026-08-29T13:25:12+00:00
https://www.microchip.com/en-us/product/ATSAMD51P19A,403,blocked,403,https://www.microchip.com/en-us/product/ATSAMD51P19A,text/html,GET,2026-08-29T13:25:12+00:00
https://www.microchip.com/en-us/product/ATSAMD51P20A,403,blocked,403,https://www.microchip.com/en-us/product/ATSAMD51P20A,text/html,GET,2026-08-29T13:25:12+00:00
https://www.microchip.com/en-us/product/ATSAMDA1E14B,403,blocked,403,https://www.microchip.com/en-us/product/ATSAMDA1E14B,text/html,GET,2026-08-29T13:25:12+00:00
https://www.microchip.com/en-us/product/ATSAMDA1E15B,403,blocked,403,https://www.microchip.com/en-us/product/ATSAMDA1E15B,text/html,GET,2026-08-29T13:25:13+00:00
https://www.microchip.com/en-us/product/ATSAMDA1E16B,403,blocked,403,https://www.microchip.com/en-us/product/ATSAMDA1E16B,text/html,GET,2026-08-29T13:25:13+00:00
https://www.microchip.com/en-us/product/ATSAMDA1G14B,403,blocked,403,https://www.microchip.com/en-us/product/ATSAMDA1G14B,text/html,GET,2026-08-29T13:25:13+00:00
https://www.microchip.com/en-us/product/ATSAMDA1G15B,403,blocked,403,https://www.microchip.com/en-us/product/ATSAMDA1G15B,text/html,GET,2026-08-29T13:25:13+00:00
https://www.microchip.com/en-us/product/ATSAMDA1G16B,403,blocked,403,https://www.microchip.com/en-us/product/ATSAMDA1G16B,text/html,GET,2026-08-29T13:25:13+00:00
https://www.microchip.com/en-us/product/ATSAMDA1J14B,403,blocked,403,https://www.microchip.com/en-us/product/ATSAMDA1J14B,text/html,GET,2026-08-29T13:25:13+00:00
https://www.microchip.com/en-us/product/ATSAMDA1J15B,403,blocked,403,https://www.microchip.com/en-us/product/ATSAMDA1J15B,text/html,GET,2026-08-29T13:25:13+00:00
https://www.microchip.com/en-us/product/ATSAMDA1J16B,403,blocked,403,https://www.microchip.com/en-us/product/ATSAMDA1J16B,text/html,GET,2026-08-29T13:25:13+00:00
https://www.microchip.com/en-us/product/ATSAME51G18A,403,blocked,403,https://www.microchip.com/en-us/product/ATSAME51G18A,text/html,GET,2026-08-29T13:25:13+00:00
https://www.microchip.com/en-us/product/ATSAME51G19A,403,blocked,403,https://www.microchip.com/en-us/product/ATSAME51G19A,text/html,GET,2026-08-29T13:25:13+00:00
https://www.microchip.com/en-us/product/ATSAME51J18A,403,blocked,403,https://www.microchip.com/en-us/product/ATSAME51J18A,text/html,GET,2026-08-29T13:25:13+00:00
https://www.microchip.com/en-us/product/ATSAME51J19A,403,blocked,403,https://www.microchip.com/en-us/product/ATSAME51J19A,text/html,GET,2026-08-29T13:25:13+00:00
https://www.microchip.com/en-us/product/ATSAME51J20A,403,blocked,403,https://www.microchip.com/en-us/product/ATSAME51J20A,text/html,GET,2026-08-29T13:25:14+00:00
https://www.microchip.com/en-us/product/ATSAME51N19A,403,blocked,403,https://www.microchip.com/en-us/product/ATSAME51N19A,text/html,GET,2026-08-29T13:25:14+00:00
https://www.microchip.com/en-us/product/ATSAME51N20A,403,blocked,403,https://www.microchip.com/en-us/product/ATSAME51N20A,text/html,GET,2026-08-29T13:25:14+00:00
https://www.microchip.com/en-us/product/ATSAME53J18A,403,blocked,403,https://www.microchip.com/en-us/product/ATSAME53J18A,text/html,GET,2026-08-29T13:25:14+00:00
https://www.microchip.com/en-us/product/ATSAME53J19A,403,blocked,403,https://www.microchip.com/en-us/product/ATSAME53J19A,text/html,GET,2026-08-29T13:25:14+00:00
https://www.microchip.com/en-us/product/ATSAME53J20A,403,blocked,403,https://www.microchip.com/en-us/product/ATSAME53J20A,text/html,GET,2026-08-29T13:25:14+00:00
https://www.microchip.com/en-us/product/ATSAME53N19A,403,blocked,403,https://www.microchip.com/en-us/product/ATSAME53N19A,text/html,GET,2026-08-29T13:25:14+00:00
https://www.microchip.com/en-us/product/ATSAME53N20A,403,blocked,403,https://www.microchip.com/en-us/product/ATSAME53N20A,text/html,GET,2026-08-29T13:25:14+00:00
https://www.microchip.com/en-us/product/ATSAME54N19A,403,blocked,403,https://www.microchip.com/en-us/product/ATSAME54N19A,text/html,GET,2026-08-29T13:25:14+00:00
https://www.microchip.com/en-us/product/ATSAME54N20A,403,blocked,403,https://www.microchip.com/en-us/product/ATSAME54N20A,text/html,GET,2026-08-29T13:25:14+00:00
https://www.microchip.com/en-us/product/ATSAME54P19A,403,blocked,403,https://www.microchip.com/en-us/product/ATSAME54P19A,text/html,GET,2026-08-29T13:25:14+00:00
https://www.microchip.com/en-us/product/ATSAME54P20A,403,blocked,403,https://www.microchip.com/en-us/product/ATSAME54P20A,text/html,GET,2026-08-29T13:25:15+00:00
https://www.microchip.com/en-us/product/ATSAME70J19B,403,blocked,403,https://www.microchip.com/en-us/product/ATSAME70J19B,text/html,GET,2026-08-29T13:25:15+00:00
https://www.microchip.com/en-us/product/ATSAME70J20B,403,blocked,403,https://www.microchip.com/en-us/product/ATSAME70J20B,text/html,GET,2026-08-29T13:25:15+00:00
https://www.microchip.com/en-us/product/ATSAME70J21B,403,blocked,403,https://www.microchip.com/en-us/product/ATSAME70J21B,text/html,GET,2026-08-29T13:25:15+00:00
https://www.microchip.com/en-us/product/ATSAME70N19B,403,blocked,403,https://www.microchip.com/en-us/product/ATSAME70N19B,text/html,GET,2026-08-29T13:25:15+00:00
https://www.microchip.com/en-us/product/ATSAME70N20B,403,blocked,403,https://www.microchip.com/en-us/product/ATSAME70N20B,text/html,GET,2026-08-29T13:25:15+00:00
https://www.microchip.com/en-us/product/ATSAME70N21B,403,blocked,403,https://www.microchip.com/en-us/product/ATSAME70N21B,text/html,GET,2026-08-29T13:25:16+00:00
https://www.microchip.com/en-us/product/ATSAME70Q19B,403,blocked,403,https://www.microchip.com/en-us/product/ATSAME70Q19B,text/html,GET,2026-08-29T13:25:16+00:00
https://www.microchip.com/en-us/product/ATSAME70Q20B,403,blocked,403,https://www.microchip.com/en-us/product/ATSAME70Q20B,text/html,GET,2026-08-29T13:25:16+00:00
https://www.microchip.com/en-us/product/ATSAME70Q21B,403,blocked,403,https://www.microchip.com/en-us/product/ATSAME70Q21B,text/html,GET,2026-08-29T13:25:16+00:00
https://www.microchip.com/en-us/product/ATSAMG51G18,403,blocked,403,https://www.microchip.com/en-us/product/ATSAMG51G18,text/html,GET,2026-08-29T13:25:16+00:00
https://www.microchip.com/en-us/product/ATSAMG51N18,403,blocked,403,https://www.microchip.com/en-us/product/ATSAMG51N18,text/html,GET,2026-08-29T13:25:16+00:00
https://www.microchip.com/en-us/product/ATSAMG53G19,403,blocked,403,https://www.microchip.com/en-us/product/ATSAMG53G19,text/html,GET,2026-08-29T13:25:16+00:00
https://www.microchip.com/en-us/product/ATSAMG53N19,403,blocked,403,https://www.microchip.com/en-us/product/ATSAMG53N19,text/html,GET,2026-08-29T13:25:16+00:00
https://www.microchip.com/en-us/product/ATSAMG54G19,403,blocked,403,https://www.microchip.com/en-us/product/ATSAMG54G19,text/html,GET,2026-08-29T13:25:16+00:00
https://www.microchip.com/en-us/product/ATSAMG54J19,403,blocked,403,https://www.microchip.com/en-us/product/ATSAMG54J19,text/html,GET,2026-08-29T13:25:16+00:00
https://www.microchip.com/en-us/product/ATSAMG54N19,403,blocked,403,https://www.microchip.com/en-us/product/ATSAMG54N19,text/html,GET,2026-08-29T13:25:16+00:00
https://www.microchip.com/en-us/product/ATSAMG55G19,403,blocked,403,https://www.microchip.com/en-us/product/ATSAMG55G19,text/html,GET,2026-08-29T13:25:17+00:00
https://www.microchip.com/en-us/product/ATSAMG55J19,403,blocked,403,https://www.microchip.com/en-us/product/ATSAMG55J19,text/html,GET,2026-08-29T13:25:17+00:00
https://www.microchip.com/en-us/product/ATSAMHA0E14AB,403,blocked,403,https://www.microchip.com/en-us/product/ATSAMHA0E14AB,text/html,GET,2026-08-29T13:25:17+00:00
https://www.microchip.com/en-us/product/ATSAMHA0E15AB,403,blocked,403,https://www.microchip.com/en-us/product/ATSAMHA0E15AB,text/html,GET,2026-08-29T13:25:17+00:00
https://www.microchip.com/en-us/product/ATSAMHA0E16AB,403,blocked,403,https://www.microchip.com/en-us/product/ATSAMHA0E16AB,text/html,GET,2026-08-29T13:25:17+00:00
https://www.microchip.com/en-us/product/ATSAMHA0G14AB,403,blocked,403,https://www.microchip.com/en-us/product/ATSAMHA0G14AB,text/html,GET,2026-08-29T13:25:17+00:00
https://www.microchip.com/en-us/product/ATSAMHA0G15AB,403,blocked,403,https://www.microchip.com/en-us/product/ATSAMHA0G15AB,text/html,GET,2026-08-29T13:25:17+00:00
https://www.microchip.com/en-us/product/ATSAMHA0G16AB,403,blocked,403,https://www.microchip.com/en-us/product/ATSAMHA0G16AB,text/html,GET,2026-08-29T13:25:17+00:00
https://www.microchip.com/en-us/product/ATSAMHA0G17AB,403,blocked,403,https://www.microchip.com/en-us/product/ATSAMHA0G17AB,text/html,GET,2026-08-29T13:25:17+00:00
https://www.microchip.com/en-us/product/ATSAMHA1E14AB,403,blocked,403,https://www.microchip.com/en-us/product/ATSAMHA1E14AB,text/html,GET,2026-08-29T13:25:17+00:00
https://www.microchip.com/en-us/product/ATSAMHA1E15AB,403,blocked,403,https://www.microchip.com/en-us/product/ATSAMHA1E15AB,text/html,GET,2026-08-29T13:25:17+00:00
https://www.microchip.com/en-us/product/ATSAMHA1E16AB,403,blocked,403,https://www.microchip.com/en-us/product/ATSAMHA1E16AB,text/html,GET,2026-08-29T13:25:18+00:00
https://www.microchip.com/en-us/product/ATSAMHA1G14A,403,blocked,403,https://www.microchip.com/en-us/product/ATSAMHA1G14A,text/html,GET,2026-08-29T13:25:18+00:00
https://www.microchip.com/en-us/product/ATSAMHA1G14AB,403,blocked,403,https://www.microchip.com/en-us/product/ATSAMHA1G14AB,text/html,GET,2026-08-29T13:25:18+00:00
https://www.microchip.com/en-us/product/ATSAMHA1G15A,403,blocked,403,https://www.microchip.com/en-us/product/ATSAMHA1G15A,text/html,GET,2026-08-29T13:25:18+00:00
https://www.microchip.com/en-us/product/ATSAMHA1G15AB,403,blocked,403,https://www.microchip.com/en-us/product/ATSAMHA1G15AB,text/html,GET,2026-08-29T13:25:18+00:00
https://www.microchip.com/en-us/product/ATSAMHA1G16A,403,blocked,403,https://www.microchip.com/en-us/product/ATSAMHA1G16A,text/html,GET,2026-08-29T13:25:18+00:00
https://www.microchip.com/en-us/product/ATSAMHA1G16AB,403,blocked,403,https://www.microchip.com/en-us/product/ATSAMHA1G16AB,text/html,GET,2026-08-29T13:25:18+00:00
https://www.microchip.com/en-us/product/ATSAMHA1G17AB,403,blocked,403,https://www.microchip.com/en-us/product/ATSAMHA1G17AB,text/html,GET,2026-08-29T13:25:18+00:00
https://www.microchip.com/en-us/product/ATSAML10D14A,403,blocked,403,https://www.microchip.com/en-us/product/ATSAML10D14A,text/html,GET,2026-08-29T13:25:22+00:00
https://www.microchip.com/en-us/product/ATSAML10D15A,403,blocked,403,https://www.microchip.com/en-us/product/ATSAML10D15A,text/html,GET,2026-08-29T13:25:22+00:00
https://www.microchip.com/en-us/product/ATSAML10D16A,403,blocked,403,https://www.microchip.com/en-us/product/ATSAML10D16A,text/html,GET,2026-08-29T13:25:22+00:00
https://www.microchip.com/en-us/product/ATSAML10E14A,403,blocked,403,https://www.microchip.com/en-us/product/ATSAML10E14A,text/html,GET,2026-08-29T13:25:22+00:00
https://www.microchip.com/en-us/product/ATSAML10E15A,403,blocked,403,https://www.microchip.com/en-us/product/ATSAML10E15A,text/html,GET,2026-08-29T13:25:22+00:00
https://www.microchip.com/en-us/product/ATSAML10E16A,403,blocked,403,https://www.microchip.com/en-us/product/ATSAML10E16A,text/html,GET,2026-08-29T13:25:22+00:00
https://www.microchip.com/en-us/product/ATSAML21E15B,403,blocked,403,https://www.microchip.com/en-us/product/ATSAML21E15B,text/html,GET,2026-08-29T13:25:24+00:00
https://www.microchip.com/en-us/product/ATSAML21E16B,403,blocked,403,https://www.microchip.com/en-us/product/ATSAML21E16B,text/html,GET,2026-08-29T13:25:24+00:00
https://www.microchip.com/en-us/product/ATSAML21E17B,403,blocked,403,https://www.microchip.com/en-us/product/ATSAML21E17B,text/html,GET,2026-08-29T13:25:24+00:00
https://www.microchip.com/en-us/product/ATSAML21E18A,403,blocked,403,https://www.microchip.com/en-us/product/ATSAML21E18A,text/html,GET,2026-08-29T13:25:24+00:00
https://www.microchip.com/en-us/product/ATSAML21E18B,403,blocked,403,https://www.microchip.com/en-us/product/ATSAML21E18B,text/html,GET,2026-08-29T13:25:24+00:00
https://www.microchip.com/en-us/product/ATSAML21G16B,403,blocked,403,https://www.microchip.com/en-us/product/ATSAML21G16B,text/html,GET,2026-08-29T13:25:24+00:00
https://www.microchip.com/en-us/product/ATSAML21G17B,403,blocked,403,https://www.microchip.com/en-us/product/ATSAML21G17B,text/html,GET,2026-08-29T13:25:25+00:00
https://www.microchip.com/en-us/product/ATSAML21G18A,403,blocked,403,https://www.microchip.com/en-us/product/ATSAML21G18A,text/html,GET,2026-08-29T13:25:25+00:00
https://www.microchip.com/en-us/product/ATSAML21G18B,403,blocked,403,https://www.microchip.com/en-us/product/ATSAML21G18B,text/html,GET,2026-08-29T13:25:25+00:00
https://www.microchip.com/en-us/product/ATSAML21J16B,403,blocked,403,https://www.microchip.com/en-us/product/ATSAML21J16B,text/html,GET,2026-08-29T13:25:25+00:00
https://www.microchip.com/en-us/product/ATSAML21J17B,403,blocked,403,https://www.microchip.com/en-us/product/ATSAML21J17B,text/html,GET,2026-08-29T13:25:25+00:00
https://www.microchip.com/en-us/product/ATSAML21J17BU,403,blocked,403,https://www.microchip.com/en-us/product/ATSAML21J17BU,text/html,GET,2026-08-29T13:25:25+00:00
https://www.microchip.com/en-us/product/ATSAML21J18A,403,blocked,403,https://www.microchip.com/en-us/product/ATSAML21J18A,text/html,GET,2026-08-29T13:25:25+00:00
https://www.microchip.com/en-us/product/ATSAML21J18B,403,blocked,403,https://www.microchip.com/en-us/product/ATSAML21J18B,text/html,GET,2026-08-29T13:25:25+00:00
https://www.microchip.com/en-us/product/ATSAML21J18BU,403,blocked,403,https://www.microchip.com/en-us/product/ATSAML21J18BU,text/html,GET,2026-08-29T13:25:25+00:00
https://www.microchip.com/en-us/product/ATSAML22G16A,403,blocked,403,https://www.microchip.com/en-us/product/ATSAML22G16A,text/html,GET,2026-08-29T13:25:25+00:00
https://www.microchip.com/en-us/product/ATSAML22G17A,403,blocked,403,https://www.microchip.com/en-us/product/ATSAML22G17A,text/html,GET,2026-08-29T13:25:25+00:00
https://www.microchip.com/en-us/product/ATSAML22G18A,403,blocked,403,https://www.microchip.com/en-us/product/ATSAML22G18A,text/html,GET,2026-08-29T13:25:26+00:00
https://www.microchip.com/en-us/product/ATSAML22J16A,403,blocked,403,https://www.microchip.com/en-us/product/ATSAML22J16A,text/html,GET,2026-08-29T13:25:26+00:00
https://www.microchip.com/en-us/product/ATSAML22J17A,403,blocked,403,https://www.microchip.com/en-us/product/ATSAML22J17A,text/html,GET,2026-08-29T13:25:26+00:00
https://www.microchip.com/en-us/product/ATSAML22J18A,403,blocked,403,https://www.microchip.com/en-us/product/ATSAML22J18A,text/html,GET,2026-08-29T13:25:26+00:00
https://www.microchip.com/en-us/product/ATSAML22N16A,403,blocked,403,https://www.microchip.com/en-us/product/ATSAML22N16A,text/html,GET,2026-08-29T13:25:26+00:00
https://www.microchip.com/en-us/product/ATSAML22N17A,403,blocked,403,https://www.microchip.com/en-us/product/ATSAML22N17A,text/html,GET,2026-08-29T13:25:26+00:00
https://www.microchip.com/en-us/product/ATSAML22N18A,403,blocked,403,https://www.microchip.com/en-us/product/ATSAML22N18A,text/html,GET,2026-08-29T13:25:26+00:00
https://www.microchip.com/en-us/product/ATSAMR34J16B,403,blocked,403,https://www.microchip.com/en-us/product/ATSAMR34J16B,text/html,GET,2026-08-29T13:25:27+00:00
https://www.microchip.com/en-us/product/ATSAMR34J17B,403,blocked,403,https://www.microchip.com/en-us/product/ATSAMR34J17B,text/html,GET,2026-08-29T13:25:27+00:00
https://www.microchip.com/en-us/product/ATSAMR34J18B,403,blocked,403,https://www.microchip.com/en-us/product/ATSAMR34J18B,text/html,GET,2026-08-29T13:25:27+00:00
https://www.microchip.com/en-us/product/ATSAMRH707F18A,403,blocked,403,https://www.microchip.com/en-us/product/ATSAMRH707F18A,text/html,GET,2026-08-29T13:25:27+00:00
https://www.microchip.com/en-us/product/ATSAMRH71F20C,403,blocked,403,https://www.microchip.com/en-us/product/ATSAMRH71F20C,text/html,GET,2026-08-29T13:25:27+00:00
https://www.microchip.com/en-us/product/ATSAMS70J19B,403,blocked,403,https://www.microchip.com/en-us/product/ATSAMS70J19B,text/html,GET,2026-08-29T13:25:27+00:00
https://www.microchip.com/en-us/product/ATSAMS70J20B,403,blocked,403,https://www.microchip.com/en-us/product/ATSAMS70J20B,text/html,GET,2026-08-29T13:25:27+00:00
https://www.microchip.com/en-us/product/ATSAMS70J21B,403,blocked,403,https://www.microchip.com/en-us/product/ATSAMS70J21B,text/html,GET,2026-08-29T13:25:27+00:00
https://www.microchip.com/en-us/product/ATSAMS70N19B,403,blocked,403,https://www.microchip.com/en-us/product/ATSAMS70N19B,text/html,GET,2026-08-29T13:25:27+00:00
https://www.microchip.com/en-us/product/ATSAMS70N20B,403,blocked,403,https://www.microchip.com/en-us/product/ATSAMS70N20B,text/html,GET,2026-08-29T13:25:27+00:00
https://www.microchip.com/en-us/product/ATSAMS70N21B,403,blocked,403,https://www.microchip.com/en-us/product/ATSAMS70N21B,text/html,GET,2026-08-29T13:25:27+00:00
https://www.microchip.com/en-us/product/ATSAMS70Q19B,403,blocked,403,https://www.microchip.com/en-us/product/ATSAMS70Q19B,text/html,GET,2026-08-29T13:25:28+00:00
https://www.microchip.com/en-us/product/ATSAMS70Q20B,403,blocked,403,https://www.microchip.com/en-us/product/ATSAMS70Q20B,text/html,GET,2026-08-29T13:25:28+00:00
https://www.microchip.com/en-us/product/ATSAMS70Q21B,403,blocked,403,https://www.microchip.com/en-us/product/ATSAMS70Q21B,text/html,GET,2026-08-29T13:25:28+00:00
https://www.microchip.com/en-us/product/ATSAMV70J19B,403,blocked,403,https://www.microchip.com/en-us/product/ATSAMV70J19B,text/html,GET,2026-08-29T13:25:28+00:00
https://www.microchip.com/en-us/product/ATSAMV70J20B,403,blocked,403,https://www.microchip.com/en-us/product/ATSAMV70J20B,text/html,GET,2026-08-29T13:25:28+00:00
https://www.microchip.com/en-us/product/ATSAMV70N19B,403,blocked,403,https://www.microchip.com/en-us/product/ATSAMV70N19B,text/html,GET,2026-08-29T13:25:28+00:00
https://www.microchip.com/en-us/product/ATSAMV70N20B,403,blocked,403,https://www.microchip.com/en-us/product/ATSAMV70N20B,text/html,GET,2026-08-29T13:25:28+00:00
https://www.microchip.com/en-us/product/ATSAMV70Q19B,403,blocked,403,https://www.microchip.com/en-us/product/ATSAMV70Q19B,text/html,GET,2026-08-29T13:25:28+00:00
https://www.microchip.com/en-us/product/ATSAMV70Q20B,403,blocked,403,https://www.microchip.com/en-us/product/ATSAMV70Q20B,text/html,GET,2026-08-29T13:25:28+00:00
https://www.microchip.com/en-us/product/ATSAMV71J19B,403,blocked,403,https://www.microchip.com/en-us/product/ATSAMV71J19B,text/html,GET,2026-08-29T13:25:28+00:00
https://www.microchip.com/en-us/product/ATSAMV71J20B,403,blocked,403,https://www.microchip.com/en-us/product/ATSAMV71J20B,text/html,GET,2026-08-29T13:25:28+00:00
https://www.microchip.com/en-us/product/ATSAMV71J21B,403,blocked,403,https://www.microchip.com/en-us/product/ATSAMV71J21B,text/html,GET,2026-08-29T13:25:29+00:00
https://www.microchip.com/en-us/product/ATSAMV71N19B,403,blocked,403,https://www.microchip.com/en-us/product/ATSAMV71N19B,text/html,GET,2026-08-29T13:25:29+00:00
https://www.microchip.com/en-us/product/ATSAMV71N20B,403,blocked,403,https://www.microchip.com/en-us/product/ATSAMV71N20B,text/html,GET,2026-08-29T13:25:29+00:00
https://www.microchip.com/en-us/product/ATSAMV71N21B,403,blocked,403,https://www.microchip.com/en-us/product/ATSAMV71N21B,text/html,GET,2026-08-29T13:25:29+00:00
https://www.microchip.com/en-us/product/ATSAMV71Q19B,403,blocked,403,https://www.microchip.com/en-us/product/ATSAMV71Q19B,text/html,GET,2026-08-29T13:25:29+00:00
https://www.microchip.com/en-us/product/ATSAMV71Q20B,403,blocked,403,https://www.microchip.com/en-us/product/ATSAMV71Q20B,text/html,GET,2026-08-29T13:25:29+00:00
https://www.microchip.com/en-us/product/ATSAMV71Q21B,403,blocked,403,https://www.microchip.com/en-us/product/ATSAMV71Q21B,text/html,GET,2026-08-29T13:25:29+00:00
https://www.microchip.com/en-us/product/ATmega128,403,blocked,403,https://www.microchip.com/en-us/product/ATmega128,text/html,GET,2026-08-29T13:24:01+00:00
https://www.microchip.com/en-us/product/ATmega1280,403,blocked,403,https://www.microchip.com/en-us/product/ATmega1280,text/html,GET,2026-08-29T13:24:01+00:00
https://www.microchip.com/en-us/product/ATmega1281,403,blocked,403,https://www.microchip.com/en-us/product/ATmega1281,text/html,GET,2026-08-29T13:24:01+00:00
https://www.microchip.com/en-us/product/ATmega1284,403,blocked,403,https://www.microchip.com/en-us/product/ATmega1284,text/html,GET,2026-08-29T13:24:01+00:00
https://www.microchip.com/en-us/product/ATmega1284P,403,blocked,403,https://www.microchip.com/en-us/product/ATmega1284P,text/html,GET,2026-08-29T13:24:01+00:00
https://www.microchip.com/en-us/product/ATmega1284RFR2,403,blocked,403,https://www.microchip.com/en-us/product/ATmega1284RFR2,text/html,GET,2026-08-29T13:24:01+00:00
https://www.microchip.com/en-us/product/ATmega128A,403,blocked,403,https://www.microchip.com/en-us/product/ATmega128A,text/html,GET,2026-08-29T13:24:01+00:00
https://www.microchip.com/en-us/product/ATmega128RFA1,403,blocked,403,https://www.microchip.com/en-us/product/ATmega128RFA1,text/html,GET,2026-08-29T13:24:01+00:00
https://www.microchip.com/en-us/product/ATmega128RFR2,403,blocked,403,https://www.microchip.com/en-us/product/ATmega128RFR2,text/html,GET,2026-08-29T13:24:02+00:00
https://www.microchip.com/en-us/product/ATmega16,403,blocked,403,https://www.microchip.com/en-us/product/ATmega16,text/html,GET,2026-08-29T13:24:02+00:00
https://www.microchip.com/en-us/product/ATmega1608,403,blocked,403,https://www.microchip.com/en-us/product/ATmega1608,text/html,GET,2026-08-29T13:24:16+00:00
https://www.microchip.com/en-us/product/ATmega1609,403,blocked,403,https://www.microchip.com/en-us/product/ATmega1609,text/html,GET,2026-08-29T13:24:16+00:00
https://www.microchip.com/en-us/product/ATmega162,403,blocked,403,https://www.microchip.com/en-us/product/ATmega162,text/html,GET,2026-08-29T13:24:02+00:00
https://www.microchip.com/en-us/product/ATmega164A,403,blocked,403,https://www.microchip.com/en-us/product/ATmega164A,text/html,GET,2026-08-29T13:24:02+00:00
https://www.microchip.com/en-us/product/ATmega164P,403,blocked,403,https://www.microchip.com/en-us/product/ATmega164P,text/html,GET,2026-08-29T13:24:02+00:00
https://www.microchip.com/en-us/product/ATmega164PA,403,blocked,403,https://www.microchip.com/en-us/product/ATmega164PA,text/html,GET,2026-08-29T13:24:02+00:00
https://www.microchip.com/en-us/product/ATmega165A,403,blocked,403,https://www.microchip.com/en-us/product/ATmega165A,text/html,GET,2026-08-29T13:24:02+00:00
https://www.microchip.com/en-us/product/ATmega165P,403,blocked,403,https://www.microchip.com/en-us/product/ATmega165P,text/html,GET,2026-08-29T13:24:02+00:00
https://www.microchip.com/en-us/product/ATmega165PA,403,blocked,403,https://www.microchip.com/en-us/product/ATmega165PA,text/html,GET,2026-08-29T13:24:02+00:00
https://www.microchip.com/en-us/product/ATmega168,403,blocked,403,https://www.microchip.com/en-us/product/ATmega168,text/html,GET,2026-08-29T13:24:03+00:00
https://www.microchip.com/en-us/product/ATmega168A,403,blocked,403,https://www.microchip.com/en-us/product/ATmega168A,text/html,GET,2026-08-29T13:24:03+00:00
https://www.microchip.com/en-us/product/ATmega168P,403,blocked,403,https://www.microchip.com/en-us/product/ATmega168P,text/html,GET,2026-08-29T13:24:03+00:00
https://www.microchip.com/en-us/product/ATmega168PA,403,blocked,403,https://www.microchip.com/en-us/product/ATmega168PA,text/html,GET,2026-08-29T13:24:03+00:00
https://www.microchip.com/en-us/product/ATmega168PB,403,blocked,403,https://www.microchip.com/en-us/product/ATmega168PB,text/html,GET,2026-08-29T13:24:03+00:00
https://www.microchip.com/en-us/product/ATmega169A,403,blocked,403,https://www.microchip.com/en-us/product/ATmega169A,text/html,GET,2026-08-29T13:24:03+00:00
https://www.microchip.com/en-us/product/ATmega169P,403,blocked,403,https://www.microchip.com/en-us/product/ATmega169P,text/html,GET,2026-08-29T13:24:03+00:00
https://www.microchip.com/en-us/product/ATmega169PA,403,blocked,403,https://www.microchip.com/en-us/product/ATmega169PA,text/html,GET,2026-08-29T13:24:03+00:00
https://www.microchip.com/en-us/product/ATmega16A,403,blocked,403,https://www.microchip.com/en-us/product/ATmega16A,text/html,GET,2026-08-29T13:24:03+00:00
https://www.microchip.com/en-us/product/ATmega16HVA,403,blocked,403,https://www.microchip.com/en-us/product/ATmega16HVA,text/html,GET,2026-08-29T13:24:03+00:00
https://www.microchip.com/en-us/product/ATmega16HVB,403,blocked,403,https://www.microchip.com/en-us/product/ATmega16HVB,text/html,GET,2026-08-29T13:24:04+00:00
https://www.microchip.com/en-us/product/ATmega16HVBrevB,403,blocked,403,https://www.microchip.com/en-us/product/ATmega16HVBrevB,text/html,GET,2026-08-29T13:24:04+00:00
https://www.microchip.com/en-us/product/ATmega16M1,403,blocked,403,https://www.microchip.com/en-us/product/ATmega16M1,text/html,GET,2026-08-29T13:24:04+00:00
https://www.microchip.com/en-us/product/ATmega16U2,403,blocked,403,https://www.microchip.com/en-us/product/ATmega16U2,text/html,GET,2026-08-29T13:24:04+00:00
https://www.microchip.com/en-us/product/ATmega16U4,403,blocked,403,https://www.microchip.com/en-us/product/ATmega16U4,text/html,GET,2026-08-29T13:24:04+00:00
https://www.microchip.com/en-us/product/ATmega2560,403,blocked,403,https://www.microchip.com/en-us/product/ATmega2560,text/html,GET,2026-08-29T13:24:04+00:00
https://www.microchip.com/en-us/product/ATmega2561,403,blocked,403,https://www.microchip.com/en-us/product/ATmega2561,text/html,GET,2026-08-29T13:24:04+00:00
https://www.microchip.com/en-us/product/ATmega2564RFR2,403,blocked,403,https://www.microchip.com/en-us/product/ATmega2564RFR2,text/html,GET,2026-08-29T13:24:04+00:00
https://www.microchip.com/en-us/product/ATmega256RFR2,403,blocked,403,https://www.microchip.com/en-us/product/ATmega256RFR2,text/html,GET,2026-08-29T13:24:04+00:00
https://www.microchip.com/en-us/product/ATmega32,403,blocked,403,https://www.microchip.com/en-us/product/ATmega32,text/html,GET,2026-08-29T13:24:05+00:00
https://www.microchip.com/en-us/product/ATmega3208,403,blocked,403,https://www.microchip.com/en-us/product/ATmega3208,text/html,GET,2026-08-29T13:24:16+00:00
https://www.microchip.com/en-us/product/ATmega3209,403,blocked,403,https://www.microchip.com/en-us/product/ATmega3209,text/html,GET,2026-08-29T13:24:16+00:00
https://www.microchip.com/en-us/product/ATmega324A,403,blocked,403,https://www.microchip.com/en-us/product/ATmega324A,text/html,GET,2026-08-29T13:24:05+00:00
https://www.microchip.com/en-us/product/ATmega324P,403,blocked,403,https://www.microchip.com/en-us/product/ATmega324P,text/html,GET,2026-08-29T13:24:05+00:00
https://www.microchip.com/en-us/product/ATmega324PA,403,blocked,403,https://www.microchip.com/en-us/product/ATmega324PA,text/html,GET,2026-08-29T13:24:05+00:00
https://www.microchip.com/en-us/product/ATmega324PB,403,blocked,403,https://www.microchip.com/en-us/product/ATmega324PB,text/html,GET,2026-08-29T13:24:05+00:00
https://www.microchip.com/en-us/product/ATmega325,403,blocked,403,https://www.microchip.com/en-us/product/ATmega325,text/html,GET,2026-08-29T13:24:05+00:00
https://www.microchip.com/en-us/product/ATmega3250,403,blocked,403,https://www.microchip.com/en-us/product/ATmega3250,text/html,GET,2026-08-29T13:24:05+00:00
https://www.microchip.com/en-us/product/ATmega3250A,403,blocked,403,https://www.microchip.com/en-us/product/ATmega3250A,text/html,GET,2026-08-29T13:24:05+00:00
https://www.microchip.com/en-us/product/ATmega3250P,403,blocked,403,https://www.microchip.com/en-us/product/ATmega3250P,text/html,GET,2026-08-29T13:24:05+00:00
https://www.microchip.com/en-us/product/ATmega3250PA,403,blocked,403,https://www.microchip.com/en-us/product/ATmega3250PA,text/html,GET,2026-08-29T13:24:05+00:00
https://www.microchip.com/en-us/product/ATmega325A,403,blocked,403,https://www.microchip.com/en-us/product/ATmega325A,text/html,GET,2026-08-29T13:24:05+00:00
https://www.microchip.com/en-us/product/ATmega325P,403,blocked,403,https://www.microchip.com/en-us/product/ATmega325P,text/html,GET,2026-08-29T13:24:06+00:00
https://www.microchip.com/en-us/product/ATmega325PA,403,blocked,403,https://www.microchip.com/en-us/product/ATmega325PA,text/html,GET,2026-08-29T13:24:06+00:00
https://www.microchip.com/en-us/product/ATmega328,403,blocked,403,https://www.microchip.com/en-us/product/ATmega328,text/html,GET,2026-08-29T13:24:06+00:00
https://www.microchip.com/en-us/product/ATmega328P,403,blocked,403,https://www.microchip.com/en-us/product/ATmega328P,text/html,GET,2026-08-29T13:24:06+00:00
https://www.microchip.com/en-us/product/ATmega328PB,403,blocked,403,https://www.microchip.com/en-us/product/ATmega328PB,text/html,GET,2026-08-29T13:24:06+00:00
https://www.microchip.com/en-us/product/ATmega329,403,blocked,403,https://www.microchip.com/en-us/product/ATmega329,text/html,GET,2026-08-29T13:24:06+00:00
https://www.microchip.com/en-us/product/ATmega3290,403,blocked,403,https://www.microchip.com/en-us/product/ATmega3290,text/html,GET,2026-08-29T13:24:06+00:00
https://www.microchip.com/en-us/product/ATmega3290A,403,blocked,403,https://www.microchip.com/en-us/product/ATmega3290A,text/html,GET,2026-08-29T13:24:06+00:00
https://www.microchip.com/en-us/product/ATmega3290P,403,blocked,403,https://www.microchip.com/en-us/product/ATmega3290P,text/html,GET,2026-08-29T13:24:06+00:00
https://www.microchip.com/en-us/product/ATmega3290PA,403,blocked,403,https://www.microchip.com/en-us/product/ATmega3290PA,text/html,GET,2026-08-29T13:24:06+00:00
https://www.microchip.com/en-us/product/ATmega329A,403,blocked,403,https://www.microchip.com/en-us/product/ATmega329A,text/html,GET,2026-08-29T13:24:06+00:00
https://www.microchip.com/en-us/product/ATmega329P,403,blocked,403,https://www.microchip.com/en-us/product/ATmega329P,text/html,GET,2026-08-29T13:24:06+00:00
https://www.microchip.com/en-us/product/ATmega329PA,403,blocked,403,https://www.microchip.com/en-us/product/ATmega329PA,text/html,GET,2026-08-29T13:24:07+00:00
https://www.microchip.com/en-us/product/ATmega32A,403,blocked,403,https://www.microchip.com/en-us/product/ATmega32A,text/html,GET,2026-08-29T13:24:07+00:00
https://www.microchip.com/en-us/product/ATmega32C1,403,blocked,403,https://www.microchip.com/en-us/product/ATmega32C1,text/html,GET,2026-08-29T13:24:07+00:00
https://www.microchip.com/en-us/product/ATmega32HVB,403,blocked,403,https://www.microchip.com/en-us/product/ATmega32HVB,text/html,GET,2026-08-29T13:24:07+00:00
https://www.microchip.com/en-us/product/ATmega32HVBrevB,403,blocked,403,https://www.microchip.com/en-us/product/ATmega32HVBrevB,text/html,GET,2026-08-29T13:24:07+00:00
https://www.microchip.com/en-us/product/ATmega32M1,403,blocked,403,https://www.microchip.com/en-us/product/ATmega32M1,text/html,GET,2026-08-29T13:24:07+00:00
https://www.microchip.com/en-us/product/ATmega32U2,403,blocked,403,https://www.microchip.com/en-us/product/ATmega32U2,text/html,GET,2026-08-29T13:24:07+00:00
https://www.microchip.com/en-us/product/ATmega32U4,403,blocked,403,https://www.microchip.com/en-us/product/ATmega32U4,text/html,GET,2026-08-29T13:24:07+00:00
https://www.microchip.com/en-us/product/ATmega406,403,blocked,403,https://www.microchip.com/en-us/product/ATmega406,text/html,GET,2026-08-29T13:24:08+00:00
https://www.microchip.com/en-us/product/ATmega48,403,blocked,403,https://www.microchip.com/en-us/product/ATmega48,text/html,GET,2026-08-29T13:24:08+00:00
https://www.microchip.com/en-us/product/ATmega4808,403,blocked,403,https://www.microchip.com/en-us/product/ATmega4808,text/html,GET,2026-08-29T13:24:16+00:00
https://www.microchip.com/en-us/product/ATmega4809,403,blocked,403,https://www.microchip.com/en-us/product/ATmega4809,text/html,GET,2026-08-29T13:24:16+00:00
https://www.microchip.com/en-us/product/ATmega48A,403,blocked,403,https://www.microchip.com/en-us/product/ATmega48A,text/html,GET,2026-08-29T13:24:08+00:00
https://www.microchip.com/en-us/product/ATmega48P,403,blocked,403,https://www.microchip.com/en-us/product/ATmega48P,text/html,GET,2026-08-29T13:24:08+00:00
https://www.microchip.com/en-us/product/ATmega48PA,403,blocked,403,https://www.microchip.com/en-us/product/ATmega48PA,text/html,GET,2026-08-29T13:24:08+00:00
https://www.microchip.com/en-us/product/ATmega48PB,403,blocked,403,https://www.microchip.com/en-us/product/ATmega48PB,text/html,GET,2026-08-29T13:24:08+00:00
https://www.microchip.com/en-us/product/ATmega64,403,blocked,403,https://www.microchip.com/en-us/product/ATmega64,text/html,GET,2026-08-29T13:24:08+00:00
https://www.microchip.com/en-us/product/ATmega640,403,blocked,403,https://www.microchip.com/en-us/product/ATmega640,text/html,GET,2026-08-29T13:24:08+00:00
https://www.microchip.com/en-us/product/ATmega644,403,blocked,403,https://www.microchip.com/en-us/product/ATmega644,text/html,GET,2026-08-29T13:24:08+00:00
https://www.microchip.com/en-us/product/ATmega644A,403,blocked,403,https://www.microchip.com/en-us/product/ATmega644A,text/html,GET,2026-08-29T13:24:08+00:00
https://www.microchip.com/en-us/product/ATmega644P,403,blocked,403,https://www.microchip.com/en-us/product/ATmega644P,text/html,GET,2026-08-29T13:24:08+00:00
https://www.microchip.com/en-us/product/ATmega644PA,403,blocked,403,https://www.microchip.com/en-us/product/ATmega644PA,text/html,GET,2026-08-29T13:24:09+00:00
https://www.microchip.com/en-us/product/ATmega644RFR2,403,blocked,403,https://www.microchip.com/en-us/product/ATmega644RFR2,text/html,GET,2026-08-29T13:24:09+00:00
https://www.microchip.com/en-us/product/ATmega645,403,blocked,403,https://www.microchip.com/en-us/product/ATmega645,text/html,GET,2026-08-29T13:24:09+00:00
https://www.microchip.com/en-us/product/ATmega6450,403,blocked,403,https://www.microchip.com/en-us/product/ATmega6450,text/html,GET,2026-08-29T13:24:09+00:00
https://www.microchip.com/en-us/product/ATmega6450A,403,blocked,403,https://www.microchip.com/en-us/product/ATmega6450A,text/html,GET,2026-08-29T13:24:09+00:00
https://www.microchip.com/en-us/product/ATmega6450P,403,blocked,403,https://www.microchip.com/en-us/product/ATmega6450P,text/html,GET,2026-08-29T13:24:09+00:00
https://www.microchip.com/en-us/product/ATmega645A,403,blocked,403,https://www.microchip.com/en-us/product/ATmega645A,text/html,GET,2026-08-29T13:24:09+00:00
https://www.microchip.com/en-us/product/ATmega645P,403,blocked,403,https://www.microchip.com/en-us/product/ATmega645P,text/html,GET,2026-08-29T13:24:09+00:00
https://www.microchip.com/en-us/product/ATmega649,403,blocked,403,https://www.microchip.com/en-us/product/ATmega649,text/html,GET,2026-08-29T13:24:09+00:00
https://www.microchip.com/en-us/product/ATmega6490,403,blocked,403,https://www.microchip.com/en-us/product/ATmega6490,text/html,GET,2026-08-29T13:24:09+00:00
https://www.microchip.com/en-us/product/ATmega6490A,403,blocked,403,https://www.microchip.com/en-us/product/ATmega6490A,text/html,GET,2026-08-29T13:24:10+00:00
https://www.microchip.com/en-us/product/ATmega6490P,403,blocked,403,https://www.microchip.com/en-us/product/ATmega6490P,text/html,GET,2026-08-29T13:24:10+00:00
https://www.microchip.com/en-us/product/ATmega649A,403,blocked,403,https://www.microchip.com/en-us/product/ATmega649A,text/html,GET,2026-08-29T13:24:10+00:00
https://www.microchip.com/en-us/product/ATmega649P,403,blocked,403,https://www.microchip.com/en-us/product/ATmega649P,text/html,GET,2026-08-29T13:24:10+00:00
https://www.microchip.com/en-us/product/ATmega64A,403,blocked,403,https://www.microchip.com/en-us/product/ATmega64A,text/html,GET,2026-08-29T13:24:10+00:00
https://www.microchip.com/en-us/product/ATmega64C1,403,blocked,403,https://www.microchip.com/en-us/product/ATmega64C1,text/html,GET,2026-08-29T13:24:10+00:00
https://www.microchip.com/en-us/product/ATmega64HVE2,403,blocked,403,https://www.microchip.com/en-us/product/ATmega64HVE2,text/html,GET,2026-08-29T13:24:10+00:00
https://www.microchip.com/en-us/product/ATmega64M1,403,blocked,403,https://www.microchip.com/en-us/product/ATmega64M1,text/html,GET,2026-08-29T13:24:10+00:00
https://www.microchip.com/en-us/product/ATmega64RFR2,403,blocked,403,https://www.microchip.com/en-us/product/ATmega64RFR2,text/html,GET,2026-08-29T13:24:10+00:00
https://www.microchip.com/en-us/product/ATmega8,403,blocked,403,https://www.microchip.com/en-us/product/ATmega8,text/html,GET,2026-08-29T13:24:10+00:00
https://www.microchip.com/en-us/product/ATmega808,403,blocked,403,https://www.microchip.com/en-us/product/ATmega808,text/html,GET,2026-08-29T13:24:16+00:00
https://www.microchip.com/en-us/product/ATmega809,403,blocked,403,https://www.microchip.com/en-us/product/ATmega809,text/html,GET,2026-08-29T13:24:16+00:00
https://www.microchip.com/en-us/product/ATmega8515,403,blocked,403,https://www.microchip.com/en-us/product/ATmega8515,text/html,GET,2026-08-29T13:24:10+00:00
https://www.microchip.com/en-us/product/ATmega8535,403,blocked,403,https://www.microchip.com/en-us/product/ATmega8535,text/html,GET,2026-08-29T13:24:11+00:00
https://www.microchip.com/en-us/product/ATmega88,403,blocked,403,https://www.microchip.com/en-us/product/ATmega88,text/html,GET,2026-08-29T13:24:11+00:00
https://www.microchip.com/en-us/product/ATmega88A,403,blocked,403,https://www.microchip.com/en-us/product/ATmega88A,text/html,GET,2026-08-29T13:24:11+00:00
https://www.microchip.com/en-us/product/ATmega88P,403,blocked,403,https://www.microchip.com/en-us/product/ATmega88P,text/html,GET,2026-08-29T13:24:11+00:00
https://www.microchip.com/en-us/product/ATmega88PA,403,blocked,403,https://www.microchip.com/en-us/product/ATmega88PA,text/html,GET,2026-08-29T13:24:11+00:00
https://www.microchip.com/en-us/product/ATmega88PB,403,blocked,403,https://www.microchip.com/en-us/product/ATmega88PB,text/html,GET,2026-08-29T13:24:11+00:00
https://www.microchip.com/en-us/product/ATmega8A,403,blocked,403,https://www.microchip.com/en-us/product/ATmega8A,text/html,GET,2026-08-29T13:24:11+00:00
https://www.microchip.com/en-us/product/ATmega8HVA,403,blocked,403,https://www.microchip.com/en-us/product/ATmega8HVA,text/html,GET,2026-08-29T13:24:11+00:00
https://www.microchip.com/en-us/product/ATmega8U2,403,blocked,403,https://www.microchip.com/en-us/product/ATmega8U2,text/html,GET,2026-08-29T13:24:11+00:00
https://www.microchip.com/en-us/product/ATmegaS128,403,blocked,403,https://www.microchip.com/en-us/product/ATmegaS128,text/html,GET,2026-08-29T13:24:12+00:00
https://www.microchip.com/en-us/product/ATmegaS64M1,403,blocked,403,https://www.microchip.com/en-us/product/ATmegaS64M1,text/html,GET,2026-08-29T13:24:12+00:00
https://www.microchip.com/en-us/product/ATtiny10,403,blocked,403,https://www.microchip.com/en-us/product/ATtiny10,text/html,GET,2026-08-29T13:24:12+00:00
https://www.microchip.com/en-us/product/ATtiny102,403,blocked,403,https://www.microchip.com/en-us/product/ATtiny102,text/html,GET,2026-08-29T13:24:12+00:00
https://www.microchip.com/en-us/product/ATtiny104,403,blocked,403,https://www.microchip.com/en-us/product/ATtiny104,text/html,GET,2026-08-29T13:24:12+00:00
https://www.microchip.com/en-us/product/ATtiny11,403,blocked,403,https://www.microchip.com/en-us/product/ATtiny11,text/html,GET,2026-08-29T13:24:12+00:00
https://www.microchip.com/en-us/product/ATtiny12,403,blocked,403,https://www.microchip.com/en-us/product/ATtiny12,text/html,GET,2026-08-29T13:24:12+00:00
https://www.microchip.com/en-us/product/ATtiny13,403,blocked,403,https://www.microchip.com/en-us/product/ATtiny13,text/html,GET,2026-08-29T13:24:12+00:00
https://www.microchip.com/en-us/product/ATtiny13A,403,blocked,403,https://www.microchip.com/en-us/product/ATtiny13A,text/html,GET,2026-08-29T13:24:12+00:00
https://www.microchip.com/en-us/product/ATtiny15,403,blocked,403,https://www.microchip.com/en-us/product/ATtiny15,text/html,GET,2026-08-29T13:24:12+00:00
https://www.microchip.com/en-us/product/ATtiny1604,403,blocked,403,https://www.microchip.com/en-us/product/ATtiny1604,text/html,GET,2026-08-29T13:24:16+00:00
https://www.microchip.com/en-us/product/ATtiny1606,403,blocked,403,https://www.microchip.com/en-us/product/ATtiny1606,text/html,GET,2026-08-29T13:24:17+00:00
https://www.microchip.com/en-us/product/ATtiny1607,403,blocked,403,https://www.microchip.com/en-us/product/ATtiny1607,text/html,GET,2026-08-29T13:24:17+00:00
https://www.microchip.com/en-us/product/ATtiny1614,403,blocked,403,https://www.microchip.com/en-us/product/ATtiny1614,text/html,GET,2026-08-29T13:24:17+00:00
https://www.microchip.com/en-us/product/ATtiny1616,403,blocked,403,https://www.microchip.com/en-us/product/ATtiny1616,text/html,GET,2026-08-29T13:24:17+00:00
https://www.microchip.com/en-us/product/ATtiny1617,403,blocked,403,https://www.microchip.com/en-us/product/ATtiny1617,text/html,GET,2026-08-29T13:24:17+00:00
https://www.microchip.com/en-us/product/ATtiny1624,403,blocked,403,https://www.microchip.com/en-us/product/ATtiny1624,text/html,GET,2026-08-29T13:24:19+00:00
https://www.microchip.com/en-us/product/ATtiny1626,403,blocked,403,https://www.microchip.com/en-us/product/ATtiny1626,text/html,GET,2026-08-29T13:24:19+00:00
https://www.microchip.com/en-us/product/ATtiny1627,403,blocked,403,https://www.microchip.com/en-us/product/ATtiny1627,text/html,GET,2026-08-29T13:24:19+00:00
https://www.microchip.com/en-us/product/ATtiny1634,403,blocked,403,https://www.microchip.com/en-us/product/ATtiny1634,text/html,GET,2026-08-29T13:24:13+00:00
https://www.microchip.com/en-us/product/ATtiny167,403,blocked,403,https://www.microchip.com/en-us/product/ATtiny167,text/html,GET,2026-08-29T13:24:13+00:00
https://www.microchip.com/en-us/product/ATtiny20,403,blocked,403,https://www.microchip.com/en-us/product/ATtiny20,text/html,GET,2026-08-29T13:24:13+00:00
https://www.microchip.com/en-us/product/ATtiny202,403,blocked,403,https://www.microchip.com/en-us/product/ATtiny202,text/html,GET,2026-08-29T13:24:17+00:00
https://www.microchip.com/en-us/product/ATtiny204,403,blocked,403,https://www.microchip.com/en-us/product/ATtiny204,text/html,GET,2026-08-29T13:24:17+00:00
https://www.microchip.com/en-us/product/ATtiny212,403,blocked,403,https://www.microchip.com/en-us/product/ATtiny212,text/html,GET,2026-08-29T13:24:17+00:00
https://www.microchip.com/en-us/product/ATtiny214,403,blocked,403,https://www.microchip.com/en-us/product/ATtiny214,text/html,GET,2026-08-29T13:24:17+00:00
https://www.microchip.com/en-us/product/ATtiny2313,403,blocked,403,https://www.microchip.com/en-us/product/ATtiny2313,text/html,GET,2026-08-29T13:24:13+00:00
https://www.microchip.com/en-us/product/ATtiny2313A,403,blocked,403,https://www.microchip.com/en-us/product/ATtiny2313A,text/html,GET,2026-08-29T13:24:13+00:00
https://www.microchip.com/en-us/product/ATtiny24,403,blocked,403,https://www.microchip.com/en-us/product/ATtiny24,text/html,GET,2026-08-29T13:24:13+00:00
https://www.microchip.com/en-us/product/ATtiny24A,403,blocked,403,https://www.microchip.com/en-us/product/ATtiny24A,text/html,GET,2026-08-29T13:24:13+00:00
https://www.microchip.com/en-us/product/ATtiny25,403,blocked,403,https://www.microchip.com/en-us/product/ATtiny25,text/html,GET,2026-08-29T13:24:13+00:00
https://www.microchip.com/en-us/product/ATtiny26,403,blocked,403,https://www.microchip.com/en-us/product/ATtiny26,text/html,GET,2026-08-29T13:24:13+00:00
https://www.microchip.com/en-us/product/ATtiny261,403,blocked,403,https://www.microchip.com/en-us/product/ATtiny261,text/html,GET,2026-08-29T13:24:13+00:00
https://www.microchip.com/en-us/product/ATtiny261A,403,blocked,403,https://www.microchip.com/en-us/product/ATtiny261A,text/html,GET,2026-08-29T13:24:13+00:00
https://www.microchip.com/en-us/product/ATtiny3216,403,blocked,403,https://www.microchip.com/en-us/product/ATtiny3216,text/html,GET,2026-08-29T13:24:17+00:00
https://www.microchip.com/en-us/product/ATtiny3217,403,blocked,403,https://www.microchip.com/en-us/product/ATtiny3217,text/html,GET,2026-08-29T13:24:18+00:00
https://www.microchip.com/en-us/product/ATtiny3224,403,blocked,403,https://www.microchip.com/en-us/product/ATtiny3224,text/html,GET,2026-08-29T13:24:19+00:00
https://www.microchip.com/en-us/product/ATtiny3226,403,blocked,403,https://www.microchip.com/en-us/product/ATtiny3226,text/html,GET,2026-08-29T13:24:19+00:00
https://www.microchip.com/en-us/product/ATtiny3227,403,blocked,403,https://www.microchip.com/en-us/product/ATtiny3227,text/html,GET,2026-08-29T13:24:19+00:00
https://www.microchip.com/en-us/product/ATtiny4,403,blocked,403,https://www.microchip.com/en-us/product/ATtiny4,text/html,GET,2026-08-29T13:24:13+00:00
https://www.microchip.com/en-us/product/ATtiny40,403,blocked,403,https://www.microchip.com/en-us/product/ATtiny40,text/html,GET,2026-08-29T13:24:14+00:00
https://www.microchip.com/en-us/product/ATtiny402,403,blocked,403,https://www.microchip.com/en-us/product/ATtiny402,text/html,GET,2026-08-29T13:24:18+00:00
https://www.microchip.com/en-us/product/ATtiny404,403,blocked,403,https://www.microchip.com/en-us/product/ATtiny404,text/html,GET,2026-08-29T13:24:18+00:00
https://www.microchip.com/en-us/product/ATtiny406,403,blocked,403,https://www.microchip.com/en-us/product/ATtiny406,text/html,GET,2026-08-29T13:24:18+00:00
https://www.microchip.com/en-us/product/ATtiny412,403,blocked,403,https://www.microchip.com/en-us/product/ATtiny412,text/html,GET,2026-08-29T13:24:18+00:00
https://www.microchip.com/en-us/product/ATtiny414,403,blocked,403,https://www.microchip.com/en-us/product/ATtiny414,text/html,GET,2026-08-29T13:24:18+00:00
https://www.microchip.com/en-us/product/ATtiny416,403,blocked,403,https://www.microchip.com/en-us/product/ATtiny416,text/html,GET,2026-08-29T13:24:18+00:00
https://www.microchip.com/en-us/product/ATtiny416auto,403,blocked,403,https://www.microchip.com/en-us/product/ATtiny416auto,text/html,GET,2026-08-29T13:24:18+00:00
https://www.microchip.com/en-us/product/ATtiny417,403,blocked,403,https://www.microchip.com/en-us/product/ATtiny417,text/html,GET,2026-08-29T13:24:18+00:00
https://www.microchip.com/en-us/product/ATtiny424,403,blocked,403,https://www.microchip.com/en-us/product/ATtiny424,text/html,GET,2026-08-29T13:24:20+00:00
https://www.microchip.com/en-us/product/ATtiny426,403,blocked,403,https://www.microchip.com/en-us/product/ATtiny426,text/html,GET,2026-08-29T13:24:20+00:00
https://www.microchip.com/en-us/product/ATtiny427,403,blocked,403,https://www.microchip.com/en-us/product/ATtiny427,text/html,GET,2026-08-29T13:24:20+00:00
https://www.microchip.com/en-us/product/ATtiny4313,403,blocked,403,https://www.microchip.com/en-us/product/ATtiny4313,text/html,GET,2026-08-29T13:24:14+00:00
https://www.microchip.com/en-us/product/ATtiny43U,403,blocked,403,https://www.microchip.com/en-us/product/ATtiny43U,text/html,GET,2026-08-29T13:24:14+00:00
https://www.microchip.com/en-us/product/ATtiny44,403,blocked,403,https://www.microchip.com/en-us/product/ATtiny44,text/html,GET,2026-08-29T13:24:14+00:00
https://www.microchip.com/en-us/product/ATtiny441,403,blocked,403,https://www.microchip.com/en-us/product/ATtiny441,text/html,GET,2026-08-29T13:24:14+00:00
https://www.microchip.com/en-us/product/ATtiny44A,403,blocked,403,https://www.microchip.com/en-us/product/ATtiny44A,text/html,GET,2026-08-29T13:24:14+00:00
https://www.microchip.com/en-us/product/ATtiny45,403,blocked,403,https://www.microchip.com/en-us/product/ATtiny45,text/html,GET,2026-08-29T13:24:14+00:00
https://www.microchip.com/en-us/product/ATtiny461,403,blocked,403,https://www.microchip.com/en-us/product/ATtiny461,text/html,GET,2026-08-29T13:24:14+00:00
https://www.microchip.com/en-us/product/ATtiny461A,403,blocked,403,https://www.microchip.com/en-us/product/ATtiny461A,text/html,GET,2026-08-29T13:24:14+00:00
https://www.microchip.com/en-us/product/ATtiny48,403,blocked,403,https://www.microchip.com/en-us/product/ATtiny48,text/html,GET,2026-08-29T13:24:14+00:00
https://www.microchip.com/en-us/product/ATtiny5,403,blocked,403,https://www.microchip.com/en-us/product/ATtiny5,text/html,GET,2026-08-29T13:24:15+00:00
https://www.microchip.com/en-us/product/ATtiny804,403,blocked,403,https://www.microchip.com/en-us/product/ATtiny804,text/html,GET,2026-08-29T13:24:18+00:00
https://www.microchip.com/en-us/product/ATtiny806,403,blocked,403,https://www.microchip.com/en-us/product/ATtiny806,text/html,GET,2026-08-29T13:24:19+00:00
https://www.microchip.com/en-us/product/ATtiny807,403,blocked,403,https://www.microchip.com/en-us/product/ATtiny807,text/html,GET,2026-08-29T13:24:19+00:00
https://www.microchip.com/en-us/product/ATtiny814,403,blocked,403,https://www.microchip.com/en-us/product/ATtiny814,text/html,GET,2026-08-29T13:24:19+00:00
https://www.microchip.com/en-us/product/ATtiny816,403,blocked,403,https://www.microchip.com/en-us/product/ATtiny816,text/html,GET,2026-08-29T13:24:19+00:00
https://www.microchip.com/en-us/product/ATtiny817,403,blocked,403,https://www.microchip.com/en-us/product/ATtiny817,text/html,GET,2026-08-29T13:24:19+00:00
https://www.microchip.com/en-us/product/ATtiny824,403,blocked,403,https://www.microchip.com/en-us/product/ATtiny824,text/html,GET,2026-08-29T13:24:20+00:00
https://www.microchip.com/en-us/product/ATtiny826,403,blocked,403,https://www.microchip.com/en-us/product/ATtiny826,text/html,GET,2026-08-29T13:24:20+00:00
https://www.microchip.com/en-us/product/ATtiny827,403,blocked,403,https://www.microchip.com/en-us/product/ATtiny827,text/html,GET,2026-08-29T13:24:20+00:00
https://www.microchip.com/en-us/product/ATtiny828,403,blocked,403,https://www.microchip.com/en-us/product/ATtiny828,text/html,GET,2026-08-29T13:24:15+00:00
https://www.microchip.com/en-us/product/ATtiny84,403,blocked,403,https://www.microchip.com/en-us/product/ATtiny84,text/html,GET,2026-08-29T13:24:15+00:00
https://www.microchip.com/en-us/product/ATtiny841,403,blocked,403,https://www.microchip.com/en-us/product/ATtiny841,text/html,GET,2026-08-29T13:24:15+00:00
https://www.microchip.com/en-us/product/ATtiny84A,403,blocked,403,https://www.microchip.com/en-us/product/ATtiny84A,text/html,GET,2026-08-29T13:24:15+00:00
https://www.microchip.com/en-us/product/ATtiny85,403,blocked,403,https://www.microchip.com/en-us/product/ATtiny85,text/html,GET,2026-08-29T13:24:15+00:00
https://www.microchip.com/en-us/product/ATtiny861,403,blocked,403,https://www.microchip.com/en-us/product/ATtiny861,text/html,GET,2026-08-29T13:24:15+00:00
https://www.microchip.com/en-us/product/ATtiny861A,403,blocked,403,https://www.microchip.com/en-us/product/ATtiny861A,text/html,GET,2026-08-29T13:24:15+00:00
https://www.microchip.com/en-us/product/ATtiny87,403,blocked,403,https://www.microchip.com/en-us/product/ATtiny87,text/html,GET,2026-08-29T13:24:16+00:00
https://www.microchip.com/en-us/product/ATtiny88,403,blocked,403,https://www.microchip.com/en-us/product/ATtiny88,text/html,GET,2026-08-29T13:24:16+00:00
https://www.microchip.com/en-us/product/ATtiny9,403,blocked,403,https://www.microchip.com/en-us/product/ATtiny9,text/html,GET,2026-08-29T13:24:16+00:00
https://www.microchip.com/en-us/product/AVR128DA28,403,blocked,403,https://www.microchip.com/en-us/product/AVR128DA28,text/html,GET,2026-08-29T13:23:51+00:00
https://www.microchip.com/en-us/product/AVR128DA28S,403,blocked,403,https://www.microchip.com/en-us/product/AVR128DA28S,text/html,GET,2026-08-29T13:23:51+00:00
https://www.microchip.com/en-us/product/AVR128DA32,403,blocked,403,https://www.microchip.com/en-us/product/AVR128DA32,text/html,GET,2026-08-29T13:23:51+00:00
https://www.microchip.com/en-us/product/AVR128DA32S,403,blocked,403,https://www.microchip.com/en-us/product/AVR128DA32S,text/html,GET,2026-08-29T13:23:51+00:00
https://www.microchip.com/en-us/product/AVR128DA48,403,blocked,403,https://www.microchip.com/en-us/product/AVR128DA48,text/html,GET,2026-08-29T13:23:52+00:00
https://www.microchip.com/en-us/product/AVR128DA48S,403,blocked,403,https://www.microchip.com/en-us/product/AVR128DA48S,text/html,GET,2026-08-29T13:23:52+00:00
https://www.microchip.com/en-us/product/AVR128DA64,403,blocked,403,https://www.microchip.com/en-us/product/AVR128DA64,text/html,GET,2026-08-29T13:23:52+00:00
https://www.microchip.com/en-us/product/AVR128DA64S,403,blocked,403,https://www.microchip.com/en-us/product/AVR128DA64S,text/html,GET,2026-08-29T13:23:52+00:00
https://www.microchip.com/en-us/product/AVR128DB28,403,blocked,403,https://www.microchip.com/en-us/product/AVR128DB28,text/html,GET,2026-08-29T13:23:54+00:00
https://www.microchip.com/en-us/product/AVR128DB32,403,blocked,403,https://www.microchip.com/en-us/product/AVR128DB32,text/html,GET,2026-08-29T13:23:54+00:00
https://www.microchip.com/en-us/product/AVR128DB48,403,blocked,403,https://www.microchip.com/en-us/product/AVR128DB48,text/html,GET,2026-08-29T13:23:54+00:00
https://www.microchip.com/en-us/product/AVR128DB64,403,blocked,403,https://www.microchip.com/en-us/product/AVR128DB64,text/html,GET,2026-08-29T13:23:54+00:00
https://www.microchip.com/en-us/product/AVR16DD14,403,blocked,403,https://www.microchip.com/en-us/product/AVR16DD14,text/html,GET,2026-08-29T13:23:55+00:00
https://www.microchip.com/en-us/product/AVR16DD20,403,blocked,403,https://www.microchip.com/en-us/product/AVR16DD20,text/html,GET,2026-08-29T13:23:55+00:00
https://www.microchip.com/en-us/product/AVR16DD28,403,blocked,403,https://www.microchip.com/en-us/product/AVR16DD28,text/html,GET,2026-08-29T13:23:55+00:00
https://www.microchip.com/en-us/product/AVR16DD32,403,blocked,403,https://www.microchip.com/en-us/product/AVR16DD32,text/html,GET,2026-08-29T13:23:55+00:00
https://www.microchip.com/en-us/product/AVR16DU14,403,blocked,403,https://www.microchip.com/en-us/product/AVR16DU14,text/html,GET,2026-08-29T13:23:56+00:00
https://www.microchip.com/en-us/product/AVR16DU20,403,blocked,403,https://www.microchip.com/en-us/product/AVR16DU20,text/html,GET,2026-08-29T13:23:56+00:00
https://www.microchip.com/en-us/product/AVR16DU28,403,blocked,403,https://www.microchip.com/en-us/product/AVR16DU28,text/html,GET,2026-08-29T13:23:56+00:00
https://www.microchip.com/en-us/product/AVR16DU32,403,blocked,403,https://www.microchip.com/en-us/product/AVR16DU32,text/html,GET,2026-08-29T13:23:56+00:00
https://www.microchip.com/en-us/product/AVR16EA28,403,blocked,403,https://www.microchip.com/en-us/product/AVR16EA28,text/html,GET,2026-08-29T13:23:57+00:00
https://www.microchip.com/en-us/product/AVR16EA32,403,blocked,403,https://www.microchip.com/en-us/product/AVR16EA32,text/html,GET,2026-08-29T13:23:57+00:00
https://www.microchip.com/en-us/product/AVR16EA48,403,blocked,403,https://www.microchip.com/en-us/product/AVR16EA48,text/html,GET,2026-08-29T13:23:57+00:00
https://www.microchip.com/en-us/product/AVR16EB14,403,blocked,403,https://www.microchip.com/en-us/product/AVR16EB14,text/html,GET,2026-08-29T13:23:58+00:00
https://www.microchip.com/en-us/product/AVR16EB20,403,blocked,403,https://www.microchip.com/en-us/product/AVR16EB20,text/html,GET,2026-08-29T13:23:58+00:00
https://www.microchip.com/en-us/product/AVR16EB28,403,blocked,403,https://www.microchip.com/en-us/product/AVR16EB28,text/html,GET,2026-08-29T13:23:58+00:00
https://www.microchip.com/en-us/product/AVR16EB32,403,blocked,403,https://www.microchip.com/en-us/product/AVR16EB32,text/html,GET,2026-08-29T13:23:58+00:00
https://www.microchip.com/en-us/product/AVR16LA14,403,blocked,403,https://www.microchip.com/en-us/product/AVR16LA14,text/html,GET,2026-08-29T13:23:59+00:00
https://www.microchip.com/en-us/product/AVR16LA20,403,blocked,403,https://www.microchip.com/en-us/product/AVR16LA20,text/html,GET,2026-08-29T13:23:59+00:00
https://www.microchip.com/en-us/product/AVR16LA28,403,blocked,403,https://www.microchip.com/en-us/product/AVR16LA28,text/html,GET,2026-08-29T13:23:59+00:00
https://www.microchip.com/en-us/product/AVR16LA32,403,blocked,403,https://www.microchip.com/en-us/product/AVR16LA32,text/html,GET,2026-08-29T13:23:59+00:00
https://www.microchip.com/en-us/product/AVR32DA28,403,blocked,403,https://www.microchip.com/en-us/product/AVR32DA28,text/html,GET,2026-08-29T13:23:52+00:00
https://www.microchip.com/en-us/product/AVR32DA28S,403,blocked,403,https://www.microchip.com/en-us/product/AVR32DA28S,text/html,GET,2026-08-29T13:23:52+00:00
https://www.microchip.com/en-us/product/AVR32DA32,403,blocked,403,https://www.microchip.com/en-us/product/AVR32DA32,text/html,GET,2026-08-29T13:23:52+00:00
https://www.microchip.com/en-us/product/AVR32DA32S,403,blocked,403,https://www.microchip.com/en-us/product/AVR32DA32S,text/html,GET,2026-08-29T13:23:53+00:00
https://www.microchip.com/en-us/product/AVR32DA48,403,blocked,403,https://www.microchip.com/en-us/product/AVR32DA48,text/html,GET,2026-08-29T13:23:53+00:00
https://www.microchip.com/en-us/product/AVR32DA48S,403,blocked,403,https://www.microchip.com/en-us/product/AVR32DA48S,text/html,GET,2026-08-29T13:23:53+00:00
https://www.microchip.com/en-us/product/AVR32DB28,403,blocked,403,https://www.microchip.com/en-us/product/AVR32DB28,text/html,GET,2026-08-29T13:23:54+00:00
https://www.microchip.com/en-us/product/AVR32DB32,403,blocked,403,https://www.microchip.com/en-us/product/AVR32DB32,text/html,GET,2026-08-29T13:23:54+00:00
https://www.microchip.com/en-us/product/AVR32DB48,403,blocked,403,https://www.microchip.com/en-us/product/AVR32DB48,text/html,GET,2026-08-29T13:23:54+00:00
https://www.microchip.com/en-us/product/AVR32DD14,403,blocked,403,https://www.microchip.com/en-us/product/AVR32DD14,text/html,GET,2026-08-29T13:23:55+00:00
https://www.microchip.com/en-us/product/AVR32DD20,403,blocked,403,https://www.microchip.com/en-us/product/AVR32DD20,text/html,GET,2026-08-29T13:23:55+00:00
https://www.microchip.com/en-us/product/AVR32DD28,403,blocked,403,https://www.microchip.com/en-us/product/AVR32DD28,text/html,GET,2026-08-29T13:23:55+00:00
https://www.microchip.com/en-us/product/AVR32DD32,403,blocked,403,https://www.microchip.com/en-us/product/AVR32DD32,text/html,GET,2026-08-29T13:23:55+00:00
https://www.microchip.com/en-us/product/AVR32DU14,403,blocked,403,https://www.microchip.com/en-us/product/AVR32DU14,text/html,GET,2026-08-29T13:23:56+00:00
https://www.microchip.com/en-us/product/AVR32DU20,403,blocked,403,https://www.microchip.com/en-us/product/AVR32DU20,text/html,GET,2026-08-29T13:23:56+00:00
https://www.microchip.com/en-us/product/AVR32DU28,403,blocked,403,https://www.microchip.com/en-us/product/AVR32DU28,text/html,GET,2026-08-29T13:23:56+00:00
https://www.microchip.com/en-us/product/AVR32DU32,403,blocked,403,https://www.microchip.com/en-us/product/AVR32DU32,text/html,GET,2026-08-29T13:23:57+00:00
https://www.microchip.com/en-us/product/AVR32EA28,403,blocked,403,https://www.microchip.com/en-us/product/AVR32EA28,text/html,GET,2026-08-29T13:23:57+00:00
https://www.microchip.com/en-us/product/AVR32EA32,403,blocked,403,https://www.microchip.com/en-us/product/AVR32EA32,text/html,GET,2026-08-29T13:23:57+00:00
https://www.microchip.com/en-us/product/AVR32EA48,403,blocked,403,https://www.microchip.com/en-us/product/AVR32EA48,text/html,GET,2026-08-29T13:23:57+00:00
https://www.microchip.com/en-us/product/AVR32EB14,403,blocked,403,https://www.microchip.com/en-us/product/AVR32EB14,text/html,GET,2026-08-29T13:23:58+00:00
https://www.microchip.com/en-us/product/AVR32EB20,403,blocked,403,https://www.microchip.com/en-us/product/AVR32EB20,text/html,GET,2026-08-29T13:23:58+00:00
https://www.microchip.com/en-us/product/AVR32EB28,403,blocked,403,https://www.microchip.com/en-us/product/AVR32EB28,text/html,GET,2026-08-29T13:23:58+00:00
https://www.microchip.com/en-us/product/AVR32EB32,403,blocked,403,https://www.microchip.com/en-us/product/AVR32EB32,text/html,GET,2026-08-29T13:23:59+00:00
https://www.microchip.com/en-us/product/AVR32LA14,403,blocked,403,https://www.microchip.com/en-us/product/AVR32LA14,text/html,GET,2026-08-29T13:23:59+00:00
https://www.microchip.com/en-us/product/AVR32LA20,403,blocked,403,https://www.microchip.com/en-us/product/AVR32LA20,text/html,GET,2026-08-29T13:23:59+00:00
https://www.microchip.com/en-us/product/AVR32LA28,403,blocked,403,https://www.microchip.com/en-us/product/AVR32LA28,text/html,GET,2026-08-29T13:23:59+00:00
https://www.microchip.com/en-us/product/AVR32LA32,403,blocked,403,https://www.microchip.com/en-us/product/AVR32LA32,text/html,GET,2026-08-29T13:23:59+00:00
https://www.microchip.com/en-us/product/AVR32SD20,403,blocked,403,https://www.microchip.com/en-us/product/AVR32SD20,text/html,GET,2026-08-29T13:23:59+00:00
https://www.microchip.com/en-us/product/AVR32SD28,403,blocked,403,https://www.microchip.com/en-us/product/AVR32SD28,text/html,GET,2026-08-29T13:23:59+00:00
https://www.microchip.com/en-us/product/AVR32SD32,403,blocked,403,https://www.microchip.com/en-us/product/AVR32SD32,text/html,GET,2026-08-29T13:23:59+00:00
https://www.microchip.com/en-us/product/AVR64DA28,403,blocked,403,https://www.microchip.com/en-us/product/AVR64DA28,text/html,GET,2026-08-29T13:23:53+00:00
https://www.microchip.com/en-us/product/AVR64DA28S,403,blocked,403,https://www.microchip.com/en-us/product/AVR64DA28S,text/html,GET,2026-08-29T13:23:53+00:00
https://www.microchip.com/en-us/product/AVR64DA32,403,blocked,403,https://www.microchip.com/en-us/product/AVR64DA32,text/html,GET,2026-08-29T13:23:53+00:00
https://www.microchip.com/en-us/product/AVR64DA32S,403,blocked,403,https://www.microchip.com/en-us/product/AVR64DA32S,text/html,GET,2026-08-29T13:23:53+00:00
https://www.microchip.com/en-us/product/AVR64DA48,403,blocked,403,https://www.microchip.com/en-us/product/AVR64DA48,text/html,GET,2026-08-29T13:23:53+00:00
https://www.microchip.com/en-us/product/AVR64DA48S,403,blocked,403,https://www.microchip.com/en-us/product/AVR64DA48S,text/html,GET,2026-08-29T13:23:53+00:00
https://www.microchip.com/en-us/product/AVR64DA64,403,blocked,403,https://www.microchip.com/en-us/product/AVR64DA64,text/html,GET,2026-08-29T13:23:54+00:00
https://www.microchip.com/en-us/product/AVR64DA64S,403,blocked,403,https://www.microchip.com/en-us/product/AVR64DA64S,text/html,GET,2026-08-29T13:23:54+00:00
https://www.microchip.com/en-us/product/AVR64DB28,403,blocked,403,https://www.microchip.com/en-us/product/AVR64DB28,text/html,GET,2026-08-29T13:23:54+00:00
https://www.microchip.com/en-us/product/AVR64DB32,403,blocked,403,https://www.microchip.com/en-us/product/AVR64DB32,text/html,GET,2026-08-29T13:23:55+00:00
https://www.microchip.com/en-us/product/AVR64DB48,403,blocked,403,https://www.microchip.com/en-us/product/AVR64DB48,text/html,GET,2026-08-29T13:23:55+00:00
https://www.microchip.com/en-us/product/AVR64DB64,403,blocked,403,https://www.microchip.com/en-us/product/AVR64DB64,text/html,GET,2026-08-29T13:23:55+00:00
https://www.microchip.com/en-us/product/AVR64DD14,403,blocked,403,https://www.microchip.com/en-us/product/AVR64DD14,text/html,GET,2026-08-29T13:23:56+00:00
https://www.microchip.com/en-us/product/AVR64DD20,403,blocked,403,https://www.microchip.com/en-us/product/AVR64DD20,text/html,GET,2026-08-29T13:23:56+00:00
https://www.microchip.com/en-us/product/AVR64DD28,403,blocked,403,https://www.microchip.com/en-us/product/AVR64DD28,text/html,GET,2026-08-29T13:23:56+00:00
https://www.microchip.com/en-us/product/AVR64DD32,403,blocked,403,https://www.microchip.com/en-us/product/AVR64DD32,text/html,GET,2026-08-29T13:23:56+00:00
https://www.microchip.com/en-us/product/AVR64DU28,403,blocked,403,https://www.microchip.com/en-us/product/AVR64DU28,text/html,GET,2026-08-29T13:23:57+00:00
https://www.microchip.com/en-us/product/AVR64DU32,403,blocked,403,https://www.microchip.com/en-us/product/AVR64DU32,text/html,GET,2026-08-29T13:23:57+00:00
https://www.microchip.com/en-us/product/AVR64EA28,403,blocked,403,https://www.microchip.com/en-us/product/AVR64EA28,text/html,GET,2026-08-29T13:23:57+00:00
https://www.microchip.com/en-us/product/AVR64EA32,403,blocked,403,https://www.microchip.com/en-us/product/AVR64EA32,text/html,GET,2026-08-29T13:23:58+00:00
https://www.microchip.com/en-us/product/AVR64EA48,403,blocked,403,https://www.microchip.com/en-us/product/AVR64EA48,text/html,GET,2026-08-29T13:23:58+00:00
https://www.microchip.com/en-us/product/PIC32CK0512SG00064,403,blocked,403,https://www.microchip.com/en-us/product/PIC32CK0512SG00064,text/html,GET,2026-08-29T13:24:20+00:00
https://www.microchip.com/en-us/product/PIC32CK0512SG00100,403,blocked,403,https://www.microchip.com/en-us/product/PIC32CK0512SG00100,text/html,GET,2026-08-29T13:24:20+00:00
https://www.microchip.com/en-us/product/PIC32CK0512SG01064,403,blocked,403,https://www.microchip.com/en-us/product/PIC32CK0512SG01064,text/html,GET,2026-08-29T13:24:20+00:00
https://www.microchip.com/en-us/product/PIC32CK0512SG01100,403,blocked,403,https://www.microchip.com/en-us/product/PIC32CK0512SG01100,text/html,GET,2026-08-29T13:24:20+00:00
https://www.microchip.com/en-us/product/PIC32CK1012SG00048,403,blocked,403,https://www.microchip.com/en-us/product/PIC32CK1012SG00048,text/html,GET,2026-08-29T13:24:21+00:00
https://www.microchip.com/en-us/product/PIC32CK1012SG00064,403,blocked,403,https://www.microchip.com/en-us/product/PIC32CK1012SG00064,text/html,GET,2026-08-29T13:24:21+00:00
https://www.microchip.com/en-us/product/PIC32CK1012SG00100,403,blocked,403,https://www.microchip.com/en-us/product/PIC32CK1012SG00100,text/html,GET,2026-08-29T13:24:21+00:00
https://www.microchip.com/en-us/product/PIC32CK1012SG01048,403,blocked,403,https://www.microchip.com/en-us/product/PIC32CK1012SG01048,text/html,GET,2026-08-29T13:24:21+00:00
https://www.microchip.com/en-us/product/PIC32CK1012SG01064,403,blocked,403,https://www.microchip.com/en-us/product/PIC32CK1012SG01064,text/html,GET,2026-08-29T13:24:21+00:00
https://www.microchip.com/en-us/product/PIC32CK1012SG01100,403,blocked,403,https://www.microchip.com/en-us/product/PIC32CK1012SG01100,text/html,GET,2026-08-29T13:24:21+00:00
https://www.microchip.com/en-us/product/PIC32CK1025SG00064,403,blocked,403,https://www.microchip.com/en-us/product/PIC32CK1025SG00064,text/html,GET,2026-08-29T13:24:21+00:00
https://www.microchip.com/en-us/product/PIC32CK1025SG00100,403,blocked,403,https://www.microchip.com/en-us/product/PIC32CK1025SG00100,text/html,GET,2026-08-29T13:24:21+00:00
https://www.microchip.com/en-us/product/PIC32CK1025SG00144,403,blocked,403,https://www.microchip.com/en-us/product/PIC32CK1025SG00144,text/html,GET,2026-08-29T13:24:22+00:00
https://www.microchip.com/en-us/product/PIC32CK1025SG01064,403,blocked,403,https://www.microchip.com/en-us/product/PIC32CK1025SG01064,text/html,GET,2026-08-29T13:24:22+00:00
https://www.microchip.com/en-us/product/PIC32CK1025SG01100,403,blocked,403,https://www.microchip.com/en-us/product/PIC32CK1025SG01100,text/html,GET,2026-08-29T13:24:22+00:00
https://www.microchip.com/en-us/product/PIC32CK1025SG01144,403,blocked,403,https://www.microchip.com/en-us/product/PIC32CK1025SG01144,text/html,GET,2026-08-29T13:24:22+00:00
https://www.microchip.com/en-us/product/PIC32CK2051SG00064,403,blocked,403,https://www.microchip.com/en-us/product/PIC32CK2051SG00064,text/html,GET,2026-08-29T13:24:22+00:00
https://www.microchip.com/en-us/product/PIC32CK2051SG00100,403,blocked,403,https://www.microchip.com/en-us/product/PIC32CK2051SG00100,text/html,GET,2026-08-29T13:24:22+00:00
https://www.microchip.com/en-us/product/PIC32CK2051SG00144,403,blocked,403,https://www.microchip.com/en-us/product/PIC32CK2051SG00144,text/html,GET,2026-08-29T13:24:22+00:00
https://www.microchip.com/en-us/product/PIC32CK2051SG01064,403,blocked,403,https://www.microchip.com/en-us/product/PIC32CK2051SG01064,text/html,GET,2026-08-29T13:24:22+00:00
https://www.microchip.com/en-us/product/PIC32CK2051SG01100,403,blocked,403,https://www.microchip.com/en-us/product/PIC32CK2051SG01100,text/html,GET,2026-08-29T13:24:22+00:00
https://www.microchip.com/en-us/product/PIC32CK2051SG01144,403,blocked,403,https://www.microchip.com/en-us/product/PIC32CK2051SG01144,text/html,GET,2026-08-29T13:24:23+00:00
https://www.microchip.com/en-us/product/PIC32CM1216JH01032,403,blocked,403,https://www.microchip.com/en-us/product/PIC32CM1216JH01032,text/html,GET,2026-08-29T13:24:24+00:00
https://www.microchip.com/en-us/product/PIC32CM1216JH01048,403,blocked,403,https://www.microchip.com/en-us/product/PIC32CM1216JH01048,text/html,GET,2026-08-29T13:24:29+00:00
https://www.microchip.com/en-us/product/PIC32CM1216LE00032,403,blocked,403,https://www.microchip.com/en-us/product/PIC32CM1216LE00032,text/html,GET,2026-08-29T13:24:35+00:00
https://www.microchip.com/en-us/product/PIC32CM1216LE00048,403,blocked,403,https://www.microchip.com/en-us/product/PIC32CM1216LE00048,text/html,GET,2026-08-29T13:24:36+00:00
https://www.microchip.com/en-us/product/PIC32CM1216MC00032,403,blocked,403,https://www.microchip.com/en-us/product/PIC32CM1216MC00032,text/html,GET,2026-08-29T13:24:40+00:00
https://www.microchip.com/en-us/product/PIC32CM1216MC00048,403,blocked,403,https://www.microchip.com/en-us/product/PIC32CM1216MC00048,text/html,GET,2026-08-29T13:24:40+00:00
https://www.microchip.com/en-us/product/PIC32CM1216PL10028,403,blocked,403,https://www.microchip.com/en-us/product/PIC32CM1216PL10028,text/html,GET,2026-08-29T13:24:42+00:00
https://www.microchip.com/en-us/product/PIC32CM1216PL10032,403,blocked,403,https://www.microchip.com/en-us/product/PIC32CM1216PL10032,text/html,GET,2026-08-29T13:24:42+00:00
https://www.microchip.com/en-us/product/PIC32CM1216PL10048,403,blocked,403,https://www.microchip.com/en-us/product/PIC32CM1216PL10048,text/html,GET,2026-08-29T13:24:42+00:00
https://www.microchip.com/en-us/product/PIC32CM1216PL10064,403,blocked,403,https://www.microchip.com/en-us/product/PIC32CM1216PL10064,text/html,GET,2026-08-29T13:24:42+00:00
https://www.microchip.com/en-us/product/PIC32CM1602GV00032,403,blocked,403,https://www.microchip.com/en-us/product/PIC32CM1602GV00032,text/html,GET,2026-08-29T13:24:23+00:00
https://www.microchip.com/en-us/product/PIC32CM1602GV00048,403,blocked,403,https://www.microchip.com/en-us/product/PIC32CM1602GV00048,text/html,GET,2026-08-29T13:24:23+00:00
https://www.microchip.com/en-us/product/PIC32CM1602GV00064,403,blocked,403,https://www.microchip.com/en-us/product/PIC32CM1602GV00064,text/html,GET,2026-08-29T13:24:23+00:00
https://www.microchip.com/en-us/product/PIC32CM2532JH00032,403,blocked,403,https://www.microchip.com/en-us/product/PIC32CM2532JH00032,text/html,GET,2026-08-29T13:24:30+00:00
https://www.microchip.com/en-us/product/PIC32CM2532JH00048,403,blocked,403,https://www.microchip.com/en-us/product/PIC32CM2532JH00048,text/html,GET,2026-08-29T13:24:31+00:00
https://www.microchip.com/en-us/product/PIC32CM2532JH00064,403,blocked,403,https://www.microchip.com/en-us/product/PIC32CM2532JH00064,text/html,GET,2026-08-29T13:24:32+00:00
https://www.microchip.com/en-us/product/PIC32CM2532JH00100,403,blocked,403,https://www.microchip.com/en-us/product/PIC32CM2532JH00100,text/html,GET,2026-08-29T13:24:32+00:00
https://www.microchip.com/en-us/product/PIC32CM2532JH01032,403,blocked,403,https://www.microchip.com/en-us/product/PIC32CM2532JH01032,text/html,GET,2026-08-29T13:24:33+00:00
https://www.microchip.com/en-us/product/PIC32CM2532JH01048,403,blocked,403,https://www.microchip.com/en-us/product/PIC32CM2532JH01048,text/html,GET,2026-08-29T13:24:33+00:00
https://www.microchip.com/en-us/product/PIC32CM2532JH01064,403,blocked,403,https://www.microchip.com/en-us/product/PIC32CM2532JH01064,text/html,GET,2026-08-29T13:24:33+00:00
https://www.microchip.com/en-us/product/PIC32CM2532JH01100,403,blocked,403,https://www.microchip.com/en-us/product/PIC32CM2532JH01100,text/html,GET,2026-08-29T13:24:33+00:00
https://www.microchip.com/en-us/product/PIC32CM2532LE00048,403,blocked,403,https://www.microchip.com/en-us/product/PIC32CM2532LE00048,text/html,GET,2026-08-29T13:24:36+00:00
https://www.microchip.com/en-us/product/PIC32CM2532LE00064,403,blocked,403,https://www.microchip.com/en-us/product/PIC32CM2532LE00064,text/html,GET,2026-08-29T13:24:36+00:00
https://www.microchip.com/en-us/product/PIC32CM2532LE00100,403,blocked,403,https://www.microchip.com/en-us/product/PIC32CM2532LE00100,text/html,GET,2026-08-29T13:24:36+00:00
https://www.microchip.com/en-us/product/PIC32CM3204GV00032,403,blocked,403,https://www.microchip.com/en-us/product/PIC32CM3204GV00032,text/html,GET,2026-08-29T13:24:23+00:00
https://www.microchip.com/en-us/product/PIC32CM3204GV00048,403,blocked,403,https://www.microchip.com/en-us/product/PIC32CM3204GV00048,text/html,GET,2026-08-29T13:24:24+00:00
https://www.microchip.com/en-us/product/PIC32CM3204GV00064,403,blocked,403,https://www.microchip.com/en-us/product/PIC32CM3204GV00064,text/html,GET,2026-08-29T13:24:24+00:00
https://www.microchip.com/en-us/product/PIC32CM3204JH00032,403,blocked,403,https://www.microchip.com/en-us/product/PIC32CM3204JH00032,text/html,GET,2026-08-29T13:24:33+00:00
https://www.microchip.com/en-us/product/PIC32CM3204JH00048,403,blocked,403,https://www.microchip.com/en-us/product/PIC32CM3204JH00048,text/html,GET,2026-08-29T13:24:34+00:00
https://www.microchip.com/en-us/product/PIC32CM3204JH00064,403,blocked,403,https://www.microchip.com/en-us/product/PIC32CM3204JH00064,text/html,GET,2026-08-29T13:24:34+00:00
https://www.microchip.com/en-us/product/PIC32CM3204PL10020,403,blocked,403,https://www.microchip.com/en-us/product/PIC32CM3204PL10020,text/html,GET,2026-08-29T13:24:42+00:00
https://www.microchip.com/en-us/product/PIC32CM3204PL10028,403,blocked,403,https://www.microchip.com/en-us/product/PIC32CM3204PL10028,text/html,GET,2026-08-29T13:24:43+00:00
https://www.microchip.com/en-us/product/PIC32CM3204PL10032,403,blocked,403,https://www.microchip.com/en-us/product/PIC32CM3204PL10032,text/html,GET,2026-08-29T13:24:43+00:00
https://www.microchip.com/en-us/product/PIC32CM5164JH00032,403,blocked,403,https://www.microchip.com/en-us/product/PIC32CM5164JH00032,text/html,GET,2026-08-29T13:24:34+00:00
https://www.microchip.com/en-us/product/PIC32CM5164JH00048,403,blocked,403,https://www.microchip.com/en-us/product/PIC32CM5164JH00048,text/html,GET,2026-08-29T13:24:34+00:00
https://www.microchip.com/en-us/product/PIC32CM5164JH00064,403,blocked,403,https://www.microchip.com/en-us/product/PIC32CM5164JH00064,text/html,GET,2026-08-29T13:24:34+00:00
https://www.microchip.com/en-us/product/PIC32CM5164JH00100,403,blocked,403,https://www.microchip.com/en-us/product/PIC32CM5164JH00100,text/html,GET,2026-08-29T13:24:34+00:00
https://www.microchip.com/en-us/product/PIC32CM5164JH01032,403,blocked,403,https://www.microchip.com/en-us/product/PIC32CM5164JH01032,text/html,GET,2026-08-29T13:24:34+00:00
https://www.microchip.com/en-us/product/PIC32CM5164JH01048,403,blocked,403,https://www.microchip.com/en-us/product/PIC32CM5164JH01048,text/html,GET,2026-08-29T13:24:34+00:00
https://www.microchip.com/en-us/product/PIC32CM5164JH01064,403,blocked,403,https://www.microchip.com/en-us/product/PIC32CM5164JH01064,text/html,GET,2026-08-29T13:24:35+00:00
https://www.microchip.com/en-us/product/PIC32CM5164JH01100,403,blocked,403,https://www.microchip.com/en-us/product/PIC32CM5164JH01100,text/html,GET,2026-08-29T13:24:35+00:00
https://www.microchip.com/en-us/product/PIC32CM5164LE00048,403,blocked,403,https://www.microchip.com/en-us/product/PIC32CM5164LE00048,text/html,GET,2026-08-29T13:24:37+00:00
https://www.microchip.com/en-us/product/PIC32CM5164LE00064,403,blocked,403,https://www.microchip.com/en-us/product/PIC32CM5164LE00064,text/html,GET,2026-08-29T13:24:37+00:00
https://www.microchip.com/en-us/product/PIC32CM5164LE00100,403,blocked,403,https://www.microchip.com/en-us/product/PIC32CM5164LE00100,text/html,GET,2026-08-29T13:24:37+00:00
https://www.microchip.com/en-us/product/PIC32CM6408JH00032,403,blocked,403,https://www.microchip.com/en-us/product/PIC32CM6408JH00032,text/html,GET,2026-08-29T13:24:35+00:00
https://www.microchip.com/en-us/product/PIC32CM6408JH00048,403,blocked,403,https://www.microchip.com/en-us/product/PIC32CM6408JH00048,text/html,GET,2026-08-29T13:24:35+00:00
https://www.microchip.com/en-us/product/PIC32CM6408JH00064,403,blocked,403,https://www.microchip.com/en-us/product/PIC32CM6408JH00064,text/html,GET,2026-08-29T13:24:35+00:00
https://www.microchip.com/en-us/product/PIC32CM6408MC00032,403,blocked,403,https://www.microchip.com/en-us/product/PIC32CM6408MC00032,text/html,GET,2026-08-29T13:24:41+00:00
https://www.microchip.com/en-us/product/PIC32CM6408MC00048,403,blocked,403,https://www.microchip.com/en-us/product/PIC32CM6408MC00048,text/html,GET,2026-08-29T13:24:41+00:00
https://www.microchip.com/en-us/product/PIC32CM6408PL10028,403,blocked,403,https://www.microchip.com/en-us/product/PIC32CM6408PL10028,text/html,GET,2026-08-29T13:24:43+00:00
https://www.microchip.com/en-us/product/PIC32CM6408PL10032,403,blocked,403,https://www.microchip.com/en-us/product/PIC32CM6408PL10032,text/html,GET,2026-08-29T13:24:44+00:00
https://www.microchip.com/en-us/product/PIC32CM6408PL10048,403,blocked,403,https://www.microchip.com/en-us/product/PIC32CM6408PL10048,text/html,GET,2026-08-29T13:24:44+00:00
https://www.microchip.com/en-us/product/PIC32CM6408PL10064,403,blocked,403,https://www.microchip.com/en-us/product/PIC32CM6408PL10064,text/html,GET,2026-08-29T13:24:44+00:00
https://www.microchip.com/en-us/product/PIC32CX1025MTC128,403,blocked,403,https://www.microchip.com/en-us/product/PIC32CX1025MTC128,text/html,GET,2026-08-29T13:24:46+00:00
https://www.microchip.com/en-us/product/PIC32CX1025MTC128S1,403,blocked,403,https://www.microchip.com/en-us/product/PIC32CX1025MTC128S1,text/html,GET,2026-08-29T13:24:46+00:00
https://www.microchip.com/en-us/product/PIC32CX1025MTG128,403,blocked,403,https://www.microchip.com/en-us/product/PIC32CX1025MTG128,text/html,GET,2026-08-29T13:24:47+00:00
https://www.microchip.com/en-us/product/PIC32CX1025MTG64,403,blocked,403,https://www.microchip.com/en-us/product/PIC32CX1025MTG64,text/html,GET,2026-08-29T13:24:47+00:00
https://www.microchip.com/en-us/product/PIC32CX1025MTSH128,403,blocked,403,https://www.microchip.com/en-us/product/PIC32CX1025MTSH128,text/html,GET,2026-08-29T13:24:48+00:00
https://www.microchip.com/en-us/product/PIC32CX1025MTSH128S1,403,blocked,403,https://www.microchip.com/en-us/product/PIC32CX1025MTSH128S1,text/html,GET,2026-08-29T13:24:48+00:00
https://www.microchip.com/en-us/product/PIC32CX1025SG41064,403,blocked,403,https://www.microchip.com/en-us/product/PIC32CX1025SG41064,text/html,GET,2026-08-29T13:24:50+00:00
https://www.microchip.com/en-us/product/PIC32CX1025SG41080,403,blocked,403,https://www.microchip.com/en-us/product/PIC32CX1025SG41080,text/html,GET,2026-08-29T13:24:50+00:00
https://www.microchip.com/en-us/product/PIC32CX1025SG41100,403,blocked,403,https://www.microchip.com/en-us/product/PIC32CX1025SG41100,text/html,GET,2026-08-29T13:24:50+00:00
https://www.microchip.com/en-us/product/PIC32CX1025SG41128,403,blocked,403,https://www.microchip.com/en-us/product/PIC32CX1025SG41128,text/html,GET,2026-08-29T13:24:50+00:00
https://www.microchip.com/en-us/product/PIC32CX1025SG60100,403,blocked,403,https://www.microchip.com/en-us/product/PIC32CX1025SG60100,text/html,GET,2026-08-29T13:24:50+00:00
https://www.microchip.com/en-us/product/PIC32CX1025SG60128,403,blocked,403,https://www.microchip.com/en-us/product/PIC32CX1025SG60128,text/html,GET,2026-08-29T13:24:50+00:00
https://www.microchip.com/en-us/product/PIC32CX1025SG61100,403,blocked,403,https://www.microchip.com/en-us/product/PIC32CX1025SG61100,text/html,GET,2026-08-29T13:24:50+00:00
https://www.microchip.com/en-us/product/PIC32CX1025SG61128,403,blocked,403,https://www.microchip.com/en-us/product/PIC32CX1025SG61128,text/html,GET,2026-08-29T13:24:50+00:00
https://www.microchip.com/en-us/product/PIC32CX2051MTC128,403,blocked,403,https://www.microchip.com/en-us/product/PIC32CX2051MTC128,text/html,GET,2026-08-29T13:24:49+00:00
https://www.microchip.com/en-us/product/PIC32CX2051MTC128S1,403,blocked,403,https://www.microchip.com/en-us/product/PIC32CX2051MTC128S1,text/html,GET,2026-08-29T13:24:49+00:00
https://www.microchip.com/en-us/product/PIC32CX2051MTG128,403,blocked,403,https://www.microchip.com/en-us/product/PIC32CX2051MTG128,text/html,GET,2026-08-29T13:24:49+00:00
https://www.microchip.com/en-us/product/PIC32CX2051MTG64,403,blocked,403,https://www.microchip.com/en-us/product/PIC32CX2051MTG64,text/html,GET,2026-08-29T13:24:49+00:00
https://www.microchip.com/en-us/product/PIC32CX2051MTSH128,403,blocked,403,https://www.microchip.com/en-us/product/PIC32CX2051MTSH128,text/html,GET,2026-08-29T13:24:49+00:00
https://www.microchip.com/en-us/product/PIC32CX2051MTSH128S1,403,blocked,403,https://www.microchip.com/en-us/product/PIC32CX2051MTSH128S1,text/html,GET,2026-08-29T13:24:49+00:00
https://www.microchip.com/en-us/product/PIC32CX5109BZ31032,403,blocked,403,https://www.microchip.com/en-us/product/PIC32CX5109BZ31032,text/html,GET,2026-08-29T13:24:44+00:00
https://www.microchip.com/en-us/product/PIC32CX5109BZ31032_SL3,403,blocked,403,https://www.microchip.com/en-us/product/PIC32CX5109BZ31032_SL3,text/html,GET,2026-08-29T13:24:45+00:00
https://www.microchip.com/en-us/product/PIC32CX5109BZ31048,403,blocked,403,https://www.microchip.com/en-us/product/PIC32CX5109BZ31048,text/html,GET,2026-08-29T13:24:45+00:00
https://www.microchip.com/en-us/product/PIC32CX5109BZ31048_SL3,403,blocked,403,https://www.microchip.com/en-us/product/PIC32CX5109BZ31048_SL3,text/html,GET,2026-08-29T13:24:45+00:00
https://www.microchip.com/en-us/product/PIC32CX5109BZ36032,403,blocked,403,https://www.microchip.com/en-us/product/PIC32CX5109BZ36032,text/html,GET,2026-08-29T13:24:45+00:00
https://www.microchip.com/en-us/product/PIC32CX5109BZ36032_SL3,403,blocked,403,https://www.microchip.com/en-us/product/PIC32CX5109BZ36032_SL3,text/html,GET,2026-08-29T13:24:45+00:00
https://www.microchip.com/en-us/product/PIC32CX5109BZ36048,403,blocked,403,https://www.microchip.com/en-us/product/PIC32CX5109BZ36048,text/html,GET,2026-08-29T13:24:45+00:00
https://www.microchip.com/en-us/product/PIC32CX5109BZ36048_SL3,403,blocked,403,https://www.microchip.com/en-us/product/PIC32CX5109BZ36048_SL3,text/html,GET,2026-08-29T13:24:45+00:00
https://www.microchip.com/en-us/product/PIC32CX5112MTC128,403,blocked,403,https://www.microchip.com/en-us/product/PIC32CX5112MTC128,text/html,GET,2026-08-29T13:24:49+00:00
https://www.microchip.com/en-us/product/PIC32CX5112MTC128S1,403,blocked,403,https://www.microchip.com/en-us/product/PIC32CX5112MTC128S1,text/html,GET,2026-08-29T13:24:49+00:00
https://www.microchip.com/en-us/product/PIC32CX5112MTG128,403,blocked,403,https://www.microchip.com/en-us/product/PIC32CX5112MTG128,text/html,GET,2026-08-29T13:24:49+00:00
https://www.microchip.com/en-us/product/PIC32CX5112MTSH128,403,blocked,403,https://www.microchip.com/en-us/product/PIC32CX5112MTSH128,text/html,GET,2026-08-29T13:24:49+00:00
https://www.microchip.com/en-us/product/PIC32CX5112MTSH128S1,403,blocked,403,https://www.microchip.com/en-us/product/PIC32CX5112MTSH128S1,text/html,GET,2026-08-29T13:24:49+00:00
https://www.microchip.com/en-us/product/PIC32CZ1038CA70064,403,blocked,403,https://www.microchip.com/en-us/product/PIC32CZ1038CA70064,text/html,GET,2026-08-29T13:24:50+00:00
https://www.microchip.com/en-us/product/PIC32CZ1038CA70100,403,blocked,403,https://www.microchip.com/en-us/product/PIC32CZ1038CA70100,text/html,GET,2026-08-29T13:24:50+00:00
https://www.microchip.com/en-us/product/PIC32CZ1038CA70144,403,blocked,403,https://www.microchip.com/en-us/product/PIC32CZ1038CA70144,text/html,GET,2026-08-29T13:24:50+00:00
https://www.microchip.com/en-us/product/PIC32CZ1038MC70064,403,blocked,403,https://www.microchip.com/en-us/product/PIC32CZ1038MC70064,text/html,GET,2026-08-29T13:24:55+00:00
https://www.microchip.com/en-us/product/PIC32CZ1038MC70100,403,blocked,403,https://www.microchip.com/en-us/product/PIC32CZ1038MC70100,text/html,GET,2026-08-29T13:24:55+00:00
https://www.microchip.com/en-us/product/PIC32CZ2051CA70064,403,blocked,403,https://www.microchip.com/en-us/product/PIC32CZ2051CA70064,text/html,GET,2026-08-29T13:24:51+00:00
https://www.microchip.com/en-us/product/PIC32CZ2051CA70100,403,blocked,403,https://www.microchip.com/en-us/product/PIC32CZ2051CA70100,text/html,GET,2026-08-29T13:24:51+00:00
https://www.microchip.com/en-us/product/PIC32CZ2051CA70144,403,blocked,403,https://www.microchip.com/en-us/product/PIC32CZ2051CA70144,text/html,GET,2026-08-29T13:24:51+00:00
https://www.microchip.com/en-us/product/PIC32CZ2051CA80100,403,blocked,403,https://www.microchip.com/en-us/product/PIC32CZ2051CA80100,text/html,GET,2026-08-29T13:24:51+00:00
https://www.microchip.com/en-us/product/PIC32CZ2051CA80144,403,blocked,403,https://www.microchip.com/en-us/product/PIC32CZ2051CA80144,text/html,GET,2026-08-29T13:24:52+00:00
https://www.microchip.com/en-us/product/PIC32CZ2051CA80176,403,blocked,403,https://www.microchip.com/en-us/product/PIC32CZ2051CA80176,text/html,GET,2026-08-29T13:24:52+00:00
https://www.microchip.com/en-us/product/PIC32CZ2051CA80208,403,blocked,403,https://www.microchip.com/en-us/product/PIC32CZ2051CA80208,text/html,GET,2026-08-29T13:24:52+00:00
https://www.microchip.com/en-us/product/PIC32CZ2051CA90100,403,blocked,403,https://www.microchip.com/en-us/product/PIC32CZ2051CA90100,text/html,GET,2026-08-29T13:24:53+00:00
https://www.microchip.com/en-us/product/PIC32CZ2051CA90144,403,blocked,403,https://www.microchip.com/en-us/product/PIC32CZ2051CA90144,text/html,GET,2026-08-29T13:24:54+00:00
https://www.microchip.com/en-us/product/PIC32CZ2051CA90176,403,blocked,403,https://www.microchip.com/en-us/product/PIC32CZ2051CA90176,text/html,GET,2026-08-29T13:24:54+00:00
https://www.microchip.com/en-us/product/PIC32CZ2051CA90208,403,blocked,403,https://www.microchip.com/en-us/product/PIC32CZ2051CA90208,text/html,GET,2026-08-29T13:24:54+00:00
https://www.microchip.com/en-us/product/PIC32CZ2051MC70064,403,blocked,403,https://www.microchip.com/en-us/product/PIC32CZ2051MC70064,text/html,GET,2026-08-29T13:24:55+00:00
https://www.microchip.com/en-us/product/PIC32CZ2051MC70100,403,blocked,403,https://www.microchip.com/en-us/product/PIC32CZ2051MC70100,text/html,GET,2026-08-29T13:24:55+00:00
https://www.microchip.com/en-us/product/PIC32CZ4010CA80100,403,blocked,403,https://www.microchip.com/en-us/product/PIC32CZ4010CA80100,text/html,GET,2026-08-29T13:24:52+00:00
https://www.microchip.com/en-us/product/PIC32CZ4010CA80144,403,blocked,403,https://www.microchip.com/en-us/product/PIC32CZ4010CA80144,text/html,GET,2026-08-29T13:24:52+00:00
https://www.microchip.com/en-us/product/PIC32CZ4010CA80176,403,blocked,403,https://www.microchip.com/en-us/product/PIC32CZ4010CA80176,text/html,GET,2026-08-29T13:24:53+00:00
https://www.microchip.com/en-us/product/PIC32CZ4010CA80208,403,blocked,403,https://www.microchip.com/en-us/product/PIC32CZ4010CA80208,text/html,GET,2026-08-29T13:24:53+00:00
https://www.microchip.com/en-us/product/PIC32CZ4010CA90100,403,blocked,403,https://www.microchip.com/en-us/product/PIC32CZ4010CA90100,text/html,GET,2026-08-29T13:24:54+00:00
https://www.microchip.com/en-us/product/PIC32CZ4010CA90144,403,blocked,403,https://www.microchip.com/en-us/product/PIC32CZ4010CA90144,text/html,GET,2026-08-29T13:24:54+00:00
https://www.microchip.com/en-us/product/PIC32CZ4010CA90176,403,blocked,403,https://www.microchip.com/en-us/product/PIC32CZ4010CA90176,text/html,GET,2026-08-29T13:24:54+00:00
https://www.microchip.com/en-us/product/PIC32CZ4010CA90208,403,blocked,403,https://www.microchip.com/en-us/product/PIC32CZ4010CA90208,text/html,GET,2026-08-29T13:24:54+00:00
https://www.microchip.com/en-us/product/PIC32CZ5125CA70064,403,blocked,403,https://www.microchip.com/en-us/product/PIC32CZ5125CA70064,text/html,GET,2026-08-29T13:24:51+00:00
https://www.microchip.com/en-us/product/PIC32CZ5125CA70100,403,blocked,403,https://www.microchip.com/en-us/product/PIC32CZ5125CA70100,text/html,GET,2026-08-29T13:24:51+00:00
https://www.microchip.com/en-us/product/PIC32CZ5125CA70144,403,blocked,403,https://www.microchip.com/en-us/product/PIC32CZ5125CA70144,text/html,GET,2026-08-29T13:24:51+00:00
https://www.microchip.com/en-us/product/PIC32CZ8110CA80100,403,blocked,403,https://www.microchip.com/en-us/product/PIC32CZ8110CA80100,text/html,GET,2026-08-29T13:24:53+00:00
https://www.microchip.com/en-us/product/PIC32CZ8110CA80144,403,blocked,403,https://www.microchip.com/en-us/product/PIC32CZ8110CA80144,text/html,GET,2026-08-29T13:24:53+00:00
https://www.microchip.com/en-us/product/PIC32CZ8110CA80176,403,blocked,403,https://www.microchip.com/en-us/product/PIC32CZ8110CA80176,text/html,GET,2026-08-29T13:24:53+00:00
https://www.microchip.com/en-us/product/PIC32CZ8110CA80208,403,blocked,403,https://www.microchip.com/en-us/product/PIC32CZ8110CA80208,text/html,GET,2026-08-29T13:24:53+00:00
https://www.microchip.com/en-us/product/PIC32CZ8110CA90100,403,blocked,403,https://www.microchip.com/en-us/product/PIC32CZ8110CA90100,text/html,GET,2026-08-29T13:24:54+00:00
https://www.microchip.com/en-us/product/PIC32CZ8110CA90144,403,blocked,403,https://www.microchip.com/en-us/product/PIC32CZ8110CA90144,text/html,GET,2026-08-29T13:24:54+00:00
https://www.microchip.com/en-us/product/PIC32CZ8110CA90176,403,blocked,403,https://www.microchip.com/en-us/product/PIC32CZ8110CA90176,text/html,GET,2026-08-29T13:24:55+00:00
https://www.microchip.com/en-us/product/PIC32CZ8110CA90208,403,blocked,403,https://www.microchip.com/en-us/product/PIC32CZ8110CA90208,text/html,GET,2026-08-29T13:24:55+00:00
https://www.microchip.com/en-us/product/PIC32WM_BZ3601,403,blocked,403,https://www.microchip.com/en-us/product/PIC32WM_BZ3601,text/html,GET,2026-08-29T13:24:45+00:00
https://www.microchip.com/en-us/product/PIC32WM_BZ3601_SL3,403,blocked,403,https://www.microchip.com/en-us/product/PIC32WM_BZ3601_SL3,text/html,GET,2026-08-29T13:24:45+00:00
https://www.microchip.com/en-us/product/PIC32WM_BZ3602,403,blocked,403,https://www.microchip.com/en-us/product/PIC32WM_BZ3602,text/html,GET,2026-08-29T13:24:46+00:00
https://www.microchip.com/en-us/product/PIC32WM_BZ3602_SL3,403,blocked,403,https://www.microchip.com/en-us/product/PIC32WM_BZ3602_SL3,text/html,GET,2026-08-29T13:24:46+00:00
https://www.microchip.com/en-us/product/WBZ350,403,blocked,403,https://www.microchip.com/en-us/product/WBZ350,text/html,GET,2026-08-29T13:24:46+00:00
https://www.microchip.com/en-us/product/WBZ350_SL3,403,blocked,403,https://www.microchip.com/en-us/product/WBZ350_SL3,text/html,GET,2026-08-29T13:24:46+00:00
https://www.microchip.com/en-us/product/WBZ351,403,blocked,403,https://www.microchip.com/en-us/product/WBZ351,text/html,GET,2026-08-29T13:24:46+00:00
https://www.microchip.com/en-us/product/WBZ351_SL3,403,blocked,403,https://www.microchip.com/en-us/product/WBZ351_SL3,text/html,GET,2026-08-29T13:24:46+00:00
https://www.microchip.com/wwwproducts/Devices.aspx?product=ATSAMD09C13A,403,blocked,403,https://www.microchip.com/wwwproducts/Devices.aspx?product=ATSAMD09C13A,text/html,GET,2026-08-29T13:24:58+00:00
https://www.microchip.com/wwwproducts/Devices.aspx?product=ATSAMD09D14A,403,blocked,403,https://www.microchip.com/wwwproducts/Devices.aspx?product=ATSAMD09D14A,text/html,GET,2026-08-29T13:24:59+00:00
https://www.microchip.com/wwwproducts/Devices.aspx?product=ATSAMD10C13A,403,blocked,403,https://www.microchip.com/wwwproducts/Devices.aspx?product=ATSAMD10C13A,text/html,GET,2026-08-29T13:24:59+00:00
https://www.microchip.com/wwwproducts/Devices.aspx?product=ATSAMD10C14A,403,blocked,403,https://www.microchip.com/wwwproducts/Devices.aspx?product=ATSAMD10C14A,text/html,GET,2026-08-29T13:24:59+00:00
https://www.microchip.com/wwwproducts/Devices.aspx?product=ATSAMD10D13AM,403,blocked,403,https://www.microchip.com/wwwproducts/Devices.aspx?product=ATSAMD10D13AM,text/html,GET,2026-08-29T13:24:59+00:00
https://www.microchip.com/wwwproducts/Devices.aspx?product=ATSAMD10D13AS,403,blocked,403,https://www.microchip.com/wwwproducts/Devices.aspx?product=ATSAMD10D13AS,text/html,GET,2026-08-29T13:24:59+00:00
https://www.microchip.com/wwwproducts/Devices.aspx?product=ATSAMD10D14AM,403,blocked,403,https://www.microchip.com/wwwproducts/Devices.aspx?product=ATSAMD10D14AM,text/html,GET,2026-08-29T13:25:00+00:00
https://www.microchip.com/wwwproducts/Devices.aspx?product=ATSAMD10D14AS,403,blocked,403,https://www.microchip.com/wwwproducts/Devices.aspx?product=ATSAMD10D14AS,text/html,GET,2026-08-29T13:25:00+00:00
https://www.microchip.com/wwwproducts/Devices.aspx?product=ATSAMD10D14AU,403,blocked,403,https://www.microchip.com/wwwproducts/Devices.aspx?product=ATSAMD10D14AU,text/html,GET,2026-08-29T13:25:00+00:00
https://www.microchip.com/wwwproducts/Devices.aspx?product=ATSAML11D14A,403,blocked,403,https://www.microchip.com/wwwproducts/Devices.aspx?product=ATSAML11D14A,text/html,GET,2026-08-29T13:25:22+00:00
https://www.microchip.com/wwwproducts/Devices.aspx?product=ATSAML11D15A,403,blocked,403,https://www.microchip.com/wwwproducts/Devices.aspx?product=ATSAML11D15A,text/html,GET,2026-08-29T13:25:23+00:00
https://www.microchip.com/wwwproducts/Devices.aspx?product=ATSAML11D16A,403,blocked,403,https://www.microchip.com/wwwproducts/Devices.aspx?product=ATSAML11D16A,text/html,GET,2026-08-29T13:25:23+00:00
https://www.microchip.com/wwwproducts/Devices.aspx?product=ATSAML11E14A,403,blocked,403,https://www.microchip.com/wwwproducts/Devices.aspx?product=ATSAML11E14A,text/html,GET,2026-08-29T13:25:23+00:00
https://www.microchip.com/wwwproducts/Devices.aspx?product=ATSAML11E15A,403,blocked,403,https://www.microchip.com/wwwproducts/Devices.aspx?product=ATSAML11E15A,text/html,GET,2026-08-29T13:25:23+00:00
https://www.microchip.com/wwwproducts/Devices.aspx?product=ATSAML11E16A,403,blocked,403,https://www.microchip.com/wwwproducts/Devices.aspx?product=ATSAML11E16A,text/html,GET,2026-08-29T13:25:24+00:00
https://www.microchip.com/wwwproducts/Devices.aspx?product=ATSAMR30E18A,403,blocked,403,https://www.microchip.com/wwwproducts/Devices.aspx?product=ATSAMR30E18A,text/html,GET,2026-08-29T13:25:26+00:00
https://www.microchip.com/wwwproducts/Devices.aspx?product=ATSAMR30G18A,403,blocked,403,https://www.microchip.com/wwwproducts/Devices.aspx?product=ATSAMR30G18A,text/html,GET,2026-08-29T13:25:26+00:00
https://www.microchip.com/wwwproducts/Devices.aspx?product=PIC32CM1216LS00032,403,blocked,403,https://www.microchip.com/wwwproducts/Devices.aspx?product=PIC32CM1216LS00032,text/html,GET,2026-08-29T13:24:37+00:00
https://www.microchip.com/wwwproducts/Devices.aspx?product=PIC32CM1216LS00048,403,blocked,403,https://www.microchip.com/wwwproducts/Devices.aspx?product=PIC32CM1216LS00048,text/html,GET,2026-08-29T13:24:37+00:00
https://www.microchip.com/wwwproducts/Devices.aspx?product=PIC32CM2532LS00048,403,blocked,403,https://www.microchip.com/wwwproducts/Devices.aspx?product=PIC32CM2532LS00048,text/html,GET,2026-08-29T13:24:37+00:00
https://www.microchip.com/wwwproducts/Devices.aspx?product=PIC32CM2532LS00064,403,blocked,403,https://www.microchip.com/wwwproducts/Devices.aspx?product=PIC32CM2532LS00064,text/html,GET,2026-08-29T13:24:37+00:00
https://www.microchip.com/wwwproducts/Devices.aspx?product=PIC32CM2532LS00100,403,blocked,403,https://www.microchip.com/wwwproducts/Devices.aspx?product=PIC32CM2532LS00100,text/html,GET,2026-08-29T13:24:38+00:00
https://www.microchip.com/wwwproducts/Devices.aspx?product=PIC32CM5164LS00048,403,blocked,403,https://www.microchip.com/wwwproducts/Devices.aspx?product=PIC32CM5164LS00048,text/html,GET,2026-08-29T13:24:38+00:00
https://www.microchip.com/wwwproducts/Devices.aspx?product=PIC32CM5164LS00064,403,blocked,403,https://www.microchip.com/wwwproducts/Devices.aspx?product=PIC32CM5164LS00064,text/html,GET,2026-08-29T13:24:38+00:00
https://www.microchip.com/wwwproducts/Devices.aspx?product=PIC32CM5164LS00100,403,blocked,403,https://www.microchip.com/wwwproducts/Devices.aspx?product=PIC32CM5164LS00100,text/html,GET,2026-08-29T13:24:39+00:00
https://www.microchip.com/wwwproducts/Devices.aspx?product=PIC32CM5164LS60048,403,blocked,403,https://www.microchip.com/wwwproducts/Devices.aspx?product=PIC32CM5164LS60048,text/html,GET,2026-08-29T13:24:39+00:00
https://www.microchip.com/wwwproducts/Devices.aspx?product=PIC32CM5164LS60064,403,blocked,403,https://www.microchip.com/wwwproducts/Devices.aspx?product=PIC32CM5164LS60064,text/html,GET,2026-08-29T13:24:39+00:00
https://www.microchip.com/wwwproducts/Devices.aspx?product=PIC32CM5164LS60100,403,blocked,403,https://www.microchip.com/wwwproducts/Devices.aspx?product=PIC32CM5164LS60100,text/html,GET,2026-08-29T13:24:39+00:00
https://www.microchip.com/wwwproducts/productds/ATSAMD09C13A,403,blocked,403,https://www.microchip.com/wwwproducts/productds/ATSAMD09C13A,text/html,GET,2026-08-29T13:24:58+00:00
https://www.microchip.com/wwwproducts/productds/ATSAMD09D14A,403,blocked,403,https://www.microchip.com/wwwproducts/productds/ATSAMD09D14A,text/html,GET,2026-08-29T13:24:59+00:00
https://www.microchip.com/wwwproducts/productds/ATSAMD10C13A,403,blocked,403,https://www.microchip.com/wwwproducts/productds/ATSAMD10C13A,text/html,GET,2026-08-29T13:24:59+00:00
https://www.microchip.com/wwwproducts/productds/ATSAMD10C14A,403,blocked,403,https://www.microchip.com/wwwproducts/productds/ATSAMD10C14A,text/html,GET,2026-08-29T13:24:59+00:00
https://www.microchip.com/wwwproducts/productds/ATSAMD10D13AM,403,blocked,403,https://www.microchip.com/wwwproducts/productds/ATSAMD10D13AM,text/html,GET,2026-08-29T13:24:59+00:00
https://www.microchip.com/wwwproducts/productds/ATSAMD10D13AS,403,blocked,403,https://www.microchip.com/wwwproducts/productds/ATSAMD10D13AS,text/html,GET,2026-08-29T13:25:00+00:00
https://www.microchip.com/wwwproducts/productds/ATSAMD10D14AM,403,blocked,403,https://www.microchip.com/wwwproducts/productds/ATSAMD10D14AM,text/html,GET,2026-08-29T13:25:00+00:00
https://www.microchip.com/wwwproducts/productds/ATSAMD10D14AS,403,blocked,403,https://www.microchip.com/wwwproducts/productds/ATSAMD10D14AS,text/html,GET,2026-08-29T13:25:00+00:00
https://www.microchip.com/wwwproducts/productds/ATSAMD10D14AU,403,blocked,403,https://www.microchip.com/wwwproducts/productds/ATSAMD10D14AU,text/html,GET,2026-08-29T13:25:00+00:00
https://www.microchip.com/wwwproducts/productds/ATSAML11D14A,403,blocked,403,https://www.microchip.com/wwwproducts/productds/ATSAML11D14A,text/html,GET,2026-08-29T13:25:23+00:00
https://www.microchip.com/wwwproducts/productds/ATSAML11D15A,403,blocked,403,https://www.microchip.com/wwwproducts/productds/ATSAML11D15A,text/html,GET,2026-08-29T13:25:23+00:00
https://www.microchip.com/wwwproducts/productds/ATSAML11D16A,403,blocked,403,https://www.microchip.com/wwwproducts/productds/ATSAML11D16A,text/html,GET,2026-08-29T13:25:23+00:00
https://www.microchip.com/wwwproducts/productds/ATSAML11E14A,403,blocked,403,https://www.microchip.com/wwwproducts/productds/ATSAML11E14A,text/html,GET,2026-08-29T13:25:23+00:00
https://www.microchip.com/wwwproducts/productds/ATSAML11E15A,403,blocked,403,https://www.microchip.com/wwwproducts/productds/ATSAML11E15A,text/html,GET,2026-08-29T13:25:23+00:00
https://www.microchip.com/wwwproducts/productds/ATSAML11E16A,403,blocked,403,https://www.microchip.com/wwwproducts/productds/ATSAML11E16A,text/html,GET,2026-08-29T13:25:24+00:00
https://www.microchip.com/wwwproducts/productds/ATSAMR30E18A,403,blocked,403,https://www.microchip.com/wwwproducts/productds/ATSAMR30E18A,text/html,GET,2026-08-29T13:25:26+00:00
https://www.microchip.com/wwwproducts/productds/ATSAMR30G18A,403,blocked,403,https://www.microchip.com/wwwproducts/productds/ATSAMR30G18A,text/html,GET,2026-08-29T13:25:26+00:00
https://www.microchip.com/wwwproducts/productds/PIC32CM1216LS00032,403,blocked,403,https://www.microchip.com/wwwproducts/productds/PIC32CM1216LS00032,text/html,GET,2026-08-29T13:24:37+00:00
https://www.microchip.com/wwwproducts/productds/PIC32CM1216LS00048,403,blocked,403,https://www.microchip.com/wwwproducts/productds/PIC32CM1216LS00048,text/html,GET,2026-08-29T13:24:37+00:00
https://www.microchip.com/wwwproducts/productds/PIC32CM2532LS00048,403,blocked,403,https://www.microchip.com/wwwproducts/productds/PIC32CM2532LS00048,text/html,GET,2026-08-29T13:24:37+00:00
https://www.microchip.com/wwwproducts/productds/PIC32CM2532LS00064,403,blocked,403,https://www.microchip.com/wwwproducts/productds/PIC32CM2532LS00064,text/html,GET,2026-08-29T13:24:38+00:00
https://www.microchip.com/wwwproducts/productds/PIC32CM2532LS00100,403,blocked,403,https://www.microchip.com/wwwproducts/productds/PIC32CM2532LS00100,text/html,GET,2026-08-29T13:24:38+00:00
https://www.microchip.com/wwwproducts/productds/PIC32CM5164LS00048,403,blocked,403,https://www.microchip.com/wwwproducts/productds/PIC32CM5164LS00048,text/html,GET,2026-08-29T13:24:38+00:00
https://www.microchip.com/wwwproducts/productds/PIC32CM5164LS00064,403,blocked,403,https://www.microchip.com/wwwproducts/productds/PIC32CM5164LS00064,text/html,GET,2026-08-29T13:24:38+00:00
https://www.microchip.com/wwwproducts/productds/PIC32CM5164LS00100,403,blocked,403,https://www.microchip.com/wwwproducts/productds/PIC32CM5164LS00100,text/html,GET,2026-08-29T13:24:39+00:00
https://www.microchip.com/wwwproducts/productds/PIC32CM5164LS60048,403,blocked,403,https://www.microchip.com/wwwproducts/productds/PIC32CM5164LS60048,text/html,GET,2026-08-29T13:24:39+00:00
https://www.microchip.com/wwwproducts/productds/PIC32CM5164LS60064,403,blocked,403,https://www.microchip.com/wwwproducts/productds/PIC32CM5164LS60064,text/html,GET,2026-08-29T13:24:39+00:00
https://www.microchip.com/wwwproducts/productds/PIC32CM5164LS60100,403,blocked,403,https://www.microchip.com/wwwproducts/productds/PIC32CM5164LS60100,text/html,GET,2026-08-29T13:24:39+00:00
https://www.mindmotion.com.cn/download1.aspx?itemid=1001&typeid=5,200,valid,http_ok,https://www.mindmotion.com.cn/download1.aspx?itemid=1001&typeid=5,application/octet-stream; charset=utf-8,HEAD,2026-08-29T13:25:29+00:00
https://www.mindmotion.com.cn/download1.aspx?itemid=1002&typeid=5,200,valid,http_ok,https://www.mindmotion.com.cn/download1.aspx?itemid=1002&typeid=5,application/octet-stream; charset=utf-8,HEAD,2026-08-29T13:25:29+00:00
https://www.mindmotion.com.cn/download1.aspx?itemid=1003&typeid=5,200,valid,http_ok,https://www.mindmotion.com.cn/download1.aspx?itemid=1003&typeid=5,application/octet-stream; charset=utf-8,HEAD,2026-08-29T13:25:34+00:00
https://www.mindmotion.com.cn/download1.aspx?itemid=1004&typeid=5,200,valid,http_ok,https://www.mindmotion.com.cn/download1.aspx?itemid=1004&typeid=5,application/octet-stream; charset=utf-8,HEAD,2026-08-29T13:25:34+00:00
https://www.mindmotion.com.cn/download1.aspx?itemid=1571&typeid=5,200,valid,http_ok,https://www.mindmotion.com.cn/download1.aspx?itemid=1571&typeid=5,application/octet-stream; charset=utf-8,HEAD,2026-08-29T13:25:30+00:00
https://www.mindmotion.com.cn/download1.aspx?itemid=1572&typeid=5,200,valid,http_ok,https://www.mindmotion.com.cn/download1.aspx?itemid=1572&typeid=5,application/octet-stream; charset=utf-8,HEAD,2026-08-29T13:25:30+00:00
https://www.mindmotion.com.cn/download1.aspx?itemid=1576&typeid=5,200,valid,http_ok,https://www.mindmotion.com.cn/download1.aspx?itemid=1576&typeid=5,application/octet-stream; charset=utf-8,HEAD,2026-08-29T13:25:39+00:00
https://www.mindmotion.com.cn/download1.aspx?itemid=1577&typeid=5,200,valid,http_ok,https://www.mindmotion.com.cn/download1.aspx?itemid=1577&typeid=5,application/octet-stream; charset=utf-8,HEAD,2026-08-29T13:25:39+00:00
https://www.mindmotion.com.cn/download1.aspx?itemid=1580&typeid=5,200,valid,http_ok,https://www.mindmotion.com.cn/download1.aspx?itemid=1580&typeid=5,application/octet-stream; charset=utf-8,HEAD,2026-08-29T13:25:40+00:00
https://www.mindmotion.com.cn/download1.aspx?itemid=1581&typeid=5,200,valid,http_ok,https://www.mindmotion.com.cn/download1.aspx?itemid=1581&typeid=5,application/octet-stream; charset=utf-8,HEAD,2026-08-29T13:25:40+00:00
https://www.mindmotion.com.cn/download1.aspx?itemid=1582&typeid=5,200,valid,http_ok,https://www.mindmotion.com.cn/download1.aspx?itemid=1582&typeid=5,application/octet-stream; charset=utf-8,HEAD,2026-08-29T13:25:40+00:00
https://www.mindmotion.com.cn/download1.aspx?itemid=1583&typeid=5,200,valid,http_ok,https://www.mindmotion.com.cn/download1.aspx?itemid=1583&typeid=5,application/octet-stream; charset=utf-8,HEAD,2026-08-29T13:25:52+00:00
https://www.mindmotion.com.cn/download1.aspx?itemid=168&typeid=5,200,valid,http_ok,https://www.mindmotion.com.cn/download1.aspx?itemid=168&typeid=5,application/octet-stream; charset=utf-8,HEAD,2026-08-29T13:25:29+00:00
https://www.mindmotion.com.cn/download1.aspx?itemid=169&typeid=5,200,valid,http_ok,https://www.mindmotion.com.cn/download1.aspx?itemid=169&typeid=5,application/octet-stream; charset=utf-8,HEAD,2026-08-29T13:25:29+00:00
https://www.mindmotion.com.cn/download1.aspx?itemid=2153&typeid=5,200,valid,http_ok,https://www.mindmotion.com.cn/download1.aspx?itemid=2153&typeid=5,application/octet-stream; charset=utf-8,HEAD,2026-08-29T13:25:34+00:00
https://www.mindmotion.com.cn/download1.aspx?itemid=2155&typeid=5,200,valid,http_ok,https://www.mindmotion.com.cn/download1.aspx?itemid=2155&typeid=5,application/octet-stream; charset=utf-8,HEAD,2026-08-29T13:25:38+00:00
https://www.mindmotion.com.cn/download1.aspx?itemid=2184&typeid=5,200,valid,http_ok,https://www.mindmotion.com.cn/download1.aspx?itemid=2184&typeid=5,application/octet-stream; charset=utf-8,HEAD,2026-08-29T13:25:39+00:00
https://www.mindmotion.com.cn/download1.aspx?itemid=2199&typeid=5,200,valid,http_ok,https://www.mindmotion.com.cn/download1.aspx?itemid=2199&typeid=5,application/octet-stream; charset=utf-8,HEAD,2026-08-29T13:25:38+00:00
https://www.mindmotion.com.cn/download1.aspx?itemid=2200&typeid=5,200,valid,http_ok,https://www.mindmotion.com.cn/download1.aspx?itemid=2200&typeid=5,application/ms-download; charset=utf-8,HEAD,2026-08-29T13:25:38+00:00
https://www.mindmotion.com.cn/download1.aspx?itemid=2203&typeid=5,200,valid,http_ok,https://www.mindmotion.com.cn/download1.aspx?itemid=2203&typeid=5,application/octet-stream; charset=utf-8,HEAD,2026-08-29T13:25:38+00:00
https://www.mindmotion.com.cn/download1.aspx?itemid=2208&typeid=5,200,valid,http_ok,https://www.mindmotion.com.cn/download1.aspx?itemid=2208&typeid=5,application/octet-stream; charset=utf-8,HEAD,2026-08-29T13:25:34+00:00
https://www.mindmotion.com.cn/download1.aspx?itemid=2213&typeid=5,200,valid,http_ok,https://www.mindmotion.com.cn/download1.aspx?itemid=2213&typeid=5,application/octet-stream; charset=utf-8,HEAD,2026-08-29T13:25:39+00:00
https://www.mindmotion.com.cn/download1.aspx?itemid=2247&typeid=5,200,valid,http_ok,https://www.mindmotion.com.cn/download1.aspx?itemid=2247&typeid=5,application/octet-stream; charset=utf-8,HEAD,2026-08-29T13:25:39+00:00
https://www.mindmotion.com.cn/download1.aspx?itemid=2629&typeid=5,200,valid,http_ok,https://www.mindmotion.com.cn/download1.aspx?itemid=2629&typeid=5,application/octet-stream; charset=utf-8,HEAD,2026-08-29T13:25:38+00:00
https://www.mindmotion.com.cn/download1.aspx?itemid=2630&typeid=5,200,valid,http_ok,https://www.mindmotion.com.cn/download1.aspx?itemid=2630&typeid=5,application/octet-stream; charset=utf-8,HEAD,2026-08-29T13:25:39+00:00
https://www.mindmotion.com.cn/download1.aspx?itemid=299&typeid=5,200,valid,http_ok,https://www.mindmotion.com.cn/download1.aspx?itemid=299&typeid=5,application/octet-stream; charset=utf-8,HEAD,2026-08-29T13:25:34+00:00
https://www.mindmotion.com.cn/download1.aspx?itemid=300&typeid=5,200,valid,http_ok,https://www.mindmotion.com.cn/download1.aspx?itemid=300&typeid=5,application/octet-stream; charset=utf-8,HEAD,2026-08-29T13:25:34+00:00
https://www.mindmotion.com.cn/download1.aspx?itemid=304&typeid=5,200,valid,http_ok,https://www.mindmotion.com.cn/download1.aspx?itemid=304&typeid=5,application/octet-stream; charset=utf-8,HEAD,2026-08-29T13:25:30+00:00
https://www.mindmotion.com.cn/download1.aspx?itemid=305&typeid=5,200,valid,http_ok,https://www.mindmotion.com.cn/download1.aspx?itemid=305&typeid=5,application/octet-stream; charset=utf-8,HEAD,2026-08-29T13:25:30+00:00
https://www.mindmotion.com.cn/download1.aspx?itemid=3158&typeid=5,200,valid,http_ok,https://www.mindmotion.com.cn/download1.aspx?itemid=3158&typeid=5,application/ms-download; charset=utf-8,HEAD,2026-08-29T13:25:38+00:00
https://www.mindmotion.com.cn/download1.aspx?itemid=324&typeid=5,200,valid,http_ok,https://www.mindmotion.com.cn/download1.aspx?itemid=324&typeid=5,application/octet-stream; charset=utf-8,HEAD,2026-08-29T13:25:39+00:00
https://www.mindmotion.com.cn/download1.aspx?itemid=325&typeid=5,200,valid,http_ok,https://www.mindmotion.com.cn/download1.aspx?itemid=325&typeid=5,application/octet-stream; charset=utf-8,HEAD,2026-08-29T13:25:39+00:00
https://www.mindmotion.com.cn/download1.aspx?itemid=328&typeid=5,200,valid,http_ok,https://www.mindmotion.com.cn/download1.aspx?itemid=328&typeid=5,application/octet-stream; charset=utf-8,HEAD,2026-08-29T13:25:40+00:00
https://www.mindmotion.com.cn/download1.aspx?itemid=329&typeid=5,200,valid,http_ok,https://www.mindmotion.com.cn/download1.aspx?itemid=329&typeid=5,application/octet-stream; charset=utf-8,HEAD,2026-08-29T13:25:40+00:00
https://www.mindmotion.com.cn/download1.aspx?itemid=3319&typeid=5,200,valid,http_ok,https://www.mindmotion.com.cn/download1.aspx?itemid=3319&typeid=5,application/octet-stream; charset=utf-8,HEAD,2026-08-29T13:25:40+00:00
https://www.mindmotion.com.cn/download1.aspx?itemid=332&typeid=5,200,valid,http_ok,https://www.mindmotion.com.cn/download1.aspx?itemid=332&typeid=5,application/octet-stream; charset=utf-8,HEAD,2026-08-29T13:25:52+00:00
https://www.mindmotion.com.cn/download1.aspx?itemid=333&typeid=5,200,valid,http_ok,https://www.mindmotion.com.cn/download1.aspx?itemid=333&typeid=5,application/octet-stream; charset=utf-8,HEAD,2026-08-29T13:25:53+00:00
https://www.mindmotion.com.cn/download1.aspx?itemid=3335&typeid=5,200,valid,http_ok,https://www.mindmotion.com.cn/download1.aspx?itemid=3335&typeid=5,application/octet-stream; charset=utf-8,HEAD,2026-08-29T13:25:52+00:00
https://www.mindmotion.com.cn/download1.aspx?itemid=4168&typeid=5,200,valid,http_ok,https://www.mindmotion.com.cn/download1.aspx?itemid=4168&typeid=5,application/octet-stream; charset=utf-8,HEAD,2026-08-29T13:25:39+00:00
https://www.mindmotion.com.cn/download1.aspx?itemid=4169&typeid=5,200,valid,http_ok,https://www.mindmotion.com.cn/download1.aspx?itemid=4169&typeid=5,application/octet-stream; charset=utf-8,HEAD,2026-08-29T13:25:40+00:00
https://www.mindmotion.com.cn/download1.aspx?itemid=5844&typeid=1,200,valid,http_ok,https://www.mindmotion.com.cn/download1.aspx?itemid=5844&typeid=1,application/octet-stream; charset=utf-8,HEAD,2026-08-29T13:25:30+00:00
https://www.mindmotion.com.cn/download1.aspx?itemid=5845&typeid=1,200,valid,http_ok,https://www.mindmotion.com.cn/download1.aspx?itemid=5845&typeid=1,application/octet-stream; charset=utf-8,HEAD,2026-08-29T13:25:30+00:00
https://www.mindmotion.com.cn/download1.aspx?itemid=5856&typeid=1,200,valid,http_ok,https://www.mindmotion.com.cn/download1.aspx?itemid=5856&typeid=1,application/octet-stream; charset=utf-8,HEAD,2026-08-29T13:25:34+00:00
https://www.mindmotion.com.cn/download1.aspx?itemid=5857&typeid=1,200,valid,http_ok,https://www.mindmotion.com.cn/download1.aspx?itemid=5857&typeid=1,application/octet-stream; charset=utf-8,HEAD,2026-08-29T13:25:34+00:00
https://www.mindmotion.com.cn/download1.aspx?itemid=5858&typeid=1,200,valid,http_ok,https://www.mindmotion.com.cn/download1.aspx?itemid=5858&typeid=1,application/octet-stream; charset=utf-8,HEAD,2026-08-29T13:25:34+00:00
https://www.mindmotion.com.cn/download1.aspx?itemid=5862&typeid=1,200,valid,http_ok,https://www.mindmotion.com.cn/download1.aspx?itemid=5862&typeid=1,application/octet-stream; charset=utf-8,HEAD,2026-08-29T13:25:34+00:00
https://www.mindmotion.com.cn/download1.aspx?itemid=5863&typeid=1,200,valid,http_ok,https://www.mindmotion.com.cn/download1.aspx?itemid=5863&typeid=1,application/octet-stream; charset=utf-8,HEAD,2026-08-29T13:25:34+00:00
https://www.mindmotion.com.cn/download1.aspx?itemid=5864&typeid=1,200,valid,http_ok,https://www.mindmotion.com.cn/download1.aspx?itemid=5864&typeid=1,application/octet-stream; charset=utf-8,HEAD,2026-08-29T13:25:34+00:00
https://www.mindmotion.com.cn/download1.aspx?itemid=5869&typeid=1,200,valid,http_ok,https://www.mindmotion.com.cn/download1.aspx?itemid=5869&typeid=1,application/octet-stream; charset=utf-8,HEAD,2026-08-29T13:25:38+00:00
https://www.mindmotion.com.cn/download1.aspx?itemid=5873&typeid=1,200,valid,http_ok,https://www.mindmotion.com.cn/download1.aspx?itemid=5873&typeid=1,application/octet-stream; charset=utf-8,HEAD,2026-08-29T13:25:38+00:00
https://www.mindmotion.com.cn/download1.aspx?itemid=5874&typeid=1,200,valid,http_ok,https://www.mindmotion.com.cn/download1.aspx?itemid=5874&typeid=1,application/octet-stream; charset=utf-8,HEAD,2026-08-29T13:25:38+00:00
https://www.mindmotion.com.cn/download1.aspx?itemid=5875&typeid=1,200,valid,http_ok,https://www.mindmotion.com.cn/download1.aspx?itemid=5875&typeid=1,application/octet-stream; charset=utf-8,HEAD,2026-08-29T13:25:38+00:00
https://www.mindmotion.com.cn/download1.aspx?itemid=5883&typeid=1,200,valid,http_ok,https://www.mindmotion.com.cn/download1.aspx?itemid=5883&typeid=1,application/octet-stream; charset=utf-8,HEAD,2026-08-29T13:25:39+00:00
https://www.mindmotion.com.cn/download1.aspx?itemid=5884&typeid=1,200,valid,http_ok,https://www.mindmotion.com.cn/download1.aspx?itemid=5884&typeid=1,application/octet-stream; charset=utf-8,HEAD,2026-08-29T13:25:39+00:00
https://www.mindmotion.com.cn/download1.aspx?itemid=5885&typeid=1,200,valid,http_ok,https://www.mindmotion.com.cn/download1.aspx?itemid=5885&typeid=1,application/octet-stream; charset=utf-8,HEAD,2026-08-29T13:25:39+00:00
https://www.mindmotion.com.cn/download1.aspx?itemid=5887&typeid=1,200,valid,http_ok,https://www.mindmotion.com.cn/download1.aspx?itemid=5887&typeid=1,application/octet-stream; charset=utf-8,HEAD,2026-08-29T13:25:39+00:00
https://www.mindmotion.com.cn/download1.aspx?itemid=5890&typeid=1,200,valid,http_ok,https://www.mindmotion.com.cn/download1.aspx?itemid=5890&typeid=1,application/octet-stream; charset=utf-8,HEAD,2026-08-29T13:25:39+00:00
https://www.mindmotion.com.cn/download1.aspx?itemid=5891&typeid=1,200,valid,http_ok,https://www.mindmotion.com.cn/download1.aspx?itemid=5891&typeid=1,application/octet-stream; charset=utf-8,HEAD,2026-08-29T13:25:39+00:00
https://www.mindmotion.com.cn/download1.aspx?itemid=5892&typeid=1,200,valid,http_ok,https://www.mindmotion.com.cn/download1.aspx?itemid=5892&typeid=1,application/octet-stream; charset=utf-8,HEAD,2026-08-29T13:25:39+00:00
https://www.mindmotion.com.cn/download1.aspx?itemid=5904&typeid=1,200,valid,http_ok,https://www.mindmotion.com.cn/download1.aspx?itemid=5904&typeid=1,application/octet-stream; charset=utf-8,HEAD,2026-08-29T13:25:30+00:00
https://www.mindmotion.com.cn/download1.aspx?itemid=5905&typeid=1,200,valid,http_ok,https://www.mindmotion.com.cn/download1.aspx?itemid=5905&typeid=1,application/octet-stream; charset=utf-8,HEAD,2026-08-29T13:25:30+00:00
https://www.mindmotion.com.cn/download1.aspx?itemid=5942&typeid=1,200,valid,http_ok,https://www.mindmotion.com.cn/download1.aspx?itemid=5942&typeid=1,application/octet-stream; charset=utf-8,HEAD,2026-08-29T13:25:39+00:00
https://www.mindmotion.com.cn/download1.aspx?itemid=5947&typeid=1,200,valid,http_ok,https://www.mindmotion.com.cn/download1.aspx?itemid=5947&typeid=1,application/octet-stream; charset=utf-8,HEAD,2026-08-29T13:25:39+00:00
https://www.mindmotion.com.cn/download1.aspx?itemid=5963&typeid=1,200,valid,http_ok,https://www.mindmotion.com.cn/download1.aspx?itemid=5963&typeid=1,application/octet-stream; charset=utf-8,HEAD,2026-08-29T13:25:40+00:00
https://www.mindmotion.com.cn/download1.aspx?itemid=5964&typeid=1,200,valid,http_ok,https://www.mindmotion.com.cn/download1.aspx?itemid=5964&typeid=1,application/octet-stream; charset=utf-8,HEAD,2026-08-29T13:25:40+00:00
https://www.mindmotion.com.cn/download1.aspx?itemid=5965&typeid=1,200,valid,http_ok,https://www.mindmotion.com.cn/download1.aspx?itemid=5965&typeid=1,application/octet-stream; charset=utf-8,HEAD,2026-08-29T13:25:40+00:00
https://www.mindmotion.com.cn/download1.aspx?itemid=5966&typeid=1,200,valid,http_ok,https://www.mindmotion.com.cn/download1.aspx?itemid=5966&typeid=1,application/octet-stream; charset=utf-8,HEAD,2026-08-29T13:25:40+00:00
https://www.mindmotion.com.cn/download1.aspx?itemid=5967&typeid=1,200,valid,http_ok,https://www.mindmotion.com.cn/download1.aspx?itemid=5967&typeid=1,application/octet-stream; charset=utf-8,HEAD,2026-08-29T13:25:40+00:00
https://www.mindmotion.com.cn/download1.aspx?itemid=5968&typeid=1,200,valid,http_ok,https://www.mindmotion.com.cn/download1.aspx?itemid=5968&typeid=1,application/octet-stream; charset=utf-8,HEAD,2026-08-29T13:25:52+00:00
https://www.mindmotion.com.cn/download1.aspx?itemid=5969&typeid=1,200,valid,http_ok,https://www.mindmotion.com.cn/download1.aspx?itemid=5969&typeid=1,application/octet-stream; charset=utf-8,HEAD,2026-08-29T13:25:52+00:00
https://www.mindmotion.com.cn/download1.aspx?itemid=5977&typeid=1,200,valid,http_ok,https://www.mindmotion.com.cn/download1.aspx?itemid=5977&typeid=1,application/octet-stream; charset=utf-8,HEAD,2026-08-29T13:25:53+00:00
https://www.mindmotion.com.cn/download1.aspx?itemid=5979&typeid=1,200,valid,http_ok,https://www.mindmotion.com.cn/download1.aspx?itemid=5979&typeid=1,application/octet-stream; charset=utf-8,HEAD,2026-08-29T13:25:53+00:00
https://www.mindmotion.com.cn/download1.aspx?itemid=5980&typeid=1,200,valid,http_ok,https://www.mindmotion.com.cn/download1.aspx?itemid=5980&typeid=1,application/octet-stream; charset=utf-8,HEAD,2026-08-29T13:25:53+00:00
https://www.mindmotion.com.cn/download1.aspx?itemid=6251&typeid=5,200,valid,http_ok,https://www.mindmotion.com.cn/download1.aspx?itemid=6251&typeid=5,application/octet-stream; charset=utf-8,HEAD,2026-08-29T13:25:39+00:00
https://www.mindmotion.com.cn/download1.aspx?itemid=723&typeid=5,200,valid,http_ok,https://www.mindmotion.com.cn/download1.aspx?itemid=723&typeid=5,application/octet-stream; charset=utf-8,HEAD,2026-08-29T13:25:50+00:00
https://www.nuvoton.com/products/microcontrollers/arm-cortex-m0-mcus/m029g-m030g-m031g-series/m029ggc0ae/index.html,200,valid,http_ok,https://www.nuvoton.com/products/microcontrollers/arm-cortex-m0-mcus/m029g-m030g-m031g-series/m029ggc0ae/index.html,text/html;charset=UTF-8,HEAD,2026-08-29T13:25:53+00:00
https://www.nuvoton.com/products/microcontrollers/arm-cortex-m0-mcus/m029g-m030g-m031g-series/m030ggc1ae/index.html,200,valid,http_ok,https://www.nuvoton.com/products/microcontrollers/arm-cortex-m0-mcus/m029g-m030g-m031g-series/m030ggc1ae/index.html,text/html;charset=UTF-8,HEAD,2026-08-29T13:25:57+00:00
https://www.nuvoton.com/products/microcontrollers/arm-cortex-m0-mcus/m029g-m030g-m031g-series/m030ggd1ae/index.html,200,valid,http_ok,https://www.nuvoton.com/products/microcontrollers/arm-cortex-m0-mcus/m029g-m030g-m031g-series/m030ggd1ae/index.html,text/html;charset=UTF-8,HEAD,2026-08-29T13:25:58+00:00
https://www.nuvoton.com/products/microcontrollers/arm-cortex-m0-mcus/m029g-m030g-m031g-series/m030gtc1ae/index.html,200,valid,http_ok,https://www.nuvoton.com/products/microcontrollers/arm-cortex-m0-mcus/m029g-m030g-m031g-series/m030gtc1ae/index.html,text/html;charset=UTF-8,HEAD,2026-08-29T13:26:03+00:00
https://www.nuvoton.com/products/microcontrollers/arm-cortex-m0-mcus/m029g-m030g-m031g-series/m030gtd1ae/index.html,206,valid,http_ok,https://www.nuvoton.com/products/microcontrollers/arm-cortex-m0-mcus/m029g-m030g-m031g-series/m030gtd1ae/index.html,text/html;charset=UTF-8,GET,2026-08-29T13:26:03+00:00
https://www.nuvoton.com/products/microcontrollers/arm-cortex-m0-mcus/m029g-m030g-m031g-series/m031ggc2ae/index.html,200,valid,http_ok,https://www.nuvoton.com/products/microcontrollers/arm-cortex-m0-mcus/m029g-m030g-m031g-series/m031ggc2ae/index.html,text/html;charset=UTF-8,HEAD,2026-08-29T13:26:05+00:00
https://www.nuvoton.com/products/microcontrollers/arm-cortex-m0-mcus/m029g-m030g-m031g-series/m031ggd2ae/index.html,200,valid,http_ok,https://www.nuvoton.com/products/microcontrollers/arm-cortex-m0-mcus/m029g-m030g-m031g-series/m031ggd2ae/index.html,text/html;charset=UTF-8,HEAD,2026-08-29T13:26:07+00:00
https://www.nuvoton.com/products/microcontrollers/arm-cortex-m0-mcus/m029g-m030g-m031g-series/m031gtc2ae/index.html,200,valid,http_ok,https://www.nuvoton.com/products/microcontrollers/arm-cortex-m0-mcus/m029g-m030g-m031g-series/m031gtc2ae/index.html,text/html;charset=UTF-8,HEAD,2026-08-29T13:26:07+00:00
https://www.nuvoton.com/products/microcontrollers/arm-cortex-m0-mcus/m029g-m030g-m031g-series/m031gtd2ae/index.html,200,valid,http_ok,https://www.nuvoton.com/products/microcontrollers/arm-cortex-m0-mcus/m029g-m030g-m031g-series/m031gtd2ae/index.html,text/html;charset=UTF-8,HEAD,2026-08-29T13:26:07+00:00
https://www.nuvoton.com/products/microcontrollers/arm-cortex-m0-mcus/m031-series/m031eb0ae/index.html,200,valid,http_ok,https://www.nuvoton.com/products/microcontrollers/arm-cortex-m0-mcus/m031-series/m031eb0ae/index.html,text/html;charset=UTF-8,HEAD,2026-08-29T13:26:07+00:00
https://www.nuvoton.com/products/microcontrollers/arm-cortex-m0-mcus/m031-series/m031ec1ae/index.html,200,valid,http_ok,https://www.nuvoton.com/products/microcontrollers/arm-cortex-m0-mcus/m031-series/m031ec1ae/index.html,text/html;charset=UTF-8,HEAD,2026-08-29T13:26:07+00:00
https://www.nuvoton.com/products/microcontrollers/arm-cortex-m0-mcus/m031-series/m031fb0ae/index.html,200,valid,http_ok,https://www.nuvoton.com/products/microcontrollers/arm-cortex-m0-mcus/m031-series/m031fb0ae/index.html,text/html;charset=UTF-8,HEAD,2026-08-29T13:26:07+00:00
https://www.nuvoton.com/products/microcontrollers/arm-cortex-m0-mcus/m031-series/m031fc1ae/index.html,200,valid,http_ok,https://www.nuvoton.com/products/microcontrollers/arm-cortex-m0-mcus/m031-series/m031fc1ae/index.html,text/html;charset=UTF-8,HEAD,2026-08-29T13:26:07+00:00
https://www.nuvoton.com/products/microcontrollers/arm-cortex-m0-mcus/m031-series/m031kg6ae/index.html,200,valid,http_ok,https://www.nuvoton.com/products/microcontrollers/arm-cortex-m0-mcus/m031-series/m031kg6ae/index.html,text/html;charset=UTF-8,HEAD,2026-08-29T13:26:07+00:00
https://www.nuvoton.com/products/microcontrollers/arm-cortex-m0-mcus/m031-series/m031kg8ae/index.html,200,valid,http_ok,https://www.nuvoton.com/products/microcontrollers/arm-cortex-m0-mcus/m031-series/m031kg8ae/index.html,text/html;charset=UTF-8,HEAD,2026-08-29T13:26:07+00:00
https://www.nuvoton.com/products/microcontrollers/arm-cortex-m0-mcus/m031-series/m031kiaae/index.html,200,valid,http_ok,https://www.nuvoton.com/products/microcontrollers/arm-cortex-m0-mcus/m031-series/m031kiaae/index.html,text/html;charset=UTF-8,HEAD,2026-08-29T13:26:08+00:00
https://www.nuvoton.com/products/microcontrollers/arm-cortex-m0-mcus/m031-series/m031lc2ae/index.html,200,valid,http_ok,https://www.nuvoton.com/products/microcontrollers/arm-cortex-m0-mcus/m031-series/m031lc2ae/index.html,text/html;charset=UTF-8,HEAD,2026-08-29T13:26:10+00:00
https://www.nuvoton.com/products/microcontrollers/arm-cortex-m0-mcus/m031-series/m031ld2ae/index.html,200,valid,http_ok,https://www.nuvoton.com/products/microcontrollers/arm-cortex-m0-mcus/m031-series/m031ld2ae/index.html,text/html;charset=UTF-8,HEAD,2026-08-29T13:26:10+00:00
https://www.nuvoton.com/products/microcontrollers/arm-cortex-m0-mcus/m031-series/m031le3ae/index.html,200,valid,http_ok,https://www.nuvoton.com/products/microcontrollers/arm-cortex-m0-mcus/m031-series/m031le3ae/index.html,text/html;charset=UTF-8,HEAD,2026-08-29T13:26:10+00:00
https://www.nuvoton.com/products/microcontrollers/arm-cortex-m0-mcus/m031-series/m031lg6ae/index.html,200,valid,http_ok,https://www.nuvoton.com/products/microcontrollers/arm-cortex-m0-mcus/m031-series/m031lg6ae/index.html,text/html;charset=UTF-8,HEAD,2026-08-29T13:26:10+00:00
https://www.nuvoton.com/products/microcontrollers/arm-cortex-m0-mcus/m031-series/m031lg8ae/index.html,200,valid,http_ok,https://www.nuvoton.com/products/microcontrollers/arm-cortex-m0-mcus/m031-series/m031lg8ae/index.html,text/html;charset=UTF-8,HEAD,2026-08-29T13:26:10+00:00
https://www.nuvoton.com/products/microcontrollers/arm-cortex-m0-mcus/m031-series/m031sc2ae/index.html,200,valid,http_ok,https://www.nuvoton.com/products/microcontrollers/arm-cortex-m0-mcus/m031-series/m031sc2ae/index.html,text/html;charset=UTF-8,HEAD,2026-08-29T13:26:10+00:00
https://www.nuvoton.com/products/microcontrollers/arm-cortex-m0-mcus/m031-series/m031sd2ae/index.html,200,valid,http_ok,https://www.nuvoton.com/products/microcontrollers/arm-cortex-m0-mcus/m031-series/m031sd2ae/index.html,text/html;charset=UTF-8,HEAD,2026-08-29T13:26:10+00:00
https://www.nuvoton.com/products/microcontrollers/arm-cortex-m0-mcus/m031-series/m031se3ae/index.html,200,valid,http_ok,https://www.nuvoton.com/products/microcontrollers/arm-cortex-m0-mcus/m031-series/m031se3ae/index.html,text/html;charset=UTF-8,HEAD,2026-08-29T13:26:10+00:00
https://www.nuvoton.com/products/microcontrollers/arm-cortex-m0-mcus/m031-series/m031sg6ae/index.html,200,valid,http_ok,https://www.nuvoton.com/products/microcontrollers/arm-cortex-m0-mcus/m031-series/m031sg6ae/index.html,text/html;charset=UTF-8,HEAD,2026-08-29T13:26:10+00:00
https://www.nuvoton.com/products/microcontrollers/arm-cortex-m0-mcus/m031-series/m031sg8ae/index.html,200,valid,http_ok,https://www.nuvoton.com/products/microcontrollers/arm-cortex-m0-mcus/m031-series/m031sg8ae/index.html,text/html;charset=UTF-8,HEAD,2026-08-29T13:26:10+00:00
https://www.nuvoton.com/products/microcontrollers/arm-cortex-m0-mcus/m031-series/m031siaae/index.html,200,valid,http_ok,https://www.nuvoton.com/products/microcontrollers/arm-cortex-m0-mcus/m031-series/m031siaae/index.html,text/html;charset=UTF-8,HEAD,2026-08-29T13:26:11+00:00
https://www.nuvoton.com/products/microcontrollers/arm-cortex-m0-mcus/m031-series/m031tb0ae/index.html,200,valid,http_ok,https://www.nuvoton.com/products/microcontrollers/arm-cortex-m0-mcus/m031-series/m031tb0ae/index.html,text/html;charset=UTF-8,HEAD,2026-08-29T13:26:12+00:00
https://www.nuvoton.com/products/microcontrollers/arm-cortex-m0-mcus/m031-series/m031tc1ae/index.html,200,valid,http_ok,https://www.nuvoton.com/products/microcontrollers/arm-cortex-m0-mcus/m031-series/m031tc1ae/index.html,text/html;charset=UTF-8,HEAD,2026-08-29T13:26:12+00:00
https://www.nuvoton.com/products/microcontrollers/arm-cortex-m0-mcus/m031-series/m031td2ae/index.html,200,valid,http_ok,https://www.nuvoton.com/products/microcontrollers/arm-cortex-m0-mcus/m031-series/m031td2ae/index.html,text/html;charset=UTF-8,HEAD,2026-08-29T13:26:12+00:00
https://www.nuvoton.com/products/microcontrollers/arm-cortex-m0-mcus/m032-series/m032ec1ae/index.html,200,valid,http_ok,https://www.nuvoton.com/products/microcontrollers/arm-cortex-m0-mcus/m032-series/m032ec1ae/index.html,text/html;charset=UTF-8,HEAD,2026-08-29T13:26:12+00:00
https://www.nuvoton.com/products/microcontrollers/arm-cortex-m0-mcus/m032-series/m032fc1ae/index.html,200,valid,http_ok,https://www.nuvoton.com/products/microcontrollers/arm-cortex-m0-mcus/m032-series/m032fc1ae/index.html,text/html;charset=UTF-8,HEAD,2026-08-29T13:26:12+00:00
https://www.nuvoton.com/products/microcontrollers/arm-cortex-m0-mcus/m032-series/m032kg6ae/index.html,200,valid,http_ok,https://www.nuvoton.com/products/microcontrollers/arm-cortex-m0-mcus/m032-series/m032kg6ae/index.html,text/html;charset=UTF-8,HEAD,2026-08-29T13:26:12+00:00
https://www.nuvoton.com/products/microcontrollers/arm-cortex-m0-mcus/m032-series/m032kg8ae/index.html,200,valid,http_ok,https://www.nuvoton.com/products/microcontrollers/arm-cortex-m0-mcus/m032-series/m032kg8ae/index.html,text/html;charset=UTF-8,HEAD,2026-08-29T13:26:12+00:00
https://www.nuvoton.com/products/microcontrollers/arm-cortex-m0-mcus/m032-series/m032kiaae/index.html,200,valid,http_ok,https://www.nuvoton.com/products/microcontrollers/arm-cortex-m0-mcus/m032-series/m032kiaae/index.html,text/html;charset=UTF-8,HEAD,2026-08-29T13:26:12+00:00
https://www.nuvoton.com/products/microcontrollers/arm-cortex-m0-mcus/m032-series/m032lc2ae/index.html,200,valid,http_ok,https://www.nuvoton.com/products/microcontrollers/arm-cortex-m0-mcus/m032-series/m032lc2ae/index.html,text/html;charset=UTF-8,HEAD,2026-08-29T13:26:13+00:00
https://www.nuvoton.com/products/microcontrollers/arm-cortex-m0-mcus/m032-series/m032ld2ae/index.html,200,valid,http_ok,https://www.nuvoton.com/products/microcontrollers/arm-cortex-m0-mcus/m032-series/m032ld2ae/index.html,text/html;charset=UTF-8,HEAD,2026-08-29T13:26:13+00:00
https://www.nuvoton.com/products/microcontrollers/arm-cortex-m0-mcus/m032-series/m032le3ae/index.html,200,valid,http_ok,https://www.nuvoton.com/products/microcontrollers/arm-cortex-m0-mcus/m032-series/m032le3ae/index.html,text/html;charset=UTF-8,HEAD,2026-08-29T13:26:13+00:00
https://www.nuvoton.com/products/microcontrollers/arm-cortex-m0-mcus/m032-series/m032lg6ae/index.html,200,valid,http_ok,https://www.nuvoton.com/products/microcontrollers/arm-cortex-m0-mcus/m032-series/m032lg6ae/index.html,text/html;charset=UTF-8,HEAD,2026-08-29T13:26:15+00:00
https://www.nuvoton.com/products/microcontrollers/arm-cortex-m0-mcus/m032-series/m032lg8ae/index.html,200,valid,http_ok,https://www.nuvoton.com/products/microcontrollers/arm-cortex-m0-mcus/m032-series/m032lg8ae/index.html,text/html;charset=UTF-8,HEAD,2026-08-29T13:26:15+00:00
https://www.nuvoton.com/products/microcontrollers/arm-cortex-m0-mcus/m032-series/m032se3ae/index.html,200,valid,http_ok,https://www.nuvoton.com/products/microcontrollers/arm-cortex-m0-mcus/m032-series/m032se3ae/index.html,text/html;charset=UTF-8,HEAD,2026-08-29T13:26:15+00:00
https://www.nuvoton.com/products/microcontrollers/arm-cortex-m0-mcus/m032-series/m032sg6ae/index.html,200,valid,http_ok,https://www.nuvoton.com/products/microcontrollers/arm-cortex-m0-mcus/m032-series/m032sg6ae/index.html,text/html;charset=UTF-8,HEAD,2026-08-29T13:26:16+00:00
https://www.nuvoton.com/products/microcontrollers/arm-cortex-m0-mcus/m032-series/m032sg8ae/index.html,200,valid,http_ok,https://www.nuvoton.com/products/microcontrollers/arm-cortex-m0-mcus/m032-series/m032sg8ae/index.html,text/html;charset=UTF-8,HEAD,2026-08-29T13:26:16+00:00
https://www.nuvoton.com/products/microcontrollers/arm-cortex-m0-mcus/m032-series/m032siaae/index.html,200,valid,http_ok,https://www.nuvoton.com/products/microcontrollers/arm-cortex-m0-mcus/m032-series/m032siaae/index.html,text/html;charset=UTF-8,HEAD,2026-08-29T13:26:16+00:00
https://www.nuvoton.com/products/microcontrollers/arm-cortex-m0-mcus/m032-series/m032tc1ae/index.html,200,valid,http_ok,https://www.nuvoton.com/products/microcontrollers/arm-cortex-m0-mcus/m032-series/m032tc1ae/index.html,text/html;charset=UTF-8,HEAD,2026-08-29T13:26:16+00:00
https://www.nuvoton.com/products/microcontrollers/arm-cortex-m0-mcus/m032-series/m032td2ae/index.html,200,valid,http_ok,https://www.nuvoton.com/products/microcontrollers/arm-cortex-m0-mcus/m032-series/m032td2ae/index.html,text/html;charset=UTF-8,HEAD,2026-08-29T13:26:16+00:00
https://www.nuvoton.com/products/microcontrollers/arm-cortex-m0-mcus/m051-base-series/m0516lde/index.html,200,valid,http_ok,https://www.nuvoton.com/products/microcontrollers/arm-cortex-m0-mcus/m051-base-series/m0516lde/index.html,text/html;charset=UTF-8,HEAD,2026-08-29T13:26:16+00:00
https://www.nuvoton.com/products/microcontrollers/arm-cortex-m0-mcus/m051-base-series/m0516ldn/index.html,200,valid,http_ok,https://www.nuvoton.com/products/microcontrollers/arm-cortex-m0-mcus/m051-base-series/m0516ldn/index.html,text/html;charset=UTF-8,HEAD,2026-08-29T13:26:17+00:00
https://www.nuvoton.com/products/microcontrollers/arm-cortex-m0-mcus/m051-base-series/m0516zde/index.html,200,valid,http_ok,https://www.nuvoton.com/products/microcontrollers/arm-cortex-m0-mcus/m051-base-series/m0516zde/index.html,text/html;charset=UTF-8,HEAD,2026-08-29T13:26:17+00:00
https://www.nuvoton.com/products/microcontrollers/arm-cortex-m0-mcus/m051-base-series/m0516zdn/index.html,200,valid,http_ok,https://www.nuvoton.com/products/microcontrollers/arm-cortex-m0-mcus/m051-base-series/m0516zdn/index.html,text/html;charset=UTF-8,HEAD,2026-08-29T13:26:17+00:00
https://www.nuvoton.com/products/microcontrollers/arm-cortex-m0-mcus/m051-base-series/m052lde/index.html,200,valid,http_ok,https://www.nuvoton.com/products/microcontrollers/arm-cortex-m0-mcus/m051-base-series/m052lde/index.html,text/html;charset=UTF-8,HEAD,2026-08-29T13:26:20+00:00
https://www.nuvoton.com/products/microcontrollers/arm-cortex-m0-mcus/m051-base-series/m052ldn/index.html,200,valid,http_ok,https://www.nuvoton.com/products/microcontrollers/arm-cortex-m0-mcus/m051-base-series/m052ldn/index.html,text/html;charset=UTF-8,HEAD,2026-08-29T13:26:20+00:00
https://www.nuvoton.com/products/microcontrollers/arm-cortex-m0-mcus/m051-base-series/m052zde/index.html,200,valid,http_ok,https://www.nuvoton.com/products/microcontrollers/arm-cortex-m0-mcus/m051-base-series/m052zde/index.html,text/html;charset=UTF-8,HEAD,2026-08-29T13:26:20+00:00
https://www.nuvoton.com/products/microcontrollers/arm-cortex-m0-mcus/m051-base-series/m052zdn/index.html,200,valid,http_ok,https://www.nuvoton.com/products/microcontrollers/arm-cortex-m0-mcus/m051-base-series/m052zdn/index.html,text/html;charset=UTF-8,HEAD,2026-08-29T13:26:21+00:00
https://www.nuvoton.com/products/microcontrollers/arm-cortex-m0-mcus/m051-base-series/m054lde/index.html,200,valid,http_ok,https://www.nuvoton.com/products/microcontrollers/arm-cortex-m0-mcus/m051-base-series/m054lde/index.html,text/html;charset=UTF-8,HEAD,2026-08-29T13:26:21+00:00
https://www.nuvoton.com/products/microcontrollers/arm-cortex-m0-mcus/m051-base-series/m054ldn/index.html,200,valid,http_ok,https://www.nuvoton.com/products/microcontrollers/arm-cortex-m0-mcus/m051-base-series/m054ldn/index.html,text/html;charset=UTF-8,HEAD,2026-08-29T13:26:21+00:00
https://www.nuvoton.com/products/microcontrollers/arm-cortex-m0-mcus/m051-base-series/m054zde/index.html,200,valid,http_ok,https://www.nuvoton.com/products/microcontrollers/arm-cortex-m0-mcus/m051-base-series/m054zde/index.html,text/html;charset=UTF-8,HEAD,2026-08-29T13:26:21+00:00
https://www.nuvoton.com/products/microcontrollers/arm-cortex-m0-mcus/m051-base-series/m054zdn/index.html,200,valid,http_ok,https://www.nuvoton.com/products/microcontrollers/arm-cortex-m0-mcus/m051-base-series/m054zdn/index.html,text/html;charset=UTF-8,HEAD,2026-08-29T13:26:21+00:00
https://www.nuvoton.com/products/microcontrollers/arm-cortex-m0-mcus/m051-base-series/m058lde/index.html,200,valid,http_ok,https://www.nuvoton.com/products/microcontrollers/arm-cortex-m0-mcus/m051-base-series/m058lde/index.html,text/html;charset=UTF-8,HEAD,2026-08-29T13:26:21+00:00
https://www.nuvoton.com/products/microcontrollers/arm-cortex-m0-mcus/m051-base-series/m058ldn/index.html,200,valid,http_ok,https://www.nuvoton.com/products/microcontrollers/arm-cortex-m0-mcus/m051-base-series/m058ldn/index.html,text/html;charset=UTF-8,HEAD,2026-08-29T13:26:21+00:00
https://www.nuvoton.com/products/microcontrollers/arm-cortex-m0-mcus/m051-base-series/m058sfan/index.html,200,valid,http_ok,https://www.nuvoton.com/products/microcontrollers/arm-cortex-m0-mcus/m051-base-series/m058sfan/index.html,text/html;charset=UTF-8,HEAD,2026-08-29T13:26:30+00:00
https://www.nuvoton.com/products/microcontrollers/arm-cortex-m0-mcus/m051-base-series/m058slan/index.html,200,valid,http_ok,https://www.nuvoton.com/products/microcontrollers/arm-cortex-m0-mcus/m051-base-series/m058slan/index.html,text/html;charset=UTF-8,HEAD,2026-08-29T13:26:31+00:00
https://www.nuvoton.com/products/microcontrollers/arm-cortex-m0-mcus/m051-base-series/m058ssan/index.html,200,valid,http_ok,https://www.nuvoton.com/products/microcontrollers/arm-cortex-m0-mcus/m051-base-series/m058ssan/index.html,text/html;charset=UTF-8,HEAD,2026-08-29T13:26:31+00:00
https://www.nuvoton.com/products/microcontrollers/arm-cortex-m0-mcus/m051-base-series/m058szan/index.html,200,valid,http_ok,https://www.nuvoton.com/products/microcontrollers/arm-cortex-m0-mcus/m051-base-series/m058szan/index.html,text/html;charset=UTF-8,HEAD,2026-08-29T13:26:31+00:00
https://www.nuvoton.com/products/microcontrollers/arm-cortex-m0-mcus/m051-base-series/m058zde/index.html,200,valid,http_ok,https://www.nuvoton.com/products/microcontrollers/arm-cortex-m0-mcus/m051-base-series/m058zde/index.html,text/html;charset=UTF-8,HEAD,2026-08-29T13:26:21+00:00
https://www.nuvoton.com/products/microcontrollers/arm-cortex-m0-mcus/m051-base-series/m058zdn/index.html,200,valid,http_ok,https://www.nuvoton.com/products/microcontrollers/arm-cortex-m0-mcus/m051-base-series/m058zdn/index.html,text/html;charset=UTF-8,HEAD,2026-08-29T13:26:21+00:00
https://www.nuvoton.com/products/microcontrollers/arm-cortex-m0-mcus/m0518-series/m0518lc2ae/index.html,200,valid,http_ok,https://www.nuvoton.com/products/microcontrollers/arm-cortex-m0-mcus/m0518-series/m0518lc2ae/index.html,text/html;charset=UTF-8,HEAD,2026-08-29T13:26:24+00:00
https://www.nuvoton.com/products/microcontrollers/arm-cortex-m0-mcus/m0518-series/m0518ld2ae/index.html,200,valid,http_ok,https://www.nuvoton.com/products/microcontrollers/arm-cortex-m0-mcus/m0518-series/m0518ld2ae/index.html,text/html;charset=UTF-8,HEAD,2026-08-29T13:26:25+00:00
https://www.nuvoton.com/products/microcontrollers/arm-cortex-m0-mcus/m0518-series/m0518sc2ae/index.html,200,valid,http_ok,https://www.nuvoton.com/products/microcontrollers/arm-cortex-m0-mcus/m0518-series/m0518sc2ae/index.html,text/html;charset=UTF-8,HEAD,2026-08-29T13:26:25+00:00
https://www.nuvoton.com/products/microcontrollers/arm-cortex-m0-mcus/m0518-series/m0518sd2ae/index.html,200,valid,http_ok,https://www.nuvoton.com/products/microcontrollers/arm-cortex-m0-mcus/m0518-series/m0518sd2ae/index.html,text/html;charset=UTF-8,HEAD,2026-08-29T13:26:25+00:00
https://www.nuvoton.com/products/microcontrollers/arm-cortex-m0-mcus/m0519-series/m0519ld3ae/index.html,200,valid,http_ok,https://www.nuvoton.com/products/microcontrollers/arm-cortex-m0-mcus/m0519-series/m0519ld3ae/index.html,text/html;charset=UTF-8,HEAD,2026-08-29T13:26:25+00:00
https://www.nuvoton.com/products/microcontrollers/arm-cortex-m0-mcus/m0519-series/m0519le3ae/index.html,200,valid,http_ok,https://www.nuvoton.com/products/microcontrollers/arm-cortex-m0-mcus/m0519-series/m0519le3ae/index.html,text/html;charset=UTF-8,HEAD,2026-08-29T13:26:26+00:00
https://www.nuvoton.com/products/microcontrollers/arm-cortex-m0-mcus/m0519-series/m0519sd3ae/index.html,200,valid,http_ok,https://www.nuvoton.com/products/microcontrollers/arm-cortex-m0-mcus/m0519-series/m0519sd3ae/index.html,text/html;charset=UTF-8,HEAD,2026-08-29T13:26:26+00:00
https://www.nuvoton.com/products/microcontrollers/arm-cortex-m0-mcus/m0519-series/m0519se3ae/index.html,200,valid,http_ok,https://www.nuvoton.com/products/microcontrollers/arm-cortex-m0-mcus/m0519-series/m0519se3ae/index.html,text/html;charset=UTF-8,HEAD,2026-08-29T13:26:26+00:00
https://www.nuvoton.com/products/microcontrollers/arm-cortex-m0-mcus/m0519-series/m0519ve3ae/index.html,200,valid,http_ok,https://www.nuvoton.com/products/microcontrollers/arm-cortex-m0-mcus/m0519-series/m0519ve3ae/index.html,text/html;charset=UTF-8,HEAD,2026-08-29T13:26:26+00:00
https://www.nuvoton.com/products/microcontrollers/arm-cortex-m0-mcus/m0564-series/m0564le4ae/index.html,200,valid,http_ok,https://www.nuvoton.com/products/microcontrollers/arm-cortex-m0-mcus/m0564-series/m0564le4ae/index.html,text/html;charset=UTF-8,HEAD,2026-08-29T13:26:26+00:00
https://www.nuvoton.com/products/microcontrollers/arm-cortex-m0-mcus/m0564-series/m0564lg4ae/index.html,200,valid,http_ok,https://www.nuvoton.com/products/microcontrollers/arm-cortex-m0-mcus/m0564-series/m0564lg4ae/index.html,text/html;charset=UTF-8,HEAD,2026-08-29T13:26:26+00:00
https://www.nuvoton.com/products/microcontrollers/arm-cortex-m0-mcus/m0564-series/m0564se4ae/index.html,200,valid,http_ok,https://www.nuvoton.com/products/microcontrollers/arm-cortex-m0-mcus/m0564-series/m0564se4ae/index.html,text/html;charset=UTF-8,HEAD,2026-08-29T13:26:27+00:00
https://www.nuvoton.com/products/microcontrollers/arm-cortex-m0-mcus/m0564-series/m0564sg4ae/index.html,200,valid,http_ok,https://www.nuvoton.com/products/microcontrollers/arm-cortex-m0-mcus/m0564-series/m0564sg4ae/index.html,text/html;charset=UTF-8,HEAD,2026-08-29T13:26:29+00:00
https://www.nuvoton.com/products/microcontrollers/arm-cortex-m0-mcus/m0564-series/m0564vg4ae/index.html,200,valid,http_ok,https://www.nuvoton.com/products/microcontrollers/arm-cortex-m0-mcus/m0564-series/m0564vg4ae/index.html,text/html;charset=UTF-8,HEAD,2026-08-29T13:26:30+00:00
https://www.nuvoton.com/products/microcontrollers/arm-cortex-m0-mcus/m071-series/m071md2ae/index.html,200,valid,http_ok,https://www.nuvoton.com/products/microcontrollers/arm-cortex-m0-mcus/m071-series/m071md2ae/index.html,text/html;charset=UTF-8,HEAD,2026-08-29T13:26:31+00:00
https://www.nuvoton.com/products/microcontrollers/arm-cortex-m0-mcus/m071-series/m071r1e3ae/index.html,200,valid,http_ok,https://www.nuvoton.com/products/microcontrollers/arm-cortex-m0-mcus/m071-series/m071r1e3ae/index.html,text/html;charset=UTF-8,HEAD,2026-08-29T13:26:32+00:00
https://www.nuvoton.com/products/microcontrollers/arm-cortex-m0-mcus/m071-series/m071se3ae/index.html,200,valid,http_ok,https://www.nuvoton.com/products/microcontrollers/arm-cortex-m0-mcus/m071-series/m071se3ae/index.html,text/html;charset=UTF-8,HEAD,2026-08-29T13:26:32+00:00
https://www.nuvoton.com/products/microcontrollers/arm-cortex-m0-mcus/m071-series/m071vg4ae/index.html,200,valid,http_ok,https://www.nuvoton.com/products/microcontrollers/arm-cortex-m0-mcus/m071-series/m071vg4ae/index.html,text/html;charset=UTF-8,HEAD,2026-08-29T13:26:32+00:00
https://www.nuvoton.com/products/microcontrollers/arm-cortex-m0-mcus/m091-series/m091tc2ae/index.html,200,valid,http_ok,https://www.nuvoton.com/products/microcontrollers/arm-cortex-m0-mcus/m091-series/m091tc2ae/index.html,text/html;charset=UTF-8,HEAD,2026-08-29T13:26:32+00:00
https://www.nuvoton.com/products/microcontrollers/arm-cortex-m0-mcus/m091-series/m091td2ae/index.html,200,valid,http_ok,https://www.nuvoton.com/products/microcontrollers/arm-cortex-m0-mcus/m091-series/m091td2ae/index.html,text/html;charset=UTF-8,HEAD,2026-08-29T13:26:33+00:00
https://www.nuvoton.com/products/microcontrollers/arm-cortex-m0-mcus/m091-series/m091yc2ae/index.html,200,valid,http_ok,https://www.nuvoton.com/products/microcontrollers/arm-cortex-m0-mcus/m091-series/m091yc2ae/index.html,text/html;charset=UTF-8,HEAD,2026-08-29T13:26:34+00:00
https://www.nuvoton.com/products/microcontrollers/arm-cortex-m0-mcus/m091-series/m091yd2ae/index.html,200,valid,http_ok,https://www.nuvoton.com/products/microcontrollers/arm-cortex-m0-mcus/m091-series/m091yd2ae/index.html,text/html;charset=UTF-8,HEAD,2026-08-29T13:26:35+00:00
https://www.nuvoton.com/products/microcontrollers/arm-cortex-m0-mcus/m0a21-series/m0a21eb1ac/index.html,200,valid,http_ok,https://www.nuvoton.com/products/microcontrollers/arm-cortex-m0-mcus/m0a21-series/m0a21eb1ac/index.html,text/html;charset=UTF-8,HEAD,2026-08-29T13:26:35+00:00
https://www.nuvoton.com/products/microcontrollers/arm-cortex-m0-mcus/m0a21-series/m0a21ec1ac/index.html,200,valid,http_ok,https://www.nuvoton.com/products/microcontrollers/arm-cortex-m0-mcus/m0a21-series/m0a21ec1ac/index.html,text/html;charset=UTF-8,HEAD,2026-08-29T13:26:36+00:00
https://www.nuvoton.com/products/microcontrollers/arm-cortex-m0-mcus/m0a21-series/m0a21ob1ac/index.html,200,valid,http_ok,https://www.nuvoton.com/products/microcontrollers/arm-cortex-m0-mcus/m0a21-series/m0a21ob1ac/index.html,text/html;charset=UTF-8,HEAD,2026-08-29T13:26:36+00:00
https://www.nuvoton.com/products/microcontrollers/arm-cortex-m0-mcus/m0a21-series/m0a21oc1ac/index.html,200,valid,http_ok,https://www.nuvoton.com/products/microcontrollers/arm-cortex-m0-mcus/m0a21-series/m0a21oc1ac/index.html,text/html;charset=UTF-8,HEAD,2026-08-29T13:26:36+00:00
https://www.nuvoton.com/products/microcontrollers/arm-cortex-m0-mcus/m0a23-series/m0a23ec1ac/index.html,200,valid,http_ok,https://www.nuvoton.com/products/microcontrollers/arm-cortex-m0-mcus/m0a23-series/m0a23ec1ac/index.html,text/html;charset=UTF-8,HEAD,2026-08-29T13:26:36+00:00
https://www.nuvoton.com/products/microcontrollers/arm-cortex-m0-mcus/m0a23-series/m0a23ec1acu/index.html,200,valid,http_ok,https://www.nuvoton.com/products/microcontrollers/arm-cortex-m0-mcus/m0a23-series/m0a23ec1acu/index.html,text/html;charset=UTF-8,HEAD,2026-08-29T13:26:36+00:00
https://www.nuvoton.com/products/microcontrollers/arm-cortex-m0-mcus/m0a23-series/m0a23oc1ac/index.html,200,valid,http_ok,https://www.nuvoton.com/products/microcontrollers/arm-cortex-m0-mcus/m0a23-series/m0a23oc1ac/index.html,text/html;charset=UTF-8,HEAD,2026-08-29T13:26:38+00:00
https://www.nuvoton.com/products/microcontrollers/arm-cortex-m0-mcus/m0a23-series/m0a23oc1acu/index.html,200,valid,http_ok,https://www.nuvoton.com/products/microcontrollers/arm-cortex-m0-mcus/m0a23-series/m0a23oc1acu/index.html,text/html;charset=UTF-8,HEAD,2026-08-29T13:26:38+00:00
https://www.nuvoton.com/products/microcontrollers/arm-cortex-m0-mcus/mini51-base-series/mini51fde/index.html,200,valid,http_ok,https://www.nuvoton.com/products/microcontrollers/arm-cortex-m0-mcus/mini51-base-series/mini51fde/index.html,text/html;charset=UTF-8,HEAD,2026-08-29T13:26:38+00:00
https://www.nuvoton.com/products/microcontrollers/arm-cortex-m0-mcus/mini51-base-series/mini51lde/index.html,200,valid,http_ok,https://www.nuvoton.com/products/microcontrollers/arm-cortex-m0-mcus/mini51-base-series/mini51lde/index.html,text/html;charset=UTF-8,HEAD,2026-08-29T13:26:38+00:00
https://www.nuvoton.com/products/microcontrollers/arm-cortex-m0-mcus/mini51-base-series/mini51tde/index.html,200,valid,http_ok,https://www.nuvoton.com/products/microcontrollers/arm-cortex-m0-mcus/mini51-base-series/mini51tde/index.html,text/html;charset=UTF-8,HEAD,2026-08-29T13:26:39+00:00
https://www.nuvoton.com/products/microcontrollers/arm-cortex-m0-mcus/mini51-base-series/mini51zde/index.html,200,valid,http_ok,https://www.nuvoton.com/products/microcontrollers/arm-cortex-m0-mcus/mini51-base-series/mini51zde/index.html,text/html;charset=UTF-8,HEAD,2026-08-29T13:26:40+00:00
https://www.nuvoton.com/products/microcontrollers/arm-cortex-m0-mcus/mini51-base-series/mini52fde/index.html,200,valid,http_ok,https://www.nuvoton.com/products/microcontrollers/arm-cortex-m0-mcus/mini51-base-series/mini52fde/index.html,text/html;charset=UTF-8,HEAD,2026-08-29T13:26:41+00:00
https://www.nuvoton.com/products/microcontrollers/arm-cortex-m0-mcus/mini51-base-series/mini52lde/index.html,200,valid,http_ok,https://www.nuvoton.com/products/microcontrollers/arm-cortex-m0-mcus/mini51-base-series/mini52lde/index.html,text/html;charset=UTF-8,HEAD,2026-08-29T13:26:41+00:00
https://www.nuvoton.com/products/microcontrollers/arm-cortex-m0-mcus/mini51-base-series/mini52tde/index.html,200,valid,http_ok,https://www.nuvoton.com/products/microcontrollers/arm-cortex-m0-mcus/mini51-base-series/mini52tde/index.html,text/html;charset=UTF-8,HEAD,2026-08-29T13:26:41+00:00
https://www.nuvoton.com/products/microcontrollers/arm-cortex-m0-mcus/mini51-base-series/mini52zde/index.html,200,valid,http_ok,https://www.nuvoton.com/products/microcontrollers/arm-cortex-m0-mcus/mini51-base-series/mini52zde/index.html,text/html;charset=UTF-8,HEAD,2026-08-29T13:26:41+00:00
https://www.nuvoton.com/products/microcontrollers/arm-cortex-m0-mcus/mini51-base-series/mini54fde/index.html,200,valid,http_ok,https://www.nuvoton.com/products/microcontrollers/arm-cortex-m0-mcus/mini51-base-series/mini54fde/index.html,text/html;charset=UTF-8,HEAD,2026-08-29T13:26:41+00:00
https://www.nuvoton.com/products/microcontrollers/arm-cortex-m0-mcus/mini51-base-series/mini54lde/index.html,200,valid,http_ok,https://www.nuvoton.com/products/microcontrollers/arm-cortex-m0-mcus/mini51-base-series/mini54lde/index.html,text/html;charset=UTF-8,HEAD,2026-08-29T13:26:41+00:00
https://www.nuvoton.com/products/microcontrollers/arm-cortex-m0-mcus/mini51-base-series/mini54tde/index.html,200,valid,http_ok,https://www.nuvoton.com/products/microcontrollers/arm-cortex-m0-mcus/mini51-base-series/mini54tde/index.html,text/html;charset=UTF-8,HEAD,2026-08-29T13:26:42+00:00
https://www.nuvoton.com/products/microcontrollers/arm-cortex-m0-mcus/mini51-base-series/mini54zde/index.html,200,valid,http_ok,https://www.nuvoton.com/products/microcontrollers/arm-cortex-m0-mcus/mini51-base-series/mini54zde/index.html,text/html;charset=UTF-8,HEAD,2026-08-29T13:26:42+00:00
https://www.nuvoton.com/products/microcontrollers/arm-cortex-m0-mcus/mini51-base-series/mini55lde/index.html,200,valid,http_ok,https://www.nuvoton.com/products/microcontrollers/arm-cortex-m0-mcus/mini51-base-series/mini55lde/index.html,text/html;charset=UTF-8,HEAD,2026-08-29T13:26:44+00:00
https://www.nuvoton.com/products/microcontrollers/arm-cortex-m0-mcus/mini51-base-series/mini55tde/index.html,200,valid,http_ok,https://www.nuvoton.com/products/microcontrollers/arm-cortex-m0-mcus/mini51-base-series/mini55tde/index.html,text/html;charset=UTF-8,HEAD,2026-08-29T13:26:44+00:00
https://www.nuvoton.com/products/microcontrollers/arm-cortex-m0-mcus/mini51-base-series/mini57ede/index.html,200,valid,http_ok,https://www.nuvoton.com/products/microcontrollers/arm-cortex-m0-mcus/mini51-base-series/mini57ede/index.html,text/html;charset=UTF-8,HEAD,2026-08-29T13:26:44+00:00
https://www.nuvoton.com/products/microcontrollers/arm-cortex-m0-mcus/mini51-base-series/mini57fde/index.html,200,valid,http_ok,https://www.nuvoton.com/products/microcontrollers/arm-cortex-m0-mcus/mini51-base-series/mini57fde/index.html,text/html;charset=UTF-8,HEAD,2026-08-29T13:26:45+00:00
https://www.nuvoton.com/products/microcontrollers/arm-cortex-m0-mcus/mini51-base-series/mini57tde/index.html,200,valid,http_ok,https://www.nuvoton.com/products/microcontrollers/arm-cortex-m0-mcus/mini51-base-series/mini57tde/index.html,text/html;charset=UTF-8,HEAD,2026-08-29T13:26:45+00:00
https://www.nuvoton.com/products/microcontrollers/arm-cortex-m0-mcus/mini51-base-series/mini58fde/index.html,200,valid,http_ok,https://www.nuvoton.com/products/microcontrollers/arm-cortex-m0-mcus/mini51-base-series/mini58fde/index.html,text/html;charset=UTF-8,HEAD,2026-08-29T13:26:45+00:00
https://www.nuvoton.com/products/microcontrollers/arm-cortex-m0-mcus/mini51-base-series/mini58lde/index.html,200,valid,http_ok,https://www.nuvoton.com/products/microcontrollers/arm-cortex-m0-mcus/mini51-base-series/mini58lde/index.html,text/html;charset=UTF-8,HEAD,2026-08-29T13:26:46+00:00
https://www.nuvoton.com/products/microcontrollers/arm-cortex-m0-mcus/mini51-base-series/mini58tde/index.html,200,valid,http_ok,https://www.nuvoton.com/products/microcontrollers/arm-cortex-m0-mcus/mini51-base-series/mini58tde/index.html,text/html;charset=UTF-8,HEAD,2026-08-29T13:26:46+00:00
https://www.nuvoton.com/products/microcontrollers/arm-cortex-m0-mcus/mini51-base-series/mini58zde/index.html,200,valid,http_ok,https://www.nuvoton.com/products/microcontrollers/arm-cortex-m0-mcus/mini51-base-series/mini58zde/index.html,text/html;charset=UTF-8,HEAD,2026-08-29T13:26:46+00:00
https://www.nuvoton.com/products/microcontrollers/arm-cortex-m0-mcus/nano100-102-base-series/nano100kd3bn/index.html,200,valid,http_ok,https://www.nuvoton.com/products/microcontrollers/arm-cortex-m0-mcus/nano100-102-base-series/nano100kd3bn/index.html,text/html;charset=UTF-8,HEAD,2026-08-29T13:27:39+00:00
https://www.nuvoton.com/products/microcontrollers/arm-cortex-m0-mcus/nano100-102-base-series/nano100ke3bn/index.html,200,valid,http_ok,https://www.nuvoton.com/products/microcontrollers/arm-cortex-m0-mcus/nano100-102-base-series/nano100ke3bn/index.html,text/html;charset=UTF-8,HEAD,2026-08-29T13:27:39+00:00
https://www.nuvoton.com/products/microcontrollers/arm-cortex-m0-mcus/nano100-102-base-series/nano100lc2bn/index.html,200,valid,http_ok,https://www.nuvoton.com/products/microcontrollers/arm-cortex-m0-mcus/nano100-102-base-series/nano100lc2bn/index.html,text/html;charset=UTF-8,HEAD,2026-08-29T13:27:39+00:00
https://www.nuvoton.com/products/microcontrollers/arm-cortex-m0-mcus/nano100-102-base-series/nano100ld2bn/index.html,200,valid,http_ok,https://www.nuvoton.com/products/microcontrollers/arm-cortex-m0-mcus/nano100-102-base-series/nano100ld2bn/index.html,text/html;charset=UTF-8,HEAD,2026-08-29T13:27:39+00:00
https://www.nuvoton.com/products/microcontrollers/arm-cortex-m0-mcus/nano100-102-base-series/nano100ld3bn/index.html,200,valid,http_ok,https://www.nuvoton.com/products/microcontrollers/arm-cortex-m0-mcus/nano100-102-base-series/nano100ld3bn/index.html,text/html;charset=UTF-8,HEAD,2026-08-29T13:27:40+00:00
https://www.nuvoton.com/products/microcontrollers/arm-cortex-m0-mcus/nano100-102-base-series/nano100le3bn/index.html,200,valid,http_ok,https://www.nuvoton.com/products/microcontrollers/arm-cortex-m0-mcus/nano100-102-base-series/nano100le3bn/index.html,text/html;charset=UTF-8,HEAD,2026-08-29T13:27:40+00:00
https://www.nuvoton.com/products/microcontrollers/arm-cortex-m0-mcus/nano100-102-base-series/nano100nc2bn/index.html,200,valid,http_ok,https://www.nuvoton.com/products/microcontrollers/arm-cortex-m0-mcus/nano100-102-base-series/nano100nc2bn/index.html,text/html;charset=UTF-8,HEAD,2026-08-29T13:27:40+00:00
https://www.nuvoton.com/products/microcontrollers/arm-cortex-m0-mcus/nano100-102-base-series/nano100nd2bn/index.html,200,valid,http_ok,https://www.nuvoton.com/products/microcontrollers/arm-cortex-m0-mcus/nano100-102-base-series/nano100nd2bn/index.html,text/html;charset=UTF-8,HEAD,2026-08-29T13:27:40+00:00
https://www.nuvoton.com/products/microcontrollers/arm-cortex-m0-mcus/nano100-102-base-series/nano100nd3bn/index.html,200,valid,http_ok,https://www.nuvoton.com/products/microcontrollers/arm-cortex-m0-mcus/nano100-102-base-series/nano100nd3bn/index.html,text/html;charset=UTF-8,HEAD,2026-08-29T13:27:41+00:00
https://www.nuvoton.com/products/microcontrollers/arm-cortex-m0-mcus/nano100-102-base-series/nano100ne3bn/index.html,200,valid,http_ok,https://www.nuvoton.com/products/microcontrollers/arm-cortex-m0-mcus/nano100-102-base-series/nano100ne3bn/index.html,text/html;charset=UTF-8,HEAD,2026-08-29T13:27:41+00:00
https://www.nuvoton.com/products/microcontrollers/arm-cortex-m0-mcus/nano100-102-base-series/nano100sc2bn/index.html,200,valid,http_ok,https://www.nuvoton.com/products/microcontrollers/arm-cortex-m0-mcus/nano100-102-base-series/nano100sc2bn/index.html,text/html;charset=UTF-8,HEAD,2026-08-29T13:27:41+00:00
https://www.nuvoton.com/products/microcontrollers/arm-cortex-m0-mcus/nano100-102-base-series/nano100sd2bn/index.html,200,valid,http_ok,https://www.nuvoton.com/products/microcontrollers/arm-cortex-m0-mcus/nano100-102-base-series/nano100sd2bn/index.html,text/html;charset=UTF-8,HEAD,2026-08-29T13:27:41+00:00
https://www.nuvoton.com/products/microcontrollers/arm-cortex-m0-mcus/nano100-102-base-series/nano100sd3bn/index.html,200,valid,http_ok,https://www.nuvoton.com/products/microcontrollers/arm-cortex-m0-mcus/nano100-102-base-series/nano100sd3bn/index.html,text/html;charset=UTF-8,HEAD,2026-08-29T13:27:41+00:00
https://www.nuvoton.com/products/microcontrollers/arm-cortex-m0-mcus/nano100-102-base-series/nano100se3bn/index.html,200,valid,http_ok,https://www.nuvoton.com/products/microcontrollers/arm-cortex-m0-mcus/nano100-102-base-series/nano100se3bn/index.html,text/html;charset=UTF-8,HEAD,2026-08-29T13:27:41+00:00
https://www.nuvoton.com/products/microcontrollers/arm-cortex-m0-mcus/nano100-102-base-series/nano102lb1an/index.html,200,valid,http_ok,https://www.nuvoton.com/products/microcontrollers/arm-cortex-m0-mcus/nano100-102-base-series/nano102lb1an/index.html,text/html;charset=UTF-8,HEAD,2026-08-29T13:27:50+00:00
https://www.nuvoton.com/products/microcontrollers/arm-cortex-m0-mcus/nano100-102-base-series/nano102lc2an/index.html,200,valid,http_ok,https://www.nuvoton.com/products/microcontrollers/arm-cortex-m0-mcus/nano100-102-base-series/nano102lc2an/index.html,text/html;charset=UTF-8,HEAD,2026-08-29T13:27:50+00:00
https://www.nuvoton.com/products/microcontrollers/arm-cortex-m0-mcus/nano100-102-base-series/nano102sc2an/index.html,200,valid,http_ok,https://www.nuvoton.com/products/microcontrollers/arm-cortex-m0-mcus/nano100-102-base-series/nano102sc2an/index.html,text/html;charset=UTF-8,HEAD,2026-08-29T13:27:50+00:00
https://www.nuvoton.com/products/microcontrollers/arm-cortex-m0-mcus/nano100-102-base-series/nano102zb1an/index.html,200,valid,http_ok,https://www.nuvoton.com/products/microcontrollers/arm-cortex-m0-mcus/nano100-102-base-series/nano102zb1an/index.html,text/html;charset=UTF-8,HEAD,2026-08-29T13:27:51+00:00
https://www.nuvoton.com/products/microcontrollers/arm-cortex-m0-mcus/nano100-102-base-series/nano102zc2an/index.html,200,valid,http_ok,https://www.nuvoton.com/products/microcontrollers/arm-cortex-m0-mcus/nano100-102-base-series/nano102zc2an/index.html,text/html;charset=UTF-8,HEAD,2026-08-29T13:27:51+00:00
https://www.nuvoton.com/products/microcontrollers/arm-cortex-m0-mcus/nano103-base-series/nano103ld3ae/index.html,200,valid,http_ok,https://www.nuvoton.com/products/microcontrollers/arm-cortex-m0-mcus/nano103-base-series/nano103ld3ae/index.html,text/html;charset=UTF-8,HEAD,2026-08-29T13:27:49+00:00
https://www.nuvoton.com/products/microcontrollers/arm-cortex-m0-mcus/nano103-base-series/nano103sd3ae/index.html,200,valid,http_ok,https://www.nuvoton.com/products/microcontrollers/arm-cortex-m0-mcus/nano103-base-series/nano103sd3ae/index.html,text/html;charset=UTF-8,HEAD,2026-08-29T13:27:50+00:00
https://www.nuvoton.com/products/microcontrollers/arm-cortex-m0-mcus/nano103-base-series/nano103zd3ae/index.html,200,valid,http_ok,https://www.nuvoton.com/products/microcontrollers/arm-cortex-m0-mcus/nano103-base-series/nano103zd3ae/index.html,text/html;charset=UTF-8,HEAD,2026-08-29T13:27:50+00:00
https://www.nuvoton.com/products/microcontrollers/arm-cortex-m0-mcus/nano110-112-lcd-series/nano110kc2bn/index.html,200,valid,http_ok,https://www.nuvoton.com/products/microcontrollers/arm-cortex-m0-mcus/nano110-112-lcd-series/nano110kc2bn/index.html,text/html;charset=UTF-8,HEAD,2026-08-29T13:27:42+00:00
https://www.nuvoton.com/products/microcontrollers/arm-cortex-m0-mcus/nano110-112-lcd-series/nano110kd2bn/index.html,200,valid,http_ok,https://www.nuvoton.com/products/microcontrollers/arm-cortex-m0-mcus/nano110-112-lcd-series/nano110kd2bn/index.html,text/html;charset=UTF-8,HEAD,2026-08-29T13:27:42+00:00
https://www.nuvoton.com/products/microcontrollers/arm-cortex-m0-mcus/nano110-112-lcd-series/nano110kd3bn/index.html,200,valid,http_ok,https://www.nuvoton.com/products/microcontrollers/arm-cortex-m0-mcus/nano110-112-lcd-series/nano110kd3bn/index.html,text/html;charset=UTF-8,HEAD,2026-08-29T13:27:42+00:00
https://www.nuvoton.com/products/microcontrollers/arm-cortex-m0-mcus/nano110-112-lcd-series/nano110ke3bn/index.html,200,valid,http_ok,https://www.nuvoton.com/products/microcontrollers/arm-cortex-m0-mcus/nano110-112-lcd-series/nano110ke3bn/index.html,text/html;charset=UTF-8,HEAD,2026-08-29T13:27:42+00:00
https://www.nuvoton.com/products/microcontrollers/arm-cortex-m0-mcus/nano110-112-lcd-series/nano110rc2bn/index.html,200,valid,http_ok,https://www.nuvoton.com/products/microcontrollers/arm-cortex-m0-mcus/nano110-112-lcd-series/nano110rc2bn/index.html,text/html;charset=UTF-8,HEAD,2026-08-29T13:27:42+00:00
https://www.nuvoton.com/products/microcontrollers/arm-cortex-m0-mcus/nano110-112-lcd-series/nano110rd2bn/index.html,200,valid,http_ok,https://www.nuvoton.com/products/microcontrollers/arm-cortex-m0-mcus/nano110-112-lcd-series/nano110rd2bn/index.html,text/html;charset=UTF-8,HEAD,2026-08-29T13:27:42+00:00
https://www.nuvoton.com/products/microcontrollers/arm-cortex-m0-mcus/nano110-112-lcd-series/nano110rd3bn/index.html,200,valid,http_ok,https://www.nuvoton.com/products/microcontrollers/arm-cortex-m0-mcus/nano110-112-lcd-series/nano110rd3bn/index.html,text/html;charset=UTF-8,HEAD,2026-08-29T13:27:43+00:00
https://www.nuvoton.com/products/microcontrollers/arm-cortex-m0-mcus/nano110-112-lcd-series/nano110re3bn/index.html,200,valid,http_ok,https://www.nuvoton.com/products/microcontrollers/arm-cortex-m0-mcus/nano110-112-lcd-series/nano110re3bn/index.html,text/html;charset=UTF-8,HEAD,2026-08-29T13:27:43+00:00
https://www.nuvoton.com/products/microcontrollers/arm-cortex-m0-mcus/nano110-112-lcd-series/nano110sc2bn/index.html,200,valid,http_ok,https://www.nuvoton.com/products/microcontrollers/arm-cortex-m0-mcus/nano110-112-lcd-series/nano110sc2bn/index.html,text/html;charset=UTF-8,HEAD,2026-08-29T13:27:43+00:00
https://www.nuvoton.com/products/microcontrollers/arm-cortex-m0-mcus/nano110-112-lcd-series/nano110sd2bn/index.html,200,valid,http_ok,https://www.nuvoton.com/products/microcontrollers/arm-cortex-m0-mcus/nano110-112-lcd-series/nano110sd2bn/index.html,text/html;charset=UTF-8,HEAD,2026-08-29T13:27:43+00:00
https://www.nuvoton.com/products/microcontrollers/arm-cortex-m0-mcus/nano110-112-lcd-series/nano110sd3bn/index.html,200,valid,http_ok,https://www.nuvoton.com/products/microcontrollers/arm-cortex-m0-mcus/nano110-112-lcd-series/nano110sd3bn/index.html,text/html;charset=UTF-8,HEAD,2026-08-29T13:27:44+00:00
https://www.nuvoton.com/products/microcontrollers/arm-cortex-m0-mcus/nano110-112-lcd-series/nano110se3bn/index.html,200,valid,http_ok,https://www.nuvoton.com/products/microcontrollers/arm-cortex-m0-mcus/nano110-112-lcd-series/nano110se3bn/index.html,text/html;charset=UTF-8,HEAD,2026-08-29T13:27:44+00:00
https://www.nuvoton.com/products/microcontrollers/arm-cortex-m0-mcus/nano110-112-lcd-series/nano112lb1an/index.html,200,valid,http_ok,https://www.nuvoton.com/products/microcontrollers/arm-cortex-m0-mcus/nano110-112-lcd-series/nano112lb1an/index.html,text/html;charset=UTF-8,HEAD,2026-08-29T13:27:51+00:00
https://www.nuvoton.com/products/microcontrollers/arm-cortex-m0-mcus/nano110-112-lcd-series/nano112lc2an/index.html,200,valid,http_ok,https://www.nuvoton.com/products/microcontrollers/arm-cortex-m0-mcus/nano110-112-lcd-series/nano112lc2an/index.html,text/html;charset=UTF-8,HEAD,2026-08-29T13:27:51+00:00
https://www.nuvoton.com/products/microcontrollers/arm-cortex-m0-mcus/nano110-112-lcd-series/nano112rb1an/index.html,200,valid,http_ok,https://www.nuvoton.com/products/microcontrollers/arm-cortex-m0-mcus/nano110-112-lcd-series/nano112rb1an/index.html,text/html;charset=UTF-8,HEAD,2026-08-29T13:27:51+00:00
https://www.nuvoton.com/products/microcontrollers/arm-cortex-m0-mcus/nano110-112-lcd-series/nano112rc2an/index.html,200,valid,http_ok,https://www.nuvoton.com/products/microcontrollers/arm-cortex-m0-mcus/nano110-112-lcd-series/nano112rc2an/index.html,text/html;charset=UTF-8,HEAD,2026-08-29T13:27:52+00:00
https://www.nuvoton.com/products/microcontrollers/arm-cortex-m0-mcus/nano110-112-lcd-series/nano112sb1an/index.html,200,valid,http_ok,https://www.nuvoton.com/products/microcontrollers/arm-cortex-m0-mcus/nano110-112-lcd-series/nano112sb1an/index.html,text/html;charset=UTF-8,HEAD,2026-08-29T13:27:52+00:00
https://www.nuvoton.com/products/microcontrollers/arm-cortex-m0-mcus/nano110-112-lcd-series/nano112sc2an/index.html,200,valid,http_ok,https://www.nuvoton.com/products/microcontrollers/arm-cortex-m0-mcus/nano110-112-lcd-series/nano112sc2an/index.html,text/html;charset=UTF-8,HEAD,2026-08-29T13:27:52+00:00
https://www.nuvoton.com/products/microcontrollers/arm-cortex-m0-mcus/nano110-112-lcd-series/nano112vc2an/index.html,200,valid,http_ok,https://www.nuvoton.com/products/microcontrollers/arm-cortex-m0-mcus/nano110-112-lcd-series/nano112vc2an/index.html,text/html;charset=UTF-8,HEAD,2026-08-29T13:27:53+00:00
https://www.nuvoton.com/products/microcontrollers/arm-cortex-m0-mcus/nano120-usb-series/nano120kd3bn/index.html,200,valid,http_ok,https://www.nuvoton.com/products/microcontrollers/arm-cortex-m0-mcus/nano120-usb-series/nano120kd3bn/index.html,text/html;charset=UTF-8,HEAD,2026-08-29T13:27:45+00:00
https://www.nuvoton.com/products/microcontrollers/arm-cortex-m0-mcus/nano120-usb-series/nano120ke3bn/index.html,200,valid,http_ok,https://www.nuvoton.com/products/microcontrollers/arm-cortex-m0-mcus/nano120-usb-series/nano120ke3bn/index.html,text/html;charset=UTF-8,HEAD,2026-08-29T13:27:45+00:00
https://www.nuvoton.com/products/microcontrollers/arm-cortex-m0-mcus/nano120-usb-series/nano120lc2bn/index.html,200,valid,http_ok,https://www.nuvoton.com/products/microcontrollers/arm-cortex-m0-mcus/nano120-usb-series/nano120lc2bn/index.html,text/html;charset=UTF-8,HEAD,2026-08-29T13:27:45+00:00
https://www.nuvoton.com/products/microcontrollers/arm-cortex-m0-mcus/nano120-usb-series/nano120ld2bn/index.html,200,valid,http_ok,https://www.nuvoton.com/products/microcontrollers/arm-cortex-m0-mcus/nano120-usb-series/nano120ld2bn/index.html,text/html;charset=UTF-8,HEAD,2026-08-29T13:27:45+00:00
https://www.nuvoton.com/products/microcontrollers/arm-cortex-m0-mcus/nano120-usb-series/nano120ld3bn/index.html,200,valid,http_ok,https://www.nuvoton.com/products/microcontrollers/arm-cortex-m0-mcus/nano120-usb-series/nano120ld3bn/index.html,text/html;charset=UTF-8,HEAD,2026-08-29T13:27:45+00:00
https://www.nuvoton.com/products/microcontrollers/arm-cortex-m0-mcus/nano120-usb-series/nano120le3bn/index.html,200,valid,http_ok,https://www.nuvoton.com/products/microcontrollers/arm-cortex-m0-mcus/nano120-usb-series/nano120le3bn/index.html,text/html;charset=UTF-8,HEAD,2026-08-29T13:27:45+00:00
https://www.nuvoton.com/products/microcontrollers/arm-cortex-m0-mcus/nano120-usb-series/nano120sc2bn/index.html,200,valid,http_ok,https://www.nuvoton.com/products/microcontrollers/arm-cortex-m0-mcus/nano120-usb-series/nano120sc2bn/index.html,text/html;charset=UTF-8,HEAD,2026-08-29T13:27:46+00:00
https://www.nuvoton.com/products/microcontrollers/arm-cortex-m0-mcus/nano120-usb-series/nano120sd2bn/index.html,200,valid,http_ok,https://www.nuvoton.com/products/microcontrollers/arm-cortex-m0-mcus/nano120-usb-series/nano120sd2bn/index.html,text/html;charset=UTF-8,HEAD,2026-08-29T13:27:47+00:00
https://www.nuvoton.com/products/microcontrollers/arm-cortex-m0-mcus/nano120-usb-series/nano120sd3bn/index.html,200,valid,http_ok,https://www.nuvoton.com/products/microcontrollers/arm-cortex-m0-mcus/nano120-usb-series/nano120sd3bn/index.html,text/html;charset=UTF-8,HEAD,2026-08-29T13:27:47+00:00
https://www.nuvoton.com/products/microcontrollers/arm-cortex-m0-mcus/nano120-usb-series/nano120se3bn/index.html,200,valid,http_ok,https://www.nuvoton.com/products/microcontrollers/arm-cortex-m0-mcus/nano120-usb-series/nano120se3bn/index.html,text/html;charset=UTF-8,HEAD,2026-08-29T13:27:47+00:00
https://www.nuvoton.com/products/microcontrollers/arm-cortex-m0-mcus/nano130-advanced-series/nano130kc2bn/index.html,200,valid,http_ok,https://www.nuvoton.com/products/microcontrollers/arm-cortex-m0-mcus/nano130-advanced-series/nano130kc2bn/index.html,text/html;charset=UTF-8,HEAD,2026-08-29T13:27:47+00:00
https://www.nuvoton.com/products/microcontrollers/arm-cortex-m0-mcus/nano130-advanced-series/nano130kd2bn/index.html,200,valid,http_ok,https://www.nuvoton.com/products/microcontrollers/arm-cortex-m0-mcus/nano130-advanced-series/nano130kd2bn/index.html,text/html;charset=UTF-8,HEAD,2026-08-29T13:27:47+00:00
https://www.nuvoton.com/products/microcontrollers/arm-cortex-m0-mcus/nano130-advanced-series/nano130kd3bn/index.html,200,valid,http_ok,https://www.nuvoton.com/products/microcontrollers/arm-cortex-m0-mcus/nano130-advanced-series/nano130kd3bn/index.html,text/html;charset=UTF-8,HEAD,2026-08-29T13:27:48+00:00
https://www.nuvoton.com/products/microcontrollers/arm-cortex-m0-mcus/nano130-advanced-series/nano130ke3bn/index.html,200,valid,http_ok,https://www.nuvoton.com/products/microcontrollers/arm-cortex-m0-mcus/nano130-advanced-series/nano130ke3bn/index.html,text/html;charset=UTF-8,HEAD,2026-08-29T13:27:48+00:00
https://www.nuvoton.com/products/microcontrollers/arm-cortex-m0-mcus/nano130-advanced-series/nano130sc2bn/index.html,200,valid,http_ok,https://www.nuvoton.com/products/microcontrollers/arm-cortex-m0-mcus/nano130-advanced-series/nano130sc2bn/index.html,text/html;charset=UTF-8,HEAD,2026-08-29T13:27:48+00:00
https://www.nuvoton.com/products/microcontrollers/arm-cortex-m0-mcus/nano130-advanced-series/nano130sd2bn/index.html,200,valid,http_ok,https://www.nuvoton.com/products/microcontrollers/arm-cortex-m0-mcus/nano130-advanced-series/nano130sd2bn/index.html,text/html;charset=UTF-8,HEAD,2026-08-29T13:27:48+00:00
https://www.nuvoton.com/products/microcontrollers/arm-cortex-m0-mcus/nano130-advanced-series/nano130sd3bn/index.html,200,valid,http_ok,https://www.nuvoton.com/products/microcontrollers/arm-cortex-m0-mcus/nano130-advanced-series/nano130sd3bn/index.html,text/html;charset=UTF-8,HEAD,2026-08-29T13:27:48+00:00
https://www.nuvoton.com/products/microcontrollers/arm-cortex-m0-mcus/nano130-advanced-series/nano130se3bn/index.html,200,valid,http_ok,https://www.nuvoton.com/products/microcontrollers/arm-cortex-m0-mcus/nano130-advanced-series/nano130se3bn/index.html,text/html;charset=UTF-8,HEAD,2026-08-29T13:27:49+00:00
https://www.nuvoton.com/products/microcontrollers/arm-cortex-m0-mcus/nuc029-series/NUC029KGE/index.html,200,valid,http_ok,https://www.nuvoton.com/products/microcontrollers/arm-cortex-m0-mcus/nuc029-series/NUC029KGE/index.html,text/html;charset=UTF-8,HEAD,2026-08-29T13:26:58+00:00
https://www.nuvoton.com/products/microcontrollers/arm-cortex-m0-mcus/nuc029-series/NUC029LEE/index.html,200,valid,http_ok,https://www.nuvoton.com/products/microcontrollers/arm-cortex-m0-mcus/nuc029-series/NUC029LEE/index.html,text/html;charset=UTF-8,HEAD,2026-08-29T13:26:57+00:00
https://www.nuvoton.com/products/microcontrollers/arm-cortex-m0-mcus/nuc029-series/NUC029LGE/index.html,200,valid,http_ok,https://www.nuvoton.com/products/microcontrollers/arm-cortex-m0-mcus/nuc029-series/NUC029LGE/index.html,text/html;charset=UTF-8,HEAD,2026-08-29T13:26:58+00:00
https://www.nuvoton.com/products/microcontrollers/arm-cortex-m0-mcus/nuc029-series/NUC029SEE/index.html,200,valid,http_ok,https://www.nuvoton.com/products/microcontrollers/arm-cortex-m0-mcus/nuc029-series/NUC029SEE/index.html,text/html;charset=UTF-8,HEAD,2026-08-29T13:26:58+00:00
https://www.nuvoton.com/products/microcontrollers/arm-cortex-m0-mcus/nuc029-series/NUC029SGE/index.html,200,valid,http_ok,https://www.nuvoton.com/products/microcontrollers/arm-cortex-m0-mcus/nuc029-series/NUC029SGE/index.html,text/html;charset=UTF-8,HEAD,2026-08-29T13:26:59+00:00
https://www.nuvoton.com/products/microcontrollers/arm-cortex-m0-mcus/nuc029-series/nuc029fae/index.html,200,valid,http_ok,https://www.nuvoton.com/products/microcontrollers/arm-cortex-m0-mcus/nuc029-series/nuc029fae/index.html,text/html;charset=UTF-8,HEAD,2026-08-29T13:26:53+00:00
https://www.nuvoton.com/products/microcontrollers/arm-cortex-m0-mcus/nuc029-series/nuc029lan/index.html,200,valid,http_ok,https://www.nuvoton.com/products/microcontrollers/arm-cortex-m0-mcus/nuc029-series/nuc029lan/index.html,text/html;charset=UTF-8,HEAD,2026-08-29T13:26:54+00:00
https://www.nuvoton.com/products/microcontrollers/arm-cortex-m0-mcus/nuc029-series/nuc029lde/index.html,200,valid,http_ok,https://www.nuvoton.com/products/microcontrollers/arm-cortex-m0-mcus/nuc029-series/nuc029lde/index.html,text/html;charset=UTF-8,HEAD,2026-08-29T13:26:57+00:00
https://www.nuvoton.com/products/microcontrollers/arm-cortex-m0-mcus/nuc029-series/nuc029nan/index.html,200,valid,http_ok,https://www.nuvoton.com/products/microcontrollers/arm-cortex-m0-mcus/nuc029-series/nuc029nan/index.html,text/html;charset=UTF-8,HEAD,2026-08-29T13:26:54+00:00
https://www.nuvoton.com/products/microcontrollers/arm-cortex-m0-mcus/nuc029-series/nuc029sde/index.html,200,valid,http_ok,https://www.nuvoton.com/products/microcontrollers/arm-cortex-m0-mcus/nuc029-series/nuc029sde/index.html,text/html;charset=UTF-8,HEAD,2026-08-29T13:26:57+00:00
https://www.nuvoton.com/products/microcontrollers/arm-cortex-m0-mcus/nuc029-series/nuc029tan/index.html,200,valid,http_ok,https://www.nuvoton.com/products/microcontrollers/arm-cortex-m0-mcus/nuc029-series/nuc029tan/index.html,text/html;charset=UTF-8,HEAD,2026-08-29T13:26:55+00:00
https://www.nuvoton.com/products/microcontrollers/arm-cortex-m0-mcus/nuc029-series/nuc029zan/index.html,200,valid,http_ok,https://www.nuvoton.com/products/microcontrollers/arm-cortex-m0-mcus/nuc029-series/nuc029zan/index.html,text/html;charset=UTF-8,HEAD,2026-08-29T13:26:57+00:00
https://www.nuvoton.com/products/microcontrollers/arm-cortex-m0-mcus/nuc100-200-advanced-series/nuc100lc1dn/index.html,200,valid,http_ok,https://www.nuvoton.com/products/microcontrollers/arm-cortex-m0-mcus/nuc100-200-advanced-series/nuc100lc1dn/index.html,text/html;charset=UTF-8,HEAD,2026-08-29T13:26:59+00:00
https://www.nuvoton.com/products/microcontrollers/arm-cortex-m0-mcus/nuc100-200-advanced-series/nuc100ld2dn/index.html,200,valid,http_ok,https://www.nuvoton.com/products/microcontrollers/arm-cortex-m0-mcus/nuc100-200-advanced-series/nuc100ld2dn/index.html,text/html;charset=UTF-8,HEAD,2026-08-29T13:27:00+00:00
https://www.nuvoton.com/products/microcontrollers/arm-cortex-m0-mcus/nuc100-200-advanced-series/nuc100le3dn/index.html,200,valid,http_ok,https://www.nuvoton.com/products/microcontrollers/arm-cortex-m0-mcus/nuc100-200-advanced-series/nuc100le3dn/index.html,text/html;charset=UTF-8,HEAD,2026-08-29T13:27:00+00:00
https://www.nuvoton.com/products/microcontrollers/arm-cortex-m0-mcus/nuc100-200-advanced-series/nuc100rc1dn/index.html,200,valid,http_ok,https://www.nuvoton.com/products/microcontrollers/arm-cortex-m0-mcus/nuc100-200-advanced-series/nuc100rc1dn/index.html,text/html;charset=UTF-8,HEAD,2026-08-29T13:27:00+00:00
https://www.nuvoton.com/products/microcontrollers/arm-cortex-m0-mcus/nuc100-200-advanced-series/nuc100rd1dn/index.html,200,valid,http_ok,https://www.nuvoton.com/products/microcontrollers/arm-cortex-m0-mcus/nuc100-200-advanced-series/nuc100rd1dn/index.html,text/html;charset=UTF-8,HEAD,2026-08-29T13:27:01+00:00
https://www.nuvoton.com/products/microcontrollers/arm-cortex-m0-mcus/nuc100-200-advanced-series/nuc100rd2dn/index.html,200,valid,http_ok,https://www.nuvoton.com/products/microcontrollers/arm-cortex-m0-mcus/nuc100-200-advanced-series/nuc100rd2dn/index.html,text/html;charset=UTF-8,HEAD,2026-08-29T13:27:03+00:00
https://www.nuvoton.com/products/microcontrollers/arm-cortex-m0-mcus/nuc100-200-advanced-series/nuc100re3dn/index.html,200,valid,http_ok,https://www.nuvoton.com/products/microcontrollers/arm-cortex-m0-mcus/nuc100-200-advanced-series/nuc100re3dn/index.html,text/html;charset=UTF-8,HEAD,2026-08-29T13:27:03+00:00
https://www.nuvoton.com/products/microcontrollers/arm-cortex-m0-mcus/nuc100-200-advanced-series/nuc100ve3dn/index.html,200,valid,http_ok,https://www.nuvoton.com/products/microcontrollers/arm-cortex-m0-mcus/nuc100-200-advanced-series/nuc100ve3dn/index.html,text/html;charset=UTF-8,HEAD,2026-08-29T13:27:03+00:00
https://www.nuvoton.com/products/microcontrollers/arm-cortex-m0-mcus/nuc100-200-advanced-series/nuc200lc2an/index.html,200,valid,http_ok,https://www.nuvoton.com/products/microcontrollers/arm-cortex-m0-mcus/nuc100-200-advanced-series/nuc200lc2an/index.html,text/html;charset=UTF-8,HEAD,2026-08-29T13:27:31+00:00
https://www.nuvoton.com/products/microcontrollers/arm-cortex-m0-mcus/nuc100-200-advanced-series/nuc200ld2an/index.html,200,valid,http_ok,https://www.nuvoton.com/products/microcontrollers/arm-cortex-m0-mcus/nuc100-200-advanced-series/nuc200ld2an/index.html,text/html;charset=UTF-8,HEAD,2026-08-29T13:27:32+00:00
https://www.nuvoton.com/products/microcontrollers/arm-cortex-m0-mcus/nuc100-200-advanced-series/nuc200le3an/index.html,200,valid,http_ok,https://www.nuvoton.com/products/microcontrollers/arm-cortex-m0-mcus/nuc100-200-advanced-series/nuc200le3an/index.html,text/html;charset=UTF-8,HEAD,2026-08-29T13:27:32+00:00
https://www.nuvoton.com/products/microcontrollers/arm-cortex-m0-mcus/nuc100-200-advanced-series/nuc200sc2an/index.html,200,valid,http_ok,https://www.nuvoton.com/products/microcontrollers/arm-cortex-m0-mcus/nuc100-200-advanced-series/nuc200sc2an/index.html,text/html;charset=UTF-8,HEAD,2026-08-29T13:27:32+00:00
https://www.nuvoton.com/products/microcontrollers/arm-cortex-m0-mcus/nuc100-200-advanced-series/nuc200sd2an/index.html,200,valid,http_ok,https://www.nuvoton.com/products/microcontrollers/arm-cortex-m0-mcus/nuc100-200-advanced-series/nuc200sd2an/index.html,text/html;charset=UTF-8,HEAD,2026-08-29T13:27:32+00:00
https://www.nuvoton.com/products/microcontrollers/arm-cortex-m0-mcus/nuc100-200-advanced-series/nuc200se3an/index.html,200,valid,http_ok,https://www.nuvoton.com/products/microcontrollers/arm-cortex-m0-mcus/nuc100-200-advanced-series/nuc200se3an/index.html,text/html;charset=UTF-8,HEAD,2026-08-29T13:27:33+00:00
https://www.nuvoton.com/products/microcontrollers/arm-cortex-m0-mcus/nuc100-200-advanced-series/nuc200ve3an/index.html,200,valid,http_ok,https://www.nuvoton.com/products/microcontrollers/arm-cortex-m0-mcus/nuc100-200-advanced-series/nuc200ve3an/index.html,text/html;charset=UTF-8,HEAD,2026-08-29T13:27:33+00:00
https://www.nuvoton.com/products/microcontrollers/arm-cortex-m0-mcus/nuc120-122-123-220-usb-series/nuc120lc1dn/index.html,200,valid,http_ok,https://www.nuvoton.com/products/microcontrollers/arm-cortex-m0-mcus/nuc120-122-123-220-usb-series/nuc120lc1dn/index.html,text/html;charset=UTF-8,HEAD,2026-08-29T13:27:04+00:00
https://www.nuvoton.com/products/microcontrollers/arm-cortex-m0-mcus/nuc120-122-123-220-usb-series/nuc120ld2dn/index.html,200,valid,http_ok,https://www.nuvoton.com/products/microcontrollers/arm-cortex-m0-mcus/nuc120-122-123-220-usb-series/nuc120ld2dn/index.html,text/html;charset=UTF-8,HEAD,2026-08-29T13:27:04+00:00
https://www.nuvoton.com/products/microcontrollers/arm-cortex-m0-mcus/nuc120-122-123-220-usb-series/nuc120le3dn/index.html,200,valid,http_ok,https://www.nuvoton.com/products/microcontrollers/arm-cortex-m0-mcus/nuc120-122-123-220-usb-series/nuc120le3dn/index.html,text/html;charset=UTF-8,HEAD,2026-08-29T13:27:04+00:00
https://www.nuvoton.com/products/microcontrollers/arm-cortex-m0-mcus/nuc120-122-123-220-usb-series/nuc120rc1dn/index.html,200,valid,http_ok,https://www.nuvoton.com/products/microcontrollers/arm-cortex-m0-mcus/nuc120-122-123-220-usb-series/nuc120rc1dn/index.html,text/html;charset=UTF-8,HEAD,2026-08-29T13:27:05+00:00
https://www.nuvoton.com/products/microcontrollers/arm-cortex-m0-mcus/nuc120-122-123-220-usb-series/nuc120rd2dn/index.html,200,valid,http_ok,https://www.nuvoton.com/products/microcontrollers/arm-cortex-m0-mcus/nuc120-122-123-220-usb-series/nuc120rd2dn/index.html,text/html;charset=UTF-8,HEAD,2026-08-29T13:27:05+00:00
https://www.nuvoton.com/products/microcontrollers/arm-cortex-m0-mcus/nuc120-122-123-220-usb-series/nuc120re3dn/index.html,200,valid,http_ok,https://www.nuvoton.com/products/microcontrollers/arm-cortex-m0-mcus/nuc120-122-123-220-usb-series/nuc120re3dn/index.html,text/html;charset=UTF-8,HEAD,2026-08-29T13:27:07+00:00
https://www.nuvoton.com/products/microcontrollers/arm-cortex-m0-mcus/nuc120-122-123-220-usb-series/nuc120ve3dn/index.html,200,valid,http_ok,https://www.nuvoton.com/products/microcontrollers/arm-cortex-m0-mcus/nuc120-122-123-220-usb-series/nuc120ve3dn/index.html,text/html;charset=UTF-8,HEAD,2026-08-29T13:27:08+00:00
https://www.nuvoton.com/products/microcontrollers/arm-cortex-m0-mcus/nuc120-122-123-220-usb-series/nuc122lc1an/index.html,200,valid,http_ok,https://www.nuvoton.com/products/microcontrollers/arm-cortex-m0-mcus/nuc120-122-123-220-usb-series/nuc122lc1an/index.html,text/html;charset=UTF-8,HEAD,2026-08-29T13:27:18+00:00
https://www.nuvoton.com/products/microcontrollers/arm-cortex-m0-mcus/nuc120-122-123-220-usb-series/nuc122ld2an/index.html,200,valid,http_ok,https://www.nuvoton.com/products/microcontrollers/arm-cortex-m0-mcus/nuc120-122-123-220-usb-series/nuc122ld2an/index.html,text/html;charset=UTF-8,HEAD,2026-08-29T13:27:20+00:00
https://www.nuvoton.com/products/microcontrollers/arm-cortex-m0-mcus/nuc120-122-123-220-usb-series/nuc122sc1an/index.html,200,valid,http_ok,https://www.nuvoton.com/products/microcontrollers/arm-cortex-m0-mcus/nuc120-122-123-220-usb-series/nuc122sc1an/index.html,text/html;charset=UTF-8,HEAD,2026-08-29T13:27:20+00:00
https://www.nuvoton.com/products/microcontrollers/arm-cortex-m0-mcus/nuc120-122-123-220-usb-series/nuc122sd2an/index.html,200,valid,http_ok,https://www.nuvoton.com/products/microcontrollers/arm-cortex-m0-mcus/nuc120-122-123-220-usb-series/nuc122sd2an/index.html,text/html;charset=UTF-8,HEAD,2026-08-29T13:27:20+00:00
https://www.nuvoton.com/products/microcontrollers/arm-cortex-m0-mcus/nuc120-122-123-220-usb-series/nuc122zc1an/index.html,200,valid,http_ok,https://www.nuvoton.com/products/microcontrollers/arm-cortex-m0-mcus/nuc120-122-123-220-usb-series/nuc122zc1an/index.html,text/html;charset=UTF-8,HEAD,2026-08-29T13:27:20+00:00
https://www.nuvoton.com/products/microcontrollers/arm-cortex-m0-mcus/nuc120-122-123-220-usb-series/nuc122zd2an/index.html,200,valid,http_ok,https://www.nuvoton.com/products/microcontrollers/arm-cortex-m0-mcus/nuc120-122-123-220-usb-series/nuc122zd2an/index.html,text/html;charset=UTF-8,HEAD,2026-08-29T13:27:21+00:00
https://www.nuvoton.com/products/microcontrollers/arm-cortex-m0-mcus/nuc120-122-123-220-usb-series/nuc123lc2ae1/index.html,200,valid,http_ok,https://www.nuvoton.com/products/microcontrollers/arm-cortex-m0-mcus/nuc120-122-123-220-usb-series/nuc123lc2ae1/index.html,text/html;charset=UTF-8,HEAD,2026-08-29T13:27:22+00:00
https://www.nuvoton.com/products/microcontrollers/arm-cortex-m0-mcus/nuc120-122-123-220-usb-series/nuc123lc2an1/index.html,200,valid,http_ok,https://www.nuvoton.com/products/microcontrollers/arm-cortex-m0-mcus/nuc120-122-123-220-usb-series/nuc123lc2an1/index.html,text/html;charset=UTF-8,HEAD,2026-08-29T13:27:23+00:00
https://www.nuvoton.com/products/microcontrollers/arm-cortex-m0-mcus/nuc120-122-123-220-usb-series/nuc123ld4ae0/index.html,200,valid,http_ok,https://www.nuvoton.com/products/microcontrollers/arm-cortex-m0-mcus/nuc120-122-123-220-usb-series/nuc123ld4ae0/index.html,text/html;charset=UTF-8,HEAD,2026-08-29T13:27:23+00:00
https://www.nuvoton.com/products/microcontrollers/arm-cortex-m0-mcus/nuc120-122-123-220-usb-series/nuc123ld4an0/index.html,200,valid,http_ok,https://www.nuvoton.com/products/microcontrollers/arm-cortex-m0-mcus/nuc120-122-123-220-usb-series/nuc123ld4an0/index.html,text/html;charset=UTF-8,HEAD,2026-08-29T13:27:23+00:00
https://www.nuvoton.com/products/microcontrollers/arm-cortex-m0-mcus/nuc120-122-123-220-usb-series/nuc123sc2ae1/index.html,200,valid,http_ok,https://www.nuvoton.com/products/microcontrollers/arm-cortex-m0-mcus/nuc120-122-123-220-usb-series/nuc123sc2ae1/index.html,text/html;charset=UTF-8,HEAD,2026-08-29T13:27:23+00:00
https://www.nuvoton.com/products/microcontrollers/arm-cortex-m0-mcus/nuc120-122-123-220-usb-series/nuc123sc2an1/index.html,200,valid,http_ok,https://www.nuvoton.com/products/microcontrollers/arm-cortex-m0-mcus/nuc120-122-123-220-usb-series/nuc123sc2an1/index.html,text/html;charset=UTF-8,HEAD,2026-08-29T13:27:24+00:00
https://www.nuvoton.com/products/microcontrollers/arm-cortex-m0-mcus/nuc120-122-123-220-usb-series/nuc123sd4ae0/index.html,200,valid,http_ok,https://www.nuvoton.com/products/microcontrollers/arm-cortex-m0-mcus/nuc120-122-123-220-usb-series/nuc123sd4ae0/index.html,text/html;charset=UTF-8,HEAD,2026-08-29T13:27:24+00:00
https://www.nuvoton.com/products/microcontrollers/arm-cortex-m0-mcus/nuc120-122-123-220-usb-series/nuc123sd4an0/index.html,200,valid,http_ok,https://www.nuvoton.com/products/microcontrollers/arm-cortex-m0-mcus/nuc120-122-123-220-usb-series/nuc123sd4an0/index.html,text/html;charset=UTF-8,HEAD,2026-08-29T13:27:25+00:00
https://www.nuvoton.com/products/microcontrollers/arm-cortex-m0-mcus/nuc120-122-123-220-usb-series/nuc123zc2ae1/index.html,200,valid,http_ok,https://www.nuvoton.com/products/microcontrollers/arm-cortex-m0-mcus/nuc120-122-123-220-usb-series/nuc123zc2ae1/index.html,text/html;charset=UTF-8,HEAD,2026-08-29T13:27:25+00:00
https://www.nuvoton.com/products/microcontrollers/arm-cortex-m0-mcus/nuc120-122-123-220-usb-series/nuc123zc2an1/index.html,200,valid,http_ok,https://www.nuvoton.com/products/microcontrollers/arm-cortex-m0-mcus/nuc120-122-123-220-usb-series/nuc123zc2an1/index.html,text/html;charset=UTF-8,HEAD,2026-08-29T13:27:25+00:00
https://www.nuvoton.com/products/microcontrollers/arm-cortex-m0-mcus/nuc120-122-123-220-usb-series/nuc123zd4ae0/index.html,200,valid,http_ok,https://www.nuvoton.com/products/microcontrollers/arm-cortex-m0-mcus/nuc120-122-123-220-usb-series/nuc123zd4ae0/index.html,text/html;charset=UTF-8,HEAD,2026-08-29T13:27:25+00:00
https://www.nuvoton.com/products/microcontrollers/arm-cortex-m0-mcus/nuc120-122-123-220-usb-series/nuc123zd4an0/index.html,200,valid,http_ok,https://www.nuvoton.com/products/microcontrollers/arm-cortex-m0-mcus/nuc120-122-123-220-usb-series/nuc123zd4an0/index.html,text/html;charset=UTF-8,HEAD,2026-08-29T13:27:26+00:00
https://www.nuvoton.com/products/microcontrollers/arm-cortex-m0-mcus/nuc120-122-123-220-usb-series/nuc220lc2an/index.html,200,valid,http_ok,https://www.nuvoton.com/products/microcontrollers/arm-cortex-m0-mcus/nuc120-122-123-220-usb-series/nuc220lc2an/index.html,text/html;charset=UTF-8,HEAD,2026-08-29T13:27:33+00:00
https://www.nuvoton.com/products/microcontrollers/arm-cortex-m0-mcus/nuc120-122-123-220-usb-series/nuc220ld2an/index.html,200,valid,http_ok,https://www.nuvoton.com/products/microcontrollers/arm-cortex-m0-mcus/nuc120-122-123-220-usb-series/nuc220ld2an/index.html,text/html;charset=UTF-8,HEAD,2026-08-29T13:27:33+00:00
https://www.nuvoton.com/products/microcontrollers/arm-cortex-m0-mcus/nuc120-122-123-220-usb-series/nuc220le3an/index.html,200,valid,http_ok,https://www.nuvoton.com/products/microcontrollers/arm-cortex-m0-mcus/nuc120-122-123-220-usb-series/nuc220le3an/index.html,text/html;charset=UTF-8,HEAD,2026-08-29T13:27:33+00:00
https://www.nuvoton.com/products/microcontrollers/arm-cortex-m0-mcus/nuc120-122-123-220-usb-series/nuc220sc2an/index.html,200,valid,http_ok,https://www.nuvoton.com/products/microcontrollers/arm-cortex-m0-mcus/nuc120-122-123-220-usb-series/nuc220sc2an/index.html,text/html;charset=UTF-8,HEAD,2026-08-29T13:27:33+00:00
https://www.nuvoton.com/products/microcontrollers/arm-cortex-m0-mcus/nuc120-122-123-220-usb-series/nuc220sd2an/index.html,200,valid,http_ok,https://www.nuvoton.com/products/microcontrollers/arm-cortex-m0-mcus/nuc120-122-123-220-usb-series/nuc220sd2an/index.html,text/html;charset=UTF-8,HEAD,2026-08-29T13:27:34+00:00
https://www.nuvoton.com/products/microcontrollers/arm-cortex-m0-mcus/nuc120-122-123-220-usb-series/nuc220se3an/index.html,200,valid,http_ok,https://www.nuvoton.com/products/microcontrollers/arm-cortex-m0-mcus/nuc120-122-123-220-usb-series/nuc220se3an/index.html,text/html;charset=UTF-8,HEAD,2026-08-29T13:27:35+00:00
https://www.nuvoton.com/products/microcontrollers/arm-cortex-m0-mcus/nuc120-122-123-220-usb-series/nuc220ve3an/index.html,200,valid,http_ok,https://www.nuvoton.com/products/microcontrollers/arm-cortex-m0-mcus/nuc120-122-123-220-usb-series/nuc220ve3an/index.html,text/html;charset=UTF-8,HEAD,2026-08-29T13:27:35+00:00
https://www.nuvoton.com/products/microcontrollers/arm-cortex-m0-mcus/nuc121-125-series/nuc121lc2ae/index.html,200,valid,http_ok,https://www.nuvoton.com/products/microcontrollers/arm-cortex-m0-mcus/nuc121-125-series/nuc121lc2ae/index.html,text/html;charset=UTF-8,HEAD,2026-08-29T13:27:16+00:00
https://www.nuvoton.com/products/microcontrollers/arm-cortex-m0-mcus/nuc121-125-series/nuc121sc2ae/index.html,200,valid,http_ok,https://www.nuvoton.com/products/microcontrollers/arm-cortex-m0-mcus/nuc121-125-series/nuc121sc2ae/index.html,text/html;charset=UTF-8,HEAD,2026-08-29T13:27:17+00:00
https://www.nuvoton.com/products/microcontrollers/arm-cortex-m0-mcus/nuc121-125-series/nuc121zc2ae/index.html,200,valid,http_ok,https://www.nuvoton.com/products/microcontrollers/arm-cortex-m0-mcus/nuc121-125-series/nuc121zc2ae/index.html,text/html;charset=UTF-8,HEAD,2026-08-29T13:27:17+00:00
https://www.nuvoton.com/products/microcontrollers/arm-cortex-m0-mcus/nuc121-125-series/nuc125lc2ae/index.html,200,valid,http_ok,https://www.nuvoton.com/products/microcontrollers/arm-cortex-m0-mcus/nuc121-125-series/nuc125lc2ae/index.html,text/html;charset=UTF-8,HEAD,2026-08-29T13:27:18+00:00
https://www.nuvoton.com/products/microcontrollers/arm-cortex-m0-mcus/nuc121-125-series/nuc125sc2ae/index.html,200,valid,http_ok,https://www.nuvoton.com/products/microcontrollers/arm-cortex-m0-mcus/nuc121-125-series/nuc125sc2ae/index.html,text/html;charset=UTF-8,HEAD,2026-08-29T13:27:18+00:00
https://www.nuvoton.com/products/microcontrollers/arm-cortex-m0-mcus/nuc121-125-series/nuc125zc2ae/index.html,200,valid,http_ok,https://www.nuvoton.com/products/microcontrollers/arm-cortex-m0-mcus/nuc121-125-series/nuc125zc2ae/index.html,text/html;charset=UTF-8,HEAD,2026-08-29T13:27:18+00:00
https://www.nuvoton.com/products/microcontrollers/arm-cortex-m0-mcus/nuc126-usb-series/nuc126le4ae/index.html,200,valid,http_ok,https://www.nuvoton.com/products/microcontrollers/arm-cortex-m0-mcus/nuc126-usb-series/nuc126le4ae/index.html,text/html;charset=UTF-8,HEAD,2026-08-29T13:27:26+00:00
https://www.nuvoton.com/products/microcontrollers/arm-cortex-m0-mcus/nuc126-usb-series/nuc126lg4ae/index.html,200,valid,http_ok,https://www.nuvoton.com/products/microcontrollers/arm-cortex-m0-mcus/nuc126-usb-series/nuc126lg4ae/index.html,text/html;charset=UTF-8,HEAD,2026-08-29T13:27:27+00:00
https://www.nuvoton.com/products/microcontrollers/arm-cortex-m0-mcus/nuc126-usb-series/nuc126ne4ae/index.html,200,valid,http_ok,https://www.nuvoton.com/products/microcontrollers/arm-cortex-m0-mcus/nuc126-usb-series/nuc126ne4ae/index.html,text/html;charset=UTF-8,HEAD,2026-08-29T13:27:28+00:00
https://www.nuvoton.com/products/microcontrollers/arm-cortex-m0-mcus/nuc126-usb-series/nuc126se4ae/index.html,200,valid,http_ok,https://www.nuvoton.com/products/microcontrollers/arm-cortex-m0-mcus/nuc126-usb-series/nuc126se4ae/index.html,text/html;charset=UTF-8,HEAD,2026-08-29T13:27:28+00:00
https://www.nuvoton.com/products/microcontrollers/arm-cortex-m0-mcus/nuc126-usb-series/nuc126sg4ae/index.html,200,valid,http_ok,https://www.nuvoton.com/products/microcontrollers/arm-cortex-m0-mcus/nuc126-usb-series/nuc126sg4ae/index.html,text/html;charset=UTF-8,HEAD,2026-08-29T13:27:28+00:00
https://www.nuvoton.com/products/microcontrollers/arm-cortex-m0-mcus/nuc126-usb-series/nuc126vg4ae/index.html,200,valid,http_ok,https://www.nuvoton.com/products/microcontrollers/arm-cortex-m0-mcus/nuc126-usb-series/nuc126vg4ae/index.html,text/html;charset=UTF-8,HEAD,2026-08-29T13:27:28+00:00
https://www.nuvoton.com/products/microcontrollers/arm-cortex-m0-mcus/nuc130-230-automotive-series/nuc130lc1cn/index.html,200,valid,http_ok,https://www.nuvoton.com/products/microcontrollers/arm-cortex-m0-mcus/nuc130-230-automotive-series/nuc130lc1cn/index.html,text/html;charset=UTF-8,HEAD,2026-08-29T13:27:08+00:00
https://www.nuvoton.com/products/microcontrollers/arm-cortex-m0-mcus/nuc130-230-automotive-series/nuc130ld2cn/index.html,200,valid,http_ok,https://www.nuvoton.com/products/microcontrollers/arm-cortex-m0-mcus/nuc130-230-automotive-series/nuc130ld2cn/index.html,text/html;charset=UTF-8,HEAD,2026-08-29T13:27:09+00:00
https://www.nuvoton.com/products/microcontrollers/arm-cortex-m0-mcus/nuc130-230-automotive-series/nuc130le3cn/index.html,200,valid,http_ok,https://www.nuvoton.com/products/microcontrollers/arm-cortex-m0-mcus/nuc130-230-automotive-series/nuc130le3cn/index.html,text/html;charset=UTF-8,HEAD,2026-08-29T13:27:10+00:00
https://www.nuvoton.com/products/microcontrollers/arm-cortex-m0-mcus/nuc130-230-automotive-series/nuc130rc1cn/index.html,200,valid,http_ok,https://www.nuvoton.com/products/microcontrollers/arm-cortex-m0-mcus/nuc130-230-automotive-series/nuc130rc1cn/index.html,text/html;charset=UTF-8,HEAD,2026-08-29T13:27:10+00:00
https://www.nuvoton.com/products/microcontrollers/arm-cortex-m0-mcus/nuc130-230-automotive-series/nuc130rd2cn/index.html,200,valid,http_ok,https://www.nuvoton.com/products/microcontrollers/arm-cortex-m0-mcus/nuc130-230-automotive-series/nuc130rd2cn/index.html,text/html;charset=UTF-8,HEAD,2026-08-29T13:27:11+00:00
https://www.nuvoton.com/products/microcontrollers/arm-cortex-m0-mcus/nuc130-230-automotive-series/nuc130re3cn/index.html,200,valid,http_ok,https://www.nuvoton.com/products/microcontrollers/arm-cortex-m0-mcus/nuc130-230-automotive-series/nuc130re3cn/index.html,text/html;charset=UTF-8,HEAD,2026-08-29T13:27:12+00:00
https://www.nuvoton.com/products/microcontrollers/arm-cortex-m0-mcus/nuc130-230-automotive-series/nuc130ve3cn/index.html,200,valid,http_ok,https://www.nuvoton.com/products/microcontrollers/arm-cortex-m0-mcus/nuc130-230-automotive-series/nuc130ve3cn/index.html,text/html;charset=UTF-8,HEAD,2026-08-29T13:27:12+00:00
https://www.nuvoton.com/products/microcontrollers/arm-cortex-m0-mcus/nuc130-230-automotive-series/nuc230lc2ae/index.html,200,valid,http_ok,https://www.nuvoton.com/products/microcontrollers/arm-cortex-m0-mcus/nuc130-230-automotive-series/nuc230lc2ae/index.html,text/html;charset=UTF-8,HEAD,2026-08-29T13:27:35+00:00
https://www.nuvoton.com/products/microcontrollers/arm-cortex-m0-mcus/nuc130-230-automotive-series/nuc230ld2ae/index.html,200,valid,http_ok,https://www.nuvoton.com/products/microcontrollers/arm-cortex-m0-mcus/nuc130-230-automotive-series/nuc230ld2ae/index.html,text/html;charset=UTF-8,HEAD,2026-08-29T13:27:36+00:00
https://www.nuvoton.com/products/microcontrollers/arm-cortex-m0-mcus/nuc130-230-automotive-series/nuc230le3ae/index.html,200,valid,http_ok,https://www.nuvoton.com/products/microcontrollers/arm-cortex-m0-mcus/nuc130-230-automotive-series/nuc230le3ae/index.html,text/html;charset=UTF-8,HEAD,2026-08-29T13:27:36+00:00
https://www.nuvoton.com/products/microcontrollers/arm-cortex-m0-mcus/nuc130-230-automotive-series/nuc230sc2ae/index.html,200,valid,http_ok,https://www.nuvoton.com/products/microcontrollers/arm-cortex-m0-mcus/nuc130-230-automotive-series/nuc230sc2ae/index.html,text/html;charset=UTF-8,HEAD,2026-08-29T13:27:36+00:00
https://www.nuvoton.com/products/microcontrollers/arm-cortex-m0-mcus/nuc130-230-automotive-series/nuc230sd2ae/index.html,200,valid,http_ok,https://www.nuvoton.com/products/microcontrollers/arm-cortex-m0-mcus/nuc130-230-automotive-series/nuc230sd2ae/index.html,text/html;charset=UTF-8,HEAD,2026-08-29T13:27:36+00:00
https://www.nuvoton.com/products/microcontrollers/arm-cortex-m0-mcus/nuc130-230-automotive-series/nuc230se3ae/index.html,200,valid,http_ok,https://www.nuvoton.com/products/microcontrollers/arm-cortex-m0-mcus/nuc130-230-automotive-series/nuc230se3ae/index.html,text/html;charset=UTF-8,HEAD,2026-08-29T13:27:37+00:00
https://www.nuvoton.com/products/microcontrollers/arm-cortex-m0-mcus/nuc130-230-automotive-series/nuc230ve3ae/index.html,200,valid,http_ok,https://www.nuvoton.com/products/microcontrollers/arm-cortex-m0-mcus/nuc130-230-automotive-series/nuc230ve3ae/index.html,text/html;charset=UTF-8,HEAD,2026-08-29T13:27:37+00:00
https://www.nuvoton.com/products/microcontrollers/arm-cortex-m0-mcus/nuc131-nuc1311-can-series/nuc1311lc2ae/index.html,200,valid,http_ok,https://www.nuvoton.com/products/microcontrollers/arm-cortex-m0-mcus/nuc131-nuc1311-can-series/nuc1311lc2ae/index.html,text/html;charset=UTF-8,HEAD,2026-08-29T13:27:30+00:00
https://www.nuvoton.com/products/microcontrollers/arm-cortex-m0-mcus/nuc131-nuc1311-can-series/nuc1311ld2ae/index.html,200,valid,http_ok,https://www.nuvoton.com/products/microcontrollers/arm-cortex-m0-mcus/nuc131-nuc1311-can-series/nuc1311ld2ae/index.html,text/html;charset=UTF-8,HEAD,2026-08-29T13:27:30+00:00
https://www.nuvoton.com/products/microcontrollers/arm-cortex-m0-mcus/nuc131-nuc1311-can-series/nuc131lc2ae/index.html,200,valid,http_ok,https://www.nuvoton.com/products/microcontrollers/arm-cortex-m0-mcus/nuc131-nuc1311-can-series/nuc131lc2ae/index.html,text/html;charset=UTF-8,HEAD,2026-08-29T13:27:29+00:00
https://www.nuvoton.com/products/microcontrollers/arm-cortex-m0-mcus/nuc131-nuc1311-can-series/nuc131ld2ae/index.html,200,valid,http_ok,https://www.nuvoton.com/products/microcontrollers/arm-cortex-m0-mcus/nuc131-nuc1311-can-series/nuc131ld2ae/index.html,text/html;charset=UTF-8,HEAD,2026-08-29T13:27:29+00:00
https://www.nuvoton.com/products/microcontrollers/arm-cortex-m0-mcus/nuc131-nuc1311-can-series/nuc131sc2ae/index.html,200,valid,http_ok,https://www.nuvoton.com/products/microcontrollers/arm-cortex-m0-mcus/nuc131-nuc1311-can-series/nuc131sc2ae/index.html,text/html;charset=UTF-8,HEAD,2026-08-29T13:27:29+00:00
https://www.nuvoton.com/products/microcontrollers/arm-cortex-m0-mcus/nuc131-nuc1311-can-series/nuc131sd2ae/index.html,200,valid,http_ok,https://www.nuvoton.com/products/microcontrollers/arm-cortex-m0-mcus/nuc131-nuc1311-can-series/nuc131sd2ae/index.html,text/html;charset=UTF-8,HEAD,2026-08-29T13:27:29+00:00
https://www.nuvoton.com/products/microcontrollers/arm-cortex-m0-mcus/nuc131-nuc1311-can-series/nuc131sd2aeu/index.html,200,valid,http_ok,https://www.nuvoton.com/products/microcontrollers/arm-cortex-m0-mcus/nuc131-nuc1311-can-series/nuc131sd2aeu/index.html,text/html;charset=UTF-8,HEAD,2026-08-29T13:27:30+00:00
https://www.nuvoton.com/products/microcontrollers/arm-cortex-m0-mcus/nuc140-240-connectivity-series/nuc140lc1cn/index.html,200,valid,http_ok,https://www.nuvoton.com/products/microcontrollers/arm-cortex-m0-mcus/nuc140-240-connectivity-series/nuc140lc1cn/index.html,text/html;charset=UTF-8,HEAD,2026-08-29T13:27:12+00:00
https://www.nuvoton.com/products/microcontrollers/arm-cortex-m0-mcus/nuc140-240-connectivity-series/nuc140ld2cn/index.html,200,valid,http_ok,https://www.nuvoton.com/products/microcontrollers/arm-cortex-m0-mcus/nuc140-240-connectivity-series/nuc140ld2cn/index.html,text/html;charset=UTF-8,HEAD,2026-08-29T13:27:13+00:00
https://www.nuvoton.com/products/microcontrollers/arm-cortex-m0-mcus/nuc140-240-connectivity-series/nuc140le3cn/index.html,200,valid,http_ok,https://www.nuvoton.com/products/microcontrollers/arm-cortex-m0-mcus/nuc140-240-connectivity-series/nuc140le3cn/index.html,text/html;charset=UTF-8,HEAD,2026-08-29T13:27:13+00:00
https://www.nuvoton.com/products/microcontrollers/arm-cortex-m0-mcus/nuc140-240-connectivity-series/nuc140rc1cn/index.html,200,valid,http_ok,https://www.nuvoton.com/products/microcontrollers/arm-cortex-m0-mcus/nuc140-240-connectivity-series/nuc140rc1cn/index.html,text/html;charset=UTF-8,HEAD,2026-08-29T13:27:15+00:00
https://www.nuvoton.com/products/microcontrollers/arm-cortex-m0-mcus/nuc140-240-connectivity-series/nuc140rd2cn/index.html,200,valid,http_ok,https://www.nuvoton.com/products/microcontrollers/arm-cortex-m0-mcus/nuc140-240-connectivity-series/nuc140rd2cn/index.html,text/html;charset=UTF-8,HEAD,2026-08-29T13:27:15+00:00
https://www.nuvoton.com/products/microcontrollers/arm-cortex-m0-mcus/nuc140-240-connectivity-series/nuc140re3cn/index.html,200,valid,http_ok,https://www.nuvoton.com/products/microcontrollers/arm-cortex-m0-mcus/nuc140-240-connectivity-series/nuc140re3cn/index.html,text/html;charset=UTF-8,HEAD,2026-08-29T13:27:15+00:00
https://www.nuvoton.com/products/microcontrollers/arm-cortex-m0-mcus/nuc140-240-connectivity-series/nuc140ve3cn/index.html,200,valid,http_ok,https://www.nuvoton.com/products/microcontrollers/arm-cortex-m0-mcus/nuc140-240-connectivity-series/nuc140ve3cn/index.html,text/html;charset=UTF-8,HEAD,2026-08-29T13:27:16+00:00
https://www.nuvoton.com/products/microcontrollers/arm-cortex-m0-mcus/nuc140-240-connectivity-series/nuc240lc2ae/index.html,200,valid,http_ok,https://www.nuvoton.com/products/microcontrollers/arm-cortex-m0-mcus/nuc140-240-connectivity-series/nuc240lc2ae/index.html,text/html;charset=UTF-8,HEAD,2026-08-29T13:27:37+00:00
https://www.nuvoton.com/products/microcontrollers/arm-cortex-m0-mcus/nuc140-240-connectivity-series/nuc240ld2ae/index.html,200,valid,http_ok,https://www.nuvoton.com/products/microcontrollers/arm-cortex-m0-mcus/nuc140-240-connectivity-series/nuc240ld2ae/index.html,text/html;charset=UTF-8,HEAD,2026-08-29T13:27:37+00:00
https://www.nuvoton.com/products/microcontrollers/arm-cortex-m0-mcus/nuc140-240-connectivity-series/nuc240le3ae/index.html,200,valid,http_ok,https://www.nuvoton.com/products/microcontrollers/arm-cortex-m0-mcus/nuc140-240-connectivity-series/nuc240le3ae/index.html,text/html;charset=UTF-8,HEAD,2026-08-29T13:27:37+00:00
https://www.nuvoton.com/products/microcontrollers/arm-cortex-m0-mcus/nuc140-240-connectivity-series/nuc240sc2ae/index.html,200,valid,http_ok,https://www.nuvoton.com/products/microcontrollers/arm-cortex-m0-mcus/nuc140-240-connectivity-series/nuc240sc2ae/index.html,text/html;charset=UTF-8,HEAD,2026-08-29T13:27:38+00:00
https://www.nuvoton.com/products/microcontrollers/arm-cortex-m0-mcus/nuc140-240-connectivity-series/nuc240sd2ae/index.html,200,valid,http_ok,https://www.nuvoton.com/products/microcontrollers/arm-cortex-m0-mcus/nuc140-240-connectivity-series/nuc240sd2ae/index.html,text/html;charset=UTF-8,HEAD,2026-08-29T13:27:39+00:00
https://www.nuvoton.com/products/microcontrollers/arm-cortex-m0-mcus/nuc140-240-connectivity-series/nuc240se3ae/index.html,200,valid,http_ok,https://www.nuvoton.com/products/microcontrollers/arm-cortex-m0-mcus/nuc140-240-connectivity-series/nuc240se3ae/index.html,text/html;charset=UTF-8,HEAD,2026-08-29T13:27:39+00:00
https://www.nuvoton.com/products/microcontrollers/arm-cortex-m0-mcus/nuc140-240-connectivity-series/nuc240ve3ae/index.html,200,valid,http_ok,https://www.nuvoton.com/products/microcontrollers/arm-cortex-m0-mcus/nuc140-240-connectivity-series/nuc240ve3ae/index.html,text/html;charset=UTF-8,HEAD,2026-08-29T13:27:39+00:00
https://www.nuvoton.com/products/microcontrollers/arm-cortex-m0mcus/km1m0gf-series/km1m0gf02k/index.html,200,valid,http_ok,https://www.nuvoton.com/products/microcontrollers/arm-cortex-m0mcus/km1m0gf-series/km1m0gf02k/index.html,text/html;charset=UTF-8,HEAD,2026-08-29T13:27:53+00:00
https://www.nuvoton.com/products/microcontrollers/arm-cortex-m23-mcus/cm2003-series/cm2003cf2ae/index.html,200,valid,http_ok,https://www.nuvoton.com/products/microcontrollers/arm-cortex-m23-mcus/cm2003-series/cm2003cf2ae/index.html,text/html;charset=UTF-8,HEAD,2026-08-29T13:27:53+00:00
https://www.nuvoton.com/products/microcontrollers/arm-cortex-m23-mcus/cm2003-series/cm2003cf3ae/index.html,200,valid,http_ok,https://www.nuvoton.com/products/microcontrollers/arm-cortex-m23-mcus/cm2003-series/cm2003cf3ae/index.html,text/html;charset=UTF-8,HEAD,2026-08-29T13:27:53+00:00
https://www.nuvoton.com/products/microcontrollers/arm-cortex-m23-mcus/cm2052-series/cm2052el8ae/index.html,200,valid,http_ok,https://www.nuvoton.com/products/microcontrollers/arm-cortex-m23-mcus/cm2052-series/cm2052el8ae/index.html,text/html;charset=UTF-8,HEAD,2026-08-29T13:27:53+00:00
https://www.nuvoton.com/products/microcontrollers/arm-cortex-m23-mcus/cm2052-series/cm2052en8ae/index.html,200,valid,http_ok,https://www.nuvoton.com/products/microcontrollers/arm-cortex-m23-mcus/cm2052-series/cm2052en8ae/index.html,text/html;charset=UTF-8,HEAD,2026-08-29T13:27:54+00:00
https://www.nuvoton.com/products/microcontrollers/arm-cortex-m23-mcus/cm2053-series/cm2053el8ae/index.html,200,valid,http_ok,https://www.nuvoton.com/products/microcontrollers/arm-cortex-m23-mcus/cm2053-series/cm2053el8ae/index.html,text/html;charset=UTF-8,HEAD,2026-08-29T13:27:54+00:00
https://www.nuvoton.com/products/microcontrollers/arm-cortex-m23-mcus/cm2u51-series/cm2u51dl3ae/index.html,200,valid,http_ok,https://www.nuvoton.com/products/microcontrollers/arm-cortex-m23-mcus/cm2u51-series/cm2u51dl3ae/index.html,text/html;charset=UTF-8,HEAD,2026-08-29T13:27:54+00:00
https://www.nuvoton.com/products/microcontrollers/arm-cortex-m23-mcus/cm2u51-series/cm2u54el3ae/index.html,200,valid,http_ok,https://www.nuvoton.com/products/microcontrollers/arm-cortex-m23-mcus/cm2u51-series/cm2u54el3ae/index.html,text/html;charset=UTF-8,HEAD,2026-08-29T13:27:54+00:00
https://www.nuvoton.com/products/microcontrollers/arm-cortex-m23-mcus/cm2u51-series/cm2u54en8ae/index.html,200,valid,http_ok,https://www.nuvoton.com/products/microcontrollers/arm-cortex-m23-mcus/cm2u51-series/cm2u54en8ae/index.html,text/html;charset=UTF-8,HEAD,2026-08-29T13:27:55+00:00
https://www.nuvoton.com/products/microcontrollers/arm-cortex-m23-mcus/cm2u51-series/cm2u54eq3ae/index.html,200,valid,http_ok,https://www.nuvoton.com/products/microcontrollers/arm-cortex-m23-mcus/cm2u51-series/cm2u54eq3ae/index.html,text/html;charset=UTF-8,HEAD,2026-08-29T13:27:55+00:00
https://www.nuvoton.com/products/microcontrollers/arm-cortex-m23-mcus/cm2u51-series/cm2u54es8ae/index.html,200,valid,http_ok,https://www.nuvoton.com/products/microcontrollers/arm-cortex-m23-mcus/cm2u51-series/cm2u54es8ae/index.html,text/html;charset=UTF-8,HEAD,2026-08-29T13:27:55+00:00
https://www.nuvoton.com/products/microcontrollers/arm-cortex-m23-mcus/cm2u51-series/cm2u54gl3ae/index.html,200,valid,http_ok,https://www.nuvoton.com/products/microcontrollers/arm-cortex-m23-mcus/cm2u51-series/cm2u54gl3ae/index.html,text/html;charset=UTF-8,HEAD,2026-08-29T13:27:55+00:00
https://www.nuvoton.com/products/microcontrollers/arm-cortex-m23-mcus/cm2u51-series/cm2u54gn8ae/index.html,200,valid,http_ok,https://www.nuvoton.com/products/microcontrollers/arm-cortex-m23-mcus/cm2u51-series/cm2u54gn8ae/index.html,text/html;charset=UTF-8,HEAD,2026-08-29T13:27:55+00:00
https://www.nuvoton.com/products/microcontrollers/arm-cortex-m23-mcus/cm2u51-series/cm2u54gq3ae/index.html,200,valid,http_ok,https://www.nuvoton.com/products/microcontrollers/arm-cortex-m23-mcus/cm2u51-series/cm2u54gq3ae/index.html,text/html;charset=UTF-8,HEAD,2026-08-29T13:27:55+00:00
https://www.nuvoton.com/products/microcontrollers/arm-cortex-m23-mcus/cm2u51-series/cm2u54gs8ae/index.html,200,valid,http_ok,https://www.nuvoton.com/products/microcontrollers/arm-cortex-m23-mcus/cm2u51-series/cm2u54gs8ae/index.html,text/html;charset=UTF-8,HEAD,2026-08-29T13:27:56+00:00
https://www.nuvoton.com/products/microcontrollers/arm-cortex-m23-mcus/m2003-series/m2003fc1ae/index.html,200,valid,http_ok,https://www.nuvoton.com/products/microcontrollers/arm-cortex-m23-mcus/m2003-series/m2003fc1ae/index.html,text/html;charset=UTF-8,HEAD,2026-08-29T13:27:56+00:00
https://www.nuvoton.com/products/microcontrollers/arm-cortex-m23-mcus/m2003-series/m2003xc1ae/index.html,200,valid,http_ok,https://www.nuvoton.com/products/microcontrollers/arm-cortex-m23-mcus/m2003-series/m2003xc1ae/index.html,text/html;charset=UTF-8,HEAD,2026-08-29T13:27:56+00:00
https://www.nuvoton.com/products/microcontrollers/arm-cortex-m23-mcus/m2351-series/m2351ciaae/index.html,200,valid,http_ok,https://www.nuvoton.com/products/microcontrollers/arm-cortex-m23-mcus/m2351-series/m2351ciaae/index.html,text/html;charset=UTF-8,HEAD,2026-08-29T13:27:56+00:00
https://www.nuvoton.com/products/microcontrollers/arm-cortex-m23-mcus/m2351-series/m2351kiaae/index.html,200,valid,http_ok,https://www.nuvoton.com/products/microcontrollers/arm-cortex-m23-mcus/m2351-series/m2351kiaae/index.html,text/html;charset=UTF-8,HEAD,2026-08-29T13:27:56+00:00
https://www.nuvoton.com/products/microcontrollers/arm-cortex-m23-mcus/m2351-series/m2351sfsiaap/index.html,200,valid,http_ok,https://www.nuvoton.com/products/microcontrollers/arm-cortex-m23-mcus/m2351-series/m2351sfsiaap/index.html,text/html;charset=UTF-8,HEAD,2026-08-29T13:27:57+00:00
https://www.nuvoton.com/products/microcontrollers/arm-cortex-m23-mcus/m2351-series/m2351siaae/index.html,200,valid,http_ok,https://www.nuvoton.com/products/microcontrollers/arm-cortex-m23-mcus/m2351-series/m2351siaae/index.html,text/html;charset=UTF-8,HEAD,2026-08-29T13:27:57+00:00
https://www.nuvoton.com/products/microcontrollers/arm-cortex-m23-mcus/m2351-series/m2351ziaae/index.html,200,valid,http_ok,https://www.nuvoton.com/products/microcontrollers/arm-cortex-m23-mcus/m2351-series/m2351ziaae/index.html,text/html;charset=UTF-8,HEAD,2026-08-29T13:27:57+00:00
https://www.nuvoton.com/products/microcontrollers/arm-cortex-m23-mcus/m2354-series/m2354kjfae/index.html,200,valid,http_ok,https://www.nuvoton.com/products/microcontrollers/arm-cortex-m23-mcus/m2354-series/m2354kjfae/index.html,text/html;charset=UTF-8,HEAD,2026-08-29T13:27:57+00:00
https://www.nuvoton.com/products/microcontrollers/arm-cortex-m23-mcus/m2354-series/m2354kjfbe/index.html,200,valid,http_ok,https://www.nuvoton.com/products/microcontrollers/arm-cortex-m23-mcus/m2354-series/m2354kjfbe/index.html,text/html;charset=UTF-8,HEAD,2026-08-29T13:27:57+00:00
https://www.nuvoton.com/products/microcontrollers/arm-cortex-m23-mcus/m2354-series/m2354ljfae/index.html,200,valid,http_ok,https://www.nuvoton.com/products/microcontrollers/arm-cortex-m23-mcus/m2354-series/m2354ljfae/index.html,text/html;charset=UTF-8,HEAD,2026-08-29T13:27:57+00:00
https://www.nuvoton.com/products/microcontrollers/arm-cortex-m23-mcus/m2354-series/m2354ljfbe/index.html,200,valid,http_ok,https://www.nuvoton.com/products/microcontrollers/arm-cortex-m23-mcus/m2354-series/m2354ljfbe/index.html,text/html;charset=UTF-8,HEAD,2026-08-29T13:27:58+00:00
https://www.nuvoton.com/products/microcontrollers/arm-cortex-m23-mcus/m2354-series/m2354sjfae/index.html,200,valid,http_ok,https://www.nuvoton.com/products/microcontrollers/arm-cortex-m23-mcus/m2354-series/m2354sjfae/index.html,text/html;charset=UTF-8,HEAD,2026-08-29T13:27:58+00:00
https://www.nuvoton.com/products/microcontrollers/arm-cortex-m23-mcus/m2354-series/m2354sjfbe/index.html,200,valid,http_ok,https://www.nuvoton.com/products/microcontrollers/arm-cortex-m23-mcus/m2354-series/m2354sjfbe/index.html,text/html;charset=UTF-8,HEAD,2026-08-29T13:27:58+00:00
https://www.nuvoton.com/products/microcontrollers/arm-cortex-m23-mcus/m251-m252-series/m251ec2ae/index.html,200,valid,http_ok,https://www.nuvoton.com/products/microcontrollers/arm-cortex-m23-mcus/m251-m252-series/m251ec2ae/index.html,text/html;charset=UTF-8,HEAD,2026-08-29T13:27:58+00:00
https://www.nuvoton.com/products/microcontrollers/arm-cortex-m23-mcus/m251-m252-series/m251fc2ae/index.html,200,valid,http_ok,https://www.nuvoton.com/products/microcontrollers/arm-cortex-m23-mcus/m251-m252-series/m251fc2ae/index.html,text/html;charset=UTF-8,HEAD,2026-08-29T13:27:58+00:00
https://www.nuvoton.com/products/microcontrollers/arm-cortex-m23-mcus/m251-m252-series/m251ke3ae/index.html,200,valid,http_ok,https://www.nuvoton.com/products/microcontrollers/arm-cortex-m23-mcus/m251-m252-series/m251ke3ae/index.html,text/html;charset=UTF-8,HEAD,2026-08-29T13:27:58+00:00
https://www.nuvoton.com/products/microcontrollers/arm-cortex-m23-mcus/m251-m252-series/m251kg6ae/index.html,200,valid,http_ok,https://www.nuvoton.com/products/microcontrollers/arm-cortex-m23-mcus/m251-m252-series/m251kg6ae/index.html,text/html;charset=UTF-8,HEAD,2026-08-29T13:27:58+00:00
https://www.nuvoton.com/products/microcontrollers/arm-cortex-m23-mcus/m251-m252-series/m251lc2ae/index.html,200,valid,http_ok,https://www.nuvoton.com/products/microcontrollers/arm-cortex-m23-mcus/m251-m252-series/m251lc2ae/index.html,text/html;charset=UTF-8,HEAD,2026-08-29T13:27:58+00:00
https://www.nuvoton.com/products/microcontrollers/arm-cortex-m23-mcus/m251-m252-series/m251ld2ae/index.html,200,valid,http_ok,https://www.nuvoton.com/products/microcontrollers/arm-cortex-m23-mcus/m251-m252-series/m251ld2ae/index.html,text/html;charset=UTF-8,HEAD,2026-08-29T13:27:59+00:00
https://www.nuvoton.com/products/microcontrollers/arm-cortex-m23-mcus/m251-m252-series/m251le3ae/index.html,200,valid,http_ok,https://www.nuvoton.com/products/microcontrollers/arm-cortex-m23-mcus/m251-m252-series/m251le3ae/index.html,text/html;charset=UTF-8,HEAD,2026-08-29T13:27:59+00:00
https://www.nuvoton.com/products/microcontrollers/arm-cortex-m23-mcus/m251-m252-series/m251lg6ae/index.html,200,valid,http_ok,https://www.nuvoton.com/products/microcontrollers/arm-cortex-m23-mcus/m251-m252-series/m251lg6ae/index.html,text/html;charset=UTF-8,HEAD,2026-08-29T13:27:59+00:00
https://www.nuvoton.com/products/microcontrollers/arm-cortex-m23-mcus/m251-m252-series/m251sc2ae/index.html,200,valid,http_ok,https://www.nuvoton.com/products/microcontrollers/arm-cortex-m23-mcus/m251-m252-series/m251sc2ae/index.html,text/html;charset=UTF-8,HEAD,2026-08-29T13:27:59+00:00
https://www.nuvoton.com/products/microcontrollers/arm-cortex-m23-mcus/m251-m252-series/m251sd2ae/index.html,200,valid,http_ok,https://www.nuvoton.com/products/microcontrollers/arm-cortex-m23-mcus/m251-m252-series/m251sd2ae/index.html,text/html;charset=UTF-8,HEAD,2026-08-29T13:27:59+00:00
https://www.nuvoton.com/products/microcontrollers/arm-cortex-m23-mcus/m251-m252-series/m251se3ae/index.html,200,valid,http_ok,https://www.nuvoton.com/products/microcontrollers/arm-cortex-m23-mcus/m251-m252-series/m251se3ae/index.html,text/html;charset=UTF-8,HEAD,2026-08-29T13:27:59+00:00
https://www.nuvoton.com/products/microcontrollers/arm-cortex-m23-mcus/m251-m252-series/m251sg6ae/index.html,200,valid,http_ok,https://www.nuvoton.com/products/microcontrollers/arm-cortex-m23-mcus/m251-m252-series/m251sg6ae/index.html,text/html;charset=UTF-8,HEAD,2026-08-29T13:28:00+00:00
https://www.nuvoton.com/products/microcontrollers/arm-cortex-m23-mcus/m251-m252-series/m251zc2ae/index.html,200,valid,http_ok,https://www.nuvoton.com/products/microcontrollers/arm-cortex-m23-mcus/m251-m252-series/m251zc2ae/index.html,text/html;charset=UTF-8,HEAD,2026-08-29T13:28:00+00:00
https://www.nuvoton.com/products/microcontrollers/arm-cortex-m23-mcus/m251-m252-series/m251zd2ae/index.html,200,valid,http_ok,https://www.nuvoton.com/products/microcontrollers/arm-cortex-m23-mcus/m251-m252-series/m251zd2ae/index.html,text/html;charset=UTF-8,HEAD,2026-08-29T13:28:00+00:00
https://www.nuvoton.com/products/microcontrollers/arm-cortex-m23-mcus/m251-m252-series/m252ec2ae/index.html,200,valid,http_ok,https://www.nuvoton.com/products/microcontrollers/arm-cortex-m23-mcus/m251-m252-series/m252ec2ae/index.html,text/html;charset=UTF-8,HEAD,2026-08-29T13:28:00+00:00
https://www.nuvoton.com/products/microcontrollers/arm-cortex-m23-mcus/m251-m252-series/m252fc2ae/index.html,200,valid,http_ok,https://www.nuvoton.com/products/microcontrollers/arm-cortex-m23-mcus/m251-m252-series/m252fc2ae/index.html,text/html;charset=UTF-8,HEAD,2026-08-29T13:28:00+00:00
https://www.nuvoton.com/products/microcontrollers/arm-cortex-m23-mcus/m251-m252-series/m252ke3ae/index.html,200,valid,http_ok,https://www.nuvoton.com/products/microcontrollers/arm-cortex-m23-mcus/m251-m252-series/m252ke3ae/index.html,text/html;charset=UTF-8,HEAD,2026-08-29T13:28:00+00:00
https://www.nuvoton.com/products/microcontrollers/arm-cortex-m23-mcus/m251-m252-series/m252kg6ae/index.html,200,valid,http_ok,https://www.nuvoton.com/products/microcontrollers/arm-cortex-m23-mcus/m251-m252-series/m252kg6ae/index.html,text/html;charset=UTF-8,HEAD,2026-08-29T13:28:01+00:00
https://www.nuvoton.com/products/microcontrollers/arm-cortex-m23-mcus/m251-m252-series/m252lc2ae/index.html,200,valid,http_ok,https://www.nuvoton.com/products/microcontrollers/arm-cortex-m23-mcus/m251-m252-series/m252lc2ae/index.html,text/html;charset=UTF-8,HEAD,2026-08-29T13:28:01+00:00
https://www.nuvoton.com/products/microcontrollers/arm-cortex-m23-mcus/m251-m252-series/m252ld2ae/index.html,200,valid,http_ok,https://www.nuvoton.com/products/microcontrollers/arm-cortex-m23-mcus/m251-m252-series/m252ld2ae/index.html,text/html;charset=UTF-8,HEAD,2026-08-29T13:28:01+00:00
https://www.nuvoton.com/products/microcontrollers/arm-cortex-m23-mcus/m251-m252-series/m252le3ae/index.html,200,valid,http_ok,https://www.nuvoton.com/products/microcontrollers/arm-cortex-m23-mcus/m251-m252-series/m252le3ae/index.html,text/html;charset=UTF-8,HEAD,2026-08-29T13:28:01+00:00
https://www.nuvoton.com/products/microcontrollers/arm-cortex-m23-mcus/m251-m252-series/m252lg6ae/index.html,200,valid,http_ok,https://www.nuvoton.com/products/microcontrollers/arm-cortex-m23-mcus/m251-m252-series/m252lg6ae/index.html,text/html;charset=UTF-8,HEAD,2026-08-29T13:28:01+00:00
https://www.nuvoton.com/products/microcontrollers/arm-cortex-m23-mcus/m251-m252-series/m252sc2ae/index.html,200,valid,http_ok,https://www.nuvoton.com/products/microcontrollers/arm-cortex-m23-mcus/m251-m252-series/m252sc2ae/index.html,text/html;charset=UTF-8,HEAD,2026-08-29T13:28:01+00:00
https://www.nuvoton.com/products/microcontrollers/arm-cortex-m23-mcus/m251-m252-series/m252sd2ae/index.html,200,valid,http_ok,https://www.nuvoton.com/products/microcontrollers/arm-cortex-m23-mcus/m251-m252-series/m252sd2ae/index.html,text/html;charset=UTF-8,HEAD,2026-08-29T13:28:01+00:00
https://www.nuvoton.com/products/microcontrollers/arm-cortex-m23-mcus/m251-m252-series/m252se3ae/index.html,200,valid,http_ok,https://www.nuvoton.com/products/microcontrollers/arm-cortex-m23-mcus/m251-m252-series/m252se3ae/index.html,text/html;charset=UTF-8,HEAD,2026-08-29T13:28:02+00:00
https://www.nuvoton.com/products/microcontrollers/arm-cortex-m23-mcus/m251-m252-series/m252sg6ae/index.html,200,valid,http_ok,https://www.nuvoton.com/products/microcontrollers/arm-cortex-m23-mcus/m251-m252-series/m252sg6ae/index.html,text/html;charset=UTF-8,HEAD,2026-08-29T13:28:02+00:00
https://www.nuvoton.com/products/microcontrollers/arm-cortex-m23-mcus/m251-m252-series/m252zc2ae/index.html,200,valid,http_ok,https://www.nuvoton.com/products/microcontrollers/arm-cortex-m23-mcus/m251-m252-series/m252zc2ae/index.html,text/html;charset=UTF-8,HEAD,2026-08-29T13:28:02+00:00
https://www.nuvoton.com/products/microcontrollers/arm-cortex-m23-mcus/m251-m252-series/m252zd2ae/index.html,200,valid,http_ok,https://www.nuvoton.com/products/microcontrollers/arm-cortex-m23-mcus/m251-m252-series/m252zd2ae/index.html,text/html;charset=UTF-8,HEAD,2026-08-29T13:28:02+00:00
https://www.nuvoton.com/products/microcontrollers/arm-cortex-m23-mcus/m253-series/m253ld3ae/index.html,200,valid,http_ok,https://www.nuvoton.com/products/microcontrollers/arm-cortex-m23-mcus/m253-series/m253ld3ae/index.html,text/html;charset=UTF-8,HEAD,2026-08-29T13:28:04+00:00
https://www.nuvoton.com/products/microcontrollers/arm-cortex-m23-mcus/m253-series/m253ld3be/index.html,200,valid,http_ok,https://www.nuvoton.com/products/microcontrollers/arm-cortex-m23-mcus/m253-series/m253ld3be/index.html,text/html;charset=UTF-8,HEAD,2026-08-29T13:28:04+00:00
https://www.nuvoton.com/products/microcontrollers/arm-cortex-m23-mcus/m253-series/m253le3ae/index.html,200,valid,http_ok,https://www.nuvoton.com/products/microcontrollers/arm-cortex-m23-mcus/m253-series/m253le3ae/index.html,text/html;charset=UTF-8,HEAD,2026-08-29T13:28:04+00:00
https://www.nuvoton.com/products/microcontrollers/arm-cortex-m23-mcus/m253-series/m253le3be/index.html,200,valid,http_ok,https://www.nuvoton.com/products/microcontrollers/arm-cortex-m23-mcus/m253-series/m253le3be/index.html,text/html;charset=UTF-8,HEAD,2026-08-29T13:28:05+00:00
https://www.nuvoton.com/products/microcontrollers/arm-cortex-m23-mcus/m253-series/m253ze3ae/index.html,200,valid,http_ok,https://www.nuvoton.com/products/microcontrollers/arm-cortex-m23-mcus/m253-series/m253ze3ae/index.html,text/html;charset=UTF-8,HEAD,2026-08-29T13:28:05+00:00
https://www.nuvoton.com/products/microcontrollers/arm-cortex-m23-mcus/m253-series/m253ze3be/index.html,200,valid,http_ok,https://www.nuvoton.com/products/microcontrollers/arm-cortex-m23-mcus/m253-series/m253ze3be/index.html,text/html;charset=UTF-8,HEAD,2026-08-29T13:28:05+00:00
https://www.nuvoton.com/products/microcontrollers/arm-cortex-m23-mcus/m254-m256-m258-low-power-lcd-series/m254ke3ae/index.html,200,valid,http_ok,https://www.nuvoton.com/products/microcontrollers/arm-cortex-m23-mcus/m254-m256-m258-low-power-lcd-series/m254ke3ae/index.html,text/html;charset=UTF-8,HEAD,2026-08-29T13:28:02+00:00
https://www.nuvoton.com/products/microcontrollers/arm-cortex-m23-mcus/m254-m256-m258-low-power-lcd-series/m254kg6ae/index.html,200,valid,http_ok,https://www.nuvoton.com/products/microcontrollers/arm-cortex-m23-mcus/m254-m256-m258-low-power-lcd-series/m254kg6ae/index.html,text/html;charset=UTF-8,HEAD,2026-08-29T13:28:02+00:00
https://www.nuvoton.com/products/microcontrollers/arm-cortex-m23-mcus/m254-m256-m258-low-power-lcd-series/m254md2ae/index.html,200,valid,http_ok,https://www.nuvoton.com/products/microcontrollers/arm-cortex-m23-mcus/m254-m256-m258-low-power-lcd-series/m254md2ae/index.html,text/html;charset=UTF-8,HEAD,2026-08-29T13:28:02+00:00
https://www.nuvoton.com/products/microcontrollers/arm-cortex-m23-mcus/m254-m256-m258-low-power-lcd-series/m254sd2ae/index.html,200,valid,http_ok,https://www.nuvoton.com/products/microcontrollers/arm-cortex-m23-mcus/m254-m256-m258-low-power-lcd-series/m254sd2ae/index.html,text/html;charset=UTF-8,HEAD,2026-08-29T13:28:02+00:00
https://www.nuvoton.com/products/microcontrollers/arm-cortex-m23-mcus/m254-m256-m258-low-power-lcd-series/m254se3ae/index.html,200,valid,http_ok,https://www.nuvoton.com/products/microcontrollers/arm-cortex-m23-mcus/m254-m256-m258-low-power-lcd-series/m254se3ae/index.html,text/html;charset=UTF-8,HEAD,2026-08-29T13:28:02+00:00
https://www.nuvoton.com/products/microcontrollers/arm-cortex-m23-mcus/m254-m256-m258-low-power-lcd-series/m254sg6ae/index.html,200,valid,http_ok,https://www.nuvoton.com/products/microcontrollers/arm-cortex-m23-mcus/m254-m256-m258-low-power-lcd-series/m254sg6ae/index.html,text/html;charset=UTF-8,HEAD,2026-08-29T13:28:03+00:00
https://www.nuvoton.com/products/microcontrollers/arm-cortex-m23-mcus/m254-m256-m258-low-power-lcd-series/m256ke3ae/index.html,200,valid,http_ok,https://www.nuvoton.com/products/microcontrollers/arm-cortex-m23-mcus/m254-m256-m258-low-power-lcd-series/m256ke3ae/index.html,text/html;charset=UTF-8,HEAD,2026-08-29T13:28:03+00:00
https://www.nuvoton.com/products/microcontrollers/arm-cortex-m23-mcus/m254-m256-m258-low-power-lcd-series/m256md2ae/index.html,200,valid,http_ok,https://www.nuvoton.com/products/microcontrollers/arm-cortex-m23-mcus/m254-m256-m258-low-power-lcd-series/m256md2ae/index.html,text/html;charset=UTF-8,HEAD,2026-08-29T13:28:03+00:00
https://www.nuvoton.com/products/microcontrollers/arm-cortex-m23-mcus/m254-m256-m258-low-power-lcd-series/m256sd2ae/index.html,200,valid,http_ok,https://www.nuvoton.com/products/microcontrollers/arm-cortex-m23-mcus/m254-m256-m258-low-power-lcd-series/m256sd2ae/index.html,text/html;charset=UTF-8,HEAD,2026-08-29T13:28:03+00:00
https://www.nuvoton.com/products/microcontrollers/arm-cortex-m23-mcus/m254-m256-m258-low-power-lcd-series/m256se3ae/index.html,200,valid,http_ok,https://www.nuvoton.com/products/microcontrollers/arm-cortex-m23-mcus/m254-m256-m258-low-power-lcd-series/m256se3ae/index.html,text/html;charset=UTF-8,HEAD,2026-08-29T13:28:04+00:00
https://www.nuvoton.com/products/microcontrollers/arm-cortex-m23-mcus/m254-m256-m258-low-power-lcd-series/m258ke3ae/index.html,200,valid,http_ok,https://www.nuvoton.com/products/microcontrollers/arm-cortex-m23-mcus/m254-m256-m258-low-power-lcd-series/m258ke3ae/index.html,text/html;charset=UTF-8,HEAD,2026-08-29T13:28:04+00:00
https://www.nuvoton.com/products/microcontrollers/arm-cortex-m23-mcus/m254-m256-m258-low-power-lcd-series/m258kg6ae/index.html,200,valid,http_ok,https://www.nuvoton.com/products/microcontrollers/arm-cortex-m23-mcus/m254-m256-m258-low-power-lcd-series/m258kg6ae/index.html,text/html;charset=UTF-8,HEAD,2026-08-29T13:28:04+00:00
https://www.nuvoton.com/products/microcontrollers/arm-cortex-m23-mcus/m254-m256-m258-low-power-lcd-series/m258se3ae/index.html,200,valid,http_ok,https://www.nuvoton.com/products/microcontrollers/arm-cortex-m23-mcus/m254-m256-m258-low-power-lcd-series/m258se3ae/index.html,text/html;charset=UTF-8,HEAD,2026-08-29T13:28:04+00:00
https://www.nuvoton.com/products/microcontrollers/arm-cortex-m23-mcus/m254-m256-m258-low-power-lcd-series/m258sg6ae/index.html,200,valid,http_ok,https://www.nuvoton.com/products/microcontrollers/arm-cortex-m23-mcus/m254-m256-m258-low-power-lcd-series/m258sg6ae/index.html,text/html;charset=UTF-8,HEAD,2026-08-29T13:28:04+00:00
https://www.nuvoton.com/products/microcontrollers/arm-cortex-m23-mcus/m261-m262-m263-series/m261kiaae/index.html,200,valid,http_ok,https://www.nuvoton.com/products/microcontrollers/arm-cortex-m23-mcus/m261-m262-m263-series/m261kiaae/index.html,text/html;charset=UTF-8,HEAD,2026-08-29T13:28:05+00:00
https://www.nuvoton.com/products/microcontrollers/arm-cortex-m23-mcus/m261-m262-m263-series/m261siaae/index.html,200,valid,http_ok,https://www.nuvoton.com/products/microcontrollers/arm-cortex-m23-mcus/m261-m262-m263-series/m261siaae/index.html,text/html;charset=UTF-8,HEAD,2026-08-29T13:28:05+00:00
https://www.nuvoton.com/products/microcontrollers/arm-cortex-m23-mcus/m261-m262-m263-series/m261ziaae/index.html,200,valid,http_ok,https://www.nuvoton.com/products/microcontrollers/arm-cortex-m23-mcus/m261-m262-m263-series/m261ziaae/index.html,text/html;charset=UTF-8,HEAD,2026-08-29T13:28:05+00:00
https://www.nuvoton.com/products/microcontrollers/arm-cortex-m23-mcus/m261-m262-m263-series/m262kiaae/index.html,200,valid,http_ok,https://www.nuvoton.com/products/microcontrollers/arm-cortex-m23-mcus/m261-m262-m263-series/m262kiaae/index.html,text/html;charset=UTF-8,HEAD,2026-08-29T13:28:05+00:00
https://www.nuvoton.com/products/microcontrollers/arm-cortex-m23-mcus/m261-m262-m263-series/m262siaae/index.html,200,valid,http_ok,https://www.nuvoton.com/products/microcontrollers/arm-cortex-m23-mcus/m261-m262-m263-series/m262siaae/index.html,text/html;charset=UTF-8,HEAD,2026-08-29T13:28:05+00:00
https://www.nuvoton.com/products/microcontrollers/arm-cortex-m23-mcus/m261-m262-m263-series/m262ziaae/index.html,200,valid,http_ok,https://www.nuvoton.com/products/microcontrollers/arm-cortex-m23-mcus/m261-m262-m263-series/m262ziaae/index.html,text/html;charset=UTF-8,HEAD,2026-08-29T13:28:06+00:00
https://www.nuvoton.com/products/microcontrollers/arm-cortex-m23-mcus/m261-m262-m263-series/m263kiaae/index.html,200,valid,http_ok,https://www.nuvoton.com/products/microcontrollers/arm-cortex-m23-mcus/m261-m262-m263-series/m263kiaae/index.html,text/html;charset=UTF-8,HEAD,2026-08-29T13:28:06+00:00
https://www.nuvoton.com/products/microcontrollers/arm-cortex-m23-mcus/m261-m262-m263-series/m263siaae/index.html,200,valid,http_ok,https://www.nuvoton.com/products/microcontrollers/arm-cortex-m23-mcus/m261-m262-m263-series/m263siaae/index.html,text/html;charset=UTF-8,HEAD,2026-08-29T13:28:06+00:00
https://www.nuvoton.com/products/microcontrollers/arm-cortex-m23-mcus/m261-m262-m263-series/m263ziaae/index.html,200,valid,http_ok,https://www.nuvoton.com/products/microcontrollers/arm-cortex-m23-mcus/m261-m262-m263-series/m263ziaae/index.html,text/html;charset=UTF-8,HEAD,2026-08-29T13:28:06+00:00
https://www.nuvoton.com/products/microcontrollers/arm-cortex-m23-mcus/m2a23-series/m2a23ld5ac/index.html,200,valid,http_ok,https://www.nuvoton.com/products/microcontrollers/arm-cortex-m23-mcus/m2a23-series/m2a23ld5ac/index.html,text/html;charset=UTF-8,HEAD,2026-08-29T13:28:06+00:00
https://www.nuvoton.com/products/microcontrollers/arm-cortex-m23-mcus/m2a23-series/m2a23le5ac/index.html,200,valid,http_ok,https://www.nuvoton.com/products/microcontrollers/arm-cortex-m23-mcus/m2a23-series/m2a23le5ac/index.html,text/html;charset=UTF-8,HEAD,2026-08-29T13:28:07+00:00
https://www.nuvoton.com/products/microcontrollers/arm-cortex-m23-mcus/m2a23-series/m2a23lg5ac/index.html,200,valid,http_ok,https://www.nuvoton.com/products/microcontrollers/arm-cortex-m23-mcus/m2a23-series/m2a23lg5ac/index.html,text/html;charset=UTF-8,HEAD,2026-08-29T13:28:07+00:00
https://www.nuvoton.com/products/microcontrollers/arm-cortex-m23-mcus/m2a23-series/m2a23sd5ac/index.html,200,valid,http_ok,https://www.nuvoton.com/products/microcontrollers/arm-cortex-m23-mcus/m2a23-series/m2a23sd5ac/index.html,text/html;charset=UTF-8,HEAD,2026-08-29T13:28:07+00:00
https://www.nuvoton.com/products/microcontrollers/arm-cortex-m23-mcus/m2a23-series/m2a23se5ac/index.html,200,valid,http_ok,https://www.nuvoton.com/products/microcontrollers/arm-cortex-m23-mcus/m2a23-series/m2a23se5ac/index.html,text/html;charset=UTF-8,HEAD,2026-08-29T13:28:07+00:00
https://www.nuvoton.com/products/microcontrollers/arm-cortex-m23-mcus/m2a23-series/m2a23se5acu/index.html,200,valid,http_ok,https://www.nuvoton.com/products/microcontrollers/arm-cortex-m23-mcus/m2a23-series/m2a23se5acu/index.html,text/html;charset=UTF-8,HEAD,2026-08-29T13:28:07+00:00
https://www.nuvoton.com/products/microcontrollers/arm-cortex-m23-mcus/m2a23-series/m2a23sg5ac/index.html,200,valid,http_ok,https://www.nuvoton.com/products/microcontrollers/arm-cortex-m23-mcus/m2a23-series/m2a23sg5ac/index.html,text/html;charset=UTF-8,HEAD,2026-08-29T13:28:07+00:00
https://www.nuvoton.com/products/microcontrollers/arm-cortex-m23-mcus/m2a23-series/m2a23sg5acu/index.html,200,valid,http_ok,https://www.nuvoton.com/products/microcontrollers/arm-cortex-m23-mcus/m2a23-series/m2a23sg5acu/index.html,text/html;charset=UTF-8,HEAD,2026-08-29T13:28:07+00:00
https://www.nuvoton.com/products/microcontrollers/arm-cortex-m23-mcus/m2a23-series/m2a23yd5ac/index.html,200,valid,http_ok,https://www.nuvoton.com/products/microcontrollers/arm-cortex-m23-mcus/m2a23-series/m2a23yd5ac/index.html,text/html;charset=UTF-8,HEAD,2026-08-29T13:28:07+00:00
https://www.nuvoton.com/products/microcontrollers/arm-cortex-m23-mcus/m2a23-series/m2a23ye5ac/index.html,200,valid,http_ok,https://www.nuvoton.com/products/microcontrollers/arm-cortex-m23-mcus/m2a23-series/m2a23ye5ac/index.html,text/html;charset=UTF-8,HEAD,2026-08-29T13:28:08+00:00
https://www.nuvoton.com/products/microcontrollers/arm-cortex-m23-mcus/m2a23-series/m2a23yg5ac/index.html,200,valid,http_ok,https://www.nuvoton.com/products/microcontrollers/arm-cortex-m23-mcus/m2a23-series/m2a23yg5ac/index.html,text/html;charset=UTF-8,HEAD,2026-08-29T13:28:08+00:00
https://www.nuvoton.com/products/microcontrollers/arm-cortex-m23-mcus/m2l31-series/m2l31kgdae/index.html,200,valid,http_ok,https://www.nuvoton.com/products/microcontrollers/arm-cortex-m23-mcus/m2l31-series/m2l31kgdae/index.html,text/html;charset=UTF-8,HEAD,2026-08-29T13:28:08+00:00
https://www.nuvoton.com/products/microcontrollers/arm-cortex-m23-mcus/m2l31-series/m2l31kidae/index.html,200,valid,http_ok,https://www.nuvoton.com/products/microcontrollers/arm-cortex-m23-mcus/m2l31-series/m2l31kidae/index.html,text/html;charset=UTF-8,HEAD,2026-08-29T13:28:08+00:00
https://www.nuvoton.com/products/microcontrollers/arm-cortex-m23-mcus/m2l31-series/m2l31ld4ae/index.html,200,valid,http_ok,https://www.nuvoton.com/products/microcontrollers/arm-cortex-m23-mcus/m2l31-series/m2l31ld4ae/index.html,text/html;charset=UTF-8,HEAD,2026-08-29T13:28:09+00:00
https://www.nuvoton.com/products/microcontrollers/arm-cortex-m23-mcus/m2l31-series/m2l31le4ae/index.html,200,valid,http_ok,https://www.nuvoton.com/products/microcontrollers/arm-cortex-m23-mcus/m2l31-series/m2l31le4ae/index.html,text/html;charset=UTF-8,HEAD,2026-08-29T13:28:09+00:00
https://www.nuvoton.com/products/microcontrollers/arm-cortex-m23-mcus/m2l31-series/m2l31lg4ae/index.html,200,valid,http_ok,https://www.nuvoton.com/products/microcontrollers/arm-cortex-m23-mcus/m2l31-series/m2l31lg4ae/index.html,text/html;charset=UTF-8,HEAD,2026-08-29T13:28:09+00:00
https://www.nuvoton.com/products/microcontrollers/arm-cortex-m23-mcus/m2l31-series/m2l31lgdae/index.html,200,valid,http_ok,https://www.nuvoton.com/products/microcontrollers/arm-cortex-m23-mcus/m2l31-series/m2l31lgdae/index.html,text/html;charset=UTF-8,HEAD,2026-08-29T13:28:09+00:00
https://www.nuvoton.com/products/microcontrollers/arm-cortex-m23-mcus/m2l31-series/m2l31lidae/index.html,200,valid,http_ok,https://www.nuvoton.com/products/microcontrollers/arm-cortex-m23-mcus/m2l31-series/m2l31lidae/index.html,text/html;charset=UTF-8,HEAD,2026-08-29T13:28:09+00:00
https://www.nuvoton.com/products/microcontrollers/arm-cortex-m23-mcus/m2l31-series/m2l31se4ae/index.html,200,valid,http_ok,https://www.nuvoton.com/products/microcontrollers/arm-cortex-m23-mcus/m2l31-series/m2l31se4ae/index.html,text/html;charset=UTF-8,HEAD,2026-08-29T13:28:09+00:00
https://www.nuvoton.com/products/microcontrollers/arm-cortex-m23-mcus/m2l31-series/m2l31sg4ae/index.html,200,valid,http_ok,https://www.nuvoton.com/products/microcontrollers/arm-cortex-m23-mcus/m2l31-series/m2l31sg4ae/index.html,text/html;charset=UTF-8,HEAD,2026-08-29T13:28:09+00:00
https://www.nuvoton.com/products/microcontrollers/arm-cortex-m23-mcus/m2l31-series/m2l31sgdae/index.html,200,valid,http_ok,https://www.nuvoton.com/products/microcontrollers/arm-cortex-m23-mcus/m2l31-series/m2l31sgdae/index.html,text/html;charset=UTF-8,HEAD,2026-08-29T13:28:09+00:00
https://www.nuvoton.com/products/microcontrollers/arm-cortex-m23-mcus/m2l31-series/m2l31sidae/index.html,200,valid,http_ok,https://www.nuvoton.com/products/microcontrollers/arm-cortex-m23-mcus/m2l31-series/m2l31sidae/index.html,text/html;charset=UTF-8,HEAD,2026-08-29T13:28:09+00:00
https://www.nuvoton.com/products/microcontrollers/arm-cortex-m23-mcus/m2l31-series/m2l31yd4ae/index.html,200,valid,http_ok,https://www.nuvoton.com/products/microcontrollers/arm-cortex-m23-mcus/m2l31-series/m2l31yd4ae/index.html,text/html;charset=UTF-8,HEAD,2026-08-29T13:28:09+00:00
https://www.nuvoton.com/products/microcontrollers/arm-cortex-m23-mcus/m2l31-series/m2l31ye4ae/index.html,200,valid,http_ok,https://www.nuvoton.com/products/microcontrollers/arm-cortex-m23-mcus/m2l31-series/m2l31ye4ae/index.html,text/html;charset=UTF-8,HEAD,2026-08-29T13:28:09+00:00
https://www.nuvoton.com/products/microcontrollers/arm-cortex-m23-mcus/m2l31-series/m2l31yg4ae/index.html,200,valid,http_ok,https://www.nuvoton.com/products/microcontrollers/arm-cortex-m23-mcus/m2l31-series/m2l31yg4ae/index.html,text/html;charset=UTF-8,HEAD,2026-08-29T13:28:10+00:00
https://www.nuvoton.com/products/microcontrollers/arm-cortex-m23-mcus/m2l31-series/m2l31ygdae/index.html,200,valid,http_ok,https://www.nuvoton.com/products/microcontrollers/arm-cortex-m23-mcus/m2l31-series/m2l31ygdae/index.html,text/html;charset=UTF-8,HEAD,2026-08-29T13:28:10+00:00
https://www.nuvoton.com/products/microcontrollers/arm-cortex-m23-mcus/m2l31-series/m2l31yidae/index.html,200,valid,http_ok,https://www.nuvoton.com/products/microcontrollers/arm-cortex-m23-mcus/m2l31-series/m2l31yidae/index.html,text/html;charset=UTF-8,HEAD,2026-08-29T13:28:10+00:00
https://www.nuvoton.com/products/microcontrollers/arm-cortex-m23-mcus/m2l31-series/m2l31zd4ae/index.html,200,valid,http_ok,https://www.nuvoton.com/products/microcontrollers/arm-cortex-m23-mcus/m2l31-series/m2l31zd4ae/index.html,text/html;charset=UTF-8,HEAD,2026-08-29T13:28:10+00:00
https://www.nuvoton.com/products/microcontrollers/arm-cortex-m23-mcus/m2l31-series/m2l31ze4ae/index.html,200,valid,http_ok,https://www.nuvoton.com/products/microcontrollers/arm-cortex-m23-mcus/m2l31-series/m2l31ze4ae/index.html,text/html;charset=UTF-8,HEAD,2026-08-29T13:28:10+00:00
https://www.nuvoton.com/products/microcontrollers/arm-cortex-m23-mcus/m2u51-m2u54-series/m2u51ec2ae/index.html,200,valid,http_ok,https://www.nuvoton.com/products/microcontrollers/arm-cortex-m23-mcus/m2u51-m2u54-series/m2u51ec2ae/index.html,text/html;charset=UTF-8,HEAD,2026-08-29T13:28:10+00:00
https://www.nuvoton.com/products/microcontrollers/arm-cortex-m23-mcus/m2u51-m2u54-series/m2u51fc2ae/index.html,200,valid,http_ok,https://www.nuvoton.com/products/microcontrollers/arm-cortex-m23-mcus/m2u51-m2u54-series/m2u51fc2ae/index.html,text/html;charset=UTF-8,HEAD,2026-08-29T13:28:10+00:00
https://www.nuvoton.com/products/microcontrollers/arm-cortex-m23-mcus/m2u51-m2u54-series/m2u51tc2ae/index.html,200,valid,http_ok,https://www.nuvoton.com/products/microcontrollers/arm-cortex-m23-mcus/m2u51-m2u54-series/m2u51tc2ae/index.html,text/html;charset=UTF-8,HEAD,2026-08-29T13:28:10+00:00
https://www.nuvoton.com/products/microcontrollers/arm-cortex-m23-mcus/m2u51-m2u54-series/m2u51yc2ae/index.html,200,valid,http_ok,https://www.nuvoton.com/products/microcontrollers/arm-cortex-m23-mcus/m2u51-m2u54-series/m2u51yc2ae/index.html,text/html;charset=UTF-8,HEAD,2026-08-29T13:28:10+00:00
https://www.nuvoton.com/products/microcontrollers/arm-cortex-m23-mcus/m2u51-m2u54-series/m2u51yd3ae/index.html,200,valid,http_ok,https://www.nuvoton.com/products/microcontrollers/arm-cortex-m23-mcus/m2u51-m2u54-series/m2u51yd3ae/index.html,text/html;charset=UTF-8,HEAD,2026-08-29T13:28:11+00:00
https://www.nuvoton.com/products/microcontrollers/arm-cortex-m23-mcus/m2u51-m2u54-series/m2u54ae4ae/index.html,200,valid,http_ok,https://www.nuvoton.com/products/microcontrollers/arm-cortex-m23-mcus/m2u51-m2u54-series/m2u54ae4ae/index.html,text/html;charset=UTF-8,HEAD,2026-08-29T13:28:11+00:00
https://www.nuvoton.com/products/microcontrollers/arm-cortex-m23-mcus/m2u51-m2u54-series/m2u54ag6ae/index.html,200,valid,http_ok,https://www.nuvoton.com/products/microcontrollers/arm-cortex-m23-mcus/m2u51-m2u54-series/m2u54ag6ae/index.html,text/html;charset=UTF-8,HEAD,2026-08-29T13:28:11+00:00
https://www.nuvoton.com/products/microcontrollers/arm-cortex-m23-mcus/m2u51-m2u54-series/m2u54ke4ae/index.html,200,valid,http_ok,https://www.nuvoton.com/products/microcontrollers/arm-cortex-m23-mcus/m2u51-m2u54-series/m2u54ke4ae/index.html,text/html;charset=UTF-8,HEAD,2026-08-29T13:28:11+00:00
https://www.nuvoton.com/products/microcontrollers/arm-cortex-m23-mcus/m2u51-m2u54-series/m2u54kg6ae/index.html,200,valid,http_ok,https://www.nuvoton.com/products/microcontrollers/arm-cortex-m23-mcus/m2u51-m2u54-series/m2u54kg6ae/index.html,text/html;charset=UTF-8,HEAD,2026-08-29T13:28:11+00:00
https://www.nuvoton.com/products/microcontrollers/arm-cortex-m23-mcus/m2u51-m2u54-series/m2u54se4ae/index.html,200,valid,http_ok,https://www.nuvoton.com/products/microcontrollers/arm-cortex-m23-mcus/m2u51-m2u54-series/m2u54se4ae/index.html,text/html;charset=UTF-8,HEAD,2026-08-29T13:28:11+00:00
https://www.nuvoton.com/products/microcontrollers/arm-cortex-m23-mcus/m2u51-m2u54-series/m2u54sg6ae/index.html,200,valid,http_ok,https://www.nuvoton.com/products/microcontrollers/arm-cortex-m23-mcus/m2u51-m2u54-series/m2u54sg6ae/index.html,text/html;charset=UTF-8,HEAD,2026-08-29T13:28:12+00:00
https://www.nuvoton.com/products/microcontrollers/arm-cortex-m23-mcus/m2u51-m2u54-series/m2u54ye4ae/index.html,200,valid,http_ok,https://www.nuvoton.com/products/microcontrollers/arm-cortex-m23-mcus/m2u51-m2u54-series/m2u54ye4ae/index.html,text/html;charset=UTF-8,HEAD,2026-08-29T13:28:12+00:00
https://www.nuvoton.com/products/microcontrollers/arm-cortex-m23-mcus/m2u51-m2u54-series/m2u54yg6ae/index.html,200,valid,http_ok,https://www.nuvoton.com/products/microcontrollers/arm-cortex-m23-mcus/m2u51-m2u54-series/m2u54yg6ae/index.html,text/html;charset=UTF-8,HEAD,2026-08-29T13:28:13+00:00
https://www.nuvoton.com/products/microcontrollers/arm-cortex-m23-mcus/nuc1262-series/nuc1262le4ae/index.html,200,valid,http_ok,https://www.nuvoton.com/products/microcontrollers/arm-cortex-m23-mcus/nuc1262-series/nuc1262le4ae/index.html,text/html;charset=UTF-8,HEAD,2026-08-29T13:28:13+00:00
https://www.nuvoton.com/products/microcontrollers/arm-cortex-m23-mcus/nuc1262-series/nuc1262ne4ae/index.html,200,valid,http_ok,https://www.nuvoton.com/products/microcontrollers/arm-cortex-m23-mcus/nuc1262-series/nuc1262ne4ae/index.html,text/html;charset=UTF-8,HEAD,2026-08-29T13:28:13+00:00
https://www.nuvoton.com/products/microcontrollers/arm-cortex-m23-mcus/nuc1262-series/nuc1262se4ae/index.html,200,valid,http_ok,https://www.nuvoton.com/products/microcontrollers/arm-cortex-m23-mcus/nuc1262-series/nuc1262se4ae/index.html,text/html;charset=UTF-8,HEAD,2026-08-29T13:28:13+00:00
https://www.nuvoton.com/products/microcontrollers/arm-cortex-m23-mcus/nuc1262-series/nuc1262ye4ae/index.html,200,valid,http_ok,https://www.nuvoton.com/products/microcontrollers/arm-cortex-m23-mcus/nuc1262-series/nuc1262ye4ae/index.html,text/html;charset=UTF-8,HEAD,2026-08-29T13:28:13+00:00
https://www.nuvoton.com/products/microcontrollers/arm-cortex-m23-mcus/nuc1263-series/nuc1263ld4ce/index.html,200,valid,http_ok,https://www.nuvoton.com/products/microcontrollers/arm-cortex-m23-mcus/nuc1263-series/nuc1263ld4ce/index.html,text/html;charset=UTF-8,HEAD,2026-08-29T13:28:13+00:00
https://www.nuvoton.com/products/microcontrollers/arm-cortex-m23-mcus/nuc1263-series/nuc1263nd4ce/index.html,200,valid,http_ok,https://www.nuvoton.com/products/microcontrollers/arm-cortex-m23-mcus/nuc1263-series/nuc1263nd4ce/index.html,text/html;charset=UTF-8,HEAD,2026-08-29T13:28:13+00:00
https://www.nuvoton.com/products/microcontrollers/arm-cortex-m23-mcus/nuc1263-series/nuc1263sd4ce/index.html,200,valid,http_ok,https://www.nuvoton.com/products/microcontrollers/arm-cortex-m23-mcus/nuc1263-series/nuc1263sd4ce/index.html,text/html;charset=UTF-8,HEAD,2026-08-29T13:28:13+00:00
https://www.nuvoton.com/products/microcontrollers/arm-cortex-m23-mcus/nuc1263-series/nuc1263zd4ce/index.html,200,valid,http_ok,https://www.nuvoton.com/products/microcontrollers/arm-cortex-m23-mcus/nuc1263-series/nuc1263zd4ce/index.html,text/html;charset=UTF-8,HEAD,2026-08-29T13:28:13+00:00
https://www.nuvoton.com/products/microcontrollers/arm-cortex-m33-mcus/cm3033-series/cm3033hl3ae/index.html,200,valid,http_ok,https://www.nuvoton.com/products/microcontrollers/arm-cortex-m33-mcus/cm3033-series/cm3033hl3ae/index.html,text/html;charset=UTF-8,HEAD,2026-08-29T13:28:13+00:00
https://www.nuvoton.com/products/microcontrollers/arm-cortex-m33-mcus/cm3033-series/cm3033hl8ae/index.html,200,valid,http_ok,https://www.nuvoton.com/products/microcontrollers/arm-cortex-m33-mcus/cm3033-series/cm3033hl8ae/index.html,text/html;charset=UTF-8,HEAD,2026-08-29T13:28:13+00:00
https://www.nuvoton.com/products/microcontrollers/arm-cortex-m33-mcus/cm3033-series/cm3033hn8ae/index.html,200,valid,http_ok,https://www.nuvoton.com/products/microcontrollers/arm-cortex-m33-mcus/cm3033-series/cm3033hn8ae/index.html,text/html;charset=UTF-8,HEAD,2026-08-29T13:28:14+00:00
https://www.nuvoton.com/products/microcontrollers/arm-cortex-m33-mcus/cm3033-series/cm3033hs8ae/index.html,200,valid,http_ok,https://www.nuvoton.com/products/microcontrollers/arm-cortex-m33-mcus/cm3033-series/cm3033hs8ae/index.html,text/html;charset=UTF-8,HEAD,2026-08-29T13:28:14+00:00
https://www.nuvoton.com/products/microcontrollers/arm-cortex-m33-mcus/cm3034-series/cm3034hl3ae/index.html,200,valid,http_ok,https://www.nuvoton.com/products/microcontrollers/arm-cortex-m33-mcus/cm3034-series/cm3034hl3ae/index.html,text/html;charset=UTF-8,HEAD,2026-08-29T13:28:14+00:00
https://www.nuvoton.com/products/microcontrollers/arm-cortex-m33-mcus/cm3034-series/cm3034hl8ae/index.html,200,valid,http_ok,https://www.nuvoton.com/products/microcontrollers/arm-cortex-m33-mcus/cm3034-series/cm3034hl8ae/index.html,text/html;charset=UTF-8,HEAD,2026-08-29T13:28:14+00:00
https://www.nuvoton.com/products/microcontrollers/arm-cortex-m33-mcus/cm3034-series/cm3034hn8ae/index.html,200,valid,http_ok,https://www.nuvoton.com/products/microcontrollers/arm-cortex-m33-mcus/cm3034-series/cm3034hn8ae/index.html,text/html;charset=UTF-8,HEAD,2026-08-29T13:28:14+00:00
https://www.nuvoton.com/products/microcontrollers/arm-cortex-m33-mcus/cm3034-series/cm3034hs8ae/index.html,200,valid,http_ok,https://www.nuvoton.com/products/microcontrollers/arm-cortex-m33-mcus/cm3034-series/cm3034hs8ae/index.html,text/html;charset=UTF-8,HEAD,2026-08-29T13:28:15+00:00
https://www.nuvoton.com/products/microcontrollers/arm-cortex-m33-mcus/m3333-series/m3333kigae/index.html,200,valid,http_ok,https://www.nuvoton.com/products/microcontrollers/arm-cortex-m33-mcus/m3333-series/m3333kigae/index.html,text/html;charset=UTF-8,HEAD,2026-08-29T13:28:15+00:00
https://www.nuvoton.com/products/microcontrollers/arm-cortex-m33-mcus/m3333-series/m3333lgaae/index.html,200,valid,http_ok,https://www.nuvoton.com/products/microcontrollers/arm-cortex-m33-mcus/m3333-series/m3333lgaae/index.html,text/html;charset=UTF-8,HEAD,2026-08-29T13:28:15+00:00
https://www.nuvoton.com/products/microcontrollers/arm-cortex-m33-mcus/m3333-series/m3333ligae/index.html,200,valid,http_ok,https://www.nuvoton.com/products/microcontrollers/arm-cortex-m33-mcus/m3333-series/m3333ligae/index.html,text/html;charset=UTF-8,HEAD,2026-08-29T13:28:15+00:00
https://www.nuvoton.com/products/microcontrollers/arm-cortex-m33-mcus/m3333-series/m3333sgaae/index.html,200,valid,http_ok,https://www.nuvoton.com/products/microcontrollers/arm-cortex-m33-mcus/m3333-series/m3333sgaae/index.html,text/html;charset=UTF-8,HEAD,2026-08-29T13:28:15+00:00
https://www.nuvoton.com/products/microcontrollers/arm-cortex-m33-mcus/m3333-series/m3333sigae/index.html,200,valid,http_ok,https://www.nuvoton.com/products/microcontrollers/arm-cortex-m33-mcus/m3333-series/m3333sigae/index.html,text/html;charset=UTF-8,HEAD,2026-08-29T13:28:15+00:00
https://www.nuvoton.com/products/microcontrollers/arm-cortex-m33-mcus/m3333-series/m3333tgaae/index.html,200,valid,http_ok,https://www.nuvoton.com/products/microcontrollers/arm-cortex-m33-mcus/m3333-series/m3333tgaae/index.html,text/html;charset=UTF-8,HEAD,2026-08-29T13:28:15+00:00
https://www.nuvoton.com/products/microcontrollers/arm-cortex-m33-mcus/m3333-series/m3333tigae/index.html,200,valid,http_ok,https://www.nuvoton.com/products/microcontrollers/arm-cortex-m33-mcus/m3333-series/m3333tigae/index.html,text/html;charset=UTF-8,HEAD,2026-08-29T13:28:15+00:00
https://www.nuvoton.com/products/microcontrollers/arm-cortex-m33-mcus/m3333-series/m3333ygaae/index.html,200,valid,http_ok,https://www.nuvoton.com/products/microcontrollers/arm-cortex-m33-mcus/m3333-series/m3333ygaae/index.html,text/html;charset=UTF-8,HEAD,2026-08-29T13:28:15+00:00
https://www.nuvoton.com/products/microcontrollers/arm-cortex-m33-mcus/m3333-series/m3333yigae/index.html,200,valid,http_ok,https://www.nuvoton.com/products/microcontrollers/arm-cortex-m33-mcus/m3333-series/m3333yigae/index.html,text/html;charset=UTF-8,HEAD,2026-08-29T13:28:16+00:00
https://www.nuvoton.com/products/microcontrollers/arm-cortex-m33-mcus/m3334-series/m3334kigae/index.html,200,valid,http_ok,https://www.nuvoton.com/products/microcontrollers/arm-cortex-m33-mcus/m3334-series/m3334kigae/index.html,text/html;charset=UTF-8,HEAD,2026-08-29T13:28:16+00:00
https://www.nuvoton.com/products/microcontrollers/arm-cortex-m33-mcus/m3334-series/m3334lgaae/index.html,200,valid,http_ok,https://www.nuvoton.com/products/microcontrollers/arm-cortex-m33-mcus/m3334-series/m3334lgaae/index.html,text/html;charset=UTF-8,HEAD,2026-08-29T13:28:16+00:00
https://www.nuvoton.com/products/microcontrollers/arm-cortex-m33-mcus/m3334-series/m3334ligae/index.html,200,valid,http_ok,https://www.nuvoton.com/products/microcontrollers/arm-cortex-m33-mcus/m3334-series/m3334ligae/index.html,text/html;charset=UTF-8,HEAD,2026-08-29T13:28:16+00:00
https://www.nuvoton.com/products/microcontrollers/arm-cortex-m33-mcus/m3334-series/m3334sgaae/index.html,200,valid,http_ok,https://www.nuvoton.com/products/microcontrollers/arm-cortex-m33-mcus/m3334-series/m3334sgaae/index.html,text/html;charset=UTF-8,HEAD,2026-08-29T13:28:16+00:00
https://www.nuvoton.com/products/microcontrollers/arm-cortex-m33-mcus/m3334-series/m3334sigae/index.html,200,valid,http_ok,https://www.nuvoton.com/products/microcontrollers/arm-cortex-m33-mcus/m3334-series/m3334sigae/index.html,text/html;charset=UTF-8,HEAD,2026-08-29T13:28:16+00:00
https://www.nuvoton.com/products/microcontrollers/arm-cortex-m33-mcus/m3334-series/m3334tgaae/index.html,200,valid,http_ok,https://www.nuvoton.com/products/microcontrollers/arm-cortex-m33-mcus/m3334-series/m3334tgaae/index.html,text/html;charset=UTF-8,HEAD,2026-08-29T13:28:16+00:00
https://www.nuvoton.com/products/microcontrollers/arm-cortex-m33-mcus/m3334-series/m3334tigae/index.html,200,valid,http_ok,https://www.nuvoton.com/products/microcontrollers/arm-cortex-m33-mcus/m3334-series/m3334tigae/index.html,text/html;charset=UTF-8,HEAD,2026-08-29T13:28:16+00:00
https://www.nuvoton.com/products/microcontrollers/arm-cortex-m33-mcus/m3334-series/m3334ygaae/index.html,200,valid,http_ok,https://www.nuvoton.com/products/microcontrollers/arm-cortex-m33-mcus/m3334-series/m3334ygaae/index.html,text/html;charset=UTF-8,HEAD,2026-08-29T13:28:16+00:00
https://www.nuvoton.com/products/microcontrollers/arm-cortex-m33-mcus/m3334-series/m3334yigae/index.html,200,valid,http_ok,https://www.nuvoton.com/products/microcontrollers/arm-cortex-m33-mcus/m3334-series/m3334yigae/index.html,text/html;charset=UTF-8,HEAD,2026-08-29T13:28:17+00:00
https://www.nuvoton.com/products/microcontrollers/arm-cortex-m33-mcus/m3351-series/m3351kicae/index.html,200,valid,http_ok,https://www.nuvoton.com/products/microcontrollers/arm-cortex-m33-mcus/m3351-series/m3351kicae/index.html,text/html;charset=UTF-8,HEAD,2026-08-29T13:28:17+00:00
https://www.nuvoton.com/products/microcontrollers/arm-cortex-m33-mcus/m3351-series/m3351kjcae/index.html,200,valid,http_ok,https://www.nuvoton.com/products/microcontrollers/arm-cortex-m33-mcus/m3351-series/m3351kjcae/index.html,text/html;charset=UTF-8,HEAD,2026-08-29T13:28:17+00:00
https://www.nuvoton.com/products/microcontrollers/arm-cortex-m33-mcus/m3351-series/m3351licae/index.html,200,valid,http_ok,https://www.nuvoton.com/products/microcontrollers/arm-cortex-m33-mcus/m3351-series/m3351licae/index.html,text/html;charset=UTF-8,HEAD,2026-08-29T13:28:17+00:00
https://www.nuvoton.com/products/microcontrollers/arm-cortex-m33-mcus/m3351-series/m3351ljcae/index.html,200,valid,http_ok,https://www.nuvoton.com/products/microcontrollers/arm-cortex-m33-mcus/m3351-series/m3351ljcae/index.html,text/html;charset=UTF-8,HEAD,2026-08-29T13:28:17+00:00
https://www.nuvoton.com/products/microcontrollers/arm-cortex-m33-mcus/m3351-series/m3351sicae/index.html,200,valid,http_ok,https://www.nuvoton.com/products/microcontrollers/arm-cortex-m33-mcus/m3351-series/m3351sicae/index.html,text/html;charset=UTF-8,HEAD,2026-08-29T13:28:18+00:00
https://www.nuvoton.com/products/microcontrollers/arm-cortex-m33-mcus/m3351-series/m3351sjcae/index.html,200,valid,http_ok,https://www.nuvoton.com/products/microcontrollers/arm-cortex-m33-mcus/m3351-series/m3351sjcae/index.html,text/html;charset=UTF-8,HEAD,2026-08-29T13:28:18+00:00
https://www.nuvoton.com/products/microcontrollers/arm-cortex-m33-mcus/m3351-series/m3351vicae/index.html,200,valid,http_ok,https://www.nuvoton.com/products/microcontrollers/arm-cortex-m33-mcus/m3351-series/m3351vicae/index.html,text/html;charset=UTF-8,HEAD,2026-08-29T13:28:18+00:00
https://www.nuvoton.com/products/microcontrollers/arm-cortex-m33-mcus/m3351-series/m3351vjcae/index.html,200,valid,http_ok,https://www.nuvoton.com/products/microcontrollers/arm-cortex-m33-mcus/m3351-series/m3351vjcae/index.html,text/html;charset=UTF-8,HEAD,2026-08-29T13:28:18+00:00
https://www.nuvoton.com/products/microcontrollers/arm-cortex-m33-mcus/m3351-series/m3351yicae/index.html,200,valid,http_ok,https://www.nuvoton.com/products/microcontrollers/arm-cortex-m33-mcus/m3351-series/m3351yicae/index.html,text/html;charset=UTF-8,HEAD,2026-08-29T13:28:18+00:00
https://www.nuvoton.com/products/microcontrollers/arm-cortex-m33-mcus/m3351-series/m3351yjcae/index.html,200,valid,http_ok,https://www.nuvoton.com/products/microcontrollers/arm-cortex-m33-mcus/m3351-series/m3351yjcae/index.html,text/html;charset=UTF-8,HEAD,2026-08-29T13:28:18+00:00
https://www.nuvoton.com/products/microcontrollers/arm-cortex-m4-mcus/km1m4bf-series/km1m4bf54k/index.html,200,valid,http_ok,https://www.nuvoton.com/products/microcontrollers/arm-cortex-m4-mcus/km1m4bf-series/km1m4bf54k/index.html,text/html;charset=UTF-8,HEAD,2026-08-29T13:28:18+00:00
https://www.nuvoton.com/products/microcontrollers/arm-cortex-m4-mcus/km1m4bf-series/km1m4bf65g/index.html,200,valid,http_ok,https://www.nuvoton.com/products/microcontrollers/arm-cortex-m4-mcus/km1m4bf-series/km1m4bf65g/index.html,text/html;charset=UTF-8,HEAD,2026-08-29T13:28:18+00:00
https://www.nuvoton.com/products/microcontrollers/arm-cortex-m4-mcus/km1m4bf-series/km1m4bf66g/index.html,200,valid,http_ok,https://www.nuvoton.com/products/microcontrollers/arm-cortex-m4-mcus/km1m4bf-series/km1m4bf66g/index.html,text/html;charset=UTF-8,HEAD,2026-08-29T13:28:19+00:00
https://www.nuvoton.com/products/microcontrollers/arm-cortex-m4-mcus/m433-can-usb-fs-otg-series/m433le8ae/index.html,200,valid,http_ok,https://www.nuvoton.com/products/microcontrollers/arm-cortex-m4-mcus/m433-can-usb-fs-otg-series/m433le8ae/index.html,text/html;charset=UTF-8,HEAD,2026-08-29T13:28:19+00:00
https://www.nuvoton.com/products/microcontrollers/arm-cortex-m4-mcus/m433-can-usb-fs-otg-series/m433se8ae/index.html,200,valid,http_ok,https://www.nuvoton.com/products/microcontrollers/arm-cortex-m4-mcus/m433-can-usb-fs-otg-series/m433se8ae/index.html,text/html;charset=UTF-8,HEAD,2026-08-29T13:28:19+00:00
https://www.nuvoton.com/products/microcontrollers/arm-cortex-m4-mcus/m451-base-series/m451lc3ae/index.html,200,valid,http_ok,https://www.nuvoton.com/products/microcontrollers/arm-cortex-m4-mcus/m451-base-series/m451lc3ae/index.html,text/html;charset=UTF-8,HEAD,2026-08-29T13:28:19+00:00
https://www.nuvoton.com/products/microcontrollers/arm-cortex-m4-mcus/m451-base-series/m451ld3ae/index.html,200,valid,http_ok,https://www.nuvoton.com/products/microcontrollers/arm-cortex-m4-mcus/m451-base-series/m451ld3ae/index.html,text/html;charset=UTF-8,HEAD,2026-08-29T13:28:19+00:00
https://www.nuvoton.com/products/microcontrollers/arm-cortex-m4-mcus/m451-base-series/m451le6ae/index.html,200,valid,http_ok,https://www.nuvoton.com/products/microcontrollers/arm-cortex-m4-mcus/m451-base-series/m451le6ae/index.html,text/html;charset=UTF-8,HEAD,2026-08-29T13:28:19+00:00
https://www.nuvoton.com/products/microcontrollers/arm-cortex-m4-mcus/m451-base-series/m451lg6ae/index.html,200,valid,http_ok,https://www.nuvoton.com/products/microcontrollers/arm-cortex-m4-mcus/m451-base-series/m451lg6ae/index.html,text/html;charset=UTF-8,HEAD,2026-08-29T13:28:19+00:00
https://www.nuvoton.com/products/microcontrollers/arm-cortex-m4-mcus/m451-base-series/m451rc3ae/index.html,200,valid,http_ok,https://www.nuvoton.com/products/microcontrollers/arm-cortex-m4-mcus/m451-base-series/m451rc3ae/index.html,text/html;charset=UTF-8,HEAD,2026-08-29T13:28:20+00:00
https://www.nuvoton.com/products/microcontrollers/arm-cortex-m4-mcus/m451-base-series/m451rd3ae/index.html,200,valid,http_ok,https://www.nuvoton.com/products/microcontrollers/arm-cortex-m4-mcus/m451-base-series/m451rd3ae/index.html,text/html;charset=UTF-8,HEAD,2026-08-29T13:28:20+00:00
https://www.nuvoton.com/products/microcontrollers/arm-cortex-m4-mcus/m451-base-series/m451re6ae/index.html,200,valid,http_ok,https://www.nuvoton.com/products/microcontrollers/arm-cortex-m4-mcus/m451-base-series/m451re6ae/index.html,text/html;charset=UTF-8,HEAD,2026-08-29T13:28:21+00:00
https://www.nuvoton.com/products/microcontrollers/arm-cortex-m4-mcus/m451-base-series/m451rg6ae/index.html,200,valid,http_ok,https://www.nuvoton.com/products/microcontrollers/arm-cortex-m4-mcus/m451-base-series/m451rg6ae/index.html,text/html;charset=UTF-8,HEAD,2026-08-29T13:28:21+00:00
https://www.nuvoton.com/products/microcontrollers/arm-cortex-m4-mcus/m451-base-series/m451ve6ae/index.html,200,valid,http_ok,https://www.nuvoton.com/products/microcontrollers/arm-cortex-m4-mcus/m451-base-series/m451ve6ae/index.html,text/html;charset=UTF-8,HEAD,2026-08-29T13:28:21+00:00
https://www.nuvoton.com/products/microcontrollers/arm-cortex-m4-mcus/m451-base-series/m451vg6ae/index.html,200,valid,http_ok,https://www.nuvoton.com/products/microcontrollers/arm-cortex-m4-mcus/m451-base-series/m451vg6ae/index.html,text/html;charset=UTF-8,HEAD,2026-08-29T13:28:21+00:00
https://www.nuvoton.com/products/microcontrollers/arm-cortex-m4-mcus/m451m-series/m451mlc3ae/index.html,200,valid,http_ok,https://www.nuvoton.com/products/microcontrollers/arm-cortex-m4-mcus/m451m-series/m451mlc3ae/index.html,text/html;charset=UTF-8,HEAD,2026-08-29T13:28:19+00:00
https://www.nuvoton.com/products/microcontrollers/arm-cortex-m4-mcus/m451m-series/m451mld3ae/index.html,200,valid,http_ok,https://www.nuvoton.com/products/microcontrollers/arm-cortex-m4-mcus/m451m-series/m451mld3ae/index.html,text/html;charset=UTF-8,HEAD,2026-08-29T13:28:19+00:00
https://www.nuvoton.com/products/microcontrollers/arm-cortex-m4-mcus/m451m-series/m451mle6ae/index.html,200,valid,http_ok,https://www.nuvoton.com/products/microcontrollers/arm-cortex-m4-mcus/m451m-series/m451mle6ae/index.html,text/html;charset=UTF-8,HEAD,2026-08-29T13:28:20+00:00
https://www.nuvoton.com/products/microcontrollers/arm-cortex-m4-mcus/m451m-series/m451mlg6ae/index.html,200,valid,http_ok,https://www.nuvoton.com/products/microcontrollers/arm-cortex-m4-mcus/m451m-series/m451mlg6ae/index.html,text/html;charset=UTF-8,HEAD,2026-08-29T13:28:20+00:00
https://www.nuvoton.com/products/microcontrollers/arm-cortex-m4-mcus/m451m-series/m451msc3ae/index.html,200,valid,http_ok,https://www.nuvoton.com/products/microcontrollers/arm-cortex-m4-mcus/m451m-series/m451msc3ae/index.html,text/html;charset=UTF-8,HEAD,2026-08-29T13:28:20+00:00
https://www.nuvoton.com/products/microcontrollers/arm-cortex-m4-mcus/m451m-series/m451msd3ae/index.html,200,valid,http_ok,https://www.nuvoton.com/products/microcontrollers/arm-cortex-m4-mcus/m451m-series/m451msd3ae/index.html,text/html;charset=UTF-8,HEAD,2026-08-29T13:28:20+00:00
https://www.nuvoton.com/products/microcontrollers/arm-cortex-m4-mcus/m452-usb-series/m452lc3ae/index.html,200,valid,http_ok,https://www.nuvoton.com/products/microcontrollers/arm-cortex-m4-mcus/m452-usb-series/m452lc3ae/index.html,text/html;charset=UTF-8,HEAD,2026-08-29T13:28:21+00:00
https://www.nuvoton.com/products/microcontrollers/arm-cortex-m4-mcus/m452-usb-series/m452ld3ae/index.html,200,valid,http_ok,https://www.nuvoton.com/products/microcontrollers/arm-cortex-m4-mcus/m452-usb-series/m452ld3ae/index.html,text/html;charset=UTF-8,HEAD,2026-08-29T13:28:21+00:00
https://www.nuvoton.com/products/microcontrollers/arm-cortex-m4-mcus/m452-usb-series/m452le6ae/index.html,200,valid,http_ok,https://www.nuvoton.com/products/microcontrollers/arm-cortex-m4-mcus/m452-usb-series/m452le6ae/index.html,text/html;charset=UTF-8,HEAD,2026-08-29T13:28:21+00:00
https://www.nuvoton.com/products/microcontrollers/arm-cortex-m4-mcus/m452-usb-series/m452lg6ae/index.html,200,valid,http_ok,https://www.nuvoton.com/products/microcontrollers/arm-cortex-m4-mcus/m452-usb-series/m452lg6ae/index.html,text/html;charset=UTF-8,HEAD,2026-08-29T13:28:21+00:00
https://www.nuvoton.com/products/microcontrollers/arm-cortex-m4-mcus/m452-usb-series/m452rd3ae/index.html,200,valid,http_ok,https://www.nuvoton.com/products/microcontrollers/arm-cortex-m4-mcus/m452-usb-series/m452rd3ae/index.html,text/html;charset=UTF-8,HEAD,2026-08-29T13:28:21+00:00
https://www.nuvoton.com/products/microcontrollers/arm-cortex-m4-mcus/m452-usb-series/m452re6ae/index.html,200,valid,http_ok,https://www.nuvoton.com/products/microcontrollers/arm-cortex-m4-mcus/m452-usb-series/m452re6ae/index.html,text/html;charset=UTF-8,HEAD,2026-08-29T13:28:21+00:00
https://www.nuvoton.com/products/microcontrollers/arm-cortex-m4-mcus/m452-usb-series/m452rg6ae/index.html,200,valid,http_ok,https://www.nuvoton.com/products/microcontrollers/arm-cortex-m4-mcus/m452-usb-series/m452rg6ae/index.html,text/html;charset=UTF-8,HEAD,2026-08-29T13:28:22+00:00
https://www.nuvoton.com/products/microcontrollers/arm-cortex-m4-mcus/m452-usb-series/m452ve6ae/index.html,200,valid,http_ok,https://www.nuvoton.com/products/microcontrollers/arm-cortex-m4-mcus/m452-usb-series/m452ve6ae/index.html,text/html;charset=UTF-8,HEAD,2026-08-29T13:28:22+00:00
https://www.nuvoton.com/products/microcontrollers/arm-cortex-m4-mcus/m452-usb-series/m452vg6ae/index.html,200,valid,http_ok,https://www.nuvoton.com/products/microcontrollers/arm-cortex-m4-mcus/m452-usb-series/m452vg6ae/index.html,text/html;charset=UTF-8,HEAD,2026-08-29T13:28:22+00:00
https://www.nuvoton.com/products/microcontrollers/arm-cortex-m4-mcus/m4521-usb-series/m4521le6ae/index.html,200,valid,http_ok,https://www.nuvoton.com/products/microcontrollers/arm-cortex-m4-mcus/m4521-usb-series/m4521le6ae/index.html,text/html;charset=UTF-8,HEAD,2026-08-29T13:28:24+00:00
https://www.nuvoton.com/products/microcontrollers/arm-cortex-m4-mcus/m4521-usb-series/m4521se6ae/index.html,200,valid,http_ok,https://www.nuvoton.com/products/microcontrollers/arm-cortex-m4-mcus/m4521-usb-series/m4521se6ae/index.html,text/html;charset=UTF-8,HEAD,2026-08-29T13:28:24+00:00
https://www.nuvoton.com/products/microcontrollers/arm-cortex-m4-mcus/m453-can-series/m453lc3ae/index.html,200,valid,http_ok,https://www.nuvoton.com/products/microcontrollers/arm-cortex-m4-mcus/m453-can-series/m453lc3ae/index.html,text/html;charset=UTF-8,HEAD,2026-08-29T13:28:22+00:00
https://www.nuvoton.com/products/microcontrollers/arm-cortex-m4-mcus/m453-can-series/m453ld3ae/index.html,200,valid,http_ok,https://www.nuvoton.com/products/microcontrollers/arm-cortex-m4-mcus/m453-can-series/m453ld3ae/index.html,text/html;charset=UTF-8,HEAD,2026-08-29T13:28:22+00:00
https://www.nuvoton.com/products/microcontrollers/arm-cortex-m4-mcus/m453-can-series/m453le6ae/index.html,200,valid,http_ok,https://www.nuvoton.com/products/microcontrollers/arm-cortex-m4-mcus/m453-can-series/m453le6ae/index.html,text/html;charset=UTF-8,HEAD,2026-08-29T13:28:22+00:00
https://www.nuvoton.com/products/microcontrollers/arm-cortex-m4-mcus/m453-can-series/m453lg6ae/index.html,200,valid,http_ok,https://www.nuvoton.com/products/microcontrollers/arm-cortex-m4-mcus/m453-can-series/m453lg6ae/index.html,text/html;charset=UTF-8,HEAD,2026-08-29T13:28:22+00:00
https://www.nuvoton.com/products/microcontrollers/arm-cortex-m4-mcus/m453-can-series/m453rd3ae/index.html,200,valid,http_ok,https://www.nuvoton.com/products/microcontrollers/arm-cortex-m4-mcus/m453-can-series/m453rd3ae/index.html,text/html;charset=UTF-8,HEAD,2026-08-29T13:28:22+00:00
https://www.nuvoton.com/products/microcontrollers/arm-cortex-m4-mcus/m453-can-series/m453re6ae/index.html,200,valid,http_ok,https://www.nuvoton.com/products/microcontrollers/arm-cortex-m4-mcus/m453-can-series/m453re6ae/index.html,text/html;charset=UTF-8,HEAD,2026-08-29T13:28:22+00:00
https://www.nuvoton.com/products/microcontrollers/arm-cortex-m4-mcus/m453-can-series/m453rg6ae/index.html,200,valid,http_ok,https://www.nuvoton.com/products/microcontrollers/arm-cortex-m4-mcus/m453-can-series/m453rg6ae/index.html,text/html;charset=UTF-8,HEAD,2026-08-29T13:28:23+00:00
https://www.nuvoton.com/products/microcontrollers/arm-cortex-m4-mcus/m453-can-series/m453vd3ae/index.html,200,valid,http_ok,https://www.nuvoton.com/products/microcontrollers/arm-cortex-m4-mcus/m453-can-series/m453vd3ae/index.html,text/html;charset=UTF-8,HEAD,2026-08-29T13:28:23+00:00
https://www.nuvoton.com/products/microcontrollers/arm-cortex-m4-mcus/m453-can-series/m453ve6ae/index.html,200,valid,http_ok,https://www.nuvoton.com/products/microcontrollers/arm-cortex-m4-mcus/m453-can-series/m453ve6ae/index.html,text/html;charset=UTF-8,HEAD,2026-08-29T13:28:23+00:00
https://www.nuvoton.com/products/microcontrollers/arm-cortex-m4-mcus/m453-can-series/m453vg6ae/index.html,200,valid,http_ok,https://www.nuvoton.com/products/microcontrollers/arm-cortex-m4-mcus/m453-can-series/m453vg6ae/index.html,text/html;charset=UTF-8,HEAD,2026-08-29T13:28:23+00:00
https://www.nuvoton.com/products/microcontrollers/arm-cortex-m4-mcus/m463-can-fd-usb-hs-series/m463k2gcac/index.html,200,valid,http_ok,https://www.nuvoton.com/products/microcontrollers/arm-cortex-m4-mcus/m463-can-fd-usb-hs-series/m463k2gcac/index.html,text/html;charset=UTF-8,HEAD,2026-08-29T13:28:24+00:00
https://www.nuvoton.com/products/microcontrollers/arm-cortex-m4-mcus/m463-can-fd-usb-hs-series/m463kgcae/index.html,200,valid,http_ok,https://www.nuvoton.com/products/microcontrollers/arm-cortex-m4-mcus/m463-can-fd-usb-hs-series/m463kgcae/index.html,text/html;charset=UTF-8,HEAD,2026-08-29T13:28:24+00:00
https://www.nuvoton.com/products/microcontrollers/arm-cortex-m4-mcus/m463-can-fd-usb-hs-series/m463l2gcac/index.html,200,valid,http_ok,https://www.nuvoton.com/products/microcontrollers/arm-cortex-m4-mcus/m463-can-fd-usb-hs-series/m463l2gcac/index.html,text/html;charset=UTF-8,HEAD,2026-08-29T13:28:25+00:00
https://www.nuvoton.com/products/microcontrollers/arm-cortex-m4-mcus/m463-can-fd-usb-hs-series/m463lgcae/index.html,200,valid,http_ok,https://www.nuvoton.com/products/microcontrollers/arm-cortex-m4-mcus/m463-can-fd-usb-hs-series/m463lgcae/index.html,text/html;charset=UTF-8,HEAD,2026-08-29T13:28:25+00:00
https://www.nuvoton.com/products/microcontrollers/arm-cortex-m4-mcus/m463-can-fd-usb-hs-series/m463s2gcac/index.html,200,valid,http_ok,https://www.nuvoton.com/products/microcontrollers/arm-cortex-m4-mcus/m463-can-fd-usb-hs-series/m463s2gcac/index.html,text/html;charset=UTF-8,HEAD,2026-08-29T13:28:25+00:00
https://www.nuvoton.com/products/microcontrollers/arm-cortex-m4-mcus/m463-can-fd-usb-hs-series/m463sgcae/index.html,200,valid,http_ok,https://www.nuvoton.com/products/microcontrollers/arm-cortex-m4-mcus/m463-can-fd-usb-hs-series/m463sgcae/index.html,text/html;charset=UTF-8,HEAD,2026-08-29T13:28:25+00:00
https://www.nuvoton.com/products/microcontrollers/arm-cortex-m4-mcus/m463-can-fd-usb-hs-series/m463ygcae/index.html,200,valid,http_ok,https://www.nuvoton.com/products/microcontrollers/arm-cortex-m4-mcus/m463-can-fd-usb-hs-series/m463ygcae/index.html,text/html;charset=UTF-8,HEAD,2026-08-29T13:28:25+00:00
https://www.nuvoton.com/products/microcontrollers/arm-cortex-m4-mcus/m467-ethernet-crypto-series/m467h2jhae/index.html,200,valid,http_ok,https://www.nuvoton.com/products/microcontrollers/arm-cortex-m4-mcus/m467-ethernet-crypto-series/m467h2jhae/index.html,text/html;charset=UTF-8,HEAD,2026-08-29T13:28:26+00:00
https://www.nuvoton.com/products/microcontrollers/arm-cortex-m4-mcus/m467-ethernet-crypto-series/m467hjhan/index.html,200,valid,http_ok,https://www.nuvoton.com/products/microcontrollers/arm-cortex-m4-mcus/m467-ethernet-crypto-series/m467hjhan/index.html,text/html;charset=UTF-8,HEAD,2026-08-29T13:28:26+00:00
https://www.nuvoton.com/products/microcontrollers/arm-cortex-m4-mcus/m467-ethernet-crypto-series/m467j2jhae/index.html,200,valid,http_ok,https://www.nuvoton.com/products/microcontrollers/arm-cortex-m4-mcus/m467-ethernet-crypto-series/m467j2jhae/index.html,text/html;charset=UTF-8,HEAD,2026-08-29T13:28:26+00:00
https://www.nuvoton.com/products/microcontrollers/arm-cortex-m4-mcus/m467-ethernet-crypto-series/m467jjhan/index.html,200,valid,http_ok,https://www.nuvoton.com/products/microcontrollers/arm-cortex-m4-mcus/m467-ethernet-crypto-series/m467jjhan/index.html,text/html;charset=UTF-8,HEAD,2026-08-29T13:28:26+00:00
https://www.nuvoton.com/products/microcontrollers/arm-cortex-m4-mcus/m467-ethernet-crypto-series/m467k2jhae/index.html,200,valid,http_ok,https://www.nuvoton.com/products/microcontrollers/arm-cortex-m4-mcus/m467-ethernet-crypto-series/m467k2jhae/index.html,text/html;charset=UTF-8,HEAD,2026-08-29T13:28:26+00:00
https://www.nuvoton.com/products/microcontrollers/arm-cortex-m4-mcus/m467-ethernet-crypto-series/m467kjhan/index.html,200,valid,http_ok,https://www.nuvoton.com/products/microcontrollers/arm-cortex-m4-mcus/m467-ethernet-crypto-series/m467kjhan/index.html,text/html;charset=UTF-8,HEAD,2026-08-29T13:28:26+00:00
https://www.nuvoton.com/products/microcontrollers/arm-cortex-m4-mcus/m467-ethernet-crypto-series/m467s2jhae/index.html,200,valid,http_ok,https://www.nuvoton.com/products/microcontrollers/arm-cortex-m4-mcus/m467-ethernet-crypto-series/m467s2jhae/index.html,text/html;charset=UTF-8,HEAD,2026-08-29T13:28:27+00:00
https://www.nuvoton.com/products/microcontrollers/arm-cortex-m4-mcus/m467-ethernet-crypto-series/m467sjhan/index.html,200,valid,http_ok,https://www.nuvoton.com/products/microcontrollers/arm-cortex-m4-mcus/m467-ethernet-crypto-series/m467sjhan/index.html,text/html;charset=UTF-8,HEAD,2026-08-29T13:28:27+00:00
https://www.nuvoton.com/products/microcontrollers/arm-cortex-m4-mcus/m471-series/m471ci8ae/index.html,200,valid,http_ok,https://www.nuvoton.com/products/microcontrollers/arm-cortex-m4-mcus/m471-series/m471ci8ae/index.html,text/html;charset=UTF-8,HEAD,2026-08-29T13:28:27+00:00
https://www.nuvoton.com/products/microcontrollers/arm-cortex-m4-mcus/m471-series/m471ki8ae/index.html,200,valid,http_ok,https://www.nuvoton.com/products/microcontrollers/arm-cortex-m4-mcus/m471-series/m471ki8ae/index.html,text/html;charset=UTF-8,HEAD,2026-08-29T13:28:27+00:00
https://www.nuvoton.com/products/microcontrollers/arm-cortex-m4-mcus/m471-series/m471md6ae/index.html,200,valid,http_ok,https://www.nuvoton.com/products/microcontrollers/arm-cortex-m4-mcus/m471-series/m471md6ae/index.html,text/html;charset=UTF-8,HEAD,2026-08-29T13:28:28+00:00
https://www.nuvoton.com/products/microcontrollers/arm-cortex-m4-mcus/m471-series/m471r1e6ae/index.html,200,valid,http_ok,https://www.nuvoton.com/products/microcontrollers/arm-cortex-m4-mcus/m471-series/m471r1e6ae/index.html,text/html;charset=UTF-8,HEAD,2026-08-29T13:28:28+00:00
https://www.nuvoton.com/products/microcontrollers/arm-cortex-m4-mcus/m471-series/m471se6ae/index.html,200,valid,http_ok,https://www.nuvoton.com/products/microcontrollers/arm-cortex-m4-mcus/m471-series/m471se6ae/index.html,text/html;charset=UTF-8,HEAD,2026-08-29T13:28:28+00:00
https://www.nuvoton.com/products/microcontrollers/arm-cortex-m4-mcus/m471-series/m471vi8ae/index.html,200,valid,http_ok,https://www.nuvoton.com/products/microcontrollers/arm-cortex-m4-mcus/m471-series/m471vi8ae/index.html,text/html;charset=UTF-8,HEAD,2026-08-29T13:28:28+00:00
https://www.nuvoton.com/products/microcontrollers/arm-cortex-m4-mcus/m481-base-series/m481le8ae/index.html,200,valid,http_ok,https://www.nuvoton.com/products/microcontrollers/arm-cortex-m4-mcus/m481-base-series/m481le8ae/index.html,text/html;charset=UTF-8,HEAD,2026-08-29T13:28:28+00:00
https://www.nuvoton.com/products/microcontrollers/arm-cortex-m4-mcus/m481-base-series/m481lgcae/index.html,200,valid,http_ok,https://www.nuvoton.com/products/microcontrollers/arm-cortex-m4-mcus/m481-base-series/m481lgcae/index.html,text/html;charset=UTF-8,HEAD,2026-08-29T13:28:28+00:00
https://www.nuvoton.com/products/microcontrollers/arm-cortex-m4-mcus/m481-base-series/m481lidae/index.html,200,valid,http_ok,https://www.nuvoton.com/products/microcontrollers/arm-cortex-m4-mcus/m481-base-series/m481lidae/index.html,text/html;charset=UTF-8,HEAD,2026-08-29T13:28:28+00:00
https://www.nuvoton.com/products/microcontrollers/arm-cortex-m4-mcus/m481-base-series/m481se8ae/index.html,200,valid,http_ok,https://www.nuvoton.com/products/microcontrollers/arm-cortex-m4-mcus/m481-base-series/m481se8ae/index.html,text/html;charset=UTF-8,HEAD,2026-08-29T13:28:28+00:00
https://www.nuvoton.com/products/microcontrollers/arm-cortex-m4-mcus/m481-base-series/m481sgcae/index.html,200,valid,http_ok,https://www.nuvoton.com/products/microcontrollers/arm-cortex-m4-mcus/m481-base-series/m481sgcae/index.html,text/html;charset=UTF-8,HEAD,2026-08-29T13:28:28+00:00
https://www.nuvoton.com/products/microcontrollers/arm-cortex-m4-mcus/m481-base-series/m481sgcae2a/index.html,200,valid,http_ok,https://www.nuvoton.com/products/microcontrollers/arm-cortex-m4-mcus/m481-base-series/m481sgcae2a/index.html,text/html;charset=UTF-8,HEAD,2026-08-29T13:28:29+00:00
https://www.nuvoton.com/products/microcontrollers/arm-cortex-m4-mcus/m481-base-series/m481sidae/index.html,200,valid,http_ok,https://www.nuvoton.com/products/microcontrollers/arm-cortex-m4-mcus/m481-base-series/m481sidae/index.html,text/html;charset=UTF-8,HEAD,2026-08-29T13:28:29+00:00
https://www.nuvoton.com/products/microcontrollers/arm-cortex-m4-mcus/m481-base-series/m481ze8ae/index.html,200,valid,http_ok,https://www.nuvoton.com/products/microcontrollers/arm-cortex-m4-mcus/m481-base-series/m481ze8ae/index.html,text/html;charset=UTF-8,HEAD,2026-08-29T13:28:30+00:00
https://www.nuvoton.com/products/microcontrollers/arm-cortex-m4-mcus/m481-base-series/m481zgcae/index.html,200,valid,http_ok,https://www.nuvoton.com/products/microcontrollers/arm-cortex-m4-mcus/m481-base-series/m481zgcae/index.html,text/html;charset=UTF-8,HEAD,2026-08-29T13:28:30+00:00
https://www.nuvoton.com/products/microcontrollers/arm-cortex-m4-mcus/m482-usb-fs-otg-series/m482kgcae/index.html,200,valid,http_ok,https://www.nuvoton.com/products/microcontrollers/arm-cortex-m4-mcus/m482-usb-fs-otg-series/m482kgcae/index.html,text/html;charset=UTF-8,HEAD,2026-08-29T13:28:30+00:00
https://www.nuvoton.com/products/microcontrollers/arm-cortex-m4-mcus/m482-usb-fs-otg-series/m482kidae/index.html,200,valid,http_ok,https://www.nuvoton.com/products/microcontrollers/arm-cortex-m4-mcus/m482-usb-fs-otg-series/m482kidae/index.html,text/html;charset=UTF-8,HEAD,2026-08-29T13:28:30+00:00
https://www.nuvoton.com/products/microcontrollers/arm-cortex-m4-mcus/m482-usb-fs-otg-series/m482le8ae/index.html,200,valid,http_ok,https://www.nuvoton.com/products/microcontrollers/arm-cortex-m4-mcus/m482-usb-fs-otg-series/m482le8ae/index.html,text/html;charset=UTF-8,HEAD,2026-08-29T13:28:30+00:00
https://www.nuvoton.com/products/microcontrollers/arm-cortex-m4-mcus/m482-usb-fs-otg-series/m482lgcae/index.html,200,valid,http_ok,https://www.nuvoton.com/products/microcontrollers/arm-cortex-m4-mcus/m482-usb-fs-otg-series/m482lgcae/index.html,text/html;charset=UTF-8,HEAD,2026-08-29T13:28:30+00:00
https://www.nuvoton.com/products/microcontrollers/arm-cortex-m4-mcus/m482-usb-fs-otg-series/m482lidae/index.html,200,valid,http_ok,https://www.nuvoton.com/products/microcontrollers/arm-cortex-m4-mcus/m482-usb-fs-otg-series/m482lidae/index.html,text/html;charset=UTF-8,HEAD,2026-08-29T13:28:30+00:00
https://www.nuvoton.com/products/microcontrollers/arm-cortex-m4-mcus/m482-usb-fs-otg-series/m482se8ae/index.html,200,valid,http_ok,https://www.nuvoton.com/products/microcontrollers/arm-cortex-m4-mcus/m482-usb-fs-otg-series/m482se8ae/index.html,text/html;charset=UTF-8,HEAD,2026-08-29T13:28:30+00:00
https://www.nuvoton.com/products/microcontrollers/arm-cortex-m4-mcus/m482-usb-fs-otg-series/m482sgcae/index.html,200,valid,http_ok,https://www.nuvoton.com/products/microcontrollers/arm-cortex-m4-mcus/m482-usb-fs-otg-series/m482sgcae/index.html,text/html;charset=UTF-8,HEAD,2026-08-29T13:28:30+00:00
https://www.nuvoton.com/products/microcontrollers/arm-cortex-m4-mcus/m482-usb-fs-otg-series/m482sidae/index.html,200,valid,http_ok,https://www.nuvoton.com/products/microcontrollers/arm-cortex-m4-mcus/m482-usb-fs-otg-series/m482sidae/index.html,text/html;charset=UTF-8,HEAD,2026-08-29T13:28:31+00:00
https://www.nuvoton.com/products/microcontrollers/arm-cortex-m4-mcus/m482-usb-fs-otg-series/m482ze8ae/index.html,200,valid,http_ok,https://www.nuvoton.com/products/microcontrollers/arm-cortex-m4-mcus/m482-usb-fs-otg-series/m482ze8ae/index.html,text/html;charset=UTF-8,HEAD,2026-08-29T13:28:31+00:00
https://www.nuvoton.com/products/microcontrollers/arm-cortex-m4-mcus/m482-usb-fs-otg-series/m482zgcae/index.html,200,valid,http_ok,https://www.nuvoton.com/products/microcontrollers/arm-cortex-m4-mcus/m482-usb-fs-otg-series/m482zgcae/index.html,text/html;charset=UTF-8,HEAD,2026-08-29T13:28:31+00:00
https://www.nuvoton.com/products/microcontrollers/arm-cortex-m4-mcus/m482-usb-fs-otg-series/m482zidae/index.html,200,valid,http_ok,https://www.nuvoton.com/products/microcontrollers/arm-cortex-m4-mcus/m482-usb-fs-otg-series/m482zidae/index.html,text/html;charset=UTF-8,HEAD,2026-08-29T13:28:31+00:00
https://www.nuvoton.com/products/microcontrollers/arm-cortex-m4-mcus/m483-can-series/m483kgcae/index.html,200,valid,http_ok,https://www.nuvoton.com/products/microcontrollers/arm-cortex-m4-mcus/m483-can-series/m483kgcae/index.html,text/html;charset=UTF-8,HEAD,2026-08-29T13:28:31+00:00
https://www.nuvoton.com/products/microcontrollers/arm-cortex-m4-mcus/m483-can-series/m483kgcae2a/index.html,200,valid,http_ok,https://www.nuvoton.com/products/microcontrollers/arm-cortex-m4-mcus/m483-can-series/m483kgcae2a/index.html,text/html;charset=UTF-8,HEAD,2026-08-29T13:28:32+00:00
https://www.nuvoton.com/products/microcontrollers/arm-cortex-m4-mcus/m483-can-series/m483kidae/index.html,200,valid,http_ok,https://www.nuvoton.com/products/microcontrollers/arm-cortex-m4-mcus/m483-can-series/m483kidae/index.html,text/html;charset=UTF-8,HEAD,2026-08-29T13:28:32+00:00
https://www.nuvoton.com/products/microcontrollers/arm-cortex-m4-mcus/m483-can-series/m483se8ae/index.html,200,valid,http_ok,https://www.nuvoton.com/products/microcontrollers/arm-cortex-m4-mcus/m483-can-series/m483se8ae/index.html,text/html;charset=UTF-8,HEAD,2026-08-29T13:28:32+00:00
https://www.nuvoton.com/products/microcontrollers/arm-cortex-m4-mcus/m483-can-series/m483sgcae/index.html,200,valid,http_ok,https://www.nuvoton.com/products/microcontrollers/arm-cortex-m4-mcus/m483-can-series/m483sgcae/index.html,text/html;charset=UTF-8,HEAD,2026-08-29T13:28:32+00:00
https://www.nuvoton.com/products/microcontrollers/arm-cortex-m4-mcus/m483-can-series/m483sgcae2a/index.html,200,valid,http_ok,https://www.nuvoton.com/products/microcontrollers/arm-cortex-m4-mcus/m483-can-series/m483sgcae2a/index.html,text/html;charset=UTF-8,HEAD,2026-08-29T13:28:32+00:00
https://www.nuvoton.com/products/microcontrollers/arm-cortex-m4-mcus/m483-can-series/m483sidae/index.html,200,valid,http_ok,https://www.nuvoton.com/products/microcontrollers/arm-cortex-m4-mcus/m483-can-series/m483sidae/index.html,text/html;charset=UTF-8,HEAD,2026-08-29T13:28:32+00:00
https://www.nuvoton.com/products/microcontrollers/arm-cortex-m4-mcus/m484-usb-hs-otg-series/m484kidae/index.html,200,valid,http_ok,https://www.nuvoton.com/products/microcontrollers/arm-cortex-m4-mcus/m484-usb-hs-otg-series/m484kidae/index.html,text/html;charset=UTF-8,HEAD,2026-08-29T13:28:33+00:00
https://www.nuvoton.com/products/microcontrollers/arm-cortex-m4-mcus/m484-usb-hs-otg-series/m484sgaae/index.html,200,valid,http_ok,https://www.nuvoton.com/products/microcontrollers/arm-cortex-m4-mcus/m484-usb-hs-otg-series/m484sgaae/index.html,text/html;charset=UTF-8,HEAD,2026-08-29T13:28:33+00:00
https://www.nuvoton.com/products/microcontrollers/arm-cortex-m4-mcus/m484-usb-hs-otg-series/m484sgaae2u/index.html,200,valid,http_ok,https://www.nuvoton.com/products/microcontrollers/arm-cortex-m4-mcus/m484-usb-hs-otg-series/m484sgaae2u/index.html,text/html;charset=UTF-8,HEAD,2026-08-29T13:28:33+00:00
https://www.nuvoton.com/products/microcontrollers/arm-cortex-m4-mcus/m484-usb-hs-otg-series/m484sidae/index.html,200,valid,http_ok,https://www.nuvoton.com/products/microcontrollers/arm-cortex-m4-mcus/m484-usb-hs-otg-series/m484sidae/index.html,text/html;charset=UTF-8,HEAD,2026-08-29T13:28:33+00:00
https://www.nuvoton.com/products/microcontrollers/arm-cortex-m4-mcus/m484-usb-hs-otg-series/m484sidae2u/index.html,200,valid,http_ok,https://www.nuvoton.com/products/microcontrollers/arm-cortex-m4-mcus/m484-usb-hs-otg-series/m484sidae2u/index.html,text/html;charset=UTF-8,HEAD,2026-08-29T13:28:34+00:00
https://www.nuvoton.com/products/microcontrollers/arm-cortex-m4-mcus/m485-crypto-series/m485kidae/index.html,200,valid,http_ok,https://www.nuvoton.com/products/microcontrollers/arm-cortex-m4-mcus/m485-crypto-series/m485kidae/index.html,text/html;charset=UTF-8,HEAD,2026-08-29T13:28:34+00:00
https://www.nuvoton.com/products/microcontrollers/arm-cortex-m4-mcus/m485-crypto-series/m485lidae/index.html,200,valid,http_ok,https://www.nuvoton.com/products/microcontrollers/arm-cortex-m4-mcus/m485-crypto-series/m485lidae/index.html,text/html;charset=UTF-8,HEAD,2026-08-29T13:28:34+00:00
https://www.nuvoton.com/products/microcontrollers/arm-cortex-m4-mcus/m485-crypto-series/m485sidae/index.html,200,valid,http_ok,https://www.nuvoton.com/products/microcontrollers/arm-cortex-m4-mcus/m485-crypto-series/m485sidae/index.html,text/html;charset=UTF-8,HEAD,2026-08-29T13:28:34+00:00
https://www.nuvoton.com/products/microcontrollers/arm-cortex-m4-mcus/m485-crypto-series/m485yidae/index.html,200,valid,http_ok,https://www.nuvoton.com/products/microcontrollers/arm-cortex-m4-mcus/m485-crypto-series/m485yidae/index.html,text/html;charset=UTF-8,HEAD,2026-08-29T13:28:34+00:00
https://www.nuvoton.com/products/microcontrollers/arm-cortex-m4-mcus/m485-crypto-series/m485zidae/index.html,200,valid,http_ok,https://www.nuvoton.com/products/microcontrollers/arm-cortex-m4-mcus/m485-crypto-series/m485zidae/index.html,text/html;charset=UTF-8,HEAD,2026-08-29T13:28:34+00:00
https://www.nuvoton.com/products/microcontrollers/arm-cortex-m4-mcus/m487-ethernet-series/m487jidae/index.html,200,valid,http_ok,https://www.nuvoton.com/products/microcontrollers/arm-cortex-m4-mcus/m487-ethernet-series/m487jidae/index.html,text/html;charset=UTF-8,HEAD,2026-08-29T13:28:34+00:00
https://www.nuvoton.com/products/microcontrollers/arm-cortex-m4-mcus/m487-ethernet-series/m487kidae/index.html,200,valid,http_ok,https://www.nuvoton.com/products/microcontrollers/arm-cortex-m4-mcus/m487-ethernet-series/m487kidae/index.html,text/html;charset=UTF-8,HEAD,2026-08-29T13:28:34+00:00
https://www.nuvoton.com/products/microcontrollers/arm-cortex-m4-mcus/m487-ethernet-series/m487kmcan/index.html,200,valid,http_ok,https://www.nuvoton.com/products/microcontrollers/arm-cortex-m4-mcus/m487-ethernet-series/m487kmcan/index.html,text/html;charset=UTF-8,HEAD,2026-08-29T13:28:35+00:00
https://www.nuvoton.com/products/microcontrollers/arm-cortex-m4-mcus/m487-ethernet-series/m487sidae/index.html,200,valid,http_ok,https://www.nuvoton.com/products/microcontrollers/arm-cortex-m4-mcus/m487-ethernet-series/m487sidae/index.html,text/html;charset=UTF-8,HEAD,2026-08-29T13:28:35+00:00
https://www.nuvoton.com/products/microcontrollers/arm-cortex-m4-mcus/m4tk-touch-key-series/m4tkle6ae/index.html,200,valid,http_ok,https://www.nuvoton.com/products/microcontrollers/arm-cortex-m4-mcus/m4tk-touch-key-series/m4tkle6ae/index.html,text/html;charset=UTF-8,HEAD,2026-08-29T13:28:23+00:00
https://www.nuvoton.com/products/microcontrollers/arm-cortex-m4-mcus/m4tk-touch-key-series/m4tklg6ae/index.html,200,valid,http_ok,https://www.nuvoton.com/products/microcontrollers/arm-cortex-m4-mcus/m4tk-touch-key-series/m4tklg6ae/index.html,text/html;charset=UTF-8,HEAD,2026-08-29T13:28:23+00:00
https://www.nuvoton.com/products/microcontrollers/arm-cortex-m4-mcus/m4tk-touch-key-series/m4tkre6ae/index.html,200,valid,http_ok,https://www.nuvoton.com/products/microcontrollers/arm-cortex-m4-mcus/m4tk-touch-key-series/m4tkre6ae/index.html,text/html;charset=UTF-8,HEAD,2026-08-29T13:28:24+00:00
https://www.nuvoton.com/products/microcontrollers/arm-cortex-m4-mcus/m4tk-touch-key-series/m4tkrg6ae/index.html,200,valid,http_ok,https://www.nuvoton.com/products/microcontrollers/arm-cortex-m4-mcus/m4tk-touch-key-series/m4tkrg6ae/index.html,text/html;charset=UTF-8,HEAD,2026-08-29T13:28:24+00:00
https://www.nuvoton.com/products/microcontrollers/arm-cortex-m4-mcus/m4tk-touch-key-series/m4tkve6ae/index.html,200,valid,http_ok,https://www.nuvoton.com/products/microcontrollers/arm-cortex-m4-mcus/m4tk-touch-key-series/m4tkve6ae/index.html,text/html;charset=UTF-8,HEAD,2026-08-29T13:28:24+00:00
https://www.nuvoton.com/products/microcontrollers/arm-cortex-m4-mcus/m4tk-touch-key-series/m4tkvg6ae/index.html,200,valid,http_ok,https://www.nuvoton.com/products/microcontrollers/arm-cortex-m4-mcus/m4tk-touch-key-series/m4tkvg6ae/index.html,text/html;charset=UTF-8,HEAD,2026-08-29T13:28:24+00:00
https://www.nuvoton.com/products/microcontrollers/arm-cortex-m4-mcus/nuc400-series/nuc442jg8ae/index.html,200,valid,http_ok,https://www.nuvoton.com/products/microcontrollers/arm-cortex-m4-mcus/nuc400-series/nuc442jg8ae/index.html,text/html;charset=UTF-8,HEAD,2026-08-29T13:28:36+00:00
https://www.nuvoton.com/products/microcontrollers/arm-cortex-m4-mcus/nuc400-series/nuc442ji8ae/index.html,200,valid,http_ok,https://www.nuvoton.com/products/microcontrollers/arm-cortex-m4-mcus/nuc400-series/nuc442ji8ae/index.html,text/html;charset=UTF-8,HEAD,2026-08-29T13:28:37+00:00
https://www.nuvoton.com/products/microcontrollers/arm-cortex-m4-mcus/nuc400-series/nuc442kg8ae/index.html,200,valid,http_ok,https://www.nuvoton.com/products/microcontrollers/arm-cortex-m4-mcus/nuc400-series/nuc442kg8ae/index.html,text/html;charset=UTF-8,HEAD,2026-08-29T13:28:37+00:00
https://www.nuvoton.com/products/microcontrollers/arm-cortex-m4-mcus/nuc400-series/nuc442ki8ae/index.html,200,valid,http_ok,https://www.nuvoton.com/products/microcontrollers/arm-cortex-m4-mcus/nuc400-series/nuc442ki8ae/index.html,text/html;charset=UTF-8,HEAD,2026-08-29T13:28:37+00:00
https://www.nuvoton.com/products/microcontrollers/arm-cortex-m4-mcus/nuc400-series/nuc442rg8ae/index.html,200,valid,http_ok,https://www.nuvoton.com/products/microcontrollers/arm-cortex-m4-mcus/nuc400-series/nuc442rg8ae/index.html,text/html;charset=UTF-8,HEAD,2026-08-29T13:28:37+00:00
https://www.nuvoton.com/products/microcontrollers/arm-cortex-m4-mcus/nuc400-series/nuc442ri8ae/index.html,200,valid,http_ok,https://www.nuvoton.com/products/microcontrollers/arm-cortex-m4-mcus/nuc400-series/nuc442ri8ae/index.html,text/html;charset=UTF-8,HEAD,2026-08-29T13:28:37+00:00
https://www.nuvoton.com/products/microcontrollers/arm-cortex-m4-mcus/nuc400-series/nuc442vg8ae/index.html,200,valid,http_ok,https://www.nuvoton.com/products/microcontrollers/arm-cortex-m4-mcus/nuc400-series/nuc442vg8ae/index.html,text/html;charset=UTF-8,HEAD,2026-08-29T13:28:37+00:00
https://www.nuvoton.com/products/microcontrollers/arm-cortex-m4-mcus/nuc400-series/nuc442vi8ae/index.html,200,valid,http_ok,https://www.nuvoton.com/products/microcontrollers/arm-cortex-m4-mcus/nuc400-series/nuc442vi8ae/index.html,text/html;charset=UTF-8,HEAD,2026-08-29T13:28:37+00:00
https://www.nuvoton.com/products/microcontrollers/arm-cortex-m4-mcus/nuc400-series/nuc472hg8ae/index.html,200,valid,http_ok,https://www.nuvoton.com/products/microcontrollers/arm-cortex-m4-mcus/nuc400-series/nuc472hg8ae/index.html,text/html;charset=UTF-8,HEAD,2026-08-29T13:28:38+00:00
https://www.nuvoton.com/products/microcontrollers/arm-cortex-m4-mcus/nuc400-series/nuc472hi8ae/index.html,200,valid,http_ok,https://www.nuvoton.com/products/microcontrollers/arm-cortex-m4-mcus/nuc400-series/nuc472hi8ae/index.html,text/html;charset=UTF-8,HEAD,2026-08-29T13:28:38+00:00
https://www.nuvoton.com/products/microcontrollers/arm-cortex-m4-mcus/nuc400-series/nuc472jg8ae/index.html,200,valid,http_ok,https://www.nuvoton.com/products/microcontrollers/arm-cortex-m4-mcus/nuc400-series/nuc472jg8ae/index.html,text/html;charset=UTF-8,HEAD,2026-08-29T13:28:38+00:00
https://www.nuvoton.com/products/microcontrollers/arm-cortex-m4-mcus/nuc400-series/nuc472ji8ae/index.html,200,valid,http_ok,https://www.nuvoton.com/products/microcontrollers/arm-cortex-m4-mcus/nuc400-series/nuc472ji8ae/index.html,text/html;charset=UTF-8,HEAD,2026-08-29T13:28:38+00:00
https://www.nuvoton.com/products/microcontrollers/arm-cortex-m4-mcus/nuc400-series/nuc472kg8ae/index.html,200,valid,http_ok,https://www.nuvoton.com/products/microcontrollers/arm-cortex-m4-mcus/nuc400-series/nuc472kg8ae/index.html,text/html;charset=UTF-8,HEAD,2026-08-29T13:28:38+00:00
https://www.nuvoton.com/products/microcontrollers/arm-cortex-m4-mcus/nuc400-series/nuc472ki8ae/index.html,200,valid,http_ok,https://www.nuvoton.com/products/microcontrollers/arm-cortex-m4-mcus/nuc400-series/nuc472ki8ae/index.html,text/html;charset=UTF-8,HEAD,2026-08-29T13:28:38+00:00
https://www.nuvoton.com/products/microcontrollers/arm-cortex-m4-mcus/nuc400-series/nuc472vg8ae/index.html,200,valid,http_ok,https://www.nuvoton.com/products/microcontrollers/arm-cortex-m4-mcus/nuc400-series/nuc472vg8ae/index.html,text/html;charset=UTF-8,HEAD,2026-08-29T13:28:39+00:00
https://www.nuvoton.com/products/microcontrollers/arm-cortex-m4-mcus/nuc400-series/nuc472vi8ae/index.html,200,valid,http_ok,https://www.nuvoton.com/products/microcontrollers/arm-cortex-m4-mcus/nuc400-series/nuc472vi8ae/index.html,text/html;charset=UTF-8,HEAD,2026-08-29T13:28:39+00:00
https://www.nuvoton.com/products/microcontrollers/arm-cortex-m4-mcus/nuc505-series/nuc505dl13y/index.html,200,valid,http_ok,https://www.nuvoton.com/products/microcontrollers/arm-cortex-m4-mcus/nuc505-series/nuc505dl13y/index.html,text/html;charset=UTF-8,HEAD,2026-08-29T13:28:39+00:00
https://www.nuvoton.com/products/microcontrollers/arm-cortex-m4-mcus/nuc505-series/nuc505dla/index.html,200,valid,http_ok,https://www.nuvoton.com/products/microcontrollers/arm-cortex-m4-mcus/nuc505-series/nuc505dla/index.html,text/html;charset=UTF-8,HEAD,2026-08-29T13:28:39+00:00
https://www.nuvoton.com/products/microcontrollers/arm-cortex-m4-mcus/nuc505-series/nuc505ds13y/index.html,200,valid,http_ok,https://www.nuvoton.com/products/microcontrollers/arm-cortex-m4-mcus/nuc505-series/nuc505ds13y/index.html,text/html;charset=UTF-8,HEAD,2026-08-29T13:28:39+00:00
https://www.nuvoton.com/products/microcontrollers/arm-cortex-m4-mcus/nuc505-series/nuc505dsa/index.html,200,valid,http_ok,https://www.nuvoton.com/products/microcontrollers/arm-cortex-m4-mcus/nuc505-series/nuc505dsa/index.html,text/html;charset=UTF-8,HEAD,2026-08-29T13:28:39+00:00
https://www.nuvoton.com/products/microcontrollers/arm-cortex-m4-mcus/nuc505-series/nuc505yla/index.html,200,valid,http_ok,https://www.nuvoton.com/products/microcontrollers/arm-cortex-m4-mcus/nuc505-series/nuc505yla/index.html,text/html;charset=UTF-8,HEAD,2026-08-29T13:28:39+00:00
https://www.nuvoton.com/products/microcontrollers/arm-cortex-m4-mcus/nuc505-series/nuc505yo13y/index.html,200,valid,http_ok,https://www.nuvoton.com/products/microcontrollers/arm-cortex-m4-mcus/nuc505-series/nuc505yo13y/index.html,text/html;charset=UTF-8,HEAD,2026-08-29T13:28:39+00:00
https://www.nuvoton.com/products/microcontrollers/arm-cortex-m55-mcus/m5531-series/m5531h2ljae/index.html,200,valid,http_ok,https://www.nuvoton.com/products/microcontrollers/arm-cortex-m55-mcus/m5531-series/m5531h2ljae/index.html,text/html;charset=UTF-8,HEAD,2026-08-29T13:28:39+00:00
https://www.nuvoton.com/products/microcontrollers/arm-cortex-m55-mcus/m5531-series/m5531k2ljae/index.html,200,valid,http_ok,https://www.nuvoton.com/products/microcontrollers/arm-cortex-m55-mcus/m5531-series/m5531k2ljae/index.html,text/html;charset=UTF-8,HEAD,2026-08-29T13:28:40+00:00
https://www.nuvoton.com/products/microcontrollers/arm-cortex-m55-mcus/m5531-series/m5531r2ljae/index.html,200,valid,http_ok,https://www.nuvoton.com/products/microcontrollers/arm-cortex-m55-mcus/m5531-series/m5531r2ljae/index.html,text/html;charset=UTF-8,HEAD,2026-08-29T13:28:40+00:00
https://www.nuvoton.com/products/microcontrollers/arm-cortex-m55-mcus/m55m1-series/m55m1h2ljae/index.html,200,valid,http_ok,https://www.nuvoton.com/products/microcontrollers/arm-cortex-m55-mcus/m55m1-series/m55m1h2ljae/index.html,text/html;charset=UTF-8,HEAD,2026-08-29T13:28:40+00:00
https://www.nuvoton.com/products/microcontrollers/arm-cortex-m55-mcus/m55m1-series/m55m1k2ljae/index.html,200,valid,http_ok,https://www.nuvoton.com/products/microcontrollers/arm-cortex-m55-mcus/m55m1-series/m55m1k2ljae/index.html,text/html;charset=UTF-8,HEAD,2026-08-29T13:28:40+00:00
https://www.nuvoton.com/products/microcontrollers/arm-cortex-m55-mcus/m55m1-series/m55m1r2ljae/index.html,200,valid,http_ok,https://www.nuvoton.com/products/microcontrollers/arm-cortex-m55-mcus/m55m1-series/m55m1r2ljae/index.html,text/html;charset=UTF-8,HEAD,2026-08-29T13:28:41+00:00
https://www.nuvoton.com/products/microcontrollers/arm-cortex-m7-mcus/km1m7af5x-series/km1m7af50n/index.html,200,valid,http_ok,https://www.nuvoton.com/products/microcontrollers/arm-cortex-m7-mcus/km1m7af5x-series/km1m7af50n/index.html,text/html;charset=UTF-8,HEAD,2026-08-29T13:28:41+00:00
https://www.nuvoton.com/products/microcontrollers/arm-cortex-m7-mcus/km1m7af5x-series/km1m7af52n/index.html,200,valid,http_ok,https://www.nuvoton.com/products/microcontrollers/arm-cortex-m7-mcus/km1m7af5x-series/km1m7af52n/index.html,text/html;charset=UTF-8,HEAD,2026-08-29T13:28:41+00:00
https://www.nuvoton.com/products/microcontrollers/arm-cortex-m7-mcus/km1m7bf0x-series/km1m7bf02n/index.html,200,valid,http_ok,https://www.nuvoton.com/products/microcontrollers/arm-cortex-m7-mcus/km1m7bf0x-series/km1m7bf02n/index.html,text/html;charset=UTF-8,HEAD,2026-08-29T13:28:41+00:00
https://www.nuvoton.com/products/microcontrollers/arm-cortex-m7-mcus/km1m7cf0x-series/km1m7cf03n/index.html,200,valid,http_ok,https://www.nuvoton.com/products/microcontrollers/arm-cortex-m7-mcus/km1m7cf0x-series/km1m7cf03n/index.html,text/html;charset=UTF-8,HEAD,2026-08-29T13:28:41+00:00
https://www.nuvoton.com/products/microcontrollers/arm-cortex-m7-mcus/km1m7cf0x-series/km1m7cf04k/index.html,200,valid,http_ok,https://www.nuvoton.com/products/microcontrollers/arm-cortex-m7-mcus/km1m7cf0x-series/km1m7cf04k/index.html,text/html;charset=UTF-8,HEAD,2026-08-29T13:28:41+00:00
https://www.nuvoton.com/products/microcontrollers/arm-cortex-m7-mcus/km1m7cf0x-series/km1m7cf05k/index.html,200,valid,http_ok,https://www.nuvoton.com/products/microcontrollers/arm-cortex-m7-mcus/km1m7cf0x-series/km1m7cf05k/index.html,text/html;charset=UTF-8,HEAD,2026-08-29T13:28:41+00:00
https://www.nuvoton.com/products/microcontrollers/arm-cortex-m7-mcus/km1m7cf0x-series/km1m7cf06k/index.html,200,valid,http_ok,https://www.nuvoton.com/products/microcontrollers/arm-cortex-m7-mcus/km1m7cf0x-series/km1m7cf06k/index.html,text/html;charset=UTF-8,HEAD,2026-08-29T13:28:41+00:00
https://www.nuvoton.com/products/microprocessors/arm-cortex-a35-mpus/ma35d1-high-performance-edge-iiot-series/ma35d16a087c/index.html,200,valid,http_ok,https://www.nuvoton.com/products/microprocessors/arm-cortex-a35-mpus/ma35d1-high-performance-edge-iiot-series/ma35d16a087c/index.html,text/html;charset=UTF-8,HEAD,2026-08-29T13:28:35+00:00
https://www.nuvoton.com/products/microprocessors/arm-cortex-a35-mpus/ma35d1-high-performance-edge-iiot-series/ma35d16a887c/index.html,200,valid,http_ok,https://www.nuvoton.com/products/microprocessors/arm-cortex-a35-mpus/ma35d1-high-performance-edge-iiot-series/ma35d16a887c/index.html,text/html;charset=UTF-8,HEAD,2026-08-29T13:28:35+00:00
https://www.nuvoton.com/products/microprocessors/arm-cortex-a35-mpus/ma35d1-high-performance-edge-iiot-series/ma35d16ai87c/index.html,200,valid,http_ok,https://www.nuvoton.com/products/microprocessors/arm-cortex-a35-mpus/ma35d1-high-performance-edge-iiot-series/ma35d16ai87c/index.html,text/html;charset=UTF-8,HEAD,2026-08-29T13:28:36+00:00
https://www.nuvoton.com/products/microprocessors/arm-cortex-a35-mpus/ma35d1-high-performance-edge-iiot-series/ma35d16aj87c/index.html,200,valid,http_ok,https://www.nuvoton.com/products/microprocessors/arm-cortex-a35-mpus/ma35d1-high-performance-edge-iiot-series/ma35d16aj87c/index.html,text/html;charset=UTF-8,HEAD,2026-08-29T13:28:36+00:00
https://www.nuvoton.com/products/microprocessors/arm-cortex-a35-mpus/ma35d1-high-performance-edge-iiot-series/ma35d16f787c/index.html,200,valid,http_ok,https://www.nuvoton.com/products/microprocessors/arm-cortex-a35-mpus/ma35d1-high-performance-edge-iiot-series/ma35d16f787c/index.html,text/html;charset=UTF-8,HEAD,2026-08-29T13:28:36+00:00
https://www.nuvoton.com/products/microprocessors/arm-cortex-a35-mpus/ma35d1-high-performance-edge-iiot-series/ma35d16f887c/index.html,200,valid,http_ok,https://www.nuvoton.com/products/microprocessors/arm-cortex-a35-mpus/ma35d1-high-performance-edge-iiot-series/ma35d16f887c/index.html,text/html;charset=UTF-8,HEAD,2026-08-29T13:28:36+00:00
https://www.nuvoton.com/products/microprocessors/arm-cortex-a35-mpus/ma35d1-high-performance-edge-iiot-series/ma35d16f987c/index.html,200,valid,http_ok,https://www.nuvoton.com/products/microprocessors/arm-cortex-a35-mpus/ma35d1-high-performance-edge-iiot-series/ma35d16f987c/index.html,text/html;charset=UTF-8,HEAD,2026-08-29T13:28:36+00:00
https://www.nuvoton.com/products/motor-microcontroller-numotor-series/numotor-microcontroller/nm1120-series/nm1120ec1ae/index.html,200,valid,http_ok,https://www.nuvoton.com/products/motor-microcontroller-numotor-series/numotor-microcontroller/nm1120-series/nm1120ec1ae/index.html,text/html;charset=UTF-8,HEAD,2026-08-29T13:26:46+00:00
https://www.nuvoton.com/products/motor-microcontroller-numotor-series/numotor-microcontroller/nm1120-series/nm1120fc1ae/index.html,200,valid,http_ok,https://www.nuvoton.com/products/motor-microcontroller-numotor-series/numotor-microcontroller/nm1120-series/nm1120fc1ae/index.html,text/html;charset=UTF-8,HEAD,2026-08-29T13:26:47+00:00
https://www.nuvoton.com/products/motor-microcontroller-numotor-series/numotor-microcontroller/nm1120-series/nm1120xc1ae/index.html,200,valid,http_ok,https://www.nuvoton.com/products/motor-microcontroller-numotor-series/numotor-microcontroller/nm1120-series/nm1120xc1ae/index.html,text/html;charset=UTF-8,HEAD,2026-08-29T13:26:50+00:00
https://www.nuvoton.com/products/motor-microcontroller-numotor-series/numotor-microcontroller/nm1234-series/nm1234d/index.html,200,valid,http_ok,https://www.nuvoton.com/products/motor-microcontroller-numotor-series/numotor-microcontroller/nm1234-series/nm1234d/index.html,text/html;charset=UTF-8,HEAD,2026-08-29T13:26:50+00:00
https://www.nuvoton.com/products/motor-microcontroller-numotor-series/numotor-microcontroller/nm1234-series/nm1234y/index.html,200,valid,http_ok,https://www.nuvoton.com/products/motor-microcontroller-numotor-series/numotor-microcontroller/nm1234-series/nm1234y/index.html,text/html;charset=UTF-8,HEAD,2026-08-29T13:26:50+00:00
https://www.nuvoton.com/products/motor-microcontroller-numotor-series/numotor-microcontroller/nm1244-series/nm1244d48/index.html,200,valid,http_ok,https://www.nuvoton.com/products/motor-microcontroller-numotor-series/numotor-microcontroller/nm1244-series/nm1244d48/index.html,text/html;charset=UTF-8,HEAD,2026-08-29T13:26:51+00:00
https://www.nuvoton.com/products/motor-microcontroller-numotor-series/numotor-microcontroller/nm1244-series/nm1244y/index.html,200,valid,http_ok,https://www.nuvoton.com/products/motor-microcontroller-numotor-series/numotor-microcontroller/nm1244-series/nm1244y/index.html,text/html;charset=UTF-8,HEAD,2026-08-29T13:26:51+00:00
https://www.nuvoton.com/products/motor-microcontroller-numotor-series/numotor-microcontroller/nm1244-series/nm1244y48/index.html,200,valid,http_ok,https://www.nuvoton.com/products/motor-microcontroller-numotor-series/numotor-microcontroller/nm1244-series/nm1244y48/index.html,text/html;charset=UTF-8,HEAD,2026-08-29T13:26:51+00:00
https://www.nuvoton.com/products/motor-microcontroller-numotor-series/numotor-microcontroller/nm1330-series/nm1330ld2ae/index.html,200,valid,http_ok,https://www.nuvoton.com/products/motor-microcontroller-numotor-series/numotor-microcontroller/nm1330-series/nm1330ld2ae/index.html,text/html;charset=UTF-8,HEAD,2026-08-29T13:26:51+00:00
https://www.nuvoton.com/products/motor-microcontroller-numotor-series/numotor-microcontroller/nm1530-series/nm1520rd2ae/index.html,200,valid,http_ok,https://www.nuvoton.com/products/motor-microcontroller-numotor-series/numotor-microcontroller/nm1530-series/nm1520rd2ae/index.html,text/html;charset=UTF-8,HEAD,2026-08-29T13:26:52+00:00
https://www.nuvoton.com/products/motor-microcontroller-numotor-series/numotor-microcontroller/nm1530-series/nm1530ve3ae/index.html,200,valid,http_ok,https://www.nuvoton.com/products/motor-microcontroller-numotor-series/numotor-microcontroller/nm1530-series/nm1530ve3ae/index.html,text/html;charset=UTF-8,HEAD,2026-08-29T13:26:52+00:00
https://www.nuvoton.com/products/smart-home-audio/audio-speech-controllers/n57x-series/n572f065/index.html,200,valid,http_ok,https://www.nuvoton.com/products/smart-home-audio/audio-speech-controllers/n57x-series/n572f065/index.html,text/html;charset=UTF-8,HEAD,2026-08-29T13:28:41+00:00
https://www.nuvoton.com/products/smart-home-audio/audio-speech-controllers/n57x-series/n572f072/index.html,200,valid,http_ok,https://www.nuvoton.com/products/smart-home-audio/audio-speech-controllers/n57x-series/n572f072/index.html,text/html;charset=UTF-8,HEAD,2026-08-29T13:28:41+00:00
https://www.nuvoton.com/resource-files/DA00-NUC130EN1.pdf,200,valid,http_ok,https://www.nuvoton.com/resource-files/DA00-NUC130EN1.pdf,application/pdf,HEAD,2026-08-29T13:27:09+00:00
https://www.nuvoton.com/resource-files/DA00-NUC140ENF1.pdf,200,valid,http_ok,https://www.nuvoton.com/resource-files/DA00-NUC140ENF1.pdf,application/pdf,HEAD,2026-08-29T13:27:13+00:00
https://www.nuvoton.com/resource-files/DG_NuMaker_Brick_M451_Series_EN_Rev1.01.pdf,200,valid,http_ok,https://www.nuvoton.com/resource-files/DG_NuMaker_Brick_M451_Series_EN_Rev1.01.pdf,application/pdf,HEAD,2026-08-29T13:28:21+00:00
https://www.nuvoton.com/resource-files/DS_M0518_Series_EN_Rev1.02.pdf,200,valid,http_ok,https://www.nuvoton.com/resource-files/DS_M0518_Series_EN_Rev1.02.pdf,application/pdf,HEAD,2026-08-29T13:26:25+00:00
https://www.nuvoton.com/resource-files/DS_M0519_Series_EN_V1.02.pdf,200,valid,http_ok,https://www.nuvoton.com/resource-files/DS_M0519_Series_EN_V1.02.pdf,application/pdf,HEAD,2026-08-29T13:26:25+00:00
https://www.nuvoton.com/resource-files/DS_M0564_Series_EN_Rev1.02.pdf,200,valid,http_ok,https://www.nuvoton.com/resource-files/DS_M0564_Series_EN_Rev1.02.pdf,application/pdf,HEAD,2026-08-29T13:26:26+00:00
https://www.nuvoton.com/resource-files/DS_M058S_Series_EN_Rev1.05.pdf,200,valid,http_ok,https://www.nuvoton.com/resource-files/DS_M058S_Series_EN_Rev1.05.pdf,application/pdf,HEAD,2026-08-29T13:26:31+00:00
https://www.nuvoton.com/resource-files/DS_M261_M262_M263_Series_EN_Rev1.02.pdf,200,valid,http_ok,https://www.nuvoton.com/resource-files/DS_M261_M262_M263_Series_EN_Rev1.02.pdf,application/pdf,HEAD,2026-08-29T13:28:05+00:00
https://www.nuvoton.com/resource-files/DS_M451_Series_EN_Rev2.09.pdf,200,valid,http_ok,https://www.nuvoton.com/resource-files/DS_M451_Series_EN_Rev2.09.pdf,application/pdf,HEAD,2026-08-29T13:28:19+00:00
https://www.nuvoton.com/resource-files/DS_M4521_Series_EN_Rev1.01.pdf,200,valid,http_ok,https://www.nuvoton.com/resource-files/DS_M4521_Series_EN_Rev1.01.pdf,application/pdf,HEAD,2026-08-29T13:28:24+00:00
https://www.nuvoton.com/resource-files/DS_M471M_M471R1_M471S_Series_EN_Rev1.00.pdf,200,valid,http_ok,https://www.nuvoton.com/resource-files/DS_M471M_M471R1_M471S_Series_EN_Rev1.00.pdf,application/pdf,HEAD,2026-08-29T13:28:28+00:00
https://www.nuvoton.com/resource-files/DS_M4TK_Series_EN_Rev1.00.pdf,200,valid,http_ok,https://www.nuvoton.com/resource-files/DS_M4TK_Series_EN_Rev1.00.pdf,application/pdf,HEAD,2026-08-29T13:28:23+00:00
https://www.nuvoton.com/resource-files/DS_Mini51DE_Series_EN_Rev1.04.pdf,200,valid,http_ok,https://www.nuvoton.com/resource-files/DS_Mini51DE_Series_EN_Rev1.04.pdf,application/pdf,HEAD,2026-08-29T13:26:38+00:00
https://www.nuvoton.com/resource-files/DS_Mini55_Series_EN_Rev1.01.pdf,200,valid,http_ok,https://www.nuvoton.com/resource-files/DS_Mini55_Series_EN_Rev1.01.pdf,application/pdf,HEAD,2026-08-29T13:26:44+00:00
https://www.nuvoton.com/resource-files/DS_Mini57_Series_EN_Rev1.02.pdf,200,valid,http_ok,https://www.nuvoton.com/resource-files/DS_Mini57_Series_EN_Rev1.02.pdf,application/pdf,HEAD,2026-08-29T13:26:45+00:00
https://www.nuvoton.com/resource-files/DS_Mini58DE_Series_EN_Rev1.04.pdf,200,valid,http_ok,https://www.nuvoton.com/resource-files/DS_Mini58DE_Series_EN_Rev1.04.pdf,application/pdf,HEAD,2026-08-29T13:26:46+00:00
https://www.nuvoton.com/resource-files/DS_NUC029xAN_xAE_Series_EN_Rev1.11.pdf,200,valid,http_ok,https://www.nuvoton.com/resource-files/DS_NUC029xAN_xAE_Series_EN_Rev1.11.pdf,application/pdf,HEAD,2026-08-29T13:26:53+00:00
https://www.nuvoton.com/resource-files/DS_NUC029xDE_Series_EN_Rev1.04.pdf,200,valid,http_ok,https://www.nuvoton.com/resource-files/DS_NUC029xDE_Series_EN_Rev1.04.pdf,application/pdf,HEAD,2026-08-29T13:26:57+00:00
https://www.nuvoton.com/resource-files/DS_NUC029xEE_Series_EN_Rev1.03.pdf,200,valid,http_ok,https://www.nuvoton.com/resource-files/DS_NUC029xEE_Series_EN_Rev1.03.pdf,application/pdf,HEAD,2026-08-29T13:26:57+00:00
https://www.nuvoton.com/resource-files/DS_NUC029xGE_Series_EN_Rev1.03.pdf,200,valid,http_ok,https://www.nuvoton.com/resource-files/DS_NUC029xGE_Series_EN_Rev1.03.pdf,application/pdf,HEAD,2026-08-29T13:26:58+00:00
https://www.nuvoton.com/resource-files/DS_NUC100_120(DN)_Series_EN_V1.04.pdf,200,valid,http_ok,https://www.nuvoton.com/resource-files/DS_NUC100_120(DN)_Series_EN_V1.04.pdf,application/pdf,HEAD,2026-08-29T13:26:59+00:00
https://www.nuvoton.com/resource-files/DS_NUC121_125_Series_EN_Rev1.04.pdf,200,valid,http_ok,https://www.nuvoton.com/resource-files/DS_NUC121_125_Series_EN_Rev1.04.pdf,application/pdf,HEAD,2026-08-29T13:27:17+00:00
https://www.nuvoton.com/resource-files/DS_NUC122_Series_EN_Rev1.11.pdf,200,valid,http_ok,https://www.nuvoton.com/resource-files/DS_NUC122_Series_EN_Rev1.11.pdf,application/pdf,HEAD,2026-08-29T13:27:20+00:00
https://www.nuvoton.com/resource-files/DS_NUC123_Series_EN_Rev2.05.pdf,200,valid,http_ok,https://www.nuvoton.com/resource-files/DS_NUC123_Series_EN_Rev2.05.pdf,application/pdf,HEAD,2026-08-29T13:27:22+00:00
https://www.nuvoton.com/resource-files/DS_NUC126_Series_EN_Rev1.05.pdf,200,valid,http_ok,https://www.nuvoton.com/resource-files/DS_NUC126_Series_EN_Rev1.05.pdf,application/pdf,HEAD,2026-08-29T13:27:27+00:00
https://www.nuvoton.com/resource-files/DS_NUC131_Series_EN_Rev1.01.pdf,200,valid,http_ok,https://www.nuvoton.com/resource-files/DS_NUC131_Series_EN_Rev1.01.pdf,application/pdf,HEAD,2026-08-29T13:27:29+00:00
https://www.nuvoton.com/resource-files/DS_NUC200_220(AN)_EN_Rev1.02.pdf,200,valid,http_ok,https://www.nuvoton.com/resource-files/DS_NUC200_220(AN)_EN_Rev1.02.pdf,application/pdf,HEAD,2026-08-29T13:27:31+00:00
https://www.nuvoton.com/resource-files/DS_NUC230_240(AE)_Series_EN_Rev1.02.pdf,200,valid,http_ok,https://www.nuvoton.com/resource-files/DS_NUC230_240(AE)_Series_EN_Rev1.02.pdf,application/pdf,HEAD,2026-08-29T13:27:35+00:00
https://www.nuvoton.com/resource-files/DS_Nano100(B)_Series_EN_Rev1.09.pdf,200,valid,http_ok,https://www.nuvoton.com/resource-files/DS_Nano100(B)_Series_EN_Rev1.09.pdf,application/pdf,HEAD,2026-08-29T13:27:39+00:00
https://www.nuvoton.com/resource-files/DS_Nano102_112_Series_EN_Rev1.04.pdf,200,valid,http_ok,https://www.nuvoton.com/resource-files/DS_Nano102_112_Series_EN_Rev1.04.pdf,application/pdf,HEAD,2026-08-29T13:27:50+00:00
https://www.nuvoton.com/resource-files/DS_Nano103_Series_EN_Rev1.03.pdf,200,valid,http_ok,https://www.nuvoton.com/resource-files/DS_Nano103_Series_EN_Rev1.03.pdf,application/pdf,HEAD,2026-08-29T13:27:50+00:00
https://www.nuvoton.com/resource-files/en-us--DS_CM2003_Series_EN_Rev1.03.pdf,200,valid,http_ok,https://www.nuvoton.com/resource-files/en-us--DS_CM2003_Series_EN_Rev1.03.pdf,application/pdf,HEAD,2026-08-29T13:27:53+00:00
https://www.nuvoton.com/resource-files/en-us--DS_KM1M4BF02_03_04_05_52_53_54_EN_Rev1.06.pdf,200,valid,http_ok,https://www.nuvoton.com/resource-files/en-us--DS_KM1M4BF02_03_04_05_52_53_54_EN_Rev1.06.pdf,application/pdf,HEAD,2026-08-29T13:28:18+00:00
https://www.nuvoton.com/resource-files/en-us--DS_KM1M4BF64_65_66_67_EN_Rev1.2.pdf,200,valid,http_ok,https://www.nuvoton.com/resource-files/en-us--DS_KM1M4BF64_65_66_67_EN_Rev1.2.pdf,application/pdf,HEAD,2026-08-29T13:28:18+00:00
https://www.nuvoton.com/resource-files/en-us--DS_M029G_M030G_M031G_Series_EN_Rev1.02.pdf,200,valid,http_ok,https://www.nuvoton.com/resource-files/en-us--DS_M029G_M030G_M031G_Series_EN_Rev1.02.pdf,application/pdf,HEAD,2026-08-29T13:25:53+00:00
https://www.nuvoton.com/resource-files/en-us--DS_M031_M032_Series_EN_Rev2.03.pdf,200,valid,http_ok,https://www.nuvoton.com/resource-files/en-us--DS_M031_M032_Series_EN_Rev2.03.pdf,application/pdf,HEAD,2026-08-29T13:26:07+00:00
https://www.nuvoton.com/resource-files/en-us--DS_M051(DN_DE)_Series_EN_Rev1.04.pdf,200,valid,http_ok,https://www.nuvoton.com/resource-files/en-us--DS_M051(DN_DE)_Series_EN_Rev1.04.pdf,application/pdf,HEAD,2026-08-29T13:26:16+00:00
https://www.nuvoton.com/resource-files/en-us--DS_M071M_EN_Rev1.02.pdf,200,valid,http_ok,https://www.nuvoton.com/resource-files/en-us--DS_M071M_EN_Rev1.02.pdf,application/pdf,HEAD,2026-08-29T13:26:31+00:00
https://www.nuvoton.com/resource-files/en-us--DS_M071R1_M071S_EN_Rev1.03.pdf,200,valid,http_ok,https://www.nuvoton.com/resource-files/en-us--DS_M071R1_M071S_EN_Rev1.03.pdf,application/pdf,HEAD,2026-08-29T13:26:32+00:00
https://www.nuvoton.com/resource-files/en-us--DS_M0A21_M0A23_Series_EN_Rev1.06.pdf,200,valid,http_ok,https://www.nuvoton.com/resource-files/en-us--DS_M0A21_M0A23_Series_EN_Rev1.06.pdf,application/pdf,HEAD,2026-08-29T13:26:35+00:00
https://www.nuvoton.com/resource-files/en-us--DS_M0A23U_Series_EN_Rev1.01.pdf,200,valid,http_ok,https://www.nuvoton.com/resource-files/en-us--DS_M0A23U_Series_EN_Rev1.01.pdf,application/pdf,HEAD,2026-08-29T13:26:37+00:00
https://www.nuvoton.com/resource-files/en-us--DS_M2003_Series_EN_Rev1.00.pdf,200,valid,http_ok,https://www.nuvoton.com/resource-files/en-us--DS_M2003_Series_EN_Rev1.00.pdf,application/pdf,HEAD,2026-08-29T13:27:56+00:00
https://www.nuvoton.com/resource-files/en-us--DS_M2354_Series_EN_Rev1.02.pdf,200,valid,http_ok,https://www.nuvoton.com/resource-files/en-us--DS_M2354_Series_EN_Rev1.02.pdf,application/pdf,HEAD,2026-08-29T13:27:57+00:00
https://www.nuvoton.com/resource-files/en-us--DS_M251_M252_Series_EN_Rev1.04.pdf,200,valid,http_ok,https://www.nuvoton.com/resource-files/en-us--DS_M251_M252_Series_EN_Rev1.04.pdf,application/pdf,HEAD,2026-08-29T13:27:58+00:00
https://www.nuvoton.com/resource-files/en-us--DS_M253xx3BE_Series_EN_Rev1.02.pdf,200,valid,http_ok,https://www.nuvoton.com/resource-files/en-us--DS_M253xx3BE_Series_EN_Rev1.02.pdf,application/pdf,HEAD,2026-08-29T13:28:04+00:00
https://www.nuvoton.com/resource-files/en-us--DS_M254_M256_M258_Series_EN_Rev1.05.pdf,200,valid,http_ok,https://www.nuvoton.com/resource-files/en-us--DS_M254_M256_M258_Series_EN_Rev1.05.pdf,application/pdf,HEAD,2026-08-29T13:28:02+00:00
https://www.nuvoton.com/resource-files/en-us--DS_M2A23_Series_EN_Rev1.00.pdf,200,valid,http_ok,https://www.nuvoton.com/resource-files/en-us--DS_M2A23_Series_EN_Rev1.00.pdf,application/pdf,HEAD,2026-08-29T13:28:06+00:00
https://www.nuvoton.com/resource-files/en-us--DS_M2L31_Series_EN_Rev1.03.pdf,200,valid,http_ok,https://www.nuvoton.com/resource-files/en-us--DS_M2L31_Series_EN_Rev1.03.pdf,application/pdf,HEAD,2026-08-29T13:28:08+00:00
https://www.nuvoton.com/resource-files/en-us--DS_M3331_Series_EN_Rev1.00.pdf,200,valid,http_ok,https://www.nuvoton.com/resource-files/en-us--DS_M3331_Series_EN_Rev1.00.pdf,application/pdf,HEAD,2026-08-29T13:28:15+00:00
https://www.nuvoton.com/resource-files/en-us--DS_M3351_Series_EN_Rev1.01.pdf,200,valid,http_ok,https://www.nuvoton.com/resource-files/en-us--DS_M3351_Series_EN_Rev1.01.pdf,application/pdf,HEAD,2026-08-29T13:28:17+00:00
https://www.nuvoton.com/resource-files/en-us--DS_M433_Series_EN_Rev1.00.pdf,200,valid,http_ok,https://www.nuvoton.com/resource-files/en-us--DS_M433_Series_EN_Rev1.00.pdf,application/pdf,HEAD,2026-08-29T13:28:19+00:00
https://www.nuvoton.com/resource-files/en-us--DS_M463_M467_Series_EN_Rev1.03.pdf,200,valid,http_ok,https://www.nuvoton.com/resource-files/en-us--DS_M463_M467_Series_EN_Rev1.03.pdf,application/pdf,HEAD,2026-08-29T13:28:24+00:00
https://www.nuvoton.com/resource-files/en-us--DS_M471V_M471K_M471C_Series_EN_Rev1.40.pdf,200,valid,http_ok,https://www.nuvoton.com/resource-files/en-us--DS_M471V_M471K_M471C_Series_EN_Rev1.40.pdf,application/pdf,HEAD,2026-08-29T13:28:27+00:00
https://www.nuvoton.com/resource-files/en-us--DS_M480_Series_EN_Rev3.09.pdf,200,valid,http_ok,https://www.nuvoton.com/resource-files/en-us--DS_M480_Series_EN_Rev3.09.pdf,application/pdf,HEAD,2026-08-29T13:28:28+00:00
https://www.nuvoton.com/resource-files/en-us--DS_M5531_Series_EN_Rev1.00.pdf,200,valid,http_ok,https://www.nuvoton.com/resource-files/en-us--DS_M5531_Series_EN_Rev1.00.pdf,application/pdf,HEAD,2026-08-29T13:28:40+00:00
https://www.nuvoton.com/resource-files/en-us--DS_M55M1_Series_EN_Rev1.01.pdf,200,valid,http_ok,https://www.nuvoton.com/resource-files/en-us--DS_M55M1_Series_EN_Rev1.01.pdf,application/pdf,HEAD,2026-08-29T13:28:40+00:00
https://www.nuvoton.com/resource-files/en-us--DS_NUC1262_EN_Rev1.04.pdf,200,valid,http_ok,https://www.nuvoton.com/resource-files/en-us--DS_NUC1262_EN_Rev1.04.pdf,application/pdf,HEAD,2026-08-29T13:28:13+00:00
https://www.nuvoton.com/resource-files/en-us--DS_NUC1263_Series_EN_Rev1.01.pdf,200,valid,http_ok,https://www.nuvoton.com/resource-files/en-us--DS_NUC1263_Series_EN_Rev1.01.pdf,application/pdf,HEAD,2026-08-29T13:28:13+00:00
https://www.nuvoton.com/resource-files/en-us--DS_NUC442_Series_EN_Rev1.11.pdf,200,valid,http_ok,https://www.nuvoton.com/resource-files/en-us--DS_NUC442_Series_EN_Rev1.11.pdf,application/pdf,HEAD,2026-08-29T13:28:36+00:00
https://www.nuvoton.com/resource-files/en-us--DS_NUC472_Series_EN_Rev1.11.pdf,200,valid,http_ok,https://www.nuvoton.com/resource-files/en-us--DS_NUC472_Series_EN_Rev1.11.pdf,application/pdf,HEAD,2026-08-29T13:28:39+00:00
https://www.renesas.com/en/document/dst/r9a02g020-datasheet,429,rate_limited,429,https://www.renesas.com/en/document/dst/r9a02g020-datasheet,text/html; charset=UTF-8,GET,2026-08-29T13:29:36+00:00
https://www.renesas.com/en/document/dst/r9a02g021-datasheet,429,rate_limited,429,https://www.renesas.com/en/document/dst/r9a02g021-datasheet,text/html; charset=UTF-8,GET,2026-08-29T13:29:36+00:00
https://www.renesas.com/en/document/dst/r9a06g150-datasheet,429,rate_limited,429,https://www.renesas.com/en/document/dst/r9a06g150-datasheet,text/html; charset=UTF-8,GET,2026-08-29T13:29:36+00:00
https://www.renesas.com/en/document/dst/ra0e1-group-datasheet,200,valid,http_ok,https://www.renesas.com/en/document/dst/ra0e1-group-datasheet,application/pdf,HEAD,2026-08-29T13:28:51+00:00
https://www.renesas.com/en/document/dst/ra0e2-group-datasheet,200,valid,http_ok,https://www.renesas.com/en/document/dst/ra0e2-group-datasheet,application/pdf,HEAD,2026-08-29T13:28:51+00:00
https://www.renesas.com/en/document/dst/ra0e3-group-datasheet,200,valid,http_ok,https://www.renesas.com/en/document/dst/ra0e3-group-datasheet,application/pdf,HEAD,2026-08-29T13:28:51+00:00
https://www.renesas.com/en/document/dst/ra0l1-group-datasheet,200,valid,http_ok,https://www.renesas.com/en/document/dst/ra0l1-group-datasheet,application/pdf,HEAD,2026-08-29T13:28:51+00:00
https://www.renesas.com/en/document/dst/ra2a2-group-datasheet,200,valid,http_ok,https://www.renesas.com/en/document/dst/ra2a2-group-datasheet,application/pdf,HEAD,2026-08-29T13:28:52+00:00
https://www.renesas.com/en/document/dst/ra2e1-group-datasheet,200,valid,http_ok,https://www.renesas.com/en/document/dst/ra2e1-group-datasheet,application/pdf,HEAD,2026-08-29T13:28:56+00:00
https://www.renesas.com/en/document/dst/ra2e2-group-datasheet,200,valid,http_ok,https://www.renesas.com/en/document/dst/ra2e2-group-datasheet,application/pdf,HEAD,2026-08-29T13:28:56+00:00
https://www.renesas.com/en/document/dst/ra2e3-group-datasheet,200,valid,http_ok,https://www.renesas.com/en/document/dst/ra2e3-group-datasheet,application/pdf,HEAD,2026-08-29T13:28:57+00:00
https://www.renesas.com/en/document/dst/ra2l1-group-datasheet,200,valid,http_ok,https://www.renesas.com/en/document/dst/ra2l1-group-datasheet,application/pdf,HEAD,2026-08-29T13:29:01+00:00
https://www.renesas.com/en/document/dst/ra2l2-group-datasheet,200,valid,http_ok,https://www.renesas.com/en/document/dst/ra2l2-group-datasheet,application/pdf,HEAD,2026-08-29T13:29:03+00:00
https://www.renesas.com/en/document/dst/ra2t1-group-datasheet,200,valid,http_ok,https://www.renesas.com/en/document/dst/ra2t1-group-datasheet,application/pdf,HEAD,2026-08-29T13:29:05+00:00
https://www.renesas.com/en/document/dst/ra4c1-group-datasheet,200,valid,http_ok,https://www.renesas.com/en/document/dst/ra4c1-group-datasheet,application/pdf,HEAD,2026-08-29T13:29:06+00:00
https://www.renesas.com/en/document/dst/ra4e1-group-datasheet,200,valid,http_ok,https://www.renesas.com/en/document/dst/ra4e1-group-datasheet,application/pdf,HEAD,2026-08-29T13:29:06+00:00
https://www.renesas.com/en/document/dst/ra4e2-group-datasheet,200,valid,http_ok,https://www.renesas.com/en/document/dst/ra4e2-group-datasheet,application/pdf,HEAD,2026-08-29T13:29:06+00:00
https://www.renesas.com/en/document/dst/ra4l1-group-datasheet,200,valid,http_ok,https://www.renesas.com/en/document/dst/ra4l1-group-datasheet,application/pdf,HEAD,2026-08-29T13:29:06+00:00
https://www.renesas.com/en/document/dst/ra4m1-group-datasheet,200,valid,http_ok,https://www.renesas.com/en/document/dst/ra4m1-group-datasheet,application/pdf,HEAD,2026-08-29T13:29:06+00:00
https://www.renesas.com/en/document/dst/ra4m2-group-datasheet,200,valid,http_ok,https://www.renesas.com/en/document/dst/ra4m2-group-datasheet,application/pdf,HEAD,2026-08-29T13:29:07+00:00
https://www.renesas.com/en/document/dst/ra4m3-group-datasheet,200,valid,http_ok,https://www.renesas.com/en/document/dst/ra4m3-group-datasheet,application/pdf,HEAD,2026-08-29T13:29:07+00:00
https://www.renesas.com/en/document/dst/ra4t1-group-datasheet,200,valid,http_ok,https://www.renesas.com/en/document/dst/ra4t1-group-datasheet,application/pdf,HEAD,2026-08-29T13:29:07+00:00
https://www.renesas.com/en/document/dst/ra6e1-group-datasheet,200,valid,http_ok,https://www.renesas.com/en/document/dst/ra6e1-group-datasheet,application/pdf,HEAD,2026-08-29T13:29:08+00:00
https://www.renesas.com/en/document/dst/ra6e2-group-datasheet,200,valid,http_ok,https://www.renesas.com/en/document/dst/ra6e2-group-datasheet,application/pdf,HEAD,2026-08-29T13:29:09+00:00
https://www.renesas.com/en/document/dst/ra6m2-group-datasheet,200,valid,http_ok,https://www.renesas.com/en/document/dst/ra6m2-group-datasheet,application/pdf,HEAD,2026-08-29T13:29:10+00:00
https://www.renesas.com/en/document/dst/ra6m3-group-datasheet,200,valid,http_ok,https://www.renesas.com/en/document/dst/ra6m3-group-datasheet,application/pdf,HEAD,2026-08-29T13:29:10+00:00
https://www.renesas.com/en/document/dst/ra6m4-group-datasheet,200,valid,http_ok,https://www.renesas.com/en/document/dst/ra6m4-group-datasheet,application/pdf,HEAD,2026-08-29T13:29:11+00:00
https://www.renesas.com/en/document/dst/ra6m5-group-datasheet,200,valid,http_ok,https://www.renesas.com/en/document/dst/ra6m5-group-datasheet,application/pdf,HEAD,2026-08-29T13:29:11+00:00
https://www.renesas.com/en/document/dst/ra6t2-group-datasheet,200,valid,http_ok,https://www.renesas.com/en/document/dst/ra6t2-group-datasheet,application/pdf,HEAD,2026-08-29T13:29:12+00:00
https://www.renesas.com/en/document/dst/ra6t3-group-datasheet,200,valid,http_ok,https://www.renesas.com/en/document/dst/ra6t3-group-datasheet,application/pdf,HEAD,2026-08-29T13:29:12+00:00
https://www.renesas.com/en/document/dst/ra6w1-datasheet,200,valid,http_ok,https://www.renesas.com/en/document/dst/ra6w1-datasheet,application/pdf,HEAD,2026-08-29T13:29:12+00:00
https://www.renesas.com/en/document/dst/ra6w2-datasheet,200,valid,http_ok,https://www.renesas.com/en/document/dst/ra6w2-datasheet,application/pdf,HEAD,2026-08-29T13:29:12+00:00
https://www.renesas.com/en/document/dst/ra8d1-group-datasheet,200,valid,http_ok,https://www.renesas.com/en/document/dst/ra8d1-group-datasheet,application/pdf,HEAD,2026-08-29T13:29:13+00:00
https://www.renesas.com/en/document/dst/ra8d2-group-datasheet,200,valid,http_ok,https://www.renesas.com/en/document/dst/ra8d2-group-datasheet,application/pdf,HEAD,2026-08-29T13:29:13+00:00
https://www.renesas.com/en/document/dst/ra8e1-group-datasheet,200,valid,http_ok,https://www.renesas.com/en/document/dst/ra8e1-group-datasheet,application/pdf,HEAD,2026-08-29T13:29:13+00:00
https://www.renesas.com/en/document/dst/ra8e2-group-datasheet,429,rate_limited,429,https://www.renesas.com/en/document/dst/ra8e2-group-datasheet,text/html; charset=UTF-8,GET,2026-08-29T13:29:13+00:00
https://www.renesas.com/en/document/dst/ra8m1-group-datasheet,429,rate_limited,429,https://www.renesas.com/en/document/dst/ra8m1-group-datasheet,text/html; charset=UTF-8,GET,2026-08-29T13:29:14+00:00
https://www.renesas.com/en/document/dst/ra8m2-group-datasheet,429,rate_limited,429,https://www.renesas.com/en/document/dst/ra8m2-group-datasheet,text/html; charset=UTF-8,GET,2026-08-29T13:29:14+00:00
https://www.renesas.com/en/document/dst/ra8p1-group-datasheet,429,rate_limited,429,https://www.renesas.com/en/document/dst/ra8p1-group-datasheet,text/html; charset=UTF-8,GET,2026-08-29T13:29:14+00:00
https://www.renesas.com/en/document/dst/ra8t1-group-datasheet,429,rate_limited,429,https://www.renesas.com/en/document/dst/ra8t1-group-datasheet,text/html; charset=UTF-8,GET,2026-08-29T13:29:15+00:00
https://www.renesas.com/en/document/dst/ra8t2-group-datasheet,429,rate_limited,429,https://www.renesas.com/en/document/dst/ra8t2-group-datasheet,text/html; charset=UTF-8,GET,2026-08-29T13:29:15+00:00
https://www.renesas.com/en/document/dst/renesas-ra2a1-group-datasheet,200,valid,http_ok,https://www.renesas.com/en/document/dst/renesas-ra2a1-group-datasheet,application/pdf,HEAD,2026-08-29T13:28:51+00:00
https://www.renesas.com/en/document/dst/renesas-ra6m1-group-datasheet,200,valid,http_ok,https://www.renesas.com/en/document/dst/renesas-ra6m1-group-datasheet,application/pdf,HEAD,2026-08-29T13:29:10+00:00
https://www.renesas.com/en/document/dst/renesas-ra6t1-group-datasheet,200,valid,http_ok,https://www.renesas.com/en/document/dst/renesas-ra6t1-group-datasheet,application/pdf,HEAD,2026-08-29T13:29:11+00:00
https://www.renesas.com/en/document/dst/rh850c1m-datasheet-rev-100,429,rate_limited,429,https://www.renesas.com/en/document/dst/rh850c1m-datasheet-rev-100,text/html; charset=UTF-8,GET,2026-08-29T13:29:15+00:00
https://www.renesas.com/en/document/dst/rh850d1ld1m-data-sheet,429,rate_limited,429,https://www.renesas.com/en/document/dst/rh850d1ld1m-data-sheet,text/html; charset=UTF-8,GET,2026-08-29T13:29:16+00:00
https://www.renesas.com/en/document/dst/rh850d1s1-datasheet,429,rate_limited,429,https://www.renesas.com/en/document/dst/rh850d1s1-datasheet,text/html; charset=UTF-8,GET,2026-08-29T13:29:16+00:00
https://www.renesas.com/en/document/dst/rh850f1kh-rh850f1km-datasheet,429,rate_limited,429,https://www.renesas.com/en/document/dst/rh850f1kh-rh850f1km-datasheet,text/html; charset=UTF-8,GET,2026-08-29T13:29:18+00:00
https://www.renesas.com/en/document/dst/rh850f1l-rh850f1m-rh850f1h-datasheet,429,rate_limited,429,https://www.renesas.com/en/document/dst/rh850f1l-rh850f1m-rh850f1h-datasheet,text/html; charset=UTF-8,GET,2026-08-29T13:29:18+00:00
https://www.renesas.com/en/document/dst/rh850p1m-e-datasheet,429,rate_limited,429,https://www.renesas.com/en/document/dst/rh850p1m-e-datasheet,text/html; charset=UTF-8,GET,2026-08-29T13:29:20+00:00
https://www.renesas.com/en/document/dst/rh850p1x-c-datasheet,429,rate_limited,429,https://www.renesas.com/en/document/dst/rh850p1x-c-datasheet,text/html; charset=UTF-8,GET,2026-08-29T13:29:19+00:00
https://www.renesas.com/en/document/dst/rh850u2a-renesas-microcontroller-datasheet,429,rate_limited,429,https://www.renesas.com/en/document/dst/rh850u2a-renesas-microcontroller-datasheet,text/html; charset=UTF-8,GET,2026-08-29T13:29:20+00:00
https://www.renesas.com/en/document/dst/rh850u2b-datasheet-rev-100,429,rate_limited,429,https://www.renesas.com/en/document/dst/rh850u2b-datasheet-rev-100,text/html; charset=UTF-8,GET,2026-08-29T13:29:20+00:00
https://www.renesas.com/en/document/dst/rh850u2c-datasheet,429,rate_limited,429,https://www.renesas.com/en/document/dst/rh850u2c-datasheet,text/html; charset=UTF-8,GET,2026-08-29T13:29:20+00:00
https://www.renesas.com/en/document/dst/rl78d1a-datasheet,429,rate_limited,429,https://www.renesas.com/en/document/dst/rl78d1a-datasheet,text/html; charset=UTF-8,GET,2026-08-29T13:29:21+00:00
https://www.renesas.com/en/document/dst/rl78f12-datasheet,429,rate_limited,429,https://www.renesas.com/en/document/dst/rl78f12-datasheet,text/html; charset=UTF-8,GET,2026-08-29T13:29:21+00:00
https://www.renesas.com/en/document/dst/rl78f13-f14-data-sheet,429,rate_limited,429,https://www.renesas.com/en/document/dst/rl78f13-f14-data-sheet,text/html; charset=UTF-8,GET,2026-08-29T13:29:21+00:00
https://www.renesas.com/en/document/dst/rl78f15-datasheet,429,rate_limited,429,https://www.renesas.com/en/document/dst/rl78f15-datasheet,text/html; charset=UTF-8,GET,2026-08-29T13:29:21+00:00
https://www.renesas.com/en/document/dst/rl78f22-f25-datasheet,429,rate_limited,429,https://www.renesas.com/en/document/dst/rl78f22-f25-datasheet,text/html; charset=UTF-8,GET,2026-08-29T13:29:21+00:00
https://www.renesas.com/en/document/dst/rl78f23-24-data-sheet,429,rate_limited,429,https://www.renesas.com/en/document/dst/rl78f23-24-data-sheet,text/html; charset=UTF-8,GET,2026-08-29T13:29:22+00:00
https://www.renesas.com/en/document/dst/rl78g10-data-sheet,429,rate_limited,429,https://www.renesas.com/en/document/dst/rl78g10-data-sheet,text/html; charset=UTF-8,GET,2026-08-29T13:29:22+00:00
https://www.renesas.com/en/document/dst/rl78g11-data-sheet,429,rate_limited,429,https://www.renesas.com/en/document/dst/rl78g11-data-sheet,text/html; charset=UTF-8,GET,2026-08-29T13:29:23+00:00
https://www.renesas.com/en/document/dst/rl78g12-datasheet-0,429,rate_limited,429,https://www.renesas.com/en/document/dst/rl78g12-datasheet-0,text/html; charset=UTF-8,GET,2026-08-29T13:29:23+00:00
https://www.renesas.com/en/document/dst/rl78g13-data-sheet,429,rate_limited,429,https://www.renesas.com/en/document/dst/rl78g13-data-sheet,text/html; charset=UTF-8,GET,2026-08-29T13:29:23+00:00
https://www.renesas.com/en/document/dst/rl78g13a-data-sheet-rev110,429,rate_limited,429,https://www.renesas.com/en/document/dst/rl78g13a-data-sheet-rev110,text/html; charset=UTF-8,GET,2026-08-29T13:29:23+00:00
https://www.renesas.com/en/document/dst/rl78g14-data-sheet,429,rate_limited,429,https://www.renesas.com/en/document/dst/rl78g14-data-sheet,text/html; charset=UTF-8,GET,2026-08-29T13:29:24+00:00
https://www.renesas.com/en/document/dst/rl78g15-data-sheet,429,rate_limited,429,https://www.renesas.com/en/document/dst/rl78g15-data-sheet,text/html; charset=UTF-8,GET,2026-08-29T13:29:24+00:00
https://www.renesas.com/en/document/dst/rl78g16-data-sheet,429,rate_limited,429,https://www.renesas.com/en/document/dst/rl78g16-data-sheet,text/html; charset=UTF-8,GET,2026-08-29T13:29:24+00:00
https://www.renesas.com/en/document/dst/rl78g1a-data-sheet,429,rate_limited,429,https://www.renesas.com/en/document/dst/rl78g1a-data-sheet,text/html; charset=UTF-8,GET,2026-08-29T13:29:24+00:00
https://www.renesas.com/en/document/dst/rl78g1c-data-sheet-0,429,rate_limited,429,https://www.renesas.com/en/document/dst/rl78g1c-data-sheet-0,text/html; charset=UTF-8,GET,2026-08-29T13:29:24+00:00
https://www.renesas.com/en/document/dst/rl78g1f-data-sheet,429,rate_limited,429,https://www.renesas.com/en/document/dst/rl78g1f-data-sheet,text/html; charset=UTF-8,GET,2026-08-29T13:29:25+00:00
https://www.renesas.com/en/document/dst/rl78g1g-data-sheet,429,rate_limited,429,https://www.renesas.com/en/document/dst/rl78g1g-data-sheet,text/html; charset=UTF-8,GET,2026-08-29T13:29:25+00:00
https://www.renesas.com/en/document/dst/rl78g1h-datasheet,429,rate_limited,429,https://www.renesas.com/en/document/dst/rl78g1h-datasheet,text/html; charset=UTF-8,GET,2026-08-29T13:29:25+00:00
https://www.renesas.com/en/document/dst/rl78g1m-g1n-data-sheet-rev100,429,rate_limited,429,https://www.renesas.com/en/document/dst/rl78g1m-g1n-data-sheet-rev100,text/html; charset=UTF-8,GET,2026-08-29T13:29:25+00:00
https://www.renesas.com/en/document/dst/rl78g1p-data-sheet-rev100,429,rate_limited,429,https://www.renesas.com/en/document/dst/rl78g1p-data-sheet-rev100,text/html; charset=UTF-8,GET,2026-08-29T13:29:26+00:00
https://www.renesas.com/en/document/dst/rl78g22-datasheet,429,rate_limited,429,https://www.renesas.com/en/document/dst/rl78g22-datasheet,text/html; charset=UTF-8,GET,2026-08-29T13:29:26+00:00
https://www.renesas.com/en/document/dst/rl78g23-datasheet-rev140,429,rate_limited,429,https://www.renesas.com/en/document/dst/rl78g23-datasheet-rev140,text/html; charset=UTF-8,GET,2026-08-29T13:29:26+00:00
https://www.renesas.com/en/document/dst/rl78g24-datasheet-rev120,429,rate_limited,429,https://www.renesas.com/en/document/dst/rl78g24-datasheet-rev120,text/html; charset=UTF-8,GET,2026-08-29T13:29:27+00:00
https://www.renesas.com/en/document/dst/rl78h1d-data-sheet,429,rate_limited,429,https://www.renesas.com/en/document/dst/rl78h1d-data-sheet,text/html; charset=UTF-8,GET,2026-08-29T13:29:27+00:00
https://www.renesas.com/en/document/dst/rl78i1a-data-sheet-rev330,429,rate_limited,429,https://www.renesas.com/en/document/dst/rl78i1a-data-sheet-rev330,text/html; charset=UTF-8,GET,2026-08-29T13:29:27+00:00
https://www.renesas.com/en/document/dst/rl78i1b-datasheet,429,rate_limited,429,https://www.renesas.com/en/document/dst/rl78i1b-datasheet,text/html; charset=UTF-8,GET,2026-08-29T13:29:27+00:00
https://www.renesas.com/en/document/dst/rl78i1c-512kb-data-sheet,429,rate_limited,429,https://www.renesas.com/en/document/dst/rl78i1c-512kb-data-sheet,text/html; charset=UTF-8,GET,2026-08-29T13:29:27+00:00
https://www.renesas.com/en/document/dst/rl78i1d-data-sheet,429,rate_limited,429,https://www.renesas.com/en/document/dst/rl78i1d-data-sheet,text/html; charset=UTF-8,GET,2026-08-29T13:29:28+00:00
https://www.renesas.com/en/document/dst/rl78i1e-data-sheet,429,rate_limited,429,https://www.renesas.com/en/document/dst/rl78i1e-data-sheet,text/html; charset=UTF-8,GET,2026-08-29T13:29:28+00:00
https://www.renesas.com/en/document/dst/rl78l12-data-sheet,429,rate_limited,429,https://www.renesas.com/en/document/dst/rl78l12-data-sheet,text/html; charset=UTF-8,GET,2026-08-29T13:29:28+00:00
https://www.renesas.com/en/document/dst/rl78l13-data-sheet,429,rate_limited,429,https://www.renesas.com/en/document/dst/rl78l13-data-sheet,text/html; charset=UTF-8,GET,2026-08-29T13:29:28+00:00
https://www.renesas.com/en/document/dst/rl78l1a-data-sheet,429,rate_limited,429,https://www.renesas.com/en/document/dst/rl78l1a-data-sheet,text/html; charset=UTF-8,GET,2026-08-29T13:29:28+00:00
https://www.renesas.com/en/document/dst/rl78l1c-data-sheet,429,rate_limited,429,https://www.renesas.com/en/document/dst/rl78l1c-data-sheet,text/html; charset=UTF-8,GET,2026-08-29T13:29:29+00:00
https://www.renesas.com/en/document/dst/rl78l23-datasheet,429,rate_limited,429,https://www.renesas.com/en/document/dst/rl78l23-datasheet,text/html; charset=UTF-8,GET,2026-08-29T13:29:29+00:00
https://www.renesas.com/en/document/dst/rx110-group-datasheet-rev120,429,rate_limited,429,https://www.renesas.com/en/document/dst/rx110-group-datasheet-rev120,text/html; charset=UTF-8,GET,2026-08-29T13:29:29+00:00
https://www.renesas.com/en/document/dst/rx111-group-datasheet-rev130,429,rate_limited,429,https://www.renesas.com/en/document/dst/rx111-group-datasheet-rev130,text/html; charset=UTF-8,GET,2026-08-29T13:29:30+00:00
https://www.renesas.com/en/document/dst/rx113-group-datasheet-rev120,429,rate_limited,429,https://www.renesas.com/en/document/dst/rx113-group-datasheet-rev120,text/html; charset=UTF-8,GET,2026-08-29T13:29:30+00:00
https://www.renesas.com/en/document/dst/rx130-group-datasheet-rev300,429,rate_limited,429,https://www.renesas.com/en/document/dst/rx130-group-datasheet-rev300,text/html; charset=UTF-8,GET,2026-08-29T13:29:30+00:00
https://www.renesas.com/en/document/dst/rx13t-group-datasheet-rev110,429,rate_limited,429,https://www.renesas.com/en/document/dst/rx13t-group-datasheet-rev110,text/html; charset=UTF-8,GET,2026-08-29T13:29:30+00:00
https://www.renesas.com/en/document/dst/rx140-group-datasheet-rev120,429,rate_limited,429,https://www.renesas.com/en/document/dst/rx140-group-datasheet-rev120,text/html; charset=UTF-8,GET,2026-08-29T13:29:31+00:00
https://www.renesas.com/en/document/dst/rx14t-group-datasheet-rev102,429,rate_limited,429,https://www.renesas.com/en/document/dst/rx14t-group-datasheet-rev102,text/html; charset=UTF-8,GET,2026-08-29T13:29:31+00:00
https://www.renesas.com/en/document/dst/rx230-group-rx231-group-datasheet-rev120,429,rate_limited,429,https://www.renesas.com/en/document/dst/rx230-group-rx231-group-datasheet-rev120,text/html; charset=UTF-8,GET,2026-08-29T13:29:31+00:00
https://www.renesas.com/en/document/dst/rx23e-b-group-datasheet,429,rate_limited,429,https://www.renesas.com/en/document/dst/rx23e-b-group-datasheet,text/html; charset=UTF-8,GET,2026-08-29T13:29:31+00:00
https://www.renesas.com/en/document/dst/rx23e-group-datasheet,429,rate_limited,429,https://www.renesas.com/en/document/dst/rx23e-group-datasheet,text/html; charset=UTF-8,GET,2026-08-29T13:29:31+00:00
https://www.renesas.com/en/document/dst/rx23t-group-datasheet-rev110,429,rate_limited,429,https://www.renesas.com/en/document/dst/rx23t-group-datasheet-rev110,text/html; charset=UTF-8,GET,2026-08-29T13:29:32+00:00
https://www.renesas.com/en/document/dst/rx24t-group-datasheet-rev200,429,rate_limited,429,https://www.renesas.com/en/document/dst/rx24t-group-datasheet-rev200,text/html; charset=UTF-8,GET,2026-08-29T13:29:32+00:00
https://www.renesas.com/en/document/dst/rx24u-group-datasheet-rev100,429,rate_limited,429,https://www.renesas.com/en/document/dst/rx24u-group-datasheet-rev100,text/html; charset=UTF-8,GET,2026-08-29T13:29:32+00:00
https://www.renesas.com/en/document/dst/rx260-group-rx261-group-datasheet,429,rate_limited,429,https://www.renesas.com/en/document/dst/rx260-group-rx261-group-datasheet,text/html; charset=UTF-8,GET,2026-08-29T13:29:33+00:00
https://www.renesas.com/en/document/dst/rx26t-group-datasheet,429,rate_limited,429,https://www.renesas.com/en/document/dst/rx26t-group-datasheet,text/html; charset=UTF-8,GET,2026-08-29T13:29:33+00:00
https://www.renesas.com/en/document/dst/rx64m-datasheet-group-rev120,429,rate_limited,429,https://www.renesas.com/en/document/dst/rx64m-datasheet-group-rev120,text/html; charset=UTF-8,GET,2026-08-29T13:29:33+00:00
https://www.renesas.com/en/document/dst/rx65n-group-rx651-group-datasheet,429,rate_limited,429,https://www.renesas.com/en/document/dst/rx65n-group-rx651-group-datasheet,text/html; charset=UTF-8,GET,2026-08-29T13:29:33+00:00
https://www.renesas.com/en/document/dst/rx660-group-datasheet,429,rate_limited,429,https://www.renesas.com/en/document/dst/rx660-group-datasheet,text/html; charset=UTF-8,GET,2026-08-29T13:29:34+00:00
https://www.renesas.com/en/document/dst/rx66n-group-datasheet,429,rate_limited,429,https://www.renesas.com/en/document/dst/rx66n-group-datasheet,text/html; charset=UTF-8,GET,2026-08-29T13:29:34+00:00
https://www.renesas.com/en/document/dst/rx66t-group-datasheet,429,rate_limited,429,https://www.renesas.com/en/document/dst/rx66t-group-datasheet,text/html; charset=UTF-8,GET,2026-08-29T13:29:34+00:00
https://www.renesas.com/en/document/dst/rx671-group-datasheet-rev100,429,rate_limited,429,https://www.renesas.com/en/document/dst/rx671-group-datasheet-rev100,text/html; charset=UTF-8,GET,2026-08-29T13:29:34+00:00
https://www.renesas.com/en/document/dst/rx71m-datasheet-group-rev120,429,rate_limited,429,https://www.renesas.com/en/document/dst/rx71m-datasheet-group-rev120,text/html; charset=UTF-8,GET,2026-08-29T13:29:35+00:00
https://www.renesas.com/en/document/dst/rx72m-group-datasheet,429,rate_limited,429,https://www.renesas.com/en/document/dst/rx72m-group-datasheet,text/html; charset=UTF-8,GET,2026-08-29T13:29:35+00:00
https://www.renesas.com/en/document/dst/rx72n-group-datasheet,429,rate_limited,429,https://www.renesas.com/en/document/dst/rx72n-group-datasheet,text/html; charset=UTF-8,GET,2026-08-29T13:29:35+00:00
https://www.renesas.com/en/document/dst/rx72t-group-datasheet,429,rate_limited,429,https://www.renesas.com/en/document/dst/rx72t-group-datasheet,text/html; charset=UTF-8,GET,2026-08-29T13:29:35+00:00
https://www.renesas.com/en/document/dst/s124-microcontroller-group-datasheet,429,rate_limited,429,https://www.renesas.com/en/document/dst/s124-microcontroller-group-datasheet,text/html; charset=UTF-8,GET,2026-08-29T13:29:37+00:00
https://www.renesas.com/en/document/dst/s128-microcontroller-group-datasheet,429,rate_limited,429,https://www.renesas.com/en/document/dst/s128-microcontroller-group-datasheet,text/html; charset=UTF-8,GET,2026-08-29T13:29:37+00:00
https://www.renesas.com/en/document/dst/s1ja-microcontroller-group-datasheet,429,rate_limited,429,https://www.renesas.com/en/document/dst/s1ja-microcontroller-group-datasheet,text/html; charset=UTF-8,GET,2026-08-29T13:29:37+00:00
https://www.renesas.com/en/document/dst/s3a3-microcontroller-group-datasheet,429,rate_limited,429,https://www.renesas.com/en/document/dst/s3a3-microcontroller-group-datasheet,text/html; charset=UTF-8,GET,2026-08-29T13:29:37+00:00
https://www.renesas.com/en/document/dst/s3a6-microcontroller-group-datasheet,429,rate_limited,429,https://www.renesas.com/en/document/dst/s3a6-microcontroller-group-datasheet,text/html; charset=UTF-8,GET,2026-08-29T13:29:37+00:00
https://www.renesas.com/en/document/dst/s5d3-microcontroller-group-datasheet,429,rate_limited,429,https://www.renesas.com/en/document/dst/s5d3-microcontroller-group-datasheet,text/html; charset=UTF-8,GET,2026-08-29T13:29:38+00:00
https://www.renesas.com/en/document/dst/s5d5-microcontroller-group-datasheet,429,rate_limited,429,https://www.renesas.com/en/document/dst/s5d5-microcontroller-group-datasheet,text/html; charset=UTF-8,GET,2026-08-29T13:29:38+00:00
https://www.renesas.com/en/document/dst/s5d9-microcontroller-group-datasheet,429,rate_limited,429,https://www.renesas.com/en/document/dst/s5d9-microcontroller-group-datasheet,text/html; charset=UTF-8,GET,2026-08-29T13:29:38+00:00
https://www.renesas.com/en/document/dst/s7g2-microcontroller-group-datasheet,429,rate_limited,429,https://www.renesas.com/en/document/dst/s7g2-microcontroller-group-datasheet,text/html; charset=UTF-8,GET,2026-08-29T13:29:38+00:00
https://www.renesas.com/en/document/mah/rh850c1x-users-manual-hardware-rev160,429,rate_limited,429,https://www.renesas.com/en/document/mah/rh850c1x-users-manual-hardware-rev160,text/html; charset=UTF-8,GET,2026-08-29T13:29:15+00:00
https://www.renesas.com/en/document/mah/rh850e1l-users-manual-hardware,429,rate_limited,429,https://www.renesas.com/en/document/mah/rh850e1l-users-manual-hardware,text/html; charset=UTF-8,GET,2026-08-29T13:29:17+00:00
https://www.renesas.com/en/document/mah/rh850e1m-s-users-manual-hardware-rev-120,429,rate_limited,429,https://www.renesas.com/en/document/mah/rh850e1m-s-users-manual-hardware-rev-120,text/html; charset=UTF-8,GET,2026-08-29T13:29:17+00:00
https://www.renesas.com/en/document/mah/rh850e1m-s2-users-manual-hardware,429,rate_limited,429,https://www.renesas.com/en/document/mah/rh850e1m-s2-users-manual-hardware,text/html; charset=UTF-8,GET,2026-08-29T13:29:17+00:00
https://www.renesas.com/en/document/mah/rh850e2x-fcc1-users-manual-hardware-rev130,429,rate_limited,429,https://www.renesas.com/en/document/mah/rh850e2x-fcc1-users-manual-hardware-rev130,text/html; charset=UTF-8,GET,2026-08-29T13:29:17+00:00
https://www.renesas.com/en/document/mah/rh850e2x-fcc2-users-manual-hardware-rev121,429,rate_limited,429,https://www.renesas.com/en/document/mah/rh850e2x-fcc2-users-manual-hardware-rev121,text/html; charset=UTF-8,GET,2026-08-29T13:29:17+00:00
https://www.renesas.com/en/document/mah/rh850f1k-group-users-manual-hardware,429,rate_limited,429,https://www.renesas.com/en/document/mah/rh850f1k-group-users-manual-hardware,text/html; charset=UTF-8,GET,2026-08-29T13:29:18+00:00
https://www.renesas.com/en/document/mah/rh850p1l-c-group-users-manual-hardware-rev-120,429,rate_limited,429,https://www.renesas.com/en/document/mah/rh850p1l-c-group-users-manual-hardware-rev-120,text/html; charset=UTF-8,GET,2026-08-29T13:29:19+00:00
https://www.renesas.com/en/document/mah/rh850p1x-group-users-manual-hardware-rev140,429,rate_limited,429,https://www.renesas.com/en/document/mah/rh850p1x-group-users-manual-hardware-rev140,text/html; charset=UTF-8,GET,2026-08-29T13:29:20+00:00
https://www.renesas.com/en/document/mah/rx65w-group-users-manual-hardware,429,rate_limited,429,https://www.renesas.com/en/document/mah/rx65w-group-users-manual-hardware,text/html; charset=UTF-8,GET,2026-08-29T13:29:34+00:00
https://www.renesas.com/products/r9a02g020,429,rate_limited,429,https://www.renesas.com/products/r9a02g020,text/html; charset=UTF-8,GET,2026-08-29T13:29:36+00:00
https://www.renesas.com/products/r9a02g021,429,rate_limited,429,https://www.renesas.com/products/r9a02g021,text/html; charset=UTF-8,GET,2026-08-29T13:29:36+00:00
https://www.renesas.com/products/r9a06g150,429,rate_limited,429,https://www.renesas.com/products/r9a06g150,text/html; charset=UTF-8,GET,2026-08-29T13:29:36+00:00
https://www.renesas.com/products/ra0e1,200,valid,http_ok,https://www.renesas.cn/zh/products/ra0e1,text/html; charset=UTF-8,HEAD,2026-08-29T13:28:51+00:00
https://www.renesas.com/products/ra0e2,200,valid,http_ok,https://www.renesas.cn/zh/products/ra0e2,text/html; charset=UTF-8,HEAD,2026-08-29T13:28:51+00:00
https://www.renesas.com/products/ra0e3,200,valid,http_ok,https://www.renesas.cn/zh/products/ra0e3,text/html; charset=UTF-8,HEAD,2026-08-29T13:28:51+00:00
https://www.renesas.com/products/ra0l1,200,valid,http_ok,https://www.renesas.cn/zh/products/ra0l1,text/html; charset=UTF-8,HEAD,2026-08-29T13:28:51+00:00
https://www.renesas.com/products/ra2a1,200,valid,http_ok,https://www.renesas.cn/zh/products/ra2a1,text/html; charset=UTF-8,HEAD,2026-08-29T13:28:51+00:00
https://www.renesas.com/products/ra2a2,200,valid,http_ok,https://www.renesas.cn/zh/products/ra2a2,text/html; charset=UTF-8,HEAD,2026-08-29T13:28:51+00:00
https://www.renesas.com/products/ra2e1,200,valid,http_ok,https://www.renesas.cn/zh/products/ra2e1,text/html; charset=UTF-8,HEAD,2026-08-29T13:28:56+00:00
https://www.renesas.com/products/ra2e2,200,valid,http_ok,https://www.renesas.cn/zh/products/ra2e2,text/html; charset=UTF-8,HEAD,2026-08-29T13:28:56+00:00
https://www.renesas.com/products/ra2e3,200,valid,http_ok,https://www.renesas.cn/zh/products/ra2e3,text/html; charset=UTF-8,HEAD,2026-08-29T13:28:56+00:00
https://www.renesas.com/products/ra2l1,200,valid,http_ok,https://www.renesas.cn/zh/products/ra2l1,text/html; charset=UTF-8,HEAD,2026-08-29T13:29:01+00:00
https://www.renesas.com/products/ra2l2,200,valid,http_ok,https://www.renesas.cn/zh/products/ra2l2,text/html; charset=UTF-8,HEAD,2026-08-29T13:29:01+00:00
https://www.renesas.com/products/ra2t1,200,valid,http_ok,https://www.renesas.cn/zh/products/ra2t1,text/html; charset=UTF-8,HEAD,2026-08-29T13:29:04+00:00
https://www.renesas.com/products/ra4c1,200,valid,http_ok,https://www.renesas.cn/zh/products/ra4c1,text/html; charset=UTF-8,HEAD,2026-08-29T13:29:06+00:00
https://www.renesas.com/products/ra4e1,200,valid,http_ok,https://www.renesas.cn/zh/products/ra4e1,text/html; charset=UTF-8,HEAD,2026-08-29T13:29:06+00:00
https://www.renesas.com/products/ra4e2,200,valid,http_ok,https://www.renesas.cn/zh/products/ra4e2,text/html; charset=UTF-8,HEAD,2026-08-29T13:29:06+00:00
https://www.renesas.com/products/ra4l1,200,valid,http_ok,https://www.renesas.cn/zh/products/ra4l1,text/html; charset=UTF-8,HEAD,2026-08-29T13:29:06+00:00
https://www.renesas.com/products/ra4m1,200,valid,http_ok,https://www.renesas.cn/zh/products/ra4m1,text/html; charset=UTF-8,HEAD,2026-08-29T13:29:06+00:00
https://www.renesas.com/products/ra4m2,200,valid,http_ok,https://www.renesas.cn/zh/products/ra4m2,text/html; charset=UTF-8,HEAD,2026-08-29T13:29:07+00:00
https://www.renesas.com/products/ra4m3,200,valid,http_ok,https://www.renesas.cn/zh/products/ra4m3,text/html; charset=UTF-8,HEAD,2026-08-29T13:29:07+00:00
https://www.renesas.com/products/ra4t1,200,valid,http_ok,https://www.renesas.cn/zh/products/ra4t1,text/html; charset=UTF-8,HEAD,2026-08-29T13:29:07+00:00
https://www.renesas.com/products/ra6e1,200,valid,http_ok,https://www.renesas.cn/zh/products/ra6e1,text/html; charset=UTF-8,HEAD,2026-08-29T13:29:08+00:00
https://www.renesas.com/products/ra6e2,200,valid,http_ok,https://www.renesas.cn/zh/products/ra6e2,text/html; charset=UTF-8,HEAD,2026-08-29T13:29:09+00:00
https://www.renesas.com/products/ra6m1,200,valid,http_ok,https://www.renesas.cn/zh/products/ra6m1,text/html; charset=UTF-8,HEAD,2026-08-29T13:29:10+00:00
https://www.renesas.com/products/ra6m2,200,valid,http_ok,https://www.renesas.cn/zh/products/ra6m2,text/html; charset=UTF-8,HEAD,2026-08-29T13:29:10+00:00
https://www.renesas.com/products/ra6m3,200,valid,http_ok,https://www.renesas.cn/zh/products/ra6m3,text/html; charset=UTF-8,HEAD,2026-08-29T13:29:10+00:00
https://www.renesas.com/products/ra6m4,200,valid,http_ok,https://www.renesas.cn/zh/products/ra6m4,text/html; charset=UTF-8,HEAD,2026-08-29T13:29:10+00:00
https://www.renesas.com/products/ra6m5,200,valid,http_ok,https://www.renesas.cn/zh/products/ra6m5,text/html; charset=UTF-8,HEAD,2026-08-29T13:29:11+00:00
https://www.renesas.com/products/ra6t1,200,valid,http_ok,https://www.renesas.cn/zh/products/ra6t1,text/html; charset=UTF-8,HEAD,2026-08-29T13:29:11+00:00
https://www.renesas.com/products/ra6t2,200,valid,http_ok,https://www.renesas.cn/zh/products/ra6t2,text/html; charset=UTF-8,HEAD,2026-08-29T13:29:12+00:00
https://www.renesas.com/products/ra6t3,200,valid,http_ok,https://www.renesas.cn/zh/products/ra6t3,text/html; charset=UTF-8,HEAD,2026-08-29T13:29:12+00:00
https://www.renesas.com/products/ra6w1,200,valid,http_ok,https://www.renesas.cn/zh/products/ra6w1,text/html; charset=UTF-8,HEAD,2026-08-29T13:29:12+00:00
https://www.renesas.com/products/ra6w2,200,valid,http_ok,https://www.renesas.cn/zh/products/ra6w2,text/html; charset=UTF-8,HEAD,2026-08-29T13:29:12+00:00
https://www.renesas.com/products/ra8d1,200,valid,http_ok,https://www.renesas.cn/zh/products/ra8d1,text/html; charset=UTF-8,HEAD,2026-08-29T13:29:12+00:00
https://www.renesas.com/products/ra8d2,200,valid,http_ok,https://www.renesas.cn/zh/products/ra8d2,text/html; charset=UTF-8,HEAD,2026-08-29T13:29:13+00:00
https://www.renesas.com/products/ra8e1,200,valid,http_ok,https://www.renesas.cn/zh/products/ra8e1,text/html; charset=UTF-8,HEAD,2026-08-29T13:29:13+00:00
https://www.renesas.com/products/ra8e2,200,valid,http_ok,https://www.renesas.cn/zh/products/ra8e2,text/html; charset=UTF-8,HEAD,2026-08-29T13:29:13+00:00
https://www.renesas.com/products/ra8m1,429,rate_limited,429,https://www.renesas.com/products/ra8m1,text/html; charset=UTF-8,GET,2026-08-29T13:29:14+00:00
https://www.renesas.com/products/ra8m2,429,rate_limited,429,https://www.renesas.com/products/ra8m2,text/html; charset=UTF-8,GET,2026-08-29T13:29:14+00:00
https://www.renesas.com/products/ra8p1,429,rate_limited,429,https://www.renesas.com/products/ra8p1,text/html; charset=UTF-8,GET,2026-08-29T13:29:14+00:00
https://www.renesas.com/products/ra8t1,429,rate_limited,429,https://www.renesas.com/products/ra8t1,text/html; charset=UTF-8,GET,2026-08-29T13:29:14+00:00
https://www.renesas.com/products/ra8t2,429,rate_limited,429,https://www.renesas.com/products/ra8t2,text/html; charset=UTF-8,GET,2026-08-29T13:29:15+00:00
https://www.renesas.com/products/rh850-c1h,429,rate_limited,429,https://www.renesas.com/products/rh850-c1h,text/html; charset=UTF-8,GET,2026-08-29T13:29:15+00:00
https://www.renesas.com/products/rh850-c1m,429,rate_limited,429,https://www.renesas.com/products/rh850-c1m,text/html; charset=UTF-8,GET,2026-08-29T13:29:16+00:00
https://www.renesas.com/products/rh850-c1m-ax,429,rate_limited,429,https://www.renesas.com/products/rh850-c1m-ax,text/html; charset=UTF-8,GET,2026-08-29T13:29:15+00:00
https://www.renesas.com/products/rh850-d1l,429,rate_limited,429,https://www.renesas.com/products/rh850-d1l,text/html; charset=UTF-8,GET,2026-08-29T13:29:16+00:00
https://www.renesas.com/products/rh850-d1m,429,rate_limited,429,https://www.renesas.com/products/rh850-d1m,text/html; charset=UTF-8,GET,2026-08-29T13:29:16+00:00
https://www.renesas.com/products/rh850-d1s,429,rate_limited,429,https://www.renesas.com/products/rh850-d1s,text/html; charset=UTF-8,GET,2026-08-29T13:29:16+00:00
https://www.renesas.com/products/rh850-e1l,429,rate_limited,429,https://www.renesas.com/products/rh850-e1l,text/html; charset=UTF-8,GET,2026-08-29T13:29:16+00:00
https://www.renesas.com/products/rh850-e1m-s,429,rate_limited,429,https://www.renesas.com/products/rh850-e1m-s,text/html; charset=UTF-8,GET,2026-08-29T13:29:17+00:00
https://www.renesas.com/products/rh850-e1m-s2,429,rate_limited,429,https://www.renesas.com/products/rh850-e1m-s2,text/html; charset=UTF-8,GET,2026-08-29T13:29:17+00:00
https://www.renesas.com/products/rh850-e2h,429,rate_limited,429,https://www.renesas.com/products/rh850-e2h,text/html; charset=UTF-8,GET,2026-08-29T13:29:17+00:00
https://www.renesas.com/products/rh850-e2m,429,rate_limited,429,https://www.renesas.com/products/rh850-e2m,text/html; charset=UTF-8,GET,2026-08-29T13:29:17+00:00
https://www.renesas.com/products/rh850-e2uh,429,rate_limited,429,https://www.renesas.com/products/rh850-e2uh,text/html; charset=UTF-8,GET,2026-08-29T13:29:17+00:00
https://www.renesas.com/products/rh850-f1k,429,rate_limited,429,https://www.renesas.com/products/rh850-f1k,text/html; charset=UTF-8,GET,2026-08-29T13:29:17+00:00
https://www.renesas.com/products/rh850-f1kh-d8,429,rate_limited,429,https://www.renesas.com/products/rh850-f1kh-d8,text/html; charset=UTF-8,GET,2026-08-29T13:29:18+00:00
https://www.renesas.com/products/rh850-f1km-s1,429,rate_limited,429,https://www.renesas.com/products/rh850-f1km-s1,text/html; charset=UTF-8,GET,2026-08-29T13:29:18+00:00
https://www.renesas.com/products/rh850-f1km-s2,429,rate_limited,429,https://www.renesas.com/products/rh850-f1km-s2,text/html; charset=UTF-8,GET,2026-08-29T13:29:18+00:00
https://www.renesas.com/products/rh850-f1km-s4,429,rate_limited,429,https://www.renesas.com/products/rh850-f1km-s4,text/html; charset=UTF-8,GET,2026-08-29T13:29:18+00:00
https://www.renesas.com/products/rh850-f1l,429,rate_limited,429,https://www.renesas.com/products/rh850-f1l,text/html; charset=UTF-8,GET,2026-08-29T13:29:18+00:00
https://www.renesas.com/products/rh850-p1h-c,429,rate_limited,429,https://www.renesas.com/products/rh850-p1h-c,text/html; charset=UTF-8,GET,2026-08-29T13:29:19+00:00
https://www.renesas.com/products/rh850-p1l-c,429,rate_limited,429,https://www.renesas.com/products/rh850-p1l-c,text/html; charset=UTF-8,GET,2026-08-29T13:29:19+00:00
https://www.renesas.com/products/rh850-p1m,429,rate_limited,429,https://www.renesas.com/products/rh850-p1m,text/html; charset=UTF-8,GET,2026-08-29T13:29:19+00:00
https://www.renesas.com/products/rh850-p1m-c,429,rate_limited,429,https://www.renesas.com/products/rh850-p1m-c,text/html; charset=UTF-8,GET,2026-08-29T13:29:20+00:00
https://www.renesas.com/products/rh850-p1m-e,429,rate_limited,429,https://www.renesas.com/products/rh850-p1m-e,text/html; charset=UTF-8,GET,2026-08-29T13:29:20+00:00
https://www.renesas.com/products/rh850-u2a,429,rate_limited,429,https://www.renesas.com/products/rh850-u2a,text/html; charset=UTF-8,GET,2026-08-29T13:29:20+00:00
https://www.renesas.com/products/rh850-u2b,429,rate_limited,429,https://www.renesas.com/products/rh850-u2b,text/html; charset=UTF-8,GET,2026-08-29T13:29:20+00:00
https://www.renesas.com/products/rh850-u2c,429,rate_limited,429,https://www.renesas.com/products/rh850-u2c,text/html; charset=UTF-8,GET,2026-08-29T13:29:20+00:00
https://www.renesas.com/products/rl78-d1a,429,rate_limited,429,https://www.renesas.com/products/rl78-d1a,text/html; charset=UTF-8,GET,2026-08-29T13:29:21+00:00
https://www.renesas.com/products/rl78-f12,429,rate_limited,429,https://www.renesas.com/products/rl78-f12,text/html; charset=UTF-8,GET,2026-08-29T13:29:21+00:00
https://www.renesas.com/products/rl78-f13,429,rate_limited,429,https://www.renesas.com/products/rl78-f13,text/html; charset=UTF-8,GET,2026-08-29T13:29:21+00:00
https://www.renesas.com/products/rl78-f14,429,rate_limited,429,https://www.renesas.com/products/rl78-f14,text/html; charset=UTF-8,GET,2026-08-29T13:29:21+00:00
https://www.renesas.com/products/rl78-f15,429,rate_limited,429,https://www.renesas.com/products/rl78-f15,text/html; charset=UTF-8,GET,2026-08-29T13:29:21+00:00
https://www.renesas.com/products/rl78-f22,429,rate_limited,429,https://www.renesas.com/products/rl78-f22,text/html; charset=UTF-8,GET,2026-08-29T13:29:21+00:00
https://www.renesas.com/products/rl78-f23,429,rate_limited,429,https://www.renesas.com/products/rl78-f23,text/html; charset=UTF-8,GET,2026-08-29T13:29:22+00:00
https://www.renesas.com/products/rl78-f24,429,rate_limited,429,https://www.renesas.com/products/rl78-f24,text/html; charset=UTF-8,GET,2026-08-29T13:29:22+00:00
https://www.renesas.com/products/rl78-f25,429,rate_limited,429,https://www.renesas.com/products/rl78-f25,text/html; charset=UTF-8,GET,2026-08-29T13:29:22+00:00
https://www.renesas.com/products/rl78-g10,429,rate_limited,429,https://www.renesas.com/products/rl78-g10,text/html; charset=UTF-8,GET,2026-08-29T13:29:22+00:00
https://www.renesas.com/products/rl78-g11,429,rate_limited,429,https://www.renesas.com/products/rl78-g11,text/html; charset=UTF-8,GET,2026-08-29T13:29:23+00:00
https://www.renesas.com/products/rl78-g12,429,rate_limited,429,https://www.renesas.com/products/rl78-g12,text/html; charset=UTF-8,GET,2026-08-29T13:29:23+00:00
https://www.renesas.com/products/rl78-g13,429,rate_limited,429,https://www.renesas.com/products/rl78-g13,text/html; charset=UTF-8,GET,2026-08-29T13:29:23+00:00
https://www.renesas.com/products/rl78-g13a,429,rate_limited,429,https://www.renesas.com/products/rl78-g13a,text/html; charset=UTF-8,GET,2026-08-29T13:29:23+00:00
https://www.renesas.com/products/rl78-g14,429,rate_limited,429,https://www.renesas.com/products/rl78-g14,text/html; charset=UTF-8,GET,2026-08-29T13:29:23+00:00
https://www.renesas.com/products/rl78-g15,429,rate_limited,429,https://www.renesas.com/products/rl78-g15,text/html; charset=UTF-8,GET,2026-08-29T13:29:24+00:00
https://www.renesas.com/products/rl78-g16,429,rate_limited,429,https://www.renesas.com/products/rl78-g16,text/html; charset=UTF-8,GET,2026-08-29T13:29:24+00:00
https://www.renesas.com/products/rl78-g1a,429,rate_limited,429,https://www.renesas.com/products/rl78-g1a,text/html; charset=UTF-8,GET,2026-08-29T13:29:24+00:00
https://www.renesas.com/products/rl78-g1c,429,rate_limited,429,https://www.renesas.com/products/rl78-g1c,text/html; charset=UTF-8,GET,2026-08-29T13:29:24+00:00
https://www.renesas.com/products/rl78-g1f,429,rate_limited,429,https://www.renesas.com/products/rl78-g1f,text/html; charset=UTF-8,GET,2026-08-29T13:29:24+00:00
https://www.renesas.com/products/rl78-g1g,429,rate_limited,429,https://www.renesas.com/products/rl78-g1g,text/html; charset=UTF-8,GET,2026-08-29T13:29:25+00:00
https://www.renesas.com/products/rl78-g1h,429,rate_limited,429,https://www.renesas.com/products/rl78-g1h,text/html; charset=UTF-8,GET,2026-08-29T13:29:25+00:00
https://www.renesas.com/products/rl78-g1m,429,rate_limited,429,https://www.renesas.com/products/rl78-g1m,text/html; charset=UTF-8,GET,2026-08-29T13:29:25+00:00
https://www.renesas.com/products/rl78-g1n,429,rate_limited,429,https://www.renesas.com/products/rl78-g1n,text/html; charset=UTF-8,GET,2026-08-29T13:29:25+00:00
https://www.renesas.com/products/rl78-g1p,429,rate_limited,429,https://www.renesas.com/products/rl78-g1p,text/html; charset=UTF-8,GET,2026-08-29T13:29:25+00:00
https://www.renesas.com/products/rl78-g22,429,rate_limited,429,https://www.renesas.com/products/rl78-g22,text/html; charset=UTF-8,GET,2026-08-29T13:29:26+00:00
https://www.renesas.com/products/rl78-g23,429,rate_limited,429,https://www.renesas.com/products/rl78-g23,text/html; charset=UTF-8,GET,2026-08-29T13:29:26+00:00
https://www.renesas.com/products/rl78-g24,429,rate_limited,429,https://www.renesas.com/products/rl78-g24,text/html; charset=UTF-8,GET,2026-08-29T13:29:27+00:00
https://www.renesas.com/products/rl78-h1d,429,rate_limited,429,https://www.renesas.com/products/rl78-h1d,text/html; charset=UTF-8,GET,2026-08-29T13:29:27+00:00
https://www.renesas.com/products/rl78-i1a,429,rate_limited,429,https://www.renesas.com/products/rl78-i1a,text/html; charset=UTF-8,GET,2026-08-29T13:29:27+00:00
https://www.renesas.com/products/rl78-i1b,429,rate_limited,429,https://www.renesas.com/products/rl78-i1b,text/html; charset=UTF-8,GET,2026-08-29T13:29:27+00:00
https://www.renesas.com/products/rl78-i1c,429,rate_limited,429,https://www.renesas.com/products/rl78-i1c,text/html; charset=UTF-8,GET,2026-08-29T13:29:27+00:00
https://www.renesas.com/products/rl78-i1d,429,rate_limited,429,https://www.renesas.com/products/rl78-i1d,text/html; charset=UTF-8,GET,2026-08-29T13:29:28+00:00
https://www.renesas.com/products/rl78-i1e,429,rate_limited,429,https://www.renesas.com/products/rl78-i1e,text/html; charset=UTF-8,GET,2026-08-29T13:29:28+00:00
https://www.renesas.com/products/rl78-l12,429,rate_limited,429,https://www.renesas.com/products/rl78-l12,text/html; charset=UTF-8,GET,2026-08-29T13:29:28+00:00
https://www.renesas.com/products/rl78-l13,429,rate_limited,429,https://www.renesas.com/products/rl78-l13,text/html; charset=UTF-8,GET,2026-08-29T13:29:28+00:00
https://www.renesas.com/products/rl78-l1a,429,rate_limited,429,https://www.renesas.com/products/rl78-l1a,text/html; charset=UTF-8,GET,2026-08-29T13:29:28+00:00
https://www.renesas.com/products/rl78-l1c,429,rate_limited,429,https://www.renesas.com/products/rl78-l1c,text/html; charset=UTF-8,GET,2026-08-29T13:29:29+00:00
https://www.renesas.com/products/rl78-l23,429,rate_limited,429,https://www.renesas.com/products/rl78-l23,text/html; charset=UTF-8,GET,2026-08-29T13:29:29+00:00
https://www.renesas.com/products/rx110,429,rate_limited,429,https://www.renesas.com/products/rx110,text/html; charset=UTF-8,GET,2026-08-29T13:29:29+00:00
https://www.renesas.com/products/rx111,429,rate_limited,429,https://www.renesas.com/products/rx111,text/html; charset=UTF-8,GET,2026-08-29T13:29:30+00:00
https://www.renesas.com/products/rx113,429,rate_limited,429,https://www.renesas.com/products/rx113,text/html; charset=UTF-8,GET,2026-08-29T13:29:30+00:00
https://www.renesas.com/products/rx130,429,rate_limited,429,https://www.renesas.com/products/rx130,text/html; charset=UTF-8,GET,2026-08-29T13:29:30+00:00
https://www.renesas.com/products/rx13t,429,rate_limited,429,https://www.renesas.com/products/rx13t,text/html; charset=UTF-8,GET,2026-08-29T13:29:30+00:00
https://www.renesas.com/products/rx140,429,rate_limited,429,https://www.renesas.com/products/rx140,text/html; charset=UTF-8,GET,2026-08-29T13:29:30+00:00
https://www.renesas.com/products/rx14t,429,rate_limited,429,https://www.renesas.com/products/rx14t,text/html; charset=UTF-8,GET,2026-08-29T13:29:31+00:00
https://www.renesas.com/products/rx230,429,rate_limited,429,https://www.renesas.com/products/rx230,text/html; charset=UTF-8,GET,2026-08-29T13:29:31+00:00
https://www.renesas.com/products/rx231,429,rate_limited,429,https://www.renesas.com/products/rx231,text/html; charset=UTF-8,GET,2026-08-29T13:29:31+00:00
https://www.renesas.com/products/rx23e-a,429,rate_limited,429,https://www.renesas.com/products/rx23e-a,text/html; charset=UTF-8,GET,2026-08-29T13:29:31+00:00
https://www.renesas.com/products/rx23e-b,429,rate_limited,429,https://www.renesas.com/products/rx23e-b,text/html; charset=UTF-8,GET,2026-08-29T13:29:31+00:00
https://www.renesas.com/products/rx23t,429,rate_limited,429,https://www.renesas.com/products/rx23t,text/html; charset=UTF-8,GET,2026-08-29T13:29:32+00:00
https://www.renesas.com/products/rx24t,429,rate_limited,429,https://www.renesas.com/products/rx24t,text/html; charset=UTF-8,GET,2026-08-29T13:29:32+00:00
https://www.renesas.com/products/rx24u,429,rate_limited,429,https://www.renesas.com/products/rx24u,text/html; charset=UTF-8,GET,2026-08-29T13:29:32+00:00
https://www.renesas.com/products/rx260,429,rate_limited,429,https://www.renesas.com/products/rx260,text/html; charset=UTF-8,GET,2026-08-29T13:29:32+00:00
https://www.renesas.com/products/rx261,429,rate_limited,429,https://www.renesas.com/products/rx261,text/html; charset=UTF-8,GET,2026-08-29T13:29:33+00:00
https://www.renesas.com/products/rx26t,429,rate_limited,429,https://www.renesas.com/products/rx26t,text/html; charset=UTF-8,GET,2026-08-29T13:29:33+00:00
https://www.renesas.com/products/rx64m,429,rate_limited,429,https://www.renesas.com/products/rx64m,text/html; charset=UTF-8,GET,2026-08-29T13:29:33+00:00
https://www.renesas.com/products/rx651,429,rate_limited,429,https://www.renesas.com/products/rx651,text/html; charset=UTF-8,GET,2026-08-29T13:29:33+00:00
https://www.renesas.com/products/rx65n,429,rate_limited,429,https://www.renesas.com/products/rx65n,text/html; charset=UTF-8,GET,2026-08-29T13:29:34+00:00
https://www.renesas.com/products/rx65w-a,429,rate_limited,429,https://www.renesas.com/products/rx65w-a,text/html; charset=UTF-8,GET,2026-08-29T13:29:34+00:00
https://www.renesas.com/products/rx660,429,rate_limited,429,https://www.renesas.com/products/rx660,text/html; charset=UTF-8,GET,2026-08-29T13:29:34+00:00
https://www.renesas.com/products/rx66n,429,rate_limited,429,https://www.renesas.com/products/rx66n,text/html; charset=UTF-8,GET,2026-08-29T13:29:34+00:00
https://www.renesas.com/products/rx66t,429,rate_limited,429,https://www.renesas.com/products/rx66t,text/html; charset=UTF-8,GET,2026-08-29T13:29:34+00:00
https://www.renesas.com/products/rx671,429,rate_limited,429,https://www.renesas.com/products/rx671,text/html; charset=UTF-8,GET,2026-08-29T13:29:34+00:00
https://www.renesas.com/products/rx71m,429,rate_limited,429,https://www.renesas.com/products/rx71m,text/html; charset=UTF-8,GET,2026-08-29T13:29:35+00:00
https://www.renesas.com/products/rx72m,429,rate_limited,429,https://www.renesas.com/products/rx72m,text/html; charset=UTF-8,GET,2026-08-29T13:29:35+00:00
https://www.renesas.com/products/rx72n,429,rate_limited,429,https://www.renesas.com/products/rx72n,text/html; charset=UTF-8,GET,2026-08-29T13:29:35+00:00
https://www.renesas.com/products/rx72t,429,rate_limited,429,https://www.renesas.com/products/rx72t,text/html; charset=UTF-8,GET,2026-08-29T13:29:35+00:00
https://www.renesas.com/products/s124,429,rate_limited,429,https://www.renesas.com/products/s124,text/html; charset=UTF-8,GET,2026-08-29T13:29:36+00:00
https://www.renesas.com/products/s128,429,rate_limited,429,https://www.renesas.com/products/s128,text/html; charset=UTF-8,GET,2026-08-29T13:29:37+00:00
https://www.renesas.com/products/s1ja,429,rate_limited,429,https://www.renesas.com/products/s1ja,text/html; charset=UTF-8,GET,2026-08-29T13:29:37+00:00
https://www.renesas.com/products/s3a3,429,rate_limited,429,https://www.renesas.com/products/s3a3,text/html; charset=UTF-8,GET,2026-08-29T13:29:37+00:00
https://www.renesas.com/products/s3a6,429,rate_limited,429,https://www.renesas.com/products/s3a6,text/html; charset=UTF-8,GET,2026-08-29T13:29:37+00:00
https://www.renesas.com/products/s5d3,429,rate_limited,429,https://www.renesas.com/products/s5d3,text/html; charset=UTF-8,GET,2026-08-29T13:29:38+00:00
https://www.renesas.com/products/s5d5,429,rate_limited,429,https://www.renesas.com/products/s5d5,text/html; charset=UTF-8,GET,2026-08-29T13:29:38+00:00
https://www.renesas.com/products/s5d9,429,rate_limited,429,https://www.renesas.com/products/s5d9,text/html; charset=UTF-8,GET,2026-08-29T13:29:38+00:00
https://www.renesas.com/products/s7g2,429,rate_limited,429,https://www.renesas.com/products/s7g2,text/html; charset=UTF-8,GET,2026-08-29T13:29:38+00:00
https://www.st.com.cn/resource/en/user_manual/um2442-description-of-stm32wb-hal-and-lowlayer-drivers-stmicroelectronics.pdf,567,unverified,HTTPError,https://www.st.com.cn/resource/en/user_manual/um2442-description-of-stm32wb-hal-and-lowlayer-drivers-stmicroelectronics.pdf,text/html; charset=UTF-8,GET,2026-08-29T13:30:00+00:00
https://www.st.com/resource/en/datasheet/stm32c011d6.pdf,567,unverified,HTTPError,https://www.st.com/resource/en/datasheet/stm32c011d6.pdf,text/html; charset=UTF-8,GET,2026-08-29T13:29:39+00:00
https://www.st.com/resource/en/datasheet/stm32c031c4.pdf,567,unverified,HTTPError,https://www.st.com/resource/en/datasheet/stm32c031c4.pdf,text/html; charset=UTF-8,GET,2026-08-29T13:29:39+00:00
https://www.st.com/resource/en/datasheet/stm32c051c6.pdf,567,unverified,HTTPError,https://www.st.com/resource/en/datasheet/stm32c051c6.pdf,text/html; charset=UTF-8,GET,2026-08-29T13:29:40+00:00
https://www.st.com/resource/en/datasheet/stm32c071kb.pdf,567,unverified,HTTPError,https://www.st.com/resource/en/datasheet/stm32c071kb.pdf,text/html; charset=UTF-8,GET,2026-08-29T13:29:40+00:00
https://www.st.com/resource/en/datasheet/stm32c091cb.pdf,567,unverified,HTTPError,https://www.st.com/resource/en/datasheet/stm32c091cb.pdf,text/html; charset=UTF-8,GET,2026-08-29T13:29:40+00:00
https://www.st.com/resource/en/datasheet/stm32f030f4.pdf,567,unverified,HTTPError,https://www.st.com/resource/en/datasheet/stm32f030f4.pdf,text/html; charset=UTF-8,GET,2026-08-29T13:29:41+00:00
https://www.st.com/resource/en/datasheet/stm32f031c4.pdf,567,unverified,HTTPError,https://www.st.com/resource/en/datasheet/stm32f031c4.pdf,text/html; charset=UTF-8,GET,2026-08-29T13:29:43+00:00
https://www.st.com/resource/en/datasheet/stm32f038c6.pdf,567,unverified,HTTPError,https://www.st.com/resource/en/datasheet/stm32f038c6.pdf,text/html; charset=UTF-8,GET,2026-08-29T13:29:43+00:00
https://www.st.com/resource/en/datasheet/stm32f042c4.pdf,567,unverified,HTTPError,https://www.st.com/resource/en/datasheet/stm32f042c4.pdf,text/html; charset=UTF-8,GET,2026-08-29T13:29:43+00:00
https://www.st.com/resource/en/datasheet/stm32f048c6.pdf,567,unverified,HTTPError,https://www.st.com/resource/en/datasheet/stm32f048c6.pdf,text/html; charset=UTF-8,GET,2026-08-29T13:29:51+00:00
https://www.st.com/resource/en/datasheet/stm32f051c4.pdf,567,unverified,HTTPError,https://www.st.com/resource/en/datasheet/stm32f051c4.pdf,text/html; charset=UTF-8,GET,2026-08-29T13:29:51+00:00
https://www.st.com/resource/en/datasheet/stm32f058c8.pdf,567,unverified,HTTPError,https://www.st.com/resource/en/datasheet/stm32f058c8.pdf,text/html; charset=UTF-8,GET,2026-08-29T13:29:51+00:00
https://www.st.com/resource/en/datasheet/stm32f070c6.pdf,567,unverified,HTTPError,https://www.st.com/resource/en/datasheet/stm32f070c6.pdf,text/html; charset=UTF-8,GET,2026-08-29T13:29:51+00:00
https://www.st.com/resource/en/datasheet/stm32f071cb.pdf,567,unverified,HTTPError,https://www.st.com/resource/en/datasheet/stm32f071cb.pdf,text/html; charset=UTF-8,GET,2026-08-29T13:29:51+00:00
https://www.st.com/resource/en/datasheet/stm32f072c8.pdf,567,unverified,HTTPError,https://www.st.com/resource/en/datasheet/stm32f072c8.pdf,text/html; charset=UTF-8,GET,2026-08-29T13:29:51+00:00
https://www.st.com/resource/en/datasheet/stm32f078cb.pdf,567,unverified,HTTPError,https://www.st.com/resource/en/datasheet/stm32f078cb.pdf,text/html; charset=UTF-8,GET,2026-08-29T13:29:51+00:00
https://www.st.com/resource/en/datasheet/stm32f091cc.pdf,567,unverified,HTTPError,https://www.st.com/resource/en/datasheet/stm32f091cc.pdf,text/html; charset=UTF-8,GET,2026-08-29T13:29:51+00:00
https://www.st.com/resource/en/datasheet/stm32f098cc.pdf,567,unverified,HTTPError,https://www.st.com/resource/en/datasheet/stm32f098cc.pdf,text/html; charset=UTF-8,GET,2026-08-29T13:29:51+00:00
https://www.st.com/resource/en/datasheet/stm32f205rb.pdf,567,unverified,HTTPError,https://www.st.com/resource/en/datasheet/stm32f205rb.pdf,text/html; charset=UTF-8,GET,2026-08-29T13:29:51+00:00
https://www.st.com/resource/en/datasheet/stm32f215re.pdf,567,unverified,HTTPError,https://www.st.com/resource/en/datasheet/stm32f215re.pdf,text/html; charset=UTF-8,GET,2026-08-29T13:29:51+00:00
https://www.st.com/resource/en/datasheet/stm32f301c6.pdf,567,unverified,HTTPError,https://www.st.com/resource/en/datasheet/stm32f301c6.pdf,text/html; charset=UTF-8,GET,2026-08-29T13:29:51+00:00
https://www.st.com/resource/en/datasheet/stm32f302cb.pdf,567,unverified,HTTPError,https://www.st.com/resource/en/datasheet/stm32f302cb.pdf,text/html; charset=UTF-8,GET,2026-08-29T13:29:51+00:00
https://www.st.com/resource/en/datasheet/stm32f302r6.pdf,567,unverified,HTTPError,https://www.st.com/resource/en/datasheet/stm32f302r6.pdf,text/html; charset=UTF-8,GET,2026-08-29T13:29:51+00:00
https://www.st.com/resource/en/datasheet/stm32f302re.pdf,567,unverified,HTTPError,https://www.st.com/resource/en/datasheet/stm32f302re.pdf,text/html; charset=UTF-8,GET,2026-08-29T13:29:51+00:00
https://www.st.com/resource/en/datasheet/stm32f303c6.pdf,567,unverified,HTTPError,https://www.st.com/resource/en/datasheet/stm32f303c6.pdf,text/html; charset=UTF-8,GET,2026-08-29T13:29:52+00:00
https://www.st.com/resource/en/datasheet/stm32f303cb.pdf,567,unverified,HTTPError,https://www.st.com/resource/en/datasheet/stm32f303cb.pdf,text/html; charset=UTF-8,GET,2026-08-29T13:29:52+00:00
https://www.st.com/resource/en/datasheet/stm32f303re.pdf,567,unverified,HTTPError,https://www.st.com/resource/en/datasheet/stm32f303re.pdf,text/html; charset=UTF-8,GET,2026-08-29T13:29:52+00:00
https://www.st.com/resource/en/datasheet/stm32f318c8.pdf,567,unverified,HTTPError,https://www.st.com/resource/en/datasheet/stm32f318c8.pdf,text/html; charset=UTF-8,GET,2026-08-29T13:29:52+00:00
https://www.st.com/resource/en/datasheet/stm32f328c8.pdf,567,unverified,HTTPError,https://www.st.com/resource/en/datasheet/stm32f328c8.pdf,text/html; charset=UTF-8,GET,2026-08-29T13:29:52+00:00
https://www.st.com/resource/en/datasheet/stm32f334k4.pdf,567,unverified,HTTPError,https://www.st.com/resource/en/datasheet/stm32f334k4.pdf,text/html; charset=UTF-8,GET,2026-08-29T13:29:52+00:00
https://www.st.com/resource/en/datasheet/stm32f358cc.pdf,567,unverified,HTTPError,https://www.st.com/resource/en/datasheet/stm32f358cc.pdf,text/html; charset=UTF-8,GET,2026-08-29T13:29:52+00:00
https://www.st.com/resource/en/datasheet/stm32f373cc.pdf,567,unverified,HTTPError,https://www.st.com/resource/en/datasheet/stm32f373cc.pdf,text/html; charset=UTF-8,GET,2026-08-29T13:29:52+00:00
https://www.st.com/resource/en/datasheet/stm32f378cc.pdf,567,unverified,HTTPError,https://www.st.com/resource/en/datasheet/stm32f378cc.pdf,text/html; charset=UTF-8,GET,2026-08-29T13:29:52+00:00
https://www.st.com/resource/en/datasheet/stm32f398ve.pdf,567,unverified,HTTPError,https://www.st.com/resource/en/datasheet/stm32f398ve.pdf,text/html; charset=UTF-8,GET,2026-08-29T13:29:52+00:00
https://www.st.com/resource/en/datasheet/stm32f401cb.pdf,567,unverified,HTTPError,https://www.st.com/resource/en/datasheet/stm32f401cb.pdf,text/html; charset=UTF-8,GET,2026-08-29T13:29:53+00:00
https://www.st.com/resource/en/datasheet/stm32f401re.pdf,567,unverified,HTTPError,https://www.st.com/resource/en/datasheet/stm32f401re.pdf,text/html; charset=UTF-8,GET,2026-08-29T13:29:53+00:00
https://www.st.com/resource/en/datasheet/stm32f405rg.pdf,567,unverified,HTTPError,https://www.st.com/resource/en/datasheet/stm32f405rg.pdf,text/html; charset=UTF-8,GET,2026-08-29T13:29:53+00:00
https://www.st.com/resource/en/datasheet/stm32f410cb.pdf,567,unverified,HTTPError,https://www.st.com/resource/en/datasheet/stm32f410cb.pdf,text/html; charset=UTF-8,GET,2026-08-29T13:29:53+00:00
https://www.st.com/resource/en/datasheet/stm32f411ce.pdf,567,unverified,HTTPError,https://www.st.com/resource/en/datasheet/stm32f411ce.pdf,text/html; charset=UTF-8,GET,2026-08-29T13:29:53+00:00
https://www.st.com/resource/en/datasheet/stm32f412ce.pdf,567,unverified,HTTPError,https://www.st.com/resource/en/datasheet/stm32f412ce.pdf,text/html; charset=UTF-8,GET,2026-08-29T13:29:53+00:00
https://www.st.com/resource/en/datasheet/stm32f413cg.pdf,567,unverified,HTTPError,https://www.st.com/resource/en/datasheet/stm32f413cg.pdf,text/html; charset=UTF-8,GET,2026-08-29T13:29:53+00:00
https://www.st.com/resource/en/datasheet/stm32f415rg.pdf,567,unverified,HTTPError,https://www.st.com/resource/en/datasheet/stm32f415rg.pdf,text/html; charset=UTF-8,GET,2026-08-29T13:29:53+00:00
https://www.st.com/resource/en/datasheet/stm32f423ch.pdf,567,unverified,HTTPError,https://www.st.com/resource/en/datasheet/stm32f423ch.pdf,text/html; charset=UTF-8,GET,2026-08-29T13:29:53+00:00
https://www.st.com/resource/en/datasheet/stm32f427vg.pdf,567,unverified,HTTPError,https://www.st.com/resource/en/datasheet/stm32f427vg.pdf,text/html; charset=UTF-8,GET,2026-08-29T13:29:53+00:00
https://www.st.com/resource/en/datasheet/stm32f437ai.pdf,567,unverified,HTTPError,https://www.st.com/resource/en/datasheet/stm32f437ai.pdf,text/html; charset=UTF-8,GET,2026-08-29T13:29:53+00:00
https://www.st.com/resource/en/datasheet/stm32f446mc.pdf,567,unverified,HTTPError,https://www.st.com/resource/en/datasheet/stm32f446mc.pdf,text/html; charset=UTF-8,GET,2026-08-29T13:29:53+00:00
https://www.st.com/resource/en/datasheet/stm32f469ae.pdf,567,unverified,HTTPError,https://www.st.com/resource/en/datasheet/stm32f469ae.pdf,text/html; charset=UTF-8,GET,2026-08-29T13:29:53+00:00
https://www.st.com/resource/en/datasheet/stm32f479ai.pdf,567,unverified,HTTPError,https://www.st.com/resource/en/datasheet/stm32f479ai.pdf,text/html; charset=UTF-8,GET,2026-08-29T13:29:53+00:00
https://www.st.com/resource/en/datasheet/stm32f722ic.pdf,567,unverified,HTTPError,https://www.st.com/resource/en/datasheet/stm32f722ic.pdf,text/html; charset=UTF-8,GET,2026-08-29T13:29:53+00:00
https://www.st.com/resource/en/datasheet/stm32f730i8.pdf,567,unverified,HTTPError,https://www.st.com/resource/en/datasheet/stm32f730i8.pdf,text/html; charset=UTF-8,GET,2026-08-29T13:29:53+00:00
https://www.st.com/resource/en/datasheet/stm32f732ie.pdf,567,unverified,HTTPError,https://www.st.com/resource/en/datasheet/stm32f732ie.pdf,text/html; charset=UTF-8,GET,2026-08-29T13:29:54+00:00
https://www.st.com/resource/en/datasheet/stm32f745ie.pdf,567,unverified,HTTPError,https://www.st.com/resource/en/datasheet/stm32f745ie.pdf,text/html; charset=UTF-8,GET,2026-08-29T13:29:54+00:00
https://www.st.com/resource/en/datasheet/stm32f750n8.pdf,567,unverified,HTTPError,https://www.st.com/resource/en/datasheet/stm32f750n8.pdf,text/html; charset=UTF-8,GET,2026-08-29T13:29:54+00:00
https://www.st.com/resource/en/datasheet/stm32f756bg.pdf,567,unverified,HTTPError,https://www.st.com/resource/en/datasheet/stm32f756bg.pdf,text/html; charset=UTF-8,GET,2026-08-29T13:29:54+00:00
https://www.st.com/resource/en/datasheet/stm32f765bi.pdf,567,unverified,HTTPError,https://www.st.com/resource/en/datasheet/stm32f765bi.pdf,text/html; charset=UTF-8,GET,2026-08-29T13:29:54+00:00
https://www.st.com/resource/en/datasheet/stm32f777bi.pdf,567,unverified,HTTPError,https://www.st.com/resource/en/datasheet/stm32f777bi.pdf,text/html; charset=UTF-8,GET,2026-08-29T13:29:54+00:00
https://www.st.com/resource/en/datasheet/stm32g030c6.pdf,567,unverified,HTTPError,https://www.st.com/resource/en/datasheet/stm32g030c6.pdf,text/html; charset=UTF-8,GET,2026-08-29T13:29:54+00:00
https://www.st.com/resource/en/datasheet/stm32g031c6.pdf,567,unverified,HTTPError,https://www.st.com/resource/en/datasheet/stm32g031c6.pdf,text/html; charset=UTF-8,GET,2026-08-29T13:29:54+00:00
https://www.st.com/resource/en/datasheet/stm32g041c8.pdf,567,unverified,HTTPError,https://www.st.com/resource/en/datasheet/stm32g041c8.pdf,text/html; charset=UTF-8,GET,2026-08-29T13:29:54+00:00
https://www.st.com/resource/en/datasheet/stm32g050c6.pdf,567,unverified,HTTPError,https://www.st.com/resource/en/datasheet/stm32g050c6.pdf,text/html; charset=UTF-8,GET,2026-08-29T13:29:54+00:00
https://www.st.com/resource/en/datasheet/stm32g051c6.pdf,567,unverified,HTTPError,https://www.st.com/resource/en/datasheet/stm32g051c6.pdf,text/html; charset=UTF-8,GET,2026-08-29T13:29:54+00:00
https://www.st.com/resource/en/datasheet/stm32g061c6.pdf,567,unverified,HTTPError,https://www.st.com/resource/en/datasheet/stm32g061c6.pdf,text/html; charset=UTF-8,GET,2026-08-29T13:29:54+00:00
https://www.st.com/resource/en/datasheet/stm32g070cb.pdf,567,unverified,HTTPError,https://www.st.com/resource/en/datasheet/stm32g070cb.pdf,text/html; charset=UTF-8,GET,2026-08-29T13:29:54+00:00
https://www.st.com/resource/en/datasheet/stm32g071c8.pdf,567,unverified,HTTPError,https://www.st.com/resource/en/datasheet/stm32g071c8.pdf,text/html; charset=UTF-8,GET,2026-08-29T13:29:54+00:00
https://www.st.com/resource/en/datasheet/stm32g081cb.pdf,567,unverified,HTTPError,https://www.st.com/resource/en/datasheet/stm32g081cb.pdf,text/html; charset=UTF-8,GET,2026-08-29T13:29:54+00:00
https://www.st.com/resource/en/datasheet/stm32g0b0ce.pdf,567,unverified,HTTPError,https://www.st.com/resource/en/datasheet/stm32g0b0ce.pdf,text/html; charset=UTF-8,GET,2026-08-29T13:29:54+00:00
https://www.st.com/resource/en/datasheet/stm32g0b1cc.pdf,567,unverified,HTTPError,https://www.st.com/resource/en/datasheet/stm32g0b1cc.pdf,text/html; charset=UTF-8,GET,2026-08-29T13:29:54+00:00
https://www.st.com/resource/en/datasheet/stm32g0c1cc.pdf,567,unverified,HTTPError,https://www.st.com/resource/en/datasheet/stm32g0c1cc.pdf,text/html; charset=UTF-8,GET,2026-08-29T13:29:55+00:00
https://www.st.com/resource/en/datasheet/stm32g431c6.pdf,567,unverified,HTTPError,https://www.st.com/resource/en/datasheet/stm32g431c6.pdf,text/html; charset=UTF-8,GET,2026-08-29T13:29:55+00:00
https://www.st.com/resource/en/datasheet/stm32g441cb.pdf,567,unverified,HTTPError,https://www.st.com/resource/en/datasheet/stm32g441cb.pdf,text/html; charset=UTF-8,GET,2026-08-29T13:29:55+00:00
https://www.st.com/resource/en/datasheet/stm32g473cb.pdf,567,unverified,HTTPError,https://www.st.com/resource/en/datasheet/stm32g473cb.pdf,text/html; charset=UTF-8,GET,2026-08-29T13:29:55+00:00
https://www.st.com/resource/en/datasheet/stm32g474cb.pdf,567,unverified,HTTPError,https://www.st.com/resource/en/datasheet/stm32g474cb.pdf,text/html; charset=UTF-8,GET,2026-08-29T13:29:55+00:00
https://www.st.com/resource/en/datasheet/stm32g483ce.pdf,567,unverified,HTTPError,https://www.st.com/resource/en/datasheet/stm32g483ce.pdf,text/html; charset=UTF-8,GET,2026-08-29T13:29:55+00:00
https://www.st.com/resource/en/datasheet/stm32g484ce.pdf,567,unverified,HTTPError,https://www.st.com/resource/en/datasheet/stm32g484ce.pdf,text/html; charset=UTF-8,GET,2026-08-29T13:29:55+00:00
https://www.st.com/resource/en/datasheet/stm32g491cc.pdf,567,unverified,HTTPError,https://www.st.com/resource/en/datasheet/stm32g491cc.pdf,text/html; charset=UTF-8,GET,2026-08-29T13:29:55+00:00
https://www.st.com/resource/en/datasheet/stm32g4a1ce.pdf,567,unverified,HTTPError,https://www.st.com/resource/en/datasheet/stm32g4a1ce.pdf,text/html; charset=UTF-8,GET,2026-08-29T13:29:55+00:00
https://www.st.com/resource/en/datasheet/stm32h503eb.pdf,567,unverified,HTTPError,https://www.st.com/resource/en/datasheet/stm32h503eb.pdf,text/html; charset=UTF-8,GET,2026-08-29T13:29:55+00:00
https://www.st.com/resource/en/datasheet/stm32h523ce.pdf,567,unverified,HTTPError,https://www.st.com/resource/en/datasheet/stm32h523ce.pdf,text/html; charset=UTF-8,GET,2026-08-29T13:29:55+00:00
https://www.st.com/resource/en/datasheet/stm32h533ce.pdf,567,unverified,HTTPError,https://www.st.com/resource/en/datasheet/stm32h533ce.pdf,text/html; charset=UTF-8,GET,2026-08-29T13:29:55+00:00
https://www.st.com/resource/en/datasheet/stm32h562ag.pdf,567,unverified,HTTPError,https://www.st.com/resource/en/datasheet/stm32h562ag.pdf,text/html; charset=UTF-8,GET,2026-08-29T13:29:55+00:00
https://www.st.com/resource/en/datasheet/stm32h573ai.pdf,567,unverified,HTTPError,https://www.st.com/resource/en/datasheet/stm32h573ai.pdf,text/html; charset=UTF-8,GET,2026-08-29T13:29:55+00:00
https://www.st.com/resource/en/datasheet/stm32h723zg.pdf,567,unverified,HTTPError,https://www.st.com/resource/en/datasheet/stm32h723zg.pdf,text/html; charset=UTF-8,GET,2026-08-29T13:29:55+00:00
https://www.st.com/resource/en/datasheet/stm32h725ae.pdf,567,unverified,HTTPError,https://www.st.com/resource/en/datasheet/stm32h725ae.pdf,text/html; charset=UTF-8,GET,2026-08-29T13:29:55+00:00
https://www.st.com/resource/en/datasheet/stm32h730ab.pdf,567,unverified,HTTPError,https://www.st.com/resource/en/datasheet/stm32h730ab.pdf,text/html; charset=UTF-8,GET,2026-08-29T13:29:56+00:00
https://www.st.com/resource/en/datasheet/stm32h733vg.pdf,567,unverified,HTTPError,https://www.st.com/resource/en/datasheet/stm32h733vg.pdf,text/html; charset=UTF-8,GET,2026-08-29T13:29:56+00:00
https://www.st.com/resource/en/datasheet/stm32h735zg.pdf,567,unverified,HTTPError,https://www.st.com/resource/en/datasheet/stm32h735zg.pdf,text/html; charset=UTF-8,GET,2026-08-29T13:29:56+00:00
https://www.st.com/resource/en/datasheet/stm32h743vi.pdf,567,unverified,HTTPError,https://www.st.com/resource/en/datasheet/stm32h743vi.pdf,text/html; charset=UTF-8,GET,2026-08-29T13:29:56+00:00
https://www.st.com/resource/en/datasheet/stm32h745zg.pdf,567,unverified,HTTPError,https://www.st.com/resource/en/datasheet/stm32h745zg.pdf,text/html; charset=UTF-8,GET,2026-08-29T13:29:56+00:00
https://www.st.com/resource/en/datasheet/stm32h747ag.pdf,567,unverified,HTTPError,https://www.st.com/resource/en/datasheet/stm32h747ag.pdf,text/html; charset=UTF-8,GET,2026-08-29T13:29:56+00:00
https://www.st.com/resource/en/datasheet/stm32h750ib.pdf,567,unverified,HTTPError,https://www.st.com/resource/en/datasheet/stm32h750ib.pdf,text/html; charset=UTF-8,GET,2026-08-29T13:29:56+00:00
https://www.st.com/resource/en/datasheet/stm32h753vi.pdf,567,unverified,HTTPError,https://www.st.com/resource/en/datasheet/stm32h753vi.pdf,text/html; charset=UTF-8,GET,2026-08-29T13:29:56+00:00
https://www.st.com/resource/en/datasheet/stm32h755bi.pdf,567,unverified,HTTPError,https://www.st.com/resource/en/datasheet/stm32h755bi.pdf,text/html; charset=UTF-8,GET,2026-08-29T13:29:56+00:00
https://www.st.com/resource/en/datasheet/stm32h757ai.pdf,567,unverified,HTTPError,https://www.st.com/resource/en/datasheet/stm32h757ai.pdf,text/html; charset=UTF-8,GET,2026-08-29T13:29:56+00:00
https://www.st.com/resource/en/datasheet/stm32h7a3ai.pdf,567,unverified,HTTPError,https://www.st.com/resource/en/datasheet/stm32h7a3ai.pdf,text/html; charset=UTF-8,GET,2026-08-29T13:29:56+00:00
https://www.st.com/resource/en/datasheet/stm32h7b0ab.pdf,567,unverified,HTTPError,https://www.st.com/resource/en/datasheet/stm32h7b0ab.pdf,text/html; charset=UTF-8,GET,2026-08-29T13:29:56+00:00
https://www.st.com/resource/en/datasheet/stm32h7b3ri.pdf,567,unverified,HTTPError,https://www.st.com/resource/en/datasheet/stm32h7b3ri.pdf,text/html; charset=UTF-8,GET,2026-08-29T13:29:56+00:00
https://www.st.com/resource/en/datasheet/stm32h7r3a8.pdf,567,unverified,HTTPError,https://www.st.com/resource/en/datasheet/stm32h7r3a8.pdf,text/html; charset=UTF-8,GET,2026-08-29T13:29:56+00:00
https://www.st.com/resource/en/datasheet/stm32h7s3a8.pdf,567,unverified,HTTPError,https://www.st.com/resource/en/datasheet/stm32h7s3a8.pdf,text/html; charset=UTF-8,GET,2026-08-29T13:29:56+00:00
https://www.st.com/resource/en/datasheet/stm32l010c6.pdf,567,unverified,HTTPError,https://www.st.com/resource/en/datasheet/stm32l010c6.pdf,text/html; charset=UTF-8,GET,2026-08-29T13:29:56+00:00
https://www.st.com/resource/en/datasheet/stm32l010f4.pdf,567,unverified,HTTPError,https://www.st.com/resource/en/datasheet/stm32l010f4.pdf,text/html; charset=UTF-8,GET,2026-08-29T13:29:56+00:00
https://www.st.com/resource/en/datasheet/stm32l010k8.pdf,567,unverified,HTTPError,https://www.st.com/resource/en/datasheet/stm32l010k8.pdf,text/html; charset=UTF-8,GET,2026-08-29T13:29:56+00:00
https://www.st.com/resource/en/datasheet/stm32l010rb.pdf,567,unverified,HTTPError,https://www.st.com/resource/en/datasheet/stm32l010rb.pdf,text/html; charset=UTF-8,GET,2026-08-29T13:29:56+00:00
https://www.st.com/resource/en/datasheet/stm32l011d4.pdf,567,unverified,HTTPError,https://www.st.com/resource/en/datasheet/stm32l011d4.pdf,text/html; charset=UTF-8,GET,2026-08-29T13:29:56+00:00
https://www.st.com/resource/en/datasheet/stm32l021d4.pdf,567,unverified,HTTPError,https://www.st.com/resource/en/datasheet/stm32l021d4.pdf,text/html; charset=UTF-8,GET,2026-08-29T13:29:57+00:00
https://www.st.com/resource/en/datasheet/stm32l031g4.pdf,567,unverified,HTTPError,https://www.st.com/resource/en/datasheet/stm32l031g4.pdf,text/html; charset=UTF-8,GET,2026-08-29T13:29:57+00:00
https://www.st.com/resource/en/datasheet/stm32l041c6.pdf,567,unverified,HTTPError,https://www.st.com/resource/en/datasheet/stm32l041c6.pdf,text/html; charset=UTF-8,GET,2026-08-29T13:29:57+00:00
https://www.st.com/resource/en/datasheet/stm32l051c6.pdf,567,unverified,HTTPError,https://www.st.com/resource/en/datasheet/stm32l051c6.pdf,text/html; charset=UTF-8,GET,2026-08-29T13:29:57+00:00
https://www.st.com/resource/en/datasheet/stm32l052c6.pdf,567,unverified,HTTPError,https://www.st.com/resource/en/datasheet/stm32l052c6.pdf,text/html; charset=UTF-8,GET,2026-08-29T13:29:57+00:00
https://www.st.com/resource/en/datasheet/stm32l053c6.pdf,567,unverified,HTTPError,https://www.st.com/resource/en/datasheet/stm32l053c6.pdf,text/html; charset=UTF-8,GET,2026-08-29T13:29:57+00:00
https://www.st.com/resource/en/datasheet/stm32l062k8.pdf,567,unverified,HTTPError,https://www.st.com/resource/en/datasheet/stm32l062k8.pdf,text/html; charset=UTF-8,GET,2026-08-29T13:29:57+00:00
https://www.st.com/resource/en/datasheet/stm32l063c8.pdf,567,unverified,HTTPError,https://www.st.com/resource/en/datasheet/stm32l063c8.pdf,text/html; charset=UTF-8,GET,2026-08-29T13:29:57+00:00
https://www.st.com/resource/en/datasheet/stm32l071v8.pdf,567,unverified,HTTPError,https://www.st.com/resource/en/datasheet/stm32l071v8.pdf,text/html; charset=UTF-8,GET,2026-08-29T13:29:57+00:00
https://www.st.com/resource/en/datasheet/stm32l072v8.pdf,567,unverified,HTTPError,https://www.st.com/resource/en/datasheet/stm32l072v8.pdf,text/html; charset=UTF-8,GET,2026-08-29T13:29:57+00:00
https://www.st.com/resource/en/datasheet/stm32l073v8.pdf,567,unverified,HTTPError,https://www.st.com/resource/en/datasheet/stm32l073v8.pdf,text/html; charset=UTF-8,GET,2026-08-29T13:29:57+00:00
https://www.st.com/resource/en/datasheet/stm32l081cz.pdf,567,unverified,HTTPError,https://www.st.com/resource/en/datasheet/stm32l081cz.pdf,text/html; charset=UTF-8,GET,2026-08-29T13:29:57+00:00
https://www.st.com/resource/en/datasheet/stm32l083v8.pdf,567,unverified,HTTPError,https://www.st.com/resource/en/datasheet/stm32l083v8.pdf,text/html; charset=UTF-8,GET,2026-08-29T13:29:57+00:00
https://www.st.com/resource/en/datasheet/stm32l100c6-a.pdf,567,unverified,HTTPError,https://www.st.com/resource/en/datasheet/stm32l100c6-a.pdf,text/html; charset=UTF-8,GET,2026-08-29T13:29:57+00:00
https://www.st.com/resource/en/datasheet/stm32l100c6.pdf,567,unverified,HTTPError,https://www.st.com/resource/en/datasheet/stm32l100c6.pdf,text/html; charset=UTF-8,GET,2026-08-29T13:29:57+00:00
https://www.st.com/resource/en/datasheet/stm32l100rc.pdf,567,unverified,HTTPError,https://www.st.com/resource/en/datasheet/stm32l100rc.pdf,text/html; charset=UTF-8,GET,2026-08-29T13:29:57+00:00
https://www.st.com/resource/en/datasheet/stm32l151c6-a.pdf,567,unverified,HTTPError,https://www.st.com/resource/en/datasheet/stm32l151c6-a.pdf,text/html; charset=UTF-8,GET,2026-08-29T13:29:58+00:00
https://www.st.com/resource/en/datasheet/stm32l151c6.pdf,567,unverified,HTTPError,https://www.st.com/resource/en/datasheet/stm32l151c6.pdf,text/html; charset=UTF-8,GET,2026-08-29T13:29:57+00:00
https://www.st.com/resource/en/datasheet/stm32l151qc.pdf,567,unverified,HTTPError,https://www.st.com/resource/en/datasheet/stm32l151qc.pdf,text/html; charset=UTF-8,GET,2026-08-29T13:29:58+00:00
https://www.st.com/resource/en/datasheet/stm32l151qd.pdf,567,unverified,HTTPError,https://www.st.com/resource/en/datasheet/stm32l151qd.pdf,text/html; charset=UTF-8,GET,2026-08-29T13:29:58+00:00
https://www.st.com/resource/en/datasheet/stm32l151qe.pdf,567,unverified,HTTPError,https://www.st.com/resource/en/datasheet/stm32l151qe.pdf,text/html; charset=UTF-8,GET,2026-08-29T13:29:58+00:00
https://www.st.com/resource/en/datasheet/stm32l151rc.pdf,567,unverified,HTTPError,https://www.st.com/resource/en/datasheet/stm32l151rc.pdf,text/html; charset=UTF-8,GET,2026-08-29T13:29:58+00:00
https://www.st.com/resource/en/datasheet/stm32l151vd-x.pdf,567,unverified,HTTPError,https://www.st.com/resource/en/datasheet/stm32l151vd-x.pdf,text/html; charset=UTF-8,GET,2026-08-29T13:29:58+00:00
https://www.st.com/resource/en/datasheet/stm32l162qc.pdf,567,unverified,HTTPError,https://www.st.com/resource/en/datasheet/stm32l162qc.pdf,text/html; charset=UTF-8,GET,2026-08-29T13:29:58+00:00
https://www.st.com/resource/en/datasheet/stm32l162re.pdf,567,unverified,HTTPError,https://www.st.com/resource/en/datasheet/stm32l162re.pdf,text/html; charset=UTF-8,GET,2026-08-29T13:29:58+00:00
https://www.st.com/resource/en/datasheet/stm32l162vc.pdf,567,unverified,HTTPError,https://www.st.com/resource/en/datasheet/stm32l162vc.pdf,text/html; charset=UTF-8,GET,2026-08-29T13:29:58+00:00
https://www.st.com/resource/en/datasheet/stm32l162vd.pdf,567,unverified,HTTPError,https://www.st.com/resource/en/datasheet/stm32l162vd.pdf,text/html; charset=UTF-8,GET,2026-08-29T13:29:58+00:00
https://www.st.com/resource/en/datasheet/stm32l412c8.pdf,567,unverified,HTTPError,https://www.st.com/resource/en/datasheet/stm32l412c8.pdf,text/html; charset=UTF-8,GET,2026-08-29T13:29:58+00:00
https://www.st.com/resource/en/datasheet/stm32l422cb.pdf,567,unverified,HTTPError,https://www.st.com/resource/en/datasheet/stm32l422cb.pdf,text/html; charset=UTF-8,GET,2026-08-29T13:29:58+00:00
https://www.st.com/resource/en/datasheet/stm32l431cb.pdf,567,unverified,HTTPError,https://www.st.com/resource/en/datasheet/stm32l431cb.pdf,text/html; charset=UTF-8,GET,2026-08-29T13:29:58+00:00
https://www.st.com/resource/en/datasheet/stm32l432kb.pdf,567,unverified,HTTPError,https://www.st.com/resource/en/datasheet/stm32l432kb.pdf,text/html; charset=UTF-8,GET,2026-08-29T13:29:58+00:00
https://www.st.com/resource/en/datasheet/stm32l433cc.pdf,567,unverified,HTTPError,https://www.st.com/resource/en/datasheet/stm32l433cc.pdf,text/html; charset=UTF-8,GET,2026-08-29T13:29:58+00:00
https://www.st.com/resource/en/datasheet/stm32l442kc.pdf,567,unverified,HTTPError,https://www.st.com/resource/en/datasheet/stm32l442kc.pdf,text/html; charset=UTF-8,GET,2026-08-29T13:29:58+00:00
https://www.st.com/resource/en/datasheet/stm32l443cc.pdf,567,unverified,HTTPError,https://www.st.com/resource/en/datasheet/stm32l443cc.pdf,text/html; charset=UTF-8,GET,2026-08-29T13:29:58+00:00
https://www.st.com/resource/en/datasheet/stm32l451cc.pdf,567,unverified,HTTPError,https://www.st.com/resource/en/datasheet/stm32l451cc.pdf,text/html; charset=UTF-8,GET,2026-08-29T13:29:58+00:00
https://www.st.com/resource/en/datasheet/stm32l452cc.pdf,567,unverified,HTTPError,https://www.st.com/resource/en/datasheet/stm32l452cc.pdf,text/html; charset=UTF-8,GET,2026-08-29T13:29:58+00:00
https://www.st.com/resource/en/datasheet/stm32l462ce.pdf,567,unverified,HTTPError,https://www.st.com/resource/en/datasheet/stm32l462ce.pdf,text/html; charset=UTF-8,GET,2026-08-29T13:29:58+00:00
https://www.st.com/resource/en/datasheet/stm32l471qe.pdf,567,unverified,HTTPError,https://www.st.com/resource/en/datasheet/stm32l471qe.pdf,text/html; charset=UTF-8,GET,2026-08-29T13:29:58+00:00
https://www.st.com/resource/en/datasheet/stm32l475rc.pdf,567,unverified,HTTPError,https://www.st.com/resource/en/datasheet/stm32l475rc.pdf,text/html; charset=UTF-8,GET,2026-08-29T13:29:58+00:00
https://www.st.com/resource/en/datasheet/stm32l476je.pdf,567,unverified,HTTPError,https://www.st.com/resource/en/datasheet/stm32l476je.pdf,text/html; charset=UTF-8,GET,2026-08-29T13:29:58+00:00
https://www.st.com/resource/en/datasheet/stm32l486jg.pdf,567,unverified,HTTPError,https://www.st.com/resource/en/datasheet/stm32l486jg.pdf,text/html; charset=UTF-8,GET,2026-08-29T13:29:58+00:00
https://www.st.com/resource/en/datasheet/stm32l496ae.pdf,567,unverified,HTTPError,https://www.st.com/resource/en/datasheet/stm32l496ae.pdf,text/html; charset=UTF-8,GET,2026-08-29T13:29:58+00:00
https://www.st.com/resource/en/datasheet/stm32l4a6ag.pdf,567,unverified,HTTPError,https://www.st.com/resource/en/datasheet/stm32l4a6ag.pdf,text/html; charset=UTF-8,GET,2026-08-29T13:29:59+00:00
https://www.st.com/resource/en/datasheet/stm32l4p5ae.pdf,567,unverified,HTTPError,https://www.st.com/resource/en/datasheet/stm32l4p5ae.pdf,text/html; charset=UTF-8,GET,2026-08-29T13:29:59+00:00
https://www.st.com/resource/en/datasheet/stm32l4q5ag.pdf,567,unverified,HTTPError,https://www.st.com/resource/en/datasheet/stm32l4q5ag.pdf,text/html; charset=UTF-8,GET,2026-08-29T13:29:59+00:00
https://www.st.com/resource/en/datasheet/stm32l4r5vi.pdf,567,unverified,HTTPError,https://www.st.com/resource/en/datasheet/stm32l4r5vi.pdf,text/html; charset=UTF-8,GET,2026-08-29T13:29:59+00:00
https://www.st.com/resource/en/datasheet/stm32l4s5vi.pdf,567,unverified,HTTPError,https://www.st.com/resource/en/datasheet/stm32l4s5vi.pdf,text/html; charset=UTF-8,GET,2026-08-29T13:29:59+00:00
https://www.st.com/resource/en/datasheet/stm32l552cc.pdf,567,unverified,HTTPError,https://www.st.com/resource/en/datasheet/stm32l552cc.pdf,text/html; charset=UTF-8,GET,2026-08-29T13:29:59+00:00
https://www.st.com/resource/en/datasheet/stm32l562ce.pdf,567,unverified,HTTPError,https://www.st.com/resource/en/datasheet/stm32l562ce.pdf,text/html; charset=UTF-8,GET,2026-08-29T13:29:59+00:00
https://www.st.com/resource/en/datasheet/stm32n657a0.pdf,567,unverified,HTTPError,https://www.st.com/resource/en/datasheet/stm32n657a0.pdf,text/html; charset=UTF-8,GET,2026-08-29T13:29:59+00:00
https://www.st.com/resource/en/datasheet/stm32u031f4.pdf,567,unverified,HTTPError,https://www.st.com/resource/en/datasheet/stm32u031f4.pdf,text/html; charset=UTF-8,GET,2026-08-29T13:29:59+00:00
https://www.st.com/resource/en/datasheet/stm32u073c8.pdf,567,unverified,HTTPError,https://www.st.com/resource/en/datasheet/stm32u073c8.pdf,text/html; charset=UTF-8,GET,2026-08-29T13:29:59+00:00
https://www.st.com/resource/en/datasheet/stm32u083kc.pdf,567,unverified,HTTPError,https://www.st.com/resource/en/datasheet/stm32u083kc.pdf,text/html; charset=UTF-8,GET,2026-08-29T13:29:59+00:00
https://www.st.com/resource/en/datasheet/stm32u375ce.pdf,567,unverified,HTTPError,https://www.st.com/resource/en/datasheet/stm32u375ce.pdf,text/html; charset=UTF-8,GET,2026-08-29T13:29:59+00:00
https://www.st.com/resource/en/datasheet/stm32u385cg.pdf,567,unverified,HTTPError,https://www.st.com/resource/en/datasheet/stm32u385cg.pdf,text/html; charset=UTF-8,GET,2026-08-29T13:29:59+00:00
https://www.st.com/resource/en/datasheet/stm32u535cb.pdf,567,unverified,HTTPError,https://www.st.com/resource/en/datasheet/stm32u535cb.pdf,text/html; charset=UTF-8,GET,2026-08-29T13:29:59+00:00
https://www.st.com/resource/en/datasheet/stm32u545ce.pdf,567,unverified,HTTPError,https://www.st.com/resource/en/datasheet/stm32u545ce.pdf,text/html; charset=UTF-8,GET,2026-08-29T13:29:59+00:00
https://www.st.com/resource/en/datasheet/stm32u575ag.pdf,567,unverified,HTTPError,https://www.st.com/resource/en/datasheet/stm32u575ag.pdf,text/html; charset=UTF-8,GET,2026-08-29T13:29:59+00:00
https://www.st.com/resource/en/datasheet/stm32u585ai.pdf,567,unverified,HTTPError,https://www.st.com/resource/en/datasheet/stm32u585ai.pdf,text/html; charset=UTF-8,GET,2026-08-29T13:29:59+00:00
https://www.st.com/resource/en/datasheet/stm32u595ai.pdf,567,unverified,HTTPError,https://www.st.com/resource/en/datasheet/stm32u595ai.pdf,text/html; charset=UTF-8,GET,2026-08-29T13:30:00+00:00
https://www.st.com/resource/en/datasheet/stm32u5a5aj.pdf,567,unverified,HTTPError,https://www.st.com/resource/en/datasheet/stm32u5a5aj.pdf,text/html; charset=UTF-8,GET,2026-08-29T13:30:00+00:00
https://www.st.com/resource/en/datasheet/stm32u5f7vj.pdf,567,unverified,HTTPError,https://www.st.com/resource/en/datasheet/stm32u5f7vj.pdf,text/html; charset=UTF-8,GET,2026-08-29T13:30:00+00:00
https://www.st.com/resource/en/datasheet/stm32u5g7vj.pdf,567,unverified,HTTPError,https://www.st.com/resource/en/datasheet/stm32u5g7vj.pdf,text/html; charset=UTF-8,GET,2026-08-29T13:30:00+00:00
https://www.st.com/resource/en/datasheet/stm32wb05kz.pdf,567,unverified,HTTPError,https://www.st.com/resource/en/datasheet/stm32wb05kz.pdf,text/html; charset=UTF-8,GET,2026-08-29T13:30:00+00:00
https://www.st.com/resource/en/datasheet/stm32wb07cc.pdf,567,unverified,HTTPError,https://www.st.com/resource/en/datasheet/stm32wb07cc.pdf,text/html; charset=UTF-8,GET,2026-08-29T13:30:00+00:00
https://www.st.com/resource/en/datasheet/stm32wb09ke.pdf,567,unverified,HTTPError,https://www.st.com/resource/en/datasheet/stm32wb09ke.pdf,text/html; charset=UTF-8,GET,2026-08-29T13:30:00+00:00
https://www.st.com/resource/en/datasheet/stm32wb10cc.pdf,567,unverified,HTTPError,https://www.st.com/resource/en/datasheet/stm32wb10cc.pdf,text/html; charset=UTF-8,GET,2026-08-29T13:30:00+00:00
https://www.st.com/resource/en/datasheet/stm32wb15cc.pdf,567,unverified,HTTPError,https://www.st.com/resource/en/datasheet/stm32wb15cc.pdf,text/html; charset=UTF-8,GET,2026-08-29T13:30:00+00:00
https://www.st.com/resource/en/datasheet/stm32wb1mmc.pdf,567,unverified,HTTPError,https://www.st.com/resource/en/datasheet/stm32wb1mmc.pdf,text/html; charset=UTF-8,GET,2026-08-29T13:30:00+00:00
https://www.st.com/resource/en/datasheet/stm32wb50cg.pdf,567,unverified,HTTPError,https://www.st.com/resource/en/datasheet/stm32wb50cg.pdf,text/html; charset=UTF-8,GET,2026-08-29T13:30:00+00:00
https://www.st.com/resource/en/datasheet/stm32wb55cc.pdf,567,unverified,HTTPError,https://www.st.com/resource/en/datasheet/stm32wb55cc.pdf,text/html; charset=UTF-8,GET,2026-08-29T13:30:00+00:00
https://www.st.com/resource/en/datasheet/stm32wb5mmg.pdf,567,unverified,HTTPError,https://www.st.com/resource/en/datasheet/stm32wb5mmg.pdf,text/html; charset=UTF-8,GET,2026-08-29T13:30:00+00:00
https://www.st.com/resource/en/datasheet/stm32wba25ce.pdf,567,unverified,HTTPError,https://www.st.com/resource/en/datasheet/stm32wba25ce.pdf,text/html; charset=UTF-8,GET,2026-08-29T13:30:00+00:00
https://www.st.com/resource/en/datasheet/stm32wba50kg.pdf,567,unverified,HTTPError,https://www.st.com/resource/en/datasheet/stm32wba50kg.pdf,text/html; charset=UTF-8,GET,2026-08-29T13:30:01+00:00
https://www.st.com/resource/en/datasheet/stm32wba52ce.pdf,567,unverified,HTTPError,https://www.st.com/resource/en/datasheet/stm32wba52ce.pdf,text/html; charset=UTF-8,GET,2026-08-29T13:30:01+00:00
https://www.st.com/resource/en/datasheet/stm32wba5mmg.pdf,567,unverified,HTTPError,https://www.st.com/resource/en/datasheet/stm32wba5mmg.pdf,text/html; charset=UTF-8,GET,2026-08-29T13:30:01+00:00
https://www.st.com/resource/en/datasheet/stm32wba62ci.pdf,567,unverified,HTTPError,https://www.st.com/resource/en/datasheet/stm32wba62ci.pdf,text/html; charset=UTF-8,GET,2026-08-29T13:30:01+00:00
https://www.st.com/resource/en/datasheet/stm32wl55cc.pdf,567,unverified,HTTPError,https://www.st.com/resource/en/datasheet/stm32wl55cc.pdf,text/html; charset=UTF-8,GET,2026-08-29T13:30:01+00:00
https://www.st.com/resource/en/datasheet/stm32wle5c8.pdf,567,unverified,HTTPError,https://www.st.com/resource/en/datasheet/stm32wle5c8.pdf,text/html; charset=UTF-8,GET,2026-08-29T13:30:01+00:00
https://www.st.com/resource/en/errata_sheet/es0005-stm32f205207xx-and-stm32f215217xx-device-limitations-stmicroelectronics.pdf,567,unverified,HTTPError,https://www.st.com/resource/en/errata_sheet/es0005-stm32f205207xx-and-stm32f215217xx-device-limitations-stmicroelectronics.pdf,text/html; charset=UTF-8,GET,2026-08-29T13:29:51+00:00
https://www.st.com/resource/en/errata_sheet/es0189-stm32f373xx-device-limitations-stmicroelectronics.pdf,567,unverified,HTTPError,https://www.st.com/resource/en/errata_sheet/es0189-stm32f373xx-device-limitations-stmicroelectronics.pdf,text/html; charset=UTF-8,GET,2026-08-29T13:29:52+00:00
https://www.st.com/resource/en/errata_sheet/es0204-stm32f303xbc-device-errata-stmicroelectronics.pdf,567,unverified,HTTPError,https://www.st.com/resource/en/errata_sheet/es0204-stm32f303xbc-device-errata-stmicroelectronics.pdf,text/html; charset=UTF-8,GET,2026-08-29T13:29:52+00:00
https://www.st.com/resource/en/errata_sheet/es0230-stm32f378xx-device-limitations-stmicroelectronics.pdf,567,unverified,HTTPError,https://www.st.com/resource/en/errata_sheet/es0230-stm32f378xx-device-limitations-stmicroelectronics.pdf,text/html; charset=UTF-8,GET,2026-08-29T13:29:52+00:00
https://www.st.com/resource/en/errata_sheet/es0231-stm32f302xbc-device-limitations-stmicroelectronics.pdf,567,unverified,HTTPError,https://www.st.com/resource/en/errata_sheet/es0231-stm32f302xbc-device-limitations-stmicroelectronics.pdf,text/html; charset=UTF-8,GET,2026-08-29T13:29:51+00:00
https://www.st.com/resource/en/errata_sheet/es0232-stm32f358xc-device-limitations-stmicroelectronics.pdf,567,unverified,HTTPError,https://www.st.com/resource/en/errata_sheet/es0232-stm32f358xc-device-limitations-stmicroelectronics.pdf,text/html; charset=UTF-8,GET,2026-08-29T13:29:52+00:00
https://www.st.com/resource/en/errata_sheet/es0237-stm32f301x6x8-device-errata-stmicroelectronics.pdf,567,unverified,HTTPError,https://www.st.com/resource/en/errata_sheet/es0237-stm32f301x6x8-device-errata-stmicroelectronics.pdf,text/html; charset=UTF-8,GET,2026-08-29T13:29:51+00:00
https://www.st.com/resource/en/errata_sheet/es0246-stm32f303x6x8-rev-z-device-limitations-stmicroelectronics.pdf,567,unverified,HTTPError,https://www.st.com/resource/en/errata_sheet/es0246-stm32f303x6x8-rev-z-device-limitations-stmicroelectronics.pdf,text/html; charset=UTF-8,GET,2026-08-29T13:29:52+00:00
https://www.st.com/resource/en/errata_sheet/es0247-stm32f302x6x8-device-errata-stmicroelectronics.pdf,567,unverified,HTTPError,https://www.st.com/resource/en/errata_sheet/es0247-stm32f302x6x8-device-errata-stmicroelectronics.pdf,text/html; charset=UTF-8,GET,2026-08-29T13:29:51+00:00
https://www.st.com/resource/en/errata_sheet/es0257-stm32f318c8k8-device-errata-stmicroelectronics.pdf,567,unverified,HTTPError,https://www.st.com/resource/en/errata_sheet/es0257-stm32f318c8k8-device-errata-stmicroelectronics.pdf,text/html; charset=UTF-8,GET,2026-08-29T13:29:52+00:00
https://www.st.com/resource/en/errata_sheet/es0258-stm32f334x4x6x8-rev-z-device-limitations-stmicroelectronics.pdf,567,unverified,HTTPError,https://www.st.com/resource/en/errata_sheet/es0258-stm32f334x4x6x8-rev-z-device-limitations-stmicroelectronics.pdf,text/html; charset=UTF-8,GET,2026-08-29T13:29:52+00:00
https://www.st.com/resource/en/errata_sheet/es0260-stm32f328c8-rev-z-device-limitations-stmicroelectronics.pdf,567,unverified,HTTPError,https://www.st.com/resource/en/errata_sheet/es0260-stm32f328c8-rev-z-device-limitations-stmicroelectronics.pdf,text/html; charset=UTF-8,GET,2026-08-29T13:29:52+00:00
https://www.st.com/resource/en/errata_sheet/es0261-stm32f303xd-stm32f303xe-rev-y-device-limitations-stmicroelectronics.pdf,567,unverified,HTTPError,https://www.st.com/resource/en/errata_sheet/es0261-stm32f303xd-stm32f303xe-rev-y-device-limitations-stmicroelectronics.pdf,text/html; charset=UTF-8,GET,2026-08-29T13:29:52+00:00
https://www.st.com/resource/en/errata_sheet/es0284-stm32f302xd-and-stm32f302xe-rev-y-device-limitations-stmicroelectronics.pdf,567,unverified,HTTPError,https://www.st.com/resource/en/errata_sheet/es0284-stm32f302xd-and-stm32f302xe-rev-y-device-limitations-stmicroelectronics.pdf,text/html; charset=UTF-8,GET,2026-08-29T13:29:51+00:00
https://www.st.com/resource/en/errata_sheet/es0297-stm32f398ve-rev-y-device-limitations-stmicroelectronics.pdf,567,unverified,HTTPError,https://www.st.com/resource/en/errata_sheet/es0297-stm32f398ve-rev-y-device-limitations-stmicroelectronics.pdf,text/html; charset=UTF-8,GET,2026-08-29T13:29:52+00:00
https://www.st.com/resource/en/reference_manual/rm0033-stm32f205xx-stm32f207xx-stm32f215xx-and-stm32f217xx-advanced-armbased-32bit-mcus-stmicroelectronics.pdf,567,unverified,HTTPError,https://www.st.com/resource/en/reference_manual/rm0033-stm32f205xx-stm32f207xx-stm32f215xx-and-stm32f217xx-advanced-armbased-32bit-mcus-stmicroelectronics.pdf,text/html; charset=UTF-8,GET,2026-08-29T13:29:51+00:00
https://www.st.com/resource/en/reference_manual/rm0038-stm32l100xx-stm32l151xx-stm32l152xx-and-stm32l162xx-advanced-armbased-32bit-mcus-stmicroelectronics.pdf,567,unverified,HTTPError,https://www.st.com/resource/en/reference_manual/rm0038-stm32l100xx-stm32l151xx-stm32l152xx-and-stm32l162xx-advanced-armbased-32bit-mcus-stmicroelectronics.pdf,text/html; charset=UTF-8,GET,2026-08-29T13:29:57+00:00
https://www.st.com/resource/en/reference_manual/rm0090-stm32f405415-stm32f407417-stm32f427437-and-stm32f429439-advanced-armbased-32bit-mcus-stmicroelectronics.pdf,567,unverified,HTTPError,https://www.st.com/resource/en/reference_manual/rm0090-stm32f405415-stm32f407417-stm32f427437-and-stm32f429439-advanced-armbased-32bit-mcus-stmicroelectronics.pdf,text/html; charset=UTF-8,GET,2026-08-29T13:29:53+00:00
https://www.st.com/resource/en/reference_manual/rm0091-stm32f0x1stm32f0x2stm32f0x8-advanced-armbased-32bit-mcus-stmicroelectronics.pdf,567,unverified,HTTPError,https://www.st.com/resource/en/reference_manual/rm0091-stm32f0x1stm32f0x2stm32f0x8-advanced-armbased-32bit-mcus-stmicroelectronics.pdf,text/html; charset=UTF-8,GET,2026-08-29T13:29:43+00:00
https://www.st.com/resource/en/reference_manual/rm0313-stm32f37xxx-advanced-armbased-32bit-mcus-stmicroelectronics.pdf,567,unverified,HTTPError,https://www.st.com/resource/en/reference_manual/rm0313-stm32f37xxx-advanced-armbased-32bit-mcus-stmicroelectronics.pdf,text/html; charset=UTF-8,GET,2026-08-29T13:29:52+00:00
https://www.st.com/resource/en/reference_manual/rm0316-stm32f303xbcde-stm32f303x68-stm32f328x8-stm32f358xc-stm32f398xe-advanced-armbased-mcus-stmicroelectronics.pdf,567,unverified,HTTPError,https://www.st.com/resource/en/reference_manual/rm0316-stm32f303xbcde-stm32f303x68-stm32f328x8-stm32f358xc-stm32f398xe-advanced-armbased-mcus-stmicroelectronics.pdf,text/html; charset=UTF-8,GET,2026-08-29T13:29:51+00:00
https://www.st.com/resource/en/reference_manual/rm0351-stm32l47xxx-stm32l48xxx-stm32l49xxx-and-stm32l4axxx-advanced-armbased-32bit-mcus-stmicroelectronics.pdf,567,unverified,HTTPError,https://www.st.com/resource/en/reference_manual/rm0351-stm32l47xxx-stm32l48xxx-stm32l49xxx-and-stm32l4axxx-advanced-armbased-32bit-mcus-stmicroelectronics.pdf,text/html; charset=UTF-8,GET,2026-08-29T13:29:58+00:00
https://www.st.com/resource/en/reference_manual/rm0360-stm32f030x4x6x8xc-and-stm32f070x6xb-advanced-armbased-32bit-mcus-stmicroelectronics.pdf,567,unverified,HTTPError,https://www.st.com/resource/en/reference_manual/rm0360-stm32f030x4x6x8xc-and-stm32f070x6xb-advanced-armbased-32bit-mcus-stmicroelectronics.pdf,text/html; charset=UTF-8,GET,2026-08-29T13:29:41+00:00
https://www.st.com/resource/en/reference_manual/rm0364-stm32f334xx-advanced-armbased-32bit-mcus-stmicroelectronics.pdf,567,unverified,HTTPError,https://www.st.com/resource/en/reference_manual/rm0364-stm32f334xx-advanced-armbased-32bit-mcus-stmicroelectronics.pdf,text/html; charset=UTF-8,GET,2026-08-29T13:29:52+00:00
https://www.st.com/resource/en/reference_manual/rm0365-stm32f302xbcde-and-stm32f302x68-advanced-armbased-32bit-mcus-stmicroelectronics.pdf,567,unverified,HTTPError,https://www.st.com/resource/en/reference_manual/rm0365-stm32f302xbcde-and-stm32f302x68-advanced-armbased-32bit-mcus-stmicroelectronics.pdf,text/html; charset=UTF-8,GET,2026-08-29T13:29:51+00:00
https://www.st.com/resource/en/reference_manual/rm0366-stm32f301x68-and-stm32f318x8-advanced-armbased-32bit-mcus-stmicroelectronics.pdf,567,unverified,HTTPError,https://www.st.com/resource/en/reference_manual/rm0366-stm32f301x68-and-stm32f318x8-advanced-armbased-32bit-mcus-stmicroelectronics.pdf,text/html; charset=UTF-8,GET,2026-08-29T13:29:51+00:00
https://www.st.com/resource/en/reference_manual/rm0367-ultralowpower-stm32l0x3-advanced-armbased-32bit-mcus-stmicroelectronics.pdf,567,unverified,HTTPError,https://www.st.com/resource/en/reference_manual/rm0367-ultralowpower-stm32l0x3-advanced-armbased-32bit-mcus-stmicroelectronics.pdf,text/html; charset=UTF-8,GET,2026-08-29T13:29:57+00:00
https://www.st.com/resource/en/reference_manual/rm0368-stm32f401xbc-and-stm32f401xde-advanced-armbased-32bit-mcus-stmicroelectronics.pdf,567,unverified,HTTPError,https://www.st.com/resource/en/reference_manual/rm0368-stm32f401xbc-and-stm32f401xde-advanced-armbased-32bit-mcus-stmicroelectronics.pdf,text/html; charset=UTF-8,GET,2026-08-29T13:29:53+00:00
https://www.st.com/resource/en/reference_manual/rm0376-ultralowpower-stm32l0x2-advanced-armbased-32bit-mcus-stmicroelectronics.pdf,567,unverified,HTTPError,https://www.st.com/resource/en/reference_manual/rm0376-ultralowpower-stm32l0x2-advanced-armbased-32bit-mcus-stmicroelectronics.pdf,text/html; charset=UTF-8,GET,2026-08-29T13:29:57+00:00
https://www.st.com/resource/en/reference_manual/rm0377-ultralowpower-stm32l0x1-advanced-armbased-32bit-mcus-stmicroelectronics.pdf,567,unverified,HTTPError,https://www.st.com/resource/en/reference_manual/rm0377-ultralowpower-stm32l0x1-advanced-armbased-32bit-mcus-stmicroelectronics.pdf,text/html; charset=UTF-8,GET,2026-08-29T13:29:56+00:00
https://www.st.com/resource/en/reference_manual/rm0383-stm32f411xce-advanced-armbased-32bit-mcus-stmicroelectronics.pdf,567,unverified,HTTPError,https://www.st.com/resource/en/reference_manual/rm0383-stm32f411xce-advanced-armbased-32bit-mcus-stmicroelectronics.pdf,text/html; charset=UTF-8,GET,2026-08-29T13:29:53+00:00
https://www.st.com/resource/en/reference_manual/rm0385-stm32f75xxx-and-stm32f74xxx-advanced-armbased-32bit-mcus-stmicroelectronics.pdf,567,unverified,HTTPError,https://www.st.com/resource/en/reference_manual/rm0385-stm32f75xxx-and-stm32f74xxx-advanced-armbased-32bit-mcus-stmicroelectronics.pdf,text/html; charset=UTF-8,GET,2026-08-29T13:29:54+00:00
https://www.st.com/resource/en/reference_manual/rm0386-stm32f469xx-and-stm32f479xx-advanced-armbased-32bit-mcus-stmicroelectronics.pdf,567,unverified,HTTPError,https://www.st.com/resource/en/reference_manual/rm0386-stm32f469xx-and-stm32f479xx-advanced-armbased-32bit-mcus-stmicroelectronics.pdf,text/html; charset=UTF-8,GET,2026-08-29T13:29:53+00:00
https://www.st.com/resource/en/reference_manual/rm0390-stm32f446xx-advanced-armbased-32bit-mcus-stmicroelectronics.pdf,567,unverified,HTTPError,https://www.st.com/resource/en/reference_manual/rm0390-stm32f446xx-advanced-armbased-32bit-mcus-stmicroelectronics.pdf,text/html; charset=UTF-8,GET,2026-08-29T13:29:53+00:00
https://www.st.com/resource/en/reference_manual/rm0394-stm32l41xxx42xxx43xxx44xxx45xxx46xxx-advanced-armbased-32bit-mcus-stmicroelectronics.pdf,567,unverified,HTTPError,https://www.st.com/resource/en/reference_manual/rm0394-stm32l41xxx42xxx43xxx44xxx45xxx46xxx-advanced-armbased-32bit-mcus-stmicroelectronics.pdf,text/html; charset=UTF-8,GET,2026-08-29T13:29:58+00:00
https://www.st.com/resource/en/reference_manual/rm0399-stm32h745755-and-stm32h747757-advanced-armbased-32bit-mcus-stmicroelectronics.pdf,567,unverified,HTTPError,https://www.st.com/resource/en/reference_manual/rm0399-stm32h745755-and-stm32h747757-advanced-armbased-32bit-mcus-stmicroelectronics.pdf,text/html; charset=UTF-8,GET,2026-08-29T13:29:56+00:00
https://www.st.com/resource/en/reference_manual/rm0401-stm32f410-advanced-armbased-32bit-mcus-stmicroelectronics.pdf,567,unverified,HTTPError,https://www.st.com/resource/en/reference_manual/rm0401-stm32f410-advanced-armbased-32bit-mcus-stmicroelectronics.pdf,text/html; charset=UTF-8,GET,2026-08-29T13:29:53+00:00
https://www.st.com/resource/en/reference_manual/rm0402-stm32f412-advanced-armbased-32bit-mcus-stmicroelectronics.pdf,567,unverified,HTTPError,https://www.st.com/resource/en/reference_manual/rm0402-stm32f412-advanced-armbased-32bit-mcus-stmicroelectronics.pdf,text/html; charset=UTF-8,GET,2026-08-29T13:29:53+00:00
https://www.st.com/resource/en/reference_manual/rm0410-stm32f76xxx-and-stm32f77xxx-advanced-armbased-32bit-mcus-stmicroelectronics.pdf,567,unverified,HTTPError,https://www.st.com/resource/en/reference_manual/rm0410-stm32f76xxx-and-stm32f77xxx-advanced-armbased-32bit-mcus-stmicroelectronics.pdf,text/html; charset=UTF-8,GET,2026-08-29T13:29:54+00:00
https://www.st.com/resource/en/reference_manual/rm0430-stm32f413423-advanced-armbased-32bit-mcus-stmicroelectronics.pdf,567,unverified,HTTPError,https://www.st.com/resource/en/reference_manual/rm0430-stm32f413423-advanced-armbased-32bit-mcus-stmicroelectronics.pdf,text/html; charset=UTF-8,GET,2026-08-29T13:29:53+00:00
https://www.st.com/resource/en/reference_manual/rm0431-stm32f72xxx-and-stm32f73xxx-advanced-armbased-32bit-mcus-stmicroelectronics.pdf,567,unverified,HTTPError,https://www.st.com/resource/en/reference_manual/rm0431-stm32f72xxx-and-stm32f73xxx-advanced-armbased-32bit-mcus-stmicroelectronics.pdf,text/html; charset=UTF-8,GET,2026-08-29T13:29:53+00:00
https://www.st.com/resource/en/reference_manual/rm0432-stm32l4-series-advanced-armbased-32bit-mcus-stmicroelectronics.pdf,567,unverified,HTTPError,https://www.st.com/resource/en/reference_manual/rm0432-stm32l4-series-advanced-armbased-32bit-mcus-stmicroelectronics.pdf,text/html; charset=UTF-8,GET,2026-08-29T13:29:59+00:00
https://www.st.com/resource/en/reference_manual/rm0433-stm32h742-stm32h743753-and-stm32h750-value-line-advanced-armbased-32bit-mcus-stmicroelectronics.pdf,567,unverified,HTTPError,https://www.st.com/resource/en/reference_manual/rm0433-stm32h742-stm32h743753-and-stm32h750-value-line-advanced-armbased-32bit-mcus-stmicroelectronics.pdf,text/html; charset=UTF-8,GET,2026-08-29T13:29:56+00:00
https://www.st.com/resource/en/reference_manual/rm0434-multiprotocol-wireless-32bit-mcu-armbased-cortexm4-with-fpu-bluetooth-lowenergy-and-802154-radio-solution-stmicroelectronics.pdf,567,unverified,HTTPError,https://www.st.com/resource/en/reference_manual/rm0434-multiprotocol-wireless-32bit-mcu-armbased-cortexm4-with-fpu-bluetooth-lowenergy-and-802154-radio-solution-stmicroelectronics.pdf,text/html; charset=UTF-8,GET,2026-08-29T13:30:00+00:00
https://www.st.com/resource/en/reference_manual/rm0438-stm32l552xx-and-stm32l562xx-advanced-armbased-32bit-mcus-stmicroelectronics.pdf,567,unverified,HTTPError,https://www.st.com/resource/en/reference_manual/rm0438-stm32l552xx-and-stm32l562xx-advanced-armbased-32bit-mcus-stmicroelectronics.pdf,text/html; charset=UTF-8,GET,2026-08-29T13:29:59+00:00
https://www.st.com/resource/en/reference_manual/rm0440-stm32g4-series-advanced-armbased-32bit-mcus-stmicroelectronics.pdf,567,unverified,HTTPError,https://www.st.com/resource/en/reference_manual/rm0440-stm32g4-series-advanced-armbased-32bit-mcus-stmicroelectronics.pdf,text/html; charset=UTF-8,GET,2026-08-29T13:29:55+00:00
https://www.st.com/resource/en/reference_manual/rm0444-stm32g0x1-advanced-armbased-32bit-mcus-stmicroelectronics.pdf,567,unverified,HTTPError,https://www.st.com/resource/en/reference_manual/rm0444-stm32g0x1-advanced-armbased-32bit-mcus-stmicroelectronics.pdf,text/html; charset=UTF-8,GET,2026-08-29T13:29:54+00:00
https://www.st.com/resource/en/reference_manual/rm0451-ultralowpower-stm32l0x0-advanced-armbased-32bit-mcus-stmicroelectronics.pdf,567,unverified,HTTPError,https://www.st.com/resource/en/reference_manual/rm0451-ultralowpower-stm32l0x0-advanced-armbased-32bit-mcus-stmicroelectronics.pdf,text/html; charset=UTF-8,GET,2026-08-29T13:29:56+00:00
https://www.st.com/resource/en/reference_manual/rm0453-stm32wl5x-advanced-armbased-32bit-mcus-with-subghz-radio-solution-stmicroelectronics.pdf,567,unverified,HTTPError,https://www.st.com/resource/en/reference_manual/rm0453-stm32wl5x-advanced-armbased-32bit-mcus-with-subghz-radio-solution-stmicroelectronics.pdf,text/html; charset=UTF-8,GET,2026-08-29T13:30:01+00:00
https://www.st.com/resource/en/reference_manual/rm0454-stm32g0x0-advanced-armbased-32bit-mcus-stmicroelectronics.pdf,567,unverified,HTTPError,https://www.st.com/resource/en/reference_manual/rm0454-stm32g0x0-advanced-armbased-32bit-mcus-stmicroelectronics.pdf,text/html; charset=UTF-8,GET,2026-08-29T13:29:54+00:00
https://www.st.com/resource/en/reference_manual/rm0455-stm32h7a37b3-and-stm32h7b0-value-line-advanced-armbased-32bit-mcus-stmicroelectronics.pdf,567,unverified,HTTPError,https://www.st.com/resource/en/reference_manual/rm0455-stm32h7a37b3-and-stm32h7b0-value-line-advanced-armbased-32bit-mcus-stmicroelectronics.pdf,text/html; charset=UTF-8,GET,2026-08-29T13:29:56+00:00
https://www.st.com/resource/en/reference_manual/rm0456-stm32u5-series-armbased-32bit-mcus-stmicroelectronics.pdf,567,unverified,HTTPError,https://www.st.com/resource/en/reference_manual/rm0456-stm32u5-series-armbased-32bit-mcus-stmicroelectronics.pdf,text/html; charset=UTF-8,GET,2026-08-29T13:29:59+00:00
https://www.st.com/resource/en/reference_manual/rm0461-stm32wlex-advanced-armbased-32bit-mcus-with-subghz-radio-solution-stmicroelectronics.pdf,567,unverified,HTTPError,https://www.st.com/resource/en/reference_manual/rm0461-stm32wlex-advanced-armbased-32bit-mcus-with-subghz-radio-solution-stmicroelectronics.pdf,text/html; charset=UTF-8,GET,2026-08-29T13:30:01+00:00
https://www.st.com/resource/en/reference_manual/rm0468-stm32h723733-stm32h725735-and-stm32h730-value-line-advanced-armbased-32bit-mcus-stmicroelectronics.pdf,567,unverified,HTTPError,https://www.st.com/resource/en/reference_manual/rm0468-stm32h723733-stm32h725735-and-stm32h730-value-line-advanced-armbased-32bit-mcus-stmicroelectronics.pdf,text/html; charset=UTF-8,GET,2026-08-29T13:29:55+00:00
https://www.st.com/resource/en/reference_manual/rm0471-multiprotocol-wireless-32bit-mcu-armbased-cortexm4-with-fpu-bluetooth-low-energy-or-802154-radio-solution-stmicroelectronics.pdf,567,unverified,HTTPError,https://www.st.com/resource/en/reference_manual/rm0471-multiprotocol-wireless-32bit-mcu-armbased-cortexm4-with-fpu-bluetooth-low-energy-or-802154-radio-solution-stmicroelectronics.pdf,text/html; charset=UTF-8,GET,2026-08-29T13:30:00+00:00
https://www.st.com/resource/en/reference_manual/rm0473-multiprotocol-wireless-32bit-mcu-armbased-cortexm4-with-fpu-bluetooth-low-energy-radio-solution-stmicroelectronics.pdf,567,unverified,HTTPError,https://www.st.com/resource/en/reference_manual/rm0473-multiprotocol-wireless-32bit-mcu-armbased-cortexm4-with-fpu-bluetooth-low-energy-radio-solution-stmicroelectronics.pdf,text/html; charset=UTF-8,GET,2026-08-29T13:30:00+00:00
https://www.st.com/resource/en/reference_manual/rm0477-stm32h7rx7sx-armbased-32bit-mcus-stmicroelectronics.pdf,567,unverified,HTTPError,https://www.st.com/resource/en/reference_manual/rm0477-stm32h7rx7sx-armbased-32bit-mcus-stmicroelectronics.pdf,text/html; charset=UTF-8,GET,2026-08-29T13:29:56+00:00
https://www.st.com/resource/en/reference_manual/rm0478-multiprotocol-wireless-32bit-mcu-armbased-cortexm4-with-fpu-bluetooth-low-energy-54-radio-solution-stmicroelectronics.pdf,567,unverified,HTTPError,https://www.st.com/resource/en/reference_manual/rm0478-multiprotocol-wireless-32bit-mcu-armbased-cortexm4-with-fpu-bluetooth-low-energy-54-radio-solution-stmicroelectronics.pdf,text/html; charset=UTF-8,GET,2026-08-29T13:30:00+00:00
https://www.st.com/resource/en/reference_manual/rm0481-stm32h52333xx-stm32h56263xx-and-stm32h573xx-armbased-32bit-mcus-stmicroelectronics.pdf,567,unverified,HTTPError,https://www.st.com/resource/en/reference_manual/rm0481-stm32h52333xx-stm32h56263xx-and-stm32h573xx-armbased-32bit-mcus-stmicroelectronics.pdf,text/html; charset=UTF-8,GET,2026-08-29T13:29:55+00:00
https://www.st.com/resource/en/reference_manual/rm0486-stm32n647657xx-armbased-32bit-mcus-stmicroelectronics.pdf,567,unverified,HTTPError,https://www.st.com/resource/en/reference_manual/rm0486-stm32n647657xx-armbased-32bit-mcus-stmicroelectronics.pdf,text/html; charset=UTF-8,GET,2026-08-29T13:29:59+00:00
https://www.st.com/resource/en/reference_manual/rm0487-stm32u3-series-armbased-32bit-mcus-stmicroelectronics.pdf,567,unverified,HTTPError,https://www.st.com/resource/en/reference_manual/rm0487-stm32u3-series-armbased-32bit-mcus-stmicroelectronics.pdf,text/html; charset=UTF-8,GET,2026-08-29T13:29:59+00:00
https://www.st.com/resource/en/reference_manual/rm0490-stm32c0x1-advanced-armbased-32bit-mcus-stmicroelectronics.pdf,567,unverified,HTTPError,https://www.st.com/resource/en/reference_manual/rm0490-stm32c0x1-advanced-armbased-32bit-mcus-stmicroelectronics.pdf,text/html; charset=UTF-8,GET,2026-08-29T13:29:39+00:00
https://www.st.com/resource/en/reference_manual/rm0492-stm32h503-line-armbased-32bit-mcus-stmicroelectronics.pdf,567,unverified,HTTPError,https://www.st.com/resource/en/reference_manual/rm0492-stm32h503-line-armbased-32bit-mcus-stmicroelectronics.pdf,text/html; charset=UTF-8,GET,2026-08-29T13:29:55+00:00
https://www.st.com/resource/en/reference_manual/rm0493-multiprotocol-wireless-bluetooth-lowenergy-and-ieee802154-stm32wba5xxx-armbased-32bit-mcus-stmicroelectronics.pdf,567,unverified,HTTPError,https://www.st.com/resource/en/reference_manual/rm0493-multiprotocol-wireless-bluetooth-lowenergy-and-ieee802154-stm32wba5xxx-armbased-32bit-mcus-stmicroelectronics.pdf,text/html; charset=UTF-8,GET,2026-08-29T13:30:00+00:00
https://www.st.com/resource/en/reference_manual/rm0503-stm32u0-series-advanced-armbased-32bit-mcus-stmicroelectronics.pdf,567,unverified,HTTPError,https://www.st.com/resource/en/reference_manual/rm0503-stm32u0-series-advanced-armbased-32bit-mcus-stmicroelectronics.pdf,text/html; charset=UTF-8,GET,2026-08-29T13:29:59+00:00
https://www.st.com/resource/en/reference_manual/rm0505-stm32wb09xe-ultralow-power-wireless-32bit-mcu-armbased-cortexm0-with-bluetooth-low-energy-and-24-ghz-radio-solution-stmicroelectronics.pdf,567,unverified,HTTPError,https://www.st.com/resource/en/reference_manual/rm0505-stm32wb09xe-ultralow-power-wireless-32bit-mcu-armbased-cortexm0-with-bluetooth-low-energy-and-24-ghz-radio-solution-stmicroelectronics.pdf,text/html; charset=UTF-8,GET,2026-08-29T13:30:00+00:00
https://www.st.com/resource/en/reference_manual/rm0515-stm32wba6xxx-advanced-armbased-32-mcus-stmicroelectronics.pdf,567,unverified,HTTPError,https://www.st.com/resource/en/reference_manual/rm0515-stm32wba6xxx-advanced-armbased-32-mcus-stmicroelectronics.pdf,text/html; charset=UTF-8,GET,2026-08-29T13:30:01+00:00
https://www.st.com/resource/en/reference_manual/rm0521-stm32wba2-advanced-armbased-32bit-mcus-stmicroelectronics.pdf,567,unverified,HTTPError,https://www.st.com/resource/en/reference_manual/rm0521-stm32wba2-advanced-armbased-32bit-mcus-stmicroelectronics.pdf,text/html; charset=UTF-8,GET,2026-08-29T13:30:00+00:00
https://www.st.com/resource/en/reference_manual/rm0529-stm32wb05xz-ultralow-power-wireless-32bit-mcu-armbased-cortexm0-with-bluetooth-low-energy-and-24-ghz-radio-solution-stmicroelectronics.pdf,567,unverified,HTTPError,https://www.st.com/resource/en/reference_manual/rm0529-stm32wb05xz-ultralow-power-wireless-32bit-mcu-armbased-cortexm0-with-bluetooth-low-energy-and-24-ghz-radio-solution-stmicroelectronics.pdf,text/html; charset=UTF-8,GET,2026-08-29T13:30:00+00:00
https://www.st.com/resource/en/reference_manual/rm0530--stm32wb07xc-and-stm32wb06xc-ultralow-power-wireless-32bit-mcus-armbased-cortexm0-with-bluetooth-low-energy-and-24-ghz-radio-solution-stmicroelectronics.pdf,567,unverified,HTTPError,https://www.st.com/resource/en/reference_manual/rm0530--stm32wb07xc-and-stm32wb06xc-ultralow-power-wireless-32bit-mcus-armbased-cortexm0-with-bluetooth-low-energy-and-24-ghz-radio-solution-stmicroelectronics.pdf,text/html; charset=UTF-8,GET,2026-08-29T13:30:00+00:00
https://www.st.com/resource/en/user_manual/um1725-description-of-stm32f4-hal-and-lowlayer-drivers-stmicroelectronics.pdf,567,unverified,HTTPError,https://www.st.com/resource/en/user_manual/um1725-description-of-stm32f4-hal-and-lowlayer-drivers-stmicroelectronics.pdf,text/html; charset=UTF-8,GET,2026-08-29T13:29:53+00:00
https://www.st.com/resource/en/user_manual/um1905-description-of-stm32f7-hal-and-lowlayer-drivers-stmicroelectronics.pdf,567,unverified,HTTPError,https://www.st.com/resource/en/user_manual/um1905-description-of-stm32f7-hal-and-lowlayer-drivers-stmicroelectronics.pdf,text/html; charset=UTF-8,GET,2026-08-29T13:29:53+00:00
https://www.stcmicro.com/stc/stc32cl8k64.html,200,valid,http_ok,https://www.stcmicro.com/stc/stc32cl8k64.html,text/html,HEAD,2026-08-29T13:29:39+00:00
https://www.stcmicro.com/stc/stc32g12k128.html,200,valid,http_ok,https://www.stcmicro.com/stc/stc32g12k128.html,text/html,HEAD,2026-08-29T13:29:39+00:00
https://www.stcmicro.com/stc/stc32g144k246.html,200,valid,http_ok,https://www.stcmicro.com/stc/stc32g144k246.html,text/html,HEAD,2026-08-29T13:29:39+00:00
https://www.stcmicro.com/stc/stc32g8k64.html,200,valid,http_ok,https://www.stcmicro.com/stc/stc32g8k64.html,text/html,HEAD,2026-08-29T13:29:39+00:00
https://www.ti.com/lit/gpn/AM13E23019,200,valid,http_ok,https://www.ti.com/lit/ds/symlink/am13e23019.pdf?ts=1788010206145,application/pdf,HEAD,2026-08-29T13:30:01+00:00
https://www.ti.com/lit/gpn/MSP432E401Y,200,valid,http_ok,https://www.ti.com/lit/ds/symlink/msp432e401y.pdf?ts=1788010206093,application/pdf,HEAD,2026-08-29T13:30:01+00:00
https://www.ti.com/lit/gpn/MSP432E411Y,200,valid,http_ok,https://www.ti.com/lit/ds/symlink/msp432e411y.pdf?ts=1788010209330,application/pdf,HEAD,2026-08-29T13:30:02+00:00
https://www.ti.com/lit/gpn/MSPM0C1103,200,valid,http_ok,https://www.ti.com/lit/ds/symlink/mspm0c1103.pdf?ts=1788010211218,application/pdf,HEAD,2026-08-29T13:30:07+00:00
https://www.ti.com/lit/gpn/MSPM0C1104,200,valid,http_ok,https://www.ti.com/lit/ds/symlink/mspm0c1104.pdf?ts=1788010211171,application/pdf,HEAD,2026-08-29T13:30:08+00:00
https://www.ti.com/lit/gpn/MSPM0C1105,200,valid,http_ok,https://www.ti.com/lit/ds/symlink/mspm0c1105.pdf?ts=1787996334407&ref_url=https%253A%252F%252Fwww.ti.com%252Fproduct%252FMSPM0C1105,application/pdf,HEAD,2026-08-29T13:30:11+00:00
https://www.ti.com/lit/gpn/MSPM0C1106,200,valid,http_ok,https://www.ti.com/lit/ds/symlink/mspm0c1106.pdf?ts=1788009518860,application/pdf,HEAD,2026-08-29T13:30:11+00:00
https://www.ti.com/lit/gpn/MSPM0G1105,200,valid,http_ok,https://www.ti.com/lit/ds/symlink/mspm0g1105.pdf?ts=1788009519156,application/pdf,HEAD,2026-08-29T13:30:12+00:00
https://www.ti.com/lit/gpn/MSPM0G1106,200,valid,http_ok,https://www.ti.com/lit/ds/symlink/mspm0g1106.pdf?ts=1788009519460,application/pdf,HEAD,2026-08-29T13:30:12+00:00
https://www.ti.com/lit/gpn/MSPM0G1107,200,valid,http_ok,https://www.ti.com/lit/ds/symlink/mspm0g1107.pdf?ts=1788010212951,application/pdf,HEAD,2026-08-29T13:30:12+00:00
https://www.ti.com/lit/gpn/MSPM0G1218,200,valid,http_ok,https://www.ti.com/lit/ds/symlink/mspm0g1218.pdf?ts=1788009528089,application/pdf,HEAD,2026-08-29T13:30:15+00:00
https://www.ti.com/lit/gpn/MSPM0G1505,200,valid,http_ok,https://www.ti.com/lit/ds/symlink/mspm0g1505.pdf?ts=1787974970742,application/pdf,HEAD,2026-08-29T13:30:12+00:00
https://www.ti.com/lit/gpn/MSPM0G1506,200,valid,http_ok,https://www.ti.com/lit/ds/symlink/mspm0g1506.pdf?ts=1787961096189&ref_url=https%253A%252F%252Fwww.ti.com%252Fproduct%252FMSPM0G1506%253FkeyMatch%253DMSPM0G1506%2526tisearch%253Duniversal_search%2526usecase%253DGPN-ALT,application/pdf,HEAD,2026-08-29T13:30:13+00:00
https://www.ti.com/lit/gpn/MSPM0G1507,200,valid,http_ok,https://www.ti.com/lit/ds/symlink/mspm0g1507.pdf?ts=1788009522209,application/pdf,HEAD,2026-08-29T13:30:13+00:00
https://www.ti.com/lit/gpn/MSPM0G1518,200,valid,http_ok,https://www.ti.com/lit/ds/symlink/mspm0g1518.pdf?ts=1787929028055,application/pdf,HEAD,2026-08-29T13:30:15+00:00
https://www.ti.com/lit/gpn/MSPM0G1519,200,valid,http_ok,https://www.ti.com/lit/ds/symlink/mspm0g1519.pdf?ts=1788009531298,application/pdf,HEAD,2026-08-29T13:30:15+00:00
https://www.ti.com/lit/gpn/MSPM0G3105,200,valid,http_ok,https://www.ti.com/lit/ds/symlink/mspm0g3105.pdf?ts=1787974804969,application/pdf,HEAD,2026-08-29T13:30:13+00:00
https://www.ti.com/lit/gpn/MSPM0G3106,200,valid,http_ok,https://www.ti.com/lit/ds/symlink/mspm0g3106.pdf?ts=1788009522557,application/pdf,HEAD,2026-08-29T13:30:13+00:00
https://www.ti.com/lit/gpn/MSPM0G3107,200,valid,http_ok,https://www.ti.com/lit/ds/symlink/mspm0g3107.pdf?ts=1788009524819,application/pdf,HEAD,2026-08-29T13:30:13+00:00
https://www.ti.com/lit/gpn/MSPM0G3505,200,valid,http_ok,https://www.ti.com/lit/ds/symlink/mspm0g3505.pdf?ts=1787953294900,application/pdf,HEAD,2026-08-29T13:30:14+00:00
https://www.ti.com/lit/gpn/MSPM0G3506,200,valid,http_ok,https://www.ti.com/lit/ds/symlink/mspm0g3506.pdf?ts=1787945408287,application/pdf,HEAD,2026-08-29T13:30:14+00:00
https://www.ti.com/lit/gpn/MSPM0G3507,200,valid,http_ok,https://www.ti.com/lit/ds/symlink/mspm0g3507.pdf?ts=1787993063209&ref_url=https%253A%252F%252Fwww.ti.com%252Fproduct%252Fde-de%252FMSPM0G3507%252Fpart-details%252FMSPM0G3507SPTR,application/pdf,HEAD,2026-08-29T13:30:14+00:00
https://www.ti.com/lit/gpn/MSPM0G3518,200,valid,http_ok,https://www.ti.com/lit/ds/symlink/mspm0g3518.pdf?ts=1788009531883,application/pdf,HEAD,2026-08-29T13:30:15+00:00
https://www.ti.com/lit/gpn/MSPM0G3519,200,valid,http_ok,https://www.ti.com/lit/ds/symlink/mspm0g3519.pdf?ts=1788009533386,application/pdf,HEAD,2026-08-29T13:30:15+00:00
https://www.ti.com/lit/gpn/MSPM0G5115,200,valid,http_ok,https://www.ti.com/lit/ds/symlink/mspm0g5115.pdf?ts=1787955089352,application/pdf,HEAD,2026-08-29T13:30:14+00:00
https://www.ti.com/lit/gpn/MSPM0G5116,200,valid,http_ok,https://www.ti.com/lit/ds/symlink/mspm0g5116.pdf?ts=1787995517720&ref_url=https%253A%252F%252Fwww.ti.com%252Fproduct%252FMSPM0G5116%253FkeyMatch%253DMSPM0G5116SRHBR%2526tisearch%253Duniversal_search%2526usecase%253DOPN,application/pdf,HEAD,2026-08-29T13:30:14+00:00
https://www.ti.com/lit/gpn/MSPM0G5117,200,valid,http_ok,https://www.ti.com/lit/ds/symlink/mspm0g5117.pdf?ts=1787947435080,application/pdf,HEAD,2026-08-29T13:30:14+00:00
https://www.ti.com/lit/gpn/MSPM0G5187,200,valid,http_ok,https://www.ti.com/lit/ds/symlink/mspm0g5187.pdf?ts=1787928164366&ref_url=https%253A%252F%252Fwww.ti.com%252Fproduct%252FMSPM0G5187,application/pdf,HEAD,2026-08-29T13:30:14+00:00
https://www.ti.com/lit/gpn/MSPM0H3215,200,valid,http_ok,https://www.ti.com/lit/ds/symlink/mspm0h3215.pdf?ts=1787995948692&ref_url=https%253A%252F%252Fwww.ti.com%252Fproduct-category%252Fmicrocontrollers-processors%252Fmcus%252Fgeneral-purpose%252Fproducts.html,application/pdf,HEAD,2026-08-29T13:30:16+00:00
https://www.ti.com/lit/gpn/MSPM0H3216,200,valid,http_ok,https://www.ti.com/lit/ds/symlink/mspm0h3216.pdf?ts=1788009534246,application/pdf,HEAD,2026-08-29T13:30:16+00:00
https://www.ti.com/lit/gpn/MSPM0L1105,200,valid,http_ok,https://www.ti.com/lit/ds/symlink/mspm0l1105.pdf?ts=1788009535695,application/pdf,HEAD,2026-08-29T13:30:16+00:00
https://www.ti.com/lit/gpn/MSPM0L1106,200,valid,http_ok,https://www.ti.com/lit/ds/symlink/mspm0l1106.pdf?ts=1787929441702,application/pdf,HEAD,2026-08-29T13:30:16+00:00
https://www.ti.com/lit/gpn/MSPM0L1116,200,valid,http_ok,https://www.ti.com/lit/ds/symlink/mspm0l1116.pdf?ts=1788009534392,application/pdf,HEAD,2026-08-29T13:30:16+00:00
https://www.ti.com/lit/gpn/MSPM0L1117,200,valid,http_ok,https://www.ti.com/lit/ds/symlink/mspm0l1117.pdf?ts=1788009534462,application/pdf,HEAD,2026-08-29T13:30:16+00:00
https://www.ti.com/lit/gpn/MSPM0L1227,200,valid,http_ok,https://www.ti.com/lit/ds/symlink/mspm0l1227.pdf?ts=1787925080468,application/pdf,HEAD,2026-08-29T13:30:18+00:00
https://www.ti.com/lit/gpn/MSPM0L1228,200,valid,http_ok,https://www.ti.com/lit/ds/symlink/mspm0l1228.pdf?ts=1788009541449,application/pdf,HEAD,2026-08-29T13:30:18+00:00
https://www.ti.com/lit/gpn/MSPM0L1303,200,valid,http_ok,https://www.ti.com/lit/ds/symlink/mspm0l1303.pdf?ts=1788009537729,application/pdf,HEAD,2026-08-29T13:30:17+00:00
https://www.ti.com/lit/gpn/MSPM0L1304,200,valid,http_ok,https://www.ti.com/lit/ds/symlink/mspm0l1304.pdf?ts=1788009537201,application/pdf,HEAD,2026-08-29T13:30:17+00:00
https://www.ti.com/lit/gpn/MSPM0L1305,200,valid,http_ok,https://www.ti.com/lit/ds/symlink/mspm0l1305.pdf?ts=1788009538964,application/pdf,HEAD,2026-08-29T13:30:17+00:00
https://www.ti.com/lit/gpn/MSPM0L1306,200,valid,http_ok,https://www.ti.com/lit/ds/symlink/mspm0l1306.pdf?ts=1787937031193&ref_url=https%253A%252F%252Fwww.ti.com%252Fproduct%252FMSPM0L1306,application/pdf,HEAD,2026-08-29T13:30:17+00:00
https://www.ti.com/lit/gpn/MSPM0L1343,200,valid,http_ok,https://www.ti.com/lit/ds/symlink/mspm0l1343.pdf?ts=1788009538629,application/pdf,HEAD,2026-08-29T13:30:17+00:00
https://www.ti.com/lit/gpn/MSPM0L1344,200,valid,http_ok,https://www.ti.com/lit/ds/symlink/mspm0l1344.pdf?ts=1788009539761,application/pdf,HEAD,2026-08-29T13:30:18+00:00
https://www.ti.com/lit/gpn/MSPM0L1345,200,valid,http_ok,https://www.ti.com/lit/ds/symlink/mspm0l1345.pdf?ts=1788009540784,application/pdf,HEAD,2026-08-29T13:30:18+00:00
https://www.ti.com/lit/gpn/MSPM0L1346,200,valid,http_ok,https://www.ti.com/lit/ds/symlink/mspm0l1346.pdf?ts=1788009540810,application/pdf,HEAD,2026-08-29T13:30:18+00:00
https://www.ti.com/lit/gpn/MSPM0L2227,200,valid,http_ok,https://www.ti.com/lit/ds/symlink/mspm0l2227.pdf?ts=1788009542033,application/pdf,HEAD,2026-08-29T13:30:18+00:00
https://www.ti.com/lit/gpn/MSPM0L2228,200,valid,http_ok,https://www.ti.com/lit/ds/symlink/mspm0l2228.pdf?ts=1787930786243&ref_url=https%253A%252F%252Fwww.ti.com%252Fproduct%252FMSPM0L2228,application/pdf,HEAD,2026-08-29T13:30:18+00:00
https://www.ti.com/lit/gpn/MSPM33C321A,200,valid,http_ok,https://www.ti.com/lit/ds/symlink/mspm33c321a.pdf?ts=1788009543510,application/pdf,HEAD,2026-08-29T13:30:18+00:00
https://www.ti.com/product/AM13E23019,200,valid,http_ok,https://www.ti.com/product/AM13E23019,text/html;charset=UTF-8,HEAD,2026-08-29T13:30:01+00:00
https://www.ti.com/product/MSP432E401Y,200,valid,http_ok,https://www.ti.com/product/MSP432E401Y,text/html;charset=UTF-8,HEAD,2026-08-29T13:30:01+00:00
https://www.ti.com/product/MSP432E411Y,200,valid,http_ok,https://www.ti.com/product/MSP432E411Y,text/html;charset=UTF-8,HEAD,2026-08-29T13:30:01+00:00
https://www.ti.com/product/MSPM0C1103,200,valid,http_ok,https://www.ti.com/product/MSPM0C1103,text/html;charset=UTF-8,HEAD,2026-08-29T13:30:06+00:00
https://www.ti.com/product/MSPM0C1104,200,valid,http_ok,https://www.ti.com/product/MSPM0C1104,text/html;charset=UTF-8,HEAD,2026-08-29T13:30:08+00:00
https://www.ti.com/product/MSPM0C1105,200,valid,http_ok,https://www.ti.com/product/MSPM0C1105,text/html;charset=UTF-8,HEAD,2026-08-29T13:30:09+00:00
https://www.ti.com/product/MSPM0C1106,200,valid,http_ok,https://www.ti.com/product/MSPM0C1106,text/html;charset=UTF-8,HEAD,2026-08-29T13:30:11+00:00
https://www.ti.com/product/MSPM0G1105,200,valid,http_ok,https://www.ti.com/product/MSPM0G1105,text/html;charset=UTF-8,HEAD,2026-08-29T13:30:12+00:00
https://www.ti.com/product/MSPM0G1106,200,valid,http_ok,https://www.ti.com/product/MSPM0G1106,text/html;charset=UTF-8,HEAD,2026-08-29T13:30:12+00:00
https://www.ti.com/product/MSPM0G1107,200,valid,http_ok,https://www.ti.com/product/MSPM0G1107,text/html;charset=UTF-8,HEAD,2026-08-29T13:30:12+00:00
https://www.ti.com/product/MSPM0G1218,200,valid,http_ok,https://www.ti.com/product/MSPM0G1218,text/html;charset=UTF-8,HEAD,2026-08-29T13:30:15+00:00
https://www.ti.com/product/MSPM0G1505,200,valid,http_ok,https://www.ti.com/product/MSPM0G1505,text/html;charset=UTF-8,HEAD,2026-08-29T13:30:12+00:00
https://www.ti.com/product/MSPM0G1506,200,valid,http_ok,https://www.ti.com/product/MSPM0G1506,text/html;charset=UTF-8,HEAD,2026-08-29T13:30:12+00:00
https://www.ti.com/product/MSPM0G1507,200,valid,http_ok,https://www.ti.com/product/MSPM0G1507,text/html;charset=UTF-8,HEAD,2026-08-29T13:30:13+00:00
https://www.ti.com/product/MSPM0G1518,200,valid,http_ok,https://www.ti.com/product/MSPM0G1518,text/html;charset=UTF-8,HEAD,2026-08-29T13:30:15+00:00
https://www.ti.com/product/MSPM0G1519,200,valid,http_ok,https://www.ti.com/product/MSPM0G1519,text/html;charset=UTF-8,HEAD,2026-08-29T13:30:15+00:00
https://www.ti.com/product/MSPM0G3105,200,valid,http_ok,https://www.ti.com/product/MSPM0G3105,text/html;charset=UTF-8,HEAD,2026-08-29T13:30:13+00:00
https://www.ti.com/product/MSPM0G3106,200,valid,http_ok,https://www.ti.com/product/MSPM0G3106,text/html;charset=UTF-8,HEAD,2026-08-29T13:30:13+00:00
https://www.ti.com/product/MSPM0G3107,200,valid,http_ok,https://www.ti.com/product/MSPM0G3107,text/html;charset=UTF-8,HEAD,2026-08-29T13:30:13+00:00
https://www.ti.com/product/MSPM0G3505,200,valid,http_ok,https://www.ti.com/product/MSPM0G3505,text/html;charset=UTF-8,HEAD,2026-08-29T13:30:13+00:00
https://www.ti.com/product/MSPM0G3506,200,valid,http_ok,https://www.ti.com/product/MSPM0G3506,text/html;charset=UTF-8,HEAD,2026-08-29T13:30:14+00:00
https://www.ti.com/product/MSPM0G3507,200,valid,http_ok,https://www.ti.com/product/MSPM0G3507,text/html;charset=UTF-8,HEAD,2026-08-29T13:30:14+00:00
https://www.ti.com/product/MSPM0G3518,200,valid,http_ok,https://www.ti.com/product/MSPM0G3518,text/html;charset=UTF-8,HEAD,2026-08-29T13:30:15+00:00
https://www.ti.com/product/MSPM0G3519,200,valid,http_ok,https://www.ti.com/product/MSPM0G3519,text/html;charset=UTF-8,HEAD,2026-08-29T13:30:15+00:00
https://www.ti.com/product/MSPM0G5115,200,valid,http_ok,https://www.ti.com/product/MSPM0G5115,text/html;charset=UTF-8,HEAD,2026-08-29T13:30:14+00:00
https://www.ti.com/product/MSPM0G5116,200,valid,http_ok,https://www.ti.com/product/MSPM0G5116,text/html;charset=UTF-8,HEAD,2026-08-29T13:30:14+00:00
https://www.ti.com/product/MSPM0G5117,200,valid,http_ok,https://www.ti.com/product/MSPM0G5117,text/html;charset=UTF-8,HEAD,2026-08-29T13:30:14+00:00
https://www.ti.com/product/MSPM0G5187,200,valid,http_ok,https://www.ti.com/product/MSPM0G5187,text/html;charset=UTF-8,HEAD,2026-08-29T13:30:14+00:00
https://www.ti.com/product/MSPM0H3215,200,valid,http_ok,https://www.ti.com/product/MSPM0H3215,text/html;charset=UTF-8,HEAD,2026-08-29T13:30:16+00:00
https://www.ti.com/product/MSPM0H3216,200,valid,http_ok,https://www.ti.com/product/MSPM0H3216,text/html;charset=UTF-8,HEAD,2026-08-29T13:30:16+00:00
https://www.ti.com/product/MSPM0L1105,200,valid,http_ok,https://www.ti.com/product/MSPM0L1105,text/html;charset=UTF-8,HEAD,2026-08-29T13:30:16+00:00
https://www.ti.com/product/MSPM0L1106,200,valid,http_ok,https://www.ti.com/product/MSPM0L1106,text/html;charset=UTF-8,HEAD,2026-08-29T13:30:16+00:00
https://www.ti.com/product/MSPM0L1116,200,valid,http_ok,https://www.ti.com/product/MSPM0L1116,text/html;charset=UTF-8,HEAD,2026-08-29T13:30:16+00:00
https://www.ti.com/product/MSPM0L1117,200,valid,http_ok,https://www.ti.com/product/MSPM0L1117,text/html;charset=UTF-8,HEAD,2026-08-29T13:30:16+00:00
https://www.ti.com/product/MSPM0L1227,200,valid,http_ok,https://www.ti.com/product/MSPM0L1227,text/html;charset=UTF-8,HEAD,2026-08-29T13:30:18+00:00
https://www.ti.com/product/MSPM0L1228,200,valid,http_ok,https://www.ti.com/product/MSPM0L1228,text/html;charset=UTF-8,HEAD,2026-08-29T13:30:18+00:00
https://www.ti.com/product/MSPM0L1303,200,valid,http_ok,https://www.ti.com/product/MSPM0L1303,text/html;charset=UTF-8,HEAD,2026-08-29T13:30:17+00:00
https://www.ti.com/product/MSPM0L1304,200,valid,http_ok,https://www.ti.com/product/MSPM0L1304,text/html;charset=UTF-8,HEAD,2026-08-29T13:30:17+00:00
https://www.ti.com/product/MSPM0L1305,200,valid,http_ok,https://www.ti.com/product/MSPM0L1305,text/html;charset=UTF-8,HEAD,2026-08-29T13:30:17+00:00
https://www.ti.com/product/MSPM0L1306,200,valid,http_ok,https://www.ti.com/product/MSPM0L1306,text/html;charset=UTF-8,HEAD,2026-08-29T13:30:17+00:00
https://www.ti.com/product/MSPM0L1343,200,valid,http_ok,https://www.ti.com/product/MSPM0L1343,text/html;charset=UTF-8,HEAD,2026-08-29T13:30:17+00:00
https://www.ti.com/product/MSPM0L1344,200,valid,http_ok,https://www.ti.com/product/MSPM0L1344,text/html;charset=UTF-8,HEAD,2026-08-29T13:30:17+00:00
https://www.ti.com/product/MSPM0L1345,200,valid,http_ok,https://www.ti.com/product/MSPM0L1345,text/html;charset=UTF-8,HEAD,2026-08-29T13:30:18+00:00
https://www.ti.com/product/MSPM0L1346,200,valid,http_ok,https://www.ti.com/product/MSPM0L1346,text/html;charset=UTF-8,HEAD,2026-08-29T13:30:18+00:00
https://www.ti.com/product/MSPM0L2227,200,valid,http_ok,https://www.ti.com/product/MSPM0L2227,text/html;charset=UTF-8,HEAD,2026-08-29T13:30:18+00:00
https://www.ti.com/product/MSPM0L2228,200,valid,http_ok,https://www.ti.com/product/MSPM0L2228,text/html;charset=UTF-8,HEAD,2026-08-29T13:30:18+00:00
https://www.ti.com/product/MSPM33C321A,200,valid,http_ok,https://www.ti.com/product/MSPM33C321A,text/html;charset=UTF-8,HEAD,2026-08-29T13:30:18+00:00
https://www.wch.cn/products/CH32F103.html,200,valid,http_ok,https://www.wch.cn/products/CH32F103.html,text/html,HEAD,2026-08-29T13:28:47+00:00
https://www.wch.cn/products/CH32F207.html,200,valid,http_ok,https://www.wch.cn/products/CH32F207.html,text/html,HEAD,2026-08-29T13:28:47+00:00
https://www.wch.cn/products/CH32H415.html,200,valid,http_ok,https://www.wch.cn/products/CH32H415.html,text/html,HEAD,2026-08-29T13:28:47+00:00
https://www.wch.cn/products/CH32H416.html,200,valid,http_ok,https://www.wch.cn/products/CH32H416.html,text/html,HEAD,2026-08-29T13:28:47+00:00
https://www.wch.cn/products/CH32H417.html,200,valid,http_ok,https://www.wch.cn/products/CH32H417.html,text/html,HEAD,2026-08-29T13:28:47+00:00
https://www.wch.cn/products/CH32L103.html,200,valid,http_ok,https://www.wch.cn/products/CH32L103.html,text/html,HEAD,2026-08-29T13:28:47+00:00
https://www.wch.cn/products/CH32V003.html,200,valid,http_ok,https://www.wch.cn/products/CH32V003.html,text/html,HEAD,2026-08-29T13:28:47+00:00
https://www.wch.cn/products/CH32V103.html,200,valid,http_ok,https://www.wch.cn/products/CH32V103.html,text/html,HEAD,2026-08-29T13:28:47+00:00
https://www.wch.cn/products/CH32V203.html,200,valid,http_ok,https://www.wch.cn/products/CH32V203.html,text/html,HEAD,2026-08-29T13:28:47+00:00
https://www.wch.cn/products/CH32V208.html,200,valid,http_ok,https://www.wch.cn/products/CH32V208.html,text/html,HEAD,2026-08-29T13:28:47+00:00
https://www.wch.cn/products/CH32V303.html,200,valid,http_ok,https://www.wch.cn/products/CH32V303.html,text/html,HEAD,2026-08-29T13:28:47+00:00
https://www.wch.cn/products/CH32V307.html,200,valid,http_ok,https://www.wch.cn/products/CH32V307.html,text/html,HEAD,2026-08-29T13:28:48+00:00
https://www.wch.cn/products/CH32V317.html,200,valid,http_ok,https://www.wch.cn/products/CH32V317.html,text/html,HEAD,2026-08-29T13:28:51+00:00
https://www.wch.cn/products/CH32X035.html,200,valid,http_ok,https://www.wch.cn/products/CH32X035.html,text/html,HEAD,2026-08-29T13:28:51+00:00
https://www.wch.cn/products/CH561.html,200,valid,http_ok,https://www.wch.cn/products/CH561.html,text/html,HEAD,2026-08-29T13:28:42+00:00
https://www.wch.cn/products/CH563.html,200,valid,http_ok,https://www.wch.cn/products/CH563.html,text/html,HEAD,2026-08-29T13:28:42+00:00
https://www.wch.cn/products/CH564.html,200,valid,http_ok,https://www.wch.cn/products/CH564.html,text/html,HEAD,2026-08-29T13:28:43+00:00
https://www.wch.cn/products/CH567.html,200,valid,http_ok,https://www.wch.cn/products/CH567.html,text/html,HEAD,2026-08-29T13:28:43+00:00
https://www.wch.cn/products/CH568.html,200,valid,http_ok,https://www.wch.cn/products/CH568.html,text/html,HEAD,2026-08-29T13:28:43+00:00
https://www.wch.cn/products/CH569.html,200,valid,http_ok,https://www.wch.cn/products/CH569.html,text/html,HEAD,2026-08-29T13:28:43+00:00
https://www.wch.cn/products/CH573.html,200,valid,http_ok,https://www.wch.cn/products/CH573.html,text/html,HEAD,2026-08-29T13:28:43+00:00
https://www.wch.cn/products/CH583.html,200,valid,http_ok,https://www.wch.cn/products/CH583.html,text/html,HEAD,2026-08-29T13:28:43+00:00
https://www.wch.cn/products/CH592.html,200,valid,http_ok,https://www.wch.cn/products/CH592.html,text/html,HEAD,2026-08-29T13:28:44+00:00
https://www.wch.cn/products/CH641.html,200,valid,http_ok,https://www.wch.cn/products/CH641.html,text/html,HEAD,2026-08-29T13:28:44+00:00
https://www.wch.cn/products/CH643.html,200,valid,http_ok,https://www.wch.cn/products/CH643.html,text/html,HEAD,2026-08-29T13:28:44+00:00
https://www.wch.cn/products/CH645.html,200,valid,http_ok,https://www.wch.cn/products/CH645.html,text/html,HEAD,2026-08-29T13:28:44+00:00
https://xr806.docs.aw-ol.com/,200,valid,http_ok,https://docs.aw-ol.com/xr806/,text/html,HEAD,2026-08-29T13:21:12+00:00
