record_type,record_id,field_name,source_id,source_url,source_path,source_value_json,observed_at,verification_status
device,mindmotion::mm32f0010a1n,features_json,cmsis:MindMotion.MM32F0010_DFP@1.0.6,http://www.mindmotion.com.cn/Download/MDK_KEIL/MindMotion.MM32F0010_DFP.pdsc,C:\Users\confl\Desktop\alice blue\mcu-l-catalog\cache\pdsc\MindMotion.MM32F0010_DFP.pdsc,"{""caveats"": [], ""description"": ""Subfamily: MM32F0010A Frequency: 48MHz Memory: 16 kB Flash, 2 kB RAM Communication: 2 x UART, 1 x SPI, 1 x I2C Analog : ADC power saving mode:stop, sleep, and standby mode"", ""parsed_features"": [{""count"": ""2"", ""name"": ""Official subfamily description: UART"", ""source_kind"": ""mindmotion_pdsc_description"", ""type"": ""UART""}, {""count"": ""1"", ""name"": ""Official subfamily description: SPI"", ""source_kind"": ""mindmotion_pdsc_description"", ""type"": ""SPI""}, {""count"": ""1"", ""name"": ""Official subfamily description: I2C"", ""source_kind"": ""mindmotion_pdsc_description"", ""type"": ""I2C""}, {""name"": ""Official subfamily description lists ADC; quantity not stated"", ""source_kind"": ""mindmotion_pdsc_description"", ""type"": ""ADC""}], ""subfamily"": ""MM32F0010A""}",2026-08-12T09:13:48+00:00,manufacturer_pdsc_subfamily_description
device,mindmotion::mm32f0010a1t,features_json,cmsis:MindMotion.MM32F0010_DFP@1.0.6,http://www.mindmotion.com.cn/Download/MDK_KEIL/MindMotion.MM32F0010_DFP.pdsc,C:\Users\confl\Desktop\alice blue\mcu-l-catalog\cache\pdsc\MindMotion.MM32F0010_DFP.pdsc,"{""caveats"": [], ""description"": ""Subfamily: MM32F0010A Frequency: 48MHz Memory: 16 kB Flash, 2 kB RAM Communication: 2 x UART, 1 x SPI, 1 x I2C Analog : ADC power saving mode:stop, sleep, and standby mode"", ""parsed_features"": [{""count"": ""2"", ""name"": ""Official subfamily description: UART"", ""source_kind"": ""mindmotion_pdsc_description"", ""type"": ""UART""}, {""count"": ""1"", ""name"": ""Official subfamily description: SPI"", ""source_kind"": ""mindmotion_pdsc_description"", ""type"": ""SPI""}, {""count"": ""1"", ""name"": ""Official subfamily description: I2C"", ""source_kind"": ""mindmotion_pdsc_description"", ""type"": ""I2C""}, {""name"": ""Official subfamily description lists ADC; quantity not stated"", ""source_kind"": ""mindmotion_pdsc_description"", ""type"": ""ADC""}], ""subfamily"": ""MM32F0010A""}",2026-08-12T09:13:48+00:00,manufacturer_pdsc_subfamily_description
device,mindmotion::mm32f003nw,features_json,cmsis:MindMotion.MM32F003_DFP@1.0.5,http://www.mindmotion.com.cn/Download/MDK_KEIL/MindMotion.MM32F003_DFP.pdsc,C:\Users\confl\Desktop\alice blue\mcu-l-catalog\cache\pdsc\MindMotion.MM32F003_DFP.pdsc,"{""caveats"": [], ""description"": ""Subfamily: MM32F003 Frequency: 48MHz Memory: 16 kB Flash, 2 kB RAM Communication: 1 x UART, 1 x SPI, 1 x I2C Analog : ADC power saving mode:stop, sleep, and standby mode"", ""parsed_features"": [{""count"": ""1"", ""name"": ""Official subfamily description: UART"", ""source_kind"": ""mindmotion_pdsc_description"", ""type"": ""UART""}, {""count"": ""1"", ""name"": ""Official subfamily description: SPI"", ""source_kind"": ""mindmotion_pdsc_description"", ""type"": ""SPI""}, {""count"": ""1"", ""name"": ""Official subfamily description: I2C"", ""source_kind"": ""mindmotion_pdsc_description"", ""type"": ""I2C""}, {""name"": ""Official subfamily description lists ADC; quantity not stated"", ""source_kind"": ""mindmotion_pdsc_description"", ""type"": ""ADC""}], ""subfamily"": ""MM32F003""}",2026-08-12T09:13:48+00:00,manufacturer_pdsc_subfamily_description
device,mindmotion::mm32f003tw,features_json,cmsis:MindMotion.MM32F003_DFP@1.0.5,http://www.mindmotion.com.cn/Download/MDK_KEIL/MindMotion.MM32F003_DFP.pdsc,C:\Users\confl\Desktop\alice blue\mcu-l-catalog\cache\pdsc\MindMotion.MM32F003_DFP.pdsc,"{""caveats"": [], ""description"": ""Subfamily: MM32F003 Frequency: 48MHz Memory: 16 kB Flash, 2 kB RAM Communication: 1 x UART, 1 x SPI, 1 x I2C Analog : ADC power saving mode:stop, sleep, and standby mode"", ""parsed_features"": [{""count"": ""1"", ""name"": ""Official subfamily description: UART"", ""source_kind"": ""mindmotion_pdsc_description"", ""type"": ""UART""}, {""count"": ""1"", ""name"": ""Official subfamily description: SPI"", ""source_kind"": ""mindmotion_pdsc_description"", ""type"": ""SPI""}, {""count"": ""1"", ""name"": ""Official subfamily description: I2C"", ""source_kind"": ""mindmotion_pdsc_description"", ""type"": ""I2C""}, {""name"": ""Official subfamily description lists ADC; quantity not stated"", ""source_kind"": ""mindmotion_pdsc_description"", ""type"": ""ADC""}], ""subfamily"": ""MM32F003""}",2026-08-12T09:13:48+00:00,manufacturer_pdsc_subfamily_description
device,mindmotion::mm32f0131c4n,features_json,cmsis:MindMotion.MM32F0130_DFP@1.0.3,http://www.mindmotion.com.cn/Download/MDK_KEIL/MindMotion.MM32F0130_DFP.pdsc,C:\Users\confl\Desktop\alice blue\mcu-l-catalog\cache\pdsc\MindMotion.MM32F0130_DFP.pdsc,"{""caveats"": [], ""description"": ""Subfamily: MM32F0131C Frequency: 72MHz Memory: 64 kB Flash, 16 kB RAM Communication: 2 x UART,up to 2 x SPI, 1 x I2C Analog : ADC, COMP power saving mode:stop, sleep, and standby mode Other: HWDIV,RTC"", ""parsed_features"": [{""count"": ""2"", ""name"": ""Official subfamily description: UART"", ""source_kind"": ""mindmotion_pdsc_description"", ""type"": ""UART""}, {""count"": ""2"", ""name"": ""Official subfamily description: SPI"", ""source_kind"": ""mindmotion_pdsc_description"", ""type"": ""SPI""}, {""count"": ""1"", ""name"": ""Official subfamily description: I2C"", ""source_kind"": ""mindmotion_pdsc_description"", ""type"": ""I2C""}, {""name"": ""Official subfamily description lists ADC; quantity not stated"", ""source_kind"": ""mindmotion_pdsc_description"", ""type"": ""ADC""}, {""name"": ""Official subfamily description lists COMP; quantity not stated"", ""source_kind"": ""mindmotion_pdsc_description"", ""type"": ""COMP""}, {""count"": ""1"", ""name"": ""Official subfamily description: RTC"", ""source_kind"": ""mindmotion_pdsc_description"", ""type"": ""RTC""}, {""count"": ""1"", ""name"": ""Hardware divider"", ""source_kind"": ""mindmotion_pdsc_description"", ""type"": ""CoreOther""}], ""subfamily"": ""MM32F0131C""}",2026-08-12T09:13:48+00:00,manufacturer_pdsc_subfamily_description
device,mindmotion::mm32f0131c4p,features_json,cmsis:MindMotion.MM32F0130_DFP@1.0.3,http://www.mindmotion.com.cn/Download/MDK_KEIL/MindMotion.MM32F0130_DFP.pdsc,C:\Users\confl\Desktop\alice blue\mcu-l-catalog\cache\pdsc\MindMotion.MM32F0130_DFP.pdsc,"{""caveats"": [], ""description"": ""Subfamily: MM32F0131C Frequency: 72MHz Memory: 64 kB Flash, 16 kB RAM Communication: 2 x UART,up to 2 x SPI, 1 x I2C Analog : ADC, COMP power saving mode:stop, sleep, and standby mode Other: HWDIV,RTC"", ""parsed_features"": [{""count"": ""2"", ""name"": ""Official subfamily description: UART"", ""source_kind"": ""mindmotion_pdsc_description"", ""type"": ""UART""}, {""count"": ""2"", ""name"": ""Official subfamily description: SPI"", ""source_kind"": ""mindmotion_pdsc_description"", ""type"": ""SPI""}, {""count"": ""1"", ""name"": ""Official subfamily description: I2C"", ""source_kind"": ""mindmotion_pdsc_description"", ""type"": ""I2C""}, {""name"": ""Official subfamily description lists ADC; quantity not stated"", ""source_kind"": ""mindmotion_pdsc_description"", ""type"": ""ADC""}, {""name"": ""Official subfamily description lists COMP; quantity not stated"", ""source_kind"": ""mindmotion_pdsc_description"", ""type"": ""COMP""}, {""count"": ""1"", ""name"": ""Official subfamily description: RTC"", ""source_kind"": ""mindmotion_pdsc_description"", ""type"": ""RTC""}, {""count"": ""1"", ""name"": ""Hardware divider"", ""source_kind"": ""mindmotion_pdsc_description"", ""type"": ""CoreOther""}], ""subfamily"": ""MM32F0131C""}",2026-08-12T09:13:48+00:00,manufacturer_pdsc_subfamily_description
device,mindmotion::mm32f0131c6p,features_json,cmsis:MindMotion.MM32F0130_DFP@1.0.3,http://www.mindmotion.com.cn/Download/MDK_KEIL/MindMotion.MM32F0130_DFP.pdsc,C:\Users\confl\Desktop\alice blue\mcu-l-catalog\cache\pdsc\MindMotion.MM32F0130_DFP.pdsc,"{""caveats"": [], ""description"": ""Subfamily: MM32F0131C Frequency: 72MHz Memory: 64 kB Flash, 16 kB RAM Communication: 2 x UART,up to 2 x SPI, 1 x I2C Analog : ADC, COMP power saving mode:stop, sleep, and standby mode Other: HWDIV,RTC"", ""parsed_features"": [{""count"": ""2"", ""name"": ""Official subfamily description: UART"", ""source_kind"": ""mindmotion_pdsc_description"", ""type"": ""UART""}, {""count"": ""2"", ""name"": ""Official subfamily description: SPI"", ""source_kind"": ""mindmotion_pdsc_description"", ""type"": ""SPI""}, {""count"": ""1"", ""name"": ""Official subfamily description: I2C"", ""source_kind"": ""mindmotion_pdsc_description"", ""type"": ""I2C""}, {""name"": ""Official subfamily description lists ADC; quantity not stated"", ""source_kind"": ""mindmotion_pdsc_description"", ""type"": ""ADC""}, {""name"": ""Official subfamily description lists COMP; quantity not stated"", ""source_kind"": ""mindmotion_pdsc_description"", ""type"": ""COMP""}, {""count"": ""1"", ""name"": ""Official subfamily description: RTC"", ""source_kind"": ""mindmotion_pdsc_description"", ""type"": ""RTC""}, {""count"": ""1"", ""name"": ""Hardware divider"", ""source_kind"": ""mindmotion_pdsc_description"", ""type"": ""CoreOther""}], ""subfamily"": ""MM32F0131C""}",2026-08-12T09:13:48+00:00,manufacturer_pdsc_subfamily_description
device,mindmotion::mm32f0131c7p,features_json,cmsis:MindMotion.MM32F0130_DFP@1.0.3,http://www.mindmotion.com.cn/Download/MDK_KEIL/MindMotion.MM32F0130_DFP.pdsc,C:\Users\confl\Desktop\alice blue\mcu-l-catalog\cache\pdsc\MindMotion.MM32F0130_DFP.pdsc,"{""caveats"": [], ""description"": ""Subfamily: MM32F0131C Frequency: 72MHz Memory: 64 kB Flash, 16 kB RAM Communication: 2 x UART,up to 2 x SPI, 1 x I2C Analog : ADC, COMP power saving mode:stop, sleep, and standby mode Other: HWDIV,RTC"", ""parsed_features"": [{""count"": ""2"", ""name"": ""Official subfamily description: UART"", ""source_kind"": ""mindmotion_pdsc_description"", ""type"": ""UART""}, {""count"": ""2"", ""name"": ""Official subfamily description: SPI"", ""source_kind"": ""mindmotion_pdsc_description"", ""type"": ""SPI""}, {""count"": ""1"", ""name"": ""Official subfamily description: I2C"", ""source_kind"": ""mindmotion_pdsc_description"", ""type"": ""I2C""}, {""name"": ""Official subfamily description lists ADC; quantity not stated"", ""source_kind"": ""mindmotion_pdsc_description"", ""type"": ""ADC""}, {""name"": ""Official subfamily description lists COMP; quantity not stated"", ""source_kind"": ""mindmotion_pdsc_description"", ""type"": ""COMP""}, {""count"": ""1"", ""name"": ""Official subfamily description: RTC"", ""source_kind"": ""mindmotion_pdsc_description"", ""type"": ""RTC""}, {""count"": ""1"", ""name"": ""Hardware divider"", ""source_kind"": ""mindmotion_pdsc_description"", ""type"": ""CoreOther""}], ""subfamily"": ""MM32F0131C""}",2026-08-12T09:13:48+00:00,manufacturer_pdsc_subfamily_description
device,mindmotion::mm32f0132b4n,features_json,cmsis:MindMotion.MM32F0130_DFP@1.0.3,http://www.mindmotion.com.cn/Download/MDK_KEIL/MindMotion.MM32F0130_DFP.pdsc,C:\Users\confl\Desktop\alice blue\mcu-l-catalog\cache\pdsc\MindMotion.MM32F0130_DFP.pdsc,"{""caveats"": [], ""description"": ""Subfamily: MM32F0132B Frequency: 72MHz Memory: up to 32 kB Flash, up to 8 kB RAM Communication: 2 x UART, up to 2 x SPI, 1 x I2C, USB Analog : ADC, COMP power saving mode:stop, sleep, and standby mode Other: HWDIV,RTC"", ""parsed_features"": [{""count"": ""2"", ""name"": ""Official subfamily description: UART"", ""source_kind"": ""mindmotion_pdsc_description"", ""type"": ""UART""}, {""count"": ""2"", ""name"": ""Official subfamily description: SPI"", ""source_kind"": ""mindmotion_pdsc_description"", ""type"": ""SPI""}, {""count"": ""1"", ""name"": ""Official subfamily description: I2C"", ""source_kind"": ""mindmotion_pdsc_description"", ""type"": ""I2C""}, {""count"": ""1"", ""name"": ""Official subfamily description: USB"", ""source_kind"": ""mindmotion_pdsc_description"", ""type"": ""USBD""}, {""name"": ""Official subfamily description lists ADC; quantity not stated"", ""source_kind"": ""mindmotion_pdsc_description"", ""type"": ""ADC""}, {""name"": ""Official subfamily description lists COMP; quantity not stated"", ""source_kind"": ""mindmotion_pdsc_description"", ""type"": ""COMP""}, {""count"": ""1"", ""name"": ""Official subfamily description: RTC"", ""source_kind"": ""mindmotion_pdsc_description"", ""type"": ""RTC""}, {""count"": ""1"", ""name"": ""Hardware divider"", ""source_kind"": ""mindmotion_pdsc_description"", ""type"": ""CoreOther""}], ""subfamily"": ""MM32F0132B""}",2026-08-12T09:13:48+00:00,manufacturer_pdsc_subfamily_description
device,mindmotion::mm32f0132b4p,features_json,cmsis:MindMotion.MM32F0130_DFP@1.0.3,http://www.mindmotion.com.cn/Download/MDK_KEIL/MindMotion.MM32F0130_DFP.pdsc,C:\Users\confl\Desktop\alice blue\mcu-l-catalog\cache\pdsc\MindMotion.MM32F0130_DFP.pdsc,"{""caveats"": [], ""description"": ""Subfamily: MM32F0132B Frequency: 72MHz Memory: up to 32 kB Flash, up to 8 kB RAM Communication: 2 x UART, up to 2 x SPI, 1 x I2C, USB Analog : ADC, COMP power saving mode:stop, sleep, and standby mode Other: HWDIV,RTC"", ""parsed_features"": [{""count"": ""2"", ""name"": ""Official subfamily description: UART"", ""source_kind"": ""mindmotion_pdsc_description"", ""type"": ""UART""}, {""count"": ""2"", ""name"": ""Official subfamily description: SPI"", ""source_kind"": ""mindmotion_pdsc_description"", ""type"": ""SPI""}, {""count"": ""1"", ""name"": ""Official subfamily description: I2C"", ""source_kind"": ""mindmotion_pdsc_description"", ""type"": ""I2C""}, {""count"": ""1"", ""name"": ""Official subfamily description: USB"", ""source_kind"": ""mindmotion_pdsc_description"", ""type"": ""USBD""}, {""name"": ""Official subfamily description lists ADC; quantity not stated"", ""source_kind"": ""mindmotion_pdsc_description"", ""type"": ""ADC""}, {""name"": ""Official subfamily description lists COMP; quantity not stated"", ""source_kind"": ""mindmotion_pdsc_description"", ""type"": ""COMP""}, {""count"": ""1"", ""name"": ""Official subfamily description: RTC"", ""source_kind"": ""mindmotion_pdsc_description"", ""type"": ""RTC""}, {""count"": ""1"", ""name"": ""Hardware divider"", ""source_kind"": ""mindmotion_pdsc_description"", ""type"": ""CoreOther""}], ""subfamily"": ""MM32F0132B""}",2026-08-12T09:13:48+00:00,manufacturer_pdsc_subfamily_description
device,mindmotion::mm32f0132c4n,features_json,cmsis:MindMotion.MM32F0130_DFP@1.0.3,http://www.mindmotion.com.cn/Download/MDK_KEIL/MindMotion.MM32F0130_DFP.pdsc,C:\Users\confl\Desktop\alice blue\mcu-l-catalog\cache\pdsc\MindMotion.MM32F0130_DFP.pdsc,"{""caveats"": [], ""description"": ""Subfamily: MM32F0132C Frequency: 72MHz Memory: up to 64 kB Flash, up to 16 kB RAM Communication: 2 x UART, up to 2 x SPI, 1 x I2C, USB Analog : ADC, COMP power saving mode:stop, sleep, and standby mode Other: HWDIV,RTC"", ""parsed_features"": [{""count"": ""2"", ""name"": ""Official subfamily description: UART"", ""source_kind"": ""mindmotion_pdsc_description"", ""type"": ""UART""}, {""count"": ""2"", ""name"": ""Official subfamily description: SPI"", ""source_kind"": ""mindmotion_pdsc_description"", ""type"": ""SPI""}, {""count"": ""1"", ""name"": ""Official subfamily description: I2C"", ""source_kind"": ""mindmotion_pdsc_description"", ""type"": ""I2C""}, {""count"": ""1"", ""name"": ""Official subfamily description: USB"", ""source_kind"": ""mindmotion_pdsc_description"", ""type"": ""USBD""}, {""name"": ""Official subfamily description lists ADC; quantity not stated"", ""source_kind"": ""mindmotion_pdsc_description"", ""type"": ""ADC""}, {""name"": ""Official subfamily description lists COMP; quantity not stated"", ""source_kind"": ""mindmotion_pdsc_description"", ""type"": ""COMP""}, {""count"": ""1"", ""name"": ""Official subfamily description: RTC"", ""source_kind"": ""mindmotion_pdsc_description"", ""type"": ""RTC""}, {""count"": ""1"", ""name"": ""Hardware divider"", ""source_kind"": ""mindmotion_pdsc_description"", ""type"": ""CoreOther""}], ""subfamily"": ""MM32F0132C""}",2026-08-12T09:13:48+00:00,manufacturer_pdsc_subfamily_description
device,mindmotion::mm32f0132c4p,features_json,cmsis:MindMotion.MM32F0130_DFP@1.0.3,http://www.mindmotion.com.cn/Download/MDK_KEIL/MindMotion.MM32F0130_DFP.pdsc,C:\Users\confl\Desktop\alice blue\mcu-l-catalog\cache\pdsc\MindMotion.MM32F0130_DFP.pdsc,"{""caveats"": [], ""description"": ""Subfamily: MM32F0132C Frequency: 72MHz Memory: up to 64 kB Flash, up to 16 kB RAM Communication: 2 x UART, up to 2 x SPI, 1 x I2C, USB Analog : ADC, COMP power saving mode:stop, sleep, and standby mode Other: HWDIV,RTC"", ""parsed_features"": [{""count"": ""2"", ""name"": ""Official subfamily description: UART"", ""source_kind"": ""mindmotion_pdsc_description"", ""type"": ""UART""}, {""count"": ""2"", ""name"": ""Official subfamily description: SPI"", ""source_kind"": ""mindmotion_pdsc_description"", ""type"": ""SPI""}, {""count"": ""1"", ""name"": ""Official subfamily description: I2C"", ""source_kind"": ""mindmotion_pdsc_description"", ""type"": ""I2C""}, {""count"": ""1"", ""name"": ""Official subfamily description: USB"", ""source_kind"": ""mindmotion_pdsc_description"", ""type"": ""USBD""}, {""name"": ""Official subfamily description lists ADC; quantity not stated"", ""source_kind"": ""mindmotion_pdsc_description"", ""type"": ""ADC""}, {""name"": ""Official subfamily description lists COMP; quantity not stated"", ""source_kind"": ""mindmotion_pdsc_description"", ""type"": ""COMP""}, {""count"": ""1"", ""name"": ""Official subfamily description: RTC"", ""source_kind"": ""mindmotion_pdsc_description"", ""type"": ""RTC""}, {""count"": ""1"", ""name"": ""Hardware divider"", ""source_kind"": ""mindmotion_pdsc_description"", ""type"": ""CoreOther""}], ""subfamily"": ""MM32F0132C""}",2026-08-12T09:13:48+00:00,manufacturer_pdsc_subfamily_description
device,mindmotion::mm32f0132c6p,features_json,cmsis:MindMotion.MM32F0130_DFP@1.0.3,http://www.mindmotion.com.cn/Download/MDK_KEIL/MindMotion.MM32F0130_DFP.pdsc,C:\Users\confl\Desktop\alice blue\mcu-l-catalog\cache\pdsc\MindMotion.MM32F0130_DFP.pdsc,"{""caveats"": [], ""description"": ""Subfamily: MM32F0132C Frequency: 72MHz Memory: up to 64 kB Flash, up to 16 kB RAM Communication: 2 x UART, up to 2 x SPI, 1 x I2C, USB Analog : ADC, COMP power saving mode:stop, sleep, and standby mode Other: HWDIV,RTC"", ""parsed_features"": [{""count"": ""2"", ""name"": ""Official subfamily description: UART"", ""source_kind"": ""mindmotion_pdsc_description"", ""type"": ""UART""}, {""count"": ""2"", ""name"": ""Official subfamily description: SPI"", ""source_kind"": ""mindmotion_pdsc_description"", ""type"": ""SPI""}, {""count"": ""1"", ""name"": ""Official subfamily description: I2C"", ""source_kind"": ""mindmotion_pdsc_description"", ""type"": ""I2C""}, {""count"": ""1"", ""name"": ""Official subfamily description: USB"", ""source_kind"": ""mindmotion_pdsc_description"", ""type"": ""USBD""}, {""name"": ""Official subfamily description lists ADC; quantity not stated"", ""source_kind"": ""mindmotion_pdsc_description"", ""type"": ""ADC""}, {""name"": ""Official subfamily description lists COMP; quantity not stated"", ""source_kind"": ""mindmotion_pdsc_description"", ""type"": ""COMP""}, {""count"": ""1"", ""name"": ""Official subfamily description: RTC"", ""source_kind"": ""mindmotion_pdsc_description"", ""type"": ""RTC""}, {""count"": ""1"", ""name"": ""Hardware divider"", ""source_kind"": ""mindmotion_pdsc_description"", ""type"": ""CoreOther""}], ""subfamily"": ""MM32F0132C""}",2026-08-12T09:13:48+00:00,manufacturer_pdsc_subfamily_description
device,mindmotion::mm32f0132c7p,features_json,cmsis:MindMotion.MM32F0130_DFP@1.0.3,http://www.mindmotion.com.cn/Download/MDK_KEIL/MindMotion.MM32F0130_DFP.pdsc,C:\Users\confl\Desktop\alice blue\mcu-l-catalog\cache\pdsc\MindMotion.MM32F0130_DFP.pdsc,"{""caveats"": [], ""description"": ""Subfamily: MM32F0132C Frequency: 72MHz Memory: up to 64 kB Flash, up to 16 kB RAM Communication: 2 x UART, up to 2 x SPI, 1 x I2C, USB Analog : ADC, COMP power saving mode:stop, sleep, and standby mode Other: HWDIV,RTC"", ""parsed_features"": [{""count"": ""2"", ""name"": ""Official subfamily description: UART"", ""source_kind"": ""mindmotion_pdsc_description"", ""type"": ""UART""}, {""count"": ""2"", ""name"": ""Official subfamily description: SPI"", ""source_kind"": ""mindmotion_pdsc_description"", ""type"": ""SPI""}, {""count"": ""1"", ""name"": ""Official subfamily description: I2C"", ""source_kind"": ""mindmotion_pdsc_description"", ""type"": ""I2C""}, {""count"": ""1"", ""name"": ""Official subfamily description: USB"", ""source_kind"": ""mindmotion_pdsc_description"", ""type"": ""USBD""}, {""name"": ""Official subfamily description lists ADC; quantity not stated"", ""source_kind"": ""mindmotion_pdsc_description"", ""type"": ""ADC""}, {""name"": ""Official subfamily description lists COMP; quantity not stated"", ""source_kind"": ""mindmotion_pdsc_description"", ""type"": ""COMP""}, {""count"": ""1"", ""name"": ""Official subfamily description: RTC"", ""source_kind"": ""mindmotion_pdsc_description"", ""type"": ""RTC""}, {""count"": ""1"", ""name"": ""Hardware divider"", ""source_kind"": ""mindmotion_pdsc_description"", ""type"": ""CoreOther""}], ""subfamily"": ""MM32F0132C""}",2026-08-12T09:13:48+00:00,manufacturer_pdsc_subfamily_description
device,mindmotion::mm32f0133c4n,features_json,cmsis:MindMotion.MM32F0130_DFP@1.0.3,http://www.mindmotion.com.cn/Download/MDK_KEIL/MindMotion.MM32F0130_DFP.pdsc,C:\Users\confl\Desktop\alice blue\mcu-l-catalog\cache\pdsc\MindMotion.MM32F0130_DFP.pdsc,"{""caveats"": [], ""description"": ""Subfamily: MM32F0133C Frequency: 72MHz Memory: 64 kB Flash, 16 kB RAM Communication: 2 x UART, up to 2 x SPI, 1 x I2C, USB, CAN Analog : ADC, COMP power saving mode: stop,sleep, and standby mode Other: HWDIV,RTC"", ""parsed_features"": [{""count"": ""2"", ""name"": ""Official subfamily description: UART"", ""source_kind"": ""mindmotion_pdsc_description"", ""type"": ""UART""}, {""count"": ""2"", ""name"": ""Official subfamily description: SPI"", ""source_kind"": ""mindmotion_pdsc_description"", ""type"": ""SPI""}, {""count"": ""1"", ""name"": ""Official subfamily description: I2C"", ""source_kind"": ""mindmotion_pdsc_description"", ""type"": ""I2C""}, {""count"": ""1"", ""name"": ""Official subfamily description: CAN"", ""source_kind"": ""mindmotion_pdsc_description"", ""type"": ""CAN""}, {""count"": ""1"", ""name"": ""Official subfamily description: USB"", ""source_kind"": ""mindmotion_pdsc_description"", ""type"": ""USBD""}, {""name"": ""Official subfamily description lists ADC; quantity not stated"", ""source_kind"": ""mindmotion_pdsc_description"", ""type"": ""ADC""}, {""name"": ""Official subfamily description lists COMP; quantity not stated"", ""source_kind"": ""mindmotion_pdsc_description"", ""type"": ""COMP""}, {""count"": ""1"", ""name"": ""Official subfamily description: RTC"", ""source_kind"": ""mindmotion_pdsc_description"", ""type"": ""RTC""}, {""count"": ""1"", ""name"": ""Hardware divider"", ""source_kind"": ""mindmotion_pdsc_description"", ""type"": ""CoreOther""}], ""subfamily"": ""MM32F0133C""}",2026-08-12T09:13:48+00:00,manufacturer_pdsc_subfamily_description
device,mindmotion::mm32f0133c4p,features_json,cmsis:MindMotion.MM32F0130_DFP@1.0.3,http://www.mindmotion.com.cn/Download/MDK_KEIL/MindMotion.MM32F0130_DFP.pdsc,C:\Users\confl\Desktop\alice blue\mcu-l-catalog\cache\pdsc\MindMotion.MM32F0130_DFP.pdsc,"{""caveats"": [], ""description"": ""Subfamily: MM32F0133C Frequency: 72MHz Memory: 64 kB Flash, 16 kB RAM Communication: 2 x UART, up to 2 x SPI, 1 x I2C, USB, CAN Analog : ADC, COMP power saving mode: stop,sleep, and standby mode Other: HWDIV,RTC"", ""parsed_features"": [{""count"": ""2"", ""name"": ""Official subfamily description: UART"", ""source_kind"": ""mindmotion_pdsc_description"", ""type"": ""UART""}, {""count"": ""2"", ""name"": ""Official subfamily description: SPI"", ""source_kind"": ""mindmotion_pdsc_description"", ""type"": ""SPI""}, {""count"": ""1"", ""name"": ""Official subfamily description: I2C"", ""source_kind"": ""mindmotion_pdsc_description"", ""type"": ""I2C""}, {""count"": ""1"", ""name"": ""Official subfamily description: CAN"", ""source_kind"": ""mindmotion_pdsc_description"", ""type"": ""CAN""}, {""count"": ""1"", ""name"": ""Official subfamily description: USB"", ""source_kind"": ""mindmotion_pdsc_description"", ""type"": ""USBD""}, {""name"": ""Official subfamily description lists ADC; quantity not stated"", ""source_kind"": ""mindmotion_pdsc_description"", ""type"": ""ADC""}, {""name"": ""Official subfamily description lists COMP; quantity not stated"", ""source_kind"": ""mindmotion_pdsc_description"", ""type"": ""COMP""}, {""count"": ""1"", ""name"": ""Official subfamily description: RTC"", ""source_kind"": ""mindmotion_pdsc_description"", ""type"": ""RTC""}, {""count"": ""1"", ""name"": ""Hardware divider"", ""source_kind"": ""mindmotion_pdsc_description"", ""type"": ""CoreOther""}], ""subfamily"": ""MM32F0133C""}",2026-08-12T09:13:48+00:00,manufacturer_pdsc_subfamily_description
device,mindmotion::mm32f0133c6p,features_json,cmsis:MindMotion.MM32F0130_DFP@1.0.3,http://www.mindmotion.com.cn/Download/MDK_KEIL/MindMotion.MM32F0130_DFP.pdsc,C:\Users\confl\Desktop\alice blue\mcu-l-catalog\cache\pdsc\MindMotion.MM32F0130_DFP.pdsc,"{""caveats"": [], ""description"": ""Subfamily: MM32F0133C Frequency: 72MHz Memory: 64 kB Flash, 16 kB RAM Communication: 2 x UART, up to 2 x SPI, 1 x I2C, USB, CAN Analog : ADC, COMP power saving mode: stop,sleep, and standby mode Other: HWDIV,RTC"", ""parsed_features"": [{""count"": ""2"", ""name"": ""Official subfamily description: UART"", ""source_kind"": ""mindmotion_pdsc_description"", ""type"": ""UART""}, {""count"": ""2"", ""name"": ""Official subfamily description: SPI"", ""source_kind"": ""mindmotion_pdsc_description"", ""type"": ""SPI""}, {""count"": ""1"", ""name"": ""Official subfamily description: I2C"", ""source_kind"": ""mindmotion_pdsc_description"", ""type"": ""I2C""}, {""count"": ""1"", ""name"": ""Official subfamily description: CAN"", ""source_kind"": ""mindmotion_pdsc_description"", ""type"": ""CAN""}, {""count"": ""1"", ""name"": ""Official subfamily description: USB"", ""source_kind"": ""mindmotion_pdsc_description"", ""type"": ""USBD""}, {""name"": ""Official subfamily description lists ADC; quantity not stated"", ""source_kind"": ""mindmotion_pdsc_description"", ""type"": ""ADC""}, {""name"": ""Official subfamily description lists COMP; quantity not stated"", ""source_kind"": ""mindmotion_pdsc_description"", ""type"": ""COMP""}, {""count"": ""1"", ""name"": ""Official subfamily description: RTC"", ""source_kind"": ""mindmotion_pdsc_description"", ""type"": ""RTC""}, {""count"": ""1"", ""name"": ""Hardware divider"", ""source_kind"": ""mindmotion_pdsc_description"", ""type"": ""CoreOther""}], ""subfamily"": ""MM32F0133C""}",2026-08-12T09:13:48+00:00,manufacturer_pdsc_subfamily_description
device,mindmotion::mm32f0133c7p,features_json,cmsis:MindMotion.MM32F0130_DFP@1.0.3,http://www.mindmotion.com.cn/Download/MDK_KEIL/MindMotion.MM32F0130_DFP.pdsc,C:\Users\confl\Desktop\alice blue\mcu-l-catalog\cache\pdsc\MindMotion.MM32F0130_DFP.pdsc,"{""caveats"": [], ""description"": ""Subfamily: MM32F0133C Frequency: 72MHz Memory: 64 kB Flash, 16 kB RAM Communication: 2 x UART, up to 2 x SPI, 1 x I2C, USB, CAN Analog : ADC, COMP power saving mode: stop,sleep, and standby mode Other: HWDIV,RTC"", ""parsed_features"": [{""count"": ""2"", ""name"": ""Official subfamily description: UART"", ""source_kind"": ""mindmotion_pdsc_description"", ""type"": ""UART""}, {""count"": ""2"", ""name"": ""Official subfamily description: SPI"", ""source_kind"": ""mindmotion_pdsc_description"", ""type"": ""SPI""}, {""count"": ""1"", ""name"": ""Official subfamily description: I2C"", ""source_kind"": ""mindmotion_pdsc_description"", ""type"": ""I2C""}, {""count"": ""1"", ""name"": ""Official subfamily description: CAN"", ""source_kind"": ""mindmotion_pdsc_description"", ""type"": ""CAN""}, {""count"": ""1"", ""name"": ""Official subfamily description: USB"", ""source_kind"": ""mindmotion_pdsc_description"", ""type"": ""USBD""}, {""name"": ""Official subfamily description lists ADC; quantity not stated"", ""source_kind"": ""mindmotion_pdsc_description"", ""type"": ""ADC""}, {""name"": ""Official subfamily description lists COMP; quantity not stated"", ""source_kind"": ""mindmotion_pdsc_description"", ""type"": ""COMP""}, {""count"": ""1"", ""name"": ""Official subfamily description: RTC"", ""source_kind"": ""mindmotion_pdsc_description"", ""type"": ""RTC""}, {""count"": ""1"", ""name"": ""Hardware divider"", ""source_kind"": ""mindmotion_pdsc_description"", ""type"": ""CoreOther""}], ""subfamily"": ""MM32F0133C""}",2026-08-12T09:13:48+00:00,manufacturer_pdsc_subfamily_description
device,mindmotion::mm32f0141b4p,features_json,cmsis:MindMotion.MM32F0140_DFP@0.0.6,http://www.mindmotion.com.cn/Download/MDK_KEIL/MindMotion.MM32F0140_DFP.pdsc,C:\Users\confl\Desktop\alice blue\mcu-l-catalog\cache\pdsc\MindMotion.MM32F0140_DFP.pdsc,"{""caveats"": [], ""description"": ""Subfamily: MM32F0141B Frequency: 72MHz Memory: 32 kB Flash, 8 kB RAM Communication: 3 x UART, 2 x SPI, 1 x I2C, 2 x I2S Analog : ADC,COMP Other :DIV power saving mode:stop, sleep, and standby mode"", ""parsed_features"": [{""count"": ""3"", ""name"": ""Official subfamily description: UART"", ""source_kind"": ""mindmotion_pdsc_description"", ""type"": ""UART""}, {""count"": ""2"", ""name"": ""Official subfamily description: SPI"", ""source_kind"": ""mindmotion_pdsc_description"", ""type"": ""SPI""}, {""count"": ""1"", ""name"": ""Official subfamily description: I2C"", ""source_kind"": ""mindmotion_pdsc_description"", ""type"": ""I2C""}, {""count"": ""2"", ""name"": ""Official subfamily description: I2S"", ""source_kind"": ""mindmotion_pdsc_description"", ""type"": ""I2S""}, {""name"": ""Official subfamily description lists ADC; quantity not stated"", ""source_kind"": ""mindmotion_pdsc_description"", ""type"": ""ADC""}, {""name"": ""Official subfamily description lists COMP; quantity not stated"", ""source_kind"": ""mindmotion_pdsc_description"", ""type"": ""COMP""}, {""count"": ""1"", ""name"": ""Hardware divider"", ""source_kind"": ""mindmotion_pdsc_description"", ""type"": ""CoreOther""}], ""subfamily"": ""MM32F0141B""}",2026-08-12T09:13:48+00:00,manufacturer_pdsc_subfamily_description
device,mindmotion::mm32f0141b4q,features_json,cmsis:MindMotion.MM32F0140_DFP@0.0.6,http://www.mindmotion.com.cn/Download/MDK_KEIL/MindMotion.MM32F0140_DFP.pdsc,C:\Users\confl\Desktop\alice blue\mcu-l-catalog\cache\pdsc\MindMotion.MM32F0140_DFP.pdsc,"{""caveats"": [], ""description"": ""Subfamily: MM32F0141B Frequency: 72MHz Memory: 32 kB Flash, 8 kB RAM Communication: 3 x UART, 2 x SPI, 1 x I2C, 2 x I2S Analog : ADC,COMP Other :DIV power saving mode:stop, sleep, and standby mode"", ""parsed_features"": [{""count"": ""3"", ""name"": ""Official subfamily description: UART"", ""source_kind"": ""mindmotion_pdsc_description"", ""type"": ""UART""}, {""count"": ""2"", ""name"": ""Official subfamily description: SPI"", ""source_kind"": ""mindmotion_pdsc_description"", ""type"": ""SPI""}, {""count"": ""1"", ""name"": ""Official subfamily description: I2C"", ""source_kind"": ""mindmotion_pdsc_description"", ""type"": ""I2C""}, {""count"": ""2"", ""name"": ""Official subfamily description: I2S"", ""source_kind"": ""mindmotion_pdsc_description"", ""type"": ""I2S""}, {""name"": ""Official subfamily description lists ADC; quantity not stated"", ""source_kind"": ""mindmotion_pdsc_description"", ""type"": ""ADC""}, {""name"": ""Official subfamily description lists COMP; quantity not stated"", ""source_kind"": ""mindmotion_pdsc_description"", ""type"": ""COMP""}, {""count"": ""1"", ""name"": ""Hardware divider"", ""source_kind"": ""mindmotion_pdsc_description"", ""type"": ""CoreOther""}], ""subfamily"": ""MM32F0141B""}",2026-08-12T09:13:48+00:00,manufacturer_pdsc_subfamily_description
device,mindmotion::mm32f0141b6p,features_json,cmsis:MindMotion.MM32F0140_DFP@0.0.6,http://www.mindmotion.com.cn/Download/MDK_KEIL/MindMotion.MM32F0140_DFP.pdsc,C:\Users\confl\Desktop\alice blue\mcu-l-catalog\cache\pdsc\MindMotion.MM32F0140_DFP.pdsc,"{""caveats"": [], ""description"": ""Subfamily: MM32F0141B Frequency: 72MHz Memory: 32 kB Flash, 8 kB RAM Communication: 3 x UART, 2 x SPI, 1 x I2C, 2 x I2S Analog : ADC,COMP Other :DIV power saving mode:stop, sleep, and standby mode"", ""parsed_features"": [{""count"": ""3"", ""name"": ""Official subfamily description: UART"", ""source_kind"": ""mindmotion_pdsc_description"", ""type"": ""UART""}, {""count"": ""2"", ""name"": ""Official subfamily description: SPI"", ""source_kind"": ""mindmotion_pdsc_description"", ""type"": ""SPI""}, {""count"": ""1"", ""name"": ""Official subfamily description: I2C"", ""source_kind"": ""mindmotion_pdsc_description"", ""type"": ""I2C""}, {""count"": ""2"", ""name"": ""Official subfamily description: I2S"", ""source_kind"": ""mindmotion_pdsc_description"", ""type"": ""I2S""}, {""name"": ""Official subfamily description lists ADC; quantity not stated"", ""source_kind"": ""mindmotion_pdsc_description"", ""type"": ""ADC""}, {""name"": ""Official subfamily description lists COMP; quantity not stated"", ""source_kind"": ""mindmotion_pdsc_description"", ""type"": ""COMP""}, {""count"": ""1"", ""name"": ""Hardware divider"", ""source_kind"": ""mindmotion_pdsc_description"", ""type"": ""CoreOther""}], ""subfamily"": ""MM32F0141B""}",2026-08-12T09:13:48+00:00,manufacturer_pdsc_subfamily_description
device,mindmotion::mm32f0144c4p,features_json,cmsis:MindMotion.MM32F0140_DFP@0.0.6,http://www.mindmotion.com.cn/Download/MDK_KEIL/MindMotion.MM32F0140_DFP.pdsc,C:\Users\confl\Desktop\alice blue\mcu-l-catalog\cache\pdsc\MindMotion.MM32F0140_DFP.pdsc,"{""caveats"": [], ""description"": ""Subfamily: MM32F0144C Frequency: 72MHz Memory: 64 kB Flash, 8 kB RAM Communication: 3 x UART, 2 x SPI, 1 x I2C, 2 x I2S, CAN(2.0B) Analog : ADC,COMP Other :DIV power saving mode:stop, sleep, and standby mode"", ""parsed_features"": [{""count"": ""3"", ""name"": ""Official subfamily description: UART"", ""source_kind"": ""mindmotion_pdsc_description"", ""type"": ""UART""}, {""count"": ""2"", ""name"": ""Official subfamily description: SPI"", ""source_kind"": ""mindmotion_pdsc_description"", ""type"": ""SPI""}, {""count"": ""1"", ""name"": ""Official subfamily description: I2C"", ""source_kind"": ""mindmotion_pdsc_description"", ""type"": ""I2C""}, {""count"": ""2"", ""name"": ""Official subfamily description: I2S"", ""source_kind"": ""mindmotion_pdsc_description"", ""type"": ""I2S""}, {""count"": ""1"", ""name"": ""Official subfamily description: CAN"", ""source_kind"": ""mindmotion_pdsc_description"", ""type"": ""CAN""}, {""name"": ""Official subfamily description lists ADC; quantity not stated"", ""source_kind"": ""mindmotion_pdsc_description"", ""type"": ""ADC""}, {""name"": ""Official subfamily description lists COMP; quantity not stated"", ""source_kind"": ""mindmotion_pdsc_description"", ""type"": ""COMP""}, {""count"": ""1"", ""name"": ""Hardware divider"", ""source_kind"": ""mindmotion_pdsc_description"", ""type"": ""CoreOther""}], ""subfamily"": ""MM32F0144C""}",2026-08-12T09:13:48+00:00,manufacturer_pdsc_subfamily_description
device,mindmotion::mm32f0144c4q,features_json,cmsis:MindMotion.MM32F0140_DFP@0.0.6,http://www.mindmotion.com.cn/Download/MDK_KEIL/MindMotion.MM32F0140_DFP.pdsc,C:\Users\confl\Desktop\alice blue\mcu-l-catalog\cache\pdsc\MindMotion.MM32F0140_DFP.pdsc,"{""caveats"": [], ""description"": ""Subfamily: MM32F0144C Frequency: 72MHz Memory: 64 kB Flash, 8 kB RAM Communication: 3 x UART, 2 x SPI, 1 x I2C, 2 x I2S, CAN(2.0B) Analog : ADC,COMP Other :DIV power saving mode:stop, sleep, and standby mode"", ""parsed_features"": [{""count"": ""3"", ""name"": ""Official subfamily description: UART"", ""source_kind"": ""mindmotion_pdsc_description"", ""type"": ""UART""}, {""count"": ""2"", ""name"": ""Official subfamily description: SPI"", ""source_kind"": ""mindmotion_pdsc_description"", ""type"": ""SPI""}, {""count"": ""1"", ""name"": ""Official subfamily description: I2C"", ""source_kind"": ""mindmotion_pdsc_description"", ""type"": ""I2C""}, {""count"": ""2"", ""name"": ""Official subfamily description: I2S"", ""source_kind"": ""mindmotion_pdsc_description"", ""type"": ""I2S""}, {""count"": ""1"", ""name"": ""Official subfamily description: CAN"", ""source_kind"": ""mindmotion_pdsc_description"", ""type"": ""CAN""}, {""name"": ""Official subfamily description lists ADC; quantity not stated"", ""source_kind"": ""mindmotion_pdsc_description"", ""type"": ""ADC""}, {""name"": ""Official subfamily description lists COMP; quantity not stated"", ""source_kind"": ""mindmotion_pdsc_description"", ""type"": ""COMP""}, {""count"": ""1"", ""name"": ""Hardware divider"", ""source_kind"": ""mindmotion_pdsc_description"", ""type"": ""CoreOther""}], ""subfamily"": ""MM32F0144C""}",2026-08-12T09:13:48+00:00,manufacturer_pdsc_subfamily_description
device,mindmotion::mm32f0144c6p,features_json,cmsis:MindMotion.MM32F0140_DFP@0.0.6,http://www.mindmotion.com.cn/Download/MDK_KEIL/MindMotion.MM32F0140_DFP.pdsc,C:\Users\confl\Desktop\alice blue\mcu-l-catalog\cache\pdsc\MindMotion.MM32F0140_DFP.pdsc,"{""caveats"": [], ""description"": ""Subfamily: MM32F0144C Frequency: 72MHz Memory: 64 kB Flash, 8 kB RAM Communication: 3 x UART, 2 x SPI, 1 x I2C, 2 x I2S, CAN(2.0B) Analog : ADC,COMP Other :DIV power saving mode:stop, sleep, and standby mode"", ""parsed_features"": [{""count"": ""3"", ""name"": ""Official subfamily description: UART"", ""source_kind"": ""mindmotion_pdsc_description"", ""type"": ""UART""}, {""count"": ""2"", ""name"": ""Official subfamily description: SPI"", ""source_kind"": ""mindmotion_pdsc_description"", ""type"": ""SPI""}, {""count"": ""1"", ""name"": ""Official subfamily description: I2C"", ""source_kind"": ""mindmotion_pdsc_description"", ""type"": ""I2C""}, {""count"": ""2"", ""name"": ""Official subfamily description: I2S"", ""source_kind"": ""mindmotion_pdsc_description"", ""type"": ""I2S""}, {""count"": ""1"", ""name"": ""Official subfamily description: CAN"", ""source_kind"": ""mindmotion_pdsc_description"", ""type"": ""CAN""}, {""name"": ""Official subfamily description lists ADC; quantity not stated"", ""source_kind"": ""mindmotion_pdsc_description"", ""type"": ""ADC""}, {""name"": ""Official subfamily description lists COMP; quantity not stated"", ""source_kind"": ""mindmotion_pdsc_description"", ""type"": ""COMP""}, {""count"": ""1"", ""name"": ""Hardware divider"", ""source_kind"": ""mindmotion_pdsc_description"", ""type"": ""CoreOther""}], ""subfamily"": ""MM32F0144C""}",2026-08-12T09:13:48+00:00,manufacturer_pdsc_subfamily_description
device,mindmotion::mm32f0271d6p,features_json,cmsis:MindMotion.MM32F0270_DFP@0.1.1,http://www.mindmotion.com.cn/Download/MDK_KEIL/MindMotion.MM32F0270_DFP.pdsc,C:\Users\confl\Desktop\alice blue\mcu-l-catalog\cache\pdsc\MindMotion.MM32F0270_DFP.pdsc,"{""caveats"": [], ""description"": ""Subfamily: MM32F0271D Frequency: 96MHz Memory: 128 kB Flash, 16 kB RAM Communication: up to 5 x UART,up to 2 x SPI, 2 x I2C, 2 x I2S,RTC Analog : ADC, DAC, ACMP power saving mode:stop, sleep, and standby mode"", ""parsed_features"": [{""count"": ""5"", ""name"": ""Official subfamily description: UART"", ""source_kind"": ""mindmotion_pdsc_description"", ""type"": ""UART""}, {""count"": ""2"", ""name"": ""Official subfamily description: SPI"", ""source_kind"": ""mindmotion_pdsc_description"", ""type"": ""SPI""}, {""count"": ""2"", ""name"": ""Official subfamily description: I2C"", ""source_kind"": ""mindmotion_pdsc_description"", ""type"": ""I2C""}, {""count"": ""2"", ""name"": ""Official subfamily description: I2S"", ""source_kind"": ""mindmotion_pdsc_description"", ""type"": ""I2S""}, {""name"": ""Official subfamily description lists ADC; quantity not stated"", ""source_kind"": ""mindmotion_pdsc_description"", ""type"": ""ADC""}, {""name"": ""Official subfamily description lists DAC; quantity not stated"", ""source_kind"": ""mindmotion_pdsc_description"", ""type"": ""DAC""}, {""name"": ""Official subfamily description lists COMP; quantity not stated"", ""source_kind"": ""mindmotion_pdsc_description"", ""type"": ""COMP""}, {""count"": ""1"", ""name"": ""Official subfamily description: RTC"", ""source_kind"": ""mindmotion_pdsc_description"", ""type"": ""RTC""}], ""subfamily"": ""MM32F0271D""}",2026-08-12T09:13:48+00:00,manufacturer_pdsc_subfamily_description
device,mindmotion::mm32f0271d7p,features_json,cmsis:MindMotion.MM32F0270_DFP@0.1.1,http://www.mindmotion.com.cn/Download/MDK_KEIL/MindMotion.MM32F0270_DFP.pdsc,C:\Users\confl\Desktop\alice blue\mcu-l-catalog\cache\pdsc\MindMotion.MM32F0270_DFP.pdsc,"{""caveats"": [], ""description"": ""Subfamily: MM32F0271D Frequency: 96MHz Memory: 128 kB Flash, 16 kB RAM Communication: up to 5 x UART,up to 2 x SPI, 2 x I2C, 2 x I2S,RTC Analog : ADC, DAC, ACMP power saving mode:stop, sleep, and standby mode"", ""parsed_features"": [{""count"": ""5"", ""name"": ""Official subfamily description: UART"", ""source_kind"": ""mindmotion_pdsc_description"", ""type"": ""UART""}, {""count"": ""2"", ""name"": ""Official subfamily description: SPI"", ""source_kind"": ""mindmotion_pdsc_description"", ""type"": ""SPI""}, {""count"": ""2"", ""name"": ""Official subfamily description: I2C"", ""source_kind"": ""mindmotion_pdsc_description"", ""type"": ""I2C""}, {""count"": ""2"", ""name"": ""Official subfamily description: I2S"", ""source_kind"": ""mindmotion_pdsc_description"", ""type"": ""I2S""}, {""name"": ""Official subfamily description lists ADC; quantity not stated"", ""source_kind"": ""mindmotion_pdsc_description"", ""type"": ""ADC""}, {""name"": ""Official subfamily description lists DAC; quantity not stated"", ""source_kind"": ""mindmotion_pdsc_description"", ""type"": ""DAC""}, {""name"": ""Official subfamily description lists COMP; quantity not stated"", ""source_kind"": ""mindmotion_pdsc_description"", ""type"": ""COMP""}, {""count"": ""1"", ""name"": ""Official subfamily description: RTC"", ""source_kind"": ""mindmotion_pdsc_description"", ""type"": ""RTC""}], ""subfamily"": ""MM32F0271D""}",2026-08-12T09:13:48+00:00,manufacturer_pdsc_subfamily_description
device,mindmotion::mm32f0271d8p,features_json,cmsis:MindMotion.MM32F0270_DFP@0.1.1,http://www.mindmotion.com.cn/Download/MDK_KEIL/MindMotion.MM32F0270_DFP.pdsc,C:\Users\confl\Desktop\alice blue\mcu-l-catalog\cache\pdsc\MindMotion.MM32F0270_DFP.pdsc,"{""caveats"": [], ""description"": ""Subfamily: MM32F0271D Frequency: 96MHz Memory: 128 kB Flash, 16 kB RAM Communication: up to 5 x UART,up to 2 x SPI, 2 x I2C, 2 x I2S,RTC Analog : ADC, DAC, ACMP power saving mode:stop, sleep, and standby mode"", ""parsed_features"": [{""count"": ""5"", ""name"": ""Official subfamily description: UART"", ""source_kind"": ""mindmotion_pdsc_description"", ""type"": ""UART""}, {""count"": ""2"", ""name"": ""Official subfamily description: SPI"", ""source_kind"": ""mindmotion_pdsc_description"", ""type"": ""SPI""}, {""count"": ""2"", ""name"": ""Official subfamily description: I2C"", ""source_kind"": ""mindmotion_pdsc_description"", ""type"": ""I2C""}, {""count"": ""2"", ""name"": ""Official subfamily description: I2S"", ""source_kind"": ""mindmotion_pdsc_description"", ""type"": ""I2S""}, {""name"": ""Official subfamily description lists ADC; quantity not stated"", ""source_kind"": ""mindmotion_pdsc_description"", ""type"": ""ADC""}, {""name"": ""Official subfamily description lists DAC; quantity not stated"", ""source_kind"": ""mindmotion_pdsc_description"", ""type"": ""DAC""}, {""name"": ""Official subfamily description lists COMP; quantity not stated"", ""source_kind"": ""mindmotion_pdsc_description"", ""type"": ""COMP""}, {""count"": ""1"", ""name"": ""Official subfamily description: RTC"", ""source_kind"": ""mindmotion_pdsc_description"", ""type"": ""RTC""}], ""subfamily"": ""MM32F0271D""}",2026-08-12T09:13:48+00:00,manufacturer_pdsc_subfamily_description
device,mindmotion::mm32f0272d6p,features_json,cmsis:MindMotion.MM32F0270_DFP@0.1.1,http://www.mindmotion.com.cn/Download/MDK_KEIL/MindMotion.MM32F0270_DFP.pdsc,C:\Users\confl\Desktop\alice blue\mcu-l-catalog\cache\pdsc\MindMotion.MM32F0270_DFP.pdsc,"{""caveats"": [], ""description"": ""Subfamily: MM32F0272D Frequency: 96MHz Memory: 128 kB Flash, 16 kB RAM Communication: 5 x UART, 2 x SPI, 2 x I2C, 2 x I2S, 1 x USB(FS),RTC Analog : ADC, DAC, ACMP power saving mode:stop, sleep, and standby mode"", ""parsed_features"": [{""count"": ""5"", ""name"": ""Official subfamily description: UART"", ""source_kind"": ""mindmotion_pdsc_description"", ""type"": ""UART""}, {""count"": ""2"", ""name"": ""Official subfamily description: SPI"", ""source_kind"": ""mindmotion_pdsc_description"", ""type"": ""SPI""}, {""count"": ""2"", ""name"": ""Official subfamily description: I2C"", ""source_kind"": ""mindmotion_pdsc_description"", ""type"": ""I2C""}, {""count"": ""2"", ""name"": ""Official subfamily description: I2S"", ""source_kind"": ""mindmotion_pdsc_description"", ""type"": ""I2S""}, {""count"": ""1"", ""name"": ""Official subfamily description: USB"", ""source_kind"": ""mindmotion_pdsc_description"", ""type"": ""USBD""}, {""name"": ""Official subfamily description lists ADC; quantity not stated"", ""source_kind"": ""mindmotion_pdsc_description"", ""type"": ""ADC""}, {""name"": ""Official subfamily description lists DAC; quantity not stated"", ""source_kind"": ""mindmotion_pdsc_description"", ""type"": ""DAC""}, {""name"": ""Official subfamily description lists COMP; quantity not stated"", ""source_kind"": ""mindmotion_pdsc_description"", ""type"": ""COMP""}, {""count"": ""1"", ""name"": ""Official subfamily description: RTC"", ""source_kind"": ""mindmotion_pdsc_description"", ""type"": ""RTC""}], ""subfamily"": ""MM32F0272D""}",2026-08-12T09:13:48+00:00,manufacturer_pdsc_subfamily_description
device,mindmotion::mm32f0272d7p,features_json,cmsis:MindMotion.MM32F0270_DFP@0.1.1,http://www.mindmotion.com.cn/Download/MDK_KEIL/MindMotion.MM32F0270_DFP.pdsc,C:\Users\confl\Desktop\alice blue\mcu-l-catalog\cache\pdsc\MindMotion.MM32F0270_DFP.pdsc,"{""caveats"": [], ""description"": ""Subfamily: MM32F0272D Frequency: 96MHz Memory: 128 kB Flash, 16 kB RAM Communication: 5 x UART, 2 x SPI, 2 x I2C, 2 x I2S, 1 x USB(FS),RTC Analog : ADC, DAC, ACMP power saving mode:stop, sleep, and standby mode"", ""parsed_features"": [{""count"": ""5"", ""name"": ""Official subfamily description: UART"", ""source_kind"": ""mindmotion_pdsc_description"", ""type"": ""UART""}, {""count"": ""2"", ""name"": ""Official subfamily description: SPI"", ""source_kind"": ""mindmotion_pdsc_description"", ""type"": ""SPI""}, {""count"": ""2"", ""name"": ""Official subfamily description: I2C"", ""source_kind"": ""mindmotion_pdsc_description"", ""type"": ""I2C""}, {""count"": ""2"", ""name"": ""Official subfamily description: I2S"", ""source_kind"": ""mindmotion_pdsc_description"", ""type"": ""I2S""}, {""count"": ""1"", ""name"": ""Official subfamily description: USB"", ""source_kind"": ""mindmotion_pdsc_description"", ""type"": ""USBD""}, {""name"": ""Official subfamily description lists ADC; quantity not stated"", ""source_kind"": ""mindmotion_pdsc_description"", ""type"": ""ADC""}, {""name"": ""Official subfamily description lists DAC; quantity not stated"", ""source_kind"": ""mindmotion_pdsc_description"", ""type"": ""DAC""}, {""name"": ""Official subfamily description lists COMP; quantity not stated"", ""source_kind"": ""mindmotion_pdsc_description"", ""type"": ""COMP""}, {""count"": ""1"", ""name"": ""Official subfamily description: RTC"", ""source_kind"": ""mindmotion_pdsc_description"", ""type"": ""RTC""}], ""subfamily"": ""MM32F0272D""}",2026-08-12T09:13:48+00:00,manufacturer_pdsc_subfamily_description
device,mindmotion::mm32f0272d8p,features_json,cmsis:MindMotion.MM32F0270_DFP@0.1.1,http://www.mindmotion.com.cn/Download/MDK_KEIL/MindMotion.MM32F0270_DFP.pdsc,C:\Users\confl\Desktop\alice blue\mcu-l-catalog\cache\pdsc\MindMotion.MM32F0270_DFP.pdsc,"{""caveats"": [], ""description"": ""Subfamily: MM32F0272D Frequency: 96MHz Memory: 128 kB Flash, 16 kB RAM Communication: 5 x UART, 2 x SPI, 2 x I2C, 2 x I2S, 1 x USB(FS),RTC Analog : ADC, DAC, ACMP power saving mode:stop, sleep, and standby mode"", ""parsed_features"": [{""count"": ""5"", ""name"": ""Official subfamily description: UART"", ""source_kind"": ""mindmotion_pdsc_description"", ""type"": ""UART""}, {""count"": ""2"", ""name"": ""Official subfamily description: SPI"", ""source_kind"": ""mindmotion_pdsc_description"", ""type"": ""SPI""}, {""count"": ""2"", ""name"": ""Official subfamily description: I2C"", ""source_kind"": ""mindmotion_pdsc_description"", ""type"": ""I2C""}, {""count"": ""2"", ""name"": ""Official subfamily description: I2S"", ""source_kind"": ""mindmotion_pdsc_description"", ""type"": ""I2S""}, {""count"": ""1"", ""name"": ""Official subfamily description: USB"", ""source_kind"": ""mindmotion_pdsc_description"", ""type"": ""USBD""}, {""name"": ""Official subfamily description lists ADC; quantity not stated"", ""source_kind"": ""mindmotion_pdsc_description"", ""type"": ""ADC""}, {""name"": ""Official subfamily description lists DAC; quantity not stated"", ""source_kind"": ""mindmotion_pdsc_description"", ""type"": ""DAC""}, {""name"": ""Official subfamily description lists COMP; quantity not stated"", ""source_kind"": ""mindmotion_pdsc_description"", ""type"": ""COMP""}, {""count"": ""1"", ""name"": ""Official subfamily description: RTC"", ""source_kind"": ""mindmotion_pdsc_description"", ""type"": ""RTC""}], ""subfamily"": ""MM32F0272D""}",2026-08-12T09:13:48+00:00,manufacturer_pdsc_subfamily_description
device,mindmotion::mm32f0273d6p,features_json,cmsis:MindMotion.MM32F0270_DFP@0.1.1,http://www.mindmotion.com.cn/Download/MDK_KEIL/MindMotion.MM32F0270_DFP.pdsc,C:\Users\confl\Desktop\alice blue\mcu-l-catalog\cache\pdsc\MindMotion.MM32F0270_DFP.pdsc,"{""caveats"": [], ""description"": ""Subfamily: MM32F0273D Frequency: 96MHz Memory: 128 kB Flash, 16 kB RAM Communication: 5 x UART, 2 x SPI, 2 x I2C, I2S USB(FS) ,1 x CAN, RTC Analog : ADC, DAC, ACMP power saving mode:stop, sleep, and standby mode"", ""parsed_features"": [{""count"": ""5"", ""name"": ""Official subfamily description: UART"", ""source_kind"": ""mindmotion_pdsc_description"", ""type"": ""UART""}, {""count"": ""2"", ""name"": ""Official subfamily description: SPI"", ""source_kind"": ""mindmotion_pdsc_description"", ""type"": ""SPI""}, {""count"": ""2"", ""name"": ""Official subfamily description: I2C"", ""source_kind"": ""mindmotion_pdsc_description"", ""type"": ""I2C""}, {""count"": ""1"", ""name"": ""Official subfamily description: CAN"", ""source_kind"": ""mindmotion_pdsc_description"", ""type"": ""CAN""}, {""count"": ""1"", ""name"": ""Official subfamily description: USB"", ""source_kind"": ""mindmotion_pdsc_description"", ""type"": ""USBD""}, {""name"": ""Official subfamily description lists ADC; quantity not stated"", ""source_kind"": ""mindmotion_pdsc_description"", ""type"": ""ADC""}, {""name"": ""Official subfamily description lists DAC; quantity not stated"", ""source_kind"": ""mindmotion_pdsc_description"", ""type"": ""DAC""}, {""name"": ""Official subfamily description lists COMP; quantity not stated"", ""source_kind"": ""mindmotion_pdsc_description"", ""type"": ""COMP""}, {""count"": ""1"", ""name"": ""Official subfamily description: RTC"", ""source_kind"": ""mindmotion_pdsc_description"", ""type"": ""RTC""}], ""subfamily"": ""MM32F0273D""}",2026-08-12T09:13:48+00:00,manufacturer_pdsc_subfamily_description
device,mindmotion::mm32f0273d7p,features_json,cmsis:MindMotion.MM32F0270_DFP@0.1.1,http://www.mindmotion.com.cn/Download/MDK_KEIL/MindMotion.MM32F0270_DFP.pdsc,C:\Users\confl\Desktop\alice blue\mcu-l-catalog\cache\pdsc\MindMotion.MM32F0270_DFP.pdsc,"{""caveats"": [], ""description"": ""Subfamily: MM32F0273D Frequency: 96MHz Memory: 128 kB Flash, 16 kB RAM Communication: 5 x UART, 2 x SPI, 2 x I2C, I2S USB(FS) ,1 x CAN, RTC Analog : ADC, DAC, ACMP power saving mode:stop, sleep, and standby mode"", ""parsed_features"": [{""count"": ""5"", ""name"": ""Official subfamily description: UART"", ""source_kind"": ""mindmotion_pdsc_description"", ""type"": ""UART""}, {""count"": ""2"", ""name"": ""Official subfamily description: SPI"", ""source_kind"": ""mindmotion_pdsc_description"", ""type"": ""SPI""}, {""count"": ""2"", ""name"": ""Official subfamily description: I2C"", ""source_kind"": ""mindmotion_pdsc_description"", ""type"": ""I2C""}, {""count"": ""1"", ""name"": ""Official subfamily description: CAN"", ""source_kind"": ""mindmotion_pdsc_description"", ""type"": ""CAN""}, {""count"": ""1"", ""name"": ""Official subfamily description: USB"", ""source_kind"": ""mindmotion_pdsc_description"", ""type"": ""USBD""}, {""name"": ""Official subfamily description lists ADC; quantity not stated"", ""source_kind"": ""mindmotion_pdsc_description"", ""type"": ""ADC""}, {""name"": ""Official subfamily description lists DAC; quantity not stated"", ""source_kind"": ""mindmotion_pdsc_description"", ""type"": ""DAC""}, {""name"": ""Official subfamily description lists COMP; quantity not stated"", ""source_kind"": ""mindmotion_pdsc_description"", ""type"": ""COMP""}, {""count"": ""1"", ""name"": ""Official subfamily description: RTC"", ""source_kind"": ""mindmotion_pdsc_description"", ""type"": ""RTC""}], ""subfamily"": ""MM32F0273D""}",2026-08-12T09:13:48+00:00,manufacturer_pdsc_subfamily_description
device,mindmotion::mm32f0273d8p,features_json,cmsis:MindMotion.MM32F0270_DFP@0.1.1,http://www.mindmotion.com.cn/Download/MDK_KEIL/MindMotion.MM32F0270_DFP.pdsc,C:\Users\confl\Desktop\alice blue\mcu-l-catalog\cache\pdsc\MindMotion.MM32F0270_DFP.pdsc,"{""caveats"": [], ""description"": ""Subfamily: MM32F0273D Frequency: 96MHz Memory: 128 kB Flash, 16 kB RAM Communication: 5 x UART, 2 x SPI, 2 x I2C, I2S USB(FS) ,1 x CAN, RTC Analog : ADC, DAC, ACMP power saving mode:stop, sleep, and standby mode"", ""parsed_features"": [{""count"": ""5"", ""name"": ""Official subfamily description: UART"", ""source_kind"": ""mindmotion_pdsc_description"", ""type"": ""UART""}, {""count"": ""2"", ""name"": ""Official subfamily description: SPI"", ""source_kind"": ""mindmotion_pdsc_description"", ""type"": ""SPI""}, {""count"": ""2"", ""name"": ""Official subfamily description: I2C"", ""source_kind"": ""mindmotion_pdsc_description"", ""type"": ""I2C""}, {""count"": ""1"", ""name"": ""Official subfamily description: CAN"", ""source_kind"": ""mindmotion_pdsc_description"", ""type"": ""CAN""}, {""count"": ""1"", ""name"": ""Official subfamily description: USB"", ""source_kind"": ""mindmotion_pdsc_description"", ""type"": ""USBD""}, {""name"": ""Official subfamily description lists ADC; quantity not stated"", ""source_kind"": ""mindmotion_pdsc_description"", ""type"": ""ADC""}, {""name"": ""Official subfamily description lists DAC; quantity not stated"", ""source_kind"": ""mindmotion_pdsc_description"", ""type"": ""DAC""}, {""name"": ""Official subfamily description lists COMP; quantity not stated"", ""source_kind"": ""mindmotion_pdsc_description"", ""type"": ""COMP""}, {""count"": ""1"", ""name"": ""Official subfamily description: RTC"", ""source_kind"": ""mindmotion_pdsc_description"", ""type"": ""RTC""}], ""subfamily"": ""MM32F0273D""}",2026-08-12T09:13:48+00:00,manufacturer_pdsc_subfamily_description
device,mindmotion::mm32f031f4p,features_json,cmsis:MindMotion.MM32F031_DFP@1.4.3,http://www.mindmotion.com.cn/Download/MDK_KEIL/MindMotion.MM32F031_DFP.pdsc,C:\Users\confl\Desktop\alice blue\mcu-l-catalog\cache\pdsc\MindMotion.MM32F031_DFP.pdsc,"{""caveats"": [], ""description"": ""Subfamily: MM32F031x4 Frequency: 72MHz Memory: 16 kB Flash, 4 kB RAM Communication: 1 x UART, 1 x SPI, 1 x I2C Analog : ADC power saving mode:stop, sleep, and standby mode"", ""parsed_features"": [{""count"": ""1"", ""name"": ""Official subfamily description: UART"", ""source_kind"": ""mindmotion_pdsc_description"", ""type"": ""UART""}, {""count"": ""1"", ""name"": ""Official subfamily description: SPI"", ""source_kind"": ""mindmotion_pdsc_description"", ""type"": ""SPI""}, {""count"": ""1"", ""name"": ""Official subfamily description: I2C"", ""source_kind"": ""mindmotion_pdsc_description"", ""type"": ""I2C""}, {""name"": ""Official subfamily description lists ADC; quantity not stated"", ""source_kind"": ""mindmotion_pdsc_description"", ""type"": ""ADC""}], ""subfamily"": ""MM32F031x4""}",2026-08-12T09:13:48+00:00,manufacturer_pdsc_subfamily_description
device,mindmotion::mm32f031k4u,features_json,cmsis:MindMotion.MM32F031_DFP@1.4.3,http://www.mindmotion.com.cn/Download/MDK_KEIL/MindMotion.MM32F031_DFP.pdsc,C:\Users\confl\Desktop\alice blue\mcu-l-catalog\cache\pdsc\MindMotion.MM32F031_DFP.pdsc,"{""caveats"": [], ""description"": ""Subfamily: MM32F031x4 Frequency: 72MHz Memory: 16 kB Flash, 4 kB RAM Communication: 1 x UART, 1 x SPI, 1 x I2C Analog : ADC power saving mode:stop, sleep, and standby mode"", ""parsed_features"": [{""count"": ""1"", ""name"": ""Official subfamily description: UART"", ""source_kind"": ""mindmotion_pdsc_description"", ""type"": ""UART""}, {""count"": ""1"", ""name"": ""Official subfamily description: SPI"", ""source_kind"": ""mindmotion_pdsc_description"", ""type"": ""SPI""}, {""count"": ""1"", ""name"": ""Official subfamily description: I2C"", ""source_kind"": ""mindmotion_pdsc_description"", ""type"": ""I2C""}, {""name"": ""Official subfamily description lists ADC; quantity not stated"", ""source_kind"": ""mindmotion_pdsc_description"", ""type"": ""ADC""}], ""subfamily"": ""MM32F031x4""}",2026-08-12T09:13:48+00:00,manufacturer_pdsc_subfamily_description
device,mindmotion::mm32f031c6t,features_json,cmsis:MindMotion.MM32F031_DFP@1.4.3,http://www.mindmotion.com.cn/Download/MDK_KEIL/MindMotion.MM32F031_DFP.pdsc,C:\Users\confl\Desktop\alice blue\mcu-l-catalog\cache\pdsc\MindMotion.MM32F031_DFP.pdsc,"{""caveats"": [], ""description"": ""Subfamily: MM32F031x6 Frequency: 72MHz Memory: 32 kB Flash, 4 kB RAM Communication: 1 x UART, 1 x SPI, 1 x I2C Analog : ADC power saving mode:stop, sleep, and standby mode"", ""parsed_features"": [{""count"": ""1"", ""name"": ""Official subfamily description: UART"", ""source_kind"": ""mindmotion_pdsc_description"", ""type"": ""UART""}, {""count"": ""1"", ""name"": ""Official subfamily description: SPI"", ""source_kind"": ""mindmotion_pdsc_description"", ""type"": ""SPI""}, {""count"": ""1"", ""name"": ""Official subfamily description: I2C"", ""source_kind"": ""mindmotion_pdsc_description"", ""type"": ""I2C""}, {""name"": ""Official subfamily description lists ADC; quantity not stated"", ""source_kind"": ""mindmotion_pdsc_description"", ""type"": ""ADC""}], ""subfamily"": ""MM32F031x6""}",2026-08-12T09:13:48+00:00,manufacturer_pdsc_subfamily_description
device,mindmotion::mm32f031f6p,features_json,cmsis:MindMotion.MM32F031_DFP@1.4.3,http://www.mindmotion.com.cn/Download/MDK_KEIL/MindMotion.MM32F031_DFP.pdsc,C:\Users\confl\Desktop\alice blue\mcu-l-catalog\cache\pdsc\MindMotion.MM32F031_DFP.pdsc,"{""caveats"": [], ""description"": ""Subfamily: MM32F031x6 Frequency: 72MHz Memory: 32 kB Flash, 4 kB RAM Communication: 1 x UART, 1 x SPI, 1 x I2C Analog : ADC power saving mode:stop, sleep, and standby mode"", ""parsed_features"": [{""count"": ""1"", ""name"": ""Official subfamily description: UART"", ""source_kind"": ""mindmotion_pdsc_description"", ""type"": ""UART""}, {""count"": ""1"", ""name"": ""Official subfamily description: SPI"", ""source_kind"": ""mindmotion_pdsc_description"", ""type"": ""SPI""}, {""count"": ""1"", ""name"": ""Official subfamily description: I2C"", ""source_kind"": ""mindmotion_pdsc_description"", ""type"": ""I2C""}, {""name"": ""Official subfamily description lists ADC; quantity not stated"", ""source_kind"": ""mindmotion_pdsc_description"", ""type"": ""ADC""}], ""subfamily"": ""MM32F031x6""}",2026-08-12T09:13:48+00:00,manufacturer_pdsc_subfamily_description
device,mindmotion::mm32f031g6u,features_json,cmsis:MindMotion.MM32F031_DFP@1.4.3,http://www.mindmotion.com.cn/Download/MDK_KEIL/MindMotion.MM32F031_DFP.pdsc,C:\Users\confl\Desktop\alice blue\mcu-l-catalog\cache\pdsc\MindMotion.MM32F031_DFP.pdsc,"{""caveats"": [], ""description"": ""Subfamily: MM32F031x6 Frequency: 72MHz Memory: 32 kB Flash, 4 kB RAM Communication: 1 x UART, 1 x SPI, 1 x I2C Analog : ADC power saving mode:stop, sleep, and standby mode"", ""parsed_features"": [{""count"": ""1"", ""name"": ""Official subfamily description: UART"", ""source_kind"": ""mindmotion_pdsc_description"", ""type"": ""UART""}, {""count"": ""1"", ""name"": ""Official subfamily description: SPI"", ""source_kind"": ""mindmotion_pdsc_description"", ""type"": ""SPI""}, {""count"": ""1"", ""name"": ""Official subfamily description: I2C"", ""source_kind"": ""mindmotion_pdsc_description"", ""type"": ""I2C""}, {""name"": ""Official subfamily description lists ADC; quantity not stated"", ""source_kind"": ""mindmotion_pdsc_description"", ""type"": ""ADC""}], ""subfamily"": ""MM32F031x6""}",2026-08-12T09:13:48+00:00,manufacturer_pdsc_subfamily_description
device,mindmotion::mm32f031k6t,features_json,cmsis:MindMotion.MM32F031_DFP@1.4.3,http://www.mindmotion.com.cn/Download/MDK_KEIL/MindMotion.MM32F031_DFP.pdsc,C:\Users\confl\Desktop\alice blue\mcu-l-catalog\cache\pdsc\MindMotion.MM32F031_DFP.pdsc,"{""caveats"": [], ""description"": ""Subfamily: MM32F031x6 Frequency: 72MHz Memory: 32 kB Flash, 4 kB RAM Communication: 1 x UART, 1 x SPI, 1 x I2C Analog : ADC power saving mode:stop, sleep, and standby mode"", ""parsed_features"": [{""count"": ""1"", ""name"": ""Official subfamily description: UART"", ""source_kind"": ""mindmotion_pdsc_description"", ""type"": ""UART""}, {""count"": ""1"", ""name"": ""Official subfamily description: SPI"", ""source_kind"": ""mindmotion_pdsc_description"", ""type"": ""SPI""}, {""count"": ""1"", ""name"": ""Official subfamily description: I2C"", ""source_kind"": ""mindmotion_pdsc_description"", ""type"": ""I2C""}, {""name"": ""Official subfamily description lists ADC; quantity not stated"", ""source_kind"": ""mindmotion_pdsc_description"", ""type"": ""ADC""}], ""subfamily"": ""MM32F031x6""}",2026-08-12T09:13:48+00:00,manufacturer_pdsc_subfamily_description
device,mindmotion::mm32f031k6u,features_json,cmsis:MindMotion.MM32F031_DFP@1.4.3,http://www.mindmotion.com.cn/Download/MDK_KEIL/MindMotion.MM32F031_DFP.pdsc,C:\Users\confl\Desktop\alice blue\mcu-l-catalog\cache\pdsc\MindMotion.MM32F031_DFP.pdsc,"{""caveats"": [], ""description"": ""Subfamily: MM32F031x6 Frequency: 72MHz Memory: 32 kB Flash, 4 kB RAM Communication: 1 x UART, 1 x SPI, 1 x I2C Analog : ADC power saving mode:stop, sleep, and standby mode"", ""parsed_features"": [{""count"": ""1"", ""name"": ""Official subfamily description: UART"", ""source_kind"": ""mindmotion_pdsc_description"", ""type"": ""UART""}, {""count"": ""1"", ""name"": ""Official subfamily description: SPI"", ""source_kind"": ""mindmotion_pdsc_description"", ""type"": ""SPI""}, {""count"": ""1"", ""name"": ""Official subfamily description: I2C"", ""source_kind"": ""mindmotion_pdsc_description"", ""type"": ""I2C""}, {""name"": ""Official subfamily description lists ADC; quantity not stated"", ""source_kind"": ""mindmotion_pdsc_description"", ""type"": ""ADC""}], ""subfamily"": ""MM32F031x6""}",2026-08-12T09:13:48+00:00,manufacturer_pdsc_subfamily_description
device,mindmotion::mm32f031c8t,features_json,cmsis:MindMotion.MM32F031_DFP@1.4.3,http://www.mindmotion.com.cn/Download/MDK_KEIL/MindMotion.MM32F031_DFP.pdsc,C:\Users\confl\Desktop\alice blue\mcu-l-catalog\cache\pdsc\MindMotion.MM32F031_DFP.pdsc,"{""caveats"": [], ""description"": ""Subfamily: MM32F031x8 Frequency: 72MHz Memory: 64 kB Flash, 8 kB RAM Communication: 2 x UART, up to 2 x SPI, 1 x I2C Analog : ADC power saving mode:stop, sleep, and standby mode"", ""parsed_features"": [{""count"": ""2"", ""name"": ""Official subfamily description: UART"", ""source_kind"": ""mindmotion_pdsc_description"", ""type"": ""UART""}, {""count"": ""2"", ""name"": ""Official subfamily description: SPI"", ""source_kind"": ""mindmotion_pdsc_description"", ""type"": ""SPI""}, {""count"": ""1"", ""name"": ""Official subfamily description: I2C"", ""source_kind"": ""mindmotion_pdsc_description"", ""type"": ""I2C""}, {""name"": ""Official subfamily description lists ADC; quantity not stated"", ""source_kind"": ""mindmotion_pdsc_description"", ""type"": ""ADC""}], ""subfamily"": ""MM32F031x8""}",2026-08-12T09:13:48+00:00,manufacturer_pdsc_subfamily_description
device,mindmotion::mm32f031k8t,features_json,cmsis:MindMotion.MM32F031_DFP@1.4.3,http://www.mindmotion.com.cn/Download/MDK_KEIL/MindMotion.MM32F031_DFP.pdsc,C:\Users\confl\Desktop\alice blue\mcu-l-catalog\cache\pdsc\MindMotion.MM32F031_DFP.pdsc,"{""caveats"": [], ""description"": ""Subfamily: MM32F031x8 Frequency: 72MHz Memory: 64 kB Flash, 8 kB RAM Communication: 2 x UART, up to 2 x SPI, 1 x I2C Analog : ADC power saving mode:stop, sleep, and standby mode"", ""parsed_features"": [{""count"": ""2"", ""name"": ""Official subfamily description: UART"", ""source_kind"": ""mindmotion_pdsc_description"", ""type"": ""UART""}, {""count"": ""2"", ""name"": ""Official subfamily description: SPI"", ""source_kind"": ""mindmotion_pdsc_description"", ""type"": ""SPI""}, {""count"": ""1"", ""name"": ""Official subfamily description: I2C"", ""source_kind"": ""mindmotion_pdsc_description"", ""type"": ""I2C""}, {""name"": ""Official subfamily description lists ADC; quantity not stated"", ""source_kind"": ""mindmotion_pdsc_description"", ""type"": ""ADC""}], ""subfamily"": ""MM32F031x8""}",2026-08-12T09:13:48+00:00,manufacturer_pdsc_subfamily_description
device,mindmotion::mm32f031k8u,features_json,cmsis:MindMotion.MM32F031_DFP@1.4.3,http://www.mindmotion.com.cn/Download/MDK_KEIL/MindMotion.MM32F031_DFP.pdsc,C:\Users\confl\Desktop\alice blue\mcu-l-catalog\cache\pdsc\MindMotion.MM32F031_DFP.pdsc,"{""caveats"": [], ""description"": ""Subfamily: MM32F031x8 Frequency: 72MHz Memory: 64 kB Flash, 8 kB RAM Communication: 2 x UART, up to 2 x SPI, 1 x I2C Analog : ADC power saving mode:stop, sleep, and standby mode"", ""parsed_features"": [{""count"": ""2"", ""name"": ""Official subfamily description: UART"", ""source_kind"": ""mindmotion_pdsc_description"", ""type"": ""UART""}, {""count"": ""2"", ""name"": ""Official subfamily description: SPI"", ""source_kind"": ""mindmotion_pdsc_description"", ""type"": ""SPI""}, {""count"": ""1"", ""name"": ""Official subfamily description: I2C"", ""source_kind"": ""mindmotion_pdsc_description"", ""type"": ""I2C""}, {""name"": ""Official subfamily description lists ADC; quantity not stated"", ""source_kind"": ""mindmotion_pdsc_description"", ""type"": ""ADC""}], ""subfamily"": ""MM32F031x8""}",2026-08-12T09:13:48+00:00,manufacturer_pdsc_subfamily_description
device,mindmotion::mm32f031cbt,features_json,cmsis:MindMotion.MM32F031_DFP@1.4.3,http://www.mindmotion.com.cn/Download/MDK_KEIL/MindMotion.MM32F031_DFP.pdsc,C:\Users\confl\Desktop\alice blue\mcu-l-catalog\cache\pdsc\MindMotion.MM32F031_DFP.pdsc,"{""caveats"": [], ""description"": ""Subfamily: MM32F031xB Frequency: 72MHz Memory: 128 kB Flash, 8 kB RAM Communication: 2 x UART, up to 2 x SPI, 1 x I2C Analog : ADC power saving mode:stop, sleep, and standby mode"", ""parsed_features"": [{""count"": ""2"", ""name"": ""Official subfamily description: UART"", ""source_kind"": ""mindmotion_pdsc_description"", ""type"": ""UART""}, {""count"": ""2"", ""name"": ""Official subfamily description: SPI"", ""source_kind"": ""mindmotion_pdsc_description"", ""type"": ""SPI""}, {""count"": ""1"", ""name"": ""Official subfamily description: I2C"", ""source_kind"": ""mindmotion_pdsc_description"", ""type"": ""I2C""}, {""name"": ""Official subfamily description lists ADC; quantity not stated"", ""source_kind"": ""mindmotion_pdsc_description"", ""type"": ""ADC""}], ""subfamily"": ""MM32F031xB""}",2026-08-12T09:13:48+00:00,manufacturer_pdsc_subfamily_description
device,mindmotion::mm32f031kbt,features_json,cmsis:MindMotion.MM32F031_DFP@1.4.3,http://www.mindmotion.com.cn/Download/MDK_KEIL/MindMotion.MM32F031_DFP.pdsc,C:\Users\confl\Desktop\alice blue\mcu-l-catalog\cache\pdsc\MindMotion.MM32F031_DFP.pdsc,"{""caveats"": [], ""description"": ""Subfamily: MM32F031xB Frequency: 72MHz Memory: 128 kB Flash, 8 kB RAM Communication: 2 x UART, up to 2 x SPI, 1 x I2C Analog : ADC power saving mode:stop, sleep, and standby mode"", ""parsed_features"": [{""count"": ""2"", ""name"": ""Official subfamily description: UART"", ""source_kind"": ""mindmotion_pdsc_description"", ""type"": ""UART""}, {""count"": ""2"", ""name"": ""Official subfamily description: SPI"", ""source_kind"": ""mindmotion_pdsc_description"", ""type"": ""SPI""}, {""count"": ""1"", ""name"": ""Official subfamily description: I2C"", ""source_kind"": ""mindmotion_pdsc_description"", ""type"": ""I2C""}, {""name"": ""Official subfamily description lists ADC; quantity not stated"", ""source_kind"": ""mindmotion_pdsc_description"", ""type"": ""ADC""}], ""subfamily"": ""MM32F031xB""}",2026-08-12T09:13:48+00:00,manufacturer_pdsc_subfamily_description
device,mindmotion::mm32f031kbu,features_json,cmsis:MindMotion.MM32F031_DFP@1.4.3,http://www.mindmotion.com.cn/Download/MDK_KEIL/MindMotion.MM32F031_DFP.pdsc,C:\Users\confl\Desktop\alice blue\mcu-l-catalog\cache\pdsc\MindMotion.MM32F031_DFP.pdsc,"{""caveats"": [], ""description"": ""Subfamily: MM32F031xB Frequency: 72MHz Memory: 128 kB Flash, 8 kB RAM Communication: 2 x UART, up to 2 x SPI, 1 x I2C Analog : ADC power saving mode:stop, sleep, and standby mode"", ""parsed_features"": [{""count"": ""2"", ""name"": ""Official subfamily description: UART"", ""source_kind"": ""mindmotion_pdsc_description"", ""type"": ""UART""}, {""count"": ""2"", ""name"": ""Official subfamily description: SPI"", ""source_kind"": ""mindmotion_pdsc_description"", ""type"": ""SPI""}, {""count"": ""1"", ""name"": ""Official subfamily description: I2C"", ""source_kind"": ""mindmotion_pdsc_description"", ""type"": ""I2C""}, {""name"": ""Official subfamily description lists ADC; quantity not stated"", ""source_kind"": ""mindmotion_pdsc_description"", ""type"": ""ADC""}], ""subfamily"": ""MM32F031xB""}",2026-08-12T09:13:48+00:00,manufacturer_pdsc_subfamily_description
device,mindmotion::mm32f032c6t,features_json,cmsis:MindMotion.MM32F032_DFP@1.0.4,http://www.mindmotion.com.cn/Download/MDK_KEIL/MindMotion.MM32F032_DFP.pdsc,C:\Users\confl\Desktop\alice blue\mcu-l-catalog\cache\pdsc\MindMotion.MM32F032_DFP.pdsc,"{""caveats"": [], ""description"": ""Subfamily: MM32F032x6 Frequency: 72MHz Memory: 32 kB Flash, 8 kB RAM Communication: 2 x UART, up to 2 x SPI, 1 x I2C Analog : ADC power saving mode:stop, sleep, and standby mode Other: RTC"", ""parsed_features"": [{""count"": ""2"", ""name"": ""Official subfamily description: UART"", ""source_kind"": ""mindmotion_pdsc_description"", ""type"": ""UART""}, {""count"": ""2"", ""name"": ""Official subfamily description: SPI"", ""source_kind"": ""mindmotion_pdsc_description"", ""type"": ""SPI""}, {""count"": ""1"", ""name"": ""Official subfamily description: I2C"", ""source_kind"": ""mindmotion_pdsc_description"", ""type"": ""I2C""}, {""name"": ""Official subfamily description lists ADC; quantity not stated"", ""source_kind"": ""mindmotion_pdsc_description"", ""type"": ""ADC""}, {""count"": ""1"", ""name"": ""Official subfamily description: RTC"", ""source_kind"": ""mindmotion_pdsc_description"", ""type"": ""RTC""}], ""subfamily"": ""MM32F032x6""}",2026-08-12T09:13:48+00:00,manufacturer_pdsc_subfamily_description
device,mindmotion::mm32f032k6t,features_json,cmsis:MindMotion.MM32F032_DFP@1.0.4,http://www.mindmotion.com.cn/Download/MDK_KEIL/MindMotion.MM32F032_DFP.pdsc,C:\Users\confl\Desktop\alice blue\mcu-l-catalog\cache\pdsc\MindMotion.MM32F032_DFP.pdsc,"{""caveats"": [], ""description"": ""Subfamily: MM32F032x6 Frequency: 72MHz Memory: 32 kB Flash, 8 kB RAM Communication: 2 x UART, up to 2 x SPI, 1 x I2C Analog : ADC power saving mode:stop, sleep, and standby mode Other: RTC"", ""parsed_features"": [{""count"": ""2"", ""name"": ""Official subfamily description: UART"", ""source_kind"": ""mindmotion_pdsc_description"", ""type"": ""UART""}, {""count"": ""2"", ""name"": ""Official subfamily description: SPI"", ""source_kind"": ""mindmotion_pdsc_description"", ""type"": ""SPI""}, {""count"": ""1"", ""name"": ""Official subfamily description: I2C"", ""source_kind"": ""mindmotion_pdsc_description"", ""type"": ""I2C""}, {""name"": ""Official subfamily description lists ADC; quantity not stated"", ""source_kind"": ""mindmotion_pdsc_description"", ""type"": ""ADC""}, {""count"": ""1"", ""name"": ""Official subfamily description: RTC"", ""source_kind"": ""mindmotion_pdsc_description"", ""type"": ""RTC""}], ""subfamily"": ""MM32F032x6""}",2026-08-12T09:13:48+00:00,manufacturer_pdsc_subfamily_description
device,mindmotion::mm32f032k6u,features_json,cmsis:MindMotion.MM32F032_DFP@1.0.4,http://www.mindmotion.com.cn/Download/MDK_KEIL/MindMotion.MM32F032_DFP.pdsc,C:\Users\confl\Desktop\alice blue\mcu-l-catalog\cache\pdsc\MindMotion.MM32F032_DFP.pdsc,"{""caveats"": [], ""description"": ""Subfamily: MM32F032x6 Frequency: 72MHz Memory: 32 kB Flash, 8 kB RAM Communication: 2 x UART, up to 2 x SPI, 1 x I2C Analog : ADC power saving mode:stop, sleep, and standby mode Other: RTC"", ""parsed_features"": [{""count"": ""2"", ""name"": ""Official subfamily description: UART"", ""source_kind"": ""mindmotion_pdsc_description"", ""type"": ""UART""}, {""count"": ""2"", ""name"": ""Official subfamily description: SPI"", ""source_kind"": ""mindmotion_pdsc_description"", ""type"": ""SPI""}, {""count"": ""1"", ""name"": ""Official subfamily description: I2C"", ""source_kind"": ""mindmotion_pdsc_description"", ""type"": ""I2C""}, {""name"": ""Official subfamily description lists ADC; quantity not stated"", ""source_kind"": ""mindmotion_pdsc_description"", ""type"": ""ADC""}, {""count"": ""1"", ""name"": ""Official subfamily description: RTC"", ""source_kind"": ""mindmotion_pdsc_description"", ""type"": ""RTC""}], ""subfamily"": ""MM32F032x6""}",2026-08-12T09:13:48+00:00,manufacturer_pdsc_subfamily_description
device,mindmotion::mm32f032r6t,features_json,cmsis:MindMotion.MM32F032_DFP@1.0.4,http://www.mindmotion.com.cn/Download/MDK_KEIL/MindMotion.MM32F032_DFP.pdsc,C:\Users\confl\Desktop\alice blue\mcu-l-catalog\cache\pdsc\MindMotion.MM32F032_DFP.pdsc,"{""caveats"": [], ""description"": ""Subfamily: MM32F032x6 Frequency: 72MHz Memory: 32 kB Flash, 8 kB RAM Communication: 2 x UART, up to 2 x SPI, 1 x I2C Analog : ADC power saving mode:stop, sleep, and standby mode Other: RTC"", ""parsed_features"": [{""count"": ""2"", ""name"": ""Official subfamily description: UART"", ""source_kind"": ""mindmotion_pdsc_description"", ""type"": ""UART""}, {""count"": ""2"", ""name"": ""Official subfamily description: SPI"", ""source_kind"": ""mindmotion_pdsc_description"", ""type"": ""SPI""}, {""count"": ""1"", ""name"": ""Official subfamily description: I2C"", ""source_kind"": ""mindmotion_pdsc_description"", ""type"": ""I2C""}, {""name"": ""Official subfamily description lists ADC; quantity not stated"", ""source_kind"": ""mindmotion_pdsc_description"", ""type"": ""ADC""}, {""count"": ""1"", ""name"": ""Official subfamily description: RTC"", ""source_kind"": ""mindmotion_pdsc_description"", ""type"": ""RTC""}], ""subfamily"": ""MM32F032x6""}",2026-08-12T09:13:48+00:00,manufacturer_pdsc_subfamily_description
device,mindmotion::mm32f032c8t,features_json,cmsis:MindMotion.MM32F032_DFP@1.0.4,http://www.mindmotion.com.cn/Download/MDK_KEIL/MindMotion.MM32F032_DFP.pdsc,C:\Users\confl\Desktop\alice blue\mcu-l-catalog\cache\pdsc\MindMotion.MM32F032_DFP.pdsc,"{""caveats"": [], ""description"": ""Subfamily: MM32F032x8 Frequency: 72MHz Memory: 64 kB Flash, 16 kB RAM Communication: 2 x UART, up to 2 x SPI, 1 x I2C Analog : ADC power saving mode:stop, sleep, and standby mode Other: RTC"", ""parsed_features"": [{""count"": ""2"", ""name"": ""Official subfamily description: UART"", ""source_kind"": ""mindmotion_pdsc_description"", ""type"": ""UART""}, {""count"": ""2"", ""name"": ""Official subfamily description: SPI"", ""source_kind"": ""mindmotion_pdsc_description"", ""type"": ""SPI""}, {""count"": ""1"", ""name"": ""Official subfamily description: I2C"", ""source_kind"": ""mindmotion_pdsc_description"", ""type"": ""I2C""}, {""name"": ""Official subfamily description lists ADC; quantity not stated"", ""source_kind"": ""mindmotion_pdsc_description"", ""type"": ""ADC""}, {""count"": ""1"", ""name"": ""Official subfamily description: RTC"", ""source_kind"": ""mindmotion_pdsc_description"", ""type"": ""RTC""}], ""subfamily"": ""MM32F032x8""}",2026-08-12T09:13:48+00:00,manufacturer_pdsc_subfamily_description
device,mindmotion::mm32f032k8t,features_json,cmsis:MindMotion.MM32F032_DFP@1.0.4,http://www.mindmotion.com.cn/Download/MDK_KEIL/MindMotion.MM32F032_DFP.pdsc,C:\Users\confl\Desktop\alice blue\mcu-l-catalog\cache\pdsc\MindMotion.MM32F032_DFP.pdsc,"{""caveats"": [], ""description"": ""Subfamily: MM32F032x8 Frequency: 72MHz Memory: 64 kB Flash, 16 kB RAM Communication: 2 x UART, up to 2 x SPI, 1 x I2C Analog : ADC power saving mode:stop, sleep, and standby mode Other: RTC"", ""parsed_features"": [{""count"": ""2"", ""name"": ""Official subfamily description: UART"", ""source_kind"": ""mindmotion_pdsc_description"", ""type"": ""UART""}, {""count"": ""2"", ""name"": ""Official subfamily description: SPI"", ""source_kind"": ""mindmotion_pdsc_description"", ""type"": ""SPI""}, {""count"": ""1"", ""name"": ""Official subfamily description: I2C"", ""source_kind"": ""mindmotion_pdsc_description"", ""type"": ""I2C""}, {""name"": ""Official subfamily description lists ADC; quantity not stated"", ""source_kind"": ""mindmotion_pdsc_description"", ""type"": ""ADC""}, {""count"": ""1"", ""name"": ""Official subfamily description: RTC"", ""source_kind"": ""mindmotion_pdsc_description"", ""type"": ""RTC""}], ""subfamily"": ""MM32F032x8""}",2026-08-12T09:13:48+00:00,manufacturer_pdsc_subfamily_description
device,mindmotion::mm32f032k8u,features_json,cmsis:MindMotion.MM32F032_DFP@1.0.4,http://www.mindmotion.com.cn/Download/MDK_KEIL/MindMotion.MM32F032_DFP.pdsc,C:\Users\confl\Desktop\alice blue\mcu-l-catalog\cache\pdsc\MindMotion.MM32F032_DFP.pdsc,"{""caveats"": [], ""description"": ""Subfamily: MM32F032x8 Frequency: 72MHz Memory: 64 kB Flash, 16 kB RAM Communication: 2 x UART, up to 2 x SPI, 1 x I2C Analog : ADC power saving mode:stop, sleep, and standby mode Other: RTC"", ""parsed_features"": [{""count"": ""2"", ""name"": ""Official subfamily description: UART"", ""source_kind"": ""mindmotion_pdsc_description"", ""type"": ""UART""}, {""count"": ""2"", ""name"": ""Official subfamily description: SPI"", ""source_kind"": ""mindmotion_pdsc_description"", ""type"": ""SPI""}, {""count"": ""1"", ""name"": ""Official subfamily description: I2C"", ""source_kind"": ""mindmotion_pdsc_description"", ""type"": ""I2C""}, {""name"": ""Official subfamily description lists ADC; quantity not stated"", ""source_kind"": ""mindmotion_pdsc_description"", ""type"": ""ADC""}, {""count"": ""1"", ""name"": ""Official subfamily description: RTC"", ""source_kind"": ""mindmotion_pdsc_description"", ""type"": ""RTC""}], ""subfamily"": ""MM32F032x8""}",2026-08-12T09:13:48+00:00,manufacturer_pdsc_subfamily_description
device,mindmotion::mm32f032r8t,features_json,cmsis:MindMotion.MM32F032_DFP@1.0.4,http://www.mindmotion.com.cn/Download/MDK_KEIL/MindMotion.MM32F032_DFP.pdsc,C:\Users\confl\Desktop\alice blue\mcu-l-catalog\cache\pdsc\MindMotion.MM32F032_DFP.pdsc,"{""caveats"": [], ""description"": ""Subfamily: MM32F032x8 Frequency: 72MHz Memory: 64 kB Flash, 16 kB RAM Communication: 2 x UART, up to 2 x SPI, 1 x I2C Analog : ADC power saving mode:stop, sleep, and standby mode Other: RTC"", ""parsed_features"": [{""count"": ""2"", ""name"": ""Official subfamily description: UART"", ""source_kind"": ""mindmotion_pdsc_description"", ""type"": ""UART""}, {""count"": ""2"", ""name"": ""Official subfamily description: SPI"", ""source_kind"": ""mindmotion_pdsc_description"", ""type"": ""SPI""}, {""count"": ""1"", ""name"": ""Official subfamily description: I2C"", ""source_kind"": ""mindmotion_pdsc_description"", ""type"": ""I2C""}, {""name"": ""Official subfamily description lists ADC; quantity not stated"", ""source_kind"": ""mindmotion_pdsc_description"", ""type"": ""ADC""}, {""count"": ""1"", ""name"": ""Official subfamily description: RTC"", ""source_kind"": ""mindmotion_pdsc_description"", ""type"": ""RTC""}], ""subfamily"": ""MM32F032x8""}",2026-08-12T09:13:48+00:00,manufacturer_pdsc_subfamily_description
device,mindmotion::mm32f103c8t,features_json,cmsis:MindMotion.MM32F103x8xB_DFP@1.4.8,http://www.mindmotion.com.cn/Download/MDK_KEIL/MindMotion.MM32F103x8xB_DFP.pdsc,C:\Users\confl\Desktop\alice blue\mcu-l-catalog\cache\pdsc\MindMotion.MM32F103x8xB_DFP.pdsc,"{""caveats"": [], ""description"": ""Subfamily: MM32F103x8 Frequency: 96MHz Memory: 64 kB Flash, 20 kB RAM Communication: up to 3 x UART, up to 2 x SPI, up to 2 x I2C,CAN, USB Analog : ADC power saving mode:stop, sleep, and standby mode Other: RTC"", ""parsed_features"": [{""count"": ""3"", ""name"": ""Official subfamily description: UART"", ""source_kind"": ""mindmotion_pdsc_description"", ""type"": ""UART""}, {""count"": ""2"", ""name"": ""Official subfamily description: SPI"", ""source_kind"": ""mindmotion_pdsc_description"", ""type"": ""SPI""}, {""count"": ""2"", ""name"": ""Official subfamily description: I2C"", ""source_kind"": ""mindmotion_pdsc_description"", ""type"": ""I2C""}, {""count"": ""1"", ""name"": ""Official subfamily description: CAN"", ""source_kind"": ""mindmotion_pdsc_description"", ""type"": ""CAN""}, {""count"": ""1"", ""name"": ""Official subfamily description: USB"", ""source_kind"": ""mindmotion_pdsc_description"", ""type"": ""USBD""}, {""name"": ""Official subfamily description lists ADC; quantity not stated"", ""source_kind"": ""mindmotion_pdsc_description"", ""type"": ""ADC""}, {""count"": ""1"", ""name"": ""Official subfamily description: RTC"", ""source_kind"": ""mindmotion_pdsc_description"", ""type"": ""RTC""}], ""subfamily"": ""MM32F103x8""}",2026-08-12T09:13:48+00:00,manufacturer_pdsc_subfamily_description
device,mindmotion::mm32f103k8t,features_json,cmsis:MindMotion.MM32F103x8xB_DFP@1.4.8,http://www.mindmotion.com.cn/Download/MDK_KEIL/MindMotion.MM32F103x8xB_DFP.pdsc,C:\Users\confl\Desktop\alice blue\mcu-l-catalog\cache\pdsc\MindMotion.MM32F103x8xB_DFP.pdsc,"{""caveats"": [], ""description"": ""Subfamily: MM32F103x8 Frequency: 96MHz Memory: 64 kB Flash, 20 kB RAM Communication: up to 3 x UART, up to 2 x SPI, up to 2 x I2C,CAN, USB Analog : ADC power saving mode:stop, sleep, and standby mode Other: RTC"", ""parsed_features"": [{""count"": ""3"", ""name"": ""Official subfamily description: UART"", ""source_kind"": ""mindmotion_pdsc_description"", ""type"": ""UART""}, {""count"": ""2"", ""name"": ""Official subfamily description: SPI"", ""source_kind"": ""mindmotion_pdsc_description"", ""type"": ""SPI""}, {""count"": ""2"", ""name"": ""Official subfamily description: I2C"", ""source_kind"": ""mindmotion_pdsc_description"", ""type"": ""I2C""}, {""count"": ""1"", ""name"": ""Official subfamily description: CAN"", ""source_kind"": ""mindmotion_pdsc_description"", ""type"": ""CAN""}, {""count"": ""1"", ""name"": ""Official subfamily description: USB"", ""source_kind"": ""mindmotion_pdsc_description"", ""type"": ""USBD""}, {""name"": ""Official subfamily description lists ADC; quantity not stated"", ""source_kind"": ""mindmotion_pdsc_description"", ""type"": ""ADC""}, {""count"": ""1"", ""name"": ""Official subfamily description: RTC"", ""source_kind"": ""mindmotion_pdsc_description"", ""type"": ""RTC""}], ""subfamily"": ""MM32F103x8""}",2026-08-12T09:13:48+00:00,manufacturer_pdsc_subfamily_description
device,mindmotion::mm32f103k8u,features_json,cmsis:MindMotion.MM32F103x8xB_DFP@1.4.8,http://www.mindmotion.com.cn/Download/MDK_KEIL/MindMotion.MM32F103x8xB_DFP.pdsc,C:\Users\confl\Desktop\alice blue\mcu-l-catalog\cache\pdsc\MindMotion.MM32F103x8xB_DFP.pdsc,"{""caveats"": [], ""description"": ""Subfamily: MM32F103x8 Frequency: 96MHz Memory: 64 kB Flash, 20 kB RAM Communication: up to 3 x UART, up to 2 x SPI, up to 2 x I2C,CAN, USB Analog : ADC power saving mode:stop, sleep, and standby mode Other: RTC"", ""parsed_features"": [{""count"": ""3"", ""name"": ""Official subfamily description: UART"", ""source_kind"": ""mindmotion_pdsc_description"", ""type"": ""UART""}, {""count"": ""2"", ""name"": ""Official subfamily description: SPI"", ""source_kind"": ""mindmotion_pdsc_description"", ""type"": ""SPI""}, {""count"": ""2"", ""name"": ""Official subfamily description: I2C"", ""source_kind"": ""mindmotion_pdsc_description"", ""type"": ""I2C""}, {""count"": ""1"", ""name"": ""Official subfamily description: CAN"", ""source_kind"": ""mindmotion_pdsc_description"", ""type"": ""CAN""}, {""count"": ""1"", ""name"": ""Official subfamily description: USB"", ""source_kind"": ""mindmotion_pdsc_description"", ""type"": ""USBD""}, {""name"": ""Official subfamily description lists ADC; quantity not stated"", ""source_kind"": ""mindmotion_pdsc_description"", ""type"": ""ADC""}, {""count"": ""1"", ""name"": ""Official subfamily description: RTC"", ""source_kind"": ""mindmotion_pdsc_description"", ""type"": ""RTC""}], ""subfamily"": ""MM32F103x8""}",2026-08-12T09:13:48+00:00,manufacturer_pdsc_subfamily_description
device,mindmotion::mm32f103r8t,features_json,cmsis:MindMotion.MM32F103x8xB_DFP@1.4.8,http://www.mindmotion.com.cn/Download/MDK_KEIL/MindMotion.MM32F103x8xB_DFP.pdsc,C:\Users\confl\Desktop\alice blue\mcu-l-catalog\cache\pdsc\MindMotion.MM32F103x8xB_DFP.pdsc,"{""caveats"": [], ""description"": ""Subfamily: MM32F103x8 Frequency: 96MHz Memory: 64 kB Flash, 20 kB RAM Communication: up to 3 x UART, up to 2 x SPI, up to 2 x I2C,CAN, USB Analog : ADC power saving mode:stop, sleep, and standby mode Other: RTC"", ""parsed_features"": [{""count"": ""3"", ""name"": ""Official subfamily description: UART"", ""source_kind"": ""mindmotion_pdsc_description"", ""type"": ""UART""}, {""count"": ""2"", ""name"": ""Official subfamily description: SPI"", ""source_kind"": ""mindmotion_pdsc_description"", ""type"": ""SPI""}, {""count"": ""2"", ""name"": ""Official subfamily description: I2C"", ""source_kind"": ""mindmotion_pdsc_description"", ""type"": ""I2C""}, {""count"": ""1"", ""name"": ""Official subfamily description: CAN"", ""source_kind"": ""mindmotion_pdsc_description"", ""type"": ""CAN""}, {""count"": ""1"", ""name"": ""Official subfamily description: USB"", ""source_kind"": ""mindmotion_pdsc_description"", ""type"": ""USBD""}, {""name"": ""Official subfamily description lists ADC; quantity not stated"", ""source_kind"": ""mindmotion_pdsc_description"", ""type"": ""ADC""}, {""count"": ""1"", ""name"": ""Official subfamily description: RTC"", ""source_kind"": ""mindmotion_pdsc_description"", ""type"": ""RTC""}], ""subfamily"": ""MM32F103x8""}",2026-08-12T09:13:48+00:00,manufacturer_pdsc_subfamily_description
device,mindmotion::mm32f103cbt,features_json,cmsis:MindMotion.MM32F103x8xB_DFP@1.4.8,http://www.mindmotion.com.cn/Download/MDK_KEIL/MindMotion.MM32F103x8xB_DFP.pdsc,C:\Users\confl\Desktop\alice blue\mcu-l-catalog\cache\pdsc\MindMotion.MM32F103x8xB_DFP.pdsc,"{""caveats"": [], ""description"": ""Subfamily: MM32F103xB Frequency: 96MHz Memory: 128 kB Flash, 20 kB RAM Communication: up to 3 x UART, up to 2 x SPI, up to 2 x I2C,CAN, USB Analog : ADC power saving mode:stop, sleep, and standby mode Other: RTC"", ""parsed_features"": [{""count"": ""3"", ""name"": ""Official subfamily description: UART"", ""source_kind"": ""mindmotion_pdsc_description"", ""type"": ""UART""}, {""count"": ""2"", ""name"": ""Official subfamily description: SPI"", ""source_kind"": ""mindmotion_pdsc_description"", ""type"": ""SPI""}, {""count"": ""2"", ""name"": ""Official subfamily description: I2C"", ""source_kind"": ""mindmotion_pdsc_description"", ""type"": ""I2C""}, {""count"": ""1"", ""name"": ""Official subfamily description: CAN"", ""source_kind"": ""mindmotion_pdsc_description"", ""type"": ""CAN""}, {""count"": ""1"", ""name"": ""Official subfamily description: USB"", ""source_kind"": ""mindmotion_pdsc_description"", ""type"": ""USBD""}, {""name"": ""Official subfamily description lists ADC; quantity not stated"", ""source_kind"": ""mindmotion_pdsc_description"", ""type"": ""ADC""}, {""count"": ""1"", ""name"": ""Official subfamily description: RTC"", ""source_kind"": ""mindmotion_pdsc_description"", ""type"": ""RTC""}], ""subfamily"": ""MM32F103xB""}",2026-08-12T09:13:48+00:00,manufacturer_pdsc_subfamily_description
device,mindmotion::mm32f103kbt,features_json,cmsis:MindMotion.MM32F103x8xB_DFP@1.4.8,http://www.mindmotion.com.cn/Download/MDK_KEIL/MindMotion.MM32F103x8xB_DFP.pdsc,C:\Users\confl\Desktop\alice blue\mcu-l-catalog\cache\pdsc\MindMotion.MM32F103x8xB_DFP.pdsc,"{""caveats"": [], ""description"": ""Subfamily: MM32F103xB Frequency: 96MHz Memory: 128 kB Flash, 20 kB RAM Communication: up to 3 x UART, up to 2 x SPI, up to 2 x I2C,CAN, USB Analog : ADC power saving mode:stop, sleep, and standby mode Other: RTC"", ""parsed_features"": [{""count"": ""3"", ""name"": ""Official subfamily description: UART"", ""source_kind"": ""mindmotion_pdsc_description"", ""type"": ""UART""}, {""count"": ""2"", ""name"": ""Official subfamily description: SPI"", ""source_kind"": ""mindmotion_pdsc_description"", ""type"": ""SPI""}, {""count"": ""2"", ""name"": ""Official subfamily description: I2C"", ""source_kind"": ""mindmotion_pdsc_description"", ""type"": ""I2C""}, {""count"": ""1"", ""name"": ""Official subfamily description: CAN"", ""source_kind"": ""mindmotion_pdsc_description"", ""type"": ""CAN""}, {""count"": ""1"", ""name"": ""Official subfamily description: USB"", ""source_kind"": ""mindmotion_pdsc_description"", ""type"": ""USBD""}, {""name"": ""Official subfamily description lists ADC; quantity not stated"", ""source_kind"": ""mindmotion_pdsc_description"", ""type"": ""ADC""}, {""count"": ""1"", ""name"": ""Official subfamily description: RTC"", ""source_kind"": ""mindmotion_pdsc_description"", ""type"": ""RTC""}], ""subfamily"": ""MM32F103xB""}",2026-08-12T09:13:48+00:00,manufacturer_pdsc_subfamily_description
device,mindmotion::mm32f103kbu,features_json,cmsis:MindMotion.MM32F103x8xB_DFP@1.4.8,http://www.mindmotion.com.cn/Download/MDK_KEIL/MindMotion.MM32F103x8xB_DFP.pdsc,C:\Users\confl\Desktop\alice blue\mcu-l-catalog\cache\pdsc\MindMotion.MM32F103x8xB_DFP.pdsc,"{""caveats"": [], ""description"": ""Subfamily: MM32F103xB Frequency: 96MHz Memory: 128 kB Flash, 20 kB RAM Communication: up to 3 x UART, up to 2 x SPI, up to 2 x I2C,CAN, USB Analog : ADC power saving mode:stop, sleep, and standby mode Other: RTC"", ""parsed_features"": [{""count"": ""3"", ""name"": ""Official subfamily description: UART"", ""source_kind"": ""mindmotion_pdsc_description"", ""type"": ""UART""}, {""count"": ""2"", ""name"": ""Official subfamily description: SPI"", ""source_kind"": ""mindmotion_pdsc_description"", ""type"": ""SPI""}, {""count"": ""2"", ""name"": ""Official subfamily description: I2C"", ""source_kind"": ""mindmotion_pdsc_description"", ""type"": ""I2C""}, {""count"": ""1"", ""name"": ""Official subfamily description: CAN"", ""source_kind"": ""mindmotion_pdsc_description"", ""type"": ""CAN""}, {""count"": ""1"", ""name"": ""Official subfamily description: USB"", ""source_kind"": ""mindmotion_pdsc_description"", ""type"": ""USBD""}, {""name"": ""Official subfamily description lists ADC; quantity not stated"", ""source_kind"": ""mindmotion_pdsc_description"", ""type"": ""ADC""}, {""count"": ""1"", ""name"": ""Official subfamily description: RTC"", ""source_kind"": ""mindmotion_pdsc_description"", ""type"": ""RTC""}], ""subfamily"": ""MM32F103xB""}",2026-08-12T09:13:48+00:00,manufacturer_pdsc_subfamily_description
device,mindmotion::mm32f103rbt,features_json,cmsis:MindMotion.MM32F103x8xB_DFP@1.4.8,http://www.mindmotion.com.cn/Download/MDK_KEIL/MindMotion.MM32F103x8xB_DFP.pdsc,C:\Users\confl\Desktop\alice blue\mcu-l-catalog\cache\pdsc\MindMotion.MM32F103x8xB_DFP.pdsc,"{""caveats"": [], ""description"": ""Subfamily: MM32F103xB Frequency: 96MHz Memory: 128 kB Flash, 20 kB RAM Communication: up to 3 x UART, up to 2 x SPI, up to 2 x I2C,CAN, USB Analog : ADC power saving mode:stop, sleep, and standby mode Other: RTC"", ""parsed_features"": [{""count"": ""3"", ""name"": ""Official subfamily description: UART"", ""source_kind"": ""mindmotion_pdsc_description"", ""type"": ""UART""}, {""count"": ""2"", ""name"": ""Official subfamily description: SPI"", ""source_kind"": ""mindmotion_pdsc_description"", ""type"": ""SPI""}, {""count"": ""2"", ""name"": ""Official subfamily description: I2C"", ""source_kind"": ""mindmotion_pdsc_description"", ""type"": ""I2C""}, {""count"": ""1"", ""name"": ""Official subfamily description: CAN"", ""source_kind"": ""mindmotion_pdsc_description"", ""type"": ""CAN""}, {""count"": ""1"", ""name"": ""Official subfamily description: USB"", ""source_kind"": ""mindmotion_pdsc_description"", ""type"": ""USBD""}, {""name"": ""Official subfamily description lists ADC; quantity not stated"", ""source_kind"": ""mindmotion_pdsc_description"", ""type"": ""ADC""}, {""count"": ""1"", ""name"": ""Official subfamily description: RTC"", ""source_kind"": ""mindmotion_pdsc_description"", ""type"": ""RTC""}], ""subfamily"": ""MM32F103xB""}",2026-08-12T09:13:48+00:00,manufacturer_pdsc_subfamily_description
device,mindmotion::mm32f103cct,features_json,cmsis:MindMotion.MM32F103xCxE_DFP@1.0.6,http://www.mindmotion.com.cn/Download/MDK_KEIL/MindMotion.MM32F103xCxE_DFP.pdsc,C:\Users\confl\Desktop\alice blue\mcu-l-catalog\cache\pdsc\MindMotion.MM32F103xCxE_DFP.pdsc,"{""caveats"": [], ""description"": ""Subfamily: MM32F103xC Frequency: 96MHz Memory: 256 kB Flash, 64 kB RAM Communication:up to 8 x UART,up to 3 x SPI, up to 2 x I2C, USB, CAN, up to 1 x SDIO Analog : ADC, COMP power saving mode:stop, sleep, and standby mode Other: RTC"", ""parsed_features"": [{""count"": ""8"", ""name"": ""Official subfamily description: UART"", ""source_kind"": ""mindmotion_pdsc_description"", ""type"": ""UART""}, {""count"": ""3"", ""name"": ""Official subfamily description: SPI"", ""source_kind"": ""mindmotion_pdsc_description"", ""type"": ""SPI""}, {""count"": ""2"", ""name"": ""Official subfamily description: I2C"", ""source_kind"": ""mindmotion_pdsc_description"", ""type"": ""I2C""}, {""count"": ""1"", ""name"": ""Official subfamily description: CAN"", ""source_kind"": ""mindmotion_pdsc_description"", ""type"": ""CAN""}, {""count"": ""1"", ""name"": ""Official subfamily description: SDIO"", ""source_kind"": ""mindmotion_pdsc_description"", ""type"": ""SDIO""}, {""count"": ""1"", ""name"": ""Official subfamily description: USB"", ""source_kind"": ""mindmotion_pdsc_description"", ""type"": ""USBD""}, {""name"": ""Official subfamily description lists ADC; quantity not stated"", ""source_kind"": ""mindmotion_pdsc_description"", ""type"": ""ADC""}, {""name"": ""Official subfamily description lists COMP; quantity not stated"", ""source_kind"": ""mindmotion_pdsc_description"", ""type"": ""COMP""}, {""count"": ""1"", ""name"": ""Official subfamily description: RTC"", ""source_kind"": ""mindmotion_pdsc_description"", ""type"": ""RTC""}], ""subfamily"": ""MM32F103xC""}",2026-08-12T09:13:48+00:00,manufacturer_pdsc_subfamily_description
device,mindmotion::mm32f103kct,features_json,cmsis:MindMotion.MM32F103xCxE_DFP@1.0.6,http://www.mindmotion.com.cn/Download/MDK_KEIL/MindMotion.MM32F103xCxE_DFP.pdsc,C:\Users\confl\Desktop\alice blue\mcu-l-catalog\cache\pdsc\MindMotion.MM32F103xCxE_DFP.pdsc,"{""caveats"": [], ""description"": ""Subfamily: MM32F103xC Frequency: 96MHz Memory: 256 kB Flash, 64 kB RAM Communication:up to 8 x UART,up to 3 x SPI, up to 2 x I2C, USB, CAN, up to 1 x SDIO Analog : ADC, COMP power saving mode:stop, sleep, and standby mode Other: RTC"", ""parsed_features"": [{""count"": ""8"", ""name"": ""Official subfamily description: UART"", ""source_kind"": ""mindmotion_pdsc_description"", ""type"": ""UART""}, {""count"": ""3"", ""name"": ""Official subfamily description: SPI"", ""source_kind"": ""mindmotion_pdsc_description"", ""type"": ""SPI""}, {""count"": ""2"", ""name"": ""Official subfamily description: I2C"", ""source_kind"": ""mindmotion_pdsc_description"", ""type"": ""I2C""}, {""count"": ""1"", ""name"": ""Official subfamily description: CAN"", ""source_kind"": ""mindmotion_pdsc_description"", ""type"": ""CAN""}, {""count"": ""1"", ""name"": ""Official subfamily description: SDIO"", ""source_kind"": ""mindmotion_pdsc_description"", ""type"": ""SDIO""}, {""count"": ""1"", ""name"": ""Official subfamily description: USB"", ""source_kind"": ""mindmotion_pdsc_description"", ""type"": ""USBD""}, {""name"": ""Official subfamily description lists ADC; quantity not stated"", ""source_kind"": ""mindmotion_pdsc_description"", ""type"": ""ADC""}, {""name"": ""Official subfamily description lists COMP; quantity not stated"", ""source_kind"": ""mindmotion_pdsc_description"", ""type"": ""COMP""}, {""count"": ""1"", ""name"": ""Official subfamily description: RTC"", ""source_kind"": ""mindmotion_pdsc_description"", ""type"": ""RTC""}], ""subfamily"": ""MM32F103xC""}",2026-08-12T09:13:48+00:00,manufacturer_pdsc_subfamily_description
device,mindmotion::mm32f103kcu,features_json,cmsis:MindMotion.MM32F103xCxE_DFP@1.0.6,http://www.mindmotion.com.cn/Download/MDK_KEIL/MindMotion.MM32F103xCxE_DFP.pdsc,C:\Users\confl\Desktop\alice blue\mcu-l-catalog\cache\pdsc\MindMotion.MM32F103xCxE_DFP.pdsc,"{""caveats"": [], ""description"": ""Subfamily: MM32F103xC Frequency: 96MHz Memory: 256 kB Flash, 64 kB RAM Communication:up to 8 x UART,up to 3 x SPI, up to 2 x I2C, USB, CAN, up to 1 x SDIO Analog : ADC, COMP power saving mode:stop, sleep, and standby mode Other: RTC"", ""parsed_features"": [{""count"": ""8"", ""name"": ""Official subfamily description: UART"", ""source_kind"": ""mindmotion_pdsc_description"", ""type"": ""UART""}, {""count"": ""3"", ""name"": ""Official subfamily description: SPI"", ""source_kind"": ""mindmotion_pdsc_description"", ""type"": ""SPI""}, {""count"": ""2"", ""name"": ""Official subfamily description: I2C"", ""source_kind"": ""mindmotion_pdsc_description"", ""type"": ""I2C""}, {""count"": ""1"", ""name"": ""Official subfamily description: CAN"", ""source_kind"": ""mindmotion_pdsc_description"", ""type"": ""CAN""}, {""count"": ""1"", ""name"": ""Official subfamily description: SDIO"", ""source_kind"": ""mindmotion_pdsc_description"", ""type"": ""SDIO""}, {""count"": ""1"", ""name"": ""Official subfamily description: USB"", ""source_kind"": ""mindmotion_pdsc_description"", ""type"": ""USBD""}, {""name"": ""Official subfamily description lists ADC; quantity not stated"", ""source_kind"": ""mindmotion_pdsc_description"", ""type"": ""ADC""}, {""name"": ""Official subfamily description lists COMP; quantity not stated"", ""source_kind"": ""mindmotion_pdsc_description"", ""type"": ""COMP""}, {""count"": ""1"", ""name"": ""Official subfamily description: RTC"", ""source_kind"": ""mindmotion_pdsc_description"", ""type"": ""RTC""}], ""subfamily"": ""MM32F103xC""}",2026-08-12T09:13:48+00:00,manufacturer_pdsc_subfamily_description
device,mindmotion::mm32f103rct,features_json,cmsis:MindMotion.MM32F103xCxE_DFP@1.0.6,http://www.mindmotion.com.cn/Download/MDK_KEIL/MindMotion.MM32F103xCxE_DFP.pdsc,C:\Users\confl\Desktop\alice blue\mcu-l-catalog\cache\pdsc\MindMotion.MM32F103xCxE_DFP.pdsc,"{""caveats"": [], ""description"": ""Subfamily: MM32F103xC Frequency: 96MHz Memory: 256 kB Flash, 64 kB RAM Communication:up to 8 x UART,up to 3 x SPI, up to 2 x I2C, USB, CAN, up to 1 x SDIO Analog : ADC, COMP power saving mode:stop, sleep, and standby mode Other: RTC"", ""parsed_features"": [{""count"": ""8"", ""name"": ""Official subfamily description: UART"", ""source_kind"": ""mindmotion_pdsc_description"", ""type"": ""UART""}, {""count"": ""3"", ""name"": ""Official subfamily description: SPI"", ""source_kind"": ""mindmotion_pdsc_description"", ""type"": ""SPI""}, {""count"": ""2"", ""name"": ""Official subfamily description: I2C"", ""source_kind"": ""mindmotion_pdsc_description"", ""type"": ""I2C""}, {""count"": ""1"", ""name"": ""Official subfamily description: CAN"", ""source_kind"": ""mindmotion_pdsc_description"", ""type"": ""CAN""}, {""count"": ""1"", ""name"": ""Official subfamily description: SDIO"", ""source_kind"": ""mindmotion_pdsc_description"", ""type"": ""SDIO""}, {""count"": ""1"", ""name"": ""Official subfamily description: USB"", ""source_kind"": ""mindmotion_pdsc_description"", ""type"": ""USBD""}, {""name"": ""Official subfamily description lists ADC; quantity not stated"", ""source_kind"": ""mindmotion_pdsc_description"", ""type"": ""ADC""}, {""name"": ""Official subfamily description lists COMP; quantity not stated"", ""source_kind"": ""mindmotion_pdsc_description"", ""type"": ""COMP""}, {""count"": ""1"", ""name"": ""Official subfamily description: RTC"", ""source_kind"": ""mindmotion_pdsc_description"", ""type"": ""RTC""}], ""subfamily"": ""MM32F103xC""}",2026-08-12T09:13:48+00:00,manufacturer_pdsc_subfamily_description
device,mindmotion::mm32f103vct,features_json,cmsis:MindMotion.MM32F103xCxE_DFP@1.0.6,http://www.mindmotion.com.cn/Download/MDK_KEIL/MindMotion.MM32F103xCxE_DFP.pdsc,C:\Users\confl\Desktop\alice blue\mcu-l-catalog\cache\pdsc\MindMotion.MM32F103xCxE_DFP.pdsc,"{""caveats"": [], ""description"": ""Subfamily: MM32F103xC Frequency: 96MHz Memory: 256 kB Flash, 64 kB RAM Communication:up to 8 x UART,up to 3 x SPI, up to 2 x I2C, USB, CAN, up to 1 x SDIO Analog : ADC, COMP power saving mode:stop, sleep, and standby mode Other: RTC"", ""parsed_features"": [{""count"": ""8"", ""name"": ""Official subfamily description: UART"", ""source_kind"": ""mindmotion_pdsc_description"", ""type"": ""UART""}, {""count"": ""3"", ""name"": ""Official subfamily description: SPI"", ""source_kind"": ""mindmotion_pdsc_description"", ""type"": ""SPI""}, {""count"": ""2"", ""name"": ""Official subfamily description: I2C"", ""source_kind"": ""mindmotion_pdsc_description"", ""type"": ""I2C""}, {""count"": ""1"", ""name"": ""Official subfamily description: CAN"", ""source_kind"": ""mindmotion_pdsc_description"", ""type"": ""CAN""}, {""count"": ""1"", ""name"": ""Official subfamily description: SDIO"", ""source_kind"": ""mindmotion_pdsc_description"", ""type"": ""SDIO""}, {""count"": ""1"", ""name"": ""Official subfamily description: USB"", ""source_kind"": ""mindmotion_pdsc_description"", ""type"": ""USBD""}, {""name"": ""Official subfamily description lists ADC; quantity not stated"", ""source_kind"": ""mindmotion_pdsc_description"", ""type"": ""ADC""}, {""name"": ""Official subfamily description lists COMP; quantity not stated"", ""source_kind"": ""mindmotion_pdsc_description"", ""type"": ""COMP""}, {""count"": ""1"", ""name"": ""Official subfamily description: RTC"", ""source_kind"": ""mindmotion_pdsc_description"", ""type"": ""RTC""}], ""subfamily"": ""MM32F103xC""}",2026-08-12T09:13:48+00:00,manufacturer_pdsc_subfamily_description
device,mindmotion::mm32f103cet,features_json,cmsis:MindMotion.MM32F103xCxE_DFP@1.0.6,http://www.mindmotion.com.cn/Download/MDK_KEIL/MindMotion.MM32F103xCxE_DFP.pdsc,C:\Users\confl\Desktop\alice blue\mcu-l-catalog\cache\pdsc\MindMotion.MM32F103xCxE_DFP.pdsc,"{""caveats"": [], ""description"": ""Subfamily: MM32F103xE Frequency: 96MHz Memory: 512kB Flash, 128 kB RAM Communication:up to 8 x UART,up to 3 x SPI, up to 2 x I2C, USB, CAN, up to 1 x SDIO Analog : ADC, COMP power saving mode:stop, sleep, and standby mode Other: RTC"", ""parsed_features"": [{""count"": ""8"", ""name"": ""Official subfamily description: UART"", ""source_kind"": ""mindmotion_pdsc_description"", ""type"": ""UART""}, {""count"": ""3"", ""name"": ""Official subfamily description: SPI"", ""source_kind"": ""mindmotion_pdsc_description"", ""type"": ""SPI""}, {""count"": ""2"", ""name"": ""Official subfamily description: I2C"", ""source_kind"": ""mindmotion_pdsc_description"", ""type"": ""I2C""}, {""count"": ""1"", ""name"": ""Official subfamily description: CAN"", ""source_kind"": ""mindmotion_pdsc_description"", ""type"": ""CAN""}, {""count"": ""1"", ""name"": ""Official subfamily description: SDIO"", ""source_kind"": ""mindmotion_pdsc_description"", ""type"": ""SDIO""}, {""count"": ""1"", ""name"": ""Official subfamily description: USB"", ""source_kind"": ""mindmotion_pdsc_description"", ""type"": ""USBD""}, {""name"": ""Official subfamily description lists ADC; quantity not stated"", ""source_kind"": ""mindmotion_pdsc_description"", ""type"": ""ADC""}, {""name"": ""Official subfamily description lists COMP; quantity not stated"", ""source_kind"": ""mindmotion_pdsc_description"", ""type"": ""COMP""}, {""count"": ""1"", ""name"": ""Official subfamily description: RTC"", ""source_kind"": ""mindmotion_pdsc_description"", ""type"": ""RTC""}], ""subfamily"": ""MM32F103xE""}",2026-08-12T09:13:48+00:00,manufacturer_pdsc_subfamily_description
device,mindmotion::mm32f103ket,features_json,cmsis:MindMotion.MM32F103xCxE_DFP@1.0.6,http://www.mindmotion.com.cn/Download/MDK_KEIL/MindMotion.MM32F103xCxE_DFP.pdsc,C:\Users\confl\Desktop\alice blue\mcu-l-catalog\cache\pdsc\MindMotion.MM32F103xCxE_DFP.pdsc,"{""caveats"": [], ""description"": ""Subfamily: MM32F103xE Frequency: 96MHz Memory: 512kB Flash, 128 kB RAM Communication:up to 8 x UART,up to 3 x SPI, up to 2 x I2C, USB, CAN, up to 1 x SDIO Analog : ADC, COMP power saving mode:stop, sleep, and standby mode Other: RTC"", ""parsed_features"": [{""count"": ""8"", ""name"": ""Official subfamily description: UART"", ""source_kind"": ""mindmotion_pdsc_description"", ""type"": ""UART""}, {""count"": ""3"", ""name"": ""Official subfamily description: SPI"", ""source_kind"": ""mindmotion_pdsc_description"", ""type"": ""SPI""}, {""count"": ""2"", ""name"": ""Official subfamily description: I2C"", ""source_kind"": ""mindmotion_pdsc_description"", ""type"": ""I2C""}, {""count"": ""1"", ""name"": ""Official subfamily description: CAN"", ""source_kind"": ""mindmotion_pdsc_description"", ""type"": ""CAN""}, {""count"": ""1"", ""name"": ""Official subfamily description: SDIO"", ""source_kind"": ""mindmotion_pdsc_description"", ""type"": ""SDIO""}, {""count"": ""1"", ""name"": ""Official subfamily description: USB"", ""source_kind"": ""mindmotion_pdsc_description"", ""type"": ""USBD""}, {""name"": ""Official subfamily description lists ADC; quantity not stated"", ""source_kind"": ""mindmotion_pdsc_description"", ""type"": ""ADC""}, {""name"": ""Official subfamily description lists COMP; quantity not stated"", ""source_kind"": ""mindmotion_pdsc_description"", ""type"": ""COMP""}, {""count"": ""1"", ""name"": ""Official subfamily description: RTC"", ""source_kind"": ""mindmotion_pdsc_description"", ""type"": ""RTC""}], ""subfamily"": ""MM32F103xE""}",2026-08-12T09:13:48+00:00,manufacturer_pdsc_subfamily_description
device,mindmotion::mm32f103keu,features_json,cmsis:MindMotion.MM32F103xCxE_DFP@1.0.6,http://www.mindmotion.com.cn/Download/MDK_KEIL/MindMotion.MM32F103xCxE_DFP.pdsc,C:\Users\confl\Desktop\alice blue\mcu-l-catalog\cache\pdsc\MindMotion.MM32F103xCxE_DFP.pdsc,"{""caveats"": [], ""description"": ""Subfamily: MM32F103xE Frequency: 96MHz Memory: 512kB Flash, 128 kB RAM Communication:up to 8 x UART,up to 3 x SPI, up to 2 x I2C, USB, CAN, up to 1 x SDIO Analog : ADC, COMP power saving mode:stop, sleep, and standby mode Other: RTC"", ""parsed_features"": [{""count"": ""8"", ""name"": ""Official subfamily description: UART"", ""source_kind"": ""mindmotion_pdsc_description"", ""type"": ""UART""}, {""count"": ""3"", ""name"": ""Official subfamily description: SPI"", ""source_kind"": ""mindmotion_pdsc_description"", ""type"": ""SPI""}, {""count"": ""2"", ""name"": ""Official subfamily description: I2C"", ""source_kind"": ""mindmotion_pdsc_description"", ""type"": ""I2C""}, {""count"": ""1"", ""name"": ""Official subfamily description: CAN"", ""source_kind"": ""mindmotion_pdsc_description"", ""type"": ""CAN""}, {""count"": ""1"", ""name"": ""Official subfamily description: SDIO"", ""source_kind"": ""mindmotion_pdsc_description"", ""type"": ""SDIO""}, {""count"": ""1"", ""name"": ""Official subfamily description: USB"", ""source_kind"": ""mindmotion_pdsc_description"", ""type"": ""USBD""}, {""name"": ""Official subfamily description lists ADC; quantity not stated"", ""source_kind"": ""mindmotion_pdsc_description"", ""type"": ""ADC""}, {""name"": ""Official subfamily description lists COMP; quantity not stated"", ""source_kind"": ""mindmotion_pdsc_description"", ""type"": ""COMP""}, {""count"": ""1"", ""name"": ""Official subfamily description: RTC"", ""source_kind"": ""mindmotion_pdsc_description"", ""type"": ""RTC""}], ""subfamily"": ""MM32F103xE""}",2026-08-12T09:13:48+00:00,manufacturer_pdsc_subfamily_description
device,mindmotion::mm32f103ret,features_json,cmsis:MindMotion.MM32F103xCxE_DFP@1.0.6,http://www.mindmotion.com.cn/Download/MDK_KEIL/MindMotion.MM32F103xCxE_DFP.pdsc,C:\Users\confl\Desktop\alice blue\mcu-l-catalog\cache\pdsc\MindMotion.MM32F103xCxE_DFP.pdsc,"{""caveats"": [], ""description"": ""Subfamily: MM32F103xE Frequency: 96MHz Memory: 512kB Flash, 128 kB RAM Communication:up to 8 x UART,up to 3 x SPI, up to 2 x I2C, USB, CAN, up to 1 x SDIO Analog : ADC, COMP power saving mode:stop, sleep, and standby mode Other: RTC"", ""parsed_features"": [{""count"": ""8"", ""name"": ""Official subfamily description: UART"", ""source_kind"": ""mindmotion_pdsc_description"", ""type"": ""UART""}, {""count"": ""3"", ""name"": ""Official subfamily description: SPI"", ""source_kind"": ""mindmotion_pdsc_description"", ""type"": ""SPI""}, {""count"": ""2"", ""name"": ""Official subfamily description: I2C"", ""source_kind"": ""mindmotion_pdsc_description"", ""type"": ""I2C""}, {""count"": ""1"", ""name"": ""Official subfamily description: CAN"", ""source_kind"": ""mindmotion_pdsc_description"", ""type"": ""CAN""}, {""count"": ""1"", ""name"": ""Official subfamily description: SDIO"", ""source_kind"": ""mindmotion_pdsc_description"", ""type"": ""SDIO""}, {""count"": ""1"", ""name"": ""Official subfamily description: USB"", ""source_kind"": ""mindmotion_pdsc_description"", ""type"": ""USBD""}, {""name"": ""Official subfamily description lists ADC; quantity not stated"", ""source_kind"": ""mindmotion_pdsc_description"", ""type"": ""ADC""}, {""name"": ""Official subfamily description lists COMP; quantity not stated"", ""source_kind"": ""mindmotion_pdsc_description"", ""type"": ""COMP""}, {""count"": ""1"", ""name"": ""Official subfamily description: RTC"", ""source_kind"": ""mindmotion_pdsc_description"", ""type"": ""RTC""}], ""subfamily"": ""MM32F103xE""}",2026-08-12T09:13:48+00:00,manufacturer_pdsc_subfamily_description
device,mindmotion::mm32f103vet,features_json,cmsis:MindMotion.MM32F103xCxE_DFP@1.0.6,http://www.mindmotion.com.cn/Download/MDK_KEIL/MindMotion.MM32F103xCxE_DFP.pdsc,C:\Users\confl\Desktop\alice blue\mcu-l-catalog\cache\pdsc\MindMotion.MM32F103xCxE_DFP.pdsc,"{""caveats"": [], ""description"": ""Subfamily: MM32F103xE Frequency: 96MHz Memory: 512kB Flash, 128 kB RAM Communication:up to 8 x UART,up to 3 x SPI, up to 2 x I2C, USB, CAN, up to 1 x SDIO Analog : ADC, COMP power saving mode:stop, sleep, and standby mode Other: RTC"", ""parsed_features"": [{""count"": ""8"", ""name"": ""Official subfamily description: UART"", ""source_kind"": ""mindmotion_pdsc_description"", ""type"": ""UART""}, {""count"": ""3"", ""name"": ""Official subfamily description: SPI"", ""source_kind"": ""mindmotion_pdsc_description"", ""type"": ""SPI""}, {""count"": ""2"", ""name"": ""Official subfamily description: I2C"", ""source_kind"": ""mindmotion_pdsc_description"", ""type"": ""I2C""}, {""count"": ""1"", ""name"": ""Official subfamily description: CAN"", ""source_kind"": ""mindmotion_pdsc_description"", ""type"": ""CAN""}, {""count"": ""1"", ""name"": ""Official subfamily description: SDIO"", ""source_kind"": ""mindmotion_pdsc_description"", ""type"": ""SDIO""}, {""count"": ""1"", ""name"": ""Official subfamily description: USB"", ""source_kind"": ""mindmotion_pdsc_description"", ""type"": ""USBD""}, {""name"": ""Official subfamily description lists ADC; quantity not stated"", ""source_kind"": ""mindmotion_pdsc_description"", ""type"": ""ADC""}, {""name"": ""Official subfamily description lists COMP; quantity not stated"", ""source_kind"": ""mindmotion_pdsc_description"", ""type"": ""COMP""}, {""count"": ""1"", ""name"": ""Official subfamily description: RTC"", ""source_kind"": ""mindmotion_pdsc_description"", ""type"": ""RTC""}], ""subfamily"": ""MM32F103xE""}",2026-08-12T09:13:48+00:00,manufacturer_pdsc_subfamily_description
device,mindmotion::mm32f3273e7p,features_json,cmsis:MindMotion.MM32F3270_DFP@1.0.5,http://www.mindmotion.com.cn/Download/MDK_KEIL/MindMotion.MM32F3270_DFP.pdsc,C:\Users\confl\Desktop\alice blue\mcu-l-catalog\cache\pdsc\MindMotion.MM32F3270_DFP.pdsc,"{""caveats"": [], ""description"": ""Subfamily: MM32F3273E Frequency: 120MHz Memory: 256 kB Flash, 96 kB RAM Communication: up to 8 x UART, 3 x SPI, 2 x I2C,3 x I2S, USB_OTG, CAN, up to 1 x SDIO Analog : ADC, COMP power saving mode:stop, sleep, and standby mode Other: RTC"", ""parsed_features"": [{""count"": ""8"", ""name"": ""Official subfamily description: UART"", ""source_kind"": ""mindmotion_pdsc_description"", ""type"": ""UART""}, {""count"": ""3"", ""name"": ""Official subfamily description: SPI"", ""source_kind"": ""mindmotion_pdsc_description"", ""type"": ""SPI""}, {""count"": ""2"", ""name"": ""Official subfamily description: I2C"", ""source_kind"": ""mindmotion_pdsc_description"", ""type"": ""I2C""}, {""count"": ""3"", ""name"": ""Official subfamily description: I2S"", ""source_kind"": ""mindmotion_pdsc_description"", ""type"": ""I2S""}, {""count"": ""1"", ""name"": ""Official subfamily description: CAN"", ""source_kind"": ""mindmotion_pdsc_description"", ""type"": ""CAN""}, {""count"": ""1"", ""name"": ""Official subfamily description: SDIO"", ""source_kind"": ""mindmotion_pdsc_description"", ""type"": ""SDIO""}, {""count"": ""1"", ""name"": ""Official subfamily description: USB OTG"", ""source_kind"": ""mindmotion_pdsc_description"", ""type"": ""USBOTG""}, {""name"": ""Official subfamily description lists ADC; quantity not stated"", ""source_kind"": ""mindmotion_pdsc_description"", ""type"": ""ADC""}, {""name"": ""Official subfamily description lists COMP; quantity not stated"", ""source_kind"": ""mindmotion_pdsc_description"", ""type"": ""COMP""}, {""count"": ""1"", ""name"": ""Official subfamily description: RTC"", ""source_kind"": ""mindmotion_pdsc_description"", ""type"": ""RTC""}], ""subfamily"": ""MM32F3273E""}",2026-08-12T09:13:48+00:00,manufacturer_pdsc_subfamily_description
device,mindmotion::mm32f3273e8p,features_json,cmsis:MindMotion.MM32F3270_DFP@1.0.5,http://www.mindmotion.com.cn/Download/MDK_KEIL/MindMotion.MM32F3270_DFP.pdsc,C:\Users\confl\Desktop\alice blue\mcu-l-catalog\cache\pdsc\MindMotion.MM32F3270_DFP.pdsc,"{""caveats"": [], ""description"": ""Subfamily: MM32F3273E Frequency: 120MHz Memory: 256 kB Flash, 96 kB RAM Communication: up to 8 x UART, 3 x SPI, 2 x I2C,3 x I2S, USB_OTG, CAN, up to 1 x SDIO Analog : ADC, COMP power saving mode:stop, sleep, and standby mode Other: RTC"", ""parsed_features"": [{""count"": ""8"", ""name"": ""Official subfamily description: UART"", ""source_kind"": ""mindmotion_pdsc_description"", ""type"": ""UART""}, {""count"": ""3"", ""name"": ""Official subfamily description: SPI"", ""source_kind"": ""mindmotion_pdsc_description"", ""type"": ""SPI""}, {""count"": ""2"", ""name"": ""Official subfamily description: I2C"", ""source_kind"": ""mindmotion_pdsc_description"", ""type"": ""I2C""}, {""count"": ""3"", ""name"": ""Official subfamily description: I2S"", ""source_kind"": ""mindmotion_pdsc_description"", ""type"": ""I2S""}, {""count"": ""1"", ""name"": ""Official subfamily description: CAN"", ""source_kind"": ""mindmotion_pdsc_description"", ""type"": ""CAN""}, {""count"": ""1"", ""name"": ""Official subfamily description: SDIO"", ""source_kind"": ""mindmotion_pdsc_description"", ""type"": ""SDIO""}, {""count"": ""1"", ""name"": ""Official subfamily description: USB OTG"", ""source_kind"": ""mindmotion_pdsc_description"", ""type"": ""USBOTG""}, {""name"": ""Official subfamily description lists ADC; quantity not stated"", ""source_kind"": ""mindmotion_pdsc_description"", ""type"": ""ADC""}, {""name"": ""Official subfamily description lists COMP; quantity not stated"", ""source_kind"": ""mindmotion_pdsc_description"", ""type"": ""COMP""}, {""count"": ""1"", ""name"": ""Official subfamily description: RTC"", ""source_kind"": ""mindmotion_pdsc_description"", ""type"": ""RTC""}], ""subfamily"": ""MM32F3273E""}",2026-08-12T09:13:48+00:00,manufacturer_pdsc_subfamily_description
device,mindmotion::mm32f3273g6p,features_json,cmsis:MindMotion.MM32F3270_DFP@1.0.5,http://www.mindmotion.com.cn/Download/MDK_KEIL/MindMotion.MM32F3270_DFP.pdsc,C:\Users\confl\Desktop\alice blue\mcu-l-catalog\cache\pdsc\MindMotion.MM32F3270_DFP.pdsc,"{""caveats"": [], ""description"": ""Subfamily: MM32F3273G Frequency: 120MHz Memory: 512 kB Flash, 128 kB RAM Communication: up to 8 x UART, 3 x SPI, 2 x I2C,3 x I2S, USB_OTG, CAN, up to 1 x SDIO Analog : ADC, DAC, COMP power saving mode:stop, sleep, and standby mode Other: RTC"", ""parsed_features"": [{""count"": ""8"", ""name"": ""Official subfamily description: UART"", ""source_kind"": ""mindmotion_pdsc_description"", ""type"": ""UART""}, {""count"": ""3"", ""name"": ""Official subfamily description: SPI"", ""source_kind"": ""mindmotion_pdsc_description"", ""type"": ""SPI""}, {""count"": ""2"", ""name"": ""Official subfamily description: I2C"", ""source_kind"": ""mindmotion_pdsc_description"", ""type"": ""I2C""}, {""count"": ""3"", ""name"": ""Official subfamily description: I2S"", ""source_kind"": ""mindmotion_pdsc_description"", ""type"": ""I2S""}, {""count"": ""1"", ""name"": ""Official subfamily description: CAN"", ""source_kind"": ""mindmotion_pdsc_description"", ""type"": ""CAN""}, {""count"": ""1"", ""name"": ""Official subfamily description: SDIO"", ""source_kind"": ""mindmotion_pdsc_description"", ""type"": ""SDIO""}, {""count"": ""1"", ""name"": ""Official subfamily description: USB OTG"", ""source_kind"": ""mindmotion_pdsc_description"", ""type"": ""USBOTG""}, {""name"": ""Official subfamily description lists ADC; quantity not stated"", ""source_kind"": ""mindmotion_pdsc_description"", ""type"": ""ADC""}, {""name"": ""Official subfamily description lists DAC; quantity not stated"", ""source_kind"": ""mindmotion_pdsc_description"", ""type"": ""DAC""}, {""name"": ""Official subfamily description lists COMP; quantity not stated"", ""source_kind"": ""mindmotion_pdsc_description"", ""type"": ""COMP""}, {""count"": ""1"", ""name"": ""Official subfamily description: RTC"", ""source_kind"": ""mindmotion_pdsc_description"", ""type"": ""RTC""}], ""subfamily"": ""MM32F3273G""}",2026-08-12T09:13:48+00:00,manufacturer_pdsc_subfamily_description
device,mindmotion::mm32f3273g7p,features_json,cmsis:MindMotion.MM32F3270_DFP@1.0.5,http://www.mindmotion.com.cn/Download/MDK_KEIL/MindMotion.MM32F3270_DFP.pdsc,C:\Users\confl\Desktop\alice blue\mcu-l-catalog\cache\pdsc\MindMotion.MM32F3270_DFP.pdsc,"{""caveats"": [], ""description"": ""Subfamily: MM32F3273G Frequency: 120MHz Memory: 512 kB Flash, 128 kB RAM Communication: up to 8 x UART, 3 x SPI, 2 x I2C,3 x I2S, USB_OTG, CAN, up to 1 x SDIO Analog : ADC, DAC, COMP power saving mode:stop, sleep, and standby mode Other: RTC"", ""parsed_features"": [{""count"": ""8"", ""name"": ""Official subfamily description: UART"", ""source_kind"": ""mindmotion_pdsc_description"", ""type"": ""UART""}, {""count"": ""3"", ""name"": ""Official subfamily description: SPI"", ""source_kind"": ""mindmotion_pdsc_description"", ""type"": ""SPI""}, {""count"": ""2"", ""name"": ""Official subfamily description: I2C"", ""source_kind"": ""mindmotion_pdsc_description"", ""type"": ""I2C""}, {""count"": ""3"", ""name"": ""Official subfamily description: I2S"", ""source_kind"": ""mindmotion_pdsc_description"", ""type"": ""I2S""}, {""count"": ""1"", ""name"": ""Official subfamily description: CAN"", ""source_kind"": ""mindmotion_pdsc_description"", ""type"": ""CAN""}, {""count"": ""1"", ""name"": ""Official subfamily description: SDIO"", ""source_kind"": ""mindmotion_pdsc_description"", ""type"": ""SDIO""}, {""count"": ""1"", ""name"": ""Official subfamily description: USB OTG"", ""source_kind"": ""mindmotion_pdsc_description"", ""type"": ""USBOTG""}, {""name"": ""Official subfamily description lists ADC; quantity not stated"", ""source_kind"": ""mindmotion_pdsc_description"", ""type"": ""ADC""}, {""name"": ""Official subfamily description lists DAC; quantity not stated"", ""source_kind"": ""mindmotion_pdsc_description"", ""type"": ""DAC""}, {""name"": ""Official subfamily description lists COMP; quantity not stated"", ""source_kind"": ""mindmotion_pdsc_description"", ""type"": ""COMP""}, {""count"": ""1"", ""name"": ""Official subfamily description: RTC"", ""source_kind"": ""mindmotion_pdsc_description"", ""type"": ""RTC""}], ""subfamily"": ""MM32F3273G""}",2026-08-12T09:13:48+00:00,manufacturer_pdsc_subfamily_description
device,mindmotion::mm32f3273g8p,features_json,cmsis:MindMotion.MM32F3270_DFP@1.0.5,http://www.mindmotion.com.cn/Download/MDK_KEIL/MindMotion.MM32F3270_DFP.pdsc,C:\Users\confl\Desktop\alice blue\mcu-l-catalog\cache\pdsc\MindMotion.MM32F3270_DFP.pdsc,"{""caveats"": [], ""description"": ""Subfamily: MM32F3273G Frequency: 120MHz Memory: 512 kB Flash, 128 kB RAM Communication: up to 8 x UART, 3 x SPI, 2 x I2C,3 x I2S, USB_OTG, CAN, up to 1 x SDIO Analog : ADC, DAC, COMP power saving mode:stop, sleep, and standby mode Other: RTC"", ""parsed_features"": [{""count"": ""8"", ""name"": ""Official subfamily description: UART"", ""source_kind"": ""mindmotion_pdsc_description"", ""type"": ""UART""}, {""count"": ""3"", ""name"": ""Official subfamily description: SPI"", ""source_kind"": ""mindmotion_pdsc_description"", ""type"": ""SPI""}, {""count"": ""2"", ""name"": ""Official subfamily description: I2C"", ""source_kind"": ""mindmotion_pdsc_description"", ""type"": ""I2C""}, {""count"": ""3"", ""name"": ""Official subfamily description: I2S"", ""source_kind"": ""mindmotion_pdsc_description"", ""type"": ""I2S""}, {""count"": ""1"", ""name"": ""Official subfamily description: CAN"", ""source_kind"": ""mindmotion_pdsc_description"", ""type"": ""CAN""}, {""count"": ""1"", ""name"": ""Official subfamily description: SDIO"", ""source_kind"": ""mindmotion_pdsc_description"", ""type"": ""SDIO""}, {""count"": ""1"", ""name"": ""Official subfamily description: USB OTG"", ""source_kind"": ""mindmotion_pdsc_description"", ""type"": ""USBOTG""}, {""name"": ""Official subfamily description lists ADC; quantity not stated"", ""source_kind"": ""mindmotion_pdsc_description"", ""type"": ""ADC""}, {""name"": ""Official subfamily description lists DAC; quantity not stated"", ""source_kind"": ""mindmotion_pdsc_description"", ""type"": ""DAC""}, {""name"": ""Official subfamily description lists COMP; quantity not stated"", ""source_kind"": ""mindmotion_pdsc_description"", ""type"": ""COMP""}, {""count"": ""1"", ""name"": ""Official subfamily description: RTC"", ""source_kind"": ""mindmotion_pdsc_description"", ""type"": ""RTC""}], ""subfamily"": ""MM32F3273G""}",2026-08-12T09:13:48+00:00,manufacturer_pdsc_subfamily_description
device,mindmotion::mm32f3273gaq,features_json,cmsis:MindMotion.MM32F3270_DFP@1.0.5,http://www.mindmotion.com.cn/Download/MDK_KEIL/MindMotion.MM32F3270_DFP.pdsc,C:\Users\confl\Desktop\alice blue\mcu-l-catalog\cache\pdsc\MindMotion.MM32F3270_DFP.pdsc,"{""caveats"": [], ""description"": ""Subfamily: MM32F3273G Frequency: 120MHz Memory: 512 kB Flash, 128 kB RAM Communication: up to 8 x UART, 3 x SPI, 2 x I2C,3 x I2S, USB_OTG, CAN, up to 1 x SDIO Analog : ADC, DAC, COMP power saving mode:stop, sleep, and standby mode Other: RTC"", ""parsed_features"": [{""count"": ""8"", ""name"": ""Official subfamily description: UART"", ""source_kind"": ""mindmotion_pdsc_description"", ""type"": ""UART""}, {""count"": ""3"", ""name"": ""Official subfamily description: SPI"", ""source_kind"": ""mindmotion_pdsc_description"", ""type"": ""SPI""}, {""count"": ""2"", ""name"": ""Official subfamily description: I2C"", ""source_kind"": ""mindmotion_pdsc_description"", ""type"": ""I2C""}, {""count"": ""3"", ""name"": ""Official subfamily description: I2S"", ""source_kind"": ""mindmotion_pdsc_description"", ""type"": ""I2S""}, {""count"": ""1"", ""name"": ""Official subfamily description: CAN"", ""source_kind"": ""mindmotion_pdsc_description"", ""type"": ""CAN""}, {""count"": ""1"", ""name"": ""Official subfamily description: SDIO"", ""source_kind"": ""mindmotion_pdsc_description"", ""type"": ""SDIO""}, {""count"": ""1"", ""name"": ""Official subfamily description: USB OTG"", ""source_kind"": ""mindmotion_pdsc_description"", ""type"": ""USBOTG""}, {""name"": ""Official subfamily description lists ADC; quantity not stated"", ""source_kind"": ""mindmotion_pdsc_description"", ""type"": ""ADC""}, {""name"": ""Official subfamily description lists DAC; quantity not stated"", ""source_kind"": ""mindmotion_pdsc_description"", ""type"": ""DAC""}, {""name"": ""Official subfamily description lists COMP; quantity not stated"", ""source_kind"": ""mindmotion_pdsc_description"", ""type"": ""COMP""}, {""count"": ""1"", ""name"": ""Official subfamily description: RTC"", ""source_kind"": ""mindmotion_pdsc_description"", ""type"": ""RTC""}], ""subfamily"": ""MM32F3273G""}",2026-08-12T09:13:48+00:00,manufacturer_pdsc_subfamily_description
device,mindmotion::mm32f3277e7p,features_json,cmsis:MindMotion.MM32F3270_DFP@1.0.5,http://www.mindmotion.com.cn/Download/MDK_KEIL/MindMotion.MM32F3270_DFP.pdsc,C:\Users\confl\Desktop\alice blue\mcu-l-catalog\cache\pdsc\MindMotion.MM32F3270_DFP.pdsc,"{""caveats"": [], ""description"": ""Subfamily: MM32F3277E Frequency: 120MHz Memory: 256 kB Flash, 128 kB RAM Communication: up to 8 x UART, 3 x SPI, 2 x I2C,3 x I2S, USB_OTG, CAN, 1 x SDIO, Ethernet MAC Analog : ADC, DAC, COMP power saving mode:stop, sleep, and standby mode Other: RTC"", ""parsed_features"": [{""count"": ""8"", ""name"": ""Official subfamily description: UART"", ""source_kind"": ""mindmotion_pdsc_description"", ""type"": ""UART""}, {""count"": ""3"", ""name"": ""Official subfamily description: SPI"", ""source_kind"": ""mindmotion_pdsc_description"", ""type"": ""SPI""}, {""count"": ""2"", ""name"": ""Official subfamily description: I2C"", ""source_kind"": ""mindmotion_pdsc_description"", ""type"": ""I2C""}, {""count"": ""3"", ""name"": ""Official subfamily description: I2S"", ""source_kind"": ""mindmotion_pdsc_description"", ""type"": ""I2S""}, {""count"": ""1"", ""name"": ""Official subfamily description: CAN"", ""source_kind"": ""mindmotion_pdsc_description"", ""type"": ""CAN""}, {""count"": ""1"", ""name"": ""Official subfamily description: SDIO"", ""source_kind"": ""mindmotion_pdsc_description"", ""type"": ""SDIO""}, {""count"": ""1"", ""name"": ""Official subfamily description: USB OTG"", ""source_kind"": ""mindmotion_pdsc_description"", ""type"": ""USBOTG""}, {""count"": ""1"", ""name"": ""Ethernet MAC"", ""source_kind"": ""mindmotion_pdsc_description"", ""type"": ""ETH""}, {""name"": ""Official subfamily description lists ADC; quantity not stated"", ""source_kind"": ""mindmotion_pdsc_description"", ""type"": ""ADC""}, {""name"": ""Official subfamily description lists DAC; quantity not stated"", ""source_kind"": ""mindmotion_pdsc_description"", ""type"": ""DAC""}, {""name"": ""Official subfamily description lists COMP; quantity not stated"", ""source_kind"": ""mindmotion_pdsc_description"", ""type"": ""COMP""}, {""count"": ""1"", ""name"": ""Official subfamily description: RTC"", ""source_kind"": ""mindmotion_pdsc_description"", ""type"": ""RTC""}], ""subfamily"": ""MM32F3277E""}",2026-08-12T09:13:48+00:00,manufacturer_pdsc_subfamily_description
device,mindmotion::mm32f3277e8p,features_json,cmsis:MindMotion.MM32F3270_DFP@1.0.5,http://www.mindmotion.com.cn/Download/MDK_KEIL/MindMotion.MM32F3270_DFP.pdsc,C:\Users\confl\Desktop\alice blue\mcu-l-catalog\cache\pdsc\MindMotion.MM32F3270_DFP.pdsc,"{""caveats"": [], ""description"": ""Subfamily: MM32F3277E Frequency: 120MHz Memory: 256 kB Flash, 128 kB RAM Communication: up to 8 x UART, 3 x SPI, 2 x I2C,3 x I2S, USB_OTG, CAN, 1 x SDIO, Ethernet MAC Analog : ADC, DAC, COMP power saving mode:stop, sleep, and standby mode Other: RTC"", ""parsed_features"": [{""count"": ""8"", ""name"": ""Official subfamily description: UART"", ""source_kind"": ""mindmotion_pdsc_description"", ""type"": ""UART""}, {""count"": ""3"", ""name"": ""Official subfamily description: SPI"", ""source_kind"": ""mindmotion_pdsc_description"", ""type"": ""SPI""}, {""count"": ""2"", ""name"": ""Official subfamily description: I2C"", ""source_kind"": ""mindmotion_pdsc_description"", ""type"": ""I2C""}, {""count"": ""3"", ""name"": ""Official subfamily description: I2S"", ""source_kind"": ""mindmotion_pdsc_description"", ""type"": ""I2S""}, {""count"": ""1"", ""name"": ""Official subfamily description: CAN"", ""source_kind"": ""mindmotion_pdsc_description"", ""type"": ""CAN""}, {""count"": ""1"", ""name"": ""Official subfamily description: SDIO"", ""source_kind"": ""mindmotion_pdsc_description"", ""type"": ""SDIO""}, {""count"": ""1"", ""name"": ""Official subfamily description: USB OTG"", ""source_kind"": ""mindmotion_pdsc_description"", ""type"": ""USBOTG""}, {""count"": ""1"", ""name"": ""Ethernet MAC"", ""source_kind"": ""mindmotion_pdsc_description"", ""type"": ""ETH""}, {""name"": ""Official subfamily description lists ADC; quantity not stated"", ""source_kind"": ""mindmotion_pdsc_description"", ""type"": ""ADC""}, {""name"": ""Official subfamily description lists DAC; quantity not stated"", ""source_kind"": ""mindmotion_pdsc_description"", ""type"": ""DAC""}, {""name"": ""Official subfamily description lists COMP; quantity not stated"", ""source_kind"": ""mindmotion_pdsc_description"", ""type"": ""COMP""}, {""count"": ""1"", ""name"": ""Official subfamily description: RTC"", ""source_kind"": ""mindmotion_pdsc_description"", ""type"": ""RTC""}], ""subfamily"": ""MM32F3277E""}",2026-08-12T09:13:48+00:00,manufacturer_pdsc_subfamily_description
device,mindmotion::mm32f3277e9p,features_json,cmsis:MindMotion.MM32F3270_DFP@1.0.5,http://www.mindmotion.com.cn/Download/MDK_KEIL/MindMotion.MM32F3270_DFP.pdsc,C:\Users\confl\Desktop\alice blue\mcu-l-catalog\cache\pdsc\MindMotion.MM32F3270_DFP.pdsc,"{""caveats"": [], ""description"": ""Subfamily: MM32F3277E Frequency: 120MHz Memory: 256 kB Flash, 128 kB RAM Communication: up to 8 x UART, 3 x SPI, 2 x I2C,3 x I2S, USB_OTG, CAN, 1 x SDIO, Ethernet MAC Analog : ADC, DAC, COMP power saving mode:stop, sleep, and standby mode Other: RTC"", ""parsed_features"": [{""count"": ""8"", ""name"": ""Official subfamily description: UART"", ""source_kind"": ""mindmotion_pdsc_description"", ""type"": ""UART""}, {""count"": ""3"", ""name"": ""Official subfamily description: SPI"", ""source_kind"": ""mindmotion_pdsc_description"", ""type"": ""SPI""}, {""count"": ""2"", ""name"": ""Official subfamily description: I2C"", ""source_kind"": ""mindmotion_pdsc_description"", ""type"": ""I2C""}, {""count"": ""3"", ""name"": ""Official subfamily description: I2S"", ""source_kind"": ""mindmotion_pdsc_description"", ""type"": ""I2S""}, {""count"": ""1"", ""name"": ""Official subfamily description: CAN"", ""source_kind"": ""mindmotion_pdsc_description"", ""type"": ""CAN""}, {""count"": ""1"", ""name"": ""Official subfamily description: SDIO"", ""source_kind"": ""mindmotion_pdsc_description"", ""type"": ""SDIO""}, {""count"": ""1"", ""name"": ""Official subfamily description: USB OTG"", ""source_kind"": ""mindmotion_pdsc_description"", ""type"": ""USBOTG""}, {""count"": ""1"", ""name"": ""Ethernet MAC"", ""source_kind"": ""mindmotion_pdsc_description"", ""type"": ""ETH""}, {""name"": ""Official subfamily description lists ADC; quantity not stated"", ""source_kind"": ""mindmotion_pdsc_description"", ""type"": ""ADC""}, {""name"": ""Official subfamily description lists DAC; quantity not stated"", ""source_kind"": ""mindmotion_pdsc_description"", ""type"": ""DAC""}, {""name"": ""Official subfamily description lists COMP; quantity not stated"", ""source_kind"": ""mindmotion_pdsc_description"", ""type"": ""COMP""}, {""count"": ""1"", ""name"": ""Official subfamily description: RTC"", ""source_kind"": ""mindmotion_pdsc_description"", ""type"": ""RTC""}], ""subfamily"": ""MM32F3277E""}",2026-08-12T09:13:48+00:00,manufacturer_pdsc_subfamily_description
device,mindmotion::mm32f3277g7p,features_json,cmsis:MindMotion.MM32F3270_DFP@1.0.5,http://www.mindmotion.com.cn/Download/MDK_KEIL/MindMotion.MM32F3270_DFP.pdsc,C:\Users\confl\Desktop\alice blue\mcu-l-catalog\cache\pdsc\MindMotion.MM32F3270_DFP.pdsc,"{""caveats"": [], ""description"": ""Subfamily: MM32F3277G Frequency: 120MHz Memory: 512 kB Flash, 128 kB RAM Communication: up to 8 x UART, 3 x SPI, 2 x I2C, 3 x I2S, USB_OTG, CAN, SDIO, Ethernet MAC Analog : ADC, DAC, COMP power saving mode:stop, sleep, and standby mode Other: RTC"", ""parsed_features"": [{""count"": ""8"", ""name"": ""Official subfamily description: UART"", ""source_kind"": ""mindmotion_pdsc_description"", ""type"": ""UART""}, {""count"": ""3"", ""name"": ""Official subfamily description: SPI"", ""source_kind"": ""mindmotion_pdsc_description"", ""type"": ""SPI""}, {""count"": ""2"", ""name"": ""Official subfamily description: I2C"", ""source_kind"": ""mindmotion_pdsc_description"", ""type"": ""I2C""}, {""count"": ""3"", ""name"": ""Official subfamily description: I2S"", ""source_kind"": ""mindmotion_pdsc_description"", ""type"": ""I2S""}, {""count"": ""1"", ""name"": ""Official subfamily description: CAN"", ""source_kind"": ""mindmotion_pdsc_description"", ""type"": ""CAN""}, {""count"": ""1"", ""name"": ""Official subfamily description: SDIO"", ""source_kind"": ""mindmotion_pdsc_description"", ""type"": ""SDIO""}, {""count"": ""1"", ""name"": ""Official subfamily description: USB OTG"", ""source_kind"": ""mindmotion_pdsc_description"", ""type"": ""USBOTG""}, {""count"": ""1"", ""name"": ""Ethernet MAC"", ""source_kind"": ""mindmotion_pdsc_description"", ""type"": ""ETH""}, {""name"": ""Official subfamily description lists ADC; quantity not stated"", ""source_kind"": ""mindmotion_pdsc_description"", ""type"": ""ADC""}, {""name"": ""Official subfamily description lists DAC; quantity not stated"", ""source_kind"": ""mindmotion_pdsc_description"", ""type"": ""DAC""}, {""name"": ""Official subfamily description lists COMP; quantity not stated"", ""source_kind"": ""mindmotion_pdsc_description"", ""type"": ""COMP""}, {""count"": ""1"", ""name"": ""Official subfamily description: RTC"", ""source_kind"": ""mindmotion_pdsc_description"", ""type"": ""RTC""}], ""subfamily"": ""MM32F3277G""}",2026-08-12T09:13:48+00:00,manufacturer_pdsc_subfamily_description
device,mindmotion::mm32f3277g8p,features_json,cmsis:MindMotion.MM32F3270_DFP@1.0.5,http://www.mindmotion.com.cn/Download/MDK_KEIL/MindMotion.MM32F3270_DFP.pdsc,C:\Users\confl\Desktop\alice blue\mcu-l-catalog\cache\pdsc\MindMotion.MM32F3270_DFP.pdsc,"{""caveats"": [], ""description"": ""Subfamily: MM32F3277G Frequency: 120MHz Memory: 512 kB Flash, 128 kB RAM Communication: up to 8 x UART, 3 x SPI, 2 x I2C, 3 x I2S, USB_OTG, CAN, SDIO, Ethernet MAC Analog : ADC, DAC, COMP power saving mode:stop, sleep, and standby mode Other: RTC"", ""parsed_features"": [{""count"": ""8"", ""name"": ""Official subfamily description: UART"", ""source_kind"": ""mindmotion_pdsc_description"", ""type"": ""UART""}, {""count"": ""3"", ""name"": ""Official subfamily description: SPI"", ""source_kind"": ""mindmotion_pdsc_description"", ""type"": ""SPI""}, {""count"": ""2"", ""name"": ""Official subfamily description: I2C"", ""source_kind"": ""mindmotion_pdsc_description"", ""type"": ""I2C""}, {""count"": ""3"", ""name"": ""Official subfamily description: I2S"", ""source_kind"": ""mindmotion_pdsc_description"", ""type"": ""I2S""}, {""count"": ""1"", ""name"": ""Official subfamily description: CAN"", ""source_kind"": ""mindmotion_pdsc_description"", ""type"": ""CAN""}, {""count"": ""1"", ""name"": ""Official subfamily description: SDIO"", ""source_kind"": ""mindmotion_pdsc_description"", ""type"": ""SDIO""}, {""count"": ""1"", ""name"": ""Official subfamily description: USB OTG"", ""source_kind"": ""mindmotion_pdsc_description"", ""type"": ""USBOTG""}, {""count"": ""1"", ""name"": ""Ethernet MAC"", ""source_kind"": ""mindmotion_pdsc_description"", ""type"": ""ETH""}, {""name"": ""Official subfamily description lists ADC; quantity not stated"", ""source_kind"": ""mindmotion_pdsc_description"", ""type"": ""ADC""}, {""name"": ""Official subfamily description lists DAC; quantity not stated"", ""source_kind"": ""mindmotion_pdsc_description"", ""type"": ""DAC""}, {""name"": ""Official subfamily description lists COMP; quantity not stated"", ""source_kind"": ""mindmotion_pdsc_description"", ""type"": ""COMP""}, {""count"": ""1"", ""name"": ""Official subfamily description: RTC"", ""source_kind"": ""mindmotion_pdsc_description"", ""type"": ""RTC""}], ""subfamily"": ""MM32F3277G""}",2026-08-12T09:13:48+00:00,manufacturer_pdsc_subfamily_description
device,mindmotion::mm32f3277g9p,features_json,cmsis:MindMotion.MM32F3270_DFP@1.0.5,http://www.mindmotion.com.cn/Download/MDK_KEIL/MindMotion.MM32F3270_DFP.pdsc,C:\Users\confl\Desktop\alice blue\mcu-l-catalog\cache\pdsc\MindMotion.MM32F3270_DFP.pdsc,"{""caveats"": [], ""description"": ""Subfamily: MM32F3277G Frequency: 120MHz Memory: 512 kB Flash, 128 kB RAM Communication: up to 8 x UART, 3 x SPI, 2 x I2C, 3 x I2S, USB_OTG, CAN, SDIO, Ethernet MAC Analog : ADC, DAC, COMP power saving mode:stop, sleep, and standby mode Other: RTC"", ""parsed_features"": [{""count"": ""8"", ""name"": ""Official subfamily description: UART"", ""source_kind"": ""mindmotion_pdsc_description"", ""type"": ""UART""}, {""count"": ""3"", ""name"": ""Official subfamily description: SPI"", ""source_kind"": ""mindmotion_pdsc_description"", ""type"": ""SPI""}, {""count"": ""2"", ""name"": ""Official subfamily description: I2C"", ""source_kind"": ""mindmotion_pdsc_description"", ""type"": ""I2C""}, {""count"": ""3"", ""name"": ""Official subfamily description: I2S"", ""source_kind"": ""mindmotion_pdsc_description"", ""type"": ""I2S""}, {""count"": ""1"", ""name"": ""Official subfamily description: CAN"", ""source_kind"": ""mindmotion_pdsc_description"", ""type"": ""CAN""}, {""count"": ""1"", ""name"": ""Official subfamily description: SDIO"", ""source_kind"": ""mindmotion_pdsc_description"", ""type"": ""SDIO""}, {""count"": ""1"", ""name"": ""Official subfamily description: USB OTG"", ""source_kind"": ""mindmotion_pdsc_description"", ""type"": ""USBOTG""}, {""count"": ""1"", ""name"": ""Ethernet MAC"", ""source_kind"": ""mindmotion_pdsc_description"", ""type"": ""ETH""}, {""name"": ""Official subfamily description lists ADC; quantity not stated"", ""source_kind"": ""mindmotion_pdsc_description"", ""type"": ""ADC""}, {""name"": ""Official subfamily description lists DAC; quantity not stated"", ""source_kind"": ""mindmotion_pdsc_description"", ""type"": ""DAC""}, {""name"": ""Official subfamily description lists COMP; quantity not stated"", ""source_kind"": ""mindmotion_pdsc_description"", ""type"": ""COMP""}, {""count"": ""1"", ""name"": ""Official subfamily description: RTC"", ""source_kind"": ""mindmotion_pdsc_description"", ""type"": ""RTC""}], ""subfamily"": ""MM32F3277G""}",2026-08-12T09:13:48+00:00,manufacturer_pdsc_subfamily_description
device,mindmotion::mm32l050nt,features_json,cmsis:MindMotion.MM32L0xx_DFP@1.1.3,http://www.mindmotion.com.cn/Download/MDK_KEIL/MindMotion.MM32L0xx_DFP.pdsc,C:\Users\confl\Desktop\alice blue\mcu-l-catalog\cache\pdsc\MindMotion.MM32L0xx_DFP.pdsc,"{""caveats"": [""Some capabilities vary by device number; the PDSC description does not identify which exact suffix has them.""], ""description"": ""Subfamily: MM32L05x Frequency: 48MHz Memory: 32 kB Flash, 4 kB RAM Communication: up to 2 x UART,up to 2 x SPI, 1 x I2C Analog : ADC, COMP (based Device Number) power saving mode:stop, sleep, and standby mode"", ""parsed_features"": [{""count"": ""2"", ""name"": ""Official subfamily description: UART"", ""source_kind"": ""mindmotion_pdsc_description"", ""type"": ""UART""}, {""count"": ""2"", ""name"": ""Official subfamily description: SPI"", ""source_kind"": ""mindmotion_pdsc_description"", ""type"": ""SPI""}, {""count"": ""1"", ""name"": ""Official subfamily description: I2C"", ""source_kind"": ""mindmotion_pdsc_description"", ""type"": ""I2C""}, {""name"": ""Official subfamily description lists ADC; quantity not stated"", ""source_kind"": ""mindmotion_pdsc_description"", ""type"": ""ADC""}, {""name"": ""Official subfamily description lists COMP; quantity not stated"", ""source_kind"": ""mindmotion_pdsc_description"", ""type"": ""COMP""}], ""subfamily"": ""MM32L05x""}",2026-08-12T09:13:48+00:00,manufacturer_pdsc_subfamily_description
device,mindmotion::mm32l050pf,features_json,cmsis:MindMotion.MM32L0xx_DFP@1.1.3,http://www.mindmotion.com.cn/Download/MDK_KEIL/MindMotion.MM32L0xx_DFP.pdsc,C:\Users\confl\Desktop\alice blue\mcu-l-catalog\cache\pdsc\MindMotion.MM32L0xx_DFP.pdsc,"{""caveats"": [""Some capabilities vary by device number; the PDSC description does not identify which exact suffix has them.""], ""description"": ""Subfamily: MM32L05x Frequency: 48MHz Memory: 32 kB Flash, 4 kB RAM Communication: up to 2 x UART,up to 2 x SPI, 1 x I2C Analog : ADC, COMP (based Device Number) power saving mode:stop, sleep, and standby mode"", ""parsed_features"": [{""count"": ""2"", ""name"": ""Official subfamily description: UART"", ""source_kind"": ""mindmotion_pdsc_description"", ""type"": ""UART""}, {""count"": ""2"", ""name"": ""Official subfamily description: SPI"", ""source_kind"": ""mindmotion_pdsc_description"", ""type"": ""SPI""}, {""count"": ""1"", ""name"": ""Official subfamily description: I2C"", ""source_kind"": ""mindmotion_pdsc_description"", ""type"": ""I2C""}, {""name"": ""Official subfamily description lists ADC; quantity not stated"", ""source_kind"": ""mindmotion_pdsc_description"", ""type"": ""ADC""}, {""name"": ""Official subfamily description lists COMP; quantity not stated"", ""source_kind"": ""mindmotion_pdsc_description"", ""type"": ""COMP""}], ""subfamily"": ""MM32L05x""}",2026-08-12T09:13:48+00:00,manufacturer_pdsc_subfamily_description
device,mindmotion::mm32l050pt,features_json,cmsis:MindMotion.MM32L0xx_DFP@1.1.3,http://www.mindmotion.com.cn/Download/MDK_KEIL/MindMotion.MM32L0xx_DFP.pdsc,C:\Users\confl\Desktop\alice blue\mcu-l-catalog\cache\pdsc\MindMotion.MM32L0xx_DFP.pdsc,"{""caveats"": [""Some capabilities vary by device number; the PDSC description does not identify which exact suffix has them.""], ""description"": ""Subfamily: MM32L05x Frequency: 48MHz Memory: 32 kB Flash, 4 kB RAM Communication: up to 2 x UART,up to 2 x SPI, 1 x I2C Analog : ADC, COMP (based Device Number) power saving mode:stop, sleep, and standby mode"", ""parsed_features"": [{""count"": ""2"", ""name"": ""Official subfamily description: UART"", ""source_kind"": ""mindmotion_pdsc_description"", ""type"": ""UART""}, {""count"": ""2"", ""name"": ""Official subfamily description: SPI"", ""source_kind"": ""mindmotion_pdsc_description"", ""type"": ""SPI""}, {""count"": ""1"", ""name"": ""Official subfamily description: I2C"", ""source_kind"": ""mindmotion_pdsc_description"", ""type"": ""I2C""}, {""name"": ""Official subfamily description lists ADC; quantity not stated"", ""source_kind"": ""mindmotion_pdsc_description"", ""type"": ""ADC""}, {""name"": ""Official subfamily description lists COMP; quantity not stated"", ""source_kind"": ""mindmotion_pdsc_description"", ""type"": ""COMP""}], ""subfamily"": ""MM32L05x""}",2026-08-12T09:13:48+00:00,manufacturer_pdsc_subfamily_description
device,mindmotion::mm32l050tw,features_json,cmsis:MindMotion.MM32L0xx_DFP@1.1.3,http://www.mindmotion.com.cn/Download/MDK_KEIL/MindMotion.MM32L0xx_DFP.pdsc,C:\Users\confl\Desktop\alice blue\mcu-l-catalog\cache\pdsc\MindMotion.MM32L0xx_DFP.pdsc,"{""caveats"": [""Some capabilities vary by device number; the PDSC description does not identify which exact suffix has them.""], ""description"": ""Subfamily: MM32L05x Frequency: 48MHz Memory: 32 kB Flash, 4 kB RAM Communication: up to 2 x UART,up to 2 x SPI, 1 x I2C Analog : ADC, COMP (based Device Number) power saving mode:stop, sleep, and standby mode"", ""parsed_features"": [{""count"": ""2"", ""name"": ""Official subfamily description: UART"", ""source_kind"": ""mindmotion_pdsc_description"", ""type"": ""UART""}, {""count"": ""2"", ""name"": ""Official subfamily description: SPI"", ""source_kind"": ""mindmotion_pdsc_description"", ""type"": ""SPI""}, {""count"": ""1"", ""name"": ""Official subfamily description: I2C"", ""source_kind"": ""mindmotion_pdsc_description"", ""type"": ""I2C""}, {""name"": ""Official subfamily description lists ADC; quantity not stated"", ""source_kind"": ""mindmotion_pdsc_description"", ""type"": ""ADC""}, {""name"": ""Official subfamily description lists COMP; quantity not stated"", ""source_kind"": ""mindmotion_pdsc_description"", ""type"": ""COMP""}], ""subfamily"": ""MM32L05x""}",2026-08-12T09:13:48+00:00,manufacturer_pdsc_subfamily_description
device,mindmotion::mm32l051nt,features_json,cmsis:MindMotion.MM32L0xx_DFP@1.1.3,http://www.mindmotion.com.cn/Download/MDK_KEIL/MindMotion.MM32L0xx_DFP.pdsc,C:\Users\confl\Desktop\alice blue\mcu-l-catalog\cache\pdsc\MindMotion.MM32L0xx_DFP.pdsc,"{""caveats"": [""Some capabilities vary by device number; the PDSC description does not identify which exact suffix has them.""], ""description"": ""Subfamily: MM32L05x Frequency: 48MHz Memory: 32 kB Flash, 4 kB RAM Communication: up to 2 x UART,up to 2 x SPI, 1 x I2C Analog : ADC, COMP (based Device Number) power saving mode:stop, sleep, and standby mode"", ""parsed_features"": [{""count"": ""2"", ""name"": ""Official subfamily description: UART"", ""source_kind"": ""mindmotion_pdsc_description"", ""type"": ""UART""}, {""count"": ""2"", ""name"": ""Official subfamily description: SPI"", ""source_kind"": ""mindmotion_pdsc_description"", ""type"": ""SPI""}, {""count"": ""1"", ""name"": ""Official subfamily description: I2C"", ""source_kind"": ""mindmotion_pdsc_description"", ""type"": ""I2C""}, {""name"": ""Official subfamily description lists ADC; quantity not stated"", ""source_kind"": ""mindmotion_pdsc_description"", ""type"": ""ADC""}, {""name"": ""Official subfamily description lists COMP; quantity not stated"", ""source_kind"": ""mindmotion_pdsc_description"", ""type"": ""COMP""}], ""subfamily"": ""MM32L05x""}",2026-08-12T09:13:48+00:00,manufacturer_pdsc_subfamily_description
device,mindmotion::mm32l051pf,features_json,cmsis:MindMotion.MM32L0xx_DFP@1.1.3,http://www.mindmotion.com.cn/Download/MDK_KEIL/MindMotion.MM32L0xx_DFP.pdsc,C:\Users\confl\Desktop\alice blue\mcu-l-catalog\cache\pdsc\MindMotion.MM32L0xx_DFP.pdsc,"{""caveats"": [""Some capabilities vary by device number; the PDSC description does not identify which exact suffix has them.""], ""description"": ""Subfamily: MM32L05x Frequency: 48MHz Memory: 32 kB Flash, 4 kB RAM Communication: up to 2 x UART,up to 2 x SPI, 1 x I2C Analog : ADC, COMP (based Device Number) power saving mode:stop, sleep, and standby mode"", ""parsed_features"": [{""count"": ""2"", ""name"": ""Official subfamily description: UART"", ""source_kind"": ""mindmotion_pdsc_description"", ""type"": ""UART""}, {""count"": ""2"", ""name"": ""Official subfamily description: SPI"", ""source_kind"": ""mindmotion_pdsc_description"", ""type"": ""SPI""}, {""count"": ""1"", ""name"": ""Official subfamily description: I2C"", ""source_kind"": ""mindmotion_pdsc_description"", ""type"": ""I2C""}, {""name"": ""Official subfamily description lists ADC; quantity not stated"", ""source_kind"": ""mindmotion_pdsc_description"", ""type"": ""ADC""}, {""name"": ""Official subfamily description lists COMP; quantity not stated"", ""source_kind"": ""mindmotion_pdsc_description"", ""type"": ""COMP""}], ""subfamily"": ""MM32L05x""}",2026-08-12T09:13:48+00:00,manufacturer_pdsc_subfamily_description
device,mindmotion::mm32l051pt,features_json,cmsis:MindMotion.MM32L0xx_DFP@1.1.3,http://www.mindmotion.com.cn/Download/MDK_KEIL/MindMotion.MM32L0xx_DFP.pdsc,C:\Users\confl\Desktop\alice blue\mcu-l-catalog\cache\pdsc\MindMotion.MM32L0xx_DFP.pdsc,"{""caveats"": [""Some capabilities vary by device number; the PDSC description does not identify which exact suffix has them.""], ""description"": ""Subfamily: MM32L05x Frequency: 48MHz Memory: 32 kB Flash, 4 kB RAM Communication: up to 2 x UART,up to 2 x SPI, 1 x I2C Analog : ADC, COMP (based Device Number) power saving mode:stop, sleep, and standby mode"", ""parsed_features"": [{""count"": ""2"", ""name"": ""Official subfamily description: UART"", ""source_kind"": ""mindmotion_pdsc_description"", ""type"": ""UART""}, {""count"": ""2"", ""name"": ""Official subfamily description: SPI"", ""source_kind"": ""mindmotion_pdsc_description"", ""type"": ""SPI""}, {""count"": ""1"", ""name"": ""Official subfamily description: I2C"", ""source_kind"": ""mindmotion_pdsc_description"", ""type"": ""I2C""}, {""name"": ""Official subfamily description lists ADC; quantity not stated"", ""source_kind"": ""mindmotion_pdsc_description"", ""type"": ""ADC""}, {""name"": ""Official subfamily description lists COMP; quantity not stated"", ""source_kind"": ""mindmotion_pdsc_description"", ""type"": ""COMP""}], ""subfamily"": ""MM32L05x""}",2026-08-12T09:13:48+00:00,manufacturer_pdsc_subfamily_description
device,mindmotion::mm32l051tw,features_json,cmsis:MindMotion.MM32L0xx_DFP@1.1.3,http://www.mindmotion.com.cn/Download/MDK_KEIL/MindMotion.MM32L0xx_DFP.pdsc,C:\Users\confl\Desktop\alice blue\mcu-l-catalog\cache\pdsc\MindMotion.MM32L0xx_DFP.pdsc,"{""caveats"": [""Some capabilities vary by device number; the PDSC description does not identify which exact suffix has them.""], ""description"": ""Subfamily: MM32L05x Frequency: 48MHz Memory: 32 kB Flash, 4 kB RAM Communication: up to 2 x UART,up to 2 x SPI, 1 x I2C Analog : ADC, COMP (based Device Number) power saving mode:stop, sleep, and standby mode"", ""parsed_features"": [{""count"": ""2"", ""name"": ""Official subfamily description: UART"", ""source_kind"": ""mindmotion_pdsc_description"", ""type"": ""UART""}, {""count"": ""2"", ""name"": ""Official subfamily description: SPI"", ""source_kind"": ""mindmotion_pdsc_description"", ""type"": ""SPI""}, {""count"": ""1"", ""name"": ""Official subfamily description: I2C"", ""source_kind"": ""mindmotion_pdsc_description"", ""type"": ""I2C""}, {""name"": ""Official subfamily description lists ADC; quantity not stated"", ""source_kind"": ""mindmotion_pdsc_description"", ""type"": ""ADC""}, {""name"": ""Official subfamily description lists COMP; quantity not stated"", ""source_kind"": ""mindmotion_pdsc_description"", ""type"": ""COMP""}], ""subfamily"": ""MM32L05x""}",2026-08-12T09:13:48+00:00,manufacturer_pdsc_subfamily_description
device,mindmotion::mm32l061nt,features_json,cmsis:MindMotion.MM32L0xx_DFP@1.1.3,http://www.mindmotion.com.cn/Download/MDK_KEIL/MindMotion.MM32L0xx_DFP.pdsc,C:\Users\confl\Desktop\alice blue\mcu-l-catalog\cache\pdsc\MindMotion.MM32L0xx_DFP.pdsc,"{""caveats"": [""Some capabilities vary by device number; the PDSC description does not identify which exact suffix has them.""], ""description"": ""Subfamily: MM32L06x Frequency: 48MHz Memory: 64 kB Flash, 8 kB RAM Communication: 2 x UART,up to 2 x SPI, 1 x I2C,up to 1 x USB(based Device Number) Analog : ADC, COMP power saving mode:stop, sleep, and standby mode"", ""parsed_features"": [{""count"": ""2"", ""name"": ""Official subfamily description: UART"", ""source_kind"": ""mindmotion_pdsc_description"", ""type"": ""UART""}, {""count"": ""2"", ""name"": ""Official subfamily description: SPI"", ""source_kind"": ""mindmotion_pdsc_description"", ""type"": ""SPI""}, {""count"": ""1"", ""name"": ""Official subfamily description: I2C"", ""source_kind"": ""mindmotion_pdsc_description"", ""type"": ""I2C""}, {""count"": ""1"", ""name"": ""Official subfamily description: USB"", ""source_kind"": ""mindmotion_pdsc_description"", ""type"": ""USBD""}, {""name"": ""Official subfamily description lists ADC; quantity not stated"", ""source_kind"": ""mindmotion_pdsc_description"", ""type"": ""ADC""}, {""name"": ""Official subfamily description lists COMP; quantity not stated"", ""source_kind"": ""mindmotion_pdsc_description"", ""type"": ""COMP""}], ""subfamily"": ""MM32L06x""}",2026-08-12T09:13:48+00:00,manufacturer_pdsc_subfamily_description
device,mindmotion::mm32l061pf,features_json,cmsis:MindMotion.MM32L0xx_DFP@1.1.3,http://www.mindmotion.com.cn/Download/MDK_KEIL/MindMotion.MM32L0xx_DFP.pdsc,C:\Users\confl\Desktop\alice blue\mcu-l-catalog\cache\pdsc\MindMotion.MM32L0xx_DFP.pdsc,"{""caveats"": [""Some capabilities vary by device number; the PDSC description does not identify which exact suffix has them.""], ""description"": ""Subfamily: MM32L06x Frequency: 48MHz Memory: 64 kB Flash, 8 kB RAM Communication: 2 x UART,up to 2 x SPI, 1 x I2C,up to 1 x USB(based Device Number) Analog : ADC, COMP power saving mode:stop, sleep, and standby mode"", ""parsed_features"": [{""count"": ""2"", ""name"": ""Official subfamily description: UART"", ""source_kind"": ""mindmotion_pdsc_description"", ""type"": ""UART""}, {""count"": ""2"", ""name"": ""Official subfamily description: SPI"", ""source_kind"": ""mindmotion_pdsc_description"", ""type"": ""SPI""}, {""count"": ""1"", ""name"": ""Official subfamily description: I2C"", ""source_kind"": ""mindmotion_pdsc_description"", ""type"": ""I2C""}, {""count"": ""1"", ""name"": ""Official subfamily description: USB"", ""source_kind"": ""mindmotion_pdsc_description"", ""type"": ""USBD""}, {""name"": ""Official subfamily description lists ADC; quantity not stated"", ""source_kind"": ""mindmotion_pdsc_description"", ""type"": ""ADC""}, {""name"": ""Official subfamily description lists COMP; quantity not stated"", ""source_kind"": ""mindmotion_pdsc_description"", ""type"": ""COMP""}], ""subfamily"": ""MM32L06x""}",2026-08-12T09:13:48+00:00,manufacturer_pdsc_subfamily_description
device,mindmotion::mm32l061pt,features_json,cmsis:MindMotion.MM32L0xx_DFP@1.1.3,http://www.mindmotion.com.cn/Download/MDK_KEIL/MindMotion.MM32L0xx_DFP.pdsc,C:\Users\confl\Desktop\alice blue\mcu-l-catalog\cache\pdsc\MindMotion.MM32L0xx_DFP.pdsc,"{""caveats"": [""Some capabilities vary by device number; the PDSC description does not identify which exact suffix has them.""], ""description"": ""Subfamily: MM32L06x Frequency: 48MHz Memory: 64 kB Flash, 8 kB RAM Communication: 2 x UART,up to 2 x SPI, 1 x I2C,up to 1 x USB(based Device Number) Analog : ADC, COMP power saving mode:stop, sleep, and standby mode"", ""parsed_features"": [{""count"": ""2"", ""name"": ""Official subfamily description: UART"", ""source_kind"": ""mindmotion_pdsc_description"", ""type"": ""UART""}, {""count"": ""2"", ""name"": ""Official subfamily description: SPI"", ""source_kind"": ""mindmotion_pdsc_description"", ""type"": ""SPI""}, {""count"": ""1"", ""name"": ""Official subfamily description: I2C"", ""source_kind"": ""mindmotion_pdsc_description"", ""type"": ""I2C""}, {""count"": ""1"", ""name"": ""Official subfamily description: USB"", ""source_kind"": ""mindmotion_pdsc_description"", ""type"": ""USBD""}, {""name"": ""Official subfamily description lists ADC; quantity not stated"", ""source_kind"": ""mindmotion_pdsc_description"", ""type"": ""ADC""}, {""name"": ""Official subfamily description lists COMP; quantity not stated"", ""source_kind"": ""mindmotion_pdsc_description"", ""type"": ""COMP""}], ""subfamily"": ""MM32L06x""}",2026-08-12T09:13:48+00:00,manufacturer_pdsc_subfamily_description
device,mindmotion::mm32l061tw,features_json,cmsis:MindMotion.MM32L0xx_DFP@1.1.3,http://www.mindmotion.com.cn/Download/MDK_KEIL/MindMotion.MM32L0xx_DFP.pdsc,C:\Users\confl\Desktop\alice blue\mcu-l-catalog\cache\pdsc\MindMotion.MM32L0xx_DFP.pdsc,"{""caveats"": [""Some capabilities vary by device number; the PDSC description does not identify which exact suffix has them.""], ""description"": ""Subfamily: MM32L06x Frequency: 48MHz Memory: 64 kB Flash, 8 kB RAM Communication: 2 x UART,up to 2 x SPI, 1 x I2C,up to 1 x USB(based Device Number) Analog : ADC, COMP power saving mode:stop, sleep, and standby mode"", ""parsed_features"": [{""count"": ""2"", ""name"": ""Official subfamily description: UART"", ""source_kind"": ""mindmotion_pdsc_description"", ""type"": ""UART""}, {""count"": ""2"", ""name"": ""Official subfamily description: SPI"", ""source_kind"": ""mindmotion_pdsc_description"", ""type"": ""SPI""}, {""count"": ""1"", ""name"": ""Official subfamily description: I2C"", ""source_kind"": ""mindmotion_pdsc_description"", ""type"": ""I2C""}, {""count"": ""1"", ""name"": ""Official subfamily description: USB"", ""source_kind"": ""mindmotion_pdsc_description"", ""type"": ""USBD""}, {""name"": ""Official subfamily description lists ADC; quantity not stated"", ""source_kind"": ""mindmotion_pdsc_description"", ""type"": ""ADC""}, {""name"": ""Official subfamily description lists COMP; quantity not stated"", ""source_kind"": ""mindmotion_pdsc_description"", ""type"": ""COMP""}], ""subfamily"": ""MM32L06x""}",2026-08-12T09:13:48+00:00,manufacturer_pdsc_subfamily_description
device,mindmotion::mm32l062nt,features_json,cmsis:MindMotion.MM32L0xx_DFP@1.1.3,http://www.mindmotion.com.cn/Download/MDK_KEIL/MindMotion.MM32L0xx_DFP.pdsc,C:\Users\confl\Desktop\alice blue\mcu-l-catalog\cache\pdsc\MindMotion.MM32L0xx_DFP.pdsc,"{""caveats"": [""Some capabilities vary by device number; the PDSC description does not identify which exact suffix has them.""], ""description"": ""Subfamily: MM32L06x Frequency: 48MHz Memory: 64 kB Flash, 8 kB RAM Communication: 2 x UART,up to 2 x SPI, 1 x I2C,up to 1 x USB(based Device Number) Analog : ADC, COMP power saving mode:stop, sleep, and standby mode"", ""parsed_features"": [{""count"": ""2"", ""name"": ""Official subfamily description: UART"", ""source_kind"": ""mindmotion_pdsc_description"", ""type"": ""UART""}, {""count"": ""2"", ""name"": ""Official subfamily description: SPI"", ""source_kind"": ""mindmotion_pdsc_description"", ""type"": ""SPI""}, {""count"": ""1"", ""name"": ""Official subfamily description: I2C"", ""source_kind"": ""mindmotion_pdsc_description"", ""type"": ""I2C""}, {""count"": ""1"", ""name"": ""Official subfamily description: USB"", ""source_kind"": ""mindmotion_pdsc_description"", ""type"": ""USBD""}, {""name"": ""Official subfamily description lists ADC; quantity not stated"", ""source_kind"": ""mindmotion_pdsc_description"", ""type"": ""ADC""}, {""name"": ""Official subfamily description lists COMP; quantity not stated"", ""source_kind"": ""mindmotion_pdsc_description"", ""type"": ""COMP""}], ""subfamily"": ""MM32L06x""}",2026-08-12T09:13:48+00:00,manufacturer_pdsc_subfamily_description
device,mindmotion::mm32l062pf,features_json,cmsis:MindMotion.MM32L0xx_DFP@1.1.3,http://www.mindmotion.com.cn/Download/MDK_KEIL/MindMotion.MM32L0xx_DFP.pdsc,C:\Users\confl\Desktop\alice blue\mcu-l-catalog\cache\pdsc\MindMotion.MM32L0xx_DFP.pdsc,"{""caveats"": [""Some capabilities vary by device number; the PDSC description does not identify which exact suffix has them.""], ""description"": ""Subfamily: MM32L06x Frequency: 48MHz Memory: 64 kB Flash, 8 kB RAM Communication: 2 x UART,up to 2 x SPI, 1 x I2C,up to 1 x USB(based Device Number) Analog : ADC, COMP power saving mode:stop, sleep, and standby mode"", ""parsed_features"": [{""count"": ""2"", ""name"": ""Official subfamily description: UART"", ""source_kind"": ""mindmotion_pdsc_description"", ""type"": ""UART""}, {""count"": ""2"", ""name"": ""Official subfamily description: SPI"", ""source_kind"": ""mindmotion_pdsc_description"", ""type"": ""SPI""}, {""count"": ""1"", ""name"": ""Official subfamily description: I2C"", ""source_kind"": ""mindmotion_pdsc_description"", ""type"": ""I2C""}, {""count"": ""1"", ""name"": ""Official subfamily description: USB"", ""source_kind"": ""mindmotion_pdsc_description"", ""type"": ""USBD""}, {""name"": ""Official subfamily description lists ADC; quantity not stated"", ""source_kind"": ""mindmotion_pdsc_description"", ""type"": ""ADC""}, {""name"": ""Official subfamily description lists COMP; quantity not stated"", ""source_kind"": ""mindmotion_pdsc_description"", ""type"": ""COMP""}], ""subfamily"": ""MM32L06x""}",2026-08-12T09:13:48+00:00,manufacturer_pdsc_subfamily_description
device,mindmotion::mm32l062pt,features_json,cmsis:MindMotion.MM32L0xx_DFP@1.1.3,http://www.mindmotion.com.cn/Download/MDK_KEIL/MindMotion.MM32L0xx_DFP.pdsc,C:\Users\confl\Desktop\alice blue\mcu-l-catalog\cache\pdsc\MindMotion.MM32L0xx_DFP.pdsc,"{""caveats"": [""Some capabilities vary by device number; the PDSC description does not identify which exact suffix has them.""], ""description"": ""Subfamily: MM32L06x Frequency: 48MHz Memory: 64 kB Flash, 8 kB RAM Communication: 2 x UART,up to 2 x SPI, 1 x I2C,up to 1 x USB(based Device Number) Analog : ADC, COMP power saving mode:stop, sleep, and standby mode"", ""parsed_features"": [{""count"": ""2"", ""name"": ""Official subfamily description: UART"", ""source_kind"": ""mindmotion_pdsc_description"", ""type"": ""UART""}, {""count"": ""2"", ""name"": ""Official subfamily description: SPI"", ""source_kind"": ""mindmotion_pdsc_description"", ""type"": ""SPI""}, {""count"": ""1"", ""name"": ""Official subfamily description: I2C"", ""source_kind"": ""mindmotion_pdsc_description"", ""type"": ""I2C""}, {""count"": ""1"", ""name"": ""Official subfamily description: USB"", ""source_kind"": ""mindmotion_pdsc_description"", ""type"": ""USBD""}, {""name"": ""Official subfamily description lists ADC; quantity not stated"", ""source_kind"": ""mindmotion_pdsc_description"", ""type"": ""ADC""}, {""name"": ""Official subfamily description lists COMP; quantity not stated"", ""source_kind"": ""mindmotion_pdsc_description"", ""type"": ""COMP""}], ""subfamily"": ""MM32L06x""}",2026-08-12T09:13:48+00:00,manufacturer_pdsc_subfamily_description
device,mindmotion::mm32l062tw,features_json,cmsis:MindMotion.MM32L0xx_DFP@1.1.3,http://www.mindmotion.com.cn/Download/MDK_KEIL/MindMotion.MM32L0xx_DFP.pdsc,C:\Users\confl\Desktop\alice blue\mcu-l-catalog\cache\pdsc\MindMotion.MM32L0xx_DFP.pdsc,"{""caveats"": [""Some capabilities vary by device number; the PDSC description does not identify which exact suffix has them.""], ""description"": ""Subfamily: MM32L06x Frequency: 48MHz Memory: 64 kB Flash, 8 kB RAM Communication: 2 x UART,up to 2 x SPI, 1 x I2C,up to 1 x USB(based Device Number) Analog : ADC, COMP power saving mode:stop, sleep, and standby mode"", ""parsed_features"": [{""count"": ""2"", ""name"": ""Official subfamily description: UART"", ""source_kind"": ""mindmotion_pdsc_description"", ""type"": ""UART""}, {""count"": ""2"", ""name"": ""Official subfamily description: SPI"", ""source_kind"": ""mindmotion_pdsc_description"", ""type"": ""SPI""}, {""count"": ""1"", ""name"": ""Official subfamily description: I2C"", ""source_kind"": ""mindmotion_pdsc_description"", ""type"": ""I2C""}, {""count"": ""1"", ""name"": ""Official subfamily description: USB"", ""source_kind"": ""mindmotion_pdsc_description"", ""type"": ""USBD""}, {""name"": ""Official subfamily description lists ADC; quantity not stated"", ""source_kind"": ""mindmotion_pdsc_description"", ""type"": ""ADC""}, {""name"": ""Official subfamily description lists COMP; quantity not stated"", ""source_kind"": ""mindmotion_pdsc_description"", ""type"": ""COMP""}], ""subfamily"": ""MM32L06x""}",2026-08-12T09:13:48+00:00,manufacturer_pdsc_subfamily_description
device,mindmotion::mm32l072nt,features_json,cmsis:MindMotion.MM32L0xx_DFP@1.1.3,http://www.mindmotion.com.cn/Download/MDK_KEIL/MindMotion.MM32L0xx_DFP.pdsc,C:\Users\confl\Desktop\alice blue\mcu-l-catalog\cache\pdsc\MindMotion.MM32L0xx_DFP.pdsc,"{""caveats"": [""Some capabilities vary by device number; the PDSC description does not identify which exact suffix has them.""], ""description"": ""Subfamily: MM32L07x Frequency: 48MHz Memory: 128 kB Flash, 8 kB RAM Communication: 2 x UART,up to 2 x SPI, 1 x I2C, up to 1 xUSB ,up to 1 x CAN(based Device Number) Analog : ADC, COMP power saving mode:stop, sleep, and standby mode"", ""parsed_features"": [{""count"": ""2"", ""name"": ""Official subfamily description: UART"", ""source_kind"": ""mindmotion_pdsc_description"", ""type"": ""UART""}, {""count"": ""2"", ""name"": ""Official subfamily description: SPI"", ""source_kind"": ""mindmotion_pdsc_description"", ""type"": ""SPI""}, {""count"": ""1"", ""name"": ""Official subfamily description: I2C"", ""source_kind"": ""mindmotion_pdsc_description"", ""type"": ""I2C""}, {""count"": ""1"", ""name"": ""Official subfamily description: CAN"", ""source_kind"": ""mindmotion_pdsc_description"", ""type"": ""CAN""}, {""count"": ""1"", ""name"": ""Official subfamily description: USB"", ""source_kind"": ""mindmotion_pdsc_description"", ""type"": ""USBD""}, {""name"": ""Official subfamily description lists ADC; quantity not stated"", ""source_kind"": ""mindmotion_pdsc_description"", ""type"": ""ADC""}, {""name"": ""Official subfamily description lists COMP; quantity not stated"", ""source_kind"": ""mindmotion_pdsc_description"", ""type"": ""COMP""}], ""subfamily"": ""MM32L07x""}",2026-08-12T09:13:48+00:00,manufacturer_pdsc_subfamily_description
device,mindmotion::mm32l072pf,features_json,cmsis:MindMotion.MM32L0xx_DFP@1.1.3,http://www.mindmotion.com.cn/Download/MDK_KEIL/MindMotion.MM32L0xx_DFP.pdsc,C:\Users\confl\Desktop\alice blue\mcu-l-catalog\cache\pdsc\MindMotion.MM32L0xx_DFP.pdsc,"{""caveats"": [""Some capabilities vary by device number; the PDSC description does not identify which exact suffix has them.""], ""description"": ""Subfamily: MM32L07x Frequency: 48MHz Memory: 128 kB Flash, 8 kB RAM Communication: 2 x UART,up to 2 x SPI, 1 x I2C, up to 1 xUSB ,up to 1 x CAN(based Device Number) Analog : ADC, COMP power saving mode:stop, sleep, and standby mode"", ""parsed_features"": [{""count"": ""2"", ""name"": ""Official subfamily description: UART"", ""source_kind"": ""mindmotion_pdsc_description"", ""type"": ""UART""}, {""count"": ""2"", ""name"": ""Official subfamily description: SPI"", ""source_kind"": ""mindmotion_pdsc_description"", ""type"": ""SPI""}, {""count"": ""1"", ""name"": ""Official subfamily description: I2C"", ""source_kind"": ""mindmotion_pdsc_description"", ""type"": ""I2C""}, {""count"": ""1"", ""name"": ""Official subfamily description: CAN"", ""source_kind"": ""mindmotion_pdsc_description"", ""type"": ""CAN""}, {""count"": ""1"", ""name"": ""Official subfamily description: USB"", ""source_kind"": ""mindmotion_pdsc_description"", ""type"": ""USBD""}, {""name"": ""Official subfamily description lists ADC; quantity not stated"", ""source_kind"": ""mindmotion_pdsc_description"", ""type"": ""ADC""}, {""name"": ""Official subfamily description lists COMP; quantity not stated"", ""source_kind"": ""mindmotion_pdsc_description"", ""type"": ""COMP""}], ""subfamily"": ""MM32L07x""}",2026-08-12T09:13:48+00:00,manufacturer_pdsc_subfamily_description
device,mindmotion::mm32l072pt,features_json,cmsis:MindMotion.MM32L0xx_DFP@1.1.3,http://www.mindmotion.com.cn/Download/MDK_KEIL/MindMotion.MM32L0xx_DFP.pdsc,C:\Users\confl\Desktop\alice blue\mcu-l-catalog\cache\pdsc\MindMotion.MM32L0xx_DFP.pdsc,"{""caveats"": [""Some capabilities vary by device number; the PDSC description does not identify which exact suffix has them.""], ""description"": ""Subfamily: MM32L07x Frequency: 48MHz Memory: 128 kB Flash, 8 kB RAM Communication: 2 x UART,up to 2 x SPI, 1 x I2C, up to 1 xUSB ,up to 1 x CAN(based Device Number) Analog : ADC, COMP power saving mode:stop, sleep, and standby mode"", ""parsed_features"": [{""count"": ""2"", ""name"": ""Official subfamily description: UART"", ""source_kind"": ""mindmotion_pdsc_description"", ""type"": ""UART""}, {""count"": ""2"", ""name"": ""Official subfamily description: SPI"", ""source_kind"": ""mindmotion_pdsc_description"", ""type"": ""SPI""}, {""count"": ""1"", ""name"": ""Official subfamily description: I2C"", ""source_kind"": ""mindmotion_pdsc_description"", ""type"": ""I2C""}, {""count"": ""1"", ""name"": ""Official subfamily description: CAN"", ""source_kind"": ""mindmotion_pdsc_description"", ""type"": ""CAN""}, {""count"": ""1"", ""name"": ""Official subfamily description: USB"", ""source_kind"": ""mindmotion_pdsc_description"", ""type"": ""USBD""}, {""name"": ""Official subfamily description lists ADC; quantity not stated"", ""source_kind"": ""mindmotion_pdsc_description"", ""type"": ""ADC""}, {""name"": ""Official subfamily description lists COMP; quantity not stated"", ""source_kind"": ""mindmotion_pdsc_description"", ""type"": ""COMP""}], ""subfamily"": ""MM32L07x""}",2026-08-12T09:13:48+00:00,manufacturer_pdsc_subfamily_description
device,mindmotion::mm32l072tw,features_json,cmsis:MindMotion.MM32L0xx_DFP@1.1.3,http://www.mindmotion.com.cn/Download/MDK_KEIL/MindMotion.MM32L0xx_DFP.pdsc,C:\Users\confl\Desktop\alice blue\mcu-l-catalog\cache\pdsc\MindMotion.MM32L0xx_DFP.pdsc,"{""caveats"": [""Some capabilities vary by device number; the PDSC description does not identify which exact suffix has them.""], ""description"": ""Subfamily: MM32L07x Frequency: 48MHz Memory: 128 kB Flash, 8 kB RAM Communication: 2 x UART,up to 2 x SPI, 1 x I2C, up to 1 xUSB ,up to 1 x CAN(based Device Number) Analog : ADC, COMP power saving mode:stop, sleep, and standby mode"", ""parsed_features"": [{""count"": ""2"", ""name"": ""Official subfamily description: UART"", ""source_kind"": ""mindmotion_pdsc_description"", ""type"": ""UART""}, {""count"": ""2"", ""name"": ""Official subfamily description: SPI"", ""source_kind"": ""mindmotion_pdsc_description"", ""type"": ""SPI""}, {""count"": ""1"", ""name"": ""Official subfamily description: I2C"", ""source_kind"": ""mindmotion_pdsc_description"", ""type"": ""I2C""}, {""count"": ""1"", ""name"": ""Official subfamily description: CAN"", ""source_kind"": ""mindmotion_pdsc_description"", ""type"": ""CAN""}, {""count"": ""1"", ""name"": ""Official subfamily description: USB"", ""source_kind"": ""mindmotion_pdsc_description"", ""type"": ""USBD""}, {""name"": ""Official subfamily description lists ADC; quantity not stated"", ""source_kind"": ""mindmotion_pdsc_description"", ""type"": ""ADC""}, {""name"": ""Official subfamily description lists COMP; quantity not stated"", ""source_kind"": ""mindmotion_pdsc_description"", ""type"": ""COMP""}], ""subfamily"": ""MM32L07x""}",2026-08-12T09:13:48+00:00,manufacturer_pdsc_subfamily_description
device,mindmotion::mm32l073nt,features_json,cmsis:MindMotion.MM32L0xx_DFP@1.1.3,http://www.mindmotion.com.cn/Download/MDK_KEIL/MindMotion.MM32L0xx_DFP.pdsc,C:\Users\confl\Desktop\alice blue\mcu-l-catalog\cache\pdsc\MindMotion.MM32L0xx_DFP.pdsc,"{""caveats"": [""Some capabilities vary by device number; the PDSC description does not identify which exact suffix has them.""], ""description"": ""Subfamily: MM32L07x Frequency: 48MHz Memory: 128 kB Flash, 8 kB RAM Communication: 2 x UART,up to 2 x SPI, 1 x I2C, up to 1 xUSB ,up to 1 x CAN(based Device Number) Analog : ADC, COMP power saving mode:stop, sleep, and standby mode"", ""parsed_features"": [{""count"": ""2"", ""name"": ""Official subfamily description: UART"", ""source_kind"": ""mindmotion_pdsc_description"", ""type"": ""UART""}, {""count"": ""2"", ""name"": ""Official subfamily description: SPI"", ""source_kind"": ""mindmotion_pdsc_description"", ""type"": ""SPI""}, {""count"": ""1"", ""name"": ""Official subfamily description: I2C"", ""source_kind"": ""mindmotion_pdsc_description"", ""type"": ""I2C""}, {""count"": ""1"", ""name"": ""Official subfamily description: CAN"", ""source_kind"": ""mindmotion_pdsc_description"", ""type"": ""CAN""}, {""count"": ""1"", ""name"": ""Official subfamily description: USB"", ""source_kind"": ""mindmotion_pdsc_description"", ""type"": ""USBD""}, {""name"": ""Official subfamily description lists ADC; quantity not stated"", ""source_kind"": ""mindmotion_pdsc_description"", ""type"": ""ADC""}, {""name"": ""Official subfamily description lists COMP; quantity not stated"", ""source_kind"": ""mindmotion_pdsc_description"", ""type"": ""COMP""}], ""subfamily"": ""MM32L07x""}",2026-08-12T09:13:48+00:00,manufacturer_pdsc_subfamily_description
device,mindmotion::mm32l073pf,features_json,cmsis:MindMotion.MM32L0xx_DFP@1.1.3,http://www.mindmotion.com.cn/Download/MDK_KEIL/MindMotion.MM32L0xx_DFP.pdsc,C:\Users\confl\Desktop\alice blue\mcu-l-catalog\cache\pdsc\MindMotion.MM32L0xx_DFP.pdsc,"{""caveats"": [""Some capabilities vary by device number; the PDSC description does not identify which exact suffix has them.""], ""description"": ""Subfamily: MM32L07x Frequency: 48MHz Memory: 128 kB Flash, 8 kB RAM Communication: 2 x UART,up to 2 x SPI, 1 x I2C, up to 1 xUSB ,up to 1 x CAN(based Device Number) Analog : ADC, COMP power saving mode:stop, sleep, and standby mode"", ""parsed_features"": [{""count"": ""2"", ""name"": ""Official subfamily description: UART"", ""source_kind"": ""mindmotion_pdsc_description"", ""type"": ""UART""}, {""count"": ""2"", ""name"": ""Official subfamily description: SPI"", ""source_kind"": ""mindmotion_pdsc_description"", ""type"": ""SPI""}, {""count"": ""1"", ""name"": ""Official subfamily description: I2C"", ""source_kind"": ""mindmotion_pdsc_description"", ""type"": ""I2C""}, {""count"": ""1"", ""name"": ""Official subfamily description: CAN"", ""source_kind"": ""mindmotion_pdsc_description"", ""type"": ""CAN""}, {""count"": ""1"", ""name"": ""Official subfamily description: USB"", ""source_kind"": ""mindmotion_pdsc_description"", ""type"": ""USBD""}, {""name"": ""Official subfamily description lists ADC; quantity not stated"", ""source_kind"": ""mindmotion_pdsc_description"", ""type"": ""ADC""}, {""name"": ""Official subfamily description lists COMP; quantity not stated"", ""source_kind"": ""mindmotion_pdsc_description"", ""type"": ""COMP""}], ""subfamily"": ""MM32L07x""}",2026-08-12T09:13:48+00:00,manufacturer_pdsc_subfamily_description
device,mindmotion::mm32l073pt,features_json,cmsis:MindMotion.MM32L0xx_DFP@1.1.3,http://www.mindmotion.com.cn/Download/MDK_KEIL/MindMotion.MM32L0xx_DFP.pdsc,C:\Users\confl\Desktop\alice blue\mcu-l-catalog\cache\pdsc\MindMotion.MM32L0xx_DFP.pdsc,"{""caveats"": [""Some capabilities vary by device number; the PDSC description does not identify which exact suffix has them.""], ""description"": ""Subfamily: MM32L07x Frequency: 48MHz Memory: 128 kB Flash, 8 kB RAM Communication: 2 x UART,up to 2 x SPI, 1 x I2C, up to 1 xUSB ,up to 1 x CAN(based Device Number) Analog : ADC, COMP power saving mode:stop, sleep, and standby mode"", ""parsed_features"": [{""count"": ""2"", ""name"": ""Official subfamily description: UART"", ""source_kind"": ""mindmotion_pdsc_description"", ""type"": ""UART""}, {""count"": ""2"", ""name"": ""Official subfamily description: SPI"", ""source_kind"": ""mindmotion_pdsc_description"", ""type"": ""SPI""}, {""count"": ""1"", ""name"": ""Official subfamily description: I2C"", ""source_kind"": ""mindmotion_pdsc_description"", ""type"": ""I2C""}, {""count"": ""1"", ""name"": ""Official subfamily description: CAN"", ""source_kind"": ""mindmotion_pdsc_description"", ""type"": ""CAN""}, {""count"": ""1"", ""name"": ""Official subfamily description: USB"", ""source_kind"": ""mindmotion_pdsc_description"", ""type"": ""USBD""}, {""name"": ""Official subfamily description lists ADC; quantity not stated"", ""source_kind"": ""mindmotion_pdsc_description"", ""type"": ""ADC""}, {""name"": ""Official subfamily description lists COMP; quantity not stated"", ""source_kind"": ""mindmotion_pdsc_description"", ""type"": ""COMP""}], ""subfamily"": ""MM32L07x""}",2026-08-12T09:13:48+00:00,manufacturer_pdsc_subfamily_description
device,mindmotion::mm32l073tw,features_json,cmsis:MindMotion.MM32L0xx_DFP@1.1.3,http://www.mindmotion.com.cn/Download/MDK_KEIL/MindMotion.MM32L0xx_DFP.pdsc,C:\Users\confl\Desktop\alice blue\mcu-l-catalog\cache\pdsc\MindMotion.MM32L0xx_DFP.pdsc,"{""caveats"": [""Some capabilities vary by device number; the PDSC description does not identify which exact suffix has them.""], ""description"": ""Subfamily: MM32L07x Frequency: 48MHz Memory: 128 kB Flash, 8 kB RAM Communication: 2 x UART,up to 2 x SPI, 1 x I2C, up to 1 xUSB ,up to 1 x CAN(based Device Number) Analog : ADC, COMP power saving mode:stop, sleep, and standby mode"", ""parsed_features"": [{""count"": ""2"", ""name"": ""Official subfamily description: UART"", ""source_kind"": ""mindmotion_pdsc_description"", ""type"": ""UART""}, {""count"": ""2"", ""name"": ""Official subfamily description: SPI"", ""source_kind"": ""mindmotion_pdsc_description"", ""type"": ""SPI""}, {""count"": ""1"", ""name"": ""Official subfamily description: I2C"", ""source_kind"": ""mindmotion_pdsc_description"", ""type"": ""I2C""}, {""count"": ""1"", ""name"": ""Official subfamily description: CAN"", ""source_kind"": ""mindmotion_pdsc_description"", ""type"": ""CAN""}, {""count"": ""1"", ""name"": ""Official subfamily description: USB"", ""source_kind"": ""mindmotion_pdsc_description"", ""type"": ""USBD""}, {""name"": ""Official subfamily description lists ADC; quantity not stated"", ""source_kind"": ""mindmotion_pdsc_description"", ""type"": ""ADC""}, {""name"": ""Official subfamily description lists COMP; quantity not stated"", ""source_kind"": ""mindmotion_pdsc_description"", ""type"": ""COMP""}], ""subfamily"": ""MM32L07x""}",2026-08-12T09:13:48+00:00,manufacturer_pdsc_subfamily_description
device,mindmotion::mm32l362nt,features_json,cmsis:MindMotion.MM32L3xx_DFP@1.0.8,http://www.mindmotion.com.cn/Download/MDK_KEIL/MindMotion.MM32L3xx_DFP.pdsc,C:\Users\confl\Desktop\alice blue\mcu-l-catalog\cache\pdsc\MindMotion.MM32L3xx_DFP.pdsc,"{""caveats"": [], ""description"": ""Subfamily: MM32L36x Frequency: 96MHz Memory: 64 kB Flash, 20 kB RAM Communication:up to 3 x UART, up to 2 x SPI, up to 2 x I2C,USB Analog : ADC, DAC power saving mode:stop, sleep, and standby mode Other: AES"", ""parsed_features"": [{""count"": ""3"", ""name"": ""Official subfamily description: UART"", ""source_kind"": ""mindmotion_pdsc_description"", ""type"": ""UART""}, {""count"": ""2"", ""name"": ""Official subfamily description: SPI"", ""source_kind"": ""mindmotion_pdsc_description"", ""type"": ""SPI""}, {""count"": ""2"", ""name"": ""Official subfamily description: I2C"", ""source_kind"": ""mindmotion_pdsc_description"", ""type"": ""I2C""}, {""count"": ""1"", ""name"": ""Official subfamily description: USB"", ""source_kind"": ""mindmotion_pdsc_description"", ""type"": ""USBD""}, {""name"": ""Official subfamily description lists ADC; quantity not stated"", ""source_kind"": ""mindmotion_pdsc_description"", ""type"": ""ADC""}, {""name"": ""Official subfamily description lists DAC; quantity not stated"", ""source_kind"": ""mindmotion_pdsc_description"", ""type"": ""DAC""}, {""count"": ""1"", ""name"": ""AES"", ""source_kind"": ""mindmotion_pdsc_description"", ""type"": ""Crypto""}], ""subfamily"": ""MM32L36x""}",2026-08-12T09:13:48+00:00,manufacturer_pdsc_subfamily_description
device,mindmotion::mm32l362pf,features_json,cmsis:MindMotion.MM32L3xx_DFP@1.0.8,http://www.mindmotion.com.cn/Download/MDK_KEIL/MindMotion.MM32L3xx_DFP.pdsc,C:\Users\confl\Desktop\alice blue\mcu-l-catalog\cache\pdsc\MindMotion.MM32L3xx_DFP.pdsc,"{""caveats"": [], ""description"": ""Subfamily: MM32L36x Frequency: 96MHz Memory: 64 kB Flash, 20 kB RAM Communication:up to 3 x UART, up to 2 x SPI, up to 2 x I2C,USB Analog : ADC, DAC power saving mode:stop, sleep, and standby mode Other: AES"", ""parsed_features"": [{""count"": ""3"", ""name"": ""Official subfamily description: UART"", ""source_kind"": ""mindmotion_pdsc_description"", ""type"": ""UART""}, {""count"": ""2"", ""name"": ""Official subfamily description: SPI"", ""source_kind"": ""mindmotion_pdsc_description"", ""type"": ""SPI""}, {""count"": ""2"", ""name"": ""Official subfamily description: I2C"", ""source_kind"": ""mindmotion_pdsc_description"", ""type"": ""I2C""}, {""count"": ""1"", ""name"": ""Official subfamily description: USB"", ""source_kind"": ""mindmotion_pdsc_description"", ""type"": ""USBD""}, {""name"": ""Official subfamily description lists ADC; quantity not stated"", ""source_kind"": ""mindmotion_pdsc_description"", ""type"": ""ADC""}, {""name"": ""Official subfamily description lists DAC; quantity not stated"", ""source_kind"": ""mindmotion_pdsc_description"", ""type"": ""DAC""}, {""count"": ""1"", ""name"": ""AES"", ""source_kind"": ""mindmotion_pdsc_description"", ""type"": ""Crypto""}], ""subfamily"": ""MM32L36x""}",2026-08-12T09:13:48+00:00,manufacturer_pdsc_subfamily_description
device,mindmotion::mm32l362ps,features_json,cmsis:MindMotion.MM32L3xx_DFP@1.0.8,http://www.mindmotion.com.cn/Download/MDK_KEIL/MindMotion.MM32L3xx_DFP.pdsc,C:\Users\confl\Desktop\alice blue\mcu-l-catalog\cache\pdsc\MindMotion.MM32L3xx_DFP.pdsc,"{""caveats"": [], ""description"": ""Subfamily: MM32L36x Frequency: 96MHz Memory: 64 kB Flash, 20 kB RAM Communication:up to 3 x UART, up to 2 x SPI, up to 2 x I2C,USB Analog : ADC, DAC power saving mode:stop, sleep, and standby mode Other: AES"", ""parsed_features"": [{""count"": ""3"", ""name"": ""Official subfamily description: UART"", ""source_kind"": ""mindmotion_pdsc_description"", ""type"": ""UART""}, {""count"": ""2"", ""name"": ""Official subfamily description: SPI"", ""source_kind"": ""mindmotion_pdsc_description"", ""type"": ""SPI""}, {""count"": ""2"", ""name"": ""Official subfamily description: I2C"", ""source_kind"": ""mindmotion_pdsc_description"", ""type"": ""I2C""}, {""count"": ""1"", ""name"": ""Official subfamily description: USB"", ""source_kind"": ""mindmotion_pdsc_description"", ""type"": ""USBD""}, {""name"": ""Official subfamily description lists ADC; quantity not stated"", ""source_kind"": ""mindmotion_pdsc_description"", ""type"": ""ADC""}, {""name"": ""Official subfamily description lists DAC; quantity not stated"", ""source_kind"": ""mindmotion_pdsc_description"", ""type"": ""DAC""}, {""count"": ""1"", ""name"": ""AES"", ""source_kind"": ""mindmotion_pdsc_description"", ""type"": ""Crypto""}], ""subfamily"": ""MM32L36x""}",2026-08-12T09:13:48+00:00,manufacturer_pdsc_subfamily_description
device,mindmotion::mm32l362pt,features_json,cmsis:MindMotion.MM32L3xx_DFP@1.0.8,http://www.mindmotion.com.cn/Download/MDK_KEIL/MindMotion.MM32L3xx_DFP.pdsc,C:\Users\confl\Desktop\alice blue\mcu-l-catalog\cache\pdsc\MindMotion.MM32L3xx_DFP.pdsc,"{""caveats"": [], ""description"": ""Subfamily: MM32L36x Frequency: 96MHz Memory: 64 kB Flash, 20 kB RAM Communication:up to 3 x UART, up to 2 x SPI, up to 2 x I2C,USB Analog : ADC, DAC power saving mode:stop, sleep, and standby mode Other: AES"", ""parsed_features"": [{""count"": ""3"", ""name"": ""Official subfamily description: UART"", ""source_kind"": ""mindmotion_pdsc_description"", ""type"": ""UART""}, {""count"": ""2"", ""name"": ""Official subfamily description: SPI"", ""source_kind"": ""mindmotion_pdsc_description"", ""type"": ""SPI""}, {""count"": ""2"", ""name"": ""Official subfamily description: I2C"", ""source_kind"": ""mindmotion_pdsc_description"", ""type"": ""I2C""}, {""count"": ""1"", ""name"": ""Official subfamily description: USB"", ""source_kind"": ""mindmotion_pdsc_description"", ""type"": ""USBD""}, {""name"": ""Official subfamily description lists ADC; quantity not stated"", ""source_kind"": ""mindmotion_pdsc_description"", ""type"": ""ADC""}, {""name"": ""Official subfamily description lists DAC; quantity not stated"", ""source_kind"": ""mindmotion_pdsc_description"", ""type"": ""DAC""}, {""count"": ""1"", ""name"": ""AES"", ""source_kind"": ""mindmotion_pdsc_description"", ""type"": ""Crypto""}], ""subfamily"": ""MM32L36x""}",2026-08-12T09:13:48+00:00,manufacturer_pdsc_subfamily_description
device,mindmotion::mm32l373nt,features_json,cmsis:MindMotion.MM32L3xx_DFP@1.0.8,http://www.mindmotion.com.cn/Download/MDK_KEIL/MindMotion.MM32L3xx_DFP.pdsc,C:\Users\confl\Desktop\alice blue\mcu-l-catalog\cache\pdsc\MindMotion.MM32L3xx_DFP.pdsc,"{""caveats"": [], ""description"": ""Subfamily: MM32L37x Frequency: 96MHz Memory: 128 kB Flash, 20 kB RAM Communication:up to 3 x UART, up to 2 x SPI, up to 2 x I2C,USB, CAN Analog : ADC, DAC power saving mode:stop, sleep, and standby mode Other: AES"", ""parsed_features"": [{""count"": ""3"", ""name"": ""Official subfamily description: UART"", ""source_kind"": ""mindmotion_pdsc_description"", ""type"": ""UART""}, {""count"": ""2"", ""name"": ""Official subfamily description: SPI"", ""source_kind"": ""mindmotion_pdsc_description"", ""type"": ""SPI""}, {""count"": ""2"", ""name"": ""Official subfamily description: I2C"", ""source_kind"": ""mindmotion_pdsc_description"", ""type"": ""I2C""}, {""count"": ""1"", ""name"": ""Official subfamily description: CAN"", ""source_kind"": ""mindmotion_pdsc_description"", ""type"": ""CAN""}, {""count"": ""1"", ""name"": ""Official subfamily description: USB"", ""source_kind"": ""mindmotion_pdsc_description"", ""type"": ""USBD""}, {""name"": ""Official subfamily description lists ADC; quantity not stated"", ""source_kind"": ""mindmotion_pdsc_description"", ""type"": ""ADC""}, {""name"": ""Official subfamily description lists DAC; quantity not stated"", ""source_kind"": ""mindmotion_pdsc_description"", ""type"": ""DAC""}, {""count"": ""1"", ""name"": ""AES"", ""source_kind"": ""mindmotion_pdsc_description"", ""type"": ""Crypto""}], ""subfamily"": ""MM32L37x""}",2026-08-12T09:13:48+00:00,manufacturer_pdsc_subfamily_description
device,mindmotion::mm32l373pf,features_json,cmsis:MindMotion.MM32L3xx_DFP@1.0.8,http://www.mindmotion.com.cn/Download/MDK_KEIL/MindMotion.MM32L3xx_DFP.pdsc,C:\Users\confl\Desktop\alice blue\mcu-l-catalog\cache\pdsc\MindMotion.MM32L3xx_DFP.pdsc,"{""caveats"": [], ""description"": ""Subfamily: MM32L37x Frequency: 96MHz Memory: 128 kB Flash, 20 kB RAM Communication:up to 3 x UART, up to 2 x SPI, up to 2 x I2C,USB, CAN Analog : ADC, DAC power saving mode:stop, sleep, and standby mode Other: AES"", ""parsed_features"": [{""count"": ""3"", ""name"": ""Official subfamily description: UART"", ""source_kind"": ""mindmotion_pdsc_description"", ""type"": ""UART""}, {""count"": ""2"", ""name"": ""Official subfamily description: SPI"", ""source_kind"": ""mindmotion_pdsc_description"", ""type"": ""SPI""}, {""count"": ""2"", ""name"": ""Official subfamily description: I2C"", ""source_kind"": ""mindmotion_pdsc_description"", ""type"": ""I2C""}, {""count"": ""1"", ""name"": ""Official subfamily description: CAN"", ""source_kind"": ""mindmotion_pdsc_description"", ""type"": ""CAN""}, {""count"": ""1"", ""name"": ""Official subfamily description: USB"", ""source_kind"": ""mindmotion_pdsc_description"", ""type"": ""USBD""}, {""name"": ""Official subfamily description lists ADC; quantity not stated"", ""source_kind"": ""mindmotion_pdsc_description"", ""type"": ""ADC""}, {""name"": ""Official subfamily description lists DAC; quantity not stated"", ""source_kind"": ""mindmotion_pdsc_description"", ""type"": ""DAC""}, {""count"": ""1"", ""name"": ""AES"", ""source_kind"": ""mindmotion_pdsc_description"", ""type"": ""Crypto""}], ""subfamily"": ""MM32L37x""}",2026-08-12T09:13:48+00:00,manufacturer_pdsc_subfamily_description
device,mindmotion::mm32l373ps,features_json,cmsis:MindMotion.MM32L3xx_DFP@1.0.8,http://www.mindmotion.com.cn/Download/MDK_KEIL/MindMotion.MM32L3xx_DFP.pdsc,C:\Users\confl\Desktop\alice blue\mcu-l-catalog\cache\pdsc\MindMotion.MM32L3xx_DFP.pdsc,"{""caveats"": [], ""description"": ""Subfamily: MM32L37x Frequency: 96MHz Memory: 128 kB Flash, 20 kB RAM Communication:up to 3 x UART, up to 2 x SPI, up to 2 x I2C,USB, CAN Analog : ADC, DAC power saving mode:stop, sleep, and standby mode Other: AES"", ""parsed_features"": [{""count"": ""3"", ""name"": ""Official subfamily description: UART"", ""source_kind"": ""mindmotion_pdsc_description"", ""type"": ""UART""}, {""count"": ""2"", ""name"": ""Official subfamily description: SPI"", ""source_kind"": ""mindmotion_pdsc_description"", ""type"": ""SPI""}, {""count"": ""2"", ""name"": ""Official subfamily description: I2C"", ""source_kind"": ""mindmotion_pdsc_description"", ""type"": ""I2C""}, {""count"": ""1"", ""name"": ""Official subfamily description: CAN"", ""source_kind"": ""mindmotion_pdsc_description"", ""type"": ""CAN""}, {""count"": ""1"", ""name"": ""Official subfamily description: USB"", ""source_kind"": ""mindmotion_pdsc_description"", ""type"": ""USBD""}, {""name"": ""Official subfamily description lists ADC; quantity not stated"", ""source_kind"": ""mindmotion_pdsc_description"", ""type"": ""ADC""}, {""name"": ""Official subfamily description lists DAC; quantity not stated"", ""source_kind"": ""mindmotion_pdsc_description"", ""type"": ""DAC""}, {""count"": ""1"", ""name"": ""AES"", ""source_kind"": ""mindmotion_pdsc_description"", ""type"": ""Crypto""}], ""subfamily"": ""MM32L37x""}",2026-08-12T09:13:48+00:00,manufacturer_pdsc_subfamily_description
device,mindmotion::mm32l373pt,features_json,cmsis:MindMotion.MM32L3xx_DFP@1.0.8,http://www.mindmotion.com.cn/Download/MDK_KEIL/MindMotion.MM32L3xx_DFP.pdsc,C:\Users\confl\Desktop\alice blue\mcu-l-catalog\cache\pdsc\MindMotion.MM32L3xx_DFP.pdsc,"{""caveats"": [], ""description"": ""Subfamily: MM32L37x Frequency: 96MHz Memory: 128 kB Flash, 20 kB RAM Communication:up to 3 x UART, up to 2 x SPI, up to 2 x I2C,USB, CAN Analog : ADC, DAC power saving mode:stop, sleep, and standby mode Other: AES"", ""parsed_features"": [{""count"": ""3"", ""name"": ""Official subfamily description: UART"", ""source_kind"": ""mindmotion_pdsc_description"", ""type"": ""UART""}, {""count"": ""2"", ""name"": ""Official subfamily description: SPI"", ""source_kind"": ""mindmotion_pdsc_description"", ""type"": ""SPI""}, {""count"": ""2"", ""name"": ""Official subfamily description: I2C"", ""source_kind"": ""mindmotion_pdsc_description"", ""type"": ""I2C""}, {""count"": ""1"", ""name"": ""Official subfamily description: CAN"", ""source_kind"": ""mindmotion_pdsc_description"", ""type"": ""CAN""}, {""count"": ""1"", ""name"": ""Official subfamily description: USB"", ""source_kind"": ""mindmotion_pdsc_description"", ""type"": ""USBD""}, {""name"": ""Official subfamily description lists ADC; quantity not stated"", ""source_kind"": ""mindmotion_pdsc_description"", ""type"": ""ADC""}, {""name"": ""Official subfamily description lists DAC; quantity not stated"", ""source_kind"": ""mindmotion_pdsc_description"", ""type"": ""DAC""}, {""count"": ""1"", ""name"": ""AES"", ""source_kind"": ""mindmotion_pdsc_description"", ""type"": ""Crypto""}], ""subfamily"": ""MM32L37x""}",2026-08-12T09:13:48+00:00,manufacturer_pdsc_subfamily_description
device,mindmotion::mm32p021mn,features_json,cmsis:MindMotion.MM32P0xx_DFP@1.0.9,http://www.mindmotion.com.cn/Download/MDK_KEIL/MindMotion.MM32P0xx_DFP.pdsc,C:\Users\confl\Desktop\alice blue\mcu-l-catalog\cache\pdsc\MindMotion.MM32P0xx_DFP.pdsc,"{""caveats"": [], ""description"": """", ""parsed_features"": [], ""subfamily"": ""MM32P02x""}",2026-08-12T09:13:48+00:00,manufacturer_pdsc_subfamily_description
device,mindmotion::mm32p021se,features_json,cmsis:MindMotion.MM32P0xx_DFP@1.0.9,http://www.mindmotion.com.cn/Download/MDK_KEIL/MindMotion.MM32P0xx_DFP.pdsc,C:\Users\confl\Desktop\alice blue\mcu-l-catalog\cache\pdsc\MindMotion.MM32P0xx_DFP.pdsc,"{""caveats"": [], ""description"": """", ""parsed_features"": [], ""subfamily"": ""MM32P02x""}",2026-08-12T09:13:48+00:00,manufacturer_pdsc_subfamily_description
device,mindmotion::mm32p021sr,features_json,cmsis:MindMotion.MM32P0xx_DFP@1.0.9,http://www.mindmotion.com.cn/Download/MDK_KEIL/MindMotion.MM32P0xx_DFP.pdsc,C:\Users\confl\Desktop\alice blue\mcu-l-catalog\cache\pdsc\MindMotion.MM32P0xx_DFP.pdsc,"{""caveats"": [], ""description"": """", ""parsed_features"": [], ""subfamily"": ""MM32P02x""}",2026-08-12T09:13:48+00:00,manufacturer_pdsc_subfamily_description
device,mindmotion::mm32p021mnsim,features_json,cmsis:MindMotion.MM32P0xx_DFP@1.0.9,http://www.mindmotion.com.cn/Download/MDK_KEIL/MindMotion.MM32P0xx_DFP.pdsc,C:\Users\confl\Desktop\alice blue\mcu-l-catalog\cache\pdsc\MindMotion.MM32P0xx_DFP.pdsc,"{""caveats"": [], ""description"": """", ""parsed_features"": [], ""subfamily"": ""MM32P02xSim""}",2026-08-12T09:13:48+00:00,manufacturer_pdsc_subfamily_description
device,mindmotion::mm32p021sesim,features_json,cmsis:MindMotion.MM32P0xx_DFP@1.0.9,http://www.mindmotion.com.cn/Download/MDK_KEIL/MindMotion.MM32P0xx_DFP.pdsc,C:\Users\confl\Desktop\alice blue\mcu-l-catalog\cache\pdsc\MindMotion.MM32P0xx_DFP.pdsc,"{""caveats"": [], ""description"": """", ""parsed_features"": [], ""subfamily"": ""MM32P02xSim""}",2026-08-12T09:13:48+00:00,manufacturer_pdsc_subfamily_description
device,mindmotion::mm32p021srsim,features_json,cmsis:MindMotion.MM32P0xx_DFP@1.0.9,http://www.mindmotion.com.cn/Download/MDK_KEIL/MindMotion.MM32P0xx_DFP.pdsc,C:\Users\confl\Desktop\alice blue\mcu-l-catalog\cache\pdsc\MindMotion.MM32P0xx_DFP.pdsc,"{""caveats"": [], ""description"": """", ""parsed_features"": [], ""subfamily"": ""MM32P02xSim""}",2026-08-12T09:13:48+00:00,manufacturer_pdsc_subfamily_description
device,mindmotion::mm32spin0280d4pp,features_json,cmsis:MindMotion.MM32SPIN0280_DFP@0.0.1,http://www.mindmotion.com.cn/Download/MDK_KEIL/MindMotion.MM32SPIN0280_DFP.pdsc,C:\Users\confl\Desktop\alice blue\mcu-l-catalog\cache\pdsc\MindMotion.MM32SPIN0280_DFP.pdsc,"{""caveats"": [], ""description"": ""Subfamily: MM32SPIN0280 Frequency: 8MHz Memory: 128 kB Flash, 8 kB RAM Communication: up to 3 x UART, 2 x SPI, 1 x I2C,2 x I2S, Analog : ADC, COMP power saving mode:stop, sleep, and standby mode"", ""parsed_features"": [{""count"": ""3"", ""name"": ""Official subfamily description: UART"", ""source_kind"": ""mindmotion_pdsc_description"", ""type"": ""UART""}, {""count"": ""2"", ""name"": ""Official subfamily description: SPI"", ""source_kind"": ""mindmotion_pdsc_description"", ""type"": ""SPI""}, {""count"": ""1"", ""name"": ""Official subfamily description: I2C"", ""source_kind"": ""mindmotion_pdsc_description"", ""type"": ""I2C""}, {""count"": ""2"", ""name"": ""Official subfamily description: I2S"", ""source_kind"": ""mindmotion_pdsc_description"", ""type"": ""I2S""}, {""name"": ""Official subfamily description lists ADC; quantity not stated"", ""source_kind"": ""mindmotion_pdsc_description"", ""type"": ""ADC""}, {""name"": ""Official subfamily description lists COMP; quantity not stated"", ""source_kind"": ""mindmotion_pdsc_description"", ""type"": ""COMP""}], ""subfamily"": ""MM32SPIN0280""}",2026-08-12T09:13:48+00:00,manufacturer_pdsc_subfamily_description
device,mindmotion::mm32spin0280d6p,features_json,cmsis:MindMotion.MM32SPIN0280_DFP@0.0.1,http://www.mindmotion.com.cn/Download/MDK_KEIL/MindMotion.MM32SPIN0280_DFP.pdsc,C:\Users\confl\Desktop\alice blue\mcu-l-catalog\cache\pdsc\MindMotion.MM32SPIN0280_DFP.pdsc,"{""caveats"": [], ""description"": ""Subfamily: MM32SPIN0280 Frequency: 8MHz Memory: 128 kB Flash, 8 kB RAM Communication: up to 3 x UART, 2 x SPI, 1 x I2C,2 x I2S, Analog : ADC, COMP power saving mode:stop, sleep, and standby mode"", ""parsed_features"": [{""count"": ""3"", ""name"": ""Official subfamily description: UART"", ""source_kind"": ""mindmotion_pdsc_description"", ""type"": ""UART""}, {""count"": ""2"", ""name"": ""Official subfamily description: SPI"", ""source_kind"": ""mindmotion_pdsc_description"", ""type"": ""SPI""}, {""count"": ""1"", ""name"": ""Official subfamily description: I2C"", ""source_kind"": ""mindmotion_pdsc_description"", ""type"": ""I2C""}, {""count"": ""2"", ""name"": ""Official subfamily description: I2S"", ""source_kind"": ""mindmotion_pdsc_description"", ""type"": ""I2S""}, {""name"": ""Official subfamily description lists ADC; quantity not stated"", ""source_kind"": ""mindmotion_pdsc_description"", ""type"": ""ADC""}, {""name"": ""Official subfamily description lists COMP; quantity not stated"", ""source_kind"": ""mindmotion_pdsc_description"", ""type"": ""COMP""}], ""subfamily"": ""MM32SPIN0280""}",2026-08-12T09:13:48+00:00,manufacturer_pdsc_subfamily_description
device,mindmotion::mm32spin0280d6q,features_json,cmsis:MindMotion.MM32SPIN0280_DFP@0.0.1,http://www.mindmotion.com.cn/Download/MDK_KEIL/MindMotion.MM32SPIN0280_DFP.pdsc,C:\Users\confl\Desktop\alice blue\mcu-l-catalog\cache\pdsc\MindMotion.MM32SPIN0280_DFP.pdsc,"{""caveats"": [], ""description"": ""Subfamily: MM32SPIN0280 Frequency: 8MHz Memory: 128 kB Flash, 8 kB RAM Communication: up to 3 x UART, 2 x SPI, 1 x I2C,2 x I2S, Analog : ADC, COMP power saving mode:stop, sleep, and standby mode"", ""parsed_features"": [{""count"": ""3"", ""name"": ""Official subfamily description: UART"", ""source_kind"": ""mindmotion_pdsc_description"", ""type"": ""UART""}, {""count"": ""2"", ""name"": ""Official subfamily description: SPI"", ""source_kind"": ""mindmotion_pdsc_description"", ""type"": ""SPI""}, {""count"": ""1"", ""name"": ""Official subfamily description: I2C"", ""source_kind"": ""mindmotion_pdsc_description"", ""type"": ""I2C""}, {""count"": ""2"", ""name"": ""Official subfamily description: I2S"", ""source_kind"": ""mindmotion_pdsc_description"", ""type"": ""I2S""}, {""name"": ""Official subfamily description lists ADC; quantity not stated"", ""source_kind"": ""mindmotion_pdsc_description"", ""type"": ""ADC""}, {""name"": ""Official subfamily description lists COMP; quantity not stated"", ""source_kind"": ""mindmotion_pdsc_description"", ""type"": ""COMP""}], ""subfamily"": ""MM32SPIN0280""}",2026-08-12T09:13:48+00:00,manufacturer_pdsc_subfamily_description
device,mindmotion::mm32spin0280d7p,features_json,cmsis:MindMotion.MM32SPIN0280_DFP@0.0.1,http://www.mindmotion.com.cn/Download/MDK_KEIL/MindMotion.MM32SPIN0280_DFP.pdsc,C:\Users\confl\Desktop\alice blue\mcu-l-catalog\cache\pdsc\MindMotion.MM32SPIN0280_DFP.pdsc,"{""caveats"": [], ""description"": ""Subfamily: MM32SPIN0280 Frequency: 8MHz Memory: 128 kB Flash, 8 kB RAM Communication: up to 3 x UART, 2 x SPI, 1 x I2C,2 x I2S, Analog : ADC, COMP power saving mode:stop, sleep, and standby mode"", ""parsed_features"": [{""count"": ""3"", ""name"": ""Official subfamily description: UART"", ""source_kind"": ""mindmotion_pdsc_description"", ""type"": ""UART""}, {""count"": ""2"", ""name"": ""Official subfamily description: SPI"", ""source_kind"": ""mindmotion_pdsc_description"", ""type"": ""SPI""}, {""count"": ""1"", ""name"": ""Official subfamily description: I2C"", ""source_kind"": ""mindmotion_pdsc_description"", ""type"": ""I2C""}, {""count"": ""2"", ""name"": ""Official subfamily description: I2S"", ""source_kind"": ""mindmotion_pdsc_description"", ""type"": ""I2S""}, {""name"": ""Official subfamily description lists ADC; quantity not stated"", ""source_kind"": ""mindmotion_pdsc_description"", ""type"": ""ADC""}, {""name"": ""Official subfamily description lists COMP; quantity not stated"", ""source_kind"": ""mindmotion_pdsc_description"", ""type"": ""COMP""}], ""subfamily"": ""MM32SPIN0280""}",2026-08-12T09:13:48+00:00,manufacturer_pdsc_subfamily_description
device,mindmotion::mm32spin0280dap,features_json,cmsis:MindMotion.MM32SPIN0280_DFP@0.0.1,http://www.mindmotion.com.cn/Download/MDK_KEIL/MindMotion.MM32SPIN0280_DFP.pdsc,C:\Users\confl\Desktop\alice blue\mcu-l-catalog\cache\pdsc\MindMotion.MM32SPIN0280_DFP.pdsc,"{""caveats"": [], ""description"": ""Subfamily: MM32SPIN0280 Frequency: 8MHz Memory: 128 kB Flash, 8 kB RAM Communication: up to 3 x UART, 2 x SPI, 1 x I2C,2 x I2S, Analog : ADC, COMP power saving mode:stop, sleep, and standby mode"", ""parsed_features"": [{""count"": ""3"", ""name"": ""Official subfamily description: UART"", ""source_kind"": ""mindmotion_pdsc_description"", ""type"": ""UART""}, {""count"": ""2"", ""name"": ""Official subfamily description: SPI"", ""source_kind"": ""mindmotion_pdsc_description"", ""type"": ""SPI""}, {""count"": ""1"", ""name"": ""Official subfamily description: I2C"", ""source_kind"": ""mindmotion_pdsc_description"", ""type"": ""I2C""}, {""count"": ""2"", ""name"": ""Official subfamily description: I2S"", ""source_kind"": ""mindmotion_pdsc_description"", ""type"": ""I2S""}, {""name"": ""Official subfamily description lists ADC; quantity not stated"", ""source_kind"": ""mindmotion_pdsc_description"", ""type"": ""ADC""}, {""name"": ""Official subfamily description lists COMP; quantity not stated"", ""source_kind"": ""mindmotion_pdsc_description"", ""type"": ""COMP""}], ""subfamily"": ""MM32SPIN0280""}",2026-08-12T09:13:48+00:00,manufacturer_pdsc_subfamily_description
device,mindmotion::mm32spinebk,features_json,cmsis:MindMotion.MM32SPIN0280_DFP@0.0.1,http://www.mindmotion.com.cn/Download/MDK_KEIL/MindMotion.MM32SPIN0280_DFP.pdsc,C:\Users\confl\Desktop\alice blue\mcu-l-catalog\cache\pdsc\MindMotion.MM32SPIN0280_DFP.pdsc,"{""caveats"": [], ""description"": ""Subfamily: MM32SPIN0280 Frequency: 8MHz Memory: 128 kB Flash, 8 kB RAM Communication: up to 3 x UART, 2 x SPI, 1 x I2C,2 x I2S, Analog : ADC, COMP power saving mode:stop, sleep, and standby mode"", ""parsed_features"": [{""count"": ""3"", ""name"": ""Official subfamily description: UART"", ""source_kind"": ""mindmotion_pdsc_description"", ""type"": ""UART""}, {""count"": ""2"", ""name"": ""Official subfamily description: SPI"", ""source_kind"": ""mindmotion_pdsc_description"", ""type"": ""SPI""}, {""count"": ""1"", ""name"": ""Official subfamily description: I2C"", ""source_kind"": ""mindmotion_pdsc_description"", ""type"": ""I2C""}, {""count"": ""2"", ""name"": ""Official subfamily description: I2S"", ""source_kind"": ""mindmotion_pdsc_description"", ""type"": ""I2S""}, {""name"": ""Official subfamily description lists ADC; quantity not stated"", ""source_kind"": ""mindmotion_pdsc_description"", ""type"": ""ADC""}, {""name"": ""Official subfamily description lists COMP; quantity not stated"", ""source_kind"": ""mindmotion_pdsc_description"", ""type"": ""COMP""}], ""subfamily"": ""MM32SPIN0280""}",2026-08-12T09:13:48+00:00,manufacturer_pdsc_subfamily_description
device,mindmotion::mm32spin05nt,features_json,cmsis:MindMotion.MM32SPIN0x_DFP@1.0.8,http://www.mindmotion.com.cn/Download/MDK_KEIL/MindMotion.MM32SPIN0x_DFP.pdsc,C:\Users\confl\Desktop\alice blue\mcu-l-catalog\cache\pdsc\MindMotion.MM32SPIN0x_DFP.pdsc,"{""caveats"": [], ""description"": ""Subfamily: MM32SPIN05 Frequency: 72MHz Memory: 32 kB Flash, 4 kB RAM Communication: 2 x UART, 2 x SPI, 1 x I2C Analog : ADC, COMP power saving mode:stop, sleep, and standby mode Other: HWDIV"", ""parsed_features"": [{""count"": ""2"", ""name"": ""Official subfamily description: UART"", ""source_kind"": ""mindmotion_pdsc_description"", ""type"": ""UART""}, {""count"": ""2"", ""name"": ""Official subfamily description: SPI"", ""source_kind"": ""mindmotion_pdsc_description"", ""type"": ""SPI""}, {""count"": ""1"", ""name"": ""Official subfamily description: I2C"", ""source_kind"": ""mindmotion_pdsc_description"", ""type"": ""I2C""}, {""name"": ""Official subfamily description lists ADC; quantity not stated"", ""source_kind"": ""mindmotion_pdsc_description"", ""type"": ""ADC""}, {""name"": ""Official subfamily description lists COMP; quantity not stated"", ""source_kind"": ""mindmotion_pdsc_description"", ""type"": ""COMP""}, {""count"": ""1"", ""name"": ""Hardware divider"", ""source_kind"": ""mindmotion_pdsc_description"", ""type"": ""CoreOther""}], ""subfamily"": ""MM32SPIN05""}",2026-08-12T09:13:48+00:00,manufacturer_pdsc_subfamily_description
device,mindmotion::mm32spin05nw,features_json,cmsis:MindMotion.MM32SPIN0x_DFP@1.0.8,http://www.mindmotion.com.cn/Download/MDK_KEIL/MindMotion.MM32SPIN0x_DFP.pdsc,C:\Users\confl\Desktop\alice blue\mcu-l-catalog\cache\pdsc\MindMotion.MM32SPIN0x_DFP.pdsc,"{""caveats"": [], ""description"": ""Subfamily: MM32SPIN05 Frequency: 72MHz Memory: 32 kB Flash, 4 kB RAM Communication: 2 x UART, 2 x SPI, 1 x I2C Analog : ADC, COMP power saving mode:stop, sleep, and standby mode Other: HWDIV"", ""parsed_features"": [{""count"": ""2"", ""name"": ""Official subfamily description: UART"", ""source_kind"": ""mindmotion_pdsc_description"", ""type"": ""UART""}, {""count"": ""2"", ""name"": ""Official subfamily description: SPI"", ""source_kind"": ""mindmotion_pdsc_description"", ""type"": ""SPI""}, {""count"": ""1"", ""name"": ""Official subfamily description: I2C"", ""source_kind"": ""mindmotion_pdsc_description"", ""type"": ""I2C""}, {""name"": ""Official subfamily description lists ADC; quantity not stated"", ""source_kind"": ""mindmotion_pdsc_description"", ""type"": ""ADC""}, {""name"": ""Official subfamily description lists COMP; quantity not stated"", ""source_kind"": ""mindmotion_pdsc_description"", ""type"": ""COMP""}, {""count"": ""1"", ""name"": ""Hardware divider"", ""source_kind"": ""mindmotion_pdsc_description"", ""type"": ""CoreOther""}], ""subfamily"": ""MM32SPIN05""}",2026-08-12T09:13:48+00:00,manufacturer_pdsc_subfamily_description
device,mindmotion::mm32spin05pf,features_json,cmsis:MindMotion.MM32SPIN0x_DFP@1.0.8,http://www.mindmotion.com.cn/Download/MDK_KEIL/MindMotion.MM32SPIN0x_DFP.pdsc,C:\Users\confl\Desktop\alice blue\mcu-l-catalog\cache\pdsc\MindMotion.MM32SPIN0x_DFP.pdsc,"{""caveats"": [], ""description"": ""Subfamily: MM32SPIN05 Frequency: 72MHz Memory: 32 kB Flash, 4 kB RAM Communication: 2 x UART, 2 x SPI, 1 x I2C Analog : ADC, COMP power saving mode:stop, sleep, and standby mode Other: HWDIV"", ""parsed_features"": [{""count"": ""2"", ""name"": ""Official subfamily description: UART"", ""source_kind"": ""mindmotion_pdsc_description"", ""type"": ""UART""}, {""count"": ""2"", ""name"": ""Official subfamily description: SPI"", ""source_kind"": ""mindmotion_pdsc_description"", ""type"": ""SPI""}, {""count"": ""1"", ""name"": ""Official subfamily description: I2C"", ""source_kind"": ""mindmotion_pdsc_description"", ""type"": ""I2C""}, {""name"": ""Official subfamily description lists ADC; quantity not stated"", ""source_kind"": ""mindmotion_pdsc_description"", ""type"": ""ADC""}, {""name"": ""Official subfamily description lists COMP; quantity not stated"", ""source_kind"": ""mindmotion_pdsc_description"", ""type"": ""COMP""}, {""count"": ""1"", ""name"": ""Hardware divider"", ""source_kind"": ""mindmotion_pdsc_description"", ""type"": ""CoreOther""}], ""subfamily"": ""MM32SPIN05""}",2026-08-12T09:13:48+00:00,manufacturer_pdsc_subfamily_description
device,mindmotion::mm32spin05pt,features_json,cmsis:MindMotion.MM32SPIN0x_DFP@1.0.8,http://www.mindmotion.com.cn/Download/MDK_KEIL/MindMotion.MM32SPIN0x_DFP.pdsc,C:\Users\confl\Desktop\alice blue\mcu-l-catalog\cache\pdsc\MindMotion.MM32SPIN0x_DFP.pdsc,"{""caveats"": [], ""description"": ""Subfamily: MM32SPIN05 Frequency: 72MHz Memory: 32 kB Flash, 4 kB RAM Communication: 2 x UART, 2 x SPI, 1 x I2C Analog : ADC, COMP power saving mode:stop, sleep, and standby mode Other: HWDIV"", ""parsed_features"": [{""count"": ""2"", ""name"": ""Official subfamily description: UART"", ""source_kind"": ""mindmotion_pdsc_description"", ""type"": ""UART""}, {""count"": ""2"", ""name"": ""Official subfamily description: SPI"", ""source_kind"": ""mindmotion_pdsc_description"", ""type"": ""SPI""}, {""count"": ""1"", ""name"": ""Official subfamily description: I2C"", ""source_kind"": ""mindmotion_pdsc_description"", ""type"": ""I2C""}, {""name"": ""Official subfamily description lists ADC; quantity not stated"", ""source_kind"": ""mindmotion_pdsc_description"", ""type"": ""ADC""}, {""name"": ""Official subfamily description lists COMP; quantity not stated"", ""source_kind"": ""mindmotion_pdsc_description"", ""type"": ""COMP""}, {""count"": ""1"", ""name"": ""Hardware divider"", ""source_kind"": ""mindmotion_pdsc_description"", ""type"": ""CoreOther""}], ""subfamily"": ""MM32SPIN05""}",2026-08-12T09:13:48+00:00,manufacturer_pdsc_subfamily_description
device,mindmotion::mm32spin05tw,features_json,cmsis:MindMotion.MM32SPIN0x_DFP@1.0.8,http://www.mindmotion.com.cn/Download/MDK_KEIL/MindMotion.MM32SPIN0x_DFP.pdsc,C:\Users\confl\Desktop\alice blue\mcu-l-catalog\cache\pdsc\MindMotion.MM32SPIN0x_DFP.pdsc,"{""caveats"": [], ""description"": ""Subfamily: MM32SPIN05 Frequency: 72MHz Memory: 32 kB Flash, 4 kB RAM Communication: 2 x UART, 2 x SPI, 1 x I2C Analog : ADC, COMP power saving mode:stop, sleep, and standby mode Other: HWDIV"", ""parsed_features"": [{""count"": ""2"", ""name"": ""Official subfamily description: UART"", ""source_kind"": ""mindmotion_pdsc_description"", ""type"": ""UART""}, {""count"": ""2"", ""name"": ""Official subfamily description: SPI"", ""source_kind"": ""mindmotion_pdsc_description"", ""type"": ""SPI""}, {""count"": ""1"", ""name"": ""Official subfamily description: I2C"", ""source_kind"": ""mindmotion_pdsc_description"", ""type"": ""I2C""}, {""name"": ""Official subfamily description lists ADC; quantity not stated"", ""source_kind"": ""mindmotion_pdsc_description"", ""type"": ""ADC""}, {""name"": ""Official subfamily description lists COMP; quantity not stated"", ""source_kind"": ""mindmotion_pdsc_description"", ""type"": ""COMP""}, {""count"": ""1"", ""name"": ""Hardware divider"", ""source_kind"": ""mindmotion_pdsc_description"", ""type"": ""CoreOther""}], ""subfamily"": ""MM32SPIN05""}",2026-08-12T09:13:48+00:00,manufacturer_pdsc_subfamily_description
device,mindmotion::mm32spin06nt,features_json,cmsis:MindMotion.MM32SPIN0x_DFP@1.0.8,http://www.mindmotion.com.cn/Download/MDK_KEIL/MindMotion.MM32SPIN0x_DFP.pdsc,C:\Users\confl\Desktop\alice blue\mcu-l-catalog\cache\pdsc\MindMotion.MM32SPIN0x_DFP.pdsc,"{""caveats"": [], ""description"": ""Subfamily: MM32SPIN06 Frequency: 96MHz Memory: 64 kB Flash, 16 kB RAM Communication: 2 x UART, 2 x SPI, 1 x I2C, 1 x CAN Analog : ADC, COMP power saving mode:stop, sleep, and standby mode Other: HWDIV"", ""parsed_features"": [{""count"": ""2"", ""name"": ""Official subfamily description: UART"", ""source_kind"": ""mindmotion_pdsc_description"", ""type"": ""UART""}, {""count"": ""2"", ""name"": ""Official subfamily description: SPI"", ""source_kind"": ""mindmotion_pdsc_description"", ""type"": ""SPI""}, {""count"": ""1"", ""name"": ""Official subfamily description: I2C"", ""source_kind"": ""mindmotion_pdsc_description"", ""type"": ""I2C""}, {""count"": ""1"", ""name"": ""Official subfamily description: CAN"", ""source_kind"": ""mindmotion_pdsc_description"", ""type"": ""CAN""}, {""name"": ""Official subfamily description lists ADC; quantity not stated"", ""source_kind"": ""mindmotion_pdsc_description"", ""type"": ""ADC""}, {""name"": ""Official subfamily description lists COMP; quantity not stated"", ""source_kind"": ""mindmotion_pdsc_description"", ""type"": ""COMP""}, {""count"": ""1"", ""name"": ""Hardware divider"", ""source_kind"": ""mindmotion_pdsc_description"", ""type"": ""CoreOther""}], ""subfamily"": ""MM32SPIN06""}",2026-08-12T09:13:48+00:00,manufacturer_pdsc_subfamily_description
device,mindmotion::mm32spin06pf,features_json,cmsis:MindMotion.MM32SPIN0x_DFP@1.0.8,http://www.mindmotion.com.cn/Download/MDK_KEIL/MindMotion.MM32SPIN0x_DFP.pdsc,C:\Users\confl\Desktop\alice blue\mcu-l-catalog\cache\pdsc\MindMotion.MM32SPIN0x_DFP.pdsc,"{""caveats"": [], ""description"": ""Subfamily: MM32SPIN06 Frequency: 96MHz Memory: 64 kB Flash, 16 kB RAM Communication: 2 x UART, 2 x SPI, 1 x I2C, 1 x CAN Analog : ADC, COMP power saving mode:stop, sleep, and standby mode Other: HWDIV"", ""parsed_features"": [{""count"": ""2"", ""name"": ""Official subfamily description: UART"", ""source_kind"": ""mindmotion_pdsc_description"", ""type"": ""UART""}, {""count"": ""2"", ""name"": ""Official subfamily description: SPI"", ""source_kind"": ""mindmotion_pdsc_description"", ""type"": ""SPI""}, {""count"": ""1"", ""name"": ""Official subfamily description: I2C"", ""source_kind"": ""mindmotion_pdsc_description"", ""type"": ""I2C""}, {""count"": ""1"", ""name"": ""Official subfamily description: CAN"", ""source_kind"": ""mindmotion_pdsc_description"", ""type"": ""CAN""}, {""name"": ""Official subfamily description lists ADC; quantity not stated"", ""source_kind"": ""mindmotion_pdsc_description"", ""type"": ""ADC""}, {""name"": ""Official subfamily description lists COMP; quantity not stated"", ""source_kind"": ""mindmotion_pdsc_description"", ""type"": ""COMP""}, {""count"": ""1"", ""name"": ""Hardware divider"", ""source_kind"": ""mindmotion_pdsc_description"", ""type"": ""CoreOther""}], ""subfamily"": ""MM32SPIN06""}",2026-08-12T09:13:48+00:00,manufacturer_pdsc_subfamily_description
device,mindmotion::mm32spin06ps,features_json,cmsis:MindMotion.MM32SPIN0x_DFP@1.0.8,http://www.mindmotion.com.cn/Download/MDK_KEIL/MindMotion.MM32SPIN0x_DFP.pdsc,C:\Users\confl\Desktop\alice blue\mcu-l-catalog\cache\pdsc\MindMotion.MM32SPIN0x_DFP.pdsc,"{""caveats"": [], ""description"": ""Subfamily: MM32SPIN06 Frequency: 96MHz Memory: 64 kB Flash, 16 kB RAM Communication: 2 x UART, 2 x SPI, 1 x I2C, 1 x CAN Analog : ADC, COMP power saving mode:stop, sleep, and standby mode Other: HWDIV"", ""parsed_features"": [{""count"": ""2"", ""name"": ""Official subfamily description: UART"", ""source_kind"": ""mindmotion_pdsc_description"", ""type"": ""UART""}, {""count"": ""2"", ""name"": ""Official subfamily description: SPI"", ""source_kind"": ""mindmotion_pdsc_description"", ""type"": ""SPI""}, {""count"": ""1"", ""name"": ""Official subfamily description: I2C"", ""source_kind"": ""mindmotion_pdsc_description"", ""type"": ""I2C""}, {""count"": ""1"", ""name"": ""Official subfamily description: CAN"", ""source_kind"": ""mindmotion_pdsc_description"", ""type"": ""CAN""}, {""name"": ""Official subfamily description lists ADC; quantity not stated"", ""source_kind"": ""mindmotion_pdsc_description"", ""type"": ""ADC""}, {""name"": ""Official subfamily description lists COMP; quantity not stated"", ""source_kind"": ""mindmotion_pdsc_description"", ""type"": ""COMP""}, {""count"": ""1"", ""name"": ""Hardware divider"", ""source_kind"": ""mindmotion_pdsc_description"", ""type"": ""CoreOther""}], ""subfamily"": ""MM32SPIN06""}",2026-08-12T09:13:48+00:00,manufacturer_pdsc_subfamily_description
device,mindmotion::mm32spin25pf,features_json,cmsis:MindMotion.MM32SPIN2x_DFP@1.1.6,http://www.mindmotion.com.cn/Download/MDK_KEIL/MindMotion.MM32SPIN2x_DFP.pdsc,C:\Users\confl\Desktop\alice blue\mcu-l-catalog\cache\pdsc\MindMotion.MM32SPIN2x_DFP.pdsc,"{""caveats"": [], ""description"": ""Subfamily: MM32SPIN25 Frequency: 96MHz Memory: 32 kB Flash, 8 kB RAM Communication: 2 x UART,up to 2 x SPI, 1 x I2C Analog : ADC, COMP power saving mode:stop, sleep, and standby mode Other: DIV"", ""parsed_features"": [{""count"": ""2"", ""name"": ""Official subfamily description: UART"", ""source_kind"": ""mindmotion_pdsc_description"", ""type"": ""UART""}, {""count"": ""2"", ""name"": ""Official subfamily description: SPI"", ""source_kind"": ""mindmotion_pdsc_description"", ""type"": ""SPI""}, {""count"": ""1"", ""name"": ""Official subfamily description: I2C"", ""source_kind"": ""mindmotion_pdsc_description"", ""type"": ""I2C""}, {""name"": ""Official subfamily description lists ADC; quantity not stated"", ""source_kind"": ""mindmotion_pdsc_description"", ""type"": ""ADC""}, {""name"": ""Official subfamily description lists COMP; quantity not stated"", ""source_kind"": ""mindmotion_pdsc_description"", ""type"": ""COMP""}, {""count"": ""1"", ""name"": ""Hardware divider"", ""source_kind"": ""mindmotion_pdsc_description"", ""type"": ""CoreOther""}], ""subfamily"": ""MM32SPIN25""}",2026-08-12T09:13:48+00:00,manufacturer_pdsc_subfamily_description
device,mindmotion::mm32spin25pt,features_json,cmsis:MindMotion.MM32SPIN2x_DFP@1.1.6,http://www.mindmotion.com.cn/Download/MDK_KEIL/MindMotion.MM32SPIN2x_DFP.pdsc,C:\Users\confl\Desktop\alice blue\mcu-l-catalog\cache\pdsc\MindMotion.MM32SPIN2x_DFP.pdsc,"{""caveats"": [], ""description"": ""Subfamily: MM32SPIN25 Frequency: 96MHz Memory: 32 kB Flash, 8 kB RAM Communication: 2 x UART,up to 2 x SPI, 1 x I2C Analog : ADC, COMP power saving mode:stop, sleep, and standby mode Other: DIV"", ""parsed_features"": [{""count"": ""2"", ""name"": ""Official subfamily description: UART"", ""source_kind"": ""mindmotion_pdsc_description"", ""type"": ""UART""}, {""count"": ""2"", ""name"": ""Official subfamily description: SPI"", ""source_kind"": ""mindmotion_pdsc_description"", ""type"": ""SPI""}, {""count"": ""1"", ""name"": ""Official subfamily description: I2C"", ""source_kind"": ""mindmotion_pdsc_description"", ""type"": ""I2C""}, {""name"": ""Official subfamily description lists ADC; quantity not stated"", ""source_kind"": ""mindmotion_pdsc_description"", ""type"": ""ADC""}, {""name"": ""Official subfamily description lists COMP; quantity not stated"", ""source_kind"": ""mindmotion_pdsc_description"", ""type"": ""COMP""}, {""count"": ""1"", ""name"": ""Hardware divider"", ""source_kind"": ""mindmotion_pdsc_description"", ""type"": ""CoreOther""}], ""subfamily"": ""MM32SPIN25""}",2026-08-12T09:13:48+00:00,manufacturer_pdsc_subfamily_description
device,mindmotion::mm32spin25tw,features_json,cmsis:MindMotion.MM32SPIN2x_DFP@1.1.6,http://www.mindmotion.com.cn/Download/MDK_KEIL/MindMotion.MM32SPIN2x_DFP.pdsc,C:\Users\confl\Desktop\alice blue\mcu-l-catalog\cache\pdsc\MindMotion.MM32SPIN2x_DFP.pdsc,"{""caveats"": [], ""description"": ""Subfamily: MM32SPIN25 Frequency: 96MHz Memory: 32 kB Flash, 8 kB RAM Communication: 2 x UART,up to 2 x SPI, 1 x I2C Analog : ADC, COMP power saving mode:stop, sleep, and standby mode Other: DIV"", ""parsed_features"": [{""count"": ""2"", ""name"": ""Official subfamily description: UART"", ""source_kind"": ""mindmotion_pdsc_description"", ""type"": ""UART""}, {""count"": ""2"", ""name"": ""Official subfamily description: SPI"", ""source_kind"": ""mindmotion_pdsc_description"", ""type"": ""SPI""}, {""count"": ""1"", ""name"": ""Official subfamily description: I2C"", ""source_kind"": ""mindmotion_pdsc_description"", ""type"": ""I2C""}, {""name"": ""Official subfamily description lists ADC; quantity not stated"", ""source_kind"": ""mindmotion_pdsc_description"", ""type"": ""ADC""}, {""name"": ""Official subfamily description lists COMP; quantity not stated"", ""source_kind"": ""mindmotion_pdsc_description"", ""type"": ""COMP""}, {""count"": ""1"", ""name"": ""Hardware divider"", ""source_kind"": ""mindmotion_pdsc_description"", ""type"": ""CoreOther""}], ""subfamily"": ""MM32SPIN25""}",2026-08-12T09:13:48+00:00,manufacturer_pdsc_subfamily_description
device,mindmotion::mm32spin26nf,features_json,cmsis:MindMotion.MM32SPIN2x_DFP@1.1.6,http://www.mindmotion.com.cn/Download/MDK_KEIL/MindMotion.MM32SPIN2x_DFP.pdsc,C:\Users\confl\Desktop\alice blue\mcu-l-catalog\cache\pdsc\MindMotion.MM32SPIN2x_DFP.pdsc,"{""caveats"": [], ""description"": ""Subfamily: MM32SPIN26 Frequency: 96MHz Memory: 64 kB Flash, 12 kB RAM Communication: up to 2 x UART, 1 x SPI, 1 x I2C Analog : ADC, COMP,opamp power saving mode:stop, sleep, and standby mode"", ""parsed_features"": [{""count"": ""2"", ""name"": ""Official subfamily description: UART"", ""source_kind"": ""mindmotion_pdsc_description"", ""type"": ""UART""}, {""count"": ""1"", ""name"": ""Official subfamily description: SPI"", ""source_kind"": ""mindmotion_pdsc_description"", ""type"": ""SPI""}, {""count"": ""1"", ""name"": ""Official subfamily description: I2C"", ""source_kind"": ""mindmotion_pdsc_description"", ""type"": ""I2C""}, {""name"": ""Official subfamily description lists ADC; quantity not stated"", ""source_kind"": ""mindmotion_pdsc_description"", ""type"": ""ADC""}, {""name"": ""Official subfamily description lists COMP; quantity not stated"", ""source_kind"": ""mindmotion_pdsc_description"", ""type"": ""COMP""}, {""name"": ""Official subfamily description lists OPAMP; quantity not stated"", ""source_kind"": ""mindmotion_pdsc_description"", ""type"": ""OPAMP""}], ""subfamily"": ""MM32SPIN26""}",2026-08-12T09:13:48+00:00,manufacturer_pdsc_subfamily_description
device,mindmotion::mm32spin26pf,features_json,cmsis:MindMotion.MM32SPIN2x_DFP@1.1.6,http://www.mindmotion.com.cn/Download/MDK_KEIL/MindMotion.MM32SPIN2x_DFP.pdsc,C:\Users\confl\Desktop\alice blue\mcu-l-catalog\cache\pdsc\MindMotion.MM32SPIN2x_DFP.pdsc,"{""caveats"": [], ""description"": ""Subfamily: MM32SPIN26 Frequency: 96MHz Memory: 64 kB Flash, 12 kB RAM Communication: up to 2 x UART, 1 x SPI, 1 x I2C Analog : ADC, COMP,opamp power saving mode:stop, sleep, and standby mode"", ""parsed_features"": [{""count"": ""2"", ""name"": ""Official subfamily description: UART"", ""source_kind"": ""mindmotion_pdsc_description"", ""type"": ""UART""}, {""count"": ""1"", ""name"": ""Official subfamily description: SPI"", ""source_kind"": ""mindmotion_pdsc_description"", ""type"": ""SPI""}, {""count"": ""1"", ""name"": ""Official subfamily description: I2C"", ""source_kind"": ""mindmotion_pdsc_description"", ""type"": ""I2C""}, {""name"": ""Official subfamily description lists ADC; quantity not stated"", ""source_kind"": ""mindmotion_pdsc_description"", ""type"": ""ADC""}, {""name"": ""Official subfamily description lists COMP; quantity not stated"", ""source_kind"": ""mindmotion_pdsc_description"", ""type"": ""COMP""}, {""name"": ""Official subfamily description lists OPAMP; quantity not stated"", ""source_kind"": ""mindmotion_pdsc_description"", ""type"": ""OPAMP""}], ""subfamily"": ""MM32SPIN26""}",2026-08-12T09:13:48+00:00,manufacturer_pdsc_subfamily_description
device,mindmotion::mm32spin26pt,features_json,cmsis:MindMotion.MM32SPIN2x_DFP@1.1.6,http://www.mindmotion.com.cn/Download/MDK_KEIL/MindMotion.MM32SPIN2x_DFP.pdsc,C:\Users\confl\Desktop\alice blue\mcu-l-catalog\cache\pdsc\MindMotion.MM32SPIN2x_DFP.pdsc,"{""caveats"": [], ""description"": ""Subfamily: MM32SPIN26 Frequency: 96MHz Memory: 64 kB Flash, 12 kB RAM Communication: up to 2 x UART, 1 x SPI, 1 x I2C Analog : ADC, COMP,opamp power saving mode:stop, sleep, and standby mode"", ""parsed_features"": [{""count"": ""2"", ""name"": ""Official subfamily description: UART"", ""source_kind"": ""mindmotion_pdsc_description"", ""type"": ""UART""}, {""count"": ""1"", ""name"": ""Official subfamily description: SPI"", ""source_kind"": ""mindmotion_pdsc_description"", ""type"": ""SPI""}, {""count"": ""1"", ""name"": ""Official subfamily description: I2C"", ""source_kind"": ""mindmotion_pdsc_description"", ""type"": ""I2C""}, {""name"": ""Official subfamily description lists ADC; quantity not stated"", ""source_kind"": ""mindmotion_pdsc_description"", ""type"": ""ADC""}, {""name"": ""Official subfamily description lists COMP; quantity not stated"", ""source_kind"": ""mindmotion_pdsc_description"", ""type"": ""COMP""}, {""name"": ""Official subfamily description lists OPAMP; quantity not stated"", ""source_kind"": ""mindmotion_pdsc_description"", ""type"": ""OPAMP""}], ""subfamily"": ""MM32SPIN26""}",2026-08-12T09:13:48+00:00,manufacturer_pdsc_subfamily_description
device,mindmotion::mm32spin27pf,features_json,cmsis:MindMotion.MM32SPIN2x_DFP@1.1.6,http://www.mindmotion.com.cn/Download/MDK_KEIL/MindMotion.MM32SPIN2x_DFP.pdsc,C:\Users\confl\Desktop\alice blue\mcu-l-catalog\cache\pdsc\MindMotion.MM32SPIN2x_DFP.pdsc,"{""caveats"": [], ""description"": ""Subfamily: MM32SPIN27 Frequency: 96MHz Memory: 128 kB Flash, 12 kB RAM Communication: 2 x UART, 2 x SPI, 1 x I2C Analog : ADC, COMP power saving mode:stop, sleep, and standby mode Other: DIV"", ""parsed_features"": [{""count"": ""2"", ""name"": ""Official subfamily description: UART"", ""source_kind"": ""mindmotion_pdsc_description"", ""type"": ""UART""}, {""count"": ""2"", ""name"": ""Official subfamily description: SPI"", ""source_kind"": ""mindmotion_pdsc_description"", ""type"": ""SPI""}, {""count"": ""1"", ""name"": ""Official subfamily description: I2C"", ""source_kind"": ""mindmotion_pdsc_description"", ""type"": ""I2C""}, {""name"": ""Official subfamily description lists ADC; quantity not stated"", ""source_kind"": ""mindmotion_pdsc_description"", ""type"": ""ADC""}, {""name"": ""Official subfamily description lists COMP; quantity not stated"", ""source_kind"": ""mindmotion_pdsc_description"", ""type"": ""COMP""}, {""count"": ""1"", ""name"": ""Hardware divider"", ""source_kind"": ""mindmotion_pdsc_description"", ""type"": ""CoreOther""}], ""subfamily"": ""MM32SPIN27""}",2026-08-12T09:13:48+00:00,manufacturer_pdsc_subfamily_description
device,mindmotion::mm32spin27ps,features_json,cmsis:MindMotion.MM32SPIN2x_DFP@1.1.6,http://www.mindmotion.com.cn/Download/MDK_KEIL/MindMotion.MM32SPIN2x_DFP.pdsc,C:\Users\confl\Desktop\alice blue\mcu-l-catalog\cache\pdsc\MindMotion.MM32SPIN2x_DFP.pdsc,"{""caveats"": [], ""description"": ""Subfamily: MM32SPIN27 Frequency: 96MHz Memory: 128 kB Flash, 12 kB RAM Communication: 2 x UART, 2 x SPI, 1 x I2C Analog : ADC, COMP power saving mode:stop, sleep, and standby mode Other: DIV"", ""parsed_features"": [{""count"": ""2"", ""name"": ""Official subfamily description: UART"", ""source_kind"": ""mindmotion_pdsc_description"", ""type"": ""UART""}, {""count"": ""2"", ""name"": ""Official subfamily description: SPI"", ""source_kind"": ""mindmotion_pdsc_description"", ""type"": ""SPI""}, {""count"": ""1"", ""name"": ""Official subfamily description: I2C"", ""source_kind"": ""mindmotion_pdsc_description"", ""type"": ""I2C""}, {""name"": ""Official subfamily description lists ADC; quantity not stated"", ""source_kind"": ""mindmotion_pdsc_description"", ""type"": ""ADC""}, {""name"": ""Official subfamily description lists COMP; quantity not stated"", ""source_kind"": ""mindmotion_pdsc_description"", ""type"": ""COMP""}, {""count"": ""1"", ""name"": ""Hardware divider"", ""source_kind"": ""mindmotion_pdsc_description"", ""type"": ""CoreOther""}], ""subfamily"": ""MM32SPIN27""}",2026-08-12T09:13:48+00:00,manufacturer_pdsc_subfamily_description
device,mindmotion::mm32spin27pt,features_json,cmsis:MindMotion.MM32SPIN2x_DFP@1.1.6,http://www.mindmotion.com.cn/Download/MDK_KEIL/MindMotion.MM32SPIN2x_DFP.pdsc,C:\Users\confl\Desktop\alice blue\mcu-l-catalog\cache\pdsc\MindMotion.MM32SPIN2x_DFP.pdsc,"{""caveats"": [], ""description"": ""Subfamily: MM32SPIN27 Frequency: 96MHz Memory: 128 kB Flash, 12 kB RAM Communication: 2 x UART, 2 x SPI, 1 x I2C Analog : ADC, COMP power saving mode:stop, sleep, and standby mode Other: DIV"", ""parsed_features"": [{""count"": ""2"", ""name"": ""Official subfamily description: UART"", ""source_kind"": ""mindmotion_pdsc_description"", ""type"": ""UART""}, {""count"": ""2"", ""name"": ""Official subfamily description: SPI"", ""source_kind"": ""mindmotion_pdsc_description"", ""type"": ""SPI""}, {""count"": ""1"", ""name"": ""Official subfamily description: I2C"", ""source_kind"": ""mindmotion_pdsc_description"", ""type"": ""I2C""}, {""name"": ""Official subfamily description lists ADC; quantity not stated"", ""source_kind"": ""mindmotion_pdsc_description"", ""type"": ""ADC""}, {""name"": ""Official subfamily description lists COMP; quantity not stated"", ""source_kind"": ""mindmotion_pdsc_description"", ""type"": ""COMP""}, {""count"": ""1"", ""name"": ""Hardware divider"", ""source_kind"": ""mindmotion_pdsc_description"", ""type"": ""CoreOther""}], ""subfamily"": ""MM32SPIN27""}",2026-08-12T09:13:48+00:00,manufacturer_pdsc_subfamily_description
device,mindmotion::mm32w0133c4q,features_json,cmsis:MindMotion.MM32W0130_DFP@1.0.1,http://www.mindmotion.com.cn/Download/MDK_KEIL/MindMotion.MM32W0130_DFP.pdsc,C:\Users\confl\Desktop\alice blue\mcu-l-catalog\cache\pdsc\MindMotion.MM32W0130_DFP.pdsc,"{""caveats"": [], ""description"": ""Subfamily: MM32W0133C Frequency: 48MHz Memory: 64 kB Flash, 16 kB RAM Communication: 2 x UART, up to 1 x SPI, 1 x I2C, USB, CAN Analog : ADC, COMP power saving mode: stop,sleep, and standby mode Other: HWDIV,RTC"", ""parsed_features"": [{""count"": ""2"", ""name"": ""Official subfamily description: UART"", ""source_kind"": ""mindmotion_pdsc_description"", ""type"": ""UART""}, {""count"": ""1"", ""name"": ""Official subfamily description: SPI"", ""source_kind"": ""mindmotion_pdsc_description"", ""type"": ""SPI""}, {""count"": ""1"", ""name"": ""Official subfamily description: I2C"", ""source_kind"": ""mindmotion_pdsc_description"", ""type"": ""I2C""}, {""count"": ""1"", ""name"": ""Official subfamily description: CAN"", ""source_kind"": ""mindmotion_pdsc_description"", ""type"": ""CAN""}, {""count"": ""1"", ""name"": ""Official subfamily description: USB"", ""source_kind"": ""mindmotion_pdsc_description"", ""type"": ""USBD""}, {""name"": ""Official subfamily description lists ADC; quantity not stated"", ""source_kind"": ""mindmotion_pdsc_description"", ""type"": ""ADC""}, {""name"": ""Official subfamily description lists COMP; quantity not stated"", ""source_kind"": ""mindmotion_pdsc_description"", ""type"": ""COMP""}, {""count"": ""1"", ""name"": ""Official subfamily description: RTC"", ""source_kind"": ""mindmotion_pdsc_description"", ""type"": ""RTC""}, {""count"": ""1"", ""name"": ""Hardware divider"", ""source_kind"": ""mindmotion_pdsc_description"", ""type"": ""CoreOther""}], ""subfamily"": ""MM32W0133C""}",2026-08-12T09:13:48+00:00,manufacturer_pdsc_subfamily_description
device,mindmotion::mm32w0133c6n,features_json,cmsis:MindMotion.MM32W0130_DFP@1.0.1,http://www.mindmotion.com.cn/Download/MDK_KEIL/MindMotion.MM32W0130_DFP.pdsc,C:\Users\confl\Desktop\alice blue\mcu-l-catalog\cache\pdsc\MindMotion.MM32W0130_DFP.pdsc,"{""caveats"": [], ""description"": ""Subfamily: MM32W0133C Frequency: 48MHz Memory: 64 kB Flash, 16 kB RAM Communication: 2 x UART, up to 1 x SPI, 1 x I2C, USB, CAN Analog : ADC, COMP power saving mode: stop,sleep, and standby mode Other: HWDIV,RTC"", ""parsed_features"": [{""count"": ""2"", ""name"": ""Official subfamily description: UART"", ""source_kind"": ""mindmotion_pdsc_description"", ""type"": ""UART""}, {""count"": ""1"", ""name"": ""Official subfamily description: SPI"", ""source_kind"": ""mindmotion_pdsc_description"", ""type"": ""SPI""}, {""count"": ""1"", ""name"": ""Official subfamily description: I2C"", ""source_kind"": ""mindmotion_pdsc_description"", ""type"": ""I2C""}, {""count"": ""1"", ""name"": ""Official subfamily description: CAN"", ""source_kind"": ""mindmotion_pdsc_description"", ""type"": ""CAN""}, {""count"": ""1"", ""name"": ""Official subfamily description: USB"", ""source_kind"": ""mindmotion_pdsc_description"", ""type"": ""USBD""}, {""name"": ""Official subfamily description lists ADC; quantity not stated"", ""source_kind"": ""mindmotion_pdsc_description"", ""type"": ""ADC""}, {""name"": ""Official subfamily description lists COMP; quantity not stated"", ""source_kind"": ""mindmotion_pdsc_description"", ""type"": ""COMP""}, {""count"": ""1"", ""name"": ""Official subfamily description: RTC"", ""source_kind"": ""mindmotion_pdsc_description"", ""type"": ""RTC""}, {""count"": ""1"", ""name"": ""Hardware divider"", ""source_kind"": ""mindmotion_pdsc_description"", ""type"": ""CoreOther""}], ""subfamily"": ""MM32W0133C""}",2026-08-12T09:13:48+00:00,manufacturer_pdsc_subfamily_description
device,mindmotion::mm32w051ntb,features_json,cmsis:MindMotion.MM32W0xxB_DFP@1.0.6,http://www.mindmotion.com.cn/Download/MDK_KEIL/MindMotion.MM32W0xxB_DFP.pdsc,C:\Users\confl\Desktop\alice blue\mcu-l-catalog\cache\pdsc\MindMotion.MM32W0xxB_DFP.pdsc,"{""caveats"": [], ""description"": ""Subfamily: MM32W05xxxB Frequency: 48MHz Memory: 32 kB Flash, 4 kB RAM Communication: 2 x UART, 1 x SPI, 1 x I2C, Analog : ADC, COMP power saving mode:stop, sleep, and standby mode"", ""parsed_features"": [{""count"": ""2"", ""name"": ""Official subfamily description: UART"", ""source_kind"": ""mindmotion_pdsc_description"", ""type"": ""UART""}, {""count"": ""1"", ""name"": ""Official subfamily description: SPI"", ""source_kind"": ""mindmotion_pdsc_description"", ""type"": ""SPI""}, {""count"": ""1"", ""name"": ""Official subfamily description: I2C"", ""source_kind"": ""mindmotion_pdsc_description"", ""type"": ""I2C""}, {""name"": ""Official subfamily description lists ADC; quantity not stated"", ""source_kind"": ""mindmotion_pdsc_description"", ""type"": ""ADC""}, {""name"": ""Official subfamily description lists COMP; quantity not stated"", ""source_kind"": ""mindmotion_pdsc_description"", ""type"": ""COMP""}], ""subfamily"": ""MM32W05xxxB""}",2026-08-12T09:13:48+00:00,manufacturer_pdsc_subfamily_description
device,mindmotion::mm32w051pfb,features_json,cmsis:MindMotion.MM32W0xxB_DFP@1.0.6,http://www.mindmotion.com.cn/Download/MDK_KEIL/MindMotion.MM32W0xxB_DFP.pdsc,C:\Users\confl\Desktop\alice blue\mcu-l-catalog\cache\pdsc\MindMotion.MM32W0xxB_DFP.pdsc,"{""caveats"": [], ""description"": ""Subfamily: MM32W05xxxB Frequency: 48MHz Memory: 32 kB Flash, 4 kB RAM Communication: 2 x UART, 1 x SPI, 1 x I2C, Analog : ADC, COMP power saving mode:stop, sleep, and standby mode"", ""parsed_features"": [{""count"": ""2"", ""name"": ""Official subfamily description: UART"", ""source_kind"": ""mindmotion_pdsc_description"", ""type"": ""UART""}, {""count"": ""1"", ""name"": ""Official subfamily description: SPI"", ""source_kind"": ""mindmotion_pdsc_description"", ""type"": ""SPI""}, {""count"": ""1"", ""name"": ""Official subfamily description: I2C"", ""source_kind"": ""mindmotion_pdsc_description"", ""type"": ""I2C""}, {""name"": ""Official subfamily description lists ADC; quantity not stated"", ""source_kind"": ""mindmotion_pdsc_description"", ""type"": ""ADC""}, {""name"": ""Official subfamily description lists COMP; quantity not stated"", ""source_kind"": ""mindmotion_pdsc_description"", ""type"": ""COMP""}], ""subfamily"": ""MM32W05xxxB""}",2026-08-12T09:13:48+00:00,manufacturer_pdsc_subfamily_description
device,mindmotion::mm32w062ntb,features_json,cmsis:MindMotion.MM32W0xxB_DFP@1.0.6,http://www.mindmotion.com.cn/Download/MDK_KEIL/MindMotion.MM32W0xxB_DFP.pdsc,C:\Users\confl\Desktop\alice blue\mcu-l-catalog\cache\pdsc\MindMotion.MM32W0xxB_DFP.pdsc,"{""caveats"": [], ""description"": ""Subfamily: MM32W06xxxB Frequency: 48MHz Memory: 64 kB Flash, 8 kB RAM Communication: 2 x UART, 1 x SPI, 1 x I2C,USB Analog : ADC, COMP power saving mode:Stop, sleep, and standby mode"", ""parsed_features"": [{""count"": ""2"", ""name"": ""Official subfamily description: UART"", ""source_kind"": ""mindmotion_pdsc_description"", ""type"": ""UART""}, {""count"": ""1"", ""name"": ""Official subfamily description: SPI"", ""source_kind"": ""mindmotion_pdsc_description"", ""type"": ""SPI""}, {""count"": ""1"", ""name"": ""Official subfamily description: I2C"", ""source_kind"": ""mindmotion_pdsc_description"", ""type"": ""I2C""}, {""count"": ""1"", ""name"": ""Official subfamily description: USB"", ""source_kind"": ""mindmotion_pdsc_description"", ""type"": ""USBD""}, {""name"": ""Official subfamily description lists ADC; quantity not stated"", ""source_kind"": ""mindmotion_pdsc_description"", ""type"": ""ADC""}, {""name"": ""Official subfamily description lists COMP; quantity not stated"", ""source_kind"": ""mindmotion_pdsc_description"", ""type"": ""COMP""}], ""subfamily"": ""MM32W06xxxB""}",2026-08-12T09:13:48+00:00,manufacturer_pdsc_subfamily_description
device,mindmotion::mm32w062pfb,features_json,cmsis:MindMotion.MM32W0xxB_DFP@1.0.6,http://www.mindmotion.com.cn/Download/MDK_KEIL/MindMotion.MM32W0xxB_DFP.pdsc,C:\Users\confl\Desktop\alice blue\mcu-l-catalog\cache\pdsc\MindMotion.MM32W0xxB_DFP.pdsc,"{""caveats"": [], ""description"": ""Subfamily: MM32W06xxxB Frequency: 48MHz Memory: 64 kB Flash, 8 kB RAM Communication: 2 x UART, 1 x SPI, 1 x I2C,USB Analog : ADC, COMP power saving mode:Stop, sleep, and standby mode"", ""parsed_features"": [{""count"": ""2"", ""name"": ""Official subfamily description: UART"", ""source_kind"": ""mindmotion_pdsc_description"", ""type"": ""UART""}, {""count"": ""1"", ""name"": ""Official subfamily description: SPI"", ""source_kind"": ""mindmotion_pdsc_description"", ""type"": ""SPI""}, {""count"": ""1"", ""name"": ""Official subfamily description: I2C"", ""source_kind"": ""mindmotion_pdsc_description"", ""type"": ""I2C""}, {""count"": ""1"", ""name"": ""Official subfamily description: USB"", ""source_kind"": ""mindmotion_pdsc_description"", ""type"": ""USBD""}, {""name"": ""Official subfamily description lists ADC; quantity not stated"", ""source_kind"": ""mindmotion_pdsc_description"", ""type"": ""ADC""}, {""name"": ""Official subfamily description lists COMP; quantity not stated"", ""source_kind"": ""mindmotion_pdsc_description"", ""type"": ""COMP""}], ""subfamily"": ""MM32W06xxxB""}",2026-08-12T09:13:48+00:00,manufacturer_pdsc_subfamily_description
device,mindmotion::mm32w073ntb,features_json,cmsis:MindMotion.MM32W0xxB_DFP@1.0.6,http://www.mindmotion.com.cn/Download/MDK_KEIL/MindMotion.MM32W0xxB_DFP.pdsc,C:\Users\confl\Desktop\alice blue\mcu-l-catalog\cache\pdsc\MindMotion.MM32W0xxB_DFP.pdsc,"{""caveats"": [], ""description"": ""Subfamily: MM32W07xxxB Frequency: 48MHz Memory: 128 kB Flash, 8 kB RAM Communication: 2 x UART, 1 x SPI, 1 x I2C, USB,CAN Analog : ADC, COMP power saving mode:stop ,sleep, and standby mode"", ""parsed_features"": [{""count"": ""2"", ""name"": ""Official subfamily description: UART"", ""source_kind"": ""mindmotion_pdsc_description"", ""type"": ""UART""}, {""count"": ""1"", ""name"": ""Official subfamily description: SPI"", ""source_kind"": ""mindmotion_pdsc_description"", ""type"": ""SPI""}, {""count"": ""1"", ""name"": ""Official subfamily description: I2C"", ""source_kind"": ""mindmotion_pdsc_description"", ""type"": ""I2C""}, {""count"": ""1"", ""name"": ""Official subfamily description: CAN"", ""source_kind"": ""mindmotion_pdsc_description"", ""type"": ""CAN""}, {""count"": ""1"", ""name"": ""Official subfamily description: USB"", ""source_kind"": ""mindmotion_pdsc_description"", ""type"": ""USBD""}, {""name"": ""Official subfamily description lists ADC; quantity not stated"", ""source_kind"": ""mindmotion_pdsc_description"", ""type"": ""ADC""}, {""name"": ""Official subfamily description lists COMP; quantity not stated"", ""source_kind"": ""mindmotion_pdsc_description"", ""type"": ""COMP""}], ""subfamily"": ""MM32W07xxxB""}",2026-08-12T09:13:48+00:00,manufacturer_pdsc_subfamily_description
device,mindmotion::mm32w073pfb,features_json,cmsis:MindMotion.MM32W0xxB_DFP@1.0.6,http://www.mindmotion.com.cn/Download/MDK_KEIL/MindMotion.MM32W0xxB_DFP.pdsc,C:\Users\confl\Desktop\alice blue\mcu-l-catalog\cache\pdsc\MindMotion.MM32W0xxB_DFP.pdsc,"{""caveats"": [], ""description"": ""Subfamily: MM32W07xxxB Frequency: 48MHz Memory: 128 kB Flash, 8 kB RAM Communication: 2 x UART, 1 x SPI, 1 x I2C, USB,CAN Analog : ADC, COMP power saving mode:stop ,sleep, and standby mode"", ""parsed_features"": [{""count"": ""2"", ""name"": ""Official subfamily description: UART"", ""source_kind"": ""mindmotion_pdsc_description"", ""type"": ""UART""}, {""count"": ""1"", ""name"": ""Official subfamily description: SPI"", ""source_kind"": ""mindmotion_pdsc_description"", ""type"": ""SPI""}, {""count"": ""1"", ""name"": ""Official subfamily description: I2C"", ""source_kind"": ""mindmotion_pdsc_description"", ""type"": ""I2C""}, {""count"": ""1"", ""name"": ""Official subfamily description: CAN"", ""source_kind"": ""mindmotion_pdsc_description"", ""type"": ""CAN""}, {""count"": ""1"", ""name"": ""Official subfamily description: USB"", ""source_kind"": ""mindmotion_pdsc_description"", ""type"": ""USBD""}, {""name"": ""Official subfamily description lists ADC; quantity not stated"", ""source_kind"": ""mindmotion_pdsc_description"", ""type"": ""ADC""}, {""name"": ""Official subfamily description lists COMP; quantity not stated"", ""source_kind"": ""mindmotion_pdsc_description"", ""type"": ""COMP""}], ""subfamily"": ""MM32W07xxxB""}",2026-08-12T09:13:48+00:00,manufacturer_pdsc_subfamily_description
device,mindmotion::mm32w362pfb,features_json,cmsis:MindMotion.MM32W3xxB_DFP@1.0.9,http://www.mindmotion.com.cn/Download/MDK_KEIL/MindMotion.MM32W3xxB_DFP.pdsc,C:\Users\confl\Desktop\alice blue\mcu-l-catalog\cache\pdsc\MindMotion.MM32W3xxB_DFP.pdsc,"{""caveats"": [], ""description"": ""Subfamily: MM32W36xB Frequency: 96MHz Memory: 64 kB Flash, 20 kB RAM Communication: 3 x UART, 1 x SPI, 2 x I2C, USB Analog : ADC,DAC power saving mode:stop, sleep, and standby mode Other: RTC"", ""parsed_features"": [{""count"": ""3"", ""name"": ""Official subfamily description: UART"", ""source_kind"": ""mindmotion_pdsc_description"", ""type"": ""UART""}, {""count"": ""1"", ""name"": ""Official subfamily description: SPI"", ""source_kind"": ""mindmotion_pdsc_description"", ""type"": ""SPI""}, {""count"": ""2"", ""name"": ""Official subfamily description: I2C"", ""source_kind"": ""mindmotion_pdsc_description"", ""type"": ""I2C""}, {""count"": ""1"", ""name"": ""Official subfamily description: USB"", ""source_kind"": ""mindmotion_pdsc_description"", ""type"": ""USBD""}, {""name"": ""Official subfamily description lists ADC; quantity not stated"", ""source_kind"": ""mindmotion_pdsc_description"", ""type"": ""ADC""}, {""name"": ""Official subfamily description lists DAC; quantity not stated"", ""source_kind"": ""mindmotion_pdsc_description"", ""type"": ""DAC""}, {""count"": ""1"", ""name"": ""Official subfamily description: RTC"", ""source_kind"": ""mindmotion_pdsc_description"", ""type"": ""RTC""}], ""subfamily"": ""MM32W36xB""}",2026-08-12T09:13:48+00:00,manufacturer_pdsc_subfamily_description
device,mindmotion::mm32w362psb,features_json,cmsis:MindMotion.MM32W3xxB_DFP@1.0.9,http://www.mindmotion.com.cn/Download/MDK_KEIL/MindMotion.MM32W3xxB_DFP.pdsc,C:\Users\confl\Desktop\alice blue\mcu-l-catalog\cache\pdsc\MindMotion.MM32W3xxB_DFP.pdsc,"{""caveats"": [], ""description"": ""Subfamily: MM32W36xB Frequency: 96MHz Memory: 64 kB Flash, 20 kB RAM Communication: 3 x UART, 1 x SPI, 2 x I2C, USB Analog : ADC,DAC power saving mode:stop, sleep, and standby mode Other: RTC"", ""parsed_features"": [{""count"": ""3"", ""name"": ""Official subfamily description: UART"", ""source_kind"": ""mindmotion_pdsc_description"", ""type"": ""UART""}, {""count"": ""1"", ""name"": ""Official subfamily description: SPI"", ""source_kind"": ""mindmotion_pdsc_description"", ""type"": ""SPI""}, {""count"": ""2"", ""name"": ""Official subfamily description: I2C"", ""source_kind"": ""mindmotion_pdsc_description"", ""type"": ""I2C""}, {""count"": ""1"", ""name"": ""Official subfamily description: USB"", ""source_kind"": ""mindmotion_pdsc_description"", ""type"": ""USBD""}, {""name"": ""Official subfamily description lists ADC; quantity not stated"", ""source_kind"": ""mindmotion_pdsc_description"", ""type"": ""ADC""}, {""name"": ""Official subfamily description lists DAC; quantity not stated"", ""source_kind"": ""mindmotion_pdsc_description"", ""type"": ""DAC""}, {""count"": ""1"", ""name"": ""Official subfamily description: RTC"", ""source_kind"": ""mindmotion_pdsc_description"", ""type"": ""RTC""}], ""subfamily"": ""MM32W36xB""}",2026-08-12T09:13:48+00:00,manufacturer_pdsc_subfamily_description
device,mindmotion::mm32w373pfb,features_json,cmsis:MindMotion.MM32W3xxB_DFP@1.0.9,http://www.mindmotion.com.cn/Download/MDK_KEIL/MindMotion.MM32W3xxB_DFP.pdsc,C:\Users\confl\Desktop\alice blue\mcu-l-catalog\cache\pdsc\MindMotion.MM32W3xxB_DFP.pdsc,"{""caveats"": [], ""description"": ""Subfamily: MM32W37xB Frequency: 96MHz Memory: 128 kB Flash, 20 kB RAM Communication: 3 x UART, 1 x SPI, 2 x I2C, USB,CAN Analog : ADC,DAC power saving mode:stop, sleep, and standby mode Other: RTC"", ""parsed_features"": [{""count"": ""3"", ""name"": ""Official subfamily description: UART"", ""source_kind"": ""mindmotion_pdsc_description"", ""type"": ""UART""}, {""count"": ""1"", ""name"": ""Official subfamily description: SPI"", ""source_kind"": ""mindmotion_pdsc_description"", ""type"": ""SPI""}, {""count"": ""2"", ""name"": ""Official subfamily description: I2C"", ""source_kind"": ""mindmotion_pdsc_description"", ""type"": ""I2C""}, {""count"": ""1"", ""name"": ""Official subfamily description: CAN"", ""source_kind"": ""mindmotion_pdsc_description"", ""type"": ""CAN""}, {""count"": ""1"", ""name"": ""Official subfamily description: USB"", ""source_kind"": ""mindmotion_pdsc_description"", ""type"": ""USBD""}, {""name"": ""Official subfamily description lists ADC; quantity not stated"", ""source_kind"": ""mindmotion_pdsc_description"", ""type"": ""ADC""}, {""name"": ""Official subfamily description lists DAC; quantity not stated"", ""source_kind"": ""mindmotion_pdsc_description"", ""type"": ""DAC""}, {""count"": ""1"", ""name"": ""Official subfamily description: RTC"", ""source_kind"": ""mindmotion_pdsc_description"", ""type"": ""RTC""}], ""subfamily"": ""MM32W37xB""}",2026-08-12T09:13:48+00:00,manufacturer_pdsc_subfamily_description
device,mindmotion::mm32w373psb,features_json,cmsis:MindMotion.MM32W3xxB_DFP@1.0.9,http://www.mindmotion.com.cn/Download/MDK_KEIL/MindMotion.MM32W3xxB_DFP.pdsc,C:\Users\confl\Desktop\alice blue\mcu-l-catalog\cache\pdsc\MindMotion.MM32W3xxB_DFP.pdsc,"{""caveats"": [], ""description"": ""Subfamily: MM32W37xB Frequency: 96MHz Memory: 128 kB Flash, 20 kB RAM Communication: 3 x UART, 1 x SPI, 2 x I2C, USB,CAN Analog : ADC,DAC power saving mode:stop, sleep, and standby mode Other: RTC"", ""parsed_features"": [{""count"": ""3"", ""name"": ""Official subfamily description: UART"", ""source_kind"": ""mindmotion_pdsc_description"", ""type"": ""UART""}, {""count"": ""1"", ""name"": ""Official subfamily description: SPI"", ""source_kind"": ""mindmotion_pdsc_description"", ""type"": ""SPI""}, {""count"": ""2"", ""name"": ""Official subfamily description: I2C"", ""source_kind"": ""mindmotion_pdsc_description"", ""type"": ""I2C""}, {""count"": ""1"", ""name"": ""Official subfamily description: CAN"", ""source_kind"": ""mindmotion_pdsc_description"", ""type"": ""CAN""}, {""count"": ""1"", ""name"": ""Official subfamily description: USB"", ""source_kind"": ""mindmotion_pdsc_description"", ""type"": ""USBD""}, {""name"": ""Official subfamily description lists ADC; quantity not stated"", ""source_kind"": ""mindmotion_pdsc_description"", ""type"": ""ADC""}, {""name"": ""Official subfamily description lists DAC; quantity not stated"", ""source_kind"": ""mindmotion_pdsc_description"", ""type"": ""DAC""}, {""count"": ""1"", ""name"": ""Official subfamily description: RTC"", ""source_kind"": ""mindmotion_pdsc_description"", ""type"": ""RTC""}], ""subfamily"": ""MM32W37xB""}",2026-08-12T09:13:48+00:00,manufacturer_pdsc_subfamily_description
