orderable_part_id,device_id,manufacturer,family,series,product_line,device_name,part_number,manufacturer_suffix,package_code,temperature_grade_code,packing_code,package_name,temperature_range,packing_form,lifecycle,source_id,source_url,observed_at,verification_status,decode_status
st::stm32f100c4t6b,stmicroelectronics::stm32f100c4,STMicroelectronics,STM32,STM32F1,STM32F100,STM32F100C4,STM32F100C4T6B,T6B,T,6B,,,,tray_or_unspecified,unknown,st-product-page:stm32f100c4,https://www.st.com/en/microcontrollers-microprocessors/stm32f100c4.html,2026-08-11T12:20:29+00:00,manufacturer_product_page,code_positions_parsed; descriptions_require_device_datasheet
st::stm32f100c4t6btr,stmicroelectronics::stm32f100c4,STMicroelectronics,STM32,STM32F1,STM32F100,STM32F100C4,STM32F100C4T6BTR,T6BTR,T,6B,TR,,,tape_and_reel,unknown,st-product-page:stm32f100c4,https://www.st.com/en/microcontrollers-microprocessors/stm32f100c4.html,2026-08-11T12:20:29+00:00,manufacturer_product_page,code_positions_parsed; descriptions_require_device_datasheet
st::stm32f100c4t7b,stmicroelectronics::stm32f100c4,STMicroelectronics,STM32,STM32F1,STM32F100,STM32F100C4,STM32F100C4T7B,T7B,T,7B,,,,tray_or_unspecified,unknown,st-product-page:stm32f100c4,https://www.st.com/en/microcontrollers-microprocessors/stm32f100c4.html,2026-08-11T12:20:29+00:00,manufacturer_product_page,code_positions_parsed; descriptions_require_device_datasheet
st::stm32f100c6t6b,stmicroelectronics::stm32f100c6,STMicroelectronics,STM32,STM32F1,STM32F100,STM32F100C6,STM32F100C6T6B,T6B,T,6B,,,,tray_or_unspecified,unknown,st-product-page:stm32f100c6,https://www.st.com/en/microcontrollers-microprocessors/stm32f100c6.html,2026-08-11T12:20:29+00:00,manufacturer_product_page,code_positions_parsed; descriptions_require_device_datasheet
st::stm32f100c6t6btr,stmicroelectronics::stm32f100c6,STMicroelectronics,STM32,STM32F1,STM32F100,STM32F100C6,STM32F100C6T6BTR,T6BTR,T,6B,TR,,,tape_and_reel,unknown,st-product-page:stm32f100c6,https://www.st.com/en/microcontrollers-microprocessors/stm32f100c6.html,2026-08-11T12:20:29+00:00,manufacturer_product_page,code_positions_parsed; descriptions_require_device_datasheet
st::stm32f100c6t7b,stmicroelectronics::stm32f100c6,STMicroelectronics,STM32,STM32F1,STM32F100,STM32F100C6,STM32F100C6T7B,T7B,T,7B,,,,tray_or_unspecified,unknown,st-product-page:stm32f100c6,https://www.st.com/en/microcontrollers-microprocessors/stm32f100c6.html,2026-08-11T12:20:29+00:00,manufacturer_product_page,code_positions_parsed; descriptions_require_device_datasheet
st::stm32f100c6t7btr,stmicroelectronics::stm32f100c6,STMicroelectronics,STM32,STM32F1,STM32F100,STM32F100C6,STM32F100C6T7BTR,T7BTR,T,7B,TR,,,tape_and_reel,unknown,st-product-page:stm32f100c6,https://www.st.com/en/microcontrollers-microprocessors/stm32f100c6.html,2026-08-11T12:20:29+00:00,manufacturer_product_page,code_positions_parsed; descriptions_require_device_datasheet
st::stm32f100c8t6b,stmicroelectronics::stm32f100c8,STMicroelectronics,STM32,STM32F1,STM32F100,STM32F100C8,STM32F100C8T6B,T6B,T,6B,,,,tray_or_unspecified,unknown,st-product-page:stm32f100c8,https://www.st.com/en/microcontrollers-microprocessors/stm32f100c8.html,2026-08-11T12:20:29+00:00,manufacturer_product_page,code_positions_parsed; descriptions_require_device_datasheet
st::stm32f100c8t6btr,stmicroelectronics::stm32f100c8,STMicroelectronics,STM32,STM32F1,STM32F100,STM32F100C8,STM32F100C8T6BTR,T6BTR,T,6B,TR,,,tape_and_reel,unknown,st-product-page:stm32f100c8,https://www.st.com/en/microcontrollers-microprocessors/stm32f100c8.html,2026-08-11T12:20:29+00:00,manufacturer_product_page,code_positions_parsed; descriptions_require_device_datasheet
st::stm32f100c8t7b,stmicroelectronics::stm32f100c8,STMicroelectronics,STM32,STM32F1,STM32F100,STM32F100C8,STM32F100C8T7B,T7B,T,7B,,,,tray_or_unspecified,unknown,st-product-page:stm32f100c8,https://www.st.com/en/microcontrollers-microprocessors/stm32f100c8.html,2026-08-11T12:20:29+00:00,manufacturer_product_page,code_positions_parsed; descriptions_require_device_datasheet
st::stm32f100c8t7btr,stmicroelectronics::stm32f100c8,STMicroelectronics,STM32,STM32F1,STM32F100,STM32F100C8,STM32F100C8T7BTR,T7BTR,T,7B,TR,,,tape_and_reel,unknown,st-product-page:stm32f100c8,https://www.st.com/en/microcontrollers-microprocessors/stm32f100c8.html,2026-08-11T12:20:29+00:00,manufacturer_product_page,code_positions_parsed; descriptions_require_device_datasheet
st::stm32f100cbt6b,stmicroelectronics::stm32f100cb,STMicroelectronics,STM32,STM32F1,STM32F100,STM32F100CB,STM32F100CBT6B,T6B,T,6B,,,,tray_or_unspecified,unknown,st-product-page:stm32f100cb,https://www.st.com/en/microcontrollers-microprocessors/stm32f100cb.html,2026-08-11T12:20:29+00:00,manufacturer_product_page,code_positions_parsed; descriptions_require_device_datasheet
st::stm32f100cbt6btr,stmicroelectronics::stm32f100cb,STMicroelectronics,STM32,STM32F1,STM32F100,STM32F100CB,STM32F100CBT6BTR,T6BTR,T,6B,TR,,,tape_and_reel,unknown,st-product-page:stm32f100cb,https://www.st.com/en/microcontrollers-microprocessors/stm32f100cb.html,2026-08-11T12:20:29+00:00,manufacturer_product_page,code_positions_parsed; descriptions_require_device_datasheet
st::stm32f100cbt7b,stmicroelectronics::stm32f100cb,STMicroelectronics,STM32,STM32F1,STM32F100,STM32F100CB,STM32F100CBT7B,T7B,T,7B,,,,tray_or_unspecified,unknown,st-product-page:stm32f100cb,https://www.st.com/en/microcontrollers-microprocessors/stm32f100cb.html,2026-08-11T12:20:29+00:00,manufacturer_product_page,code_positions_parsed; descriptions_require_device_datasheet
st::stm32f100cbt7btr,stmicroelectronics::stm32f100cb,STMicroelectronics,STM32,STM32F1,STM32F100,STM32F100CB,STM32F100CBT7BTR,T7BTR,T,7B,TR,,,tape_and_reel,unknown,st-product-page:stm32f100cb,https://www.st.com/en/microcontrollers-microprocessors/stm32f100cb.html,2026-08-11T12:20:29+00:00,manufacturer_product_page,code_positions_parsed; descriptions_require_device_datasheet
st::stm32f100r4h6b,stmicroelectronics::stm32f100r4,STMicroelectronics,STM32,STM32F1,STM32F100,STM32F100R4,STM32F100R4H6B,H6B,H,6B,,,,tray_or_unspecified,unknown,st-product-page:stm32f100r4,https://www.st.com/en/microcontrollers-microprocessors/stm32f100r4.html,2026-08-11T12:20:29+00:00,manufacturer_product_page,code_positions_parsed; descriptions_require_device_datasheet
st::stm32f100r4t6b,stmicroelectronics::stm32f100r4,STMicroelectronics,STM32,STM32F1,STM32F100,STM32F100R4,STM32F100R4T6B,T6B,T,6B,,,,tray_or_unspecified,unknown,st-product-page:stm32f100r4,https://www.st.com/en/microcontrollers-microprocessors/stm32f100r4.html,2026-08-11T12:20:29+00:00,manufacturer_product_page,code_positions_parsed; descriptions_require_device_datasheet
st::stm32f100r4t6btr,stmicroelectronics::stm32f100r4,STMicroelectronics,STM32,STM32F1,STM32F100,STM32F100R4,STM32F100R4T6BTR,T6BTR,T,6B,TR,,,tape_and_reel,unknown,st-product-page:stm32f100r4,https://www.st.com/en/microcontrollers-microprocessors/stm32f100r4.html,2026-08-11T12:20:29+00:00,manufacturer_product_page,code_positions_parsed; descriptions_require_device_datasheet
st::stm32f100r6h6b,stmicroelectronics::stm32f100r6,STMicroelectronics,STM32,STM32F1,STM32F100,STM32F100R6,STM32F100R6H6B,H6B,H,6B,,,,tray_or_unspecified,unknown,st-product-page:stm32f100r6,https://www.st.com/en/microcontrollers-microprocessors/stm32f100r6.html,2026-08-11T12:20:29+00:00,manufacturer_product_page,code_positions_parsed; descriptions_require_device_datasheet
st::stm32f100r6t6b,stmicroelectronics::stm32f100r6,STMicroelectronics,STM32,STM32F1,STM32F100,STM32F100R6,STM32F100R6T6B,T6B,T,6B,,,,tray_or_unspecified,unknown,st-product-page:stm32f100r6,https://www.st.com/en/microcontrollers-microprocessors/stm32f100r6.html,2026-08-11T12:20:29+00:00,manufacturer_product_page,code_positions_parsed; descriptions_require_device_datasheet
st::stm32f100r6t6btr,stmicroelectronics::stm32f100r6,STMicroelectronics,STM32,STM32F1,STM32F100,STM32F100R6,STM32F100R6T6BTR,T6BTR,T,6B,TR,,,tape_and_reel,unknown,st-product-page:stm32f100r6,https://www.st.com/en/microcontrollers-microprocessors/stm32f100r6.html,2026-08-11T12:20:29+00:00,manufacturer_product_page,code_positions_parsed; descriptions_require_device_datasheet
st::stm32f100r8h6b,stmicroelectronics::stm32f100r8,STMicroelectronics,STM32,STM32F1,STM32F100,STM32F100R8,STM32F100R8H6B,H6B,H,6B,,,,tray_or_unspecified,unknown,st-product-page:stm32f100r8,https://www.st.com/en/microcontrollers-microprocessors/stm32f100r8.html,2026-08-11T12:20:29+00:00,manufacturer_product_page,code_positions_parsed; descriptions_require_device_datasheet
st::stm32f100r8h7b,stmicroelectronics::stm32f100r8,STMicroelectronics,STM32,STM32F1,STM32F100,STM32F100R8,STM32F100R8H7B,H7B,H,7B,,,,tray_or_unspecified,unknown,st-product-page:stm32f100r8,https://www.st.com/en/microcontrollers-microprocessors/stm32f100r8.html,2026-08-11T12:20:29+00:00,manufacturer_product_page,code_positions_parsed; descriptions_require_device_datasheet
st::stm32f100r8t6b,stmicroelectronics::stm32f100r8,STMicroelectronics,STM32,STM32F1,STM32F100,STM32F100R8,STM32F100R8T6B,T6B,T,6B,,,,tray_or_unspecified,unknown,st-product-page:stm32f100r8,https://www.st.com/en/microcontrollers-microprocessors/stm32f100r8.html,2026-08-11T12:20:29+00:00,manufacturer_product_page,code_positions_parsed; descriptions_require_device_datasheet
st::stm32f100r8t6btr,stmicroelectronics::stm32f100r8,STMicroelectronics,STM32,STM32F1,STM32F100,STM32F100R8,STM32F100R8T6BTR,T6BTR,T,6B,TR,,,tape_and_reel,unknown,st-product-page:stm32f100r8,https://www.st.com/en/microcontrollers-microprocessors/stm32f100r8.html,2026-08-11T12:20:29+00:00,manufacturer_product_page,code_positions_parsed; descriptions_require_device_datasheet
st::stm32f100r8t7b,stmicroelectronics::stm32f100r8,STMicroelectronics,STM32,STM32F1,STM32F100,STM32F100R8,STM32F100R8T7B,T7B,T,7B,,,,tray_or_unspecified,unknown,st-product-page:stm32f100r8,https://www.st.com/en/microcontrollers-microprocessors/stm32f100r8.html,2026-08-11T12:20:29+00:00,manufacturer_product_page,code_positions_parsed; descriptions_require_device_datasheet
st::stm32f100r8t7btr,stmicroelectronics::stm32f100r8,STMicroelectronics,STM32,STM32F1,STM32F100,STM32F100R8,STM32F100R8T7BTR,T7BTR,T,7B,TR,,,tape_and_reel,unknown,st-product-page:stm32f100r8,https://www.st.com/en/microcontrollers-microprocessors/stm32f100r8.html,2026-08-11T12:20:29+00:00,manufacturer_product_page,code_positions_parsed; descriptions_require_device_datasheet
st::stm32f100rbh6b,stmicroelectronics::stm32f100rb,STMicroelectronics,STM32,STM32F1,STM32F100,STM32F100RB,STM32F100RBH6B,H6B,H,6B,,,,tray_or_unspecified,unknown,st-product-page:stm32f100rb,https://www.st.com/en/microcontrollers-microprocessors/stm32f100rb.html,2026-08-11T12:20:29+00:00,manufacturer_product_page,code_positions_parsed; descriptions_require_device_datasheet
st::stm32f100rbh6btr,stmicroelectronics::stm32f100rb,STMicroelectronics,STM32,STM32F1,STM32F100,STM32F100RB,STM32F100RBH6BTR,H6BTR,H,6B,TR,,,tape_and_reel,unknown,st-product-page:stm32f100rb,https://www.st.com/en/microcontrollers-microprocessors/stm32f100rb.html,2026-08-11T12:20:29+00:00,manufacturer_product_page,code_positions_parsed; descriptions_require_device_datasheet
st::stm32f100rbt6b,stmicroelectronics::stm32f100rb,STMicroelectronics,STM32,STM32F1,STM32F100,STM32F100RB,STM32F100RBT6B,T6B,T,6B,,,,tray_or_unspecified,unknown,st-product-page:stm32f100rb,https://www.st.com/en/microcontrollers-microprocessors/stm32f100rb.html,2026-08-11T12:20:29+00:00,manufacturer_product_page,code_positions_parsed; descriptions_require_device_datasheet
st::stm32f100rbt6btr,stmicroelectronics::stm32f100rb,STMicroelectronics,STM32,STM32F1,STM32F100,STM32F100RB,STM32F100RBT6BTR,T6BTR,T,6B,TR,,,tape_and_reel,unknown,st-product-page:stm32f100rb,https://www.st.com/en/microcontrollers-microprocessors/stm32f100rb.html,2026-08-11T12:20:29+00:00,manufacturer_product_page,code_positions_parsed; descriptions_require_device_datasheet
st::stm32f100rct6,stmicroelectronics::stm32f100rc,STMicroelectronics,STM32,STM32F1,STM32F100,STM32F100RC,STM32F100RCT6,T6,T,6,,,,tray_or_unspecified,unknown,st-product-page:stm32f100rc,https://www.st.com/en/microcontrollers-microprocessors/stm32f100rc.html,2026-08-11T12:20:29+00:00,manufacturer_product_page,code_positions_parsed; descriptions_require_device_datasheet
st::stm32f100rct6b,stmicroelectronics::stm32f100rc,STMicroelectronics,STM32,STM32F1,STM32F100,STM32F100RC,STM32F100RCT6B,T6B,T,6B,,,,tray_or_unspecified,unknown,st-product-page:stm32f100rc,https://www.st.com/en/microcontrollers-microprocessors/stm32f100rc.html,2026-08-11T12:20:29+00:00,manufacturer_product_page,code_positions_parsed; descriptions_require_device_datasheet
st::stm32f100rct6btr,stmicroelectronics::stm32f100rc,STMicroelectronics,STM32,STM32F1,STM32F100,STM32F100RC,STM32F100RCT6BTR,T6BTR,T,6B,TR,,,tape_and_reel,unknown,st-product-page:stm32f100rc,https://www.st.com/en/microcontrollers-microprocessors/stm32f100rc.html,2026-08-11T12:20:29+00:00,manufacturer_product_page,code_positions_parsed; descriptions_require_device_datasheet
st::stm32f100rct6tr,stmicroelectronics::stm32f100rc,STMicroelectronics,STM32,STM32F1,STM32F100,STM32F100RC,STM32F100RCT6TR,T6TR,T,6,TR,,,tape_and_reel,unknown,st-product-page:stm32f100rc,https://www.st.com/en/microcontrollers-microprocessors/stm32f100rc.html,2026-08-11T12:20:29+00:00,manufacturer_product_page,code_positions_parsed; descriptions_require_device_datasheet
st::stm32f100rct7b,stmicroelectronics::stm32f100rc,STMicroelectronics,STM32,STM32F1,STM32F100,STM32F100RC,STM32F100RCT7B,T7B,T,7B,,,,tray_or_unspecified,unknown,st-product-page:stm32f100rc,https://www.st.com/en/microcontrollers-microprocessors/stm32f100rc.html,2026-08-11T12:20:29+00:00,manufacturer_product_page,code_positions_parsed; descriptions_require_device_datasheet
st::stm32f100rdt6b,stmicroelectronics::stm32f100rd,STMicroelectronics,STM32,STM32F1,STM32F100,STM32F100RD,STM32F100RDT6B,T6B,T,6B,,,,tray_or_unspecified,unknown,st-product-page:stm32f100rd,https://www.st.com/en/microcontrollers-microprocessors/stm32f100rd.html,2026-08-11T12:20:29+00:00,manufacturer_product_page,code_positions_parsed; descriptions_require_device_datasheet
st::stm32f100rdt6btr,stmicroelectronics::stm32f100rd,STMicroelectronics,STM32,STM32F1,STM32F100,STM32F100RD,STM32F100RDT6BTR,T6BTR,T,6B,TR,,,tape_and_reel,unknown,st-product-page:stm32f100rd,https://www.st.com/en/microcontrollers-microprocessors/stm32f100rd.html,2026-08-11T12:20:29+00:00,manufacturer_product_page,code_positions_parsed; descriptions_require_device_datasheet
st::stm32f100rdt7b,stmicroelectronics::stm32f100rd,STMicroelectronics,STM32,STM32F1,STM32F100,STM32F100RD,STM32F100RDT7B,T7B,T,7B,,,,tray_or_unspecified,unknown,st-product-page:stm32f100rd,https://www.st.com/en/microcontrollers-microprocessors/stm32f100rd.html,2026-08-11T12:20:29+00:00,manufacturer_product_page,code_positions_parsed; descriptions_require_device_datasheet
st::stm32f100ret6b,stmicroelectronics::stm32f100re,STMicroelectronics,STM32,STM32F1,STM32F100,STM32F100RE,STM32F100RET6B,T6B,T,6B,,,,tray_or_unspecified,unknown,st-product-page:stm32f100re,https://www.st.com/en/microcontrollers-microprocessors/stm32f100re.html,2026-08-11T12:20:29+00:00,manufacturer_product_page,code_positions_parsed; descriptions_require_device_datasheet
st::stm32f100ret6btr,stmicroelectronics::stm32f100re,STMicroelectronics,STM32,STM32F1,STM32F100,STM32F100RE,STM32F100RET6BTR,T6BTR,T,6B,TR,,,tape_and_reel,unknown,st-product-page:stm32f100re,https://www.st.com/en/microcontrollers-microprocessors/stm32f100re.html,2026-08-11T12:20:29+00:00,manufacturer_product_page,code_positions_parsed; descriptions_require_device_datasheet
st::stm32f100ret7btr,stmicroelectronics::stm32f100re,STMicroelectronics,STM32,STM32F1,STM32F100,STM32F100RE,STM32F100RET7BTR,T7BTR,T,7B,TR,,,tape_and_reel,unknown,st-product-page:stm32f100re,https://www.st.com/en/microcontrollers-microprocessors/stm32f100re.html,2026-08-11T12:20:29+00:00,manufacturer_product_page,code_positions_parsed; descriptions_require_device_datasheet
st::stm32f100v8t6b,stmicroelectronics::stm32f100v8,STMicroelectronics,STM32,STM32F1,STM32F100,STM32F100V8,STM32F100V8T6B,T6B,T,6B,,,,tray_or_unspecified,unknown,st-product-page:stm32f100v8,https://www.st.com/en/microcontrollers-microprocessors/stm32f100v8.html,2026-08-11T12:20:29+00:00,manufacturer_product_page,code_positions_parsed; descriptions_require_device_datasheet
st::stm32f100v8t6btr,stmicroelectronics::stm32f100v8,STMicroelectronics,STM32,STM32F1,STM32F100,STM32F100V8,STM32F100V8T6BTR,T6BTR,T,6B,TR,,,tape_and_reel,unknown,st-product-page:stm32f100v8,https://www.st.com/en/microcontrollers-microprocessors/stm32f100v8.html,2026-08-11T12:20:29+00:00,manufacturer_product_page,code_positions_parsed; descriptions_require_device_datasheet
st::stm32f100v8t7b,stmicroelectronics::stm32f100v8,STMicroelectronics,STM32,STM32F1,STM32F100,STM32F100V8,STM32F100V8T7B,T7B,T,7B,,,,tray_or_unspecified,unknown,st-product-page:stm32f100v8,https://www.st.com/en/microcontrollers-microprocessors/stm32f100v8.html,2026-08-11T12:20:29+00:00,manufacturer_product_page,code_positions_parsed; descriptions_require_device_datasheet
st::stm32f100vbt6b,stmicroelectronics::stm32f100vb,STMicroelectronics,STM32,STM32F1,STM32F100,STM32F100VB,STM32F100VBT6B,T6B,T,6B,,,,tray_or_unspecified,unknown,st-product-page:stm32f100vb,https://www.st.com/en/microcontrollers-microprocessors/stm32f100vb.html,2026-08-11T12:20:29+00:00,manufacturer_product_page,code_positions_parsed; descriptions_require_device_datasheet
st::stm32f100vbt6btr,stmicroelectronics::stm32f100vb,STMicroelectronics,STM32,STM32F1,STM32F100,STM32F100VB,STM32F100VBT6BTR,T6BTR,T,6B,TR,,,tape_and_reel,unknown,st-product-page:stm32f100vb,https://www.st.com/en/microcontrollers-microprocessors/stm32f100vb.html,2026-08-11T12:20:29+00:00,manufacturer_product_page,code_positions_parsed; descriptions_require_device_datasheet
st::stm32f100vbt7b,stmicroelectronics::stm32f100vb,STMicroelectronics,STM32,STM32F1,STM32F100,STM32F100VB,STM32F100VBT7B,T7B,T,7B,,,,tray_or_unspecified,unknown,st-product-page:stm32f100vb,https://www.st.com/en/microcontrollers-microprocessors/stm32f100vb.html,2026-08-11T12:20:29+00:00,manufacturer_product_page,code_positions_parsed; descriptions_require_device_datasheet
st::stm32f100vct6,stmicroelectronics::stm32f100vc,STMicroelectronics,STM32,STM32F1,STM32F100,STM32F100VC,STM32F100VCT6,T6,T,6,,,,tray_or_unspecified,unknown,st-product-page:stm32f100vc,https://www.st.com/en/microcontrollers-microprocessors/stm32f100vc.html,2026-08-11T12:20:29+00:00,manufacturer_product_page,code_positions_parsed; descriptions_require_device_datasheet
st::stm32f100vct6b,stmicroelectronics::stm32f100vc,STMicroelectronics,STM32,STM32F1,STM32F100,STM32F100VC,STM32F100VCT6B,T6B,T,6B,,,,tray_or_unspecified,unknown,st-product-page:stm32f100vc,https://www.st.com/en/microcontrollers-microprocessors/stm32f100vc.html,2026-08-11T12:20:29+00:00,manufacturer_product_page,code_positions_parsed; descriptions_require_device_datasheet
st::stm32f100vct6btr,stmicroelectronics::stm32f100vc,STMicroelectronics,STM32,STM32F1,STM32F100,STM32F100VC,STM32F100VCT6BTR,T6BTR,T,6B,TR,,,tape_and_reel,unknown,st-product-page:stm32f100vc,https://www.st.com/en/microcontrollers-microprocessors/stm32f100vc.html,2026-08-11T12:20:29+00:00,manufacturer_product_page,code_positions_parsed; descriptions_require_device_datasheet
st::stm32f100vdt6,stmicroelectronics::stm32f100vd,STMicroelectronics,STM32,STM32F1,STM32F100,STM32F100VD,STM32F100VDT6,T6,T,6,,,,tray_or_unspecified,unknown,st-product-page:stm32f100vd,https://www.st.com/en/microcontrollers-microprocessors/stm32f100vd.html,2026-08-11T12:20:29+00:00,manufacturer_product_page,code_positions_parsed; descriptions_require_device_datasheet
st::stm32f100vdt6b,stmicroelectronics::stm32f100vd,STMicroelectronics,STM32,STM32F1,STM32F100,STM32F100VD,STM32F100VDT6B,T6B,T,6B,,,,tray_or_unspecified,unknown,st-product-page:stm32f100vd,https://www.st.com/en/microcontrollers-microprocessors/stm32f100vd.html,2026-08-11T12:20:29+00:00,manufacturer_product_page,code_positions_parsed; descriptions_require_device_datasheet
st::stm32f100vdt6btr,stmicroelectronics::stm32f100vd,STMicroelectronics,STM32,STM32F1,STM32F100,STM32F100VD,STM32F100VDT6BTR,T6BTR,T,6B,TR,,,tape_and_reel,unknown,st-product-page:stm32f100vd,https://www.st.com/en/microcontrollers-microprocessors/stm32f100vd.html,2026-08-11T12:20:29+00:00,manufacturer_product_page,code_positions_parsed; descriptions_require_device_datasheet
st::stm32f100vdt7b,stmicroelectronics::stm32f100vd,STMicroelectronics,STM32,STM32F1,STM32F100,STM32F100VD,STM32F100VDT7B,T7B,T,7B,,,,tray_or_unspecified,unknown,st-product-page:stm32f100vd,https://www.st.com/en/microcontrollers-microprocessors/stm32f100vd.html,2026-08-11T12:20:29+00:00,manufacturer_product_page,code_positions_parsed; descriptions_require_device_datasheet
st::stm32f100vet6,stmicroelectronics::stm32f100ve,STMicroelectronics,STM32,STM32F1,STM32F100,STM32F100VE,STM32F100VET6,T6,T,6,,,,tray_or_unspecified,unknown,st-product-page:stm32f100ve,https://www.st.com/en/microcontrollers-microprocessors/stm32f100ve.html,2026-08-11T12:20:29+00:00,manufacturer_product_page,code_positions_parsed; descriptions_require_device_datasheet
st::stm32f100vet6b,stmicroelectronics::stm32f100ve,STMicroelectronics,STM32,STM32F1,STM32F100,STM32F100VE,STM32F100VET6B,T6B,T,6B,,,,tray_or_unspecified,unknown,st-product-page:stm32f100ve,https://www.st.com/en/microcontrollers-microprocessors/stm32f100ve.html,2026-08-11T12:20:29+00:00,manufacturer_product_page,code_positions_parsed; descriptions_require_device_datasheet
st::stm32f100vet6btr,stmicroelectronics::stm32f100ve,STMicroelectronics,STM32,STM32F1,STM32F100,STM32F100VE,STM32F100VET6BTR,T6BTR,T,6B,TR,,,tape_and_reel,unknown,st-product-page:stm32f100ve,https://www.st.com/en/microcontrollers-microprocessors/stm32f100ve.html,2026-08-11T12:20:29+00:00,manufacturer_product_page,code_positions_parsed; descriptions_require_device_datasheet
st::stm32f100vet7b,stmicroelectronics::stm32f100ve,STMicroelectronics,STM32,STM32F1,STM32F100,STM32F100VE,STM32F100VET7B,T7B,T,7B,,,,tray_or_unspecified,unknown,st-product-page:stm32f100ve,https://www.st.com/en/microcontrollers-microprocessors/stm32f100ve.html,2026-08-11T12:20:29+00:00,manufacturer_product_page,code_positions_parsed; descriptions_require_device_datasheet
st::stm32f100zct6b,stmicroelectronics::stm32f100zc,STMicroelectronics,STM32,STM32F1,STM32F100,STM32F100ZC,STM32F100ZCT6B,T6B,T,6B,,,,tray_or_unspecified,unknown,st-product-page:stm32f100zc,https://www.st.com/en/microcontrollers-microprocessors/stm32f100zc.html,2026-08-11T12:20:29+00:00,manufacturer_product_page,code_positions_parsed; descriptions_require_device_datasheet
st::stm32f100zdt6b,stmicroelectronics::stm32f100zd,STMicroelectronics,STM32,STM32F1,STM32F100,STM32F100ZD,STM32F100ZDT6B,T6B,T,6B,,,,tray_or_unspecified,unknown,st-product-page:stm32f100zd,https://www.st.com/en/microcontrollers-microprocessors/stm32f100zd.html,2026-08-11T12:20:29+00:00,manufacturer_product_page,code_positions_parsed; descriptions_require_device_datasheet
st::stm32f100zdt6btr,stmicroelectronics::stm32f100zd,STMicroelectronics,STM32,STM32F1,STM32F100,STM32F100ZD,STM32F100ZDT6BTR,T6BTR,T,6B,TR,,,tape_and_reel,unknown,st-product-page:stm32f100zd,https://www.st.com/en/microcontrollers-microprocessors/stm32f100zd.html,2026-08-11T12:20:29+00:00,manufacturer_product_page,code_positions_parsed; descriptions_require_device_datasheet
st::stm32f100zet6b,stmicroelectronics::stm32f100ze,STMicroelectronics,STM32,STM32F1,STM32F100,STM32F100ZE,STM32F100ZET6B,T6B,T,6B,,,,tray_or_unspecified,unknown,st-product-page:stm32f100ze,https://www.st.com/en/microcontrollers-microprocessors/stm32f100ze.html,2026-08-11T12:20:29+00:00,manufacturer_product_page,code_positions_parsed; descriptions_require_device_datasheet
st::stm32f100zet6btr,stmicroelectronics::stm32f100ze,STMicroelectronics,STM32,STM32F1,STM32F100,STM32F100ZE,STM32F100ZET6BTR,T6BTR,T,6B,TR,,,tape_and_reel,unknown,st-product-page:stm32f100ze,https://www.st.com/en/microcontrollers-microprocessors/stm32f100ze.html,2026-08-11T12:20:29+00:00,manufacturer_product_page,code_positions_parsed; descriptions_require_device_datasheet
st::stm32f100zet7b,stmicroelectronics::stm32f100ze,STMicroelectronics,STM32,STM32F1,STM32F100,STM32F100ZE,STM32F100ZET7B,T7B,T,7B,,,,tray_or_unspecified,unknown,st-product-page:stm32f100ze,https://www.st.com/en/microcontrollers-microprocessors/stm32f100ze.html,2026-08-11T12:20:29+00:00,manufacturer_product_page,code_positions_parsed; descriptions_require_device_datasheet
st::stm32f101c4t6a,stmicroelectronics::stm32f101c4,STMicroelectronics,STM32,STM32F1,STM32F101,STM32F101C4,STM32F101C4T6A,T6A,T,6A,,,,tray_or_unspecified,unknown,st-product-page:stm32f101c4,https://www.st.com/en/microcontrollers-microprocessors/stm32f101c4.html,2026-08-11T12:20:29+00:00,manufacturer_product_page,code_positions_parsed; descriptions_require_device_datasheet
st::stm32f101c6t6a,stmicroelectronics::stm32f101c6,STMicroelectronics,STM32,STM32F1,STM32F101,STM32F101C6,STM32F101C6T6A,T6A,T,6A,,,,tray_or_unspecified,unknown,st-product-page:stm32f101c6,https://www.st.com/en/microcontrollers-microprocessors/stm32f101c6.html,2026-08-11T12:20:29+00:00,manufacturer_product_page,code_positions_parsed; descriptions_require_device_datasheet
st::stm32f101c6t6atr,stmicroelectronics::stm32f101c6,STMicroelectronics,STM32,STM32F1,STM32F101,STM32F101C6,STM32F101C6T6ATR,T6ATR,T,6A,TR,,,tape_and_reel,unknown,st-product-page:stm32f101c6,https://www.st.com/en/microcontrollers-microprocessors/stm32f101c6.html,2026-08-11T12:20:29+00:00,manufacturer_product_page,code_positions_parsed; descriptions_require_device_datasheet
st::stm32f101c8t6,stmicroelectronics::stm32f101c8,STMicroelectronics,STM32,STM32F1,STM32F101,STM32F101C8,STM32F101C8T6,T6,T,6,,,,tray_or_unspecified,unknown,st-product-page:stm32f101c8,https://www.st.com/en/microcontrollers-microprocessors/stm32f101c8.html,2026-08-11T12:20:29+00:00,manufacturer_product_page,code_positions_parsed; descriptions_require_device_datasheet
st::stm32f101c8t6tr,stmicroelectronics::stm32f101c8,STMicroelectronics,STM32,STM32F1,STM32F101,STM32F101C8,STM32F101C8T6TR,T6TR,T,6,TR,,,tape_and_reel,unknown,st-product-page:stm32f101c8,https://www.st.com/en/microcontrollers-microprocessors/stm32f101c8.html,2026-08-11T12:20:29+00:00,manufacturer_product_page,code_positions_parsed; descriptions_require_device_datasheet
st::stm32f101c8u6,stmicroelectronics::stm32f101c8,STMicroelectronics,STM32,STM32F1,STM32F101,STM32F101C8,STM32F101C8U6,U6,U,6,,,,tray_or_unspecified,unknown,st-product-page:stm32f101c8,https://www.st.com/en/microcontrollers-microprocessors/stm32f101c8.html,2026-08-11T12:20:29+00:00,manufacturer_product_page,code_positions_parsed; descriptions_require_device_datasheet
st::stm32f101c8u6tr,stmicroelectronics::stm32f101c8,STMicroelectronics,STM32,STM32F1,STM32F101,STM32F101C8,STM32F101C8U6TR,U6TR,U,6,TR,,,tape_and_reel,unknown,st-product-page:stm32f101c8,https://www.st.com/en/microcontrollers-microprocessors/stm32f101c8.html,2026-08-11T12:20:29+00:00,manufacturer_product_page,code_positions_parsed; descriptions_require_device_datasheet
st::stm32f101cbt6,stmicroelectronics::stm32f101cb,STMicroelectronics,STM32,STM32F1,STM32F101,STM32F101CB,STM32F101CBT6,T6,T,6,,,,tray_or_unspecified,unknown,st-product-page:stm32f101cb,https://www.st.com/en/microcontrollers-microprocessors/stm32f101cb.html,2026-08-11T12:20:29+00:00,manufacturer_product_page,code_positions_parsed; descriptions_require_device_datasheet
st::stm32f101cbt6tr,stmicroelectronics::stm32f101cb,STMicroelectronics,STM32,STM32F1,STM32F101,STM32F101CB,STM32F101CBT6TR,T6TR,T,6,TR,,,tape_and_reel,unknown,st-product-page:stm32f101cb,https://www.st.com/en/microcontrollers-microprocessors/stm32f101cb.html,2026-08-11T12:20:29+00:00,manufacturer_product_page,code_positions_parsed; descriptions_require_device_datasheet
st::stm32f101cbu6,stmicroelectronics::stm32f101cb,STMicroelectronics,STM32,STM32F1,STM32F101,STM32F101CB,STM32F101CBU6,U6,U,6,,,,tray_or_unspecified,unknown,st-product-page:stm32f101cb,https://www.st.com/en/microcontrollers-microprocessors/stm32f101cb.html,2026-08-11T12:20:29+00:00,manufacturer_product_page,code_positions_parsed; descriptions_require_device_datasheet
st::stm32f101cbu6tr,stmicroelectronics::stm32f101cb,STMicroelectronics,STM32,STM32F1,STM32F101,STM32F101CB,STM32F101CBU6TR,U6TR,U,6,TR,,,tape_and_reel,unknown,st-product-page:stm32f101cb,https://www.st.com/en/microcontrollers-microprocessors/stm32f101cb.html,2026-08-11T12:20:29+00:00,manufacturer_product_page,code_positions_parsed; descriptions_require_device_datasheet
st::stm32f101r4t6a,stmicroelectronics::stm32f101r4,STMicroelectronics,STM32,STM32F1,STM32F101,STM32F101R4,STM32F101R4T6A,T6A,T,6A,,,,tray_or_unspecified,unknown,st-product-page:stm32f101r4,https://www.st.com/en/microcontrollers-microprocessors/stm32f101r4.html,2026-08-11T12:20:29+00:00,manufacturer_product_page,code_positions_parsed; descriptions_require_device_datasheet
st::stm32f101r6t6a,stmicroelectronics::stm32f101r6,STMicroelectronics,STM32,STM32F1,STM32F101,STM32F101R6,STM32F101R6T6A,T6A,T,6A,,,,tray_or_unspecified,unknown,st-product-page:stm32f101r6,https://www.st.com/en/microcontrollers-microprocessors/stm32f101r6.html,2026-08-11T12:20:29+00:00,manufacturer_product_page,code_positions_parsed; descriptions_require_device_datasheet
st::stm32f101r6t6atr,stmicroelectronics::stm32f101r6,STMicroelectronics,STM32,STM32F1,STM32F101,STM32F101R6,STM32F101R6T6ATR,T6ATR,T,6A,TR,,,tape_and_reel,unknown,st-product-page:stm32f101r6,https://www.st.com/en/microcontrollers-microprocessors/stm32f101r6.html,2026-08-11T12:20:29+00:00,manufacturer_product_page,code_positions_parsed; descriptions_require_device_datasheet
st::stm32f101r8t6,stmicroelectronics::stm32f101r8,STMicroelectronics,STM32,STM32F1,STM32F101,STM32F101R8,STM32F101R8T6,T6,T,6,,,,tray_or_unspecified,unknown,st-product-page:stm32f101r8,https://www.st.com/en/microcontrollers-microprocessors/stm32f101r8.html,2026-08-11T12:20:29+00:00,manufacturer_product_page,code_positions_parsed; descriptions_require_device_datasheet
st::stm32f101r8t6tr,stmicroelectronics::stm32f101r8,STMicroelectronics,STM32,STM32F1,STM32F101,STM32F101R8,STM32F101R8T6TR,T6TR,T,6,TR,,,tape_and_reel,unknown,st-product-page:stm32f101r8,https://www.st.com/en/microcontrollers-microprocessors/stm32f101r8.html,2026-08-11T12:20:29+00:00,manufacturer_product_page,code_positions_parsed; descriptions_require_device_datasheet
st::stm32f101rbh6,stmicroelectronics::stm32f101rb,STMicroelectronics,STM32,STM32F1,STM32F101,STM32F101RB,STM32F101RBH6,H6,H,6,,,,tray_or_unspecified,unknown,st-product-page:stm32f101rb,https://www.st.com/en/microcontrollers-microprocessors/stm32f101rb.html,2026-08-11T12:20:29+00:00,manufacturer_product_page,code_positions_parsed; descriptions_require_device_datasheet
st::stm32f101rbt6,stmicroelectronics::stm32f101rb,STMicroelectronics,STM32,STM32F1,STM32F101,STM32F101RB,STM32F101RBT6,T6,T,6,,,,tray_or_unspecified,unknown,st-product-page:stm32f101rb,https://www.st.com/en/microcontrollers-microprocessors/stm32f101rb.html,2026-08-11T12:20:29+00:00,manufacturer_product_page,code_positions_parsed; descriptions_require_device_datasheet
st::stm32f101rbt6tr,stmicroelectronics::stm32f101rb,STMicroelectronics,STM32,STM32F1,STM32F101,STM32F101RB,STM32F101RBT6TR,T6TR,T,6,TR,,,tape_and_reel,unknown,st-product-page:stm32f101rb,https://www.st.com/en/microcontrollers-microprocessors/stm32f101rb.html,2026-08-11T12:20:29+00:00,manufacturer_product_page,code_positions_parsed; descriptions_require_device_datasheet
st::stm32f101rct6,stmicroelectronics::stm32f101rc,STMicroelectronics,STM32,STM32F1,STM32F101,STM32F101RC,STM32F101RCT6,T6,T,6,,,,tray_or_unspecified,unknown,st-product-page:stm32f101rc,https://www.st.com/en/microcontrollers-microprocessors/stm32f101rc.html,2026-08-11T12:20:29+00:00,manufacturer_product_page,code_positions_parsed; descriptions_require_device_datasheet
st::stm32f101rct6tr,stmicroelectronics::stm32f101rc,STMicroelectronics,STM32,STM32F1,STM32F101,STM32F101RC,STM32F101RCT6TR,T6TR,T,6,TR,,,tape_and_reel,unknown,st-product-page:stm32f101rc,https://www.st.com/en/microcontrollers-microprocessors/stm32f101rc.html,2026-08-11T12:20:29+00:00,manufacturer_product_page,code_positions_parsed; descriptions_require_device_datasheet
st::stm32f101rdt6,stmicroelectronics::stm32f101rd,STMicroelectronics,STM32,STM32F1,STM32F101,STM32F101RD,STM32F101RDT6,T6,T,6,,,,tray_or_unspecified,unknown,st-product-page:stm32f101rd,https://www.st.com/en/microcontrollers-microprocessors/stm32f101rd.html,2026-08-11T12:20:29+00:00,manufacturer_product_page,code_positions_parsed; descriptions_require_device_datasheet
st::stm32f101rdt6tr,stmicroelectronics::stm32f101rd,STMicroelectronics,STM32,STM32F1,STM32F101,STM32F101RD,STM32F101RDT6TR,T6TR,T,6,TR,,,tape_and_reel,unknown,st-product-page:stm32f101rd,https://www.st.com/en/microcontrollers-microprocessors/stm32f101rd.html,2026-08-11T12:20:29+00:00,manufacturer_product_page,code_positions_parsed; descriptions_require_device_datasheet
st::stm32f101ret6,stmicroelectronics::stm32f101re,STMicroelectronics,STM32,STM32F1,STM32F101,STM32F101RE,STM32F101RET6,T6,T,6,,,,tray_or_unspecified,unknown,st-product-page:stm32f101re,https://www.st.com/en/microcontrollers-microprocessors/stm32f101re.html,2026-08-11T12:20:29+00:00,manufacturer_product_page,code_positions_parsed; descriptions_require_device_datasheet
st::stm32f101ret6tr,stmicroelectronics::stm32f101re,STMicroelectronics,STM32,STM32F1,STM32F101,STM32F101RE,STM32F101RET6TR,T6TR,T,6,TR,,,tape_and_reel,unknown,st-product-page:stm32f101re,https://www.st.com/en/microcontrollers-microprocessors/stm32f101re.html,2026-08-11T12:20:29+00:00,manufacturer_product_page,code_positions_parsed; descriptions_require_device_datasheet
st::stm32f101rft6,stmicroelectronics::stm32f101rf,STMicroelectronics,STM32,STM32F1,STM32F101,STM32F101RF,STM32F101RFT6,T6,T,6,,,,tray_or_unspecified,unknown,st-product-page:stm32f101rf,https://www.st.com/en/microcontrollers-microprocessors/stm32f101rf.html,2026-08-11T12:20:29+00:00,manufacturer_product_page,code_positions_parsed; descriptions_require_device_datasheet
st::stm32f101rft6tr,stmicroelectronics::stm32f101rf,STMicroelectronics,STM32,STM32F1,STM32F101,STM32F101RF,STM32F101RFT6TR,T6TR,T,6,TR,,,tape_and_reel,unknown,st-product-page:stm32f101rf,https://www.st.com/en/microcontrollers-microprocessors/stm32f101rf.html,2026-08-11T12:20:29+00:00,manufacturer_product_page,code_positions_parsed; descriptions_require_device_datasheet
st::stm32f101rgt6,stmicroelectronics::stm32f101rg,STMicroelectronics,STM32,STM32F1,STM32F101,STM32F101RG,STM32F101RGT6,T6,T,6,,,,tray_or_unspecified,unknown,st-product-page:stm32f101rg,https://www.st.com/en/microcontrollers-microprocessors/stm32f101rg.html,2026-08-11T12:20:29+00:00,manufacturer_product_page,code_positions_parsed; descriptions_require_device_datasheet
st::stm32f101rgt6tr,stmicroelectronics::stm32f101rg,STMicroelectronics,STM32,STM32F1,STM32F101,STM32F101RG,STM32F101RGT6TR,T6TR,T,6,TR,,,tape_and_reel,unknown,st-product-page:stm32f101rg,https://www.st.com/en/microcontrollers-microprocessors/stm32f101rg.html,2026-08-11T12:20:29+00:00,manufacturer_product_page,code_positions_parsed; descriptions_require_device_datasheet
st::stm32f101t4u6a,stmicroelectronics::stm32f101t4,STMicroelectronics,STM32,STM32F1,STM32F101,STM32F101T4,STM32F101T4U6A,U6A,U,6A,,,,tray_or_unspecified,unknown,st-product-page:stm32f101t4,https://www.st.com/en/microcontrollers-microprocessors/stm32f101t4.html,2026-08-11T12:20:29+00:00,manufacturer_product_page,code_positions_parsed; descriptions_require_device_datasheet
st::stm32f101t4u6atr,stmicroelectronics::stm32f101t4,STMicroelectronics,STM32,STM32F1,STM32F101,STM32F101T4,STM32F101T4U6ATR,U6ATR,U,6A,TR,,,tape_and_reel,unknown,st-product-page:stm32f101t4,https://www.st.com/en/microcontrollers-microprocessors/stm32f101t4.html,2026-08-11T12:20:29+00:00,manufacturer_product_page,code_positions_parsed; descriptions_require_device_datasheet
st::stm32f101t6u6a,stmicroelectronics::stm32f101t6,STMicroelectronics,STM32,STM32F1,STM32F101,STM32F101T6,STM32F101T6U6A,U6A,U,6A,,,,tray_or_unspecified,unknown,st-product-page:stm32f101t6,https://www.st.com/en/microcontrollers-microprocessors/stm32f101t6.html,2026-08-11T12:20:29+00:00,manufacturer_product_page,code_positions_parsed; descriptions_require_device_datasheet
st::stm32f101t6u6atr,stmicroelectronics::stm32f101t6,STMicroelectronics,STM32,STM32F1,STM32F101,STM32F101T6,STM32F101T6U6ATR,U6ATR,U,6A,TR,,,tape_and_reel,unknown,st-product-page:stm32f101t6,https://www.st.com/en/microcontrollers-microprocessors/stm32f101t6.html,2026-08-11T12:20:29+00:00,manufacturer_product_page,code_positions_parsed; descriptions_require_device_datasheet
st::stm32f101t8u6,stmicroelectronics::stm32f101t8,STMicroelectronics,STM32,STM32F1,STM32F101,STM32F101T8,STM32F101T8U6,U6,U,6,,,,tray_or_unspecified,unknown,st-product-page:stm32f101t8,https://www.st.com/en/microcontrollers-microprocessors/stm32f101t8.html,2026-08-11T12:20:29+00:00,manufacturer_product_page,code_positions_parsed; descriptions_require_device_datasheet
st::stm32f101t8u6tr,stmicroelectronics::stm32f101t8,STMicroelectronics,STM32,STM32F1,STM32F101,STM32F101T8,STM32F101T8U6TR,U6TR,U,6,TR,,,tape_and_reel,unknown,st-product-page:stm32f101t8,https://www.st.com/en/microcontrollers-microprocessors/stm32f101t8.html,2026-08-11T12:20:29+00:00,manufacturer_product_page,code_positions_parsed; descriptions_require_device_datasheet
st::stm32f101tbu6,stmicroelectronics::stm32f101tb,STMicroelectronics,STM32,STM32F1,STM32F101,STM32F101TB,STM32F101TBU6,U6,U,6,,,,tray_or_unspecified,unknown,st-product-page:stm32f101tb,https://www.st.com/en/microcontrollers-microprocessors/stm32f101tb.html,2026-08-11T12:20:29+00:00,manufacturer_product_page,code_positions_parsed; descriptions_require_device_datasheet
st::stm32f101tbu6tr,stmicroelectronics::stm32f101tb,STMicroelectronics,STM32,STM32F1,STM32F101,STM32F101TB,STM32F101TBU6TR,U6TR,U,6,TR,,,tape_and_reel,unknown,st-product-page:stm32f101tb,https://www.st.com/en/microcontrollers-microprocessors/stm32f101tb.html,2026-08-11T12:20:29+00:00,manufacturer_product_page,code_positions_parsed; descriptions_require_device_datasheet
st::stm32f101v8t6,stmicroelectronics::stm32f101v8,STMicroelectronics,STM32,STM32F1,STM32F101,STM32F101V8,STM32F101V8T6,T6,T,6,,,,tray_or_unspecified,unknown,st-product-page:stm32f101v8,https://www.st.com/en/microcontrollers-microprocessors/stm32f101v8.html,2026-08-11T12:20:29+00:00,manufacturer_product_page,code_positions_parsed; descriptions_require_device_datasheet
st::stm32f101v8t6tr,stmicroelectronics::stm32f101v8,STMicroelectronics,STM32,STM32F1,STM32F101,STM32F101V8,STM32F101V8T6TR,T6TR,T,6,TR,,,tape_and_reel,unknown,st-product-page:stm32f101v8,https://www.st.com/en/microcontrollers-microprocessors/stm32f101v8.html,2026-08-11T12:20:29+00:00,manufacturer_product_page,code_positions_parsed; descriptions_require_device_datasheet
st::stm32f101vbt6,stmicroelectronics::stm32f101vb,STMicroelectronics,STM32,STM32F1,STM32F101,STM32F101VB,STM32F101VBT6,T6,T,6,,,,tray_or_unspecified,unknown,st-product-page:stm32f101vb,https://www.st.com/en/microcontrollers-microprocessors/stm32f101vb.html,2026-08-11T12:20:29+00:00,manufacturer_product_page,code_positions_parsed; descriptions_require_device_datasheet
st::stm32f101vbt6tr,stmicroelectronics::stm32f101vb,STMicroelectronics,STM32,STM32F1,STM32F101,STM32F101VB,STM32F101VBT6TR,T6TR,T,6,TR,,,tape_and_reel,unknown,st-product-page:stm32f101vb,https://www.st.com/en/microcontrollers-microprocessors/stm32f101vb.html,2026-08-11T12:20:29+00:00,manufacturer_product_page,code_positions_parsed; descriptions_require_device_datasheet
st::stm32f101vct6,stmicroelectronics::stm32f101vc,STMicroelectronics,STM32,STM32F1,STM32F101,STM32F101VC,STM32F101VCT6,T6,T,6,,,,tray_or_unspecified,unknown,st-product-page:stm32f101vc,https://www.st.com/en/microcontrollers-microprocessors/stm32f101vc.html,2026-08-11T12:20:29+00:00,manufacturer_product_page,code_positions_parsed; descriptions_require_device_datasheet
st::stm32f101vct6tr,stmicroelectronics::stm32f101vc,STMicroelectronics,STM32,STM32F1,STM32F101,STM32F101VC,STM32F101VCT6TR,T6TR,T,6,TR,,,tape_and_reel,unknown,st-product-page:stm32f101vc,https://www.st.com/en/microcontrollers-microprocessors/stm32f101vc.html,2026-08-11T12:20:29+00:00,manufacturer_product_page,code_positions_parsed; descriptions_require_device_datasheet
st::stm32f101vdt6,stmicroelectronics::stm32f101vd,STMicroelectronics,STM32,STM32F1,STM32F101,STM32F101VD,STM32F101VDT6,T6,T,6,,,,tray_or_unspecified,unknown,st-product-page:stm32f101vd,https://www.st.com/en/microcontrollers-microprocessors/stm32f101vd.html,2026-08-11T12:20:29+00:00,manufacturer_product_page,code_positions_parsed; descriptions_require_device_datasheet
st::stm32f101vdt6tr,stmicroelectronics::stm32f101vd,STMicroelectronics,STM32,STM32F1,STM32F101,STM32F101VD,STM32F101VDT6TR,T6TR,T,6,TR,,,tape_and_reel,unknown,st-product-page:stm32f101vd,https://www.st.com/en/microcontrollers-microprocessors/stm32f101vd.html,2026-08-11T12:20:29+00:00,manufacturer_product_page,code_positions_parsed; descriptions_require_device_datasheet
st::stm32f101vet6,stmicroelectronics::stm32f101ve,STMicroelectronics,STM32,STM32F1,STM32F101,STM32F101VE,STM32F101VET6,T6,T,6,,,,tray_or_unspecified,unknown,st-product-page:stm32f101ve,https://www.st.com/en/microcontrollers-microprocessors/stm32f101ve.html,2026-08-11T12:20:29+00:00,manufacturer_product_page,code_positions_parsed; descriptions_require_device_datasheet
st::stm32f101vet6tr,stmicroelectronics::stm32f101ve,STMicroelectronics,STM32,STM32F1,STM32F101,STM32F101VE,STM32F101VET6TR,T6TR,T,6,TR,,,tape_and_reel,unknown,st-product-page:stm32f101ve,https://www.st.com/en/microcontrollers-microprocessors/stm32f101ve.html,2026-08-11T12:20:29+00:00,manufacturer_product_page,code_positions_parsed; descriptions_require_device_datasheet
st::stm32f101vft6,stmicroelectronics::stm32f101vf,STMicroelectronics,STM32,STM32F1,STM32F101,STM32F101VF,STM32F101VFT6,T6,T,6,,,,tray_or_unspecified,unknown,st-product-page:stm32f101vf,https://www.st.com/en/microcontrollers-microprocessors/stm32f101vf.html,2026-08-11T12:20:29+00:00,manufacturer_product_page,code_positions_parsed; descriptions_require_device_datasheet
st::stm32f101vft6tr,stmicroelectronics::stm32f101vf,STMicroelectronics,STM32,STM32F1,STM32F101,STM32F101VF,STM32F101VFT6TR,T6TR,T,6,TR,,,tape_and_reel,unknown,st-product-page:stm32f101vf,https://www.st.com/en/microcontrollers-microprocessors/stm32f101vf.html,2026-08-11T12:20:29+00:00,manufacturer_product_page,code_positions_parsed; descriptions_require_device_datasheet
st::stm32f101vgt6,stmicroelectronics::stm32f101vg,STMicroelectronics,STM32,STM32F1,STM32F101,STM32F101VG,STM32F101VGT6,T6,T,6,,,,tray_or_unspecified,unknown,st-product-page:stm32f101vg,https://www.st.com/en/microcontrollers-microprocessors/stm32f101vg.html,2026-08-11T12:20:29+00:00,manufacturer_product_page,code_positions_parsed; descriptions_require_device_datasheet
st::stm32f101zct6,stmicroelectronics::stm32f101zc,STMicroelectronics,STM32,STM32F1,STM32F101,STM32F101ZC,STM32F101ZCT6,T6,T,6,,,,tray_or_unspecified,unknown,st-product-page:stm32f101zc,https://www.st.com/en/microcontrollers-microprocessors/stm32f101zc.html,2026-08-11T12:20:29+00:00,manufacturer_product_page,code_positions_parsed; descriptions_require_device_datasheet
st::stm32f101zdt6,stmicroelectronics::stm32f101zd,STMicroelectronics,STM32,STM32F1,STM32F101,STM32F101ZD,STM32F101ZDT6,T6,T,6,,,,tray_or_unspecified,unknown,st-product-page:stm32f101zd,https://www.st.com/en/microcontrollers-microprocessors/stm32f101zd.html,2026-08-11T12:20:29+00:00,manufacturer_product_page,code_positions_parsed; descriptions_require_device_datasheet
st::stm32f101zet6,stmicroelectronics::stm32f101ze,STMicroelectronics,STM32,STM32F1,STM32F101,STM32F101ZE,STM32F101ZET6,T6,T,6,,,,tray_or_unspecified,unknown,st-product-page:stm32f101ze,https://www.st.com/en/microcontrollers-microprocessors/stm32f101ze.html,2026-08-11T12:20:29+00:00,manufacturer_product_page,code_positions_parsed; descriptions_require_device_datasheet
st::stm32f101zft6,stmicroelectronics::stm32f101zf,STMicroelectronics,STM32,STM32F1,STM32F101,STM32F101ZF,STM32F101ZFT6,T6,T,6,,,,tray_or_unspecified,unknown,st-product-page:stm32f101zf,https://www.st.com/en/microcontrollers-microprocessors/stm32f101zf.html,2026-08-11T12:20:29+00:00,manufacturer_product_page,code_positions_parsed; descriptions_require_device_datasheet
st::stm32f101zgt6,stmicroelectronics::stm32f101zg,STMicroelectronics,STM32,STM32F1,STM32F101,STM32F101ZG,STM32F101ZGT6,T6,T,6,,,,tray_or_unspecified,unknown,st-product-page:stm32f101zg,https://www.st.com/en/microcontrollers-microprocessors/stm32f101zg.html,2026-08-11T12:20:29+00:00,manufacturer_product_page,code_positions_parsed; descriptions_require_device_datasheet
st::stm32f102c4t6a,stmicroelectronics::stm32f102c4,STMicroelectronics,STM32,STM32F1,STM32F102,STM32F102C4,STM32F102C4T6A,T6A,T,6A,,,,tray_or_unspecified,unknown,st-product-page:stm32f102c4,https://www.st.com/en/microcontrollers-microprocessors/stm32f102c4.html,2026-08-11T12:20:29+00:00,manufacturer_product_page,code_positions_parsed; descriptions_require_device_datasheet
st::stm32f102c4t6atr,stmicroelectronics::stm32f102c4,STMicroelectronics,STM32,STM32F1,STM32F102,STM32F102C4,STM32F102C4T6ATR,T6ATR,T,6A,TR,,,tape_and_reel,unknown,st-product-page:stm32f102c4,https://www.st.com/en/microcontrollers-microprocessors/stm32f102c4.html,2026-08-11T12:20:29+00:00,manufacturer_product_page,code_positions_parsed; descriptions_require_device_datasheet
st::stm32f102c6t6a,stmicroelectronics::stm32f102c6,STMicroelectronics,STM32,STM32F1,STM32F102,STM32F102C6,STM32F102C6T6A,T6A,T,6A,,,,tray_or_unspecified,unknown,st-product-page:stm32f102c6,https://www.st.com/en/microcontrollers-microprocessors/stm32f102c6.html,2026-08-11T12:20:29+00:00,manufacturer_product_page,code_positions_parsed; descriptions_require_device_datasheet
st::stm32f102c6t6atr,stmicroelectronics::stm32f102c6,STMicroelectronics,STM32,STM32F1,STM32F102,STM32F102C6,STM32F102C6T6ATR,T6ATR,T,6A,TR,,,tape_and_reel,unknown,st-product-page:stm32f102c6,https://www.st.com/en/microcontrollers-microprocessors/stm32f102c6.html,2026-08-11T12:20:29+00:00,manufacturer_product_page,code_positions_parsed; descriptions_require_device_datasheet
st::stm32f102c8t6,stmicroelectronics::stm32f102c8,STMicroelectronics,STM32,STM32F1,STM32F102,STM32F102C8,STM32F102C8T6,T6,T,6,,,,tray_or_unspecified,unknown,st-product-page:stm32f102c8,https://www.st.com/en/microcontrollers-microprocessors/stm32f102c8.html,2026-08-11T12:20:29+00:00,manufacturer_product_page,code_positions_parsed; descriptions_require_device_datasheet
st::stm32f102c8t6tr,stmicroelectronics::stm32f102c8,STMicroelectronics,STM32,STM32F1,STM32F102,STM32F102C8,STM32F102C8T6TR,T6TR,T,6,TR,,,tape_and_reel,unknown,st-product-page:stm32f102c8,https://www.st.com/en/microcontrollers-microprocessors/stm32f102c8.html,2026-08-11T12:20:29+00:00,manufacturer_product_page,code_positions_parsed; descriptions_require_device_datasheet
st::stm32f102cbt6,stmicroelectronics::stm32f102cb,STMicroelectronics,STM32,STM32F1,STM32F102,STM32F102CB,STM32F102CBT6,T6,T,6,,,,tray_or_unspecified,unknown,st-product-page:stm32f102cb,https://www.st.com/en/microcontrollers-microprocessors/stm32f102cb.html,2026-08-11T12:20:29+00:00,manufacturer_product_page,code_positions_parsed; descriptions_require_device_datasheet
st::stm32f102cbt6tr,stmicroelectronics::stm32f102cb,STMicroelectronics,STM32,STM32F1,STM32F102,STM32F102CB,STM32F102CBT6TR,T6TR,T,6,TR,,,tape_and_reel,unknown,st-product-page:stm32f102cb,https://www.st.com/en/microcontrollers-microprocessors/stm32f102cb.html,2026-08-11T12:20:29+00:00,manufacturer_product_page,code_positions_parsed; descriptions_require_device_datasheet
st::stm32f102r4t6a,stmicroelectronics::stm32f102r4,STMicroelectronics,STM32,STM32F1,STM32F102,STM32F102R4,STM32F102R4T6A,T6A,T,6A,,,,tray_or_unspecified,unknown,st-product-page:stm32f102r4,https://www.st.com/en/microcontrollers-microprocessors/stm32f102r4.html,2026-08-11T12:20:29+00:00,manufacturer_product_page,code_positions_parsed; descriptions_require_device_datasheet
st::stm32f102r6t6a,stmicroelectronics::stm32f102r6,STMicroelectronics,STM32,STM32F1,STM32F102,STM32F102R6,STM32F102R6T6A,T6A,T,6A,,,,tray_or_unspecified,unknown,st-product-page:stm32f102r6,https://www.st.com/en/microcontrollers-microprocessors/stm32f102r6.html,2026-08-11T12:20:29+00:00,manufacturer_product_page,code_positions_parsed; descriptions_require_device_datasheet
st::stm32f102r8t6,stmicroelectronics::stm32f102r8,STMicroelectronics,STM32,STM32F1,STM32F102,STM32F102R8,STM32F102R8T6,T6,T,6,,,,tray_or_unspecified,unknown,st-product-page:stm32f102r8,https://www.st.com/en/microcontrollers-microprocessors/stm32f102r8.html,2026-08-11T12:20:29+00:00,manufacturer_product_page,code_positions_parsed; descriptions_require_device_datasheet
st::stm32f102rbt6,stmicroelectronics::stm32f102rb,STMicroelectronics,STM32,STM32F1,STM32F102,STM32F102RB,STM32F102RBT6,T6,T,6,,,,tray_or_unspecified,unknown,st-product-page:stm32f102rb,https://www.st.com/en/microcontrollers-microprocessors/stm32f102rb.html,2026-08-11T12:20:29+00:00,manufacturer_product_page,code_positions_parsed; descriptions_require_device_datasheet
st::stm32f102rbt6tr,stmicroelectronics::stm32f102rb,STMicroelectronics,STM32,STM32F1,STM32F102,STM32F102RB,STM32F102RBT6TR,T6TR,T,6,TR,,,tape_and_reel,unknown,st-product-page:stm32f102rb,https://www.st.com/en/microcontrollers-microprocessors/stm32f102rb.html,2026-08-11T12:20:29+00:00,manufacturer_product_page,code_positions_parsed; descriptions_require_device_datasheet
st::stm32f103c4t6a,stmicroelectronics::stm32f103c4,STMicroelectronics,STM32,STM32F1,STM32F103,STM32F103C4,STM32F103C4T6A,T6A,T,6A,,,,tray_or_unspecified,unknown,st-product-page:stm32f103c4,https://www.st.com/en/microcontrollers-microprocessors/stm32f103c4.html,2026-08-11T12:20:29+00:00,manufacturer_product_page,code_positions_parsed; descriptions_require_device_datasheet
st::stm32f103c4t7a,stmicroelectronics::stm32f103c4,STMicroelectronics,STM32,STM32F1,STM32F103,STM32F103C4,STM32F103C4T7A,T7A,T,7A,,,,tray_or_unspecified,unknown,st-product-page:stm32f103c4,https://www.st.com/en/microcontrollers-microprocessors/stm32f103c4.html,2026-08-11T12:20:29+00:00,manufacturer_product_page,code_positions_parsed; descriptions_require_device_datasheet
st::stm32f103c6t6a,stmicroelectronics::stm32f103c6,STMicroelectronics,STM32,STM32F1,STM32F103,STM32F103C6,STM32F103C6T6A,T6A,T,6A,,,,tray_or_unspecified,unknown,st-product-page:stm32f103c6,https://www.st.com/en/microcontrollers-microprocessors/stm32f103c6.html,2026-08-11T12:20:29+00:00,manufacturer_product_page,code_positions_parsed; descriptions_require_device_datasheet
st::stm32f103c6t6atr,stmicroelectronics::stm32f103c6,STMicroelectronics,STM32,STM32F1,STM32F103,STM32F103C6,STM32F103C6T6ATR,T6ATR,T,6A,TR,,,tape_and_reel,unknown,st-product-page:stm32f103c6,https://www.st.com/en/microcontrollers-microprocessors/stm32f103c6.html,2026-08-11T12:20:29+00:00,manufacturer_product_page,code_positions_parsed; descriptions_require_device_datasheet
st::stm32f103c6t7a,stmicroelectronics::stm32f103c6,STMicroelectronics,STM32,STM32F1,STM32F103,STM32F103C6,STM32F103C6T7A,T7A,T,7A,,,,tray_or_unspecified,unknown,st-product-page:stm32f103c6,https://www.st.com/en/microcontrollers-microprocessors/stm32f103c6.html,2026-08-11T12:20:29+00:00,manufacturer_product_page,code_positions_parsed; descriptions_require_device_datasheet
st::stm32f103c6t7atr,stmicroelectronics::stm32f103c6,STMicroelectronics,STM32,STM32F1,STM32F103,STM32F103C6,STM32F103C6T7ATR,T7ATR,T,7A,TR,,,tape_and_reel,unknown,st-product-page:stm32f103c6,https://www.st.com/en/microcontrollers-microprocessors/stm32f103c6.html,2026-08-11T12:20:29+00:00,manufacturer_product_page,code_positions_parsed; descriptions_require_device_datasheet
st::stm32f103c6u6a,stmicroelectronics::stm32f103c6,STMicroelectronics,STM32,STM32F1,STM32F103,STM32F103C6,STM32F103C6U6A,U6A,U,6A,,,,tray_or_unspecified,unknown,st-product-page:stm32f103c6,https://www.st.com/en/microcontrollers-microprocessors/stm32f103c6.html,2026-08-11T12:20:29+00:00,manufacturer_product_page,code_positions_parsed; descriptions_require_device_datasheet
st::stm32f103c8t6,stmicroelectronics::stm32f103c8,STMicroelectronics,STM32,STM32F1,STM32F103,STM32F103C8,STM32F103C8T6,T6,T,6,,,,tray_or_unspecified,unknown,st-product-page:stm32f103c8,https://www.st.com/en/microcontrollers-microprocessors/stm32f103c8.html,2026-08-11T12:20:29+00:00,manufacturer_product_page,code_positions_parsed; descriptions_require_device_datasheet
st::stm32f103c8t6tr,stmicroelectronics::stm32f103c8,STMicroelectronics,STM32,STM32F1,STM32F103,STM32F103C8,STM32F103C8T6TR,T6TR,T,6,TR,,,tape_and_reel,unknown,st-product-page:stm32f103c8,https://www.st.com/en/microcontrollers-microprocessors/stm32f103c8.html,2026-08-11T12:20:29+00:00,manufacturer_product_page,code_positions_parsed; descriptions_require_device_datasheet
st::stm32f103c8t7,stmicroelectronics::stm32f103c8,STMicroelectronics,STM32,STM32F1,STM32F103,STM32F103C8,STM32F103C8T7,T7,T,7,,,,tray_or_unspecified,unknown,st-product-page:stm32f103c8,https://www.st.com/en/microcontrollers-microprocessors/stm32f103c8.html,2026-08-11T12:20:29+00:00,manufacturer_product_page,code_positions_parsed; descriptions_require_device_datasheet
st::stm32f103c8t7tr,stmicroelectronics::stm32f103c8,STMicroelectronics,STM32,STM32F1,STM32F103,STM32F103C8,STM32F103C8T7TR,T7TR,T,7,TR,,,tape_and_reel,unknown,st-product-page:stm32f103c8,https://www.st.com/en/microcontrollers-microprocessors/stm32f103c8.html,2026-08-11T12:20:29+00:00,manufacturer_product_page,code_positions_parsed; descriptions_require_device_datasheet
st::stm32f103cbt6,stmicroelectronics::stm32f103cb,STMicroelectronics,STM32,STM32F1,STM32F103,STM32F103CB,STM32F103CBT6,T6,T,6,,,,tray_or_unspecified,unknown,st-product-page:stm32f103cb,https://www.st.com/en/microcontrollers-microprocessors/stm32f103cb.html,2026-08-11T12:20:29+00:00,manufacturer_product_page,code_positions_parsed; descriptions_require_device_datasheet
st::stm32f103cbt6tr,stmicroelectronics::stm32f103cb,STMicroelectronics,STM32,STM32F1,STM32F103,STM32F103CB,STM32F103CBT6TR,T6TR,T,6,TR,,,tape_and_reel,unknown,st-product-page:stm32f103cb,https://www.st.com/en/microcontrollers-microprocessors/stm32f103cb.html,2026-08-11T12:20:29+00:00,manufacturer_product_page,code_positions_parsed; descriptions_require_device_datasheet
st::stm32f103cbt7,stmicroelectronics::stm32f103cb,STMicroelectronics,STM32,STM32F1,STM32F103,STM32F103CB,STM32F103CBT7,T7,T,7,,,,tray_or_unspecified,unknown,st-product-page:stm32f103cb,https://www.st.com/en/microcontrollers-microprocessors/stm32f103cb.html,2026-08-11T12:20:29+00:00,manufacturer_product_page,code_positions_parsed; descriptions_require_device_datasheet
st::stm32f103cbt7tr,stmicroelectronics::stm32f103cb,STMicroelectronics,STM32,STM32F1,STM32F103,STM32F103CB,STM32F103CBT7TR,T7TR,T,7,TR,,,tape_and_reel,unknown,st-product-page:stm32f103cb,https://www.st.com/en/microcontrollers-microprocessors/stm32f103cb.html,2026-08-11T12:20:29+00:00,manufacturer_product_page,code_positions_parsed; descriptions_require_device_datasheet
st::stm32f103cbu6,stmicroelectronics::stm32f103cb,STMicroelectronics,STM32,STM32F1,STM32F103,STM32F103CB,STM32F103CBU6,U6,U,6,,,,tray_or_unspecified,unknown,st-product-page:stm32f103cb,https://www.st.com/en/microcontrollers-microprocessors/stm32f103cb.html,2026-08-11T12:20:29+00:00,manufacturer_product_page,code_positions_parsed; descriptions_require_device_datasheet
st::stm32f103cbu6tr,stmicroelectronics::stm32f103cb,STMicroelectronics,STM32,STM32F1,STM32F103,STM32F103CB,STM32F103CBU6TR,U6TR,U,6,TR,,,tape_and_reel,unknown,st-product-page:stm32f103cb,https://www.st.com/en/microcontrollers-microprocessors/stm32f103cb.html,2026-08-11T12:20:29+00:00,manufacturer_product_page,code_positions_parsed; descriptions_require_device_datasheet
st::stm32f103r4h6a,stmicroelectronics::stm32f103r4,STMicroelectronics,STM32,STM32F1,STM32F103,STM32F103R4,STM32F103R4H6A,H6A,H,6A,,,,tray_or_unspecified,unknown,st-product-page:stm32f103r4,https://www.st.com/en/microcontrollers-microprocessors/stm32f103r4.html,2026-08-11T12:20:29+00:00,manufacturer_product_page,code_positions_parsed; descriptions_require_device_datasheet
st::stm32f103r4h7a,stmicroelectronics::stm32f103r4,STMicroelectronics,STM32,STM32F1,STM32F103,STM32F103R4,STM32F103R4H7A,H7A,H,7A,,,,tray_or_unspecified,unknown,st-product-page:stm32f103r4,https://www.st.com/en/microcontrollers-microprocessors/stm32f103r4.html,2026-08-11T12:20:29+00:00,manufacturer_product_page,code_positions_parsed; descriptions_require_device_datasheet
st::stm32f103r4t6a,stmicroelectronics::stm32f103r4,STMicroelectronics,STM32,STM32F1,STM32F103,STM32F103R4,STM32F103R4T6A,T6A,T,6A,,,,tray_or_unspecified,unknown,st-product-page:stm32f103r4,https://www.st.com/en/microcontrollers-microprocessors/stm32f103r4.html,2026-08-11T12:20:29+00:00,manufacturer_product_page,code_positions_parsed; descriptions_require_device_datasheet
st::stm32f103r6h6a,stmicroelectronics::stm32f103r6,STMicroelectronics,STM32,STM32F1,STM32F103,STM32F103R6,STM32F103R6H6A,H6A,H,6A,,,,tray_or_unspecified,unknown,st-product-page:stm32f103r6,https://www.st.com/en/microcontrollers-microprocessors/stm32f103r6.html,2026-08-11T12:20:29+00:00,manufacturer_product_page,code_positions_parsed; descriptions_require_device_datasheet
st::stm32f103r6t6a,stmicroelectronics::stm32f103r6,STMicroelectronics,STM32,STM32F1,STM32F103,STM32F103R6,STM32F103R6T6A,T6A,T,6A,,,,tray_or_unspecified,unknown,st-product-page:stm32f103r6,https://www.st.com/en/microcontrollers-microprocessors/stm32f103r6.html,2026-08-11T12:20:29+00:00,manufacturer_product_page,code_positions_parsed; descriptions_require_device_datasheet
st::stm32f103r6t6atr,stmicroelectronics::stm32f103r6,STMicroelectronics,STM32,STM32F1,STM32F103,STM32F103R6,STM32F103R6T6ATR,T6ATR,T,6A,TR,,,tape_and_reel,unknown,st-product-page:stm32f103r6,https://www.st.com/en/microcontrollers-microprocessors/stm32f103r6.html,2026-08-11T12:20:29+00:00,manufacturer_product_page,code_positions_parsed; descriptions_require_device_datasheet
st::stm32f103r6t7a,stmicroelectronics::stm32f103r6,STMicroelectronics,STM32,STM32F1,STM32F103,STM32F103R6,STM32F103R6T7A,T7A,T,7A,,,,tray_or_unspecified,unknown,st-product-page:stm32f103r6,https://www.st.com/en/microcontrollers-microprocessors/stm32f103r6.html,2026-08-11T12:20:29+00:00,manufacturer_product_page,code_positions_parsed; descriptions_require_device_datasheet
st::stm32f103r8h6,stmicroelectronics::stm32f103r8,STMicroelectronics,STM32,STM32F1,STM32F103,STM32F103R8,STM32F103R8H6,H6,H,6,,,,tray_or_unspecified,unknown,st-product-page:stm32f103r8,https://www.st.com/en/microcontrollers-microprocessors/stm32f103r8.html,2026-08-11T12:20:29+00:00,manufacturer_product_page,code_positions_parsed; descriptions_require_device_datasheet
st::stm32f103r8h6tr,stmicroelectronics::stm32f103r8,STMicroelectronics,STM32,STM32F1,STM32F103,STM32F103R8,STM32F103R8H6TR,H6TR,H,6,TR,,,tape_and_reel,unknown,st-product-page:stm32f103r8,https://www.st.com/en/microcontrollers-microprocessors/stm32f103r8.html,2026-08-11T12:20:29+00:00,manufacturer_product_page,code_positions_parsed; descriptions_require_device_datasheet
st::stm32f103r8h7,stmicroelectronics::stm32f103r8,STMicroelectronics,STM32,STM32F1,STM32F103,STM32F103R8,STM32F103R8H7,H7,H,7,,,,tray_or_unspecified,unknown,st-product-page:stm32f103r8,https://www.st.com/en/microcontrollers-microprocessors/stm32f103r8.html,2026-08-11T12:20:29+00:00,manufacturer_product_page,code_positions_parsed; descriptions_require_device_datasheet
st::stm32f103r8t6,stmicroelectronics::stm32f103r8,STMicroelectronics,STM32,STM32F1,STM32F103,STM32F103R8,STM32F103R8T6,T6,T,6,,,,tray_or_unspecified,unknown,st-product-page:stm32f103r8,https://www.st.com/en/microcontrollers-microprocessors/stm32f103r8.html,2026-08-11T12:20:29+00:00,manufacturer_product_page,code_positions_parsed; descriptions_require_device_datasheet
st::stm32f103r8t6tr,stmicroelectronics::stm32f103r8,STMicroelectronics,STM32,STM32F1,STM32F103,STM32F103R8,STM32F103R8T6TR,T6TR,T,6,TR,,,tape_and_reel,unknown,st-product-page:stm32f103r8,https://www.st.com/en/microcontrollers-microprocessors/stm32f103r8.html,2026-08-11T12:20:29+00:00,manufacturer_product_page,code_positions_parsed; descriptions_require_device_datasheet
st::stm32f103r8t7,stmicroelectronics::stm32f103r8,STMicroelectronics,STM32,STM32F1,STM32F103,STM32F103R8,STM32F103R8T7,T7,T,7,,,,tray_or_unspecified,unknown,st-product-page:stm32f103r8,https://www.st.com/en/microcontrollers-microprocessors/stm32f103r8.html,2026-08-11T12:20:29+00:00,manufacturer_product_page,code_positions_parsed; descriptions_require_device_datasheet
st::stm32f103r8t7tr,stmicroelectronics::stm32f103r8,STMicroelectronics,STM32,STM32F1,STM32F103,STM32F103R8,STM32F103R8T7TR,T7TR,T,7,TR,,,tape_and_reel,unknown,st-product-page:stm32f103r8,https://www.st.com/en/microcontrollers-microprocessors/stm32f103r8.html,2026-08-11T12:20:29+00:00,manufacturer_product_page,code_positions_parsed; descriptions_require_device_datasheet
st::stm32f103rbh6,stmicroelectronics::stm32f103rb,STMicroelectronics,STM32,STM32F1,STM32F103,STM32F103RB,STM32F103RBH6,H6,H,6,,,,tray_or_unspecified,unknown,st-product-page:stm32f103rb,https://www.st.com/en/microcontrollers-microprocessors/stm32f103rb.html,2026-08-11T12:20:29+00:00,manufacturer_product_page,code_positions_parsed; descriptions_require_device_datasheet
st::stm32f103rbh6r,stmicroelectronics::stm32f103rb,STMicroelectronics,STM32,STM32F1,STM32F103,STM32F103RB,STM32F103RBH6R,H6R,H,6R,,,,tray_or_unspecified,unknown,st-product-page:stm32f103rb,https://www.st.com/en/microcontrollers-microprocessors/stm32f103rb.html,2026-08-11T12:20:29+00:00,manufacturer_product_page,code_positions_parsed; descriptions_require_device_datasheet
st::stm32f103rbh6rtr,stmicroelectronics::stm32f103rb,STMicroelectronics,STM32,STM32F1,STM32F103,STM32F103RB,STM32F103RBH6RTR,H6RTR,H,6R,TR,,,tape_and_reel,unknown,st-product-page:stm32f103rb,https://www.st.com/en/microcontrollers-microprocessors/stm32f103rb.html,2026-08-11T12:20:29+00:00,manufacturer_product_page,code_positions_parsed; descriptions_require_device_datasheet
st::stm32f103rbh6tr,stmicroelectronics::stm32f103rb,STMicroelectronics,STM32,STM32F1,STM32F103,STM32F103RB,STM32F103RBH6TR,H6TR,H,6,TR,,,tape_and_reel,unknown,st-product-page:stm32f103rb,https://www.st.com/en/microcontrollers-microprocessors/stm32f103rb.html,2026-08-11T12:20:29+00:00,manufacturer_product_page,code_positions_parsed; descriptions_require_device_datasheet
st::stm32f103rbh7,stmicroelectronics::stm32f103rb,STMicroelectronics,STM32,STM32F1,STM32F103,STM32F103RB,STM32F103RBH7,H7,H,7,,,,tray_or_unspecified,unknown,st-product-page:stm32f103rb,https://www.st.com/en/microcontrollers-microprocessors/stm32f103rb.html,2026-08-11T12:20:29+00:00,manufacturer_product_page,code_positions_parsed; descriptions_require_device_datasheet
st::stm32f103rbt6,stmicroelectronics::stm32f103rb,STMicroelectronics,STM32,STM32F1,STM32F103,STM32F103RB,STM32F103RBT6,T6,T,6,,,,tray_or_unspecified,unknown,st-product-page:stm32f103rb,https://www.st.com/en/microcontrollers-microprocessors/stm32f103rb.html,2026-08-11T12:20:29+00:00,manufacturer_product_page,code_positions_parsed; descriptions_require_device_datasheet
st::stm32f103rbt6tr,stmicroelectronics::stm32f103rb,STMicroelectronics,STM32,STM32F1,STM32F103,STM32F103RB,STM32F103RBT6TR,T6TR,T,6,TR,,,tape_and_reel,unknown,st-product-page:stm32f103rb,https://www.st.com/en/microcontrollers-microprocessors/stm32f103rb.html,2026-08-11T12:20:29+00:00,manufacturer_product_page,code_positions_parsed; descriptions_require_device_datasheet
st::stm32f103rbt7,stmicroelectronics::stm32f103rb,STMicroelectronics,STM32,STM32F1,STM32F103,STM32F103RB,STM32F103RBT7,T7,T,7,,,,tray_or_unspecified,unknown,st-product-page:stm32f103rb,https://www.st.com/en/microcontrollers-microprocessors/stm32f103rb.html,2026-08-11T12:20:29+00:00,manufacturer_product_page,code_positions_parsed; descriptions_require_device_datasheet
st::stm32f103rbt7tr,stmicroelectronics::stm32f103rb,STMicroelectronics,STM32,STM32F1,STM32F103,STM32F103RB,STM32F103RBT7TR,T7TR,T,7,TR,,,tape_and_reel,unknown,st-product-page:stm32f103rb,https://www.st.com/en/microcontrollers-microprocessors/stm32f103rb.html,2026-08-11T12:20:29+00:00,manufacturer_product_page,code_positions_parsed; descriptions_require_device_datasheet
st::stm32f103rct6,stmicroelectronics::stm32f103rc,STMicroelectronics,STM32,STM32F1,STM32F103,STM32F103RC,STM32F103RCT6,T6,T,6,,,,tray_or_unspecified,unknown,st-product-page:stm32f103rc,https://www.st.com/en/microcontrollers-microprocessors/stm32f103rc.html,2026-08-11T12:20:29+00:00,manufacturer_product_page,code_positions_parsed; descriptions_require_device_datasheet
st::stm32f103rct6tr,stmicroelectronics::stm32f103rc,STMicroelectronics,STM32,STM32F1,STM32F103,STM32F103RC,STM32F103RCT6TR,T6TR,T,6,TR,,,tape_and_reel,unknown,st-product-page:stm32f103rc,https://www.st.com/en/microcontrollers-microprocessors/stm32f103rc.html,2026-08-11T12:20:29+00:00,manufacturer_product_page,code_positions_parsed; descriptions_require_device_datasheet
st::stm32f103rct7,stmicroelectronics::stm32f103rc,STMicroelectronics,STM32,STM32F1,STM32F103,STM32F103RC,STM32F103RCT7,T7,T,7,,,,tray_or_unspecified,unknown,st-product-page:stm32f103rc,https://www.st.com/en/microcontrollers-microprocessors/stm32f103rc.html,2026-08-11T12:20:29+00:00,manufacturer_product_page,code_positions_parsed; descriptions_require_device_datasheet
st::stm32f103rct7tr,stmicroelectronics::stm32f103rc,STMicroelectronics,STM32,STM32F1,STM32F103,STM32F103RC,STM32F103RCT7TR,T7TR,T,7,TR,,,tape_and_reel,unknown,st-product-page:stm32f103rc,https://www.st.com/en/microcontrollers-microprocessors/stm32f103rc.html,2026-08-11T12:20:29+00:00,manufacturer_product_page,code_positions_parsed; descriptions_require_device_datasheet
st::stm32f103rcy6tr,stmicroelectronics::stm32f103rc,STMicroelectronics,STM32,STM32F1,STM32F103,STM32F103RC,STM32F103RCY6TR,Y6TR,Y,6,TR,,,tape_and_reel,unknown,st-product-page:stm32f103rc,https://www.st.com/en/microcontrollers-microprocessors/stm32f103rc.html,2026-08-11T12:20:29+00:00,manufacturer_product_page,code_positions_parsed; descriptions_require_device_datasheet
st::stm32f103rdt6,stmicroelectronics::stm32f103rd,STMicroelectronics,STM32,STM32F1,STM32F103,STM32F103RD,STM32F103RDT6,T6,T,6,,,,tray_or_unspecified,unknown,st-product-page:stm32f103rd,https://www.st.com/en/microcontrollers-microprocessors/stm32f103rd.html,2026-08-11T12:20:29+00:00,manufacturer_product_page,code_positions_parsed; descriptions_require_device_datasheet
st::stm32f103rdt6tr,stmicroelectronics::stm32f103rd,STMicroelectronics,STM32,STM32F1,STM32F103,STM32F103RD,STM32F103RDT6TR,T6TR,T,6,TR,,,tape_and_reel,unknown,st-product-page:stm32f103rd,https://www.st.com/en/microcontrollers-microprocessors/stm32f103rd.html,2026-08-11T12:20:29+00:00,manufacturer_product_page,code_positions_parsed; descriptions_require_device_datasheet
st::stm32f103rdy6tr,stmicroelectronics::stm32f103rd,STMicroelectronics,STM32,STM32F1,STM32F103,STM32F103RD,STM32F103RDY6TR,Y6TR,Y,6,TR,,,tape_and_reel,unknown,st-product-page:stm32f103rd,https://www.st.com/en/microcontrollers-microprocessors/stm32f103rd.html,2026-08-11T12:20:29+00:00,manufacturer_product_page,code_positions_parsed; descriptions_require_device_datasheet
st::stm32f103ret6,stmicroelectronics::stm32f103re,STMicroelectronics,STM32,STM32F1,STM32F103,STM32F103RE,STM32F103RET6,T6,T,6,,,,tray_or_unspecified,unknown,st-product-page:stm32f103re,https://www.st.com/en/microcontrollers-microprocessors/stm32f103re.html,2026-08-11T12:20:29+00:00,manufacturer_product_page,code_positions_parsed; descriptions_require_device_datasheet
st::stm32f103ret6tr,stmicroelectronics::stm32f103re,STMicroelectronics,STM32,STM32F1,STM32F103,STM32F103RE,STM32F103RET6TR,T6TR,T,6,TR,,,tape_and_reel,unknown,st-product-page:stm32f103re,https://www.st.com/en/microcontrollers-microprocessors/stm32f103re.html,2026-08-11T12:20:29+00:00,manufacturer_product_page,code_positions_parsed; descriptions_require_device_datasheet
st::stm32f103ret7,stmicroelectronics::stm32f103re,STMicroelectronics,STM32,STM32F1,STM32F103,STM32F103RE,STM32F103RET7,T7,T,7,,,,tray_or_unspecified,unknown,st-product-page:stm32f103re,https://www.st.com/en/microcontrollers-microprocessors/stm32f103re.html,2026-08-11T12:20:29+00:00,manufacturer_product_page,code_positions_parsed; descriptions_require_device_datasheet
st::stm32f103rey6tr,stmicroelectronics::stm32f103re,STMicroelectronics,STM32,STM32F1,STM32F103,STM32F103RE,STM32F103REY6TR,Y6TR,Y,6,TR,,,tape_and_reel,unknown,st-product-page:stm32f103re,https://www.st.com/en/microcontrollers-microprocessors/stm32f103re.html,2026-08-11T12:20:29+00:00,manufacturer_product_page,code_positions_parsed; descriptions_require_device_datasheet
st::stm32f103rft6,stmicroelectronics::stm32f103rf,STMicroelectronics,STM32,STM32F1,STM32F103,STM32F103RF,STM32F103RFT6,T6,T,6,,,,tray_or_unspecified,unknown,st-product-page:stm32f103rf,https://www.st.com/en/microcontrollers-microprocessors/stm32f103rf.html,2026-08-11T12:20:29+00:00,manufacturer_product_page,code_positions_parsed; descriptions_require_device_datasheet
st::stm32f103rft6tr,stmicroelectronics::stm32f103rf,STMicroelectronics,STM32,STM32F1,STM32F103,STM32F103RF,STM32F103RFT6TR,T6TR,T,6,TR,,,tape_and_reel,unknown,st-product-page:stm32f103rf,https://www.st.com/en/microcontrollers-microprocessors/stm32f103rf.html,2026-08-11T12:20:29+00:00,manufacturer_product_page,code_positions_parsed; descriptions_require_device_datasheet
st::stm32f103rft7,stmicroelectronics::stm32f103rf,STMicroelectronics,STM32,STM32F1,STM32F103,STM32F103RF,STM32F103RFT7,T7,T,7,,,,tray_or_unspecified,unknown,st-product-page:stm32f103rf,https://www.st.com/en/microcontrollers-microprocessors/stm32f103rf.html,2026-08-11T12:20:29+00:00,manufacturer_product_page,code_positions_parsed; descriptions_require_device_datasheet
st::stm32f103rgt6,stmicroelectronics::stm32f103rg,STMicroelectronics,STM32,STM32F1,STM32F103,STM32F103RG,STM32F103RGT6,T6,T,6,,,,tray_or_unspecified,unknown,st-product-page:stm32f103rg,https://www.st.com/en/microcontrollers-microprocessors/stm32f103rg.html,2026-08-11T12:20:29+00:00,manufacturer_product_page,code_positions_parsed; descriptions_require_device_datasheet
st::stm32f103rgt6tr,stmicroelectronics::stm32f103rg,STMicroelectronics,STM32,STM32F1,STM32F103,STM32F103RG,STM32F103RGT6TR,T6TR,T,6,TR,,,tape_and_reel,unknown,st-product-page:stm32f103rg,https://www.st.com/en/microcontrollers-microprocessors/stm32f103rg.html,2026-08-11T12:20:29+00:00,manufacturer_product_page,code_positions_parsed; descriptions_require_device_datasheet
st::stm32f103rgt7,stmicroelectronics::stm32f103rg,STMicroelectronics,STM32,STM32F1,STM32F103,STM32F103RG,STM32F103RGT7,T7,T,7,,,,tray_or_unspecified,unknown,st-product-page:stm32f103rg,https://www.st.com/en/microcontrollers-microprocessors/stm32f103rg.html,2026-08-11T12:20:29+00:00,manufacturer_product_page,code_positions_parsed; descriptions_require_device_datasheet
st::stm32f103t4u6a,stmicroelectronics::stm32f103t4,STMicroelectronics,STM32,STM32F1,STM32F103,STM32F103T4,STM32F103T4U6A,U6A,U,6A,,,,tray_or_unspecified,unknown,st-product-page:stm32f103t4,https://www.st.com/en/microcontrollers-microprocessors/stm32f103t4.html,2026-08-11T12:20:29+00:00,manufacturer_product_page,code_positions_parsed; descriptions_require_device_datasheet
st::stm32f103t4u7a,stmicroelectronics::stm32f103t4,STMicroelectronics,STM32,STM32F1,STM32F103,STM32F103T4,STM32F103T4U7A,U7A,U,7A,,,,tray_or_unspecified,unknown,st-product-page:stm32f103t4,https://www.st.com/en/microcontrollers-microprocessors/stm32f103t4.html,2026-08-11T12:20:29+00:00,manufacturer_product_page,code_positions_parsed; descriptions_require_device_datasheet
st::stm32f103t6u6a,stmicroelectronics::stm32f103t6,STMicroelectronics,STM32,STM32F1,STM32F103,STM32F103T6,STM32F103T6U6A,U6A,U,6A,,,,tray_or_unspecified,unknown,st-product-page:stm32f103t6,https://www.st.com/en/microcontrollers-microprocessors/stm32f103t6.html,2026-08-11T12:20:29+00:00,manufacturer_product_page,code_positions_parsed; descriptions_require_device_datasheet
st::stm32f103t6u7a,stmicroelectronics::stm32f103t6,STMicroelectronics,STM32,STM32F1,STM32F103,STM32F103T6,STM32F103T6U7A,U7A,U,7A,,,,tray_or_unspecified,unknown,st-product-page:stm32f103t6,https://www.st.com/en/microcontrollers-microprocessors/stm32f103t6.html,2026-08-11T12:20:29+00:00,manufacturer_product_page,code_positions_parsed; descriptions_require_device_datasheet
st::stm32f103t8u6,stmicroelectronics::stm32f103t8,STMicroelectronics,STM32,STM32F1,STM32F103,STM32F103T8,STM32F103T8U6,U6,U,6,,,,tray_or_unspecified,unknown,st-product-page:stm32f103t8,https://www.st.com/en/microcontrollers-microprocessors/stm32f103t8.html,2026-08-11T12:20:29+00:00,manufacturer_product_page,code_positions_parsed; descriptions_require_device_datasheet
st::stm32f103t8u6tr,stmicroelectronics::stm32f103t8,STMicroelectronics,STM32,STM32F1,STM32F103,STM32F103T8,STM32F103T8U6TR,U6TR,U,6,TR,,,tape_and_reel,unknown,st-product-page:stm32f103t8,https://www.st.com/en/microcontrollers-microprocessors/stm32f103t8.html,2026-08-11T12:20:29+00:00,manufacturer_product_page,code_positions_parsed; descriptions_require_device_datasheet
st::stm32f103t8u7,stmicroelectronics::stm32f103t8,STMicroelectronics,STM32,STM32F1,STM32F103,STM32F103T8,STM32F103T8U7,U7,U,7,,,,tray_or_unspecified,unknown,st-product-page:stm32f103t8,https://www.st.com/en/microcontrollers-microprocessors/stm32f103t8.html,2026-08-11T12:20:29+00:00,manufacturer_product_page,code_positions_parsed; descriptions_require_device_datasheet
st::stm32f103t8u7tr,stmicroelectronics::stm32f103t8,STMicroelectronics,STM32,STM32F1,STM32F103,STM32F103T8,STM32F103T8U7TR,U7TR,U,7,TR,,,tape_and_reel,unknown,st-product-page:stm32f103t8,https://www.st.com/en/microcontrollers-microprocessors/stm32f103t8.html,2026-08-11T12:20:29+00:00,manufacturer_product_page,code_positions_parsed; descriptions_require_device_datasheet
st::stm32f103tbu6,stmicroelectronics::stm32f103tb,STMicroelectronics,STM32,STM32F1,STM32F103,STM32F103TB,STM32F103TBU6,U6,U,6,,,,tray_or_unspecified,unknown,st-product-page:stm32f103tb,https://www.st.com/en/microcontrollers-microprocessors/stm32f103tb.html,2026-08-11T12:20:29+00:00,manufacturer_product_page,code_positions_parsed; descriptions_require_device_datasheet
st::stm32f103tbu6tr,stmicroelectronics::stm32f103tb,STMicroelectronics,STM32,STM32F1,STM32F103,STM32F103TB,STM32F103TBU6TR,U6TR,U,6,TR,,,tape_and_reel,unknown,st-product-page:stm32f103tb,https://www.st.com/en/microcontrollers-microprocessors/stm32f103tb.html,2026-08-11T12:20:29+00:00,manufacturer_product_page,code_positions_parsed; descriptions_require_device_datasheet
st::stm32f103tbu7,stmicroelectronics::stm32f103tb,STMicroelectronics,STM32,STM32F1,STM32F103,STM32F103TB,STM32F103TBU7,U7,U,7,,,,tray_or_unspecified,unknown,st-product-page:stm32f103tb,https://www.st.com/en/microcontrollers-microprocessors/stm32f103tb.html,2026-08-11T12:20:29+00:00,manufacturer_product_page,code_positions_parsed; descriptions_require_device_datasheet
st::stm32f103v8h6,stmicroelectronics::stm32f103v8,STMicroelectronics,STM32,STM32F1,STM32F103,STM32F103V8,STM32F103V8H6,H6,H,6,,,,tray_or_unspecified,unknown,st-product-page:stm32f103v8,https://www.st.com/en/microcontrollers-microprocessors/stm32f103v8.html,2026-08-11T12:20:29+00:00,manufacturer_product_page,code_positions_parsed; descriptions_require_device_datasheet
st::stm32f103v8h6tr,stmicroelectronics::stm32f103v8,STMicroelectronics,STM32,STM32F1,STM32F103,STM32F103V8,STM32F103V8H6TR,H6TR,H,6,TR,,,tape_and_reel,unknown,st-product-page:stm32f103v8,https://www.st.com/en/microcontrollers-microprocessors/stm32f103v8.html,2026-08-11T12:20:29+00:00,manufacturer_product_page,code_positions_parsed; descriptions_require_device_datasheet
st::stm32f103v8t6,stmicroelectronics::stm32f103v8,STMicroelectronics,STM32,STM32F1,STM32F103,STM32F103V8,STM32F103V8T6,T6,T,6,,,,tray_or_unspecified,unknown,st-product-page:stm32f103v8,https://www.st.com/en/microcontrollers-microprocessors/stm32f103v8.html,2026-08-11T12:20:29+00:00,manufacturer_product_page,code_positions_parsed; descriptions_require_device_datasheet
st::stm32f103v8t6tr,stmicroelectronics::stm32f103v8,STMicroelectronics,STM32,STM32F1,STM32F103,STM32F103V8,STM32F103V8T6TR,T6TR,T,6,TR,,,tape_and_reel,unknown,st-product-page:stm32f103v8,https://www.st.com/en/microcontrollers-microprocessors/stm32f103v8.html,2026-08-11T12:20:29+00:00,manufacturer_product_page,code_positions_parsed; descriptions_require_device_datasheet
st::stm32f103vbh6,stmicroelectronics::stm32f103vb,STMicroelectronics,STM32,STM32F1,STM32F103,STM32F103VB,STM32F103VBH6,H6,H,6,,,,tray_or_unspecified,unknown,st-product-page:stm32f103vb,https://www.st.com/en/microcontrollers-microprocessors/stm32f103vb.html,2026-08-11T12:20:29+00:00,manufacturer_product_page,code_positions_parsed; descriptions_require_device_datasheet
st::stm32f103vbh7,stmicroelectronics::stm32f103vb,STMicroelectronics,STM32,STM32F1,STM32F103,STM32F103VB,STM32F103VBH7,H7,H,7,,,,tray_or_unspecified,unknown,st-product-page:stm32f103vb,https://www.st.com/en/microcontrollers-microprocessors/stm32f103vb.html,2026-08-11T12:20:29+00:00,manufacturer_product_page,code_positions_parsed; descriptions_require_device_datasheet
st::stm32f103vbi6,stmicroelectronics::stm32f103vb,STMicroelectronics,STM32,STM32F1,STM32F103,STM32F103VB,STM32F103VBI6,I6,I,6,,,,tray_or_unspecified,unknown,st-product-page:stm32f103vb,https://www.st.com/en/microcontrollers-microprocessors/stm32f103vb.html,2026-08-11T12:20:29+00:00,manufacturer_product_page,code_positions_parsed; descriptions_require_device_datasheet
st::stm32f103vbi6tr,stmicroelectronics::stm32f103vb,STMicroelectronics,STM32,STM32F1,STM32F103,STM32F103VB,STM32F103VBI6TR,I6TR,I,6,TR,,,tape_and_reel,unknown,st-product-page:stm32f103vb,https://www.st.com/en/microcontrollers-microprocessors/stm32f103vb.html,2026-08-11T12:20:29+00:00,manufacturer_product_page,code_positions_parsed; descriptions_require_device_datasheet
st::stm32f103vbt6,stmicroelectronics::stm32f103vb,STMicroelectronics,STM32,STM32F1,STM32F103,STM32F103VB,STM32F103VBT6,T6,T,6,,,,tray_or_unspecified,unknown,st-product-page:stm32f103vb,https://www.st.com/en/microcontrollers-microprocessors/stm32f103vb.html,2026-08-11T12:20:29+00:00,manufacturer_product_page,code_positions_parsed; descriptions_require_device_datasheet
st::stm32f103vbt6tr,stmicroelectronics::stm32f103vb,STMicroelectronics,STM32,STM32F1,STM32F103,STM32F103VB,STM32F103VBT6TR,T6TR,T,6,TR,,,tape_and_reel,unknown,st-product-page:stm32f103vb,https://www.st.com/en/microcontrollers-microprocessors/stm32f103vb.html,2026-08-11T12:20:29+00:00,manufacturer_product_page,code_positions_parsed; descriptions_require_device_datasheet
st::stm32f103vbt7,stmicroelectronics::stm32f103vb,STMicroelectronics,STM32,STM32F1,STM32F103,STM32F103VB,STM32F103VBT7,T7,T,7,,,,tray_or_unspecified,unknown,st-product-page:stm32f103vb,https://www.st.com/en/microcontrollers-microprocessors/stm32f103vb.html,2026-08-11T12:20:29+00:00,manufacturer_product_page,code_positions_parsed; descriptions_require_device_datasheet
st::stm32f103vbt7tr,stmicroelectronics::stm32f103vb,STMicroelectronics,STM32,STM32F1,STM32F103,STM32F103VB,STM32F103VBT7TR,T7TR,T,7,TR,,,tape_and_reel,unknown,st-product-page:stm32f103vb,https://www.st.com/en/microcontrollers-microprocessors/stm32f103vb.html,2026-08-11T12:20:29+00:00,manufacturer_product_page,code_positions_parsed; descriptions_require_device_datasheet
st::stm32f103vch6,stmicroelectronics::stm32f103vc,STMicroelectronics,STM32,STM32F1,STM32F103,STM32F103VC,STM32F103VCH6,H6,H,6,,,,tray_or_unspecified,unknown,st-product-page:stm32f103vc,https://www.st.com/en/microcontrollers-microprocessors/stm32f103vc.html,2026-08-11T12:20:29+00:00,manufacturer_product_page,code_positions_parsed; descriptions_require_device_datasheet
st::stm32f103vch7,stmicroelectronics::stm32f103vc,STMicroelectronics,STM32,STM32F1,STM32F103,STM32F103VC,STM32F103VCH7,H7,H,7,,,,tray_or_unspecified,unknown,st-product-page:stm32f103vc,https://www.st.com/en/microcontrollers-microprocessors/stm32f103vc.html,2026-08-11T12:20:29+00:00,manufacturer_product_page,code_positions_parsed; descriptions_require_device_datasheet
st::stm32f103vct6,stmicroelectronics::stm32f103vc,STMicroelectronics,STM32,STM32F1,STM32F103,STM32F103VC,STM32F103VCT6,T6,T,6,,,,tray_or_unspecified,unknown,st-product-page:stm32f103vc,https://www.st.com/en/microcontrollers-microprocessors/stm32f103vc.html,2026-08-11T12:20:29+00:00,manufacturer_product_page,code_positions_parsed; descriptions_require_device_datasheet
st::stm32f103vct6tr,stmicroelectronics::stm32f103vc,STMicroelectronics,STM32,STM32F1,STM32F103,STM32F103VC,STM32F103VCT6TR,T6TR,T,6,TR,,,tape_and_reel,unknown,st-product-page:stm32f103vc,https://www.st.com/en/microcontrollers-microprocessors/stm32f103vc.html,2026-08-11T12:20:29+00:00,manufacturer_product_page,code_positions_parsed; descriptions_require_device_datasheet
st::stm32f103vct7,stmicroelectronics::stm32f103vc,STMicroelectronics,STM32,STM32F1,STM32F103,STM32F103VC,STM32F103VCT7,T7,T,7,,,,tray_or_unspecified,unknown,st-product-page:stm32f103vc,https://www.st.com/en/microcontrollers-microprocessors/stm32f103vc.html,2026-08-11T12:20:29+00:00,manufacturer_product_page,code_positions_parsed; descriptions_require_device_datasheet
st::stm32f103vdh6,stmicroelectronics::stm32f103vd,STMicroelectronics,STM32,STM32F1,STM32F103,STM32F103VD,STM32F103VDH6,H6,H,6,,,,tray_or_unspecified,unknown,st-product-page:stm32f103vd,https://www.st.com/en/microcontrollers-microprocessors/stm32f103vd.html,2026-08-11T12:20:29+00:00,manufacturer_product_page,code_positions_parsed; descriptions_require_device_datasheet
st::stm32f103vdh6tr,stmicroelectronics::stm32f103vd,STMicroelectronics,STM32,STM32F1,STM32F103,STM32F103VD,STM32F103VDH6TR,H6TR,H,6,TR,,,tape_and_reel,unknown,st-product-page:stm32f103vd,https://www.st.com/en/microcontrollers-microprocessors/stm32f103vd.html,2026-08-11T12:20:29+00:00,manufacturer_product_page,code_positions_parsed; descriptions_require_device_datasheet
st::stm32f103vdt6,stmicroelectronics::stm32f103vd,STMicroelectronics,STM32,STM32F1,STM32F103,STM32F103VD,STM32F103VDT6,T6,T,6,,,,tray_or_unspecified,unknown,st-product-page:stm32f103vd,https://www.st.com/en/microcontrollers-microprocessors/stm32f103vd.html,2026-08-11T12:20:29+00:00,manufacturer_product_page,code_positions_parsed; descriptions_require_device_datasheet
st::stm32f103vdt6tr,stmicroelectronics::stm32f103vd,STMicroelectronics,STM32,STM32F1,STM32F103,STM32F103VD,STM32F103VDT6TR,T6TR,T,6,TR,,,tape_and_reel,unknown,st-product-page:stm32f103vd,https://www.st.com/en/microcontrollers-microprocessors/stm32f103vd.html,2026-08-11T12:20:29+00:00,manufacturer_product_page,code_positions_parsed; descriptions_require_device_datasheet
st::stm32f103vdt7,stmicroelectronics::stm32f103vd,STMicroelectronics,STM32,STM32F1,STM32F103,STM32F103VD,STM32F103VDT7,T7,T,7,,,,tray_or_unspecified,unknown,st-product-page:stm32f103vd,https://www.st.com/en/microcontrollers-microprocessors/stm32f103vd.html,2026-08-11T12:20:29+00:00,manufacturer_product_page,code_positions_parsed; descriptions_require_device_datasheet
st::stm32f103vdt7tr,stmicroelectronics::stm32f103vd,STMicroelectronics,STM32,STM32F1,STM32F103,STM32F103VD,STM32F103VDT7TR,T7TR,T,7,TR,,,tape_and_reel,unknown,st-product-page:stm32f103vd,https://www.st.com/en/microcontrollers-microprocessors/stm32f103vd.html,2026-08-11T12:20:29+00:00,manufacturer_product_page,code_positions_parsed; descriptions_require_device_datasheet
st::stm32f103veh6,stmicroelectronics::stm32f103ve,STMicroelectronics,STM32,STM32F1,STM32F103,STM32F103VE,STM32F103VEH6,H6,H,6,,,,tray_or_unspecified,unknown,st-product-page:stm32f103ve,https://www.st.com/en/microcontrollers-microprocessors/stm32f103ve.html,2026-08-11T12:20:29+00:00,manufacturer_product_page,code_positions_parsed; descriptions_require_device_datasheet
st::stm32f103veh6tr,stmicroelectronics::stm32f103ve,STMicroelectronics,STM32,STM32F1,STM32F103,STM32F103VE,STM32F103VEH6TR,H6TR,H,6,TR,,,tape_and_reel,unknown,st-product-page:stm32f103ve,https://www.st.com/en/microcontrollers-microprocessors/stm32f103ve.html,2026-08-11T12:20:29+00:00,manufacturer_product_page,code_positions_parsed; descriptions_require_device_datasheet
st::stm32f103veh7,stmicroelectronics::stm32f103ve,STMicroelectronics,STM32,STM32F1,STM32F103,STM32F103VE,STM32F103VEH7,H7,H,7,,,,tray_or_unspecified,unknown,st-product-page:stm32f103ve,https://www.st.com/en/microcontrollers-microprocessors/stm32f103ve.html,2026-08-11T12:20:29+00:00,manufacturer_product_page,code_positions_parsed; descriptions_require_device_datasheet
st::stm32f103vet6,stmicroelectronics::stm32f103ve,STMicroelectronics,STM32,STM32F1,STM32F103,STM32F103VE,STM32F103VET6,T6,T,6,,,,tray_or_unspecified,unknown,st-product-page:stm32f103ve,https://www.st.com/en/microcontrollers-microprocessors/stm32f103ve.html,2026-08-11T12:20:29+00:00,manufacturer_product_page,code_positions_parsed; descriptions_require_device_datasheet
st::stm32f103vet6tr,stmicroelectronics::stm32f103ve,STMicroelectronics,STM32,STM32F1,STM32F103,STM32F103VE,STM32F103VET6TR,T6TR,T,6,TR,,,tape_and_reel,unknown,st-product-page:stm32f103ve,https://www.st.com/en/microcontrollers-microprocessors/stm32f103ve.html,2026-08-11T12:20:29+00:00,manufacturer_product_page,code_positions_parsed; descriptions_require_device_datasheet
st::stm32f103vet7,stmicroelectronics::stm32f103ve,STMicroelectronics,STM32,STM32F1,STM32F103,STM32F103VE,STM32F103VET7,T7,T,7,,,,tray_or_unspecified,unknown,st-product-page:stm32f103ve,https://www.st.com/en/microcontrollers-microprocessors/stm32f103ve.html,2026-08-11T12:20:29+00:00,manufacturer_product_page,code_positions_parsed; descriptions_require_device_datasheet
st::stm32f103vet7tr,stmicroelectronics::stm32f103ve,STMicroelectronics,STM32,STM32F1,STM32F103,STM32F103VE,STM32F103VET7TR,T7TR,T,7,TR,,,tape_and_reel,unknown,st-product-page:stm32f103ve,https://www.st.com/en/microcontrollers-microprocessors/stm32f103ve.html,2026-08-11T12:20:29+00:00,manufacturer_product_page,code_positions_parsed; descriptions_require_device_datasheet
st::stm32f103vft6,stmicroelectronics::stm32f103vf,STMicroelectronics,STM32,STM32F1,STM32F103,STM32F103VF,STM32F103VFT6,T6,T,6,,,,tray_or_unspecified,unknown,st-product-page:stm32f103vf,https://www.st.com/en/microcontrollers-microprocessors/stm32f103vf.html,2026-08-11T12:20:29+00:00,manufacturer_product_page,code_positions_parsed; descriptions_require_device_datasheet
st::stm32f103vft6tr,stmicroelectronics::stm32f103vf,STMicroelectronics,STM32,STM32F1,STM32F103,STM32F103VF,STM32F103VFT6TR,T6TR,T,6,TR,,,tape_and_reel,unknown,st-product-page:stm32f103vf,https://www.st.com/en/microcontrollers-microprocessors/stm32f103vf.html,2026-08-11T12:20:29+00:00,manufacturer_product_page,code_positions_parsed; descriptions_require_device_datasheet
st::stm32f103vft7,stmicroelectronics::stm32f103vf,STMicroelectronics,STM32,STM32F1,STM32F103,STM32F103VF,STM32F103VFT7,T7,T,7,,,,tray_or_unspecified,unknown,st-product-page:stm32f103vf,https://www.st.com/en/microcontrollers-microprocessors/stm32f103vf.html,2026-08-11T12:20:29+00:00,manufacturer_product_page,code_positions_parsed; descriptions_require_device_datasheet
st::stm32f103vgt6,stmicroelectronics::stm32f103vg,STMicroelectronics,STM32,STM32F1,STM32F103,STM32F103VG,STM32F103VGT6,T6,T,6,,,,tray_or_unspecified,unknown,st-product-page:stm32f103vg,https://www.st.com/en/microcontrollers-microprocessors/stm32f103vg.html,2026-08-11T12:20:29+00:00,manufacturer_product_page,code_positions_parsed; descriptions_require_device_datasheet
st::stm32f103vgt6tr,stmicroelectronics::stm32f103vg,STMicroelectronics,STM32,STM32F1,STM32F103,STM32F103VG,STM32F103VGT6TR,T6TR,T,6,TR,,,tape_and_reel,unknown,st-product-page:stm32f103vg,https://www.st.com/en/microcontrollers-microprocessors/stm32f103vg.html,2026-08-11T12:20:29+00:00,manufacturer_product_page,code_positions_parsed; descriptions_require_device_datasheet
st::stm32f103vgt7,stmicroelectronics::stm32f103vg,STMicroelectronics,STM32,STM32F1,STM32F103,STM32F103VG,STM32F103VGT7,T7,T,7,,,,tray_or_unspecified,unknown,st-product-page:stm32f103vg,https://www.st.com/en/microcontrollers-microprocessors/stm32f103vg.html,2026-08-11T12:20:29+00:00,manufacturer_product_page,code_positions_parsed; descriptions_require_device_datasheet
st::stm32f103vgt7tr,stmicroelectronics::stm32f103vg,STMicroelectronics,STM32,STM32F1,STM32F103,STM32F103VG,STM32F103VGT7TR,T7TR,T,7,TR,,,tape_and_reel,unknown,st-product-page:stm32f103vg,https://www.st.com/en/microcontrollers-microprocessors/stm32f103vg.html,2026-08-11T12:20:29+00:00,manufacturer_product_page,code_positions_parsed; descriptions_require_device_datasheet
st::stm32f103zch6,stmicroelectronics::stm32f103zc,STMicroelectronics,STM32,STM32F1,STM32F103,STM32F103ZC,STM32F103ZCH6,H6,H,6,,,,tray_or_unspecified,unknown,st-product-page:stm32f103zc,https://www.st.com/en/microcontrollers-microprocessors/stm32f103zc.html,2026-08-11T12:20:29+00:00,manufacturer_product_page,code_positions_parsed; descriptions_require_device_datasheet
st::stm32f103zct6,stmicroelectronics::stm32f103zc,STMicroelectronics,STM32,STM32F1,STM32F103,STM32F103ZC,STM32F103ZCT6,T6,T,6,,,,tray_or_unspecified,unknown,st-product-page:stm32f103zc,https://www.st.com/en/microcontrollers-microprocessors/stm32f103zc.html,2026-08-11T12:20:29+00:00,manufacturer_product_page,code_positions_parsed; descriptions_require_device_datasheet
st::stm32f103zct6tr,stmicroelectronics::stm32f103zc,STMicroelectronics,STM32,STM32F1,STM32F103,STM32F103ZC,STM32F103ZCT6TR,T6TR,T,6,TR,,,tape_and_reel,unknown,st-product-page:stm32f103zc,https://www.st.com/en/microcontrollers-microprocessors/stm32f103zc.html,2026-08-11T12:20:29+00:00,manufacturer_product_page,code_positions_parsed; descriptions_require_device_datasheet
st::stm32f103zct7,stmicroelectronics::stm32f103zc,STMicroelectronics,STM32,STM32F1,STM32F103,STM32F103ZC,STM32F103ZCT7,T7,T,7,,,,tray_or_unspecified,unknown,st-product-page:stm32f103zc,https://www.st.com/en/microcontrollers-microprocessors/stm32f103zc.html,2026-08-11T12:20:29+00:00,manufacturer_product_page,code_positions_parsed; descriptions_require_device_datasheet
st::stm32f103zct7tr,stmicroelectronics::stm32f103zc,STMicroelectronics,STM32,STM32F1,STM32F103,STM32F103ZC,STM32F103ZCT7TR,T7TR,T,7,TR,,,tape_and_reel,unknown,st-product-page:stm32f103zc,https://www.st.com/en/microcontrollers-microprocessors/stm32f103zc.html,2026-08-11T12:20:29+00:00,manufacturer_product_page,code_positions_parsed; descriptions_require_device_datasheet
st::stm32f103zdh6,stmicroelectronics::stm32f103zd,STMicroelectronics,STM32,STM32F1,STM32F103,STM32F103ZD,STM32F103ZDH6,H6,H,6,,,,tray_or_unspecified,unknown,st-product-page:stm32f103zd,https://www.st.com/en/microcontrollers-microprocessors/stm32f103zd.html,2026-08-11T12:20:29+00:00,manufacturer_product_page,code_positions_parsed; descriptions_require_device_datasheet
st::stm32f103zdh6tr,stmicroelectronics::stm32f103zd,STMicroelectronics,STM32,STM32F1,STM32F103,STM32F103ZD,STM32F103ZDH6TR,H6TR,H,6,TR,,,tape_and_reel,unknown,st-product-page:stm32f103zd,https://www.st.com/en/microcontrollers-microprocessors/stm32f103zd.html,2026-08-11T12:20:29+00:00,manufacturer_product_page,code_positions_parsed; descriptions_require_device_datasheet
st::stm32f103zdh7,stmicroelectronics::stm32f103zd,STMicroelectronics,STM32,STM32F1,STM32F103,STM32F103ZD,STM32F103ZDH7,H7,H,7,,,,tray_or_unspecified,unknown,st-product-page:stm32f103zd,https://www.st.com/en/microcontrollers-microprocessors/stm32f103zd.html,2026-08-11T12:20:29+00:00,manufacturer_product_page,code_positions_parsed; descriptions_require_device_datasheet
st::stm32f103zdt6,stmicroelectronics::stm32f103zd,STMicroelectronics,STM32,STM32F1,STM32F103,STM32F103ZD,STM32F103ZDT6,T6,T,6,,,,tray_or_unspecified,unknown,st-product-page:stm32f103zd,https://www.st.com/en/microcontrollers-microprocessors/stm32f103zd.html,2026-08-11T12:20:29+00:00,manufacturer_product_page,code_positions_parsed; descriptions_require_device_datasheet
st::stm32f103zdt7,stmicroelectronics::stm32f103zd,STMicroelectronics,STM32,STM32F1,STM32F103,STM32F103ZD,STM32F103ZDT7,T7,T,7,,,,tray_or_unspecified,unknown,st-product-page:stm32f103zd,https://www.st.com/en/microcontrollers-microprocessors/stm32f103zd.html,2026-08-11T12:20:29+00:00,manufacturer_product_page,code_positions_parsed; descriptions_require_device_datasheet
st::stm32f103zeh6,stmicroelectronics::stm32f103ze,STMicroelectronics,STM32,STM32F1,STM32F103,STM32F103ZE,STM32F103ZEH6,H6,H,6,,,,tray_or_unspecified,unknown,st-product-page:stm32f103ze,https://www.st.com/en/microcontrollers-microprocessors/stm32f103ze.html,2026-08-11T12:20:29+00:00,manufacturer_product_page,code_positions_parsed; descriptions_require_device_datasheet
st::stm32f103zeh6tr,stmicroelectronics::stm32f103ze,STMicroelectronics,STM32,STM32F1,STM32F103,STM32F103ZE,STM32F103ZEH6TR,H6TR,H,6,TR,,,tape_and_reel,unknown,st-product-page:stm32f103ze,https://www.st.com/en/microcontrollers-microprocessors/stm32f103ze.html,2026-08-11T12:20:29+00:00,manufacturer_product_page,code_positions_parsed; descriptions_require_device_datasheet
st::stm32f103zeh7,stmicroelectronics::stm32f103ze,STMicroelectronics,STM32,STM32F1,STM32F103,STM32F103ZE,STM32F103ZEH7,H7,H,7,,,,tray_or_unspecified,unknown,st-product-page:stm32f103ze,https://www.st.com/en/microcontrollers-microprocessors/stm32f103ze.html,2026-08-11T12:20:29+00:00,manufacturer_product_page,code_positions_parsed; descriptions_require_device_datasheet
st::stm32f103zeh7tr,stmicroelectronics::stm32f103ze,STMicroelectronics,STM32,STM32F1,STM32F103,STM32F103ZE,STM32F103ZEH7TR,H7TR,H,7,TR,,,tape_and_reel,unknown,st-product-page:stm32f103ze,https://www.st.com/en/microcontrollers-microprocessors/stm32f103ze.html,2026-08-11T12:20:29+00:00,manufacturer_product_page,code_positions_parsed; descriptions_require_device_datasheet
st::stm32f103zet6,stmicroelectronics::stm32f103ze,STMicroelectronics,STM32,STM32F1,STM32F103,STM32F103ZE,STM32F103ZET6,T6,T,6,,,,tray_or_unspecified,unknown,st-product-page:stm32f103ze,https://www.st.com/en/microcontrollers-microprocessors/stm32f103ze.html,2026-08-11T12:20:29+00:00,manufacturer_product_page,code_positions_parsed; descriptions_require_device_datasheet
st::stm32f103zet6tr,stmicroelectronics::stm32f103ze,STMicroelectronics,STM32,STM32F1,STM32F103,STM32F103ZE,STM32F103ZET6TR,T6TR,T,6,TR,,,tape_and_reel,unknown,st-product-page:stm32f103ze,https://www.st.com/en/microcontrollers-microprocessors/stm32f103ze.html,2026-08-11T12:20:29+00:00,manufacturer_product_page,code_positions_parsed; descriptions_require_device_datasheet
st::stm32f103zet7,stmicroelectronics::stm32f103ze,STMicroelectronics,STM32,STM32F1,STM32F103,STM32F103ZE,STM32F103ZET7,T7,T,7,,,,tray_or_unspecified,unknown,st-product-page:stm32f103ze,https://www.st.com/en/microcontrollers-microprocessors/stm32f103ze.html,2026-08-11T12:20:29+00:00,manufacturer_product_page,code_positions_parsed; descriptions_require_device_datasheet
st::stm32f103zfh6,stmicroelectronics::stm32f103zf,STMicroelectronics,STM32,STM32F1,STM32F103,STM32F103ZF,STM32F103ZFH6,H6,H,6,,,,tray_or_unspecified,unknown,st-product-page:stm32f103zf,https://www.st.com/en/microcontrollers-microprocessors/stm32f103zf.html,2026-08-11T12:20:29+00:00,manufacturer_product_page,code_positions_parsed; descriptions_require_device_datasheet
st::stm32f103zfh6tr,stmicroelectronics::stm32f103zf,STMicroelectronics,STM32,STM32F1,STM32F103,STM32F103ZF,STM32F103ZFH6TR,H6TR,H,6,TR,,,tape_and_reel,unknown,st-product-page:stm32f103zf,https://www.st.com/en/microcontrollers-microprocessors/stm32f103zf.html,2026-08-11T12:20:29+00:00,manufacturer_product_page,code_positions_parsed; descriptions_require_device_datasheet
st::stm32f103zfh7,stmicroelectronics::stm32f103zf,STMicroelectronics,STM32,STM32F1,STM32F103,STM32F103ZF,STM32F103ZFH7,H7,H,7,,,,tray_or_unspecified,unknown,st-product-page:stm32f103zf,https://www.st.com/en/microcontrollers-microprocessors/stm32f103zf.html,2026-08-11T12:20:29+00:00,manufacturer_product_page,code_positions_parsed; descriptions_require_device_datasheet
st::stm32f103zft6,stmicroelectronics::stm32f103zf,STMicroelectronics,STM32,STM32F1,STM32F103,STM32F103ZF,STM32F103ZFT6,T6,T,6,,,,tray_or_unspecified,unknown,st-product-page:stm32f103zf,https://www.st.com/en/microcontrollers-microprocessors/stm32f103zf.html,2026-08-11T12:20:29+00:00,manufacturer_product_page,code_positions_parsed; descriptions_require_device_datasheet
st::stm32f103zft7,stmicroelectronics::stm32f103zf,STMicroelectronics,STM32,STM32F1,STM32F103,STM32F103ZF,STM32F103ZFT7,T7,T,7,,,,tray_or_unspecified,unknown,st-product-page:stm32f103zf,https://www.st.com/en/microcontrollers-microprocessors/stm32f103zf.html,2026-08-11T12:20:29+00:00,manufacturer_product_page,code_positions_parsed; descriptions_require_device_datasheet
st::stm32f103zgh6,stmicroelectronics::stm32f103zg,STMicroelectronics,STM32,STM32F1,STM32F103,STM32F103ZG,STM32F103ZGH6,H6,H,6,,,,tray_or_unspecified,unknown,st-product-page:stm32f103zg,https://www.st.com/en/microcontrollers-microprocessors/stm32f103zg.html,2026-08-11T12:20:29+00:00,manufacturer_product_page,code_positions_parsed; descriptions_require_device_datasheet
st::stm32f103zgh6tr,stmicroelectronics::stm32f103zg,STMicroelectronics,STM32,STM32F1,STM32F103,STM32F103ZG,STM32F103ZGH6TR,H6TR,H,6,TR,,,tape_and_reel,unknown,st-product-page:stm32f103zg,https://www.st.com/en/microcontrollers-microprocessors/stm32f103zg.html,2026-08-11T12:20:29+00:00,manufacturer_product_page,code_positions_parsed; descriptions_require_device_datasheet
st::stm32f103zgh7,stmicroelectronics::stm32f103zg,STMicroelectronics,STM32,STM32F1,STM32F103,STM32F103ZG,STM32F103ZGH7,H7,H,7,,,,tray_or_unspecified,unknown,st-product-page:stm32f103zg,https://www.st.com/en/microcontrollers-microprocessors/stm32f103zg.html,2026-08-11T12:20:29+00:00,manufacturer_product_page,code_positions_parsed; descriptions_require_device_datasheet
st::stm32f103zgt6,stmicroelectronics::stm32f103zg,STMicroelectronics,STM32,STM32F1,STM32F103,STM32F103ZG,STM32F103ZGT6,T6,T,6,,,,tray_or_unspecified,unknown,st-product-page:stm32f103zg,https://www.st.com/en/microcontrollers-microprocessors/stm32f103zg.html,2026-08-11T12:20:29+00:00,manufacturer_product_page,code_positions_parsed; descriptions_require_device_datasheet
st::stm32f103zgt6tr,stmicroelectronics::stm32f103zg,STMicroelectronics,STM32,STM32F1,STM32F103,STM32F103ZG,STM32F103ZGT6TR,T6TR,T,6,TR,,,tape_and_reel,unknown,st-product-page:stm32f103zg,https://www.st.com/en/microcontrollers-microprocessors/stm32f103zg.html,2026-08-11T12:20:29+00:00,manufacturer_product_page,code_positions_parsed; descriptions_require_device_datasheet
st::stm32f105r8t6,stmicroelectronics::stm32f105r8,STMicroelectronics,STM32,STM32F1,STM32F105,STM32F105R8,STM32F105R8T6,T6,T,6,,,,tray_or_unspecified,unknown,st-product-page:stm32f105r8,https://www.st.com/en/microcontrollers-microprocessors/stm32f105r8.html,2026-08-11T12:20:29+00:00,manufacturer_product_page,code_positions_parsed; descriptions_require_device_datasheet
st::stm32f105r8t6tr,stmicroelectronics::stm32f105r8,STMicroelectronics,STM32,STM32F1,STM32F105,STM32F105R8,STM32F105R8T6TR,T6TR,T,6,TR,,,tape_and_reel,unknown,st-product-page:stm32f105r8,https://www.st.com/en/microcontrollers-microprocessors/stm32f105r8.html,2026-08-11T12:20:29+00:00,manufacturer_product_page,code_positions_parsed; descriptions_require_device_datasheet
st::stm32f105r8t7,stmicroelectronics::stm32f105r8,STMicroelectronics,STM32,STM32F1,STM32F105,STM32F105R8,STM32F105R8T7,T7,T,7,,,,tray_or_unspecified,unknown,st-product-page:stm32f105r8,https://www.st.com/en/microcontrollers-microprocessors/stm32f105r8.html,2026-08-11T12:20:29+00:00,manufacturer_product_page,code_positions_parsed; descriptions_require_device_datasheet
st::stm32f105rbt6,stmicroelectronics::stm32f105rb,STMicroelectronics,STM32,STM32F1,STM32F105,STM32F105RB,STM32F105RBT6,T6,T,6,,,,tray_or_unspecified,unknown,st-product-page:stm32f105rb,https://www.st.com/en/microcontrollers-microprocessors/stm32f105rb.html,2026-08-11T12:20:29+00:00,manufacturer_product_page,code_positions_parsed; descriptions_require_device_datasheet
st::stm32f105rbt6tr,stmicroelectronics::stm32f105rb,STMicroelectronics,STM32,STM32F1,STM32F105,STM32F105RB,STM32F105RBT6TR,T6TR,T,6,TR,,,tape_and_reel,unknown,st-product-page:stm32f105rb,https://www.st.com/en/microcontrollers-microprocessors/stm32f105rb.html,2026-08-11T12:20:29+00:00,manufacturer_product_page,code_positions_parsed; descriptions_require_device_datasheet
st::stm32f105rbt7,stmicroelectronics::stm32f105rb,STMicroelectronics,STM32,STM32F1,STM32F105,STM32F105RB,STM32F105RBT7,T7,T,7,,,,tray_or_unspecified,unknown,st-product-page:stm32f105rb,https://www.st.com/en/microcontrollers-microprocessors/stm32f105rb.html,2026-08-11T12:20:29+00:00,manufacturer_product_page,code_positions_parsed; descriptions_require_device_datasheet
st::stm32f105rct6,stmicroelectronics::stm32f105rc,STMicroelectronics,STM32,STM32F1,STM32F105,STM32F105RC,STM32F105RCT6,T6,T,6,,,,tray_or_unspecified,unknown,st-product-page:stm32f105rc,https://www.st.com/en/microcontrollers-microprocessors/stm32f105rc.html,2026-08-11T12:20:29+00:00,manufacturer_product_page,code_positions_parsed; descriptions_require_device_datasheet
st::stm32f105rct6tr,stmicroelectronics::stm32f105rc,STMicroelectronics,STM32,STM32F1,STM32F105,STM32F105RC,STM32F105RCT6TR,T6TR,T,6,TR,,,tape_and_reel,unknown,st-product-page:stm32f105rc,https://www.st.com/en/microcontrollers-microprocessors/stm32f105rc.html,2026-08-11T12:20:29+00:00,manufacturer_product_page,code_positions_parsed; descriptions_require_device_datasheet
st::stm32f105rct6v,stmicroelectronics::stm32f105rc,STMicroelectronics,STM32,STM32F1,STM32F105,STM32F105RC,STM32F105RCT6V,T6V,T,6V,,,,tray_or_unspecified,unknown,st-product-page:stm32f105rc,https://www.st.com/en/microcontrollers-microprocessors/stm32f105rc.html,2026-08-11T12:20:29+00:00,manufacturer_product_page,code_positions_parsed; descriptions_require_device_datasheet
st::stm32f105rct6w,stmicroelectronics::stm32f105rc,STMicroelectronics,STM32,STM32F1,STM32F105,STM32F105RC,STM32F105RCT6W,T6W,T,6W,,,,tray_or_unspecified,unknown,st-product-page:stm32f105rc,https://www.st.com/en/microcontrollers-microprocessors/stm32f105rc.html,2026-08-11T12:20:29+00:00,manufacturer_product_page,code_positions_parsed; descriptions_require_device_datasheet
st::stm32f105rct7,stmicroelectronics::stm32f105rc,STMicroelectronics,STM32,STM32F1,STM32F105,STM32F105RC,STM32F105RCT7,T7,T,7,,,,tray_or_unspecified,unknown,st-product-page:stm32f105rc,https://www.st.com/en/microcontrollers-microprocessors/stm32f105rc.html,2026-08-11T12:20:29+00:00,manufacturer_product_page,code_positions_parsed; descriptions_require_device_datasheet
st::stm32f105v8h7,stmicroelectronics::stm32f105v8,STMicroelectronics,STM32,STM32F1,STM32F105,STM32F105V8,STM32F105V8H7,H7,H,7,,,,tray_or_unspecified,unknown,st-product-page:stm32f105v8,https://www.st.com/en/microcontrollers-microprocessors/stm32f105v8.html,2026-08-11T12:20:29+00:00,manufacturer_product_page,code_positions_parsed; descriptions_require_device_datasheet
st::stm32f105v8t6,stmicroelectronics::stm32f105v8,STMicroelectronics,STM32,STM32F1,STM32F105,STM32F105V8,STM32F105V8T6,T6,T,6,,,,tray_or_unspecified,unknown,st-product-page:stm32f105v8,https://www.st.com/en/microcontrollers-microprocessors/stm32f105v8.html,2026-08-11T12:20:29+00:00,manufacturer_product_page,code_positions_parsed; descriptions_require_device_datasheet
st::stm32f105v8t6tr,stmicroelectronics::stm32f105v8,STMicroelectronics,STM32,STM32F1,STM32F105,STM32F105V8,STM32F105V8T6TR,T6TR,T,6,TR,,,tape_and_reel,unknown,st-product-page:stm32f105v8,https://www.st.com/en/microcontrollers-microprocessors/stm32f105v8.html,2026-08-11T12:20:29+00:00,manufacturer_product_page,code_positions_parsed; descriptions_require_device_datasheet
st::stm32f105v8t7,stmicroelectronics::stm32f105v8,STMicroelectronics,STM32,STM32F1,STM32F105,STM32F105V8,STM32F105V8T7,T7,T,7,,,,tray_or_unspecified,unknown,st-product-page:stm32f105v8,https://www.st.com/en/microcontrollers-microprocessors/stm32f105v8.html,2026-08-11T12:20:29+00:00,manufacturer_product_page,code_positions_parsed; descriptions_require_device_datasheet
st::stm32f105vbh6,stmicroelectronics::stm32f105vb,STMicroelectronics,STM32,STM32F1,STM32F105,STM32F105VB,STM32F105VBH6,H6,H,6,,,,tray_or_unspecified,unknown,st-product-page:stm32f105vb,https://www.st.com/en/microcontrollers-microprocessors/stm32f105vb.html,2026-08-11T12:20:29+00:00,manufacturer_product_page,code_positions_parsed; descriptions_require_device_datasheet
st::stm32f105vbh6tr,stmicroelectronics::stm32f105vb,STMicroelectronics,STM32,STM32F1,STM32F105,STM32F105VB,STM32F105VBH6TR,H6TR,H,6,TR,,,tape_and_reel,unknown,st-product-page:stm32f105vb,https://www.st.com/en/microcontrollers-microprocessors/stm32f105vb.html,2026-08-11T12:20:29+00:00,manufacturer_product_page,code_positions_parsed; descriptions_require_device_datasheet
st::stm32f105vbh7,stmicroelectronics::stm32f105vb,STMicroelectronics,STM32,STM32F1,STM32F105,STM32F105VB,STM32F105VBH7,H7,H,7,,,,tray_or_unspecified,unknown,st-product-page:stm32f105vb,https://www.st.com/en/microcontrollers-microprocessors/stm32f105vb.html,2026-08-11T12:20:29+00:00,manufacturer_product_page,code_positions_parsed; descriptions_require_device_datasheet
st::stm32f105vbt6,stmicroelectronics::stm32f105vb,STMicroelectronics,STM32,STM32F1,STM32F105,STM32F105VB,STM32F105VBT6,T6,T,6,,,,tray_or_unspecified,unknown,st-product-page:stm32f105vb,https://www.st.com/en/microcontrollers-microprocessors/stm32f105vb.html,2026-08-11T12:20:29+00:00,manufacturer_product_page,code_positions_parsed; descriptions_require_device_datasheet
st::stm32f105vbt7,stmicroelectronics::stm32f105vb,STMicroelectronics,STM32,STM32F1,STM32F105,STM32F105VB,STM32F105VBT7,T7,T,7,,,,tray_or_unspecified,unknown,st-product-page:stm32f105vb,https://www.st.com/en/microcontrollers-microprocessors/stm32f105vb.html,2026-08-11T12:20:29+00:00,manufacturer_product_page,code_positions_parsed; descriptions_require_device_datasheet
st::stm32f105vct6,stmicroelectronics::stm32f105vc,STMicroelectronics,STM32,STM32F1,STM32F105,STM32F105VC,STM32F105VCT6,T6,T,6,,,,tray_or_unspecified,unknown,st-product-page:stm32f105vc,https://www.st.com/en/microcontrollers-microprocessors/stm32f105vc.html,2026-08-11T12:20:29+00:00,manufacturer_product_page,code_positions_parsed; descriptions_require_device_datasheet
st::stm32f105vct6tr,stmicroelectronics::stm32f105vc,STMicroelectronics,STM32,STM32F1,STM32F105,STM32F105VC,STM32F105VCT6TR,T6TR,T,6,TR,,,tape_and_reel,unknown,st-product-page:stm32f105vc,https://www.st.com/en/microcontrollers-microprocessors/stm32f105vc.html,2026-08-11T12:20:29+00:00,manufacturer_product_page,code_positions_parsed; descriptions_require_device_datasheet
st::stm32f105vct6v,stmicroelectronics::stm32f105vc,STMicroelectronics,STM32,STM32F1,STM32F105,STM32F105VC,STM32F105VCT6V,T6V,T,6V,,,,tray_or_unspecified,unknown,st-product-page:stm32f105vc,https://www.st.com/en/microcontrollers-microprocessors/stm32f105vc.html,2026-08-11T12:20:29+00:00,manufacturer_product_page,code_positions_parsed; descriptions_require_device_datasheet
st::stm32f105vct6w,stmicroelectronics::stm32f105vc,STMicroelectronics,STM32,STM32F1,STM32F105,STM32F105VC,STM32F105VCT6W,T6W,T,6W,,,,tray_or_unspecified,unknown,st-product-page:stm32f105vc,https://www.st.com/en/microcontrollers-microprocessors/stm32f105vc.html,2026-08-11T12:20:29+00:00,manufacturer_product_page,code_positions_parsed; descriptions_require_device_datasheet
st::stm32f105vct7,stmicroelectronics::stm32f105vc,STMicroelectronics,STM32,STM32F1,STM32F105,STM32F105VC,STM32F105VCT7,T7,T,7,,,,tray_or_unspecified,unknown,st-product-page:stm32f105vc,https://www.st.com/en/microcontrollers-microprocessors/stm32f105vc.html,2026-08-11T12:20:29+00:00,manufacturer_product_page,code_positions_parsed; descriptions_require_device_datasheet
st::stm32f107rbt6,stmicroelectronics::stm32f107rb,STMicroelectronics,STM32,STM32F1,STM32F107,STM32F107RB,STM32F107RBT6,T6,T,6,,,,tray_or_unspecified,unknown,st-product-page:stm32f107rb,https://www.st.com/en/microcontrollers-microprocessors/stm32f107rb.html,2026-08-11T12:20:29+00:00,manufacturer_product_page,code_positions_parsed; descriptions_require_device_datasheet
st::stm32f107rbt6tr,stmicroelectronics::stm32f107rb,STMicroelectronics,STM32,STM32F1,STM32F107,STM32F107RB,STM32F107RBT6TR,T6TR,T,6,TR,,,tape_and_reel,unknown,st-product-page:stm32f107rb,https://www.st.com/en/microcontrollers-microprocessors/stm32f107rb.html,2026-08-11T12:20:29+00:00,manufacturer_product_page,code_positions_parsed; descriptions_require_device_datasheet
st::stm32f107rbt7,stmicroelectronics::stm32f107rb,STMicroelectronics,STM32,STM32F1,STM32F107,STM32F107RB,STM32F107RBT7,T7,T,7,,,,tray_or_unspecified,unknown,st-product-page:stm32f107rb,https://www.st.com/en/microcontrollers-microprocessors/stm32f107rb.html,2026-08-11T12:20:29+00:00,manufacturer_product_page,code_positions_parsed; descriptions_require_device_datasheet
st::stm32f107rct6,stmicroelectronics::stm32f107rc,STMicroelectronics,STM32,STM32F1,STM32F107,STM32F107RC,STM32F107RCT6,T6,T,6,,,,tray_or_unspecified,unknown,st-product-page:stm32f107rc,https://www.st.com/en/microcontrollers-microprocessors/stm32f107rc.html,2026-08-11T12:20:29+00:00,manufacturer_product_page,code_positions_parsed; descriptions_require_device_datasheet
st::stm32f107rct6tr,stmicroelectronics::stm32f107rc,STMicroelectronics,STM32,STM32F1,STM32F107,STM32F107RC,STM32F107RCT6TR,T6TR,T,6,TR,,,tape_and_reel,unknown,st-product-page:stm32f107rc,https://www.st.com/en/microcontrollers-microprocessors/stm32f107rc.html,2026-08-11T12:20:29+00:00,manufacturer_product_page,code_positions_parsed; descriptions_require_device_datasheet
st::stm32f107rct7,stmicroelectronics::stm32f107rc,STMicroelectronics,STM32,STM32F1,STM32F107,STM32F107RC,STM32F107RCT7,T7,T,7,,,,tray_or_unspecified,unknown,st-product-page:stm32f107rc,https://www.st.com/en/microcontrollers-microprocessors/stm32f107rc.html,2026-08-11T12:20:29+00:00,manufacturer_product_page,code_positions_parsed; descriptions_require_device_datasheet
st::stm32f107vbt6,stmicroelectronics::stm32f107vb,STMicroelectronics,STM32,STM32F1,STM32F107,STM32F107VB,STM32F107VBT6,T6,T,6,,,,tray_or_unspecified,unknown,st-product-page:stm32f107vb,https://www.st.com/en/microcontrollers-microprocessors/stm32f107vb.html,2026-08-11T12:20:29+00:00,manufacturer_product_page,code_positions_parsed; descriptions_require_device_datasheet
st::stm32f107vbt7,stmicroelectronics::stm32f107vb,STMicroelectronics,STM32,STM32F1,STM32F107,STM32F107VB,STM32F107VBT7,T7,T,7,,,,tray_or_unspecified,unknown,st-product-page:stm32f107vb,https://www.st.com/en/microcontrollers-microprocessors/stm32f107vb.html,2026-08-11T12:20:29+00:00,manufacturer_product_page,code_positions_parsed; descriptions_require_device_datasheet
st::stm32f107vch6,stmicroelectronics::stm32f107vc,STMicroelectronics,STM32,STM32F1,STM32F107,STM32F107VC,STM32F107VCH6,H6,H,6,,,,tray_or_unspecified,unknown,st-product-page:stm32f107vc,https://www.st.com/en/microcontrollers-microprocessors/stm32f107vc.html,2026-08-11T12:20:29+00:00,manufacturer_product_page,code_positions_parsed; descriptions_require_device_datasheet
st::stm32f107vct6,stmicroelectronics::stm32f107vc,STMicroelectronics,STM32,STM32F1,STM32F107,STM32F107VC,STM32F107VCT6,T6,T,6,,,,tray_or_unspecified,unknown,st-product-page:stm32f107vc,https://www.st.com/en/microcontrollers-microprocessors/stm32f107vc.html,2026-08-11T12:20:29+00:00,manufacturer_product_page,code_positions_parsed; descriptions_require_device_datasheet
st::stm32f107vct6tr,stmicroelectronics::stm32f107vc,STMicroelectronics,STM32,STM32F1,STM32F107,STM32F107VC,STM32F107VCT6TR,T6TR,T,6,TR,,,tape_and_reel,unknown,st-product-page:stm32f107vc,https://www.st.com/en/microcontrollers-microprocessors/stm32f107vc.html,2026-08-11T12:20:29+00:00,manufacturer_product_page,code_positions_parsed; descriptions_require_device_datasheet
st::stm32f107vct7,stmicroelectronics::stm32f107vc,STMicroelectronics,STM32,STM32F1,STM32F107,STM32F107VC,STM32F107VCT7,T7,T,7,,,,tray_or_unspecified,unknown,st-product-page:stm32f107vc,https://www.st.com/en/microcontrollers-microprocessors/stm32f107vc.html,2026-08-11T12:20:29+00:00,manufacturer_product_page,code_positions_parsed; descriptions_require_device_datasheet
