orderable_part_id,device_id,manufacturer,family,series,product_line,device_name,part_number,manufacturer_suffix,package_code,temperature_grade_code,packing_code,package_name,temperature_range,packing_form,lifecycle,source_id,source_url,observed_at,verification_status,decode_status
microchip::at90can128-16ai,microchip::at90can128,Microchip,AVR,AVR 8-bit,AT90 specialty AVR,AT90CAN128,AT90CAN128-16AI,-16AI,,,,TQFP64,-40..85 °C,,unknown,microchip-avr-atdf:ATmega_DFP@3.6.299,https://packs.download.microchip.com/Microchip.ATmega_DFP.3.6.299.atpack,2026-08-12T17:20:34+00:00,manufacturer_device_database,atdf_variant_record
microchip::at90can128-16au,microchip::at90can128,Microchip,AVR,AVR 8-bit,AT90 specialty AVR,AT90CAN128,AT90CAN128-16AU,-16AU,,,,TQFP64,-40..85 °C,,unknown,microchip-avr-atdf:ATmega_DFP@3.6.299,https://packs.download.microchip.com/Microchip.ATmega_DFP.3.6.299.atpack,2026-08-12T17:20:34+00:00,manufacturer_device_database,atdf_variant_record
microchip::at90can128-16mi,microchip::at90can128,Microchip,AVR,AVR 8-bit,AT90 specialty AVR,AT90CAN128,AT90CAN128-16MI,-16MI,,,,QFN64,-40..85 °C,,unknown,microchip-avr-atdf:ATmega_DFP@3.6.299,https://packs.download.microchip.com/Microchip.ATmega_DFP.3.6.299.atpack,2026-08-12T17:20:34+00:00,manufacturer_device_database,atdf_variant_record
microchip::at90can128-16mu,microchip::at90can128,Microchip,AVR,AVR 8-bit,AT90 specialty AVR,AT90CAN128,AT90CAN128-16MU,-16MU,,,,QFN64,-40..85 °C,,unknown,microchip-avr-atdf:ATmega_DFP@3.6.299,https://packs.download.microchip.com/Microchip.ATmega_DFP.3.6.299.atpack,2026-08-12T17:20:34+00:00,manufacturer_device_database,atdf_variant_record
microchip::at90can32-16ai,microchip::at90can32,Microchip,AVR,AVR 8-bit,AT90 specialty AVR,AT90CAN32,AT90CAN32-16AI,-16AI,,,,TQFP64,-40..85 °C,,unknown,microchip-avr-atdf:ATmega_DFP@3.6.299,https://packs.download.microchip.com/Microchip.ATmega_DFP.3.6.299.atpack,2026-08-12T17:20:34+00:00,manufacturer_device_database,atdf_variant_record
microchip::at90can32-16au,microchip::at90can32,Microchip,AVR,AVR 8-bit,AT90 specialty AVR,AT90CAN32,AT90CAN32-16AU,-16AU,,,,TQFP64,-40..85 °C,,unknown,microchip-avr-atdf:ATmega_DFP@3.6.299,https://packs.download.microchip.com/Microchip.ATmega_DFP.3.6.299.atpack,2026-08-12T17:20:34+00:00,manufacturer_device_database,atdf_variant_record
microchip::at90can32-16mi,microchip::at90can32,Microchip,AVR,AVR 8-bit,AT90 specialty AVR,AT90CAN32,AT90CAN32-16MI,-16MI,,,,QFN64,-40..85 °C,,unknown,microchip-avr-atdf:ATmega_DFP@3.6.299,https://packs.download.microchip.com/Microchip.ATmega_DFP.3.6.299.atpack,2026-08-12T17:20:34+00:00,manufacturer_device_database,atdf_variant_record
microchip::at90can32-16mu,microchip::at90can32,Microchip,AVR,AVR 8-bit,AT90 specialty AVR,AT90CAN32,AT90CAN32-16MU,-16MU,,,,QFN64,-40..85 °C,,unknown,microchip-avr-atdf:ATmega_DFP@3.6.299,https://packs.download.microchip.com/Microchip.ATmega_DFP.3.6.299.atpack,2026-08-12T17:20:34+00:00,manufacturer_device_database,atdf_variant_record
microchip::at90can64-16ai,microchip::at90can64,Microchip,AVR,AVR 8-bit,AT90 specialty AVR,AT90CAN64,AT90CAN64-16AI,-16AI,,,,TQFP64,-40..85 °C,,unknown,microchip-avr-atdf:ATmega_DFP@3.6.299,https://packs.download.microchip.com/Microchip.ATmega_DFP.3.6.299.atpack,2026-08-12T17:20:34+00:00,manufacturer_device_database,atdf_variant_record
microchip::at90can64-16au,microchip::at90can64,Microchip,AVR,AVR 8-bit,AT90 specialty AVR,AT90CAN64,AT90CAN64-16AU,-16AU,,,,TQFP64,-40..85 °C,,unknown,microchip-avr-atdf:ATmega_DFP@3.6.299,https://packs.download.microchip.com/Microchip.ATmega_DFP.3.6.299.atpack,2026-08-12T17:20:34+00:00,manufacturer_device_database,atdf_variant_record
microchip::at90can64-16mi,microchip::at90can64,Microchip,AVR,AVR 8-bit,AT90 specialty AVR,AT90CAN64,AT90CAN64-16MI,-16MI,,,,QFN64,-40..85 °C,,unknown,microchip-avr-atdf:ATmega_DFP@3.6.299,https://packs.download.microchip.com/Microchip.ATmega_DFP.3.6.299.atpack,2026-08-12T17:20:34+00:00,manufacturer_device_database,atdf_variant_record
microchip::at90can64-16mu,microchip::at90can64,Microchip,AVR,AVR 8-bit,AT90 specialty AVR,AT90CAN64,AT90CAN64-16MU,-16MU,,,,QFN64,-40..85 °C,,unknown,microchip-avr-atdf:ATmega_DFP@3.6.299,https://packs.download.microchip.com/Microchip.ATmega_DFP.3.6.299.atpack,2026-08-12T17:20:34+00:00,manufacturer_device_database,atdf_variant_record
microchip::at90pwm1-16mu,microchip::at90pwm1,Microchip,AVR,AVR 8-bit,AT90 specialty AVR,AT90PWM1,AT90PWM1-16MU,-16MU,,,,QFN32,-40..105 °C,,unknown,microchip-avr-atdf:ATmega_DFP@3.6.299,https://packs.download.microchip.com/Microchip.ATmega_DFP.3.6.299.atpack,2026-08-12T17:20:34+00:00,manufacturer_device_database,atdf_variant_record
microchip::at90pwm1-16su,microchip::at90pwm1,Microchip,AVR,AVR 8-bit,AT90 specialty AVR,AT90PWM1,AT90PWM1-16SU,-16SU,,,,SOIC24,-40..105 °C,,unknown,microchip-avr-atdf:ATmega_DFP@3.6.299,https://packs.download.microchip.com/Microchip.ATmega_DFP.3.6.299.atpack,2026-08-12T17:20:34+00:00,manufacturer_device_database,atdf_variant_record
microchip::at90pwm161-16mf,microchip::at90pwm161,Microchip,AVR,AVR 8-bit,AT90 specialty AVR,AT90PWM161,AT90PWM161-16MF,-16MF,,,,QFN32,-40..125 °C,,unknown,microchip-avr-atdf:ATmega_DFP@3.6.299,https://packs.download.microchip.com/Microchip.ATmega_DFP.3.6.299.atpack,2026-08-12T17:20:34+00:00,manufacturer_device_database,atdf_variant_record
microchip::at90pwm161-16mn,microchip::at90pwm161,Microchip,AVR,AVR 8-bit,AT90 specialty AVR,AT90PWM161,AT90PWM161-16MN,-16MN,,,,QFN32,-40..105 °C,,unknown,microchip-avr-atdf:ATmega_DFP@3.6.299,https://packs.download.microchip.com/Microchip.ATmega_DFP.3.6.299.atpack,2026-08-12T17:20:34+00:00,manufacturer_device_database,atdf_variant_record
microchip::at90pwm161-16sf,microchip::at90pwm161,Microchip,AVR,AVR 8-bit,AT90 specialty AVR,AT90PWM161,AT90PWM161-16SF,-16SF,,,,SOIC20,-40..125 °C,,unknown,microchip-avr-atdf:ATmega_DFP@3.6.299,https://packs.download.microchip.com/Microchip.ATmega_DFP.3.6.299.atpack,2026-08-12T17:20:34+00:00,manufacturer_device_database,atdf_variant_record
microchip::at90pwm161-16sn,microchip::at90pwm161,Microchip,AVR,AVR 8-bit,AT90 specialty AVR,AT90PWM161,AT90PWM161-16SN,-16SN,,,,SOIC20,-40..105 °C,,unknown,microchip-avr-atdf:ATmega_DFP@3.6.299,https://packs.download.microchip.com/Microchip.ATmega_DFP.3.6.299.atpack,2026-08-12T17:20:34+00:00,manufacturer_device_database,atdf_variant_record
microchip::at90pwm216-16se,microchip::at90pwm216,Microchip,AVR,AVR 8-bit,AT90 specialty AVR,AT90PWM216,AT90PWM216-16SE,-16SE,,,,SOIC24,0..0 °C,,unknown,microchip-avr-atdf:ATmega_DFP@3.6.299,https://packs.download.microchip.com/Microchip.ATmega_DFP.3.6.299.atpack,2026-08-12T17:20:34+00:00,manufacturer_device_database,atdf_variant_record
microchip::at90pwm216-16su,microchip::at90pwm216,Microchip,AVR,AVR 8-bit,AT90 specialty AVR,AT90PWM216,AT90PWM216-16SU,-16SU,,,,SOIC24,-40..105 °C,,unknown,microchip-avr-atdf:ATmega_DFP@3.6.299,https://packs.download.microchip.com/Microchip.ATmega_DFP.3.6.299.atpack,2026-08-12T17:20:34+00:00,manufacturer_device_database,atdf_variant_record
microchip::at90pwm2b-16se,microchip::at90pwm2b,Microchip,AVR,AVR 8-bit,AT90 specialty AVR,AT90PWM2B,AT90PWM2B-16SE,-16SE,,,,SOIC32,0..0 °C,,unknown,microchip-avr-atdf:ATmega_DFP@3.6.299,https://packs.download.microchip.com/Microchip.ATmega_DFP.3.6.299.atpack,2026-08-12T17:20:34+00:00,manufacturer_device_database,atdf_variant_record
microchip::at90pwm2b-16su,microchip::at90pwm2b,Microchip,AVR,AVR 8-bit,AT90 specialty AVR,AT90PWM2B,AT90PWM2B-16SU,-16SU,,,,SOIC24,-40..105 °C,,unknown,microchip-avr-atdf:ATmega_DFP@3.6.299,https://packs.download.microchip.com/Microchip.ATmega_DFP.3.6.299.atpack,2026-08-12T17:20:34+00:00,manufacturer_device_database,atdf_variant_record
microchip::at90pwm3-16mq,microchip::at90pwm3,Microchip,AVR,AVR 8-bit,AT90 specialty AVR,AT90PWM3,AT90PWM3-16MQ,-16MQ,,,,QFN32,-40..105 °C,,unknown,microchip-avr-atdf:ATmega_DFP@3.6.299,https://packs.download.microchip.com/Microchip.ATmega_DFP.3.6.299.atpack,2026-08-12T17:20:34+00:00,manufacturer_device_database,atdf_variant_record
microchip::at90pwm3-16mqt,microchip::at90pwm3,Microchip,AVR,AVR 8-bit,AT90 specialty AVR,AT90PWM3,AT90PWM3-16MQT,-16MQT,,,,QFN32,-40..105 °C,,unknown,microchip-avr-atdf:ATmega_DFP@3.6.299,https://packs.download.microchip.com/Microchip.ATmega_DFP.3.6.299.atpack,2026-08-12T17:20:34+00:00,manufacturer_device_database,atdf_variant_record
microchip::at90pwm3-16sq,microchip::at90pwm3,Microchip,AVR,AVR 8-bit,AT90 specialty AVR,AT90PWM3,AT90PWM3-16SQ,-16SQ,,,,SOIC32,-40..105 °C,,unknown,microchip-avr-atdf:ATmega_DFP@3.6.299,https://packs.download.microchip.com/Microchip.ATmega_DFP.3.6.299.atpack,2026-08-12T17:20:34+00:00,manufacturer_device_database,atdf_variant_record
microchip::at90pwm316-16me,microchip::at90pwm316,Microchip,AVR,AVR 8-bit,AT90 specialty AVR,AT90PWM316,AT90PWM316-16ME,-16ME,,,,QFN32,0..0 °C,,unknown,microchip-avr-atdf:ATmega_DFP@3.6.299,https://packs.download.microchip.com/Microchip.ATmega_DFP.3.6.299.atpack,2026-08-12T17:20:34+00:00,manufacturer_device_database,atdf_variant_record
microchip::at90pwm316-16mu,microchip::at90pwm316,Microchip,AVR,AVR 8-bit,AT90 specialty AVR,AT90PWM316,AT90PWM316-16MU,-16MU,,,,QFN32,-40..105 °C,,unknown,microchip-avr-atdf:ATmega_DFP@3.6.299,https://packs.download.microchip.com/Microchip.ATmega_DFP.3.6.299.atpack,2026-08-12T17:20:34+00:00,manufacturer_device_database,atdf_variant_record
microchip::at90pwm316-16se,microchip::at90pwm316,Microchip,AVR,AVR 8-bit,AT90 specialty AVR,AT90PWM316,AT90PWM316-16SE,-16SE,,,,SOIC32,0..0 °C,,unknown,microchip-avr-atdf:ATmega_DFP@3.6.299,https://packs.download.microchip.com/Microchip.ATmega_DFP.3.6.299.atpack,2026-08-12T17:20:34+00:00,manufacturer_device_database,atdf_variant_record
microchip::at90pwm316-16su,microchip::at90pwm316,Microchip,AVR,AVR 8-bit,AT90 specialty AVR,AT90PWM316,AT90PWM316-16SU,-16SU,,,,SOIC32,-40..105 °C,,unknown,microchip-avr-atdf:ATmega_DFP@3.6.299,https://packs.download.microchip.com/Microchip.ATmega_DFP.3.6.299.atpack,2026-08-12T17:20:34+00:00,manufacturer_device_database,atdf_variant_record
microchip::at90pwm3b-16me,microchip::at90pwm3b,Microchip,AVR,AVR 8-bit,AT90 specialty AVR,AT90PWM3B,AT90PWM3B-16ME,-16ME,,,,QFN32,0..0 °C,,unknown,microchip-avr-atdf:ATmega_DFP@3.6.299,https://packs.download.microchip.com/Microchip.ATmega_DFP.3.6.299.atpack,2026-08-12T17:20:34+00:00,manufacturer_device_database,atdf_variant_record
microchip::at90pwm3b-16mu,microchip::at90pwm3b,Microchip,AVR,AVR 8-bit,AT90 specialty AVR,AT90PWM3B,AT90PWM3B-16MU,-16MU,,,,QFN32,-40..105 °C,,unknown,microchip-avr-atdf:ATmega_DFP@3.6.299,https://packs.download.microchip.com/Microchip.ATmega_DFP.3.6.299.atpack,2026-08-12T17:20:34+00:00,manufacturer_device_database,atdf_variant_record
microchip::at90pwm3b-16se,microchip::at90pwm3b,Microchip,AVR,AVR 8-bit,AT90 specialty AVR,AT90PWM3B,AT90PWM3B-16SE,-16SE,,,,SOIC32,0..0 °C,,unknown,microchip-avr-atdf:ATmega_DFP@3.6.299,https://packs.download.microchip.com/Microchip.ATmega_DFP.3.6.299.atpack,2026-08-12T17:20:34+00:00,manufacturer_device_database,atdf_variant_record
microchip::at90pwm3b-16su,microchip::at90pwm3b,Microchip,AVR,AVR 8-bit,AT90 specialty AVR,AT90PWM3B,AT90PWM3B-16SU,-16SU,,,,SOIC32,-40..105 °C,,unknown,microchip-avr-atdf:ATmega_DFP@3.6.299,https://packs.download.microchip.com/Microchip.ATmega_DFP.3.6.299.atpack,2026-08-12T17:20:34+00:00,manufacturer_device_database,atdf_variant_record
microchip::at90pwm81-16me,microchip::at90pwm81,Microchip,AVR,AVR 8-bit,AT90 specialty AVR,AT90PWM81,AT90PWM81-16ME,-16ME,,,,QFN32,-40..105 °C,,unknown,microchip-avr-atdf:ATmega_DFP@3.6.299,https://packs.download.microchip.com/Microchip.ATmega_DFP.3.6.299.atpack,2026-08-12T17:20:34+00:00,manufacturer_device_database,atdf_variant_record
microchip::at90pwm81-16mf,microchip::at90pwm81,Microchip,AVR,AVR 8-bit,AT90 specialty AVR,AT90PWM81,AT90PWM81-16MF,-16MF,,,,QFN32,-40..125 °C,,unknown,microchip-avr-atdf:ATmega_DFP@3.6.299,https://packs.download.microchip.com/Microchip.ATmega_DFP.3.6.299.atpack,2026-08-12T17:20:34+00:00,manufacturer_device_database,atdf_variant_record
microchip::at90pwm81-16se,microchip::at90pwm81,Microchip,AVR,AVR 8-bit,AT90 specialty AVR,AT90PWM81,AT90PWM81-16SE,-16SE,,,,SOIC20,-40..105 °C,,unknown,microchip-avr-atdf:ATmega_DFP@3.6.299,https://packs.download.microchip.com/Microchip.ATmega_DFP.3.6.299.atpack,2026-08-12T17:20:34+00:00,manufacturer_device_database,atdf_variant_record
microchip::at90pwm81-16sf,microchip::at90pwm81,Microchip,AVR,AVR 8-bit,AT90 specialty AVR,AT90PWM81,AT90PWM81-16SF,-16SF,,,,SOIC20,-40..125 °C,,unknown,microchip-avr-atdf:ATmega_DFP@3.6.299,https://packs.download.microchip.com/Microchip.ATmega_DFP.3.6.299.atpack,2026-08-12T17:20:34+00:00,manufacturer_device_database,atdf_variant_record
microchip::at90usb1286-au,microchip::at90usb1286,Microchip,AVR,AVR 8-bit,AT90 specialty AVR,AT90USB1286,AT90USB1286-AU,-AU,,,,TQFP64,-40..85 °C,,unknown,microchip-avr-atdf:ATmega_DFP@3.6.299,https://packs.download.microchip.com/Microchip.ATmega_DFP.3.6.299.atpack,2026-08-12T17:20:34+00:00,manufacturer_device_database,atdf_variant_record
microchip::at90usb1286-mu,microchip::at90usb1286,Microchip,AVR,AVR 8-bit,AT90 specialty AVR,AT90USB1286,AT90USB1286-MU,-MU,,,,QFN64,-40..85 °C,,unknown,microchip-avr-atdf:ATmega_DFP@3.6.299,https://packs.download.microchip.com/Microchip.ATmega_DFP.3.6.299.atpack,2026-08-12T17:20:34+00:00,manufacturer_device_database,atdf_variant_record
microchip::at90usb1287-au,microchip::at90usb1287,Microchip,AVR,AVR 8-bit,AT90 specialty AVR,AT90USB1287,AT90USB1287-AU,-AU,,,,TQFP64,-40..85 °C,,unknown,microchip-avr-atdf:ATmega_DFP@3.6.299,https://packs.download.microchip.com/Microchip.ATmega_DFP.3.6.299.atpack,2026-08-12T17:20:34+00:00,manufacturer_device_database,atdf_variant_record
microchip::at90usb1287-mu,microchip::at90usb1287,Microchip,AVR,AVR 8-bit,AT90 specialty AVR,AT90USB1287,AT90USB1287-MU,-MU,,,,QFN64,-40..85 °C,,unknown,microchip-avr-atdf:ATmega_DFP@3.6.299,https://packs.download.microchip.com/Microchip.ATmega_DFP.3.6.299.atpack,2026-08-12T17:20:34+00:00,manufacturer_device_database,atdf_variant_record
microchip::at90usb162-16au,microchip::at90usb162,Microchip,AVR,AVR 8-bit,AT90 specialty AVR,AT90USB162,AT90USB162-16AU,-16AU,,,,TQFP32,-40..85 °C,,unknown,microchip-avr-atdf:ATmega_DFP@3.6.299,https://packs.download.microchip.com/Microchip.ATmega_DFP.3.6.299.atpack,2026-08-12T17:20:34+00:00,manufacturer_device_database,atdf_variant_record
microchip::at90usb162-16aur,microchip::at90usb162,Microchip,AVR,AVR 8-bit,AT90 specialty AVR,AT90USB162,AT90USB162-16AUR,-16AUR,,,,TQFP32,-40..85 °C,,unknown,microchip-avr-atdf:ATmega_DFP@3.6.299,https://packs.download.microchip.com/Microchip.ATmega_DFP.3.6.299.atpack,2026-08-12T17:20:34+00:00,manufacturer_device_database,atdf_variant_record
microchip::at90usb162-16mu,microchip::at90usb162,Microchip,AVR,AVR 8-bit,AT90 specialty AVR,AT90USB162,AT90USB162-16MU,-16MU,,,,QFN32,-40..85 °C,,unknown,microchip-avr-atdf:ATmega_DFP@3.6.299,https://packs.download.microchip.com/Microchip.ATmega_DFP.3.6.299.atpack,2026-08-12T17:20:34+00:00,manufacturer_device_database,atdf_variant_record
microchip::at90usb162-16mur,microchip::at90usb162,Microchip,AVR,AVR 8-bit,AT90 specialty AVR,AT90USB162,AT90USB162-16MUR,-16MUR,,,,QFN32,-40..85 °C,,unknown,microchip-avr-atdf:ATmega_DFP@3.6.299,https://packs.download.microchip.com/Microchip.ATmega_DFP.3.6.299.atpack,2026-08-12T17:20:34+00:00,manufacturer_device_database,atdf_variant_record
microchip::at90usb646-au,microchip::at90usb646,Microchip,AVR,AVR 8-bit,AT90 specialty AVR,AT90USB646,AT90USB646-AU,-AU,,,,TQFP64,-40..85 °C,,unknown,microchip-avr-atdf:ATmega_DFP@3.6.299,https://packs.download.microchip.com/Microchip.ATmega_DFP.3.6.299.atpack,2026-08-12T17:20:34+00:00,manufacturer_device_database,atdf_variant_record
microchip::at90usb646-mu,microchip::at90usb646,Microchip,AVR,AVR 8-bit,AT90 specialty AVR,AT90USB646,AT90USB646-MU,-MU,,,,QFN64,-40..85 °C,,unknown,microchip-avr-atdf:ATmega_DFP@3.6.299,https://packs.download.microchip.com/Microchip.ATmega_DFP.3.6.299.atpack,2026-08-12T17:20:34+00:00,manufacturer_device_database,atdf_variant_record
microchip::at90usb647-au,microchip::at90usb647,Microchip,AVR,AVR 8-bit,AT90 specialty AVR,AT90USB647,AT90USB647-AU,-AU,,,,TQFP64,-40..85 °C,,unknown,microchip-avr-atdf:ATmega_DFP@3.6.299,https://packs.download.microchip.com/Microchip.ATmega_DFP.3.6.299.atpack,2026-08-12T17:20:34+00:00,manufacturer_device_database,atdf_variant_record
microchip::at90usb647-mu,microchip::at90usb647,Microchip,AVR,AVR 8-bit,AT90 specialty AVR,AT90USB647,AT90USB647-MU,-MU,,,,QFN64,-40..85 °C,,unknown,microchip-avr-atdf:ATmega_DFP@3.6.299,https://packs.download.microchip.com/Microchip.ATmega_DFP.3.6.299.atpack,2026-08-12T17:20:34+00:00,manufacturer_device_database,atdf_variant_record
microchip::at90usb82-16mu,microchip::at90usb82,Microchip,AVR,AVR 8-bit,AT90 specialty AVR,AT90USB82,AT90USB82-16MU,-16MU,,,,QFN32,-40..85 °C,,unknown,microchip-avr-atdf:ATmega_DFP@3.6.299,https://packs.download.microchip.com/Microchip.ATmega_DFP.3.6.299.atpack,2026-08-12T17:20:34+00:00,manufacturer_device_database,atdf_variant_record
microchip::at90usb82-16mur,microchip::at90usb82,Microchip,AVR,AVR 8-bit,AT90 specialty AVR,AT90USB82,AT90USB82-16MUR,-16MUR,,,,QFN32,-40..85 °C,,unknown,microchip-avr-atdf:ATmega_DFP@3.6.299,https://packs.download.microchip.com/Microchip.ATmega_DFP.3.6.299.atpack,2026-08-12T17:20:34+00:00,manufacturer_device_database,atdf_variant_record
microchip::atmega128rfa1-zf,microchip::atmega128rfa1,Microchip,AVR,AVR 8-bit,Classic ATmega,ATmega128RFA1,ATMEGA128RFA1-ZF,-ZF,,,,VQFN64,-40..125 °C,,unknown,microchip-avr-atdf:ATmega_DFP@3.6.299,https://packs.download.microchip.com/Microchip.ATmega_DFP.3.6.299.atpack,2026-08-12T17:20:34+00:00,manufacturer_device_database,atdf_variant_record
microchip::atmega128rfa1-zfr,microchip::atmega128rfa1,Microchip,AVR,AVR 8-bit,Classic ATmega,ATmega128RFA1,ATMEGA128RFA1-ZFR,-ZFR,,,,VQFN64,-40..125 °C,,unknown,microchip-avr-atdf:ATmega_DFP@3.6.299,https://packs.download.microchip.com/Microchip.ATmega_DFP.3.6.299.atpack,2026-08-12T17:20:34+00:00,manufacturer_device_database,atdf_variant_record
microchip::atmega128rfa1-zu,microchip::atmega128rfa1,Microchip,AVR,AVR 8-bit,Classic ATmega,ATmega128RFA1,ATMEGA128RFA1-ZU,-ZU,,,,VQFN64,-40..85 °C,,unknown,microchip-avr-atdf:ATmega_DFP@3.6.299,https://packs.download.microchip.com/Microchip.ATmega_DFP.3.6.299.atpack,2026-08-12T17:20:34+00:00,manufacturer_device_database,atdf_variant_record
microchip::atmega128rfa1-zu00,microchip::atmega128rfa1,Microchip,AVR,AVR 8-bit,Classic ATmega,ATmega128RFA1,ATMEGA128RFA1-ZU00,-ZU00,,,,VQFN64,-40..85 °C,,unknown,microchip-avr-atdf:ATmega_DFP@3.6.299,https://packs.download.microchip.com/Microchip.ATmega_DFP.3.6.299.atpack,2026-08-12T17:20:34+00:00,manufacturer_device_database,atdf_variant_record
microchip::atmega128rfa1-zur,microchip::atmega128rfa1,Microchip,AVR,AVR 8-bit,Classic ATmega,ATmega128RFA1,ATMEGA128RFA1-ZUR,-ZUR,,,,VQFN64,-40..85 °C,,unknown,microchip-avr-atdf:ATmega_DFP@3.6.299,https://packs.download.microchip.com/Microchip.ATmega_DFP.3.6.299.atpack,2026-08-12T17:20:34+00:00,manufacturer_device_database,atdf_variant_record
microchip::atmega128rfa1-zur00,microchip::atmega128rfa1,Microchip,AVR,AVR 8-bit,Classic ATmega,ATmega128RFA1,ATMEGA128RFA1-ZUR00,-ZUR00,,,,VQFN64,-40..85 °C,,unknown,microchip-avr-atdf:ATmega_DFP@3.6.299,https://packs.download.microchip.com/Microchip.ATmega_DFP.3.6.299.atpack,2026-08-12T17:20:34+00:00,manufacturer_device_database,atdf_variant_record
microchip::atmega16hvb-8x3,microchip::atmega16hvb,Microchip,AVR,AVR 8-bit,Classic ATmega,ATmega16HVB,ATMEGA16HVB-8X3,-8X3,,,,TSSOP44,-40..85 °C,,unknown,microchip-avr-atdf:ATmega_DFP@3.6.299,https://packs.download.microchip.com/Microchip.ATmega_DFP.3.6.299.atpack,2026-08-12T17:20:34+00:00,manufacturer_device_database,atdf_variant_record
microchip::atmega32hvb-8x3,microchip::atmega32hvb,Microchip,AVR,AVR 8-bit,Classic ATmega,ATmega32HVB,ATMEGA32HVB-8X3,-8X3,,,,TSSOP44,-40..85 °C,,unknown,microchip-avr-atdf:ATmega_DFP@3.6.299,https://packs.download.microchip.com/Microchip.ATmega_DFP.3.6.299.atpack,2026-08-12T17:20:34+00:00,manufacturer_device_database,atdf_variant_record
microchip::atmega8a-an,microchip::atmega8a,Microchip,AVR,AVR 8-bit,Classic ATmega,ATmega8A,ATMEGA8A-AN,-AN,,,,TQFP32,-40..105 °C,,unknown,microchip-avr-atdf:ATmega_DFP@3.6.299,https://packs.download.microchip.com/Microchip.ATmega_DFP.3.6.299.atpack,2026-08-12T17:20:34+00:00,manufacturer_device_database,atdf_variant_record
microchip::atmega8a-au,microchip::atmega8a,Microchip,AVR,AVR 8-bit,Classic ATmega,ATmega8A,ATMEGA8A-AU,-AU,,,,TQFP32,-40..85 °C,,unknown,microchip-avr-atdf:ATmega_DFP@3.6.299,https://packs.download.microchip.com/Microchip.ATmega_DFP.3.6.299.atpack,2026-08-12T17:20:34+00:00,manufacturer_device_database,atdf_variant_record
microchip::atmega8a-mn,microchip::atmega8a,Microchip,AVR,AVR 8-bit,Classic ATmega,ATmega8A,ATMEGA8A-MN,-MN,,,,PDIP28,-40..105 °C,,unknown,microchip-avr-atdf:ATmega_DFP@3.6.299,https://packs.download.microchip.com/Microchip.ATmega_DFP.3.6.299.atpack,2026-08-12T17:20:34+00:00,manufacturer_device_database,atdf_variant_record
microchip::atmega8a-mu,microchip::atmega8a,Microchip,AVR,AVR 8-bit,Classic ATmega,ATmega8A,ATMEGA8A-MU,-MU,,,,QFN32,-40..85 °C,,unknown,microchip-avr-atdf:ATmega_DFP@3.6.299,https://packs.download.microchip.com/Microchip.ATmega_DFP.3.6.299.atpack,2026-08-12T17:20:34+00:00,manufacturer_device_database,atdf_variant_record
microchip::atmega8a-pn,microchip::atmega8a,Microchip,AVR,AVR 8-bit,Classic ATmega,ATmega8A,ATMEGA8A-PN,-PN,,,,QFN32,-40..105 °C,,unknown,microchip-avr-atdf:ATmega_DFP@3.6.299,https://packs.download.microchip.com/Microchip.ATmega_DFP.3.6.299.atpack,2026-08-12T17:20:34+00:00,manufacturer_device_database,atdf_variant_record
microchip::atmega8a-pu,microchip::atmega8a,Microchip,AVR,AVR 8-bit,Classic ATmega,ATmega8A,ATMEGA8A-PU,-PU,,,,PDIP28,-40..85 °C,,unknown,microchip-avr-atdf:ATmega_DFP@3.6.299,https://packs.download.microchip.com/Microchip.ATmega_DFP.3.6.299.atpack,2026-08-12T17:20:34+00:00,manufacturer_device_database,atdf_variant_record
microchip::atsam3x4c-au,microchip::atsam3x4c,Microchip,SAM3,SAM3X,SAM3X4,ATSAM3X4C,ATSAM3X4C-AU,-AU,,,,LQFP100,-40..+85 °C,,unknown,atmel-atdf:SAM3X_DFP@1.0.50,https://www.keil.com/pack/Atmel.SAM3X_DFP.pdsc,2026-08-12T17:34:10+00:00,manufacturer_device_database,atdf_variant_record
microchip::atsam3x4c-cu,microchip::atsam3x4c,Microchip,SAM3,SAM3X,SAM3X4,ATSAM3X4C,ATSAM3X4C-CU,-CU,,,,LFBGA100,-40..+85 °C,,unknown,atmel-atdf:SAM3X_DFP@1.0.50,https://www.keil.com/pack/Atmel.SAM3X_DFP.pdsc,2026-08-12T17:34:10+00:00,manufacturer_device_database,atdf_variant_record
microchip::atsam3x4e-au,microchip::atsam3x4e,Microchip,SAM3,SAM3X,SAM3X4,ATSAM3X4E,ATSAM3X4E-AU,-AU,,,,LQFP144,-40..+85 °C,,unknown,atmel-atdf:SAM3X_DFP@1.0.50,https://www.keil.com/pack/Atmel.SAM3X_DFP.pdsc,2026-08-12T17:34:10+00:00,manufacturer_device_database,atdf_variant_record
microchip::atsam3x4e-cu,microchip::atsam3x4e,Microchip,SAM3,SAM3X,SAM3X4,ATSAM3X4E,ATSAM3X4E-CU,-CU,,,,LFBGA144,-40..+85 °C,,unknown,atmel-atdf:SAM3X_DFP@1.0.50,https://www.keil.com/pack/Atmel.SAM3X_DFP.pdsc,2026-08-12T17:34:10+00:00,manufacturer_device_database,atdf_variant_record
microchip::atsam3x8c-au,microchip::atsam3x8c,Microchip,SAM3,SAM3X,SAM3X8,ATSAM3X8C,ATSAM3X8C-AU,-AU,,,,LQFP100,-40..+85 °C,,unknown,atmel-atdf:SAM3X_DFP@1.0.50,https://www.keil.com/pack/Atmel.SAM3X_DFP.pdsc,2026-08-12T17:34:10+00:00,manufacturer_device_database,atdf_variant_record
microchip::atsam3x8c-cu,microchip::atsam3x8c,Microchip,SAM3,SAM3X,SAM3X8,ATSAM3X8C,ATSAM3X8C-CU,-CU,,,,LFBGA100,-40..+85 °C,,unknown,atmel-atdf:SAM3X_DFP@1.0.50,https://www.keil.com/pack/Atmel.SAM3X_DFP.pdsc,2026-08-12T17:34:10+00:00,manufacturer_device_database,atdf_variant_record
microchip::atsam3x8e-au,microchip::atsam3x8e,Microchip,SAM3,SAM3X,SAM3X8,ATSAM3X8E,ATSAM3X8E-AU,-AU,,,,LQFP144,-40..+85 °C,,unknown,atmel-atdf:SAM3X_DFP@1.0.50,https://www.keil.com/pack/Atmel.SAM3X_DFP.pdsc,2026-08-12T17:34:10+00:00,manufacturer_device_database,atdf_variant_record
microchip::atsam3x8e-cu,microchip::atsam3x8e,Microchip,SAM3,SAM3X,SAM3X8,ATSAM3X8E,ATSAM3X8E-CU,-CU,,,,LFBGA144,-40..+85 °C,,unknown,atmel-atdf:SAM3X_DFP@1.0.50,https://www.keil.com/pack/Atmel.SAM3X_DFP.pdsc,2026-08-12T17:34:10+00:00,manufacturer_device_database,atdf_variant_record
microchip::atsam3x8h-cu,microchip::atsam3x8h,Microchip,SAM3,SAM3X,SAM3X8,ATSAM3X8H,ATSAM3X8H-CU,-CU,,,,BGA217,-40..+85 °C,,unknown,atmel-atdf:SAM3X_DFP@1.0.50,https://www.keil.com/pack/Atmel.SAM3X_DFP.pdsc,2026-08-12T17:34:10+00:00,manufacturer_device_database,atdf_variant_record
microchip::atsamc20e15a-an,microchip::atsamc20e15a,Microchip,SAMC20,SAMC20,SAMC20,ATSAMC20E15A,ATSAMC20E15A-AN,-AN,,,,TQFP32,-40..105 °C,,unknown,microchip-atdf:SAMC20_DFP@3.6.222,https://packs.download.microchip.com/Microchip.SAMC20_DFP.3.6.222.pack,2026-08-12T09:31:18+00:00,manufacturer_device_database,atdf_variant_record
microchip::atsamc20e15a-au,microchip::atsamc20e15a,Microchip,SAMC20,SAMC20,SAMC20,ATSAMC20E15A,ATSAMC20E15A-AU,-AU,,,,TQFP32,-40..85 °C,,unknown,microchip-atdf:SAMC20_DFP@3.6.222,https://packs.download.microchip.com/Microchip.SAMC20_DFP.3.6.222.pack,2026-08-12T09:31:18+00:00,manufacturer_device_database,atdf_variant_record
microchip::atsamc20e15a-az,microchip::atsamc20e15a,Microchip,SAMC20,SAMC20,SAMC20,ATSAMC20E15A,ATSAMC20E15A-AZ,-AZ,,,,TQFP32,-40..125 °C,,unknown,microchip-atdf:SAMC20_DFP@3.6.222,https://packs.download.microchip.com/Microchip.SAMC20_DFP.3.6.222.pack,2026-08-12T09:31:18+00:00,manufacturer_device_database,atdf_variant_record
microchip::atsamc20e15a-mn,microchip::atsamc20e15a,Microchip,SAMC20,SAMC20,SAMC20,ATSAMC20E15A,ATSAMC20E15A-MN,-MN,,,,QFN32,-40..105 °C,,unknown,microchip-atdf:SAMC20_DFP@3.6.222,https://packs.download.microchip.com/Microchip.SAMC20_DFP.3.6.222.pack,2026-08-12T09:31:18+00:00,manufacturer_device_database,atdf_variant_record
microchip::atsamc20e15a-mu,microchip::atsamc20e15a,Microchip,SAMC20,SAMC20,SAMC20,ATSAMC20E15A,ATSAMC20E15A-MU,-MU,,,,QFN32,-40..85 °C,,unknown,microchip-atdf:SAMC20_DFP@3.6.222,https://packs.download.microchip.com/Microchip.SAMC20_DFP.3.6.222.pack,2026-08-12T09:31:18+00:00,manufacturer_device_database,atdf_variant_record
microchip::atsamc20e15a-mz,microchip::atsamc20e15a,Microchip,SAMC20,SAMC20,SAMC20,ATSAMC20E15A,ATSAMC20E15A-MZ,-MZ,,,,QFN32,-40..125 °C,,unknown,microchip-atdf:SAMC20_DFP@3.6.222,https://packs.download.microchip.com/Microchip.SAMC20_DFP.3.6.222.pack,2026-08-12T09:31:18+00:00,manufacturer_device_database,atdf_variant_record
microchip::atsamc20e16a-an,microchip::atsamc20e16a,Microchip,SAMC20,SAMC20,SAMC20,ATSAMC20E16A,ATSAMC20E16A-AN,-AN,,,,TQFP32,-40..105 °C,,unknown,microchip-atdf:SAMC20_DFP@3.6.222,https://packs.download.microchip.com/Microchip.SAMC20_DFP.3.6.222.pack,2026-08-12T09:31:18+00:00,manufacturer_device_database,atdf_variant_record
microchip::atsamc20e16a-au,microchip::atsamc20e16a,Microchip,SAMC20,SAMC20,SAMC20,ATSAMC20E16A,ATSAMC20E16A-AU,-AU,,,,TQFP32,-40..85 °C,,unknown,microchip-atdf:SAMC20_DFP@3.6.222,https://packs.download.microchip.com/Microchip.SAMC20_DFP.3.6.222.pack,2026-08-12T09:31:18+00:00,manufacturer_device_database,atdf_variant_record
microchip::atsamc20e16a-az,microchip::atsamc20e16a,Microchip,SAMC20,SAMC20,SAMC20,ATSAMC20E16A,ATSAMC20E16A-AZ,-AZ,,,,TQFP32,-40..125 °C,,unknown,microchip-atdf:SAMC20_DFP@3.6.222,https://packs.download.microchip.com/Microchip.SAMC20_DFP.3.6.222.pack,2026-08-12T09:31:18+00:00,manufacturer_device_database,atdf_variant_record
microchip::atsamc20e16a-mn,microchip::atsamc20e16a,Microchip,SAMC20,SAMC20,SAMC20,ATSAMC20E16A,ATSAMC20E16A-MN,-MN,,,,QFN32,-40..105 °C,,unknown,microchip-atdf:SAMC20_DFP@3.6.222,https://packs.download.microchip.com/Microchip.SAMC20_DFP.3.6.222.pack,2026-08-12T09:31:18+00:00,manufacturer_device_database,atdf_variant_record
microchip::atsamc20e16a-mu,microchip::atsamc20e16a,Microchip,SAMC20,SAMC20,SAMC20,ATSAMC20E16A,ATSAMC20E16A-MU,-MU,,,,QFN32,-40..85 °C,,unknown,microchip-atdf:SAMC20_DFP@3.6.222,https://packs.download.microchip.com/Microchip.SAMC20_DFP.3.6.222.pack,2026-08-12T09:31:18+00:00,manufacturer_device_database,atdf_variant_record
microchip::atsamc20e16a-mz,microchip::atsamc20e16a,Microchip,SAMC20,SAMC20,SAMC20,ATSAMC20E16A,ATSAMC20E16A-MZ,-MZ,,,,QFN32,-40..125 °C,,unknown,microchip-atdf:SAMC20_DFP@3.6.222,https://packs.download.microchip.com/Microchip.SAMC20_DFP.3.6.222.pack,2026-08-12T09:31:18+00:00,manufacturer_device_database,atdf_variant_record
microchip::atsamc20e17a-an,microchip::atsamc20e17a,Microchip,SAMC20,SAMC20,SAMC20,ATSAMC20E17A,ATSAMC20E17A-AN,-AN,,,,TQFP32,-40..105 °C,,unknown,microchip-atdf:SAMC20_DFP@3.6.222,https://packs.download.microchip.com/Microchip.SAMC20_DFP.3.6.222.pack,2026-08-12T09:31:18+00:00,manufacturer_device_database,atdf_variant_record
microchip::atsamc20e17a-au,microchip::atsamc20e17a,Microchip,SAMC20,SAMC20,SAMC20,ATSAMC20E17A,ATSAMC20E17A-AU,-AU,,,,TQFP32,-40..85 °C,,unknown,microchip-atdf:SAMC20_DFP@3.6.222,https://packs.download.microchip.com/Microchip.SAMC20_DFP.3.6.222.pack,2026-08-12T09:31:18+00:00,manufacturer_device_database,atdf_variant_record
microchip::atsamc20e17a-az,microchip::atsamc20e17a,Microchip,SAMC20,SAMC20,SAMC20,ATSAMC20E17A,ATSAMC20E17A-AZ,-AZ,,,,TQFP32,-40..125 °C,,unknown,microchip-atdf:SAMC20_DFP@3.6.222,https://packs.download.microchip.com/Microchip.SAMC20_DFP.3.6.222.pack,2026-08-12T09:31:18+00:00,manufacturer_device_database,atdf_variant_record
microchip::atsamc20e17a-mn,microchip::atsamc20e17a,Microchip,SAMC20,SAMC20,SAMC20,ATSAMC20E17A,ATSAMC20E17A-MN,-MN,,,,QFN32,-40..105 °C,,unknown,microchip-atdf:SAMC20_DFP@3.6.222,https://packs.download.microchip.com/Microchip.SAMC20_DFP.3.6.222.pack,2026-08-12T09:31:18+00:00,manufacturer_device_database,atdf_variant_record
microchip::atsamc20e17a-mu,microchip::atsamc20e17a,Microchip,SAMC20,SAMC20,SAMC20,ATSAMC20E17A,ATSAMC20E17A-MU,-MU,,,,QFN32,-40..85 °C,,unknown,microchip-atdf:SAMC20_DFP@3.6.222,https://packs.download.microchip.com/Microchip.SAMC20_DFP.3.6.222.pack,2026-08-12T09:31:18+00:00,manufacturer_device_database,atdf_variant_record
microchip::atsamc20e17a-mz,microchip::atsamc20e17a,Microchip,SAMC20,SAMC20,SAMC20,ATSAMC20E17A,ATSAMC20E17A-MZ,-MZ,,,,QFN32,-40..125 °C,,unknown,microchip-atdf:SAMC20_DFP@3.6.222,https://packs.download.microchip.com/Microchip.SAMC20_DFP.3.6.222.pack,2026-08-12T09:31:18+00:00,manufacturer_device_database,atdf_variant_record
microchip::atsamc20e18a-an,microchip::atsamc20e18a,Microchip,SAMC20,SAMC20,SAMC20,ATSAMC20E18A,ATSAMC20E18A-AN,-AN,,,,TQFP32,-40..105 °C,,unknown,microchip-atdf:SAMC20_DFP@3.6.222,https://packs.download.microchip.com/Microchip.SAMC20_DFP.3.6.222.pack,2026-08-12T09:31:18+00:00,manufacturer_device_database,atdf_variant_record
microchip::atsamc20e18a-au,microchip::atsamc20e18a,Microchip,SAMC20,SAMC20,SAMC20,ATSAMC20E18A,ATSAMC20E18A-AU,-AU,,,,TQFP32,-40..85 °C,,unknown,microchip-atdf:SAMC20_DFP@3.6.222,https://packs.download.microchip.com/Microchip.SAMC20_DFP.3.6.222.pack,2026-08-12T09:31:18+00:00,manufacturer_device_database,atdf_variant_record
microchip::atsamc20e18a-az,microchip::atsamc20e18a,Microchip,SAMC20,SAMC20,SAMC20,ATSAMC20E18A,ATSAMC20E18A-AZ,-AZ,,,,TQFP32,-40..125 °C,,unknown,microchip-atdf:SAMC20_DFP@3.6.222,https://packs.download.microchip.com/Microchip.SAMC20_DFP.3.6.222.pack,2026-08-12T09:31:18+00:00,manufacturer_device_database,atdf_variant_record
microchip::atsamc20e18a-mn,microchip::atsamc20e18a,Microchip,SAMC20,SAMC20,SAMC20,ATSAMC20E18A,ATSAMC20E18A-MN,-MN,,,,QFN32,-40..105 °C,,unknown,microchip-atdf:SAMC20_DFP@3.6.222,https://packs.download.microchip.com/Microchip.SAMC20_DFP.3.6.222.pack,2026-08-12T09:31:18+00:00,manufacturer_device_database,atdf_variant_record
microchip::atsamc20e18a-mu,microchip::atsamc20e18a,Microchip,SAMC20,SAMC20,SAMC20,ATSAMC20E18A,ATSAMC20E18A-MU,-MU,,,,QFN32,-40..85 °C,,unknown,microchip-atdf:SAMC20_DFP@3.6.222,https://packs.download.microchip.com/Microchip.SAMC20_DFP.3.6.222.pack,2026-08-12T09:31:18+00:00,manufacturer_device_database,atdf_variant_record
microchip::atsamc20e18a-mz,microchip::atsamc20e18a,Microchip,SAMC20,SAMC20,SAMC20,ATSAMC20E18A,ATSAMC20E18A-MZ,-MZ,,,,QFN32,-40..125 °C,,unknown,microchip-atdf:SAMC20_DFP@3.6.222,https://packs.download.microchip.com/Microchip.SAMC20_DFP.3.6.222.pack,2026-08-12T09:31:18+00:00,manufacturer_device_database,atdf_variant_record
microchip::atsamc20g15a-an,microchip::atsamc20g15a,Microchip,SAMC20,SAMC20,SAMC20,ATSAMC20G15A,ATSAMC20G15A-AN,-AN,,,,TQFP48,-40..105 °C,,unknown,microchip-atdf:SAMC20_DFP@3.6.222,https://packs.download.microchip.com/Microchip.SAMC20_DFP.3.6.222.pack,2026-08-12T09:31:18+00:00,manufacturer_device_database,atdf_variant_record
microchip::atsamc20g15a-au,microchip::atsamc20g15a,Microchip,SAMC20,SAMC20,SAMC20,ATSAMC20G15A,ATSAMC20G15A-AU,-AU,,,,TQFP48,-40..85 °C,,unknown,microchip-atdf:SAMC20_DFP@3.6.222,https://packs.download.microchip.com/Microchip.SAMC20_DFP.3.6.222.pack,2026-08-12T09:31:18+00:00,manufacturer_device_database,atdf_variant_record
microchip::atsamc20g15a-az,microchip::atsamc20g15a,Microchip,SAMC20,SAMC20,SAMC20,ATSAMC20G15A,ATSAMC20G15A-AZ,-AZ,,,,TQFP48,-40..125 °C,,unknown,microchip-atdf:SAMC20_DFP@3.6.222,https://packs.download.microchip.com/Microchip.SAMC20_DFP.3.6.222.pack,2026-08-12T09:31:18+00:00,manufacturer_device_database,atdf_variant_record
microchip::atsamc20g15a-mn,microchip::atsamc20g15a,Microchip,SAMC20,SAMC20,SAMC20,ATSAMC20G15A,ATSAMC20G15A-MN,-MN,,,,QFN48,-40..105 °C,,unknown,microchip-atdf:SAMC20_DFP@3.6.222,https://packs.download.microchip.com/Microchip.SAMC20_DFP.3.6.222.pack,2026-08-12T09:31:18+00:00,manufacturer_device_database,atdf_variant_record
microchip::atsamc20g15a-mu,microchip::atsamc20g15a,Microchip,SAMC20,SAMC20,SAMC20,ATSAMC20G15A,ATSAMC20G15A-MU,-MU,,,,QFN48,-40..85 °C,,unknown,microchip-atdf:SAMC20_DFP@3.6.222,https://packs.download.microchip.com/Microchip.SAMC20_DFP.3.6.222.pack,2026-08-12T09:31:18+00:00,manufacturer_device_database,atdf_variant_record
microchip::atsamc20g15a-mz,microchip::atsamc20g15a,Microchip,SAMC20,SAMC20,SAMC20,ATSAMC20G15A,ATSAMC20G15A-MZ,-MZ,,,,QFN48,-40..125 °C,,unknown,microchip-atdf:SAMC20_DFP@3.6.222,https://packs.download.microchip.com/Microchip.SAMC20_DFP.3.6.222.pack,2026-08-12T09:31:18+00:00,manufacturer_device_database,atdf_variant_record
microchip::atsamc20g16a-an,microchip::atsamc20g16a,Microchip,SAMC20,SAMC20,SAMC20,ATSAMC20G16A,ATSAMC20G16A-AN,-AN,,,,TQFP48,-40..105 °C,,unknown,microchip-atdf:SAMC20_DFP@3.6.222,https://packs.download.microchip.com/Microchip.SAMC20_DFP.3.6.222.pack,2026-08-12T09:31:18+00:00,manufacturer_device_database,atdf_variant_record
microchip::atsamc20g16a-au,microchip::atsamc20g16a,Microchip,SAMC20,SAMC20,SAMC20,ATSAMC20G16A,ATSAMC20G16A-AU,-AU,,,,TQFP48,-40..85 °C,,unknown,microchip-atdf:SAMC20_DFP@3.6.222,https://packs.download.microchip.com/Microchip.SAMC20_DFP.3.6.222.pack,2026-08-12T09:31:18+00:00,manufacturer_device_database,atdf_variant_record
microchip::atsamc20g16a-az,microchip::atsamc20g16a,Microchip,SAMC20,SAMC20,SAMC20,ATSAMC20G16A,ATSAMC20G16A-AZ,-AZ,,,,TQFP48,-40..125 °C,,unknown,microchip-atdf:SAMC20_DFP@3.6.222,https://packs.download.microchip.com/Microchip.SAMC20_DFP.3.6.222.pack,2026-08-12T09:31:18+00:00,manufacturer_device_database,atdf_variant_record
microchip::atsamc20g16a-mn,microchip::atsamc20g16a,Microchip,SAMC20,SAMC20,SAMC20,ATSAMC20G16A,ATSAMC20G16A-MN,-MN,,,,QFN48,-40..105 °C,,unknown,microchip-atdf:SAMC20_DFP@3.6.222,https://packs.download.microchip.com/Microchip.SAMC20_DFP.3.6.222.pack,2026-08-12T09:31:18+00:00,manufacturer_device_database,atdf_variant_record
microchip::atsamc20g16a-mu,microchip::atsamc20g16a,Microchip,SAMC20,SAMC20,SAMC20,ATSAMC20G16A,ATSAMC20G16A-MU,-MU,,,,QFN48,-40..85 °C,,unknown,microchip-atdf:SAMC20_DFP@3.6.222,https://packs.download.microchip.com/Microchip.SAMC20_DFP.3.6.222.pack,2026-08-12T09:31:18+00:00,manufacturer_device_database,atdf_variant_record
microchip::atsamc20g16a-mz,microchip::atsamc20g16a,Microchip,SAMC20,SAMC20,SAMC20,ATSAMC20G16A,ATSAMC20G16A-MZ,-MZ,,,,QFN48,-40..125 °C,,unknown,microchip-atdf:SAMC20_DFP@3.6.222,https://packs.download.microchip.com/Microchip.SAMC20_DFP.3.6.222.pack,2026-08-12T09:31:18+00:00,manufacturer_device_database,atdf_variant_record
microchip::atsamc20g17a-an,microchip::atsamc20g17a,Microchip,SAMC20,SAMC20,SAMC20,ATSAMC20G17A,ATSAMC20G17A-AN,-AN,,,,TQFP48,-40..105 °C,,unknown,microchip-atdf:SAMC20_DFP@3.6.222,https://packs.download.microchip.com/Microchip.SAMC20_DFP.3.6.222.pack,2026-08-12T09:31:18+00:00,manufacturer_device_database,atdf_variant_record
microchip::atsamc20g17a-au,microchip::atsamc20g17a,Microchip,SAMC20,SAMC20,SAMC20,ATSAMC20G17A,ATSAMC20G17A-AU,-AU,,,,TQFP48,-40..85 °C,,unknown,microchip-atdf:SAMC20_DFP@3.6.222,https://packs.download.microchip.com/Microchip.SAMC20_DFP.3.6.222.pack,2026-08-12T09:31:18+00:00,manufacturer_device_database,atdf_variant_record
microchip::atsamc20g17a-az,microchip::atsamc20g17a,Microchip,SAMC20,SAMC20,SAMC20,ATSAMC20G17A,ATSAMC20G17A-AZ,-AZ,,,,TQFP48,-40..125 °C,,unknown,microchip-atdf:SAMC20_DFP@3.6.222,https://packs.download.microchip.com/Microchip.SAMC20_DFP.3.6.222.pack,2026-08-12T09:31:18+00:00,manufacturer_device_database,atdf_variant_record
microchip::atsamc20g17a-mn,microchip::atsamc20g17a,Microchip,SAMC20,SAMC20,SAMC20,ATSAMC20G17A,ATSAMC20G17A-MN,-MN,,,,QFN48,-40..105 °C,,unknown,microchip-atdf:SAMC20_DFP@3.6.222,https://packs.download.microchip.com/Microchip.SAMC20_DFP.3.6.222.pack,2026-08-12T09:31:18+00:00,manufacturer_device_database,atdf_variant_record
microchip::atsamc20g17a-mu,microchip::atsamc20g17a,Microchip,SAMC20,SAMC20,SAMC20,ATSAMC20G17A,ATSAMC20G17A-MU,-MU,,,,QFN48,-40..85 °C,,unknown,microchip-atdf:SAMC20_DFP@3.6.222,https://packs.download.microchip.com/Microchip.SAMC20_DFP.3.6.222.pack,2026-08-12T09:31:18+00:00,manufacturer_device_database,atdf_variant_record
microchip::atsamc20g17a-mz,microchip::atsamc20g17a,Microchip,SAMC20,SAMC20,SAMC20,ATSAMC20G17A,ATSAMC20G17A-MZ,-MZ,,,,QFN48,-40..125 °C,,unknown,microchip-atdf:SAMC20_DFP@3.6.222,https://packs.download.microchip.com/Microchip.SAMC20_DFP.3.6.222.pack,2026-08-12T09:31:18+00:00,manufacturer_device_database,atdf_variant_record
microchip::atsamc20g18a-an,microchip::atsamc20g18a,Microchip,SAMC20,SAMC20,SAMC20,ATSAMC20G18A,ATSAMC20G18A-AN,-AN,,,,TQFP48,-40..105 °C,,unknown,microchip-atdf:SAMC20_DFP@3.6.222,https://packs.download.microchip.com/Microchip.SAMC20_DFP.3.6.222.pack,2026-08-12T09:31:18+00:00,manufacturer_device_database,atdf_variant_record
microchip::atsamc20g18a-au,microchip::atsamc20g18a,Microchip,SAMC20,SAMC20,SAMC20,ATSAMC20G18A,ATSAMC20G18A-AU,-AU,,,,TQFP48,-40..85 °C,,unknown,microchip-atdf:SAMC20_DFP@3.6.222,https://packs.download.microchip.com/Microchip.SAMC20_DFP.3.6.222.pack,2026-08-12T09:31:18+00:00,manufacturer_device_database,atdf_variant_record
microchip::atsamc20g18a-az,microchip::atsamc20g18a,Microchip,SAMC20,SAMC20,SAMC20,ATSAMC20G18A,ATSAMC20G18A-AZ,-AZ,,,,TQFP48,-40..125 °C,,unknown,microchip-atdf:SAMC20_DFP@3.6.222,https://packs.download.microchip.com/Microchip.SAMC20_DFP.3.6.222.pack,2026-08-12T09:31:18+00:00,manufacturer_device_database,atdf_variant_record
microchip::atsamc20g18a-mn,microchip::atsamc20g18a,Microchip,SAMC20,SAMC20,SAMC20,ATSAMC20G18A,ATSAMC20G18A-MN,-MN,,,,QFN48,-40..105 °C,,unknown,microchip-atdf:SAMC20_DFP@3.6.222,https://packs.download.microchip.com/Microchip.SAMC20_DFP.3.6.222.pack,2026-08-12T09:31:18+00:00,manufacturer_device_database,atdf_variant_record
microchip::atsamc20g18a-mu,microchip::atsamc20g18a,Microchip,SAMC20,SAMC20,SAMC20,ATSAMC20G18A,ATSAMC20G18A-MU,-MU,,,,QFN48,-40..85 °C,,unknown,microchip-atdf:SAMC20_DFP@3.6.222,https://packs.download.microchip.com/Microchip.SAMC20_DFP.3.6.222.pack,2026-08-12T09:31:18+00:00,manufacturer_device_database,atdf_variant_record
microchip::atsamc20g18a-mz,microchip::atsamc20g18a,Microchip,SAMC20,SAMC20,SAMC20,ATSAMC20G18A,ATSAMC20G18A-MZ,-MZ,,,,QFN48,-40..125 °C,,unknown,microchip-atdf:SAMC20_DFP@3.6.222,https://packs.download.microchip.com/Microchip.SAMC20_DFP.3.6.222.pack,2026-08-12T09:31:18+00:00,manufacturer_device_database,atdf_variant_record
microchip::atsamc20j15a-an,microchip::atsamc20j15a,Microchip,SAMC20,SAMC20,SAMC20,ATSAMC20J15A,ATSAMC20J15A-AN,-AN,,,,TQFP64,-40..105 °C,,unknown,microchip-atdf:SAMC20_DFP@3.6.222,https://packs.download.microchip.com/Microchip.SAMC20_DFP.3.6.222.pack,2026-08-12T09:31:18+00:00,manufacturer_device_database,atdf_variant_record
microchip::atsamc20j15a-au,microchip::atsamc20j15a,Microchip,SAMC20,SAMC20,SAMC20,ATSAMC20J15A,ATSAMC20J15A-AU,-AU,,,,TQFP64,-40..85 °C,,unknown,microchip-atdf:SAMC20_DFP@3.6.222,https://packs.download.microchip.com/Microchip.SAMC20_DFP.3.6.222.pack,2026-08-12T09:31:18+00:00,manufacturer_device_database,atdf_variant_record
microchip::atsamc20j15a-az,microchip::atsamc20j15a,Microchip,SAMC20,SAMC20,SAMC20,ATSAMC20J15A,ATSAMC20J15A-AZ,-AZ,,,,TQFP64,-40..125 °C,,unknown,microchip-atdf:SAMC20_DFP@3.6.222,https://packs.download.microchip.com/Microchip.SAMC20_DFP.3.6.222.pack,2026-08-12T09:31:18+00:00,manufacturer_device_database,atdf_variant_record
microchip::atsamc20j15a-mn,microchip::atsamc20j15a,Microchip,SAMC20,SAMC20,SAMC20,ATSAMC20J15A,ATSAMC20J15A-MN,-MN,,,,QFN64,-40..105 °C,,unknown,microchip-atdf:SAMC20_DFP@3.6.222,https://packs.download.microchip.com/Microchip.SAMC20_DFP.3.6.222.pack,2026-08-12T09:31:18+00:00,manufacturer_device_database,atdf_variant_record
microchip::atsamc20j15a-mu,microchip::atsamc20j15a,Microchip,SAMC20,SAMC20,SAMC20,ATSAMC20J15A,ATSAMC20J15A-MU,-MU,,,,QFN64,-40..85 °C,,unknown,microchip-atdf:SAMC20_DFP@3.6.222,https://packs.download.microchip.com/Microchip.SAMC20_DFP.3.6.222.pack,2026-08-12T09:31:18+00:00,manufacturer_device_database,atdf_variant_record
microchip::atsamc20j15a-mz,microchip::atsamc20j15a,Microchip,SAMC20,SAMC20,SAMC20,ATSAMC20J15A,ATSAMC20J15A-MZ,-MZ,,,,QFN64,-40..125 °C,,unknown,microchip-atdf:SAMC20_DFP@3.6.222,https://packs.download.microchip.com/Microchip.SAMC20_DFP.3.6.222.pack,2026-08-12T09:31:18+00:00,manufacturer_device_database,atdf_variant_record
microchip::atsamc20j16a-an,microchip::atsamc20j16a,Microchip,SAMC20,SAMC20,SAMC20,ATSAMC20J16A,ATSAMC20J16A-AN,-AN,,,,TQFP64,-40..105 °C,,unknown,microchip-atdf:SAMC20_DFP@3.6.222,https://packs.download.microchip.com/Microchip.SAMC20_DFP.3.6.222.pack,2026-08-12T09:31:18+00:00,manufacturer_device_database,atdf_variant_record
microchip::atsamc20j16a-au,microchip::atsamc20j16a,Microchip,SAMC20,SAMC20,SAMC20,ATSAMC20J16A,ATSAMC20J16A-AU,-AU,,,,TQFP64,-40..85 °C,,unknown,microchip-atdf:SAMC20_DFP@3.6.222,https://packs.download.microchip.com/Microchip.SAMC20_DFP.3.6.222.pack,2026-08-12T09:31:18+00:00,manufacturer_device_database,atdf_variant_record
microchip::atsamc20j16a-az,microchip::atsamc20j16a,Microchip,SAMC20,SAMC20,SAMC20,ATSAMC20J16A,ATSAMC20J16A-AZ,-AZ,,,,TQFP64,-40..125 °C,,unknown,microchip-atdf:SAMC20_DFP@3.6.222,https://packs.download.microchip.com/Microchip.SAMC20_DFP.3.6.222.pack,2026-08-12T09:31:18+00:00,manufacturer_device_database,atdf_variant_record
microchip::atsamc20j16a-mn,microchip::atsamc20j16a,Microchip,SAMC20,SAMC20,SAMC20,ATSAMC20J16A,ATSAMC20J16A-MN,-MN,,,,QFN64,-40..105 °C,,unknown,microchip-atdf:SAMC20_DFP@3.6.222,https://packs.download.microchip.com/Microchip.SAMC20_DFP.3.6.222.pack,2026-08-12T09:31:18+00:00,manufacturer_device_database,atdf_variant_record
microchip::atsamc20j16a-mu,microchip::atsamc20j16a,Microchip,SAMC20,SAMC20,SAMC20,ATSAMC20J16A,ATSAMC20J16A-MU,-MU,,,,QFN64,-40..85 °C,,unknown,microchip-atdf:SAMC20_DFP@3.6.222,https://packs.download.microchip.com/Microchip.SAMC20_DFP.3.6.222.pack,2026-08-12T09:31:18+00:00,manufacturer_device_database,atdf_variant_record
microchip::atsamc20j16a-mz,microchip::atsamc20j16a,Microchip,SAMC20,SAMC20,SAMC20,ATSAMC20J16A,ATSAMC20J16A-MZ,-MZ,,,,QFN64,-40..125 °C,,unknown,microchip-atdf:SAMC20_DFP@3.6.222,https://packs.download.microchip.com/Microchip.SAMC20_DFP.3.6.222.pack,2026-08-12T09:31:18+00:00,manufacturer_device_database,atdf_variant_record
microchip::atsamc20j17a-an,microchip::atsamc20j17a,Microchip,SAMC20,SAMC20,SAMC20,ATSAMC20J17A,ATSAMC20J17A-AN,-AN,,,,TQFP64,-40..105 °C,,unknown,microchip-atdf:SAMC20_DFP@3.6.222,https://packs.download.microchip.com/Microchip.SAMC20_DFP.3.6.222.pack,2026-08-12T09:31:18+00:00,manufacturer_device_database,atdf_variant_record
microchip::atsamc20j17a-au,microchip::atsamc20j17a,Microchip,SAMC20,SAMC20,SAMC20,ATSAMC20J17A,ATSAMC20J17A-AU,-AU,,,,TQFP64,-40..85 °C,,unknown,microchip-atdf:SAMC20_DFP@3.6.222,https://packs.download.microchip.com/Microchip.SAMC20_DFP.3.6.222.pack,2026-08-12T09:31:18+00:00,manufacturer_device_database,atdf_variant_record
microchip::atsamc20j17a-az,microchip::atsamc20j17a,Microchip,SAMC20,SAMC20,SAMC20,ATSAMC20J17A,ATSAMC20J17A-AZ,-AZ,,,,TQFP64,-40..125 °C,,unknown,microchip-atdf:SAMC20_DFP@3.6.222,https://packs.download.microchip.com/Microchip.SAMC20_DFP.3.6.222.pack,2026-08-12T09:31:18+00:00,manufacturer_device_database,atdf_variant_record
microchip::atsamc20j17a-mn,microchip::atsamc20j17a,Microchip,SAMC20,SAMC20,SAMC20,ATSAMC20J17A,ATSAMC20J17A-MN,-MN,,,,QFN64,-40..105 °C,,unknown,microchip-atdf:SAMC20_DFP@3.6.222,https://packs.download.microchip.com/Microchip.SAMC20_DFP.3.6.222.pack,2026-08-12T09:31:18+00:00,manufacturer_device_database,atdf_variant_record
microchip::atsamc20j17a-mu,microchip::atsamc20j17a,Microchip,SAMC20,SAMC20,SAMC20,ATSAMC20J17A,ATSAMC20J17A-MU,-MU,,,,QFN64,-40..85 °C,,unknown,microchip-atdf:SAMC20_DFP@3.6.222,https://packs.download.microchip.com/Microchip.SAMC20_DFP.3.6.222.pack,2026-08-12T09:31:18+00:00,manufacturer_device_database,atdf_variant_record
microchip::atsamc20j17a-mz,microchip::atsamc20j17a,Microchip,SAMC20,SAMC20,SAMC20,ATSAMC20J17A,ATSAMC20J17A-MZ,-MZ,,,,QFN64,-40..125 °C,,unknown,microchip-atdf:SAMC20_DFP@3.6.222,https://packs.download.microchip.com/Microchip.SAMC20_DFP.3.6.222.pack,2026-08-12T09:31:18+00:00,manufacturer_device_database,atdf_variant_record
microchip::atsamc20j17a-uu,microchip::atsamc20j17au,Microchip,SAMC20,SAMC20,SAMC20,ATSAMC20J17AU,ATSAMC20J17A-UU,,,,,WLCSP56,-40..85 °C,,unknown,microchip-atdf:SAMC20_DFP@3.6.222,https://packs.download.microchip.com/Microchip.SAMC20_DFP.3.6.222.pack,2026-08-12T09:31:18+00:00,manufacturer_device_database,atdf_variant_record
microchip::atsamc20j18a-an,microchip::atsamc20j18a,Microchip,SAMC20,SAMC20,SAMC20,ATSAMC20J18A,ATSAMC20J18A-AN,-AN,,,,TQFP64,-40..105 °C,,unknown,microchip-atdf:SAMC20_DFP@3.6.222,https://packs.download.microchip.com/Microchip.SAMC20_DFP.3.6.222.pack,2026-08-12T09:31:18+00:00,manufacturer_device_database,atdf_variant_record
microchip::atsamc20j18a-au,microchip::atsamc20j18a,Microchip,SAMC20,SAMC20,SAMC20,ATSAMC20J18A,ATSAMC20J18A-AU,-AU,,,,TQFP64,-40..85 °C,,unknown,microchip-atdf:SAMC20_DFP@3.6.222,https://packs.download.microchip.com/Microchip.SAMC20_DFP.3.6.222.pack,2026-08-12T09:31:18+00:00,manufacturer_device_database,atdf_variant_record
microchip::atsamc20j18a-az,microchip::atsamc20j18a,Microchip,SAMC20,SAMC20,SAMC20,ATSAMC20J18A,ATSAMC20J18A-AZ,-AZ,,,,TQFP64,-40..125 °C,,unknown,microchip-atdf:SAMC20_DFP@3.6.222,https://packs.download.microchip.com/Microchip.SAMC20_DFP.3.6.222.pack,2026-08-12T09:31:18+00:00,manufacturer_device_database,atdf_variant_record
microchip::atsamc20j18a-mn,microchip::atsamc20j18a,Microchip,SAMC20,SAMC20,SAMC20,ATSAMC20J18A,ATSAMC20J18A-MN,-MN,,,,QFN64,-40..105 °C,,unknown,microchip-atdf:SAMC20_DFP@3.6.222,https://packs.download.microchip.com/Microchip.SAMC20_DFP.3.6.222.pack,2026-08-12T09:31:18+00:00,manufacturer_device_database,atdf_variant_record
microchip::atsamc20j18a-mu,microchip::atsamc20j18a,Microchip,SAMC20,SAMC20,SAMC20,ATSAMC20J18A,ATSAMC20J18A-MU,-MU,,,,QFN64,-40..85 °C,,unknown,microchip-atdf:SAMC20_DFP@3.6.222,https://packs.download.microchip.com/Microchip.SAMC20_DFP.3.6.222.pack,2026-08-12T09:31:18+00:00,manufacturer_device_database,atdf_variant_record
microchip::atsamc20j18a-mz,microchip::atsamc20j18a,Microchip,SAMC20,SAMC20,SAMC20,ATSAMC20J18A,ATSAMC20J18A-MZ,-MZ,,,,QFN64,-40..125 °C,,unknown,microchip-atdf:SAMC20_DFP@3.6.222,https://packs.download.microchip.com/Microchip.SAMC20_DFP.3.6.222.pack,2026-08-12T09:31:18+00:00,manufacturer_device_database,atdf_variant_record
microchip::atsamc20j18a-uu,microchip::atsamc20j18au,Microchip,SAMC20,SAMC20,SAMC20,ATSAMC20J18AU,ATSAMC20J18A-UU,,,,,WLCSP56,-40..85 °C,,unknown,microchip-atdf:SAMC20_DFP@3.6.222,https://packs.download.microchip.com/Microchip.SAMC20_DFP.3.6.222.pack,2026-08-12T09:31:18+00:00,manufacturer_device_database,atdf_variant_record
microchip::atsamc20n17a-an,microchip::atsamc20n17a,Microchip,SAMC20,SAMC20,SAMC20,ATSAMC20N17A,ATSAMC20N17A-AN,-AN,,,,TQFP100,-40..105 °C,,unknown,microchip-atdf:SAMC20_DFP@3.6.222,https://packs.download.microchip.com/Microchip.SAMC20_DFP.3.6.222.pack,2026-08-12T09:31:18+00:00,manufacturer_device_database,atdf_variant_record
microchip::atsamc20n17a-mn,microchip::atsamc20n17a,Microchip,SAMC20,SAMC20,SAMC20,ATSAMC20N17A,ATSAMC20N17A-MN,-MN,,,,QFN100,-40..105 °C,,unknown,microchip-atdf:SAMC20_DFP@3.6.222,https://packs.download.microchip.com/Microchip.SAMC20_DFP.3.6.222.pack,2026-08-12T09:31:18+00:00,manufacturer_device_database,atdf_variant_record
microchip::atsamc20n18a-an,microchip::atsamc20n18a,Microchip,SAMC20,SAMC20,SAMC20,ATSAMC20N18A,ATSAMC20N18A-AN,-AN,,,,TQFP100,-40..105 °C,,unknown,microchip-atdf:SAMC20_DFP@3.6.222,https://packs.download.microchip.com/Microchip.SAMC20_DFP.3.6.222.pack,2026-08-12T09:31:18+00:00,manufacturer_device_database,atdf_variant_record
microchip::atsamc20n18a-mn,microchip::atsamc20n18a,Microchip,SAMC20,SAMC20,SAMC20,ATSAMC20N18A,ATSAMC20N18A-MN,-MN,,,,QFN100,-40..105 °C,,unknown,microchip-atdf:SAMC20_DFP@3.6.222,https://packs.download.microchip.com/Microchip.SAMC20_DFP.3.6.222.pack,2026-08-12T09:31:18+00:00,manufacturer_device_database,atdf_variant_record
microchip::atsamc21e15a-an,microchip::atsamc21e15a,Microchip,SAMC21,SAMC21,SAMC21,ATSAMC21E15A,ATSAMC21E15A-AN,-AN,,,,TQFP32,-40..105 °C,,unknown,microchip-atdf:SAMC21_DFP@3.9.248,https://packs.download.microchip.com/Microchip.SAMC21_DFP.3.9.248.pack,2026-08-12T09:31:18+00:00,manufacturer_device_database,atdf_variant_record
microchip::atsamc21e15a-au,microchip::atsamc21e15a,Microchip,SAMC21,SAMC21,SAMC21,ATSAMC21E15A,ATSAMC21E15A-AU,-AU,,,,TQFP32,-40..85 °C,,unknown,microchip-atdf:SAMC21_DFP@3.9.248,https://packs.download.microchip.com/Microchip.SAMC21_DFP.3.9.248.pack,2026-08-12T09:31:18+00:00,manufacturer_device_database,atdf_variant_record
microchip::atsamc21e15a-az,microchip::atsamc21e15a,Microchip,SAMC21,SAMC21,SAMC21,ATSAMC21E15A,ATSAMC21E15A-AZ,-AZ,,,,TQFP32,-40..125 °C,,unknown,microchip-atdf:SAMC21_DFP@3.9.248,https://packs.download.microchip.com/Microchip.SAMC21_DFP.3.9.248.pack,2026-08-12T09:31:18+00:00,manufacturer_device_database,atdf_variant_record
microchip::atsamc21e15a-mn,microchip::atsamc21e15a,Microchip,SAMC21,SAMC21,SAMC21,ATSAMC21E15A,ATSAMC21E15A-MN,-MN,,,,QFN32,-40..105 °C,,unknown,microchip-atdf:SAMC21_DFP@3.9.248,https://packs.download.microchip.com/Microchip.SAMC21_DFP.3.9.248.pack,2026-08-12T09:31:18+00:00,manufacturer_device_database,atdf_variant_record
microchip::atsamc21e15a-mu,microchip::atsamc21e15a,Microchip,SAMC21,SAMC21,SAMC21,ATSAMC21E15A,ATSAMC21E15A-MU,-MU,,,,QFN32,-40..85 °C,,unknown,microchip-atdf:SAMC21_DFP@3.9.248,https://packs.download.microchip.com/Microchip.SAMC21_DFP.3.9.248.pack,2026-08-12T09:31:18+00:00,manufacturer_device_database,atdf_variant_record
microchip::atsamc21e15a-mz,microchip::atsamc21e15a,Microchip,SAMC21,SAMC21,SAMC21,ATSAMC21E15A,ATSAMC21E15A-MZ,-MZ,,,,QFN32,-40..125 °C,,unknown,microchip-atdf:SAMC21_DFP@3.9.248,https://packs.download.microchip.com/Microchip.SAMC21_DFP.3.9.248.pack,2026-08-12T09:31:18+00:00,manufacturer_device_database,atdf_variant_record
microchip::atsamc21e16a-an,microchip::atsamc21e16a,Microchip,SAMC21,SAMC21,SAMC21,ATSAMC21E16A,ATSAMC21E16A-AN,-AN,,,,TQFP32,-40..105 °C,,unknown,microchip-atdf:SAMC21_DFP@3.9.248,https://packs.download.microchip.com/Microchip.SAMC21_DFP.3.9.248.pack,2026-08-12T09:31:18+00:00,manufacturer_device_database,atdf_variant_record
microchip::atsamc21e16a-au,microchip::atsamc21e16a,Microchip,SAMC21,SAMC21,SAMC21,ATSAMC21E16A,ATSAMC21E16A-AU,-AU,,,,TQFP32,-40..85 °C,,unknown,microchip-atdf:SAMC21_DFP@3.9.248,https://packs.download.microchip.com/Microchip.SAMC21_DFP.3.9.248.pack,2026-08-12T09:31:18+00:00,manufacturer_device_database,atdf_variant_record
microchip::atsamc21e16a-az,microchip::atsamc21e16a,Microchip,SAMC21,SAMC21,SAMC21,ATSAMC21E16A,ATSAMC21E16A-AZ,-AZ,,,,TQFP32,-40..125 °C,,unknown,microchip-atdf:SAMC21_DFP@3.9.248,https://packs.download.microchip.com/Microchip.SAMC21_DFP.3.9.248.pack,2026-08-12T09:31:18+00:00,manufacturer_device_database,atdf_variant_record
microchip::atsamc21e16a-mn,microchip::atsamc21e16a,Microchip,SAMC21,SAMC21,SAMC21,ATSAMC21E16A,ATSAMC21E16A-MN,-MN,,,,QFN32,-40..105 °C,,unknown,microchip-atdf:SAMC21_DFP@3.9.248,https://packs.download.microchip.com/Microchip.SAMC21_DFP.3.9.248.pack,2026-08-12T09:31:18+00:00,manufacturer_device_database,atdf_variant_record
microchip::atsamc21e16a-mu,microchip::atsamc21e16a,Microchip,SAMC21,SAMC21,SAMC21,ATSAMC21E16A,ATSAMC21E16A-MU,-MU,,,,QFN32,-40..85 °C,,unknown,microchip-atdf:SAMC21_DFP@3.9.248,https://packs.download.microchip.com/Microchip.SAMC21_DFP.3.9.248.pack,2026-08-12T09:31:18+00:00,manufacturer_device_database,atdf_variant_record
microchip::atsamc21e16a-mz,microchip::atsamc21e16a,Microchip,SAMC21,SAMC21,SAMC21,ATSAMC21E16A,ATSAMC21E16A-MZ,-MZ,,,,QFN32,-40..125 °C,,unknown,microchip-atdf:SAMC21_DFP@3.9.248,https://packs.download.microchip.com/Microchip.SAMC21_DFP.3.9.248.pack,2026-08-12T09:31:18+00:00,manufacturer_device_database,atdf_variant_record
microchip::atsamc21e17a-an,microchip::atsamc21e17a,Microchip,SAMC21,SAMC21,SAMC21,ATSAMC21E17A,ATSAMC21E17A-AN,-AN,,,,TQFP32,-40..105 °C,,unknown,microchip-atdf:SAMC21_DFP@3.9.248,https://packs.download.microchip.com/Microchip.SAMC21_DFP.3.9.248.pack,2026-08-12T09:31:18+00:00,manufacturer_device_database,atdf_variant_record
microchip::atsamc21e17a-au,microchip::atsamc21e17a,Microchip,SAMC21,SAMC21,SAMC21,ATSAMC21E17A,ATSAMC21E17A-AU,-AU,,,,TQFP32,-40..85 °C,,unknown,microchip-atdf:SAMC21_DFP@3.9.248,https://packs.download.microchip.com/Microchip.SAMC21_DFP.3.9.248.pack,2026-08-12T09:31:18+00:00,manufacturer_device_database,atdf_variant_record
microchip::atsamc21e17a-az,microchip::atsamc21e17a,Microchip,SAMC21,SAMC21,SAMC21,ATSAMC21E17A,ATSAMC21E17A-AZ,-AZ,,,,TQFP32,-40..125 °C,,unknown,microchip-atdf:SAMC21_DFP@3.9.248,https://packs.download.microchip.com/Microchip.SAMC21_DFP.3.9.248.pack,2026-08-12T09:31:18+00:00,manufacturer_device_database,atdf_variant_record
microchip::atsamc21e17a-mn,microchip::atsamc21e17a,Microchip,SAMC21,SAMC21,SAMC21,ATSAMC21E17A,ATSAMC21E17A-MN,-MN,,,,QFN32,-40..105 °C,,unknown,microchip-atdf:SAMC21_DFP@3.9.248,https://packs.download.microchip.com/Microchip.SAMC21_DFP.3.9.248.pack,2026-08-12T09:31:18+00:00,manufacturer_device_database,atdf_variant_record
microchip::atsamc21e17a-mu,microchip::atsamc21e17a,Microchip,SAMC21,SAMC21,SAMC21,ATSAMC21E17A,ATSAMC21E17A-MU,-MU,,,,QFN32,-40..85 °C,,unknown,microchip-atdf:SAMC21_DFP@3.9.248,https://packs.download.microchip.com/Microchip.SAMC21_DFP.3.9.248.pack,2026-08-12T09:31:18+00:00,manufacturer_device_database,atdf_variant_record
microchip::atsamc21e17a-mz,microchip::atsamc21e17a,Microchip,SAMC21,SAMC21,SAMC21,ATSAMC21E17A,ATSAMC21E17A-MZ,-MZ,,,,QFN32,-40..125 °C,,unknown,microchip-atdf:SAMC21_DFP@3.9.248,https://packs.download.microchip.com/Microchip.SAMC21_DFP.3.9.248.pack,2026-08-12T09:31:18+00:00,manufacturer_device_database,atdf_variant_record
microchip::atsamc21e18a-an,microchip::atsamc21e18a,Microchip,SAMC21,SAMC21,SAMC21,ATSAMC21E18A,ATSAMC21E18A-AN,-AN,,,,TQFP32,-40..105 °C,,unknown,microchip-atdf:SAMC21_DFP@3.9.248,https://packs.download.microchip.com/Microchip.SAMC21_DFP.3.9.248.pack,2026-08-12T09:31:18+00:00,manufacturer_device_database,atdf_variant_record
microchip::atsamc21e18a-au,microchip::atsamc21e18a,Microchip,SAMC21,SAMC21,SAMC21,ATSAMC21E18A,ATSAMC21E18A-AU,-AU,,,,TQFP32,-40..85 °C,,unknown,microchip-atdf:SAMC21_DFP@3.9.248,https://packs.download.microchip.com/Microchip.SAMC21_DFP.3.9.248.pack,2026-08-12T09:31:18+00:00,manufacturer_device_database,atdf_variant_record
microchip::atsamc21e18a-au64,microchip::atsamc21e18a,Microchip,SAMC21,SAMC21,SAMC21,ATSAMC21E18A,ATSAMC21E18A-AU64,-AU64,,,,TQFP32,-40..85 °C,,unknown,microchip-atdf:SAMC21_DFP@3.9.248,https://packs.download.microchip.com/Microchip.SAMC21_DFP.3.9.248.pack,2026-08-12T09:31:18+00:00,manufacturer_device_database,atdf_variant_record
microchip::atsamc21e18a-aut64,microchip::atsamc21e18a,Microchip,SAMC21,SAMC21,SAMC21,ATSAMC21E18A,ATSAMC21E18A-AUT64,-AUT64,,,,TQFP32,-40..85 °C,,unknown,microchip-atdf:SAMC21_DFP@3.9.248,https://packs.download.microchip.com/Microchip.SAMC21_DFP.3.9.248.pack,2026-08-12T09:31:18+00:00,manufacturer_device_database,atdf_variant_record
microchip::atsamc21e18a-az,microchip::atsamc21e18a,Microchip,SAMC21,SAMC21,SAMC21,ATSAMC21E18A,ATSAMC21E18A-AZ,-AZ,,,,TQFP32,-40..125 °C,,unknown,microchip-atdf:SAMC21_DFP@3.9.248,https://packs.download.microchip.com/Microchip.SAMC21_DFP.3.9.248.pack,2026-08-12T09:31:18+00:00,manufacturer_device_database,atdf_variant_record
microchip::atsamc21e18a-mn,microchip::atsamc21e18a,Microchip,SAMC21,SAMC21,SAMC21,ATSAMC21E18A,ATSAMC21E18A-MN,-MN,,,,QFN32,-40..105 °C,,unknown,microchip-atdf:SAMC21_DFP@3.9.248,https://packs.download.microchip.com/Microchip.SAMC21_DFP.3.9.248.pack,2026-08-12T09:31:18+00:00,manufacturer_device_database,atdf_variant_record
microchip::atsamc21e18a-mu,microchip::atsamc21e18a,Microchip,SAMC21,SAMC21,SAMC21,ATSAMC21E18A,ATSAMC21E18A-MU,-MU,,,,QFN32,-40..85 °C,,unknown,microchip-atdf:SAMC21_DFP@3.9.248,https://packs.download.microchip.com/Microchip.SAMC21_DFP.3.9.248.pack,2026-08-12T09:31:18+00:00,manufacturer_device_database,atdf_variant_record
microchip::atsamc21e18a-mu64,microchip::atsamc21e18a,Microchip,SAMC21,SAMC21,SAMC21,ATSAMC21E18A,ATSAMC21E18A-MU64,-MU64,,,,QFN32,-40..85 °C,,unknown,microchip-atdf:SAMC21_DFP@3.9.248,https://packs.download.microchip.com/Microchip.SAMC21_DFP.3.9.248.pack,2026-08-12T09:31:18+00:00,manufacturer_device_database,atdf_variant_record
microchip::atsamc21e18a-mut64,microchip::atsamc21e18a,Microchip,SAMC21,SAMC21,SAMC21,ATSAMC21E18A,ATSAMC21E18A-MUT64,-MUT64,,,,QFN32,-40..85 °C,,unknown,microchip-atdf:SAMC21_DFP@3.9.248,https://packs.download.microchip.com/Microchip.SAMC21_DFP.3.9.248.pack,2026-08-12T09:31:18+00:00,manufacturer_device_database,atdf_variant_record
microchip::atsamc21e18a-mz,microchip::atsamc21e18a,Microchip,SAMC21,SAMC21,SAMC21,ATSAMC21E18A,ATSAMC21E18A-MZ,-MZ,,,,QFN32,-40..125 °C,,unknown,microchip-atdf:SAMC21_DFP@3.9.248,https://packs.download.microchip.com/Microchip.SAMC21_DFP.3.9.248.pack,2026-08-12T09:31:18+00:00,manufacturer_device_database,atdf_variant_record
microchip::atsamc21g15a-an,microchip::atsamc21g15a,Microchip,SAMC21,SAMC21,SAMC21,ATSAMC21G15A,ATSAMC21G15A-AN,-AN,,,,TQFP48,-40..105 °C,,unknown,microchip-atdf:SAMC21_DFP@3.9.248,https://packs.download.microchip.com/Microchip.SAMC21_DFP.3.9.248.pack,2026-08-12T09:31:18+00:00,manufacturer_device_database,atdf_variant_record
microchip::atsamc21g15a-au,microchip::atsamc21g15a,Microchip,SAMC21,SAMC21,SAMC21,ATSAMC21G15A,ATSAMC21G15A-AU,-AU,,,,TQFP48,-40..85 °C,,unknown,microchip-atdf:SAMC21_DFP@3.9.248,https://packs.download.microchip.com/Microchip.SAMC21_DFP.3.9.248.pack,2026-08-12T09:31:18+00:00,manufacturer_device_database,atdf_variant_record
microchip::atsamc21g15a-az,microchip::atsamc21g15a,Microchip,SAMC21,SAMC21,SAMC21,ATSAMC21G15A,ATSAMC21G15A-AZ,-AZ,,,,TQFP48,-40..125 °C,,unknown,microchip-atdf:SAMC21_DFP@3.9.248,https://packs.download.microchip.com/Microchip.SAMC21_DFP.3.9.248.pack,2026-08-12T09:31:18+00:00,manufacturer_device_database,atdf_variant_record
microchip::atsamc21g15a-mn,microchip::atsamc21g15a,Microchip,SAMC21,SAMC21,SAMC21,ATSAMC21G15A,ATSAMC21G15A-MN,-MN,,,,QFN48,-40..105 °C,,unknown,microchip-atdf:SAMC21_DFP@3.9.248,https://packs.download.microchip.com/Microchip.SAMC21_DFP.3.9.248.pack,2026-08-12T09:31:18+00:00,manufacturer_device_database,atdf_variant_record
microchip::atsamc21g15a-mu,microchip::atsamc21g15a,Microchip,SAMC21,SAMC21,SAMC21,ATSAMC21G15A,ATSAMC21G15A-MU,-MU,,,,QFN48,-40..85 °C,,unknown,microchip-atdf:SAMC21_DFP@3.9.248,https://packs.download.microchip.com/Microchip.SAMC21_DFP.3.9.248.pack,2026-08-12T09:31:18+00:00,manufacturer_device_database,atdf_variant_record
microchip::atsamc21g15a-mz,microchip::atsamc21g15a,Microchip,SAMC21,SAMC21,SAMC21,ATSAMC21G15A,ATSAMC21G15A-MZ,-MZ,,,,QFN48,-40..125 °C,,unknown,microchip-atdf:SAMC21_DFP@3.9.248,https://packs.download.microchip.com/Microchip.SAMC21_DFP.3.9.248.pack,2026-08-12T09:31:18+00:00,manufacturer_device_database,atdf_variant_record
microchip::atsamc21g16a-an,microchip::atsamc21g16a,Microchip,SAMC21,SAMC21,SAMC21,ATSAMC21G16A,ATSAMC21G16A-AN,-AN,,,,TQFP48,-40..105 °C,,unknown,microchip-atdf:SAMC21_DFP@3.9.248,https://packs.download.microchip.com/Microchip.SAMC21_DFP.3.9.248.pack,2026-08-12T09:31:18+00:00,manufacturer_device_database,atdf_variant_record
microchip::atsamc21g16a-au,microchip::atsamc21g16a,Microchip,SAMC21,SAMC21,SAMC21,ATSAMC21G16A,ATSAMC21G16A-AU,-AU,,,,TQFP48,-40..85 °C,,unknown,microchip-atdf:SAMC21_DFP@3.9.248,https://packs.download.microchip.com/Microchip.SAMC21_DFP.3.9.248.pack,2026-08-12T09:31:18+00:00,manufacturer_device_database,atdf_variant_record
microchip::atsamc21g16a-az,microchip::atsamc21g16a,Microchip,SAMC21,SAMC21,SAMC21,ATSAMC21G16A,ATSAMC21G16A-AZ,-AZ,,,,TQFP48,-40..125 °C,,unknown,microchip-atdf:SAMC21_DFP@3.9.248,https://packs.download.microchip.com/Microchip.SAMC21_DFP.3.9.248.pack,2026-08-12T09:31:18+00:00,manufacturer_device_database,atdf_variant_record
microchip::atsamc21g16a-mn,microchip::atsamc21g16a,Microchip,SAMC21,SAMC21,SAMC21,ATSAMC21G16A,ATSAMC21G16A-MN,-MN,,,,QFN48,-40..105 °C,,unknown,microchip-atdf:SAMC21_DFP@3.9.248,https://packs.download.microchip.com/Microchip.SAMC21_DFP.3.9.248.pack,2026-08-12T09:31:18+00:00,manufacturer_device_database,atdf_variant_record
microchip::atsamc21g16a-mu,microchip::atsamc21g16a,Microchip,SAMC21,SAMC21,SAMC21,ATSAMC21G16A,ATSAMC21G16A-MU,-MU,,,,QFN48,-40..85 °C,,unknown,microchip-atdf:SAMC21_DFP@3.9.248,https://packs.download.microchip.com/Microchip.SAMC21_DFP.3.9.248.pack,2026-08-12T09:31:18+00:00,manufacturer_device_database,atdf_variant_record
microchip::atsamc21g16a-mz,microchip::atsamc21g16a,Microchip,SAMC21,SAMC21,SAMC21,ATSAMC21G16A,ATSAMC21G16A-MZ,-MZ,,,,QFN48,-40..125 °C,,unknown,microchip-atdf:SAMC21_DFP@3.9.248,https://packs.download.microchip.com/Microchip.SAMC21_DFP.3.9.248.pack,2026-08-12T09:31:18+00:00,manufacturer_device_database,atdf_variant_record
microchip::atsamc21g17a-an,microchip::atsamc21g17a,Microchip,SAMC21,SAMC21,SAMC21,ATSAMC21G17A,ATSAMC21G17A-AN,-AN,,,,TQFP48,-40..105 °C,,unknown,microchip-atdf:SAMC21_DFP@3.9.248,https://packs.download.microchip.com/Microchip.SAMC21_DFP.3.9.248.pack,2026-08-12T09:31:18+00:00,manufacturer_device_database,atdf_variant_record
microchip::atsamc21g17a-au,microchip::atsamc21g17a,Microchip,SAMC21,SAMC21,SAMC21,ATSAMC21G17A,ATSAMC21G17A-AU,-AU,,,,TQFP48,-40..85 °C,,unknown,microchip-atdf:SAMC21_DFP@3.9.248,https://packs.download.microchip.com/Microchip.SAMC21_DFP.3.9.248.pack,2026-08-12T09:31:18+00:00,manufacturer_device_database,atdf_variant_record
microchip::atsamc21g17a-az,microchip::atsamc21g17a,Microchip,SAMC21,SAMC21,SAMC21,ATSAMC21G17A,ATSAMC21G17A-AZ,-AZ,,,,TQFP48,-40..125 °C,,unknown,microchip-atdf:SAMC21_DFP@3.9.248,https://packs.download.microchip.com/Microchip.SAMC21_DFP.3.9.248.pack,2026-08-12T09:31:18+00:00,manufacturer_device_database,atdf_variant_record
microchip::atsamc21g17a-mn,microchip::atsamc21g17a,Microchip,SAMC21,SAMC21,SAMC21,ATSAMC21G17A,ATSAMC21G17A-MN,-MN,,,,QFN48,-40..105 °C,,unknown,microchip-atdf:SAMC21_DFP@3.9.248,https://packs.download.microchip.com/Microchip.SAMC21_DFP.3.9.248.pack,2026-08-12T09:31:18+00:00,manufacturer_device_database,atdf_variant_record
microchip::atsamc21g17a-mu,microchip::atsamc21g17a,Microchip,SAMC21,SAMC21,SAMC21,ATSAMC21G17A,ATSAMC21G17A-MU,-MU,,,,QFN48,-40..85 °C,,unknown,microchip-atdf:SAMC21_DFP@3.9.248,https://packs.download.microchip.com/Microchip.SAMC21_DFP.3.9.248.pack,2026-08-12T09:31:18+00:00,manufacturer_device_database,atdf_variant_record
microchip::atsamc21g17a-mz,microchip::atsamc21g17a,Microchip,SAMC21,SAMC21,SAMC21,ATSAMC21G17A,ATSAMC21G17A-MZ,-MZ,,,,QFN48,-40..125 °C,,unknown,microchip-atdf:SAMC21_DFP@3.9.248,https://packs.download.microchip.com/Microchip.SAMC21_DFP.3.9.248.pack,2026-08-12T09:31:18+00:00,manufacturer_device_database,atdf_variant_record
microchip::atsamc21g18a-an,microchip::atsamc21g18a,Microchip,SAMC21,SAMC21,SAMC21,ATSAMC21G18A,ATSAMC21G18A-AN,-AN,,,,TQFP48,-40..105 °C,,unknown,microchip-atdf:SAMC21_DFP@3.9.248,https://packs.download.microchip.com/Microchip.SAMC21_DFP.3.9.248.pack,2026-08-12T09:31:18+00:00,manufacturer_device_database,atdf_variant_record
microchip::atsamc21g18a-au,microchip::atsamc21g18a,Microchip,SAMC21,SAMC21,SAMC21,ATSAMC21G18A,ATSAMC21G18A-AU,-AU,,,,TQFP48,-40..85 °C,,unknown,microchip-atdf:SAMC21_DFP@3.9.248,https://packs.download.microchip.com/Microchip.SAMC21_DFP.3.9.248.pack,2026-08-12T09:31:18+00:00,manufacturer_device_database,atdf_variant_record
microchip::atsamc21g18a-au64,microchip::atsamc21g18a,Microchip,SAMC21,SAMC21,SAMC21,ATSAMC21G18A,ATSAMC21G18A-AU64,-AU64,,,,TQFP48,-40..85 °C,,unknown,microchip-atdf:SAMC21_DFP@3.9.248,https://packs.download.microchip.com/Microchip.SAMC21_DFP.3.9.248.pack,2026-08-12T09:31:18+00:00,manufacturer_device_database,atdf_variant_record
microchip::atsamc21g18a-aut64,microchip::atsamc21g18a,Microchip,SAMC21,SAMC21,SAMC21,ATSAMC21G18A,ATSAMC21G18A-AUT64,-AUT64,,,,TQFP48,-40..85 °C,,unknown,microchip-atdf:SAMC21_DFP@3.9.248,https://packs.download.microchip.com/Microchip.SAMC21_DFP.3.9.248.pack,2026-08-12T09:31:18+00:00,manufacturer_device_database,atdf_variant_record
microchip::atsamc21g18a-az,microchip::atsamc21g18a,Microchip,SAMC21,SAMC21,SAMC21,ATSAMC21G18A,ATSAMC21G18A-AZ,-AZ,,,,TQFP48,-40..125 °C,,unknown,microchip-atdf:SAMC21_DFP@3.9.248,https://packs.download.microchip.com/Microchip.SAMC21_DFP.3.9.248.pack,2026-08-12T09:31:18+00:00,manufacturer_device_database,atdf_variant_record
microchip::atsamc21g18a-mn,microchip::atsamc21g18a,Microchip,SAMC21,SAMC21,SAMC21,ATSAMC21G18A,ATSAMC21G18A-MN,-MN,,,,QFN48,-40..105 °C,,unknown,microchip-atdf:SAMC21_DFP@3.9.248,https://packs.download.microchip.com/Microchip.SAMC21_DFP.3.9.248.pack,2026-08-12T09:31:18+00:00,manufacturer_device_database,atdf_variant_record
microchip::atsamc21g18a-mu,microchip::atsamc21g18a,Microchip,SAMC21,SAMC21,SAMC21,ATSAMC21G18A,ATSAMC21G18A-MU,-MU,,,,QFN48,-40..85 °C,,unknown,microchip-atdf:SAMC21_DFP@3.9.248,https://packs.download.microchip.com/Microchip.SAMC21_DFP.3.9.248.pack,2026-08-12T09:31:18+00:00,manufacturer_device_database,atdf_variant_record
microchip::atsamc21g18a-mu64,microchip::atsamc21g18a,Microchip,SAMC21,SAMC21,SAMC21,ATSAMC21G18A,ATSAMC21G18A-MU64,-MU64,,,,QFN48,-40..85 °C,,unknown,microchip-atdf:SAMC21_DFP@3.9.248,https://packs.download.microchip.com/Microchip.SAMC21_DFP.3.9.248.pack,2026-08-12T09:31:18+00:00,manufacturer_device_database,atdf_variant_record
microchip::atsamc21g18a-mut64,microchip::atsamc21g18a,Microchip,SAMC21,SAMC21,SAMC21,ATSAMC21G18A,ATSAMC21G18A-MUT64,-MUT64,,,,QFN48,-40..85 °C,,unknown,microchip-atdf:SAMC21_DFP@3.9.248,https://packs.download.microchip.com/Microchip.SAMC21_DFP.3.9.248.pack,2026-08-12T09:31:18+00:00,manufacturer_device_database,atdf_variant_record
microchip::atsamc21g18a-mz,microchip::atsamc21g18a,Microchip,SAMC21,SAMC21,SAMC21,ATSAMC21G18A,ATSAMC21G18A-MZ,-MZ,,,,QFN48,-40..125 °C,,unknown,microchip-atdf:SAMC21_DFP@3.9.248,https://packs.download.microchip.com/Microchip.SAMC21_DFP.3.9.248.pack,2026-08-12T09:31:18+00:00,manufacturer_device_database,atdf_variant_record
microchip::atsamc21j15a-an,microchip::atsamc21j15a,Microchip,SAMC21,SAMC21,SAMC21,ATSAMC21J15A,ATSAMC21J15A-AN,-AN,,,,TQFP64,-40..105 °C,,unknown,microchip-atdf:SAMC21_DFP@3.9.248,https://packs.download.microchip.com/Microchip.SAMC21_DFP.3.9.248.pack,2026-08-12T09:31:18+00:00,manufacturer_device_database,atdf_variant_record
microchip::atsamc21j15a-au,microchip::atsamc21j15a,Microchip,SAMC21,SAMC21,SAMC21,ATSAMC21J15A,ATSAMC21J15A-AU,-AU,,,,TQFP64,-40..85 °C,,unknown,microchip-atdf:SAMC21_DFP@3.9.248,https://packs.download.microchip.com/Microchip.SAMC21_DFP.3.9.248.pack,2026-08-12T09:31:18+00:00,manufacturer_device_database,atdf_variant_record
microchip::atsamc21j15a-az,microchip::atsamc21j15a,Microchip,SAMC21,SAMC21,SAMC21,ATSAMC21J15A,ATSAMC21J15A-AZ,-AZ,,,,TQFP64,-40..125 °C,,unknown,microchip-atdf:SAMC21_DFP@3.9.248,https://packs.download.microchip.com/Microchip.SAMC21_DFP.3.9.248.pack,2026-08-12T09:31:18+00:00,manufacturer_device_database,atdf_variant_record
microchip::atsamc21j15a-mn,microchip::atsamc21j15a,Microchip,SAMC21,SAMC21,SAMC21,ATSAMC21J15A,ATSAMC21J15A-MN,-MN,,,,QFN64,-40..105 °C,,unknown,microchip-atdf:SAMC21_DFP@3.9.248,https://packs.download.microchip.com/Microchip.SAMC21_DFP.3.9.248.pack,2026-08-12T09:31:18+00:00,manufacturer_device_database,atdf_variant_record
microchip::atsamc21j15a-mu,microchip::atsamc21j15a,Microchip,SAMC21,SAMC21,SAMC21,ATSAMC21J15A,ATSAMC21J15A-MU,-MU,,,,QFN64,-40..85 °C,,unknown,microchip-atdf:SAMC21_DFP@3.9.248,https://packs.download.microchip.com/Microchip.SAMC21_DFP.3.9.248.pack,2026-08-12T09:31:18+00:00,manufacturer_device_database,atdf_variant_record
microchip::atsamc21j15a-mz,microchip::atsamc21j15a,Microchip,SAMC21,SAMC21,SAMC21,ATSAMC21J15A,ATSAMC21J15A-MZ,-MZ,,,,QFN64,-40..125 °C,,unknown,microchip-atdf:SAMC21_DFP@3.9.248,https://packs.download.microchip.com/Microchip.SAMC21_DFP.3.9.248.pack,2026-08-12T09:31:18+00:00,manufacturer_device_database,atdf_variant_record
microchip::atsamc21j16a-an,microchip::atsamc21j16a,Microchip,SAMC21,SAMC21,SAMC21,ATSAMC21J16A,ATSAMC21J16A-AN,-AN,,,,TQFP64,-40..105 °C,,unknown,microchip-atdf:SAMC21_DFP@3.9.248,https://packs.download.microchip.com/Microchip.SAMC21_DFP.3.9.248.pack,2026-08-12T09:31:18+00:00,manufacturer_device_database,atdf_variant_record
microchip::atsamc21j16a-au,microchip::atsamc21j16a,Microchip,SAMC21,SAMC21,SAMC21,ATSAMC21J16A,ATSAMC21J16A-AU,-AU,,,,TQFP64,-40..85 °C,,unknown,microchip-atdf:SAMC21_DFP@3.9.248,https://packs.download.microchip.com/Microchip.SAMC21_DFP.3.9.248.pack,2026-08-12T09:31:18+00:00,manufacturer_device_database,atdf_variant_record
microchip::atsamc21j16a-az,microchip::atsamc21j16a,Microchip,SAMC21,SAMC21,SAMC21,ATSAMC21J16A,ATSAMC21J16A-AZ,-AZ,,,,TQFP64,-40..125 °C,,unknown,microchip-atdf:SAMC21_DFP@3.9.248,https://packs.download.microchip.com/Microchip.SAMC21_DFP.3.9.248.pack,2026-08-12T09:31:18+00:00,manufacturer_device_database,atdf_variant_record
microchip::atsamc21j16a-mn,microchip::atsamc21j16a,Microchip,SAMC21,SAMC21,SAMC21,ATSAMC21J16A,ATSAMC21J16A-MN,-MN,,,,QFN64,-40..105 °C,,unknown,microchip-atdf:SAMC21_DFP@3.9.248,https://packs.download.microchip.com/Microchip.SAMC21_DFP.3.9.248.pack,2026-08-12T09:31:18+00:00,manufacturer_device_database,atdf_variant_record
microchip::atsamc21j16a-mu,microchip::atsamc21j16a,Microchip,SAMC21,SAMC21,SAMC21,ATSAMC21J16A,ATSAMC21J16A-MU,-MU,,,,QFN64,-40..85 °C,,unknown,microchip-atdf:SAMC21_DFP@3.9.248,https://packs.download.microchip.com/Microchip.SAMC21_DFP.3.9.248.pack,2026-08-12T09:31:18+00:00,manufacturer_device_database,atdf_variant_record
microchip::atsamc21j16a-mz,microchip::atsamc21j16a,Microchip,SAMC21,SAMC21,SAMC21,ATSAMC21J16A,ATSAMC21J16A-MZ,-MZ,,,,QFN64,-40..125 °C,,unknown,microchip-atdf:SAMC21_DFP@3.9.248,https://packs.download.microchip.com/Microchip.SAMC21_DFP.3.9.248.pack,2026-08-12T09:31:18+00:00,manufacturer_device_database,atdf_variant_record
microchip::atsamc21j17a-an,microchip::atsamc21j17a,Microchip,SAMC21,SAMC21,SAMC21,ATSAMC21J17A,ATSAMC21J17A-AN,-AN,,,,TQFP64,-40..105 °C,,unknown,microchip-atdf:SAMC21_DFP@3.9.248,https://packs.download.microchip.com/Microchip.SAMC21_DFP.3.9.248.pack,2026-08-12T09:31:18+00:00,manufacturer_device_database,atdf_variant_record
microchip::atsamc21j17a-au,microchip::atsamc21j17a,Microchip,SAMC21,SAMC21,SAMC21,ATSAMC21J17A,ATSAMC21J17A-AU,-AU,,,,TQFP64,-40..85 °C,,unknown,microchip-atdf:SAMC21_DFP@3.9.248,https://packs.download.microchip.com/Microchip.SAMC21_DFP.3.9.248.pack,2026-08-12T09:31:18+00:00,manufacturer_device_database,atdf_variant_record
microchip::atsamc21j17a-az,microchip::atsamc21j17a,Microchip,SAMC21,SAMC21,SAMC21,ATSAMC21J17A,ATSAMC21J17A-AZ,-AZ,,,,TQFP64,-40..125 °C,,unknown,microchip-atdf:SAMC21_DFP@3.9.248,https://packs.download.microchip.com/Microchip.SAMC21_DFP.3.9.248.pack,2026-08-12T09:31:18+00:00,manufacturer_device_database,atdf_variant_record
microchip::atsamc21j17a-mn,microchip::atsamc21j17a,Microchip,SAMC21,SAMC21,SAMC21,ATSAMC21J17A,ATSAMC21J17A-MN,-MN,,,,QFN64,-40..105 °C,,unknown,microchip-atdf:SAMC21_DFP@3.9.248,https://packs.download.microchip.com/Microchip.SAMC21_DFP.3.9.248.pack,2026-08-12T09:31:18+00:00,manufacturer_device_database,atdf_variant_record
microchip::atsamc21j17a-mu,microchip::atsamc21j17a,Microchip,SAMC21,SAMC21,SAMC21,ATSAMC21J17A,ATSAMC21J17A-MU,-MU,,,,QFN64,-40..85 °C,,unknown,microchip-atdf:SAMC21_DFP@3.9.248,https://packs.download.microchip.com/Microchip.SAMC21_DFP.3.9.248.pack,2026-08-12T09:31:18+00:00,manufacturer_device_database,atdf_variant_record
microchip::atsamc21j17a-mz,microchip::atsamc21j17a,Microchip,SAMC21,SAMC21,SAMC21,ATSAMC21J17A,ATSAMC21J17A-MZ,-MZ,,,,QFN64,-40..125 °C,,unknown,microchip-atdf:SAMC21_DFP@3.9.248,https://packs.download.microchip.com/Microchip.SAMC21_DFP.3.9.248.pack,2026-08-12T09:31:18+00:00,manufacturer_device_database,atdf_variant_record
microchip::atsamc21j17a-uu,microchip::atsamc21j17au,Microchip,SAMC21,SAMC21,SAMC21,ATSAMC21J17AU,ATSAMC21J17A-UU,,,,,WLCSP56,-40..85 °C,,unknown,microchip-atdf:SAMC21_DFP@3.9.248,https://packs.download.microchip.com/Microchip.SAMC21_DFP.3.9.248.pack,2026-08-12T09:31:18+00:00,manufacturer_device_database,atdf_variant_record
microchip::atsamc21j18a-an,microchip::atsamc21j18a,Microchip,SAMC21,SAMC21,SAMC21,ATSAMC21J18A,ATSAMC21J18A-AN,-AN,,,,TQFP64,-40..105 °C,,unknown,microchip-atdf:SAMC21_DFP@3.9.248,https://packs.download.microchip.com/Microchip.SAMC21_DFP.3.9.248.pack,2026-08-12T09:31:18+00:00,manufacturer_device_database,atdf_variant_record
microchip::atsamc21j18a-au,microchip::atsamc21j18a,Microchip,SAMC21,SAMC21,SAMC21,ATSAMC21J18A,ATSAMC21J18A-AU,-AU,,,,TQFP64,-40..85 °C,,unknown,microchip-atdf:SAMC21_DFP@3.9.248,https://packs.download.microchip.com/Microchip.SAMC21_DFP.3.9.248.pack,2026-08-12T09:31:18+00:00,manufacturer_device_database,atdf_variant_record
microchip::atsamc21j18a-au64,microchip::atsamc21j18a,Microchip,SAMC21,SAMC21,SAMC21,ATSAMC21J18A,ATSAMC21J18A-AU64,-AU64,,,,TQFP64,-40..85 °C,,unknown,microchip-atdf:SAMC21_DFP@3.9.248,https://packs.download.microchip.com/Microchip.SAMC21_DFP.3.9.248.pack,2026-08-12T09:31:18+00:00,manufacturer_device_database,atdf_variant_record
microchip::atsamc21j18a-aut64,microchip::atsamc21j18a,Microchip,SAMC21,SAMC21,SAMC21,ATSAMC21J18A,ATSAMC21J18A-AUT64,-AUT64,,,,TQFP64,-40..85 °C,,unknown,microchip-atdf:SAMC21_DFP@3.9.248,https://packs.download.microchip.com/Microchip.SAMC21_DFP.3.9.248.pack,2026-08-12T09:31:18+00:00,manufacturer_device_database,atdf_variant_record
microchip::atsamc21j18a-az,microchip::atsamc21j18a,Microchip,SAMC21,SAMC21,SAMC21,ATSAMC21J18A,ATSAMC21J18A-AZ,-AZ,,,,TQFP64,-40..125 °C,,unknown,microchip-atdf:SAMC21_DFP@3.9.248,https://packs.download.microchip.com/Microchip.SAMC21_DFP.3.9.248.pack,2026-08-12T09:31:18+00:00,manufacturer_device_database,atdf_variant_record
microchip::atsamc21j18a-mn,microchip::atsamc21j18a,Microchip,SAMC21,SAMC21,SAMC21,ATSAMC21J18A,ATSAMC21J18A-MN,-MN,,,,QFN64,-40..105 °C,,unknown,microchip-atdf:SAMC21_DFP@3.9.248,https://packs.download.microchip.com/Microchip.SAMC21_DFP.3.9.248.pack,2026-08-12T09:31:18+00:00,manufacturer_device_database,atdf_variant_record
microchip::atsamc21j18a-mu,microchip::atsamc21j18a,Microchip,SAMC21,SAMC21,SAMC21,ATSAMC21J18A,ATSAMC21J18A-MU,-MU,,,,QFN64,-40..85 °C,,unknown,microchip-atdf:SAMC21_DFP@3.9.248,https://packs.download.microchip.com/Microchip.SAMC21_DFP.3.9.248.pack,2026-08-12T09:31:18+00:00,manufacturer_device_database,atdf_variant_record
microchip::atsamc21j18a-mu64,microchip::atsamc21j18a,Microchip,SAMC21,SAMC21,SAMC21,ATSAMC21J18A,ATSAMC21J18A-MU64,-MU64,,,,QFN64,-40..85 °C,,unknown,microchip-atdf:SAMC21_DFP@3.9.248,https://packs.download.microchip.com/Microchip.SAMC21_DFP.3.9.248.pack,2026-08-12T09:31:18+00:00,manufacturer_device_database,atdf_variant_record
microchip::atsamc21j18a-mut64,microchip::atsamc21j18a,Microchip,SAMC21,SAMC21,SAMC21,ATSAMC21J18A,ATSAMC21J18A-MUT64,-MUT64,,,,QFN64,-40..85 °C,,unknown,microchip-atdf:SAMC21_DFP@3.9.248,https://packs.download.microchip.com/Microchip.SAMC21_DFP.3.9.248.pack,2026-08-12T09:31:18+00:00,manufacturer_device_database,atdf_variant_record
microchip::atsamc21j18a-mz,microchip::atsamc21j18a,Microchip,SAMC21,SAMC21,SAMC21,ATSAMC21J18A,ATSAMC21J18A-MZ,-MZ,,,,QFN64,-40..125 °C,,unknown,microchip-atdf:SAMC21_DFP@3.9.248,https://packs.download.microchip.com/Microchip.SAMC21_DFP.3.9.248.pack,2026-08-12T09:31:18+00:00,manufacturer_device_database,atdf_variant_record
microchip::atsamc21j18a-uu,microchip::atsamc21j18au,Microchip,SAMC21,SAMC21,SAMC21,ATSAMC21J18AU,ATSAMC21J18A-UU,,,,,WLCSP56,-40..85 °C,,unknown,microchip-atdf:SAMC21_DFP@3.9.248,https://packs.download.microchip.com/Microchip.SAMC21_DFP.3.9.248.pack,2026-08-12T09:31:18+00:00,manufacturer_device_database,atdf_variant_record
microchip::atsamc21n17a-an,microchip::atsamc21n17a,Microchip,SAMC21,SAMC21,SAMC21,ATSAMC21N17A,ATSAMC21N17A-AN,-AN,,,,TQFP100,-40..105 °C,,unknown,microchip-atdf:SAMC21_DFP@3.9.248,https://packs.download.microchip.com/Microchip.SAMC21_DFP.3.9.248.pack,2026-08-12T09:31:18+00:00,manufacturer_device_database,atdf_variant_record
microchip::atsamc21n17a-mn,microchip::atsamc21n17a,Microchip,SAMC21,SAMC21,SAMC21,ATSAMC21N17A,ATSAMC21N17A-MN,-MN,,,,QFN100,-40..105 °C,,unknown,microchip-atdf:SAMC21_DFP@3.9.248,https://packs.download.microchip.com/Microchip.SAMC21_DFP.3.9.248.pack,2026-08-12T09:31:18+00:00,manufacturer_device_database,atdf_variant_record
microchip::atsamc21n18a-an,microchip::atsamc21n18a,Microchip,SAMC21,SAMC21,SAMC21,ATSAMC21N18A,ATSAMC21N18A-AN,-AN,,,,TQFP100,-40..105 °C,,unknown,microchip-atdf:SAMC21_DFP@3.9.248,https://packs.download.microchip.com/Microchip.SAMC21_DFP.3.9.248.pack,2026-08-12T09:31:18+00:00,manufacturer_device_database,atdf_variant_record
microchip::atsamc21n18a-mn,microchip::atsamc21n18a,Microchip,SAMC21,SAMC21,SAMC21,ATSAMC21N18A,ATSAMC21N18A-MN,-MN,,,,QFN100,-40..105 °C,,unknown,microchip-atdf:SAMC21_DFP@3.9.248,https://packs.download.microchip.com/Microchip.SAMC21_DFP.3.9.248.pack,2026-08-12T09:31:18+00:00,manufacturer_device_database,atdf_variant_record
microchip::atsamd09c13a-ssu,microchip::atsamd09c13a,Microchip,SAMD09,SAMD09,SAMD09,ATSAMD09C13A,ATSAMD09C13A-SSU,-SSU,,,,SOIC14,-40..85 °C,,unknown,microchip-atdf:SAMD09_DFP@2.5.147,https://packs.download.microchip.com/Microchip.SAMD09_DFP.2.5.147.pack,2026-08-12T09:31:18+00:00,manufacturer_device_database,atdf_variant_record
microchip::atsamd09d14a-mu,microchip::atsamd09d14a,Microchip,SAMD09,SAMD09,SAMD09,ATSAMD09D14A,ATSAMD09D14A-MU,-MU,,,,QFN24,-40..85 °C,,unknown,microchip-atdf:SAMD09_DFP@2.5.147,https://packs.download.microchip.com/Microchip.SAMD09_DFP.2.5.147.pack,2026-08-12T09:31:18+00:00,manufacturer_device_database,atdf_variant_record
microchip::atsamd10c13a-ssu,microchip::atsamd10c13a,Microchip,SAMD10,SAMD10,SAMD10,ATSAMD10C13A,ATSAMD10C13A-SSU,-SSU,,,,SOIC14,-40..85 °C,,unknown,microchip-atdf:SAMD10_DFP@2.7.81,https://packs.download.microchip.com/Microchip.SAMD10_DFP.2.7.81.pack,2026-08-12T09:31:18+00:00,manufacturer_device_database,atdf_variant_record
microchip::atsamd10c14a-ssu,microchip::atsamd10c14a,Microchip,SAMD10,SAMD10,SAMD10,ATSAMD10C14A,ATSAMD10C14A-SSU,-SSU,,,,SOIC14,-40..85 °C,,unknown,microchip-atdf:SAMD10_DFP@2.7.81,https://packs.download.microchip.com/Microchip.SAMD10_DFP.2.7.81.pack,2026-08-12T09:31:18+00:00,manufacturer_device_database,atdf_variant_record
microchip::atsamd10d13a-mu,microchip::atsamd10d13am,Microchip,SAMD10,SAMD10,SAMD10,ATSAMD10D13AM,ATSAMD10D13A-MU,,,,,QFN24,-40..85 °C,,unknown,microchip-atdf:SAMD10_DFP@2.7.81,https://packs.download.microchip.com/Microchip.SAMD10_DFP.2.7.81.pack,2026-08-12T09:31:18+00:00,manufacturer_device_database,atdf_variant_record
microchip::atsamd10d13a-ssu,microchip::atsamd10d13as,Microchip,SAMD10,SAMD10,SAMD10,ATSAMD10D13AS,ATSAMD10D13A-SSU,,,,,SOIC20,-40..85 °C,,unknown,microchip-atdf:SAMD10_DFP@2.7.81,https://packs.download.microchip.com/Microchip.SAMD10_DFP.2.7.81.pack,2026-08-12T09:31:18+00:00,manufacturer_device_database,atdf_variant_record
microchip::atsamd10d14a-mu,microchip::atsamd10d14am,Microchip,SAMD10,SAMD10,SAMD10,ATSAMD10D14AM,ATSAMD10D14A-MU,,,,,QFN24,-40..85 °C,,unknown,microchip-atdf:SAMD10_DFP@2.7.81,https://packs.download.microchip.com/Microchip.SAMD10_DFP.2.7.81.pack,2026-08-12T09:31:18+00:00,manufacturer_device_database,atdf_variant_record
microchip::atsamd10d14a-ssu,microchip::atsamd10d14as,Microchip,SAMD10,SAMD10,SAMD10,ATSAMD10D14AS,ATSAMD10D14A-SSU,,,,,SOIC20,-40..85 °C,,unknown,microchip-atdf:SAMD10_DFP@2.7.81,https://packs.download.microchip.com/Microchip.SAMD10_DFP.2.7.81.pack,2026-08-12T09:31:18+00:00,manufacturer_device_database,atdf_variant_record
microchip::atsamd10d14a-uu,microchip::atsamd10d14au,Microchip,SAMD10,SAMD10,SAMD10,ATSAMD10D14AU,ATSAMD10D14A-UU,,,,,WLCSP20,-40..85 °C,,unknown,microchip-atdf:SAMD10_DFP@2.7.81,https://packs.download.microchip.com/Microchip.SAMD10_DFP.2.7.81.pack,2026-08-12T09:31:18+00:00,manufacturer_device_database,atdf_variant_record
microchip::atsamd11c14a-ssu,microchip::atsamd11c14a,Microchip,SAMD11,SAMD11,SAMD11,ATSAMD11C14A,ATSAMD11C14A-SSU,-SSU,,,,SOIC14,-40..85 °C,,unknown,microchip-atdf:SAMD11_DFP@2.7.195,https://packs.download.microchip.com/Microchip.SAMD11_DFP.2.7.195.pack,2026-08-12T09:31:18+00:00,manufacturer_device_database,atdf_variant_record
microchip::atsamd11d14a-mu,microchip::atsamd11d14am,Microchip,SAMD11,SAMD11,SAMD11,ATSAMD11D14AM,ATSAMD11D14A-MU,,,,,QFN24,-40..85 °C,,unknown,microchip-atdf:SAMD11_DFP@2.7.195,https://packs.download.microchip.com/Microchip.SAMD11_DFP.2.7.195.pack,2026-08-12T09:31:18+00:00,manufacturer_device_database,atdf_variant_record
microchip::atsamd11d14a-ssu,microchip::atsamd11d14as,Microchip,SAMD11,SAMD11,SAMD11,ATSAMD11D14AS,ATSAMD11D14A-SSU,,,,,SOIC20,-40..85 °C,,unknown,microchip-atdf:SAMD11_DFP@2.7.195,https://packs.download.microchip.com/Microchip.SAMD11_DFP.2.7.195.pack,2026-08-12T09:31:18+00:00,manufacturer_device_database,atdf_variant_record
microchip::atsamd11d14a-uu,microchip::atsamd11d14au,Microchip,SAMD11,SAMD11,SAMD11,ATSAMD11D14AU,ATSAMD11D14A-UU,,,,,WLCSP20,-40..85 °C,,unknown,microchip-atdf:SAMD11_DFP@2.7.195,https://packs.download.microchip.com/Microchip.SAMD11_DFP.2.7.195.pack,2026-08-12T09:31:18+00:00,manufacturer_device_database,atdf_variant_record
microchip::atsamd20e14a-an,microchip::atsamd20e14,Microchip,SAMD20,SAMD20,SAMD20,ATSAMD20E14,ATSAMD20E14A-AN,A-AN,,,,TQFP32,-40..105 °C,,unknown,microchip-atdf:SAMD20_DFP@3.7.231,https://packs.download.microchip.com/Microchip.SAMD20_DFP.3.7.231.pack,2026-08-12T09:31:18+00:00,manufacturer_device_database,atdf_variant_record
microchip::atsamd20e14a-au,microchip::atsamd20e14,Microchip,SAMD20,SAMD20,SAMD20,ATSAMD20E14,ATSAMD20E14A-AU,A-AU,,,,TQFP32,-40..85 °C,,unknown,microchip-atdf:SAMD20_DFP@3.7.231,https://packs.download.microchip.com/Microchip.SAMD20_DFP.3.7.231.pack,2026-08-12T09:31:18+00:00,manufacturer_device_database,atdf_variant_record
microchip::atsamd20e14a-mn,microchip::atsamd20e14,Microchip,SAMD20,SAMD20,SAMD20,ATSAMD20E14,ATSAMD20E14A-MN,A-MN,,,,QFN32,-40..105 °C,,unknown,microchip-atdf:SAMD20_DFP@3.7.231,https://packs.download.microchip.com/Microchip.SAMD20_DFP.3.7.231.pack,2026-08-12T09:31:18+00:00,manufacturer_device_database,atdf_variant_record
microchip::atsamd20e14a-mu,microchip::atsamd20e14,Microchip,SAMD20,SAMD20,SAMD20,ATSAMD20E14,ATSAMD20E14A-MU,A-MU,,,,QFN32,-40..85 °C,,unknown,microchip-atdf:SAMD20_DFP@3.7.231,https://packs.download.microchip.com/Microchip.SAMD20_DFP.3.7.231.pack,2026-08-12T09:31:18+00:00,manufacturer_device_database,atdf_variant_record
microchip::atsamd20e14b-an,microchip::atsamd20e14b,Microchip,SAMD20,SAMD20,SAMD20,ATSAMD20E14B,ATSAMD20E14B-AN,-AN,,,,TQFP32,-40..105 °C,,unknown,microchip-atdf:SAMD20_DFP@3.7.231,https://packs.download.microchip.com/Microchip.SAMD20_DFP.3.7.231.pack,2026-08-12T09:31:18+00:00,manufacturer_device_database,atdf_variant_record
microchip::atsamd20e14b-au,microchip::atsamd20e14b,Microchip,SAMD20,SAMD20,SAMD20,ATSAMD20E14B,ATSAMD20E14B-AU,-AU,,,,TQFP32,-40..85 °C,,unknown,microchip-atdf:SAMD20_DFP@3.7.231,https://packs.download.microchip.com/Microchip.SAMD20_DFP.3.7.231.pack,2026-08-12T09:31:18+00:00,manufacturer_device_database,atdf_variant_record
microchip::atsamd20e14b-mn,microchip::atsamd20e14b,Microchip,SAMD20,SAMD20,SAMD20,ATSAMD20E14B,ATSAMD20E14B-MN,-MN,,,,QFN32,-40..105 °C,,unknown,microchip-atdf:SAMD20_DFP@3.7.231,https://packs.download.microchip.com/Microchip.SAMD20_DFP.3.7.231.pack,2026-08-12T09:31:18+00:00,manufacturer_device_database,atdf_variant_record
microchip::atsamd20e14b-mu,microchip::atsamd20e14b,Microchip,SAMD20,SAMD20,SAMD20,ATSAMD20E14B,ATSAMD20E14B-MU,-MU,,,,QFN32,-40..85 °C,,unknown,microchip-atdf:SAMD20_DFP@3.7.231,https://packs.download.microchip.com/Microchip.SAMD20_DFP.3.7.231.pack,2026-08-12T09:31:18+00:00,manufacturer_device_database,atdf_variant_record
microchip::atsamd20e15a-an,microchip::atsamd20e15,Microchip,SAMD20,SAMD20,SAMD20,ATSAMD20E15,ATSAMD20E15A-AN,A-AN,,,,TQFP32,-40..105 °C,,unknown,microchip-atdf:SAMD20_DFP@3.7.231,https://packs.download.microchip.com/Microchip.SAMD20_DFP.3.7.231.pack,2026-08-12T09:31:18+00:00,manufacturer_device_database,atdf_variant_record
microchip::atsamd20e15a-au,microchip::atsamd20e15,Microchip,SAMD20,SAMD20,SAMD20,ATSAMD20E15,ATSAMD20E15A-AU,A-AU,,,,TQFP32,-40..85 °C,,unknown,microchip-atdf:SAMD20_DFP@3.7.231,https://packs.download.microchip.com/Microchip.SAMD20_DFP.3.7.231.pack,2026-08-12T09:31:18+00:00,manufacturer_device_database,atdf_variant_record
microchip::atsamd20e15a-mn,microchip::atsamd20e15,Microchip,SAMD20,SAMD20,SAMD20,ATSAMD20E15,ATSAMD20E15A-MN,A-MN,,,,QFN32,-40..105 °C,,unknown,microchip-atdf:SAMD20_DFP@3.7.231,https://packs.download.microchip.com/Microchip.SAMD20_DFP.3.7.231.pack,2026-08-12T09:31:18+00:00,manufacturer_device_database,atdf_variant_record
microchip::atsamd20e15a-mu,microchip::atsamd20e15,Microchip,SAMD20,SAMD20,SAMD20,ATSAMD20E15,ATSAMD20E15A-MU,A-MU,,,,QFN32,-40..85 °C,,unknown,microchip-atdf:SAMD20_DFP@3.7.231,https://packs.download.microchip.com/Microchip.SAMD20_DFP.3.7.231.pack,2026-08-12T09:31:18+00:00,manufacturer_device_database,atdf_variant_record
microchip::atsamd20e15b-an,microchip::atsamd20e15b,Microchip,SAMD20,SAMD20,SAMD20,ATSAMD20E15B,ATSAMD20E15B-AN,-AN,,,,TQFP32,-40..105 °C,,unknown,microchip-atdf:SAMD20_DFP@3.7.231,https://packs.download.microchip.com/Microchip.SAMD20_DFP.3.7.231.pack,2026-08-12T09:31:18+00:00,manufacturer_device_database,atdf_variant_record
microchip::atsamd20e15b-au,microchip::atsamd20e15b,Microchip,SAMD20,SAMD20,SAMD20,ATSAMD20E15B,ATSAMD20E15B-AU,-AU,,,,TQFP32,-40..85 °C,,unknown,microchip-atdf:SAMD20_DFP@3.7.231,https://packs.download.microchip.com/Microchip.SAMD20_DFP.3.7.231.pack,2026-08-12T09:31:18+00:00,manufacturer_device_database,atdf_variant_record
microchip::atsamd20e15b-mn,microchip::atsamd20e15b,Microchip,SAMD20,SAMD20,SAMD20,ATSAMD20E15B,ATSAMD20E15B-MN,-MN,,,,QFN32,-40..105 °C,,unknown,microchip-atdf:SAMD20_DFP@3.7.231,https://packs.download.microchip.com/Microchip.SAMD20_DFP.3.7.231.pack,2026-08-12T09:31:18+00:00,manufacturer_device_database,atdf_variant_record
microchip::atsamd20e15b-mu,microchip::atsamd20e15b,Microchip,SAMD20,SAMD20,SAMD20,ATSAMD20E15B,ATSAMD20E15B-MU,-MU,,,,QFN32,-40..85 °C,,unknown,microchip-atdf:SAMD20_DFP@3.7.231,https://packs.download.microchip.com/Microchip.SAMD20_DFP.3.7.231.pack,2026-08-12T09:31:18+00:00,manufacturer_device_database,atdf_variant_record
microchip::atsamd20e15b-un,microchip::atsamd20e15bu,Microchip,SAMD20,SAMD20,SAMD20,ATSAMD20E15BU,ATSAMD20E15B-UN,,,,,WLCSP27,-40..105 °C,,unknown,microchip-atdf:SAMD20_DFP@3.7.231,https://packs.download.microchip.com/Microchip.SAMD20_DFP.3.7.231.pack,2026-08-12T09:31:18+00:00,manufacturer_device_database,atdf_variant_record
microchip::atsamd20e15b-uu,microchip::atsamd20e15bu,Microchip,SAMD20,SAMD20,SAMD20,ATSAMD20E15BU,ATSAMD20E15B-UU,,,,,WLCSP27,-40..85 °C,,unknown,microchip-atdf:SAMD20_DFP@3.7.231,https://packs.download.microchip.com/Microchip.SAMD20_DFP.3.7.231.pack,2026-08-12T09:31:18+00:00,manufacturer_device_database,atdf_variant_record
microchip::atsamd20e16a-an,microchip::atsamd20e16,Microchip,SAMD20,SAMD20,SAMD20,ATSAMD20E16,ATSAMD20E16A-AN,A-AN,,,,TQFP32,-40..105 °C,,unknown,microchip-atdf:SAMD20_DFP@3.7.231,https://packs.download.microchip.com/Microchip.SAMD20_DFP.3.7.231.pack,2026-08-12T09:31:18+00:00,manufacturer_device_database,atdf_variant_record
microchip::atsamd20e16a-au,microchip::atsamd20e16,Microchip,SAMD20,SAMD20,SAMD20,ATSAMD20E16,ATSAMD20E16A-AU,A-AU,,,,TQFP32,-40..85 °C,,unknown,microchip-atdf:SAMD20_DFP@3.7.231,https://packs.download.microchip.com/Microchip.SAMD20_DFP.3.7.231.pack,2026-08-12T09:31:18+00:00,manufacturer_device_database,atdf_variant_record
microchip::atsamd20e16a-mn,microchip::atsamd20e16,Microchip,SAMD20,SAMD20,SAMD20,ATSAMD20E16,ATSAMD20E16A-MN,A-MN,,,,QFN32,-40..105 °C,,unknown,microchip-atdf:SAMD20_DFP@3.7.231,https://packs.download.microchip.com/Microchip.SAMD20_DFP.3.7.231.pack,2026-08-12T09:31:18+00:00,manufacturer_device_database,atdf_variant_record
microchip::atsamd20e16a-mu,microchip::atsamd20e16,Microchip,SAMD20,SAMD20,SAMD20,ATSAMD20E16,ATSAMD20E16A-MU,A-MU,,,,QFN32,-40..85 °C,,unknown,microchip-atdf:SAMD20_DFP@3.7.231,https://packs.download.microchip.com/Microchip.SAMD20_DFP.3.7.231.pack,2026-08-12T09:31:18+00:00,manufacturer_device_database,atdf_variant_record
microchip::atsamd20e16b-an,microchip::atsamd20e16b,Microchip,SAMD20,SAMD20,SAMD20,ATSAMD20E16B,ATSAMD20E16B-AN,-AN,,,,TQFP32,-40..105 °C,,unknown,microchip-atdf:SAMD20_DFP@3.7.231,https://packs.download.microchip.com/Microchip.SAMD20_DFP.3.7.231.pack,2026-08-12T09:31:18+00:00,manufacturer_device_database,atdf_variant_record
microchip::atsamd20e16b-au,microchip::atsamd20e16b,Microchip,SAMD20,SAMD20,SAMD20,ATSAMD20E16B,ATSAMD20E16B-AU,-AU,,,,TQFP32,-40..85 °C,,unknown,microchip-atdf:SAMD20_DFP@3.7.231,https://packs.download.microchip.com/Microchip.SAMD20_DFP.3.7.231.pack,2026-08-12T09:31:18+00:00,manufacturer_device_database,atdf_variant_record
microchip::atsamd20e16b-mn,microchip::atsamd20e16b,Microchip,SAMD20,SAMD20,SAMD20,ATSAMD20E16B,ATSAMD20E16B-MN,-MN,,,,QFN32,-40..105 °C,,unknown,microchip-atdf:SAMD20_DFP@3.7.231,https://packs.download.microchip.com/Microchip.SAMD20_DFP.3.7.231.pack,2026-08-12T09:31:18+00:00,manufacturer_device_database,atdf_variant_record
microchip::atsamd20e16b-mu,microchip::atsamd20e16b,Microchip,SAMD20,SAMD20,SAMD20,ATSAMD20E16B,ATSAMD20E16B-MU,-MU,,,,QFN32,-40..85 °C,,unknown,microchip-atdf:SAMD20_DFP@3.7.231,https://packs.download.microchip.com/Microchip.SAMD20_DFP.3.7.231.pack,2026-08-12T09:31:18+00:00,manufacturer_device_database,atdf_variant_record
microchip::atsamd20e16b-un,microchip::atsamd20e16bu,Microchip,SAMD20,SAMD20,SAMD20,ATSAMD20E16BU,ATSAMD20E16B-UN,,,,,WLCSP27,-40..105 °C,,unknown,microchip-atdf:SAMD20_DFP@3.7.231,https://packs.download.microchip.com/Microchip.SAMD20_DFP.3.7.231.pack,2026-08-12T09:31:18+00:00,manufacturer_device_database,atdf_variant_record
microchip::atsamd20e16b-uu,microchip::atsamd20e16bu,Microchip,SAMD20,SAMD20,SAMD20,ATSAMD20E16BU,ATSAMD20E16B-UU,,,,,WLCSP27,-40..85 °C,,unknown,microchip-atdf:SAMD20_DFP@3.7.231,https://packs.download.microchip.com/Microchip.SAMD20_DFP.3.7.231.pack,2026-08-12T09:31:18+00:00,manufacturer_device_database,atdf_variant_record
microchip::atsamd20e17a-an,microchip::atsamd20e17,Microchip,SAMD20,SAMD20,SAMD20,ATSAMD20E17,ATSAMD20E17A-AN,A-AN,,,,TQFP32,-40..105 °C,,unknown,microchip-atdf:SAMD20_DFP@3.7.231,https://packs.download.microchip.com/Microchip.SAMD20_DFP.3.7.231.pack,2026-08-12T09:31:18+00:00,manufacturer_device_database,atdf_variant_record
microchip::atsamd20e17a-au,microchip::atsamd20e17,Microchip,SAMD20,SAMD20,SAMD20,ATSAMD20E17,ATSAMD20E17A-AU,A-AU,,,,TQFP32,-40..85 °C,,unknown,microchip-atdf:SAMD20_DFP@3.7.231,https://packs.download.microchip.com/Microchip.SAMD20_DFP.3.7.231.pack,2026-08-12T09:31:18+00:00,manufacturer_device_database,atdf_variant_record
microchip::atsamd20e17a-mn,microchip::atsamd20e17,Microchip,SAMD20,SAMD20,SAMD20,ATSAMD20E17,ATSAMD20E17A-MN,A-MN,,,,QFN32,-40..105 °C,,unknown,microchip-atdf:SAMD20_DFP@3.7.231,https://packs.download.microchip.com/Microchip.SAMD20_DFP.3.7.231.pack,2026-08-12T09:31:18+00:00,manufacturer_device_database,atdf_variant_record
microchip::atsamd20e17a-mu,microchip::atsamd20e17,Microchip,SAMD20,SAMD20,SAMD20,ATSAMD20E17,ATSAMD20E17A-MU,A-MU,,,,QFN32,-40..85 °C,,unknown,microchip-atdf:SAMD20_DFP@3.7.231,https://packs.download.microchip.com/Microchip.SAMD20_DFP.3.7.231.pack,2026-08-12T09:31:18+00:00,manufacturer_device_database,atdf_variant_record
microchip::atsamd20e18a-an,microchip::atsamd20e18,Microchip,SAMD20,SAMD20,SAMD20,ATSAMD20E18,ATSAMD20E18A-AN,A-AN,,,,TQFP32,-40..105 °C,,unknown,microchip-atdf:SAMD20_DFP@3.7.231,https://packs.download.microchip.com/Microchip.SAMD20_DFP.3.7.231.pack,2026-08-12T09:31:18+00:00,manufacturer_device_database,atdf_variant_record
microchip::atsamd20e18a-au,microchip::atsamd20e18,Microchip,SAMD20,SAMD20,SAMD20,ATSAMD20E18,ATSAMD20E18A-AU,A-AU,,,,TQFP32,-40..85 °C,,unknown,microchip-atdf:SAMD20_DFP@3.7.231,https://packs.download.microchip.com/Microchip.SAMD20_DFP.3.7.231.pack,2026-08-12T09:31:18+00:00,manufacturer_device_database,atdf_variant_record
microchip::atsamd20e18a-mn,microchip::atsamd20e18,Microchip,SAMD20,SAMD20,SAMD20,ATSAMD20E18,ATSAMD20E18A-MN,A-MN,,,,QFN32,-40..105 °C,,unknown,microchip-atdf:SAMD20_DFP@3.7.231,https://packs.download.microchip.com/Microchip.SAMD20_DFP.3.7.231.pack,2026-08-12T09:31:18+00:00,manufacturer_device_database,atdf_variant_record
microchip::atsamd20e18a-mu,microchip::atsamd20e18,Microchip,SAMD20,SAMD20,SAMD20,ATSAMD20E18,ATSAMD20E18A-MU,A-MU,,,,QFN32,-40..85 °C,,unknown,microchip-atdf:SAMD20_DFP@3.7.231,https://packs.download.microchip.com/Microchip.SAMD20_DFP.3.7.231.pack,2026-08-12T09:31:18+00:00,manufacturer_device_database,atdf_variant_record
microchip::atsamd20g14a-an,microchip::atsamd20g14,Microchip,SAMD20,SAMD20,SAMD20,ATSAMD20G14,ATSAMD20G14A-AN,A-AN,,,,TQFP48,-40..105 °C,,unknown,microchip-atdf:SAMD20_DFP@3.7.231,https://packs.download.microchip.com/Microchip.SAMD20_DFP.3.7.231.pack,2026-08-12T09:31:18+00:00,manufacturer_device_database,atdf_variant_record
microchip::atsamd20g14a-au,microchip::atsamd20g14,Microchip,SAMD20,SAMD20,SAMD20,ATSAMD20G14,ATSAMD20G14A-AU,A-AU,,,,TQFP48,-40..85 °C,,unknown,microchip-atdf:SAMD20_DFP@3.7.231,https://packs.download.microchip.com/Microchip.SAMD20_DFP.3.7.231.pack,2026-08-12T09:31:18+00:00,manufacturer_device_database,atdf_variant_record
microchip::atsamd20g14a-mn,microchip::atsamd20g14,Microchip,SAMD20,SAMD20,SAMD20,ATSAMD20G14,ATSAMD20G14A-MN,A-MN,,,,QFN48,-40..105 °C,,unknown,microchip-atdf:SAMD20_DFP@3.7.231,https://packs.download.microchip.com/Microchip.SAMD20_DFP.3.7.231.pack,2026-08-12T09:31:18+00:00,manufacturer_device_database,atdf_variant_record
microchip::atsamd20g14a-mu,microchip::atsamd20g14,Microchip,SAMD20,SAMD20,SAMD20,ATSAMD20G14,ATSAMD20G14A-MU,A-MU,,,,QFN48,-40..85 °C,,unknown,microchip-atdf:SAMD20_DFP@3.7.231,https://packs.download.microchip.com/Microchip.SAMD20_DFP.3.7.231.pack,2026-08-12T09:31:18+00:00,manufacturer_device_database,atdf_variant_record
microchip::atsamd20g14b-an,microchip::atsamd20g14b,Microchip,SAMD20,SAMD20,SAMD20,ATSAMD20G14B,ATSAMD20G14B-AN,-AN,,,,TQFP48,-40..105 °C,,unknown,microchip-atdf:SAMD20_DFP@3.7.231,https://packs.download.microchip.com/Microchip.SAMD20_DFP.3.7.231.pack,2026-08-12T09:31:18+00:00,manufacturer_device_database,atdf_variant_record
microchip::atsamd20g14b-au,microchip::atsamd20g14b,Microchip,SAMD20,SAMD20,SAMD20,ATSAMD20G14B,ATSAMD20G14B-AU,-AU,,,,TQFP48,-40..85 °C,,unknown,microchip-atdf:SAMD20_DFP@3.7.231,https://packs.download.microchip.com/Microchip.SAMD20_DFP.3.7.231.pack,2026-08-12T09:31:18+00:00,manufacturer_device_database,atdf_variant_record
microchip::atsamd20g14b-mn,microchip::atsamd20g14b,Microchip,SAMD20,SAMD20,SAMD20,ATSAMD20G14B,ATSAMD20G14B-MN,-MN,,,,QFN48,-40..105 °C,,unknown,microchip-atdf:SAMD20_DFP@3.7.231,https://packs.download.microchip.com/Microchip.SAMD20_DFP.3.7.231.pack,2026-08-12T09:31:18+00:00,manufacturer_device_database,atdf_variant_record
microchip::atsamd20g14b-mu,microchip::atsamd20g14b,Microchip,SAMD20,SAMD20,SAMD20,ATSAMD20G14B,ATSAMD20G14B-MU,-MU,,,,QFN48,-40..85 °C,,unknown,microchip-atdf:SAMD20_DFP@3.7.231,https://packs.download.microchip.com/Microchip.SAMD20_DFP.3.7.231.pack,2026-08-12T09:31:18+00:00,manufacturer_device_database,atdf_variant_record
microchip::atsamd20g15a-an,microchip::atsamd20g15,Microchip,SAMD20,SAMD20,SAMD20,ATSAMD20G15,ATSAMD20G15A-AN,A-AN,,,,TQFP48,-40..105 °C,,unknown,microchip-atdf:SAMD20_DFP@3.7.231,https://packs.download.microchip.com/Microchip.SAMD20_DFP.3.7.231.pack,2026-08-12T09:31:18+00:00,manufacturer_device_database,atdf_variant_record
microchip::atsamd20g15a-au,microchip::atsamd20g15,Microchip,SAMD20,SAMD20,SAMD20,ATSAMD20G15,ATSAMD20G15A-AU,A-AU,,,,TQFP48,-40..85 °C,,unknown,microchip-atdf:SAMD20_DFP@3.7.231,https://packs.download.microchip.com/Microchip.SAMD20_DFP.3.7.231.pack,2026-08-12T09:31:18+00:00,manufacturer_device_database,atdf_variant_record
microchip::atsamd20g15a-mn,microchip::atsamd20g15,Microchip,SAMD20,SAMD20,SAMD20,ATSAMD20G15,ATSAMD20G15A-MN,A-MN,,,,QFN48,-40..105 °C,,unknown,microchip-atdf:SAMD20_DFP@3.7.231,https://packs.download.microchip.com/Microchip.SAMD20_DFP.3.7.231.pack,2026-08-12T09:31:18+00:00,manufacturer_device_database,atdf_variant_record
microchip::atsamd20g15a-mu,microchip::atsamd20g15,Microchip,SAMD20,SAMD20,SAMD20,ATSAMD20G15,ATSAMD20G15A-MU,A-MU,,,,QFN48,-40..85 °C,,unknown,microchip-atdf:SAMD20_DFP@3.7.231,https://packs.download.microchip.com/Microchip.SAMD20_DFP.3.7.231.pack,2026-08-12T09:31:18+00:00,manufacturer_device_database,atdf_variant_record
microchip::atsamd20g15b-an,microchip::atsamd20g15b,Microchip,SAMD20,SAMD20,SAMD20,ATSAMD20G15B,ATSAMD20G15B-AN,-AN,,,,TQFP48,-40..105 °C,,unknown,microchip-atdf:SAMD20_DFP@3.7.231,https://packs.download.microchip.com/Microchip.SAMD20_DFP.3.7.231.pack,2026-08-12T09:31:18+00:00,manufacturer_device_database,atdf_variant_record
microchip::atsamd20g15b-au,microchip::atsamd20g15b,Microchip,SAMD20,SAMD20,SAMD20,ATSAMD20G15B,ATSAMD20G15B-AU,-AU,,,,TQFP48,-40..85 °C,,unknown,microchip-atdf:SAMD20_DFP@3.7.231,https://packs.download.microchip.com/Microchip.SAMD20_DFP.3.7.231.pack,2026-08-12T09:31:18+00:00,manufacturer_device_database,atdf_variant_record
microchip::atsamd20g15b-mn,microchip::atsamd20g15b,Microchip,SAMD20,SAMD20,SAMD20,ATSAMD20G15B,ATSAMD20G15B-MN,-MN,,,,QFN48,-40..105 °C,,unknown,microchip-atdf:SAMD20_DFP@3.7.231,https://packs.download.microchip.com/Microchip.SAMD20_DFP.3.7.231.pack,2026-08-12T09:31:18+00:00,manufacturer_device_database,atdf_variant_record
microchip::atsamd20g15b-mu,microchip::atsamd20g15b,Microchip,SAMD20,SAMD20,SAMD20,ATSAMD20G15B,ATSAMD20G15B-MU,-MU,,,,QFN48,-40..85 °C,,unknown,microchip-atdf:SAMD20_DFP@3.7.231,https://packs.download.microchip.com/Microchip.SAMD20_DFP.3.7.231.pack,2026-08-12T09:31:18+00:00,manufacturer_device_database,atdf_variant_record
microchip::atsamd20g16a-an,microchip::atsamd20g16,Microchip,SAMD20,SAMD20,SAMD20,ATSAMD20G16,ATSAMD20G16A-AN,A-AN,,,,TQFP48,-40..105 °C,,unknown,microchip-atdf:SAMD20_DFP@3.7.231,https://packs.download.microchip.com/Microchip.SAMD20_DFP.3.7.231.pack,2026-08-12T09:31:18+00:00,manufacturer_device_database,atdf_variant_record
microchip::atsamd20g16a-au,microchip::atsamd20g16,Microchip,SAMD20,SAMD20,SAMD20,ATSAMD20G16,ATSAMD20G16A-AU,A-AU,,,,TQFP48,-40..85 °C,,unknown,microchip-atdf:SAMD20_DFP@3.7.231,https://packs.download.microchip.com/Microchip.SAMD20_DFP.3.7.231.pack,2026-08-12T09:31:18+00:00,manufacturer_device_database,atdf_variant_record
microchip::atsamd20g16a-mn,microchip::atsamd20g16,Microchip,SAMD20,SAMD20,SAMD20,ATSAMD20G16,ATSAMD20G16A-MN,A-MN,,,,QFN48,-40..105 °C,,unknown,microchip-atdf:SAMD20_DFP@3.7.231,https://packs.download.microchip.com/Microchip.SAMD20_DFP.3.7.231.pack,2026-08-12T09:31:18+00:00,manufacturer_device_database,atdf_variant_record
microchip::atsamd20g16a-mu,microchip::atsamd20g16,Microchip,SAMD20,SAMD20,SAMD20,ATSAMD20G16,ATSAMD20G16A-MU,A-MU,,,,QFN48,-40..85 °C,,unknown,microchip-atdf:SAMD20_DFP@3.7.231,https://packs.download.microchip.com/Microchip.SAMD20_DFP.3.7.231.pack,2026-08-12T09:31:18+00:00,manufacturer_device_database,atdf_variant_record
microchip::atsamd20g16b-an,microchip::atsamd20g16b,Microchip,SAMD20,SAMD20,SAMD20,ATSAMD20G16B,ATSAMD20G16B-AN,-AN,,,,TQFP48,-40..105 °C,,unknown,microchip-atdf:SAMD20_DFP@3.7.231,https://packs.download.microchip.com/Microchip.SAMD20_DFP.3.7.231.pack,2026-08-12T09:31:18+00:00,manufacturer_device_database,atdf_variant_record
microchip::atsamd20g16b-au,microchip::atsamd20g16b,Microchip,SAMD20,SAMD20,SAMD20,ATSAMD20G16B,ATSAMD20G16B-AU,-AU,,,,TQFP48,-40..85 °C,,unknown,microchip-atdf:SAMD20_DFP@3.7.231,https://packs.download.microchip.com/Microchip.SAMD20_DFP.3.7.231.pack,2026-08-12T09:31:18+00:00,manufacturer_device_database,atdf_variant_record
microchip::atsamd20g16b-mn,microchip::atsamd20g16b,Microchip,SAMD20,SAMD20,SAMD20,ATSAMD20G16B,ATSAMD20G16B-MN,-MN,,,,QFN48,-40..105 °C,,unknown,microchip-atdf:SAMD20_DFP@3.7.231,https://packs.download.microchip.com/Microchip.SAMD20_DFP.3.7.231.pack,2026-08-12T09:31:18+00:00,manufacturer_device_database,atdf_variant_record
microchip::atsamd20g16b-mu,microchip::atsamd20g16b,Microchip,SAMD20,SAMD20,SAMD20,ATSAMD20G16B,ATSAMD20G16B-MU,-MU,,,,QFN48,-40..85 °C,,unknown,microchip-atdf:SAMD20_DFP@3.7.231,https://packs.download.microchip.com/Microchip.SAMD20_DFP.3.7.231.pack,2026-08-12T09:31:18+00:00,manufacturer_device_database,atdf_variant_record
microchip::atsamd20g17a-an,microchip::atsamd20g17,Microchip,SAMD20,SAMD20,SAMD20,ATSAMD20G17,ATSAMD20G17A-AN,A-AN,,,,TQFP48,-40..105 °C,,unknown,microchip-atdf:SAMD20_DFP@3.7.231,https://packs.download.microchip.com/Microchip.SAMD20_DFP.3.7.231.pack,2026-08-12T09:31:18+00:00,manufacturer_device_database,atdf_variant_record
microchip::atsamd20g17a-au,microchip::atsamd20g17,Microchip,SAMD20,SAMD20,SAMD20,ATSAMD20G17,ATSAMD20G17A-AU,A-AU,,,,TQFP48,-40..85 °C,,unknown,microchip-atdf:SAMD20_DFP@3.7.231,https://packs.download.microchip.com/Microchip.SAMD20_DFP.3.7.231.pack,2026-08-12T09:31:18+00:00,manufacturer_device_database,atdf_variant_record
microchip::atsamd20g17a-mn,microchip::atsamd20g17,Microchip,SAMD20,SAMD20,SAMD20,ATSAMD20G17,ATSAMD20G17A-MN,A-MN,,,,QFN48,-40..105 °C,,unknown,microchip-atdf:SAMD20_DFP@3.7.231,https://packs.download.microchip.com/Microchip.SAMD20_DFP.3.7.231.pack,2026-08-12T09:31:18+00:00,manufacturer_device_database,atdf_variant_record
microchip::atsamd20g17a-mu,microchip::atsamd20g17,Microchip,SAMD20,SAMD20,SAMD20,ATSAMD20G17,ATSAMD20G17A-MU,A-MU,,,,QFN48,-40..85 °C,,unknown,microchip-atdf:SAMD20_DFP@3.7.231,https://packs.download.microchip.com/Microchip.SAMD20_DFP.3.7.231.pack,2026-08-12T09:31:18+00:00,manufacturer_device_database,atdf_variant_record
microchip::atsamd20g17a-un,microchip::atsamd20g17u,Microchip,SAMD20,SAMD20,SAMD20,ATSAMD20G17U,ATSAMD20G17A-UN,,,,,WLCSP45,-40..105 °C,,unknown,microchip-atdf:SAMD20_DFP@3.7.231,https://packs.download.microchip.com/Microchip.SAMD20_DFP.3.7.231.pack,2026-08-12T09:31:18+00:00,manufacturer_device_database,atdf_variant_record
microchip::atsamd20g17a-uu,microchip::atsamd20g17u,Microchip,SAMD20,SAMD20,SAMD20,ATSAMD20G17U,ATSAMD20G17A-UU,,,,,WLCSP45,-40..85 °C,,unknown,microchip-atdf:SAMD20_DFP@3.7.231,https://packs.download.microchip.com/Microchip.SAMD20_DFP.3.7.231.pack,2026-08-12T09:31:18+00:00,manufacturer_device_database,atdf_variant_record
microchip::atsamd20g18a-an,microchip::atsamd20g18,Microchip,SAMD20,SAMD20,SAMD20,ATSAMD20G18,ATSAMD20G18A-AN,A-AN,,,,TQFP48,-40..105 °C,,unknown,microchip-atdf:SAMD20_DFP@3.7.231,https://packs.download.microchip.com/Microchip.SAMD20_DFP.3.7.231.pack,2026-08-12T09:31:18+00:00,manufacturer_device_database,atdf_variant_record
microchip::atsamd20g18a-au,microchip::atsamd20g18,Microchip,SAMD20,SAMD20,SAMD20,ATSAMD20G18,ATSAMD20G18A-AU,A-AU,,,,TQFP48,-40..85 °C,,unknown,microchip-atdf:SAMD20_DFP@3.7.231,https://packs.download.microchip.com/Microchip.SAMD20_DFP.3.7.231.pack,2026-08-12T09:31:18+00:00,manufacturer_device_database,atdf_variant_record
microchip::atsamd20g18a-mn,microchip::atsamd20g18,Microchip,SAMD20,SAMD20,SAMD20,ATSAMD20G18,ATSAMD20G18A-MN,A-MN,,,,QFN48,-40..105 °C,,unknown,microchip-atdf:SAMD20_DFP@3.7.231,https://packs.download.microchip.com/Microchip.SAMD20_DFP.3.7.231.pack,2026-08-12T09:31:18+00:00,manufacturer_device_database,atdf_variant_record
microchip::atsamd20g18a-mu,microchip::atsamd20g18,Microchip,SAMD20,SAMD20,SAMD20,ATSAMD20G18,ATSAMD20G18A-MU,A-MU,,,,QFN48,-40..85 °C,,unknown,microchip-atdf:SAMD20_DFP@3.7.231,https://packs.download.microchip.com/Microchip.SAMD20_DFP.3.7.231.pack,2026-08-12T09:31:18+00:00,manufacturer_device_database,atdf_variant_record
microchip::atsamd20g18a-un,microchip::atsamd20g18u,Microchip,SAMD20,SAMD20,SAMD20,ATSAMD20G18U,ATSAMD20G18A-UN,,,,,WLCSP45,-40..105 °C,,unknown,microchip-atdf:SAMD20_DFP@3.7.231,https://packs.download.microchip.com/Microchip.SAMD20_DFP.3.7.231.pack,2026-08-12T09:31:18+00:00,manufacturer_device_database,atdf_variant_record
microchip::atsamd20g18a-uu,microchip::atsamd20g18u,Microchip,SAMD20,SAMD20,SAMD20,ATSAMD20G18U,ATSAMD20G18A-UU,,,,,WLCSP45,-40..85 °C,,unknown,microchip-atdf:SAMD20_DFP@3.7.231,https://packs.download.microchip.com/Microchip.SAMD20_DFP.3.7.231.pack,2026-08-12T09:31:18+00:00,manufacturer_device_database,atdf_variant_record
microchip::atsamd20j14a-an,microchip::atsamd20j14,Microchip,SAMD20,SAMD20,SAMD20,ATSAMD20J14,ATSAMD20J14A-AN,A-AN,,,,TQFP64,-40..105 °C,,unknown,microchip-atdf:SAMD20_DFP@3.7.231,https://packs.download.microchip.com/Microchip.SAMD20_DFP.3.7.231.pack,2026-08-12T09:31:18+00:00,manufacturer_device_database,atdf_variant_record
microchip::atsamd20j14a-au,microchip::atsamd20j14,Microchip,SAMD20,SAMD20,SAMD20,ATSAMD20J14,ATSAMD20J14A-AU,A-AU,,,,TQFP64,-40..85 °C,,unknown,microchip-atdf:SAMD20_DFP@3.7.231,https://packs.download.microchip.com/Microchip.SAMD20_DFP.3.7.231.pack,2026-08-12T09:31:18+00:00,manufacturer_device_database,atdf_variant_record
microchip::atsamd20j14a-mn,microchip::atsamd20j14,Microchip,SAMD20,SAMD20,SAMD20,ATSAMD20J14,ATSAMD20J14A-MN,A-MN,,,,QFN64,-40..105 °C,,unknown,microchip-atdf:SAMD20_DFP@3.7.231,https://packs.download.microchip.com/Microchip.SAMD20_DFP.3.7.231.pack,2026-08-12T09:31:18+00:00,manufacturer_device_database,atdf_variant_record
microchip::atsamd20j14a-mu,microchip::atsamd20j14,Microchip,SAMD20,SAMD20,SAMD20,ATSAMD20J14,ATSAMD20J14A-MU,A-MU,,,,QFN64,-40..85 °C,,unknown,microchip-atdf:SAMD20_DFP@3.7.231,https://packs.download.microchip.com/Microchip.SAMD20_DFP.3.7.231.pack,2026-08-12T09:31:18+00:00,manufacturer_device_database,atdf_variant_record
microchip::atsamd20j14b-an,microchip::atsamd20j14b,Microchip,SAMD20,SAMD20,SAMD20,ATSAMD20J14B,ATSAMD20J14B-AN,-AN,,,,TQFP64,-40..105 °C,,unknown,microchip-atdf:SAMD20_DFP@3.7.231,https://packs.download.microchip.com/Microchip.SAMD20_DFP.3.7.231.pack,2026-08-12T09:31:18+00:00,manufacturer_device_database,atdf_variant_record
microchip::atsamd20j14b-au,microchip::atsamd20j14b,Microchip,SAMD20,SAMD20,SAMD20,ATSAMD20J14B,ATSAMD20J14B-AU,-AU,,,,TQFP64,-40..85 °C,,unknown,microchip-atdf:SAMD20_DFP@3.7.231,https://packs.download.microchip.com/Microchip.SAMD20_DFP.3.7.231.pack,2026-08-12T09:31:18+00:00,manufacturer_device_database,atdf_variant_record
microchip::atsamd20j14b-mn,microchip::atsamd20j14b,Microchip,SAMD20,SAMD20,SAMD20,ATSAMD20J14B,ATSAMD20J14B-MN,-MN,,,,QFN64,-40..105 °C,,unknown,microchip-atdf:SAMD20_DFP@3.7.231,https://packs.download.microchip.com/Microchip.SAMD20_DFP.3.7.231.pack,2026-08-12T09:31:18+00:00,manufacturer_device_database,atdf_variant_record
microchip::atsamd20j14b-mu,microchip::atsamd20j14b,Microchip,SAMD20,SAMD20,SAMD20,ATSAMD20J14B,ATSAMD20J14B-MU,-MU,,,,QFN64,-40..85 °C,,unknown,microchip-atdf:SAMD20_DFP@3.7.231,https://packs.download.microchip.com/Microchip.SAMD20_DFP.3.7.231.pack,2026-08-12T09:31:18+00:00,manufacturer_device_database,atdf_variant_record
microchip::atsamd20j15a-an,microchip::atsamd20j15,Microchip,SAMD20,SAMD20,SAMD20,ATSAMD20J15,ATSAMD20J15A-AN,A-AN,,,,TQFP64,-40..105 °C,,unknown,microchip-atdf:SAMD20_DFP@3.7.231,https://packs.download.microchip.com/Microchip.SAMD20_DFP.3.7.231.pack,2026-08-12T09:31:18+00:00,manufacturer_device_database,atdf_variant_record
microchip::atsamd20j15a-au,microchip::atsamd20j15,Microchip,SAMD20,SAMD20,SAMD20,ATSAMD20J15,ATSAMD20J15A-AU,A-AU,,,,TQFP64,-40..85 °C,,unknown,microchip-atdf:SAMD20_DFP@3.7.231,https://packs.download.microchip.com/Microchip.SAMD20_DFP.3.7.231.pack,2026-08-12T09:31:18+00:00,manufacturer_device_database,atdf_variant_record
microchip::atsamd20j15a-mn,microchip::atsamd20j15,Microchip,SAMD20,SAMD20,SAMD20,ATSAMD20J15,ATSAMD20J15A-MN,A-MN,,,,QFN64,-40..105 °C,,unknown,microchip-atdf:SAMD20_DFP@3.7.231,https://packs.download.microchip.com/Microchip.SAMD20_DFP.3.7.231.pack,2026-08-12T09:31:18+00:00,manufacturer_device_database,atdf_variant_record
microchip::atsamd20j15a-mu,microchip::atsamd20j15,Microchip,SAMD20,SAMD20,SAMD20,ATSAMD20J15,ATSAMD20J15A-MU,A-MU,,,,QFN64,-40..85 °C,,unknown,microchip-atdf:SAMD20_DFP@3.7.231,https://packs.download.microchip.com/Microchip.SAMD20_DFP.3.7.231.pack,2026-08-12T09:31:18+00:00,manufacturer_device_database,atdf_variant_record
microchip::atsamd20j15b-an,microchip::atsamd20j15b,Microchip,SAMD20,SAMD20,SAMD20,ATSAMD20J15B,ATSAMD20J15B-AN,-AN,,,,TQFP64,-40..105 °C,,unknown,microchip-atdf:SAMD20_DFP@3.7.231,https://packs.download.microchip.com/Microchip.SAMD20_DFP.3.7.231.pack,2026-08-12T09:31:18+00:00,manufacturer_device_database,atdf_variant_record
microchip::atsamd20j15b-au,microchip::atsamd20j15b,Microchip,SAMD20,SAMD20,SAMD20,ATSAMD20J15B,ATSAMD20J15B-AU,-AU,,,,TQFP64,-40..85 °C,,unknown,microchip-atdf:SAMD20_DFP@3.7.231,https://packs.download.microchip.com/Microchip.SAMD20_DFP.3.7.231.pack,2026-08-12T09:31:18+00:00,manufacturer_device_database,atdf_variant_record
microchip::atsamd20j15b-mn,microchip::atsamd20j15b,Microchip,SAMD20,SAMD20,SAMD20,ATSAMD20J15B,ATSAMD20J15B-MN,-MN,,,,QFN64,-40..105 °C,,unknown,microchip-atdf:SAMD20_DFP@3.7.231,https://packs.download.microchip.com/Microchip.SAMD20_DFP.3.7.231.pack,2026-08-12T09:31:18+00:00,manufacturer_device_database,atdf_variant_record
microchip::atsamd20j15b-mu,microchip::atsamd20j15b,Microchip,SAMD20,SAMD20,SAMD20,ATSAMD20J15B,ATSAMD20J15B-MU,-MU,,,,QFN64,-40..85 °C,,unknown,microchip-atdf:SAMD20_DFP@3.7.231,https://packs.download.microchip.com/Microchip.SAMD20_DFP.3.7.231.pack,2026-08-12T09:31:18+00:00,manufacturer_device_database,atdf_variant_record
microchip::atsamd20j16a-an,microchip::atsamd20j16,Microchip,SAMD20,SAMD20,SAMD20,ATSAMD20J16,ATSAMD20J16A-AN,A-AN,,,,TQFP64,-40..105 °C,,unknown,microchip-atdf:SAMD20_DFP@3.7.231,https://packs.download.microchip.com/Microchip.SAMD20_DFP.3.7.231.pack,2026-08-12T09:31:18+00:00,manufacturer_device_database,atdf_variant_record
microchip::atsamd20j16a-au,microchip::atsamd20j16,Microchip,SAMD20,SAMD20,SAMD20,ATSAMD20J16,ATSAMD20J16A-AU,A-AU,,,,TQFP64,-40..85 °C,,unknown,microchip-atdf:SAMD20_DFP@3.7.231,https://packs.download.microchip.com/Microchip.SAMD20_DFP.3.7.231.pack,2026-08-12T09:31:18+00:00,manufacturer_device_database,atdf_variant_record
microchip::atsamd20j16a-mn,microchip::atsamd20j16,Microchip,SAMD20,SAMD20,SAMD20,ATSAMD20J16,ATSAMD20J16A-MN,A-MN,,,,QFN64,-40..105 °C,,unknown,microchip-atdf:SAMD20_DFP@3.7.231,https://packs.download.microchip.com/Microchip.SAMD20_DFP.3.7.231.pack,2026-08-12T09:31:18+00:00,manufacturer_device_database,atdf_variant_record
microchip::atsamd20j16a-mu,microchip::atsamd20j16,Microchip,SAMD20,SAMD20,SAMD20,ATSAMD20J16,ATSAMD20J16A-MU,A-MU,,,,QFN64,-40..85 °C,,unknown,microchip-atdf:SAMD20_DFP@3.7.231,https://packs.download.microchip.com/Microchip.SAMD20_DFP.3.7.231.pack,2026-08-12T09:31:18+00:00,manufacturer_device_database,atdf_variant_record
microchip::atsamd20j16b-an,microchip::atsamd20j16b,Microchip,SAMD20,SAMD20,SAMD20,ATSAMD20J16B,ATSAMD20J16B-AN,-AN,,,,TQFP64,-40..105 °C,,unknown,microchip-atdf:SAMD20_DFP@3.7.231,https://packs.download.microchip.com/Microchip.SAMD20_DFP.3.7.231.pack,2026-08-12T09:31:18+00:00,manufacturer_device_database,atdf_variant_record
microchip::atsamd20j16b-au,microchip::atsamd20j16b,Microchip,SAMD20,SAMD20,SAMD20,ATSAMD20J16B,ATSAMD20J16B-AU,-AU,,,,TQFP64,-40..85 °C,,unknown,microchip-atdf:SAMD20_DFP@3.7.231,https://packs.download.microchip.com/Microchip.SAMD20_DFP.3.7.231.pack,2026-08-12T09:31:18+00:00,manufacturer_device_database,atdf_variant_record
microchip::atsamd20j16b-mn,microchip::atsamd20j16b,Microchip,SAMD20,SAMD20,SAMD20,ATSAMD20J16B,ATSAMD20J16B-MN,-MN,,,,QFN64,-40..105 °C,,unknown,microchip-atdf:SAMD20_DFP@3.7.231,https://packs.download.microchip.com/Microchip.SAMD20_DFP.3.7.231.pack,2026-08-12T09:31:18+00:00,manufacturer_device_database,atdf_variant_record
microchip::atsamd20j16b-mu,microchip::atsamd20j16b,Microchip,SAMD20,SAMD20,SAMD20,ATSAMD20J16B,ATSAMD20J16B-MU,-MU,,,,QFN64,-40..85 °C,,unknown,microchip-atdf:SAMD20_DFP@3.7.231,https://packs.download.microchip.com/Microchip.SAMD20_DFP.3.7.231.pack,2026-08-12T09:31:18+00:00,manufacturer_device_database,atdf_variant_record
microchip::atsamd20j17a-an,microchip::atsamd20j17,Microchip,SAMD20,SAMD20,SAMD20,ATSAMD20J17,ATSAMD20J17A-AN,A-AN,,,,TQFP64,-40..105 °C,,unknown,microchip-atdf:SAMD20_DFP@3.7.231,https://packs.download.microchip.com/Microchip.SAMD20_DFP.3.7.231.pack,2026-08-12T09:31:18+00:00,manufacturer_device_database,atdf_variant_record
microchip::atsamd20j17a-au,microchip::atsamd20j17,Microchip,SAMD20,SAMD20,SAMD20,ATSAMD20J17,ATSAMD20J17A-AU,A-AU,,,,TQFP64,-40..85 °C,,unknown,microchip-atdf:SAMD20_DFP@3.7.231,https://packs.download.microchip.com/Microchip.SAMD20_DFP.3.7.231.pack,2026-08-12T09:31:18+00:00,manufacturer_device_database,atdf_variant_record
microchip::atsamd20j17a-mn,microchip::atsamd20j17,Microchip,SAMD20,SAMD20,SAMD20,ATSAMD20J17,ATSAMD20J17A-MN,A-MN,,,,QFN64,-40..105 °C,,unknown,microchip-atdf:SAMD20_DFP@3.7.231,https://packs.download.microchip.com/Microchip.SAMD20_DFP.3.7.231.pack,2026-08-12T09:31:18+00:00,manufacturer_device_database,atdf_variant_record
microchip::atsamd20j17a-mu,microchip::atsamd20j17,Microchip,SAMD20,SAMD20,SAMD20,ATSAMD20J17,ATSAMD20J17A-MU,A-MU,,,,QFN64,-40..85 °C,,unknown,microchip-atdf:SAMD20_DFP@3.7.231,https://packs.download.microchip.com/Microchip.SAMD20_DFP.3.7.231.pack,2026-08-12T09:31:18+00:00,manufacturer_device_database,atdf_variant_record
microchip::atsamd20j18a-an,microchip::atsamd20j18,Microchip,SAMD20,SAMD20,SAMD20,ATSAMD20J18,ATSAMD20J18A-AN,A-AN,,,,TQFP64,-40..105 °C,,unknown,microchip-atdf:SAMD20_DFP@3.7.231,https://packs.download.microchip.com/Microchip.SAMD20_DFP.3.7.231.pack,2026-08-12T09:31:18+00:00,manufacturer_device_database,atdf_variant_record
microchip::atsamd20j18a-au,microchip::atsamd20j18,Microchip,SAMD20,SAMD20,SAMD20,ATSAMD20J18,ATSAMD20J18A-AU,A-AU,,,,TQFP64,-40..85 °C,,unknown,microchip-atdf:SAMD20_DFP@3.7.231,https://packs.download.microchip.com/Microchip.SAMD20_DFP.3.7.231.pack,2026-08-12T09:31:18+00:00,manufacturer_device_database,atdf_variant_record
microchip::atsamd20j18a-cn,microchip::atsamd20j18,Microchip,SAMD20,SAMD20,SAMD20,ATSAMD20J18,ATSAMD20J18A-CN,A-CN,,,,CTBGA64,-40..105 °C,,unknown,microchip-atdf:SAMD20_DFP@3.7.231,https://packs.download.microchip.com/Microchip.SAMD20_DFP.3.7.231.pack,2026-08-12T09:31:18+00:00,manufacturer_device_database,atdf_variant_record
microchip::atsamd20j18a-cu,microchip::atsamd20j18,Microchip,SAMD20,SAMD20,SAMD20,ATSAMD20J18,ATSAMD20J18A-CU,A-CU,,,,CTBGA64,-40..85 °C,,unknown,microchip-atdf:SAMD20_DFP@3.7.231,https://packs.download.microchip.com/Microchip.SAMD20_DFP.3.7.231.pack,2026-08-12T09:31:18+00:00,manufacturer_device_database,atdf_variant_record
microchip::atsamd20j18a-mn,microchip::atsamd20j18,Microchip,SAMD20,SAMD20,SAMD20,ATSAMD20J18,ATSAMD20J18A-MN,A-MN,,,,QFN64,-40..105 °C,,unknown,microchip-atdf:SAMD20_DFP@3.7.231,https://packs.download.microchip.com/Microchip.SAMD20_DFP.3.7.231.pack,2026-08-12T09:31:18+00:00,manufacturer_device_database,atdf_variant_record
microchip::atsamd20j18a-mu,microchip::atsamd20j18,Microchip,SAMD20,SAMD20,SAMD20,ATSAMD20J18,ATSAMD20J18A-MU,A-MU,,,,QFN64,-40..85 °C,,unknown,microchip-atdf:SAMD20_DFP@3.7.231,https://packs.download.microchip.com/Microchip.SAMD20_DFP.3.7.231.pack,2026-08-12T09:31:18+00:00,manufacturer_device_database,atdf_variant_record
microchip::atsamd21e15a-af,microchip::atsamd21e15a,Microchip,SAMD21,SAMD21,SAMD21,ATSAMD21E15A,ATSAMD21E15A-AF,-AF,,,,TQFP32,-40..125 °C,,unknown,microchip-atdf:SAMD21_DFP@3.8.270,https://packs.download.microchip.com/Microchip.SAMD21_DFP.3.8.270.pack,2026-08-12T09:31:18+00:00,manufacturer_device_database,atdf_variant_record
microchip::atsamd21e15a-au,microchip::atsamd21e15a,Microchip,SAMD21,SAMD21,SAMD21,ATSAMD21E15A,ATSAMD21E15A-AU,-AU,,,,TQFP32,-40..85 °C,,unknown,microchip-atdf:SAMD21_DFP@3.8.270,https://packs.download.microchip.com/Microchip.SAMD21_DFP.3.8.270.pack,2026-08-12T09:31:18+00:00,manufacturer_device_database,atdf_variant_record
microchip::atsamd21e15a-az,microchip::atsamd21e15a,Microchip,SAMD21,SAMD21,SAMD21,ATSAMD21E15A,ATSAMD21E15A-AZ,-AZ,,,,TQFP32,-40..125 °C,,unknown,microchip-atdf:SAMD21_DFP@3.8.270,https://packs.download.microchip.com/Microchip.SAMD21_DFP.3.8.270.pack,2026-08-12T09:31:18+00:00,manufacturer_device_database,atdf_variant_record
microchip::atsamd21e15a-mf,microchip::atsamd21e15a,Microchip,SAMD21,SAMD21,SAMD21,ATSAMD21E15A,ATSAMD21E15A-MF,-MF,,,,QFN32,-40..125 °C,,unknown,microchip-atdf:SAMD21_DFP@3.8.270,https://packs.download.microchip.com/Microchip.SAMD21_DFP.3.8.270.pack,2026-08-12T09:31:18+00:00,manufacturer_device_database,atdf_variant_record
microchip::atsamd21e15a-mu,microchip::atsamd21e15a,Microchip,SAMD21,SAMD21,SAMD21,ATSAMD21E15A,ATSAMD21E15A-MU,-MU,,,,QFN32,-40..85 °C,,unknown,microchip-atdf:SAMD21_DFP@3.8.270,https://packs.download.microchip.com/Microchip.SAMD21_DFP.3.8.270.pack,2026-08-12T09:31:18+00:00,manufacturer_device_database,atdf_variant_record
microchip::atsamd21e15a-mz,microchip::atsamd21e15a,Microchip,SAMD21,SAMD21,SAMD21,ATSAMD21E15A,ATSAMD21E15A-MZ,-MZ,,,,QFN32,-40..125 °C,,unknown,microchip-atdf:SAMD21_DFP@3.8.270,https://packs.download.microchip.com/Microchip.SAMD21_DFP.3.8.270.pack,2026-08-12T09:31:18+00:00,manufacturer_device_database,atdf_variant_record
microchip::atsamd21e15b-af,microchip::atsamd21e15b,Microchip,SAMD21,SAMD21,SAMD21,ATSAMD21E15B,ATSAMD21E15B-AF,-AF,,,,TQFP32,-40..125 °C,,unknown,microchip-atdf:SAMD21_DFP@3.8.270,https://packs.download.microchip.com/Microchip.SAMD21_DFP.3.8.270.pack,2026-08-12T09:31:18+00:00,manufacturer_device_database,atdf_variant_record
microchip::atsamd21e15b-au,microchip::atsamd21e15b,Microchip,SAMD21,SAMD21,SAMD21,ATSAMD21E15B,ATSAMD21E15B-AU,-AU,,,,TQFP32,-40..85 °C,,unknown,microchip-atdf:SAMD21_DFP@3.8.270,https://packs.download.microchip.com/Microchip.SAMD21_DFP.3.8.270.pack,2026-08-12T09:31:18+00:00,manufacturer_device_database,atdf_variant_record
microchip::atsamd21e15b-az,microchip::atsamd21e15b,Microchip,SAMD21,SAMD21,SAMD21,ATSAMD21E15B,ATSAMD21E15B-AZ,-AZ,,,,TQFP32,-40..125 °C,,unknown,microchip-atdf:SAMD21_DFP@3.8.270,https://packs.download.microchip.com/Microchip.SAMD21_DFP.3.8.270.pack,2026-08-12T09:31:18+00:00,manufacturer_device_database,atdf_variant_record
microchip::atsamd21e15b-mf,microchip::atsamd21e15b,Microchip,SAMD21,SAMD21,SAMD21,ATSAMD21E15B,ATSAMD21E15B-MF,-MF,,,,QFN32,-40..125 °C,,unknown,microchip-atdf:SAMD21_DFP@3.8.270,https://packs.download.microchip.com/Microchip.SAMD21_DFP.3.8.270.pack,2026-08-12T09:31:18+00:00,manufacturer_device_database,atdf_variant_record
microchip::atsamd21e15b-mu,microchip::atsamd21e15b,Microchip,SAMD21,SAMD21,SAMD21,ATSAMD21E15B,ATSAMD21E15B-MU,-MU,,,,QFN32,-40..85 °C,,unknown,microchip-atdf:SAMD21_DFP@3.8.270,https://packs.download.microchip.com/Microchip.SAMD21_DFP.3.8.270.pack,2026-08-12T09:31:18+00:00,manufacturer_device_database,atdf_variant_record
microchip::atsamd21e15b-mz,microchip::atsamd21e15b,Microchip,SAMD21,SAMD21,SAMD21,ATSAMD21E15B,ATSAMD21E15B-MZ,-MZ,,,,QFN32,-40..125 °C,,unknown,microchip-atdf:SAMD21_DFP@3.8.270,https://packs.download.microchip.com/Microchip.SAMD21_DFP.3.8.270.pack,2026-08-12T09:31:18+00:00,manufacturer_device_database,atdf_variant_record
microchip::atsamd21e15b-uf,microchip::atsamd21e15bu,Microchip,SAMD21,SAMD21,SAMD21,ATSAMD21E15BU,ATSAMD21E15B-UF,,,,,WLCSP35,-40..125 °C,,unknown,microchip-atdf:SAMD21_DFP@3.8.270,https://packs.download.microchip.com/Microchip.SAMD21_DFP.3.8.270.pack,2026-08-12T09:31:18+00:00,manufacturer_device_database,atdf_variant_record
microchip::atsamd21e15b-uu,microchip::atsamd21e15bu,Microchip,SAMD21,SAMD21,SAMD21,ATSAMD21E15BU,ATSAMD21E15B-UU,,,,,WLCSP35,-40..85 °C,,unknown,microchip-atdf:SAMD21_DFP@3.8.270,https://packs.download.microchip.com/Microchip.SAMD21_DFP.3.8.270.pack,2026-08-12T09:31:18+00:00,manufacturer_device_database,atdf_variant_record
microchip::atsamd21e15c-uf,microchip::atsamd21e15cu,Microchip,SAMD21,SAMD21,SAMD21,ATSAMD21E15CU,ATSAMD21E15C-UF,,,,,WLCSP35,-40..125 °C,,unknown,microchip-atdf:SAMD21_DFP@3.8.270,https://packs.download.microchip.com/Microchip.SAMD21_DFP.3.8.270.pack,2026-08-12T09:31:18+00:00,manufacturer_device_database,atdf_variant_record
microchip::atsamd21e15c-uu,microchip::atsamd21e15cu,Microchip,SAMD21,SAMD21,SAMD21,ATSAMD21E15CU,ATSAMD21E15C-UU,,,,,WLCSP35,-40..85 °C,,unknown,microchip-atdf:SAMD21_DFP@3.8.270,https://packs.download.microchip.com/Microchip.SAMD21_DFP.3.8.270.pack,2026-08-12T09:31:18+00:00,manufacturer_device_database,atdf_variant_record
microchip::atsamd21e15l-af,microchip::atsamd21e15l,Microchip,SAMD21,SAMD21,SAMD21,ATSAMD21E15L,ATSAMD21E15L-AF,-AF,,,,TQFP32,-40..125 °C,,unknown,microchip-atdf:SAMD21_DFP@3.8.270,https://packs.download.microchip.com/Microchip.SAMD21_DFP.3.8.270.pack,2026-08-12T09:31:18+00:00,manufacturer_device_database,atdf_variant_record
microchip::atsamd21e15l-an,microchip::atsamd21e15l,Microchip,SAMD21,SAMD21,SAMD21,ATSAMD21E15L,ATSAMD21E15L-AN,-AN,,,,TQFP32,-40..105 °C,,unknown,microchip-atdf:SAMD21_DFP@3.8.270,https://packs.download.microchip.com/Microchip.SAMD21_DFP.3.8.270.pack,2026-08-12T09:31:18+00:00,manufacturer_device_database,atdf_variant_record
microchip::atsamd21e15l-mf,microchip::atsamd21e15l,Microchip,SAMD21,SAMD21,SAMD21,ATSAMD21E15L,ATSAMD21E15L-MF,-MF,,,,QFN32,-40..125 °C,,unknown,microchip-atdf:SAMD21_DFP@3.8.270,https://packs.download.microchip.com/Microchip.SAMD21_DFP.3.8.270.pack,2026-08-12T09:31:18+00:00,manufacturer_device_database,atdf_variant_record
microchip::atsamd21e15l-mn,microchip::atsamd21e15l,Microchip,SAMD21,SAMD21,SAMD21,ATSAMD21E15L,ATSAMD21E15L-MN,-MN,,,,QFN32,-40..105 °C,,unknown,microchip-atdf:SAMD21_DFP@3.8.270,https://packs.download.microchip.com/Microchip.SAMD21_DFP.3.8.270.pack,2026-08-12T09:31:18+00:00,manufacturer_device_database,atdf_variant_record
microchip::atsamd21e16a-af,microchip::atsamd21e16a,Microchip,SAMD21,SAMD21,SAMD21,ATSAMD21E16A,ATSAMD21E16A-AF,-AF,,,,TQFP32,-40..125 °C,,unknown,microchip-atdf:SAMD21_DFP@3.8.270,https://packs.download.microchip.com/Microchip.SAMD21_DFP.3.8.270.pack,2026-08-12T09:31:18+00:00,manufacturer_device_database,atdf_variant_record
microchip::atsamd21e16a-au,microchip::atsamd21e16a,Microchip,SAMD21,SAMD21,SAMD21,ATSAMD21E16A,ATSAMD21E16A-AU,-AU,,,,TQFP32,-40..85 °C,,unknown,microchip-atdf:SAMD21_DFP@3.8.270,https://packs.download.microchip.com/Microchip.SAMD21_DFP.3.8.270.pack,2026-08-12T09:31:18+00:00,manufacturer_device_database,atdf_variant_record
microchip::atsamd21e16a-az,microchip::atsamd21e16a,Microchip,SAMD21,SAMD21,SAMD21,ATSAMD21E16A,ATSAMD21E16A-AZ,-AZ,,,,TQFP32,-40..125 °C,,unknown,microchip-atdf:SAMD21_DFP@3.8.270,https://packs.download.microchip.com/Microchip.SAMD21_DFP.3.8.270.pack,2026-08-12T09:31:18+00:00,manufacturer_device_database,atdf_variant_record
microchip::atsamd21e16a-mf,microchip::atsamd21e16a,Microchip,SAMD21,SAMD21,SAMD21,ATSAMD21E16A,ATSAMD21E16A-MF,-MF,,,,QFN32,-40..125 °C,,unknown,microchip-atdf:SAMD21_DFP@3.8.270,https://packs.download.microchip.com/Microchip.SAMD21_DFP.3.8.270.pack,2026-08-12T09:31:18+00:00,manufacturer_device_database,atdf_variant_record
microchip::atsamd21e16a-mu,microchip::atsamd21e16a,Microchip,SAMD21,SAMD21,SAMD21,ATSAMD21E16A,ATSAMD21E16A-MU,-MU,,,,QFN32,-40..85 °C,,unknown,microchip-atdf:SAMD21_DFP@3.8.270,https://packs.download.microchip.com/Microchip.SAMD21_DFP.3.8.270.pack,2026-08-12T09:31:18+00:00,manufacturer_device_database,atdf_variant_record
microchip::atsamd21e16a-mz,microchip::atsamd21e16a,Microchip,SAMD21,SAMD21,SAMD21,ATSAMD21E16A,ATSAMD21E16A-MZ,-MZ,,,,QFN32,-40..125 °C,,unknown,microchip-atdf:SAMD21_DFP@3.8.270,https://packs.download.microchip.com/Microchip.SAMD21_DFP.3.8.270.pack,2026-08-12T09:31:18+00:00,manufacturer_device_database,atdf_variant_record
microchip::atsamd21e16b-af,microchip::atsamd21e16b,Microchip,SAMD21,SAMD21,SAMD21,ATSAMD21E16B,ATSAMD21E16B-AF,-AF,,,,TQFP32,-40..125 °C,,unknown,microchip-atdf:SAMD21_DFP@3.8.270,https://packs.download.microchip.com/Microchip.SAMD21_DFP.3.8.270.pack,2026-08-12T09:31:18+00:00,manufacturer_device_database,atdf_variant_record
microchip::atsamd21e16b-au,microchip::atsamd21e16b,Microchip,SAMD21,SAMD21,SAMD21,ATSAMD21E16B,ATSAMD21E16B-AU,-AU,,,,TQFP32,-40..85 °C,,unknown,microchip-atdf:SAMD21_DFP@3.8.270,https://packs.download.microchip.com/Microchip.SAMD21_DFP.3.8.270.pack,2026-08-12T09:31:18+00:00,manufacturer_device_database,atdf_variant_record
microchip::atsamd21e16b-az,microchip::atsamd21e16b,Microchip,SAMD21,SAMD21,SAMD21,ATSAMD21E16B,ATSAMD21E16B-AZ,-AZ,,,,TQFP32,-40..125 °C,,unknown,microchip-atdf:SAMD21_DFP@3.8.270,https://packs.download.microchip.com/Microchip.SAMD21_DFP.3.8.270.pack,2026-08-12T09:31:18+00:00,manufacturer_device_database,atdf_variant_record
microchip::atsamd21e16b-mf,microchip::atsamd21e16b,Microchip,SAMD21,SAMD21,SAMD21,ATSAMD21E16B,ATSAMD21E16B-MF,-MF,,,,QFN32,-40..125 °C,,unknown,microchip-atdf:SAMD21_DFP@3.8.270,https://packs.download.microchip.com/Microchip.SAMD21_DFP.3.8.270.pack,2026-08-12T09:31:18+00:00,manufacturer_device_database,atdf_variant_record
microchip::atsamd21e16b-mu,microchip::atsamd21e16b,Microchip,SAMD21,SAMD21,SAMD21,ATSAMD21E16B,ATSAMD21E16B-MU,-MU,,,,QFN32,-40..85 °C,,unknown,microchip-atdf:SAMD21_DFP@3.8.270,https://packs.download.microchip.com/Microchip.SAMD21_DFP.3.8.270.pack,2026-08-12T09:31:18+00:00,manufacturer_device_database,atdf_variant_record
microchip::atsamd21e16b-mz,microchip::atsamd21e16b,Microchip,SAMD21,SAMD21,SAMD21,ATSAMD21E16B,ATSAMD21E16B-MZ,-MZ,,,,QFN32,-40..125 °C,,unknown,microchip-atdf:SAMD21_DFP@3.8.270,https://packs.download.microchip.com/Microchip.SAMD21_DFP.3.8.270.pack,2026-08-12T09:31:18+00:00,manufacturer_device_database,atdf_variant_record
microchip::atsamd21e16b-uf,microchip::atsamd21e16bu,Microchip,SAMD21,SAMD21,SAMD21,ATSAMD21E16BU,ATSAMD21E16B-UF,,,,,WLCSP35,-40..125 °C,,unknown,microchip-atdf:SAMD21_DFP@3.8.270,https://packs.download.microchip.com/Microchip.SAMD21_DFP.3.8.270.pack,2026-08-12T09:31:18+00:00,manufacturer_device_database,atdf_variant_record
microchip::atsamd21e16b-uu,microchip::atsamd21e16bu,Microchip,SAMD21,SAMD21,SAMD21,ATSAMD21E16BU,ATSAMD21E16B-UU,,,,,WLCSP35,-40..85 °C,,unknown,microchip-atdf:SAMD21_DFP@3.8.270,https://packs.download.microchip.com/Microchip.SAMD21_DFP.3.8.270.pack,2026-08-12T09:31:18+00:00,manufacturer_device_database,atdf_variant_record
microchip::atsamd21e16c-uf,microchip::atsamd21e16cu,Microchip,SAMD21,SAMD21,SAMD21,ATSAMD21E16CU,ATSAMD21E16C-UF,,,,,WLCSP35,-40..125 °C,,unknown,microchip-atdf:SAMD21_DFP@3.8.270,https://packs.download.microchip.com/Microchip.SAMD21_DFP.3.8.270.pack,2026-08-12T09:31:18+00:00,manufacturer_device_database,atdf_variant_record
microchip::atsamd21e16c-uu,microchip::atsamd21e16cu,Microchip,SAMD21,SAMD21,SAMD21,ATSAMD21E16CU,ATSAMD21E16C-UU,,,,,WLCSP35,-40..85 °C,,unknown,microchip-atdf:SAMD21_DFP@3.8.270,https://packs.download.microchip.com/Microchip.SAMD21_DFP.3.8.270.pack,2026-08-12T09:31:18+00:00,manufacturer_device_database,atdf_variant_record
microchip::atsamd21e16l-af,microchip::atsamd21e16l,Microchip,SAMD21,SAMD21,SAMD21,ATSAMD21E16L,ATSAMD21E16L-AF,-AF,,,,TQFP32,-40..125 °C,,unknown,microchip-atdf:SAMD21_DFP@3.8.270,https://packs.download.microchip.com/Microchip.SAMD21_DFP.3.8.270.pack,2026-08-12T09:31:18+00:00,manufacturer_device_database,atdf_variant_record
microchip::atsamd21e16l-an,microchip::atsamd21e16l,Microchip,SAMD21,SAMD21,SAMD21,ATSAMD21E16L,ATSAMD21E16L-AN,-AN,,,,TQFP32,-40..105 °C,,unknown,microchip-atdf:SAMD21_DFP@3.8.270,https://packs.download.microchip.com/Microchip.SAMD21_DFP.3.8.270.pack,2026-08-12T09:31:18+00:00,manufacturer_device_database,atdf_variant_record
microchip::atsamd21e16l-mf,microchip::atsamd21e16l,Microchip,SAMD21,SAMD21,SAMD21,ATSAMD21E16L,ATSAMD21E16L-MF,-MF,,,,QFN32,-40..125 °C,,unknown,microchip-atdf:SAMD21_DFP@3.8.270,https://packs.download.microchip.com/Microchip.SAMD21_DFP.3.8.270.pack,2026-08-12T09:31:18+00:00,manufacturer_device_database,atdf_variant_record
microchip::atsamd21e16l-mn,microchip::atsamd21e16l,Microchip,SAMD21,SAMD21,SAMD21,ATSAMD21E16L,ATSAMD21E16L-MN,-MN,,,,QFN32,-40..105 °C,,unknown,microchip-atdf:SAMD21_DFP@3.8.270,https://packs.download.microchip.com/Microchip.SAMD21_DFP.3.8.270.pack,2026-08-12T09:31:18+00:00,manufacturer_device_database,atdf_variant_record
microchip::atsamd21e17a-af,microchip::atsamd21e17a,Microchip,SAMD21,SAMD21,SAMD21,ATSAMD21E17A,ATSAMD21E17A-AF,-AF,,,,TQFP32,-40..125 °C,,unknown,microchip-atdf:SAMD21_DFP@3.8.270,https://packs.download.microchip.com/Microchip.SAMD21_DFP.3.8.270.pack,2026-08-12T09:31:18+00:00,manufacturer_device_database,atdf_variant_record
microchip::atsamd21e17a-au,microchip::atsamd21e17a,Microchip,SAMD21,SAMD21,SAMD21,ATSAMD21E17A,ATSAMD21E17A-AU,-AU,,,,TQFP32,-40..85 °C,,unknown,microchip-atdf:SAMD21_DFP@3.8.270,https://packs.download.microchip.com/Microchip.SAMD21_DFP.3.8.270.pack,2026-08-12T09:31:18+00:00,manufacturer_device_database,atdf_variant_record
microchip::atsamd21e17a-az,microchip::atsamd21e17a,Microchip,SAMD21,SAMD21,SAMD21,ATSAMD21E17A,ATSAMD21E17A-AZ,-AZ,,,,TQFP32,-40..125 °C,,unknown,microchip-atdf:SAMD21_DFP@3.8.270,https://packs.download.microchip.com/Microchip.SAMD21_DFP.3.8.270.pack,2026-08-12T09:31:18+00:00,manufacturer_device_database,atdf_variant_record
microchip::atsamd21e17a-mf,microchip::atsamd21e17a,Microchip,SAMD21,SAMD21,SAMD21,ATSAMD21E17A,ATSAMD21E17A-MF,-MF,,,,QFN32,-40..125 °C,,unknown,microchip-atdf:SAMD21_DFP@3.8.270,https://packs.download.microchip.com/Microchip.SAMD21_DFP.3.8.270.pack,2026-08-12T09:31:18+00:00,manufacturer_device_database,atdf_variant_record
microchip::atsamd21e17a-mu,microchip::atsamd21e17a,Microchip,SAMD21,SAMD21,SAMD21,ATSAMD21E17A,ATSAMD21E17A-MU,-MU,,,,QFN32,-40..85 °C,,unknown,microchip-atdf:SAMD21_DFP@3.8.270,https://packs.download.microchip.com/Microchip.SAMD21_DFP.3.8.270.pack,2026-08-12T09:31:18+00:00,manufacturer_device_database,atdf_variant_record
microchip::atsamd21e17a-mz,microchip::atsamd21e17a,Microchip,SAMD21,SAMD21,SAMD21,ATSAMD21E17A,ATSAMD21E17A-MZ,-MZ,,,,QFN32,-40..125 °C,,unknown,microchip-atdf:SAMD21_DFP@3.8.270,https://packs.download.microchip.com/Microchip.SAMD21_DFP.3.8.270.pack,2026-08-12T09:31:18+00:00,manufacturer_device_database,atdf_variant_record
microchip::atsamd21e17d-af,microchip::atsamd21e17d,Microchip,SAMD21,SAMD21,SAMD21,ATSAMD21E17D,ATSAMD21E17D-AF,-AF,,,,TQFP32,-40..125 °C,,unknown,microchip-atdf:SAMD21_DFP@3.8.270,https://packs.download.microchip.com/Microchip.SAMD21_DFP.3.8.270.pack,2026-08-12T09:31:18+00:00,manufacturer_device_database,atdf_variant_record
microchip::atsamd21e17d-au,microchip::atsamd21e17d,Microchip,SAMD21,SAMD21,SAMD21,ATSAMD21E17D,ATSAMD21E17D-AU,-AU,,,,TQFP32,-40..85 °C,,unknown,microchip-atdf:SAMD21_DFP@3.8.270,https://packs.download.microchip.com/Microchip.SAMD21_DFP.3.8.270.pack,2026-08-12T09:31:18+00:00,manufacturer_device_database,atdf_variant_record
microchip::atsamd21e17d-az,microchip::atsamd21e17d,Microchip,SAMD21,SAMD21,SAMD21,ATSAMD21E17D,ATSAMD21E17D-AZ,-AZ,,,,TQFP32,-40..125 °C,,unknown,microchip-atdf:SAMD21_DFP@3.8.270,https://packs.download.microchip.com/Microchip.SAMD21_DFP.3.8.270.pack,2026-08-12T09:31:18+00:00,manufacturer_device_database,atdf_variant_record
microchip::atsamd21e17d-mf,microchip::atsamd21e17d,Microchip,SAMD21,SAMD21,SAMD21,ATSAMD21E17D,ATSAMD21E17D-MF,-MF,,,,QFN32,-40..125 °C,,unknown,microchip-atdf:SAMD21_DFP@3.8.270,https://packs.download.microchip.com/Microchip.SAMD21_DFP.3.8.270.pack,2026-08-12T09:31:18+00:00,manufacturer_device_database,atdf_variant_record
microchip::atsamd21e17d-mu,microchip::atsamd21e17d,Microchip,SAMD21,SAMD21,SAMD21,ATSAMD21E17D,ATSAMD21E17D-MU,-MU,,,,QFN32,-40..85 °C,,unknown,microchip-atdf:SAMD21_DFP@3.8.270,https://packs.download.microchip.com/Microchip.SAMD21_DFP.3.8.270.pack,2026-08-12T09:31:18+00:00,manufacturer_device_database,atdf_variant_record
microchip::atsamd21e17d-mz,microchip::atsamd21e17d,Microchip,SAMD21,SAMD21,SAMD21,ATSAMD21E17D,ATSAMD21E17D-MZ,-MZ,,,,QFN32,-40..125 °C,,unknown,microchip-atdf:SAMD21_DFP@3.8.270,https://packs.download.microchip.com/Microchip.SAMD21_DFP.3.8.270.pack,2026-08-12T09:31:18+00:00,manufacturer_device_database,atdf_variant_record
microchip::atsamd21e17d-uu,microchip::atsamd21e17du,Microchip,SAMD21,SAMD21,SAMD21,ATSAMD21E17DU,ATSAMD21E17D-UU,,,,,WLCSP35,-40..85 °C,,unknown,microchip-atdf:SAMD21_DFP@3.8.270,https://packs.download.microchip.com/Microchip.SAMD21_DFP.3.8.270.pack,2026-08-12T09:31:18+00:00,manufacturer_device_database,atdf_variant_record
microchip::atsamd21e17l-af,microchip::atsamd21e17l,Microchip,SAMD21,SAMD21,SAMD21,ATSAMD21E17L,ATSAMD21E17L-AF,-AF,,,,TQFP32,-40..125 °C,,unknown,microchip-atdf:SAMD21_DFP@3.8.270,https://packs.download.microchip.com/Microchip.SAMD21_DFP.3.8.270.pack,2026-08-12T09:31:18+00:00,manufacturer_device_database,atdf_variant_record
microchip::atsamd21e17l-an,microchip::atsamd21e17l,Microchip,SAMD21,SAMD21,SAMD21,ATSAMD21E17L,ATSAMD21E17L-AN,-AN,,,,TQFP32,-40..105 °C,,unknown,microchip-atdf:SAMD21_DFP@3.8.270,https://packs.download.microchip.com/Microchip.SAMD21_DFP.3.8.270.pack,2026-08-12T09:31:18+00:00,manufacturer_device_database,atdf_variant_record
microchip::atsamd21e17l-mf,microchip::atsamd21e17l,Microchip,SAMD21,SAMD21,SAMD21,ATSAMD21E17L,ATSAMD21E17L-MF,-MF,,,,QFN32,-40..125 °C,,unknown,microchip-atdf:SAMD21_DFP@3.8.270,https://packs.download.microchip.com/Microchip.SAMD21_DFP.3.8.270.pack,2026-08-12T09:31:18+00:00,manufacturer_device_database,atdf_variant_record
microchip::atsamd21e17l-mn,microchip::atsamd21e17l,Microchip,SAMD21,SAMD21,SAMD21,ATSAMD21E17L,ATSAMD21E17L-MN,-MN,,,,QFN32,-40..105 °C,,unknown,microchip-atdf:SAMD21_DFP@3.8.270,https://packs.download.microchip.com/Microchip.SAMD21_DFP.3.8.270.pack,2026-08-12T09:31:18+00:00,manufacturer_device_database,atdf_variant_record
microchip::atsamd21e17l-sf,microchip::atsamd21e17l,Microchip,SAMD21,SAMD21,SAMD21,ATSAMD21E17L,ATSAMD21E17L-SF,-SF,,,,SOIC32,-40..125 °C,,unknown,microchip-atdf:SAMD21_DFP@3.8.270,https://packs.download.microchip.com/Microchip.SAMD21_DFP.3.8.270.pack,2026-08-12T09:31:18+00:00,manufacturer_device_database,atdf_variant_record
microchip::atsamd21e17l-sn,microchip::atsamd21e17l,Microchip,SAMD21,SAMD21,SAMD21,ATSAMD21E17L,ATSAMD21E17L-SN,-SN,,,,SOIC32,-40..105 °C,,unknown,microchip-atdf:SAMD21_DFP@3.8.270,https://packs.download.microchip.com/Microchip.SAMD21_DFP.3.8.270.pack,2026-08-12T09:31:18+00:00,manufacturer_device_database,atdf_variant_record
microchip::atsamd21e18a-af,microchip::atsamd21e18a,Microchip,SAMD21,SAMD21,SAMD21,ATSAMD21E18A,ATSAMD21E18A-AF,-AF,,,,TQFP32,-40..125 °C,,unknown,microchip-atdf:SAMD21_DFP@3.8.270,https://packs.download.microchip.com/Microchip.SAMD21_DFP.3.8.270.pack,2026-08-12T09:31:18+00:00,manufacturer_device_database,atdf_variant_record
microchip::atsamd21e18a-au,microchip::atsamd21e18a,Microchip,SAMD21,SAMD21,SAMD21,ATSAMD21E18A,ATSAMD21E18A-AU,-AU,,,,TQFP32,-40..85 °C,,unknown,microchip-atdf:SAMD21_DFP@3.8.270,https://packs.download.microchip.com/Microchip.SAMD21_DFP.3.8.270.pack,2026-08-12T09:31:18+00:00,manufacturer_device_database,atdf_variant_record
microchip::atsamd21e18a-az,microchip::atsamd21e18a,Microchip,SAMD21,SAMD21,SAMD21,ATSAMD21E18A,ATSAMD21E18A-AZ,-AZ,,,,TQFP32,-40..125 °C,,unknown,microchip-atdf:SAMD21_DFP@3.8.270,https://packs.download.microchip.com/Microchip.SAMD21_DFP.3.8.270.pack,2026-08-12T09:31:18+00:00,manufacturer_device_database,atdf_variant_record
microchip::atsamd21e18a-mf,microchip::atsamd21e18a,Microchip,SAMD21,SAMD21,SAMD21,ATSAMD21E18A,ATSAMD21E18A-MF,-MF,,,,QFN32,-40..125 °C,,unknown,microchip-atdf:SAMD21_DFP@3.8.270,https://packs.download.microchip.com/Microchip.SAMD21_DFP.3.8.270.pack,2026-08-12T09:31:18+00:00,manufacturer_device_database,atdf_variant_record
microchip::atsamd21e18a-mu,microchip::atsamd21e18a,Microchip,SAMD21,SAMD21,SAMD21,ATSAMD21E18A,ATSAMD21E18A-MU,-MU,,,,QFN32,-40..85 °C,,unknown,microchip-atdf:SAMD21_DFP@3.8.270,https://packs.download.microchip.com/Microchip.SAMD21_DFP.3.8.270.pack,2026-08-12T09:31:18+00:00,manufacturer_device_database,atdf_variant_record
microchip::atsamd21e18a-mz,microchip::atsamd21e18a,Microchip,SAMD21,SAMD21,SAMD21,ATSAMD21E18A,ATSAMD21E18A-MZ,-MZ,,,,QFN32,-40..125 °C,,unknown,microchip-atdf:SAMD21_DFP@3.8.270,https://packs.download.microchip.com/Microchip.SAMD21_DFP.3.8.270.pack,2026-08-12T09:31:18+00:00,manufacturer_device_database,atdf_variant_record
microchip::atsamd21g15a-af,microchip::atsamd21g15a,Microchip,SAMD21,SAMD21,SAMD21,ATSAMD21G15A,ATSAMD21G15A-AF,-AF,,,,TQFP48,-40..125 °C,,unknown,microchip-atdf:SAMD21_DFP@3.8.270,https://packs.download.microchip.com/Microchip.SAMD21_DFP.3.8.270.pack,2026-08-12T09:31:18+00:00,manufacturer_device_database,atdf_variant_record
microchip::atsamd21g15a-au,microchip::atsamd21g15a,Microchip,SAMD21,SAMD21,SAMD21,ATSAMD21G15A,ATSAMD21G15A-AU,-AU,,,,TQFP48,-40..85 °C,,unknown,microchip-atdf:SAMD21_DFP@3.8.270,https://packs.download.microchip.com/Microchip.SAMD21_DFP.3.8.270.pack,2026-08-12T09:31:18+00:00,manufacturer_device_database,atdf_variant_record
microchip::atsamd21g15a-az,microchip::atsamd21g15a,Microchip,SAMD21,SAMD21,SAMD21,ATSAMD21G15A,ATSAMD21G15A-AZ,-AZ,,,,TQFP48,-40..125 °C,,unknown,microchip-atdf:SAMD21_DFP@3.8.270,https://packs.download.microchip.com/Microchip.SAMD21_DFP.3.8.270.pack,2026-08-12T09:31:18+00:00,manufacturer_device_database,atdf_variant_record
microchip::atsamd21g15a-mf,microchip::atsamd21g15a,Microchip,SAMD21,SAMD21,SAMD21,ATSAMD21G15A,ATSAMD21G15A-MF,-MF,,,,QFN48,-40..125 °C,,unknown,microchip-atdf:SAMD21_DFP@3.8.270,https://packs.download.microchip.com/Microchip.SAMD21_DFP.3.8.270.pack,2026-08-12T09:31:18+00:00,manufacturer_device_database,atdf_variant_record
microchip::atsamd21g15a-mu,microchip::atsamd21g15a,Microchip,SAMD21,SAMD21,SAMD21,ATSAMD21G15A,ATSAMD21G15A-MU,-MU,,,,QFN48,-40..85 °C,,unknown,microchip-atdf:SAMD21_DFP@3.8.270,https://packs.download.microchip.com/Microchip.SAMD21_DFP.3.8.270.pack,2026-08-12T09:31:18+00:00,manufacturer_device_database,atdf_variant_record
microchip::atsamd21g15a-mz,microchip::atsamd21g15a,Microchip,SAMD21,SAMD21,SAMD21,ATSAMD21G15A,ATSAMD21G15A-MZ,-MZ,,,,QFN48,-40..125 °C,,unknown,microchip-atdf:SAMD21_DFP@3.8.270,https://packs.download.microchip.com/Microchip.SAMD21_DFP.3.8.270.pack,2026-08-12T09:31:18+00:00,manufacturer_device_database,atdf_variant_record
microchip::atsamd21g15b-af,microchip::atsamd21g15b,Microchip,SAMD21,SAMD21,SAMD21,ATSAMD21G15B,ATSAMD21G15B-AF,-AF,,,,TQFP48,-40..125 °C,,unknown,microchip-atdf:SAMD21_DFP@3.8.270,https://packs.download.microchip.com/Microchip.SAMD21_DFP.3.8.270.pack,2026-08-12T09:31:18+00:00,manufacturer_device_database,atdf_variant_record
microchip::atsamd21g15b-au,microchip::atsamd21g15b,Microchip,SAMD21,SAMD21,SAMD21,ATSAMD21G15B,ATSAMD21G15B-AU,-AU,,,,TQFP48,-40..85 °C,,unknown,microchip-atdf:SAMD21_DFP@3.8.270,https://packs.download.microchip.com/Microchip.SAMD21_DFP.3.8.270.pack,2026-08-12T09:31:18+00:00,manufacturer_device_database,atdf_variant_record
microchip::atsamd21g15b-az,microchip::atsamd21g15b,Microchip,SAMD21,SAMD21,SAMD21,ATSAMD21G15B,ATSAMD21G15B-AZ,-AZ,,,,TQFP48,-40..125 °C,,unknown,microchip-atdf:SAMD21_DFP@3.8.270,https://packs.download.microchip.com/Microchip.SAMD21_DFP.3.8.270.pack,2026-08-12T09:31:18+00:00,manufacturer_device_database,atdf_variant_record
microchip::atsamd21g15b-mf,microchip::atsamd21g15b,Microchip,SAMD21,SAMD21,SAMD21,ATSAMD21G15B,ATSAMD21G15B-MF,-MF,,,,QFN48,-40..125 °C,,unknown,microchip-atdf:SAMD21_DFP@3.8.270,https://packs.download.microchip.com/Microchip.SAMD21_DFP.3.8.270.pack,2026-08-12T09:31:18+00:00,manufacturer_device_database,atdf_variant_record
microchip::atsamd21g15b-mu,microchip::atsamd21g15b,Microchip,SAMD21,SAMD21,SAMD21,ATSAMD21G15B,ATSAMD21G15B-MU,-MU,,,,QFN48,-40..85 °C,,unknown,microchip-atdf:SAMD21_DFP@3.8.270,https://packs.download.microchip.com/Microchip.SAMD21_DFP.3.8.270.pack,2026-08-12T09:31:18+00:00,manufacturer_device_database,atdf_variant_record
microchip::atsamd21g15b-mz,microchip::atsamd21g15b,Microchip,SAMD21,SAMD21,SAMD21,ATSAMD21G15B,ATSAMD21G15B-MZ,-MZ,,,,QFN48,-40..125 °C,,unknown,microchip-atdf:SAMD21_DFP@3.8.270,https://packs.download.microchip.com/Microchip.SAMD21_DFP.3.8.270.pack,2026-08-12T09:31:18+00:00,manufacturer_device_database,atdf_variant_record
microchip::atsamd21g15l-mn,microchip::atsamd21g15l,Microchip,SAMD21,SAMD21,SAMD21,ATSAMD21G15L,ATSAMD21G15L-MN,-MN,,,,QFN48,-40..105 °C,,unknown,microchip-atdf:SAMD21_DFP@3.8.270,https://packs.download.microchip.com/Microchip.SAMD21_DFP.3.8.270.pack,2026-08-12T09:31:18+00:00,manufacturer_device_database,atdf_variant_record
microchip::atsamd21g15l-mu,microchip::atsamd21g15l,Microchip,SAMD21,SAMD21,SAMD21,ATSAMD21G15L,ATSAMD21G15L-MU,-MU,,,,QFN48,-40..85 °C,,unknown,microchip-atdf:SAMD21_DFP@3.8.270,https://packs.download.microchip.com/Microchip.SAMD21_DFP.3.8.270.pack,2026-08-12T09:31:18+00:00,manufacturer_device_database,atdf_variant_record
microchip::atsamd21g16a-af,microchip::atsamd21g16a,Microchip,SAMD21,SAMD21,SAMD21,ATSAMD21G16A,ATSAMD21G16A-AF,-AF,,,,TQFP48,-40..125 °C,,unknown,microchip-atdf:SAMD21_DFP@3.8.270,https://packs.download.microchip.com/Microchip.SAMD21_DFP.3.8.270.pack,2026-08-12T09:31:18+00:00,manufacturer_device_database,atdf_variant_record
microchip::atsamd21g16a-au,microchip::atsamd21g16a,Microchip,SAMD21,SAMD21,SAMD21,ATSAMD21G16A,ATSAMD21G16A-AU,-AU,,,,TQFP48,-40..85 °C,,unknown,microchip-atdf:SAMD21_DFP@3.8.270,https://packs.download.microchip.com/Microchip.SAMD21_DFP.3.8.270.pack,2026-08-12T09:31:18+00:00,manufacturer_device_database,atdf_variant_record
microchip::atsamd21g16a-az,microchip::atsamd21g16a,Microchip,SAMD21,SAMD21,SAMD21,ATSAMD21G16A,ATSAMD21G16A-AZ,-AZ,,,,TQFP48,-40..125 °C,,unknown,microchip-atdf:SAMD21_DFP@3.8.270,https://packs.download.microchip.com/Microchip.SAMD21_DFP.3.8.270.pack,2026-08-12T09:31:18+00:00,manufacturer_device_database,atdf_variant_record
microchip::atsamd21g16a-mf,microchip::atsamd21g16a,Microchip,SAMD21,SAMD21,SAMD21,ATSAMD21G16A,ATSAMD21G16A-MF,-MF,,,,QFN48,-40..125 °C,,unknown,microchip-atdf:SAMD21_DFP@3.8.270,https://packs.download.microchip.com/Microchip.SAMD21_DFP.3.8.270.pack,2026-08-12T09:31:18+00:00,manufacturer_device_database,atdf_variant_record
microchip::atsamd21g16a-mu,microchip::atsamd21g16a,Microchip,SAMD21,SAMD21,SAMD21,ATSAMD21G16A,ATSAMD21G16A-MU,-MU,,,,QFN48,-40..85 °C,,unknown,microchip-atdf:SAMD21_DFP@3.8.270,https://packs.download.microchip.com/Microchip.SAMD21_DFP.3.8.270.pack,2026-08-12T09:31:18+00:00,manufacturer_device_database,atdf_variant_record
microchip::atsamd21g16a-mz,microchip::atsamd21g16a,Microchip,SAMD21,SAMD21,SAMD21,ATSAMD21G16A,ATSAMD21G16A-MZ,-MZ,,,,QFN48,-40..125 °C,,unknown,microchip-atdf:SAMD21_DFP@3.8.270,https://packs.download.microchip.com/Microchip.SAMD21_DFP.3.8.270.pack,2026-08-12T09:31:18+00:00,manufacturer_device_database,atdf_variant_record
microchip::atsamd21g16b-af,microchip::atsamd21g16b,Microchip,SAMD21,SAMD21,SAMD21,ATSAMD21G16B,ATSAMD21G16B-AF,-AF,,,,TQFP48,-40..125 °C,,unknown,microchip-atdf:SAMD21_DFP@3.8.270,https://packs.download.microchip.com/Microchip.SAMD21_DFP.3.8.270.pack,2026-08-12T09:31:18+00:00,manufacturer_device_database,atdf_variant_record
microchip::atsamd21g16b-au,microchip::atsamd21g16b,Microchip,SAMD21,SAMD21,SAMD21,ATSAMD21G16B,ATSAMD21G16B-AU,-AU,,,,TQFP48,-40..85 °C,,unknown,microchip-atdf:SAMD21_DFP@3.8.270,https://packs.download.microchip.com/Microchip.SAMD21_DFP.3.8.270.pack,2026-08-12T09:31:18+00:00,manufacturer_device_database,atdf_variant_record
microchip::atsamd21g16b-az,microchip::atsamd21g16b,Microchip,SAMD21,SAMD21,SAMD21,ATSAMD21G16B,ATSAMD21G16B-AZ,-AZ,,,,TQFP48,-40..125 °C,,unknown,microchip-atdf:SAMD21_DFP@3.8.270,https://packs.download.microchip.com/Microchip.SAMD21_DFP.3.8.270.pack,2026-08-12T09:31:18+00:00,manufacturer_device_database,atdf_variant_record
microchip::atsamd21g16b-mf,microchip::atsamd21g16b,Microchip,SAMD21,SAMD21,SAMD21,ATSAMD21G16B,ATSAMD21G16B-MF,-MF,,,,QFN48,-40..125 °C,,unknown,microchip-atdf:SAMD21_DFP@3.8.270,https://packs.download.microchip.com/Microchip.SAMD21_DFP.3.8.270.pack,2026-08-12T09:31:18+00:00,manufacturer_device_database,atdf_variant_record
microchip::atsamd21g16b-mu,microchip::atsamd21g16b,Microchip,SAMD21,SAMD21,SAMD21,ATSAMD21G16B,ATSAMD21G16B-MU,-MU,,,,QFN48,-40..85 °C,,unknown,microchip-atdf:SAMD21_DFP@3.8.270,https://packs.download.microchip.com/Microchip.SAMD21_DFP.3.8.270.pack,2026-08-12T09:31:18+00:00,manufacturer_device_database,atdf_variant_record
microchip::atsamd21g16b-mz,microchip::atsamd21g16b,Microchip,SAMD21,SAMD21,SAMD21,ATSAMD21G16B,ATSAMD21G16B-MZ,-MZ,,,,QFN48,-40..125 °C,,unknown,microchip-atdf:SAMD21_DFP@3.8.270,https://packs.download.microchip.com/Microchip.SAMD21_DFP.3.8.270.pack,2026-08-12T09:31:18+00:00,manufacturer_device_database,atdf_variant_record
microchip::atsamd21g16l-mn,microchip::atsamd21g16l,Microchip,SAMD21,SAMD21,SAMD21,ATSAMD21G16L,ATSAMD21G16L-MN,-MN,,,,QFN48,-40..105 °C,,unknown,microchip-atdf:SAMD21_DFP@3.8.270,https://packs.download.microchip.com/Microchip.SAMD21_DFP.3.8.270.pack,2026-08-12T09:31:18+00:00,manufacturer_device_database,atdf_variant_record
microchip::atsamd21g16l-mu,microchip::atsamd21g16l,Microchip,SAMD21,SAMD21,SAMD21,ATSAMD21G16L,ATSAMD21G16L-MU,-MU,,,,QFN48,-40..85 °C,,unknown,microchip-atdf:SAMD21_DFP@3.8.270,https://packs.download.microchip.com/Microchip.SAMD21_DFP.3.8.270.pack,2026-08-12T09:31:18+00:00,manufacturer_device_database,atdf_variant_record
microchip::atsamd21g17a-af,microchip::atsamd21g17a,Microchip,SAMD21,SAMD21,SAMD21,ATSAMD21G17A,ATSAMD21G17A-AF,-AF,,,,TQFP48,-40..125 °C,,unknown,microchip-atdf:SAMD21_DFP@3.8.270,https://packs.download.microchip.com/Microchip.SAMD21_DFP.3.8.270.pack,2026-08-12T09:31:18+00:00,manufacturer_device_database,atdf_variant_record
microchip::atsamd21g17a-au,microchip::atsamd21g17a,Microchip,SAMD21,SAMD21,SAMD21,ATSAMD21G17A,ATSAMD21G17A-AU,-AU,,,,TQFP48,-40..85 °C,,unknown,microchip-atdf:SAMD21_DFP@3.8.270,https://packs.download.microchip.com/Microchip.SAMD21_DFP.3.8.270.pack,2026-08-12T09:31:18+00:00,manufacturer_device_database,atdf_variant_record
microchip::atsamd21g17a-az,microchip::atsamd21g17a,Microchip,SAMD21,SAMD21,SAMD21,ATSAMD21G17A,ATSAMD21G17A-AZ,-AZ,,,,TQFP48,-40..125 °C,,unknown,microchip-atdf:SAMD21_DFP@3.8.270,https://packs.download.microchip.com/Microchip.SAMD21_DFP.3.8.270.pack,2026-08-12T09:31:18+00:00,manufacturer_device_database,atdf_variant_record
microchip::atsamd21g17a-mf,microchip::atsamd21g17a,Microchip,SAMD21,SAMD21,SAMD21,ATSAMD21G17A,ATSAMD21G17A-MF,-MF,,,,QFN48,-40..125 °C,,unknown,microchip-atdf:SAMD21_DFP@3.8.270,https://packs.download.microchip.com/Microchip.SAMD21_DFP.3.8.270.pack,2026-08-12T09:31:18+00:00,manufacturer_device_database,atdf_variant_record
microchip::atsamd21g17a-mu,microchip::atsamd21g17a,Microchip,SAMD21,SAMD21,SAMD21,ATSAMD21G17A,ATSAMD21G17A-MU,-MU,,,,QFN48,-40..85 °C,,unknown,microchip-atdf:SAMD21_DFP@3.8.270,https://packs.download.microchip.com/Microchip.SAMD21_DFP.3.8.270.pack,2026-08-12T09:31:18+00:00,manufacturer_device_database,atdf_variant_record
microchip::atsamd21g17a-mz,microchip::atsamd21g17a,Microchip,SAMD21,SAMD21,SAMD21,ATSAMD21G17A,ATSAMD21G17A-MZ,-MZ,,,,QFN48,-40..125 °C,,unknown,microchip-atdf:SAMD21_DFP@3.8.270,https://packs.download.microchip.com/Microchip.SAMD21_DFP.3.8.270.pack,2026-08-12T09:31:18+00:00,manufacturer_device_database,atdf_variant_record
microchip::atsamd21g17a-uu,microchip::atsamd21g17au,Microchip,SAMD21,SAMD21,SAMD21,ATSAMD21G17AU,ATSAMD21G17A-UU,,,,,WLCSP45,-40..85 °C,,unknown,microchip-atdf:SAMD21_DFP@3.8.270,https://packs.download.microchip.com/Microchip.SAMD21_DFP.3.8.270.pack,2026-08-12T09:31:18+00:00,manufacturer_device_database,atdf_variant_record
microchip::atsamd21g17d-af,microchip::atsamd21g17d,Microchip,SAMD21,SAMD21,SAMD21,ATSAMD21G17D,ATSAMD21G17D-AF,-AF,,,,TQFP48,-40..125 °C,,unknown,microchip-atdf:SAMD21_DFP@3.8.270,https://packs.download.microchip.com/Microchip.SAMD21_DFP.3.8.270.pack,2026-08-12T09:31:18+00:00,manufacturer_device_database,atdf_variant_record
microchip::atsamd21g17d-au,microchip::atsamd21g17d,Microchip,SAMD21,SAMD21,SAMD21,ATSAMD21G17D,ATSAMD21G17D-AU,-AU,,,,TQFP48,-40..85 °C,,unknown,microchip-atdf:SAMD21_DFP@3.8.270,https://packs.download.microchip.com/Microchip.SAMD21_DFP.3.8.270.pack,2026-08-12T09:31:18+00:00,manufacturer_device_database,atdf_variant_record
microchip::atsamd21g17d-az,microchip::atsamd21g17d,Microchip,SAMD21,SAMD21,SAMD21,ATSAMD21G17D,ATSAMD21G17D-AZ,-AZ,,,,TQFP48,-40..125 °C,,unknown,microchip-atdf:SAMD21_DFP@3.8.270,https://packs.download.microchip.com/Microchip.SAMD21_DFP.3.8.270.pack,2026-08-12T09:31:18+00:00,manufacturer_device_database,atdf_variant_record
microchip::atsamd21g17d-mf,microchip::atsamd21g17d,Microchip,SAMD21,SAMD21,SAMD21,ATSAMD21G17D,ATSAMD21G17D-MF,-MF,,,,QFN48,-40..125 °C,,unknown,microchip-atdf:SAMD21_DFP@3.8.270,https://packs.download.microchip.com/Microchip.SAMD21_DFP.3.8.270.pack,2026-08-12T09:31:18+00:00,manufacturer_device_database,atdf_variant_record
microchip::atsamd21g17d-mu,microchip::atsamd21g17d,Microchip,SAMD21,SAMD21,SAMD21,ATSAMD21G17D,ATSAMD21G17D-MU,-MU,,,,QFN48,-40..85 °C,,unknown,microchip-atdf:SAMD21_DFP@3.8.270,https://packs.download.microchip.com/Microchip.SAMD21_DFP.3.8.270.pack,2026-08-12T09:31:18+00:00,manufacturer_device_database,atdf_variant_record
microchip::atsamd21g17d-mz,microchip::atsamd21g17d,Microchip,SAMD21,SAMD21,SAMD21,ATSAMD21G17D,ATSAMD21G17D-MZ,-MZ,,,,QFN48,-40..125 °C,,unknown,microchip-atdf:SAMD21_DFP@3.8.270,https://packs.download.microchip.com/Microchip.SAMD21_DFP.3.8.270.pack,2026-08-12T09:31:18+00:00,manufacturer_device_database,atdf_variant_record
microchip::atsamd21g17l-mf,microchip::atsamd21g17l,Microchip,SAMD21,SAMD21,SAMD21,ATSAMD21G17L,ATSAMD21G17L-MF,-MF,,,,QFN48,-40..125 °C,,unknown,microchip-atdf:SAMD21_DFP@3.8.270,https://packs.download.microchip.com/Microchip.SAMD21_DFP.3.8.270.pack,2026-08-12T09:31:18+00:00,manufacturer_device_database,atdf_variant_record
microchip::atsamd21g17l-mn,microchip::atsamd21g17l,Microchip,SAMD21,SAMD21,SAMD21,ATSAMD21G17L,ATSAMD21G17L-MN,-MN,,,,QFN48,-40..105 °C,,unknown,microchip-atdf:SAMD21_DFP@3.8.270,https://packs.download.microchip.com/Microchip.SAMD21_DFP.3.8.270.pack,2026-08-12T09:31:18+00:00,manufacturer_device_database,atdf_variant_record
microchip::atsamd21g17l-mu,microchip::atsamd21g17l,Microchip,SAMD21,SAMD21,SAMD21,ATSAMD21G17L,ATSAMD21G17L-MU,-MU,,,,QFN48,-40..85 °C,,unknown,microchip-atdf:SAMD21_DFP@3.8.270,https://packs.download.microchip.com/Microchip.SAMD21_DFP.3.8.270.pack,2026-08-12T09:31:18+00:00,manufacturer_device_database,atdf_variant_record
microchip::atsamd21g18a-af,microchip::atsamd21g18a,Microchip,SAMD21,SAMD21,SAMD21,ATSAMD21G18A,ATSAMD21G18A-AF,-AF,,,,TQFP48,-40..125 °C,,unknown,microchip-atdf:SAMD21_DFP@3.8.270,https://packs.download.microchip.com/Microchip.SAMD21_DFP.3.8.270.pack,2026-08-12T09:31:18+00:00,manufacturer_device_database,atdf_variant_record
microchip::atsamd21g18a-au,microchip::atsamd21g18a,Microchip,SAMD21,SAMD21,SAMD21,ATSAMD21G18A,ATSAMD21G18A-AU,-AU,,,,TQFP48,-40..85 °C,,unknown,microchip-atdf:SAMD21_DFP@3.8.270,https://packs.download.microchip.com/Microchip.SAMD21_DFP.3.8.270.pack,2026-08-12T09:31:18+00:00,manufacturer_device_database,atdf_variant_record
microchip::atsamd21g18a-az,microchip::atsamd21g18a,Microchip,SAMD21,SAMD21,SAMD21,ATSAMD21G18A,ATSAMD21G18A-AZ,-AZ,,,,TQFP48,-40..125 °C,,unknown,microchip-atdf:SAMD21_DFP@3.8.270,https://packs.download.microchip.com/Microchip.SAMD21_DFP.3.8.270.pack,2026-08-12T09:31:18+00:00,manufacturer_device_database,atdf_variant_record
microchip::atsamd21g18a-mf,microchip::atsamd21g18a,Microchip,SAMD21,SAMD21,SAMD21,ATSAMD21G18A,ATSAMD21G18A-MF,-MF,,,,QFN48,-40..125 °C,,unknown,microchip-atdf:SAMD21_DFP@3.8.270,https://packs.download.microchip.com/Microchip.SAMD21_DFP.3.8.270.pack,2026-08-12T09:31:18+00:00,manufacturer_device_database,atdf_variant_record
microchip::atsamd21g18a-mu,microchip::atsamd21g18a,Microchip,SAMD21,SAMD21,SAMD21,ATSAMD21G18A,ATSAMD21G18A-MU,-MU,,,,QFN48,-40..85 °C,,unknown,microchip-atdf:SAMD21_DFP@3.8.270,https://packs.download.microchip.com/Microchip.SAMD21_DFP.3.8.270.pack,2026-08-12T09:31:18+00:00,manufacturer_device_database,atdf_variant_record
microchip::atsamd21g18a-mz,microchip::atsamd21g18a,Microchip,SAMD21,SAMD21,SAMD21,ATSAMD21G18A,ATSAMD21G18A-MZ,-MZ,,,,QFN48,-40..125 °C,,unknown,microchip-atdf:SAMD21_DFP@3.8.270,https://packs.download.microchip.com/Microchip.SAMD21_DFP.3.8.270.pack,2026-08-12T09:31:18+00:00,manufacturer_device_database,atdf_variant_record
microchip::atsamd21g18a-uu,microchip::atsamd21g18au,Microchip,SAMD21,SAMD21,SAMD21,ATSAMD21G18AU,ATSAMD21G18A-UU,,,,,WLCSP45,-40..85 °C,,unknown,microchip-atdf:SAMD21_DFP@3.8.270,https://packs.download.microchip.com/Microchip.SAMD21_DFP.3.8.270.pack,2026-08-12T09:31:18+00:00,manufacturer_device_database,atdf_variant_record
microchip::atsamd21j15a-af,microchip::atsamd21j15a,Microchip,SAMD21,SAMD21,SAMD21,ATSAMD21J15A,ATSAMD21J15A-AF,-AF,,,,TQFP64,-40..125 °C,,unknown,microchip-atdf:SAMD21_DFP@3.8.270,https://packs.download.microchip.com/Microchip.SAMD21_DFP.3.8.270.pack,2026-08-12T09:31:18+00:00,manufacturer_device_database,atdf_variant_record
microchip::atsamd21j15a-au,microchip::atsamd21j15a,Microchip,SAMD21,SAMD21,SAMD21,ATSAMD21J15A,ATSAMD21J15A-AU,-AU,,,,TQFP64,-40..85 °C,,unknown,microchip-atdf:SAMD21_DFP@3.8.270,https://packs.download.microchip.com/Microchip.SAMD21_DFP.3.8.270.pack,2026-08-12T09:31:18+00:00,manufacturer_device_database,atdf_variant_record
microchip::atsamd21j15a-az,microchip::atsamd21j15a,Microchip,SAMD21,SAMD21,SAMD21,ATSAMD21J15A,ATSAMD21J15A-AZ,-AZ,,,,TQFP64,-40..125 °C,,unknown,microchip-atdf:SAMD21_DFP@3.8.270,https://packs.download.microchip.com/Microchip.SAMD21_DFP.3.8.270.pack,2026-08-12T09:31:18+00:00,manufacturer_device_database,atdf_variant_record
microchip::atsamd21j15a-mf,microchip::atsamd21j15a,Microchip,SAMD21,SAMD21,SAMD21,ATSAMD21J15A,ATSAMD21J15A-MF,-MF,,,,QFN64,-40..125 °C,,unknown,microchip-atdf:SAMD21_DFP@3.8.270,https://packs.download.microchip.com/Microchip.SAMD21_DFP.3.8.270.pack,2026-08-12T09:31:18+00:00,manufacturer_device_database,atdf_variant_record
microchip::atsamd21j15a-mu,microchip::atsamd21j15a,Microchip,SAMD21,SAMD21,SAMD21,ATSAMD21J15A,ATSAMD21J15A-MU,-MU,,,,QFN64,-40..85 °C,,unknown,microchip-atdf:SAMD21_DFP@3.8.270,https://packs.download.microchip.com/Microchip.SAMD21_DFP.3.8.270.pack,2026-08-12T09:31:18+00:00,manufacturer_device_database,atdf_variant_record
microchip::atsamd21j15a-mz,microchip::atsamd21j15a,Microchip,SAMD21,SAMD21,SAMD21,ATSAMD21J15A,ATSAMD21J15A-MZ,-MZ,,,,QFN64,-40..125 °C,,unknown,microchip-atdf:SAMD21_DFP@3.8.270,https://packs.download.microchip.com/Microchip.SAMD21_DFP.3.8.270.pack,2026-08-12T09:31:18+00:00,manufacturer_device_database,atdf_variant_record
microchip::atsamd21j15b-af,microchip::atsamd21j15b,Microchip,SAMD21,SAMD21,SAMD21,ATSAMD21J15B,ATSAMD21J15B-AF,-AF,,,,TQFP64,-40..125 °C,,unknown,microchip-atdf:SAMD21_DFP@3.8.270,https://packs.download.microchip.com/Microchip.SAMD21_DFP.3.8.270.pack,2026-08-12T09:31:18+00:00,manufacturer_device_database,atdf_variant_record
microchip::atsamd21j15b-au,microchip::atsamd21j15b,Microchip,SAMD21,SAMD21,SAMD21,ATSAMD21J15B,ATSAMD21J15B-AU,-AU,,,,TQFP64,-40..85 °C,,unknown,microchip-atdf:SAMD21_DFP@3.8.270,https://packs.download.microchip.com/Microchip.SAMD21_DFP.3.8.270.pack,2026-08-12T09:31:18+00:00,manufacturer_device_database,atdf_variant_record
microchip::atsamd21j15b-az,microchip::atsamd21j15b,Microchip,SAMD21,SAMD21,SAMD21,ATSAMD21J15B,ATSAMD21J15B-AZ,-AZ,,,,TQFP64,-40..125 °C,,unknown,microchip-atdf:SAMD21_DFP@3.8.270,https://packs.download.microchip.com/Microchip.SAMD21_DFP.3.8.270.pack,2026-08-12T09:31:18+00:00,manufacturer_device_database,atdf_variant_record
microchip::atsamd21j15b-cf,microchip::atsamd21j15b,Microchip,SAMD21,SAMD21,SAMD21,ATSAMD21J15B,ATSAMD21J15B-CF,-CF,,,,UFBGA64,-40..125 °C,,unknown,microchip-atdf:SAMD21_DFP@3.8.270,https://packs.download.microchip.com/Microchip.SAMD21_DFP.3.8.270.pack,2026-08-12T09:31:18+00:00,manufacturer_device_database,atdf_variant_record
microchip::atsamd21j15b-cu,microchip::atsamd21j15b,Microchip,SAMD21,SAMD21,SAMD21,ATSAMD21J15B,ATSAMD21J15B-CU,-CU,,,,UFBGA64,-40..85 °C,,unknown,microchip-atdf:SAMD21_DFP@3.8.270,https://packs.download.microchip.com/Microchip.SAMD21_DFP.3.8.270.pack,2026-08-12T09:31:18+00:00,manufacturer_device_database,atdf_variant_record
microchip::atsamd21j15b-mf,microchip::atsamd21j15b,Microchip,SAMD21,SAMD21,SAMD21,ATSAMD21J15B,ATSAMD21J15B-MF,-MF,,,,QFN64,-40..125 °C,,unknown,microchip-atdf:SAMD21_DFP@3.8.270,https://packs.download.microchip.com/Microchip.SAMD21_DFP.3.8.270.pack,2026-08-12T09:31:18+00:00,manufacturer_device_database,atdf_variant_record
microchip::atsamd21j15b-mu,microchip::atsamd21j15b,Microchip,SAMD21,SAMD21,SAMD21,ATSAMD21J15B,ATSAMD21J15B-MU,-MU,,,,QFN64,-40..85 °C,,unknown,microchip-atdf:SAMD21_DFP@3.8.270,https://packs.download.microchip.com/Microchip.SAMD21_DFP.3.8.270.pack,2026-08-12T09:31:18+00:00,manufacturer_device_database,atdf_variant_record
microchip::atsamd21j15b-mz,microchip::atsamd21j15b,Microchip,SAMD21,SAMD21,SAMD21,ATSAMD21J15B,ATSAMD21J15B-MZ,-MZ,,,,QFN64,-40..125 °C,,unknown,microchip-atdf:SAMD21_DFP@3.8.270,https://packs.download.microchip.com/Microchip.SAMD21_DFP.3.8.270.pack,2026-08-12T09:31:18+00:00,manufacturer_device_database,atdf_variant_record
microchip::atsamd21j16a-af,microchip::atsamd21j16a,Microchip,SAMD21,SAMD21,SAMD21,ATSAMD21J16A,ATSAMD21J16A-AF,-AF,,,,TQFP64,-40..125 °C,,unknown,microchip-atdf:SAMD21_DFP@3.8.270,https://packs.download.microchip.com/Microchip.SAMD21_DFP.3.8.270.pack,2026-08-12T09:31:18+00:00,manufacturer_device_database,atdf_variant_record
microchip::atsamd21j16a-au,microchip::atsamd21j16a,Microchip,SAMD21,SAMD21,SAMD21,ATSAMD21J16A,ATSAMD21J16A-AU,-AU,,,,TQFP64,-40..85 °C,,unknown,microchip-atdf:SAMD21_DFP@3.8.270,https://packs.download.microchip.com/Microchip.SAMD21_DFP.3.8.270.pack,2026-08-12T09:31:18+00:00,manufacturer_device_database,atdf_variant_record
microchip::atsamd21j16a-az,microchip::atsamd21j16a,Microchip,SAMD21,SAMD21,SAMD21,ATSAMD21J16A,ATSAMD21J16A-AZ,-AZ,,,,TQFP64,-40..125 °C,,unknown,microchip-atdf:SAMD21_DFP@3.8.270,https://packs.download.microchip.com/Microchip.SAMD21_DFP.3.8.270.pack,2026-08-12T09:31:18+00:00,manufacturer_device_database,atdf_variant_record
microchip::atsamd21j16a-cu,microchip::atsamd21j16a,Microchip,SAMD21,SAMD21,SAMD21,ATSAMD21J16A,ATSAMD21J16A-CU,-CU,,,,CTBGA64,-40..85 °C,,unknown,microchip-atdf:SAMD21_DFP@3.8.270,https://packs.download.microchip.com/Microchip.SAMD21_DFP.3.8.270.pack,2026-08-12T09:31:18+00:00,manufacturer_device_database,atdf_variant_record
microchip::atsamd21j16a-mf,microchip::atsamd21j16a,Microchip,SAMD21,SAMD21,SAMD21,ATSAMD21J16A,ATSAMD21J16A-MF,-MF,,,,QFN64,-40..125 °C,,unknown,microchip-atdf:SAMD21_DFP@3.8.270,https://packs.download.microchip.com/Microchip.SAMD21_DFP.3.8.270.pack,2026-08-12T09:31:18+00:00,manufacturer_device_database,atdf_variant_record
microchip::atsamd21j16a-mu,microchip::atsamd21j16a,Microchip,SAMD21,SAMD21,SAMD21,ATSAMD21J16A,ATSAMD21J16A-MU,-MU,,,,QFN64,-40..85 °C,,unknown,microchip-atdf:SAMD21_DFP@3.8.270,https://packs.download.microchip.com/Microchip.SAMD21_DFP.3.8.270.pack,2026-08-12T09:31:18+00:00,manufacturer_device_database,atdf_variant_record
microchip::atsamd21j16a-mz,microchip::atsamd21j16a,Microchip,SAMD21,SAMD21,SAMD21,ATSAMD21J16A,ATSAMD21J16A-MZ,-MZ,,,,QFN64,-40..125 °C,,unknown,microchip-atdf:SAMD21_DFP@3.8.270,https://packs.download.microchip.com/Microchip.SAMD21_DFP.3.8.270.pack,2026-08-12T09:31:18+00:00,manufacturer_device_database,atdf_variant_record
microchip::atsamd21j16b-af,microchip::atsamd21j16b,Microchip,SAMD21,SAMD21,SAMD21,ATSAMD21J16B,ATSAMD21J16B-AF,-AF,,,,TQFP64,-40..125 °C,,unknown,microchip-atdf:SAMD21_DFP@3.8.270,https://packs.download.microchip.com/Microchip.SAMD21_DFP.3.8.270.pack,2026-08-12T09:31:18+00:00,manufacturer_device_database,atdf_variant_record
microchip::atsamd21j16b-au,microchip::atsamd21j16b,Microchip,SAMD21,SAMD21,SAMD21,ATSAMD21J16B,ATSAMD21J16B-AU,-AU,,,,TQFP64,-40..85 °C,,unknown,microchip-atdf:SAMD21_DFP@3.8.270,https://packs.download.microchip.com/Microchip.SAMD21_DFP.3.8.270.pack,2026-08-12T09:31:18+00:00,manufacturer_device_database,atdf_variant_record
microchip::atsamd21j16b-az,microchip::atsamd21j16b,Microchip,SAMD21,SAMD21,SAMD21,ATSAMD21J16B,ATSAMD21J16B-AZ,-AZ,,,,TQFP64,-40..125 °C,,unknown,microchip-atdf:SAMD21_DFP@3.8.270,https://packs.download.microchip.com/Microchip.SAMD21_DFP.3.8.270.pack,2026-08-12T09:31:18+00:00,manufacturer_device_database,atdf_variant_record
microchip::atsamd21j16b-cf,microchip::atsamd21j16b,Microchip,SAMD21,SAMD21,SAMD21,ATSAMD21J16B,ATSAMD21J16B-CF,-CF,,,,UFBGA64,-40..125 °C,,unknown,microchip-atdf:SAMD21_DFP@3.8.270,https://packs.download.microchip.com/Microchip.SAMD21_DFP.3.8.270.pack,2026-08-12T09:31:18+00:00,manufacturer_device_database,atdf_variant_record
microchip::atsamd21j16b-cu,microchip::atsamd21j16b,Microchip,SAMD21,SAMD21,SAMD21,ATSAMD21J16B,ATSAMD21J16B-CU,-CU,,,,UFBGA64,-40..85 °C,,unknown,microchip-atdf:SAMD21_DFP@3.8.270,https://packs.download.microchip.com/Microchip.SAMD21_DFP.3.8.270.pack,2026-08-12T09:31:18+00:00,manufacturer_device_database,atdf_variant_record
microchip::atsamd21j16b-mf,microchip::atsamd21j16b,Microchip,SAMD21,SAMD21,SAMD21,ATSAMD21J16B,ATSAMD21J16B-MF,-MF,,,,QFN64,-40..125 °C,,unknown,microchip-atdf:SAMD21_DFP@3.8.270,https://packs.download.microchip.com/Microchip.SAMD21_DFP.3.8.270.pack,2026-08-12T09:31:18+00:00,manufacturer_device_database,atdf_variant_record
microchip::atsamd21j16b-mu,microchip::atsamd21j16b,Microchip,SAMD21,SAMD21,SAMD21,ATSAMD21J16B,ATSAMD21J16B-MU,-MU,,,,QFN64,-40..85 °C,,unknown,microchip-atdf:SAMD21_DFP@3.8.270,https://packs.download.microchip.com/Microchip.SAMD21_DFP.3.8.270.pack,2026-08-12T09:31:18+00:00,manufacturer_device_database,atdf_variant_record
microchip::atsamd21j16b-mz,microchip::atsamd21j16b,Microchip,SAMD21,SAMD21,SAMD21,ATSAMD21J16B,ATSAMD21J16B-MZ,-MZ,,,,QFN64,-40..125 °C,,unknown,microchip-atdf:SAMD21_DFP@3.8.270,https://packs.download.microchip.com/Microchip.SAMD21_DFP.3.8.270.pack,2026-08-12T09:31:18+00:00,manufacturer_device_database,atdf_variant_record
microchip::atsamd21j17a-af,microchip::atsamd21j17a,Microchip,SAMD21,SAMD21,SAMD21,ATSAMD21J17A,ATSAMD21J17A-AF,-AF,,,,TQFP64,-40..125 °C,,unknown,microchip-atdf:SAMD21_DFP@3.8.270,https://packs.download.microchip.com/Microchip.SAMD21_DFP.3.8.270.pack,2026-08-12T09:31:18+00:00,manufacturer_device_database,atdf_variant_record
microchip::atsamd21j17a-au,microchip::atsamd21j17a,Microchip,SAMD21,SAMD21,SAMD21,ATSAMD21J17A,ATSAMD21J17A-AU,-AU,,,,TQFP64,-40..85 °C,,unknown,microchip-atdf:SAMD21_DFP@3.8.270,https://packs.download.microchip.com/Microchip.SAMD21_DFP.3.8.270.pack,2026-08-12T09:31:18+00:00,manufacturer_device_database,atdf_variant_record
microchip::atsamd21j17a-az,microchip::atsamd21j17a,Microchip,SAMD21,SAMD21,SAMD21,ATSAMD21J17A,ATSAMD21J17A-AZ,-AZ,,,,TQFP64,-40..125 °C,,unknown,microchip-atdf:SAMD21_DFP@3.8.270,https://packs.download.microchip.com/Microchip.SAMD21_DFP.3.8.270.pack,2026-08-12T09:31:18+00:00,manufacturer_device_database,atdf_variant_record
microchip::atsamd21j17a-cu,microchip::atsamd21j17a,Microchip,SAMD21,SAMD21,SAMD21,ATSAMD21J17A,ATSAMD21J17A-CU,-CU,,,,CTBGA64,-40..85 °C,,unknown,microchip-atdf:SAMD21_DFP@3.8.270,https://packs.download.microchip.com/Microchip.SAMD21_DFP.3.8.270.pack,2026-08-12T09:31:18+00:00,manufacturer_device_database,atdf_variant_record
microchip::atsamd21j17a-mf,microchip::atsamd21j17a,Microchip,SAMD21,SAMD21,SAMD21,ATSAMD21J17A,ATSAMD21J17A-MF,-MF,,,,QFN64,-40..125 °C,,unknown,microchip-atdf:SAMD21_DFP@3.8.270,https://packs.download.microchip.com/Microchip.SAMD21_DFP.3.8.270.pack,2026-08-12T09:31:18+00:00,manufacturer_device_database,atdf_variant_record
microchip::atsamd21j17a-mu,microchip::atsamd21j17a,Microchip,SAMD21,SAMD21,SAMD21,ATSAMD21J17A,ATSAMD21J17A-MU,-MU,,,,QFN64,-40..85 °C,,unknown,microchip-atdf:SAMD21_DFP@3.8.270,https://packs.download.microchip.com/Microchip.SAMD21_DFP.3.8.270.pack,2026-08-12T09:31:18+00:00,manufacturer_device_database,atdf_variant_record
microchip::atsamd21j17a-mz,microchip::atsamd21j17a,Microchip,SAMD21,SAMD21,SAMD21,ATSAMD21J17A,ATSAMD21J17A-MZ,-MZ,,,,QFN64,-40..125 °C,,unknown,microchip-atdf:SAMD21_DFP@3.8.270,https://packs.download.microchip.com/Microchip.SAMD21_DFP.3.8.270.pack,2026-08-12T09:31:18+00:00,manufacturer_device_database,atdf_variant_record
microchip::atsamd21j17d-af,microchip::atsamd21j17d,Microchip,SAMD21,SAMD21,SAMD21,ATSAMD21J17D,ATSAMD21J17D-AF,-AF,,,,TQFP64,-40..125 °C,,unknown,microchip-atdf:SAMD21_DFP@3.8.270,https://packs.download.microchip.com/Microchip.SAMD21_DFP.3.8.270.pack,2026-08-12T09:31:18+00:00,manufacturer_device_database,atdf_variant_record
microchip::atsamd21j17d-au,microchip::atsamd21j17d,Microchip,SAMD21,SAMD21,SAMD21,ATSAMD21J17D,ATSAMD21J17D-AU,-AU,,,,TQFP64,-40..85 °C,,unknown,microchip-atdf:SAMD21_DFP@3.8.270,https://packs.download.microchip.com/Microchip.SAMD21_DFP.3.8.270.pack,2026-08-12T09:31:18+00:00,manufacturer_device_database,atdf_variant_record
microchip::atsamd21j17d-az,microchip::atsamd21j17d,Microchip,SAMD21,SAMD21,SAMD21,ATSAMD21J17D,ATSAMD21J17D-AZ,-AZ,,,,TQFP64,-40..125 °C,,unknown,microchip-atdf:SAMD21_DFP@3.8.270,https://packs.download.microchip.com/Microchip.SAMD21_DFP.3.8.270.pack,2026-08-12T09:31:18+00:00,manufacturer_device_database,atdf_variant_record
microchip::atsamd21j17d-cf,microchip::atsamd21j17d,Microchip,SAMD21,SAMD21,SAMD21,ATSAMD21J17D,ATSAMD21J17D-CF,-CF,,,,CTBGA64,-40..125 °C,,unknown,microchip-atdf:SAMD21_DFP@3.8.270,https://packs.download.microchip.com/Microchip.SAMD21_DFP.3.8.270.pack,2026-08-12T09:31:18+00:00,manufacturer_device_database,atdf_variant_record
microchip::atsamd21j17d-cu,microchip::atsamd21j17d,Microchip,SAMD21,SAMD21,SAMD21,ATSAMD21J17D,ATSAMD21J17D-CU,-CU,,,,CTBGA64,-40..85 °C,,unknown,microchip-atdf:SAMD21_DFP@3.8.270,https://packs.download.microchip.com/Microchip.SAMD21_DFP.3.8.270.pack,2026-08-12T09:31:18+00:00,manufacturer_device_database,atdf_variant_record
microchip::atsamd21j17d-mf,microchip::atsamd21j17d,Microchip,SAMD21,SAMD21,SAMD21,ATSAMD21J17D,ATSAMD21J17D-MF,-MF,,,,QFN64,-40..125 °C,,unknown,microchip-atdf:SAMD21_DFP@3.8.270,https://packs.download.microchip.com/Microchip.SAMD21_DFP.3.8.270.pack,2026-08-12T09:31:18+00:00,manufacturer_device_database,atdf_variant_record
microchip::atsamd21j17d-mu,microchip::atsamd21j17d,Microchip,SAMD21,SAMD21,SAMD21,ATSAMD21J17D,ATSAMD21J17D-MU,-MU,,,,QFN64,-40..85 °C,,unknown,microchip-atdf:SAMD21_DFP@3.8.270,https://packs.download.microchip.com/Microchip.SAMD21_DFP.3.8.270.pack,2026-08-12T09:31:18+00:00,manufacturer_device_database,atdf_variant_record
microchip::atsamd21j17d-mz,microchip::atsamd21j17d,Microchip,SAMD21,SAMD21,SAMD21,ATSAMD21J17D,ATSAMD21J17D-MZ,-MZ,,,,QFN64,-40..125 °C,,unknown,microchip-atdf:SAMD21_DFP@3.8.270,https://packs.download.microchip.com/Microchip.SAMD21_DFP.3.8.270.pack,2026-08-12T09:31:18+00:00,manufacturer_device_database,atdf_variant_record
microchip::atsamd21j18a-af,microchip::atsamd21j18a,Microchip,SAMD21,SAMD21,SAMD21,ATSAMD21J18A,ATSAMD21J18A-AF,-AF,,,,TQFP64,-40..125 °C,,unknown,microchip-atdf:SAMD21_DFP@3.8.270,https://packs.download.microchip.com/Microchip.SAMD21_DFP.3.8.270.pack,2026-08-12T09:31:18+00:00,manufacturer_device_database,atdf_variant_record
microchip::atsamd21j18a-au,microchip::atsamd21j18a,Microchip,SAMD21,SAMD21,SAMD21,ATSAMD21J18A,ATSAMD21J18A-AU,-AU,,,,TQFP64,-40..85 °C,,unknown,microchip-atdf:SAMD21_DFP@3.8.270,https://packs.download.microchip.com/Microchip.SAMD21_DFP.3.8.270.pack,2026-08-12T09:31:18+00:00,manufacturer_device_database,atdf_variant_record
microchip::atsamd21j18a-az,microchip::atsamd21j18a,Microchip,SAMD21,SAMD21,SAMD21,ATSAMD21J18A,ATSAMD21J18A-AZ,-AZ,,,,TQFP64,-40..125 °C,,unknown,microchip-atdf:SAMD21_DFP@3.8.270,https://packs.download.microchip.com/Microchip.SAMD21_DFP.3.8.270.pack,2026-08-12T09:31:18+00:00,manufacturer_device_database,atdf_variant_record
microchip::atsamd21j18a-cu,microchip::atsamd21j18a,Microchip,SAMD21,SAMD21,SAMD21,ATSAMD21J18A,ATSAMD21J18A-CU,-CU,,,,CTBGA64,-40..85 °C,,unknown,microchip-atdf:SAMD21_DFP@3.8.270,https://packs.download.microchip.com/Microchip.SAMD21_DFP.3.8.270.pack,2026-08-12T09:31:18+00:00,manufacturer_device_database,atdf_variant_record
microchip::atsamd21j18a-mf,microchip::atsamd21j18a,Microchip,SAMD21,SAMD21,SAMD21,ATSAMD21J18A,ATSAMD21J18A-MF,-MF,,,,QFN64,-40..125 °C,,unknown,microchip-atdf:SAMD21_DFP@3.8.270,https://packs.download.microchip.com/Microchip.SAMD21_DFP.3.8.270.pack,2026-08-12T09:31:18+00:00,manufacturer_device_database,atdf_variant_record
microchip::atsamd21j18a-mu,microchip::atsamd21j18a,Microchip,SAMD21,SAMD21,SAMD21,ATSAMD21J18A,ATSAMD21J18A-MU,-MU,,,,QFN64,-40..85 °C,,unknown,microchip-atdf:SAMD21_DFP@3.8.270,https://packs.download.microchip.com/Microchip.SAMD21_DFP.3.8.270.pack,2026-08-12T09:31:18+00:00,manufacturer_device_database,atdf_variant_record
microchip::atsamd21j18a-mz,microchip::atsamd21j18a,Microchip,SAMD21,SAMD21,SAMD21,ATSAMD21J18A,ATSAMD21J18A-MZ,-MZ,,,,QFN64,-40..125 °C,,unknown,microchip-atdf:SAMD21_DFP@3.8.270,https://packs.download.microchip.com/Microchip.SAMD21_DFP.3.8.270.pack,2026-08-12T09:31:18+00:00,manufacturer_device_database,atdf_variant_record
microchip::atsamd51g18a-mf,microchip::atsamd51g18a,Microchip,SAMD51,SAMD51,SAMD51,ATSAMD51G18A,ATSAMD51G18A-MF,-MF,,,,QFN48,-40..125 °C,,unknown,microchip-atdf:SAMD51_DFP@3.9.276,https://packs.download.microchip.com/Microchip.SAMD51_DFP.3.9.276.pack,2026-08-12T09:31:18+00:00,manufacturer_device_database,atdf_variant_record
microchip::atsamd51g18a-mu,microchip::atsamd51g18a,Microchip,SAMD51,SAMD51,SAMD51,ATSAMD51G18A,ATSAMD51G18A-MU,-MU,,,,QFN48,-40..85 °C,,unknown,microchip-atdf:SAMD51_DFP@3.9.276,https://packs.download.microchip.com/Microchip.SAMD51_DFP.3.9.276.pack,2026-08-12T09:31:18+00:00,manufacturer_device_database,atdf_variant_record
microchip::atsamd51g18a-mz,microchip::atsamd51g18a,Microchip,SAMD51,SAMD51,SAMD51,ATSAMD51G18A,ATSAMD51G18A-MZ,-MZ,,,,QFN48,-40..125 °C,,unknown,microchip-atdf:SAMD51_DFP@3.9.276,https://packs.download.microchip.com/Microchip.SAMD51_DFP.3.9.276.pack,2026-08-12T09:31:18+00:00,manufacturer_device_database,atdf_variant_record
microchip::atsamd51g19a-mf,microchip::atsamd51g19a,Microchip,SAMD51,SAMD51,SAMD51,ATSAMD51G19A,ATSAMD51G19A-MF,-MF,,,,QFN48,-40..125 °C,,unknown,microchip-atdf:SAMD51_DFP@3.9.276,https://packs.download.microchip.com/Microchip.SAMD51_DFP.3.9.276.pack,2026-08-12T09:31:18+00:00,manufacturer_device_database,atdf_variant_record
microchip::atsamd51g19a-mu,microchip::atsamd51g19a,Microchip,SAMD51,SAMD51,SAMD51,ATSAMD51G19A,ATSAMD51G19A-MU,-MU,,,,QFN48,-40..85 °C,,unknown,microchip-atdf:SAMD51_DFP@3.9.276,https://packs.download.microchip.com/Microchip.SAMD51_DFP.3.9.276.pack,2026-08-12T09:31:18+00:00,manufacturer_device_database,atdf_variant_record
microchip::atsamd51g19a-mz,microchip::atsamd51g19a,Microchip,SAMD51,SAMD51,SAMD51,ATSAMD51G19A,ATSAMD51G19A-MZ,-MZ,,,,QFN48,-40..125 °C,,unknown,microchip-atdf:SAMD51_DFP@3.9.276,https://packs.download.microchip.com/Microchip.SAMD51_DFP.3.9.276.pack,2026-08-12T09:31:18+00:00,manufacturer_device_database,atdf_variant_record
microchip::atsamd51j18a-af,microchip::atsamd51j18a,Microchip,SAMD51,SAMD51,SAMD51,ATSAMD51J18A,ATSAMD51J18A-AF,-AF,,,,TQFP64,-40..125 °C,,unknown,microchip-atdf:SAMD51_DFP@3.9.276,https://packs.download.microchip.com/Microchip.SAMD51_DFP.3.9.276.pack,2026-08-12T09:31:18+00:00,manufacturer_device_database,atdf_variant_record
microchip::atsamd51j18a-au,microchip::atsamd51j18a,Microchip,SAMD51,SAMD51,SAMD51,ATSAMD51J18A,ATSAMD51J18A-AU,-AU,,,,TQFP64,-40..85 °C,,unknown,microchip-atdf:SAMD51_DFP@3.9.276,https://packs.download.microchip.com/Microchip.SAMD51_DFP.3.9.276.pack,2026-08-12T09:31:18+00:00,manufacturer_device_database,atdf_variant_record
microchip::atsamd51j18a-az,microchip::atsamd51j18a,Microchip,SAMD51,SAMD51,SAMD51,ATSAMD51J18A,ATSAMD51J18A-AZ,-AZ,,,,TQFP64,-40..125 °C,,unknown,microchip-atdf:SAMD51_DFP@3.9.276,https://packs.download.microchip.com/Microchip.SAMD51_DFP.3.9.276.pack,2026-08-12T09:31:18+00:00,manufacturer_device_database,atdf_variant_record
microchip::atsamd51j18a-mf,microchip::atsamd51j18a,Microchip,SAMD51,SAMD51,SAMD51,ATSAMD51J18A,ATSAMD51J18A-MF,-MF,,,,QFN64,-40..125 °C,,unknown,microchip-atdf:SAMD51_DFP@3.9.276,https://packs.download.microchip.com/Microchip.SAMD51_DFP.3.9.276.pack,2026-08-12T09:31:18+00:00,manufacturer_device_database,atdf_variant_record
microchip::atsamd51j18a-mu,microchip::atsamd51j18a,Microchip,SAMD51,SAMD51,SAMD51,ATSAMD51J18A,ATSAMD51J18A-MU,-MU,,,,QFN64,-40..85 °C,,unknown,microchip-atdf:SAMD51_DFP@3.9.276,https://packs.download.microchip.com/Microchip.SAMD51_DFP.3.9.276.pack,2026-08-12T09:31:18+00:00,manufacturer_device_database,atdf_variant_record
microchip::atsamd51j18a-mz,microchip::atsamd51j18a,Microchip,SAMD51,SAMD51,SAMD51,ATSAMD51J18A,ATSAMD51J18A-MZ,-MZ,,,,QFN64,-40..125 °C,,unknown,microchip-atdf:SAMD51_DFP@3.9.276,https://packs.download.microchip.com/Microchip.SAMD51_DFP.3.9.276.pack,2026-08-12T09:31:18+00:00,manufacturer_device_database,atdf_variant_record
microchip::atsamd51j19a-af,microchip::atsamd51j19a,Microchip,SAMD51,SAMD51,SAMD51,ATSAMD51J19A,ATSAMD51J19A-AF,-AF,,,,TQFP64,-40..125 °C,,unknown,microchip-atdf:SAMD51_DFP@3.9.276,https://packs.download.microchip.com/Microchip.SAMD51_DFP.3.9.276.pack,2026-08-12T09:31:18+00:00,manufacturer_device_database,atdf_variant_record
microchip::atsamd51j19a-au,microchip::atsamd51j19a,Microchip,SAMD51,SAMD51,SAMD51,ATSAMD51J19A,ATSAMD51J19A-AU,-AU,,,,TQFP64,-40..85 °C,,unknown,microchip-atdf:SAMD51_DFP@3.9.276,https://packs.download.microchip.com/Microchip.SAMD51_DFP.3.9.276.pack,2026-08-12T09:31:18+00:00,manufacturer_device_database,atdf_variant_record
microchip::atsamd51j19a-az,microchip::atsamd51j19a,Microchip,SAMD51,SAMD51,SAMD51,ATSAMD51J19A,ATSAMD51J19A-AZ,-AZ,,,,TQFP64,-40..125 °C,,unknown,microchip-atdf:SAMD51_DFP@3.9.276,https://packs.download.microchip.com/Microchip.SAMD51_DFP.3.9.276.pack,2026-08-12T09:31:18+00:00,manufacturer_device_database,atdf_variant_record
microchip::atsamd51j19a-mf,microchip::atsamd51j19a,Microchip,SAMD51,SAMD51,SAMD51,ATSAMD51J19A,ATSAMD51J19A-MF,-MF,,,,QFN64,-40..125 °C,,unknown,microchip-atdf:SAMD51_DFP@3.9.276,https://packs.download.microchip.com/Microchip.SAMD51_DFP.3.9.276.pack,2026-08-12T09:31:18+00:00,manufacturer_device_database,atdf_variant_record
microchip::atsamd51j19a-mu,microchip::atsamd51j19a,Microchip,SAMD51,SAMD51,SAMD51,ATSAMD51J19A,ATSAMD51J19A-MU,-MU,,,,QFN64,-40..85 °C,,unknown,microchip-atdf:SAMD51_DFP@3.9.276,https://packs.download.microchip.com/Microchip.SAMD51_DFP.3.9.276.pack,2026-08-12T09:31:18+00:00,manufacturer_device_database,atdf_variant_record
microchip::atsamd51j19a-mz,microchip::atsamd51j19a,Microchip,SAMD51,SAMD51,SAMD51,ATSAMD51J19A,ATSAMD51J19A-MZ,-MZ,,,,QFN64,-40..125 °C,,unknown,microchip-atdf:SAMD51_DFP@3.9.276,https://packs.download.microchip.com/Microchip.SAMD51_DFP.3.9.276.pack,2026-08-12T09:31:18+00:00,manufacturer_device_database,atdf_variant_record
microchip::atsamd51j19a-un,microchip::atsamd51j19a,Microchip,SAMD51,SAMD51,SAMD51,ATSAMD51J19A,ATSAMD51J19A-UN,-UN,,,,WLCSP64GBS,-40..105 °C,,unknown,microchip-atdf:SAMD51_DFP@3.9.276,https://packs.download.microchip.com/Microchip.SAMD51_DFP.3.9.276.pack,2026-08-12T09:31:18+00:00,manufacturer_device_database,atdf_variant_record
microchip::atsamd51j19a-uu,microchip::atsamd51j19a,Microchip,SAMD51,SAMD51,SAMD51,ATSAMD51J19A,ATSAMD51J19A-UU,-UU,,,,WLCSP64GBS,-40..85 °C,,unknown,microchip-atdf:SAMD51_DFP@3.9.276,https://packs.download.microchip.com/Microchip.SAMD51_DFP.3.9.276.pack,2026-08-12T09:31:18+00:00,manufacturer_device_database,atdf_variant_record
microchip::atsamd51j20a-af,microchip::atsamd51j20a,Microchip,SAMD51,SAMD51,SAMD51,ATSAMD51J20A,ATSAMD51J20A-AF,-AF,,,,TQFP64,-40..125 °C,,unknown,microchip-atdf:SAMD51_DFP@3.9.276,https://packs.download.microchip.com/Microchip.SAMD51_DFP.3.9.276.pack,2026-08-12T09:31:18+00:00,manufacturer_device_database,atdf_variant_record
microchip::atsamd51j20a-au,microchip::atsamd51j20a,Microchip,SAMD51,SAMD51,SAMD51,ATSAMD51J20A,ATSAMD51J20A-AU,-AU,,,,TQFP64,-40..85 °C,,unknown,microchip-atdf:SAMD51_DFP@3.9.276,https://packs.download.microchip.com/Microchip.SAMD51_DFP.3.9.276.pack,2026-08-12T09:31:18+00:00,manufacturer_device_database,atdf_variant_record
microchip::atsamd51j20a-az,microchip::atsamd51j20a,Microchip,SAMD51,SAMD51,SAMD51,ATSAMD51J20A,ATSAMD51J20A-AZ,-AZ,,,,TQFP64,-40..125 °C,,unknown,microchip-atdf:SAMD51_DFP@3.9.276,https://packs.download.microchip.com/Microchip.SAMD51_DFP.3.9.276.pack,2026-08-12T09:31:18+00:00,manufacturer_device_database,atdf_variant_record
microchip::atsamd51j20a-mf,microchip::atsamd51j20a,Microchip,SAMD51,SAMD51,SAMD51,ATSAMD51J20A,ATSAMD51J20A-MF,-MF,,,,QFN64,-40..125 °C,,unknown,microchip-atdf:SAMD51_DFP@3.9.276,https://packs.download.microchip.com/Microchip.SAMD51_DFP.3.9.276.pack,2026-08-12T09:31:18+00:00,manufacturer_device_database,atdf_variant_record
microchip::atsamd51j20a-mu,microchip::atsamd51j20a,Microchip,SAMD51,SAMD51,SAMD51,ATSAMD51J20A,ATSAMD51J20A-MU,-MU,,,,QFN64,-40..85 °C,,unknown,microchip-atdf:SAMD51_DFP@3.9.276,https://packs.download.microchip.com/Microchip.SAMD51_DFP.3.9.276.pack,2026-08-12T09:31:18+00:00,manufacturer_device_database,atdf_variant_record
microchip::atsamd51j20a-mz,microchip::atsamd51j20a,Microchip,SAMD51,SAMD51,SAMD51,ATSAMD51J20A,ATSAMD51J20A-MZ,-MZ,,,,QFN64,-40..125 °C,,unknown,microchip-atdf:SAMD51_DFP@3.9.276,https://packs.download.microchip.com/Microchip.SAMD51_DFP.3.9.276.pack,2026-08-12T09:31:18+00:00,manufacturer_device_database,atdf_variant_record
microchip::atsamd51j20a-un,microchip::atsamd51j20a,Microchip,SAMD51,SAMD51,SAMD51,ATSAMD51J20A,ATSAMD51J20A-UN,-UN,,,,WLCSP64GBS,-40..105 °C,,unknown,microchip-atdf:SAMD51_DFP@3.9.276,https://packs.download.microchip.com/Microchip.SAMD51_DFP.3.9.276.pack,2026-08-12T09:31:18+00:00,manufacturer_device_database,atdf_variant_record
microchip::atsamd51j20a-uu,microchip::atsamd51j20a,Microchip,SAMD51,SAMD51,SAMD51,ATSAMD51J20A,ATSAMD51J20A-UU,-UU,,,,WLCSP64GBS,-40..85 °C,,unknown,microchip-atdf:SAMD51_DFP@3.9.276,https://packs.download.microchip.com/Microchip.SAMD51_DFP.3.9.276.pack,2026-08-12T09:31:18+00:00,manufacturer_device_database,atdf_variant_record
microchip::atsamd51n19a-af,microchip::atsamd51n19a,Microchip,SAMD51,SAMD51,SAMD51,ATSAMD51N19A,ATSAMD51N19A-AF,-AF,,,,TQFP100,-40..125 °C,,unknown,microchip-atdf:SAMD51_DFP@3.9.276,https://packs.download.microchip.com/Microchip.SAMD51_DFP.3.9.276.pack,2026-08-12T09:31:18+00:00,manufacturer_device_database,atdf_variant_record
microchip::atsamd51n19a-au,microchip::atsamd51n19a,Microchip,SAMD51,SAMD51,SAMD51,ATSAMD51N19A,ATSAMD51N19A-AU,-AU,,,,TQFP100,-40..85 °C,,unknown,microchip-atdf:SAMD51_DFP@3.9.276,https://packs.download.microchip.com/Microchip.SAMD51_DFP.3.9.276.pack,2026-08-12T09:31:18+00:00,manufacturer_device_database,atdf_variant_record
microchip::atsamd51n19a-az,microchip::atsamd51n19a,Microchip,SAMD51,SAMD51,SAMD51,ATSAMD51N19A,ATSAMD51N19A-AZ,-AZ,,,,TQFP100,-40..125 °C,,unknown,microchip-atdf:SAMD51_DFP@3.9.276,https://packs.download.microchip.com/Microchip.SAMD51_DFP.3.9.276.pack,2026-08-12T09:31:18+00:00,manufacturer_device_database,atdf_variant_record
microchip::atsamd51n20a-af,microchip::atsamd51n20a,Microchip,SAMD51,SAMD51,SAMD51,ATSAMD51N20A,ATSAMD51N20A-AF,-AF,,,,TQFP100,-40..125 °C,,unknown,microchip-atdf:SAMD51_DFP@3.9.276,https://packs.download.microchip.com/Microchip.SAMD51_DFP.3.9.276.pack,2026-08-12T09:31:18+00:00,manufacturer_device_database,atdf_variant_record
microchip::atsamd51n20a-au,microchip::atsamd51n20a,Microchip,SAMD51,SAMD51,SAMD51,ATSAMD51N20A,ATSAMD51N20A-AU,-AU,,,,TQFP100,-40..85 °C,,unknown,microchip-atdf:SAMD51_DFP@3.9.276,https://packs.download.microchip.com/Microchip.SAMD51_DFP.3.9.276.pack,2026-08-12T09:31:18+00:00,manufacturer_device_database,atdf_variant_record
microchip::atsamd51n20a-az,microchip::atsamd51n20a,Microchip,SAMD51,SAMD51,SAMD51,ATSAMD51N20A,ATSAMD51N20A-AZ,-AZ,,,,TQFP100,-40..125 °C,,unknown,microchip-atdf:SAMD51_DFP@3.9.276,https://packs.download.microchip.com/Microchip.SAMD51_DFP.3.9.276.pack,2026-08-12T09:31:18+00:00,manufacturer_device_database,atdf_variant_record
microchip::atsamd51p19a-af,microchip::atsamd51p19a,Microchip,SAMD51,SAMD51,SAMD51,ATSAMD51P19A,ATSAMD51P19A-AF,-AF,,,,TQFP128,-40..125 °C,,unknown,microchip-atdf:SAMD51_DFP@3.9.276,https://packs.download.microchip.com/Microchip.SAMD51_DFP.3.9.276.pack,2026-08-12T09:31:18+00:00,manufacturer_device_database,atdf_variant_record
microchip::atsamd51p19a-au,microchip::atsamd51p19a,Microchip,SAMD51,SAMD51,SAMD51,ATSAMD51P19A,ATSAMD51P19A-AU,-AU,,,,TQFP128,-40..85 °C,,unknown,microchip-atdf:SAMD51_DFP@3.9.276,https://packs.download.microchip.com/Microchip.SAMD51_DFP.3.9.276.pack,2026-08-12T09:31:18+00:00,manufacturer_device_database,atdf_variant_record
microchip::atsamd51p19a-az,microchip::atsamd51p19a,Microchip,SAMD51,SAMD51,SAMD51,ATSAMD51P19A,ATSAMD51P19A-AZ,-AZ,,,,TQFP128,-40..125 °C,,unknown,microchip-atdf:SAMD51_DFP@3.9.276,https://packs.download.microchip.com/Microchip.SAMD51_DFP.3.9.276.pack,2026-08-12T09:31:18+00:00,manufacturer_device_database,atdf_variant_record
microchip::atsamd51p19a-ctf,microchip::atsamd51p19a,Microchip,SAMD51,SAMD51,SAMD51,ATSAMD51P19A,ATSAMD51P19A-CTF,-CTF,,,,TFBGA120,-40..125 °C,,unknown,microchip-atdf:SAMD51_DFP@3.9.276,https://packs.download.microchip.com/Microchip.SAMD51_DFP.3.9.276.pack,2026-08-12T09:31:18+00:00,manufacturer_device_database,atdf_variant_record
microchip::atsamd51p19a-ctu,microchip::atsamd51p19a,Microchip,SAMD51,SAMD51,SAMD51,ATSAMD51P19A,ATSAMD51P19A-CTU,-CTU,,,,TFBGA120,-40..85 °C,,unknown,microchip-atdf:SAMD51_DFP@3.9.276,https://packs.download.microchip.com/Microchip.SAMD51_DFP.3.9.276.pack,2026-08-12T09:31:18+00:00,manufacturer_device_database,atdf_variant_record
microchip::atsamd51p19a-ctz,microchip::atsamd51p19a,Microchip,SAMD51,SAMD51,SAMD51,ATSAMD51P19A,ATSAMD51P19A-CTZ,-CTZ,,,,TFBGA120,-40..125 °C,,unknown,microchip-atdf:SAMD51_DFP@3.9.276,https://packs.download.microchip.com/Microchip.SAMD51_DFP.3.9.276.pack,2026-08-12T09:31:18+00:00,manufacturer_device_database,atdf_variant_record
microchip::atsamd51p20a-af,microchip::atsamd51p20a,Microchip,SAMD51,SAMD51,SAMD51,ATSAMD51P20A,ATSAMD51P20A-AF,-AF,,,,TQFP128,-40..125 °C,,unknown,microchip-atdf:SAMD51_DFP@3.9.276,https://packs.download.microchip.com/Microchip.SAMD51_DFP.3.9.276.pack,2026-08-12T09:31:18+00:00,manufacturer_device_database,atdf_variant_record
microchip::atsamd51p20a-au,microchip::atsamd51p20a,Microchip,SAMD51,SAMD51,SAMD51,ATSAMD51P20A,ATSAMD51P20A-AU,-AU,,,,TQFP128,-40..85 °C,,unknown,microchip-atdf:SAMD51_DFP@3.9.276,https://packs.download.microchip.com/Microchip.SAMD51_DFP.3.9.276.pack,2026-08-12T09:31:18+00:00,manufacturer_device_database,atdf_variant_record
microchip::atsamd51p20a-az,microchip::atsamd51p20a,Microchip,SAMD51,SAMD51,SAMD51,ATSAMD51P20A,ATSAMD51P20A-AZ,-AZ,,,,TQFP128,-40..125 °C,,unknown,microchip-atdf:SAMD51_DFP@3.9.276,https://packs.download.microchip.com/Microchip.SAMD51_DFP.3.9.276.pack,2026-08-12T09:31:18+00:00,manufacturer_device_database,atdf_variant_record
microchip::atsamd51p20a-ctf,microchip::atsamd51p20a,Microchip,SAMD51,SAMD51,SAMD51,ATSAMD51P20A,ATSAMD51P20A-CTF,-CTF,,,,TFBGA120,-40..125 °C,,unknown,microchip-atdf:SAMD51_DFP@3.9.276,https://packs.download.microchip.com/Microchip.SAMD51_DFP.3.9.276.pack,2026-08-12T09:31:18+00:00,manufacturer_device_database,atdf_variant_record
microchip::atsamd51p20a-ctu,microchip::atsamd51p20a,Microchip,SAMD51,SAMD51,SAMD51,ATSAMD51P20A,ATSAMD51P20A-CTU,-CTU,,,,TFBGA120,-40..85 °C,,unknown,microchip-atdf:SAMD51_DFP@3.9.276,https://packs.download.microchip.com/Microchip.SAMD51_DFP.3.9.276.pack,2026-08-12T09:31:18+00:00,manufacturer_device_database,atdf_variant_record
microchip::atsamd51p20a-ctz,microchip::atsamd51p20a,Microchip,SAMD51,SAMD51,SAMD51,ATSAMD51P20A,ATSAMD51P20A-CTZ,-CTZ,,,,TFBGA120,-40..125 °C,,unknown,microchip-atdf:SAMD51_DFP@3.9.276,https://packs.download.microchip.com/Microchip.SAMD51_DFP.3.9.276.pack,2026-08-12T09:31:18+00:00,manufacturer_device_database,atdf_variant_record
microchip::atsamda1e14b-ab,microchip::atsamda1e14b,Microchip,SAMDA1,SAMDA1,SAMDA1,ATSAMDA1E14B,ATSAMDA1E14B-AB,-AB,,,,TQFP32,-40..105 °C,,unknown,microchip-atdf:SAMDA1_DFP@2.8.196,https://packs.download.microchip.com/Microchip.SAMDA1_DFP.2.8.196.pack,2026-08-12T09:31:18+00:00,manufacturer_device_database,atdf_variant_record
microchip::atsamda1e14b-mb,microchip::atsamda1e14b,Microchip,SAMDA1,SAMDA1,SAMDA1,ATSAMDA1E14B,ATSAMDA1E14B-MB,-MB,,,,QFN32,-40..105 °C,,unknown,microchip-atdf:SAMDA1_DFP@2.8.196,https://packs.download.microchip.com/Microchip.SAMDA1_DFP.2.8.196.pack,2026-08-12T09:31:18+00:00,manufacturer_device_database,atdf_variant_record
microchip::atsamda1e15b-ab,microchip::atsamda1e15b,Microchip,SAMDA1,SAMDA1,SAMDA1,ATSAMDA1E15B,ATSAMDA1E15B-AB,-AB,,,,TQFP32,-40..105 °C,,unknown,microchip-atdf:SAMDA1_DFP@2.8.196,https://packs.download.microchip.com/Microchip.SAMDA1_DFP.2.8.196.pack,2026-08-12T09:31:18+00:00,manufacturer_device_database,atdf_variant_record
microchip::atsamda1e15b-mb,microchip::atsamda1e15b,Microchip,SAMDA1,SAMDA1,SAMDA1,ATSAMDA1E15B,ATSAMDA1E15B-MB,-MB,,,,QFN32,-40..105 °C,,unknown,microchip-atdf:SAMDA1_DFP@2.8.196,https://packs.download.microchip.com/Microchip.SAMDA1_DFP.2.8.196.pack,2026-08-12T09:31:18+00:00,manufacturer_device_database,atdf_variant_record
microchip::atsamda1e16b-ab,microchip::atsamda1e16b,Microchip,SAMDA1,SAMDA1,SAMDA1,ATSAMDA1E16B,ATSAMDA1E16B-AB,-AB,,,,TQFP32,-40..105 °C,,unknown,microchip-atdf:SAMDA1_DFP@2.8.196,https://packs.download.microchip.com/Microchip.SAMDA1_DFP.2.8.196.pack,2026-08-12T09:31:18+00:00,manufacturer_device_database,atdf_variant_record
microchip::atsamda1e16b-mb,microchip::atsamda1e16b,Microchip,SAMDA1,SAMDA1,SAMDA1,ATSAMDA1E16B,ATSAMDA1E16B-MB,-MB,,,,QFN32,-40..105 °C,,unknown,microchip-atdf:SAMDA1_DFP@2.8.196,https://packs.download.microchip.com/Microchip.SAMDA1_DFP.2.8.196.pack,2026-08-12T09:31:18+00:00,manufacturer_device_database,atdf_variant_record
microchip::atsamda1g14b-ab,microchip::atsamda1g14b,Microchip,SAMDA1,SAMDA1,SAMDA1,ATSAMDA1G14B,ATSAMDA1G14B-AB,-AB,,,,TQFP48,-40..105 °C,,unknown,microchip-atdf:SAMDA1_DFP@2.8.196,https://packs.download.microchip.com/Microchip.SAMDA1_DFP.2.8.196.pack,2026-08-12T09:31:18+00:00,manufacturer_device_database,atdf_variant_record
microchip::atsamda1g14b-mb,microchip::atsamda1g14b,Microchip,SAMDA1,SAMDA1,SAMDA1,ATSAMDA1G14B,ATSAMDA1G14B-MB,-MB,,,,QFN48,-40..105 °C,,unknown,microchip-atdf:SAMDA1_DFP@2.8.196,https://packs.download.microchip.com/Microchip.SAMDA1_DFP.2.8.196.pack,2026-08-12T09:31:18+00:00,manufacturer_device_database,atdf_variant_record
microchip::atsamda1g15b-ab,microchip::atsamda1g15b,Microchip,SAMDA1,SAMDA1,SAMDA1,ATSAMDA1G15B,ATSAMDA1G15B-AB,-AB,,,,TQFP48,-40..105 °C,,unknown,microchip-atdf:SAMDA1_DFP@2.8.196,https://packs.download.microchip.com/Microchip.SAMDA1_DFP.2.8.196.pack,2026-08-12T09:31:18+00:00,manufacturer_device_database,atdf_variant_record
microchip::atsamda1g15b-mb,microchip::atsamda1g15b,Microchip,SAMDA1,SAMDA1,SAMDA1,ATSAMDA1G15B,ATSAMDA1G15B-MB,-MB,,,,QFN48,-40..105 °C,,unknown,microchip-atdf:SAMDA1_DFP@2.8.196,https://packs.download.microchip.com/Microchip.SAMDA1_DFP.2.8.196.pack,2026-08-12T09:31:18+00:00,manufacturer_device_database,atdf_variant_record
microchip::atsamda1g16b-ab,microchip::atsamda1g16b,Microchip,SAMDA1,SAMDA1,SAMDA1,ATSAMDA1G16B,ATSAMDA1G16B-AB,-AB,,,,TQFP48,-40..105 °C,,unknown,microchip-atdf:SAMDA1_DFP@2.8.196,https://packs.download.microchip.com/Microchip.SAMDA1_DFP.2.8.196.pack,2026-08-12T09:31:18+00:00,manufacturer_device_database,atdf_variant_record
microchip::atsamda1g16b-mb,microchip::atsamda1g16b,Microchip,SAMDA1,SAMDA1,SAMDA1,ATSAMDA1G16B,ATSAMDA1G16B-MB,-MB,,,,QFN48,-40..105 °C,,unknown,microchip-atdf:SAMDA1_DFP@2.8.196,https://packs.download.microchip.com/Microchip.SAMDA1_DFP.2.8.196.pack,2026-08-12T09:31:18+00:00,manufacturer_device_database,atdf_variant_record
microchip::atsamda1j14b-ab,microchip::atsamda1j14b,Microchip,SAMDA1,SAMDA1,SAMDA1,ATSAMDA1J14B,ATSAMDA1J14B-AB,-AB,,,,TQFP64,-40..105 °C,,unknown,microchip-atdf:SAMDA1_DFP@2.8.196,https://packs.download.microchip.com/Microchip.SAMDA1_DFP.2.8.196.pack,2026-08-12T09:31:18+00:00,manufacturer_device_database,atdf_variant_record
microchip::atsamda1j14b-mb,microchip::atsamda1j14b,Microchip,SAMDA1,SAMDA1,SAMDA1,ATSAMDA1J14B,ATSAMDA1J14B-MB,-MB,,,,QFN64,-40..105 °C,,unknown,microchip-atdf:SAMDA1_DFP@2.8.196,https://packs.download.microchip.com/Microchip.SAMDA1_DFP.2.8.196.pack,2026-08-12T09:31:18+00:00,manufacturer_device_database,atdf_variant_record
microchip::atsamda1j15b-ab,microchip::atsamda1j15b,Microchip,SAMDA1,SAMDA1,SAMDA1,ATSAMDA1J15B,ATSAMDA1J15B-AB,-AB,,,,TQFP64,-40..105 °C,,unknown,microchip-atdf:SAMDA1_DFP@2.8.196,https://packs.download.microchip.com/Microchip.SAMDA1_DFP.2.8.196.pack,2026-08-12T09:31:18+00:00,manufacturer_device_database,atdf_variant_record
microchip::atsamda1j15b-mb,microchip::atsamda1j15b,Microchip,SAMDA1,SAMDA1,SAMDA1,ATSAMDA1J15B,ATSAMDA1J15B-MB,-MB,,,,QFN64,-40..105 °C,,unknown,microchip-atdf:SAMDA1_DFP@2.8.196,https://packs.download.microchip.com/Microchip.SAMDA1_DFP.2.8.196.pack,2026-08-12T09:31:18+00:00,manufacturer_device_database,atdf_variant_record
microchip::atsamda1j16b-ab,microchip::atsamda1j16b,Microchip,SAMDA1,SAMDA1,SAMDA1,ATSAMDA1J16B,ATSAMDA1J16B-AB,-AB,,,,TQFP64,-40..105 °C,,unknown,microchip-atdf:SAMDA1_DFP@2.8.196,https://packs.download.microchip.com/Microchip.SAMDA1_DFP.2.8.196.pack,2026-08-12T09:31:18+00:00,manufacturer_device_database,atdf_variant_record
microchip::atsamda1j16b-mb,microchip::atsamda1j16b,Microchip,SAMDA1,SAMDA1,SAMDA1,ATSAMDA1J16B,ATSAMDA1J16B-MB,-MB,,,,QFN64,-40..105 °C,,unknown,microchip-atdf:SAMDA1_DFP@2.8.196,https://packs.download.microchip.com/Microchip.SAMDA1_DFP.2.8.196.pack,2026-08-12T09:31:18+00:00,manufacturer_device_database,atdf_variant_record
microchip::atsame51g18a-mf,microchip::atsame51g18a,Microchip,SAME51,SAME51,SAME51,ATSAME51G18A,ATSAME51G18A-MF,-MF,,,,QFN48,-40..125 °C,,unknown,microchip-atdf:SAME51_DFP@3.9.267,https://packs.download.microchip.com/Microchip.SAME51_DFP.3.9.267.pack,2026-08-12T09:31:18+00:00,manufacturer_device_database,atdf_variant_record
microchip::atsame51g18a-mu,microchip::atsame51g18a,Microchip,SAME51,SAME51,SAME51,ATSAME51G18A,ATSAME51G18A-MU,-MU,,,,QFN48,-40..85 °C,,unknown,microchip-atdf:SAME51_DFP@3.9.267,https://packs.download.microchip.com/Microchip.SAME51_DFP.3.9.267.pack,2026-08-12T09:31:18+00:00,manufacturer_device_database,atdf_variant_record
microchip::atsame51g18a-mz,microchip::atsame51g18a,Microchip,SAME51,SAME51,SAME51,ATSAME51G18A,ATSAME51G18A-MZ,-MZ,,,,QFN48,-40..125 °C,,unknown,microchip-atdf:SAME51_DFP@3.9.267,https://packs.download.microchip.com/Microchip.SAME51_DFP.3.9.267.pack,2026-08-12T09:31:18+00:00,manufacturer_device_database,atdf_variant_record
microchip::atsame51g19a-mf,microchip::atsame51g19a,Microchip,SAME51,SAME51,SAME51,ATSAME51G19A,ATSAME51G19A-MF,-MF,,,,QFN48,-40..125 °C,,unknown,microchip-atdf:SAME51_DFP@3.9.267,https://packs.download.microchip.com/Microchip.SAME51_DFP.3.9.267.pack,2026-08-12T09:31:18+00:00,manufacturer_device_database,atdf_variant_record
microchip::atsame51g19a-mu,microchip::atsame51g19a,Microchip,SAME51,SAME51,SAME51,ATSAME51G19A,ATSAME51G19A-MU,-MU,,,,QFN48,-40..85 °C,,unknown,microchip-atdf:SAME51_DFP@3.9.267,https://packs.download.microchip.com/Microchip.SAME51_DFP.3.9.267.pack,2026-08-12T09:31:18+00:00,manufacturer_device_database,atdf_variant_record
microchip::atsame51g19a-mz,microchip::atsame51g19a,Microchip,SAME51,SAME51,SAME51,ATSAME51G19A,ATSAME51G19A-MZ,-MZ,,,,QFN48,-40..125 °C,,unknown,microchip-atdf:SAME51_DFP@3.9.267,https://packs.download.microchip.com/Microchip.SAME51_DFP.3.9.267.pack,2026-08-12T09:31:18+00:00,manufacturer_device_database,atdf_variant_record
microchip::atsame51j18a-af,microchip::atsame51j18a,Microchip,SAME51,SAME51,SAME51,ATSAME51J18A,ATSAME51J18A-AF,-AF,,,,TQFP64,-40..125 °C,,unknown,microchip-atdf:SAME51_DFP@3.9.267,https://packs.download.microchip.com/Microchip.SAME51_DFP.3.9.267.pack,2026-08-12T09:31:18+00:00,manufacturer_device_database,atdf_variant_record
microchip::atsame51j18a-au,microchip::atsame51j18a,Microchip,SAME51,SAME51,SAME51,ATSAME51J18A,ATSAME51J18A-AU,-AU,,,,TQFP64,-40..85 °C,,unknown,microchip-atdf:SAME51_DFP@3.9.267,https://packs.download.microchip.com/Microchip.SAME51_DFP.3.9.267.pack,2026-08-12T09:31:18+00:00,manufacturer_device_database,atdf_variant_record
microchip::atsame51j18a-az,microchip::atsame51j18a,Microchip,SAME51,SAME51,SAME51,ATSAME51J18A,ATSAME51J18A-AZ,-AZ,,,,TQFP64,-40..125 °C,,unknown,microchip-atdf:SAME51_DFP@3.9.267,https://packs.download.microchip.com/Microchip.SAME51_DFP.3.9.267.pack,2026-08-12T09:31:18+00:00,manufacturer_device_database,atdf_variant_record
microchip::atsame51j18a-mf,microchip::atsame51j18a,Microchip,SAME51,SAME51,SAME51,ATSAME51J18A,ATSAME51J18A-MF,-MF,,,,QFN64,-40..125 °C,,unknown,microchip-atdf:SAME51_DFP@3.9.267,https://packs.download.microchip.com/Microchip.SAME51_DFP.3.9.267.pack,2026-08-12T09:31:18+00:00,manufacturer_device_database,atdf_variant_record
microchip::atsame51j18a-mu,microchip::atsame51j18a,Microchip,SAME51,SAME51,SAME51,ATSAME51J18A,ATSAME51J18A-MU,-MU,,,,QFN64,-40..85 °C,,unknown,microchip-atdf:SAME51_DFP@3.9.267,https://packs.download.microchip.com/Microchip.SAME51_DFP.3.9.267.pack,2026-08-12T09:31:18+00:00,manufacturer_device_database,atdf_variant_record
microchip::atsame51j18a-mz,microchip::atsame51j18a,Microchip,SAME51,SAME51,SAME51,ATSAME51J18A,ATSAME51J18A-MZ,-MZ,,,,QFN64,-40..125 °C,,unknown,microchip-atdf:SAME51_DFP@3.9.267,https://packs.download.microchip.com/Microchip.SAME51_DFP.3.9.267.pack,2026-08-12T09:31:18+00:00,manufacturer_device_database,atdf_variant_record
microchip::atsame51j19a-af,microchip::atsame51j19a,Microchip,SAME51,SAME51,SAME51,ATSAME51J19A,ATSAME51J19A-AF,-AF,,,,TQFP64,-40..125 °C,,unknown,microchip-atdf:SAME51_DFP@3.9.267,https://packs.download.microchip.com/Microchip.SAME51_DFP.3.9.267.pack,2026-08-12T09:31:18+00:00,manufacturer_device_database,atdf_variant_record
microchip::atsame51j19a-au,microchip::atsame51j19a,Microchip,SAME51,SAME51,SAME51,ATSAME51J19A,ATSAME51J19A-AU,-AU,,,,TQFP64,-40..85 °C,,unknown,microchip-atdf:SAME51_DFP@3.9.267,https://packs.download.microchip.com/Microchip.SAME51_DFP.3.9.267.pack,2026-08-12T09:31:18+00:00,manufacturer_device_database,atdf_variant_record
microchip::atsame51j19a-az,microchip::atsame51j19a,Microchip,SAME51,SAME51,SAME51,ATSAME51J19A,ATSAME51J19A-AZ,-AZ,,,,TQFP64,-40..125 °C,,unknown,microchip-atdf:SAME51_DFP@3.9.267,https://packs.download.microchip.com/Microchip.SAME51_DFP.3.9.267.pack,2026-08-12T09:31:18+00:00,manufacturer_device_database,atdf_variant_record
microchip::atsame51j19a-mf,microchip::atsame51j19a,Microchip,SAME51,SAME51,SAME51,ATSAME51J19A,ATSAME51J19A-MF,-MF,,,,QFN64,-40..125 °C,,unknown,microchip-atdf:SAME51_DFP@3.9.267,https://packs.download.microchip.com/Microchip.SAME51_DFP.3.9.267.pack,2026-08-12T09:31:18+00:00,manufacturer_device_database,atdf_variant_record
microchip::atsame51j19a-mu,microchip::atsame51j19a,Microchip,SAME51,SAME51,SAME51,ATSAME51J19A,ATSAME51J19A-MU,-MU,,,,QFN64,-40..85 °C,,unknown,microchip-atdf:SAME51_DFP@3.9.267,https://packs.download.microchip.com/Microchip.SAME51_DFP.3.9.267.pack,2026-08-12T09:31:18+00:00,manufacturer_device_database,atdf_variant_record
microchip::atsame51j19a-mz,microchip::atsame51j19a,Microchip,SAME51,SAME51,SAME51,ATSAME51J19A,ATSAME51J19A-MZ,-MZ,,,,QFN64,-40..125 °C,,unknown,microchip-atdf:SAME51_DFP@3.9.267,https://packs.download.microchip.com/Microchip.SAME51_DFP.3.9.267.pack,2026-08-12T09:31:18+00:00,manufacturer_device_database,atdf_variant_record
microchip::atsame51j20a-af,microchip::atsame51j20a,Microchip,SAME51,SAME51,SAME51,ATSAME51J20A,ATSAME51J20A-AF,-AF,,,,TQFP64,-40..125 °C,,unknown,microchip-atdf:SAME51_DFP@3.9.267,https://packs.download.microchip.com/Microchip.SAME51_DFP.3.9.267.pack,2026-08-12T09:31:18+00:00,manufacturer_device_database,atdf_variant_record
microchip::atsame51j20a-au,microchip::atsame51j20a,Microchip,SAME51,SAME51,SAME51,ATSAME51J20A,ATSAME51J20A-AU,-AU,,,,TQFP64,-40..85 °C,,unknown,microchip-atdf:SAME51_DFP@3.9.267,https://packs.download.microchip.com/Microchip.SAME51_DFP.3.9.267.pack,2026-08-12T09:31:18+00:00,manufacturer_device_database,atdf_variant_record
microchip::atsame51j20a-az,microchip::atsame51j20a,Microchip,SAME51,SAME51,SAME51,ATSAME51J20A,ATSAME51J20A-AZ,-AZ,,,,TQFP64,-40..125 °C,,unknown,microchip-atdf:SAME51_DFP@3.9.267,https://packs.download.microchip.com/Microchip.SAME51_DFP.3.9.267.pack,2026-08-12T09:31:18+00:00,manufacturer_device_database,atdf_variant_record
microchip::atsame51j20a-mf,microchip::atsame51j20a,Microchip,SAME51,SAME51,SAME51,ATSAME51J20A,ATSAME51J20A-MF,-MF,,,,QFN64,-40..125 °C,,unknown,microchip-atdf:SAME51_DFP@3.9.267,https://packs.download.microchip.com/Microchip.SAME51_DFP.3.9.267.pack,2026-08-12T09:31:18+00:00,manufacturer_device_database,atdf_variant_record
microchip::atsame51j20a-mu,microchip::atsame51j20a,Microchip,SAME51,SAME51,SAME51,ATSAME51J20A,ATSAME51J20A-MU,-MU,,,,QFN64,-40..85 °C,,unknown,microchip-atdf:SAME51_DFP@3.9.267,https://packs.download.microchip.com/Microchip.SAME51_DFP.3.9.267.pack,2026-08-12T09:31:18+00:00,manufacturer_device_database,atdf_variant_record
microchip::atsame51j20a-mz,microchip::atsame51j20a,Microchip,SAME51,SAME51,SAME51,ATSAME51J20A,ATSAME51J20A-MZ,-MZ,,,,QFN64,-40..125 °C,,unknown,microchip-atdf:SAME51_DFP@3.9.267,https://packs.download.microchip.com/Microchip.SAME51_DFP.3.9.267.pack,2026-08-12T09:31:18+00:00,manufacturer_device_database,atdf_variant_record
microchip::atsame51n19a-af,microchip::atsame51n19a,Microchip,SAME51,SAME51,SAME51,ATSAME51N19A,ATSAME51N19A-AF,-AF,,,,TQFP100,-40..125 °C,,unknown,microchip-atdf:SAME51_DFP@3.9.267,https://packs.download.microchip.com/Microchip.SAME51_DFP.3.9.267.pack,2026-08-12T09:31:18+00:00,manufacturer_device_database,atdf_variant_record
microchip::atsame51n19a-au,microchip::atsame51n19a,Microchip,SAME51,SAME51,SAME51,ATSAME51N19A,ATSAME51N19A-AU,-AU,,,,TQFP100,-40..85 °C,,unknown,microchip-atdf:SAME51_DFP@3.9.267,https://packs.download.microchip.com/Microchip.SAME51_DFP.3.9.267.pack,2026-08-12T09:31:18+00:00,manufacturer_device_database,atdf_variant_record
microchip::atsame51n19a-az,microchip::atsame51n19a,Microchip,SAME51,SAME51,SAME51,ATSAME51N19A,ATSAME51N19A-AZ,-AZ,,,,TQFP100,-40..125 °C,,unknown,microchip-atdf:SAME51_DFP@3.9.267,https://packs.download.microchip.com/Microchip.SAME51_DFP.3.9.267.pack,2026-08-12T09:31:18+00:00,manufacturer_device_database,atdf_variant_record
microchip::atsame51n20a-af,microchip::atsame51n20a,Microchip,SAME51,SAME51,SAME51,ATSAME51N20A,ATSAME51N20A-AF,-AF,,,,TQFP100,-40..125 °C,,unknown,microchip-atdf:SAME51_DFP@3.9.267,https://packs.download.microchip.com/Microchip.SAME51_DFP.3.9.267.pack,2026-08-12T09:31:18+00:00,manufacturer_device_database,atdf_variant_record
microchip::atsame51n20a-au,microchip::atsame51n20a,Microchip,SAME51,SAME51,SAME51,ATSAME51N20A,ATSAME51N20A-AU,-AU,,,,TQFP100,-40..85 °C,,unknown,microchip-atdf:SAME51_DFP@3.9.267,https://packs.download.microchip.com/Microchip.SAME51_DFP.3.9.267.pack,2026-08-12T09:31:18+00:00,manufacturer_device_database,atdf_variant_record
microchip::atsame51n20a-az,microchip::atsame51n20a,Microchip,SAME51,SAME51,SAME51,ATSAME51N20A,ATSAME51N20A-AZ,-AZ,,,,TQFP100,-40..125 °C,,unknown,microchip-atdf:SAME51_DFP@3.9.267,https://packs.download.microchip.com/Microchip.SAME51_DFP.3.9.267.pack,2026-08-12T09:31:18+00:00,manufacturer_device_database,atdf_variant_record
microchip::atsame53j18a-af,microchip::atsame53j18a,Microchip,SAME53,SAME53,SAME53,ATSAME53J18A,ATSAME53J18A-AF,-AF,,,,TQFP64,-40..125 °C,,unknown,microchip-atdf:SAME53_DFP@3.10.248,https://packs.download.microchip.com/Microchip.SAME53_DFP.3.10.248.pack,2026-08-12T09:31:18+00:00,manufacturer_device_database,atdf_variant_record
microchip::atsame53j18a-au,microchip::atsame53j18a,Microchip,SAME53,SAME53,SAME53,ATSAME53J18A,ATSAME53J18A-AU,-AU,,,,TQFP64,-40..85 °C,,unknown,microchip-atdf:SAME53_DFP@3.10.248,https://packs.download.microchip.com/Microchip.SAME53_DFP.3.10.248.pack,2026-08-12T09:31:18+00:00,manufacturer_device_database,atdf_variant_record
microchip::atsame53j18a-az,microchip::atsame53j18a,Microchip,SAME53,SAME53,SAME53,ATSAME53J18A,ATSAME53J18A-AZ,-AZ,,,,TQFP64,-40..125 °C,,unknown,microchip-atdf:SAME53_DFP@3.10.248,https://packs.download.microchip.com/Microchip.SAME53_DFP.3.10.248.pack,2026-08-12T09:31:18+00:00,manufacturer_device_database,atdf_variant_record
microchip::atsame53j18a-mf,microchip::atsame53j18a,Microchip,SAME53,SAME53,SAME53,ATSAME53J18A,ATSAME53J18A-MF,-MF,,,,QFN64,-40..125 °C,,unknown,microchip-atdf:SAME53_DFP@3.10.248,https://packs.download.microchip.com/Microchip.SAME53_DFP.3.10.248.pack,2026-08-12T09:31:18+00:00,manufacturer_device_database,atdf_variant_record
microchip::atsame53j18a-mu,microchip::atsame53j18a,Microchip,SAME53,SAME53,SAME53,ATSAME53J18A,ATSAME53J18A-MU,-MU,,,,QFN64,-40..85 °C,,unknown,microchip-atdf:SAME53_DFP@3.10.248,https://packs.download.microchip.com/Microchip.SAME53_DFP.3.10.248.pack,2026-08-12T09:31:18+00:00,manufacturer_device_database,atdf_variant_record
microchip::atsame53j18a-mz,microchip::atsame53j18a,Microchip,SAME53,SAME53,SAME53,ATSAME53J18A,ATSAME53J18A-MZ,-MZ,,,,QFN64,-40..125 °C,,unknown,microchip-atdf:SAME53_DFP@3.10.248,https://packs.download.microchip.com/Microchip.SAME53_DFP.3.10.248.pack,2026-08-12T09:31:18+00:00,manufacturer_device_database,atdf_variant_record
microchip::atsame53j19a-af,microchip::atsame53j19a,Microchip,SAME53,SAME53,SAME53,ATSAME53J19A,ATSAME53J19A-AF,-AF,,,,TQFP64,-40..125 °C,,unknown,microchip-atdf:SAME53_DFP@3.10.248,https://packs.download.microchip.com/Microchip.SAME53_DFP.3.10.248.pack,2026-08-12T09:31:18+00:00,manufacturer_device_database,atdf_variant_record
microchip::atsame53j19a-au,microchip::atsame53j19a,Microchip,SAME53,SAME53,SAME53,ATSAME53J19A,ATSAME53J19A-AU,-AU,,,,TQFP64,-40..85 °C,,unknown,microchip-atdf:SAME53_DFP@3.10.248,https://packs.download.microchip.com/Microchip.SAME53_DFP.3.10.248.pack,2026-08-12T09:31:18+00:00,manufacturer_device_database,atdf_variant_record
microchip::atsame53j19a-az,microchip::atsame53j19a,Microchip,SAME53,SAME53,SAME53,ATSAME53J19A,ATSAME53J19A-AZ,-AZ,,,,TQFP64,-40..125 °C,,unknown,microchip-atdf:SAME53_DFP@3.10.248,https://packs.download.microchip.com/Microchip.SAME53_DFP.3.10.248.pack,2026-08-12T09:31:18+00:00,manufacturer_device_database,atdf_variant_record
microchip::atsame53j19a-mf,microchip::atsame53j19a,Microchip,SAME53,SAME53,SAME53,ATSAME53J19A,ATSAME53J19A-MF,-MF,,,,QFN64,-40..125 °C,,unknown,microchip-atdf:SAME53_DFP@3.10.248,https://packs.download.microchip.com/Microchip.SAME53_DFP.3.10.248.pack,2026-08-12T09:31:18+00:00,manufacturer_device_database,atdf_variant_record
microchip::atsame53j19a-mu,microchip::atsame53j19a,Microchip,SAME53,SAME53,SAME53,ATSAME53J19A,ATSAME53J19A-MU,-MU,,,,QFN64,-40..85 °C,,unknown,microchip-atdf:SAME53_DFP@3.10.248,https://packs.download.microchip.com/Microchip.SAME53_DFP.3.10.248.pack,2026-08-12T09:31:18+00:00,manufacturer_device_database,atdf_variant_record
microchip::atsame53j19a-mz,microchip::atsame53j19a,Microchip,SAME53,SAME53,SAME53,ATSAME53J19A,ATSAME53J19A-MZ,-MZ,,,,QFN64,-40..125 °C,,unknown,microchip-atdf:SAME53_DFP@3.10.248,https://packs.download.microchip.com/Microchip.SAME53_DFP.3.10.248.pack,2026-08-12T09:31:18+00:00,manufacturer_device_database,atdf_variant_record
microchip::atsame53j20a-af,microchip::atsame53j20a,Microchip,SAME53,SAME53,SAME53,ATSAME53J20A,ATSAME53J20A-AF,-AF,,,,TQFP64,-40..125 °C,,unknown,microchip-atdf:SAME53_DFP@3.10.248,https://packs.download.microchip.com/Microchip.SAME53_DFP.3.10.248.pack,2026-08-12T09:31:18+00:00,manufacturer_device_database,atdf_variant_record
microchip::atsame53j20a-au,microchip::atsame53j20a,Microchip,SAME53,SAME53,SAME53,ATSAME53J20A,ATSAME53J20A-AU,-AU,,,,TQFP64,-40..85 °C,,unknown,microchip-atdf:SAME53_DFP@3.10.248,https://packs.download.microchip.com/Microchip.SAME53_DFP.3.10.248.pack,2026-08-12T09:31:18+00:00,manufacturer_device_database,atdf_variant_record
microchip::atsame53j20a-az,microchip::atsame53j20a,Microchip,SAME53,SAME53,SAME53,ATSAME53J20A,ATSAME53J20A-AZ,-AZ,,,,TQFP64,-40..125 °C,,unknown,microchip-atdf:SAME53_DFP@3.10.248,https://packs.download.microchip.com/Microchip.SAME53_DFP.3.10.248.pack,2026-08-12T09:31:18+00:00,manufacturer_device_database,atdf_variant_record
microchip::atsame53j20a-mf,microchip::atsame53j20a,Microchip,SAME53,SAME53,SAME53,ATSAME53J20A,ATSAME53J20A-MF,-MF,,,,QFN64,-40..125 °C,,unknown,microchip-atdf:SAME53_DFP@3.10.248,https://packs.download.microchip.com/Microchip.SAME53_DFP.3.10.248.pack,2026-08-12T09:31:18+00:00,manufacturer_device_database,atdf_variant_record
microchip::atsame53j20a-mu,microchip::atsame53j20a,Microchip,SAME53,SAME53,SAME53,ATSAME53J20A,ATSAME53J20A-MU,-MU,,,,QFN64,-40..85 °C,,unknown,microchip-atdf:SAME53_DFP@3.10.248,https://packs.download.microchip.com/Microchip.SAME53_DFP.3.10.248.pack,2026-08-12T09:31:18+00:00,manufacturer_device_database,atdf_variant_record
microchip::atsame53j20a-mz,microchip::atsame53j20a,Microchip,SAME53,SAME53,SAME53,ATSAME53J20A,ATSAME53J20A-MZ,-MZ,,,,QFN64,-40..125 °C,,unknown,microchip-atdf:SAME53_DFP@3.10.248,https://packs.download.microchip.com/Microchip.SAME53_DFP.3.10.248.pack,2026-08-12T09:31:18+00:00,manufacturer_device_database,atdf_variant_record
microchip::atsame53n19a-af,microchip::atsame53n19a,Microchip,SAME53,SAME53,SAME53,ATSAME53N19A,ATSAME53N19A-AF,-AF,,,,TQFP100,-40..125 °C,,unknown,microchip-atdf:SAME53_DFP@3.10.248,https://packs.download.microchip.com/Microchip.SAME53_DFP.3.10.248.pack,2026-08-12T09:31:18+00:00,manufacturer_device_database,atdf_variant_record
microchip::atsame53n19a-au,microchip::atsame53n19a,Microchip,SAME53,SAME53,SAME53,ATSAME53N19A,ATSAME53N19A-AU,-AU,,,,TQFP100,-40..85 °C,,unknown,microchip-atdf:SAME53_DFP@3.10.248,https://packs.download.microchip.com/Microchip.SAME53_DFP.3.10.248.pack,2026-08-12T09:31:18+00:00,manufacturer_device_database,atdf_variant_record
microchip::atsame53n19a-az,microchip::atsame53n19a,Microchip,SAME53,SAME53,SAME53,ATSAME53N19A,ATSAME53N19A-AZ,-AZ,,,,TQFP100,-40..125 °C,,unknown,microchip-atdf:SAME53_DFP@3.10.248,https://packs.download.microchip.com/Microchip.SAME53_DFP.3.10.248.pack,2026-08-12T09:31:18+00:00,manufacturer_device_database,atdf_variant_record
microchip::atsame53n20a-af,microchip::atsame53n20a,Microchip,SAME53,SAME53,SAME53,ATSAME53N20A,ATSAME53N20A-AF,-AF,,,,TQFP100,-40..125 °C,,unknown,microchip-atdf:SAME53_DFP@3.10.248,https://packs.download.microchip.com/Microchip.SAME53_DFP.3.10.248.pack,2026-08-12T09:31:18+00:00,manufacturer_device_database,atdf_variant_record
microchip::atsame53n20a-au,microchip::atsame53n20a,Microchip,SAME53,SAME53,SAME53,ATSAME53N20A,ATSAME53N20A-AU,-AU,,,,TQFP100,-40..85 °C,,unknown,microchip-atdf:SAME53_DFP@3.10.248,https://packs.download.microchip.com/Microchip.SAME53_DFP.3.10.248.pack,2026-08-12T09:31:18+00:00,manufacturer_device_database,atdf_variant_record
microchip::atsame53n20a-az,microchip::atsame53n20a,Microchip,SAME53,SAME53,SAME53,ATSAME53N20A,ATSAME53N20A-AZ,-AZ,,,,TQFP100,-40..125 °C,,unknown,microchip-atdf:SAME53_DFP@3.10.248,https://packs.download.microchip.com/Microchip.SAME53_DFP.3.10.248.pack,2026-08-12T09:31:18+00:00,manufacturer_device_database,atdf_variant_record
microchip::atsame54n19a-af,microchip::atsame54n19a,Microchip,SAME54,SAME54,SAME54,ATSAME54N19A,ATSAME54N19A-AF,-AF,,,,TQFP100,-40..125 °C,,unknown,microchip-atdf:SAME54_DFP@3.11.261,https://packs.download.microchip.com/Microchip.SAME54_DFP.3.11.261.pack,2026-08-12T09:31:18+00:00,manufacturer_device_database,atdf_variant_record
microchip::atsame54n19a-au,microchip::atsame54n19a,Microchip,SAME54,SAME54,SAME54,ATSAME54N19A,ATSAME54N19A-AU,-AU,,,,TQFP100,-40..85 °C,,unknown,microchip-atdf:SAME54_DFP@3.11.261,https://packs.download.microchip.com/Microchip.SAME54_DFP.3.11.261.pack,2026-08-12T09:31:18+00:00,manufacturer_device_database,atdf_variant_record
microchip::atsame54n19a-az,microchip::atsame54n19a,Microchip,SAME54,SAME54,SAME54,ATSAME54N19A,ATSAME54N19A-AZ,-AZ,,,,TQFP100,-40..125 °C,,unknown,microchip-atdf:SAME54_DFP@3.11.261,https://packs.download.microchip.com/Microchip.SAME54_DFP.3.11.261.pack,2026-08-12T09:31:18+00:00,manufacturer_device_database,atdf_variant_record
microchip::atsame54n20a-af,microchip::atsame54n20a,Microchip,SAME54,SAME54,SAME54,ATSAME54N20A,ATSAME54N20A-AF,-AF,,,,TQFP100,-40..125 °C,,unknown,microchip-atdf:SAME54_DFP@3.11.261,https://packs.download.microchip.com/Microchip.SAME54_DFP.3.11.261.pack,2026-08-12T09:31:18+00:00,manufacturer_device_database,atdf_variant_record
microchip::atsame54n20a-au,microchip::atsame54n20a,Microchip,SAME54,SAME54,SAME54,ATSAME54N20A,ATSAME54N20A-AU,-AU,,,,TQFP100,-40..85 °C,,unknown,microchip-atdf:SAME54_DFP@3.11.261,https://packs.download.microchip.com/Microchip.SAME54_DFP.3.11.261.pack,2026-08-12T09:31:18+00:00,manufacturer_device_database,atdf_variant_record
microchip::atsame54n20a-az,microchip::atsame54n20a,Microchip,SAME54,SAME54,SAME54,ATSAME54N20A,ATSAME54N20A-AZ,-AZ,,,,TQFP100,-40..125 °C,,unknown,microchip-atdf:SAME54_DFP@3.11.261,https://packs.download.microchip.com/Microchip.SAME54_DFP.3.11.261.pack,2026-08-12T09:31:18+00:00,manufacturer_device_database,atdf_variant_record
microchip::atsame54p19a-af,microchip::atsame54p19a,Microchip,SAME54,SAME54,SAME54,ATSAME54P19A,ATSAME54P19A-AF,-AF,,,,TQFP128,-40..125 °C,,unknown,microchip-atdf:SAME54_DFP@3.11.261,https://packs.download.microchip.com/Microchip.SAME54_DFP.3.11.261.pack,2026-08-12T09:31:18+00:00,manufacturer_device_database,atdf_variant_record
microchip::atsame54p19a-au,microchip::atsame54p19a,Microchip,SAME54,SAME54,SAME54,ATSAME54P19A,ATSAME54P19A-AU,-AU,,,,TQFP128,-40..85 °C,,unknown,microchip-atdf:SAME54_DFP@3.11.261,https://packs.download.microchip.com/Microchip.SAME54_DFP.3.11.261.pack,2026-08-12T09:31:18+00:00,manufacturer_device_database,atdf_variant_record
microchip::atsame54p19a-az,microchip::atsame54p19a,Microchip,SAME54,SAME54,SAME54,ATSAME54P19A,ATSAME54P19A-AZ,-AZ,,,,TQFP128,-40..125 °C,,unknown,microchip-atdf:SAME54_DFP@3.11.261,https://packs.download.microchip.com/Microchip.SAME54_DFP.3.11.261.pack,2026-08-12T09:31:18+00:00,manufacturer_device_database,atdf_variant_record
microchip::atsame54p19a-ctf,microchip::atsame54p19a,Microchip,SAME54,SAME54,SAME54,ATSAME54P19A,ATSAME54P19A-CTF,-CTF,,,,TFBGA120,-40..125 °C,,unknown,microchip-atdf:SAME54_DFP@3.11.261,https://packs.download.microchip.com/Microchip.SAME54_DFP.3.11.261.pack,2026-08-12T09:31:18+00:00,manufacturer_device_database,atdf_variant_record
microchip::atsame54p19a-ctu,microchip::atsame54p19a,Microchip,SAME54,SAME54,SAME54,ATSAME54P19A,ATSAME54P19A-CTU,-CTU,,,,TFBGA120,-40..85 °C,,unknown,microchip-atdf:SAME54_DFP@3.11.261,https://packs.download.microchip.com/Microchip.SAME54_DFP.3.11.261.pack,2026-08-12T09:31:18+00:00,manufacturer_device_database,atdf_variant_record
microchip::atsame54p19a-ctz,microchip::atsame54p19a,Microchip,SAME54,SAME54,SAME54,ATSAME54P19A,ATSAME54P19A-CTZ,-CTZ,,,,TFBGA120,-40..125 °C,,unknown,microchip-atdf:SAME54_DFP@3.11.261,https://packs.download.microchip.com/Microchip.SAME54_DFP.3.11.261.pack,2026-08-12T09:31:18+00:00,manufacturer_device_database,atdf_variant_record
microchip::atsame54p20a-af,microchip::atsame54p20a,Microchip,SAME54,SAME54,SAME54,ATSAME54P20A,ATSAME54P20A-AF,-AF,,,,TQFP128,-40..125 °C,,unknown,microchip-atdf:SAME54_DFP@3.11.261,https://packs.download.microchip.com/Microchip.SAME54_DFP.3.11.261.pack,2026-08-12T09:31:18+00:00,manufacturer_device_database,atdf_variant_record
microchip::atsame54p20a-au,microchip::atsame54p20a,Microchip,SAME54,SAME54,SAME54,ATSAME54P20A,ATSAME54P20A-AU,-AU,,,,TQFP128,-40..85 °C,,unknown,microchip-atdf:SAME54_DFP@3.11.261,https://packs.download.microchip.com/Microchip.SAME54_DFP.3.11.261.pack,2026-08-12T09:31:18+00:00,manufacturer_device_database,atdf_variant_record
microchip::atsame54p20a-az,microchip::atsame54p20a,Microchip,SAME54,SAME54,SAME54,ATSAME54P20A,ATSAME54P20A-AZ,-AZ,,,,TQFP128,-40..125 °C,,unknown,microchip-atdf:SAME54_DFP@3.11.261,https://packs.download.microchip.com/Microchip.SAME54_DFP.3.11.261.pack,2026-08-12T09:31:18+00:00,manufacturer_device_database,atdf_variant_record
microchip::atsame54p20a-ctf,microchip::atsame54p20a,Microchip,SAME54,SAME54,SAME54,ATSAME54P20A,ATSAME54P20A-CTF,-CTF,,,,TFBGA120,-40..125 °C,,unknown,microchip-atdf:SAME54_DFP@3.11.261,https://packs.download.microchip.com/Microchip.SAME54_DFP.3.11.261.pack,2026-08-12T09:31:18+00:00,manufacturer_device_database,atdf_variant_record
microchip::atsame54p20a-ctu,microchip::atsame54p20a,Microchip,SAME54,SAME54,SAME54,ATSAME54P20A,ATSAME54P20A-CTU,-CTU,,,,TFBGA120,-40..85 °C,,unknown,microchip-atdf:SAME54_DFP@3.11.261,https://packs.download.microchip.com/Microchip.SAME54_DFP.3.11.261.pack,2026-08-12T09:31:18+00:00,manufacturer_device_database,atdf_variant_record
microchip::atsame54p20a-ctz,microchip::atsame54p20a,Microchip,SAME54,SAME54,SAME54,ATSAME54P20A,ATSAME54P20A-CTZ,-CTZ,,,,TFBGA120,-40..125 °C,,unknown,microchip-atdf:SAME54_DFP@3.11.261,https://packs.download.microchip.com/Microchip.SAME54_DFP.3.11.261.pack,2026-08-12T09:31:18+00:00,manufacturer_device_database,atdf_variant_record
microchip::atsame70j19b-an,microchip::atsame70j19b,Microchip,SAME70,SAME70,SAME70,ATSAME70J19B,ATSAME70J19B-AN,-AN,,,,LQFP64,-40..+105 °C,,unknown,microchip-atdf:SAME70_DFP@4.13.292,https://packs.download.microchip.com/Microchip.SAME70_DFP.4.13.292.pack,2026-08-12T09:31:18+00:00,manufacturer_device_database,atdf_variant_record
microchip::atsame70j20b-an,microchip::atsame70j20b,Microchip,SAME70,SAME70,SAME70,ATSAME70J20B,ATSAME70J20B-AN,-AN,,,,LQFP64,-40..+105 °C,,unknown,microchip-atdf:SAME70_DFP@4.13.292,https://packs.download.microchip.com/Microchip.SAME70_DFP.4.13.292.pack,2026-08-12T09:31:18+00:00,manufacturer_device_database,atdf_variant_record
microchip::atsame70j21b-an,microchip::atsame70j21b,Microchip,SAME70,SAME70,SAME70,ATSAME70J21B,ATSAME70J21B-AN,-AN,,,,LQFP64,-40..+105 °C,,unknown,microchip-atdf:SAME70_DFP@4.13.292,https://packs.download.microchip.com/Microchip.SAME70_DFP.4.13.292.pack,2026-08-12T09:31:18+00:00,manufacturer_device_database,atdf_variant_record
microchip::atsame70n19b-an,microchip::atsame70n19b,Microchip,SAME70,SAME70,SAME70,ATSAME70N19B,ATSAME70N19B-AN,-AN,,,,LQFP100,-40..+105 °C,,unknown,microchip-atdf:SAME70_DFP@4.13.292,https://packs.download.microchip.com/Microchip.SAME70_DFP.4.13.292.pack,2026-08-12T09:31:18+00:00,manufacturer_device_database,atdf_variant_record
microchip::atsame70n19b-cn,microchip::atsame70n19b,Microchip,SAME70,SAME70,SAME70,ATSAME70N19B,ATSAME70N19B-CN,-CN,,,,TFBGA100,-40..+105 °C,,unknown,microchip-atdf:SAME70_DFP@4.13.292,https://packs.download.microchip.com/Microchip.SAME70_DFP.4.13.292.pack,2026-08-12T09:31:18+00:00,manufacturer_device_database,atdf_variant_record
microchip::atsame70n20b-an,microchip::atsame70n20b,Microchip,SAME70,SAME70,SAME70,ATSAME70N20B,ATSAME70N20B-AN,-AN,,,,LQFP100,-40..+105 °C,,unknown,microchip-atdf:SAME70_DFP@4.13.292,https://packs.download.microchip.com/Microchip.SAME70_DFP.4.13.292.pack,2026-08-12T09:31:18+00:00,manufacturer_device_database,atdf_variant_record
microchip::atsame70n20b-cn,microchip::atsame70n20b,Microchip,SAME70,SAME70,SAME70,ATSAME70N20B,ATSAME70N20B-CN,-CN,,,,TFBGA100,-40..+105 °C,,unknown,microchip-atdf:SAME70_DFP@4.13.292,https://packs.download.microchip.com/Microchip.SAME70_DFP.4.13.292.pack,2026-08-12T09:31:18+00:00,manufacturer_device_database,atdf_variant_record
microchip::atsame70n21b-an,microchip::atsame70n21b,Microchip,SAME70,SAME70,SAME70,ATSAME70N21B,ATSAME70N21B-AN,-AN,,,,LQFP100,-40..+105 °C,,unknown,microchip-atdf:SAME70_DFP@4.13.292,https://packs.download.microchip.com/Microchip.SAME70_DFP.4.13.292.pack,2026-08-12T09:31:18+00:00,manufacturer_device_database,atdf_variant_record
microchip::atsame70n21b-cn,microchip::atsame70n21b,Microchip,SAME70,SAME70,SAME70,ATSAME70N21B,ATSAME70N21B-CN,-CN,,,,TFBGA100,-40..+105 °C,,unknown,microchip-atdf:SAME70_DFP@4.13.292,https://packs.download.microchip.com/Microchip.SAME70_DFP.4.13.292.pack,2026-08-12T09:31:18+00:00,manufacturer_device_database,atdf_variant_record
microchip::atsame70q19b-an,microchip::atsame70q19b,Microchip,SAME70,SAME70,SAME70,ATSAME70Q19B,ATSAME70Q19B-AN,-AN,,,,LQFP144,-40..+105 °C,,unknown,microchip-atdf:SAME70_DFP@4.13.292,https://packs.download.microchip.com/Microchip.SAME70_DFP.4.13.292.pack,2026-08-12T09:31:18+00:00,manufacturer_device_database,atdf_variant_record
microchip::atsame70q19b-cfn,microchip::atsame70q19b,Microchip,SAME70,SAME70,SAME70,ATSAME70Q19B,ATSAME70Q19B-CFN,-CFN,,,,UFBGA144,-40..+105 °C,,unknown,microchip-atdf:SAME70_DFP@4.13.292,https://packs.download.microchip.com/Microchip.SAME70_DFP.4.13.292.pack,2026-08-12T09:31:18+00:00,manufacturer_device_database,atdf_variant_record
microchip::atsame70q19b-cn,microchip::atsame70q19b,Microchip,SAME70,SAME70,SAME70,ATSAME70Q19B,ATSAME70Q19B-CN,-CN,,,,LFBGA144,-40..+105 °C,,unknown,microchip-atdf:SAME70_DFP@4.13.292,https://packs.download.microchip.com/Microchip.SAME70_DFP.4.13.292.pack,2026-08-12T09:31:18+00:00,manufacturer_device_database,atdf_variant_record
microchip::atsame70q20b-an,microchip::atsame70q20b,Microchip,SAME70,SAME70,SAME70,ATSAME70Q20B,ATSAME70Q20B-AN,-AN,,,,LQFP144,-40..+105 °C,,unknown,microchip-atdf:SAME70_DFP@4.13.292,https://packs.download.microchip.com/Microchip.SAME70_DFP.4.13.292.pack,2026-08-12T09:31:18+00:00,manufacturer_device_database,atdf_variant_record
microchip::atsame70q20b-cfn,microchip::atsame70q20b,Microchip,SAME70,SAME70,SAME70,ATSAME70Q20B,ATSAME70Q20B-CFN,-CFN,,,,UFBGA144,-40..+105 °C,,unknown,microchip-atdf:SAME70_DFP@4.13.292,https://packs.download.microchip.com/Microchip.SAME70_DFP.4.13.292.pack,2026-08-12T09:31:18+00:00,manufacturer_device_database,atdf_variant_record
microchip::atsame70q20b-cn,microchip::atsame70q20b,Microchip,SAME70,SAME70,SAME70,ATSAME70Q20B,ATSAME70Q20B-CN,-CN,,,,LFBGA144,-40..+105 °C,,unknown,microchip-atdf:SAME70_DFP@4.13.292,https://packs.download.microchip.com/Microchip.SAME70_DFP.4.13.292.pack,2026-08-12T09:31:18+00:00,manufacturer_device_database,atdf_variant_record
microchip::atsame70q21b-an,microchip::atsame70q21b,Microchip,SAME70,SAME70,SAME70,ATSAME70Q21B,ATSAME70Q21B-AN,-AN,,,,LQFP144,-40..+105 °C,,unknown,microchip-atdf:SAME70_DFP@4.13.292,https://packs.download.microchip.com/Microchip.SAME70_DFP.4.13.292.pack,2026-08-12T09:31:18+00:00,manufacturer_device_database,atdf_variant_record
microchip::atsame70q21b-cfn,microchip::atsame70q21b,Microchip,SAME70,SAME70,SAME70,ATSAME70Q21B,ATSAME70Q21B-CFN,-CFN,,,,UFBGA144,-40..+105 °C,,unknown,microchip-atdf:SAME70_DFP@4.13.292,https://packs.download.microchip.com/Microchip.SAME70_DFP.4.13.292.pack,2026-08-12T09:31:18+00:00,manufacturer_device_database,atdf_variant_record
microchip::atsame70q21b-cn,microchip::atsame70q21b,Microchip,SAME70,SAME70,SAME70,ATSAME70Q21B,ATSAME70Q21B-CN,-CN,,,,LFBGA144,-40..+105 °C,,unknown,microchip-atdf:SAME70_DFP@4.13.292,https://packs.download.microchip.com/Microchip.SAME70_DFP.4.13.292.pack,2026-08-12T09:31:18+00:00,manufacturer_device_database,atdf_variant_record
microchip::atsamg51g18-xx,microchip::atsamg51g18,Microchip,SAMG,SAMG,SAMG,ATSAMG51G18,ATSAMG51G18-XX,-XX,,,,WLCSP49,-40..+105 °C,,unknown,microchip-atdf:SAMG_DFP@3.10.223,https://packs.download.microchip.com/Microchip.SAMG_DFP.3.10.223.pack,2026-08-12T09:31:18+00:00,manufacturer_device_database,atdf_variant_record
microchip::atsamg51n18-au,microchip::atsamg51n18,Microchip,SAMG,SAMG,SAMG,ATSAMG51N18,ATSAMG51N18-AU,-AU,,,,LQFP100,-40..+105 °C,,unknown,microchip-atdf:SAMG_DFP@3.10.223,https://packs.download.microchip.com/Microchip.SAMG_DFP.3.10.223.pack,2026-08-12T09:31:18+00:00,manufacturer_device_database,atdf_variant_record
microchip::atsamg53g19-xx,microchip::atsamg53g19,Microchip,SAMG,SAMG,SAMG,ATSAMG53G19,ATSAMG53G19-XX,-XX,,,,WLCSP49,-40..+105 °C,,unknown,microchip-atdf:SAMG_DFP@3.10.223,https://packs.download.microchip.com/Microchip.SAMG_DFP.3.10.223.pack,2026-08-12T09:31:18+00:00,manufacturer_device_database,atdf_variant_record
microchip::atsamg53n19-au,microchip::atsamg53n19,Microchip,SAMG,SAMG,SAMG,ATSAMG53N19,ATSAMG53N19-AU,-AU,,,,LQFP100,-40..+105 °C,,unknown,microchip-atdf:SAMG_DFP@3.10.223,https://packs.download.microchip.com/Microchip.SAMG_DFP.3.10.223.pack,2026-08-12T09:31:18+00:00,manufacturer_device_database,atdf_variant_record
microchip::atsamg54g19-xx,microchip::atsamg54g19,Microchip,SAMG,SAMG,SAMG,ATSAMG54G19,ATSAMG54G19-XX,-XX,,,,WLCSP49,-40..+105 °C,,unknown,microchip-atdf:SAMG_DFP@3.10.223,https://packs.download.microchip.com/Microchip.SAMG_DFP.3.10.223.pack,2026-08-12T09:31:18+00:00,manufacturer_device_database,atdf_variant_record
microchip::atsamg54j19-mu,microchip::atsamg54j19,Microchip,SAMG,SAMG,SAMG,ATSAMG54J19,ATSAMG54J19-MU,-MU,,,,QFN64,-40..+105 °C,,unknown,microchip-atdf:SAMG_DFP@3.10.223,https://packs.download.microchip.com/Microchip.SAMG_DFP.3.10.223.pack,2026-08-12T09:31:18+00:00,manufacturer_device_database,atdf_variant_record
microchip::atsamg54n19-au,microchip::atsamg54n19,Microchip,SAMG,SAMG,SAMG,ATSAMG54N19,ATSAMG54N19-AU,-AU,,,,LQFP100,-40..+105 °C,,unknown,microchip-atdf:SAMG_DFP@3.10.223,https://packs.download.microchip.com/Microchip.SAMG_DFP.3.10.223.pack,2026-08-12T09:31:18+00:00,manufacturer_device_database,atdf_variant_record
microchip::atsamg55g19a-uut,microchip::atsamg55g19,Microchip,SAMG,SAMG,SAMG,ATSAMG55G19,ATSAMG55G19A-UUT,A-UUT,,,,WLCSP49,-40..+105 °C,,unknown,microchip-atdf:SAMG_DFP@3.10.223,https://packs.download.microchip.com/Microchip.SAMG_DFP.3.10.223.pack,2026-08-12T09:31:18+00:00,manufacturer_device_database,atdf_variant_record
microchip::atsamg55j19a-au,microchip::atsamg55j19,Microchip,SAMG,SAMG,SAMG,ATSAMG55J19,ATSAMG55J19A-AU,A-AU,,,,LQFP64,-40..+105 °C,,unknown,microchip-atdf:SAMG_DFP@3.10.223,https://packs.download.microchip.com/Microchip.SAMG_DFP.3.10.223.pack,2026-08-12T09:31:18+00:00,manufacturer_device_database,atdf_variant_record
microchip::atsamg55j19a-aut,microchip::atsamg55j19,Microchip,SAMG,SAMG,SAMG,ATSAMG55J19,ATSAMG55J19A-AUT,A-AUT,,,,LQFP64,-40..+105 °C,,unknown,microchip-atdf:SAMG_DFP@3.10.223,https://packs.download.microchip.com/Microchip.SAMG_DFP.3.10.223.pack,2026-08-12T09:31:18+00:00,manufacturer_device_database,atdf_variant_record
microchip::atsamg55j19a-mu,microchip::atsamg55j19,Microchip,SAMG,SAMG,SAMG,ATSAMG55J19,ATSAMG55J19A-MU,A-MU,,,,QFN64,-40..+105 °C,,unknown,microchip-atdf:SAMG_DFP@3.10.223,https://packs.download.microchip.com/Microchip.SAMG_DFP.3.10.223.pack,2026-08-12T09:31:18+00:00,manufacturer_device_database,atdf_variant_record
microchip::atsamg55j19a-mut,microchip::atsamg55j19,Microchip,SAMG,SAMG,SAMG,ATSAMG55J19,ATSAMG55J19A-MUT,A-MUT,,,,QFN64,-40..+105 °C,,unknown,microchip-atdf:SAMG_DFP@3.10.223,https://packs.download.microchip.com/Microchip.SAMG_DFP.3.10.223.pack,2026-08-12T09:31:18+00:00,manufacturer_device_database,atdf_variant_record
microchip::atsamha0e14a-mz-b,microchip::atsamha0e14ab,Microchip,SAMHA0,SAMHA0,SAMHA0,ATSAMHA0E14AB,ATSAMHA0E14A-MZ-B,,,,,QFN32,-40..125 °C,,unknown,microchip-atdf:SAMHA0_DFP@2.4.179,https://packs.download.microchip.com/Microchip.SAMHA0_DFP.2.4.179.pack,2026-08-12T09:31:18+00:00,manufacturer_device_database,atdf_variant_record
microchip::atsamha0e15a-mz-b,microchip::atsamha0e15ab,Microchip,SAMHA0,SAMHA0,SAMHA0,ATSAMHA0E15AB,ATSAMHA0E15A-MZ-B,,,,,QFN32,-40..125 °C,,unknown,microchip-atdf:SAMHA0_DFP@2.4.179,https://packs.download.microchip.com/Microchip.SAMHA0_DFP.2.4.179.pack,2026-08-12T09:31:18+00:00,manufacturer_device_database,atdf_variant_record
microchip::atsamha0e16a-mz-b,microchip::atsamha0e16ab,Microchip,SAMHA0,SAMHA0,SAMHA0,ATSAMHA0E16AB,ATSAMHA0E16A-MZ-B,,,,,QFN32,-40..125 °C,,unknown,microchip-atdf:SAMHA0_DFP@2.4.179,https://packs.download.microchip.com/Microchip.SAMHA0_DFP.2.4.179.pack,2026-08-12T09:31:18+00:00,manufacturer_device_database,atdf_variant_record
microchip::atsamha0g14a-mz-b,microchip::atsamha0g14ab,Microchip,SAMHA0,SAMHA0,SAMHA0,ATSAMHA0G14AB,ATSAMHA0G14A-MZ-B,,,,,QFN48,-40..125 °C,,unknown,microchip-atdf:SAMHA0_DFP@2.4.179,https://packs.download.microchip.com/Microchip.SAMHA0_DFP.2.4.179.pack,2026-08-12T09:31:18+00:00,manufacturer_device_database,atdf_variant_record
microchip::atsamha0g15a-mz-b,microchip::atsamha0g15ab,Microchip,SAMHA0,SAMHA0,SAMHA0,ATSAMHA0G15AB,ATSAMHA0G15A-MZ-B,,,,,QFN48,-40..125 °C,,unknown,microchip-atdf:SAMHA0_DFP@2.4.179,https://packs.download.microchip.com/Microchip.SAMHA0_DFP.2.4.179.pack,2026-08-12T09:31:18+00:00,manufacturer_device_database,atdf_variant_record
microchip::atsamha0g16a-mz-b,microchip::atsamha0g16ab,Microchip,SAMHA0,SAMHA0,SAMHA0,ATSAMHA0G16AB,ATSAMHA0G16A-MZ-B,,,,,QFN48,-40..125 °C,,unknown,microchip-atdf:SAMHA0_DFP@2.4.179,https://packs.download.microchip.com/Microchip.SAMHA0_DFP.2.4.179.pack,2026-08-12T09:31:18+00:00,manufacturer_device_database,atdf_variant_record
microchip::atsamha0g17a-mb-b,microchip::atsamha0g17ab,Microchip,SAMHA0,SAMHA0,SAMHA0,ATSAMHA0G17AB,ATSAMHA0G17A-MB-B,,,,,QFN48,-40..125 °C,,unknown,microchip-atdf:SAMHA0_DFP@2.4.179,https://packs.download.microchip.com/Microchip.SAMHA0_DFP.2.4.179.pack,2026-08-12T09:31:18+00:00,manufacturer_device_database,atdf_variant_record
microchip::atsamha1e14a-mb-b,microchip::atsamha1e14ab,Microchip,SAMHA1,SAMHA1,SAMHA1,ATSAMHA1E14AB,ATSAMHA1E14A-MB-B,,,,,QFN32,-40..105 °C,,unknown,microchip-atdf:SAMHA1_DFP@2.5.190,https://packs.download.microchip.com/Microchip.SAMHA1_DFP.2.5.190.pack,2026-08-12T09:31:18+00:00,manufacturer_device_database,atdf_variant_record
microchip::atsamha1e15a-mb-b,microchip::atsamha1e15ab,Microchip,SAMHA1,SAMHA1,SAMHA1,ATSAMHA1E15AB,ATSAMHA1E15A-MB-B,,,,,QFN32,-40..105 °C,,unknown,microchip-atdf:SAMHA1_DFP@2.5.190,https://packs.download.microchip.com/Microchip.SAMHA1_DFP.2.5.190.pack,2026-08-12T09:31:18+00:00,manufacturer_device_database,atdf_variant_record
microchip::atsamha1e16a-mb-b,microchip::atsamha1e16ab,Microchip,SAMHA1,SAMHA1,SAMHA1,ATSAMHA1E16AB,ATSAMHA1E16A-MB-B,,,,,QFN32,-40..105 °C,,unknown,microchip-atdf:SAMHA1_DFP@2.5.190,https://packs.download.microchip.com/Microchip.SAMHA1_DFP.2.5.190.pack,2026-08-12T09:31:18+00:00,manufacturer_device_database,atdf_variant_record
microchip::atsamha1g14a-mb,microchip::atsamha1g14a,Microchip,SAMHA1,SAMHA1,SAMHA1,ATSAMHA1G14A,ATSAMHA1G14A-MB,-MB,,,,QFN48,-40..105 °C,,unknown,microchip-atdf:SAMHA1_DFP@2.5.190,https://packs.download.microchip.com/Microchip.SAMHA1_DFP.2.5.190.pack,2026-08-12T09:31:18+00:00,manufacturer_device_database,atdf_variant_record
microchip::atsamha1g14a-mb-b,microchip::atsamha1g14ab,Microchip,SAMHA1,SAMHA1,SAMHA1,ATSAMHA1G14AB,ATSAMHA1G14A-MB-B,,,,,QFN48,-40..105 °C,,unknown,microchip-atdf:SAMHA1_DFP@2.5.190,https://packs.download.microchip.com/Microchip.SAMHA1_DFP.2.5.190.pack,2026-08-12T09:31:18+00:00,manufacturer_device_database,atdf_variant_record
microchip::atsamha1g15a-mb,microchip::atsamha1g15a,Microchip,SAMHA1,SAMHA1,SAMHA1,ATSAMHA1G15A,ATSAMHA1G15A-MB,-MB,,,,QFN48,-40..105 °C,,unknown,microchip-atdf:SAMHA1_DFP@2.5.190,https://packs.download.microchip.com/Microchip.SAMHA1_DFP.2.5.190.pack,2026-08-12T09:31:18+00:00,manufacturer_device_database,atdf_variant_record
microchip::atsamha1g15a-mb-b,microchip::atsamha1g15ab,Microchip,SAMHA1,SAMHA1,SAMHA1,ATSAMHA1G15AB,ATSAMHA1G15A-MB-B,,,,,QFN48,-40..105 °C,,unknown,microchip-atdf:SAMHA1_DFP@2.5.190,https://packs.download.microchip.com/Microchip.SAMHA1_DFP.2.5.190.pack,2026-08-12T09:31:18+00:00,manufacturer_device_database,atdf_variant_record
microchip::atsamha1g16a-mb,microchip::atsamha1g16a,Microchip,SAMHA1,SAMHA1,SAMHA1,ATSAMHA1G16A,ATSAMHA1G16A-MB,-MB,,,,QFN48,-40..105 °C,,unknown,microchip-atdf:SAMHA1_DFP@2.5.190,https://packs.download.microchip.com/Microchip.SAMHA1_DFP.2.5.190.pack,2026-08-12T09:31:18+00:00,manufacturer_device_database,atdf_variant_record
microchip::atsamha1g16a-mb-b,microchip::atsamha1g16ab,Microchip,SAMHA1,SAMHA1,SAMHA1,ATSAMHA1G16AB,ATSAMHA1G16A-MB-B,,,,,QFN48,-40..105 °C,,unknown,microchip-atdf:SAMHA1_DFP@2.5.190,https://packs.download.microchip.com/Microchip.SAMHA1_DFP.2.5.190.pack,2026-08-12T09:31:18+00:00,manufacturer_device_database,atdf_variant_record
microchip::atsamha1g17a-mb-b,microchip::atsamha1g17ab,Microchip,SAMHA1,SAMHA1,SAMHA1,ATSAMHA1G17AB,ATSAMHA1G17A-MB-B,,,,,QFN48,-40..105 °C,,unknown,microchip-atdf:SAMHA1_DFP@2.5.190,https://packs.download.microchip.com/Microchip.SAMHA1_DFP.2.5.190.pack,2026-08-12T09:31:18+00:00,manufacturer_device_database,atdf_variant_record
microchip::atsaml10d14a-mf,microchip::atsaml10d14a,Microchip,SAML10,SAML10,SAML10,ATSAML10D14A,ATSAML10D14A-MF,-MF,,,,QFN24,-40..125 °C,,unknown,microchip-atdf:SAML10_DFP@3.11.262,https://packs.download.microchip.com/Microchip.SAML10_DFP.3.11.262.pack,2026-08-12T09:31:18+00:00,manufacturer_device_database,atdf_variant_record
microchip::atsaml10d14a-mu,microchip::atsaml10d14a,Microchip,SAML10,SAML10,SAML10,ATSAML10D14A,ATSAML10D14A-MU,-MU,,,,QFN24,-40..85 °C,,unknown,microchip-atdf:SAML10_DFP@3.11.262,https://packs.download.microchip.com/Microchip.SAML10_DFP.3.11.262.pack,2026-08-12T09:31:18+00:00,manufacturer_device_database,atdf_variant_record
microchip::atsaml10d14a-yf,microchip::atsaml10d14a,Microchip,SAML10,SAML10,SAML10,ATSAML10D14A,ATSAML10D14A-YF,-YF,,,,SSOP24,-40..125 °C,,unknown,microchip-atdf:SAML10_DFP@3.11.262,https://packs.download.microchip.com/Microchip.SAML10_DFP.3.11.262.pack,2026-08-12T09:31:18+00:00,manufacturer_device_database,atdf_variant_record
microchip::atsaml10d14a-yu,microchip::atsaml10d14a,Microchip,SAML10,SAML10,SAML10,ATSAML10D14A,ATSAML10D14A-YU,-YU,,,,SSOP24,-40..85 °C,,unknown,microchip-atdf:SAML10_DFP@3.11.262,https://packs.download.microchip.com/Microchip.SAML10_DFP.3.11.262.pack,2026-08-12T09:31:18+00:00,manufacturer_device_database,atdf_variant_record
microchip::atsaml10d15a-mf,microchip::atsaml10d15a,Microchip,SAML10,SAML10,SAML10,ATSAML10D15A,ATSAML10D15A-MF,-MF,,,,QFN24,-40..125 °C,,unknown,microchip-atdf:SAML10_DFP@3.11.262,https://packs.download.microchip.com/Microchip.SAML10_DFP.3.11.262.pack,2026-08-12T09:31:18+00:00,manufacturer_device_database,atdf_variant_record
microchip::atsaml10d15a-mu,microchip::atsaml10d15a,Microchip,SAML10,SAML10,SAML10,ATSAML10D15A,ATSAML10D15A-MU,-MU,,,,QFN24,-40..85 °C,,unknown,microchip-atdf:SAML10_DFP@3.11.262,https://packs.download.microchip.com/Microchip.SAML10_DFP.3.11.262.pack,2026-08-12T09:31:18+00:00,manufacturer_device_database,atdf_variant_record
microchip::atsaml10d15a-yf,microchip::atsaml10d15a,Microchip,SAML10,SAML10,SAML10,ATSAML10D15A,ATSAML10D15A-YF,-YF,,,,SSOP24,-40..125 °C,,unknown,microchip-atdf:SAML10_DFP@3.11.262,https://packs.download.microchip.com/Microchip.SAML10_DFP.3.11.262.pack,2026-08-12T09:31:18+00:00,manufacturer_device_database,atdf_variant_record
microchip::atsaml10d15a-yu,microchip::atsaml10d15a,Microchip,SAML10,SAML10,SAML10,ATSAML10D15A,ATSAML10D15A-YU,-YU,,,,SSOP24,-40..85 °C,,unknown,microchip-atdf:SAML10_DFP@3.11.262,https://packs.download.microchip.com/Microchip.SAML10_DFP.3.11.262.pack,2026-08-12T09:31:18+00:00,manufacturer_device_database,atdf_variant_record
microchip::atsaml10d16a-mf,microchip::atsaml10d16a,Microchip,SAML10,SAML10,SAML10,ATSAML10D16A,ATSAML10D16A-MF,-MF,,,,QFN24,-40..125 °C,,unknown,microchip-atdf:SAML10_DFP@3.11.262,https://packs.download.microchip.com/Microchip.SAML10_DFP.3.11.262.pack,2026-08-12T09:31:18+00:00,manufacturer_device_database,atdf_variant_record
microchip::atsaml10d16a-mu,microchip::atsaml10d16a,Microchip,SAML10,SAML10,SAML10,ATSAML10D16A,ATSAML10D16A-MU,-MU,,,,QFN24,-40..85 °C,,unknown,microchip-atdf:SAML10_DFP@3.11.262,https://packs.download.microchip.com/Microchip.SAML10_DFP.3.11.262.pack,2026-08-12T09:31:18+00:00,manufacturer_device_database,atdf_variant_record
microchip::atsaml10d16a-yf,microchip::atsaml10d16a,Microchip,SAML10,SAML10,SAML10,ATSAML10D16A,ATSAML10D16A-YF,-YF,,,,SSOP24,-40..125 °C,,unknown,microchip-atdf:SAML10_DFP@3.11.262,https://packs.download.microchip.com/Microchip.SAML10_DFP.3.11.262.pack,2026-08-12T09:31:18+00:00,manufacturer_device_database,atdf_variant_record
microchip::atsaml10d16a-yu,microchip::atsaml10d16a,Microchip,SAML10,SAML10,SAML10,ATSAML10D16A,ATSAML10D16A-YU,-YU,,,,SSOP24,-40..85 °C,,unknown,microchip-atdf:SAML10_DFP@3.11.262,https://packs.download.microchip.com/Microchip.SAML10_DFP.3.11.262.pack,2026-08-12T09:31:18+00:00,manufacturer_device_database,atdf_variant_record
microchip::atsaml10e14a-af,microchip::atsaml10e14a,Microchip,SAML10,SAML10,SAML10,ATSAML10E14A,ATSAML10E14A-AF,-AF,,,,TQFP32,-40..125 °C,,unknown,microchip-atdf:SAML10_DFP@3.11.262,https://packs.download.microchip.com/Microchip.SAML10_DFP.3.11.262.pack,2026-08-12T09:31:18+00:00,manufacturer_device_database,atdf_variant_record
microchip::atsaml10e14a-au,microchip::atsaml10e14a,Microchip,SAML10,SAML10,SAML10,ATSAML10E14A,ATSAML10E14A-AU,-AU,,,,TQFP32,-40..85 °C,,unknown,microchip-atdf:SAML10_DFP@3.11.262,https://packs.download.microchip.com/Microchip.SAML10_DFP.3.11.262.pack,2026-08-12T09:31:18+00:00,manufacturer_device_database,atdf_variant_record
microchip::atsaml10e14a-mf,microchip::atsaml10e14a,Microchip,SAML10,SAML10,SAML10,ATSAML10E14A,ATSAML10E14A-MF,-MF,,,,QFN32,-40..125 °C,,unknown,microchip-atdf:SAML10_DFP@3.11.262,https://packs.download.microchip.com/Microchip.SAML10_DFP.3.11.262.pack,2026-08-12T09:31:18+00:00,manufacturer_device_database,atdf_variant_record
microchip::atsaml10e14a-mu,microchip::atsaml10e14a,Microchip,SAML10,SAML10,SAML10,ATSAML10E14A,ATSAML10E14A-MU,-MU,,,,QFN32,-40..85 °C,,unknown,microchip-atdf:SAML10_DFP@3.11.262,https://packs.download.microchip.com/Microchip.SAML10_DFP.3.11.262.pack,2026-08-12T09:31:18+00:00,manufacturer_device_database,atdf_variant_record
microchip::atsaml10e14a-uu,microchip::atsaml10e14a,Microchip,SAML10,SAML10,SAML10,ATSAML10E14A,ATSAML10E14A-UU,-UU,,,,WLCSP32,-40..85 °C,,unknown,microchip-atdf:SAML10_DFP@3.11.262,https://packs.download.microchip.com/Microchip.SAML10_DFP.3.11.262.pack,2026-08-12T09:31:18+00:00,manufacturer_device_database,atdf_variant_record
microchip::atsaml10e15a-af,microchip::atsaml10e15a,Microchip,SAML10,SAML10,SAML10,ATSAML10E15A,ATSAML10E15A-AF,-AF,,,,TQFP32,-40..125 °C,,unknown,microchip-atdf:SAML10_DFP@3.11.262,https://packs.download.microchip.com/Microchip.SAML10_DFP.3.11.262.pack,2026-08-12T09:31:18+00:00,manufacturer_device_database,atdf_variant_record
microchip::atsaml10e15a-au,microchip::atsaml10e15a,Microchip,SAML10,SAML10,SAML10,ATSAML10E15A,ATSAML10E15A-AU,-AU,,,,TQFP32,-40..85 °C,,unknown,microchip-atdf:SAML10_DFP@3.11.262,https://packs.download.microchip.com/Microchip.SAML10_DFP.3.11.262.pack,2026-08-12T09:31:18+00:00,manufacturer_device_database,atdf_variant_record
microchip::atsaml10e15a-mf,microchip::atsaml10e15a,Microchip,SAML10,SAML10,SAML10,ATSAML10E15A,ATSAML10E15A-MF,-MF,,,,QFN32,-40..125 °C,,unknown,microchip-atdf:SAML10_DFP@3.11.262,https://packs.download.microchip.com/Microchip.SAML10_DFP.3.11.262.pack,2026-08-12T09:31:18+00:00,manufacturer_device_database,atdf_variant_record
microchip::atsaml10e15a-mu,microchip::atsaml10e15a,Microchip,SAML10,SAML10,SAML10,ATSAML10E15A,ATSAML10E15A-MU,-MU,,,,QFN32,-40..85 °C,,unknown,microchip-atdf:SAML10_DFP@3.11.262,https://packs.download.microchip.com/Microchip.SAML10_DFP.3.11.262.pack,2026-08-12T09:31:18+00:00,manufacturer_device_database,atdf_variant_record
microchip::atsaml10e15a-uu,microchip::atsaml10e15a,Microchip,SAML10,SAML10,SAML10,ATSAML10E15A,ATSAML10E15A-UU,-UU,,,,WLCSP32,-40..85 °C,,unknown,microchip-atdf:SAML10_DFP@3.11.262,https://packs.download.microchip.com/Microchip.SAML10_DFP.3.11.262.pack,2026-08-12T09:31:18+00:00,manufacturer_device_database,atdf_variant_record
microchip::atsaml10e16a-af,microchip::atsaml10e16a,Microchip,SAML10,SAML10,SAML10,ATSAML10E16A,ATSAML10E16A-AF,-AF,,,,TQFP32,-40..125 °C,,unknown,microchip-atdf:SAML10_DFP@3.11.262,https://packs.download.microchip.com/Microchip.SAML10_DFP.3.11.262.pack,2026-08-12T09:31:18+00:00,manufacturer_device_database,atdf_variant_record
microchip::atsaml10e16a-au,microchip::atsaml10e16a,Microchip,SAML10,SAML10,SAML10,ATSAML10E16A,ATSAML10E16A-AU,-AU,,,,TQFP32,-40..85 °C,,unknown,microchip-atdf:SAML10_DFP@3.11.262,https://packs.download.microchip.com/Microchip.SAML10_DFP.3.11.262.pack,2026-08-12T09:31:18+00:00,manufacturer_device_database,atdf_variant_record
microchip::atsaml10e16a-mf,microchip::atsaml10e16a,Microchip,SAML10,SAML10,SAML10,ATSAML10E16A,ATSAML10E16A-MF,-MF,,,,QFN32,-40..125 °C,,unknown,microchip-atdf:SAML10_DFP@3.11.262,https://packs.download.microchip.com/Microchip.SAML10_DFP.3.11.262.pack,2026-08-12T09:31:18+00:00,manufacturer_device_database,atdf_variant_record
microchip::atsaml10e16a-mu,microchip::atsaml10e16a,Microchip,SAML10,SAML10,SAML10,ATSAML10E16A,ATSAML10E16A-MU,-MU,,,,QFN32,-40..85 °C,,unknown,microchip-atdf:SAML10_DFP@3.11.262,https://packs.download.microchip.com/Microchip.SAML10_DFP.3.11.262.pack,2026-08-12T09:31:18+00:00,manufacturer_device_database,atdf_variant_record
microchip::atsaml10e16a-uu,microchip::atsaml10e16a,Microchip,SAML10,SAML10,SAML10,ATSAML10E16A,ATSAML10E16A-UU,-UU,,,,WLCSP32,-40..85 °C,,unknown,microchip-atdf:SAML10_DFP@3.11.262,https://packs.download.microchip.com/Microchip.SAML10_DFP.3.11.262.pack,2026-08-12T09:31:18+00:00,manufacturer_device_database,atdf_variant_record
microchip::atsaml11d14a-mf,microchip::atsaml11d14a,Microchip,SAML11,SAML11,SAML11,ATSAML11D14A,ATSAML11D14A-MF,-MF,,,,QFN24,-40..125 °C,,unknown,microchip-atdf:SAML11_DFP@4.5.268,https://packs.download.microchip.com/Microchip.SAML11_DFP.4.5.268.pack,2026-08-12T09:31:18+00:00,manufacturer_device_database,atdf_variant_record
microchip::atsaml11d14a-mu,microchip::atsaml11d14a,Microchip,SAML11,SAML11,SAML11,ATSAML11D14A,ATSAML11D14A-MU,-MU,,,,QFN24,-40..85 °C,,unknown,microchip-atdf:SAML11_DFP@4.5.268,https://packs.download.microchip.com/Microchip.SAML11_DFP.4.5.268.pack,2026-08-12T09:31:18+00:00,manufacturer_device_database,atdf_variant_record
microchip::atsaml11d14a-yf,microchip::atsaml11d14a,Microchip,SAML11,SAML11,SAML11,ATSAML11D14A,ATSAML11D14A-YF,-YF,,,,SSOP24,-40..125 °C,,unknown,microchip-atdf:SAML11_DFP@4.5.268,https://packs.download.microchip.com/Microchip.SAML11_DFP.4.5.268.pack,2026-08-12T09:31:18+00:00,manufacturer_device_database,atdf_variant_record
microchip::atsaml11d14a-yu,microchip::atsaml11d14a,Microchip,SAML11,SAML11,SAML11,ATSAML11D14A,ATSAML11D14A-YU,-YU,,,,SSOP24,-40..85 °C,,unknown,microchip-atdf:SAML11_DFP@4.5.268,https://packs.download.microchip.com/Microchip.SAML11_DFP.4.5.268.pack,2026-08-12T09:31:18+00:00,manufacturer_device_database,atdf_variant_record
microchip::atsaml11d15a-mf,microchip::atsaml11d15a,Microchip,SAML11,SAML11,SAML11,ATSAML11D15A,ATSAML11D15A-MF,-MF,,,,QFN24,-40..125 °C,,unknown,microchip-atdf:SAML11_DFP@4.5.268,https://packs.download.microchip.com/Microchip.SAML11_DFP.4.5.268.pack,2026-08-12T09:31:18+00:00,manufacturer_device_database,atdf_variant_record
microchip::atsaml11d15a-mu,microchip::atsaml11d15a,Microchip,SAML11,SAML11,SAML11,ATSAML11D15A,ATSAML11D15A-MU,-MU,,,,QFN24,-40..85 °C,,unknown,microchip-atdf:SAML11_DFP@4.5.268,https://packs.download.microchip.com/Microchip.SAML11_DFP.4.5.268.pack,2026-08-12T09:31:18+00:00,manufacturer_device_database,atdf_variant_record
microchip::atsaml11d15a-yf,microchip::atsaml11d15a,Microchip,SAML11,SAML11,SAML11,ATSAML11D15A,ATSAML11D15A-YF,-YF,,,,SSOP24,-40..125 °C,,unknown,microchip-atdf:SAML11_DFP@4.5.268,https://packs.download.microchip.com/Microchip.SAML11_DFP.4.5.268.pack,2026-08-12T09:31:18+00:00,manufacturer_device_database,atdf_variant_record
microchip::atsaml11d15a-yu,microchip::atsaml11d15a,Microchip,SAML11,SAML11,SAML11,ATSAML11D15A,ATSAML11D15A-YU,-YU,,,,SSOP24,-40..85 °C,,unknown,microchip-atdf:SAML11_DFP@4.5.268,https://packs.download.microchip.com/Microchip.SAML11_DFP.4.5.268.pack,2026-08-12T09:31:18+00:00,manufacturer_device_database,atdf_variant_record
microchip::atsaml11d16a-mf,microchip::atsaml11d16a,Microchip,SAML11,SAML11,SAML11,ATSAML11D16A,ATSAML11D16A-MF,-MF,,,,QFN24,-40..125 °C,,unknown,microchip-atdf:SAML11_DFP@4.5.268,https://packs.download.microchip.com/Microchip.SAML11_DFP.4.5.268.pack,2026-08-12T09:31:18+00:00,manufacturer_device_database,atdf_variant_record
microchip::atsaml11d16a-mu,microchip::atsaml11d16a,Microchip,SAML11,SAML11,SAML11,ATSAML11D16A,ATSAML11D16A-MU,-MU,,,,QFN24,-40..85 °C,,unknown,microchip-atdf:SAML11_DFP@4.5.268,https://packs.download.microchip.com/Microchip.SAML11_DFP.4.5.268.pack,2026-08-12T09:31:18+00:00,manufacturer_device_database,atdf_variant_record
microchip::atsaml11d16a-yf,microchip::atsaml11d16a,Microchip,SAML11,SAML11,SAML11,ATSAML11D16A,ATSAML11D16A-YF,-YF,,,,SSOP24,-40..125 °C,,unknown,microchip-atdf:SAML11_DFP@4.5.268,https://packs.download.microchip.com/Microchip.SAML11_DFP.4.5.268.pack,2026-08-12T09:31:18+00:00,manufacturer_device_database,atdf_variant_record
microchip::atsaml11d16a-yu,microchip::atsaml11d16a,Microchip,SAML11,SAML11,SAML11,ATSAML11D16A,ATSAML11D16A-YU,-YU,,,,SSOP24,-40..85 °C,,unknown,microchip-atdf:SAML11_DFP@4.5.268,https://packs.download.microchip.com/Microchip.SAML11_DFP.4.5.268.pack,2026-08-12T09:31:18+00:00,manufacturer_device_database,atdf_variant_record
microchip::atsaml11e14a-af,microchip::atsaml11e14a,Microchip,SAML11,SAML11,SAML11,ATSAML11E14A,ATSAML11E14A-AF,-AF,,,,TQFP32,-40..125 °C,,unknown,microchip-atdf:SAML11_DFP@4.5.268,https://packs.download.microchip.com/Microchip.SAML11_DFP.4.5.268.pack,2026-08-12T09:31:18+00:00,manufacturer_device_database,atdf_variant_record
microchip::atsaml11e14a-au,microchip::atsaml11e14a,Microchip,SAML11,SAML11,SAML11,ATSAML11E14A,ATSAML11E14A-AU,-AU,,,,TQFP32,-40..85 °C,,unknown,microchip-atdf:SAML11_DFP@4.5.268,https://packs.download.microchip.com/Microchip.SAML11_DFP.4.5.268.pack,2026-08-12T09:31:18+00:00,manufacturer_device_database,atdf_variant_record
microchip::atsaml11e14a-mf,microchip::atsaml11e14a,Microchip,SAML11,SAML11,SAML11,ATSAML11E14A,ATSAML11E14A-MF,-MF,,,,QFN32,-40..125 °C,,unknown,microchip-atdf:SAML11_DFP@4.5.268,https://packs.download.microchip.com/Microchip.SAML11_DFP.4.5.268.pack,2026-08-12T09:31:18+00:00,manufacturer_device_database,atdf_variant_record
microchip::atsaml11e14a-mu,microchip::atsaml11e14a,Microchip,SAML11,SAML11,SAML11,ATSAML11E14A,ATSAML11E14A-MU,-MU,,,,QFN32,-40..85 °C,,unknown,microchip-atdf:SAML11_DFP@4.5.268,https://packs.download.microchip.com/Microchip.SAML11_DFP.4.5.268.pack,2026-08-12T09:31:18+00:00,manufacturer_device_database,atdf_variant_record
microchip::atsaml11e14a-uu,microchip::atsaml11e14a,Microchip,SAML11,SAML11,SAML11,ATSAML11E14A,ATSAML11E14A-UU,-UU,,,,WLCSP32,-40..85 °C,,unknown,microchip-atdf:SAML11_DFP@4.5.268,https://packs.download.microchip.com/Microchip.SAML11_DFP.4.5.268.pack,2026-08-12T09:31:18+00:00,manufacturer_device_database,atdf_variant_record
microchip::atsaml11e15a-af,microchip::atsaml11e15a,Microchip,SAML11,SAML11,SAML11,ATSAML11E15A,ATSAML11E15A-AF,-AF,,,,TQFP32,-40..125 °C,,unknown,microchip-atdf:SAML11_DFP@4.5.268,https://packs.download.microchip.com/Microchip.SAML11_DFP.4.5.268.pack,2026-08-12T09:31:18+00:00,manufacturer_device_database,atdf_variant_record
microchip::atsaml11e15a-au,microchip::atsaml11e15a,Microchip,SAML11,SAML11,SAML11,ATSAML11E15A,ATSAML11E15A-AU,-AU,,,,TQFP32,-40..85 °C,,unknown,microchip-atdf:SAML11_DFP@4.5.268,https://packs.download.microchip.com/Microchip.SAML11_DFP.4.5.268.pack,2026-08-12T09:31:18+00:00,manufacturer_device_database,atdf_variant_record
microchip::atsaml11e15a-mf,microchip::atsaml11e15a,Microchip,SAML11,SAML11,SAML11,ATSAML11E15A,ATSAML11E15A-MF,-MF,,,,QFN32,-40..125 °C,,unknown,microchip-atdf:SAML11_DFP@4.5.268,https://packs.download.microchip.com/Microchip.SAML11_DFP.4.5.268.pack,2026-08-12T09:31:18+00:00,manufacturer_device_database,atdf_variant_record
microchip::atsaml11e15a-mu,microchip::atsaml11e15a,Microchip,SAML11,SAML11,SAML11,ATSAML11E15A,ATSAML11E15A-MU,-MU,,,,QFN32,-40..85 °C,,unknown,microchip-atdf:SAML11_DFP@4.5.268,https://packs.download.microchip.com/Microchip.SAML11_DFP.4.5.268.pack,2026-08-12T09:31:18+00:00,manufacturer_device_database,atdf_variant_record
microchip::atsaml11e15a-uu,microchip::atsaml11e15a,Microchip,SAML11,SAML11,SAML11,ATSAML11E15A,ATSAML11E15A-UU,-UU,,,,WLCSP32,-40..85 °C,,unknown,microchip-atdf:SAML11_DFP@4.5.268,https://packs.download.microchip.com/Microchip.SAML11_DFP.4.5.268.pack,2026-08-12T09:31:18+00:00,manufacturer_device_database,atdf_variant_record
microchip::atsaml11e16a-af,microchip::atsaml11e16a,Microchip,SAML11,SAML11,SAML11,ATSAML11E16A,ATSAML11E16A-AF,-AF,,,,TQFP32,-40..125 °C,,unknown,microchip-atdf:SAML11_DFP@4.5.268,https://packs.download.microchip.com/Microchip.SAML11_DFP.4.5.268.pack,2026-08-12T09:31:18+00:00,manufacturer_device_database,atdf_variant_record
microchip::atsaml11e16a-au,microchip::atsaml11e16a,Microchip,SAML11,SAML11,SAML11,ATSAML11E16A,ATSAML11E16A-AU,-AU,,,,TQFP32,-40..85 °C,,unknown,microchip-atdf:SAML11_DFP@4.5.268,https://packs.download.microchip.com/Microchip.SAML11_DFP.4.5.268.pack,2026-08-12T09:31:18+00:00,manufacturer_device_database,atdf_variant_record
microchip::atsaml11e16a-mf,microchip::atsaml11e16a,Microchip,SAML11,SAML11,SAML11,ATSAML11E16A,ATSAML11E16A-MF,-MF,,,,QFN32,-40..125 °C,,unknown,microchip-atdf:SAML11_DFP@4.5.268,https://packs.download.microchip.com/Microchip.SAML11_DFP.4.5.268.pack,2026-08-12T09:31:18+00:00,manufacturer_device_database,atdf_variant_record
microchip::atsaml11e16a-mu,microchip::atsaml11e16a,Microchip,SAML11,SAML11,SAML11,ATSAML11E16A,ATSAML11E16A-MU,-MU,,,,QFN32,-40..85 °C,,unknown,microchip-atdf:SAML11_DFP@4.5.268,https://packs.download.microchip.com/Microchip.SAML11_DFP.4.5.268.pack,2026-08-12T09:31:18+00:00,manufacturer_device_database,atdf_variant_record
microchip::atsaml11e16a-uu,microchip::atsaml11e16a,Microchip,SAML11,SAML11,SAML11,ATSAML11E16A,ATSAML11E16A-UU,-UU,,,,WLCSP32,-40..85 °C,,unknown,microchip-atdf:SAML11_DFP@4.5.268,https://packs.download.microchip.com/Microchip.SAML11_DFP.4.5.268.pack,2026-08-12T09:31:18+00:00,manufacturer_device_database,atdf_variant_record
microchip::atsaml21e15b-an,microchip::atsaml21e15b,Microchip,SAML21,SAML21,SAML21,ATSAML21E15B,ATSAML21E15B-AN,-AN,,,,TQFP32,-40..105 °C,,unknown,microchip-atdf:SAML21_DFP@3.8.229,https://packs.download.microchip.com/Microchip.SAML21_DFP.3.8.229.pack,2026-08-12T09:31:18+00:00,manufacturer_device_database,atdf_variant_record
microchip::atsaml21e15b-au,microchip::atsaml21e15b,Microchip,SAML21,SAML21,SAML21,ATSAML21E15B,ATSAML21E15B-AU,-AU,,,,TQFP32,-40..85 °C,,unknown,microchip-atdf:SAML21_DFP@3.8.229,https://packs.download.microchip.com/Microchip.SAML21_DFP.3.8.229.pack,2026-08-12T09:31:18+00:00,manufacturer_device_database,atdf_variant_record
microchip::atsaml21e15b-mn,microchip::atsaml21e15b,Microchip,SAML21,SAML21,SAML21,ATSAML21E15B,ATSAML21E15B-MN,-MN,,,,QFN32,-40..105 °C,,unknown,microchip-atdf:SAML21_DFP@3.8.229,https://packs.download.microchip.com/Microchip.SAML21_DFP.3.8.229.pack,2026-08-12T09:31:18+00:00,manufacturer_device_database,atdf_variant_record
microchip::atsaml21e15b-mu,microchip::atsaml21e15b,Microchip,SAML21,SAML21,SAML21,ATSAML21E15B,ATSAML21E15B-MU,-MU,,,,QFN32,-40..85 °C,,unknown,microchip-atdf:SAML21_DFP@3.8.229,https://packs.download.microchip.com/Microchip.SAML21_DFP.3.8.229.pack,2026-08-12T09:31:18+00:00,manufacturer_device_database,atdf_variant_record
microchip::atsaml21e16b-an,microchip::atsaml21e16b,Microchip,SAML21,SAML21,SAML21,ATSAML21E16B,ATSAML21E16B-AN,-AN,,,,TQFP32,-40..105 °C,,unknown,microchip-atdf:SAML21_DFP@3.8.229,https://packs.download.microchip.com/Microchip.SAML21_DFP.3.8.229.pack,2026-08-12T09:31:18+00:00,manufacturer_device_database,atdf_variant_record
microchip::atsaml21e16b-au,microchip::atsaml21e16b,Microchip,SAML21,SAML21,SAML21,ATSAML21E16B,ATSAML21E16B-AU,-AU,,,,TQFP32,-40..85 °C,,unknown,microchip-atdf:SAML21_DFP@3.8.229,https://packs.download.microchip.com/Microchip.SAML21_DFP.3.8.229.pack,2026-08-12T09:31:18+00:00,manufacturer_device_database,atdf_variant_record
microchip::atsaml21e16b-mn,microchip::atsaml21e16b,Microchip,SAML21,SAML21,SAML21,ATSAML21E16B,ATSAML21E16B-MN,-MN,,,,QFN32,-40..105 °C,,unknown,microchip-atdf:SAML21_DFP@3.8.229,https://packs.download.microchip.com/Microchip.SAML21_DFP.3.8.229.pack,2026-08-12T09:31:18+00:00,manufacturer_device_database,atdf_variant_record
microchip::atsaml21e16b-mu,microchip::atsaml21e16b,Microchip,SAML21,SAML21,SAML21,ATSAML21E16B,ATSAML21E16B-MU,-MU,,,,QFN32,-40..85 °C,,unknown,microchip-atdf:SAML21_DFP@3.8.229,https://packs.download.microchip.com/Microchip.SAML21_DFP.3.8.229.pack,2026-08-12T09:31:18+00:00,manufacturer_device_database,atdf_variant_record
microchip::atsaml21e17b-an,microchip::atsaml21e17b,Microchip,SAML21,SAML21,SAML21,ATSAML21E17B,ATSAML21E17B-AN,-AN,,,,TQFP32,-40..105 °C,,unknown,microchip-atdf:SAML21_DFP@3.8.229,https://packs.download.microchip.com/Microchip.SAML21_DFP.3.8.229.pack,2026-08-12T09:31:18+00:00,manufacturer_device_database,atdf_variant_record
microchip::atsaml21e17b-au,microchip::atsaml21e17b,Microchip,SAML21,SAML21,SAML21,ATSAML21E17B,ATSAML21E17B-AU,-AU,,,,TQFP32,-40..85 °C,,unknown,microchip-atdf:SAML21_DFP@3.8.229,https://packs.download.microchip.com/Microchip.SAML21_DFP.3.8.229.pack,2026-08-12T09:31:18+00:00,manufacturer_device_database,atdf_variant_record
microchip::atsaml21e17b-mn,microchip::atsaml21e17b,Microchip,SAML21,SAML21,SAML21,ATSAML21E17B,ATSAML21E17B-MN,-MN,,,,QFN32,-40..105 °C,,unknown,microchip-atdf:SAML21_DFP@3.8.229,https://packs.download.microchip.com/Microchip.SAML21_DFP.3.8.229.pack,2026-08-12T09:31:18+00:00,manufacturer_device_database,atdf_variant_record
microchip::atsaml21e17b-mu,microchip::atsaml21e17b,Microchip,SAML21,SAML21,SAML21,ATSAML21E17B,ATSAML21E17B-MU,-MU,,,,QFN32,-40..85 °C,,unknown,microchip-atdf:SAML21_DFP@3.8.229,https://packs.download.microchip.com/Microchip.SAML21_DFP.3.8.229.pack,2026-08-12T09:31:18+00:00,manufacturer_device_database,atdf_variant_record
microchip::atsaml21e18b-an,microchip::atsaml21e18b,Microchip,SAML21,SAML21,SAML21,ATSAML21E18B,ATSAML21E18B-AN,-AN,,,,TQFP32,-40..105 °C,,unknown,microchip-atdf:SAML21_DFP@3.8.229,https://packs.download.microchip.com/Microchip.SAML21_DFP.3.8.229.pack,2026-08-12T09:31:18+00:00,manufacturer_device_database,atdf_variant_record
microchip::atsaml21e18b-au,microchip::atsaml21e18b,Microchip,SAML21,SAML21,SAML21,ATSAML21E18B,ATSAML21E18B-AU,-AU,,,,TQFP32,-40..85 °C,,unknown,microchip-atdf:SAML21_DFP@3.8.229,https://packs.download.microchip.com/Microchip.SAML21_DFP.3.8.229.pack,2026-08-12T09:31:18+00:00,manufacturer_device_database,atdf_variant_record
microchip::atsaml21e18b-mn,microchip::atsaml21e18b,Microchip,SAML21,SAML21,SAML21,ATSAML21E18B,ATSAML21E18B-MN,-MN,,,,QFN32,-40..105 °C,,unknown,microchip-atdf:SAML21_DFP@3.8.229,https://packs.download.microchip.com/Microchip.SAML21_DFP.3.8.229.pack,2026-08-12T09:31:18+00:00,manufacturer_device_database,atdf_variant_record
microchip::atsaml21e18b-mu,microchip::atsaml21e18b,Microchip,SAML21,SAML21,SAML21,ATSAML21E18B,ATSAML21E18B-MU,-MU,,,,QFN32,-40..85 °C,,unknown,microchip-atdf:SAML21_DFP@3.8.229,https://packs.download.microchip.com/Microchip.SAML21_DFP.3.8.229.pack,2026-08-12T09:31:18+00:00,manufacturer_device_database,atdf_variant_record
microchip::atsaml21g16b-an,microchip::atsaml21g16b,Microchip,SAML21,SAML21,SAML21,ATSAML21G16B,ATSAML21G16B-AN,-AN,,,,TQFP48,-40..105 °C,,unknown,microchip-atdf:SAML21_DFP@3.8.229,https://packs.download.microchip.com/Microchip.SAML21_DFP.3.8.229.pack,2026-08-12T09:31:18+00:00,manufacturer_device_database,atdf_variant_record
microchip::atsaml21g16b-au,microchip::atsaml21g16b,Microchip,SAML21,SAML21,SAML21,ATSAML21G16B,ATSAML21G16B-AU,-AU,,,,TQFP48,-40..85 °C,,unknown,microchip-atdf:SAML21_DFP@3.8.229,https://packs.download.microchip.com/Microchip.SAML21_DFP.3.8.229.pack,2026-08-12T09:31:18+00:00,manufacturer_device_database,atdf_variant_record
microchip::atsaml21g16b-mn,microchip::atsaml21g16b,Microchip,SAML21,SAML21,SAML21,ATSAML21G16B,ATSAML21G16B-MN,-MN,,,,QFN48,-40..105 °C,,unknown,microchip-atdf:SAML21_DFP@3.8.229,https://packs.download.microchip.com/Microchip.SAML21_DFP.3.8.229.pack,2026-08-12T09:31:18+00:00,manufacturer_device_database,atdf_variant_record
microchip::atsaml21g16b-mu,microchip::atsaml21g16b,Microchip,SAML21,SAML21,SAML21,ATSAML21G16B,ATSAML21G16B-MU,-MU,,,,QFN48,-40..85 °C,,unknown,microchip-atdf:SAML21_DFP@3.8.229,https://packs.download.microchip.com/Microchip.SAML21_DFP.3.8.229.pack,2026-08-12T09:31:18+00:00,manufacturer_device_database,atdf_variant_record
microchip::atsaml21g17b-an,microchip::atsaml21g17b,Microchip,SAML21,SAML21,SAML21,ATSAML21G17B,ATSAML21G17B-AN,-AN,,,,TQFP48,-40..105 °C,,unknown,microchip-atdf:SAML21_DFP@3.8.229,https://packs.download.microchip.com/Microchip.SAML21_DFP.3.8.229.pack,2026-08-12T09:31:18+00:00,manufacturer_device_database,atdf_variant_record
microchip::atsaml21g17b-au,microchip::atsaml21g17b,Microchip,SAML21,SAML21,SAML21,ATSAML21G17B,ATSAML21G17B-AU,-AU,,,,TQFP48,-40..85 °C,,unknown,microchip-atdf:SAML21_DFP@3.8.229,https://packs.download.microchip.com/Microchip.SAML21_DFP.3.8.229.pack,2026-08-12T09:31:18+00:00,manufacturer_device_database,atdf_variant_record
microchip::atsaml21g17b-mn,microchip::atsaml21g17b,Microchip,SAML21,SAML21,SAML21,ATSAML21G17B,ATSAML21G17B-MN,-MN,,,,QFN48,-40..105 °C,,unknown,microchip-atdf:SAML21_DFP@3.8.229,https://packs.download.microchip.com/Microchip.SAML21_DFP.3.8.229.pack,2026-08-12T09:31:18+00:00,manufacturer_device_database,atdf_variant_record
microchip::atsaml21g17b-mu,microchip::atsaml21g17b,Microchip,SAML21,SAML21,SAML21,ATSAML21G17B,ATSAML21G17B-MU,-MU,,,,QFN48,-40..85 °C,,unknown,microchip-atdf:SAML21_DFP@3.8.229,https://packs.download.microchip.com/Microchip.SAML21_DFP.3.8.229.pack,2026-08-12T09:31:18+00:00,manufacturer_device_database,atdf_variant_record
microchip::atsaml21g18b-an,microchip::atsaml21g18b,Microchip,SAML21,SAML21,SAML21,ATSAML21G18B,ATSAML21G18B-AN,-AN,,,,TQFP48,-40..105 °C,,unknown,microchip-atdf:SAML21_DFP@3.8.229,https://packs.download.microchip.com/Microchip.SAML21_DFP.3.8.229.pack,2026-08-12T09:31:18+00:00,manufacturer_device_database,atdf_variant_record
microchip::atsaml21g18b-au,microchip::atsaml21g18b,Microchip,SAML21,SAML21,SAML21,ATSAML21G18B,ATSAML21G18B-AU,-AU,,,,TQFP48,-40..85 °C,,unknown,microchip-atdf:SAML21_DFP@3.8.229,https://packs.download.microchip.com/Microchip.SAML21_DFP.3.8.229.pack,2026-08-12T09:31:18+00:00,manufacturer_device_database,atdf_variant_record
microchip::atsaml21g18b-mn,microchip::atsaml21g18b,Microchip,SAML21,SAML21,SAML21,ATSAML21G18B,ATSAML21G18B-MN,-MN,,,,QFN48,-40..105 °C,,unknown,microchip-atdf:SAML21_DFP@3.8.229,https://packs.download.microchip.com/Microchip.SAML21_DFP.3.8.229.pack,2026-08-12T09:31:18+00:00,manufacturer_device_database,atdf_variant_record
microchip::atsaml21g18b-mu,microchip::atsaml21g18b,Microchip,SAML21,SAML21,SAML21,ATSAML21G18B,ATSAML21G18B-MU,-MU,,,,QFN48,-40..85 °C,,unknown,microchip-atdf:SAML21_DFP@3.8.229,https://packs.download.microchip.com/Microchip.SAML21_DFP.3.8.229.pack,2026-08-12T09:31:18+00:00,manufacturer_device_database,atdf_variant_record
microchip::atsaml21j16b-an,microchip::atsaml21j16b,Microchip,SAML21,SAML21,SAML21,ATSAML21J16B,ATSAML21J16B-AN,-AN,,,,TQFP64,-40..105 °C,,unknown,microchip-atdf:SAML21_DFP@3.8.229,https://packs.download.microchip.com/Microchip.SAML21_DFP.3.8.229.pack,2026-08-12T09:31:18+00:00,manufacturer_device_database,atdf_variant_record
microchip::atsaml21j16b-au,microchip::atsaml21j16b,Microchip,SAML21,SAML21,SAML21,ATSAML21J16B,ATSAML21J16B-AU,-AU,,,,TQFP64,-40..85 °C,,unknown,microchip-atdf:SAML21_DFP@3.8.229,https://packs.download.microchip.com/Microchip.SAML21_DFP.3.8.229.pack,2026-08-12T09:31:18+00:00,manufacturer_device_database,atdf_variant_record
microchip::atsaml21j16b-mn,microchip::atsaml21j16b,Microchip,SAML21,SAML21,SAML21,ATSAML21J16B,ATSAML21J16B-MN,-MN,,,,QFN64,-40..105 °C,,unknown,microchip-atdf:SAML21_DFP@3.8.229,https://packs.download.microchip.com/Microchip.SAML21_DFP.3.8.229.pack,2026-08-12T09:31:18+00:00,manufacturer_device_database,atdf_variant_record
microchip::atsaml21j16b-mu,microchip::atsaml21j16b,Microchip,SAML21,SAML21,SAML21,ATSAML21J16B,ATSAML21J16B-MU,-MU,,,,QFN64,-40..85 °C,,unknown,microchip-atdf:SAML21_DFP@3.8.229,https://packs.download.microchip.com/Microchip.SAML21_DFP.3.8.229.pack,2026-08-12T09:31:18+00:00,manufacturer_device_database,atdf_variant_record
microchip::atsaml21j17b-an,microchip::atsaml21j17b,Microchip,SAML21,SAML21,SAML21,ATSAML21J17B,ATSAML21J17B-AN,-AN,,,,TQFP64,-40..105 °C,,unknown,microchip-atdf:SAML21_DFP@3.8.229,https://packs.download.microchip.com/Microchip.SAML21_DFP.3.8.229.pack,2026-08-12T09:31:18+00:00,manufacturer_device_database,atdf_variant_record
microchip::atsaml21j17b-au,microchip::atsaml21j17b,Microchip,SAML21,SAML21,SAML21,ATSAML21J17B,ATSAML21J17B-AU,-AU,,,,TQFP64,-40..85 °C,,unknown,microchip-atdf:SAML21_DFP@3.8.229,https://packs.download.microchip.com/Microchip.SAML21_DFP.3.8.229.pack,2026-08-12T09:31:18+00:00,manufacturer_device_database,atdf_variant_record
microchip::atsaml21j17b-mn,microchip::atsaml21j17b,Microchip,SAML21,SAML21,SAML21,ATSAML21J17B,ATSAML21J17B-MN,-MN,,,,QFN64,-40..105 °C,,unknown,microchip-atdf:SAML21_DFP@3.8.229,https://packs.download.microchip.com/Microchip.SAML21_DFP.3.8.229.pack,2026-08-12T09:31:18+00:00,manufacturer_device_database,atdf_variant_record
microchip::atsaml21j17b-mu,microchip::atsaml21j17b,Microchip,SAML21,SAML21,SAML21,ATSAML21J17B,ATSAML21J17B-MU,-MU,,,,QFN64,-40..85 °C,,unknown,microchip-atdf:SAML21_DFP@3.8.229,https://packs.download.microchip.com/Microchip.SAML21_DFP.3.8.229.pack,2026-08-12T09:31:18+00:00,manufacturer_device_database,atdf_variant_record
microchip::atsaml21j17b-uu,microchip::atsaml21j17bu,Microchip,SAML21,SAML21,SAML21,ATSAML21J17BU,ATSAML21J17B-UU,,,,,WLCSP64GLW,-40..85 °C,,unknown,microchip-atdf:SAML21_DFP@3.8.229,https://packs.download.microchip.com/Microchip.SAML21_DFP.3.8.229.pack,2026-08-12T09:31:18+00:00,manufacturer_device_database,atdf_variant_record
microchip::atsaml21j18b-an,microchip::atsaml21j18b,Microchip,SAML21,SAML21,SAML21,ATSAML21J18B,ATSAML21J18B-AN,-AN,,,,TQFP64,-40..105 °C,,unknown,microchip-atdf:SAML21_DFP@3.8.229,https://packs.download.microchip.com/Microchip.SAML21_DFP.3.8.229.pack,2026-08-12T09:31:18+00:00,manufacturer_device_database,atdf_variant_record
microchip::atsaml21j18b-au,microchip::atsaml21j18b,Microchip,SAML21,SAML21,SAML21,ATSAML21J18B,ATSAML21J18B-AU,-AU,,,,TQFP64,-40..85 °C,,unknown,microchip-atdf:SAML21_DFP@3.8.229,https://packs.download.microchip.com/Microchip.SAML21_DFP.3.8.229.pack,2026-08-12T09:31:18+00:00,manufacturer_device_database,atdf_variant_record
microchip::atsaml21j18b-mn,microchip::atsaml21j18b,Microchip,SAML21,SAML21,SAML21,ATSAML21J18B,ATSAML21J18B-MN,-MN,,,,QFN64,-40..105 °C,,unknown,microchip-atdf:SAML21_DFP@3.8.229,https://packs.download.microchip.com/Microchip.SAML21_DFP.3.8.229.pack,2026-08-12T09:31:18+00:00,manufacturer_device_database,atdf_variant_record
microchip::atsaml21j18b-mu,microchip::atsaml21j18b,Microchip,SAML21,SAML21,SAML21,ATSAML21J18B,ATSAML21J18B-MU,-MU,,,,QFN64,-40..85 °C,,unknown,microchip-atdf:SAML21_DFP@3.8.229,https://packs.download.microchip.com/Microchip.SAML21_DFP.3.8.229.pack,2026-08-12T09:31:18+00:00,manufacturer_device_database,atdf_variant_record
microchip::atsaml21j18b-uu,microchip::atsaml21j18bu,Microchip,SAML21,SAML21,SAML21,ATSAML21J18BU,ATSAML21J18B-UU,,,,,WLCSP64GLW,-40..85 °C,,unknown,microchip-atdf:SAML21_DFP@3.8.229,https://packs.download.microchip.com/Microchip.SAML21_DFP.3.8.229.pack,2026-08-12T09:31:18+00:00,manufacturer_device_database,atdf_variant_record
microchip::atsaml22g16a-an,microchip::atsaml22g16a,Microchip,SAML22,SAML22,SAML22,ATSAML22G16A,ATSAML22G16A-AN,-AN,,,,TQFP48,-40..105 °C,,unknown,microchip-atdf:SAML22_DFP@3.8.203,https://packs.download.microchip.com/Microchip.SAML22_DFP.3.8.203.pack,2026-08-12T09:31:18+00:00,manufacturer_device_database,atdf_variant_record
microchip::atsaml22g16a-au,microchip::atsaml22g16a,Microchip,SAML22,SAML22,SAML22,ATSAML22G16A,ATSAML22G16A-AU,-AU,,,,TQFP48,-40..85 °C,,unknown,microchip-atdf:SAML22_DFP@3.8.203,https://packs.download.microchip.com/Microchip.SAML22_DFP.3.8.203.pack,2026-08-12T09:31:18+00:00,manufacturer_device_database,atdf_variant_record
microchip::atsaml22g16a-mn,microchip::atsaml22g16a,Microchip,SAML22,SAML22,SAML22,ATSAML22G16A,ATSAML22G16A-MN,-MN,,,,QFN48,-40..105 °C,,unknown,microchip-atdf:SAML22_DFP@3.8.203,https://packs.download.microchip.com/Microchip.SAML22_DFP.3.8.203.pack,2026-08-12T09:31:18+00:00,manufacturer_device_database,atdf_variant_record
microchip::atsaml22g16a-mu,microchip::atsaml22g16a,Microchip,SAML22,SAML22,SAML22,ATSAML22G16A,ATSAML22G16A-MU,-MU,,,,QFN48,-40..85 °C,,unknown,microchip-atdf:SAML22_DFP@3.8.203,https://packs.download.microchip.com/Microchip.SAML22_DFP.3.8.203.pack,2026-08-12T09:31:18+00:00,manufacturer_device_database,atdf_variant_record
microchip::atsaml22g17a-an,microchip::atsaml22g17a,Microchip,SAML22,SAML22,SAML22,ATSAML22G17A,ATSAML22G17A-AN,-AN,,,,TQFP48,-40..105 °C,,unknown,microchip-atdf:SAML22_DFP@3.8.203,https://packs.download.microchip.com/Microchip.SAML22_DFP.3.8.203.pack,2026-08-12T09:31:18+00:00,manufacturer_device_database,atdf_variant_record
microchip::atsaml22g17a-au,microchip::atsaml22g17a,Microchip,SAML22,SAML22,SAML22,ATSAML22G17A,ATSAML22G17A-AU,-AU,,,,TQFP48,-40..85 °C,,unknown,microchip-atdf:SAML22_DFP@3.8.203,https://packs.download.microchip.com/Microchip.SAML22_DFP.3.8.203.pack,2026-08-12T09:31:18+00:00,manufacturer_device_database,atdf_variant_record
microchip::atsaml22g17a-mn,microchip::atsaml22g17a,Microchip,SAML22,SAML22,SAML22,ATSAML22G17A,ATSAML22G17A-MN,-MN,,,,QFN48,-40..105 °C,,unknown,microchip-atdf:SAML22_DFP@3.8.203,https://packs.download.microchip.com/Microchip.SAML22_DFP.3.8.203.pack,2026-08-12T09:31:18+00:00,manufacturer_device_database,atdf_variant_record
microchip::atsaml22g17a-mu,microchip::atsaml22g17a,Microchip,SAML22,SAML22,SAML22,ATSAML22G17A,ATSAML22G17A-MU,-MU,,,,QFN48,-40..85 °C,,unknown,microchip-atdf:SAML22_DFP@3.8.203,https://packs.download.microchip.com/Microchip.SAML22_DFP.3.8.203.pack,2026-08-12T09:31:18+00:00,manufacturer_device_database,atdf_variant_record
microchip::atsaml22g17a-uu,microchip::atsaml22g17a,Microchip,SAML22,SAML22,SAML22,ATSAML22G17A,ATSAML22G17A-UU,-UU,,,,WLCSP49,-40..85 °C,,unknown,microchip-atdf:SAML22_DFP@3.8.203,https://packs.download.microchip.com/Microchip.SAML22_DFP.3.8.203.pack,2026-08-12T09:31:18+00:00,manufacturer_device_database,atdf_variant_record
microchip::atsaml22g18a-an,microchip::atsaml22g18a,Microchip,SAML22,SAML22,SAML22,ATSAML22G18A,ATSAML22G18A-AN,-AN,,,,TQFP48,-40..105 °C,,unknown,microchip-atdf:SAML22_DFP@3.8.203,https://packs.download.microchip.com/Microchip.SAML22_DFP.3.8.203.pack,2026-08-12T09:31:18+00:00,manufacturer_device_database,atdf_variant_record
microchip::atsaml22g18a-au,microchip::atsaml22g18a,Microchip,SAML22,SAML22,SAML22,ATSAML22G18A,ATSAML22G18A-AU,-AU,,,,TQFP48,-40..85 °C,,unknown,microchip-atdf:SAML22_DFP@3.8.203,https://packs.download.microchip.com/Microchip.SAML22_DFP.3.8.203.pack,2026-08-12T09:31:18+00:00,manufacturer_device_database,atdf_variant_record
microchip::atsaml22g18a-mn,microchip::atsaml22g18a,Microchip,SAML22,SAML22,SAML22,ATSAML22G18A,ATSAML22G18A-MN,-MN,,,,QFN48,-40..105 °C,,unknown,microchip-atdf:SAML22_DFP@3.8.203,https://packs.download.microchip.com/Microchip.SAML22_DFP.3.8.203.pack,2026-08-12T09:31:18+00:00,manufacturer_device_database,atdf_variant_record
microchip::atsaml22g18a-mu,microchip::atsaml22g18a,Microchip,SAML22,SAML22,SAML22,ATSAML22G18A,ATSAML22G18A-MU,-MU,,,,QFN48,-40..85 °C,,unknown,microchip-atdf:SAML22_DFP@3.8.203,https://packs.download.microchip.com/Microchip.SAML22_DFP.3.8.203.pack,2026-08-12T09:31:18+00:00,manufacturer_device_database,atdf_variant_record
microchip::atsaml22g18a-uu,microchip::atsaml22g18a,Microchip,SAML22,SAML22,SAML22,ATSAML22G18A,ATSAML22G18A-UU,-UU,,,,WLCSP49,-40..85 °C,,unknown,microchip-atdf:SAML22_DFP@3.8.203,https://packs.download.microchip.com/Microchip.SAML22_DFP.3.8.203.pack,2026-08-12T09:31:18+00:00,manufacturer_device_database,atdf_variant_record
microchip::atsaml22j16a-an,microchip::atsaml22j16a,Microchip,SAML22,SAML22,SAML22,ATSAML22J16A,ATSAML22J16A-AN,-AN,,,,TQFP64,-40..105 °C,,unknown,microchip-atdf:SAML22_DFP@3.8.203,https://packs.download.microchip.com/Microchip.SAML22_DFP.3.8.203.pack,2026-08-12T09:31:18+00:00,manufacturer_device_database,atdf_variant_record
microchip::atsaml22j16a-au,microchip::atsaml22j16a,Microchip,SAML22,SAML22,SAML22,ATSAML22J16A,ATSAML22J16A-AU,-AU,,,,TQFP64,-40..85 °C,,unknown,microchip-atdf:SAML22_DFP@3.8.203,https://packs.download.microchip.com/Microchip.SAML22_DFP.3.8.203.pack,2026-08-12T09:31:18+00:00,manufacturer_device_database,atdf_variant_record
microchip::atsaml22j16a-mn,microchip::atsaml22j16a,Microchip,SAML22,SAML22,SAML22,ATSAML22J16A,ATSAML22J16A-MN,-MN,,,,QFN64,-40..105 °C,,unknown,microchip-atdf:SAML22_DFP@3.8.203,https://packs.download.microchip.com/Microchip.SAML22_DFP.3.8.203.pack,2026-08-12T09:31:18+00:00,manufacturer_device_database,atdf_variant_record
microchip::atsaml22j16a-mu,microchip::atsaml22j16a,Microchip,SAML22,SAML22,SAML22,ATSAML22J16A,ATSAML22J16A-MU,-MU,,,,QFN64,-40..85 °C,,unknown,microchip-atdf:SAML22_DFP@3.8.203,https://packs.download.microchip.com/Microchip.SAML22_DFP.3.8.203.pack,2026-08-12T09:31:18+00:00,manufacturer_device_database,atdf_variant_record
microchip::atsaml22j17a-an,microchip::atsaml22j17a,Microchip,SAML22,SAML22,SAML22,ATSAML22J17A,ATSAML22J17A-AN,-AN,,,,TQFP64,-40..105 °C,,unknown,microchip-atdf:SAML22_DFP@3.8.203,https://packs.download.microchip.com/Microchip.SAML22_DFP.3.8.203.pack,2026-08-12T09:31:18+00:00,manufacturer_device_database,atdf_variant_record
microchip::atsaml22j17a-au,microchip::atsaml22j17a,Microchip,SAML22,SAML22,SAML22,ATSAML22J17A,ATSAML22J17A-AU,-AU,,,,TQFP64,-40..85 °C,,unknown,microchip-atdf:SAML22_DFP@3.8.203,https://packs.download.microchip.com/Microchip.SAML22_DFP.3.8.203.pack,2026-08-12T09:31:18+00:00,manufacturer_device_database,atdf_variant_record
microchip::atsaml22j17a-mn,microchip::atsaml22j17a,Microchip,SAML22,SAML22,SAML22,ATSAML22J17A,ATSAML22J17A-MN,-MN,,,,QFN64,-40..105 °C,,unknown,microchip-atdf:SAML22_DFP@3.8.203,https://packs.download.microchip.com/Microchip.SAML22_DFP.3.8.203.pack,2026-08-12T09:31:18+00:00,manufacturer_device_database,atdf_variant_record
microchip::atsaml22j17a-mu,microchip::atsaml22j17a,Microchip,SAML22,SAML22,SAML22,ATSAML22J17A,ATSAML22J17A-MU,-MU,,,,QFN64,-40..85 °C,,unknown,microchip-atdf:SAML22_DFP@3.8.203,https://packs.download.microchip.com/Microchip.SAML22_DFP.3.8.203.pack,2026-08-12T09:31:18+00:00,manufacturer_device_database,atdf_variant_record
microchip::atsaml22j18a-an,microchip::atsaml22j18a,Microchip,SAML22,SAML22,SAML22,ATSAML22J18A,ATSAML22J18A-AN,-AN,,,,TQFP64,-40..105 °C,,unknown,microchip-atdf:SAML22_DFP@3.8.203,https://packs.download.microchip.com/Microchip.SAML22_DFP.3.8.203.pack,2026-08-12T09:31:18+00:00,manufacturer_device_database,atdf_variant_record
microchip::atsaml22j18a-au,microchip::atsaml22j18a,Microchip,SAML22,SAML22,SAML22,ATSAML22J18A,ATSAML22J18A-AU,-AU,,,,TQFP64,-40..85 °C,,unknown,microchip-atdf:SAML22_DFP@3.8.203,https://packs.download.microchip.com/Microchip.SAML22_DFP.3.8.203.pack,2026-08-12T09:31:18+00:00,manufacturer_device_database,atdf_variant_record
microchip::atsaml22j18a-mn,microchip::atsaml22j18a,Microchip,SAML22,SAML22,SAML22,ATSAML22J18A,ATSAML22J18A-MN,-MN,,,,QFN64,-40..105 °C,,unknown,microchip-atdf:SAML22_DFP@3.8.203,https://packs.download.microchip.com/Microchip.SAML22_DFP.3.8.203.pack,2026-08-12T09:31:18+00:00,manufacturer_device_database,atdf_variant_record
microchip::atsaml22j18a-mu,microchip::atsaml22j18a,Microchip,SAML22,SAML22,SAML22,ATSAML22J18A,ATSAML22J18A-MU,-MU,,,,QFN64,-40..85 °C,,unknown,microchip-atdf:SAML22_DFP@3.8.203,https://packs.download.microchip.com/Microchip.SAML22_DFP.3.8.203.pack,2026-08-12T09:31:18+00:00,manufacturer_device_database,atdf_variant_record
microchip::atsaml22n16a-an,microchip::atsaml22n16a,Microchip,SAML22,SAML22,SAML22,ATSAML22N16A,ATSAML22N16A-AN,-AN,,,,TQFP100,-40..105 °C,,unknown,microchip-atdf:SAML22_DFP@3.8.203,https://packs.download.microchip.com/Microchip.SAML22_DFP.3.8.203.pack,2026-08-12T09:31:18+00:00,manufacturer_device_database,atdf_variant_record
microchip::atsaml22n16a-au,microchip::atsaml22n16a,Microchip,SAML22,SAML22,SAML22,ATSAML22N16A,ATSAML22N16A-AU,-AU,,,,TQFP100,-40..85 °C,,unknown,microchip-atdf:SAML22_DFP@3.8.203,https://packs.download.microchip.com/Microchip.SAML22_DFP.3.8.203.pack,2026-08-12T09:31:18+00:00,manufacturer_device_database,atdf_variant_record
microchip::atsaml22n16a-cfu,microchip::atsaml22n16a,Microchip,SAML22,SAML22,SAML22,ATSAML22N16A,ATSAML22N16A-CFU,-CFU,,,,BGA100,-40..85 °C,,unknown,microchip-atdf:SAML22_DFP@3.8.203,https://packs.download.microchip.com/Microchip.SAML22_DFP.3.8.203.pack,2026-08-12T09:31:18+00:00,manufacturer_device_database,atdf_variant_record
microchip::atsaml22n17a-an,microchip::atsaml22n17a,Microchip,SAML22,SAML22,SAML22,ATSAML22N17A,ATSAML22N17A-AN,-AN,,,,TQFP100,-40..105 °C,,unknown,microchip-atdf:SAML22_DFP@3.8.203,https://packs.download.microchip.com/Microchip.SAML22_DFP.3.8.203.pack,2026-08-12T09:31:18+00:00,manufacturer_device_database,atdf_variant_record
microchip::atsaml22n17a-au,microchip::atsaml22n17a,Microchip,SAML22,SAML22,SAML22,ATSAML22N17A,ATSAML22N17A-AU,-AU,,,,TQFP100,-40..85 °C,,unknown,microchip-atdf:SAML22_DFP@3.8.203,https://packs.download.microchip.com/Microchip.SAML22_DFP.3.8.203.pack,2026-08-12T09:31:18+00:00,manufacturer_device_database,atdf_variant_record
microchip::atsaml22n17a-cfu,microchip::atsaml22n17a,Microchip,SAML22,SAML22,SAML22,ATSAML22N17A,ATSAML22N17A-CFU,-CFU,,,,BGA100,-40..85 °C,,unknown,microchip-atdf:SAML22_DFP@3.8.203,https://packs.download.microchip.com/Microchip.SAML22_DFP.3.8.203.pack,2026-08-12T09:31:18+00:00,manufacturer_device_database,atdf_variant_record
microchip::atsaml22n18a-an,microchip::atsaml22n18a,Microchip,SAML22,SAML22,SAML22,ATSAML22N18A,ATSAML22N18A-AN,-AN,,,,TQFP100,-40..105 °C,,unknown,microchip-atdf:SAML22_DFP@3.8.203,https://packs.download.microchip.com/Microchip.SAML22_DFP.3.8.203.pack,2026-08-12T09:31:18+00:00,manufacturer_device_database,atdf_variant_record
microchip::atsaml22n18a-au,microchip::atsaml22n18a,Microchip,SAML22,SAML22,SAML22,ATSAML22N18A,ATSAML22N18A-AU,-AU,,,,TQFP100,-40..85 °C,,unknown,microchip-atdf:SAML22_DFP@3.8.203,https://packs.download.microchip.com/Microchip.SAML22_DFP.3.8.203.pack,2026-08-12T09:31:18+00:00,manufacturer_device_database,atdf_variant_record
microchip::atsaml22n18a-cfu,microchip::atsaml22n18a,Microchip,SAML22,SAML22,SAML22,ATSAML22N18A,ATSAML22N18A-CFU,-CFU,,,,BGA100,-40..85 °C,,unknown,microchip-atdf:SAML22_DFP@3.8.203,https://packs.download.microchip.com/Microchip.SAML22_DFP.3.8.203.pack,2026-08-12T09:31:18+00:00,manufacturer_device_database,atdf_variant_record
microchip::atsamr30e18a-mu,microchip::atsamr30e18a,Microchip,SAMR30,SAMR30,SAMR30,ATSAMR30E18A,ATSAMR30E18A-MU,-MU,,,,QFN32,-40..85 °C,,unknown,microchip-atdf:SAMR30_DFP@2.0.47,https://packs.download.microchip.com/Microchip.SAMR30_DFP.2.0.47.pack,2026-08-12T09:31:18+00:00,manufacturer_device_database,atdf_variant_record
microchip::atsamr30g18a-mu,microchip::atsamr30g18a,Microchip,SAMR30,SAMR30,SAMR30,ATSAMR30G18A,ATSAMR30G18A-MU,-MU,,,,QFN48,-40..85 °C,,unknown,microchip-atdf:SAMR30_DFP@2.0.47,https://packs.download.microchip.com/Microchip.SAMR30_DFP.2.0.47.pack,2026-08-12T09:31:18+00:00,manufacturer_device_database,atdf_variant_record
microchip::atsamr34j16b-cu,microchip::atsamr34j16b,Microchip,SAMR34,SAMR34,SAMR34,ATSAMR34J16B,ATSAMR34J16B-CU,-CU,,,,BGA64,-40..85 °C,,unknown,microchip-atdf:SAMR34_DFP@2.2.187,https://packs.download.microchip.com/Microchip.SAMR34_DFP.2.2.187.pack,2026-08-12T09:31:18+00:00,manufacturer_device_database,atdf_variant_record
microchip::atsamr34j17b-cu,microchip::atsamr34j17b,Microchip,SAMR34,SAMR34,SAMR34,ATSAMR34J17B,ATSAMR34J17B-CU,-CU,,,,BGA64,-40..85 °C,,unknown,microchip-atdf:SAMR34_DFP@2.2.187,https://packs.download.microchip.com/Microchip.SAMR34_DFP.2.2.187.pack,2026-08-12T09:31:18+00:00,manufacturer_device_database,atdf_variant_record
microchip::atsamr34j18b-cu,microchip::atsamr34j18b,Microchip,SAMR34,SAMR34,SAMR34,ATSAMR34J18B,ATSAMR34J18B-CU,-CU,,,,BGA64,-40..85 °C,,unknown,microchip-atdf:SAMR34_DFP@2.2.187,https://packs.download.microchip.com/Microchip.SAMR34_DFP.2.2.187.pack,2026-08-12T09:31:18+00:00,manufacturer_device_database,atdf_variant_record
microchip::atsamrh71f20c-7gb-e,microchip::atsamrh71f20c,Microchip,SAMRH71,SAMRH71,SAMRH71,ATSAMRH71F20C,ATSAMRH71F20C-7GB-E,-7GB-E,,,,CQFP256,+25..+25 °C,,unknown,microchip-atdf:SAMRH71_DFP@2.8.290,https://packs.download.microchip.com/Microchip.SAMRH71_DFP.2.8.290.pack,2026-08-12T09:31:18+00:00,manufacturer_device_database,atdf_variant_record
microchip::atsamrh71f20c-7gb-mq,microchip::atsamrh71f20c,Microchip,SAMRH71,SAMRH71,SAMRH71,ATSAMRH71F20C,ATSAMRH71F20C-7GB-MQ,-7GB-MQ,,,,CQFP256,-55..+125 °C,,unknown,microchip-atdf:SAMRH71_DFP@2.8.290,https://packs.download.microchip.com/Microchip.SAMRH71_DFP.2.8.290.pack,2026-08-12T09:31:18+00:00,manufacturer_device_database,atdf_variant_record
microchip::atsamrh71f20c-7gb-sv,microchip::atsamrh71f20c,Microchip,SAMRH71,SAMRH71,SAMRH71,ATSAMRH71F20C,ATSAMRH71F20C-7GB-SV,-7GB-SV,,,,CQFP256,-55..+125 °C,,unknown,microchip-atdf:SAMRH71_DFP@2.8.290,https://packs.download.microchip.com/Microchip.SAMRH71_DFP.2.8.290.pack,2026-08-12T09:31:18+00:00,manufacturer_device_database,atdf_variant_record
microchip::atsams70j19b-an,microchip::atsams70j19b,Microchip,SAMS70,SAMS70,SAMS70,ATSAMS70J19B,ATSAMS70J19B-AN,-AN,,,,LQFP64,-40..+105 °C,,unknown,microchip-atdf:SAMS70_DFP@4.12.234,https://packs.download.microchip.com/Microchip.SAMS70_DFP.4.12.234.pack,2026-08-12T09:31:18+00:00,manufacturer_device_database,atdf_variant_record
microchip::atsams70j19b-mn,microchip::atsams70j19b,Microchip,SAMS70,SAMS70,SAMS70,ATSAMS70J19B,ATSAMS70J19B-MN,-MN,,,,QFN64,-40..+105 °C,,unknown,microchip-atdf:SAMS70_DFP@4.12.234,https://packs.download.microchip.com/Microchip.SAMS70_DFP.4.12.234.pack,2026-08-12T09:31:18+00:00,manufacturer_device_database,atdf_variant_record
microchip::atsams70j20b-an,microchip::atsams70j20b,Microchip,SAMS70,SAMS70,SAMS70,ATSAMS70J20B,ATSAMS70J20B-AN,-AN,,,,LQFP64,-40..+105 °C,,unknown,microchip-atdf:SAMS70_DFP@4.12.234,https://packs.download.microchip.com/Microchip.SAMS70_DFP.4.12.234.pack,2026-08-12T09:31:18+00:00,manufacturer_device_database,atdf_variant_record
microchip::atsams70j20b-mn,microchip::atsams70j20b,Microchip,SAMS70,SAMS70,SAMS70,ATSAMS70J20B,ATSAMS70J20B-MN,-MN,,,,QFN64,-40..+105 °C,,unknown,microchip-atdf:SAMS70_DFP@4.12.234,https://packs.download.microchip.com/Microchip.SAMS70_DFP.4.12.234.pack,2026-08-12T09:31:18+00:00,manufacturer_device_database,atdf_variant_record
microchip::atsams70j21b-an,microchip::atsams70j21b,Microchip,SAMS70,SAMS70,SAMS70,ATSAMS70J21B,ATSAMS70J21B-AN,-AN,,,,LQFP64,-40..+105 °C,,unknown,microchip-atdf:SAMS70_DFP@4.12.234,https://packs.download.microchip.com/Microchip.SAMS70_DFP.4.12.234.pack,2026-08-12T09:31:18+00:00,manufacturer_device_database,atdf_variant_record
microchip::atsams70j21b-mn,microchip::atsams70j21b,Microchip,SAMS70,SAMS70,SAMS70,ATSAMS70J21B,ATSAMS70J21B-MN,-MN,,,,QFN64,-40..+105 °C,,unknown,microchip-atdf:SAMS70_DFP@4.12.234,https://packs.download.microchip.com/Microchip.SAMS70_DFP.4.12.234.pack,2026-08-12T09:31:18+00:00,manufacturer_device_database,atdf_variant_record
microchip::atsams70n19b-an,microchip::atsams70n19b,Microchip,SAMS70,SAMS70,SAMS70,ATSAMS70N19B,ATSAMS70N19B-AN,-AN,,,,LQFP100,-40..+105 °C,,unknown,microchip-atdf:SAMS70_DFP@4.12.234,https://packs.download.microchip.com/Microchip.SAMS70_DFP.4.12.234.pack,2026-08-12T09:31:18+00:00,manufacturer_device_database,atdf_variant_record
microchip::atsams70n19b-cfn,microchip::atsams70n19b,Microchip,SAMS70,SAMS70,SAMS70,ATSAMS70N19B,ATSAMS70N19B-CFN,-CFN,,,,VFBGA100,-40..+105 °C,,unknown,microchip-atdf:SAMS70_DFP@4.12.234,https://packs.download.microchip.com/Microchip.SAMS70_DFP.4.12.234.pack,2026-08-12T09:31:18+00:00,manufacturer_device_database,atdf_variant_record
microchip::atsams70n19b-cn,microchip::atsams70n19b,Microchip,SAMS70,SAMS70,SAMS70,ATSAMS70N19B,ATSAMS70N19B-CN,-CN,,,,TFBGA100,-40..+105 °C,,unknown,microchip-atdf:SAMS70_DFP@4.12.234,https://packs.download.microchip.com/Microchip.SAMS70_DFP.4.12.234.pack,2026-08-12T09:31:18+00:00,manufacturer_device_database,atdf_variant_record
microchip::atsams70n20b-an,microchip::atsams70n20b,Microchip,SAMS70,SAMS70,SAMS70,ATSAMS70N20B,ATSAMS70N20B-AN,-AN,,,,LQFP100,-40..+105 °C,,unknown,microchip-atdf:SAMS70_DFP@4.12.234,https://packs.download.microchip.com/Microchip.SAMS70_DFP.4.12.234.pack,2026-08-12T09:31:18+00:00,manufacturer_device_database,atdf_variant_record
microchip::atsams70n20b-cfn,microchip::atsams70n20b,Microchip,SAMS70,SAMS70,SAMS70,ATSAMS70N20B,ATSAMS70N20B-CFN,-CFN,,,,VFBGA100,-40..+105 °C,,unknown,microchip-atdf:SAMS70_DFP@4.12.234,https://packs.download.microchip.com/Microchip.SAMS70_DFP.4.12.234.pack,2026-08-12T09:31:18+00:00,manufacturer_device_database,atdf_variant_record
microchip::atsams70n20b-cn,microchip::atsams70n20b,Microchip,SAMS70,SAMS70,SAMS70,ATSAMS70N20B,ATSAMS70N20B-CN,-CN,,,,TFBGA100,-40..+105 °C,,unknown,microchip-atdf:SAMS70_DFP@4.12.234,https://packs.download.microchip.com/Microchip.SAMS70_DFP.4.12.234.pack,2026-08-12T09:31:18+00:00,manufacturer_device_database,atdf_variant_record
microchip::atsams70n21b-an,microchip::atsams70n21b,Microchip,SAMS70,SAMS70,SAMS70,ATSAMS70N21B,ATSAMS70N21B-AN,-AN,,,,LQFP100,-40..+105 °C,,unknown,microchip-atdf:SAMS70_DFP@4.12.234,https://packs.download.microchip.com/Microchip.SAMS70_DFP.4.12.234.pack,2026-08-12T09:31:18+00:00,manufacturer_device_database,atdf_variant_record
microchip::atsams70n21b-cfn,microchip::atsams70n21b,Microchip,SAMS70,SAMS70,SAMS70,ATSAMS70N21B,ATSAMS70N21B-CFN,-CFN,,,,VFBGA100,-40..+105 °C,,unknown,microchip-atdf:SAMS70_DFP@4.12.234,https://packs.download.microchip.com/Microchip.SAMS70_DFP.4.12.234.pack,2026-08-12T09:31:18+00:00,manufacturer_device_database,atdf_variant_record
microchip::atsams70n21b-cn,microchip::atsams70n21b,Microchip,SAMS70,SAMS70,SAMS70,ATSAMS70N21B,ATSAMS70N21B-CN,-CN,,,,TFBGA100,-40..+105 °C,,unknown,microchip-atdf:SAMS70_DFP@4.12.234,https://packs.download.microchip.com/Microchip.SAMS70_DFP.4.12.234.pack,2026-08-12T09:31:18+00:00,manufacturer_device_database,atdf_variant_record
microchip::atsams70q19b-an,microchip::atsams70q19b,Microchip,SAMS70,SAMS70,SAMS70,ATSAMS70Q19B,ATSAMS70Q19B-AN,-AN,,,,LQFP144,-40..+105 °C,,unknown,microchip-atdf:SAMS70_DFP@4.12.234,https://packs.download.microchip.com/Microchip.SAMS70_DFP.4.12.234.pack,2026-08-12T09:31:18+00:00,manufacturer_device_database,atdf_variant_record
microchip::atsams70q19b-cfn,microchip::atsams70q19b,Microchip,SAMS70,SAMS70,SAMS70,ATSAMS70Q19B,ATSAMS70Q19B-CFN,-CFN,,,,UFBGA144,-40..+105 °C,,unknown,microchip-atdf:SAMS70_DFP@4.12.234,https://packs.download.microchip.com/Microchip.SAMS70_DFP.4.12.234.pack,2026-08-12T09:31:18+00:00,manufacturer_device_database,atdf_variant_record
microchip::atsams70q19b-cn,microchip::atsams70q19b,Microchip,SAMS70,SAMS70,SAMS70,ATSAMS70Q19B,ATSAMS70Q19B-CN,-CN,,,,LFBGA144,-40..+105 °C,,unknown,microchip-atdf:SAMS70_DFP@4.12.234,https://packs.download.microchip.com/Microchip.SAMS70_DFP.4.12.234.pack,2026-08-12T09:31:18+00:00,manufacturer_device_database,atdf_variant_record
microchip::atsams70q20b-an,microchip::atsams70q20b,Microchip,SAMS70,SAMS70,SAMS70,ATSAMS70Q20B,ATSAMS70Q20B-AN,-AN,,,,LQFP144,-40..+105 °C,,unknown,microchip-atdf:SAMS70_DFP@4.12.234,https://packs.download.microchip.com/Microchip.SAMS70_DFP.4.12.234.pack,2026-08-12T09:31:18+00:00,manufacturer_device_database,atdf_variant_record
microchip::atsams70q20b-cfn,microchip::atsams70q20b,Microchip,SAMS70,SAMS70,SAMS70,ATSAMS70Q20B,ATSAMS70Q20B-CFN,-CFN,,,,UFBGA144,-40..+105 °C,,unknown,microchip-atdf:SAMS70_DFP@4.12.234,https://packs.download.microchip.com/Microchip.SAMS70_DFP.4.12.234.pack,2026-08-12T09:31:18+00:00,manufacturer_device_database,atdf_variant_record
microchip::atsams70q20b-cn,microchip::atsams70q20b,Microchip,SAMS70,SAMS70,SAMS70,ATSAMS70Q20B,ATSAMS70Q20B-CN,-CN,,,,LFBGA144,-40..+105 °C,,unknown,microchip-atdf:SAMS70_DFP@4.12.234,https://packs.download.microchip.com/Microchip.SAMS70_DFP.4.12.234.pack,2026-08-12T09:31:18+00:00,manufacturer_device_database,atdf_variant_record
microchip::atsams70q21b-an,microchip::atsams70q21b,Microchip,SAMS70,SAMS70,SAMS70,ATSAMS70Q21B,ATSAMS70Q21B-AN,-AN,,,,LQFP144,-40..+105 °C,,unknown,microchip-atdf:SAMS70_DFP@4.12.234,https://packs.download.microchip.com/Microchip.SAMS70_DFP.4.12.234.pack,2026-08-12T09:31:18+00:00,manufacturer_device_database,atdf_variant_record
microchip::atsams70q21b-cfn,microchip::atsams70q21b,Microchip,SAMS70,SAMS70,SAMS70,ATSAMS70Q21B,ATSAMS70Q21B-CFN,-CFN,,,,UFBGA144,-40..+105 °C,,unknown,microchip-atdf:SAMS70_DFP@4.12.234,https://packs.download.microchip.com/Microchip.SAMS70_DFP.4.12.234.pack,2026-08-12T09:31:18+00:00,manufacturer_device_database,atdf_variant_record
microchip::atsams70q21b-cn,microchip::atsams70q21b,Microchip,SAMS70,SAMS70,SAMS70,ATSAMS70Q21B,ATSAMS70Q21B-CN,-CN,,,,LFBGA144,-40..+105 °C,,unknown,microchip-atdf:SAMS70_DFP@4.12.234,https://packs.download.microchip.com/Microchip.SAMS70_DFP.4.12.234.pack,2026-08-12T09:31:18+00:00,manufacturer_device_database,atdf_variant_record
microchip::atsamv70j19b-aab,microchip::atsamv70j19b,Microchip,SAMV70,SAMV70,SAMV70,ATSAMV70J19B,ATSAMV70J19B-AAB,-AAB,,,,LQFP64,-40..+105 °C,,unknown,microchip-atdf:SAMV70_DFP@4.12.233,https://packs.download.microchip.com/Microchip.SAMV70_DFP.4.12.233.pack,2026-08-12T09:31:18+00:00,manufacturer_device_database,atdf_variant_record
microchip::atsamv70j20b-aab,microchip::atsamv70j20b,Microchip,SAMV70,SAMV70,SAMV70,ATSAMV70J20B,ATSAMV70J20B-AAB,-AAB,,,,LQFP64,-40..+105 °C,,unknown,microchip-atdf:SAMV70_DFP@4.12.233,https://packs.download.microchip.com/Microchip.SAMV70_DFP.4.12.233.pack,2026-08-12T09:31:18+00:00,manufacturer_device_database,atdf_variant_record
microchip::atsamv70n19b-aab,microchip::atsamv70n19b,Microchip,SAMV70,SAMV70,SAMV70,ATSAMV70N19B,ATSAMV70N19B-AAB,-AAB,,,,LQFP100,-40..+105 °C,,unknown,microchip-atdf:SAMV70_DFP@4.12.233,https://packs.download.microchip.com/Microchip.SAMV70_DFP.4.12.233.pack,2026-08-12T09:31:18+00:00,manufacturer_device_database,atdf_variant_record
microchip::atsamv70n19b-cb,microchip::atsamv70n19b,Microchip,SAMV70,SAMV70,SAMV70,ATSAMV70N19B,ATSAMV70N19B-CB,-CB,,,,TFBGA100,-40..+105 °C,,unknown,microchip-atdf:SAMV70_DFP@4.12.233,https://packs.download.microchip.com/Microchip.SAMV70_DFP.4.12.233.pack,2026-08-12T09:31:18+00:00,manufacturer_device_database,atdf_variant_record
microchip::atsamv70n20b-aab,microchip::atsamv70n20b,Microchip,SAMV70,SAMV70,SAMV70,ATSAMV70N20B,ATSAMV70N20B-AAB,-AAB,,,,LQFP100,-40..+105 °C,,unknown,microchip-atdf:SAMV70_DFP@4.12.233,https://packs.download.microchip.com/Microchip.SAMV70_DFP.4.12.233.pack,2026-08-12T09:31:18+00:00,manufacturer_device_database,atdf_variant_record
microchip::atsamv70n20b-cb,microchip::atsamv70n20b,Microchip,SAMV70,SAMV70,SAMV70,ATSAMV70N20B,ATSAMV70N20B-CB,-CB,,,,TFBGA100,-40..+105 °C,,unknown,microchip-atdf:SAMV70_DFP@4.12.233,https://packs.download.microchip.com/Microchip.SAMV70_DFP.4.12.233.pack,2026-08-12T09:31:18+00:00,manufacturer_device_database,atdf_variant_record
microchip::atsamv70q19b-aab,microchip::atsamv70q19b,Microchip,SAMV70,SAMV70,SAMV70,ATSAMV70Q19B,ATSAMV70Q19B-AAB,-AAB,,,,LQFP144,-40..+105 °C,,unknown,microchip-atdf:SAMV70_DFP@4.12.233,https://packs.download.microchip.com/Microchip.SAMV70_DFP.4.12.233.pack,2026-08-12T09:31:18+00:00,manufacturer_device_database,atdf_variant_record
microchip::atsamv70q19b-cb,microchip::atsamv70q19b,Microchip,SAMV70,SAMV70,SAMV70,ATSAMV70Q19B,ATSAMV70Q19B-CB,-CB,,,,TFBGA144,-40..+105 °C,,unknown,microchip-atdf:SAMV70_DFP@4.12.233,https://packs.download.microchip.com/Microchip.SAMV70_DFP.4.12.233.pack,2026-08-12T09:31:18+00:00,manufacturer_device_database,atdf_variant_record
microchip::atsamv70q20b-aab,microchip::atsamv70q20b,Microchip,SAMV70,SAMV70,SAMV70,ATSAMV70Q20B,ATSAMV70Q20B-AAB,-AAB,,,,LQFP144,-40..+105 °C,,unknown,microchip-atdf:SAMV70_DFP@4.12.233,https://packs.download.microchip.com/Microchip.SAMV70_DFP.4.12.233.pack,2026-08-12T09:31:18+00:00,manufacturer_device_database,atdf_variant_record
microchip::atsamv70q20b-cb,microchip::atsamv70q20b,Microchip,SAMV70,SAMV70,SAMV70,ATSAMV70Q20B,ATSAMV70Q20B-CB,-CB,,,,TFBGA144,-40..+105 °C,,unknown,microchip-atdf:SAMV70_DFP@4.12.233,https://packs.download.microchip.com/Microchip.SAMV70_DFP.4.12.233.pack,2026-08-12T09:31:18+00:00,manufacturer_device_database,atdf_variant_record
microchip::atsamv71j19b-aab,microchip::atsamv71j19b,Microchip,SAMV71,SAMV71,SAMV71,ATSAMV71J19B,ATSAMV71J19B-AAB,-AAB,,,,LQFP64,-40..+105 °C,,unknown,microchip-atdf:SAMV71_DFP@4.13.257,https://packs.download.microchip.com/Microchip.SAMV71_DFP.4.13.257.pack,2026-08-12T09:31:18+00:00,manufacturer_device_database,atdf_variant_record
microchip::atsamv71j20b-aab,microchip::atsamv71j20b,Microchip,SAMV71,SAMV71,SAMV71,ATSAMV71J20B,ATSAMV71J20B-AAB,-AAB,,,,LQFP64,-40..+105 °C,,unknown,microchip-atdf:SAMV71_DFP@4.13.257,https://packs.download.microchip.com/Microchip.SAMV71_DFP.4.13.257.pack,2026-08-12T09:31:18+00:00,manufacturer_device_database,atdf_variant_record
microchip::atsamv71j21b-aab,microchip::atsamv71j21b,Microchip,SAMV71,SAMV71,SAMV71,ATSAMV71J21B,ATSAMV71J21B-AAB,-AAB,,,,LQFP64,-40..+105 °C,,unknown,microchip-atdf:SAMV71_DFP@4.13.257,https://packs.download.microchip.com/Microchip.SAMV71_DFP.4.13.257.pack,2026-08-12T09:31:18+00:00,manufacturer_device_database,atdf_variant_record
microchip::atsamv71n19b-aab,microchip::atsamv71n19b,Microchip,SAMV71,SAMV71,SAMV71,ATSAMV71N19B,ATSAMV71N19B-AAB,-AAB,,,,LQFP100,-40..+105 °C,,unknown,microchip-atdf:SAMV71_DFP@4.13.257,https://packs.download.microchip.com/Microchip.SAMV71_DFP.4.13.257.pack,2026-08-12T09:31:18+00:00,manufacturer_device_database,atdf_variant_record
microchip::atsamv71n19b-cb,microchip::atsamv71n19b,Microchip,SAMV71,SAMV71,SAMV71,ATSAMV71N19B,ATSAMV71N19B-CB,-CB,,,,TFBGA100,-40..+105 °C,,unknown,microchip-atdf:SAMV71_DFP@4.13.257,https://packs.download.microchip.com/Microchip.SAMV71_DFP.4.13.257.pack,2026-08-12T09:31:18+00:00,manufacturer_device_database,atdf_variant_record
microchip::atsamv71n20b-aab,microchip::atsamv71n20b,Microchip,SAMV71,SAMV71,SAMV71,ATSAMV71N20B,ATSAMV71N20B-AAB,-AAB,,,,LQFP100,-40..+105 °C,,unknown,microchip-atdf:SAMV71_DFP@4.13.257,https://packs.download.microchip.com/Microchip.SAMV71_DFP.4.13.257.pack,2026-08-12T09:31:18+00:00,manufacturer_device_database,atdf_variant_record
microchip::atsamv71n20b-cb,microchip::atsamv71n20b,Microchip,SAMV71,SAMV71,SAMV71,ATSAMV71N20B,ATSAMV71N20B-CB,-CB,,,,TFBGA100,-40..+105 °C,,unknown,microchip-atdf:SAMV71_DFP@4.13.257,https://packs.download.microchip.com/Microchip.SAMV71_DFP.4.13.257.pack,2026-08-12T09:31:18+00:00,manufacturer_device_database,atdf_variant_record
microchip::atsamv71n21b-aab,microchip::atsamv71n21b,Microchip,SAMV71,SAMV71,SAMV71,ATSAMV71N21B,ATSAMV71N21B-AAB,-AAB,,,,LQFP100,-40..+105 °C,,unknown,microchip-atdf:SAMV71_DFP@4.13.257,https://packs.download.microchip.com/Microchip.SAMV71_DFP.4.13.257.pack,2026-08-12T09:31:18+00:00,manufacturer_device_database,atdf_variant_record
microchip::atsamv71n21b-cb,microchip::atsamv71n21b,Microchip,SAMV71,SAMV71,SAMV71,ATSAMV71N21B,ATSAMV71N21B-CB,-CB,,,,TFBGA100,-40..+105 °C,,unknown,microchip-atdf:SAMV71_DFP@4.13.257,https://packs.download.microchip.com/Microchip.SAMV71_DFP.4.13.257.pack,2026-08-12T09:31:18+00:00,manufacturer_device_database,atdf_variant_record
microchip::atsamv71q19b-aab,microchip::atsamv71q19b,Microchip,SAMV71,SAMV71,SAMV71,ATSAMV71Q19B,ATSAMV71Q19B-AAB,-AAB,,,,LQFP144,-40..+105 °C,,unknown,microchip-atdf:SAMV71_DFP@4.13.257,https://packs.download.microchip.com/Microchip.SAMV71_DFP.4.13.257.pack,2026-08-12T09:31:18+00:00,manufacturer_device_database,atdf_variant_record
microchip::atsamv71q19b-cb,microchip::atsamv71q19b,Microchip,SAMV71,SAMV71,SAMV71,ATSAMV71Q19B,ATSAMV71Q19B-CB,-CB,,,,TFBGA144,-40..+105 °C,,unknown,microchip-atdf:SAMV71_DFP@4.13.257,https://packs.download.microchip.com/Microchip.SAMV71_DFP.4.13.257.pack,2026-08-12T09:31:18+00:00,manufacturer_device_database,atdf_variant_record
microchip::atsamv71q20b-aab,microchip::atsamv71q20b,Microchip,SAMV71,SAMV71,SAMV71,ATSAMV71Q20B,ATSAMV71Q20B-AAB,-AAB,,,,LQFP144,-40..+105 °C,,unknown,microchip-atdf:SAMV71_DFP@4.13.257,https://packs.download.microchip.com/Microchip.SAMV71_DFP.4.13.257.pack,2026-08-12T09:31:18+00:00,manufacturer_device_database,atdf_variant_record
microchip::atsamv71q20b-cb,microchip::atsamv71q20b,Microchip,SAMV71,SAMV71,SAMV71,ATSAMV71Q20B,ATSAMV71Q20B-CB,-CB,,,,TFBGA144,-40..+105 °C,,unknown,microchip-atdf:SAMV71_DFP@4.13.257,https://packs.download.microchip.com/Microchip.SAMV71_DFP.4.13.257.pack,2026-08-12T09:31:18+00:00,manufacturer_device_database,atdf_variant_record
microchip::atsamv71q21b-aab,microchip::atsamv71q21b,Microchip,SAMV71,SAMV71,SAMV71,ATSAMV71Q21B,ATSAMV71Q21B-AAB,-AAB,,,,LQFP144,-40..+105 °C,,unknown,microchip-atdf:SAMV71_DFP@4.13.257,https://packs.download.microchip.com/Microchip.SAMV71_DFP.4.13.257.pack,2026-08-12T09:31:18+00:00,manufacturer_device_database,atdf_variant_record
microchip::atsamv71q21b-cb,microchip::atsamv71q21b,Microchip,SAMV71,SAMV71,SAMV71,ATSAMV71Q21B,ATSAMV71Q21B-CB,-CB,,,,TFBGA144,-40..+105 °C,,unknown,microchip-atdf:SAMV71_DFP@4.13.257,https://packs.download.microchip.com/Microchip.SAMV71_DFP.4.13.257.pack,2026-08-12T09:31:18+00:00,manufacturer_device_database,atdf_variant_record
microchip::atmega128-16an,microchip::atmega128,Microchip,AVR,AVR 8-bit,Classic ATmega,ATmega128,ATmega128-16AN,-16AN,,,,TQFP64,-40..105 °C,,unknown,microchip-avr-atdf:ATmega_DFP@3.6.299,https://packs.download.microchip.com/Microchip.ATmega_DFP.3.6.299.atpack,2026-08-12T17:20:34+00:00,manufacturer_device_database,atdf_variant_record
microchip::atmega128-16au,microchip::atmega128,Microchip,AVR,AVR 8-bit,Classic ATmega,ATmega128,ATmega128-16AU,-16AU,,,,TQFP64,-40..85 °C,,unknown,microchip-avr-atdf:ATmega_DFP@3.6.299,https://packs.download.microchip.com/Microchip.ATmega_DFP.3.6.299.atpack,2026-08-12T17:20:34+00:00,manufacturer_device_database,atdf_variant_record
microchip::atmega128-16mn,microchip::atmega128,Microchip,AVR,AVR 8-bit,Classic ATmega,ATmega128,ATmega128-16MN,-16MN,,,,QFN64,-40..105 °C,,unknown,microchip-avr-atdf:ATmega_DFP@3.6.299,https://packs.download.microchip.com/Microchip.ATmega_DFP.3.6.299.atpack,2026-08-12T17:20:34+00:00,manufacturer_device_database,atdf_variant_record
microchip::atmega128-16mu,microchip::atmega128,Microchip,AVR,AVR 8-bit,Classic ATmega,ATmega128,ATmega128-16MU,-16MU,,,,QFN64,-40..85 °C,,unknown,microchip-avr-atdf:ATmega_DFP@3.6.299,https://packs.download.microchip.com/Microchip.ATmega_DFP.3.6.299.atpack,2026-08-12T17:20:34+00:00,manufacturer_device_database,atdf_variant_record
microchip::atmega1280-16au,microchip::atmega1280,Microchip,AVR,AVR 8-bit,Classic ATmega,ATmega1280,ATmega1280-16AU,-16AU,,,,TQFP100,-40..85 °C,,unknown,microchip-avr-atdf:ATmega_DFP@3.6.299,https://packs.download.microchip.com/Microchip.ATmega_DFP.3.6.299.atpack,2026-08-12T17:20:34+00:00,manufacturer_device_database,atdf_variant_record
microchip::atmega1280-16cu,microchip::atmega1280,Microchip,AVR,AVR 8-bit,Classic ATmega,ATmega1280,ATmega1280-16CU,-16CU,,,,CBGA100,-40..85 °C,,unknown,microchip-avr-atdf:ATmega_DFP@3.6.299,https://packs.download.microchip.com/Microchip.ATmega_DFP.3.6.299.atpack,2026-08-12T17:20:34+00:00,manufacturer_device_database,atdf_variant_record
microchip::atmega1280v-8au,microchip::atmega1280,Microchip,AVR,AVR 8-bit,Classic ATmega,ATmega1280,ATmega1280V-8AU,V-8AU,,,,TQFP100,-40..85 °C,,unknown,microchip-avr-atdf:ATmega_DFP@3.6.299,https://packs.download.microchip.com/Microchip.ATmega_DFP.3.6.299.atpack,2026-08-12T17:20:34+00:00,manufacturer_device_database,atdf_variant_record
microchip::atmega1280v-8cu,microchip::atmega1280,Microchip,AVR,AVR 8-bit,Classic ATmega,ATmega1280,ATmega1280V-8CU,V-8CU,,,,CBGA100,-40..85 °C,,unknown,microchip-avr-atdf:ATmega_DFP@3.6.299,https://packs.download.microchip.com/Microchip.ATmega_DFP.3.6.299.atpack,2026-08-12T17:20:34+00:00,manufacturer_device_database,atdf_variant_record
microchip::atmega1281-16au,microchip::atmega1281,Microchip,AVR,AVR 8-bit,Classic ATmega,ATmega1281,ATmega1281-16AU,-16AU,,,,TQFP64,-40..85 °C,,unknown,microchip-avr-atdf:ATmega_DFP@3.6.299,https://packs.download.microchip.com/Microchip.ATmega_DFP.3.6.299.atpack,2026-08-12T17:20:34+00:00,manufacturer_device_database,atdf_variant_record
microchip::atmega1281-16mu,microchip::atmega1281,Microchip,AVR,AVR 8-bit,Classic ATmega,ATmega1281,ATmega1281-16MU,-16MU,,,,QFN64,-40..85 °C,,unknown,microchip-avr-atdf:ATmega_DFP@3.6.299,https://packs.download.microchip.com/Microchip.ATmega_DFP.3.6.299.atpack,2026-08-12T17:20:34+00:00,manufacturer_device_database,atdf_variant_record
microchip::atmega1281v-8au,microchip::atmega1281,Microchip,AVR,AVR 8-bit,Classic ATmega,ATmega1281,ATmega1281V-8AU,V-8AU,,,,TQFP64,-40..85 °C,,unknown,microchip-avr-atdf:ATmega_DFP@3.6.299,https://packs.download.microchip.com/Microchip.ATmega_DFP.3.6.299.atpack,2026-08-12T17:20:34+00:00,manufacturer_device_database,atdf_variant_record
microchip::atmega1281v-8mu,microchip::atmega1281,Microchip,AVR,AVR 8-bit,Classic ATmega,ATmega1281,ATmega1281V-8MU,V-8MU,,,,QFN64,-40..85 °C,,unknown,microchip-avr-atdf:ATmega_DFP@3.6.299,https://packs.download.microchip.com/Microchip.ATmega_DFP.3.6.299.atpack,2026-08-12T17:20:34+00:00,manufacturer_device_database,atdf_variant_record
microchip::atmega1284-au,microchip::atmega1284,Microchip,AVR,AVR 8-bit,Classic ATmega,ATmega1284,ATmega1284-AU,-AU,,,,TQFP44,-40..85 °C,,unknown,microchip-avr-atdf:ATmega_DFP@3.6.299,https://packs.download.microchip.com/Microchip.ATmega_DFP.3.6.299.atpack,2026-08-12T17:20:34+00:00,manufacturer_device_database,atdf_variant_record
microchip::atmega1284-mu,microchip::atmega1284,Microchip,AVR,AVR 8-bit,Classic ATmega,ATmega1284,ATmega1284-MU,-MU,,,,QFN44,-40..85 °C,,unknown,microchip-avr-atdf:ATmega_DFP@3.6.299,https://packs.download.microchip.com/Microchip.ATmega_DFP.3.6.299.atpack,2026-08-12T17:20:34+00:00,manufacturer_device_database,atdf_variant_record
microchip::atmega1284-pu,microchip::atmega1284,Microchip,AVR,AVR 8-bit,Classic ATmega,ATmega1284,ATmega1284-PU,-PU,,,,PDIP40,-40..85 °C,,unknown,microchip-avr-atdf:ATmega_DFP@3.6.299,https://packs.download.microchip.com/Microchip.ATmega_DFP.3.6.299.atpack,2026-08-12T17:20:34+00:00,manufacturer_device_database,atdf_variant_record
microchip::atmega1284p-an,microchip::atmega1284p,Microchip,AVR,AVR 8-bit,Classic ATmega,ATmega1284P,ATmega1284P-AN,-AN,,,,TQFP44,-40..85 °C,,unknown,microchip-avr-atdf:ATmega_DFP@3.6.299,https://packs.download.microchip.com/Microchip.ATmega_DFP.3.6.299.atpack,2026-08-12T17:20:34+00:00,manufacturer_device_database,atdf_variant_record
microchip::atmega1284p-au,microchip::atmega1284p,Microchip,AVR,AVR 8-bit,Classic ATmega,ATmega1284P,ATmega1284P-AU,-AU,,,,TQFP44,-40..85 °C,,unknown,microchip-avr-atdf:ATmega_DFP@3.6.299,https://packs.download.microchip.com/Microchip.ATmega_DFP.3.6.299.atpack,2026-08-12T17:20:34+00:00,manufacturer_device_database,atdf_variant_record
microchip::atmega1284p-mn,microchip::atmega1284p,Microchip,AVR,AVR 8-bit,Classic ATmega,ATmega1284P,ATmega1284P-MN,-MN,,,,QFN44,-40..85 °C,,unknown,microchip-avr-atdf:ATmega_DFP@3.6.299,https://packs.download.microchip.com/Microchip.ATmega_DFP.3.6.299.atpack,2026-08-12T17:20:34+00:00,manufacturer_device_database,atdf_variant_record
microchip::atmega1284p-mu,microchip::atmega1284p,Microchip,AVR,AVR 8-bit,Classic ATmega,ATmega1284P,ATmega1284P-MU,-MU,,,,QFN44,-40..85 °C,,unknown,microchip-avr-atdf:ATmega_DFP@3.6.299,https://packs.download.microchip.com/Microchip.ATmega_DFP.3.6.299.atpack,2026-08-12T17:20:34+00:00,manufacturer_device_database,atdf_variant_record
microchip::atmega1284p-pn,microchip::atmega1284p,Microchip,AVR,AVR 8-bit,Classic ATmega,ATmega1284P,ATmega1284P-PN,-PN,,,,PDIP40,-40..85 °C,,unknown,microchip-avr-atdf:ATmega_DFP@3.6.299,https://packs.download.microchip.com/Microchip.ATmega_DFP.3.6.299.atpack,2026-08-12T17:20:34+00:00,manufacturer_device_database,atdf_variant_record
microchip::atmega1284p-pu,microchip::atmega1284p,Microchip,AVR,AVR 8-bit,Classic ATmega,ATmega1284P,ATmega1284P-PU,-PU,,,,PDIP40,-40..85 °C,,unknown,microchip-avr-atdf:ATmega_DFP@3.6.299,https://packs.download.microchip.com/Microchip.ATmega_DFP.3.6.299.atpack,2026-08-12T17:20:34+00:00,manufacturer_device_database,atdf_variant_record
microchip::atmega1284rfr2-zf,microchip::atmega1284rfr2,Microchip,AVR,AVR 8-bit,Classic ATmega,ATmega1284RFR2,ATmega1284RFR2-ZF,-ZF,,,,VQFN48,-40..125 °C,,unknown,microchip-avr-atdf:ATmega_DFP@3.6.299,https://packs.download.microchip.com/Microchip.ATmega_DFP.3.6.299.atpack,2026-08-12T17:20:34+00:00,manufacturer_device_database,atdf_variant_record
microchip::atmega1284rfr2-zfr,microchip::atmega1284rfr2,Microchip,AVR,AVR 8-bit,Classic ATmega,ATmega1284RFR2,ATmega1284RFR2-ZFR,-ZFR,,,,VQFN48,-40..125 °C,,unknown,microchip-avr-atdf:ATmega_DFP@3.6.299,https://packs.download.microchip.com/Microchip.ATmega_DFP.3.6.299.atpack,2026-08-12T17:20:34+00:00,manufacturer_device_database,atdf_variant_record
microchip::atmega1284rfr2-zu,microchip::atmega1284rfr2,Microchip,AVR,AVR 8-bit,Classic ATmega,ATmega1284RFR2,ATmega1284RFR2-ZU,-ZU,,,,VQFN48,-40..85 °C,,unknown,microchip-avr-atdf:ATmega_DFP@3.6.299,https://packs.download.microchip.com/Microchip.ATmega_DFP.3.6.299.atpack,2026-08-12T17:20:34+00:00,manufacturer_device_database,atdf_variant_record
microchip::atmega1284rfr2-zur,microchip::atmega1284rfr2,Microchip,AVR,AVR 8-bit,Classic ATmega,ATmega1284RFR2,ATmega1284RFR2-ZUR,-ZUR,,,,VQFN48,-40..85 °C,,unknown,microchip-avr-atdf:ATmega_DFP@3.6.299,https://packs.download.microchip.com/Microchip.ATmega_DFP.3.6.299.atpack,2026-08-12T17:20:34+00:00,manufacturer_device_database,atdf_variant_record
microchip::atmega128a-au,microchip::atmega128a,Microchip,AVR,AVR 8-bit,Classic ATmega,ATmega128A,ATmega128A-AU,-AU,,,,TQFP64,-40..85 °C,,unknown,microchip-avr-atdf:ATmega_DFP@3.6.299,https://packs.download.microchip.com/Microchip.ATmega_DFP.3.6.299.atpack,2026-08-12T17:20:34+00:00,manufacturer_device_database,atdf_variant_record
microchip::atmega128a-mu,microchip::atmega128a,Microchip,AVR,AVR 8-bit,Classic ATmega,ATmega128A,ATmega128A-MU,-MU,,,,QFN64,-40..85 °C,,unknown,microchip-avr-atdf:ATmega_DFP@3.6.299,https://packs.download.microchip.com/Microchip.ATmega_DFP.3.6.299.atpack,2026-08-12T17:20:34+00:00,manufacturer_device_database,atdf_variant_record
microchip::atmega128l-8an,microchip::atmega128,Microchip,AVR,AVR 8-bit,Classic ATmega,ATmega128,ATmega128L-8AN,L-8AN,,,,TQFP64,-40..105 °C,,unknown,microchip-avr-atdf:ATmega_DFP@3.6.299,https://packs.download.microchip.com/Microchip.ATmega_DFP.3.6.299.atpack,2026-08-12T17:20:34+00:00,manufacturer_device_database,atdf_variant_record
microchip::atmega128l-8au,microchip::atmega128,Microchip,AVR,AVR 8-bit,Classic ATmega,ATmega128,ATmega128L-8AU,L-8AU,,,,TQFP64,-40..85 °C,,unknown,microchip-avr-atdf:ATmega_DFP@3.6.299,https://packs.download.microchip.com/Microchip.ATmega_DFP.3.6.299.atpack,2026-08-12T17:20:34+00:00,manufacturer_device_database,atdf_variant_record
microchip::atmega128l-8mn,microchip::atmega128,Microchip,AVR,AVR 8-bit,Classic ATmega,ATmega128,ATmega128L-8MN,L-8MN,,,,QFN64,-40..105 °C,,unknown,microchip-avr-atdf:ATmega_DFP@3.6.299,https://packs.download.microchip.com/Microchip.ATmega_DFP.3.6.299.atpack,2026-08-12T17:20:34+00:00,manufacturer_device_database,atdf_variant_record
microchip::atmega128l-8mu,microchip::atmega128,Microchip,AVR,AVR 8-bit,Classic ATmega,ATmega128,ATmega128L-8MU,L-8MU,,,,QFN64,-40..85 °C,,unknown,microchip-avr-atdf:ATmega_DFP@3.6.299,https://packs.download.microchip.com/Microchip.ATmega_DFP.3.6.299.atpack,2026-08-12T17:20:34+00:00,manufacturer_device_database,atdf_variant_record
microchip::atmega128rfr2-zf,microchip::atmega128rfr2,Microchip,AVR,AVR 8-bit,Classic ATmega,ATmega128RFR2,ATmega128RFR2-ZF,-ZF,,,,QFN64,-40..125 °C,,unknown,microchip-avr-atdf:ATmega_DFP@3.6.299,https://packs.download.microchip.com/Microchip.ATmega_DFP.3.6.299.atpack,2026-08-12T17:20:34+00:00,manufacturer_device_database,atdf_variant_record
microchip::atmega128rfr2-zfr,microchip::atmega128rfr2,Microchip,AVR,AVR 8-bit,Classic ATmega,ATmega128RFR2,ATmega128RFR2-ZFR,-ZFR,,,,QFN64,-40..125 °C,,unknown,microchip-avr-atdf:ATmega_DFP@3.6.299,https://packs.download.microchip.com/Microchip.ATmega_DFP.3.6.299.atpack,2026-08-12T17:20:34+00:00,manufacturer_device_database,atdf_variant_record
microchip::atmega128rfr2-zu,microchip::atmega128rfr2,Microchip,AVR,AVR 8-bit,Classic ATmega,ATmega128RFR2,ATmega128RFR2-ZU,-ZU,,,,QFN64,-40..85 °C,,unknown,microchip-avr-atdf:ATmega_DFP@3.6.299,https://packs.download.microchip.com/Microchip.ATmega_DFP.3.6.299.atpack,2026-08-12T17:20:34+00:00,manufacturer_device_database,atdf_variant_record
microchip::atmega128rfr2-zur,microchip::atmega128rfr2,Microchip,AVR,AVR 8-bit,Classic ATmega,ATmega128RFR2,ATmega128RFR2-ZUR,-ZUR,,,,QFN64,-40..85 °C,,unknown,microchip-avr-atdf:ATmega_DFP@3.6.299,https://packs.download.microchip.com/Microchip.ATmega_DFP.3.6.299.atpack,2026-08-12T17:20:34+00:00,manufacturer_device_database,atdf_variant_record
microchip::atmega16-16au,microchip::atmega16,Microchip,AVR,AVR 8-bit,Classic ATmega,ATmega16,ATmega16-16AU,-16AU,,,,TQFP44,-40..85 °C,,unknown,microchip-avr-atdf:ATmega_DFP@3.6.299,https://packs.download.microchip.com/Microchip.ATmega_DFP.3.6.299.atpack,2026-08-12T17:20:34+00:00,manufacturer_device_database,atdf_variant_record
microchip::atmega16-16mu,microchip::atmega16,Microchip,AVR,AVR 8-bit,Classic ATmega,ATmega16,ATmega16-16MU,-16MU,,,,QFN44,-40..85 °C,,unknown,microchip-avr-atdf:ATmega_DFP@3.6.299,https://packs.download.microchip.com/Microchip.ATmega_DFP.3.6.299.atpack,2026-08-12T17:20:34+00:00,manufacturer_device_database,atdf_variant_record
microchip::atmega16-16pu,microchip::atmega16,Microchip,AVR,AVR 8-bit,Classic ATmega,ATmega16,ATmega16-16PU,-16PU,,,,PDIP40,-40..85 °C,,unknown,microchip-avr-atdf:ATmega_DFP@3.6.299,https://packs.download.microchip.com/Microchip.ATmega_DFP.3.6.299.atpack,2026-08-12T17:20:34+00:00,manufacturer_device_database,atdf_variant_record
microchip::atmega1608-afr,microchip::atmega1608,Microchip,AVR,AVR 8-bit,megaAVR 0-series,ATmega1608,ATmega1608-AFR,-AFR,,,,TQFP32,-40..105 °C,,unknown,microchip-avr-atdf:ATmega_DFP@3.6.299,https://packs.download.microchip.com/Microchip.ATmega_DFP.3.6.299.atpack,2026-08-12T17:20:34+00:00,manufacturer_device_database,atdf_variant_record
microchip::atmega1608-mfr,microchip::atmega1608,Microchip,AVR,AVR 8-bit,megaAVR 0-series,ATmega1608,ATmega1608-MFR,-MFR,,,,VQFN32,-40..105 °C,,unknown,microchip-avr-atdf:ATmega_DFP@3.6.299,https://packs.download.microchip.com/Microchip.ATmega_DFP.3.6.299.atpack,2026-08-12T17:20:34+00:00,manufacturer_device_database,atdf_variant_record
microchip::atmega1608-xfr,microchip::atmega1608,Microchip,AVR,AVR 8-bit,megaAVR 0-series,ATmega1608,ATmega1608-XFR,-XFR,,,,SSOP28,-40..105 °C,,unknown,microchip-avr-atdf:ATmega_DFP@3.6.299,https://packs.download.microchip.com/Microchip.ATmega_DFP.3.6.299.atpack,2026-08-12T17:20:34+00:00,manufacturer_device_database,atdf_variant_record
microchip::atmega1609-afr,microchip::atmega1609,Microchip,AVR,AVR 8-bit,megaAVR 0-series,ATmega1609,ATmega1609-AFR,-AFR,,,,TQFP48,-40..105 °C,,unknown,microchip-avr-atdf:ATmega_DFP@3.6.299,https://packs.download.microchip.com/Microchip.ATmega_DFP.3.6.299.atpack,2026-08-12T17:20:34+00:00,manufacturer_device_database,atdf_variant_record
microchip::atmega1609-mfr,microchip::atmega1609,Microchip,AVR,AVR 8-bit,megaAVR 0-series,ATmega1609,ATmega1609-MFR,-MFR,,,,UQFN48,-40..105 °C,,unknown,microchip-avr-atdf:ATmega_DFP@3.6.299,https://packs.download.microchip.com/Microchip.ATmega_DFP.3.6.299.atpack,2026-08-12T17:20:34+00:00,manufacturer_device_database,atdf_variant_record
microchip::atmega162-16au,microchip::atmega162,Microchip,AVR,AVR 8-bit,Classic ATmega,ATmega162,ATmega162-16AU,-16AU,,,,TQFP44,-40..85 °C,,unknown,microchip-avr-atdf:ATmega_DFP@3.6.299,https://packs.download.microchip.com/Microchip.ATmega_DFP.3.6.299.atpack,2026-08-12T17:20:34+00:00,manufacturer_device_database,atdf_variant_record
microchip::atmega162-16mu,microchip::atmega162,Microchip,AVR,AVR 8-bit,Classic ATmega,ATmega162,ATmega162-16MU,-16MU,,,,QFN44,-40..85 °C,,unknown,microchip-avr-atdf:ATmega_DFP@3.6.299,https://packs.download.microchip.com/Microchip.ATmega_DFP.3.6.299.atpack,2026-08-12T17:20:34+00:00,manufacturer_device_database,atdf_variant_record
microchip::atmega162-16pu,microchip::atmega162,Microchip,AVR,AVR 8-bit,Classic ATmega,ATmega162,ATmega162-16PU,-16PU,,,,PDIP40,-40..85 °C,,unknown,microchip-avr-atdf:ATmega_DFP@3.6.299,https://packs.download.microchip.com/Microchip.ATmega_DFP.3.6.299.atpack,2026-08-12T17:20:34+00:00,manufacturer_device_database,atdf_variant_record
microchip::atmega162v-8au,microchip::atmega162,Microchip,AVR,AVR 8-bit,Classic ATmega,ATmega162,ATmega162V-8AU,V-8AU,,,,TQFP44,-40..85 °C,,unknown,microchip-avr-atdf:ATmega_DFP@3.6.299,https://packs.download.microchip.com/Microchip.ATmega_DFP.3.6.299.atpack,2026-08-12T17:20:34+00:00,manufacturer_device_database,atdf_variant_record
microchip::atmega162v-8mu,microchip::atmega162,Microchip,AVR,AVR 8-bit,Classic ATmega,ATmega162,ATmega162V-8MU,V-8MU,,,,QFN44,-40..85 °C,,unknown,microchip-avr-atdf:ATmega_DFP@3.6.299,https://packs.download.microchip.com/Microchip.ATmega_DFP.3.6.299.atpack,2026-08-12T17:20:34+00:00,manufacturer_device_database,atdf_variant_record
microchip::atmega162v-8pu,microchip::atmega162,Microchip,AVR,AVR 8-bit,Classic ATmega,ATmega162,ATmega162V-8PU,V-8PU,,,,PDIP40,-40..85 °C,,unknown,microchip-avr-atdf:ATmega_DFP@3.6.299,https://packs.download.microchip.com/Microchip.ATmega_DFP.3.6.299.atpack,2026-08-12T17:20:34+00:00,manufacturer_device_database,atdf_variant_record
microchip::atmega164a-au,microchip::atmega164a,Microchip,AVR,AVR 8-bit,Classic ATmega,ATmega164A,ATmega164A-AU,-AU,,,,TQFP44,-40..85 °C,,unknown,microchip-avr-atdf:ATmega_DFP@3.6.299,https://packs.download.microchip.com/Microchip.ATmega_DFP.3.6.299.atpack,2026-08-12T17:20:34+00:00,manufacturer_device_database,atdf_variant_record
microchip::atmega164a-cu,microchip::atmega164a,Microchip,AVR,AVR 8-bit,Classic ATmega,ATmega164A,ATmega164A-CU,-CU,,,,VFBGA49,-40..85 °C,,unknown,microchip-avr-atdf:ATmega_DFP@3.6.299,https://packs.download.microchip.com/Microchip.ATmega_DFP.3.6.299.atpack,2026-08-12T17:20:34+00:00,manufacturer_device_database,atdf_variant_record
microchip::atmega164a-mch,microchip::atmega164a,Microchip,AVR,AVR 8-bit,Classic ATmega,ATmega164A,ATmega164A-MCH,-MCH,,,,DRQFN44,-40..85 °C,,unknown,microchip-avr-atdf:ATmega_DFP@3.6.299,https://packs.download.microchip.com/Microchip.ATmega_DFP.3.6.299.atpack,2026-08-12T17:20:34+00:00,manufacturer_device_database,atdf_variant_record
microchip::atmega164a-mu,microchip::atmega164a,Microchip,AVR,AVR 8-bit,Classic ATmega,ATmega164A,ATmega164A-MU,-MU,,,,VQFN44,-40..85 °C,,unknown,microchip-avr-atdf:ATmega_DFP@3.6.299,https://packs.download.microchip.com/Microchip.ATmega_DFP.3.6.299.atpack,2026-08-12T17:20:34+00:00,manufacturer_device_database,atdf_variant_record
microchip::atmega164a-pu,microchip::atmega164a,Microchip,AVR,AVR 8-bit,Classic ATmega,ATmega164A,ATmega164A-PU,-PU,,,,PDIP40,-40..85 °C,,unknown,microchip-avr-atdf:ATmega_DFP@3.6.299,https://packs.download.microchip.com/Microchip.ATmega_DFP.3.6.299.atpack,2026-08-12T17:20:34+00:00,manufacturer_device_database,atdf_variant_record
microchip::atmega164p-20an,microchip::atmega164p,Microchip,AVR,AVR 8-bit,Classic ATmega,ATmega164P,ATmega164P-20AN,-20AN,,,,TQFP44,-40..105 °C,,unknown,microchip-avr-atdf:ATmega_DFP@3.6.299,https://packs.download.microchip.com/Microchip.ATmega_DFP.3.6.299.atpack,2026-08-12T17:20:34+00:00,manufacturer_device_database,atdf_variant_record
microchip::atmega164p-20au,microchip::atmega164p,Microchip,AVR,AVR 8-bit,Classic ATmega,ATmega164P,ATmega164P-20AU,-20AU,,,,TQFP44,-40..85 °C,,unknown,microchip-avr-atdf:ATmega_DFP@3.6.299,https://packs.download.microchip.com/Microchip.ATmega_DFP.3.6.299.atpack,2026-08-12T17:20:34+00:00,manufacturer_device_database,atdf_variant_record
microchip::atmega164p-20mn,microchip::atmega164p,Microchip,AVR,AVR 8-bit,Classic ATmega,ATmega164P,ATmega164P-20MN,-20MN,,,,VQFN44,-40..105 °C,,unknown,microchip-avr-atdf:ATmega_DFP@3.6.299,https://packs.download.microchip.com/Microchip.ATmega_DFP.3.6.299.atpack,2026-08-12T17:20:34+00:00,manufacturer_device_database,atdf_variant_record
microchip::atmega164p-20mu,microchip::atmega164p,Microchip,AVR,AVR 8-bit,Classic ATmega,ATmega164P,ATmega164P-20MU,-20MU,,,,VQFN44,-40..85 °C,,unknown,microchip-avr-atdf:ATmega_DFP@3.6.299,https://packs.download.microchip.com/Microchip.ATmega_DFP.3.6.299.atpack,2026-08-12T17:20:34+00:00,manufacturer_device_database,atdf_variant_record
microchip::atmega164p-20pn,microchip::atmega164p,Microchip,AVR,AVR 8-bit,Classic ATmega,ATmega164P,ATmega164P-20PN,-20PN,,,,PDIP40,-40..105 °C,,unknown,microchip-avr-atdf:ATmega_DFP@3.6.299,https://packs.download.microchip.com/Microchip.ATmega_DFP.3.6.299.atpack,2026-08-12T17:20:34+00:00,manufacturer_device_database,atdf_variant_record
microchip::atmega164p-20pu,microchip::atmega164p,Microchip,AVR,AVR 8-bit,Classic ATmega,ATmega164P,ATmega164P-20PU,-20PU,,,,PDIP40,-40..85 °C,,unknown,microchip-avr-atdf:ATmega_DFP@3.6.299,https://packs.download.microchip.com/Microchip.ATmega_DFP.3.6.299.atpack,2026-08-12T17:20:34+00:00,manufacturer_device_database,atdf_variant_record
microchip::atmega164pa-an,microchip::atmega164pa,Microchip,AVR,AVR 8-bit,Classic ATmega,ATmega164PA,ATmega164PA-AN,-AN,,,,TQFP44,-40..105 °C,,unknown,microchip-avr-atdf:ATmega_DFP@3.6.299,https://packs.download.microchip.com/Microchip.ATmega_DFP.3.6.299.atpack,2026-08-12T17:20:34+00:00,manufacturer_device_database,atdf_variant_record
microchip::atmega164pa-au,microchip::atmega164pa,Microchip,AVR,AVR 8-bit,Classic ATmega,ATmega164PA,ATmega164PA-AU,-AU,,,,TQFP44,-40..85 °C,,unknown,microchip-avr-atdf:ATmega_DFP@3.6.299,https://packs.download.microchip.com/Microchip.ATmega_DFP.3.6.299.atpack,2026-08-12T17:20:34+00:00,manufacturer_device_database,atdf_variant_record
microchip::atmega164pa-cu,microchip::atmega164pa,Microchip,AVR,AVR 8-bit,Classic ATmega,ATmega164PA,ATmega164PA-CU,-CU,,,,VFBGA49,-40..85 °C,,unknown,microchip-avr-atdf:ATmega_DFP@3.6.299,https://packs.download.microchip.com/Microchip.ATmega_DFP.3.6.299.atpack,2026-08-12T17:20:34+00:00,manufacturer_device_database,atdf_variant_record
microchip::atmega164pa-mch,microchip::atmega164pa,Microchip,AVR,AVR 8-bit,Classic ATmega,ATmega164PA,ATmega164PA-MCH,-MCH,,,,DRQFN44,-40..85 °C,,unknown,microchip-avr-atdf:ATmega_DFP@3.6.299,https://packs.download.microchip.com/Microchip.ATmega_DFP.3.6.299.atpack,2026-08-12T17:20:34+00:00,manufacturer_device_database,atdf_variant_record
microchip::atmega164pa-mn,microchip::atmega164pa,Microchip,AVR,AVR 8-bit,Classic ATmega,ATmega164PA,ATmega164PA-MN,-MN,,,,VQFN44,-40..105 °C,,unknown,microchip-avr-atdf:ATmega_DFP@3.6.299,https://packs.download.microchip.com/Microchip.ATmega_DFP.3.6.299.atpack,2026-08-12T17:20:34+00:00,manufacturer_device_database,atdf_variant_record
microchip::atmega164pa-mu,microchip::atmega164pa,Microchip,AVR,AVR 8-bit,Classic ATmega,ATmega164PA,ATmega164PA-MU,-MU,,,,VQFN44,-40..85 °C,,unknown,microchip-avr-atdf:ATmega_DFP@3.6.299,https://packs.download.microchip.com/Microchip.ATmega_DFP.3.6.299.atpack,2026-08-12T17:20:34+00:00,manufacturer_device_database,atdf_variant_record
microchip::atmega164pa-pn,microchip::atmega164pa,Microchip,AVR,AVR 8-bit,Classic ATmega,ATmega164PA,ATmega164PA-PN,-PN,,,,PDIP40,-40..105 °C,,unknown,microchip-avr-atdf:ATmega_DFP@3.6.299,https://packs.download.microchip.com/Microchip.ATmega_DFP.3.6.299.atpack,2026-08-12T17:20:34+00:00,manufacturer_device_database,atdf_variant_record
microchip::atmega164pa-pu,microchip::atmega164pa,Microchip,AVR,AVR 8-bit,Classic ATmega,ATmega164PA,ATmega164PA-PU,-PU,,,,PDIP40,-40..85 °C,,unknown,microchip-avr-atdf:ATmega_DFP@3.6.299,https://packs.download.microchip.com/Microchip.ATmega_DFP.3.6.299.atpack,2026-08-12T17:20:34+00:00,manufacturer_device_database,atdf_variant_record
microchip::atmega164pv-10an,microchip::atmega164p,Microchip,AVR,AVR 8-bit,Classic ATmega,ATmega164P,ATmega164PV-10AN,V-10AN,,,,TQFP44,-40..105 °C,,unknown,microchip-avr-atdf:ATmega_DFP@3.6.299,https://packs.download.microchip.com/Microchip.ATmega_DFP.3.6.299.atpack,2026-08-12T17:20:34+00:00,manufacturer_device_database,atdf_variant_record
microchip::atmega164pv-10au,microchip::atmega164p,Microchip,AVR,AVR 8-bit,Classic ATmega,ATmega164P,ATmega164PV-10AU,V-10AU,,,,TQFP44,-40..85 °C,,unknown,microchip-avr-atdf:ATmega_DFP@3.6.299,https://packs.download.microchip.com/Microchip.ATmega_DFP.3.6.299.atpack,2026-08-12T17:20:34+00:00,manufacturer_device_database,atdf_variant_record
microchip::atmega164pv-10mu,microchip::atmega164p,Microchip,AVR,AVR 8-bit,Classic ATmega,ATmega164P,ATmega164PV-10MU,V-10MU,,,,VQFN44,-40..85 °C,,unknown,microchip-avr-atdf:ATmega_DFP@3.6.299,https://packs.download.microchip.com/Microchip.ATmega_DFP.3.6.299.atpack,2026-08-12T17:20:34+00:00,manufacturer_device_database,atdf_variant_record
microchip::atmega164pv-10pn,microchip::atmega164p,Microchip,AVR,AVR 8-bit,Classic ATmega,ATmega164P,ATmega164PV-10PN,V-10PN,,,,PDIP40,-40..105 °C,,unknown,microchip-avr-atdf:ATmega_DFP@3.6.299,https://packs.download.microchip.com/Microchip.ATmega_DFP.3.6.299.atpack,2026-08-12T17:20:34+00:00,manufacturer_device_database,atdf_variant_record
microchip::atmega164pv-10pu,microchip::atmega164p,Microchip,AVR,AVR 8-bit,Classic ATmega,ATmega164P,ATmega164PV-10PU,V-10PU,,,,PDIP40,-40..85 °C,,unknown,microchip-avr-atdf:ATmega_DFP@3.6.299,https://packs.download.microchip.com/Microchip.ATmega_DFP.3.6.299.atpack,2026-08-12T17:20:34+00:00,manufacturer_device_database,atdf_variant_record
microchip::atmega165a-an,microchip::atmega165a,Microchip,AVR,AVR 8-bit,Classic ATmega,ATmega165A,ATmega165A-AN,-AN,,,,TQFP64,-40..105 °C,,unknown,microchip-avr-atdf:ATmega_DFP@3.6.299,https://packs.download.microchip.com/Microchip.ATmega_DFP.3.6.299.atpack,2026-08-12T17:20:34+00:00,manufacturer_device_database,atdf_variant_record
microchip::atmega165a-anr,microchip::atmega165a,Microchip,AVR,AVR 8-bit,Classic ATmega,ATmega165A,ATmega165A-ANR,-ANR,,,,TQFP64,-40..105 °C,,unknown,microchip-avr-atdf:ATmega_DFP@3.6.299,https://packs.download.microchip.com/Microchip.ATmega_DFP.3.6.299.atpack,2026-08-12T17:20:34+00:00,manufacturer_device_database,atdf_variant_record
microchip::atmega165a-au,microchip::atmega165a,Microchip,AVR,AVR 8-bit,Classic ATmega,ATmega165A,ATmega165A-AU,-AU,,,,TQFP64,-40..85 °C,,unknown,microchip-avr-atdf:ATmega_DFP@3.6.299,https://packs.download.microchip.com/Microchip.ATmega_DFP.3.6.299.atpack,2026-08-12T17:20:34+00:00,manufacturer_device_database,atdf_variant_record
microchip::atmega165a-aur,microchip::atmega165a,Microchip,AVR,AVR 8-bit,Classic ATmega,ATmega165A,ATmega165A-AUR,-AUR,,,,TQFP64,-40..85 °C,,unknown,microchip-avr-atdf:ATmega_DFP@3.6.299,https://packs.download.microchip.com/Microchip.ATmega_DFP.3.6.299.atpack,2026-08-12T17:20:34+00:00,manufacturer_device_database,atdf_variant_record
microchip::atmega165a-mch,microchip::atmega165a,Microchip,AVR,AVR 8-bit,Classic ATmega,ATmega165A,ATmega165A-MCH,-MCH,,,,QFN64,-40..85 °C,,unknown,microchip-avr-atdf:ATmega_DFP@3.6.299,https://packs.download.microchip.com/Microchip.ATmega_DFP.3.6.299.atpack,2026-08-12T17:20:34+00:00,manufacturer_device_database,atdf_variant_record
microchip::atmega165a-mchr,microchip::atmega165a,Microchip,AVR,AVR 8-bit,Classic ATmega,ATmega165A,ATmega165A-MCHR,-MCHR,,,,QFN64,-40..85 °C,,unknown,microchip-avr-atdf:ATmega_DFP@3.6.299,https://packs.download.microchip.com/Microchip.ATmega_DFP.3.6.299.atpack,2026-08-12T17:20:34+00:00,manufacturer_device_database,atdf_variant_record
microchip::atmega165a-mn,microchip::atmega165a,Microchip,AVR,AVR 8-bit,Classic ATmega,ATmega165A,ATmega165A-MN,-MN,,,,QFN64,-40..105 °C,,unknown,microchip-avr-atdf:ATmega_DFP@3.6.299,https://packs.download.microchip.com/Microchip.ATmega_DFP.3.6.299.atpack,2026-08-12T17:20:34+00:00,manufacturer_device_database,atdf_variant_record
microchip::atmega165a-mnr,microchip::atmega165a,Microchip,AVR,AVR 8-bit,Classic ATmega,ATmega165A,ATmega165A-MNR,-MNR,,,,QFN64,-40..105 °C,,unknown,microchip-avr-atdf:ATmega_DFP@3.6.299,https://packs.download.microchip.com/Microchip.ATmega_DFP.3.6.299.atpack,2026-08-12T17:20:34+00:00,manufacturer_device_database,atdf_variant_record
microchip::atmega165a-mu,microchip::atmega165a,Microchip,AVR,AVR 8-bit,Classic ATmega,ATmega165A,ATmega165A-MU,-MU,,,,QFN64,-40..85 °C,,unknown,microchip-avr-atdf:ATmega_DFP@3.6.299,https://packs.download.microchip.com/Microchip.ATmega_DFP.3.6.299.atpack,2026-08-12T17:20:34+00:00,manufacturer_device_database,atdf_variant_record
microchip::atmega165a-mur,microchip::atmega165a,Microchip,AVR,AVR 8-bit,Classic ATmega,ATmega165A,ATmega165A-MUR,-MUR,,,,QFN64,-40..85 °C,,unknown,microchip-avr-atdf:ATmega_DFP@3.6.299,https://packs.download.microchip.com/Microchip.ATmega_DFP.3.6.299.atpack,2026-08-12T17:20:34+00:00,manufacturer_device_database,atdf_variant_record
microchip::atmega165p-16au,microchip::atmega165p,Microchip,AVR,AVR 8-bit,Classic ATmega,ATmega165P,ATmega165P-16AU,-16AU,,,,TQFP64,-40..85 °C,,unknown,microchip-avr-atdf:ATmega_DFP@3.6.299,https://packs.download.microchip.com/Microchip.ATmega_DFP.3.6.299.atpack,2026-08-12T17:20:34+00:00,manufacturer_device_database,atdf_variant_record
microchip::atmega165p-16mu,microchip::atmega165p,Microchip,AVR,AVR 8-bit,Classic ATmega,ATmega165P,ATmega165P-16MU,-16MU,,,,QFN64,-40..85 °C,,unknown,microchip-avr-atdf:ATmega_DFP@3.6.299,https://packs.download.microchip.com/Microchip.ATmega_DFP.3.6.299.atpack,2026-08-12T17:20:34+00:00,manufacturer_device_database,atdf_variant_record
microchip::atmega165pa-an,microchip::atmega165pa,Microchip,AVR,AVR 8-bit,Classic ATmega,ATmega165PA,ATmega165PA-AN,-AN,,,,TQFP64,-40..105 °C,,unknown,microchip-avr-atdf:ATmega_DFP@3.6.299,https://packs.download.microchip.com/Microchip.ATmega_DFP.3.6.299.atpack,2026-08-12T17:20:34+00:00,manufacturer_device_database,atdf_variant_record
microchip::atmega165pa-anr,microchip::atmega165pa,Microchip,AVR,AVR 8-bit,Classic ATmega,ATmega165PA,ATmega165PA-ANR,-ANR,,,,TQFP64,-40..105 °C,,unknown,microchip-avr-atdf:ATmega_DFP@3.6.299,https://packs.download.microchip.com/Microchip.ATmega_DFP.3.6.299.atpack,2026-08-12T17:20:34+00:00,manufacturer_device_database,atdf_variant_record
microchip::atmega165pa-au,microchip::atmega165pa,Microchip,AVR,AVR 8-bit,Classic ATmega,ATmega165PA,ATmega165PA-AU,-AU,,,,TQFP64,-40..85 °C,,unknown,microchip-avr-atdf:ATmega_DFP@3.6.299,https://packs.download.microchip.com/Microchip.ATmega_DFP.3.6.299.atpack,2026-08-12T17:20:34+00:00,manufacturer_device_database,atdf_variant_record
microchip::atmega165pa-aur,microchip::atmega165pa,Microchip,AVR,AVR 8-bit,Classic ATmega,ATmega165PA,ATmega165PA-AUR,-AUR,,,,TQFP64,-40..85 °C,,unknown,microchip-avr-atdf:ATmega_DFP@3.6.299,https://packs.download.microchip.com/Microchip.ATmega_DFP.3.6.299.atpack,2026-08-12T17:20:34+00:00,manufacturer_device_database,atdf_variant_record
microchip::atmega165pa-mch,microchip::atmega165pa,Microchip,AVR,AVR 8-bit,Classic ATmega,ATmega165PA,ATmega165PA-MCH,-MCH,,,,QFN64,-40..85 °C,,unknown,microchip-avr-atdf:ATmega_DFP@3.6.299,https://packs.download.microchip.com/Microchip.ATmega_DFP.3.6.299.atpack,2026-08-12T17:20:34+00:00,manufacturer_device_database,atdf_variant_record
microchip::atmega165pa-mchr,microchip::atmega165pa,Microchip,AVR,AVR 8-bit,Classic ATmega,ATmega165PA,ATmega165PA-MCHR,-MCHR,,,,QFN64,-40..85 °C,,unknown,microchip-avr-atdf:ATmega_DFP@3.6.299,https://packs.download.microchip.com/Microchip.ATmega_DFP.3.6.299.atpack,2026-08-12T17:20:34+00:00,manufacturer_device_database,atdf_variant_record
microchip::atmega165pa-mn,microchip::atmega165pa,Microchip,AVR,AVR 8-bit,Classic ATmega,ATmega165PA,ATmega165PA-MN,-MN,,,,QFN64,-40..105 °C,,unknown,microchip-avr-atdf:ATmega_DFP@3.6.299,https://packs.download.microchip.com/Microchip.ATmega_DFP.3.6.299.atpack,2026-08-12T17:20:34+00:00,manufacturer_device_database,atdf_variant_record
microchip::atmega165pa-mnr,microchip::atmega165pa,Microchip,AVR,AVR 8-bit,Classic ATmega,ATmega165PA,ATmega165PA-MNR,-MNR,,,,QFN64,-40..105 °C,,unknown,microchip-avr-atdf:ATmega_DFP@3.6.299,https://packs.download.microchip.com/Microchip.ATmega_DFP.3.6.299.atpack,2026-08-12T17:20:34+00:00,manufacturer_device_database,atdf_variant_record
microchip::atmega165pa-mu,microchip::atmega165pa,Microchip,AVR,AVR 8-bit,Classic ATmega,ATmega165PA,ATmega165PA-MU,-MU,,,,QFN64,-40..85 °C,,unknown,microchip-avr-atdf:ATmega_DFP@3.6.299,https://packs.download.microchip.com/Microchip.ATmega_DFP.3.6.299.atpack,2026-08-12T17:20:34+00:00,manufacturer_device_database,atdf_variant_record
microchip::atmega165pa-mur,microchip::atmega165pa,Microchip,AVR,AVR 8-bit,Classic ATmega,ATmega165PA,ATmega165PA-MUR,-MUR,,,,QFN64,-40..85 °C,,unknown,microchip-avr-atdf:ATmega_DFP@3.6.299,https://packs.download.microchip.com/Microchip.ATmega_DFP.3.6.299.atpack,2026-08-12T17:20:34+00:00,manufacturer_device_database,atdf_variant_record
microchip::atmega165pv-8au,microchip::atmega165p,Microchip,AVR,AVR 8-bit,Classic ATmega,ATmega165P,ATmega165PV-8AU,V-8AU,,,,TQFP64,-40..85 °C,,unknown,microchip-avr-atdf:ATmega_DFP@3.6.299,https://packs.download.microchip.com/Microchip.ATmega_DFP.3.6.299.atpack,2026-08-12T17:20:34+00:00,manufacturer_device_database,atdf_variant_record
microchip::atmega165pv-8mu,microchip::atmega165p,Microchip,AVR,AVR 8-bit,Classic ATmega,ATmega165P,ATmega165PV-8MU,V-8MU,,,,QFN64,-40..85 °C,,unknown,microchip-avr-atdf:ATmega_DFP@3.6.299,https://packs.download.microchip.com/Microchip.ATmega_DFP.3.6.299.atpack,2026-08-12T17:20:34+00:00,manufacturer_device_database,atdf_variant_record
microchip::atmega168-20au,microchip::atmega168,Microchip,AVR,AVR 8-bit,Classic ATmega,ATmega168,ATmega168-20AU,-20AU,,,,TQFP32,-40..85 °C,,unknown,microchip-avr-atdf:ATmega_DFP@3.6.299,https://packs.download.microchip.com/Microchip.ATmega_DFP.3.6.299.atpack,2026-08-12T17:20:34+00:00,manufacturer_device_database,atdf_variant_record
microchip::atmega168-20mu,microchip::atmega168,Microchip,AVR,AVR 8-bit,Classic ATmega,ATmega168,ATmega168-20MU,-20MU,,,,QFN32,-40..85 °C,,unknown,microchip-avr-atdf:ATmega_DFP@3.6.299,https://packs.download.microchip.com/Microchip.ATmega_DFP.3.6.299.atpack,2026-08-12T17:20:34+00:00,manufacturer_device_database,atdf_variant_record
microchip::atmega168-20pu,microchip::atmega168,Microchip,AVR,AVR 8-bit,Classic ATmega,ATmega168,ATmega168-20PU,-20PU,,,,PDIP28,-40..85 °C,,unknown,microchip-avr-atdf:ATmega_DFP@3.6.299,https://packs.download.microchip.com/Microchip.ATmega_DFP.3.6.299.atpack,2026-08-12T17:20:34+00:00,manufacturer_device_database,atdf_variant_record
microchip::atmega168a-au,microchip::atmega168a,Microchip,AVR,AVR 8-bit,Classic ATmega,ATmega168A,ATmega168A-AU,-AU,,,,TQFP32,-40..85 °C,,unknown,microchip-avr-atdf:ATmega_DFP@3.6.299,https://packs.download.microchip.com/Microchip.ATmega_DFP.3.6.299.atpack,2026-08-12T17:20:34+00:00,manufacturer_device_database,atdf_variant_record
microchip::atmega168a-ccu,microchip::atmega168a,Microchip,AVR,AVR 8-bit,Classic ATmega,ATmega168A,ATmega168A-CCU,-CCU,,,,UFBGA32,-40..85 °C,,unknown,microchip-avr-atdf:ATmega_DFP@3.6.299,https://packs.download.microchip.com/Microchip.ATmega_DFP.3.6.299.atpack,2026-08-12T17:20:34+00:00,manufacturer_device_database,atdf_variant_record
microchip::atmega168a-mmh,microchip::atmega168a,Microchip,AVR,AVR 8-bit,Classic ATmega,ATmega168A,ATmega168A-MMH,-MMH,,,,QFN28,-40..85 °C,,unknown,microchip-avr-atdf:ATmega_DFP@3.6.299,https://packs.download.microchip.com/Microchip.ATmega_DFP.3.6.299.atpack,2026-08-12T17:20:34+00:00,manufacturer_device_database,atdf_variant_record
microchip::atmega168a-mu,microchip::atmega168a,Microchip,AVR,AVR 8-bit,Classic ATmega,ATmega168A,ATmega168A-MU,-MU,,,,QFN32,-40..85 °C,,unknown,microchip-avr-atdf:ATmega_DFP@3.6.299,https://packs.download.microchip.com/Microchip.ATmega_DFP.3.6.299.atpack,2026-08-12T17:20:34+00:00,manufacturer_device_database,atdf_variant_record
microchip::atmega168a-pu,microchip::atmega168a,Microchip,AVR,AVR 8-bit,Classic ATmega,ATmega168A,ATmega168A-PU,-PU,,,,PDIP28,-40..85 °C,,unknown,microchip-avr-atdf:ATmega_DFP@3.6.299,https://packs.download.microchip.com/Microchip.ATmega_DFP.3.6.299.atpack,2026-08-12T17:20:34+00:00,manufacturer_device_database,atdf_variant_record
microchip::atmega168p-20au,microchip::atmega168p,Microchip,AVR,AVR 8-bit,Classic ATmega,ATmega168P,ATmega168P-20AU,-20AU,,,,TQFP32,-40..85 °C,,unknown,microchip-avr-atdf:ATmega_DFP@3.6.299,https://packs.download.microchip.com/Microchip.ATmega_DFP.3.6.299.atpack,2026-08-12T17:20:34+00:00,manufacturer_device_database,atdf_variant_record
microchip::atmega168p-20mu,microchip::atmega168p,Microchip,AVR,AVR 8-bit,Classic ATmega,ATmega168P,ATmega168P-20MU,-20MU,,,,QFN32,-40..85 °C,,unknown,microchip-avr-atdf:ATmega_DFP@3.6.299,https://packs.download.microchip.com/Microchip.ATmega_DFP.3.6.299.atpack,2026-08-12T17:20:34+00:00,manufacturer_device_database,atdf_variant_record
microchip::atmega168p-20pu,microchip::atmega168p,Microchip,AVR,AVR 8-bit,Classic ATmega,ATmega168P,ATmega168P-20PU,-20PU,,,,PDIP28,-40..85 °C,,unknown,microchip-avr-atdf:ATmega_DFP@3.6.299,https://packs.download.microchip.com/Microchip.ATmega_DFP.3.6.299.atpack,2026-08-12T17:20:34+00:00,manufacturer_device_database,atdf_variant_record
microchip::atmega168pa-an,microchip::atmega168pa,Microchip,AVR,AVR 8-bit,Classic ATmega,ATmega168PA,ATmega168PA-AN,-AN,,,,TQFP32,-40..105 °C,,unknown,microchip-avr-atdf:ATmega_DFP@3.6.299,https://packs.download.microchip.com/Microchip.ATmega_DFP.3.6.299.atpack,2026-08-12T17:20:34+00:00,manufacturer_device_database,atdf_variant_record
microchip::atmega168pa-au,microchip::atmega168pa,Microchip,AVR,AVR 8-bit,Classic ATmega,ATmega168PA,ATmega168PA-AU,-AU,,,,TQFP32,-40..85 °C,,unknown,microchip-avr-atdf:ATmega_DFP@3.6.299,https://packs.download.microchip.com/Microchip.ATmega_DFP.3.6.299.atpack,2026-08-12T17:20:34+00:00,manufacturer_device_database,atdf_variant_record
microchip::atmega168pa-ccu,microchip::atmega168pa,Microchip,AVR,AVR 8-bit,Classic ATmega,ATmega168PA,ATmega168PA-CCU,-CCU,,,,UFBGA32,-40..85 °C,,unknown,microchip-avr-atdf:ATmega_DFP@3.6.299,https://packs.download.microchip.com/Microchip.ATmega_DFP.3.6.299.atpack,2026-08-12T17:20:34+00:00,manufacturer_device_database,atdf_variant_record
microchip::atmega168pa-mmh,microchip::atmega168pa,Microchip,AVR,AVR 8-bit,Classic ATmega,ATmega168PA,ATmega168PA-MMH,-MMH,,,,QFN28,-40..85 °C,,unknown,microchip-avr-atdf:ATmega_DFP@3.6.299,https://packs.download.microchip.com/Microchip.ATmega_DFP.3.6.299.atpack,2026-08-12T17:20:34+00:00,manufacturer_device_database,atdf_variant_record
microchip::atmega168pa-mn,microchip::atmega168pa,Microchip,AVR,AVR 8-bit,Classic ATmega,ATmega168PA,ATmega168PA-MN,-MN,,,,QFN32,-40..105 °C,,unknown,microchip-avr-atdf:ATmega_DFP@3.6.299,https://packs.download.microchip.com/Microchip.ATmega_DFP.3.6.299.atpack,2026-08-12T17:20:34+00:00,manufacturer_device_database,atdf_variant_record
microchip::atmega168pa-mu,microchip::atmega168pa,Microchip,AVR,AVR 8-bit,Classic ATmega,ATmega168PA,ATmega168PA-MU,-MU,,,,QFN32,-40..85 °C,,unknown,microchip-avr-atdf:ATmega_DFP@3.6.299,https://packs.download.microchip.com/Microchip.ATmega_DFP.3.6.299.atpack,2026-08-12T17:20:34+00:00,manufacturer_device_database,atdf_variant_record
microchip::atmega168pa-pn,microchip::atmega168pa,Microchip,AVR,AVR 8-bit,Classic ATmega,ATmega168PA,ATmega168PA-PN,-PN,,,,PDIP28,-40..105 °C,,unknown,microchip-avr-atdf:ATmega_DFP@3.6.299,https://packs.download.microchip.com/Microchip.ATmega_DFP.3.6.299.atpack,2026-08-12T17:20:34+00:00,manufacturer_device_database,atdf_variant_record
microchip::atmega168pa-pu,microchip::atmega168pa,Microchip,AVR,AVR 8-bit,Classic ATmega,ATmega168PA,ATmega168PA-PU,-PU,,,,PDIP28,-40..85 °C,,unknown,microchip-avr-atdf:ATmega_DFP@3.6.299,https://packs.download.microchip.com/Microchip.ATmega_DFP.3.6.299.atpack,2026-08-12T17:20:34+00:00,manufacturer_device_database,atdf_variant_record
microchip::atmega168pb-an,microchip::atmega168pb,Microchip,AVR,AVR 8-bit,Classic ATmega,ATmega168PB,ATmega168PB-AN,-AN,,,,TQFP32,-40..105 °C,,unknown,microchip-avr-atdf:ATmega_DFP@3.6.299,https://packs.download.microchip.com/Microchip.ATmega_DFP.3.6.299.atpack,2026-08-12T17:20:34+00:00,manufacturer_device_database,atdf_variant_record
microchip::atmega168pb-au,microchip::atmega168pb,Microchip,AVR,AVR 8-bit,Classic ATmega,ATmega168PB,ATmega168PB-AU,-AU,,,,TQFP32,-40..85 °C,,unknown,microchip-avr-atdf:ATmega_DFP@3.6.299,https://packs.download.microchip.com/Microchip.ATmega_DFP.3.6.299.atpack,2026-08-12T17:20:34+00:00,manufacturer_device_database,atdf_variant_record
microchip::atmega168pb-mn,microchip::atmega168pb,Microchip,AVR,AVR 8-bit,Classic ATmega,ATmega168PB,ATmega168PB-MN,-MN,,,,VQFN32,-40..105 °C,,unknown,microchip-avr-atdf:ATmega_DFP@3.6.299,https://packs.download.microchip.com/Microchip.ATmega_DFP.3.6.299.atpack,2026-08-12T17:20:34+00:00,manufacturer_device_database,atdf_variant_record
microchip::atmega168pb-mu,microchip::atmega168pb,Microchip,AVR,AVR 8-bit,Classic ATmega,ATmega168PB,ATmega168PB-MU,-MU,,,,VQFN32,-40..85 °C,,unknown,microchip-avr-atdf:ATmega_DFP@3.6.299,https://packs.download.microchip.com/Microchip.ATmega_DFP.3.6.299.atpack,2026-08-12T17:20:34+00:00,manufacturer_device_database,atdf_variant_record
microchip::atmega168pv-10au,microchip::atmega168p,Microchip,AVR,AVR 8-bit,Classic ATmega,ATmega168P,ATmega168PV-10AU,V-10AU,,,,TQFP32,-40..85 °C,,unknown,microchip-avr-atdf:ATmega_DFP@3.6.299,https://packs.download.microchip.com/Microchip.ATmega_DFP.3.6.299.atpack,2026-08-12T17:20:34+00:00,manufacturer_device_database,atdf_variant_record
microchip::atmega168pv-10mu,microchip::atmega168p,Microchip,AVR,AVR 8-bit,Classic ATmega,ATmega168P,ATmega168PV-10MU,V-10MU,,,,QFN32,-40..85 °C,,unknown,microchip-avr-atdf:ATmega_DFP@3.6.299,https://packs.download.microchip.com/Microchip.ATmega_DFP.3.6.299.atpack,2026-08-12T17:20:34+00:00,manufacturer_device_database,atdf_variant_record
microchip::atmega168pv-10pu,microchip::atmega168p,Microchip,AVR,AVR 8-bit,Classic ATmega,ATmega168P,ATmega168PV-10PU,V-10PU,,,,PDIP28,-40..85 °C,,unknown,microchip-avr-atdf:ATmega_DFP@3.6.299,https://packs.download.microchip.com/Microchip.ATmega_DFP.3.6.299.atpack,2026-08-12T17:20:34+00:00,manufacturer_device_database,atdf_variant_record
microchip::atmega168v-10au,microchip::atmega168,Microchip,AVR,AVR 8-bit,Classic ATmega,ATmega168,ATmega168V-10AU,V-10AU,,,,TQFP32,-40..85 °C,,unknown,microchip-avr-atdf:ATmega_DFP@3.6.299,https://packs.download.microchip.com/Microchip.ATmega_DFP.3.6.299.atpack,2026-08-12T17:20:34+00:00,manufacturer_device_database,atdf_variant_record
microchip::atmega168v-10mu,microchip::atmega168,Microchip,AVR,AVR 8-bit,Classic ATmega,ATmega168,ATmega168V-10MU,V-10MU,,,,QFN32,-40..85 °C,,unknown,microchip-avr-atdf:ATmega_DFP@3.6.299,https://packs.download.microchip.com/Microchip.ATmega_DFP.3.6.299.atpack,2026-08-12T17:20:34+00:00,manufacturer_device_database,atdf_variant_record
microchip::atmega168v-10pu,microchip::atmega168,Microchip,AVR,AVR 8-bit,Classic ATmega,ATmega168,ATmega168V-10PU,V-10PU,,,,PDIP28,-40..85 °C,,unknown,microchip-avr-atdf:ATmega_DFP@3.6.299,https://packs.download.microchip.com/Microchip.ATmega_DFP.3.6.299.atpack,2026-08-12T17:20:34+00:00,manufacturer_device_database,atdf_variant_record
microchip::atmega169a-an,microchip::atmega169a,Microchip,AVR,AVR 8-bit,Classic ATmega,ATmega169A,ATmega169A-AN,-AN,,,,TQFP64,-40..105 °C,,unknown,microchip-avr-atdf:ATmega_DFP@3.6.299,https://packs.download.microchip.com/Microchip.ATmega_DFP.3.6.299.atpack,2026-08-12T17:20:34+00:00,manufacturer_device_database,atdf_variant_record
microchip::atmega169a-au,microchip::atmega169a,Microchip,AVR,AVR 8-bit,Classic ATmega,ATmega169A,ATmega169A-AU,-AU,,,,TQFP64,-40..85 °C,,unknown,microchip-avr-atdf:ATmega_DFP@3.6.299,https://packs.download.microchip.com/Microchip.ATmega_DFP.3.6.299.atpack,2026-08-12T17:20:34+00:00,manufacturer_device_database,atdf_variant_record
microchip::atmega169a-mch,microchip::atmega169a,Microchip,AVR,AVR 8-bit,Classic ATmega,ATmega169A,ATmega169A-MCH,-MCH,,,,DRQFN64,-40..85 °C,,unknown,microchip-avr-atdf:ATmega_DFP@3.6.299,https://packs.download.microchip.com/Microchip.ATmega_DFP.3.6.299.atpack,2026-08-12T17:20:34+00:00,manufacturer_device_database,atdf_variant_record
microchip::atmega169a-mn,microchip::atmega169a,Microchip,AVR,AVR 8-bit,Classic ATmega,ATmega169A,ATmega169A-MN,-MN,,,,QFN64,-40..105 °C,,unknown,microchip-avr-atdf:ATmega_DFP@3.6.299,https://packs.download.microchip.com/Microchip.ATmega_DFP.3.6.299.atpack,2026-08-12T17:20:34+00:00,manufacturer_device_database,atdf_variant_record
microchip::atmega169a-mu,microchip::atmega169a,Microchip,AVR,AVR 8-bit,Classic ATmega,ATmega169A,ATmega169A-MU,-MU,,,,QFN64,-40..85 °C,,unknown,microchip-avr-atdf:ATmega_DFP@3.6.299,https://packs.download.microchip.com/Microchip.ATmega_DFP.3.6.299.atpack,2026-08-12T17:20:34+00:00,manufacturer_device_database,atdf_variant_record
microchip::atmega169p-16au,microchip::atmega169p,Microchip,AVR,AVR 8-bit,Classic ATmega,ATmega169P,ATmega169P-16AU,-16AU,,,,TQFP64,-40..85 °C,,unknown,microchip-avr-atdf:ATmega_DFP@3.6.299,https://packs.download.microchip.com/Microchip.ATmega_DFP.3.6.299.atpack,2026-08-12T17:20:34+00:00,manufacturer_device_database,atdf_variant_record
microchip::atmega169p-16mch,microchip::atmega169p,Microchip,AVR,AVR 8-bit,Classic ATmega,ATmega169P,ATmega169P-16MCH,-16MCH,,,,DRQFN64,-40..85 °C,,unknown,microchip-avr-atdf:ATmega_DFP@3.6.299,https://packs.download.microchip.com/Microchip.ATmega_DFP.3.6.299.atpack,2026-08-12T17:20:34+00:00,manufacturer_device_database,atdf_variant_record
microchip::atmega169p-16mu,microchip::atmega169p,Microchip,AVR,AVR 8-bit,Classic ATmega,ATmega169P,ATmega169P-16MU,-16MU,,,,QFN64,-40..85 °C,,unknown,microchip-avr-atdf:ATmega_DFP@3.6.299,https://packs.download.microchip.com/Microchip.ATmega_DFP.3.6.299.atpack,2026-08-12T17:20:34+00:00,manufacturer_device_database,atdf_variant_record
microchip::atmega169pa-an,microchip::atmega169pa,Microchip,AVR,AVR 8-bit,Classic ATmega,ATmega169PA,ATmega169PA-AN,-AN,,,,TQFP64,-40..105 °C,,unknown,microchip-avr-atdf:ATmega_DFP@3.6.299,https://packs.download.microchip.com/Microchip.ATmega_DFP.3.6.299.atpack,2026-08-12T17:20:34+00:00,manufacturer_device_database,atdf_variant_record
microchip::atmega169pa-au,microchip::atmega169pa,Microchip,AVR,AVR 8-bit,Classic ATmega,ATmega169PA,ATmega169PA-AU,-AU,,,,TQFP64,-40..85 °C,,unknown,microchip-avr-atdf:ATmega_DFP@3.6.299,https://packs.download.microchip.com/Microchip.ATmega_DFP.3.6.299.atpack,2026-08-12T17:20:34+00:00,manufacturer_device_database,atdf_variant_record
microchip::atmega169pa-mch,microchip::atmega169pa,Microchip,AVR,AVR 8-bit,Classic ATmega,ATmega169PA,ATmega169PA-MCH,-MCH,,,,DRQFN64,-40..85 °C,,unknown,microchip-avr-atdf:ATmega_DFP@3.6.299,https://packs.download.microchip.com/Microchip.ATmega_DFP.3.6.299.atpack,2026-08-12T17:20:34+00:00,manufacturer_device_database,atdf_variant_record
microchip::atmega169pa-mn,microchip::atmega169pa,Microchip,AVR,AVR 8-bit,Classic ATmega,ATmega169PA,ATmega169PA-MN,-MN,,,,QFN64,-40..105 °C,,unknown,microchip-avr-atdf:ATmega_DFP@3.6.299,https://packs.download.microchip.com/Microchip.ATmega_DFP.3.6.299.atpack,2026-08-12T17:20:34+00:00,manufacturer_device_database,atdf_variant_record
microchip::atmega169pa-mu,microchip::atmega169pa,Microchip,AVR,AVR 8-bit,Classic ATmega,ATmega169PA,ATmega169PA-MU,-MU,,,,QFN64,-40..85 °C,,unknown,microchip-avr-atdf:ATmega_DFP@3.6.299,https://packs.download.microchip.com/Microchip.ATmega_DFP.3.6.299.atpack,2026-08-12T17:20:34+00:00,manufacturer_device_database,atdf_variant_record
microchip::atmega169pv-8au,microchip::atmega169p,Microchip,AVR,AVR 8-bit,Classic ATmega,ATmega169P,ATmega169PV-8AU,V-8AU,,,,TQFP64,-40..85 °C,,unknown,microchip-avr-atdf:ATmega_DFP@3.6.299,https://packs.download.microchip.com/Microchip.ATmega_DFP.3.6.299.atpack,2026-08-12T17:20:34+00:00,manufacturer_device_database,atdf_variant_record
microchip::atmega169pv-8mch,microchip::atmega169p,Microchip,AVR,AVR 8-bit,Classic ATmega,ATmega169P,ATmega169PV-8MCH,V-8MCH,,,,DRQFN64,-40..85 °C,,unknown,microchip-avr-atdf:ATmega_DFP@3.6.299,https://packs.download.microchip.com/Microchip.ATmega_DFP.3.6.299.atpack,2026-08-12T17:20:34+00:00,manufacturer_device_database,atdf_variant_record
microchip::atmega169pv-8mu,microchip::atmega169p,Microchip,AVR,AVR 8-bit,Classic ATmega,ATmega169P,ATmega169PV-8MU,V-8MU,,,,QFN64,-40..85 °C,,unknown,microchip-avr-atdf:ATmega_DFP@3.6.299,https://packs.download.microchip.com/Microchip.ATmega_DFP.3.6.299.atpack,2026-08-12T17:20:34+00:00,manufacturer_device_database,atdf_variant_record
microchip::atmega16a-au,microchip::atmega16a,Microchip,AVR,AVR 8-bit,Classic ATmega,ATmega16A,ATmega16A-AU,-AU,,,,TQFP44,-40..85 °C,,unknown,microchip-avr-atdf:ATmega_DFP@3.6.299,https://packs.download.microchip.com/Microchip.ATmega_DFP.3.6.299.atpack,2026-08-12T17:20:34+00:00,manufacturer_device_database,atdf_variant_record
microchip::atmega16a-mu,microchip::atmega16a,Microchip,AVR,AVR 8-bit,Classic ATmega,ATmega16A,ATmega16A-MU,-MU,,,,QFN44,-40..85 °C,,unknown,microchip-avr-atdf:ATmega_DFP@3.6.299,https://packs.download.microchip.com/Microchip.ATmega_DFP.3.6.299.atpack,2026-08-12T17:20:34+00:00,manufacturer_device_database,atdf_variant_record
microchip::atmega16a-pu,microchip::atmega16a,Microchip,AVR,AVR 8-bit,Classic ATmega,ATmega16A,ATmega16A-PU,-PU,,,,PDIP40,-40..85 °C,,unknown,microchip-avr-atdf:ATmega_DFP@3.6.299,https://packs.download.microchip.com/Microchip.ATmega_DFP.3.6.299.atpack,2026-08-12T17:20:34+00:00,manufacturer_device_database,atdf_variant_record
microchip::atmega16hva-4cku,microchip::atmega16hva,Microchip,AVR,AVR 8-bit,Classic ATmega,ATmega16HVA,ATmega16HVA-4CKU,-4CKU,,,,LGA36,-20..85 °C,,unknown,microchip-avr-atdf:ATmega_DFP@3.6.299,https://packs.download.microchip.com/Microchip.ATmega_DFP.3.6.299.atpack,2026-08-12T17:20:34+00:00,manufacturer_device_database,atdf_variant_record
microchip::atmega16hva-4tu,microchip::atmega16hva,Microchip,AVR,AVR 8-bit,Classic ATmega,ATmega16HVA,ATmega16HVA-4TU,-4TU,,,,TSOP28,-20..85 °C,,unknown,microchip-avr-atdf:ATmega_DFP@3.6.299,https://packs.download.microchip.com/Microchip.ATmega_DFP.3.6.299.atpack,2026-08-12T17:20:34+00:00,manufacturer_device_database,atdf_variant_record
microchip::atmega16l-8au,microchip::atmega16,Microchip,AVR,AVR 8-bit,Classic ATmega,ATmega16,ATmega16L-8AU,L-8AU,,,,TQFP44,-40..85 °C,,unknown,microchip-avr-atdf:ATmega_DFP@3.6.299,https://packs.download.microchip.com/Microchip.ATmega_DFP.3.6.299.atpack,2026-08-12T17:20:34+00:00,manufacturer_device_database,atdf_variant_record
microchip::atmega16l-8mu,microchip::atmega16,Microchip,AVR,AVR 8-bit,Classic ATmega,ATmega16,ATmega16L-8MU,L-8MU,,,,QFN44,-40..85 °C,,unknown,microchip-avr-atdf:ATmega_DFP@3.6.299,https://packs.download.microchip.com/Microchip.ATmega_DFP.3.6.299.atpack,2026-08-12T17:20:34+00:00,manufacturer_device_database,atdf_variant_record
microchip::atmega16l-8pu,microchip::atmega16,Microchip,AVR,AVR 8-bit,Classic ATmega,ATmega16,ATmega16L-8PU,L-8PU,,,,PDIP40,-40..85 °C,,unknown,microchip-avr-atdf:ATmega_DFP@3.6.299,https://packs.download.microchip.com/Microchip.ATmega_DFP.3.6.299.atpack,2026-08-12T17:20:34+00:00,manufacturer_device_database,atdf_variant_record
microchip::atmega16m1-au,microchip::atmega16m1,Microchip,AVR,AVR 8-bit,Classic ATmega,ATmega16M1,ATmega16M1-AU,-AU,,,,TQFP32,-40..85 °C,,unknown,microchip-avr-atdf:ATmega_DFP@3.6.299,https://packs.download.microchip.com/Microchip.ATmega_DFP.3.6.299.atpack,2026-08-12T17:20:34+00:00,manufacturer_device_database,atdf_variant_record
microchip::atmega16m1-mu,microchip::atmega16m1,Microchip,AVR,AVR 8-bit,Classic ATmega,ATmega16M1,ATmega16M1-MU,-MU,,,,QFN32,-40..85 °C,,unknown,microchip-avr-atdf:ATmega_DFP@3.6.299,https://packs.download.microchip.com/Microchip.ATmega_DFP.3.6.299.atpack,2026-08-12T17:20:34+00:00,manufacturer_device_database,atdf_variant_record
microchip::atmega16u2-au,microchip::atmega16u2,Microchip,AVR,AVR 8-bit,Classic ATmega,ATmega16U2,ATmega16U2-AU,-AU,,,,TQFP32,-40..85 °C,,unknown,microchip-avr-atdf:ATmega_DFP@3.6.299,https://packs.download.microchip.com/Microchip.ATmega_DFP.3.6.299.atpack,2026-08-12T17:20:34+00:00,manufacturer_device_database,atdf_variant_record
microchip::atmega16u2-mu,microchip::atmega16u2,Microchip,AVR,AVR 8-bit,Classic ATmega,ATmega16U2,ATmega16U2-MU,-MU,,,,QFN32,-40..85 °C,,unknown,microchip-avr-atdf:ATmega_DFP@3.6.299,https://packs.download.microchip.com/Microchip.ATmega_DFP.3.6.299.atpack,2026-08-12T17:20:34+00:00,manufacturer_device_database,atdf_variant_record
microchip::atmega16u4-au,microchip::atmega16u4,Microchip,AVR,AVR 8-bit,Classic ATmega,ATmega16U4,ATmega16U4-AU,-AU,,,,TQFP44,-40..85 °C,,unknown,microchip-avr-atdf:ATmega_DFP@3.6.299,https://packs.download.microchip.com/Microchip.ATmega_DFP.3.6.299.atpack,2026-08-12T17:20:34+00:00,manufacturer_device_database,atdf_variant_record
microchip::atmega16u4-mu,microchip::atmega16u4,Microchip,AVR,AVR 8-bit,Classic ATmega,ATmega16U4,ATmega16U4-MU,-MU,,,,QFN44,-40..85 °C,,unknown,microchip-avr-atdf:ATmega_DFP@3.6.299,https://packs.download.microchip.com/Microchip.ATmega_DFP.3.6.299.atpack,2026-08-12T17:20:34+00:00,manufacturer_device_database,atdf_variant_record
microchip::atmega16u4rc-au,microchip::atmega16u4,Microchip,AVR,AVR 8-bit,Classic ATmega,ATmega16U4,ATmega16U4RC-AU,RC-AU,,,,TQFP44,-40..85 °C,,unknown,microchip-avr-atdf:ATmega_DFP@3.6.299,https://packs.download.microchip.com/Microchip.ATmega_DFP.3.6.299.atpack,2026-08-12T17:20:34+00:00,manufacturer_device_database,atdf_variant_record
microchip::atmega16u4rc-mu,microchip::atmega16u4,Microchip,AVR,AVR 8-bit,Classic ATmega,ATmega16U4,ATmega16U4RC-MU,RC-MU,,,,QFN44,-40..85 °C,,unknown,microchip-avr-atdf:ATmega_DFP@3.6.299,https://packs.download.microchip.com/Microchip.ATmega_DFP.3.6.299.atpack,2026-08-12T17:20:34+00:00,manufacturer_device_database,atdf_variant_record
microchip::atmega2560-16au,microchip::atmega2560,Microchip,AVR,AVR 8-bit,Classic ATmega,ATmega2560,ATmega2560-16AU,-16AU,,,,TQFP100,-40..85 °C,,unknown,microchip-avr-atdf:ATmega_DFP@3.6.299,https://packs.download.microchip.com/Microchip.ATmega_DFP.3.6.299.atpack,2026-08-12T17:20:34+00:00,manufacturer_device_database,atdf_variant_record
microchip::atmega2560-16cu,microchip::atmega2560,Microchip,AVR,AVR 8-bit,Classic ATmega,ATmega2560,ATmega2560-16CU,-16CU,,,,CBGA100,-40..85 °C,,unknown,microchip-avr-atdf:ATmega_DFP@3.6.299,https://packs.download.microchip.com/Microchip.ATmega_DFP.3.6.299.atpack,2026-08-12T17:20:34+00:00,manufacturer_device_database,atdf_variant_record
microchip::atmega2560v-8au,microchip::atmega2560,Microchip,AVR,AVR 8-bit,Classic ATmega,ATmega2560,ATmega2560V-8AU,V-8AU,,,,TQFP100,-40..85 °C,,unknown,microchip-avr-atdf:ATmega_DFP@3.6.299,https://packs.download.microchip.com/Microchip.ATmega_DFP.3.6.299.atpack,2026-08-12T17:20:34+00:00,manufacturer_device_database,atdf_variant_record
microchip::atmega2560v-8cu,microchip::atmega2560,Microchip,AVR,AVR 8-bit,Classic ATmega,ATmega2560,ATmega2560V-8CU,V-8CU,,,,CBGA100,-40..85 °C,,unknown,microchip-avr-atdf:ATmega_DFP@3.6.299,https://packs.download.microchip.com/Microchip.ATmega_DFP.3.6.299.atpack,2026-08-12T17:20:34+00:00,manufacturer_device_database,atdf_variant_record
microchip::atmega2561-16au,microchip::atmega2561,Microchip,AVR,AVR 8-bit,Classic ATmega,ATmega2561,ATmega2561-16AU,-16AU,,,,TQFP64,-40..85 °C,,unknown,microchip-avr-atdf:ATmega_DFP@3.6.299,https://packs.download.microchip.com/Microchip.ATmega_DFP.3.6.299.atpack,2026-08-12T17:20:34+00:00,manufacturer_device_database,atdf_variant_record
microchip::atmega2561-16mu,microchip::atmega2561,Microchip,AVR,AVR 8-bit,Classic ATmega,ATmega2561,ATmega2561-16MU,-16MU,,,,QFN64,-40..85 °C,,unknown,microchip-avr-atdf:ATmega_DFP@3.6.299,https://packs.download.microchip.com/Microchip.ATmega_DFP.3.6.299.atpack,2026-08-12T17:20:34+00:00,manufacturer_device_database,atdf_variant_record
microchip::atmega2561v-8au,microchip::atmega2561,Microchip,AVR,AVR 8-bit,Classic ATmega,ATmega2561,ATmega2561V-8AU,V-8AU,,,,TQFP64,-40..85 °C,,unknown,microchip-avr-atdf:ATmega_DFP@3.6.299,https://packs.download.microchip.com/Microchip.ATmega_DFP.3.6.299.atpack,2026-08-12T17:20:34+00:00,manufacturer_device_database,atdf_variant_record
microchip::atmega2561v-8mu,microchip::atmega2561,Microchip,AVR,AVR 8-bit,Classic ATmega,ATmega2561,ATmega2561V-8MU,V-8MU,,,,QFN64,-40..85 °C,,unknown,microchip-avr-atdf:ATmega_DFP@3.6.299,https://packs.download.microchip.com/Microchip.ATmega_DFP.3.6.299.atpack,2026-08-12T17:20:34+00:00,manufacturer_device_database,atdf_variant_record
microchip::atmega2564rfr2-zf,microchip::atmega2564rfr2,Microchip,AVR,AVR 8-bit,Classic ATmega,ATmega2564RFR2,ATmega2564RFR2-ZF,-ZF,,,,VQFN48,-40..125 °C,,unknown,microchip-avr-atdf:ATmega_DFP@3.6.299,https://packs.download.microchip.com/Microchip.ATmega_DFP.3.6.299.atpack,2026-08-12T17:20:34+00:00,manufacturer_device_database,atdf_variant_record
microchip::atmega2564rfr2-zfr,microchip::atmega2564rfr2,Microchip,AVR,AVR 8-bit,Classic ATmega,ATmega2564RFR2,ATmega2564RFR2-ZFR,-ZFR,,,,VQFN48,-40..125 °C,,unknown,microchip-avr-atdf:ATmega_DFP@3.6.299,https://packs.download.microchip.com/Microchip.ATmega_DFP.3.6.299.atpack,2026-08-12T17:20:34+00:00,manufacturer_device_database,atdf_variant_record
microchip::atmega2564rfr2-zu,microchip::atmega2564rfr2,Microchip,AVR,AVR 8-bit,Classic ATmega,ATmega2564RFR2,ATmega2564RFR2-ZU,-ZU,,,,VQFN48,-40..85 °C,,unknown,microchip-avr-atdf:ATmega_DFP@3.6.299,https://packs.download.microchip.com/Microchip.ATmega_DFP.3.6.299.atpack,2026-08-12T17:20:34+00:00,manufacturer_device_database,atdf_variant_record
microchip::atmega2564rfr2-zur,microchip::atmega2564rfr2,Microchip,AVR,AVR 8-bit,Classic ATmega,ATmega2564RFR2,ATmega2564RFR2-ZUR,-ZUR,,,,VQFN48,-40..85 °C,,unknown,microchip-avr-atdf:ATmega_DFP@3.6.299,https://packs.download.microchip.com/Microchip.ATmega_DFP.3.6.299.atpack,2026-08-12T17:20:34+00:00,manufacturer_device_database,atdf_variant_record
microchip::atmega256rfr2-zf,microchip::atmega256rfr2,Microchip,AVR,AVR 8-bit,Classic ATmega,ATmega256RFR2,ATmega256RFR2-ZF,-ZF,,,,QFN64,-40..125 °C,,unknown,microchip-avr-atdf:ATmega_DFP@3.6.299,https://packs.download.microchip.com/Microchip.ATmega_DFP.3.6.299.atpack,2026-08-12T17:20:34+00:00,manufacturer_device_database,atdf_variant_record
microchip::atmega256rfr2-zfr,microchip::atmega256rfr2,Microchip,AVR,AVR 8-bit,Classic ATmega,ATmega256RFR2,ATmega256RFR2-ZFR,-ZFR,,,,QFN64,-40..125 °C,,unknown,microchip-avr-atdf:ATmega_DFP@3.6.299,https://packs.download.microchip.com/Microchip.ATmega_DFP.3.6.299.atpack,2026-08-12T17:20:34+00:00,manufacturer_device_database,atdf_variant_record
microchip::atmega256rfr2-zu,microchip::atmega256rfr2,Microchip,AVR,AVR 8-bit,Classic ATmega,ATmega256RFR2,ATmega256RFR2-ZU,-ZU,,,,QFN64,-40..85 °C,,unknown,microchip-avr-atdf:ATmega_DFP@3.6.299,https://packs.download.microchip.com/Microchip.ATmega_DFP.3.6.299.atpack,2026-08-12T17:20:34+00:00,manufacturer_device_database,atdf_variant_record
microchip::atmega256rfr2-zur,microchip::atmega256rfr2,Microchip,AVR,AVR 8-bit,Classic ATmega,ATmega256RFR2,ATmega256RFR2-ZUR,-ZUR,,,,QFN64,-40..85 °C,,unknown,microchip-avr-atdf:ATmega_DFP@3.6.299,https://packs.download.microchip.com/Microchip.ATmega_DFP.3.6.299.atpack,2026-08-12T17:20:34+00:00,manufacturer_device_database,atdf_variant_record
microchip::atmega32-16au,microchip::atmega32,Microchip,AVR,AVR 8-bit,Classic ATmega,ATmega32,ATmega32-16AU,-16AU,,,,TQFP44,-40..85 °C,,unknown,microchip-avr-atdf:ATmega_DFP@3.6.299,https://packs.download.microchip.com/Microchip.ATmega_DFP.3.6.299.atpack,2026-08-12T17:20:34+00:00,manufacturer_device_database,atdf_variant_record
microchip::atmega32-16mu,microchip::atmega32,Microchip,AVR,AVR 8-bit,Classic ATmega,ATmega32,ATmega32-16MU,-16MU,,,,QFN44,-40..85 °C,,unknown,microchip-avr-atdf:ATmega_DFP@3.6.299,https://packs.download.microchip.com/Microchip.ATmega_DFP.3.6.299.atpack,2026-08-12T17:20:34+00:00,manufacturer_device_database,atdf_variant_record
microchip::atmega32-16pu,microchip::atmega32,Microchip,AVR,AVR 8-bit,Classic ATmega,ATmega32,ATmega32-16PU,-16PU,,,,PDIP40,-40..85 °C,,unknown,microchip-avr-atdf:ATmega_DFP@3.6.299,https://packs.download.microchip.com/Microchip.ATmega_DFP.3.6.299.atpack,2026-08-12T17:20:34+00:00,manufacturer_device_database,atdf_variant_record
microchip::atmega3208-afr,microchip::atmega3208,Microchip,AVR,AVR 8-bit,megaAVR 0-series,ATmega3208,ATmega3208-AFR,-AFR,,,,TQFP32,-40..105 °C,,unknown,microchip-avr-atdf:ATmega_DFP@3.6.299,https://packs.download.microchip.com/Microchip.ATmega_DFP.3.6.299.atpack,2026-08-12T17:20:34+00:00,manufacturer_device_database,atdf_variant_record
microchip::atmega3208-mfr,microchip::atmega3208,Microchip,AVR,AVR 8-bit,megaAVR 0-series,ATmega3208,ATmega3208-MFR,-MFR,,,,VQFN32,-40..105 °C,,unknown,microchip-avr-atdf:ATmega_DFP@3.6.299,https://packs.download.microchip.com/Microchip.ATmega_DFP.3.6.299.atpack,2026-08-12T17:20:34+00:00,manufacturer_device_database,atdf_variant_record
microchip::atmega3208-xfr,microchip::atmega3208,Microchip,AVR,AVR 8-bit,megaAVR 0-series,ATmega3208,ATmega3208-XFR,-XFR,,,,SSOP28,-40..105 °C,,unknown,microchip-avr-atdf:ATmega_DFP@3.6.299,https://packs.download.microchip.com/Microchip.ATmega_DFP.3.6.299.atpack,2026-08-12T17:20:34+00:00,manufacturer_device_database,atdf_variant_record
microchip::atmega3209-afr,microchip::atmega3209,Microchip,AVR,AVR 8-bit,megaAVR 0-series,ATmega3209,ATmega3209-AFR,-AFR,,,,TQFP48,-40..105 °C,,unknown,microchip-avr-atdf:ATmega_DFP@3.6.299,https://packs.download.microchip.com/Microchip.ATmega_DFP.3.6.299.atpack,2026-08-12T17:20:34+00:00,manufacturer_device_database,atdf_variant_record
microchip::atmega3209-mfr,microchip::atmega3209,Microchip,AVR,AVR 8-bit,megaAVR 0-series,ATmega3209,ATmega3209-MFR,-MFR,,,,UQFN48,-40..105 °C,,unknown,microchip-avr-atdf:ATmega_DFP@3.6.299,https://packs.download.microchip.com/Microchip.ATmega_DFP.3.6.299.atpack,2026-08-12T17:20:34+00:00,manufacturer_device_database,atdf_variant_record
microchip::atmega324a-au,microchip::atmega324a,Microchip,AVR,AVR 8-bit,Classic ATmega,ATmega324A,ATmega324A-AU,-AU,,,,TQFP44,-40..85 °C,,unknown,microchip-avr-atdf:ATmega_DFP@3.6.299,https://packs.download.microchip.com/Microchip.ATmega_DFP.3.6.299.atpack,2026-08-12T17:20:34+00:00,manufacturer_device_database,atdf_variant_record
microchip::atmega324a-cu,microchip::atmega324a,Microchip,AVR,AVR 8-bit,Classic ATmega,ATmega324A,ATmega324A-CU,-CU,,,,VFBGA49,-40..85 °C,,unknown,microchip-avr-atdf:ATmega_DFP@3.6.299,https://packs.download.microchip.com/Microchip.ATmega_DFP.3.6.299.atpack,2026-08-12T17:20:34+00:00,manufacturer_device_database,atdf_variant_record
microchip::atmega324a-mch,microchip::atmega324a,Microchip,AVR,AVR 8-bit,Classic ATmega,ATmega324A,ATmega324A-MCH,-MCH,,,,DRQFN44,-40..85 °C,,unknown,microchip-avr-atdf:ATmega_DFP@3.6.299,https://packs.download.microchip.com/Microchip.ATmega_DFP.3.6.299.atpack,2026-08-12T17:20:34+00:00,manufacturer_device_database,atdf_variant_record
microchip::atmega324a-mu,microchip::atmega324a,Microchip,AVR,AVR 8-bit,Classic ATmega,ATmega324A,ATmega324A-MU,-MU,,,,VQFN44,-40..85 °C,,unknown,microchip-avr-atdf:ATmega_DFP@3.6.299,https://packs.download.microchip.com/Microchip.ATmega_DFP.3.6.299.atpack,2026-08-12T17:20:34+00:00,manufacturer_device_database,atdf_variant_record
microchip::atmega324a-pu,microchip::atmega324a,Microchip,AVR,AVR 8-bit,Classic ATmega,ATmega324A,ATmega324A-PU,-PU,,,,PDIP40,-40..85 °C,,unknown,microchip-avr-atdf:ATmega_DFP@3.6.299,https://packs.download.microchip.com/Microchip.ATmega_DFP.3.6.299.atpack,2026-08-12T17:20:34+00:00,manufacturer_device_database,atdf_variant_record
microchip::atmega324p-20an,microchip::atmega324p,Microchip,AVR,AVR 8-bit,Classic ATmega,ATmega324P,ATmega324P-20AN,-20AN,,,,TQFP44,-40..105 °C,,unknown,microchip-avr-atdf:ATmega_DFP@3.6.299,https://packs.download.microchip.com/Microchip.ATmega_DFP.3.6.299.atpack,2026-08-12T17:20:34+00:00,manufacturer_device_database,atdf_variant_record
microchip::atmega324p-20au,microchip::atmega324p,Microchip,AVR,AVR 8-bit,Classic ATmega,ATmega324P,ATmega324P-20AU,-20AU,,,,TQFP44,-40..85 °C,,unknown,microchip-avr-atdf:ATmega_DFP@3.6.299,https://packs.download.microchip.com/Microchip.ATmega_DFP.3.6.299.atpack,2026-08-12T17:20:34+00:00,manufacturer_device_database,atdf_variant_record
microchip::atmega324p-20mn,microchip::atmega324p,Microchip,AVR,AVR 8-bit,Classic ATmega,ATmega324P,ATmega324P-20MN,-20MN,,,,VQFN44,-40..105 °C,,unknown,microchip-avr-atdf:ATmega_DFP@3.6.299,https://packs.download.microchip.com/Microchip.ATmega_DFP.3.6.299.atpack,2026-08-12T17:20:34+00:00,manufacturer_device_database,atdf_variant_record
microchip::atmega324p-20mu,microchip::atmega324p,Microchip,AVR,AVR 8-bit,Classic ATmega,ATmega324P,ATmega324P-20MU,-20MU,,,,VQFN44,-40..85 °C,,unknown,microchip-avr-atdf:ATmega_DFP@3.6.299,https://packs.download.microchip.com/Microchip.ATmega_DFP.3.6.299.atpack,2026-08-12T17:20:34+00:00,manufacturer_device_database,atdf_variant_record
microchip::atmega324p-20pn,microchip::atmega324p,Microchip,AVR,AVR 8-bit,Classic ATmega,ATmega324P,ATmega324P-20PN,-20PN,,,,PDIP40,-40..105 °C,,unknown,microchip-avr-atdf:ATmega_DFP@3.6.299,https://packs.download.microchip.com/Microchip.ATmega_DFP.3.6.299.atpack,2026-08-12T17:20:34+00:00,manufacturer_device_database,atdf_variant_record
microchip::atmega324p-20pu,microchip::atmega324p,Microchip,AVR,AVR 8-bit,Classic ATmega,ATmega324P,ATmega324P-20PU,-20PU,,,,PDIP40,-40..85 °C,,unknown,microchip-avr-atdf:ATmega_DFP@3.6.299,https://packs.download.microchip.com/Microchip.ATmega_DFP.3.6.299.atpack,2026-08-12T17:20:34+00:00,manufacturer_device_database,atdf_variant_record
microchip::atmega324pa-au,microchip::atmega324pa,Microchip,AVR,AVR 8-bit,Classic ATmega,ATmega324PA,ATmega324PA-AU,-AU,,,,TQFP44,-40..85 °C,,unknown,microchip-avr-atdf:ATmega_DFP@3.6.299,https://packs.download.microchip.com/Microchip.ATmega_DFP.3.6.299.atpack,2026-08-12T17:20:34+00:00,manufacturer_device_database,atdf_variant_record
microchip::atmega324pa-cu,microchip::atmega324pa,Microchip,AVR,AVR 8-bit,Classic ATmega,ATmega324PA,ATmega324PA-CU,-CU,,,,VFBGA49,-40..85 °C,,unknown,microchip-avr-atdf:ATmega_DFP@3.6.299,https://packs.download.microchip.com/Microchip.ATmega_DFP.3.6.299.atpack,2026-08-12T17:20:34+00:00,manufacturer_device_database,atdf_variant_record
microchip::atmega324pa-mch,microchip::atmega324pa,Microchip,AVR,AVR 8-bit,Classic ATmega,ATmega324PA,ATmega324PA-MCH,-MCH,,,,DRQFN44,-40..85 °C,,unknown,microchip-avr-atdf:ATmega_DFP@3.6.299,https://packs.download.microchip.com/Microchip.ATmega_DFP.3.6.299.atpack,2026-08-12T17:20:34+00:00,manufacturer_device_database,atdf_variant_record
microchip::atmega324pa-mu,microchip::atmega324pa,Microchip,AVR,AVR 8-bit,Classic ATmega,ATmega324PA,ATmega324PA-MU,-MU,,,,VQFN44,-40..85 °C,,unknown,microchip-avr-atdf:ATmega_DFP@3.6.299,https://packs.download.microchip.com/Microchip.ATmega_DFP.3.6.299.atpack,2026-08-12T17:20:34+00:00,manufacturer_device_database,atdf_variant_record
microchip::atmega324pa-pu,microchip::atmega324pa,Microchip,AVR,AVR 8-bit,Classic ATmega,ATmega324PA,ATmega324PA-PU,-PU,,,,PDIP40,-40..85 °C,,unknown,microchip-avr-atdf:ATmega_DFP@3.6.299,https://packs.download.microchip.com/Microchip.ATmega_DFP.3.6.299.atpack,2026-08-12T17:20:34+00:00,manufacturer_device_database,atdf_variant_record
microchip::atmega324pb-an,microchip::atmega324pb,Microchip,AVR,AVR 8-bit,Classic ATmega,ATmega324PB,ATmega324PB-AN,-AN,,,,TQFP44,-40..105 °C,,unknown,microchip-avr-atdf:ATmega_DFP@3.6.299,https://packs.download.microchip.com/Microchip.ATmega_DFP.3.6.299.atpack,2026-08-12T17:20:34+00:00,manufacturer_device_database,atdf_variant_record
microchip::atmega324pb-anr,microchip::atmega324pb,Microchip,AVR,AVR 8-bit,Classic ATmega,ATmega324PB,ATmega324PB-ANR,-ANR,,,,TQFP44,-40..105 °C,,unknown,microchip-avr-atdf:ATmega_DFP@3.6.299,https://packs.download.microchip.com/Microchip.ATmega_DFP.3.6.299.atpack,2026-08-12T17:20:34+00:00,manufacturer_device_database,atdf_variant_record
microchip::atmega324pb-au,microchip::atmega324pb,Microchip,AVR,AVR 8-bit,Classic ATmega,ATmega324PB,ATmega324PB-AU,-AU,,,,TQFP44,-40..85 °C,,unknown,microchip-avr-atdf:ATmega_DFP@3.6.299,https://packs.download.microchip.com/Microchip.ATmega_DFP.3.6.299.atpack,2026-08-12T17:20:34+00:00,manufacturer_device_database,atdf_variant_record
microchip::atmega324pb-aur,microchip::atmega324pb,Microchip,AVR,AVR 8-bit,Classic ATmega,ATmega324PB,ATmega324PB-AUR,-AUR,,,,TQFP44,-40..85 °C,,unknown,microchip-avr-atdf:ATmega_DFP@3.6.299,https://packs.download.microchip.com/Microchip.ATmega_DFP.3.6.299.atpack,2026-08-12T17:20:34+00:00,manufacturer_device_database,atdf_variant_record
microchip::atmega324pb-mn,microchip::atmega324pb,Microchip,AVR,AVR 8-bit,Classic ATmega,ATmega324PB,ATmega324PB-MN,-MN,,,,VQFN44,-40..105 °C,,unknown,microchip-avr-atdf:ATmega_DFP@3.6.299,https://packs.download.microchip.com/Microchip.ATmega_DFP.3.6.299.atpack,2026-08-12T17:20:34+00:00,manufacturer_device_database,atdf_variant_record
microchip::atmega324pb-mnr,microchip::atmega324pb,Microchip,AVR,AVR 8-bit,Classic ATmega,ATmega324PB,ATmega324PB-MNR,-MNR,,,,VQFN44,-40..105 °C,,unknown,microchip-avr-atdf:ATmega_DFP@3.6.299,https://packs.download.microchip.com/Microchip.ATmega_DFP.3.6.299.atpack,2026-08-12T17:20:34+00:00,manufacturer_device_database,atdf_variant_record
microchip::atmega324pb-mu,microchip::atmega324pb,Microchip,AVR,AVR 8-bit,Classic ATmega,ATmega324PB,ATmega324PB-MU,-MU,,,,VQFN44,-40..85 °C,,unknown,microchip-avr-atdf:ATmega_DFP@3.6.299,https://packs.download.microchip.com/Microchip.ATmega_DFP.3.6.299.atpack,2026-08-12T17:20:34+00:00,manufacturer_device_database,atdf_variant_record
microchip::atmega324pb-mur,microchip::atmega324pb,Microchip,AVR,AVR 8-bit,Classic ATmega,ATmega324PB,ATmega324PB-MUR,-MUR,,,,VQFN44,-40..85 °C,,unknown,microchip-avr-atdf:ATmega_DFP@3.6.299,https://packs.download.microchip.com/Microchip.ATmega_DFP.3.6.299.atpack,2026-08-12T17:20:34+00:00,manufacturer_device_database,atdf_variant_record
microchip::atmega324pv-10an,microchip::atmega324p,Microchip,AVR,AVR 8-bit,Classic ATmega,ATmega324P,ATmega324PV-10AN,V-10AN,,,,TQFP44,-40..105 °C,,unknown,microchip-avr-atdf:ATmega_DFP@3.6.299,https://packs.download.microchip.com/Microchip.ATmega_DFP.3.6.299.atpack,2026-08-12T17:20:34+00:00,manufacturer_device_database,atdf_variant_record
microchip::atmega324pv-10au,microchip::atmega324p,Microchip,AVR,AVR 8-bit,Classic ATmega,ATmega324P,ATmega324PV-10AU,V-10AU,,,,TQFP44,-40..85 °C,,unknown,microchip-avr-atdf:ATmega_DFP@3.6.299,https://packs.download.microchip.com/Microchip.ATmega_DFP.3.6.299.atpack,2026-08-12T17:20:34+00:00,manufacturer_device_database,atdf_variant_record
microchip::atmega324pv-10mn,microchip::atmega324p,Microchip,AVR,AVR 8-bit,Classic ATmega,ATmega324P,ATmega324PV-10MN,V-10MN,,,,VQFN44,-40..105 °C,,unknown,microchip-avr-atdf:ATmega_DFP@3.6.299,https://packs.download.microchip.com/Microchip.ATmega_DFP.3.6.299.atpack,2026-08-12T17:20:34+00:00,manufacturer_device_database,atdf_variant_record
microchip::atmega324pv-10mu,microchip::atmega324p,Microchip,AVR,AVR 8-bit,Classic ATmega,ATmega324P,ATmega324PV-10MU,V-10MU,,,,VQFN44,-40..85 °C,,unknown,microchip-avr-atdf:ATmega_DFP@3.6.299,https://packs.download.microchip.com/Microchip.ATmega_DFP.3.6.299.atpack,2026-08-12T17:20:34+00:00,manufacturer_device_database,atdf_variant_record
microchip::atmega324pv-10pn,microchip::atmega324p,Microchip,AVR,AVR 8-bit,Classic ATmega,ATmega324P,ATmega324PV-10PN,V-10PN,,,,PDIP40,-40..105 °C,,unknown,microchip-avr-atdf:ATmega_DFP@3.6.299,https://packs.download.microchip.com/Microchip.ATmega_DFP.3.6.299.atpack,2026-08-12T17:20:34+00:00,manufacturer_device_database,atdf_variant_record
microchip::atmega324pv-10pu,microchip::atmega324p,Microchip,AVR,AVR 8-bit,Classic ATmega,ATmega324P,ATmega324PV-10PU,V-10PU,,,,PDIP40,-40..85 °C,,unknown,microchip-avr-atdf:ATmega_DFP@3.6.299,https://packs.download.microchip.com/Microchip.ATmega_DFP.3.6.299.atpack,2026-08-12T17:20:34+00:00,manufacturer_device_database,atdf_variant_record
microchip::atmega325-16au,microchip::atmega325,Microchip,AVR,AVR 8-bit,Classic ATmega,ATmega325,ATmega325-16AU,-16AU,,,,TQFP64,-40..85 °C,,unknown,microchip-avr-atdf:ATmega_DFP@3.6.299,https://packs.download.microchip.com/Microchip.ATmega_DFP.3.6.299.atpack,2026-08-12T17:20:34+00:00,manufacturer_device_database,atdf_variant_record
microchip::atmega325-16aur,microchip::atmega325,Microchip,AVR,AVR 8-bit,Classic ATmega,ATmega325,ATmega325-16AUR,-16AUR,,,,TQFP64,-40..85 °C,,unknown,microchip-avr-atdf:ATmega_DFP@3.6.299,https://packs.download.microchip.com/Microchip.ATmega_DFP.3.6.299.atpack,2026-08-12T17:20:34+00:00,manufacturer_device_database,atdf_variant_record
microchip::atmega325-16mu,microchip::atmega325,Microchip,AVR,AVR 8-bit,Classic ATmega,ATmega325,ATmega325-16MU,-16MU,,,,QFN64,-40..85 °C,,unknown,microchip-avr-atdf:ATmega_DFP@3.6.299,https://packs.download.microchip.com/Microchip.ATmega_DFP.3.6.299.atpack,2026-08-12T17:20:34+00:00,manufacturer_device_database,atdf_variant_record
microchip::atmega325-16mur,microchip::atmega325,Microchip,AVR,AVR 8-bit,Classic ATmega,ATmega325,ATmega325-16MUR,-16MUR,,,,QFN64,-40..85 °C,,unknown,microchip-avr-atdf:ATmega_DFP@3.6.299,https://packs.download.microchip.com/Microchip.ATmega_DFP.3.6.299.atpack,2026-08-12T17:20:34+00:00,manufacturer_device_database,atdf_variant_record
microchip::atmega3250-16au,microchip::atmega3250,Microchip,AVR,AVR 8-bit,Classic ATmega,ATmega3250,ATmega3250-16AU,-16AU,,,,TQFP100,-40..85 °C,,unknown,microchip-avr-atdf:ATmega_DFP@3.6.299,https://packs.download.microchip.com/Microchip.ATmega_DFP.3.6.299.atpack,2026-08-12T17:20:34+00:00,manufacturer_device_database,atdf_variant_record
microchip::atmega3250-16aur,microchip::atmega3250,Microchip,AVR,AVR 8-bit,Classic ATmega,ATmega3250,ATmega3250-16AUR,-16AUR,,,,TQFP100,-40..85 °C,,unknown,microchip-avr-atdf:ATmega_DFP@3.6.299,https://packs.download.microchip.com/Microchip.ATmega_DFP.3.6.299.atpack,2026-08-12T17:20:34+00:00,manufacturer_device_database,atdf_variant_record
microchip::atmega3250a-an,microchip::atmega3250a,Microchip,AVR,AVR 8-bit,Classic ATmega,ATmega3250A,ATmega3250A-AN,-AN,,,,TQFP100,-40..105 °C,,unknown,microchip-avr-atdf:ATmega_DFP@3.6.299,https://packs.download.microchip.com/Microchip.ATmega_DFP.3.6.299.atpack,2026-08-12T17:20:34+00:00,manufacturer_device_database,atdf_variant_record
microchip::atmega3250a-anr,microchip::atmega3250a,Microchip,AVR,AVR 8-bit,Classic ATmega,ATmega3250A,ATmega3250A-ANR,-ANR,,,,TQFP100,-40..105 °C,,unknown,microchip-avr-atdf:ATmega_DFP@3.6.299,https://packs.download.microchip.com/Microchip.ATmega_DFP.3.6.299.atpack,2026-08-12T17:20:34+00:00,manufacturer_device_database,atdf_variant_record
microchip::atmega3250a-au,microchip::atmega3250a,Microchip,AVR,AVR 8-bit,Classic ATmega,ATmega3250A,ATmega3250A-AU,-AU,,,,TQFP100,-40..85 °C,,unknown,microchip-avr-atdf:ATmega_DFP@3.6.299,https://packs.download.microchip.com/Microchip.ATmega_DFP.3.6.299.atpack,2026-08-12T17:20:34+00:00,manufacturer_device_database,atdf_variant_record
microchip::atmega3250a-aur,microchip::atmega3250a,Microchip,AVR,AVR 8-bit,Classic ATmega,ATmega3250A,ATmega3250A-AUR,-AUR,,,,TQFP100,-40..85 °C,,unknown,microchip-avr-atdf:ATmega_DFP@3.6.299,https://packs.download.microchip.com/Microchip.ATmega_DFP.3.6.299.atpack,2026-08-12T17:20:34+00:00,manufacturer_device_database,atdf_variant_record
microchip::atmega3250p-20au,microchip::atmega3250p,Microchip,AVR,AVR 8-bit,Classic ATmega,ATmega3250P,ATmega3250P-20AU,-20AU,,,,TQFP100,-40..85 °C,,unknown,microchip-avr-atdf:ATmega_DFP@3.6.299,https://packs.download.microchip.com/Microchip.ATmega_DFP.3.6.299.atpack,2026-08-12T17:20:34+00:00,manufacturer_device_database,atdf_variant_record
microchip::atmega3250pa-an,microchip::atmega3250pa,Microchip,AVR,AVR 8-bit,Classic ATmega,ATmega3250PA,ATmega3250PA-AN,-AN,,,,TQFP100,-40..105 °C,,unknown,microchip-avr-atdf:ATmega_DFP@3.6.299,https://packs.download.microchip.com/Microchip.ATmega_DFP.3.6.299.atpack,2026-08-12T17:20:34+00:00,manufacturer_device_database,atdf_variant_record
microchip::atmega3250pa-anr,microchip::atmega3250pa,Microchip,AVR,AVR 8-bit,Classic ATmega,ATmega3250PA,ATmega3250PA-ANR,-ANR,,,,TQFP100,-40..105 °C,,unknown,microchip-avr-atdf:ATmega_DFP@3.6.299,https://packs.download.microchip.com/Microchip.ATmega_DFP.3.6.299.atpack,2026-08-12T17:20:34+00:00,manufacturer_device_database,atdf_variant_record
microchip::atmega3250pa-au,microchip::atmega3250pa,Microchip,AVR,AVR 8-bit,Classic ATmega,ATmega3250PA,ATmega3250PA-AU,-AU,,,,TQFP100,-40..85 °C,,unknown,microchip-avr-atdf:ATmega_DFP@3.6.299,https://packs.download.microchip.com/Microchip.ATmega_DFP.3.6.299.atpack,2026-08-12T17:20:34+00:00,manufacturer_device_database,atdf_variant_record
microchip::atmega3250pa-aur,microchip::atmega3250pa,Microchip,AVR,AVR 8-bit,Classic ATmega,ATmega3250PA,ATmega3250PA-AUR,-AUR,,,,TQFP100,-40..85 °C,,unknown,microchip-avr-atdf:ATmega_DFP@3.6.299,https://packs.download.microchip.com/Microchip.ATmega_DFP.3.6.299.atpack,2026-08-12T17:20:34+00:00,manufacturer_device_database,atdf_variant_record
microchip::atmega3250pv-10au,microchip::atmega3250p,Microchip,AVR,AVR 8-bit,Classic ATmega,ATmega3250P,ATmega3250PV-10AU,V-10AU,,,,TQFP100,-40..85 °C,,unknown,microchip-avr-atdf:ATmega_DFP@3.6.299,https://packs.download.microchip.com/Microchip.ATmega_DFP.3.6.299.atpack,2026-08-12T17:20:34+00:00,manufacturer_device_database,atdf_variant_record
microchip::atmega3250v-8au,microchip::atmega3250,Microchip,AVR,AVR 8-bit,Classic ATmega,ATmega3250,ATmega3250V-8AU,V-8AU,,,,TQFP100,-40..85 °C,,unknown,microchip-avr-atdf:ATmega_DFP@3.6.299,https://packs.download.microchip.com/Microchip.ATmega_DFP.3.6.299.atpack,2026-08-12T17:20:34+00:00,manufacturer_device_database,atdf_variant_record
microchip::atmega3250v-8aur,microchip::atmega3250,Microchip,AVR,AVR 8-bit,Classic ATmega,ATmega3250,ATmega3250V-8AUR,V-8AUR,,,,TQFP100,-40..85 °C,,unknown,microchip-avr-atdf:ATmega_DFP@3.6.299,https://packs.download.microchip.com/Microchip.ATmega_DFP.3.6.299.atpack,2026-08-12T17:20:34+00:00,manufacturer_device_database,atdf_variant_record
microchip::atmega325a-an,microchip::atmega325a,Microchip,AVR,AVR 8-bit,Classic ATmega,ATmega325A,ATmega325A-AN,-AN,,,,TQFP64,-40..105 °C,,unknown,microchip-avr-atdf:ATmega_DFP@3.6.299,https://packs.download.microchip.com/Microchip.ATmega_DFP.3.6.299.atpack,2026-08-12T17:20:34+00:00,manufacturer_device_database,atdf_variant_record
microchip::atmega325a-anr,microchip::atmega325a,Microchip,AVR,AVR 8-bit,Classic ATmega,ATmega325A,ATmega325A-ANR,-ANR,,,,TQFP64,-40..105 °C,,unknown,microchip-avr-atdf:ATmega_DFP@3.6.299,https://packs.download.microchip.com/Microchip.ATmega_DFP.3.6.299.atpack,2026-08-12T17:20:34+00:00,manufacturer_device_database,atdf_variant_record
microchip::atmega325a-au,microchip::atmega325a,Microchip,AVR,AVR 8-bit,Classic ATmega,ATmega325A,ATmega325A-AU,-AU,,,,TQFP64,-40..85 °C,,unknown,microchip-avr-atdf:ATmega_DFP@3.6.299,https://packs.download.microchip.com/Microchip.ATmega_DFP.3.6.299.atpack,2026-08-12T17:20:34+00:00,manufacturer_device_database,atdf_variant_record
microchip::atmega325a-aur,microchip::atmega325a,Microchip,AVR,AVR 8-bit,Classic ATmega,ATmega325A,ATmega325A-AUR,-AUR,,,,TQFP64,-40..85 °C,,unknown,microchip-avr-atdf:ATmega_DFP@3.6.299,https://packs.download.microchip.com/Microchip.ATmega_DFP.3.6.299.atpack,2026-08-12T17:20:34+00:00,manufacturer_device_database,atdf_variant_record
microchip::atmega325a-mn,microchip::atmega325a,Microchip,AVR,AVR 8-bit,Classic ATmega,ATmega325A,ATmega325A-MN,-MN,,,,QFN64,-40..105 °C,,unknown,microchip-avr-atdf:ATmega_DFP@3.6.299,https://packs.download.microchip.com/Microchip.ATmega_DFP.3.6.299.atpack,2026-08-12T17:20:34+00:00,manufacturer_device_database,atdf_variant_record
microchip::atmega325a-mnr,microchip::atmega325a,Microchip,AVR,AVR 8-bit,Classic ATmega,ATmega325A,ATmega325A-MNR,-MNR,,,,QFN64,-40..105 °C,,unknown,microchip-avr-atdf:ATmega_DFP@3.6.299,https://packs.download.microchip.com/Microchip.ATmega_DFP.3.6.299.atpack,2026-08-12T17:20:34+00:00,manufacturer_device_database,atdf_variant_record
microchip::atmega325a-mu,microchip::atmega325a,Microchip,AVR,AVR 8-bit,Classic ATmega,ATmega325A,ATmega325A-MU,-MU,,,,QFN64,-40..85 °C,,unknown,microchip-avr-atdf:ATmega_DFP@3.6.299,https://packs.download.microchip.com/Microchip.ATmega_DFP.3.6.299.atpack,2026-08-12T17:20:34+00:00,manufacturer_device_database,atdf_variant_record
microchip::atmega325a-mur,microchip::atmega325a,Microchip,AVR,AVR 8-bit,Classic ATmega,ATmega325A,ATmega325A-MUR,-MUR,,,,QFN64,-40..85 °C,,unknown,microchip-avr-atdf:ATmega_DFP@3.6.299,https://packs.download.microchip.com/Microchip.ATmega_DFP.3.6.299.atpack,2026-08-12T17:20:34+00:00,manufacturer_device_database,atdf_variant_record
microchip::atmega325p-20au,microchip::atmega325p,Microchip,AVR,AVR 8-bit,Classic ATmega,ATmega325P,ATmega325P-20AU,-20AU,,,,TQFP64,-40..85 °C,,unknown,microchip-avr-atdf:ATmega_DFP@3.6.299,https://packs.download.microchip.com/Microchip.ATmega_DFP.3.6.299.atpack,2026-08-12T17:20:34+00:00,manufacturer_device_database,atdf_variant_record
microchip::atmega325p-20mu,microchip::atmega325p,Microchip,AVR,AVR 8-bit,Classic ATmega,ATmega325P,ATmega325P-20MU,-20MU,,,,QFN64,-40..85 °C,,unknown,microchip-avr-atdf:ATmega_DFP@3.6.299,https://packs.download.microchip.com/Microchip.ATmega_DFP.3.6.299.atpack,2026-08-12T17:20:34+00:00,manufacturer_device_database,atdf_variant_record
microchip::atmega325pa-an,microchip::atmega325pa,Microchip,AVR,AVR 8-bit,Classic ATmega,ATmega325PA,ATmega325PA-AN,-AN,,,,TQFP64,-40..105 °C,,unknown,microchip-avr-atdf:ATmega_DFP@3.6.299,https://packs.download.microchip.com/Microchip.ATmega_DFP.3.6.299.atpack,2026-08-12T17:20:34+00:00,manufacturer_device_database,atdf_variant_record
microchip::atmega325pa-anr,microchip::atmega325pa,Microchip,AVR,AVR 8-bit,Classic ATmega,ATmega325PA,ATmega325PA-ANR,-ANR,,,,TQFP64,-40..105 °C,,unknown,microchip-avr-atdf:ATmega_DFP@3.6.299,https://packs.download.microchip.com/Microchip.ATmega_DFP.3.6.299.atpack,2026-08-12T17:20:34+00:00,manufacturer_device_database,atdf_variant_record
microchip::atmega325pa-au,microchip::atmega325pa,Microchip,AVR,AVR 8-bit,Classic ATmega,ATmega325PA,ATmega325PA-AU,-AU,,,,TQFP64,-40..85 °C,,unknown,microchip-avr-atdf:ATmega_DFP@3.6.299,https://packs.download.microchip.com/Microchip.ATmega_DFP.3.6.299.atpack,2026-08-12T17:20:34+00:00,manufacturer_device_database,atdf_variant_record
microchip::atmega325pa-aur,microchip::atmega325pa,Microchip,AVR,AVR 8-bit,Classic ATmega,ATmega325PA,ATmega325PA-AUR,-AUR,,,,TQFP64,-40..85 °C,,unknown,microchip-avr-atdf:ATmega_DFP@3.6.299,https://packs.download.microchip.com/Microchip.ATmega_DFP.3.6.299.atpack,2026-08-12T17:20:34+00:00,manufacturer_device_database,atdf_variant_record
microchip::atmega325pa-mn,microchip::atmega325pa,Microchip,AVR,AVR 8-bit,Classic ATmega,ATmega325PA,ATmega325PA-MN,-MN,,,,QFN64,-40..105 °C,,unknown,microchip-avr-atdf:ATmega_DFP@3.6.299,https://packs.download.microchip.com/Microchip.ATmega_DFP.3.6.299.atpack,2026-08-12T17:20:34+00:00,manufacturer_device_database,atdf_variant_record
microchip::atmega325pa-mnr,microchip::atmega325pa,Microchip,AVR,AVR 8-bit,Classic ATmega,ATmega325PA,ATmega325PA-MNR,-MNR,,,,QFN64,-40..105 °C,,unknown,microchip-avr-atdf:ATmega_DFP@3.6.299,https://packs.download.microchip.com/Microchip.ATmega_DFP.3.6.299.atpack,2026-08-12T17:20:34+00:00,manufacturer_device_database,atdf_variant_record
microchip::atmega325pa-mu,microchip::atmega325pa,Microchip,AVR,AVR 8-bit,Classic ATmega,ATmega325PA,ATmega325PA-MU,-MU,,,,QFN64,-40..85 °C,,unknown,microchip-avr-atdf:ATmega_DFP@3.6.299,https://packs.download.microchip.com/Microchip.ATmega_DFP.3.6.299.atpack,2026-08-12T17:20:34+00:00,manufacturer_device_database,atdf_variant_record
microchip::atmega325pa-mur,microchip::atmega325pa,Microchip,AVR,AVR 8-bit,Classic ATmega,ATmega325PA,ATmega325PA-MUR,-MUR,,,,QFN64,-40..85 °C,,unknown,microchip-avr-atdf:ATmega_DFP@3.6.299,https://packs.download.microchip.com/Microchip.ATmega_DFP.3.6.299.atpack,2026-08-12T17:20:34+00:00,manufacturer_device_database,atdf_variant_record
microchip::atmega325pv-10au,microchip::atmega325p,Microchip,AVR,AVR 8-bit,Classic ATmega,ATmega325P,ATmega325PV-10AU,V-10AU,,,,TQFP64,-40..85 °C,,unknown,microchip-avr-atdf:ATmega_DFP@3.6.299,https://packs.download.microchip.com/Microchip.ATmega_DFP.3.6.299.atpack,2026-08-12T17:20:34+00:00,manufacturer_device_database,atdf_variant_record
microchip::atmega325pv-10mu,microchip::atmega325p,Microchip,AVR,AVR 8-bit,Classic ATmega,ATmega325P,ATmega325PV-10MU,V-10MU,,,,QFN64,-40..85 °C,,unknown,microchip-avr-atdf:ATmega_DFP@3.6.299,https://packs.download.microchip.com/Microchip.ATmega_DFP.3.6.299.atpack,2026-08-12T17:20:34+00:00,manufacturer_device_database,atdf_variant_record
microchip::atmega325v-8au,microchip::atmega325,Microchip,AVR,AVR 8-bit,Classic ATmega,ATmega325,ATmega325V-8AU,V-8AU,,,,TQFP64,-40..85 °C,,unknown,microchip-avr-atdf:ATmega_DFP@3.6.299,https://packs.download.microchip.com/Microchip.ATmega_DFP.3.6.299.atpack,2026-08-12T17:20:34+00:00,manufacturer_device_database,atdf_variant_record
microchip::atmega325v-8aur,microchip::atmega325,Microchip,AVR,AVR 8-bit,Classic ATmega,ATmega325,ATmega325V-8AUR,V-8AUR,,,,TQFP64,-40..85 °C,,unknown,microchip-avr-atdf:ATmega_DFP@3.6.299,https://packs.download.microchip.com/Microchip.ATmega_DFP.3.6.299.atpack,2026-08-12T17:20:34+00:00,manufacturer_device_database,atdf_variant_record
microchip::atmega325v-8mu,microchip::atmega325,Microchip,AVR,AVR 8-bit,Classic ATmega,ATmega325,ATmega325V-8MU,V-8MU,,,,QFN64,-40..85 °C,,unknown,microchip-avr-atdf:ATmega_DFP@3.6.299,https://packs.download.microchip.com/Microchip.ATmega_DFP.3.6.299.atpack,2026-08-12T17:20:34+00:00,manufacturer_device_database,atdf_variant_record
microchip::atmega325v-8mur,microchip::atmega325,Microchip,AVR,AVR 8-bit,Classic ATmega,ATmega325,ATmega325V-8MUR,V-8MUR,,,,QFN64,-40..85 °C,,unknown,microchip-avr-atdf:ATmega_DFP@3.6.299,https://packs.download.microchip.com/Microchip.ATmega_DFP.3.6.299.atpack,2026-08-12T17:20:34+00:00,manufacturer_device_database,atdf_variant_record
microchip::atmega328-au,microchip::atmega328,Microchip,AVR,AVR 8-bit,Classic ATmega,ATmega328,ATmega328-AU,-AU,,,,TQFP32,-40..85 °C,,unknown,microchip-avr-atdf:ATmega_DFP@3.6.299,https://packs.download.microchip.com/Microchip.ATmega_DFP.3.6.299.atpack,2026-08-12T17:20:34+00:00,manufacturer_device_database,atdf_variant_record
microchip::atmega328-mmh,microchip::atmega328,Microchip,AVR,AVR 8-bit,Classic ATmega,ATmega328,ATmega328-MMH,-MMH,,,,QFN28,-40..85 °C,,unknown,microchip-avr-atdf:ATmega_DFP@3.6.299,https://packs.download.microchip.com/Microchip.ATmega_DFP.3.6.299.atpack,2026-08-12T17:20:34+00:00,manufacturer_device_database,atdf_variant_record
microchip::atmega328-mu,microchip::atmega328,Microchip,AVR,AVR 8-bit,Classic ATmega,ATmega328,ATmega328-MU,-MU,,,,QFN32,-40..85 °C,,unknown,microchip-avr-atdf:ATmega_DFP@3.6.299,https://packs.download.microchip.com/Microchip.ATmega_DFP.3.6.299.atpack,2026-08-12T17:20:34+00:00,manufacturer_device_database,atdf_variant_record
microchip::atmega328-pu,microchip::atmega328,Microchip,AVR,AVR 8-bit,Classic ATmega,ATmega328,ATmega328-PU,-PU,,,,PDIP28,-40..85 °C,,unknown,microchip-avr-atdf:ATmega_DFP@3.6.299,https://packs.download.microchip.com/Microchip.ATmega_DFP.3.6.299.atpack,2026-08-12T17:20:34+00:00,manufacturer_device_database,atdf_variant_record
microchip::atmega328p-an,microchip::atmega328p,Microchip,AVR,AVR 8-bit,Classic ATmega,ATmega328P,ATmega328P-AN,-AN,,,,TQFP32,-40..105 °C,,unknown,microchip-avr-atdf:ATmega_DFP@3.6.299,https://packs.download.microchip.com/Microchip.ATmega_DFP.3.6.299.atpack,2026-08-12T17:20:34+00:00,manufacturer_device_database,atdf_variant_record
microchip::atmega328p-au,microchip::atmega328p,Microchip,AVR,AVR 8-bit,Classic ATmega,ATmega328P,ATmega328P-AU,-AU,,,,TQFP32,-40..85 °C,,unknown,microchip-avr-atdf:ATmega_DFP@3.6.299,https://packs.download.microchip.com/Microchip.ATmega_DFP.3.6.299.atpack,2026-08-12T17:20:34+00:00,manufacturer_device_database,atdf_variant_record
microchip::atmega328p-mmh,microchip::atmega328p,Microchip,AVR,AVR 8-bit,Classic ATmega,ATmega328P,ATmega328P-MMH,-MMH,,,,QFN28,-40..85 °C,,unknown,microchip-avr-atdf:ATmega_DFP@3.6.299,https://packs.download.microchip.com/Microchip.ATmega_DFP.3.6.299.atpack,2026-08-12T17:20:34+00:00,manufacturer_device_database,atdf_variant_record
microchip::atmega328p-mn,microchip::atmega328p,Microchip,AVR,AVR 8-bit,Classic ATmega,ATmega328P,ATmega328P-MN,-MN,,,,QFN32,-40..105 °C,,unknown,microchip-avr-atdf:ATmega_DFP@3.6.299,https://packs.download.microchip.com/Microchip.ATmega_DFP.3.6.299.atpack,2026-08-12T17:20:34+00:00,manufacturer_device_database,atdf_variant_record
microchip::atmega328p-mu,microchip::atmega328p,Microchip,AVR,AVR 8-bit,Classic ATmega,ATmega328P,ATmega328P-MU,-MU,,,,QFN32,-40..85 °C,,unknown,microchip-avr-atdf:ATmega_DFP@3.6.299,https://packs.download.microchip.com/Microchip.ATmega_DFP.3.6.299.atpack,2026-08-12T17:20:34+00:00,manufacturer_device_database,atdf_variant_record
microchip::atmega328p-pn,microchip::atmega328p,Microchip,AVR,AVR 8-bit,Classic ATmega,ATmega328P,ATmega328P-PN,-PN,,,,PDIP28,-40..105 °C,,unknown,microchip-avr-atdf:ATmega_DFP@3.6.299,https://packs.download.microchip.com/Microchip.ATmega_DFP.3.6.299.atpack,2026-08-12T17:20:34+00:00,manufacturer_device_database,atdf_variant_record
microchip::atmega328p-pu,microchip::atmega328p,Microchip,AVR,AVR 8-bit,Classic ATmega,ATmega328P,ATmega328P-PU,-PU,,,,PDIP28,-40..85 °C,,unknown,microchip-avr-atdf:ATmega_DFP@3.6.299,https://packs.download.microchip.com/Microchip.ATmega_DFP.3.6.299.atpack,2026-08-12T17:20:34+00:00,manufacturer_device_database,atdf_variant_record
microchip::atmega328pb-an,microchip::atmega328pb,Microchip,AVR,AVR 8-bit,Classic ATmega,ATmega328PB,ATmega328PB-AN,-AN,,,,TQFP32,-40..105 °C,,unknown,microchip-avr-atdf:ATmega_DFP@3.6.299,https://packs.download.microchip.com/Microchip.ATmega_DFP.3.6.299.atpack,2026-08-12T17:20:34+00:00,manufacturer_device_database,atdf_variant_record
microchip::atmega328pb-au,microchip::atmega328pb,Microchip,AVR,AVR 8-bit,Classic ATmega,ATmega328PB,ATmega328PB-AU,-AU,,,,TQFP32,-40..85 °C,,unknown,microchip-avr-atdf:ATmega_DFP@3.6.299,https://packs.download.microchip.com/Microchip.ATmega_DFP.3.6.299.atpack,2026-08-12T17:20:34+00:00,manufacturer_device_database,atdf_variant_record
microchip::atmega328pb-mn,microchip::atmega328pb,Microchip,AVR,AVR 8-bit,Classic ATmega,ATmega328PB,ATmega328PB-MN,-MN,,,,VQFN32,-40..105 °C,,unknown,microchip-avr-atdf:ATmega_DFP@3.6.299,https://packs.download.microchip.com/Microchip.ATmega_DFP.3.6.299.atpack,2026-08-12T17:20:34+00:00,manufacturer_device_database,atdf_variant_record
microchip::atmega328pb-mu,microchip::atmega328pb,Microchip,AVR,AVR 8-bit,Classic ATmega,ATmega328PB,ATmega328PB-MU,-MU,,,,VQFN32,-40..85 °C,,unknown,microchip-avr-atdf:ATmega_DFP@3.6.299,https://packs.download.microchip.com/Microchip.ATmega_DFP.3.6.299.atpack,2026-08-12T17:20:34+00:00,manufacturer_device_database,atdf_variant_record
microchip::atmega329-16au,microchip::atmega329,Microchip,AVR,AVR 8-bit,Classic ATmega,ATmega329,ATmega329-16AU,-16AU,,,,TQFP64,-40..85 °C,,unknown,microchip-avr-atdf:ATmega_DFP@3.6.299,https://packs.download.microchip.com/Microchip.ATmega_DFP.3.6.299.atpack,2026-08-12T17:20:34+00:00,manufacturer_device_database,atdf_variant_record
microchip::atmega329-16mu,microchip::atmega329,Microchip,AVR,AVR 8-bit,Classic ATmega,ATmega329,ATmega329-16MU,-16MU,,,,QFN64,-40..85 °C,,unknown,microchip-avr-atdf:ATmega_DFP@3.6.299,https://packs.download.microchip.com/Microchip.ATmega_DFP.3.6.299.atpack,2026-08-12T17:20:34+00:00,manufacturer_device_database,atdf_variant_record
microchip::atmega3290-16au,microchip::atmega3290,Microchip,AVR,AVR 8-bit,Classic ATmega,ATmega3290,ATmega3290-16AU,-16AU,,,,TQFP100,-40..85 °C,,unknown,microchip-avr-atdf:ATmega_DFP@3.6.299,https://packs.download.microchip.com/Microchip.ATmega_DFP.3.6.299.atpack,2026-08-12T17:20:34+00:00,manufacturer_device_database,atdf_variant_record
microchip::atmega3290-16aur,microchip::atmega3290,Microchip,AVR,AVR 8-bit,Classic ATmega,ATmega3290,ATmega3290-16AUR,-16AUR,,,,TQFP100,-40..85 °C,,unknown,microchip-avr-atdf:ATmega_DFP@3.6.299,https://packs.download.microchip.com/Microchip.ATmega_DFP.3.6.299.atpack,2026-08-12T17:20:34+00:00,manufacturer_device_database,atdf_variant_record
microchip::atmega3290a-an,microchip::atmega3290a,Microchip,AVR,AVR 8-bit,Classic ATmega,ATmega3290A,ATmega3290A-AN,-AN,,,,TQFP100,-40..105 °C,,unknown,microchip-avr-atdf:ATmega_DFP@3.6.299,https://packs.download.microchip.com/Microchip.ATmega_DFP.3.6.299.atpack,2026-08-12T17:20:34+00:00,manufacturer_device_database,atdf_variant_record
microchip::atmega3290a-anr,microchip::atmega3290a,Microchip,AVR,AVR 8-bit,Classic ATmega,ATmega3290A,ATmega3290A-ANR,-ANR,,,,TQFP100,-40..105 °C,,unknown,microchip-avr-atdf:ATmega_DFP@3.6.299,https://packs.download.microchip.com/Microchip.ATmega_DFP.3.6.299.atpack,2026-08-12T17:20:34+00:00,manufacturer_device_database,atdf_variant_record
microchip::atmega3290a-au,microchip::atmega3290a,Microchip,AVR,AVR 8-bit,Classic ATmega,ATmega3290A,ATmega3290A-AU,-AU,,,,TQFP100,-40..85 °C,,unknown,microchip-avr-atdf:ATmega_DFP@3.6.299,https://packs.download.microchip.com/Microchip.ATmega_DFP.3.6.299.atpack,2026-08-12T17:20:34+00:00,manufacturer_device_database,atdf_variant_record
microchip::atmega3290a-aur,microchip::atmega3290a,Microchip,AVR,AVR 8-bit,Classic ATmega,ATmega3290A,ATmega3290A-AUR,-AUR,,,,TQFP100,-40..85 °C,,unknown,microchip-avr-atdf:ATmega_DFP@3.6.299,https://packs.download.microchip.com/Microchip.ATmega_DFP.3.6.299.atpack,2026-08-12T17:20:34+00:00,manufacturer_device_database,atdf_variant_record
microchip::atmega3290p-20an,microchip::atmega3290p,Microchip,AVR,AVR 8-bit,Classic ATmega,ATmega3290P,ATmega3290P-20AN,-20AN,,,,TQFP64,-40..105 °C,,unknown,microchip-avr-atdf:ATmega_DFP@3.6.299,https://packs.download.microchip.com/Microchip.ATmega_DFP.3.6.299.atpack,2026-08-12T17:20:34+00:00,manufacturer_device_database,atdf_variant_record
microchip::atmega3290p-20anr,microchip::atmega3290p,Microchip,AVR,AVR 8-bit,Classic ATmega,ATmega3290P,ATmega3290P-20ANR,-20ANR,,,,TQFP64,-40..105 °C,,unknown,microchip-avr-atdf:ATmega_DFP@3.6.299,https://packs.download.microchip.com/Microchip.ATmega_DFP.3.6.299.atpack,2026-08-12T17:20:34+00:00,manufacturer_device_database,atdf_variant_record
microchip::atmega3290p-20au,microchip::atmega3290p,Microchip,AVR,AVR 8-bit,Classic ATmega,ATmega3290P,ATmega3290P-20AU,-20AU,,,,TQFP100,-40..85 °C,,unknown,microchip-avr-atdf:ATmega_DFP@3.6.299,https://packs.download.microchip.com/Microchip.ATmega_DFP.3.6.299.atpack,2026-08-12T17:20:34+00:00,manufacturer_device_database,atdf_variant_record
microchip::atmega3290p-20aur,microchip::atmega3290p,Microchip,AVR,AVR 8-bit,Classic ATmega,ATmega3290P,ATmega3290P-20AUR,-20AUR,,,,TQFP100,-40..85 °C,,unknown,microchip-avr-atdf:ATmega_DFP@3.6.299,https://packs.download.microchip.com/Microchip.ATmega_DFP.3.6.299.atpack,2026-08-12T17:20:34+00:00,manufacturer_device_database,atdf_variant_record
microchip::atmega3290p-20mn,microchip::atmega3290p,Microchip,AVR,AVR 8-bit,Classic ATmega,ATmega3290P,ATmega3290P-20MN,-20MN,,,,MLF64,-40..105 °C,,unknown,microchip-avr-atdf:ATmega_DFP@3.6.299,https://packs.download.microchip.com/Microchip.ATmega_DFP.3.6.299.atpack,2026-08-12T17:20:34+00:00,manufacturer_device_database,atdf_variant_record
microchip::atmega3290p-20mnr,microchip::atmega3290p,Microchip,AVR,AVR 8-bit,Classic ATmega,ATmega3290P,ATmega3290P-20MNR,-20MNR,,,,MLF64,-40..105 °C,,unknown,microchip-avr-atdf:ATmega_DFP@3.6.299,https://packs.download.microchip.com/Microchip.ATmega_DFP.3.6.299.atpack,2026-08-12T17:20:34+00:00,manufacturer_device_database,atdf_variant_record
microchip::atmega3290pa-an,microchip::atmega3290pa,Microchip,AVR,AVR 8-bit,Classic ATmega,ATmega3290PA,ATmega3290PA-AN,-AN,,,,TQFP100,-40..105 °C,,unknown,microchip-avr-atdf:ATmega_DFP@3.6.299,https://packs.download.microchip.com/Microchip.ATmega_DFP.3.6.299.atpack,2026-08-12T17:20:34+00:00,manufacturer_device_database,atdf_variant_record
microchip::atmega3290pa-anr,microchip::atmega3290pa,Microchip,AVR,AVR 8-bit,Classic ATmega,ATmega3290PA,ATmega3290PA-ANR,-ANR,,,,TQFP100,-40..105 °C,,unknown,microchip-avr-atdf:ATmega_DFP@3.6.299,https://packs.download.microchip.com/Microchip.ATmega_DFP.3.6.299.atpack,2026-08-12T17:20:34+00:00,manufacturer_device_database,atdf_variant_record
microchip::atmega3290pa-au,microchip::atmega3290pa,Microchip,AVR,AVR 8-bit,Classic ATmega,ATmega3290PA,ATmega3290PA-AU,-AU,,,,TQFP100,-40..85 °C,,unknown,microchip-avr-atdf:ATmega_DFP@3.6.299,https://packs.download.microchip.com/Microchip.ATmega_DFP.3.6.299.atpack,2026-08-12T17:20:34+00:00,manufacturer_device_database,atdf_variant_record
microchip::atmega3290pa-aur,microchip::atmega3290pa,Microchip,AVR,AVR 8-bit,Classic ATmega,ATmega3290PA,ATmega3290PA-AUR,-AUR,,,,TQFP100,-40..85 °C,,unknown,microchip-avr-atdf:ATmega_DFP@3.6.299,https://packs.download.microchip.com/Microchip.ATmega_DFP.3.6.299.atpack,2026-08-12T17:20:34+00:00,manufacturer_device_database,atdf_variant_record
microchip::atmega3290pv-10au,microchip::atmega3290p,Microchip,AVR,AVR 8-bit,Classic ATmega,ATmega3290P,ATmega3290PV-10AU,V-10AU,,,,TQFP100,-40..85 °C,,unknown,microchip-avr-atdf:ATmega_DFP@3.6.299,https://packs.download.microchip.com/Microchip.ATmega_DFP.3.6.299.atpack,2026-08-12T17:20:34+00:00,manufacturer_device_database,atdf_variant_record
microchip::atmega3290pv-10aur,microchip::atmega3290p,Microchip,AVR,AVR 8-bit,Classic ATmega,ATmega3290P,ATmega3290PV-10AUR,V-10AUR,,,,TQFP100,-40..85 °C,,unknown,microchip-avr-atdf:ATmega_DFP@3.6.299,https://packs.download.microchip.com/Microchip.ATmega_DFP.3.6.299.atpack,2026-08-12T17:20:34+00:00,manufacturer_device_database,atdf_variant_record
microchip::atmega3290v-8au,microchip::atmega3290,Microchip,AVR,AVR 8-bit,Classic ATmega,ATmega3290,ATmega3290V-8AU,V-8AU,,,,TQFP100,-40..85 °C,,unknown,microchip-avr-atdf:ATmega_DFP@3.6.299,https://packs.download.microchip.com/Microchip.ATmega_DFP.3.6.299.atpack,2026-08-12T17:20:34+00:00,manufacturer_device_database,atdf_variant_record
microchip::atmega3290v-8aur,microchip::atmega3290,Microchip,AVR,AVR 8-bit,Classic ATmega,ATmega3290,ATmega3290V-8AUR,V-8AUR,,,,TQFP100,-40..85 °C,,unknown,microchip-avr-atdf:ATmega_DFP@3.6.299,https://packs.download.microchip.com/Microchip.ATmega_DFP.3.6.299.atpack,2026-08-12T17:20:34+00:00,manufacturer_device_database,atdf_variant_record
microchip::atmega329a-an,microchip::atmega329a,Microchip,AVR,AVR 8-bit,Classic ATmega,ATmega329A,ATmega329A-AN,-AN,,,,TQFP64,-40..105 °C,,unknown,microchip-avr-atdf:ATmega_DFP@3.6.299,https://packs.download.microchip.com/Microchip.ATmega_DFP.3.6.299.atpack,2026-08-12T17:20:34+00:00,manufacturer_device_database,atdf_variant_record
microchip::atmega329a-au,microchip::atmega329a,Microchip,AVR,AVR 8-bit,Classic ATmega,ATmega329A,ATmega329A-AU,-AU,,,,TQFP64,-40..85 °C,,unknown,microchip-avr-atdf:ATmega_DFP@3.6.299,https://packs.download.microchip.com/Microchip.ATmega_DFP.3.6.299.atpack,2026-08-12T17:20:34+00:00,manufacturer_device_database,atdf_variant_record
microchip::atmega329a-mn,microchip::atmega329a,Microchip,AVR,AVR 8-bit,Classic ATmega,ATmega329A,ATmega329A-MN,-MN,,,,QFN64,-40..105 °C,,unknown,microchip-avr-atdf:ATmega_DFP@3.6.299,https://packs.download.microchip.com/Microchip.ATmega_DFP.3.6.299.atpack,2026-08-12T17:20:34+00:00,manufacturer_device_database,atdf_variant_record
microchip::atmega329a-mu,microchip::atmega329a,Microchip,AVR,AVR 8-bit,Classic ATmega,ATmega329A,ATmega329A-MU,-MU,,,,QFN64,-40..85 °C,,unknown,microchip-avr-atdf:ATmega_DFP@3.6.299,https://packs.download.microchip.com/Microchip.ATmega_DFP.3.6.299.atpack,2026-08-12T17:20:34+00:00,manufacturer_device_database,atdf_variant_record
microchip::atmega329p-20an,microchip::atmega329p,Microchip,AVR,AVR 8-bit,Classic ATmega,ATmega329P,ATmega329P-20AN,-20AN,,,,TQFP64,-40..105 °C,,unknown,microchip-avr-atdf:ATmega_DFP@3.6.299,https://packs.download.microchip.com/Microchip.ATmega_DFP.3.6.299.atpack,2026-08-12T17:20:34+00:00,manufacturer_device_database,atdf_variant_record
microchip::atmega329p-20au,microchip::atmega329p,Microchip,AVR,AVR 8-bit,Classic ATmega,ATmega329P,ATmega329P-20AU,-20AU,,,,TQFP64,-40..85 °C,,unknown,microchip-avr-atdf:ATmega_DFP@3.6.299,https://packs.download.microchip.com/Microchip.ATmega_DFP.3.6.299.atpack,2026-08-12T17:20:34+00:00,manufacturer_device_database,atdf_variant_record
microchip::atmega329p-20mn,microchip::atmega329p,Microchip,AVR,AVR 8-bit,Classic ATmega,ATmega329P,ATmega329P-20MN,-20MN,,,,QFN64,-40..105 °C,,unknown,microchip-avr-atdf:ATmega_DFP@3.6.299,https://packs.download.microchip.com/Microchip.ATmega_DFP.3.6.299.atpack,2026-08-12T17:20:34+00:00,manufacturer_device_database,atdf_variant_record
microchip::atmega329p-20mu,microchip::atmega329p,Microchip,AVR,AVR 8-bit,Classic ATmega,ATmega329P,ATmega329P-20MU,-20MU,,,,QFN64,-40..85 °C,,unknown,microchip-avr-atdf:ATmega_DFP@3.6.299,https://packs.download.microchip.com/Microchip.ATmega_DFP.3.6.299.atpack,2026-08-12T17:20:34+00:00,manufacturer_device_database,atdf_variant_record
microchip::atmega329pa-an,microchip::atmega329pa,Microchip,AVR,AVR 8-bit,Classic ATmega,ATmega329PA,ATmega329PA-AN,-AN,,,,TQFP64,-40..105 °C,,unknown,microchip-avr-atdf:ATmega_DFP@3.6.299,https://packs.download.microchip.com/Microchip.ATmega_DFP.3.6.299.atpack,2026-08-12T17:20:34+00:00,manufacturer_device_database,atdf_variant_record
microchip::atmega329pa-au,microchip::atmega329pa,Microchip,AVR,AVR 8-bit,Classic ATmega,ATmega329PA,ATmega329PA-AU,-AU,,,,TQFP64,-40..85 °C,,unknown,microchip-avr-atdf:ATmega_DFP@3.6.299,https://packs.download.microchip.com/Microchip.ATmega_DFP.3.6.299.atpack,2026-08-12T17:20:34+00:00,manufacturer_device_database,atdf_variant_record
microchip::atmega329pa-mn,microchip::atmega329pa,Microchip,AVR,AVR 8-bit,Classic ATmega,ATmega329PA,ATmega329PA-MN,-MN,,,,QFN64,-40..105 °C,,unknown,microchip-avr-atdf:ATmega_DFP@3.6.299,https://packs.download.microchip.com/Microchip.ATmega_DFP.3.6.299.atpack,2026-08-12T17:20:34+00:00,manufacturer_device_database,atdf_variant_record
microchip::atmega329pa-mu,microchip::atmega329pa,Microchip,AVR,AVR 8-bit,Classic ATmega,ATmega329PA,ATmega329PA-MU,-MU,,,,QFN64,-40..85 °C,,unknown,microchip-avr-atdf:ATmega_DFP@3.6.299,https://packs.download.microchip.com/Microchip.ATmega_DFP.3.6.299.atpack,2026-08-12T17:20:34+00:00,manufacturer_device_database,atdf_variant_record
microchip::atmega329pv-10au,microchip::atmega329p,Microchip,AVR,AVR 8-bit,Classic ATmega,ATmega329P,ATmega329PV-10AU,V-10AU,,,,TQFP64,-40..85 °C,,unknown,microchip-avr-atdf:ATmega_DFP@3.6.299,https://packs.download.microchip.com/Microchip.ATmega_DFP.3.6.299.atpack,2026-08-12T17:20:34+00:00,manufacturer_device_database,atdf_variant_record
microchip::atmega329pv-10mu,microchip::atmega329p,Microchip,AVR,AVR 8-bit,Classic ATmega,ATmega329P,ATmega329PV-10MU,V-10MU,,,,QFN64,-40..85 °C,,unknown,microchip-avr-atdf:ATmega_DFP@3.6.299,https://packs.download.microchip.com/Microchip.ATmega_DFP.3.6.299.atpack,2026-08-12T17:20:34+00:00,manufacturer_device_database,atdf_variant_record
microchip::atmega329v-8au,microchip::atmega329,Microchip,AVR,AVR 8-bit,Classic ATmega,ATmega329,ATmega329V-8AU,V-8AU,,,,TQFP64,-40..85 °C,,unknown,microchip-avr-atdf:ATmega_DFP@3.6.299,https://packs.download.microchip.com/Microchip.ATmega_DFP.3.6.299.atpack,2026-08-12T17:20:34+00:00,manufacturer_device_database,atdf_variant_record
microchip::atmega329v-8mu,microchip::atmega329,Microchip,AVR,AVR 8-bit,Classic ATmega,ATmega329,ATmega329V-8MU,V-8MU,,,,QFN64,-40..85 °C,,unknown,microchip-avr-atdf:ATmega_DFP@3.6.299,https://packs.download.microchip.com/Microchip.ATmega_DFP.3.6.299.atpack,2026-08-12T17:20:34+00:00,manufacturer_device_database,atdf_variant_record
microchip::atmega32a-an,microchip::atmega32a,Microchip,AVR,AVR 8-bit,Classic ATmega,ATmega32A,ATmega32A-AN,-AN,,,,TQFP44,-40..105 °C,,unknown,microchip-avr-atdf:ATmega_DFP@3.6.299,https://packs.download.microchip.com/Microchip.ATmega_DFP.3.6.299.atpack,2026-08-12T17:20:34+00:00,manufacturer_device_database,atdf_variant_record
microchip::atmega32a-au,microchip::atmega32a,Microchip,AVR,AVR 8-bit,Classic ATmega,ATmega32A,ATmega32A-AU,-AU,,,,TQFP44,-40..85 °C,,unknown,microchip-avr-atdf:ATmega_DFP@3.6.299,https://packs.download.microchip.com/Microchip.ATmega_DFP.3.6.299.atpack,2026-08-12T17:20:34+00:00,manufacturer_device_database,atdf_variant_record
microchip::atmega32a-mn,microchip::atmega32a,Microchip,AVR,AVR 8-bit,Classic ATmega,ATmega32A,ATmega32A-MN,-MN,,,,QFN44,-40..105 °C,,unknown,microchip-avr-atdf:ATmega_DFP@3.6.299,https://packs.download.microchip.com/Microchip.ATmega_DFP.3.6.299.atpack,2026-08-12T17:20:34+00:00,manufacturer_device_database,atdf_variant_record
microchip::atmega32a-mu,microchip::atmega32a,Microchip,AVR,AVR 8-bit,Classic ATmega,ATmega32A,ATmega32A-MU,-MU,,,,QFN44,-40..85 °C,,unknown,microchip-avr-atdf:ATmega_DFP@3.6.299,https://packs.download.microchip.com/Microchip.ATmega_DFP.3.6.299.atpack,2026-08-12T17:20:34+00:00,manufacturer_device_database,atdf_variant_record
microchip::atmega32a-pu,microchip::atmega32a,Microchip,AVR,AVR 8-bit,Classic ATmega,ATmega32A,ATmega32A-PU,-PU,,,,PDIP40,-40..85 °C,,unknown,microchip-avr-atdf:ATmega_DFP@3.6.299,https://packs.download.microchip.com/Microchip.ATmega_DFP.3.6.299.atpack,2026-08-12T17:20:34+00:00,manufacturer_device_database,atdf_variant_record
microchip::atmega32c1-au,microchip::atmega32c1,Microchip,AVR,AVR 8-bit,Classic ATmega,ATmega32C1,ATmega32C1-AU,-AU,,,,TQFP32,-40..85 °C,,unknown,microchip-avr-atdf:ATmega_DFP@3.6.299,https://packs.download.microchip.com/Microchip.ATmega_DFP.3.6.299.atpack,2026-08-12T17:20:34+00:00,manufacturer_device_database,atdf_variant_record
microchip::atmega32c1-mu,microchip::atmega32c1,Microchip,AVR,AVR 8-bit,Classic ATmega,ATmega32C1,ATmega32C1-MU,-MU,,,,QFN32,-40..85 °C,,unknown,microchip-avr-atdf:ATmega_DFP@3.6.299,https://packs.download.microchip.com/Microchip.ATmega_DFP.3.6.299.atpack,2026-08-12T17:20:34+00:00,manufacturer_device_database,atdf_variant_record
microchip::atmega32l-8au,microchip::atmega32,Microchip,AVR,AVR 8-bit,Classic ATmega,ATmega32,ATmega32L-8AU,L-8AU,,,,TQFP44,-40..85 °C,,unknown,microchip-avr-atdf:ATmega_DFP@3.6.299,https://packs.download.microchip.com/Microchip.ATmega_DFP.3.6.299.atpack,2026-08-12T17:20:34+00:00,manufacturer_device_database,atdf_variant_record
microchip::atmega32l-8mu,microchip::atmega32,Microchip,AVR,AVR 8-bit,Classic ATmega,ATmega32,ATmega32L-8MU,L-8MU,,,,QFN44,-40..85 °C,,unknown,microchip-avr-atdf:ATmega_DFP@3.6.299,https://packs.download.microchip.com/Microchip.ATmega_DFP.3.6.299.atpack,2026-08-12T17:20:34+00:00,manufacturer_device_database,atdf_variant_record
microchip::atmega32l-8pu,microchip::atmega32,Microchip,AVR,AVR 8-bit,Classic ATmega,ATmega32,ATmega32L-8PU,L-8PU,,,,PDIP40,-40..85 °C,,unknown,microchip-avr-atdf:ATmega_DFP@3.6.299,https://packs.download.microchip.com/Microchip.ATmega_DFP.3.6.299.atpack,2026-08-12T17:20:34+00:00,manufacturer_device_database,atdf_variant_record
microchip::atmega32m1-au,microchip::atmega32m1,Microchip,AVR,AVR 8-bit,Classic ATmega,ATmega32M1,ATmega32M1-AU,-AU,,,,TQFP32,-40..85 °C,,unknown,microchip-avr-atdf:ATmega_DFP@3.6.299,https://packs.download.microchip.com/Microchip.ATmega_DFP.3.6.299.atpack,2026-08-12T17:20:34+00:00,manufacturer_device_database,atdf_variant_record
microchip::atmega32m1-mu,microchip::atmega32m1,Microchip,AVR,AVR 8-bit,Classic ATmega,ATmega32M1,ATmega32M1-MU,-MU,,,,QFN32,-40..85 °C,,unknown,microchip-avr-atdf:ATmega_DFP@3.6.299,https://packs.download.microchip.com/Microchip.ATmega_DFP.3.6.299.atpack,2026-08-12T17:20:34+00:00,manufacturer_device_database,atdf_variant_record
microchip::atmega32u2-au,microchip::atmega32u2,Microchip,AVR,AVR 8-bit,Classic ATmega,ATmega32U2,ATmega32U2-AU,-AU,,,,TQFP32,-40..85 °C,,unknown,microchip-avr-atdf:ATmega_DFP@3.6.299,https://packs.download.microchip.com/Microchip.ATmega_DFP.3.6.299.atpack,2026-08-12T17:20:34+00:00,manufacturer_device_database,atdf_variant_record
microchip::atmega32u2-mu,microchip::atmega32u2,Microchip,AVR,AVR 8-bit,Classic ATmega,ATmega32U2,ATmega32U2-MU,-MU,,,,QFN32,-40..85 °C,,unknown,microchip-avr-atdf:ATmega_DFP@3.6.299,https://packs.download.microchip.com/Microchip.ATmega_DFP.3.6.299.atpack,2026-08-12T17:20:34+00:00,manufacturer_device_database,atdf_variant_record
microchip::atmega32u4-au,microchip::atmega32u4,Microchip,AVR,AVR 8-bit,Classic ATmega,ATmega32U4,ATmega32U4-AU,-AU,,,,TQFP44,-40..85 °C,,unknown,microchip-avr-atdf:ATmega_DFP@3.6.299,https://packs.download.microchip.com/Microchip.ATmega_DFP.3.6.299.atpack,2026-08-12T17:20:34+00:00,manufacturer_device_database,atdf_variant_record
microchip::atmega32u4-mu,microchip::atmega32u4,Microchip,AVR,AVR 8-bit,Classic ATmega,ATmega32U4,ATmega32U4-MU,-MU,,,,QFN44,-40..85 °C,,unknown,microchip-avr-atdf:ATmega_DFP@3.6.299,https://packs.download.microchip.com/Microchip.ATmega_DFP.3.6.299.atpack,2026-08-12T17:20:34+00:00,manufacturer_device_database,atdf_variant_record
microchip::atmega32u4rc-au,microchip::atmega32u4,Microchip,AVR,AVR 8-bit,Classic ATmega,ATmega32U4,ATmega32U4RC-AU,RC-AU,,,,TQFP44,-40..85 °C,,unknown,microchip-avr-atdf:ATmega_DFP@3.6.299,https://packs.download.microchip.com/Microchip.ATmega_DFP.3.6.299.atpack,2026-08-12T17:20:34+00:00,manufacturer_device_database,atdf_variant_record
microchip::atmega32u4rc-mu,microchip::atmega32u4,Microchip,AVR,AVR 8-bit,Classic ATmega,ATmega32U4,ATmega32U4RC-MU,RC-MU,,,,QFN44,-40..85 °C,,unknown,microchip-avr-atdf:ATmega_DFP@3.6.299,https://packs.download.microchip.com/Microchip.ATmega_DFP.3.6.299.atpack,2026-08-12T17:20:34+00:00,manufacturer_device_database,atdf_variant_record
microchip::atmega406-1aau,microchip::atmega406,Microchip,AVR,AVR 8-bit,Classic ATmega,ATmega406,ATmega406-1AAU,-1AAU,,,,LQFP48,-30..85 °C,,unknown,microchip-avr-atdf:ATmega_DFP@3.6.299,https://packs.download.microchip.com/Microchip.ATmega_DFP.3.6.299.atpack,2026-08-12T17:20:34+00:00,manufacturer_device_database,atdf_variant_record
microchip::atmega48-20au,microchip::atmega48,Microchip,AVR,AVR 8-bit,Classic ATmega,ATmega48,ATmega48-20AU,-20AU,,,,TQFP32,-40..85 °C,,unknown,microchip-avr-atdf:ATmega_DFP@3.6.299,https://packs.download.microchip.com/Microchip.ATmega_DFP.3.6.299.atpack,2026-08-12T17:20:34+00:00,manufacturer_device_database,atdf_variant_record
microchip::atmega48-20mmh,microchip::atmega48,Microchip,AVR,AVR 8-bit,Classic ATmega,ATmega48,ATmega48-20MMH,-20MMH,,,,QFN28,-40..85 °C,,unknown,microchip-avr-atdf:ATmega_DFP@3.6.299,https://packs.download.microchip.com/Microchip.ATmega_DFP.3.6.299.atpack,2026-08-12T17:20:34+00:00,manufacturer_device_database,atdf_variant_record
microchip::atmega48-20mmu,microchip::atmega48,Microchip,AVR,AVR 8-bit,Classic ATmega,ATmega48,ATmega48-20MMU,-20MMU,,,,QFN28,-40..85 °C,,unknown,microchip-avr-atdf:ATmega_DFP@3.6.299,https://packs.download.microchip.com/Microchip.ATmega_DFP.3.6.299.atpack,2026-08-12T17:20:34+00:00,manufacturer_device_database,atdf_variant_record
microchip::atmega48-20mu,microchip::atmega48,Microchip,AVR,AVR 8-bit,Classic ATmega,ATmega48,ATmega48-20MU,-20MU,,,,QFN32,-40..85 °C,,unknown,microchip-avr-atdf:ATmega_DFP@3.6.299,https://packs.download.microchip.com/Microchip.ATmega_DFP.3.6.299.atpack,2026-08-12T17:20:34+00:00,manufacturer_device_database,atdf_variant_record
microchip::atmega48-20pu,microchip::atmega48,Microchip,AVR,AVR 8-bit,Classic ATmega,ATmega48,ATmega48-20PU,-20PU,,,,PDIP28,-40..85 °C,,unknown,microchip-avr-atdf:ATmega_DFP@3.6.299,https://packs.download.microchip.com/Microchip.ATmega_DFP.3.6.299.atpack,2026-08-12T17:20:34+00:00,manufacturer_device_database,atdf_variant_record
microchip::atmega4808-afr,microchip::atmega4808,Microchip,AVR,AVR 8-bit,megaAVR 0-series,ATmega4808,ATmega4808-AFR,-AFR,,,,TQFP32,-40..105 °C,,unknown,microchip-avr-atdf:ATmega_DFP@3.6.299,https://packs.download.microchip.com/Microchip.ATmega_DFP.3.6.299.atpack,2026-08-12T17:20:34+00:00,manufacturer_device_database,atdf_variant_record
microchip::atmega4808-mfr,microchip::atmega4808,Microchip,AVR,AVR 8-bit,megaAVR 0-series,ATmega4808,ATmega4808-MFR,-MFR,,,,VQFN32,-40..105 °C,,unknown,microchip-avr-atdf:ATmega_DFP@3.6.299,https://packs.download.microchip.com/Microchip.ATmega_DFP.3.6.299.atpack,2026-08-12T17:20:34+00:00,manufacturer_device_database,atdf_variant_record
microchip::atmega4808-xfr,microchip::atmega4808,Microchip,AVR,AVR 8-bit,megaAVR 0-series,ATmega4808,ATmega4808-XFR,-XFR,,,,SSOP28,-40..105 °C,,unknown,microchip-avr-atdf:ATmega_DFP@3.6.299,https://packs.download.microchip.com/Microchip.ATmega_DFP.3.6.299.atpack,2026-08-12T17:20:34+00:00,manufacturer_device_database,atdf_variant_record
microchip::atmega4809-afr,microchip::atmega4809,Microchip,AVR,AVR 8-bit,megaAVR 0-series,ATmega4809,ATmega4809-AFR,-AFR,,,,TQFP48,-40..105 °C,,unknown,microchip-avr-atdf:ATmega_DFP@3.6.299,https://packs.download.microchip.com/Microchip.ATmega_DFP.3.6.299.atpack,2026-08-12T17:20:34+00:00,manufacturer_device_database,atdf_variant_record
microchip::atmega4809-mfr,microchip::atmega4809,Microchip,AVR,AVR 8-bit,megaAVR 0-series,ATmega4809,ATmega4809-MFR,-MFR,,,,UQFN48,-40..105 °C,,unknown,microchip-avr-atdf:ATmega_DFP@3.6.299,https://packs.download.microchip.com/Microchip.ATmega_DFP.3.6.299.atpack,2026-08-12T17:20:34+00:00,manufacturer_device_database,atdf_variant_record
microchip::atmega48a-au,microchip::atmega48a,Microchip,AVR,AVR 8-bit,Classic ATmega,ATmega48A,ATmega48A-AU,-AU,,,,TQFP32,-40..85 °C,,unknown,microchip-avr-atdf:ATmega_DFP@3.6.299,https://packs.download.microchip.com/Microchip.ATmega_DFP.3.6.299.atpack,2026-08-12T17:20:34+00:00,manufacturer_device_database,atdf_variant_record
microchip::atmega48a-ccu,microchip::atmega48a,Microchip,AVR,AVR 8-bit,Classic ATmega,ATmega48A,ATmega48A-CCU,-CCU,,,,UFBGA32,-40..85 °C,,unknown,microchip-avr-atdf:ATmega_DFP@3.6.299,https://packs.download.microchip.com/Microchip.ATmega_DFP.3.6.299.atpack,2026-08-12T17:20:34+00:00,manufacturer_device_database,atdf_variant_record
microchip::atmega48a-mmh,microchip::atmega48a,Microchip,AVR,AVR 8-bit,Classic ATmega,ATmega48A,ATmega48A-MMH,-MMH,,,,QFN28,-40..85 °C,,unknown,microchip-avr-atdf:ATmega_DFP@3.6.299,https://packs.download.microchip.com/Microchip.ATmega_DFP.3.6.299.atpack,2026-08-12T17:20:34+00:00,manufacturer_device_database,atdf_variant_record
microchip::atmega48a-mu,microchip::atmega48a,Microchip,AVR,AVR 8-bit,Classic ATmega,ATmega48A,ATmega48A-MU,-MU,,,,QFN32,-40..85 °C,,unknown,microchip-avr-atdf:ATmega_DFP@3.6.299,https://packs.download.microchip.com/Microchip.ATmega_DFP.3.6.299.atpack,2026-08-12T17:20:34+00:00,manufacturer_device_database,atdf_variant_record
microchip::atmega48a-pu,microchip::atmega48a,Microchip,AVR,AVR 8-bit,Classic ATmega,ATmega48A,ATmega48A-PU,-PU,,,,PDIP28,-40..85 °C,,unknown,microchip-avr-atdf:ATmega_DFP@3.6.299,https://packs.download.microchip.com/Microchip.ATmega_DFP.3.6.299.atpack,2026-08-12T17:20:34+00:00,manufacturer_device_database,atdf_variant_record
microchip::atmega48p-20au,microchip::atmega48p,Microchip,AVR,AVR 8-bit,Classic ATmega,ATmega48P,ATmega48P-20AU,-20AU,,,,TQFP32,-40..85 °C,,unknown,microchip-avr-atdf:ATmega_DFP@3.6.299,https://packs.download.microchip.com/Microchip.ATmega_DFP.3.6.299.atpack,2026-08-12T17:20:34+00:00,manufacturer_device_database,atdf_variant_record
microchip::atmega48p-20mmu,microchip::atmega48p,Microchip,AVR,AVR 8-bit,Classic ATmega,ATmega48P,ATmega48P-20MMU,-20MMU,,,,QFN28,-40..85 °C,,unknown,microchip-avr-atdf:ATmega_DFP@3.6.299,https://packs.download.microchip.com/Microchip.ATmega_DFP.3.6.299.atpack,2026-08-12T17:20:34+00:00,manufacturer_device_database,atdf_variant_record
microchip::atmega48p-20mu,microchip::atmega48p,Microchip,AVR,AVR 8-bit,Classic ATmega,ATmega48P,ATmega48P-20MU,-20MU,,,,QFN32,-40..85 °C,,unknown,microchip-avr-atdf:ATmega_DFP@3.6.299,https://packs.download.microchip.com/Microchip.ATmega_DFP.3.6.299.atpack,2026-08-12T17:20:34+00:00,manufacturer_device_database,atdf_variant_record
microchip::atmega48p-20pu,microchip::atmega48p,Microchip,AVR,AVR 8-bit,Classic ATmega,ATmega48P,ATmega48P-20PU,-20PU,,,,PDIP28,-40..85 °C,,unknown,microchip-avr-atdf:ATmega_DFP@3.6.299,https://packs.download.microchip.com/Microchip.ATmega_DFP.3.6.299.atpack,2026-08-12T17:20:34+00:00,manufacturer_device_database,atdf_variant_record
microchip::atmega48pa-an,microchip::atmega48pa,Microchip,AVR,AVR 8-bit,Classic ATmega,ATmega48PA,ATmega48PA-AN,-AN,,,,TQFP32,-40..105 °C,,unknown,microchip-avr-atdf:ATmega_DFP@3.6.299,https://packs.download.microchip.com/Microchip.ATmega_DFP.3.6.299.atpack,2026-08-12T17:20:34+00:00,manufacturer_device_database,atdf_variant_record
microchip::atmega48pa-au,microchip::atmega48pa,Microchip,AVR,AVR 8-bit,Classic ATmega,ATmega48PA,ATmega48PA-AU,-AU,,,,TQFP32,-40..85 °C,,unknown,microchip-avr-atdf:ATmega_DFP@3.6.299,https://packs.download.microchip.com/Microchip.ATmega_DFP.3.6.299.atpack,2026-08-12T17:20:34+00:00,manufacturer_device_database,atdf_variant_record
microchip::atmega48pa-ccu,microchip::atmega48pa,Microchip,AVR,AVR 8-bit,Classic ATmega,ATmega48PA,ATmega48PA-CCU,-CCU,,,,UFBGA32,-40..85 °C,,unknown,microchip-avr-atdf:ATmega_DFP@3.6.299,https://packs.download.microchip.com/Microchip.ATmega_DFP.3.6.299.atpack,2026-08-12T17:20:34+00:00,manufacturer_device_database,atdf_variant_record
microchip::atmega48pa-mmh,microchip::atmega48pa,Microchip,AVR,AVR 8-bit,Classic ATmega,ATmega48PA,ATmega48PA-MMH,-MMH,,,,QFN28,-40..85 °C,,unknown,microchip-avr-atdf:ATmega_DFP@3.6.299,https://packs.download.microchip.com/Microchip.ATmega_DFP.3.6.299.atpack,2026-08-12T17:20:34+00:00,manufacturer_device_database,atdf_variant_record
microchip::atmega48pa-mmn,microchip::atmega48pa,Microchip,AVR,AVR 8-bit,Classic ATmega,ATmega48PA,ATmega48PA-MMN,-MMN,,,,QFN28,-40..105 °C,,unknown,microchip-avr-atdf:ATmega_DFP@3.6.299,https://packs.download.microchip.com/Microchip.ATmega_DFP.3.6.299.atpack,2026-08-12T17:20:34+00:00,manufacturer_device_database,atdf_variant_record
microchip::atmega48pa-mn,microchip::atmega48pa,Microchip,AVR,AVR 8-bit,Classic ATmega,ATmega48PA,ATmega48PA-MN,-MN,,,,QFN32,-40..105 °C,,unknown,microchip-avr-atdf:ATmega_DFP@3.6.299,https://packs.download.microchip.com/Microchip.ATmega_DFP.3.6.299.atpack,2026-08-12T17:20:34+00:00,manufacturer_device_database,atdf_variant_record
microchip::atmega48pa-mu,microchip::atmega48pa,Microchip,AVR,AVR 8-bit,Classic ATmega,ATmega48PA,ATmega48PA-MU,-MU,,,,QFN32,-40..85 °C,,unknown,microchip-avr-atdf:ATmega_DFP@3.6.299,https://packs.download.microchip.com/Microchip.ATmega_DFP.3.6.299.atpack,2026-08-12T17:20:34+00:00,manufacturer_device_database,atdf_variant_record
microchip::atmega48pa-pn,microchip::atmega48pa,Microchip,AVR,AVR 8-bit,Classic ATmega,ATmega48PA,ATmega48PA-PN,-PN,,,,PDIP28,-40..105 °C,,unknown,microchip-avr-atdf:ATmega_DFP@3.6.299,https://packs.download.microchip.com/Microchip.ATmega_DFP.3.6.299.atpack,2026-08-12T17:20:34+00:00,manufacturer_device_database,atdf_variant_record
microchip::atmega48pa-pu,microchip::atmega48pa,Microchip,AVR,AVR 8-bit,Classic ATmega,ATmega48PA,ATmega48PA-PU,-PU,,,,PDIP28,-40..85 °C,,unknown,microchip-avr-atdf:ATmega_DFP@3.6.299,https://packs.download.microchip.com/Microchip.ATmega_DFP.3.6.299.atpack,2026-08-12T17:20:34+00:00,manufacturer_device_database,atdf_variant_record
microchip::atmega48pb-an,microchip::atmega48pb,Microchip,AVR,AVR 8-bit,Classic ATmega,ATmega48PB,ATmega48PB-AN,-AN,,,,TQFP32,-40..105 °C,,unknown,microchip-avr-atdf:ATmega_DFP@3.6.299,https://packs.download.microchip.com/Microchip.ATmega_DFP.3.6.299.atpack,2026-08-12T17:20:34+00:00,manufacturer_device_database,atdf_variant_record
microchip::atmega48pb-au,microchip::atmega48pb,Microchip,AVR,AVR 8-bit,Classic ATmega,ATmega48PB,ATmega48PB-AU,-AU,,,,TQFP32,-40..85 °C,,unknown,microchip-avr-atdf:ATmega_DFP@3.6.299,https://packs.download.microchip.com/Microchip.ATmega_DFP.3.6.299.atpack,2026-08-12T17:20:34+00:00,manufacturer_device_database,atdf_variant_record
microchip::atmega48pb-mn,microchip::atmega48pb,Microchip,AVR,AVR 8-bit,Classic ATmega,ATmega48PB,ATmega48PB-MN,-MN,,,,VQFN32,-40..105 °C,,unknown,microchip-avr-atdf:ATmega_DFP@3.6.299,https://packs.download.microchip.com/Microchip.ATmega_DFP.3.6.299.atpack,2026-08-12T17:20:34+00:00,manufacturer_device_database,atdf_variant_record
microchip::atmega48pb-mu,microchip::atmega48pb,Microchip,AVR,AVR 8-bit,Classic ATmega,ATmega48PB,ATmega48PB-MU,-MU,,,,VQFN32,-40..85 °C,,unknown,microchip-avr-atdf:ATmega_DFP@3.6.299,https://packs.download.microchip.com/Microchip.ATmega_DFP.3.6.299.atpack,2026-08-12T17:20:34+00:00,manufacturer_device_database,atdf_variant_record
microchip::atmega48pv-10au,microchip::atmega48p,Microchip,AVR,AVR 8-bit,Classic ATmega,ATmega48P,ATmega48PV-10AU,V-10AU,,,,TQFP32,-40..85 °C,,unknown,microchip-avr-atdf:ATmega_DFP@3.6.299,https://packs.download.microchip.com/Microchip.ATmega_DFP.3.6.299.atpack,2026-08-12T17:20:34+00:00,manufacturer_device_database,atdf_variant_record
microchip::atmega48pv-10mmu,microchip::atmega48p,Microchip,AVR,AVR 8-bit,Classic ATmega,ATmega48P,ATmega48PV-10MMU,V-10MMU,,,,QFN28,-40..85 °C,,unknown,microchip-avr-atdf:ATmega_DFP@3.6.299,https://packs.download.microchip.com/Microchip.ATmega_DFP.3.6.299.atpack,2026-08-12T17:20:34+00:00,manufacturer_device_database,atdf_variant_record
microchip::atmega48pv-10mu,microchip::atmega48p,Microchip,AVR,AVR 8-bit,Classic ATmega,ATmega48P,ATmega48PV-10MU,V-10MU,,,,QFN32,-40..85 °C,,unknown,microchip-avr-atdf:ATmega_DFP@3.6.299,https://packs.download.microchip.com/Microchip.ATmega_DFP.3.6.299.atpack,2026-08-12T17:20:34+00:00,manufacturer_device_database,atdf_variant_record
microchip::atmega48pv-10pu,microchip::atmega48p,Microchip,AVR,AVR 8-bit,Classic ATmega,ATmega48P,ATmega48PV-10PU,V-10PU,,,,PDIP28,-40..85 °C,,unknown,microchip-avr-atdf:ATmega_DFP@3.6.299,https://packs.download.microchip.com/Microchip.ATmega_DFP.3.6.299.atpack,2026-08-12T17:20:34+00:00,manufacturer_device_database,atdf_variant_record
microchip::atmega48v-10au,microchip::atmega48,Microchip,AVR,AVR 8-bit,Classic ATmega,ATmega48,ATmega48V-10AU,V-10AU,,,,TQFP32,-40..85 °C,,unknown,microchip-avr-atdf:ATmega_DFP@3.6.299,https://packs.download.microchip.com/Microchip.ATmega_DFP.3.6.299.atpack,2026-08-12T17:20:34+00:00,manufacturer_device_database,atdf_variant_record
microchip::atmega48v-10mmh,microchip::atmega48,Microchip,AVR,AVR 8-bit,Classic ATmega,ATmega48,ATmega48V-10MMH,V-10MMH,,,,QFN28,-40..85 °C,,unknown,microchip-avr-atdf:ATmega_DFP@3.6.299,https://packs.download.microchip.com/Microchip.ATmega_DFP.3.6.299.atpack,2026-08-12T17:20:34+00:00,manufacturer_device_database,atdf_variant_record
microchip::atmega48v-10mmu,microchip::atmega48,Microchip,AVR,AVR 8-bit,Classic ATmega,ATmega48,ATmega48V-10MMU,V-10MMU,,,,QFN28,-40..85 °C,,unknown,microchip-avr-atdf:ATmega_DFP@3.6.299,https://packs.download.microchip.com/Microchip.ATmega_DFP.3.6.299.atpack,2026-08-12T17:20:34+00:00,manufacturer_device_database,atdf_variant_record
microchip::atmega48v-10mu,microchip::atmega48,Microchip,AVR,AVR 8-bit,Classic ATmega,ATmega48,ATmega48V-10MU,V-10MU,,,,QFN32,-40..85 °C,,unknown,microchip-avr-atdf:ATmega_DFP@3.6.299,https://packs.download.microchip.com/Microchip.ATmega_DFP.3.6.299.atpack,2026-08-12T17:20:34+00:00,manufacturer_device_database,atdf_variant_record
microchip::atmega48v-10pu,microchip::atmega48,Microchip,AVR,AVR 8-bit,Classic ATmega,ATmega48,ATmega48V-10PU,V-10PU,,,,PDIP28,-40..85 °C,,unknown,microchip-avr-atdf:ATmega_DFP@3.6.299,https://packs.download.microchip.com/Microchip.ATmega_DFP.3.6.299.atpack,2026-08-12T17:20:34+00:00,manufacturer_device_database,atdf_variant_record
microchip::atmega64-16an,microchip::atmega64,Microchip,AVR,AVR 8-bit,Classic ATmega,ATmega64,ATmega64-16AN,-16AN,,,,TQFP64,-40..105 °C,,unknown,microchip-avr-atdf:ATmega_DFP@3.6.299,https://packs.download.microchip.com/Microchip.ATmega_DFP.3.6.299.atpack,2026-08-12T17:20:34+00:00,manufacturer_device_database,atdf_variant_record
microchip::atmega64-16au,microchip::atmega64,Microchip,AVR,AVR 8-bit,Classic ATmega,ATmega64,ATmega64-16AU,-16AU,,,,TQFP64,-40..85 °C,,unknown,microchip-avr-atdf:ATmega_DFP@3.6.299,https://packs.download.microchip.com/Microchip.ATmega_DFP.3.6.299.atpack,2026-08-12T17:20:34+00:00,manufacturer_device_database,atdf_variant_record
microchip::atmega64-16mn,microchip::atmega64,Microchip,AVR,AVR 8-bit,Classic ATmega,ATmega64,ATmega64-16MN,-16MN,,,,QFN64,-40..105 °C,,unknown,microchip-avr-atdf:ATmega_DFP@3.6.299,https://packs.download.microchip.com/Microchip.ATmega_DFP.3.6.299.atpack,2026-08-12T17:20:34+00:00,manufacturer_device_database,atdf_variant_record
microchip::atmega64-16mu,microchip::atmega64,Microchip,AVR,AVR 8-bit,Classic ATmega,ATmega64,ATmega64-16MU,-16MU,,,,QFN64,-40..85 °C,,unknown,microchip-avr-atdf:ATmega_DFP@3.6.299,https://packs.download.microchip.com/Microchip.ATmega_DFP.3.6.299.atpack,2026-08-12T17:20:34+00:00,manufacturer_device_database,atdf_variant_record
microchip::atmega640-16au,microchip::atmega640,Microchip,AVR,AVR 8-bit,Classic ATmega,ATmega640,ATmega640-16AU,-16AU,,,,TQFP100,-40..85 °C,,unknown,microchip-avr-atdf:ATmega_DFP@3.6.299,https://packs.download.microchip.com/Microchip.ATmega_DFP.3.6.299.atpack,2026-08-12T17:20:34+00:00,manufacturer_device_database,atdf_variant_record
microchip::atmega640-16cu,microchip::atmega640,Microchip,AVR,AVR 8-bit,Classic ATmega,ATmega640,ATmega640-16CU,-16CU,,,,CBGA100,-40..85 °C,,unknown,microchip-avr-atdf:ATmega_DFP@3.6.299,https://packs.download.microchip.com/Microchip.ATmega_DFP.3.6.299.atpack,2026-08-12T17:20:34+00:00,manufacturer_device_database,atdf_variant_record
microchip::atmega640v-8au,microchip::atmega640,Microchip,AVR,AVR 8-bit,Classic ATmega,ATmega640,ATmega640V-8AU,V-8AU,,,,TQFP100,-40..85 °C,,unknown,microchip-avr-atdf:ATmega_DFP@3.6.299,https://packs.download.microchip.com/Microchip.ATmega_DFP.3.6.299.atpack,2026-08-12T17:20:34+00:00,manufacturer_device_database,atdf_variant_record
microchip::atmega640v-8cu,microchip::atmega640,Microchip,AVR,AVR 8-bit,Classic ATmega,ATmega640,ATmega640V-8CU,V-8CU,,,,CBGA100,-40..85 °C,,unknown,microchip-avr-atdf:ATmega_DFP@3.6.299,https://packs.download.microchip.com/Microchip.ATmega_DFP.3.6.299.atpack,2026-08-12T17:20:34+00:00,manufacturer_device_database,atdf_variant_record
microchip::atmega644-20au,microchip::atmega644,Microchip,AVR,AVR 8-bit,Classic ATmega,ATmega644,ATmega644-20AU,-20AU,,,,TQFP44,-40..85 °C,,unknown,microchip-avr-atdf:ATmega_DFP@3.6.299,https://packs.download.microchip.com/Microchip.ATmega_DFP.3.6.299.atpack,2026-08-12T17:20:34+00:00,manufacturer_device_database,atdf_variant_record
microchip::atmega644-20mu,microchip::atmega644,Microchip,AVR,AVR 8-bit,Classic ATmega,ATmega644,ATmega644-20MU,-20MU,,,,QFN44,-40..85 °C,,unknown,microchip-avr-atdf:ATmega_DFP@3.6.299,https://packs.download.microchip.com/Microchip.ATmega_DFP.3.6.299.atpack,2026-08-12T17:20:34+00:00,manufacturer_device_database,atdf_variant_record
microchip::atmega644-20pu,microchip::atmega644,Microchip,AVR,AVR 8-bit,Classic ATmega,ATmega644,ATmega644-20PU,-20PU,,,,PDIP40,-40..85 °C,,unknown,microchip-avr-atdf:ATmega_DFP@3.6.299,https://packs.download.microchip.com/Microchip.ATmega_DFP.3.6.299.atpack,2026-08-12T17:20:34+00:00,manufacturer_device_database,atdf_variant_record
microchip::atmega644a-au,microchip::atmega644a,Microchip,AVR,AVR 8-bit,Classic ATmega,ATmega644A,ATmega644A-AU,-AU,,,,TQFP44,-40..85 °C,,unknown,microchip-avr-atdf:ATmega_DFP@3.6.299,https://packs.download.microchip.com/Microchip.ATmega_DFP.3.6.299.atpack,2026-08-12T17:20:34+00:00,manufacturer_device_database,atdf_variant_record
microchip::atmega644a-mu,microchip::atmega644a,Microchip,AVR,AVR 8-bit,Classic ATmega,ATmega644A,ATmega644A-MU,-MU,,,,VQFN44,-40..85 °C,,unknown,microchip-avr-atdf:ATmega_DFP@3.6.299,https://packs.download.microchip.com/Microchip.ATmega_DFP.3.6.299.atpack,2026-08-12T17:20:34+00:00,manufacturer_device_database,atdf_variant_record
microchip::atmega644a-pu,microchip::atmega644a,Microchip,AVR,AVR 8-bit,Classic ATmega,ATmega644A,ATmega644A-PU,-PU,,,,PDIP40,-40..85 °C,,unknown,microchip-avr-atdf:ATmega_DFP@3.6.299,https://packs.download.microchip.com/Microchip.ATmega_DFP.3.6.299.atpack,2026-08-12T17:20:34+00:00,manufacturer_device_database,atdf_variant_record
microchip::atmega644p-20an,microchip::atmega644p,Microchip,AVR,AVR 8-bit,Classic ATmega,ATmega644P,ATmega644P-20AN,-20AN,,,,TQFP44,-40..105 °C,,unknown,microchip-avr-atdf:ATmega_DFP@3.6.299,https://packs.download.microchip.com/Microchip.ATmega_DFP.3.6.299.atpack,2026-08-12T17:20:34+00:00,manufacturer_device_database,atdf_variant_record
microchip::atmega644p-20au,microchip::atmega644p,Microchip,AVR,AVR 8-bit,Classic ATmega,ATmega644P,ATmega644P-20AU,-20AU,,,,TQFP44,-40..85 °C,,unknown,microchip-avr-atdf:ATmega_DFP@3.6.299,https://packs.download.microchip.com/Microchip.ATmega_DFP.3.6.299.atpack,2026-08-12T17:20:34+00:00,manufacturer_device_database,atdf_variant_record
microchip::atmega644p-20mn,microchip::atmega644p,Microchip,AVR,AVR 8-bit,Classic ATmega,ATmega644P,ATmega644P-20MN,-20MN,,,,VQFN44,-40..105 °C,,unknown,microchip-avr-atdf:ATmega_DFP@3.6.299,https://packs.download.microchip.com/Microchip.ATmega_DFP.3.6.299.atpack,2026-08-12T17:20:34+00:00,manufacturer_device_database,atdf_variant_record
microchip::atmega644p-20mu,microchip::atmega644p,Microchip,AVR,AVR 8-bit,Classic ATmega,ATmega644P,ATmega644P-20MU,-20MU,,,,VQFN44,-40..85 °C,,unknown,microchip-avr-atdf:ATmega_DFP@3.6.299,https://packs.download.microchip.com/Microchip.ATmega_DFP.3.6.299.atpack,2026-08-12T17:20:34+00:00,manufacturer_device_database,atdf_variant_record
microchip::atmega644p-20pn,microchip::atmega644p,Microchip,AVR,AVR 8-bit,Classic ATmega,ATmega644P,ATmega644P-20PN,-20PN,,,,PDIP40,-40..105 °C,,unknown,microchip-avr-atdf:ATmega_DFP@3.6.299,https://packs.download.microchip.com/Microchip.ATmega_DFP.3.6.299.atpack,2026-08-12T17:20:34+00:00,manufacturer_device_database,atdf_variant_record
microchip::atmega644p-20pu,microchip::atmega644p,Microchip,AVR,AVR 8-bit,Classic ATmega,ATmega644P,ATmega644P-20PU,-20PU,,,,PDIP40,-40..85 °C,,unknown,microchip-avr-atdf:ATmega_DFP@3.6.299,https://packs.download.microchip.com/Microchip.ATmega_DFP.3.6.299.atpack,2026-08-12T17:20:34+00:00,manufacturer_device_database,atdf_variant_record
microchip::atmega644pa-an,microchip::atmega644pa,Microchip,AVR,AVR 8-bit,Classic ATmega,ATmega644PA,ATmega644PA-AN,-AN,,,,TQFP44,-40..105 °C,,unknown,microchip-avr-atdf:ATmega_DFP@3.6.299,https://packs.download.microchip.com/Microchip.ATmega_DFP.3.6.299.atpack,2026-08-12T17:20:34+00:00,manufacturer_device_database,atdf_variant_record
microchip::atmega644pa-au,microchip::atmega644pa,Microchip,AVR,AVR 8-bit,Classic ATmega,ATmega644PA,ATmega644PA-AU,-AU,,,,TQFP44,-40..85 °C,,unknown,microchip-avr-atdf:ATmega_DFP@3.6.299,https://packs.download.microchip.com/Microchip.ATmega_DFP.3.6.299.atpack,2026-08-12T17:20:34+00:00,manufacturer_device_database,atdf_variant_record
microchip::atmega644pa-mn,microchip::atmega644pa,Microchip,AVR,AVR 8-bit,Classic ATmega,ATmega644PA,ATmega644PA-MN,-MN,,,,VQFN44,-40..105 °C,,unknown,microchip-avr-atdf:ATmega_DFP@3.6.299,https://packs.download.microchip.com/Microchip.ATmega_DFP.3.6.299.atpack,2026-08-12T17:20:34+00:00,manufacturer_device_database,atdf_variant_record
microchip::atmega644pa-mu,microchip::atmega644pa,Microchip,AVR,AVR 8-bit,Classic ATmega,ATmega644PA,ATmega644PA-MU,-MU,,,,VQFN44,-40..85 °C,,unknown,microchip-avr-atdf:ATmega_DFP@3.6.299,https://packs.download.microchip.com/Microchip.ATmega_DFP.3.6.299.atpack,2026-08-12T17:20:34+00:00,manufacturer_device_database,atdf_variant_record
microchip::atmega644pa-pn,microchip::atmega644pa,Microchip,AVR,AVR 8-bit,Classic ATmega,ATmega644PA,ATmega644PA-PN,-PN,,,,PDIP40,-40..105 °C,,unknown,microchip-avr-atdf:ATmega_DFP@3.6.299,https://packs.download.microchip.com/Microchip.ATmega_DFP.3.6.299.atpack,2026-08-12T17:20:34+00:00,manufacturer_device_database,atdf_variant_record
microchip::atmega644pa-pu,microchip::atmega644pa,Microchip,AVR,AVR 8-bit,Classic ATmega,ATmega644PA,ATmega644PA-PU,-PU,,,,PDIP40,-40..85 °C,,unknown,microchip-avr-atdf:ATmega_DFP@3.6.299,https://packs.download.microchip.com/Microchip.ATmega_DFP.3.6.299.atpack,2026-08-12T17:20:34+00:00,manufacturer_device_database,atdf_variant_record
microchip::atmega644pv-10an,microchip::atmega644p,Microchip,AVR,AVR 8-bit,Classic ATmega,ATmega644P,ATmega644PV-10AN,V-10AN,,,,TQFP44,-40..105 °C,,unknown,microchip-avr-atdf:ATmega_DFP@3.6.299,https://packs.download.microchip.com/Microchip.ATmega_DFP.3.6.299.atpack,2026-08-12T17:20:34+00:00,manufacturer_device_database,atdf_variant_record
microchip::atmega644pv-10au,microchip::atmega644p,Microchip,AVR,AVR 8-bit,Classic ATmega,ATmega644P,ATmega644PV-10AU,V-10AU,,,,TQFP44,-40..85 °C,,unknown,microchip-avr-atdf:ATmega_DFP@3.6.299,https://packs.download.microchip.com/Microchip.ATmega_DFP.3.6.299.atpack,2026-08-12T17:20:34+00:00,manufacturer_device_database,atdf_variant_record
microchip::atmega644pv-10mn,microchip::atmega644p,Microchip,AVR,AVR 8-bit,Classic ATmega,ATmega644P,ATmega644PV-10MN,V-10MN,,,,VQFN44,-40..105 °C,,unknown,microchip-avr-atdf:ATmega_DFP@3.6.299,https://packs.download.microchip.com/Microchip.ATmega_DFP.3.6.299.atpack,2026-08-12T17:20:34+00:00,manufacturer_device_database,atdf_variant_record
microchip::atmega644pv-10mu,microchip::atmega644p,Microchip,AVR,AVR 8-bit,Classic ATmega,ATmega644P,ATmega644PV-10MU,V-10MU,,,,VQFN44,-40..85 °C,,unknown,microchip-avr-atdf:ATmega_DFP@3.6.299,https://packs.download.microchip.com/Microchip.ATmega_DFP.3.6.299.atpack,2026-08-12T17:20:34+00:00,manufacturer_device_database,atdf_variant_record
microchip::atmega644pv-10pn,microchip::atmega644p,Microchip,AVR,AVR 8-bit,Classic ATmega,ATmega644P,ATmega644PV-10PN,V-10PN,,,,PDIP40,-40..105 °C,,unknown,microchip-avr-atdf:ATmega_DFP@3.6.299,https://packs.download.microchip.com/Microchip.ATmega_DFP.3.6.299.atpack,2026-08-12T17:20:34+00:00,manufacturer_device_database,atdf_variant_record
microchip::atmega644pv-10pu,microchip::atmega644p,Microchip,AVR,AVR 8-bit,Classic ATmega,ATmega644P,ATmega644PV-10PU,V-10PU,,,,PDIP40,-40..85 °C,,unknown,microchip-avr-atdf:ATmega_DFP@3.6.299,https://packs.download.microchip.com/Microchip.ATmega_DFP.3.6.299.atpack,2026-08-12T17:20:34+00:00,manufacturer_device_database,atdf_variant_record
microchip::atmega644rfr2-zf,microchip::atmega644rfr2,Microchip,AVR,AVR 8-bit,Classic ATmega,ATmega644RFR2,ATmega644RFR2-ZF,-ZF,,,,VQFN48,-40..125 °C,,unknown,microchip-avr-atdf:ATmega_DFP@3.6.299,https://packs.download.microchip.com/Microchip.ATmega_DFP.3.6.299.atpack,2026-08-12T17:20:34+00:00,manufacturer_device_database,atdf_variant_record
microchip::atmega644rfr2-zfr,microchip::atmega644rfr2,Microchip,AVR,AVR 8-bit,Classic ATmega,ATmega644RFR2,ATmega644RFR2-ZFR,-ZFR,,,,VQFN48,-40..125 °C,,unknown,microchip-avr-atdf:ATmega_DFP@3.6.299,https://packs.download.microchip.com/Microchip.ATmega_DFP.3.6.299.atpack,2026-08-12T17:20:34+00:00,manufacturer_device_database,atdf_variant_record
microchip::atmega644rfr2-zu,microchip::atmega644rfr2,Microchip,AVR,AVR 8-bit,Classic ATmega,ATmega644RFR2,ATmega644RFR2-ZU,-ZU,,,,VQFN48,-40..85 °C,,unknown,microchip-avr-atdf:ATmega_DFP@3.6.299,https://packs.download.microchip.com/Microchip.ATmega_DFP.3.6.299.atpack,2026-08-12T17:20:34+00:00,manufacturer_device_database,atdf_variant_record
microchip::atmega644rfr2-zur,microchip::atmega644rfr2,Microchip,AVR,AVR 8-bit,Classic ATmega,ATmega644RFR2,ATmega644RFR2-ZUR,-ZUR,,,,VQFN48,-40..85 °C,,unknown,microchip-avr-atdf:ATmega_DFP@3.6.299,https://packs.download.microchip.com/Microchip.ATmega_DFP.3.6.299.atpack,2026-08-12T17:20:34+00:00,manufacturer_device_database,atdf_variant_record
microchip::atmega644v-10au,microchip::atmega644,Microchip,AVR,AVR 8-bit,Classic ATmega,ATmega644,ATmega644V-10AU,V-10AU,,,,TQFP44,-40..85 °C,,unknown,microchip-avr-atdf:ATmega_DFP@3.6.299,https://packs.download.microchip.com/Microchip.ATmega_DFP.3.6.299.atpack,2026-08-12T17:20:34+00:00,manufacturer_device_database,atdf_variant_record
microchip::atmega644v-10mu,microchip::atmega644,Microchip,AVR,AVR 8-bit,Classic ATmega,ATmega644,ATmega644V-10MU,V-10MU,,,,QFN44,-40..85 °C,,unknown,microchip-avr-atdf:ATmega_DFP@3.6.299,https://packs.download.microchip.com/Microchip.ATmega_DFP.3.6.299.atpack,2026-08-12T17:20:34+00:00,manufacturer_device_database,atdf_variant_record
microchip::atmega644v-10pu,microchip::atmega644,Microchip,AVR,AVR 8-bit,Classic ATmega,ATmega644,ATmega644V-10PU,V-10PU,,,,PDIP40,-40..85 °C,,unknown,microchip-avr-atdf:ATmega_DFP@3.6.299,https://packs.download.microchip.com/Microchip.ATmega_DFP.3.6.299.atpack,2026-08-12T17:20:34+00:00,manufacturer_device_database,atdf_variant_record
microchip::atmega645-16au,microchip::atmega645,Microchip,AVR,AVR 8-bit,Classic ATmega,ATmega645,ATmega645-16AU,-16AU,,,,TQFP64,-40..85 °C,,unknown,microchip-avr-atdf:ATmega_DFP@3.6.299,https://packs.download.microchip.com/Microchip.ATmega_DFP.3.6.299.atpack,2026-08-12T17:20:34+00:00,manufacturer_device_database,atdf_variant_record
microchip::atmega645-16aur,microchip::atmega645,Microchip,AVR,AVR 8-bit,Classic ATmega,ATmega645,ATmega645-16AUR,-16AUR,,,,TQFP64,-40..85 °C,,unknown,microchip-avr-atdf:ATmega_DFP@3.6.299,https://packs.download.microchip.com/Microchip.ATmega_DFP.3.6.299.atpack,2026-08-12T17:20:34+00:00,manufacturer_device_database,atdf_variant_record
microchip::atmega645-16mu,microchip::atmega645,Microchip,AVR,AVR 8-bit,Classic ATmega,ATmega645,ATmega645-16MU,-16MU,,,,QFN64,-40..85 °C,,unknown,microchip-avr-atdf:ATmega_DFP@3.6.299,https://packs.download.microchip.com/Microchip.ATmega_DFP.3.6.299.atpack,2026-08-12T17:20:34+00:00,manufacturer_device_database,atdf_variant_record
microchip::atmega645-16mur,microchip::atmega645,Microchip,AVR,AVR 8-bit,Classic ATmega,ATmega645,ATmega645-16MUR,-16MUR,,,,QFN64,-40..85 °C,,unknown,microchip-avr-atdf:ATmega_DFP@3.6.299,https://packs.download.microchip.com/Microchip.ATmega_DFP.3.6.299.atpack,2026-08-12T17:20:34+00:00,manufacturer_device_database,atdf_variant_record
microchip::atmega6450-16au,microchip::atmega6450,Microchip,AVR,AVR 8-bit,Classic ATmega,ATmega6450,ATmega6450-16AU,-16AU,,,,TQFP100,-40..85 °C,,unknown,microchip-avr-atdf:ATmega_DFP@3.6.299,https://packs.download.microchip.com/Microchip.ATmega_DFP.3.6.299.atpack,2026-08-12T17:20:34+00:00,manufacturer_device_database,atdf_variant_record
microchip::atmega6450-16aur,microchip::atmega6450,Microchip,AVR,AVR 8-bit,Classic ATmega,ATmega6450,ATmega6450-16AUR,-16AUR,,,,TQFP100,-40..85 °C,,unknown,microchip-avr-atdf:ATmega_DFP@3.6.299,https://packs.download.microchip.com/Microchip.ATmega_DFP.3.6.299.atpack,2026-08-12T17:20:34+00:00,manufacturer_device_database,atdf_variant_record
microchip::atmega6450a-au,microchip::atmega6450a,Microchip,AVR,AVR 8-bit,Classic ATmega,ATmega6450A,ATmega6450A-AU,-AU,,,,TQFP100,-40..85 °C,,unknown,microchip-avr-atdf:ATmega_DFP@3.6.299,https://packs.download.microchip.com/Microchip.ATmega_DFP.3.6.299.atpack,2026-08-12T17:20:34+00:00,manufacturer_device_database,atdf_variant_record
microchip::atmega6450a-aur,microchip::atmega6450a,Microchip,AVR,AVR 8-bit,Classic ATmega,ATmega6450A,ATmega6450A-AUR,-AUR,,,,TQFP100,-40..85 °C,,unknown,microchip-avr-atdf:ATmega_DFP@3.6.299,https://packs.download.microchip.com/Microchip.ATmega_DFP.3.6.299.atpack,2026-08-12T17:20:34+00:00,manufacturer_device_database,atdf_variant_record
microchip::atmega6450p-au,microchip::atmega6450p,Microchip,AVR,AVR 8-bit,Classic ATmega,ATmega6450P,ATmega6450P-AU,-AU,,,,TQFP100,-40..85 °C,,unknown,microchip-avr-atdf:ATmega_DFP@3.6.299,https://packs.download.microchip.com/Microchip.ATmega_DFP.3.6.299.atpack,2026-08-12T17:20:34+00:00,manufacturer_device_database,atdf_variant_record
microchip::atmega6450p-aur,microchip::atmega6450p,Microchip,AVR,AVR 8-bit,Classic ATmega,ATmega6450P,ATmega6450P-AUR,-AUR,,,,TQFP100,-40..85 °C,,unknown,microchip-avr-atdf:ATmega_DFP@3.6.299,https://packs.download.microchip.com/Microchip.ATmega_DFP.3.6.299.atpack,2026-08-12T17:20:34+00:00,manufacturer_device_database,atdf_variant_record
microchip::atmega6450v-8au,microchip::atmega6450,Microchip,AVR,AVR 8-bit,Classic ATmega,ATmega6450,ATmega6450V-8AU,V-8AU,,,,TQFP100,-40..85 °C,,unknown,microchip-avr-atdf:ATmega_DFP@3.6.299,https://packs.download.microchip.com/Microchip.ATmega_DFP.3.6.299.atpack,2026-08-12T17:20:34+00:00,manufacturer_device_database,atdf_variant_record
microchip::atmega6450v-8aur,microchip::atmega6450,Microchip,AVR,AVR 8-bit,Classic ATmega,ATmega6450,ATmega6450V-8AUR,V-8AUR,,,,TQFP100,-40..85 °C,,unknown,microchip-avr-atdf:ATmega_DFP@3.6.299,https://packs.download.microchip.com/Microchip.ATmega_DFP.3.6.299.atpack,2026-08-12T17:20:34+00:00,manufacturer_device_database,atdf_variant_record
microchip::atmega645a-au,microchip::atmega645a,Microchip,AVR,AVR 8-bit,Classic ATmega,ATmega645A,ATmega645A-AU,-AU,,,,TQFP64,-40..85 °C,,unknown,microchip-avr-atdf:ATmega_DFP@3.6.299,https://packs.download.microchip.com/Microchip.ATmega_DFP.3.6.299.atpack,2026-08-12T17:20:34+00:00,manufacturer_device_database,atdf_variant_record
microchip::atmega645a-aur,microchip::atmega645a,Microchip,AVR,AVR 8-bit,Classic ATmega,ATmega645A,ATmega645A-AUR,-AUR,,,,TQFP64,-40..85 °C,,unknown,microchip-avr-atdf:ATmega_DFP@3.6.299,https://packs.download.microchip.com/Microchip.ATmega_DFP.3.6.299.atpack,2026-08-12T17:20:34+00:00,manufacturer_device_database,atdf_variant_record
microchip::atmega645a-mu,microchip::atmega645a,Microchip,AVR,AVR 8-bit,Classic ATmega,ATmega645A,ATmega645A-MU,-MU,,,,QFN64,-40..85 °C,,unknown,microchip-avr-atdf:ATmega_DFP@3.6.299,https://packs.download.microchip.com/Microchip.ATmega_DFP.3.6.299.atpack,2026-08-12T17:20:34+00:00,manufacturer_device_database,atdf_variant_record
microchip::atmega645a-mur,microchip::atmega645a,Microchip,AVR,AVR 8-bit,Classic ATmega,ATmega645A,ATmega645A-MUR,-MUR,,,,QFN64,-40..85 °C,,unknown,microchip-avr-atdf:ATmega_DFP@3.6.299,https://packs.download.microchip.com/Microchip.ATmega_DFP.3.6.299.atpack,2026-08-12T17:20:34+00:00,manufacturer_device_database,atdf_variant_record
microchip::atmega645p-au,microchip::atmega645p,Microchip,AVR,AVR 8-bit,Classic ATmega,ATmega645P,ATmega645P-AU,-AU,,,,TQFP64,-40..85 °C,,unknown,microchip-avr-atdf:ATmega_DFP@3.6.299,https://packs.download.microchip.com/Microchip.ATmega_DFP.3.6.299.atpack,2026-08-12T17:20:34+00:00,manufacturer_device_database,atdf_variant_record
microchip::atmega645p-aur,microchip::atmega645p,Microchip,AVR,AVR 8-bit,Classic ATmega,ATmega645P,ATmega645P-AUR,-AUR,,,,TQFP64,-40..85 °C,,unknown,microchip-avr-atdf:ATmega_DFP@3.6.299,https://packs.download.microchip.com/Microchip.ATmega_DFP.3.6.299.atpack,2026-08-12T17:20:34+00:00,manufacturer_device_database,atdf_variant_record
microchip::atmega645p-mu,microchip::atmega645p,Microchip,AVR,AVR 8-bit,Classic ATmega,ATmega645P,ATmega645P-MU,-MU,,,,QFN64,-40..85 °C,,unknown,microchip-avr-atdf:ATmega_DFP@3.6.299,https://packs.download.microchip.com/Microchip.ATmega_DFP.3.6.299.atpack,2026-08-12T17:20:34+00:00,manufacturer_device_database,atdf_variant_record
microchip::atmega645p-mur,microchip::atmega645p,Microchip,AVR,AVR 8-bit,Classic ATmega,ATmega645P,ATmega645P-MUR,-MUR,,,,QFN64,-40..85 °C,,unknown,microchip-avr-atdf:ATmega_DFP@3.6.299,https://packs.download.microchip.com/Microchip.ATmega_DFP.3.6.299.atpack,2026-08-12T17:20:34+00:00,manufacturer_device_database,atdf_variant_record
microchip::atmega645v-8au,microchip::atmega645,Microchip,AVR,AVR 8-bit,Classic ATmega,ATmega645,ATmega645V-8AU,V-8AU,,,,TQFP64,-40..85 °C,,unknown,microchip-avr-atdf:ATmega_DFP@3.6.299,https://packs.download.microchip.com/Microchip.ATmega_DFP.3.6.299.atpack,2026-08-12T17:20:34+00:00,manufacturer_device_database,atdf_variant_record
microchip::atmega645v-8aur,microchip::atmega645,Microchip,AVR,AVR 8-bit,Classic ATmega,ATmega645,ATmega645V-8AUR,V-8AUR,,,,TQFP64,-40..85 °C,,unknown,microchip-avr-atdf:ATmega_DFP@3.6.299,https://packs.download.microchip.com/Microchip.ATmega_DFP.3.6.299.atpack,2026-08-12T17:20:34+00:00,manufacturer_device_database,atdf_variant_record
microchip::atmega645v-8mu,microchip::atmega645,Microchip,AVR,AVR 8-bit,Classic ATmega,ATmega645,ATmega645V-8MU,V-8MU,,,,QFN64,-40..85 °C,,unknown,microchip-avr-atdf:ATmega_DFP@3.6.299,https://packs.download.microchip.com/Microchip.ATmega_DFP.3.6.299.atpack,2026-08-12T17:20:34+00:00,manufacturer_device_database,atdf_variant_record
microchip::atmega645v-8mur,microchip::atmega645,Microchip,AVR,AVR 8-bit,Classic ATmega,ATmega645,ATmega645V-8MUR,V-8MUR,,,,QFN64,-40..85 °C,,unknown,microchip-avr-atdf:ATmega_DFP@3.6.299,https://packs.download.microchip.com/Microchip.ATmega_DFP.3.6.299.atpack,2026-08-12T17:20:34+00:00,manufacturer_device_database,atdf_variant_record
microchip::atmega649-16au,microchip::atmega649,Microchip,AVR,AVR 8-bit,Classic ATmega,ATmega649,ATmega649-16AU,-16AU,,,,TQFP64,-40..85 °C,,unknown,microchip-avr-atdf:ATmega_DFP@3.6.299,https://packs.download.microchip.com/Microchip.ATmega_DFP.3.6.299.atpack,2026-08-12T17:20:34+00:00,manufacturer_device_database,atdf_variant_record
microchip::atmega649-16mu,microchip::atmega649,Microchip,AVR,AVR 8-bit,Classic ATmega,ATmega649,ATmega649-16MU,-16MU,,,,QFN64,-40..85 °C,,unknown,microchip-avr-atdf:ATmega_DFP@3.6.299,https://packs.download.microchip.com/Microchip.ATmega_DFP.3.6.299.atpack,2026-08-12T17:20:34+00:00,manufacturer_device_database,atdf_variant_record
microchip::atmega6490-16au,microchip::atmega6490,Microchip,AVR,AVR 8-bit,Classic ATmega,ATmega6490,ATmega6490-16AU,-16AU,,,,TQFP100,-40..85 °C,,unknown,microchip-avr-atdf:ATmega_DFP@3.6.299,https://packs.download.microchip.com/Microchip.ATmega_DFP.3.6.299.atpack,2026-08-12T17:20:34+00:00,manufacturer_device_database,atdf_variant_record
microchip::atmega6490-16aur,microchip::atmega6490,Microchip,AVR,AVR 8-bit,Classic ATmega,ATmega6490,ATmega6490-16AUR,-16AUR,,,,TQFP100,-40..85 °C,,unknown,microchip-avr-atdf:ATmega_DFP@3.6.299,https://packs.download.microchip.com/Microchip.ATmega_DFP.3.6.299.atpack,2026-08-12T17:20:34+00:00,manufacturer_device_database,atdf_variant_record
microchip::atmega6490a-au,microchip::atmega6490a,Microchip,AVR,AVR 8-bit,Classic ATmega,ATmega6490A,ATmega6490A-AU,-AU,,,,TQFP100,-40..85 °C,,unknown,microchip-avr-atdf:ATmega_DFP@3.6.299,https://packs.download.microchip.com/Microchip.ATmega_DFP.3.6.299.atpack,2026-08-12T17:20:34+00:00,manufacturer_device_database,atdf_variant_record
microchip::atmega6490a-aur,microchip::atmega6490a,Microchip,AVR,AVR 8-bit,Classic ATmega,ATmega6490A,ATmega6490A-AUR,-AUR,,,,TQFP100,-40..85 °C,,unknown,microchip-avr-atdf:ATmega_DFP@3.6.299,https://packs.download.microchip.com/Microchip.ATmega_DFP.3.6.299.atpack,2026-08-12T17:20:34+00:00,manufacturer_device_database,atdf_variant_record
microchip::atmega6490p-au,microchip::atmega6490p,Microchip,AVR,AVR 8-bit,Classic ATmega,ATmega6490P,ATmega6490P-AU,-AU,,,,TQFP100,-40..85 °C,,unknown,microchip-avr-atdf:ATmega_DFP@3.6.299,https://packs.download.microchip.com/Microchip.ATmega_DFP.3.6.299.atpack,2026-08-12T17:20:34+00:00,manufacturer_device_database,atdf_variant_record
microchip::atmega6490p-aur,microchip::atmega6490p,Microchip,AVR,AVR 8-bit,Classic ATmega,ATmega6490P,ATmega6490P-AUR,-AUR,,,,TQFP100,-40..85 °C,,unknown,microchip-avr-atdf:ATmega_DFP@3.6.299,https://packs.download.microchip.com/Microchip.ATmega_DFP.3.6.299.atpack,2026-08-12T17:20:34+00:00,manufacturer_device_database,atdf_variant_record
microchip::atmega6490v-8au,microchip::atmega6490,Microchip,AVR,AVR 8-bit,Classic ATmega,ATmega6490,ATmega6490V-8AU,V-8AU,,,,TQFP100,-40..85 °C,,unknown,microchip-avr-atdf:ATmega_DFP@3.6.299,https://packs.download.microchip.com/Microchip.ATmega_DFP.3.6.299.atpack,2026-08-12T17:20:34+00:00,manufacturer_device_database,atdf_variant_record
microchip::atmega6490v-8aur,microchip::atmega6490,Microchip,AVR,AVR 8-bit,Classic ATmega,ATmega6490,ATmega6490V-8AUR,V-8AUR,,,,TQFP100,-40..85 °C,,unknown,microchip-avr-atdf:ATmega_DFP@3.6.299,https://packs.download.microchip.com/Microchip.ATmega_DFP.3.6.299.atpack,2026-08-12T17:20:34+00:00,manufacturer_device_database,atdf_variant_record
microchip::atmega649a-au,microchip::atmega649a,Microchip,AVR,AVR 8-bit,Classic ATmega,ATmega649A,ATmega649A-AU,-AU,,,,TQFP64,-40..85 °C,,unknown,microchip-avr-atdf:ATmega_DFP@3.6.299,https://packs.download.microchip.com/Microchip.ATmega_DFP.3.6.299.atpack,2026-08-12T17:20:34+00:00,manufacturer_device_database,atdf_variant_record
microchip::atmega649a-mu,microchip::atmega649a,Microchip,AVR,AVR 8-bit,Classic ATmega,ATmega649A,ATmega649A-MU,-MU,,,,QFN64,-40..85 °C,,unknown,microchip-avr-atdf:ATmega_DFP@3.6.299,https://packs.download.microchip.com/Microchip.ATmega_DFP.3.6.299.atpack,2026-08-12T17:20:34+00:00,manufacturer_device_database,atdf_variant_record
microchip::atmega649p-au,microchip::atmega649p,Microchip,AVR,AVR 8-bit,Classic ATmega,ATmega649P,ATmega649P-AU,-AU,,,,TQFP64,-40..85 °C,,unknown,microchip-avr-atdf:ATmega_DFP@3.6.299,https://packs.download.microchip.com/Microchip.ATmega_DFP.3.6.299.atpack,2026-08-12T17:20:34+00:00,manufacturer_device_database,atdf_variant_record
microchip::atmega649p-mu,microchip::atmega649p,Microchip,AVR,AVR 8-bit,Classic ATmega,ATmega649P,ATmega649P-MU,-MU,,,,QFN64,-40..85 °C,,unknown,microchip-avr-atdf:ATmega_DFP@3.6.299,https://packs.download.microchip.com/Microchip.ATmega_DFP.3.6.299.atpack,2026-08-12T17:20:34+00:00,manufacturer_device_database,atdf_variant_record
microchip::atmega649v-8au,microchip::atmega649,Microchip,AVR,AVR 8-bit,Classic ATmega,ATmega649,ATmega649V-8AU,V-8AU,,,,TQFP64,-40..85 °C,,unknown,microchip-avr-atdf:ATmega_DFP@3.6.299,https://packs.download.microchip.com/Microchip.ATmega_DFP.3.6.299.atpack,2026-08-12T17:20:34+00:00,manufacturer_device_database,atdf_variant_record
microchip::atmega649v-8mu,microchip::atmega649,Microchip,AVR,AVR 8-bit,Classic ATmega,ATmega649,ATmega649V-8MU,V-8MU,,,,QFN64,-40..85 °C,,unknown,microchip-avr-atdf:ATmega_DFP@3.6.299,https://packs.download.microchip.com/Microchip.ATmega_DFP.3.6.299.atpack,2026-08-12T17:20:34+00:00,manufacturer_device_database,atdf_variant_record
microchip::atmega64a-an,microchip::atmega64a,Microchip,AVR,AVR 8-bit,Classic ATmega,ATmega64A,ATmega64A-AN,-AN,,,,TQFP64,-40..105 °C,,unknown,microchip-avr-atdf:ATmega_DFP@3.6.299,https://packs.download.microchip.com/Microchip.ATmega_DFP.3.6.299.atpack,2026-08-12T17:20:34+00:00,manufacturer_device_database,atdf_variant_record
microchip::atmega64a-au,microchip::atmega64a,Microchip,AVR,AVR 8-bit,Classic ATmega,ATmega64A,ATmega64A-AU,-AU,,,,TQFP64,-40..85 °C,,unknown,microchip-avr-atdf:ATmega_DFP@3.6.299,https://packs.download.microchip.com/Microchip.ATmega_DFP.3.6.299.atpack,2026-08-12T17:20:34+00:00,manufacturer_device_database,atdf_variant_record
microchip::atmega64a-mn,microchip::atmega64a,Microchip,AVR,AVR 8-bit,Classic ATmega,ATmega64A,ATmega64A-MN,-MN,,,,QFN64,-40..105 °C,,unknown,microchip-avr-atdf:ATmega_DFP@3.6.299,https://packs.download.microchip.com/Microchip.ATmega_DFP.3.6.299.atpack,2026-08-12T17:20:34+00:00,manufacturer_device_database,atdf_variant_record
microchip::atmega64a-mu,microchip::atmega64a,Microchip,AVR,AVR 8-bit,Classic ATmega,ATmega64A,ATmega64A-MU,-MU,,,,QFN64,-40..85 °C,,unknown,microchip-avr-atdf:ATmega_DFP@3.6.299,https://packs.download.microchip.com/Microchip.ATmega_DFP.3.6.299.atpack,2026-08-12T17:20:34+00:00,manufacturer_device_database,atdf_variant_record
microchip::atmega64c1-au,microchip::atmega64c1,Microchip,AVR,AVR 8-bit,Classic ATmega,ATmega64C1,ATmega64C1-AU,-AU,,,,TQFP32,-40..85 °C,,unknown,microchip-avr-atdf:ATmega_DFP@3.6.299,https://packs.download.microchip.com/Microchip.ATmega_DFP.3.6.299.atpack,2026-08-12T17:20:34+00:00,manufacturer_device_database,atdf_variant_record
microchip::atmega64c1-mu,microchip::atmega64c1,Microchip,AVR,AVR 8-bit,Classic ATmega,ATmega64C1,ATmega64C1-MU,-MU,,,,QFN32,-40..85 °C,,unknown,microchip-avr-atdf:ATmega_DFP@3.6.299,https://packs.download.microchip.com/Microchip.ATmega_DFP.3.6.299.atpack,2026-08-12T17:20:34+00:00,manufacturer_device_database,atdf_variant_record
microchip::atmega64l-8an,microchip::atmega64,Microchip,AVR,AVR 8-bit,Classic ATmega,ATmega64,ATmega64L-8AN,L-8AN,,,,TQFP64,-40..105 °C,,unknown,microchip-avr-atdf:ATmega_DFP@3.6.299,https://packs.download.microchip.com/Microchip.ATmega_DFP.3.6.299.atpack,2026-08-12T17:20:34+00:00,manufacturer_device_database,atdf_variant_record
microchip::atmega64l-8au,microchip::atmega64,Microchip,AVR,AVR 8-bit,Classic ATmega,ATmega64,ATmega64L-8AU,L-8AU,,,,TQFP64,-40..85 °C,,unknown,microchip-avr-atdf:ATmega_DFP@3.6.299,https://packs.download.microchip.com/Microchip.ATmega_DFP.3.6.299.atpack,2026-08-12T17:20:34+00:00,manufacturer_device_database,atdf_variant_record
microchip::atmega64l-8mn,microchip::atmega64,Microchip,AVR,AVR 8-bit,Classic ATmega,ATmega64,ATmega64L-8MN,L-8MN,,,,QFN64,-40..105 °C,,unknown,microchip-avr-atdf:ATmega_DFP@3.6.299,https://packs.download.microchip.com/Microchip.ATmega_DFP.3.6.299.atpack,2026-08-12T17:20:34+00:00,manufacturer_device_database,atdf_variant_record
microchip::atmega64l-8mu,microchip::atmega64,Microchip,AVR,AVR 8-bit,Classic ATmega,ATmega64,ATmega64L-8MU,L-8MU,,,,QFN64,-40..85 °C,,unknown,microchip-avr-atdf:ATmega_DFP@3.6.299,https://packs.download.microchip.com/Microchip.ATmega_DFP.3.6.299.atpack,2026-08-12T17:20:34+00:00,manufacturer_device_database,atdf_variant_record
microchip::atmega64m1-au,microchip::atmega64m1,Microchip,AVR,AVR 8-bit,Classic ATmega,ATmega64M1,ATmega64M1-AU,-AU,,,,TQFP32,-40..85 °C,,unknown,microchip-avr-atdf:ATmega_DFP@3.6.299,https://packs.download.microchip.com/Microchip.ATmega_DFP.3.6.299.atpack,2026-08-12T17:20:34+00:00,manufacturer_device_database,atdf_variant_record
microchip::atmega64m1-mu,microchip::atmega64m1,Microchip,AVR,AVR 8-bit,Classic ATmega,ATmega64M1,ATmega64M1-MU,-MU,,,,QFN32,-40..85 °C,,unknown,microchip-avr-atdf:ATmega_DFP@3.6.299,https://packs.download.microchip.com/Microchip.ATmega_DFP.3.6.299.atpack,2026-08-12T17:20:34+00:00,manufacturer_device_database,atdf_variant_record
microchip::atmega64rfr2-zf,microchip::atmega64rfr2,Microchip,AVR,AVR 8-bit,Classic ATmega,ATmega64RFR2,ATmega64RFR2-ZF,-ZF,,,,QFN64,-40..125 °C,,unknown,microchip-avr-atdf:ATmega_DFP@3.6.299,https://packs.download.microchip.com/Microchip.ATmega_DFP.3.6.299.atpack,2026-08-12T17:20:34+00:00,manufacturer_device_database,atdf_variant_record
microchip::atmega64rfr2-zfr,microchip::atmega64rfr2,Microchip,AVR,AVR 8-bit,Classic ATmega,ATmega64RFR2,ATmega64RFR2-ZFR,-ZFR,,,,QFN64,-40..125 °C,,unknown,microchip-avr-atdf:ATmega_DFP@3.6.299,https://packs.download.microchip.com/Microchip.ATmega_DFP.3.6.299.atpack,2026-08-12T17:20:34+00:00,manufacturer_device_database,atdf_variant_record
microchip::atmega64rfr2-zu,microchip::atmega64rfr2,Microchip,AVR,AVR 8-bit,Classic ATmega,ATmega64RFR2,ATmega64RFR2-ZU,-ZU,,,,QFN64,-40..85 °C,,unknown,microchip-avr-atdf:ATmega_DFP@3.6.299,https://packs.download.microchip.com/Microchip.ATmega_DFP.3.6.299.atpack,2026-08-12T17:20:34+00:00,manufacturer_device_database,atdf_variant_record
microchip::atmega64rfr2-zur,microchip::atmega64rfr2,Microchip,AVR,AVR 8-bit,Classic ATmega,ATmega64RFR2,ATmega64RFR2-ZUR,-ZUR,,,,QFN64,-40..85 °C,,unknown,microchip-avr-atdf:ATmega_DFP@3.6.299,https://packs.download.microchip.com/Microchip.ATmega_DFP.3.6.299.atpack,2026-08-12T17:20:34+00:00,manufacturer_device_database,atdf_variant_record
microchip::atmega8-16an,microchip::atmega8,Microchip,AVR,AVR 8-bit,Classic ATmega,ATmega8,ATmega8-16AN,-16AN,,,,TQFP32,-40..105 °C,,unknown,microchip-avr-atdf:ATmega_DFP@3.6.299,https://packs.download.microchip.com/Microchip.ATmega_DFP.3.6.299.atpack,2026-08-12T17:20:34+00:00,manufacturer_device_database,atdf_variant_record
microchip::atmega8-16au,microchip::atmega8,Microchip,AVR,AVR 8-bit,Classic ATmega,ATmega8,ATmega8-16AU,-16AU,,,,TQFP32,-40..85 °C,,unknown,microchip-avr-atdf:ATmega_DFP@3.6.299,https://packs.download.microchip.com/Microchip.ATmega_DFP.3.6.299.atpack,2026-08-12T17:20:34+00:00,manufacturer_device_database,atdf_variant_record
microchip::atmega8-16mn,microchip::atmega8,Microchip,AVR,AVR 8-bit,Classic ATmega,ATmega8,ATmega8-16MN,-16MN,,,,QFN32,-40..105 °C,,unknown,microchip-avr-atdf:ATmega_DFP@3.6.299,https://packs.download.microchip.com/Microchip.ATmega_DFP.3.6.299.atpack,2026-08-12T17:20:34+00:00,manufacturer_device_database,atdf_variant_record
microchip::atmega8-16mu,microchip::atmega8,Microchip,AVR,AVR 8-bit,Classic ATmega,ATmega8,ATmega8-16MU,-16MU,,,,QFN32,-40..85 °C,,unknown,microchip-avr-atdf:ATmega_DFP@3.6.299,https://packs.download.microchip.com/Microchip.ATmega_DFP.3.6.299.atpack,2026-08-12T17:20:34+00:00,manufacturer_device_database,atdf_variant_record
microchip::atmega8-16pn,microchip::atmega8,Microchip,AVR,AVR 8-bit,Classic ATmega,ATmega8,ATmega8-16PN,-16PN,,,,PDIP28,-40..105 °C,,unknown,microchip-avr-atdf:ATmega_DFP@3.6.299,https://packs.download.microchip.com/Microchip.ATmega_DFP.3.6.299.atpack,2026-08-12T17:20:34+00:00,manufacturer_device_database,atdf_variant_record
microchip::atmega8-16pu,microchip::atmega8,Microchip,AVR,AVR 8-bit,Classic ATmega,ATmega8,ATmega8-16PU,-16PU,,,,PDIP28,-40..85 °C,,unknown,microchip-avr-atdf:ATmega_DFP@3.6.299,https://packs.download.microchip.com/Microchip.ATmega_DFP.3.6.299.atpack,2026-08-12T17:20:34+00:00,manufacturer_device_database,atdf_variant_record
microchip::atmega808-afr,microchip::atmega808,Microchip,AVR,AVR 8-bit,megaAVR 0-series,ATmega808,ATmega808-AFR,-AFR,,,,TQFP32,-40..105 °C,,unknown,microchip-avr-atdf:ATmega_DFP@3.6.299,https://packs.download.microchip.com/Microchip.ATmega_DFP.3.6.299.atpack,2026-08-12T17:20:34+00:00,manufacturer_device_database,atdf_variant_record
microchip::atmega808-mfr,microchip::atmega808,Microchip,AVR,AVR 8-bit,megaAVR 0-series,ATmega808,ATmega808-MFR,-MFR,,,,VQFN32,-40..105 °C,,unknown,microchip-avr-atdf:ATmega_DFP@3.6.299,https://packs.download.microchip.com/Microchip.ATmega_DFP.3.6.299.atpack,2026-08-12T17:20:34+00:00,manufacturer_device_database,atdf_variant_record
microchip::atmega808-xfr,microchip::atmega808,Microchip,AVR,AVR 8-bit,megaAVR 0-series,ATmega808,ATmega808-XFR,-XFR,,,,SSOP28,-40..105 °C,,unknown,microchip-avr-atdf:ATmega_DFP@3.6.299,https://packs.download.microchip.com/Microchip.ATmega_DFP.3.6.299.atpack,2026-08-12T17:20:34+00:00,manufacturer_device_database,atdf_variant_record
microchip::atmega809-afr,microchip::atmega809,Microchip,AVR,AVR 8-bit,megaAVR 0-series,ATmega809,ATmega809-AFR,-AFR,,,,TQFP48,-40..105 °C,,unknown,microchip-avr-atdf:ATmega_DFP@3.6.299,https://packs.download.microchip.com/Microchip.ATmega_DFP.3.6.299.atpack,2026-08-12T17:20:34+00:00,manufacturer_device_database,atdf_variant_record
microchip::atmega809-mfr,microchip::atmega809,Microchip,AVR,AVR 8-bit,megaAVR 0-series,ATmega809,ATmega809-MFR,-MFR,,,,UQFN48,-40..105 °C,,unknown,microchip-avr-atdf:ATmega_DFP@3.6.299,https://packs.download.microchip.com/Microchip.ATmega_DFP.3.6.299.atpack,2026-08-12T17:20:34+00:00,manufacturer_device_database,atdf_variant_record
microchip::atmega8515-16ac,microchip::atmega8515,Microchip,AVR,AVR 8-bit,Classic ATmega,ATmega8515,ATmega8515-16AC,-16AC,,,,TQFP44,0..70 °C,,unknown,microchip-avr-atdf:ATmega_DFP@3.6.299,https://packs.download.microchip.com/Microchip.ATmega_DFP.3.6.299.atpack,2026-08-12T17:20:34+00:00,manufacturer_device_database,atdf_variant_record
microchip::atmega8515-16ai,microchip::atmega8515,Microchip,AVR,AVR 8-bit,Classic ATmega,ATmega8515,ATmega8515-16AI,-16AI,,,,TQFP44,-40..85 °C,,unknown,microchip-avr-atdf:ATmega_DFP@3.6.299,https://packs.download.microchip.com/Microchip.ATmega_DFP.3.6.299.atpack,2026-08-12T17:20:34+00:00,manufacturer_device_database,atdf_variant_record
microchip::atmega8515-16au,microchip::atmega8515,Microchip,AVR,AVR 8-bit,Classic ATmega,ATmega8515,ATmega8515-16AU,-16AU,,,,TQFP44,-40..85 °C,,unknown,microchip-avr-atdf:ATmega_DFP@3.6.299,https://packs.download.microchip.com/Microchip.ATmega_DFP.3.6.299.atpack,2026-08-12T17:20:34+00:00,manufacturer_device_database,atdf_variant_record
microchip::atmega8515-16jc,microchip::atmega8515,Microchip,AVR,AVR 8-bit,Classic ATmega,ATmega8515,ATmega8515-16JC,-16JC,,,,PLCC44,0..70 °C,,unknown,microchip-avr-atdf:ATmega_DFP@3.6.299,https://packs.download.microchip.com/Microchip.ATmega_DFP.3.6.299.atpack,2026-08-12T17:20:34+00:00,manufacturer_device_database,atdf_variant_record
microchip::atmega8515-16ji,microchip::atmega8515,Microchip,AVR,AVR 8-bit,Classic ATmega,ATmega8515,ATmega8515-16JI,-16JI,,,,PLCC44,-40..85 °C,,unknown,microchip-avr-atdf:ATmega_DFP@3.6.299,https://packs.download.microchip.com/Microchip.ATmega_DFP.3.6.299.atpack,2026-08-12T17:20:34+00:00,manufacturer_device_database,atdf_variant_record
microchip::atmega8515-16ju,microchip::atmega8515,Microchip,AVR,AVR 8-bit,Classic ATmega,ATmega8515,ATmega8515-16JU,-16JU,,,,PLCC44,-40..85 °C,,unknown,microchip-avr-atdf:ATmega_DFP@3.6.299,https://packs.download.microchip.com/Microchip.ATmega_DFP.3.6.299.atpack,2026-08-12T17:20:34+00:00,manufacturer_device_database,atdf_variant_record
microchip::atmega8515-16mc,microchip::atmega8515,Microchip,AVR,AVR 8-bit,Classic ATmega,ATmega8515,ATmega8515-16MC,-16MC,,,,QFN44,0..70 °C,,unknown,microchip-avr-atdf:ATmega_DFP@3.6.299,https://packs.download.microchip.com/Microchip.ATmega_DFP.3.6.299.atpack,2026-08-12T17:20:34+00:00,manufacturer_device_database,atdf_variant_record
microchip::atmega8515-16mi,microchip::atmega8515,Microchip,AVR,AVR 8-bit,Classic ATmega,ATmega8515,ATmega8515-16MI,-16MI,,,,QFN44,-40..85 °C,,unknown,microchip-avr-atdf:ATmega_DFP@3.6.299,https://packs.download.microchip.com/Microchip.ATmega_DFP.3.6.299.atpack,2026-08-12T17:20:34+00:00,manufacturer_device_database,atdf_variant_record
microchip::atmega8515-16mu,microchip::atmega8515,Microchip,AVR,AVR 8-bit,Classic ATmega,ATmega8515,ATmega8515-16MU,-16MU,,,,QFN44,-40..85 °C,,unknown,microchip-avr-atdf:ATmega_DFP@3.6.299,https://packs.download.microchip.com/Microchip.ATmega_DFP.3.6.299.atpack,2026-08-12T17:20:34+00:00,manufacturer_device_database,atdf_variant_record
microchip::atmega8515-16pc,microchip::atmega8515,Microchip,AVR,AVR 8-bit,Classic ATmega,ATmega8515,ATmega8515-16PC,-16PC,,,,PDIP40,0..70 °C,,unknown,microchip-avr-atdf:ATmega_DFP@3.6.299,https://packs.download.microchip.com/Microchip.ATmega_DFP.3.6.299.atpack,2026-08-12T17:20:34+00:00,manufacturer_device_database,atdf_variant_record
microchip::atmega8515-16pi,microchip::atmega8515,Microchip,AVR,AVR 8-bit,Classic ATmega,ATmega8515,ATmega8515-16PI,-16PI,,,,PDIP40,-40..85 °C,,unknown,microchip-avr-atdf:ATmega_DFP@3.6.299,https://packs.download.microchip.com/Microchip.ATmega_DFP.3.6.299.atpack,2026-08-12T17:20:34+00:00,manufacturer_device_database,atdf_variant_record
microchip::atmega8515-16pu,microchip::atmega8515,Microchip,AVR,AVR 8-bit,Classic ATmega,ATmega8515,ATmega8515-16PU,-16PU,,,,PDIP40,-40..85 °C,,unknown,microchip-avr-atdf:ATmega_DFP@3.6.299,https://packs.download.microchip.com/Microchip.ATmega_DFP.3.6.299.atpack,2026-08-12T17:20:34+00:00,manufacturer_device_database,atdf_variant_record
microchip::atmega8515l-8ac,microchip::atmega8515,Microchip,AVR,AVR 8-bit,Classic ATmega,ATmega8515,ATmega8515L-8AC,L-8AC,,,,TQFP44,0..70 °C,,unknown,microchip-avr-atdf:ATmega_DFP@3.6.299,https://packs.download.microchip.com/Microchip.ATmega_DFP.3.6.299.atpack,2026-08-12T17:20:34+00:00,manufacturer_device_database,atdf_variant_record
microchip::atmega8515l-8ai,microchip::atmega8515,Microchip,AVR,AVR 8-bit,Classic ATmega,ATmega8515,ATmega8515L-8AI,L-8AI,,,,TQFP44,-40..85 °C,,unknown,microchip-avr-atdf:ATmega_DFP@3.6.299,https://packs.download.microchip.com/Microchip.ATmega_DFP.3.6.299.atpack,2026-08-12T17:20:34+00:00,manufacturer_device_database,atdf_variant_record
microchip::atmega8515l-8au,microchip::atmega8515,Microchip,AVR,AVR 8-bit,Classic ATmega,ATmega8515,ATmega8515L-8AU,L-8AU,,,,TQFP44,-40..85 °C,,unknown,microchip-avr-atdf:ATmega_DFP@3.6.299,https://packs.download.microchip.com/Microchip.ATmega_DFP.3.6.299.atpack,2026-08-12T17:20:34+00:00,manufacturer_device_database,atdf_variant_record
microchip::atmega8515l-8jc,microchip::atmega8515,Microchip,AVR,AVR 8-bit,Classic ATmega,ATmega8515,ATmega8515L-8JC,L-8JC,,,,PLCC44,0..70 °C,,unknown,microchip-avr-atdf:ATmega_DFP@3.6.299,https://packs.download.microchip.com/Microchip.ATmega_DFP.3.6.299.atpack,2026-08-12T17:20:34+00:00,manufacturer_device_database,atdf_variant_record
microchip::atmega8515l-8ji,microchip::atmega8515,Microchip,AVR,AVR 8-bit,Classic ATmega,ATmega8515,ATmega8515L-8JI,L-8JI,,,,PLCC44,-40..85 °C,,unknown,microchip-avr-atdf:ATmega_DFP@3.6.299,https://packs.download.microchip.com/Microchip.ATmega_DFP.3.6.299.atpack,2026-08-12T17:20:34+00:00,manufacturer_device_database,atdf_variant_record
microchip::atmega8515l-8ju,microchip::atmega8515,Microchip,AVR,AVR 8-bit,Classic ATmega,ATmega8515,ATmega8515L-8JU,L-8JU,,,,PLCC44,-40..85 °C,,unknown,microchip-avr-atdf:ATmega_DFP@3.6.299,https://packs.download.microchip.com/Microchip.ATmega_DFP.3.6.299.atpack,2026-08-12T17:20:34+00:00,manufacturer_device_database,atdf_variant_record
microchip::atmega8515l-8mc,microchip::atmega8515,Microchip,AVR,AVR 8-bit,Classic ATmega,ATmega8515,ATmega8515L-8MC,L-8MC,,,,QFN44,0..70 °C,,unknown,microchip-avr-atdf:ATmega_DFP@3.6.299,https://packs.download.microchip.com/Microchip.ATmega_DFP.3.6.299.atpack,2026-08-12T17:20:34+00:00,manufacturer_device_database,atdf_variant_record
microchip::atmega8515l-8mi,microchip::atmega8515,Microchip,AVR,AVR 8-bit,Classic ATmega,ATmega8515,ATmega8515L-8MI,L-8MI,,,,QFN44,-40..85 °C,,unknown,microchip-avr-atdf:ATmega_DFP@3.6.299,https://packs.download.microchip.com/Microchip.ATmega_DFP.3.6.299.atpack,2026-08-12T17:20:34+00:00,manufacturer_device_database,atdf_variant_record
microchip::atmega8515l-8mu,microchip::atmega8515,Microchip,AVR,AVR 8-bit,Classic ATmega,ATmega8515,ATmega8515L-8MU,L-8MU,,,,QFN44,-40..85 °C,,unknown,microchip-avr-atdf:ATmega_DFP@3.6.299,https://packs.download.microchip.com/Microchip.ATmega_DFP.3.6.299.atpack,2026-08-12T17:20:34+00:00,manufacturer_device_database,atdf_variant_record
microchip::atmega8515l-8pc,microchip::atmega8515,Microchip,AVR,AVR 8-bit,Classic ATmega,ATmega8515,ATmega8515L-8PC,L-8PC,,,,PDIP40,0..70 °C,,unknown,microchip-avr-atdf:ATmega_DFP@3.6.299,https://packs.download.microchip.com/Microchip.ATmega_DFP.3.6.299.atpack,2026-08-12T17:20:34+00:00,manufacturer_device_database,atdf_variant_record
microchip::atmega8515l-8pi,microchip::atmega8515,Microchip,AVR,AVR 8-bit,Classic ATmega,ATmega8515,ATmega8515L-8PI,L-8PI,,,,PDIP40,-40..85 °C,,unknown,microchip-avr-atdf:ATmega_DFP@3.6.299,https://packs.download.microchip.com/Microchip.ATmega_DFP.3.6.299.atpack,2026-08-12T17:20:34+00:00,manufacturer_device_database,atdf_variant_record
microchip::atmega8515l-8pu,microchip::atmega8515,Microchip,AVR,AVR 8-bit,Classic ATmega,ATmega8515,ATmega8515L-8PU,L-8PU,,,,PDIP40,-40..85 °C,,unknown,microchip-avr-atdf:ATmega_DFP@3.6.299,https://packs.download.microchip.com/Microchip.ATmega_DFP.3.6.299.atpack,2026-08-12T17:20:34+00:00,manufacturer_device_database,atdf_variant_record
microchip::atmega8535-16ac,microchip::atmega8535,Microchip,AVR,AVR 8-bit,Classic ATmega,ATmega8535,ATmega8535-16AC,-16AC,,,,TQFP44,0..70 °C,,unknown,microchip-avr-atdf:ATmega_DFP@3.6.299,https://packs.download.microchip.com/Microchip.ATmega_DFP.3.6.299.atpack,2026-08-12T17:20:34+00:00,manufacturer_device_database,atdf_variant_record
microchip::atmega8535-16ai,microchip::atmega8535,Microchip,AVR,AVR 8-bit,Classic ATmega,ATmega8535,ATmega8535-16AI,-16AI,,,,TQFP44,-40..85 °C,,unknown,microchip-avr-atdf:ATmega_DFP@3.6.299,https://packs.download.microchip.com/Microchip.ATmega_DFP.3.6.299.atpack,2026-08-12T17:20:34+00:00,manufacturer_device_database,atdf_variant_record
microchip::atmega8535-16au,microchip::atmega8535,Microchip,AVR,AVR 8-bit,Classic ATmega,ATmega8535,ATmega8535-16AU,-16AU,,,,TQFP44,-40..85 °C,,unknown,microchip-avr-atdf:ATmega_DFP@3.6.299,https://packs.download.microchip.com/Microchip.ATmega_DFP.3.6.299.atpack,2026-08-12T17:20:34+00:00,manufacturer_device_database,atdf_variant_record
microchip::atmega8535-16jc,microchip::atmega8535,Microchip,AVR,AVR 8-bit,Classic ATmega,ATmega8535,ATmega8535-16JC,-16JC,,,,PLCC44,0..70 °C,,unknown,microchip-avr-atdf:ATmega_DFP@3.6.299,https://packs.download.microchip.com/Microchip.ATmega_DFP.3.6.299.atpack,2026-08-12T17:20:34+00:00,manufacturer_device_database,atdf_variant_record
microchip::atmega8535-16ji,microchip::atmega8535,Microchip,AVR,AVR 8-bit,Classic ATmega,ATmega8535,ATmega8535-16JI,-16JI,,,,PLCC44,-40..85 °C,,unknown,microchip-avr-atdf:ATmega_DFP@3.6.299,https://packs.download.microchip.com/Microchip.ATmega_DFP.3.6.299.atpack,2026-08-12T17:20:34+00:00,manufacturer_device_database,atdf_variant_record
microchip::atmega8535-16ju,microchip::atmega8535,Microchip,AVR,AVR 8-bit,Classic ATmega,ATmega8535,ATmega8535-16JU,-16JU,,,,PLCC44,-40..85 °C,,unknown,microchip-avr-atdf:ATmega_DFP@3.6.299,https://packs.download.microchip.com/Microchip.ATmega_DFP.3.6.299.atpack,2026-08-12T17:20:34+00:00,manufacturer_device_database,atdf_variant_record
microchip::atmega8535-16mc,microchip::atmega8535,Microchip,AVR,AVR 8-bit,Classic ATmega,ATmega8535,ATmega8535-16MC,-16MC,,,,QFN44,0..70 °C,,unknown,microchip-avr-atdf:ATmega_DFP@3.6.299,https://packs.download.microchip.com/Microchip.ATmega_DFP.3.6.299.atpack,2026-08-12T17:20:34+00:00,manufacturer_device_database,atdf_variant_record
microchip::atmega8535-16mi,microchip::atmega8535,Microchip,AVR,AVR 8-bit,Classic ATmega,ATmega8535,ATmega8535-16MI,-16MI,,,,QFN44,-40..85 °C,,unknown,microchip-avr-atdf:ATmega_DFP@3.6.299,https://packs.download.microchip.com/Microchip.ATmega_DFP.3.6.299.atpack,2026-08-12T17:20:34+00:00,manufacturer_device_database,atdf_variant_record
microchip::atmega8535-16mu,microchip::atmega8535,Microchip,AVR,AVR 8-bit,Classic ATmega,ATmega8535,ATmega8535-16MU,-16MU,,,,QFN44,-40..85 °C,,unknown,microchip-avr-atdf:ATmega_DFP@3.6.299,https://packs.download.microchip.com/Microchip.ATmega_DFP.3.6.299.atpack,2026-08-12T17:20:34+00:00,manufacturer_device_database,atdf_variant_record
microchip::atmega8535-16pc,microchip::atmega8535,Microchip,AVR,AVR 8-bit,Classic ATmega,ATmega8535,ATmega8535-16PC,-16PC,,,,PDIP40,0..70 °C,,unknown,microchip-avr-atdf:ATmega_DFP@3.6.299,https://packs.download.microchip.com/Microchip.ATmega_DFP.3.6.299.atpack,2026-08-12T17:20:34+00:00,manufacturer_device_database,atdf_variant_record
microchip::atmega8535-16pi,microchip::atmega8535,Microchip,AVR,AVR 8-bit,Classic ATmega,ATmega8535,ATmega8535-16PI,-16PI,,,,PDIP40,-40..85 °C,,unknown,microchip-avr-atdf:ATmega_DFP@3.6.299,https://packs.download.microchip.com/Microchip.ATmega_DFP.3.6.299.atpack,2026-08-12T17:20:34+00:00,manufacturer_device_database,atdf_variant_record
microchip::atmega8535-16pu,microchip::atmega8535,Microchip,AVR,AVR 8-bit,Classic ATmega,ATmega8535,ATmega8535-16PU,-16PU,,,,PDIP40,-40..85 °C,,unknown,microchip-avr-atdf:ATmega_DFP@3.6.299,https://packs.download.microchip.com/Microchip.ATmega_DFP.3.6.299.atpack,2026-08-12T17:20:34+00:00,manufacturer_device_database,atdf_variant_record
microchip::atmega8535l-8ac,microchip::atmega8535,Microchip,AVR,AVR 8-bit,Classic ATmega,ATmega8535,ATmega8535L-8AC,L-8AC,,,,TQFP44,0..70 °C,,unknown,microchip-avr-atdf:ATmega_DFP@3.6.299,https://packs.download.microchip.com/Microchip.ATmega_DFP.3.6.299.atpack,2026-08-12T17:20:34+00:00,manufacturer_device_database,atdf_variant_record
microchip::atmega8535l-8ai,microchip::atmega8535,Microchip,AVR,AVR 8-bit,Classic ATmega,ATmega8535,ATmega8535L-8AI,L-8AI,,,,TQFP44,-40..85 °C,,unknown,microchip-avr-atdf:ATmega_DFP@3.6.299,https://packs.download.microchip.com/Microchip.ATmega_DFP.3.6.299.atpack,2026-08-12T17:20:34+00:00,manufacturer_device_database,atdf_variant_record
microchip::atmega8535l-8au,microchip::atmega8535,Microchip,AVR,AVR 8-bit,Classic ATmega,ATmega8535,ATmega8535L-8AU,L-8AU,,,,TQFP44,-40..85 °C,,unknown,microchip-avr-atdf:ATmega_DFP@3.6.299,https://packs.download.microchip.com/Microchip.ATmega_DFP.3.6.299.atpack,2026-08-12T17:20:34+00:00,manufacturer_device_database,atdf_variant_record
microchip::atmega8535l-8jc,microchip::atmega8535,Microchip,AVR,AVR 8-bit,Classic ATmega,ATmega8535,ATmega8535L-8JC,L-8JC,,,,PLCC44,0..70 °C,,unknown,microchip-avr-atdf:ATmega_DFP@3.6.299,https://packs.download.microchip.com/Microchip.ATmega_DFP.3.6.299.atpack,2026-08-12T17:20:34+00:00,manufacturer_device_database,atdf_variant_record
microchip::atmega8535l-8ji,microchip::atmega8535,Microchip,AVR,AVR 8-bit,Classic ATmega,ATmega8535,ATmega8535L-8JI,L-8JI,,,,PLCC44,-40..85 °C,,unknown,microchip-avr-atdf:ATmega_DFP@3.6.299,https://packs.download.microchip.com/Microchip.ATmega_DFP.3.6.299.atpack,2026-08-12T17:20:34+00:00,manufacturer_device_database,atdf_variant_record
microchip::atmega8535l-8ju,microchip::atmega8535,Microchip,AVR,AVR 8-bit,Classic ATmega,ATmega8535,ATmega8535L-8JU,L-8JU,,,,PLCC44,-40..85 °C,,unknown,microchip-avr-atdf:ATmega_DFP@3.6.299,https://packs.download.microchip.com/Microchip.ATmega_DFP.3.6.299.atpack,2026-08-12T17:20:34+00:00,manufacturer_device_database,atdf_variant_record
microchip::atmega8535l-8mc,microchip::atmega8535,Microchip,AVR,AVR 8-bit,Classic ATmega,ATmega8535,ATmega8535L-8MC,L-8MC,,,,QFN44,0..70 °C,,unknown,microchip-avr-atdf:ATmega_DFP@3.6.299,https://packs.download.microchip.com/Microchip.ATmega_DFP.3.6.299.atpack,2026-08-12T17:20:34+00:00,manufacturer_device_database,atdf_variant_record
microchip::atmega8535l-8mi,microchip::atmega8535,Microchip,AVR,AVR 8-bit,Classic ATmega,ATmega8535,ATmega8535L-8MI,L-8MI,,,,QFN44,-40..85 °C,,unknown,microchip-avr-atdf:ATmega_DFP@3.6.299,https://packs.download.microchip.com/Microchip.ATmega_DFP.3.6.299.atpack,2026-08-12T17:20:34+00:00,manufacturer_device_database,atdf_variant_record
microchip::atmega8535l-8mu,microchip::atmega8535,Microchip,AVR,AVR 8-bit,Classic ATmega,ATmega8535,ATmega8535L-8MU,L-8MU,,,,QFN44,-40..85 °C,,unknown,microchip-avr-atdf:ATmega_DFP@3.6.299,https://packs.download.microchip.com/Microchip.ATmega_DFP.3.6.299.atpack,2026-08-12T17:20:34+00:00,manufacturer_device_database,atdf_variant_record
microchip::atmega8535l-8pc,microchip::atmega8535,Microchip,AVR,AVR 8-bit,Classic ATmega,ATmega8535,ATmega8535L-8PC,L-8PC,,,,PDIP40,0..70 °C,,unknown,microchip-avr-atdf:ATmega_DFP@3.6.299,https://packs.download.microchip.com/Microchip.ATmega_DFP.3.6.299.atpack,2026-08-12T17:20:34+00:00,manufacturer_device_database,atdf_variant_record
microchip::atmega8535l-8pi,microchip::atmega8535,Microchip,AVR,AVR 8-bit,Classic ATmega,ATmega8535,ATmega8535L-8PI,L-8PI,,,,PDIP40,-40..85 °C,,unknown,microchip-avr-atdf:ATmega_DFP@3.6.299,https://packs.download.microchip.com/Microchip.ATmega_DFP.3.6.299.atpack,2026-08-12T17:20:34+00:00,manufacturer_device_database,atdf_variant_record
microchip::atmega8535l-8pu,microchip::atmega8535,Microchip,AVR,AVR 8-bit,Classic ATmega,ATmega8535,ATmega8535L-8PU,L-8PU,,,,PDIP40,-40..85 °C,,unknown,microchip-avr-atdf:ATmega_DFP@3.6.299,https://packs.download.microchip.com/Microchip.ATmega_DFP.3.6.299.atpack,2026-08-12T17:20:34+00:00,manufacturer_device_database,atdf_variant_record
microchip::atmega88-20au,microchip::atmega88,Microchip,AVR,AVR 8-bit,Classic ATmega,ATmega88,ATmega88-20AU,-20AU,,,,TQFP32,-40..85 °C,,unknown,microchip-avr-atdf:ATmega_DFP@3.6.299,https://packs.download.microchip.com/Microchip.ATmega_DFP.3.6.299.atpack,2026-08-12T17:20:34+00:00,manufacturer_device_database,atdf_variant_record
microchip::atmega88-20mu,microchip::atmega88,Microchip,AVR,AVR 8-bit,Classic ATmega,ATmega88,ATmega88-20MU,-20MU,,,,QFN32,-40..85 °C,,unknown,microchip-avr-atdf:ATmega_DFP@3.6.299,https://packs.download.microchip.com/Microchip.ATmega_DFP.3.6.299.atpack,2026-08-12T17:20:34+00:00,manufacturer_device_database,atdf_variant_record
microchip::atmega88-20pu,microchip::atmega88,Microchip,AVR,AVR 8-bit,Classic ATmega,ATmega88,ATmega88-20PU,-20PU,,,,PDIP28,-40..85 °C,,unknown,microchip-avr-atdf:ATmega_DFP@3.6.299,https://packs.download.microchip.com/Microchip.ATmega_DFP.3.6.299.atpack,2026-08-12T17:20:34+00:00,manufacturer_device_database,atdf_variant_record
microchip::atmega88a-au,microchip::atmega88a,Microchip,AVR,AVR 8-bit,Classic ATmega,ATmega88A,ATmega88A-AU,-AU,,,,TQFP32,-40..85 °C,,unknown,microchip-avr-atdf:ATmega_DFP@3.6.299,https://packs.download.microchip.com/Microchip.ATmega_DFP.3.6.299.atpack,2026-08-12T17:20:34+00:00,manufacturer_device_database,atdf_variant_record
microchip::atmega88a-ccu,microchip::atmega88a,Microchip,AVR,AVR 8-bit,Classic ATmega,ATmega88A,ATmega88A-CCU,-CCU,,,,UFBGA32,-40..85 °C,,unknown,microchip-avr-atdf:ATmega_DFP@3.6.299,https://packs.download.microchip.com/Microchip.ATmega_DFP.3.6.299.atpack,2026-08-12T17:20:34+00:00,manufacturer_device_database,atdf_variant_record
microchip::atmega88a-mmh,microchip::atmega88a,Microchip,AVR,AVR 8-bit,Classic ATmega,ATmega88A,ATmega88A-MMH,-MMH,,,,QFN28,-40..85 °C,,unknown,microchip-avr-atdf:ATmega_DFP@3.6.299,https://packs.download.microchip.com/Microchip.ATmega_DFP.3.6.299.atpack,2026-08-12T17:20:34+00:00,manufacturer_device_database,atdf_variant_record
microchip::atmega88a-mu,microchip::atmega88a,Microchip,AVR,AVR 8-bit,Classic ATmega,ATmega88A,ATmega88A-MU,-MU,,,,QFN32,-40..85 °C,,unknown,microchip-avr-atdf:ATmega_DFP@3.6.299,https://packs.download.microchip.com/Microchip.ATmega_DFP.3.6.299.atpack,2026-08-12T17:20:34+00:00,manufacturer_device_database,atdf_variant_record
microchip::atmega88a-pu,microchip::atmega88a,Microchip,AVR,AVR 8-bit,Classic ATmega,ATmega88A,ATmega88A-PU,-PU,,,,PDIP28,-40..85 °C,,unknown,microchip-avr-atdf:ATmega_DFP@3.6.299,https://packs.download.microchip.com/Microchip.ATmega_DFP.3.6.299.atpack,2026-08-12T17:20:34+00:00,manufacturer_device_database,atdf_variant_record
microchip::atmega88p-20au,microchip::atmega88p,Microchip,AVR,AVR 8-bit,Classic ATmega,ATmega88P,ATmega88P-20AU,-20AU,,,,TQFP32,-40..85 °C,,unknown,microchip-avr-atdf:ATmega_DFP@3.6.299,https://packs.download.microchip.com/Microchip.ATmega_DFP.3.6.299.atpack,2026-08-12T17:20:34+00:00,manufacturer_device_database,atdf_variant_record
microchip::atmega88p-20mu,microchip::atmega88p,Microchip,AVR,AVR 8-bit,Classic ATmega,ATmega88P,ATmega88P-20MU,-20MU,,,,QFN32,-40..85 °C,,unknown,microchip-avr-atdf:ATmega_DFP@3.6.299,https://packs.download.microchip.com/Microchip.ATmega_DFP.3.6.299.atpack,2026-08-12T17:20:34+00:00,manufacturer_device_database,atdf_variant_record
microchip::atmega88p-20pu,microchip::atmega88p,Microchip,AVR,AVR 8-bit,Classic ATmega,ATmega88P,ATmega88P-20PU,-20PU,,,,PDIP28,-40..85 °C,,unknown,microchip-avr-atdf:ATmega_DFP@3.6.299,https://packs.download.microchip.com/Microchip.ATmega_DFP.3.6.299.atpack,2026-08-12T17:20:34+00:00,manufacturer_device_database,atdf_variant_record
microchip::atmega88pa-an,microchip::atmega88pa,Microchip,AVR,AVR 8-bit,Classic ATmega,ATmega88PA,ATmega88PA-AN,-AN,,,,TQFP32,-40..105 °C,,unknown,microchip-avr-atdf:ATmega_DFP@3.6.299,https://packs.download.microchip.com/Microchip.ATmega_DFP.3.6.299.atpack,2026-08-12T17:20:34+00:00,manufacturer_device_database,atdf_variant_record
microchip::atmega88pa-au,microchip::atmega88pa,Microchip,AVR,AVR 8-bit,Classic ATmega,ATmega88PA,ATmega88PA-AU,-AU,,,,TQFP32,-40..85 °C,,unknown,microchip-avr-atdf:ATmega_DFP@3.6.299,https://packs.download.microchip.com/Microchip.ATmega_DFP.3.6.299.atpack,2026-08-12T17:20:34+00:00,manufacturer_device_database,atdf_variant_record
microchip::atmega88pa-ccu,microchip::atmega88pa,Microchip,AVR,AVR 8-bit,Classic ATmega,ATmega88PA,ATmega88PA-CCU,-CCU,,,,UFBGA32,-40..85 °C,,unknown,microchip-avr-atdf:ATmega_DFP@3.6.299,https://packs.download.microchip.com/Microchip.ATmega_DFP.3.6.299.atpack,2026-08-12T17:20:34+00:00,manufacturer_device_database,atdf_variant_record
microchip::atmega88pa-mmh,microchip::atmega88pa,Microchip,AVR,AVR 8-bit,Classic ATmega,ATmega88PA,ATmega88PA-MMH,-MMH,,,,QFN28,-40..85 °C,,unknown,microchip-avr-atdf:ATmega_DFP@3.6.299,https://packs.download.microchip.com/Microchip.ATmega_DFP.3.6.299.atpack,2026-08-12T17:20:34+00:00,manufacturer_device_database,atdf_variant_record
microchip::atmega88pa-mmn,microchip::atmega88pa,Microchip,AVR,AVR 8-bit,Classic ATmega,ATmega88PA,ATmega88PA-MMN,-MMN,,,,QFN28,-40..105 °C,,unknown,microchip-avr-atdf:ATmega_DFP@3.6.299,https://packs.download.microchip.com/Microchip.ATmega_DFP.3.6.299.atpack,2026-08-12T17:20:34+00:00,manufacturer_device_database,atdf_variant_record
microchip::atmega88pa-mn,microchip::atmega88pa,Microchip,AVR,AVR 8-bit,Classic ATmega,ATmega88PA,ATmega88PA-MN,-MN,,,,QFN32,-40..105 °C,,unknown,microchip-avr-atdf:ATmega_DFP@3.6.299,https://packs.download.microchip.com/Microchip.ATmega_DFP.3.6.299.atpack,2026-08-12T17:20:34+00:00,manufacturer_device_database,atdf_variant_record
microchip::atmega88pa-mu,microchip::atmega88pa,Microchip,AVR,AVR 8-bit,Classic ATmega,ATmega88PA,ATmega88PA-MU,-MU,,,,QFN32,-40..85 °C,,unknown,microchip-avr-atdf:ATmega_DFP@3.6.299,https://packs.download.microchip.com/Microchip.ATmega_DFP.3.6.299.atpack,2026-08-12T17:20:34+00:00,manufacturer_device_database,atdf_variant_record
microchip::atmega88pa-pn,microchip::atmega88pa,Microchip,AVR,AVR 8-bit,Classic ATmega,ATmega88PA,ATmega88PA-PN,-PN,,,,PDIP28,-40..105 °C,,unknown,microchip-avr-atdf:ATmega_DFP@3.6.299,https://packs.download.microchip.com/Microchip.ATmega_DFP.3.6.299.atpack,2026-08-12T17:20:34+00:00,manufacturer_device_database,atdf_variant_record
microchip::atmega88pa-pu,microchip::atmega88pa,Microchip,AVR,AVR 8-bit,Classic ATmega,ATmega88PA,ATmega88PA-PU,-PU,,,,PDIP28,-40..85 °C,,unknown,microchip-avr-atdf:ATmega_DFP@3.6.299,https://packs.download.microchip.com/Microchip.ATmega_DFP.3.6.299.atpack,2026-08-12T17:20:34+00:00,manufacturer_device_database,atdf_variant_record
microchip::atmega88pb-an,microchip::atmega88pb,Microchip,AVR,AVR 8-bit,Classic ATmega,ATmega88PB,ATmega88PB-AN,-AN,,,,TQFP32,-40..105 °C,,unknown,microchip-avr-atdf:ATmega_DFP@3.6.299,https://packs.download.microchip.com/Microchip.ATmega_DFP.3.6.299.atpack,2026-08-12T17:20:34+00:00,manufacturer_device_database,atdf_variant_record
microchip::atmega88pb-au,microchip::atmega88pb,Microchip,AVR,AVR 8-bit,Classic ATmega,ATmega88PB,ATmega88PB-AU,-AU,,,,TQFP32,-40..85 °C,,unknown,microchip-avr-atdf:ATmega_DFP@3.6.299,https://packs.download.microchip.com/Microchip.ATmega_DFP.3.6.299.atpack,2026-08-12T17:20:34+00:00,manufacturer_device_database,atdf_variant_record
microchip::atmega88pb-mn,microchip::atmega88pb,Microchip,AVR,AVR 8-bit,Classic ATmega,ATmega88PB,ATmega88PB-MN,-MN,,,,VQFN32,-40..105 °C,,unknown,microchip-avr-atdf:ATmega_DFP@3.6.299,https://packs.download.microchip.com/Microchip.ATmega_DFP.3.6.299.atpack,2026-08-12T17:20:34+00:00,manufacturer_device_database,atdf_variant_record
microchip::atmega88pb-mu,microchip::atmega88pb,Microchip,AVR,AVR 8-bit,Classic ATmega,ATmega88PB,ATmega88PB-MU,-MU,,,,VQFN32,-40..85 °C,,unknown,microchip-avr-atdf:ATmega_DFP@3.6.299,https://packs.download.microchip.com/Microchip.ATmega_DFP.3.6.299.atpack,2026-08-12T17:20:34+00:00,manufacturer_device_database,atdf_variant_record
microchip::atmega88pv-10au,microchip::atmega88p,Microchip,AVR,AVR 8-bit,Classic ATmega,ATmega88P,ATmega88PV-10AU,V-10AU,,,,TQFP32,-40..85 °C,,unknown,microchip-avr-atdf:ATmega_DFP@3.6.299,https://packs.download.microchip.com/Microchip.ATmega_DFP.3.6.299.atpack,2026-08-12T17:20:34+00:00,manufacturer_device_database,atdf_variant_record
microchip::atmega88pv-10mu,microchip::atmega88p,Microchip,AVR,AVR 8-bit,Classic ATmega,ATmega88P,ATmega88PV-10MU,V-10MU,,,,QFN32,-40..85 °C,,unknown,microchip-avr-atdf:ATmega_DFP@3.6.299,https://packs.download.microchip.com/Microchip.ATmega_DFP.3.6.299.atpack,2026-08-12T17:20:34+00:00,manufacturer_device_database,atdf_variant_record
microchip::atmega88pv-10pu,microchip::atmega88p,Microchip,AVR,AVR 8-bit,Classic ATmega,ATmega88P,ATmega88PV-10PU,V-10PU,,,,PDIP28,-40..85 °C,,unknown,microchip-avr-atdf:ATmega_DFP@3.6.299,https://packs.download.microchip.com/Microchip.ATmega_DFP.3.6.299.atpack,2026-08-12T17:20:34+00:00,manufacturer_device_database,atdf_variant_record
microchip::atmega88v-10au,microchip::atmega88,Microchip,AVR,AVR 8-bit,Classic ATmega,ATmega88,ATmega88V-10AU,V-10AU,,,,TQFP32,-40..85 °C,,unknown,microchip-avr-atdf:ATmega_DFP@3.6.299,https://packs.download.microchip.com/Microchip.ATmega_DFP.3.6.299.atpack,2026-08-12T17:20:34+00:00,manufacturer_device_database,atdf_variant_record
microchip::atmega88v-10mu,microchip::atmega88,Microchip,AVR,AVR 8-bit,Classic ATmega,ATmega88,ATmega88V-10MU,V-10MU,,,,QFN32,-40..85 °C,,unknown,microchip-avr-atdf:ATmega_DFP@3.6.299,https://packs.download.microchip.com/Microchip.ATmega_DFP.3.6.299.atpack,2026-08-12T17:20:34+00:00,manufacturer_device_database,atdf_variant_record
microchip::atmega88v-10pu,microchip::atmega88,Microchip,AVR,AVR 8-bit,Classic ATmega,ATmega88,ATmega88V-10PU,V-10PU,,,,PDIP28,-40..85 °C,,unknown,microchip-avr-atdf:ATmega_DFP@3.6.299,https://packs.download.microchip.com/Microchip.ATmega_DFP.3.6.299.atpack,2026-08-12T17:20:34+00:00,manufacturer_device_database,atdf_variant_record
microchip::atmega8hva-4cku,microchip::atmega8hva,Microchip,AVR,AVR 8-bit,Classic ATmega,ATmega8HVA,ATmega8HVA-4CKU,-4CKU,,,,LGA36,-20..85 °C,,unknown,microchip-avr-atdf:ATmega_DFP@3.6.299,https://packs.download.microchip.com/Microchip.ATmega_DFP.3.6.299.atpack,2026-08-12T17:20:34+00:00,manufacturer_device_database,atdf_variant_record
microchip::atmega8hva-4tu,microchip::atmega8hva,Microchip,AVR,AVR 8-bit,Classic ATmega,ATmega8HVA,ATmega8HVA-4TU,-4TU,,,,TSOP28,-20..85 °C,,unknown,microchip-avr-atdf:ATmega_DFP@3.6.299,https://packs.download.microchip.com/Microchip.ATmega_DFP.3.6.299.atpack,2026-08-12T17:20:34+00:00,manufacturer_device_database,atdf_variant_record
microchip::atmega8l-8an,microchip::atmega8,Microchip,AVR,AVR 8-bit,Classic ATmega,ATmega8,ATmega8L-8AN,L-8AN,,,,TQFP32,-40..105 °C,,unknown,microchip-avr-atdf:ATmega_DFP@3.6.299,https://packs.download.microchip.com/Microchip.ATmega_DFP.3.6.299.atpack,2026-08-12T17:20:34+00:00,manufacturer_device_database,atdf_variant_record
microchip::atmega8l-8au,microchip::atmega8,Microchip,AVR,AVR 8-bit,Classic ATmega,ATmega8,ATmega8L-8AU,L-8AU,,,,TQFP32,-40..85 °C,,unknown,microchip-avr-atdf:ATmega_DFP@3.6.299,https://packs.download.microchip.com/Microchip.ATmega_DFP.3.6.299.atpack,2026-08-12T17:20:34+00:00,manufacturer_device_database,atdf_variant_record
microchip::atmega8l-8mn,microchip::atmega8,Microchip,AVR,AVR 8-bit,Classic ATmega,ATmega8,ATmega8L-8MN,L-8MN,,,,QFN32,-40..105 °C,,unknown,microchip-avr-atdf:ATmega_DFP@3.6.299,https://packs.download.microchip.com/Microchip.ATmega_DFP.3.6.299.atpack,2026-08-12T17:20:34+00:00,manufacturer_device_database,atdf_variant_record
microchip::atmega8l-8mu,microchip::atmega8,Microchip,AVR,AVR 8-bit,Classic ATmega,ATmega8,ATmega8L-8MU,L-8MU,,,,QFN32,-40..85 °C,,unknown,microchip-avr-atdf:ATmega_DFP@3.6.299,https://packs.download.microchip.com/Microchip.ATmega_DFP.3.6.299.atpack,2026-08-12T17:20:34+00:00,manufacturer_device_database,atdf_variant_record
microchip::atmega8l-8pn,microchip::atmega8,Microchip,AVR,AVR 8-bit,Classic ATmega,ATmega8,ATmega8L-8PN,L-8PN,,,,PDIP28,-40..105 °C,,unknown,microchip-avr-atdf:ATmega_DFP@3.6.299,https://packs.download.microchip.com/Microchip.ATmega_DFP.3.6.299.atpack,2026-08-12T17:20:34+00:00,manufacturer_device_database,atdf_variant_record
microchip::atmega8l-8pu,microchip::atmega8,Microchip,AVR,AVR 8-bit,Classic ATmega,ATmega8,ATmega8L-8PU,L-8PU,,,,PDIP28,-40..85 °C,,unknown,microchip-avr-atdf:ATmega_DFP@3.6.299,https://packs.download.microchip.com/Microchip.ATmega_DFP.3.6.299.atpack,2026-08-12T17:20:34+00:00,manufacturer_device_database,atdf_variant_record
microchip::atmega8u2-au,microchip::atmega8u2,Microchip,AVR,AVR 8-bit,Classic ATmega,ATmega8U2,ATmega8U2-AU,-AU,,,,TQFP32,-40..85 °C,,unknown,microchip-avr-atdf:ATmega_DFP@3.6.299,https://packs.download.microchip.com/Microchip.ATmega_DFP.3.6.299.atpack,2026-08-12T17:20:34+00:00,manufacturer_device_database,atdf_variant_record
microchip::atmega8u2-mu,microchip::atmega8u2,Microchip,AVR,AVR 8-bit,Classic ATmega,ATmega8U2,ATmega8U2-MU,-MU,,,,QFN32,-40..85 °C,,unknown,microchip-avr-atdf:ATmega_DFP@3.6.299,https://packs.download.microchip.com/Microchip.ATmega_DFP.3.6.299.atpack,2026-08-12T17:20:34+00:00,manufacturer_device_database,atdf_variant_record
microchip::atmegas128-md-hp,microchip::atmegas128,Microchip,AVR,AVR 8-bit,Classic ATmega,ATmegaS128,ATmegaS128-MD-HP,-MD-HP,,,,TQFP64,-55..125 °C,,unknown,microchip-avr-atdf:ATmega_DFP@3.6.299,https://packs.download.microchip.com/Microchip.ATmega_DFP.3.6.299.atpack,2026-08-12T17:20:34+00:00,manufacturer_device_database,atdf_variant_record
microchip::atmegas128-zc-e,microchip::atmegas128,Microchip,AVR,AVR 8-bit,Classic ATmega,ATmegaS128,ATmegaS128-ZC-E,-ZC-E,,,,CQFP64,-55..125 °C,,unknown,microchip-avr-atdf:ATmega_DFP@3.6.299,https://packs.download.microchip.com/Microchip.ATmega_DFP.3.6.299.atpack,2026-08-12T17:20:34+00:00,manufacturer_device_database,atdf_variant_record
microchip::atmegas128-zc-mq,microchip::atmegas128,Microchip,AVR,AVR 8-bit,Classic ATmega,ATmegaS128,ATmegaS128-ZC-MQ,-ZC-MQ,,,,CQFP64,-55..125 °C,,unknown,microchip-avr-atdf:ATmega_DFP@3.6.299,https://packs.download.microchip.com/Microchip.ATmega_DFP.3.6.299.atpack,2026-08-12T17:20:34+00:00,manufacturer_device_database,atdf_variant_record
microchip::atmegas128-zc-sv,microchip::atmegas128,Microchip,AVR,AVR 8-bit,Classic ATmega,ATmegaS128,ATmegaS128-ZC-SV,-ZC-SV,,,,CQFP64,-55..125 °C,,unknown,microchip-avr-atdf:ATmega_DFP@3.6.299,https://packs.download.microchip.com/Microchip.ATmega_DFP.3.6.299.atpack,2026-08-12T17:20:34+00:00,manufacturer_device_database,atdf_variant_record
microchip::atmegas64m1-kh-e,microchip::atmegas64m1,Microchip,AVR,AVR 8-bit,Classic ATmega,ATmegaS64M1,ATmegaS64M1-KH-E,-KH-E,,,,CQFP32,-55..125 °C,,unknown,microchip-avr-atdf:ATmega_DFP@3.6.299,https://packs.download.microchip.com/Microchip.ATmega_DFP.3.6.299.atpack,2026-08-12T17:20:34+00:00,manufacturer_device_database,atdf_variant_record
microchip::atmegas64m1-kh-mq,microchip::atmegas64m1,Microchip,AVR,AVR 8-bit,Classic ATmega,ATmegaS64M1,ATmegaS64M1-KH-MQ,-KH-MQ,,,,CQFP32,-55..125 °C,,unknown,microchip-avr-atdf:ATmega_DFP@3.6.299,https://packs.download.microchip.com/Microchip.ATmega_DFP.3.6.299.atpack,2026-08-12T17:20:34+00:00,manufacturer_device_database,atdf_variant_record
microchip::atmegas64m1-kh-sv,microchip::atmegas64m1,Microchip,AVR,AVR 8-bit,Classic ATmega,ATmegaS64M1,ATmegaS64M1-KH-SV,-KH-SV,,,,CQFP32,-55..125 °C,,unknown,microchip-avr-atdf:ATmega_DFP@3.6.299,https://packs.download.microchip.com/Microchip.ATmega_DFP.3.6.299.atpack,2026-08-12T17:20:34+00:00,manufacturer_device_database,atdf_variant_record
microchip::atmegas64m1-ma-hp,microchip::atmegas64m1,Microchip,AVR,AVR 8-bit,Classic ATmega,ATmegaS64M1,ATmegaS64M1-MA-HP,-MA-HP,,,,TQFP32,-55..125 °C,,unknown,microchip-avr-atdf:ATmega_DFP@3.6.299,https://packs.download.microchip.com/Microchip.ATmega_DFP.3.6.299.atpack,2026-08-12T17:20:34+00:00,manufacturer_device_database,atdf_variant_record
microchip::attiny10-mahr,microchip::attiny10,Microchip,AVR,AVR 8-bit,Classic ATtiny,ATtiny10,ATtiny10-MAHR,-MAHR,,,,UDFN8,-40..85 °C,,unknown,microchip-avr-atdf:ATtiny_DFP@3.4.278,https://packs.download.microchip.com/Microchip.ATtiny_DFP.3.4.278.atpack,2026-08-12T17:20:34+00:00,manufacturer_device_database,atdf_variant_record
microchip::attiny10-ts8r,microchip::attiny10,Microchip,AVR,AVR 8-bit,Classic ATtiny,ATtiny10,ATtiny10-TS8R,-TS8R,,,,SOT23-6,-40..125 °C,,unknown,microchip-avr-atdf:ATtiny_DFP@3.4.278,https://packs.download.microchip.com/Microchip.ATtiny_DFP.3.4.278.atpack,2026-08-12T17:20:34+00:00,manufacturer_device_database,atdf_variant_record
microchip::attiny10-tshr,microchip::attiny10,Microchip,AVR,AVR 8-bit,Classic ATtiny,ATtiny10,ATtiny10-TSHR,-TSHR,,,,SOT23-6,-40..85 °C,,unknown,microchip-avr-atdf:ATtiny_DFP@3.4.278,https://packs.download.microchip.com/Microchip.ATtiny_DFP.3.4.278.atpack,2026-08-12T17:20:34+00:00,manufacturer_device_database,atdf_variant_record
microchip::attiny102-m7r,microchip::attiny102,Microchip,AVR,AVR 8-bit,Classic ATtiny,ATtiny102,ATtiny102-M7R,-M7R,,,,UDFN8,-40..105 °C,,unknown,microchip-avr-atdf:ATtiny_DFP@3.4.278,https://packs.download.microchip.com/Microchip.ATtiny_DFP.3.4.278.atpack,2026-08-12T17:20:34+00:00,manufacturer_device_database,atdf_variant_record
microchip::attiny102-m8r,microchip::attiny102,Microchip,AVR,AVR 8-bit,Classic ATtiny,ATtiny102,ATtiny102-M8R,-M8R,,,,UDFN8,-40..125 °C,,unknown,microchip-avr-atdf:ATtiny_DFP@3.4.278,https://packs.download.microchip.com/Microchip.ATtiny_DFP.3.4.278.atpack,2026-08-12T17:20:34+00:00,manufacturer_device_database,atdf_variant_record
microchip::attiny102-ssfr,microchip::attiny102,Microchip,AVR,AVR 8-bit,Classic ATtiny,ATtiny102,ATtiny102-SSFR,-SSFR,,,,SOIC8,-40..125 °C,,unknown,microchip-avr-atdf:ATtiny_DFP@3.4.278,https://packs.download.microchip.com/Microchip.ATtiny_DFP.3.4.278.atpack,2026-08-12T17:20:34+00:00,manufacturer_device_database,atdf_variant_record
microchip::attiny102-ssnr,microchip::attiny102,Microchip,AVR,AVR 8-bit,Classic ATtiny,ATtiny102,ATtiny102-SSNR,-SSNR,,,,SOIC8,-40..105 °C,,unknown,microchip-avr-atdf:ATtiny_DFP@3.4.278,https://packs.download.microchip.com/Microchip.ATtiny_DFP.3.4.278.atpack,2026-08-12T17:20:34+00:00,manufacturer_device_database,atdf_variant_record
microchip::attiny102f-m7r,microchip::attiny102,Microchip,AVR,AVR 8-bit,Classic ATtiny,ATtiny102,ATtiny102F-M7R,F-M7R,,,,UDFN8,-40..105 °C,,unknown,microchip-avr-atdf:ATtiny_DFP@3.4.278,https://packs.download.microchip.com/Microchip.ATtiny_DFP.3.4.278.atpack,2026-08-12T17:20:34+00:00,manufacturer_device_database,atdf_variant_record
microchip::attiny102f-m8r,microchip::attiny102,Microchip,AVR,AVR 8-bit,Classic ATtiny,ATtiny102,ATtiny102F-M8R,F-M8R,,,,UDFN8,-40..125 °C,,unknown,microchip-avr-atdf:ATtiny_DFP@3.4.278,https://packs.download.microchip.com/Microchip.ATtiny_DFP.3.4.278.atpack,2026-08-12T17:20:34+00:00,manufacturer_device_database,atdf_variant_record
microchip::attiny102f-ssfr,microchip::attiny102,Microchip,AVR,AVR 8-bit,Classic ATtiny,ATtiny102,ATtiny102F-SSFR,F-SSFR,,,,SOIC8,-40..125 °C,,unknown,microchip-avr-atdf:ATtiny_DFP@3.4.278,https://packs.download.microchip.com/Microchip.ATtiny_DFP.3.4.278.atpack,2026-08-12T17:20:34+00:00,manufacturer_device_database,atdf_variant_record
microchip::attiny102f-ssnr,microchip::attiny102,Microchip,AVR,AVR 8-bit,Classic ATtiny,ATtiny102,ATtiny102F-SSNR,F-SSNR,,,,SOIC8,-40..105 °C,,unknown,microchip-avr-atdf:ATtiny_DFP@3.4.278,https://packs.download.microchip.com/Microchip.ATtiny_DFP.3.4.278.atpack,2026-08-12T17:20:34+00:00,manufacturer_device_database,atdf_variant_record
microchip::attiny104-ssfr,microchip::attiny104,Microchip,AVR,AVR 8-bit,Classic ATtiny,ATtiny104,ATtiny104-SSFR,-SSFR,,,,SOIC14,-40..125 °C,,unknown,microchip-avr-atdf:ATtiny_DFP@3.4.278,https://packs.download.microchip.com/Microchip.ATtiny_DFP.3.4.278.atpack,2026-08-12T17:20:34+00:00,manufacturer_device_database,atdf_variant_record
microchip::attiny104-ssnr,microchip::attiny104,Microchip,AVR,AVR 8-bit,Classic ATtiny,ATtiny104,ATtiny104-SSNR,-SSNR,,,,SOIC14,-40..105 °C,,unknown,microchip-avr-atdf:ATtiny_DFP@3.4.278,https://packs.download.microchip.com/Microchip.ATtiny_DFP.3.4.278.atpack,2026-08-12T17:20:34+00:00,manufacturer_device_database,atdf_variant_record
microchip::attiny104f-ssfr,microchip::attiny104,Microchip,AVR,AVR 8-bit,Classic ATtiny,ATtiny104,ATtiny104F-SSFR,F-SSFR,,,,SOIC14,-40..125 °C,,unknown,microchip-avr-atdf:ATtiny_DFP@3.4.278,https://packs.download.microchip.com/Microchip.ATtiny_DFP.3.4.278.atpack,2026-08-12T17:20:34+00:00,manufacturer_device_database,atdf_variant_record
microchip::attiny104f-ssnr,microchip::attiny104,Microchip,AVR,AVR 8-bit,Classic ATtiny,ATtiny104,ATtiny104F-SSNR,F-SSNR,,,,SOIC14,-40..105 °C,,unknown,microchip-avr-atdf:ATtiny_DFP@3.4.278,https://packs.download.microchip.com/Microchip.ATtiny_DFP.3.4.278.atpack,2026-08-12T17:20:34+00:00,manufacturer_device_database,atdf_variant_record
microchip::attiny11-6pc,microchip::attiny11,Microchip,AVR,AVR 8-bit,Classic ATtiny,ATtiny11,ATtiny11-6PC,-6PC,,,,PDIP8,0..70 °C,,unknown,microchip-avr-atdf:ATtiny_DFP@3.4.278,https://packs.download.microchip.com/Microchip.ATtiny_DFP.3.4.278.atpack,2026-08-12T17:20:34+00:00,manufacturer_device_database,atdf_variant_record
microchip::attiny11-6pi,microchip::attiny11,Microchip,AVR,AVR 8-bit,Classic ATtiny,ATtiny11,ATtiny11-6PI,-6PI,,,,PDIP8,-40..80 °C,,unknown,microchip-avr-atdf:ATtiny_DFP@3.4.278,https://packs.download.microchip.com/Microchip.ATtiny_DFP.3.4.278.atpack,2026-08-12T17:20:34+00:00,manufacturer_device_database,atdf_variant_record
microchip::attiny11-6sc,microchip::attiny11,Microchip,AVR,AVR 8-bit,Classic ATtiny,ATtiny11,ATtiny11-6SC,-6SC,,,,SOIC8,0..70 °C,,unknown,microchip-avr-atdf:ATtiny_DFP@3.4.278,https://packs.download.microchip.com/Microchip.ATtiny_DFP.3.4.278.atpack,2026-08-12T17:20:34+00:00,manufacturer_device_database,atdf_variant_record
microchip::attiny11-6si,microchip::attiny11,Microchip,AVR,AVR 8-bit,Classic ATtiny,ATtiny11,ATtiny11-6SI,-6SI,,,,SOIC8,-40..85 °C,,unknown,microchip-avr-atdf:ATtiny_DFP@3.4.278,https://packs.download.microchip.com/Microchip.ATtiny_DFP.3.4.278.atpack,2026-08-12T17:20:34+00:00,manufacturer_device_database,atdf_variant_record
microchip::attiny11l-2pc,microchip::attiny11,Microchip,AVR,AVR 8-bit,Classic ATtiny,ATtiny11,ATtiny11L-2PC,L-2PC,,,,PDIP8,0..70 °C,,unknown,microchip-avr-atdf:ATtiny_DFP@3.4.278,https://packs.download.microchip.com/Microchip.ATtiny_DFP.3.4.278.atpack,2026-08-12T17:20:34+00:00,manufacturer_device_database,atdf_variant_record
microchip::attiny11l-2pi,microchip::attiny11,Microchip,AVR,AVR 8-bit,Classic ATtiny,ATtiny11,ATtiny11L-2PI,L-2PI,,,,PDIP8,-40..80 °C,,unknown,microchip-avr-atdf:ATtiny_DFP@3.4.278,https://packs.download.microchip.com/Microchip.ATtiny_DFP.3.4.278.atpack,2026-08-12T17:20:34+00:00,manufacturer_device_database,atdf_variant_record
microchip::attiny11l-2sc,microchip::attiny11,Microchip,AVR,AVR 8-bit,Classic ATtiny,ATtiny11,ATtiny11L-2SC,L-2SC,,,,SOIC8,0..70 °C,,unknown,microchip-avr-atdf:ATtiny_DFP@3.4.278,https://packs.download.microchip.com/Microchip.ATtiny_DFP.3.4.278.atpack,2026-08-12T17:20:34+00:00,manufacturer_device_database,atdf_variant_record
microchip::attiny11l-2si,microchip::attiny11,Microchip,AVR,AVR 8-bit,Classic ATtiny,ATtiny11,ATtiny11L-2SI,L-2SI,,,,SOIC8,-40..85 °C,,unknown,microchip-avr-atdf:ATtiny_DFP@3.4.278,https://packs.download.microchip.com/Microchip.ATtiny_DFP.3.4.278.atpack,2026-08-12T17:20:34+00:00,manufacturer_device_database,atdf_variant_record
microchip::attiny12-8pc,microchip::attiny12,Microchip,AVR,AVR 8-bit,Classic ATtiny,ATtiny12,ATtiny12-8PC,-8PC,,,,PDIP8,0..70 °C,,unknown,microchip-avr-atdf:ATtiny_DFP@3.4.278,https://packs.download.microchip.com/Microchip.ATtiny_DFP.3.4.278.atpack,2026-08-12T17:20:34+00:00,manufacturer_device_database,atdf_variant_record
microchip::attiny12-8pi,microchip::attiny12,Microchip,AVR,AVR 8-bit,Classic ATtiny,ATtiny12,ATtiny12-8PI,-8PI,,,,PDIP8,-40..80 °C,,unknown,microchip-avr-atdf:ATtiny_DFP@3.4.278,https://packs.download.microchip.com/Microchip.ATtiny_DFP.3.4.278.atpack,2026-08-12T17:20:34+00:00,manufacturer_device_database,atdf_variant_record
microchip::attiny12-8sc,microchip::attiny12,Microchip,AVR,AVR 8-bit,Classic ATtiny,ATtiny12,ATtiny12-8SC,-8SC,,,,SOIC8,0..70 °C,,unknown,microchip-avr-atdf:ATtiny_DFP@3.4.278,https://packs.download.microchip.com/Microchip.ATtiny_DFP.3.4.278.atpack,2026-08-12T17:20:34+00:00,manufacturer_device_database,atdf_variant_record
microchip::attiny12-8si,microchip::attiny12,Microchip,AVR,AVR 8-bit,Classic ATtiny,ATtiny12,ATtiny12-8SI,-8SI,,,,SOIC8,-40..85 °C,,unknown,microchip-avr-atdf:ATtiny_DFP@3.4.278,https://packs.download.microchip.com/Microchip.ATtiny_DFP.3.4.278.atpack,2026-08-12T17:20:34+00:00,manufacturer_device_database,atdf_variant_record
microchip::attiny12l-4pc,microchip::attiny12,Microchip,AVR,AVR 8-bit,Classic ATtiny,ATtiny12,ATtiny12L-4PC,L-4PC,,,,PDIP8,0..70 °C,,unknown,microchip-avr-atdf:ATtiny_DFP@3.4.278,https://packs.download.microchip.com/Microchip.ATtiny_DFP.3.4.278.atpack,2026-08-12T17:20:34+00:00,manufacturer_device_database,atdf_variant_record
microchip::attiny12l-4pi,microchip::attiny12,Microchip,AVR,AVR 8-bit,Classic ATtiny,ATtiny12,ATtiny12L-4PI,L-4PI,,,,PDIP8,-40..80 °C,,unknown,microchip-avr-atdf:ATtiny_DFP@3.4.278,https://packs.download.microchip.com/Microchip.ATtiny_DFP.3.4.278.atpack,2026-08-12T17:20:34+00:00,manufacturer_device_database,atdf_variant_record
microchip::attiny12l-4sc,microchip::attiny12,Microchip,AVR,AVR 8-bit,Classic ATtiny,ATtiny12,ATtiny12L-4SC,L-4SC,,,,SOIC8,0..70 °C,,unknown,microchip-avr-atdf:ATtiny_DFP@3.4.278,https://packs.download.microchip.com/Microchip.ATtiny_DFP.3.4.278.atpack,2026-08-12T17:20:34+00:00,manufacturer_device_database,atdf_variant_record
microchip::attiny12l-4si,microchip::attiny12,Microchip,AVR,AVR 8-bit,Classic ATtiny,ATtiny12,ATtiny12L-4SI,L-4SI,,,,SOIC8,-40..85 °C,,unknown,microchip-avr-atdf:ATtiny_DFP@3.4.278,https://packs.download.microchip.com/Microchip.ATtiny_DFP.3.4.278.atpack,2026-08-12T17:20:34+00:00,manufacturer_device_database,atdf_variant_record
microchip::attiny12v-1pc,microchip::attiny12,Microchip,AVR,AVR 8-bit,Classic ATtiny,ATtiny12,ATtiny12V-1PC,V-1PC,,,,PDIP8,0..70 °C,,unknown,microchip-avr-atdf:ATtiny_DFP@3.4.278,https://packs.download.microchip.com/Microchip.ATtiny_DFP.3.4.278.atpack,2026-08-12T17:20:34+00:00,manufacturer_device_database,atdf_variant_record
microchip::attiny12v-1pi,microchip::attiny12,Microchip,AVR,AVR 8-bit,Classic ATtiny,ATtiny12,ATtiny12V-1PI,V-1PI,,,,PDIP8,-40..80 °C,,unknown,microchip-avr-atdf:ATtiny_DFP@3.4.278,https://packs.download.microchip.com/Microchip.ATtiny_DFP.3.4.278.atpack,2026-08-12T17:20:34+00:00,manufacturer_device_database,atdf_variant_record
microchip::attiny12v-1sc,microchip::attiny12,Microchip,AVR,AVR 8-bit,Classic ATtiny,ATtiny12,ATtiny12V-1SC,V-1SC,,,,SOIC8,0..70 °C,,unknown,microchip-avr-atdf:ATtiny_DFP@3.4.278,https://packs.download.microchip.com/Microchip.ATtiny_DFP.3.4.278.atpack,2026-08-12T17:20:34+00:00,manufacturer_device_database,atdf_variant_record
microchip::attiny12v-1si,microchip::attiny12,Microchip,AVR,AVR 8-bit,Classic ATtiny,ATtiny12,ATtiny12V-1SI,V-1SI,,,,SOIC8,-40..85 °C,,unknown,microchip-avr-atdf:ATtiny_DFP@3.4.278,https://packs.download.microchip.com/Microchip.ATtiny_DFP.3.4.278.atpack,2026-08-12T17:20:34+00:00,manufacturer_device_database,atdf_variant_record
microchip::attiny13-20mmu,microchip::attiny13,Microchip,AVR,AVR 8-bit,Classic ATtiny,ATtiny13,ATtiny13-20MMU,-20MMU,,,,MLF10,-40..85 °C,,unknown,microchip-avr-atdf:ATtiny_DFP@3.4.278,https://packs.download.microchip.com/Microchip.ATtiny_DFP.3.4.278.atpack,2026-08-12T17:20:34+00:00,manufacturer_device_database,atdf_variant_record
microchip::attiny13-20mu,microchip::attiny13,Microchip,AVR,AVR 8-bit,Classic ATtiny,ATtiny13,ATtiny13-20MU,-20MU,,,,MLF20,-40..85 °C,,unknown,microchip-avr-atdf:ATtiny_DFP@3.4.278,https://packs.download.microchip.com/Microchip.ATtiny_DFP.3.4.278.atpack,2026-08-12T17:20:34+00:00,manufacturer_device_database,atdf_variant_record
microchip::attiny13-20pu,microchip::attiny13,Microchip,AVR,AVR 8-bit,Classic ATtiny,ATtiny13,ATtiny13-20PU,-20PU,,,,PDIP8,-40..85 °C,,unknown,microchip-avr-atdf:ATtiny_DFP@3.4.278,https://packs.download.microchip.com/Microchip.ATtiny_DFP.3.4.278.atpack,2026-08-12T17:20:34+00:00,manufacturer_device_database,atdf_variant_record
microchip::attiny13-20ssu,microchip::attiny13,Microchip,AVR,AVR 8-bit,Classic ATtiny,ATtiny13,ATtiny13-20SSU,-20SSU,,,,SOIC8,-40..85 °C,,unknown,microchip-avr-atdf:ATtiny_DFP@3.4.278,https://packs.download.microchip.com/Microchip.ATtiny_DFP.3.4.278.atpack,2026-08-12T17:20:34+00:00,manufacturer_device_database,atdf_variant_record
microchip::attiny13-20su,microchip::attiny13,Microchip,AVR,AVR 8-bit,Classic ATtiny,ATtiny13,ATtiny13-20SU,-20SU,,,,SOIC8,-40..85 °C,,unknown,microchip-avr-atdf:ATtiny_DFP@3.4.278,https://packs.download.microchip.com/Microchip.ATtiny_DFP.3.4.278.atpack,2026-08-12T17:20:34+00:00,manufacturer_device_database,atdf_variant_record
microchip::attiny13a-mmf,microchip::attiny13a,Microchip,AVR,AVR 8-bit,Classic ATtiny,ATtiny13A,ATtiny13A-MMF,-MMF,,,,MLF10,-40..125 °C,,unknown,microchip-avr-atdf:ATtiny_DFP@3.4.278,https://packs.download.microchip.com/Microchip.ATtiny_DFP.3.4.278.atpack,2026-08-12T17:20:34+00:00,manufacturer_device_database,atdf_variant_record
microchip::attiny13a-mmu,microchip::attiny13a,Microchip,AVR,AVR 8-bit,Classic ATtiny,ATtiny13A,ATtiny13A-MMU,-MMU,,,,MLF10,-40..85 °C,,unknown,microchip-avr-atdf:ATtiny_DFP@3.4.278,https://packs.download.microchip.com/Microchip.ATtiny_DFP.3.4.278.atpack,2026-08-12T17:20:34+00:00,manufacturer_device_database,atdf_variant_record
microchip::attiny13a-mu,microchip::attiny13a,Microchip,AVR,AVR 8-bit,Classic ATtiny,ATtiny13A,ATtiny13A-MU,-MU,,,,MLF20,-40..85 °C,,unknown,microchip-avr-atdf:ATtiny_DFP@3.4.278,https://packs.download.microchip.com/Microchip.ATtiny_DFP.3.4.278.atpack,2026-08-12T17:20:34+00:00,manufacturer_device_database,atdf_variant_record
microchip::attiny13a-pu,microchip::attiny13a,Microchip,AVR,AVR 8-bit,Classic ATtiny,ATtiny13A,ATtiny13A-PU,-PU,,,,PDIP8,-40..85 °C,,unknown,microchip-avr-atdf:ATtiny_DFP@3.4.278,https://packs.download.microchip.com/Microchip.ATtiny_DFP.3.4.278.atpack,2026-08-12T17:20:34+00:00,manufacturer_device_database,atdf_variant_record
microchip::attiny13a-sf,microchip::attiny13a,Microchip,AVR,AVR 8-bit,Classic ATtiny,ATtiny13A,ATtiny13A-SF,-SF,,,,SOIC8,-40..125 °C,,unknown,microchip-avr-atdf:ATtiny_DFP@3.4.278,https://packs.download.microchip.com/Microchip.ATtiny_DFP.3.4.278.atpack,2026-08-12T17:20:34+00:00,manufacturer_device_database,atdf_variant_record
microchip::attiny13a-sh,microchip::attiny13a,Microchip,AVR,AVR 8-bit,Classic ATtiny,ATtiny13A,ATtiny13A-SH,-SH,,,,SOIC8,-40..85 °C,,unknown,microchip-avr-atdf:ATtiny_DFP@3.4.278,https://packs.download.microchip.com/Microchip.ATtiny_DFP.3.4.278.atpack,2026-08-12T17:20:34+00:00,manufacturer_device_database,atdf_variant_record
microchip::attiny13a-sn,microchip::attiny13a,Microchip,AVR,AVR 8-bit,Classic ATtiny,ATtiny13A,ATtiny13A-SN,-SN,,,,SOIC8,-40..105 °C,,unknown,microchip-avr-atdf:ATtiny_DFP@3.4.278,https://packs.download.microchip.com/Microchip.ATtiny_DFP.3.4.278.atpack,2026-08-12T17:20:34+00:00,manufacturer_device_database,atdf_variant_record
microchip::attiny13a-ss7,microchip::attiny13a,Microchip,AVR,AVR 8-bit,Classic ATtiny,ATtiny13A,ATtiny13A-SS7,-SS7,,,,SOIC8,-40..105 °C,,unknown,microchip-avr-atdf:ATtiny_DFP@3.4.278,https://packs.download.microchip.com/Microchip.ATtiny_DFP.3.4.278.atpack,2026-08-12T17:20:34+00:00,manufacturer_device_database,atdf_variant_record
microchip::attiny13a-ssh,microchip::attiny13a,Microchip,AVR,AVR 8-bit,Classic ATtiny,ATtiny13A,ATtiny13A-SSH,-SSH,,,,SOIC8,-40..85 °C,,unknown,microchip-avr-atdf:ATtiny_DFP@3.4.278,https://packs.download.microchip.com/Microchip.ATtiny_DFP.3.4.278.atpack,2026-08-12T17:20:34+00:00,manufacturer_device_database,atdf_variant_record
microchip::attiny13a-ssu,microchip::attiny13a,Microchip,AVR,AVR 8-bit,Classic ATtiny,ATtiny13A,ATtiny13A-SSU,-SSU,,,,SOIC8,-40..85 °C,,unknown,microchip-avr-atdf:ATtiny_DFP@3.4.278,https://packs.download.microchip.com/Microchip.ATtiny_DFP.3.4.278.atpack,2026-08-12T17:20:34+00:00,manufacturer_device_database,atdf_variant_record
microchip::attiny13a-su,microchip::attiny13a,Microchip,AVR,AVR 8-bit,Classic ATtiny,ATtiny13A,ATtiny13A-SU,-SU,,,,SOIC8,-40..85 °C,,unknown,microchip-avr-atdf:ATtiny_DFP@3.4.278,https://packs.download.microchip.com/Microchip.ATtiny_DFP.3.4.278.atpack,2026-08-12T17:20:34+00:00,manufacturer_device_database,atdf_variant_record
microchip::attiny13v-10mmu,microchip::attiny13,Microchip,AVR,AVR 8-bit,Classic ATtiny,ATtiny13,ATtiny13V-10MMU,V-10MMU,,,,MLF10,-40..85 °C,,unknown,microchip-avr-atdf:ATtiny_DFP@3.4.278,https://packs.download.microchip.com/Microchip.ATtiny_DFP.3.4.278.atpack,2026-08-12T17:20:34+00:00,manufacturer_device_database,atdf_variant_record
microchip::attiny13v-10mu,microchip::attiny13,Microchip,AVR,AVR 8-bit,Classic ATtiny,ATtiny13,ATtiny13V-10MU,V-10MU,,,,MLF20,-40..85 °C,,unknown,microchip-avr-atdf:ATtiny_DFP@3.4.278,https://packs.download.microchip.com/Microchip.ATtiny_DFP.3.4.278.atpack,2026-08-12T17:20:34+00:00,manufacturer_device_database,atdf_variant_record
microchip::attiny13v-10pu,microchip::attiny13,Microchip,AVR,AVR 8-bit,Classic ATtiny,ATtiny13,ATtiny13V-10PU,V-10PU,,,,PDIP8,-40..85 °C,,unknown,microchip-avr-atdf:ATtiny_DFP@3.4.278,https://packs.download.microchip.com/Microchip.ATtiny_DFP.3.4.278.atpack,2026-08-12T17:20:34+00:00,manufacturer_device_database,atdf_variant_record
microchip::attiny13v-10ssu,microchip::attiny13,Microchip,AVR,AVR 8-bit,Classic ATtiny,ATtiny13,ATtiny13V-10SSU,V-10SSU,,,,SOIC8,-40..85 °C,,unknown,microchip-avr-atdf:ATtiny_DFP@3.4.278,https://packs.download.microchip.com/Microchip.ATtiny_DFP.3.4.278.atpack,2026-08-12T17:20:34+00:00,manufacturer_device_database,atdf_variant_record
microchip::attiny13v-10su,microchip::attiny13,Microchip,AVR,AVR 8-bit,Classic ATtiny,ATtiny13,ATtiny13V-10SU,V-10SU,,,,SOIC8,-40..85 °C,,unknown,microchip-avr-atdf:ATtiny_DFP@3.4.278,https://packs.download.microchip.com/Microchip.ATtiny_DFP.3.4.278.atpack,2026-08-12T17:20:34+00:00,manufacturer_device_database,atdf_variant_record
microchip::attiny15l-1pc,microchip::attiny15,Microchip,AVR,AVR 8-bit,Classic ATtiny,ATtiny15,ATtiny15L-1PC,L-1PC,,,,PDIP8,0..70 °C,,unknown,microchip-avr-atdf:ATtiny_DFP@3.4.278,https://packs.download.microchip.com/Microchip.ATtiny_DFP.3.4.278.atpack,2026-08-12T17:20:34+00:00,manufacturer_device_database,atdf_variant_record
microchip::attiny15l-1pi,microchip::attiny15,Microchip,AVR,AVR 8-bit,Classic ATtiny,ATtiny15,ATtiny15L-1PI,L-1PI,,,,PDIP8,-40..85 °C,,unknown,microchip-avr-atdf:ATtiny_DFP@3.4.278,https://packs.download.microchip.com/Microchip.ATtiny_DFP.3.4.278.atpack,2026-08-12T17:20:34+00:00,manufacturer_device_database,atdf_variant_record
microchip::attiny15l-1sc,microchip::attiny15,Microchip,AVR,AVR 8-bit,Classic ATtiny,ATtiny15,ATtiny15L-1SC,L-1SC,,,,SOIC8,0..70 °C,,unknown,microchip-avr-atdf:ATtiny_DFP@3.4.278,https://packs.download.microchip.com/Microchip.ATtiny_DFP.3.4.278.atpack,2026-08-12T17:20:34+00:00,manufacturer_device_database,atdf_variant_record
microchip::attiny15l-1si,microchip::attiny15,Microchip,AVR,AVR 8-bit,Classic ATtiny,ATtiny15,ATtiny15L-1SI,L-1SI,,,,SOIC8,-40..85 °C,,unknown,microchip-avr-atdf:ATtiny_DFP@3.4.278,https://packs.download.microchip.com/Microchip.ATtiny_DFP.3.4.278.atpack,2026-08-12T17:20:34+00:00,manufacturer_device_database,atdf_variant_record
microchip::attiny1604-ssfr,microchip::attiny1604,Microchip,AVR,AVR 8-bit,tinyAVR 0/1-series,ATtiny1604,ATtiny1604-SSFR,-SSFR,,,,SOIC14,-40..125 °C,,unknown,microchip-avr-atdf:ATtiny_DFP@3.4.278,https://packs.download.microchip.com/Microchip.ATtiny_DFP.3.4.278.atpack,2026-08-12T17:20:34+00:00,manufacturer_device_database,atdf_variant_record
microchip::attiny1604-ssnr,microchip::attiny1604,Microchip,AVR,AVR 8-bit,tinyAVR 0/1-series,ATtiny1604,ATtiny1604-SSNR,-SSNR,,,,SOIC14,-40..105 °C,,unknown,microchip-avr-atdf:ATtiny_DFP@3.4.278,https://packs.download.microchip.com/Microchip.ATtiny_DFP.3.4.278.atpack,2026-08-12T17:20:34+00:00,manufacturer_device_database,atdf_variant_record
microchip::attiny1606-mfr,microchip::attiny1606,Microchip,AVR,AVR 8-bit,tinyAVR 0/1-series,ATtiny1606,ATtiny1606-MFR,-MFR,,,,VQFN20,-40..125 °C,,unknown,microchip-avr-atdf:ATtiny_DFP@3.4.278,https://packs.download.microchip.com/Microchip.ATtiny_DFP.3.4.278.atpack,2026-08-12T17:20:34+00:00,manufacturer_device_database,atdf_variant_record
microchip::attiny1606-mnr,microchip::attiny1606,Microchip,AVR,AVR 8-bit,tinyAVR 0/1-series,ATtiny1606,ATtiny1606-MNR,-MNR,,,,VQFN20,-40..105 °C,,unknown,microchip-avr-atdf:ATtiny_DFP@3.4.278,https://packs.download.microchip.com/Microchip.ATtiny_DFP.3.4.278.atpack,2026-08-12T17:20:34+00:00,manufacturer_device_database,atdf_variant_record
microchip::attiny1606-sfr,microchip::attiny1606,Microchip,AVR,AVR 8-bit,tinyAVR 0/1-series,ATtiny1606,ATtiny1606-SFR,-SFR,,,,SOIC20,-40..125 °C,,unknown,microchip-avr-atdf:ATtiny_DFP@3.4.278,https://packs.download.microchip.com/Microchip.ATtiny_DFP.3.4.278.atpack,2026-08-12T17:20:34+00:00,manufacturer_device_database,atdf_variant_record
microchip::attiny1606-snr,microchip::attiny1606,Microchip,AVR,AVR 8-bit,tinyAVR 0/1-series,ATtiny1606,ATtiny1606-SNR,-SNR,,,,SOIC20,-40..105 °C,,unknown,microchip-avr-atdf:ATtiny_DFP@3.4.278,https://packs.download.microchip.com/Microchip.ATtiny_DFP.3.4.278.atpack,2026-08-12T17:20:34+00:00,manufacturer_device_database,atdf_variant_record
microchip::attiny1607-mnr,microchip::attiny1607,Microchip,AVR,AVR 8-bit,tinyAVR 0/1-series,ATtiny1607,ATtiny1607-MNR,-MNR,,,,VQFN24,-40..105 °C,,unknown,microchip-avr-atdf:ATtiny_DFP@3.4.278,https://packs.download.microchip.com/Microchip.ATtiny_DFP.3.4.278.atpack,2026-08-12T17:20:34+00:00,manufacturer_device_database,atdf_variant_record
microchip::attiny1607-mrf,microchip::attiny1607,Microchip,AVR,AVR 8-bit,tinyAVR 0/1-series,ATtiny1607,ATtiny1607-MRF,-MRF,,,,VQFN24,-40..125 °C,,unknown,microchip-avr-atdf:ATtiny_DFP@3.4.278,https://packs.download.microchip.com/Microchip.ATtiny_DFP.3.4.278.atpack,2026-08-12T17:20:34+00:00,manufacturer_device_database,atdf_variant_record
microchip::attiny1614-ssfr,microchip::attiny1614,Microchip,AVR,AVR 8-bit,tinyAVR 0/1-series,ATtiny1614,ATtiny1614-SSFR,-SSFR,,,,SOIC14,-40..125 °C,,unknown,microchip-avr-atdf:ATtiny_DFP@3.4.278,https://packs.download.microchip.com/Microchip.ATtiny_DFP.3.4.278.atpack,2026-08-12T17:20:34+00:00,manufacturer_device_database,atdf_variant_record
microchip::attiny1614-ssnr,microchip::attiny1614,Microchip,AVR,AVR 8-bit,tinyAVR 0/1-series,ATtiny1614,ATtiny1614-SSNR,-SSNR,,,,SOIC14,-40..105 °C,,unknown,microchip-avr-atdf:ATtiny_DFP@3.4.278,https://packs.download.microchip.com/Microchip.ATtiny_DFP.3.4.278.atpack,2026-08-12T17:20:34+00:00,manufacturer_device_database,atdf_variant_record
microchip::attiny1616-mfr,microchip::attiny1616,Microchip,AVR,AVR 8-bit,tinyAVR 0/1-series,ATtiny1616,ATtiny1616-MFR,-MFR,,,,VQFN20,-40..125 °C,,unknown,microchip-avr-atdf:ATtiny_DFP@3.4.278,https://packs.download.microchip.com/Microchip.ATtiny_DFP.3.4.278.atpack,2026-08-12T17:20:34+00:00,manufacturer_device_database,atdf_variant_record
microchip::attiny1616-mnr,microchip::attiny1616,Microchip,AVR,AVR 8-bit,tinyAVR 0/1-series,ATtiny1616,ATtiny1616-MNR,-MNR,,,,VQFN20,-40..105 °C,,unknown,microchip-avr-atdf:ATtiny_DFP@3.4.278,https://packs.download.microchip.com/Microchip.ATtiny_DFP.3.4.278.atpack,2026-08-12T17:20:34+00:00,manufacturer_device_database,atdf_variant_record
microchip::attiny1616-sfr,microchip::attiny1616,Microchip,AVR,AVR 8-bit,tinyAVR 0/1-series,ATtiny1616,ATtiny1616-SFR,-SFR,,,,SOIC20,-40..125 °C,,unknown,microchip-avr-atdf:ATtiny_DFP@3.4.278,https://packs.download.microchip.com/Microchip.ATtiny_DFP.3.4.278.atpack,2026-08-12T17:20:34+00:00,manufacturer_device_database,atdf_variant_record
microchip::attiny1616-snr,microchip::attiny1616,Microchip,AVR,AVR 8-bit,tinyAVR 0/1-series,ATtiny1616,ATtiny1616-SNR,-SNR,,,,SOIC20,-40..105 °C,,unknown,microchip-avr-atdf:ATtiny_DFP@3.4.278,https://packs.download.microchip.com/Microchip.ATtiny_DFP.3.4.278.atpack,2026-08-12T17:20:34+00:00,manufacturer_device_database,atdf_variant_record
microchip::attiny1617-mfr,microchip::attiny1617,Microchip,AVR,AVR 8-bit,tinyAVR 0/1-series,ATtiny1617,ATtiny1617-MFR,-MFR,,,,VQFN24,-40..125 °C,,unknown,microchip-avr-atdf:ATtiny_DFP@3.4.278,https://packs.download.microchip.com/Microchip.ATtiny_DFP.3.4.278.atpack,2026-08-12T17:20:34+00:00,manufacturer_device_database,atdf_variant_record
microchip::attiny1617-mnr,microchip::attiny1617,Microchip,AVR,AVR 8-bit,tinyAVR 0/1-series,ATtiny1617,ATtiny1617-MNR,-MNR,,,,VQFN24,-40..105 °C,,unknown,microchip-avr-atdf:ATtiny_DFP@3.4.278,https://packs.download.microchip.com/Microchip.ATtiny_DFP.3.4.278.atpack,2026-08-12T17:20:34+00:00,manufacturer_device_database,atdf_variant_record
microchip::attiny1626-vqfn,microchip::attiny1626,Microchip,AVR,AVR 8-bit,tinyAVR 2-series,ATtiny1626,ATtiny1626-VQFN,-VQFN,,,,QFP20,-40..125 °C,,unknown,microchip-avr-atdf:ATtiny_DFP@3.4.278,https://packs.download.microchip.com/Microchip.ATtiny_DFP.3.4.278.atpack,2026-08-12T17:20:34+00:00,manufacturer_device_database,atdf_variant_record
microchip::attiny1627-vqfn,microchip::attiny1627,Microchip,AVR,AVR 8-bit,tinyAVR 2-series,ATtiny1627,ATtiny1627-VQFN,-VQFN,,,,QFP24,-40..125 °C,,unknown,microchip-avr-atdf:ATtiny_DFP@3.4.278,https://packs.download.microchip.com/Microchip.ATtiny_DFP.3.4.278.atpack,2026-08-12T17:20:34+00:00,manufacturer_device_database,atdf_variant_record
microchip::attiny1634-mn,microchip::attiny1634,Microchip,AVR,AVR 8-bit,Classic ATtiny,ATtiny1634,ATtiny1634-MN,-MN,,,,QFN20,-40..105 °C,,unknown,microchip-avr-atdf:ATtiny_DFP@3.4.278,https://packs.download.microchip.com/Microchip.ATtiny_DFP.3.4.278.atpack,2026-08-12T17:20:34+00:00,manufacturer_device_database,atdf_variant_record
microchip::attiny1634-mnr,microchip::attiny1634,Microchip,AVR,AVR 8-bit,Classic ATtiny,ATtiny1634,ATtiny1634-MNR,-MNR,,,,QFN20,-40..105 °C,,unknown,microchip-avr-atdf:ATtiny_DFP@3.4.278,https://packs.download.microchip.com/Microchip.ATtiny_DFP.3.4.278.atpack,2026-08-12T17:20:34+00:00,manufacturer_device_database,atdf_variant_record
microchip::attiny1634-mu,microchip::attiny1634,Microchip,AVR,AVR 8-bit,Classic ATtiny,ATtiny1634,ATtiny1634-MU,-MU,,,,QFN20,-40..85 °C,,unknown,microchip-avr-atdf:ATtiny_DFP@3.4.278,https://packs.download.microchip.com/Microchip.ATtiny_DFP.3.4.278.atpack,2026-08-12T17:20:34+00:00,manufacturer_device_database,atdf_variant_record
microchip::attiny1634-mur,microchip::attiny1634,Microchip,AVR,AVR 8-bit,Classic ATtiny,ATtiny1634,ATtiny1634-MUR,-MUR,,,,QFN20,-40..85 °C,,unknown,microchip-avr-atdf:ATtiny_DFP@3.4.278,https://packs.download.microchip.com/Microchip.ATtiny_DFP.3.4.278.atpack,2026-08-12T17:20:34+00:00,manufacturer_device_database,atdf_variant_record
microchip::attiny1634-su,microchip::attiny1634,Microchip,AVR,AVR 8-bit,Classic ATtiny,ATtiny1634,ATtiny1634-SU,-SU,,,,SOIC20,-40..85 °C,,unknown,microchip-avr-atdf:ATtiny_DFP@3.4.278,https://packs.download.microchip.com/Microchip.ATtiny_DFP.3.4.278.atpack,2026-08-12T17:20:34+00:00,manufacturer_device_database,atdf_variant_record
microchip::attiny1634-sur,microchip::attiny1634,Microchip,AVR,AVR 8-bit,Classic ATtiny,ATtiny1634,ATtiny1634-SUR,-SUR,,,,SOIC20,-40..85 °C,,unknown,microchip-avr-atdf:ATtiny_DFP@3.4.278,https://packs.download.microchip.com/Microchip.ATtiny_DFP.3.4.278.atpack,2026-08-12T17:20:34+00:00,manufacturer_device_database,atdf_variant_record
microchip::attiny1634r-mu,microchip::attiny1634,Microchip,AVR,AVR 8-bit,Classic ATtiny,ATtiny1634,ATtiny1634R-MU,R-MU,,,,QFN20,-40..85 °C,,unknown,microchip-avr-atdf:ATtiny_DFP@3.4.278,https://packs.download.microchip.com/Microchip.ATtiny_DFP.3.4.278.atpack,2026-08-12T17:20:34+00:00,manufacturer_device_database,atdf_variant_record
microchip::attiny1634r-mur,microchip::attiny1634,Microchip,AVR,AVR 8-bit,Classic ATtiny,ATtiny1634,ATtiny1634R-MUR,R-MUR,,,,QFN20,-40..85 °C,,unknown,microchip-avr-atdf:ATtiny_DFP@3.4.278,https://packs.download.microchip.com/Microchip.ATtiny_DFP.3.4.278.atpack,2026-08-12T17:20:34+00:00,manufacturer_device_database,atdf_variant_record
microchip::attiny1634r-su,microchip::attiny1634,Microchip,AVR,AVR 8-bit,Classic ATtiny,ATtiny1634,ATtiny1634R-SU,R-SU,,,,SOIC20,-40..85 °C,,unknown,microchip-avr-atdf:ATtiny_DFP@3.4.278,https://packs.download.microchip.com/Microchip.ATtiny_DFP.3.4.278.atpack,2026-08-12T17:20:34+00:00,manufacturer_device_database,atdf_variant_record
microchip::attiny1634r-sur,microchip::attiny1634,Microchip,AVR,AVR 8-bit,Classic ATtiny,ATtiny1634,ATtiny1634R-SUR,R-SUR,,,,SOIC20,-40..85 °C,,unknown,microchip-avr-atdf:ATtiny_DFP@3.4.278,https://packs.download.microchip.com/Microchip.ATtiny_DFP.3.4.278.atpack,2026-08-12T17:20:34+00:00,manufacturer_device_database,atdf_variant_record
microchip::attiny167-mu,microchip::attiny167,Microchip,AVR,AVR 8-bit,Classic ATtiny,ATtiny167,ATtiny167-MU,-MU,,,,VQFN32,-40..85 °C,,unknown,microchip-avr-atdf:ATtiny_DFP@3.4.278,https://packs.download.microchip.com/Microchip.ATtiny_DFP.3.4.278.atpack,2026-08-12T17:20:34+00:00,manufacturer_device_database,atdf_variant_record
microchip::attiny167-mur,microchip::attiny167,Microchip,AVR,AVR 8-bit,Classic ATtiny,ATtiny167,ATtiny167-MUR,-MUR,,,,VQFN32,-40..85 °C,,unknown,microchip-avr-atdf:ATtiny_DFP@3.4.278,https://packs.download.microchip.com/Microchip.ATtiny_DFP.3.4.278.atpack,2026-08-12T17:20:34+00:00,manufacturer_device_database,atdf_variant_record
microchip::attiny167-su,microchip::attiny167,Microchip,AVR,AVR 8-bit,Classic ATtiny,ATtiny167,ATtiny167-SU,-SU,,,,SOIC20,-40..85 °C,,unknown,microchip-avr-atdf:ATtiny_DFP@3.4.278,https://packs.download.microchip.com/Microchip.ATtiny_DFP.3.4.278.atpack,2026-08-12T17:20:34+00:00,manufacturer_device_database,atdf_variant_record
microchip::attiny167-sur,microchip::attiny167,Microchip,AVR,AVR 8-bit,Classic ATtiny,ATtiny167,ATtiny167-SUR,-SUR,,,,SOIC20,-40..85 °C,,unknown,microchip-avr-atdf:ATtiny_DFP@3.4.278,https://packs.download.microchip.com/Microchip.ATtiny_DFP.3.4.278.atpack,2026-08-12T17:20:34+00:00,manufacturer_device_database,atdf_variant_record
microchip::attiny167-xu,microchip::attiny167,Microchip,AVR,AVR 8-bit,Classic ATtiny,ATtiny167,ATtiny167-XU,-XU,,,,TSSOP20,-40..85 °C,,unknown,microchip-avr-atdf:ATtiny_DFP@3.4.278,https://packs.download.microchip.com/Microchip.ATtiny_DFP.3.4.278.atpack,2026-08-12T17:20:34+00:00,manufacturer_device_database,atdf_variant_record
microchip::attiny167-xur,microchip::attiny167,Microchip,AVR,AVR 8-bit,Classic ATtiny,ATtiny167,ATtiny167-XUR,-XUR,,,,TSSOP20,-40..85 °C,,unknown,microchip-avr-atdf:ATtiny_DFP@3.4.278,https://packs.download.microchip.com/Microchip.ATtiny_DFP.3.4.278.atpack,2026-08-12T17:20:34+00:00,manufacturer_device_database,atdf_variant_record
microchip::attiny20-ccu,microchip::attiny20,Microchip,AVR,AVR 8-bit,Classic ATtiny,ATtiny20,ATtiny20-CCU,-CCU,,,,UFBGA15,-40..85 °C,,unknown,microchip-avr-atdf:ATtiny_DFP@3.4.278,https://packs.download.microchip.com/Microchip.ATtiny_DFP.3.4.278.atpack,2026-08-12T17:20:34+00:00,manufacturer_device_database,atdf_variant_record
microchip::attiny20-mmh,microchip::attiny20,Microchip,AVR,AVR 8-bit,Classic ATtiny,ATtiny20,ATtiny20-MMH,-MMH,,,,VQFN20,-40..85 °C,,unknown,microchip-avr-atdf:ATtiny_DFP@3.4.278,https://packs.download.microchip.com/Microchip.ATtiny_DFP.3.4.278.atpack,2026-08-12T17:20:34+00:00,manufacturer_device_database,atdf_variant_record
microchip::attiny20-ssu,microchip::attiny20,Microchip,AVR,AVR 8-bit,Classic ATtiny,ATtiny20,ATtiny20-SSU,-SSU,,,,SOIC14,-40..85 °C,,unknown,microchip-avr-atdf:ATtiny_DFP@3.4.278,https://packs.download.microchip.com/Microchip.ATtiny_DFP.3.4.278.atpack,2026-08-12T17:20:34+00:00,manufacturer_device_database,atdf_variant_record
microchip::attiny20-uur,microchip::attiny20,Microchip,AVR,AVR 8-bit,Classic ATtiny,ATtiny20,ATtiny20-UUR,-UUR,,,,WLCSP12,-40..85 °C,,unknown,microchip-avr-atdf:ATtiny_DFP@3.4.278,https://packs.download.microchip.com/Microchip.ATtiny_DFP.3.4.278.atpack,2026-08-12T17:20:34+00:00,manufacturer_device_database,atdf_variant_record
microchip::attiny20-xu,microchip::attiny20,Microchip,AVR,AVR 8-bit,Classic ATtiny,ATtiny20,ATtiny20-XU,-XU,,,,TSSOP14,-40..85 °C,,unknown,microchip-avr-atdf:ATtiny_DFP@3.4.278,https://packs.download.microchip.com/Microchip.ATtiny_DFP.3.4.278.atpack,2026-08-12T17:20:34+00:00,manufacturer_device_database,atdf_variant_record
microchip::attiny202-ssfr,microchip::attiny202,Microchip,AVR,AVR 8-bit,tinyAVR 0/1-series,ATtiny202,ATtiny202-SSFR,-SSFR,,,,SOIC8,-40..125 °C,,unknown,microchip-avr-atdf:ATtiny_DFP@3.4.278,https://packs.download.microchip.com/Microchip.ATtiny_DFP.3.4.278.atpack,2026-08-12T17:20:34+00:00,manufacturer_device_database,atdf_variant_record
microchip::attiny202-ssnr,microchip::attiny202,Microchip,AVR,AVR 8-bit,tinyAVR 0/1-series,ATtiny202,ATtiny202-SSNR,-SSNR,,,,SOIC8,-40..105 °C,,unknown,microchip-avr-atdf:ATtiny_DFP@3.4.278,https://packs.download.microchip.com/Microchip.ATtiny_DFP.3.4.278.atpack,2026-08-12T17:20:34+00:00,manufacturer_device_database,atdf_variant_record
microchip::attiny204-ssfr,microchip::attiny204,Microchip,AVR,AVR 8-bit,tinyAVR 0/1-series,ATtiny204,ATtiny204-SSFR,-SSFR,,,,SOIC14,-40..125 °C,,unknown,microchip-avr-atdf:ATtiny_DFP@3.4.278,https://packs.download.microchip.com/Microchip.ATtiny_DFP.3.4.278.atpack,2026-08-12T17:20:34+00:00,manufacturer_device_database,atdf_variant_record
microchip::attiny204-ssnr,microchip::attiny204,Microchip,AVR,AVR 8-bit,tinyAVR 0/1-series,ATtiny204,ATtiny204-SSNR,-SSNR,,,,SOIC14,-40..105 °C,,unknown,microchip-avr-atdf:ATtiny_DFP@3.4.278,https://packs.download.microchip.com/Microchip.ATtiny_DFP.3.4.278.atpack,2026-08-12T17:20:34+00:00,manufacturer_device_database,atdf_variant_record
microchip::attiny212-ssfr,microchip::attiny212,Microchip,AVR,AVR 8-bit,tinyAVR 0/1-series,ATtiny212,ATtiny212-SSFR,-SSFR,,,,SOIC8,-40..125 °C,,unknown,microchip-avr-atdf:ATtiny_DFP@3.4.278,https://packs.download.microchip.com/Microchip.ATtiny_DFP.3.4.278.atpack,2026-08-12T17:20:34+00:00,manufacturer_device_database,atdf_variant_record
microchip::attiny212-ssnr,microchip::attiny212,Microchip,AVR,AVR 8-bit,tinyAVR 0/1-series,ATtiny212,ATtiny212-SSNR,-SSNR,,,,SOIC8,-40..105 °C,,unknown,microchip-avr-atdf:ATtiny_DFP@3.4.278,https://packs.download.microchip.com/Microchip.ATtiny_DFP.3.4.278.atpack,2026-08-12T17:20:34+00:00,manufacturer_device_database,atdf_variant_record
microchip::attiny214-ssfr,microchip::attiny214,Microchip,AVR,AVR 8-bit,tinyAVR 0/1-series,ATtiny214,ATtiny214-SSFR,-SSFR,,,,SOIC14,-40..125 °C,,unknown,microchip-avr-atdf:ATtiny_DFP@3.4.278,https://packs.download.microchip.com/Microchip.ATtiny_DFP.3.4.278.atpack,2026-08-12T17:20:34+00:00,manufacturer_device_database,atdf_variant_record
microchip::attiny214-ssnr,microchip::attiny214,Microchip,AVR,AVR 8-bit,tinyAVR 0/1-series,ATtiny214,ATtiny214-SSNR,-SSNR,,,,SOIC14,-40..105 °C,,unknown,microchip-avr-atdf:ATtiny_DFP@3.4.278,https://packs.download.microchip.com/Microchip.ATtiny_DFP.3.4.278.atpack,2026-08-12T17:20:34+00:00,manufacturer_device_database,atdf_variant_record
microchip::attiny2313-20mu,microchip::attiny2313,Microchip,AVR,AVR 8-bit,Classic ATtiny,ATtiny2313,ATtiny2313-20MU,-20MU,,,,MLF20,-40..85 °C,,unknown,microchip-avr-atdf:ATtiny_DFP@3.4.278,https://packs.download.microchip.com/Microchip.ATtiny_DFP.3.4.278.atpack,2026-08-12T17:20:34+00:00,manufacturer_device_database,atdf_variant_record
microchip::attiny2313-20mur,microchip::attiny2313,Microchip,AVR,AVR 8-bit,Classic ATtiny,ATtiny2313,ATtiny2313-20MUR,-20MUR,,,,MLF20,-40..85 °C,,unknown,microchip-avr-atdf:ATtiny_DFP@3.4.278,https://packs.download.microchip.com/Microchip.ATtiny_DFP.3.4.278.atpack,2026-08-12T17:20:34+00:00,manufacturer_device_database,atdf_variant_record
microchip::attiny2313-20pu,microchip::attiny2313,Microchip,AVR,AVR 8-bit,Classic ATtiny,ATtiny2313,ATtiny2313-20PU,-20PU,,,,PDIP20,-40..85 °C,,unknown,microchip-avr-atdf:ATtiny_DFP@3.4.278,https://packs.download.microchip.com/Microchip.ATtiny_DFP.3.4.278.atpack,2026-08-12T17:20:34+00:00,manufacturer_device_database,atdf_variant_record
microchip::attiny2313-20su,microchip::attiny2313,Microchip,AVR,AVR 8-bit,Classic ATtiny,ATtiny2313,ATtiny2313-20SU,-20SU,,,,SOIC20,-40..85 °C,,unknown,microchip-avr-atdf:ATtiny_DFP@3.4.278,https://packs.download.microchip.com/Microchip.ATtiny_DFP.3.4.278.atpack,2026-08-12T17:20:34+00:00,manufacturer_device_database,atdf_variant_record
microchip::attiny2313-20sur,microchip::attiny2313,Microchip,AVR,AVR 8-bit,Classic ATtiny,ATtiny2313,ATtiny2313-20SUR,-20SUR,,,,SOIC20,-40..85 °C,,unknown,microchip-avr-atdf:ATtiny_DFP@3.4.278,https://packs.download.microchip.com/Microchip.ATtiny_DFP.3.4.278.atpack,2026-08-12T17:20:34+00:00,manufacturer_device_database,atdf_variant_record
microchip::attiny2313a-mmh,microchip::attiny2313a,Microchip,AVR,AVR 8-bit,Classic ATtiny,ATtiny2313A,ATtiny2313A-MMH,-MMH,,,,VQFN20,-40..85 °C,,unknown,microchip-avr-atdf:ATtiny_DFP@3.4.278,https://packs.download.microchip.com/Microchip.ATtiny_DFP.3.4.278.atpack,2026-08-12T17:20:34+00:00,manufacturer_device_database,atdf_variant_record
microchip::attiny2313a-mmhr,microchip::attiny2313a,Microchip,AVR,AVR 8-bit,Classic ATtiny,ATtiny2313A,ATtiny2313A-MMHR,-MMHR,,,,VQFN20,-40..85 °C,,unknown,microchip-avr-atdf:ATtiny_DFP@3.4.278,https://packs.download.microchip.com/Microchip.ATtiny_DFP.3.4.278.atpack,2026-08-12T17:20:34+00:00,manufacturer_device_database,atdf_variant_record
microchip::attiny2313a-mu,microchip::attiny2313a,Microchip,AVR,AVR 8-bit,Classic ATtiny,ATtiny2313A,ATtiny2313A-MU,-MU,,,,MLF20,-40..85 °C,,unknown,microchip-avr-atdf:ATtiny_DFP@3.4.278,https://packs.download.microchip.com/Microchip.ATtiny_DFP.3.4.278.atpack,2026-08-12T17:20:34+00:00,manufacturer_device_database,atdf_variant_record
microchip::attiny2313a-mur,microchip::attiny2313a,Microchip,AVR,AVR 8-bit,Classic ATtiny,ATtiny2313A,ATtiny2313A-MUR,-MUR,,,,MLF20,-40..85 °C,,unknown,microchip-avr-atdf:ATtiny_DFP@3.4.278,https://packs.download.microchip.com/Microchip.ATtiny_DFP.3.4.278.atpack,2026-08-12T17:20:34+00:00,manufacturer_device_database,atdf_variant_record
microchip::attiny2313a-pu,microchip::attiny2313a,Microchip,AVR,AVR 8-bit,Classic ATtiny,ATtiny2313A,ATtiny2313A-PU,-PU,,,,PDIP20,-40..85 °C,,unknown,microchip-avr-atdf:ATtiny_DFP@3.4.278,https://packs.download.microchip.com/Microchip.ATtiny_DFP.3.4.278.atpack,2026-08-12T17:20:34+00:00,manufacturer_device_database,atdf_variant_record
microchip::attiny2313a-su,microchip::attiny2313a,Microchip,AVR,AVR 8-bit,Classic ATtiny,ATtiny2313A,ATtiny2313A-SU,-SU,,,,SOIC20,-40..85 °C,,unknown,microchip-avr-atdf:ATtiny_DFP@3.4.278,https://packs.download.microchip.com/Microchip.ATtiny_DFP.3.4.278.atpack,2026-08-12T17:20:34+00:00,manufacturer_device_database,atdf_variant_record
microchip::attiny2313a-sur,microchip::attiny2313a,Microchip,AVR,AVR 8-bit,Classic ATtiny,ATtiny2313A,ATtiny2313A-SUR,-SUR,,,,SOIC20,-40..85 °C,,unknown,microchip-avr-atdf:ATtiny_DFP@3.4.278,https://packs.download.microchip.com/Microchip.ATtiny_DFP.3.4.278.atpack,2026-08-12T17:20:34+00:00,manufacturer_device_database,atdf_variant_record
microchip::attiny2313v-10mu,microchip::attiny2313,Microchip,AVR,AVR 8-bit,Classic ATtiny,ATtiny2313,ATtiny2313V-10MU,V-10MU,,,,MLF20,-40..85 °C,,unknown,microchip-avr-atdf:ATtiny_DFP@3.4.278,https://packs.download.microchip.com/Microchip.ATtiny_DFP.3.4.278.atpack,2026-08-12T17:20:34+00:00,manufacturer_device_database,atdf_variant_record
microchip::attiny2313v-10mur,microchip::attiny2313,Microchip,AVR,AVR 8-bit,Classic ATtiny,ATtiny2313,ATtiny2313V-10MUR,V-10MUR,,,,MLF20,-40..85 °C,,unknown,microchip-avr-atdf:ATtiny_DFP@3.4.278,https://packs.download.microchip.com/Microchip.ATtiny_DFP.3.4.278.atpack,2026-08-12T17:20:34+00:00,manufacturer_device_database,atdf_variant_record
microchip::attiny2313v-10pu,microchip::attiny2313,Microchip,AVR,AVR 8-bit,Classic ATtiny,ATtiny2313,ATtiny2313V-10PU,V-10PU,,,,PDIP20,-40..85 °C,,unknown,microchip-avr-atdf:ATtiny_DFP@3.4.278,https://packs.download.microchip.com/Microchip.ATtiny_DFP.3.4.278.atpack,2026-08-12T17:20:34+00:00,manufacturer_device_database,atdf_variant_record
microchip::attiny2313v-10su,microchip::attiny2313,Microchip,AVR,AVR 8-bit,Classic ATtiny,ATtiny2313,ATtiny2313V-10SU,V-10SU,,,,SOIC20,-40..85 °C,,unknown,microchip-avr-atdf:ATtiny_DFP@3.4.278,https://packs.download.microchip.com/Microchip.ATtiny_DFP.3.4.278.atpack,2026-08-12T17:20:34+00:00,manufacturer_device_database,atdf_variant_record
microchip::attiny2313v-10sur,microchip::attiny2313,Microchip,AVR,AVR 8-bit,Classic ATtiny,ATtiny2313,ATtiny2313V-10SUR,V-10SUR,,,,SOIC20,-40..85 °C,,unknown,microchip-avr-atdf:ATtiny_DFP@3.4.278,https://packs.download.microchip.com/Microchip.ATtiny_DFP.3.4.278.atpack,2026-08-12T17:20:34+00:00,manufacturer_device_database,atdf_variant_record
microchip::attiny24-20mu,microchip::attiny24,Microchip,AVR,AVR 8-bit,Classic ATtiny,ATtiny24,ATtiny24-20MU,-20MU,,,,QFN20,-40..85 °C,,unknown,microchip-avr-atdf:ATtiny_DFP@3.4.278,https://packs.download.microchip.com/Microchip.ATtiny_DFP.3.4.278.atpack,2026-08-12T17:20:34+00:00,manufacturer_device_database,atdf_variant_record
microchip::attiny24-20mur,microchip::attiny24,Microchip,AVR,AVR 8-bit,Classic ATtiny,ATtiny24,ATtiny24-20MUR,-20MUR,,,,QFN20,-40..85 °C,,unknown,microchip-avr-atdf:ATtiny_DFP@3.4.278,https://packs.download.microchip.com/Microchip.ATtiny_DFP.3.4.278.atpack,2026-08-12T17:20:34+00:00,manufacturer_device_database,atdf_variant_record
microchip::attiny24-20pu,microchip::attiny24,Microchip,AVR,AVR 8-bit,Classic ATtiny,ATtiny24,ATtiny24-20PU,-20PU,,,,PDIP14,-40..85 °C,,unknown,microchip-avr-atdf:ATtiny_DFP@3.4.278,https://packs.download.microchip.com/Microchip.ATtiny_DFP.3.4.278.atpack,2026-08-12T17:20:34+00:00,manufacturer_device_database,atdf_variant_record
microchip::attiny24-20ssu,microchip::attiny24,Microchip,AVR,AVR 8-bit,Classic ATtiny,ATtiny24,ATtiny24-20SSU,-20SSU,,,,SOIC14,-40..85 °C,,unknown,microchip-avr-atdf:ATtiny_DFP@3.4.278,https://packs.download.microchip.com/Microchip.ATtiny_DFP.3.4.278.atpack,2026-08-12T17:20:34+00:00,manufacturer_device_database,atdf_variant_record
microchip::attiny24-20ssur,microchip::attiny24,Microchip,AVR,AVR 8-bit,Classic ATtiny,ATtiny24,ATtiny24-20SSUR,-20SSUR,,,,SOIC14,-40..85 °C,,unknown,microchip-avr-atdf:ATtiny_DFP@3.4.278,https://packs.download.microchip.com/Microchip.ATtiny_DFP.3.4.278.atpack,2026-08-12T17:20:34+00:00,manufacturer_device_database,atdf_variant_record
microchip::attiny24a-ccu,microchip::attiny24a,Microchip,AVR,AVR 8-bit,Classic ATtiny,ATtiny24A,ATtiny24A-CCU,-CCU,,,,UFBGA16,-40..85 °C,,unknown,microchip-avr-atdf:ATtiny_DFP@3.4.278,https://packs.download.microchip.com/Microchip.ATtiny_DFP.3.4.278.atpack,2026-08-12T17:20:34+00:00,manufacturer_device_database,atdf_variant_record
microchip::attiny24a-mf,microchip::attiny24a,Microchip,AVR,AVR 8-bit,Classic ATtiny,ATtiny24A,ATtiny24A-MF,-MF,,,,QFN20,-40..125 °C,,unknown,microchip-avr-atdf:ATtiny_DFP@3.4.278,https://packs.download.microchip.com/Microchip.ATtiny_DFP.3.4.278.atpack,2026-08-12T17:20:34+00:00,manufacturer_device_database,atdf_variant_record
microchip::attiny24a-mm8,microchip::attiny24a,Microchip,AVR,AVR 8-bit,Classic ATtiny,ATtiny24A,ATtiny24A-MM8,-MM8,,,,VQFN20,-40..125 °C,,unknown,microchip-avr-atdf:ATtiny_DFP@3.4.278,https://packs.download.microchip.com/Microchip.ATtiny_DFP.3.4.278.atpack,2026-08-12T17:20:34+00:00,manufacturer_device_database,atdf_variant_record
microchip::attiny24a-mmh,microchip::attiny24a,Microchip,AVR,AVR 8-bit,Classic ATtiny,ATtiny24A,ATtiny24A-MMH,-MMH,,,,VQFN20,-40..85 °C,,unknown,microchip-avr-atdf:ATtiny_DFP@3.4.278,https://packs.download.microchip.com/Microchip.ATtiny_DFP.3.4.278.atpack,2026-08-12T17:20:34+00:00,manufacturer_device_database,atdf_variant_record
microchip::attiny24a-mu,microchip::attiny24a,Microchip,AVR,AVR 8-bit,Classic ATtiny,ATtiny24A,ATtiny24A-MU,-MU,,,,QFN20,-40..85 °C,,unknown,microchip-avr-atdf:ATtiny_DFP@3.4.278,https://packs.download.microchip.com/Microchip.ATtiny_DFP.3.4.278.atpack,2026-08-12T17:20:34+00:00,manufacturer_device_database,atdf_variant_record
microchip::attiny24a-pu,microchip::attiny24a,Microchip,AVR,AVR 8-bit,Classic ATtiny,ATtiny24A,ATtiny24A-PU,-PU,,,,PDIP14,-40..85 °C,,unknown,microchip-avr-atdf:ATtiny_DFP@3.4.278,https://packs.download.microchip.com/Microchip.ATtiny_DFP.3.4.278.atpack,2026-08-12T17:20:34+00:00,manufacturer_device_database,atdf_variant_record
microchip::attiny24a-ssf,microchip::attiny24a,Microchip,AVR,AVR 8-bit,Classic ATtiny,ATtiny24A,ATtiny24A-SSF,-SSF,,,,SOIC14,-40..125 °C,,unknown,microchip-avr-atdf:ATtiny_DFP@3.4.278,https://packs.download.microchip.com/Microchip.ATtiny_DFP.3.4.278.atpack,2026-08-12T17:20:34+00:00,manufacturer_device_database,atdf_variant_record
microchip::attiny24a-ssn,microchip::attiny24a,Microchip,AVR,AVR 8-bit,Classic ATtiny,ATtiny24A,ATtiny24A-SSN,-SSN,,,,SOIC14,-40..105 °C,,unknown,microchip-avr-atdf:ATtiny_DFP@3.4.278,https://packs.download.microchip.com/Microchip.ATtiny_DFP.3.4.278.atpack,2026-08-12T17:20:34+00:00,manufacturer_device_database,atdf_variant_record
microchip::attiny24a-ssu,microchip::attiny24a,Microchip,AVR,AVR 8-bit,Classic ATtiny,ATtiny24A,ATtiny24A-SSU,-SSU,,,,SOIC14,-40..85 °C,,unknown,microchip-avr-atdf:ATtiny_DFP@3.4.278,https://packs.download.microchip.com/Microchip.ATtiny_DFP.3.4.278.atpack,2026-08-12T17:20:34+00:00,manufacturer_device_database,atdf_variant_record
microchip::attiny24v-10mu,microchip::attiny24,Microchip,AVR,AVR 8-bit,Classic ATtiny,ATtiny24,ATtiny24V-10MU,V-10MU,,,,QFN20,-40..85 °C,,unknown,microchip-avr-atdf:ATtiny_DFP@3.4.278,https://packs.download.microchip.com/Microchip.ATtiny_DFP.3.4.278.atpack,2026-08-12T17:20:34+00:00,manufacturer_device_database,atdf_variant_record
microchip::attiny24v-10mur,microchip::attiny24,Microchip,AVR,AVR 8-bit,Classic ATtiny,ATtiny24,ATtiny24V-10MUR,V-10MUR,,,,QFN20,-40..85 °C,,unknown,microchip-avr-atdf:ATtiny_DFP@3.4.278,https://packs.download.microchip.com/Microchip.ATtiny_DFP.3.4.278.atpack,2026-08-12T17:20:34+00:00,manufacturer_device_database,atdf_variant_record
microchip::attiny24v-10pu,microchip::attiny24,Microchip,AVR,AVR 8-bit,Classic ATtiny,ATtiny24,ATtiny24V-10PU,V-10PU,,,,PDIP14,-40..85 °C,,unknown,microchip-avr-atdf:ATtiny_DFP@3.4.278,https://packs.download.microchip.com/Microchip.ATtiny_DFP.3.4.278.atpack,2026-08-12T17:20:34+00:00,manufacturer_device_database,atdf_variant_record
microchip::attiny24v-10ssu,microchip::attiny24,Microchip,AVR,AVR 8-bit,Classic ATtiny,ATtiny24,ATtiny24V-10SSU,V-10SSU,,,,SOIC14,-40..85 °C,,unknown,microchip-avr-atdf:ATtiny_DFP@3.4.278,https://packs.download.microchip.com/Microchip.ATtiny_DFP.3.4.278.atpack,2026-08-12T17:20:34+00:00,manufacturer_device_database,atdf_variant_record
microchip::attiny24v-10ssur,microchip::attiny24,Microchip,AVR,AVR 8-bit,Classic ATtiny,ATtiny24,ATtiny24V-10SSUR,V-10SSUR,,,,SOIC14,-40..85 °C,,unknown,microchip-avr-atdf:ATtiny_DFP@3.4.278,https://packs.download.microchip.com/Microchip.ATtiny_DFP.3.4.278.atpack,2026-08-12T17:20:34+00:00,manufacturer_device_database,atdf_variant_record
microchip::attiny25-20mf,microchip::attiny25,Microchip,AVR,AVR 8-bit,Classic ATtiny,ATtiny25,ATtiny25-20MF,-20MF,,,,MLF20,-40..125 °C,,unknown,microchip-avr-atdf:ATtiny_DFP@3.4.278,https://packs.download.microchip.com/Microchip.ATtiny_DFP.3.4.278.atpack,2026-08-12T17:20:34+00:00,manufacturer_device_database,atdf_variant_record
microchip::attiny25-20mu,microchip::attiny25,Microchip,AVR,AVR 8-bit,Classic ATtiny,ATtiny25,ATtiny25-20MU,-20MU,,,,MLF20,-40..85 °C,,unknown,microchip-avr-atdf:ATtiny_DFP@3.4.278,https://packs.download.microchip.com/Microchip.ATtiny_DFP.3.4.278.atpack,2026-08-12T17:20:34+00:00,manufacturer_device_database,atdf_variant_record
microchip::attiny25-20pu,microchip::attiny25,Microchip,AVR,AVR 8-bit,Classic ATtiny,ATtiny25,ATtiny25-20PU,-20PU,,,,PDIP8,-40..85 °C,,unknown,microchip-avr-atdf:ATtiny_DFP@3.4.278,https://packs.download.microchip.com/Microchip.ATtiny_DFP.3.4.278.atpack,2026-08-12T17:20:34+00:00,manufacturer_device_database,atdf_variant_record
microchip::attiny25-20sh,microchip::attiny25,Microchip,AVR,AVR 8-bit,Classic ATtiny,ATtiny25,ATtiny25-20SH,-20SH,,,,SOIC8,-40..85 °C,,unknown,microchip-avr-atdf:ATtiny_DFP@3.4.278,https://packs.download.microchip.com/Microchip.ATtiny_DFP.3.4.278.atpack,2026-08-12T17:20:34+00:00,manufacturer_device_database,atdf_variant_record
microchip::attiny25-20sn,microchip::attiny25,Microchip,AVR,AVR 8-bit,Classic ATtiny,ATtiny25,ATtiny25-20SN,-20SN,,,,SOIC8,-40..105 °C,,unknown,microchip-avr-atdf:ATtiny_DFP@3.4.278,https://packs.download.microchip.com/Microchip.ATtiny_DFP.3.4.278.atpack,2026-08-12T17:20:34+00:00,manufacturer_device_database,atdf_variant_record
microchip::attiny25-20ssh,microchip::attiny25,Microchip,AVR,AVR 8-bit,Classic ATtiny,ATtiny25,ATtiny25-20SSH,-20SSH,,,,SOIC8,-40..85 °C,,unknown,microchip-avr-atdf:ATtiny_DFP@3.4.278,https://packs.download.microchip.com/Microchip.ATtiny_DFP.3.4.278.atpack,2026-08-12T17:20:34+00:00,manufacturer_device_database,atdf_variant_record
microchip::attiny25-20ssn,microchip::attiny25,Microchip,AVR,AVR 8-bit,Classic ATtiny,ATtiny25,ATtiny25-20SSN,-20SSN,,,,SOIC8,-40..105 °C,,unknown,microchip-avr-atdf:ATtiny_DFP@3.4.278,https://packs.download.microchip.com/Microchip.ATtiny_DFP.3.4.278.atpack,2026-08-12T17:20:34+00:00,manufacturer_device_database,atdf_variant_record
microchip::attiny25-20ssu,microchip::attiny25,Microchip,AVR,AVR 8-bit,Classic ATtiny,ATtiny25,ATtiny25-20SSU,-20SSU,,,,SOIC8,-40..85 °C,,unknown,microchip-avr-atdf:ATtiny_DFP@3.4.278,https://packs.download.microchip.com/Microchip.ATtiny_DFP.3.4.278.atpack,2026-08-12T17:20:34+00:00,manufacturer_device_database,atdf_variant_record
microchip::attiny25-20su,microchip::attiny25,Microchip,AVR,AVR 8-bit,Classic ATtiny,ATtiny25,ATtiny25-20SU,-20SU,,,,SOIC8,-40..85 °C,,unknown,microchip-avr-atdf:ATtiny_DFP@3.4.278,https://packs.download.microchip.com/Microchip.ATtiny_DFP.3.4.278.atpack,2026-08-12T17:20:34+00:00,manufacturer_device_database,atdf_variant_record
microchip::attiny25v-10mf,microchip::attiny25,Microchip,AVR,AVR 8-bit,Classic ATtiny,ATtiny25,ATtiny25V-10MF,V-10MF,,,,MLF20,-40..125 °C,,unknown,microchip-avr-atdf:ATtiny_DFP@3.4.278,https://packs.download.microchip.com/Microchip.ATtiny_DFP.3.4.278.atpack,2026-08-12T17:20:34+00:00,manufacturer_device_database,atdf_variant_record
microchip::attiny25v-10mu,microchip::attiny25,Microchip,AVR,AVR 8-bit,Classic ATtiny,ATtiny25,ATtiny25V-10MU,V-10MU,,,,MLF20,-40..85 °C,,unknown,microchip-avr-atdf:ATtiny_DFP@3.4.278,https://packs.download.microchip.com/Microchip.ATtiny_DFP.3.4.278.atpack,2026-08-12T17:20:34+00:00,manufacturer_device_database,atdf_variant_record
microchip::attiny25v-10pu,microchip::attiny25,Microchip,AVR,AVR 8-bit,Classic ATtiny,ATtiny25,ATtiny25V-10PU,V-10PU,,,,PDIP8,-40..85 °C,,unknown,microchip-avr-atdf:ATtiny_DFP@3.4.278,https://packs.download.microchip.com/Microchip.ATtiny_DFP.3.4.278.atpack,2026-08-12T17:20:34+00:00,manufacturer_device_database,atdf_variant_record
microchip::attiny25v-10sh,microchip::attiny25,Microchip,AVR,AVR 8-bit,Classic ATtiny,ATtiny25,ATtiny25V-10SH,V-10SH,,,,SOIC8,-40..85 °C,,unknown,microchip-avr-atdf:ATtiny_DFP@3.4.278,https://packs.download.microchip.com/Microchip.ATtiny_DFP.3.4.278.atpack,2026-08-12T17:20:34+00:00,manufacturer_device_database,atdf_variant_record
microchip::attiny25v-10sn,microchip::attiny25,Microchip,AVR,AVR 8-bit,Classic ATtiny,ATtiny25,ATtiny25V-10SN,V-10SN,,,,SOIC8,-40..105 °C,,unknown,microchip-avr-atdf:ATtiny_DFP@3.4.278,https://packs.download.microchip.com/Microchip.ATtiny_DFP.3.4.278.atpack,2026-08-12T17:20:34+00:00,manufacturer_device_database,atdf_variant_record
microchip::attiny25v-10ssh,microchip::attiny25,Microchip,AVR,AVR 8-bit,Classic ATtiny,ATtiny25,ATtiny25V-10SSH,V-10SSH,,,,SOIC8,-40..85 °C,,unknown,microchip-avr-atdf:ATtiny_DFP@3.4.278,https://packs.download.microchip.com/Microchip.ATtiny_DFP.3.4.278.atpack,2026-08-12T17:20:34+00:00,manufacturer_device_database,atdf_variant_record
microchip::attiny25v-10ssn,microchip::attiny25,Microchip,AVR,AVR 8-bit,Classic ATtiny,ATtiny25,ATtiny25V-10SSN,V-10SSN,,,,SOIC8,-40..105 °C,,unknown,microchip-avr-atdf:ATtiny_DFP@3.4.278,https://packs.download.microchip.com/Microchip.ATtiny_DFP.3.4.278.atpack,2026-08-12T17:20:34+00:00,manufacturer_device_database,atdf_variant_record
microchip::attiny25v-10ssu,microchip::attiny25,Microchip,AVR,AVR 8-bit,Classic ATtiny,ATtiny25,ATtiny25V-10SSU,V-10SSU,,,,SOIC8,-40..85 °C,,unknown,microchip-avr-atdf:ATtiny_DFP@3.4.278,https://packs.download.microchip.com/Microchip.ATtiny_DFP.3.4.278.atpack,2026-08-12T17:20:34+00:00,manufacturer_device_database,atdf_variant_record
microchip::attiny25v-10su,microchip::attiny25,Microchip,AVR,AVR 8-bit,Classic ATtiny,ATtiny25,ATtiny25V-10SU,V-10SU,,,,SOIC8,-40..85 °C,,unknown,microchip-avr-atdf:ATtiny_DFP@3.4.278,https://packs.download.microchip.com/Microchip.ATtiny_DFP.3.4.278.atpack,2026-08-12T17:20:34+00:00,manufacturer_device_database,atdf_variant_record
microchip::attiny26-16mu,microchip::attiny26,Microchip,AVR,AVR 8-bit,Classic ATtiny,ATtiny26,ATtiny26-16MU,-16MU,,,,QFN32,-40..85 °C,,unknown,microchip-avr-atdf:ATtiny_DFP@3.4.278,https://packs.download.microchip.com/Microchip.ATtiny_DFP.3.4.278.atpack,2026-08-12T17:20:34+00:00,manufacturer_device_database,atdf_variant_record
microchip::attiny26-16mur,microchip::attiny26,Microchip,AVR,AVR 8-bit,Classic ATtiny,ATtiny26,ATtiny26-16MUR,-16MUR,,,,QFN32,-40..85 °C,,unknown,microchip-avr-atdf:ATtiny_DFP@3.4.278,https://packs.download.microchip.com/Microchip.ATtiny_DFP.3.4.278.atpack,2026-08-12T17:20:34+00:00,manufacturer_device_database,atdf_variant_record
microchip::attiny26-16pu,microchip::attiny26,Microchip,AVR,AVR 8-bit,Classic ATtiny,ATtiny26,ATtiny26-16PU,-16PU,,,,PDIP20,-40..85 °C,,unknown,microchip-avr-atdf:ATtiny_DFP@3.4.278,https://packs.download.microchip.com/Microchip.ATtiny_DFP.3.4.278.atpack,2026-08-12T17:20:34+00:00,manufacturer_device_database,atdf_variant_record
microchip::attiny26-16su,microchip::attiny26,Microchip,AVR,AVR 8-bit,Classic ATtiny,ATtiny26,ATtiny26-16SU,-16SU,,,,SOIC20,-40..85 °C,,unknown,microchip-avr-atdf:ATtiny_DFP@3.4.278,https://packs.download.microchip.com/Microchip.ATtiny_DFP.3.4.278.atpack,2026-08-12T17:20:34+00:00,manufacturer_device_database,atdf_variant_record
microchip::attiny26-16sur,microchip::attiny26,Microchip,AVR,AVR 8-bit,Classic ATtiny,ATtiny26,ATtiny26-16SUR,-16SUR,,,,SOIC20,-40..85 °C,,unknown,microchip-avr-atdf:ATtiny_DFP@3.4.278,https://packs.download.microchip.com/Microchip.ATtiny_DFP.3.4.278.atpack,2026-08-12T17:20:34+00:00,manufacturer_device_database,atdf_variant_record
microchip::attiny261-20mu,microchip::attiny261,Microchip,AVR,AVR 8-bit,Classic ATtiny,ATtiny261,ATtiny261-20MU,-20MU,,,,MLF32,-40..85 °C,,unknown,microchip-avr-atdf:ATtiny_DFP@3.4.278,https://packs.download.microchip.com/Microchip.ATtiny_DFP.3.4.278.atpack,2026-08-12T17:20:34+00:00,manufacturer_device_database,atdf_variant_record
microchip::attiny261-20pu,microchip::attiny261,Microchip,AVR,AVR 8-bit,Classic ATtiny,ATtiny261,ATtiny261-20PU,-20PU,,,,PDIP20,-40..85 °C,,unknown,microchip-avr-atdf:ATtiny_DFP@3.4.278,https://packs.download.microchip.com/Microchip.ATtiny_DFP.3.4.278.atpack,2026-08-12T17:20:34+00:00,manufacturer_device_database,atdf_variant_record
microchip::attiny261-20su,microchip::attiny261,Microchip,AVR,AVR 8-bit,Classic ATtiny,ATtiny261,ATtiny261-20SU,-20SU,,,,SOIC20,-40..85 °C,,unknown,microchip-avr-atdf:ATtiny_DFP@3.4.278,https://packs.download.microchip.com/Microchip.ATtiny_DFP.3.4.278.atpack,2026-08-12T17:20:34+00:00,manufacturer_device_database,atdf_variant_record
microchip::attiny261a-mn,microchip::attiny261a,Microchip,AVR,AVR 8-bit,Classic ATtiny,ATtiny261A,ATtiny261A-MN,-MN,,,,MLF32,-40..105 °C,,unknown,microchip-avr-atdf:ATtiny_DFP@3.4.278,https://packs.download.microchip.com/Microchip.ATtiny_DFP.3.4.278.atpack,2026-08-12T17:20:34+00:00,manufacturer_device_database,atdf_variant_record
microchip::attiny261a-mnr,microchip::attiny261a,Microchip,AVR,AVR 8-bit,Classic ATtiny,ATtiny261A,ATtiny261A-MNR,-MNR,,,,MLF32,-40..105 °C,,unknown,microchip-avr-atdf:ATtiny_DFP@3.4.278,https://packs.download.microchip.com/Microchip.ATtiny_DFP.3.4.278.atpack,2026-08-12T17:20:34+00:00,manufacturer_device_database,atdf_variant_record
microchip::attiny261a-mu,microchip::attiny261a,Microchip,AVR,AVR 8-bit,Classic ATtiny,ATtiny261A,ATtiny261A-MU,-MU,,,,MLF32,-40..85 °C,,unknown,microchip-avr-atdf:ATtiny_DFP@3.4.278,https://packs.download.microchip.com/Microchip.ATtiny_DFP.3.4.278.atpack,2026-08-12T17:20:34+00:00,manufacturer_device_database,atdf_variant_record
microchip::attiny261a-mur,microchip::attiny261a,Microchip,AVR,AVR 8-bit,Classic ATtiny,ATtiny261A,ATtiny261A-MUR,-MUR,,,,MLF32,-40..85 °C,,unknown,microchip-avr-atdf:ATtiny_DFP@3.4.278,https://packs.download.microchip.com/Microchip.ATtiny_DFP.3.4.278.atpack,2026-08-12T17:20:34+00:00,manufacturer_device_database,atdf_variant_record
microchip::attiny261a-pu,microchip::attiny261a,Microchip,AVR,AVR 8-bit,Classic ATtiny,ATtiny261A,ATtiny261A-PU,-PU,,,,PDIP20,-40..85 °C,,unknown,microchip-avr-atdf:ATtiny_DFP@3.4.278,https://packs.download.microchip.com/Microchip.ATtiny_DFP.3.4.278.atpack,2026-08-12T17:20:34+00:00,manufacturer_device_database,atdf_variant_record
microchip::attiny261a-su,microchip::attiny261a,Microchip,AVR,AVR 8-bit,Classic ATtiny,ATtiny261A,ATtiny261A-SU,-SU,,,,SOIC20,-40..85 °C,,unknown,microchip-avr-atdf:ATtiny_DFP@3.4.278,https://packs.download.microchip.com/Microchip.ATtiny_DFP.3.4.278.atpack,2026-08-12T17:20:34+00:00,manufacturer_device_database,atdf_variant_record
microchip::attiny261a-sur,microchip::attiny261a,Microchip,AVR,AVR 8-bit,Classic ATtiny,ATtiny261A,ATtiny261A-SUR,-SUR,,,,SOIC20,-40..85 °C,,unknown,microchip-avr-atdf:ATtiny_DFP@3.4.278,https://packs.download.microchip.com/Microchip.ATtiny_DFP.3.4.278.atpack,2026-08-12T17:20:34+00:00,manufacturer_device_database,atdf_variant_record
microchip::attiny261a-xu,microchip::attiny261a,Microchip,AVR,AVR 8-bit,Classic ATtiny,ATtiny261A,ATtiny261A-XU,-XU,,,,TSSOP20,-40..85 °C,,unknown,microchip-avr-atdf:ATtiny_DFP@3.4.278,https://packs.download.microchip.com/Microchip.ATtiny_DFP.3.4.278.atpack,2026-08-12T17:20:34+00:00,manufacturer_device_database,atdf_variant_record
microchip::attiny261a-xur,microchip::attiny261a,Microchip,AVR,AVR 8-bit,Classic ATtiny,ATtiny261A,ATtiny261A-XUR,-XUR,,,,TSSOP20,-40..85 °C,,unknown,microchip-avr-atdf:ATtiny_DFP@3.4.278,https://packs.download.microchip.com/Microchip.ATtiny_DFP.3.4.278.atpack,2026-08-12T17:20:34+00:00,manufacturer_device_database,atdf_variant_record
microchip::attiny261v-10mu,microchip::attiny261,Microchip,AVR,AVR 8-bit,Classic ATtiny,ATtiny261,ATtiny261V-10MU,V-10MU,,,,MLF32,-40..85 °C,,unknown,microchip-avr-atdf:ATtiny_DFP@3.4.278,https://packs.download.microchip.com/Microchip.ATtiny_DFP.3.4.278.atpack,2026-08-12T17:20:34+00:00,manufacturer_device_database,atdf_variant_record
microchip::attiny261v-10pu,microchip::attiny261,Microchip,AVR,AVR 8-bit,Classic ATtiny,ATtiny261,ATtiny261V-10PU,V-10PU,,,,PDIP20,-40..85 °C,,unknown,microchip-avr-atdf:ATtiny_DFP@3.4.278,https://packs.download.microchip.com/Microchip.ATtiny_DFP.3.4.278.atpack,2026-08-12T17:20:34+00:00,manufacturer_device_database,atdf_variant_record
microchip::attiny261v-10su,microchip::attiny261,Microchip,AVR,AVR 8-bit,Classic ATtiny,ATtiny261,ATtiny261V-10SU,V-10SU,,,,SOIC20,-40..85 °C,,unknown,microchip-avr-atdf:ATtiny_DFP@3.4.278,https://packs.download.microchip.com/Microchip.ATtiny_DFP.3.4.278.atpack,2026-08-12T17:20:34+00:00,manufacturer_device_database,atdf_variant_record
microchip::attiny26l-8mu,microchip::attiny26,Microchip,AVR,AVR 8-bit,Classic ATtiny,ATtiny26,ATtiny26L-8MU,L-8MU,,,,QFN32,-40..85 °C,,unknown,microchip-avr-atdf:ATtiny_DFP@3.4.278,https://packs.download.microchip.com/Microchip.ATtiny_DFP.3.4.278.atpack,2026-08-12T17:20:34+00:00,manufacturer_device_database,atdf_variant_record
microchip::attiny26l-8mur,microchip::attiny26,Microchip,AVR,AVR 8-bit,Classic ATtiny,ATtiny26,ATtiny26L-8MUR,L-8MUR,,,,QFN32,-40..85 °C,,unknown,microchip-avr-atdf:ATtiny_DFP@3.4.278,https://packs.download.microchip.com/Microchip.ATtiny_DFP.3.4.278.atpack,2026-08-12T17:20:34+00:00,manufacturer_device_database,atdf_variant_record
microchip::attiny26l-8pu,microchip::attiny26,Microchip,AVR,AVR 8-bit,Classic ATtiny,ATtiny26,ATtiny26L-8PU,L-8PU,,,,PDIP20,-40..85 °C,,unknown,microchip-avr-atdf:ATtiny_DFP@3.4.278,https://packs.download.microchip.com/Microchip.ATtiny_DFP.3.4.278.atpack,2026-08-12T17:20:34+00:00,manufacturer_device_database,atdf_variant_record
microchip::attiny26l-8su,microchip::attiny26,Microchip,AVR,AVR 8-bit,Classic ATtiny,ATtiny26,ATtiny26L-8SU,L-8SU,,,,SOIC20,-40..85 °C,,unknown,microchip-avr-atdf:ATtiny_DFP@3.4.278,https://packs.download.microchip.com/Microchip.ATtiny_DFP.3.4.278.atpack,2026-08-12T17:20:34+00:00,manufacturer_device_database,atdf_variant_record
microchip::attiny26l-8sur,microchip::attiny26,Microchip,AVR,AVR 8-bit,Classic ATtiny,ATtiny26,ATtiny26L-8SUR,L-8SUR,,,,SOIC20,-40..85 °C,,unknown,microchip-avr-atdf:ATtiny_DFP@3.4.278,https://packs.download.microchip.com/Microchip.ATtiny_DFP.3.4.278.atpack,2026-08-12T17:20:34+00:00,manufacturer_device_database,atdf_variant_record
microchip::attiny3216-sfr,microchip::attiny3216,Microchip,AVR,AVR 8-bit,tinyAVR 0/1-series,ATtiny3216,ATtiny3216-SFR,-SFR,,,,SOIC20,-40..125 °C,,unknown,microchip-avr-atdf:ATtiny_DFP@3.4.278,https://packs.download.microchip.com/Microchip.ATtiny_DFP.3.4.278.atpack,2026-08-12T17:20:34+00:00,manufacturer_device_database,atdf_variant_record
microchip::attiny3216-snr,microchip::attiny3216,Microchip,AVR,AVR 8-bit,tinyAVR 0/1-series,ATtiny3216,ATtiny3216-SNR,-SNR,,,,SOIC20,-40..105 °C,,unknown,microchip-avr-atdf:ATtiny_DFP@3.4.278,https://packs.download.microchip.com/Microchip.ATtiny_DFP.3.4.278.atpack,2026-08-12T17:20:34+00:00,manufacturer_device_database,atdf_variant_record
microchip::attiny3217-mfr,microchip::attiny3217,Microchip,AVR,AVR 8-bit,tinyAVR 0/1-series,ATtiny3217,ATtiny3217-MFR,-MFR,,,,VQFN24,-40..125 °C,,unknown,microchip-avr-atdf:ATtiny_DFP@3.4.278,https://packs.download.microchip.com/Microchip.ATtiny_DFP.3.4.278.atpack,2026-08-12T17:20:34+00:00,manufacturer_device_database,atdf_variant_record
microchip::attiny3217-mnr,microchip::attiny3217,Microchip,AVR,AVR 8-bit,tinyAVR 0/1-series,ATtiny3217,ATtiny3217-MNR,-MNR,,,,VQFN24,-40..105 °C,,unknown,microchip-avr-atdf:ATtiny_DFP@3.4.278,https://packs.download.microchip.com/Microchip.ATtiny_DFP.3.4.278.atpack,2026-08-12T17:20:34+00:00,manufacturer_device_database,atdf_variant_record
microchip::attiny3226-vqfn,microchip::attiny3226,Microchip,AVR,AVR 8-bit,tinyAVR 2-series,ATtiny3226,ATtiny3226-VQFN,-VQFN,,,,QFP20,-40..125 °C,,unknown,microchip-avr-atdf:ATtiny_DFP@3.4.278,https://packs.download.microchip.com/Microchip.ATtiny_DFP.3.4.278.atpack,2026-08-12T17:20:34+00:00,manufacturer_device_database,atdf_variant_record
microchip::attiny3227-vqfn,microchip::attiny3227,Microchip,AVR,AVR 8-bit,tinyAVR 2-series,ATtiny3227,ATtiny3227-VQFN,-VQFN,,,,QFP24,-40..125 °C,,unknown,microchip-avr-atdf:ATtiny_DFP@3.4.278,https://packs.download.microchip.com/Microchip.ATtiny_DFP.3.4.278.atpack,2026-08-12T17:20:34+00:00,manufacturer_device_database,atdf_variant_record
microchip::attiny4-mahr,microchip::attiny4,Microchip,AVR,AVR 8-bit,Classic ATtiny,ATtiny4,ATtiny4-MAHR,-MAHR,,,,UDFN8,-40..85 °C,,unknown,microchip-avr-atdf:ATtiny_DFP@3.4.278,https://packs.download.microchip.com/Microchip.ATtiny_DFP.3.4.278.atpack,2026-08-12T17:20:34+00:00,manufacturer_device_database,atdf_variant_record
microchip::attiny4-ts8r,microchip::attiny4,Microchip,AVR,AVR 8-bit,Classic ATtiny,ATtiny4,ATtiny4-TS8R,-TS8R,,,,SOT23-6,-40..125 °C,,unknown,microchip-avr-atdf:ATtiny_DFP@3.4.278,https://packs.download.microchip.com/Microchip.ATtiny_DFP.3.4.278.atpack,2026-08-12T17:20:34+00:00,manufacturer_device_database,atdf_variant_record
microchip::attiny4-tshr,microchip::attiny4,Microchip,AVR,AVR 8-bit,Classic ATtiny,ATtiny4,ATtiny4-TSHR,-TSHR,,,,SOT23-6,-40..85 °C,,unknown,microchip-avr-atdf:ATtiny_DFP@3.4.278,https://packs.download.microchip.com/Microchip.ATtiny_DFP.3.4.278.atpack,2026-08-12T17:20:34+00:00,manufacturer_device_database,atdf_variant_record
microchip::attiny40-mmh,microchip::attiny40,Microchip,AVR,AVR 8-bit,Classic ATtiny,ATtiny40,ATtiny40-MMH,-MMH,,,,VQFN20,-40..85 °C,,unknown,microchip-avr-atdf:ATtiny_DFP@3.4.278,https://packs.download.microchip.com/Microchip.ATtiny_DFP.3.4.278.atpack,2026-08-12T17:20:34+00:00,manufacturer_device_database,atdf_variant_record
microchip::attiny40-su,microchip::attiny40,Microchip,AVR,AVR 8-bit,Classic ATtiny,ATtiny40,ATtiny40-SU,-SU,,,,SOIC20,-40..85 °C,,unknown,microchip-avr-atdf:ATtiny_DFP@3.4.278,https://packs.download.microchip.com/Microchip.ATtiny_DFP.3.4.278.atpack,2026-08-12T17:20:34+00:00,manufacturer_device_database,atdf_variant_record
microchip::attiny40-xu,microchip::attiny40,Microchip,AVR,AVR 8-bit,Classic ATtiny,ATtiny40,ATtiny40-XU,-XU,,,,TSSOP20,-40..85 °C,,unknown,microchip-avr-atdf:ATtiny_DFP@3.4.278,https://packs.download.microchip.com/Microchip.ATtiny_DFP.3.4.278.atpack,2026-08-12T17:20:34+00:00,manufacturer_device_database,atdf_variant_record
microchip::attiny402-ssfr,microchip::attiny402,Microchip,AVR,AVR 8-bit,tinyAVR 0/1-series,ATtiny402,ATtiny402-SSFR,-SSFR,,,,SOIC8,-40..125 °C,,unknown,microchip-avr-atdf:ATtiny_DFP@3.4.278,https://packs.download.microchip.com/Microchip.ATtiny_DFP.3.4.278.atpack,2026-08-12T17:20:34+00:00,manufacturer_device_database,atdf_variant_record
microchip::attiny402-ssnr,microchip::attiny402,Microchip,AVR,AVR 8-bit,tinyAVR 0/1-series,ATtiny402,ATtiny402-SSNR,-SSNR,,,,SOIC8,-40..105 °C,,unknown,microchip-avr-atdf:ATtiny_DFP@3.4.278,https://packs.download.microchip.com/Microchip.ATtiny_DFP.3.4.278.atpack,2026-08-12T17:20:34+00:00,manufacturer_device_database,atdf_variant_record
microchip::attiny404-ssfr,microchip::attiny404,Microchip,AVR,AVR 8-bit,tinyAVR 0/1-series,ATtiny404,ATtiny404-SSFR,-SSFR,,,,SOIC14,-40..125 °C,,unknown,microchip-avr-atdf:ATtiny_DFP@3.4.278,https://packs.download.microchip.com/Microchip.ATtiny_DFP.3.4.278.atpack,2026-08-12T17:20:34+00:00,manufacturer_device_database,atdf_variant_record
microchip::attiny404-ssnr,microchip::attiny404,Microchip,AVR,AVR 8-bit,tinyAVR 0/1-series,ATtiny404,ATtiny404-SSNR,-SSNR,,,,SOIC14,-40..105 °C,,unknown,microchip-avr-atdf:ATtiny_DFP@3.4.278,https://packs.download.microchip.com/Microchip.ATtiny_DFP.3.4.278.atpack,2026-08-12T17:20:34+00:00,manufacturer_device_database,atdf_variant_record
microchip::attiny406-mfr,microchip::attiny406,Microchip,AVR,AVR 8-bit,tinyAVR 0/1-series,ATtiny406,ATtiny406-MFR,-MFR,,,,VQFN20,-40..125 °C,,unknown,microchip-avr-atdf:ATtiny_DFP@3.4.278,https://packs.download.microchip.com/Microchip.ATtiny_DFP.3.4.278.atpack,2026-08-12T17:20:34+00:00,manufacturer_device_database,atdf_variant_record
microchip::attiny406-mnr,microchip::attiny406,Microchip,AVR,AVR 8-bit,tinyAVR 0/1-series,ATtiny406,ATtiny406-MNR,-MNR,,,,VQFN20,-40..105 °C,,unknown,microchip-avr-atdf:ATtiny_DFP@3.4.278,https://packs.download.microchip.com/Microchip.ATtiny_DFP.3.4.278.atpack,2026-08-12T17:20:34+00:00,manufacturer_device_database,atdf_variant_record
microchip::attiny406-sfr,microchip::attiny406,Microchip,AVR,AVR 8-bit,tinyAVR 0/1-series,ATtiny406,ATtiny406-SFR,-SFR,,,,SOIC20,-40..125 °C,,unknown,microchip-avr-atdf:ATtiny_DFP@3.4.278,https://packs.download.microchip.com/Microchip.ATtiny_DFP.3.4.278.atpack,2026-08-12T17:20:34+00:00,manufacturer_device_database,atdf_variant_record
microchip::attiny406-snr,microchip::attiny406,Microchip,AVR,AVR 8-bit,tinyAVR 0/1-series,ATtiny406,ATtiny406-SNR,-SNR,,,,SOIC20,-40..105 °C,,unknown,microchip-avr-atdf:ATtiny_DFP@3.4.278,https://packs.download.microchip.com/Microchip.ATtiny_DFP.3.4.278.atpack,2026-08-12T17:20:34+00:00,manufacturer_device_database,atdf_variant_record
microchip::attiny412-ssfr,microchip::attiny412,Microchip,AVR,AVR 8-bit,tinyAVR 0/1-series,ATtiny412,ATtiny412-SSFR,-SSFR,,,,SOIC8,-40..125 °C,,unknown,microchip-avr-atdf:ATtiny_DFP@3.4.278,https://packs.download.microchip.com/Microchip.ATtiny_DFP.3.4.278.atpack,2026-08-12T17:20:34+00:00,manufacturer_device_database,atdf_variant_record
microchip::attiny412-ssnr,microchip::attiny412,Microchip,AVR,AVR 8-bit,tinyAVR 0/1-series,ATtiny412,ATtiny412-SSNR,-SSNR,,,,SOIC8,-40..105 °C,,unknown,microchip-avr-atdf:ATtiny_DFP@3.4.278,https://packs.download.microchip.com/Microchip.ATtiny_DFP.3.4.278.atpack,2026-08-12T17:20:34+00:00,manufacturer_device_database,atdf_variant_record
microchip::attiny414-ssfr,microchip::attiny414,Microchip,AVR,AVR 8-bit,tinyAVR 0/1-series,ATtiny414,ATtiny414-SSFR,-SSFR,,,,SOIC14,-40..125 °C,,unknown,microchip-avr-atdf:ATtiny_DFP@3.4.278,https://packs.download.microchip.com/Microchip.ATtiny_DFP.3.4.278.atpack,2026-08-12T17:20:34+00:00,manufacturer_device_database,atdf_variant_record
microchip::attiny414-ssnr,microchip::attiny414,Microchip,AVR,AVR 8-bit,tinyAVR 0/1-series,ATtiny414,ATtiny414-SSNR,-SSNR,,,,SOIC14,-40..105 °C,,unknown,microchip-avr-atdf:ATtiny_DFP@3.4.278,https://packs.download.microchip.com/Microchip.ATtiny_DFP.3.4.278.atpack,2026-08-12T17:20:34+00:00,manufacturer_device_database,atdf_variant_record
microchip::attiny416-mfr,microchip::attiny416,Microchip,AVR,AVR 8-bit,tinyAVR 0/1-series,ATtiny416,ATtiny416-MFR,-MFR,,,,VQFN20,-40..125 °C,,unknown,microchip-avr-atdf:ATtiny_DFP@3.4.278,https://packs.download.microchip.com/Microchip.ATtiny_DFP.3.4.278.atpack,2026-08-12T17:20:34+00:00,manufacturer_device_database,atdf_variant_record
microchip::attiny416-mnr,microchip::attiny416,Microchip,AVR,AVR 8-bit,tinyAVR 0/1-series,ATtiny416,ATtiny416-MNR,-MNR,,,,VQFN20,-40..105 °C,,unknown,microchip-avr-atdf:ATtiny_DFP@3.4.278,https://packs.download.microchip.com/Microchip.ATtiny_DFP.3.4.278.atpack,2026-08-12T17:20:34+00:00,manufacturer_device_database,atdf_variant_record
microchip::attiny416-sfr,microchip::attiny416,Microchip,AVR,AVR 8-bit,tinyAVR 0/1-series,ATtiny416,ATtiny416-SFR,-SFR,,,,SOIC20,-40..125 °C,,unknown,microchip-avr-atdf:ATtiny_DFP@3.4.278,https://packs.download.microchip.com/Microchip.ATtiny_DFP.3.4.278.atpack,2026-08-12T17:20:34+00:00,manufacturer_device_database,atdf_variant_record
microchip::attiny416-snr,microchip::attiny416,Microchip,AVR,AVR 8-bit,tinyAVR 0/1-series,ATtiny416,ATtiny416-SNR,-SNR,,,,SOIC20,-40..105 °C,,unknown,microchip-avr-atdf:ATtiny_DFP@3.4.278,https://packs.download.microchip.com/Microchip.ATtiny_DFP.3.4.278.atpack,2026-08-12T17:20:34+00:00,manufacturer_device_database,atdf_variant_record
microchip::attiny417-mfr,microchip::attiny417,Microchip,AVR,AVR 8-bit,tinyAVR 0/1-series,ATtiny417,ATtiny417-MFR,-MFR,,,,VQFN24,-40..125 °C,,unknown,microchip-avr-atdf:ATtiny_DFP@3.4.278,https://packs.download.microchip.com/Microchip.ATtiny_DFP.3.4.278.atpack,2026-08-12T17:20:34+00:00,manufacturer_device_database,atdf_variant_record
microchip::attiny417-mnr,microchip::attiny417,Microchip,AVR,AVR 8-bit,tinyAVR 0/1-series,ATtiny417,ATtiny417-MNR,-MNR,,,,VQFN24,-40..105 °C,,unknown,microchip-avr-atdf:ATtiny_DFP@3.4.278,https://packs.download.microchip.com/Microchip.ATtiny_DFP.3.4.278.atpack,2026-08-12T17:20:34+00:00,manufacturer_device_database,atdf_variant_record
microchip::attiny426-vfqn,microchip::attiny426,Microchip,AVR,AVR 8-bit,tinyAVR 2-series,ATtiny426,ATtiny426-VFQN,-VFQN,,,,QFP20,-40..125 °C,,unknown,microchip-avr-atdf:ATtiny_DFP@3.4.278,https://packs.download.microchip.com/Microchip.ATtiny_DFP.3.4.278.atpack,2026-08-12T17:20:34+00:00,manufacturer_device_database,atdf_variant_record
microchip::attiny427-vfqn,microchip::attiny427,Microchip,AVR,AVR 8-bit,tinyAVR 2-series,ATtiny427,ATtiny427-VFQN,-VFQN,,,,QFP24,-40..125 °C,,unknown,microchip-avr-atdf:ATtiny_DFP@3.4.278,https://packs.download.microchip.com/Microchip.ATtiny_DFP.3.4.278.atpack,2026-08-12T17:20:34+00:00,manufacturer_device_database,atdf_variant_record
microchip::attiny4313-mmh,microchip::attiny4313,Microchip,AVR,AVR 8-bit,Classic ATtiny,ATtiny4313,ATtiny4313-MMH,-MMH,,,,VQFN20,-40..85 °C,,unknown,microchip-avr-atdf:ATtiny_DFP@3.4.278,https://packs.download.microchip.com/Microchip.ATtiny_DFP.3.4.278.atpack,2026-08-12T17:20:34+00:00,manufacturer_device_database,atdf_variant_record
microchip::attiny4313-mmhr,microchip::attiny4313,Microchip,AVR,AVR 8-bit,Classic ATtiny,ATtiny4313,ATtiny4313-MMHR,-MMHR,,,,VQFN20,-40..85 °C,,unknown,microchip-avr-atdf:ATtiny_DFP@3.4.278,https://packs.download.microchip.com/Microchip.ATtiny_DFP.3.4.278.atpack,2026-08-12T17:20:34+00:00,manufacturer_device_database,atdf_variant_record
microchip::attiny4313-mu,microchip::attiny4313,Microchip,AVR,AVR 8-bit,Classic ATtiny,ATtiny4313,ATtiny4313-MU,-MU,,,,MLF20,-40..85 °C,,unknown,microchip-avr-atdf:ATtiny_DFP@3.4.278,https://packs.download.microchip.com/Microchip.ATtiny_DFP.3.4.278.atpack,2026-08-12T17:20:34+00:00,manufacturer_device_database,atdf_variant_record
microchip::attiny4313-mur,microchip::attiny4313,Microchip,AVR,AVR 8-bit,Classic ATtiny,ATtiny4313,ATtiny4313-MUR,-MUR,,,,MLF20,-40..85 °C,,unknown,microchip-avr-atdf:ATtiny_DFP@3.4.278,https://packs.download.microchip.com/Microchip.ATtiny_DFP.3.4.278.atpack,2026-08-12T17:20:34+00:00,manufacturer_device_database,atdf_variant_record
microchip::attiny4313-pu,microchip::attiny4313,Microchip,AVR,AVR 8-bit,Classic ATtiny,ATtiny4313,ATtiny4313-PU,-PU,,,,PDIP20,-40..85 °C,,unknown,microchip-avr-atdf:ATtiny_DFP@3.4.278,https://packs.download.microchip.com/Microchip.ATtiny_DFP.3.4.278.atpack,2026-08-12T17:20:34+00:00,manufacturer_device_database,atdf_variant_record
microchip::attiny4313-su,microchip::attiny4313,Microchip,AVR,AVR 8-bit,Classic ATtiny,ATtiny4313,ATtiny4313-SU,-SU,,,,SOIC20,-40..85 °C,,unknown,microchip-avr-atdf:ATtiny_DFP@3.4.278,https://packs.download.microchip.com/Microchip.ATtiny_DFP.3.4.278.atpack,2026-08-12T17:20:34+00:00,manufacturer_device_database,atdf_variant_record
microchip::attiny4313-sur,microchip::attiny4313,Microchip,AVR,AVR 8-bit,Classic ATtiny,ATtiny4313,ATtiny4313-SUR,-SUR,,,,SOIC20,-40..85 °C,,unknown,microchip-avr-atdf:ATtiny_DFP@3.4.278,https://packs.download.microchip.com/Microchip.ATtiny_DFP.3.4.278.atpack,2026-08-12T17:20:34+00:00,manufacturer_device_database,atdf_variant_record
microchip::attiny43u-mu,microchip::attiny43u,Microchip,AVR,AVR 8-bit,Classic ATtiny,ATtiny43U,ATtiny43U-MU,-MU,,,,QFN20,-40..85 °C,,unknown,microchip-avr-atdf:ATtiny_DFP@3.4.278,https://packs.download.microchip.com/Microchip.ATtiny_DFP.3.4.278.atpack,2026-08-12T17:20:34+00:00,manufacturer_device_database,atdf_variant_record
microchip::attiny43u-mur,microchip::attiny43u,Microchip,AVR,AVR 8-bit,Classic ATtiny,ATtiny43U,ATtiny43U-MUR,-MUR,,,,QFN20,-40..85 °C,,unknown,microchip-avr-atdf:ATtiny_DFP@3.4.278,https://packs.download.microchip.com/Microchip.ATtiny_DFP.3.4.278.atpack,2026-08-12T17:20:34+00:00,manufacturer_device_database,atdf_variant_record
microchip::attiny43u-su,microchip::attiny43u,Microchip,AVR,AVR 8-bit,Classic ATtiny,ATtiny43U,ATtiny43U-SU,-SU,,,,SOIC20,-40..85 °C,,unknown,microchip-avr-atdf:ATtiny_DFP@3.4.278,https://packs.download.microchip.com/Microchip.ATtiny_DFP.3.4.278.atpack,2026-08-12T17:20:34+00:00,manufacturer_device_database,atdf_variant_record
microchip::attiny43u-sur,microchip::attiny43u,Microchip,AVR,AVR 8-bit,Classic ATtiny,ATtiny43U,ATtiny43U-SUR,-SUR,,,,SOIC20,-40..85 °C,,unknown,microchip-avr-atdf:ATtiny_DFP@3.4.278,https://packs.download.microchip.com/Microchip.ATtiny_DFP.3.4.278.atpack,2026-08-12T17:20:34+00:00,manufacturer_device_database,atdf_variant_record
microchip::attiny44-15mz,microchip::attiny44,Microchip,AVR,AVR 8-bit,Classic ATtiny,ATtiny44,ATtiny44-15MZ,-15MZ,,,,QFN20,-40..125 °C,,unknown,microchip-avr-atdf:ATtiny_DFP@3.4.278,https://packs.download.microchip.com/Microchip.ATtiny_DFP.3.4.278.atpack,2026-08-12T17:20:34+00:00,manufacturer_device_database,atdf_variant_record
microchip::attiny44-15ssz,microchip::attiny44,Microchip,AVR,AVR 8-bit,Classic ATtiny,ATtiny44,ATtiny44-15SSZ,-15SSZ,,,,SOIC14,-40..125 °C,,unknown,microchip-avr-atdf:ATtiny_DFP@3.4.278,https://packs.download.microchip.com/Microchip.ATtiny_DFP.3.4.278.atpack,2026-08-12T17:20:34+00:00,manufacturer_device_database,atdf_variant_record
microchip::attiny44-20mu,microchip::attiny44,Microchip,AVR,AVR 8-bit,Classic ATtiny,ATtiny44,ATtiny44-20MU,-20MU,,,,QFN20,-40..85 °C,,unknown,microchip-avr-atdf:ATtiny_DFP@3.4.278,https://packs.download.microchip.com/Microchip.ATtiny_DFP.3.4.278.atpack,2026-08-12T17:20:34+00:00,manufacturer_device_database,atdf_variant_record
microchip::attiny44-20mur,microchip::attiny44,Microchip,AVR,AVR 8-bit,Classic ATtiny,ATtiny44,ATtiny44-20MUR,-20MUR,,,,QFN20,-40..85 °C,,unknown,microchip-avr-atdf:ATtiny_DFP@3.4.278,https://packs.download.microchip.com/Microchip.ATtiny_DFP.3.4.278.atpack,2026-08-12T17:20:34+00:00,manufacturer_device_database,atdf_variant_record
microchip::attiny44-20ssu,microchip::attiny44,Microchip,AVR,AVR 8-bit,Classic ATtiny,ATtiny44,ATtiny44-20SSU,-20SSU,,,,SOIC14,-40..85 °C,,unknown,microchip-avr-atdf:ATtiny_DFP@3.4.278,https://packs.download.microchip.com/Microchip.ATtiny_DFP.3.4.278.atpack,2026-08-12T17:20:34+00:00,manufacturer_device_database,atdf_variant_record
microchip::attiny44-20ssur,microchip::attiny44,Microchip,AVR,AVR 8-bit,Classic ATtiny,ATtiny44,ATtiny44-20SSUR,-20SSUR,,,,SOIC14,-40..85 °C,,unknown,microchip-avr-atdf:ATtiny_DFP@3.4.278,https://packs.download.microchip.com/Microchip.ATtiny_DFP.3.4.278.atpack,2026-08-12T17:20:34+00:00,manufacturer_device_database,atdf_variant_record
microchip::attiny441-mmh,microchip::attiny441,Microchip,AVR,AVR 8-bit,Classic ATtiny,ATtiny441,ATtiny441-MMH,-MMH,,,,VQFN20,-40..85 °C,,unknown,microchip-avr-atdf:ATtiny_DFP@3.4.278,https://packs.download.microchip.com/Microchip.ATtiny_DFP.3.4.278.atpack,2026-08-12T17:20:34+00:00,manufacturer_device_database,atdf_variant_record
microchip::attiny441-mu,microchip::attiny441,Microchip,AVR,AVR 8-bit,Classic ATtiny,ATtiny441,ATtiny441-MU,-MU,,,,MLF20,-40..85 °C,,unknown,microchip-avr-atdf:ATtiny_DFP@3.4.278,https://packs.download.microchip.com/Microchip.ATtiny_DFP.3.4.278.atpack,2026-08-12T17:20:34+00:00,manufacturer_device_database,atdf_variant_record
microchip::attiny441-ssu,microchip::attiny441,Microchip,AVR,AVR 8-bit,Classic ATtiny,ATtiny441,ATtiny441-SSU,-SSU,,,,SOIC14,-40..85 °C,,unknown,microchip-avr-atdf:ATtiny_DFP@3.4.278,https://packs.download.microchip.com/Microchip.ATtiny_DFP.3.4.278.atpack,2026-08-12T17:20:34+00:00,manufacturer_device_database,atdf_variant_record
microchip::attiny44a-ccu,microchip::attiny44a,Microchip,AVR,AVR 8-bit,Classic ATtiny,ATtiny44A,ATtiny44A-CCU,-CCU,,,,UFBGA16,-40..85 °C,,unknown,microchip-avr-atdf:ATtiny_DFP@3.4.278,https://packs.download.microchip.com/Microchip.ATtiny_DFP.3.4.278.atpack,2026-08-12T17:20:34+00:00,manufacturer_device_database,atdf_variant_record
microchip::attiny44a-mf,microchip::attiny44a,Microchip,AVR,AVR 8-bit,Classic ATtiny,ATtiny44A,ATtiny44A-MF,-MF,,,,QFN20,-40..125 °C,,unknown,microchip-avr-atdf:ATtiny_DFP@3.4.278,https://packs.download.microchip.com/Microchip.ATtiny_DFP.3.4.278.atpack,2026-08-12T17:20:34+00:00,manufacturer_device_database,atdf_variant_record
microchip::attiny44a-mmh,microchip::attiny44a,Microchip,AVR,AVR 8-bit,Classic ATtiny,ATtiny44A,ATtiny44A-MMH,-MMH,,,,VQFN20,-40..85 °C,,unknown,microchip-avr-atdf:ATtiny_DFP@3.4.278,https://packs.download.microchip.com/Microchip.ATtiny_DFP.3.4.278.atpack,2026-08-12T17:20:34+00:00,manufacturer_device_database,atdf_variant_record
microchip::attiny44a-mu,microchip::attiny44a,Microchip,AVR,AVR 8-bit,Classic ATtiny,ATtiny44A,ATtiny44A-MU,-MU,,,,QFN20,-40..85 °C,,unknown,microchip-avr-atdf:ATtiny_DFP@3.4.278,https://packs.download.microchip.com/Microchip.ATtiny_DFP.3.4.278.atpack,2026-08-12T17:20:34+00:00,manufacturer_device_database,atdf_variant_record
microchip::attiny44a-pu,microchip::attiny44a,Microchip,AVR,AVR 8-bit,Classic ATtiny,ATtiny44A,ATtiny44A-PU,-PU,,,,PDIP14,-40..85 °C,,unknown,microchip-avr-atdf:ATtiny_DFP@3.4.278,https://packs.download.microchip.com/Microchip.ATtiny_DFP.3.4.278.atpack,2026-08-12T17:20:34+00:00,manufacturer_device_database,atdf_variant_record
microchip::attiny44a-ssf,microchip::attiny44a,Microchip,AVR,AVR 8-bit,Classic ATtiny,ATtiny44A,ATtiny44A-SSF,-SSF,,,,SOIC14,-40..125 °C,,unknown,microchip-avr-atdf:ATtiny_DFP@3.4.278,https://packs.download.microchip.com/Microchip.ATtiny_DFP.3.4.278.atpack,2026-08-12T17:20:34+00:00,manufacturer_device_database,atdf_variant_record
microchip::attiny44a-ssn,microchip::attiny44a,Microchip,AVR,AVR 8-bit,Classic ATtiny,ATtiny44A,ATtiny44A-SSN,-SSN,,,,SOIC14,-40..105 °C,,unknown,microchip-avr-atdf:ATtiny_DFP@3.4.278,https://packs.download.microchip.com/Microchip.ATtiny_DFP.3.4.278.atpack,2026-08-12T17:20:34+00:00,manufacturer_device_database,atdf_variant_record
microchip::attiny44a-ssu,microchip::attiny44a,Microchip,AVR,AVR 8-bit,Classic ATtiny,ATtiny44A,ATtiny44A-SSU,-SSU,,,,SOIC14,-40..85 °C,,unknown,microchip-avr-atdf:ATtiny_DFP@3.4.278,https://packs.download.microchip.com/Microchip.ATtiny_DFP.3.4.278.atpack,2026-08-12T17:20:34+00:00,manufacturer_device_database,atdf_variant_record
microchip::attiny44v-10mu,microchip::attiny44,Microchip,AVR,AVR 8-bit,Classic ATtiny,ATtiny44,ATtiny44V-10MU,V-10MU,,,,QFN20,-40..85 °C,,unknown,microchip-avr-atdf:ATtiny_DFP@3.4.278,https://packs.download.microchip.com/Microchip.ATtiny_DFP.3.4.278.atpack,2026-08-12T17:20:34+00:00,manufacturer_device_database,atdf_variant_record
microchip::attiny44v-10mur,microchip::attiny44,Microchip,AVR,AVR 8-bit,Classic ATtiny,ATtiny44,ATtiny44V-10MUR,V-10MUR,,,,QFN20,-40..85 °C,,unknown,microchip-avr-atdf:ATtiny_DFP@3.4.278,https://packs.download.microchip.com/Microchip.ATtiny_DFP.3.4.278.atpack,2026-08-12T17:20:34+00:00,manufacturer_device_database,atdf_variant_record
microchip::attiny44v-10ssu,microchip::attiny44,Microchip,AVR,AVR 8-bit,Classic ATtiny,ATtiny44,ATtiny44V-10SSU,V-10SSU,,,,SOIC14,-40..85 °C,,unknown,microchip-avr-atdf:ATtiny_DFP@3.4.278,https://packs.download.microchip.com/Microchip.ATtiny_DFP.3.4.278.atpack,2026-08-12T17:20:34+00:00,manufacturer_device_database,atdf_variant_record
microchip::attiny44v-10ssur,microchip::attiny44,Microchip,AVR,AVR 8-bit,Classic ATtiny,ATtiny44,ATtiny44V-10SSUR,V-10SSUR,,,,SOIC14,-40..85 °C,,unknown,microchip-avr-atdf:ATtiny_DFP@3.4.278,https://packs.download.microchip.com/Microchip.ATtiny_DFP.3.4.278.atpack,2026-08-12T17:20:34+00:00,manufacturer_device_database,atdf_variant_record
microchip::attiny45v-10mu,microchip::attiny45,Microchip,AVR,AVR 8-bit,Classic ATtiny,ATtiny45,ATtiny45V-10MU,V-10MU,,,,MLF20,-40..85 °C,,unknown,microchip-avr-atdf:ATtiny_DFP@3.4.278,https://packs.download.microchip.com/Microchip.ATtiny_DFP.3.4.278.atpack,2026-08-12T17:20:34+00:00,manufacturer_device_database,atdf_variant_record
microchip::attiny45v-10pu,microchip::attiny45,Microchip,AVR,AVR 8-bit,Classic ATtiny,ATtiny45,ATtiny45V-10PU,V-10PU,,,,PDIP8,-40..85 °C,,unknown,microchip-avr-atdf:ATtiny_DFP@3.4.278,https://packs.download.microchip.com/Microchip.ATtiny_DFP.3.4.278.atpack,2026-08-12T17:20:34+00:00,manufacturer_device_database,atdf_variant_record
microchip::attiny45v-10sh,microchip::attiny45,Microchip,AVR,AVR 8-bit,Classic ATtiny,ATtiny45,ATtiny45V-10SH,V-10SH,,,,SOIC8,-40..85 °C,,unknown,microchip-avr-atdf:ATtiny_DFP@3.4.278,https://packs.download.microchip.com/Microchip.ATtiny_DFP.3.4.278.atpack,2026-08-12T17:20:34+00:00,manufacturer_device_database,atdf_variant_record
microchip::attiny45v-10su,microchip::attiny45,Microchip,AVR,AVR 8-bit,Classic ATtiny,ATtiny45,ATtiny45V-10SU,V-10SU,,,,SOIC8,-40..85 °C,,unknown,microchip-avr-atdf:ATtiny_DFP@3.4.278,https://packs.download.microchip.com/Microchip.ATtiny_DFP.3.4.278.atpack,2026-08-12T17:20:34+00:00,manufacturer_device_database,atdf_variant_record
microchip::attiny45v-10xu,microchip::attiny45,Microchip,AVR,AVR 8-bit,Classic ATtiny,ATtiny45,ATtiny45V-10XU,V-10XU,,,,TSSOP8,-40..85 °C,,unknown,microchip-avr-atdf:ATtiny_DFP@3.4.278,https://packs.download.microchip.com/Microchip.ATtiny_DFP.3.4.278.atpack,2026-08-12T17:20:34+00:00,manufacturer_device_database,atdf_variant_record
microchip::attiny45v-20mu,microchip::attiny45,Microchip,AVR,AVR 8-bit,Classic ATtiny,ATtiny45,ATtiny45V-20MU,V-20MU,,,,MLF20,-40..85 °C,,unknown,microchip-avr-atdf:ATtiny_DFP@3.4.278,https://packs.download.microchip.com/Microchip.ATtiny_DFP.3.4.278.atpack,2026-08-12T17:20:34+00:00,manufacturer_device_database,atdf_variant_record
microchip::attiny45v-20pu,microchip::attiny45,Microchip,AVR,AVR 8-bit,Classic ATtiny,ATtiny45,ATtiny45V-20PU,V-20PU,,,,PDIP8,-40..85 °C,,unknown,microchip-avr-atdf:ATtiny_DFP@3.4.278,https://packs.download.microchip.com/Microchip.ATtiny_DFP.3.4.278.atpack,2026-08-12T17:20:34+00:00,manufacturer_device_database,atdf_variant_record
microchip::attiny45v-20sh,microchip::attiny45,Microchip,AVR,AVR 8-bit,Classic ATtiny,ATtiny45,ATtiny45V-20SH,V-20SH,,,,SOIC8,-40..85 °C,,unknown,microchip-avr-atdf:ATtiny_DFP@3.4.278,https://packs.download.microchip.com/Microchip.ATtiny_DFP.3.4.278.atpack,2026-08-12T17:20:34+00:00,manufacturer_device_database,atdf_variant_record
microchip::attiny45v-20su,microchip::attiny45,Microchip,AVR,AVR 8-bit,Classic ATtiny,ATtiny45,ATtiny45V-20SU,V-20SU,,,,SOIC8,-40..85 °C,,unknown,microchip-avr-atdf:ATtiny_DFP@3.4.278,https://packs.download.microchip.com/Microchip.ATtiny_DFP.3.4.278.atpack,2026-08-12T17:20:34+00:00,manufacturer_device_database,atdf_variant_record
microchip::attiny45v-20xu,microchip::attiny45,Microchip,AVR,AVR 8-bit,Classic ATtiny,ATtiny45,ATtiny45V-20XU,V-20XU,,,,TSSOP8,-40..85 °C,,unknown,microchip-avr-atdf:ATtiny_DFP@3.4.278,https://packs.download.microchip.com/Microchip.ATtiny_DFP.3.4.278.atpack,2026-08-12T17:20:34+00:00,manufacturer_device_database,atdf_variant_record
microchip::attiny461-20mu,microchip::attiny461,Microchip,AVR,AVR 8-bit,Classic ATtiny,ATtiny461,ATtiny461-20MU,-20MU,,,,MLF32,-40..85 °C,,unknown,microchip-avr-atdf:ATtiny_DFP@3.4.278,https://packs.download.microchip.com/Microchip.ATtiny_DFP.3.4.278.atpack,2026-08-12T17:20:34+00:00,manufacturer_device_database,atdf_variant_record
microchip::attiny461-20pu,microchip::attiny461,Microchip,AVR,AVR 8-bit,Classic ATtiny,ATtiny461,ATtiny461-20PU,-20PU,,,,PDIP20,-40..85 °C,,unknown,microchip-avr-atdf:ATtiny_DFP@3.4.278,https://packs.download.microchip.com/Microchip.ATtiny_DFP.3.4.278.atpack,2026-08-12T17:20:34+00:00,manufacturer_device_database,atdf_variant_record
microchip::attiny461-20su,microchip::attiny461,Microchip,AVR,AVR 8-bit,Classic ATtiny,ATtiny461,ATtiny461-20SU,-20SU,,,,SOIC20,-40..85 °C,,unknown,microchip-avr-atdf:ATtiny_DFP@3.4.278,https://packs.download.microchip.com/Microchip.ATtiny_DFP.3.4.278.atpack,2026-08-12T17:20:34+00:00,manufacturer_device_database,atdf_variant_record
microchip::attiny461a-mu,microchip::attiny461a,Microchip,AVR,AVR 8-bit,Classic ATtiny,ATtiny461A,ATtiny461A-MU,-MU,,,,VQFN32,-40..85 °C,,unknown,microchip-avr-atdf:ATtiny_DFP@3.4.278,https://packs.download.microchip.com/Microchip.ATtiny_DFP.3.4.278.atpack,2026-08-12T17:20:34+00:00,manufacturer_device_database,atdf_variant_record
microchip::attiny461a-mur,microchip::attiny461a,Microchip,AVR,AVR 8-bit,Classic ATtiny,ATtiny461A,ATtiny461A-MUR,-MUR,,,,VQFN32,-40..85 °C,,unknown,microchip-avr-atdf:ATtiny_DFP@3.4.278,https://packs.download.microchip.com/Microchip.ATtiny_DFP.3.4.278.atpack,2026-08-12T17:20:34+00:00,manufacturer_device_database,atdf_variant_record
microchip::attiny461a-su,microchip::attiny461a,Microchip,AVR,AVR 8-bit,Classic ATtiny,ATtiny461A,ATtiny461A-SU,-SU,,,,SOIC20,-40..85 °C,,unknown,microchip-avr-atdf:ATtiny_DFP@3.4.278,https://packs.download.microchip.com/Microchip.ATtiny_DFP.3.4.278.atpack,2026-08-12T17:20:34+00:00,manufacturer_device_database,atdf_variant_record
microchip::attiny461a-sur,microchip::attiny461a,Microchip,AVR,AVR 8-bit,Classic ATtiny,ATtiny461A,ATtiny461A-SUR,-SUR,,,,SOIC20,-40..85 °C,,unknown,microchip-avr-atdf:ATtiny_DFP@3.4.278,https://packs.download.microchip.com/Microchip.ATtiny_DFP.3.4.278.atpack,2026-08-12T17:20:34+00:00,manufacturer_device_database,atdf_variant_record
microchip::attiny461a-xu,microchip::attiny461a,Microchip,AVR,AVR 8-bit,Classic ATtiny,ATtiny461A,ATtiny461A-XU,-XU,,,,TSSOP20,-40..85 °C,,unknown,microchip-avr-atdf:ATtiny_DFP@3.4.278,https://packs.download.microchip.com/Microchip.ATtiny_DFP.3.4.278.atpack,2026-08-12T17:20:34+00:00,manufacturer_device_database,atdf_variant_record
microchip::attiny461a-xur,microchip::attiny461a,Microchip,AVR,AVR 8-bit,Classic ATtiny,ATtiny461A,ATtiny461A-XUR,-XUR,,,,TSSOP20,-40..85 °C,,unknown,microchip-avr-atdf:ATtiny_DFP@3.4.278,https://packs.download.microchip.com/Microchip.ATtiny_DFP.3.4.278.atpack,2026-08-12T17:20:34+00:00,manufacturer_device_database,atdf_variant_record
microchip::attiny461v-10mu,microchip::attiny461,Microchip,AVR,AVR 8-bit,Classic ATtiny,ATtiny461,ATtiny461V-10MU,V-10MU,,,,MLF32,-40..85 °C,,unknown,microchip-avr-atdf:ATtiny_DFP@3.4.278,https://packs.download.microchip.com/Microchip.ATtiny_DFP.3.4.278.atpack,2026-08-12T17:20:34+00:00,manufacturer_device_database,atdf_variant_record
microchip::attiny461v-10pu,microchip::attiny461,Microchip,AVR,AVR 8-bit,Classic ATtiny,ATtiny461,ATtiny461V-10PU,V-10PU,,,,PDIP20,-40..85 °C,,unknown,microchip-avr-atdf:ATtiny_DFP@3.4.278,https://packs.download.microchip.com/Microchip.ATtiny_DFP.3.4.278.atpack,2026-08-12T17:20:34+00:00,manufacturer_device_database,atdf_variant_record
microchip::attiny461v-10su,microchip::attiny461,Microchip,AVR,AVR 8-bit,Classic ATtiny,ATtiny461,ATtiny461V-10SU,V-10SU,,,,SOIC20,-40..85 °C,,unknown,microchip-avr-atdf:ATtiny_DFP@3.4.278,https://packs.download.microchip.com/Microchip.ATtiny_DFP.3.4.278.atpack,2026-08-12T17:20:34+00:00,manufacturer_device_database,atdf_variant_record
microchip::attiny48-au,microchip::attiny48,Microchip,AVR,AVR 8-bit,Classic ATtiny,ATtiny48,ATtiny48-AU,-AU,,,,TQFP32,-40..85 °C,,unknown,microchip-avr-atdf:ATtiny_DFP@3.4.278,https://packs.download.microchip.com/Microchip.ATtiny_DFP.3.4.278.atpack,2026-08-12T17:20:34+00:00,manufacturer_device_database,atdf_variant_record
microchip::attiny48-ccu,microchip::attiny48,Microchip,AVR,AVR 8-bit,Classic ATtiny,ATtiny48,ATtiny48-CCU,-CCU,,,,UFBGA32,-40..85 °C,,unknown,microchip-avr-atdf:ATtiny_DFP@3.4.278,https://packs.download.microchip.com/Microchip.ATtiny_DFP.3.4.278.atpack,2026-08-12T17:20:34+00:00,manufacturer_device_database,atdf_variant_record
microchip::attiny48-mmh,microchip::attiny48,Microchip,AVR,AVR 8-bit,Classic ATtiny,ATtiny48,ATtiny48-MMH,-MMH,,,,QFN28,-40..85 °C,,unknown,microchip-avr-atdf:ATtiny_DFP@3.4.278,https://packs.download.microchip.com/Microchip.ATtiny_DFP.3.4.278.atpack,2026-08-12T17:20:34+00:00,manufacturer_device_database,atdf_variant_record
microchip::attiny48-mmu,microchip::attiny48,Microchip,AVR,AVR 8-bit,Classic ATtiny,ATtiny48,ATtiny48-MMU,-MMU,,,,QFN28,-40..85 °C,,unknown,microchip-avr-atdf:ATtiny_DFP@3.4.278,https://packs.download.microchip.com/Microchip.ATtiny_DFP.3.4.278.atpack,2026-08-12T17:20:34+00:00,manufacturer_device_database,atdf_variant_record
microchip::attiny48-mu,microchip::attiny48,Microchip,AVR,AVR 8-bit,Classic ATtiny,ATtiny48,ATtiny48-MU,-MU,,,,QFN32,-40..85 °C,,unknown,microchip-avr-atdf:ATtiny_DFP@3.4.278,https://packs.download.microchip.com/Microchip.ATtiny_DFP.3.4.278.atpack,2026-08-12T17:20:34+00:00,manufacturer_device_database,atdf_variant_record
microchip::attiny48-pu,microchip::attiny48,Microchip,AVR,AVR 8-bit,Classic ATtiny,ATtiny48,ATtiny48-PU,-PU,,,,PDIP28,-40..85 °C,,unknown,microchip-avr-atdf:ATtiny_DFP@3.4.278,https://packs.download.microchip.com/Microchip.ATtiny_DFP.3.4.278.atpack,2026-08-12T17:20:34+00:00,manufacturer_device_database,atdf_variant_record
microchip::attiny5-mahr,microchip::attiny5,Microchip,AVR,AVR 8-bit,Classic ATtiny,ATtiny5,ATtiny5-MAHR,-MAHR,,,,UDFN8,-40..85 °C,,unknown,microchip-avr-atdf:ATtiny_DFP@3.4.278,https://packs.download.microchip.com/Microchip.ATtiny_DFP.3.4.278.atpack,2026-08-12T17:20:34+00:00,manufacturer_device_database,atdf_variant_record
microchip::attiny5-ts8r,microchip::attiny5,Microchip,AVR,AVR 8-bit,Classic ATtiny,ATtiny5,ATtiny5-TS8R,-TS8R,,,,SOT23-6,-40..125 °C,,unknown,microchip-avr-atdf:ATtiny_DFP@3.4.278,https://packs.download.microchip.com/Microchip.ATtiny_DFP.3.4.278.atpack,2026-08-12T17:20:34+00:00,manufacturer_device_database,atdf_variant_record
microchip::attiny5-tshr,microchip::attiny5,Microchip,AVR,AVR 8-bit,Classic ATtiny,ATtiny5,ATtiny5-TSHR,-TSHR,,,,SOT23-6,-40..85 °C,,unknown,microchip-avr-atdf:ATtiny_DFP@3.4.278,https://packs.download.microchip.com/Microchip.ATtiny_DFP.3.4.278.atpack,2026-08-12T17:20:34+00:00,manufacturer_device_database,atdf_variant_record
microchip::attiny804-ssfr,microchip::attiny804,Microchip,AVR,AVR 8-bit,tinyAVR 0/1-series,ATtiny804,ATtiny804-SSFR,-SSFR,,,,SOIC14,-40..125 °C,,unknown,microchip-avr-atdf:ATtiny_DFP@3.4.278,https://packs.download.microchip.com/Microchip.ATtiny_DFP.3.4.278.atpack,2026-08-12T17:20:34+00:00,manufacturer_device_database,atdf_variant_record
microchip::attiny804-ssnr,microchip::attiny804,Microchip,AVR,AVR 8-bit,tinyAVR 0/1-series,ATtiny804,ATtiny804-SSNR,-SSNR,,,,SOIC14,-40..105 °C,,unknown,microchip-avr-atdf:ATtiny_DFP@3.4.278,https://packs.download.microchip.com/Microchip.ATtiny_DFP.3.4.278.atpack,2026-08-12T17:20:34+00:00,manufacturer_device_database,atdf_variant_record
microchip::attiny806-mfr,microchip::attiny806,Microchip,AVR,AVR 8-bit,tinyAVR 0/1-series,ATtiny806,ATtiny806-MFR,-MFR,,,,VQFN20,-40..125 °C,,unknown,microchip-avr-atdf:ATtiny_DFP@3.4.278,https://packs.download.microchip.com/Microchip.ATtiny_DFP.3.4.278.atpack,2026-08-12T17:20:34+00:00,manufacturer_device_database,atdf_variant_record
microchip::attiny806-mnr,microchip::attiny806,Microchip,AVR,AVR 8-bit,tinyAVR 0/1-series,ATtiny806,ATtiny806-MNR,-MNR,,,,VQFN20,-40..105 °C,,unknown,microchip-avr-atdf:ATtiny_DFP@3.4.278,https://packs.download.microchip.com/Microchip.ATtiny_DFP.3.4.278.atpack,2026-08-12T17:20:34+00:00,manufacturer_device_database,atdf_variant_record
microchip::attiny806-sfr,microchip::attiny806,Microchip,AVR,AVR 8-bit,tinyAVR 0/1-series,ATtiny806,ATtiny806-SFR,-SFR,,,,SOIC20,-40..125 °C,,unknown,microchip-avr-atdf:ATtiny_DFP@3.4.278,https://packs.download.microchip.com/Microchip.ATtiny_DFP.3.4.278.atpack,2026-08-12T17:20:34+00:00,manufacturer_device_database,atdf_variant_record
microchip::attiny806-snr,microchip::attiny806,Microchip,AVR,AVR 8-bit,tinyAVR 0/1-series,ATtiny806,ATtiny806-SNR,-SNR,,,,SOIC20,-40..105 °C,,unknown,microchip-avr-atdf:ATtiny_DFP@3.4.278,https://packs.download.microchip.com/Microchip.ATtiny_DFP.3.4.278.atpack,2026-08-12T17:20:34+00:00,manufacturer_device_database,atdf_variant_record
microchip::attiny807-mnr,microchip::attiny807,Microchip,AVR,AVR 8-bit,tinyAVR 0/1-series,ATtiny807,ATtiny807-MNR,-MNR,,,,VQFN24,-40..105 °C,,unknown,microchip-avr-atdf:ATtiny_DFP@3.4.278,https://packs.download.microchip.com/Microchip.ATtiny_DFP.3.4.278.atpack,2026-08-12T17:20:34+00:00,manufacturer_device_database,atdf_variant_record
microchip::attiny807-mrf,microchip::attiny807,Microchip,AVR,AVR 8-bit,tinyAVR 0/1-series,ATtiny807,ATtiny807-MRF,-MRF,,,,VQFN24,-40..125 °C,,unknown,microchip-avr-atdf:ATtiny_DFP@3.4.278,https://packs.download.microchip.com/Microchip.ATtiny_DFP.3.4.278.atpack,2026-08-12T17:20:34+00:00,manufacturer_device_database,atdf_variant_record
microchip::attiny814-ssfr,microchip::attiny814,Microchip,AVR,AVR 8-bit,tinyAVR 0/1-series,ATtiny814,ATtiny814-SSFR,-SSFR,,,,SOIC14,-40..125 °C,,unknown,microchip-avr-atdf:ATtiny_DFP@3.4.278,https://packs.download.microchip.com/Microchip.ATtiny_DFP.3.4.278.atpack,2026-08-12T17:20:34+00:00,manufacturer_device_database,atdf_variant_record
microchip::attiny814-ssnr,microchip::attiny814,Microchip,AVR,AVR 8-bit,tinyAVR 0/1-series,ATtiny814,ATtiny814-SSNR,-SSNR,,,,SOIC14,-40..105 °C,,unknown,microchip-avr-atdf:ATtiny_DFP@3.4.278,https://packs.download.microchip.com/Microchip.ATtiny_DFP.3.4.278.atpack,2026-08-12T17:20:34+00:00,manufacturer_device_database,atdf_variant_record
microchip::attiny814-ssnres,microchip::attiny814,Microchip,AVR,AVR 8-bit,tinyAVR 0/1-series,ATtiny814,ATtiny814-SSNRES,-SSNRES,,,,SOIC14,-40..105 °C,,unknown,microchip-avr-atdf:ATtiny_DFP@3.4.278,https://packs.download.microchip.com/Microchip.ATtiny_DFP.3.4.278.atpack,2026-08-12T17:20:34+00:00,manufacturer_device_database,atdf_variant_record
microchip::attiny816-mfr,microchip::attiny816,Microchip,AVR,AVR 8-bit,tinyAVR 0/1-series,ATtiny816,ATtiny816-MFR,-MFR,,,,VQFN20,-40..125 °C,,unknown,microchip-avr-atdf:ATtiny_DFP@3.4.278,https://packs.download.microchip.com/Microchip.ATtiny_DFP.3.4.278.atpack,2026-08-12T17:20:34+00:00,manufacturer_device_database,atdf_variant_record
microchip::attiny816-mnr,microchip::attiny816,Microchip,AVR,AVR 8-bit,tinyAVR 0/1-series,ATtiny816,ATtiny816-MNR,-MNR,,,,VQFN20,-40..105 °C,,unknown,microchip-avr-atdf:ATtiny_DFP@3.4.278,https://packs.download.microchip.com/Microchip.ATtiny_DFP.3.4.278.atpack,2026-08-12T17:20:34+00:00,manufacturer_device_database,atdf_variant_record
microchip::attiny816-mnres,microchip::attiny816,Microchip,AVR,AVR 8-bit,tinyAVR 0/1-series,ATtiny816,ATtiny816-MNRES,-MNRES,,,,VQFN20,-40..105 °C,,unknown,microchip-avr-atdf:ATtiny_DFP@3.4.278,https://packs.download.microchip.com/Microchip.ATtiny_DFP.3.4.278.atpack,2026-08-12T17:20:34+00:00,manufacturer_device_database,atdf_variant_record
microchip::attiny816-sfr,microchip::attiny816,Microchip,AVR,AVR 8-bit,tinyAVR 0/1-series,ATtiny816,ATtiny816-SFR,-SFR,,,,SOIC20,-40..125 °C,,unknown,microchip-avr-atdf:ATtiny_DFP@3.4.278,https://packs.download.microchip.com/Microchip.ATtiny_DFP.3.4.278.atpack,2026-08-12T17:20:34+00:00,manufacturer_device_database,atdf_variant_record
microchip::attiny816-snr,microchip::attiny816,Microchip,AVR,AVR 8-bit,tinyAVR 0/1-series,ATtiny816,ATtiny816-SNR,-SNR,,,,SOIC20,-40..105 °C,,unknown,microchip-avr-atdf:ATtiny_DFP@3.4.278,https://packs.download.microchip.com/Microchip.ATtiny_DFP.3.4.278.atpack,2026-08-12T17:20:34+00:00,manufacturer_device_database,atdf_variant_record
microchip::attiny817-mfr,microchip::attiny817,Microchip,AVR,AVR 8-bit,tinyAVR 0/1-series,ATtiny817,ATtiny817-MFR,-MFR,,,,VQFN24,-40..125 °C,,unknown,microchip-avr-atdf:ATtiny_DFP@3.4.278,https://packs.download.microchip.com/Microchip.ATtiny_DFP.3.4.278.atpack,2026-08-12T17:20:34+00:00,manufacturer_device_database,atdf_variant_record
microchip::attiny817-mnr,microchip::attiny817,Microchip,AVR,AVR 8-bit,tinyAVR 0/1-series,ATtiny817,ATtiny817-MNR,-MNR,,,,VQFN24,-40..105 °C,,unknown,microchip-avr-atdf:ATtiny_DFP@3.4.278,https://packs.download.microchip.com/Microchip.ATtiny_DFP.3.4.278.atpack,2026-08-12T17:20:34+00:00,manufacturer_device_database,atdf_variant_record
microchip::attiny817-mnres,microchip::attiny817,Microchip,AVR,AVR 8-bit,tinyAVR 0/1-series,ATtiny817,ATtiny817-MNRES,-MNRES,,,,VQFN24,-40..105 °C,,unknown,microchip-avr-atdf:ATtiny_DFP@3.4.278,https://packs.download.microchip.com/Microchip.ATtiny_DFP.3.4.278.atpack,2026-08-12T17:20:34+00:00,manufacturer_device_database,atdf_variant_record
microchip::attiny826-vfqn,microchip::attiny826,Microchip,AVR,AVR 8-bit,tinyAVR 2-series,ATtiny826,ATtiny826-VFQN,-VFQN,,,,QFP20,-40..125 °C,,unknown,microchip-avr-atdf:ATtiny_DFP@3.4.278,https://packs.download.microchip.com/Microchip.ATtiny_DFP.3.4.278.atpack,2026-08-12T17:20:34+00:00,manufacturer_device_database,atdf_variant_record
microchip::attiny827-vqfn,microchip::attiny827,Microchip,AVR,AVR 8-bit,tinyAVR 2-series,ATtiny827,ATtiny827-VQFN,-VQFN,,,,QFP24,-40..125 °C,,unknown,microchip-avr-atdf:ATtiny_DFP@3.4.278,https://packs.download.microchip.com/Microchip.ATtiny_DFP.3.4.278.atpack,2026-08-12T17:20:34+00:00,manufacturer_device_database,atdf_variant_record
microchip::attiny828-au,microchip::attiny828,Microchip,AVR,AVR 8-bit,Classic ATtiny,ATtiny828,ATtiny828-AU,-AU,,,,TQFP32,-40..85 °C,,unknown,microchip-avr-atdf:ATtiny_DFP@3.4.278,https://packs.download.microchip.com/Microchip.ATtiny_DFP.3.4.278.atpack,2026-08-12T17:20:34+00:00,manufacturer_device_database,atdf_variant_record
microchip::attiny828-aur,microchip::attiny828,Microchip,AVR,AVR 8-bit,Classic ATtiny,ATtiny828,ATtiny828-AUR,-AUR,,,,TQFP32,-40..85 °C,,unknown,microchip-avr-atdf:ATtiny_DFP@3.4.278,https://packs.download.microchip.com/Microchip.ATtiny_DFP.3.4.278.atpack,2026-08-12T17:20:34+00:00,manufacturer_device_database,atdf_variant_record
microchip::attiny828-mu,microchip::attiny828,Microchip,AVR,AVR 8-bit,Classic ATtiny,ATtiny828,ATtiny828-MU,-MU,,,,VQFN32,-40..85 °C,,unknown,microchip-avr-atdf:ATtiny_DFP@3.4.278,https://packs.download.microchip.com/Microchip.ATtiny_DFP.3.4.278.atpack,2026-08-12T17:20:34+00:00,manufacturer_device_database,atdf_variant_record
microchip::attiny828-mur,microchip::attiny828,Microchip,AVR,AVR 8-bit,Classic ATtiny,ATtiny828,ATtiny828-MUR,-MUR,,,,VQFN32,-40..85 °C,,unknown,microchip-avr-atdf:ATtiny_DFP@3.4.278,https://packs.download.microchip.com/Microchip.ATtiny_DFP.3.4.278.atpack,2026-08-12T17:20:34+00:00,manufacturer_device_database,atdf_variant_record
microchip::attiny828r-au,microchip::attiny828,Microchip,AVR,AVR 8-bit,Classic ATtiny,ATtiny828,ATtiny828R-AU,R-AU,,,,TQFP32,-40..85 °C,,unknown,microchip-avr-atdf:ATtiny_DFP@3.4.278,https://packs.download.microchip.com/Microchip.ATtiny_DFP.3.4.278.atpack,2026-08-12T17:20:34+00:00,manufacturer_device_database,atdf_variant_record
microchip::attiny828r-aur,microchip::attiny828,Microchip,AVR,AVR 8-bit,Classic ATtiny,ATtiny828,ATtiny828R-AUR,R-AUR,,,,TQFP32,-40..85 °C,,unknown,microchip-avr-atdf:ATtiny_DFP@3.4.278,https://packs.download.microchip.com/Microchip.ATtiny_DFP.3.4.278.atpack,2026-08-12T17:20:34+00:00,manufacturer_device_database,atdf_variant_record
microchip::attiny84-15mz,microchip::attiny84,Microchip,AVR,AVR 8-bit,Classic ATtiny,ATtiny84,ATtiny84-15MZ,-15MZ,,,,QFN20,-40..125 °C,,unknown,microchip-avr-atdf:ATtiny_DFP@3.4.278,https://packs.download.microchip.com/Microchip.ATtiny_DFP.3.4.278.atpack,2026-08-12T17:20:34+00:00,manufacturer_device_database,atdf_variant_record
microchip::attiny84-20mu,microchip::attiny84,Microchip,AVR,AVR 8-bit,Classic ATtiny,ATtiny84,ATtiny84-20MU,-20MU,,,,QFN20,-40..85 °C,,unknown,microchip-avr-atdf:ATtiny_DFP@3.4.278,https://packs.download.microchip.com/Microchip.ATtiny_DFP.3.4.278.atpack,2026-08-12T17:20:34+00:00,manufacturer_device_database,atdf_variant_record
microchip::attiny84-20mur,microchip::attiny84,Microchip,AVR,AVR 8-bit,Classic ATtiny,ATtiny84,ATtiny84-20MUR,-20MUR,,,,QFN20,-40..85 °C,,unknown,microchip-avr-atdf:ATtiny_DFP@3.4.278,https://packs.download.microchip.com/Microchip.ATtiny_DFP.3.4.278.atpack,2026-08-12T17:20:34+00:00,manufacturer_device_database,atdf_variant_record
microchip::attiny84-20ssu,microchip::attiny84,Microchip,AVR,AVR 8-bit,Classic ATtiny,ATtiny84,ATtiny84-20SSU,-20SSU,,,,SOIC14,-40..85 °C,,unknown,microchip-avr-atdf:ATtiny_DFP@3.4.278,https://packs.download.microchip.com/Microchip.ATtiny_DFP.3.4.278.atpack,2026-08-12T17:20:34+00:00,manufacturer_device_database,atdf_variant_record
microchip::attiny84-20ssur,microchip::attiny84,Microchip,AVR,AVR 8-bit,Classic ATtiny,ATtiny84,ATtiny84-20SSUR,-20SSUR,,,,SOIC14,-40..85 °C,,unknown,microchip-avr-atdf:ATtiny_DFP@3.4.278,https://packs.download.microchip.com/Microchip.ATtiny_DFP.3.4.278.atpack,2026-08-12T17:20:34+00:00,manufacturer_device_database,atdf_variant_record
microchip::attiny841-mmh,microchip::attiny841,Microchip,AVR,AVR 8-bit,Classic ATtiny,ATtiny841,ATtiny841-MMH,-MMH,,,,VQFN20,-40..85 °C,,unknown,microchip-avr-atdf:ATtiny_DFP@3.4.278,https://packs.download.microchip.com/Microchip.ATtiny_DFP.3.4.278.atpack,2026-08-12T17:20:34+00:00,manufacturer_device_database,atdf_variant_record
microchip::attiny841-mu,microchip::attiny841,Microchip,AVR,AVR 8-bit,Classic ATtiny,ATtiny841,ATtiny841-MU,-MU,,,,MLF20,-40..85 °C,,unknown,microchip-avr-atdf:ATtiny_DFP@3.4.278,https://packs.download.microchip.com/Microchip.ATtiny_DFP.3.4.278.atpack,2026-08-12T17:20:34+00:00,manufacturer_device_database,atdf_variant_record
microchip::attiny841-ssu,microchip::attiny841,Microchip,AVR,AVR 8-bit,Classic ATtiny,ATtiny841,ATtiny841-SSU,-SSU,,,,SOIC14,-40..85 °C,,unknown,microchip-avr-atdf:ATtiny_DFP@3.4.278,https://packs.download.microchip.com/Microchip.ATtiny_DFP.3.4.278.atpack,2026-08-12T17:20:34+00:00,manufacturer_device_database,atdf_variant_record
microchip::attiny84a-ccu,microchip::attiny84a,Microchip,AVR,AVR 8-bit,Classic ATtiny,ATtiny84A,ATtiny84A-CCU,-CCU,,,,UFBGA16,-40..85 °C,,unknown,microchip-avr-atdf:ATtiny_DFP@3.4.278,https://packs.download.microchip.com/Microchip.ATtiny_DFP.3.4.278.atpack,2026-08-12T17:20:34+00:00,manufacturer_device_database,atdf_variant_record
microchip::attiny84a-mmh,microchip::attiny84a,Microchip,AVR,AVR 8-bit,Classic ATtiny,ATtiny84A,ATtiny84A-MMH,-MMH,,,,VQFN20,-40..85 °C,,unknown,microchip-avr-atdf:ATtiny_DFP@3.4.278,https://packs.download.microchip.com/Microchip.ATtiny_DFP.3.4.278.atpack,2026-08-12T17:20:34+00:00,manufacturer_device_database,atdf_variant_record
microchip::attiny84a-mu,microchip::attiny84a,Microchip,AVR,AVR 8-bit,Classic ATtiny,ATtiny84A,ATtiny84A-MU,-MU,,,,QFN20,-40..85 °C,,unknown,microchip-avr-atdf:ATtiny_DFP@3.4.278,https://packs.download.microchip.com/Microchip.ATtiny_DFP.3.4.278.atpack,2026-08-12T17:20:34+00:00,manufacturer_device_database,atdf_variant_record
microchip::attiny84a-pu,microchip::attiny84a,Microchip,AVR,AVR 8-bit,Classic ATtiny,ATtiny84A,ATtiny84A-PU,-PU,,,,PDIP14,-40..85 °C,,unknown,microchip-avr-atdf:ATtiny_DFP@3.4.278,https://packs.download.microchip.com/Microchip.ATtiny_DFP.3.4.278.atpack,2026-08-12T17:20:34+00:00,manufacturer_device_database,atdf_variant_record
microchip::attiny84a-ssf,microchip::attiny84a,Microchip,AVR,AVR 8-bit,Classic ATtiny,ATtiny84A,ATtiny84A-SSF,-SSF,,,,SOIC14,-40..125 °C,,unknown,microchip-avr-atdf:ATtiny_DFP@3.4.278,https://packs.download.microchip.com/Microchip.ATtiny_DFP.3.4.278.atpack,2026-08-12T17:20:34+00:00,manufacturer_device_database,atdf_variant_record
microchip::attiny84a-ssu,microchip::attiny84a,Microchip,AVR,AVR 8-bit,Classic ATtiny,ATtiny84A,ATtiny84A-SSU,-SSU,,,,SOIC14,-40..85 °C,,unknown,microchip-avr-atdf:ATtiny_DFP@3.4.278,https://packs.download.microchip.com/Microchip.ATtiny_DFP.3.4.278.atpack,2026-08-12T17:20:34+00:00,manufacturer_device_database,atdf_variant_record
microchip::attiny84v-10mu,microchip::attiny84,Microchip,AVR,AVR 8-bit,Classic ATtiny,ATtiny84,ATtiny84V-10MU,V-10MU,,,,QFN20,-40..85 °C,,unknown,microchip-avr-atdf:ATtiny_DFP@3.4.278,https://packs.download.microchip.com/Microchip.ATtiny_DFP.3.4.278.atpack,2026-08-12T17:20:34+00:00,manufacturer_device_database,atdf_variant_record
microchip::attiny84v-10mur,microchip::attiny84,Microchip,AVR,AVR 8-bit,Classic ATtiny,ATtiny84,ATtiny84V-10MUR,V-10MUR,,,,QFN20,-40..85 °C,,unknown,microchip-avr-atdf:ATtiny_DFP@3.4.278,https://packs.download.microchip.com/Microchip.ATtiny_DFP.3.4.278.atpack,2026-08-12T17:20:34+00:00,manufacturer_device_database,atdf_variant_record
microchip::attiny84v-10ssu,microchip::attiny84,Microchip,AVR,AVR 8-bit,Classic ATtiny,ATtiny84,ATtiny84V-10SSU,V-10SSU,,,,SOIC14,-40..85 °C,,unknown,microchip-avr-atdf:ATtiny_DFP@3.4.278,https://packs.download.microchip.com/Microchip.ATtiny_DFP.3.4.278.atpack,2026-08-12T17:20:34+00:00,manufacturer_device_database,atdf_variant_record
microchip::attiny84v-10ssur,microchip::attiny84,Microchip,AVR,AVR 8-bit,Classic ATtiny,ATtiny84,ATtiny84V-10SSUR,V-10SSUR,,,,SOIC14,-40..85 °C,,unknown,microchip-avr-atdf:ATtiny_DFP@3.4.278,https://packs.download.microchip.com/Microchip.ATtiny_DFP.3.4.278.atpack,2026-08-12T17:20:34+00:00,manufacturer_device_database,atdf_variant_record
microchip::attiny85v-10mu,microchip::attiny85,Microchip,AVR,AVR 8-bit,Classic ATtiny,ATtiny85,ATtiny85V-10MU,V-10MU,,,,MLF20,-40..85 °C,,unknown,microchip-avr-atdf:ATtiny_DFP@3.4.278,https://packs.download.microchip.com/Microchip.ATtiny_DFP.3.4.278.atpack,2026-08-12T17:20:34+00:00,manufacturer_device_database,atdf_variant_record
microchip::attiny85v-10pu,microchip::attiny85,Microchip,AVR,AVR 8-bit,Classic ATtiny,ATtiny85,ATtiny85V-10PU,V-10PU,,,,PDIP8,-40..85 °C,,unknown,microchip-avr-atdf:ATtiny_DFP@3.4.278,https://packs.download.microchip.com/Microchip.ATtiny_DFP.3.4.278.atpack,2026-08-12T17:20:34+00:00,manufacturer_device_database,atdf_variant_record
microchip::attiny85v-10sh,microchip::attiny85,Microchip,AVR,AVR 8-bit,Classic ATtiny,ATtiny85,ATtiny85V-10SH,V-10SH,,,,SOIC8,-40..85 °C,,unknown,microchip-avr-atdf:ATtiny_DFP@3.4.278,https://packs.download.microchip.com/Microchip.ATtiny_DFP.3.4.278.atpack,2026-08-12T17:20:34+00:00,manufacturer_device_database,atdf_variant_record
microchip::attiny85v-10su,microchip::attiny85,Microchip,AVR,AVR 8-bit,Classic ATtiny,ATtiny85,ATtiny85V-10SU,V-10SU,,,,SOIC8,-40..85 °C,,unknown,microchip-avr-atdf:ATtiny_DFP@3.4.278,https://packs.download.microchip.com/Microchip.ATtiny_DFP.3.4.278.atpack,2026-08-12T17:20:34+00:00,manufacturer_device_database,atdf_variant_record
microchip::attiny85v-20mu,microchip::attiny85,Microchip,AVR,AVR 8-bit,Classic ATtiny,ATtiny85,ATtiny85V-20MU,V-20MU,,,,MLF20,-40..85 °C,,unknown,microchip-avr-atdf:ATtiny_DFP@3.4.278,https://packs.download.microchip.com/Microchip.ATtiny_DFP.3.4.278.atpack,2026-08-12T17:20:34+00:00,manufacturer_device_database,atdf_variant_record
microchip::attiny85v-20pu,microchip::attiny85,Microchip,AVR,AVR 8-bit,Classic ATtiny,ATtiny85,ATtiny85V-20PU,V-20PU,,,,PDIP8,-40..85 °C,,unknown,microchip-avr-atdf:ATtiny_DFP@3.4.278,https://packs.download.microchip.com/Microchip.ATtiny_DFP.3.4.278.atpack,2026-08-12T17:20:34+00:00,manufacturer_device_database,atdf_variant_record
microchip::attiny85v-20sh,microchip::attiny85,Microchip,AVR,AVR 8-bit,Classic ATtiny,ATtiny85,ATtiny85V-20SH,V-20SH,,,,SOIC8,-40..85 °C,,unknown,microchip-avr-atdf:ATtiny_DFP@3.4.278,https://packs.download.microchip.com/Microchip.ATtiny_DFP.3.4.278.atpack,2026-08-12T17:20:34+00:00,manufacturer_device_database,atdf_variant_record
microchip::attiny85v-20su,microchip::attiny85,Microchip,AVR,AVR 8-bit,Classic ATtiny,ATtiny85,ATtiny85V-20SU,V-20SU,,,,SOIC8,-40..85 °C,,unknown,microchip-avr-atdf:ATtiny_DFP@3.4.278,https://packs.download.microchip.com/Microchip.ATtiny_DFP.3.4.278.atpack,2026-08-12T17:20:34+00:00,manufacturer_device_database,atdf_variant_record
microchip::attiny861-20mu,microchip::attiny861,Microchip,AVR,AVR 8-bit,Classic ATtiny,ATtiny861,ATtiny861-20MU,-20MU,,,,MLF32,-40..85 °C,,unknown,microchip-avr-atdf:ATtiny_DFP@3.4.278,https://packs.download.microchip.com/Microchip.ATtiny_DFP.3.4.278.atpack,2026-08-12T17:20:34+00:00,manufacturer_device_database,atdf_variant_record
microchip::attiny861-20pu,microchip::attiny861,Microchip,AVR,AVR 8-bit,Classic ATtiny,ATtiny861,ATtiny861-20PU,-20PU,,,,PDIP20,-40..85 °C,,unknown,microchip-avr-atdf:ATtiny_DFP@3.4.278,https://packs.download.microchip.com/Microchip.ATtiny_DFP.3.4.278.atpack,2026-08-12T17:20:34+00:00,manufacturer_device_database,atdf_variant_record
microchip::attiny861-20su,microchip::attiny861,Microchip,AVR,AVR 8-bit,Classic ATtiny,ATtiny861,ATtiny861-20SU,-20SU,,,,SOIC20,-40..85 °C,,unknown,microchip-avr-atdf:ATtiny_DFP@3.4.278,https://packs.download.microchip.com/Microchip.ATtiny_DFP.3.4.278.atpack,2026-08-12T17:20:34+00:00,manufacturer_device_database,atdf_variant_record
microchip::attiny861a-mu,microchip::attiny861a,Microchip,AVR,AVR 8-bit,Classic ATtiny,ATtiny861A,ATtiny861A-MU,-MU,,,,VQFN32,-40..85 °C,,unknown,microchip-avr-atdf:ATtiny_DFP@3.4.278,https://packs.download.microchip.com/Microchip.ATtiny_DFP.3.4.278.atpack,2026-08-12T17:20:34+00:00,manufacturer_device_database,atdf_variant_record
microchip::attiny861a-mur,microchip::attiny861a,Microchip,AVR,AVR 8-bit,Classic ATtiny,ATtiny861A,ATtiny861A-MUR,-MUR,,,,VQFN32,-40..85 °C,,unknown,microchip-avr-atdf:ATtiny_DFP@3.4.278,https://packs.download.microchip.com/Microchip.ATtiny_DFP.3.4.278.atpack,2026-08-12T17:20:34+00:00,manufacturer_device_database,atdf_variant_record
microchip::attiny861a-pu,microchip::attiny861a,Microchip,AVR,AVR 8-bit,Classic ATtiny,ATtiny861A,ATtiny861A-PU,-PU,,,,PDIP20,-40..85 °C,,unknown,microchip-avr-atdf:ATtiny_DFP@3.4.278,https://packs.download.microchip.com/Microchip.ATtiny_DFP.3.4.278.atpack,2026-08-12T17:20:34+00:00,manufacturer_device_database,atdf_variant_record
microchip::attiny861a-su,microchip::attiny861a,Microchip,AVR,AVR 8-bit,Classic ATtiny,ATtiny861A,ATtiny861A-SU,-SU,,,,SOIC20,-40..85 °C,,unknown,microchip-avr-atdf:ATtiny_DFP@3.4.278,https://packs.download.microchip.com/Microchip.ATtiny_DFP.3.4.278.atpack,2026-08-12T17:20:34+00:00,manufacturer_device_database,atdf_variant_record
microchip::attiny861a-sur,microchip::attiny861a,Microchip,AVR,AVR 8-bit,Classic ATtiny,ATtiny861A,ATtiny861A-SUR,-SUR,,,,SOIC20,-40..85 °C,,unknown,microchip-avr-atdf:ATtiny_DFP@3.4.278,https://packs.download.microchip.com/Microchip.ATtiny_DFP.3.4.278.atpack,2026-08-12T17:20:34+00:00,manufacturer_device_database,atdf_variant_record
microchip::attiny861a-xu,microchip::attiny861a,Microchip,AVR,AVR 8-bit,Classic ATtiny,ATtiny861A,ATtiny861A-XU,-XU,,,,TSSOP20,-40..85 °C,,unknown,microchip-avr-atdf:ATtiny_DFP@3.4.278,https://packs.download.microchip.com/Microchip.ATtiny_DFP.3.4.278.atpack,2026-08-12T17:20:34+00:00,manufacturer_device_database,atdf_variant_record
microchip::attiny861a-xur,microchip::attiny861a,Microchip,AVR,AVR 8-bit,Classic ATtiny,ATtiny861A,ATtiny861A-XUR,-XUR,,,,TSSOP20,-40..85 °C,,unknown,microchip-avr-atdf:ATtiny_DFP@3.4.278,https://packs.download.microchip.com/Microchip.ATtiny_DFP.3.4.278.atpack,2026-08-12T17:20:34+00:00,manufacturer_device_database,atdf_variant_record
microchip::attiny861v-10mu,microchip::attiny861,Microchip,AVR,AVR 8-bit,Classic ATtiny,ATtiny861,ATtiny861V-10MU,V-10MU,,,,MLF32,-40..85 °C,,unknown,microchip-avr-atdf:ATtiny_DFP@3.4.278,https://packs.download.microchip.com/Microchip.ATtiny_DFP.3.4.278.atpack,2026-08-12T17:20:34+00:00,manufacturer_device_database,atdf_variant_record
microchip::attiny861v-10pu,microchip::attiny861,Microchip,AVR,AVR 8-bit,Classic ATtiny,ATtiny861,ATtiny861V-10PU,V-10PU,,,,PDIP20,-40..85 °C,,unknown,microchip-avr-atdf:ATtiny_DFP@3.4.278,https://packs.download.microchip.com/Microchip.ATtiny_DFP.3.4.278.atpack,2026-08-12T17:20:34+00:00,manufacturer_device_database,atdf_variant_record
microchip::attiny861v-10su,microchip::attiny861,Microchip,AVR,AVR 8-bit,Classic ATtiny,ATtiny861,ATtiny861V-10SU,V-10SU,,,,SOIC20,-40..85 °C,,unknown,microchip-avr-atdf:ATtiny_DFP@3.4.278,https://packs.download.microchip.com/Microchip.ATtiny_DFP.3.4.278.atpack,2026-08-12T17:20:34+00:00,manufacturer_device_database,atdf_variant_record
microchip::attiny87-a15md-vao,microchip::attiny87,Microchip,AVR,AVR 8-bit,Classic ATtiny,ATtiny87,ATtiny87-A15MD-VAO,-A15MD-VAO,,,,VQFN32,-40..150 °C,,unknown,microchip-avr-atdf:ATtiny_DFP@3.4.278,https://packs.download.microchip.com/Microchip.ATtiny_DFP.3.4.278.atpack,2026-08-12T17:20:34+00:00,manufacturer_device_database,atdf_variant_record
microchip::attiny87-a15mz,microchip::attiny87,Microchip,AVR,AVR 8-bit,Classic ATtiny,ATtiny87,ATtiny87-A15MZ,-A15MZ,,,,VQFN32,-40..125 °C,,unknown,microchip-avr-atdf:ATtiny_DFP@3.4.278,https://packs.download.microchip.com/Microchip.ATtiny_DFP.3.4.278.atpack,2026-08-12T17:20:34+00:00,manufacturer_device_database,atdf_variant_record
microchip::attiny87-a15sz,microchip::attiny87,Microchip,AVR,AVR 8-bit,Classic ATtiny,ATtiny87,ATtiny87-A15SZ,-A15SZ,,,,SOIC20,-40..125 °C,,unknown,microchip-avr-atdf:ATtiny_DFP@3.4.278,https://packs.download.microchip.com/Microchip.ATtiny_DFP.3.4.278.atpack,2026-08-12T17:20:34+00:00,manufacturer_device_database,atdf_variant_record
microchip::attiny87-a15xd,microchip::attiny87,Microchip,AVR,AVR 8-bit,Classic ATtiny,ATtiny87,ATtiny87-A15XD,-A15XD,,,,TSSOP20,-40..150 °C,,unknown,microchip-avr-atdf:ATtiny_DFP@3.4.278,https://packs.download.microchip.com/Microchip.ATtiny_DFP.3.4.278.atpack,2026-08-12T17:20:34+00:00,manufacturer_device_database,atdf_variant_record
microchip::attiny87-mu,microchip::attiny87,Microchip,AVR,AVR 8-bit,Classic ATtiny,ATtiny87,ATtiny87-MU,-MU,,,,VQFN32,-40..85 °C,,unknown,microchip-avr-atdf:ATtiny_DFP@3.4.278,https://packs.download.microchip.com/Microchip.ATtiny_DFP.3.4.278.atpack,2026-08-12T17:20:34+00:00,manufacturer_device_database,atdf_variant_record
microchip::attiny87-mur,microchip::attiny87,Microchip,AVR,AVR 8-bit,Classic ATtiny,ATtiny87,ATtiny87-MUR,-MUR,,,,VQFN32,-40..85 °C,,unknown,microchip-avr-atdf:ATtiny_DFP@3.4.278,https://packs.download.microchip.com/Microchip.ATtiny_DFP.3.4.278.atpack,2026-08-12T17:20:34+00:00,manufacturer_device_database,atdf_variant_record
microchip::attiny87-su,microchip::attiny87,Microchip,AVR,AVR 8-bit,Classic ATtiny,ATtiny87,ATtiny87-SU,-SU,,,,SOIC20,-40..85 °C,,unknown,microchip-avr-atdf:ATtiny_DFP@3.4.278,https://packs.download.microchip.com/Microchip.ATtiny_DFP.3.4.278.atpack,2026-08-12T17:20:34+00:00,manufacturer_device_database,atdf_variant_record
microchip::attiny87-sur,microchip::attiny87,Microchip,AVR,AVR 8-bit,Classic ATtiny,ATtiny87,ATtiny87-SUR,-SUR,,,,SOIC20,-40..85 °C,,unknown,microchip-avr-atdf:ATtiny_DFP@3.4.278,https://packs.download.microchip.com/Microchip.ATtiny_DFP.3.4.278.atpack,2026-08-12T17:20:34+00:00,manufacturer_device_database,atdf_variant_record
microchip::attiny87-xu,microchip::attiny87,Microchip,AVR,AVR 8-bit,Classic ATtiny,ATtiny87,ATtiny87-XU,-XU,,,,TSSOP20,-40..85 °C,,unknown,microchip-avr-atdf:ATtiny_DFP@3.4.278,https://packs.download.microchip.com/Microchip.ATtiny_DFP.3.4.278.atpack,2026-08-12T17:20:34+00:00,manufacturer_device_database,atdf_variant_record
microchip::attiny87-xur,microchip::attiny87,Microchip,AVR,AVR 8-bit,Classic ATtiny,ATtiny87,ATtiny87-XUR,-XUR,,,,TSSOP20,-40..85 °C,,unknown,microchip-avr-atdf:ATtiny_DFP@3.4.278,https://packs.download.microchip.com/Microchip.ATtiny_DFP.3.4.278.atpack,2026-08-12T17:20:34+00:00,manufacturer_device_database,atdf_variant_record
microchip::attiny88-au,microchip::attiny88,Microchip,AVR,AVR 8-bit,Classic ATtiny,ATtiny88,ATtiny88-AU,-AU,,,,TQFP32,-40..85 °C,,unknown,microchip-avr-atdf:ATtiny_DFP@3.4.278,https://packs.download.microchip.com/Microchip.ATtiny_DFP.3.4.278.atpack,2026-08-12T17:20:34+00:00,manufacturer_device_database,atdf_variant_record
microchip::attiny88-ccu,microchip::attiny88,Microchip,AVR,AVR 8-bit,Classic ATtiny,ATtiny88,ATtiny88-CCU,-CCU,,,,UFBGA32,-40..85 °C,,unknown,microchip-avr-atdf:ATtiny_DFP@3.4.278,https://packs.download.microchip.com/Microchip.ATtiny_DFP.3.4.278.atpack,2026-08-12T17:20:34+00:00,manufacturer_device_database,atdf_variant_record
microchip::attiny88-mmh,microchip::attiny88,Microchip,AVR,AVR 8-bit,Classic ATtiny,ATtiny88,ATtiny88-MMH,-MMH,,,,QFN28,-40..85 °C,,unknown,microchip-avr-atdf:ATtiny_DFP@3.4.278,https://packs.download.microchip.com/Microchip.ATtiny_DFP.3.4.278.atpack,2026-08-12T17:20:34+00:00,manufacturer_device_database,atdf_variant_record
microchip::attiny88-mmu,microchip::attiny88,Microchip,AVR,AVR 8-bit,Classic ATtiny,ATtiny88,ATtiny88-MMU,-MMU,,,,QFN28,-40..85 °C,,unknown,microchip-avr-atdf:ATtiny_DFP@3.4.278,https://packs.download.microchip.com/Microchip.ATtiny_DFP.3.4.278.atpack,2026-08-12T17:20:34+00:00,manufacturer_device_database,atdf_variant_record
microchip::attiny88-mu,microchip::attiny88,Microchip,AVR,AVR 8-bit,Classic ATtiny,ATtiny88,ATtiny88-MU,-MU,,,,QFN32,-40..85 °C,,unknown,microchip-avr-atdf:ATtiny_DFP@3.4.278,https://packs.download.microchip.com/Microchip.ATtiny_DFP.3.4.278.atpack,2026-08-12T17:20:34+00:00,manufacturer_device_database,atdf_variant_record
microchip::attiny88-pu,microchip::attiny88,Microchip,AVR,AVR 8-bit,Classic ATtiny,ATtiny88,ATtiny88-PU,-PU,,,,PDIP28,-40..85 °C,,unknown,microchip-avr-atdf:ATtiny_DFP@3.4.278,https://packs.download.microchip.com/Microchip.ATtiny_DFP.3.4.278.atpack,2026-08-12T17:20:34+00:00,manufacturer_device_database,atdf_variant_record
microchip::attiny9-mahr,microchip::attiny9,Microchip,AVR,AVR 8-bit,Classic ATtiny,ATtiny9,ATtiny9-MAHR,-MAHR,,,,UDFN8,-40..85 °C,,unknown,microchip-avr-atdf:ATtiny_DFP@3.4.278,https://packs.download.microchip.com/Microchip.ATtiny_DFP.3.4.278.atpack,2026-08-12T17:20:34+00:00,manufacturer_device_database,atdf_variant_record
microchip::attiny9-ts8r,microchip::attiny9,Microchip,AVR,AVR 8-bit,Classic ATtiny,ATtiny9,ATtiny9-TS8R,-TS8R,,,,SOT23-6,-40..125 °C,,unknown,microchip-avr-atdf:ATtiny_DFP@3.4.278,https://packs.download.microchip.com/Microchip.ATtiny_DFP.3.4.278.atpack,2026-08-12T17:20:34+00:00,manufacturer_device_database,atdf_variant_record
microchip::attiny9-tshr,microchip::attiny9,Microchip,AVR,AVR 8-bit,Classic ATtiny,ATtiny9,ATtiny9-TSHR,-TSHR,,,,SOT23-6,-40..85 °C,,unknown,microchip-avr-atdf:ATtiny_DFP@3.4.278,https://packs.download.microchip.com/Microchip.ATtiny_DFP.3.4.278.atpack,2026-08-12T17:20:34+00:00,manufacturer_device_database,atdf_variant_record
microchip::avr128da28s-spdip,microchip::avr128da28s,Microchip,AVR,AVR 8-bit,AVR DA,AVR128DA28S,AVR128DA28S-SPDIP,-SPDIP,,,,DIP28,-40..125 °C,,unknown,microchip-avr-atdf:AVR-Dx_DFP@2.8.343,https://packs.download.microchip.com/Microchip.AVR-Dx_DFP.2.8.343.atpack,2026-08-12T17:20:34+00:00,manufacturer_device_database,atdf_variant_record
microchip::avr16dd14-soic,microchip::avr16dd14,Microchip,AVR,AVR 8-bit,AVR DD,AVR16DD14,AVR16DD14-SOIC,-SOIC,,,,DIP14,-40..125 °C,,unknown,microchip-avr-atdf:AVR-Dx_DFP@2.8.343,https://packs.download.microchip.com/Microchip.AVR-Dx_DFP.2.8.343.atpack,2026-08-12T17:20:34+00:00,manufacturer_device_database,atdf_variant_record
microchip::avr16dd20-soic,microchip::avr16dd20,Microchip,AVR,AVR 8-bit,AVR DD,AVR16DD20,AVR16DD20-SOIC,-SOIC,,,,DIP20,-40..125 °C,,unknown,microchip-avr-atdf:AVR-Dx_DFP@2.8.343,https://packs.download.microchip.com/Microchip.AVR-Dx_DFP.2.8.343.atpack,2026-08-12T17:20:34+00:00,manufacturer_device_database,atdf_variant_record
microchip::avr16dd20-vqfn,microchip::avr16dd20,Microchip,AVR,AVR 8-bit,AVR DD,AVR16DD20,AVR16DD20-VQFN,-VQFN,,,,QFP20,-40..125 °C,,unknown,microchip-avr-atdf:AVR-Dx_DFP@2.8.343,https://packs.download.microchip.com/Microchip.AVR-Dx_DFP.2.8.343.atpack,2026-08-12T17:20:34+00:00,manufacturer_device_database,atdf_variant_record
microchip::avr16dd28-vqfn,microchip::avr16dd28,Microchip,AVR,AVR 8-bit,AVR DD,AVR16DD28,AVR16DD28-VQFN,-VQFN,,,,QFP28,-40..125 °C,,unknown,microchip-avr-atdf:AVR-Dx_DFP@2.8.343,https://packs.download.microchip.com/Microchip.AVR-Dx_DFP.2.8.343.atpack,2026-08-12T17:20:34+00:00,manufacturer_device_database,atdf_variant_record
microchip::avr16du14-soic,microchip::avr16du14,Microchip,AVR,AVR 8-bit,AVR DU,AVR16DU14,AVR16DU14-SOIC,-SOIC,,,,DIP14,-40..85 °C,,unknown,microchip-avr-atdf:AVR-Dx_DFP@2.8.343,https://packs.download.microchip.com/Microchip.AVR-Dx_DFP.2.8.343.atpack,2026-08-12T17:20:34+00:00,manufacturer_device_database,atdf_variant_record
microchip::avr16du20-ssop,microchip::avr16du20,Microchip,AVR,AVR 8-bit,AVR DU,AVR16DU20,AVR16DU20-SSOP,-SSOP,,,,DIP20,-40..85 °C,,unknown,microchip-avr-atdf:AVR-Dx_DFP@2.8.343,https://packs.download.microchip.com/Microchip.AVR-Dx_DFP.2.8.343.atpack,2026-08-12T17:20:34+00:00,manufacturer_device_database,atdf_variant_record
microchip::avr16du20-vqfn,microchip::avr16du20,Microchip,AVR,AVR 8-bit,AVR DU,AVR16DU20,AVR16DU20-VQFN,-VQFN,,,,QFP20,-40..85 °C,,unknown,microchip-avr-atdf:AVR-Dx_DFP@2.8.343,https://packs.download.microchip.com/Microchip.AVR-Dx_DFP.2.8.343.atpack,2026-08-12T17:20:34+00:00,manufacturer_device_database,atdf_variant_record
microchip::avr16du28-vqfn,microchip::avr16du28,Microchip,AVR,AVR 8-bit,AVR DU,AVR16DU28,AVR16DU28-VQFN,-VQFN,,,,QFP28,-40..85 °C,,unknown,microchip-avr-atdf:AVR-Dx_DFP@2.8.343,https://packs.download.microchip.com/Microchip.AVR-Dx_DFP.2.8.343.atpack,2026-08-12T17:20:34+00:00,manufacturer_device_database,atdf_variant_record
microchip::avr16ea28-vqfn,microchip::avr16ea28,Microchip,AVR,AVR 8-bit,AVR EA,AVR16EA28,AVR16EA28-VQFN,-VQFN,,,,QFP28,-40..125 °C,,unknown,microchip-avr-atdf:AVR-Ex_DFP@2.12.239,https://packs.download.microchip.com/Microchip.AVR-Ex_DFP.2.12.239.atpack,2026-08-12T17:20:34+00:00,manufacturer_device_database,atdf_variant_record
microchip::avr16eb20-ssop,microchip::avr16eb20,Microchip,AVR,AVR 8-bit,AVR EB,AVR16EB20,AVR16EB20-SSOP,-SSOP,,,,DIP20,-40..125 °C,,unknown,microchip-avr-atdf:AVR-Ex_DFP@2.12.239,https://packs.download.microchip.com/Microchip.AVR-Ex_DFP.2.12.239.atpack,2026-08-12T17:20:34+00:00,manufacturer_device_database,atdf_variant_record
microchip::avr16eb20-vqfn,microchip::avr16eb20,Microchip,AVR,AVR 8-bit,AVR EB,AVR16EB20,AVR16EB20-VQFN,-VQFN,,,,QFP20,-40..125 °C,,unknown,microchip-avr-atdf:AVR-Ex_DFP@2.12.239,https://packs.download.microchip.com/Microchip.AVR-Ex_DFP.2.12.239.atpack,2026-08-12T17:20:34+00:00,manufacturer_device_database,atdf_variant_record
microchip::avr16eb28-vqfn,microchip::avr16eb28,Microchip,AVR,AVR 8-bit,AVR EB,AVR16EB28,AVR16EB28-VQFN,-VQFN,,,,QFP28,-40..125 °C,,unknown,microchip-avr-atdf:AVR-Ex_DFP@2.12.239,https://packs.download.microchip.com/Microchip.AVR-Ex_DFP.2.12.239.atpack,2026-08-12T17:20:34+00:00,manufacturer_device_database,atdf_variant_record
microchip::avr16la20-ssop,microchip::avr16la20,Microchip,AVR,AVR 8-bit,AVR LA,AVR16LA20,AVR16LA20-SSOP,-SSOP,,,,DIP20,-40..125 °C,,unknown,microchip-avr-atdf:AVR-Lx_DFP@1.3.46,https://packs.download.microchip.com/Microchip.AVR-Lx_DFP.1.3.46.atpack,2026-08-12T17:20:34+00:00,manufacturer_device_database,atdf_variant_record
microchip::avr16la20-vqfn,microchip::avr16la20,Microchip,AVR,AVR 8-bit,AVR LA,AVR16LA20,AVR16LA20-VQFN,-VQFN,,,,QFP20,-40..125 °C,,unknown,microchip-avr-atdf:AVR-Lx_DFP@1.3.46,https://packs.download.microchip.com/Microchip.AVR-Lx_DFP.1.3.46.atpack,2026-08-12T17:20:34+00:00,manufacturer_device_database,atdf_variant_record
microchip::avr16la28-vqfn,microchip::avr16la28,Microchip,AVR,AVR 8-bit,AVR LA,AVR16LA28,AVR16LA28-VQFN,-VQFN,,,,QFP28,-40..125 °C,,unknown,microchip-avr-atdf:AVR-Lx_DFP@1.3.46,https://packs.download.microchip.com/Microchip.AVR-Lx_DFP.1.3.46.atpack,2026-08-12T17:20:34+00:00,manufacturer_device_database,atdf_variant_record
microchip::avr32da28s-spdip,microchip::avr32da28s,Microchip,AVR,AVR 8-bit,AVR DA,AVR32DA28S,AVR32DA28S-SPDIP,-SPDIP,,,,DIP28,-40..125 °C,,unknown,microchip-avr-atdf:AVR-Dx_DFP@2.8.343,https://packs.download.microchip.com/Microchip.AVR-Dx_DFP.2.8.343.atpack,2026-08-12T17:20:34+00:00,manufacturer_device_database,atdf_variant_record
microchip::avr32dd14-soic,microchip::avr32dd14,Microchip,AVR,AVR 8-bit,AVR DD,AVR32DD14,AVR32DD14-SOIC,-SOIC,,,,DIP14,-40..125 °C,,unknown,microchip-avr-atdf:AVR-Dx_DFP@2.8.343,https://packs.download.microchip.com/Microchip.AVR-Dx_DFP.2.8.343.atpack,2026-08-12T17:20:34+00:00,manufacturer_device_database,atdf_variant_record
microchip::avr32dd20-soic,microchip::avr32dd20,Microchip,AVR,AVR 8-bit,AVR DD,AVR32DD20,AVR32DD20-SOIC,-SOIC,,,,DIP20,-40..125 °C,,unknown,microchip-avr-atdf:AVR-Dx_DFP@2.8.343,https://packs.download.microchip.com/Microchip.AVR-Dx_DFP.2.8.343.atpack,2026-08-12T17:20:34+00:00,manufacturer_device_database,atdf_variant_record
microchip::avr32dd20-vqfn,microchip::avr32dd20,Microchip,AVR,AVR 8-bit,AVR DD,AVR32DD20,AVR32DD20-VQFN,-VQFN,,,,QFP20,-40..125 °C,,unknown,microchip-avr-atdf:AVR-Dx_DFP@2.8.343,https://packs.download.microchip.com/Microchip.AVR-Dx_DFP.2.8.343.atpack,2026-08-12T17:20:34+00:00,manufacturer_device_database,atdf_variant_record
microchip::avr32dd28-vqfn,microchip::avr32dd28,Microchip,AVR,AVR 8-bit,AVR DD,AVR32DD28,AVR32DD28-VQFN,-VQFN,,,,QFP28,-40..125 °C,,unknown,microchip-avr-atdf:AVR-Dx_DFP@2.8.343,https://packs.download.microchip.com/Microchip.AVR-Dx_DFP.2.8.343.atpack,2026-08-12T17:20:34+00:00,manufacturer_device_database,atdf_variant_record
microchip::avr32du14-soic,microchip::avr32du14,Microchip,AVR,AVR 8-bit,AVR DU,AVR32DU14,AVR32DU14-SOIC,-SOIC,,,,DIP14,-40..85 °C,,unknown,microchip-avr-atdf:AVR-Dx_DFP@2.8.343,https://packs.download.microchip.com/Microchip.AVR-Dx_DFP.2.8.343.atpack,2026-08-12T17:20:34+00:00,manufacturer_device_database,atdf_variant_record
microchip::avr32du20-ssop,microchip::avr32du20,Microchip,AVR,AVR 8-bit,AVR DU,AVR32DU20,AVR32DU20-SSOP,-SSOP,,,,DIP20,-40..85 °C,,unknown,microchip-avr-atdf:AVR-Dx_DFP@2.8.343,https://packs.download.microchip.com/Microchip.AVR-Dx_DFP.2.8.343.atpack,2026-08-12T17:20:34+00:00,manufacturer_device_database,atdf_variant_record
microchip::avr32du20-vqfn,microchip::avr32du20,Microchip,AVR,AVR 8-bit,AVR DU,AVR32DU20,AVR32DU20-VQFN,-VQFN,,,,QFP20,-40..85 °C,,unknown,microchip-avr-atdf:AVR-Dx_DFP@2.8.343,https://packs.download.microchip.com/Microchip.AVR-Dx_DFP.2.8.343.atpack,2026-08-12T17:20:34+00:00,manufacturer_device_database,atdf_variant_record
microchip::avr32du28-vqfn,microchip::avr32du28,Microchip,AVR,AVR 8-bit,AVR DU,AVR32DU28,AVR32DU28-VQFN,-VQFN,,,,QFP28,-40..85 °C,,unknown,microchip-avr-atdf:AVR-Dx_DFP@2.8.343,https://packs.download.microchip.com/Microchip.AVR-Dx_DFP.2.8.343.atpack,2026-08-12T17:20:34+00:00,manufacturer_device_database,atdf_variant_record
microchip::avr32ea28-vqfn,microchip::avr32ea28,Microchip,AVR,AVR 8-bit,AVR EA,AVR32EA28,AVR32EA28-VQFN,-VQFN,,,,QFP28,-40..125 °C,,unknown,microchip-avr-atdf:AVR-Ex_DFP@2.12.239,https://packs.download.microchip.com/Microchip.AVR-Ex_DFP.2.12.239.atpack,2026-08-12T17:20:34+00:00,manufacturer_device_database,atdf_variant_record
microchip::avr32eb20-ssop,microchip::avr32eb20,Microchip,AVR,AVR 8-bit,AVR EB,AVR32EB20,AVR32EB20-SSOP,-SSOP,,,,DIP20,-40..125 °C,,unknown,microchip-avr-atdf:AVR-Ex_DFP@2.12.239,https://packs.download.microchip.com/Microchip.AVR-Ex_DFP.2.12.239.atpack,2026-08-12T17:20:34+00:00,manufacturer_device_database,atdf_variant_record
microchip::avr32eb28-vqfn,microchip::avr32eb28,Microchip,AVR,AVR 8-bit,AVR EB,AVR32EB28,AVR32EB28-VQFN,-VQFN,,,,QFP28,-40..125 °C,,unknown,microchip-avr-atdf:AVR-Ex_DFP@2.12.239,https://packs.download.microchip.com/Microchip.AVR-Ex_DFP.2.12.239.atpack,2026-08-12T17:20:34+00:00,manufacturer_device_database,atdf_variant_record
microchip::avr32la20-ssop,microchip::avr32la20,Microchip,AVR,AVR 8-bit,AVR LA,AVR32LA20,AVR32LA20-SSOP,-SSOP,,,,DIP20,-40..125 °C,,unknown,microchip-avr-atdf:AVR-Lx_DFP@1.3.46,https://packs.download.microchip.com/Microchip.AVR-Lx_DFP.1.3.46.atpack,2026-08-12T17:20:34+00:00,manufacturer_device_database,atdf_variant_record
microchip::avr32la20-vqfn,microchip::avr32la20,Microchip,AVR,AVR 8-bit,AVR LA,AVR32LA20,AVR32LA20-VQFN,-VQFN,,,,QFP20,-40..125 °C,,unknown,microchip-avr-atdf:AVR-Lx_DFP@1.3.46,https://packs.download.microchip.com/Microchip.AVR-Lx_DFP.1.3.46.atpack,2026-08-12T17:20:34+00:00,manufacturer_device_database,atdf_variant_record
microchip::avr32la28-vqfn,microchip::avr32la28,Microchip,AVR,AVR 8-bit,AVR LA,AVR32LA28,AVR32LA28-VQFN,-VQFN,,,,QFP28,-40..125 °C,,unknown,microchip-avr-atdf:AVR-Lx_DFP@1.3.46,https://packs.download.microchip.com/Microchip.AVR-Lx_DFP.1.3.46.atpack,2026-08-12T17:20:34+00:00,manufacturer_device_database,atdf_variant_record
microchip::avr32sd20-ssop,microchip::avr32sd20,Microchip,AVR,AVR 8-bit,AVR SD,AVR32SD20,AVR32SD20-SSOP,-SSOP,,,,DIP20,-40..125 °C,,unknown,microchip-avr-atdf:AVR-Sx_DFP@1.2.26,https://packs.download.microchip.com/Microchip.AVR-Sx_DFP.1.2.26.atpack,2026-08-12T17:20:34+00:00,manufacturer_device_database,atdf_variant_record
microchip::avr32sd28-vqfn,microchip::avr32sd28,Microchip,AVR,AVR 8-bit,AVR SD,AVR32SD28,AVR32SD28-VQFN,-VQFN,,,,QFP28,-40..125 °C,,unknown,microchip-avr-atdf:AVR-Sx_DFP@1.2.26,https://packs.download.microchip.com/Microchip.AVR-Sx_DFP.1.2.26.atpack,2026-08-12T17:20:34+00:00,manufacturer_device_database,atdf_variant_record
microchip::avr64da28s-spdip,microchip::avr64da28s,Microchip,AVR,AVR 8-bit,AVR DA,AVR64DA28S,AVR64DA28S-SPDIP,-SPDIP,,,,DIP28,-40..125 °C,,unknown,microchip-avr-atdf:AVR-Dx_DFP@2.8.343,https://packs.download.microchip.com/Microchip.AVR-Dx_DFP.2.8.343.atpack,2026-08-12T17:20:34+00:00,manufacturer_device_database,atdf_variant_record
microchip::avr64dd14-soic,microchip::avr64dd14,Microchip,AVR,AVR 8-bit,AVR DD,AVR64DD14,AVR64DD14-SOIC,-SOIC,,,,DIP14,-40..125 °C,,unknown,microchip-avr-atdf:AVR-Dx_DFP@2.8.343,https://packs.download.microchip.com/Microchip.AVR-Dx_DFP.2.8.343.atpack,2026-08-12T17:20:34+00:00,manufacturer_device_database,atdf_variant_record
microchip::avr64dd20-soic,microchip::avr64dd20,Microchip,AVR,AVR 8-bit,AVR DD,AVR64DD20,AVR64DD20-SOIC,-SOIC,,,,DIP20,-40..125 °C,,unknown,microchip-avr-atdf:AVR-Dx_DFP@2.8.343,https://packs.download.microchip.com/Microchip.AVR-Dx_DFP.2.8.343.atpack,2026-08-12T17:20:34+00:00,manufacturer_device_database,atdf_variant_record
microchip::avr64dd28-vqfn,microchip::avr64dd28,Microchip,AVR,AVR 8-bit,AVR DD,AVR64DD28,AVR64DD28-VQFN,-VQFN,,,,QFP28,-40..125 °C,,unknown,microchip-avr-atdf:AVR-Dx_DFP@2.8.343,https://packs.download.microchip.com/Microchip.AVR-Dx_DFP.2.8.343.atpack,2026-08-12T17:20:34+00:00,manufacturer_device_database,atdf_variant_record
microchip::avr64du28-vqfn,microchip::avr64du28,Microchip,AVR,AVR 8-bit,AVR DU,AVR64DU28,AVR64DU28-VQFN,-VQFN,,,,QFP28,-40..85 °C,,unknown,microchip-avr-atdf:AVR-Dx_DFP@2.8.343,https://packs.download.microchip.com/Microchip.AVR-Dx_DFP.2.8.343.atpack,2026-08-12T17:20:34+00:00,manufacturer_device_database,atdf_variant_record
microchip::avr64ea28-vqfn,microchip::avr64ea28,Microchip,AVR,AVR 8-bit,AVR EA,AVR64EA28,AVR64EA28-VQFN,-VQFN,,,,QFP28,-40..125 °C,,unknown,microchip-avr-atdf:AVR-Ex_DFP@2.12.239,https://packs.download.microchip.com/Microchip.AVR-Ex_DFP.2.12.239.atpack,2026-08-12T17:20:34+00:00,manufacturer_device_database,atdf_variant_record
microchip::pic32ck0512sg00064-e/aa,microchip::pic32ck0512sg00064,Microchip,PIC32CK-SG,PIC32CK-SG,PIC32CK-SG,PIC32CK0512SG00064,PIC32CK0512SG00064-E/AA,-E/AA,,,,TQFP64,-40..125 °C,,unknown,microchip-atdf:PIC32CK-SG_DFP@1.7.233,https://packs.download.microchip.com/Microchip.PIC32CK-SG_DFP.1.7.233.pack,2026-08-12T09:31:18+00:00,manufacturer_device_database,atdf_variant_record
microchip::pic32ck0512sg00064-i/aa,microchip::pic32ck0512sg00064,Microchip,PIC32CK-SG,PIC32CK-SG,PIC32CK-SG,PIC32CK0512SG00064,PIC32CK0512SG00064-I/AA,-I/AA,,,,TQFP64,-40..85 °C,,unknown,microchip-atdf:PIC32CK-SG_DFP@1.7.233,https://packs.download.microchip.com/Microchip.PIC32CK-SG_DFP.1.7.233.pack,2026-08-12T09:31:18+00:00,manufacturer_device_database,atdf_variant_record
microchip::pic32ck0512sg00100-e/dd,microchip::pic32ck0512sg00100,Microchip,PIC32CK-SG,PIC32CK-SG,PIC32CK-SG,PIC32CK0512SG00100,PIC32CK0512SG00100-E/DD,-E/DD,,,,TQFP100,-40..125 °C,,unknown,microchip-atdf:PIC32CK-SG_DFP@1.7.233,https://packs.download.microchip.com/Microchip.PIC32CK-SG_DFP.1.7.233.pack,2026-08-12T09:31:18+00:00,manufacturer_device_database,atdf_variant_record
microchip::pic32ck0512sg00100-i/dd,microchip::pic32ck0512sg00100,Microchip,PIC32CK-SG,PIC32CK-SG,PIC32CK-SG,PIC32CK0512SG00100,PIC32CK0512SG00100-I/DD,-I/DD,,,,TQFP100,-40..85 °C,,unknown,microchip-atdf:PIC32CK-SG_DFP@1.7.233,https://packs.download.microchip.com/Microchip.PIC32CK-SG_DFP.1.7.233.pack,2026-08-12T09:31:18+00:00,manufacturer_device_database,atdf_variant_record
microchip::pic32ck0512sg01064-e/aa,microchip::pic32ck0512sg01064,Microchip,PIC32CK-SG,PIC32CK-SG,PIC32CK-SG,PIC32CK0512SG01064,PIC32CK0512SG01064-E/AA,-E/AA,,,,TQFP64,-40..125 °C,,unknown,microchip-atdf:PIC32CK-SG_DFP@1.7.233,https://packs.download.microchip.com/Microchip.PIC32CK-SG_DFP.1.7.233.pack,2026-08-12T09:31:18+00:00,manufacturer_device_database,atdf_variant_record
microchip::pic32ck0512sg01064-i/aa,microchip::pic32ck0512sg01064,Microchip,PIC32CK-SG,PIC32CK-SG,PIC32CK-SG,PIC32CK0512SG01064,PIC32CK0512SG01064-I/AA,-I/AA,,,,TQFP64,-40..85 °C,,unknown,microchip-atdf:PIC32CK-SG_DFP@1.7.233,https://packs.download.microchip.com/Microchip.PIC32CK-SG_DFP.1.7.233.pack,2026-08-12T09:31:18+00:00,manufacturer_device_database,atdf_variant_record
microchip::pic32ck0512sg01100-e/dd,microchip::pic32ck0512sg01100,Microchip,PIC32CK-SG,PIC32CK-SG,PIC32CK-SG,PIC32CK0512SG01100,PIC32CK0512SG01100-E/DD,-E/DD,,,,TQFP100,-40..125 °C,,unknown,microchip-atdf:PIC32CK-SG_DFP@1.7.233,https://packs.download.microchip.com/Microchip.PIC32CK-SG_DFP.1.7.233.pack,2026-08-12T09:31:18+00:00,manufacturer_device_database,atdf_variant_record
microchip::pic32ck0512sg01100-i/dd,microchip::pic32ck0512sg01100,Microchip,PIC32CK-SG,PIC32CK-SG,PIC32CK-SG,PIC32CK0512SG01100,PIC32CK0512SG01100-I/DD,-I/DD,,,,TQFP100,-40..85 °C,,unknown,microchip-atdf:PIC32CK-SG_DFP@1.7.233,https://packs.download.microchip.com/Microchip.PIC32CK-SG_DFP.1.7.233.pack,2026-08-12T09:31:18+00:00,manufacturer_device_database,atdf_variant_record
microchip::pic32ck1012sg00048-e/ph,microchip::pic32ck1012sg00048,Microchip,PIC32CK-SG,PIC32CK-SG,PIC32CK-SG,PIC32CK1012SG00048,PIC32CK1012SG00048-E/PH,-E/PH,,,,QFN48,-40..125 °C,,unknown,microchip-atdf:PIC32CK-SG_DFP@1.7.233,https://packs.download.microchip.com/Microchip.PIC32CK-SG_DFP.1.7.233.pack,2026-08-12T09:31:18+00:00,manufacturer_device_database,atdf_variant_record
microchip::pic32ck1012sg00048-i/ph,microchip::pic32ck1012sg00048,Microchip,PIC32CK-SG,PIC32CK-SG,PIC32CK-SG,PIC32CK1012SG00048,PIC32CK1012SG00048-I/PH,-I/PH,,,,QFN48,-40..85 °C,,unknown,microchip-atdf:PIC32CK-SG_DFP@1.7.233,https://packs.download.microchip.com/Microchip.PIC32CK-SG_DFP.1.7.233.pack,2026-08-12T09:31:18+00:00,manufacturer_device_database,atdf_variant_record
microchip::pic32ck1012sg00064-e/aa,microchip::pic32ck1012sg00064,Microchip,PIC32CK-SG,PIC32CK-SG,PIC32CK-SG,PIC32CK1012SG00064,PIC32CK1012SG00064-E/AA,-E/AA,,,,TQFP64,-40..125 °C,,unknown,microchip-atdf:PIC32CK-SG_DFP@1.7.233,https://packs.download.microchip.com/Microchip.PIC32CK-SG_DFP.1.7.233.pack,2026-08-12T09:31:18+00:00,manufacturer_device_database,atdf_variant_record
microchip::pic32ck1012sg00064-i/aa,microchip::pic32ck1012sg00064,Microchip,PIC32CK-SG,PIC32CK-SG,PIC32CK-SG,PIC32CK1012SG00064,PIC32CK1012SG00064-I/AA,-I/AA,,,,TQFP64,-40..85 °C,,unknown,microchip-atdf:PIC32CK-SG_DFP@1.7.233,https://packs.download.microchip.com/Microchip.PIC32CK-SG_DFP.1.7.233.pack,2026-08-12T09:31:18+00:00,manufacturer_device_database,atdf_variant_record
microchip::pic32ck1012sg00100-e/dd,microchip::pic32ck1012sg00100,Microchip,PIC32CK-SG,PIC32CK-SG,PIC32CK-SG,PIC32CK1012SG00100,PIC32CK1012SG00100-E/DD,-E/DD,,,,TQFP100,-40..125 °C,,unknown,microchip-atdf:PIC32CK-SG_DFP@1.7.233,https://packs.download.microchip.com/Microchip.PIC32CK-SG_DFP.1.7.233.pack,2026-08-12T09:31:18+00:00,manufacturer_device_database,atdf_variant_record
microchip::pic32ck1012sg00100-i/dd,microchip::pic32ck1012sg00100,Microchip,PIC32CK-SG,PIC32CK-SG,PIC32CK-SG,PIC32CK1012SG00100,PIC32CK1012SG00100-I/DD,-I/DD,,,,TQFP100,-40..85 °C,,unknown,microchip-atdf:PIC32CK-SG_DFP@1.7.233,https://packs.download.microchip.com/Microchip.PIC32CK-SG_DFP.1.7.233.pack,2026-08-12T09:31:18+00:00,manufacturer_device_database,atdf_variant_record
microchip::pic32ck1012sg01048-e/ph,microchip::pic32ck1012sg01048,Microchip,PIC32CK-SG,PIC32CK-SG,PIC32CK-SG,PIC32CK1012SG01048,PIC32CK1012SG01048-E/PH,-E/PH,,,,QFN48,-40..125 °C,,unknown,microchip-atdf:PIC32CK-SG_DFP@1.7.233,https://packs.download.microchip.com/Microchip.PIC32CK-SG_DFP.1.7.233.pack,2026-08-12T09:31:18+00:00,manufacturer_device_database,atdf_variant_record
microchip::pic32ck1012sg01048-i/ph,microchip::pic32ck1012sg01048,Microchip,PIC32CK-SG,PIC32CK-SG,PIC32CK-SG,PIC32CK1012SG01048,PIC32CK1012SG01048-I/PH,-I/PH,,,,QFN48,-40..85 °C,,unknown,microchip-atdf:PIC32CK-SG_DFP@1.7.233,https://packs.download.microchip.com/Microchip.PIC32CK-SG_DFP.1.7.233.pack,2026-08-12T09:31:18+00:00,manufacturer_device_database,atdf_variant_record
microchip::pic32ck1012sg01064-e/aa,microchip::pic32ck1012sg01064,Microchip,PIC32CK-SG,PIC32CK-SG,PIC32CK-SG,PIC32CK1012SG01064,PIC32CK1012SG01064-E/AA,-E/AA,,,,TQFP64,-40..125 °C,,unknown,microchip-atdf:PIC32CK-SG_DFP@1.7.233,https://packs.download.microchip.com/Microchip.PIC32CK-SG_DFP.1.7.233.pack,2026-08-12T09:31:18+00:00,manufacturer_device_database,atdf_variant_record
microchip::pic32ck1012sg01064-i/aa,microchip::pic32ck1012sg01064,Microchip,PIC32CK-SG,PIC32CK-SG,PIC32CK-SG,PIC32CK1012SG01064,PIC32CK1012SG01064-I/AA,-I/AA,,,,TQFP64,-40..85 °C,,unknown,microchip-atdf:PIC32CK-SG_DFP@1.7.233,https://packs.download.microchip.com/Microchip.PIC32CK-SG_DFP.1.7.233.pack,2026-08-12T09:31:18+00:00,manufacturer_device_database,atdf_variant_record
microchip::pic32ck1012sg01100-e/dd,microchip::pic32ck1012sg01100,Microchip,PIC32CK-SG,PIC32CK-SG,PIC32CK-SG,PIC32CK1012SG01100,PIC32CK1012SG01100-E/DD,-E/DD,,,,TQFP100,-40..125 °C,,unknown,microchip-atdf:PIC32CK-SG_DFP@1.7.233,https://packs.download.microchip.com/Microchip.PIC32CK-SG_DFP.1.7.233.pack,2026-08-12T09:31:18+00:00,manufacturer_device_database,atdf_variant_record
microchip::pic32ck1012sg01100-i/dd,microchip::pic32ck1012sg01100,Microchip,PIC32CK-SG,PIC32CK-SG,PIC32CK-SG,PIC32CK1012SG01100,PIC32CK1012SG01100-I/DD,-I/DD,,,,TQFP100,-40..85 °C,,unknown,microchip-atdf:PIC32CK-SG_DFP@1.7.233,https://packs.download.microchip.com/Microchip.PIC32CK-SG_DFP.1.7.233.pack,2026-08-12T09:31:18+00:00,manufacturer_device_database,atdf_variant_record
microchip::pic32ck1025sg00064-e/aa,microchip::pic32ck1025sg00064,Microchip,PIC32CK-SG,PIC32CK-SG,PIC32CK-SG,PIC32CK1025SG00064,PIC32CK1025SG00064-E/AA,-E/AA,,,,TQFP64,-40..125 °C,,unknown,microchip-atdf:PIC32CK-SG_DFP@1.7.233,https://packs.download.microchip.com/Microchip.PIC32CK-SG_DFP.1.7.233.pack,2026-08-12T09:31:18+00:00,manufacturer_device_database,atdf_variant_record
microchip::pic32ck1025sg00064-i/aa,microchip::pic32ck1025sg00064,Microchip,PIC32CK-SG,PIC32CK-SG,PIC32CK-SG,PIC32CK1025SG00064,PIC32CK1025SG00064-I/AA,-I/AA,,,,TQFP64,-40..85 °C,,unknown,microchip-atdf:PIC32CK-SG_DFP@1.7.233,https://packs.download.microchip.com/Microchip.PIC32CK-SG_DFP.1.7.233.pack,2026-08-12T09:31:18+00:00,manufacturer_device_database,atdf_variant_record
microchip::pic32ck1025sg00100-e/dd,microchip::pic32ck1025sg00100,Microchip,PIC32CK-SG,PIC32CK-SG,PIC32CK-SG,PIC32CK1025SG00100,PIC32CK1025SG00100-E/DD,-E/DD,,,,TQFP100,-40..125 °C,,unknown,microchip-atdf:PIC32CK-SG_DFP@1.7.233,https://packs.download.microchip.com/Microchip.PIC32CK-SG_DFP.1.7.233.pack,2026-08-12T09:31:18+00:00,manufacturer_device_database,atdf_variant_record
microchip::pic32ck1025sg00100-i/dd,microchip::pic32ck1025sg00100,Microchip,PIC32CK-SG,PIC32CK-SG,PIC32CK-SG,PIC32CK1025SG00100,PIC32CK1025SG00100-I/DD,-I/DD,,,,TQFP100,-40..85 °C,,unknown,microchip-atdf:PIC32CK-SG_DFP@1.7.233,https://packs.download.microchip.com/Microchip.PIC32CK-SG_DFP.1.7.233.pack,2026-08-12T09:31:18+00:00,manufacturer_device_database,atdf_variant_record
microchip::pic32ck1025sg00144-e/ph,microchip::pic32ck1025sg00144,Microchip,PIC32CK-SG,PIC32CK-SG,PIC32CK-SG,PIC32CK1025SG00144,PIC32CK1025SG00144-E/PH,-E/PH,,,,TQFP144,-40..125 °C,,unknown,microchip-atdf:PIC32CK-SG_DFP@1.7.233,https://packs.download.microchip.com/Microchip.PIC32CK-SG_DFP.1.7.233.pack,2026-08-12T09:31:18+00:00,manufacturer_device_database,atdf_variant_record
microchip::pic32ck1025sg00144-i/ph,microchip::pic32ck1025sg00144,Microchip,PIC32CK-SG,PIC32CK-SG,PIC32CK-SG,PIC32CK1025SG00144,PIC32CK1025SG00144-I/PH,-I/PH,,,,TQFP144,-40..85 °C,,unknown,microchip-atdf:PIC32CK-SG_DFP@1.7.233,https://packs.download.microchip.com/Microchip.PIC32CK-SG_DFP.1.7.233.pack,2026-08-12T09:31:18+00:00,manufacturer_device_database,atdf_variant_record
microchip::pic32ck1025sg01064-e/aa,microchip::pic32ck1025sg01064,Microchip,PIC32CK-SG,PIC32CK-SG,PIC32CK-SG,PIC32CK1025SG01064,PIC32CK1025SG01064-E/AA,-E/AA,,,,TQFP64,-40..125 °C,,unknown,microchip-atdf:PIC32CK-SG_DFP@1.7.233,https://packs.download.microchip.com/Microchip.PIC32CK-SG_DFP.1.7.233.pack,2026-08-12T09:31:18+00:00,manufacturer_device_database,atdf_variant_record
microchip::pic32ck1025sg01064-i/aa,microchip::pic32ck1025sg01064,Microchip,PIC32CK-SG,PIC32CK-SG,PIC32CK-SG,PIC32CK1025SG01064,PIC32CK1025SG01064-I/AA,-I/AA,,,,TQFP64,-40..85 °C,,unknown,microchip-atdf:PIC32CK-SG_DFP@1.7.233,https://packs.download.microchip.com/Microchip.PIC32CK-SG_DFP.1.7.233.pack,2026-08-12T09:31:18+00:00,manufacturer_device_database,atdf_variant_record
microchip::pic32ck1025sg01100-e/dd,microchip::pic32ck1025sg01100,Microchip,PIC32CK-SG,PIC32CK-SG,PIC32CK-SG,PIC32CK1025SG01100,PIC32CK1025SG01100-E/DD,-E/DD,,,,TQFP100,-40..125 °C,,unknown,microchip-atdf:PIC32CK-SG_DFP@1.7.233,https://packs.download.microchip.com/Microchip.PIC32CK-SG_DFP.1.7.233.pack,2026-08-12T09:31:18+00:00,manufacturer_device_database,atdf_variant_record
microchip::pic32ck1025sg01100-i/dd,microchip::pic32ck1025sg01100,Microchip,PIC32CK-SG,PIC32CK-SG,PIC32CK-SG,PIC32CK1025SG01100,PIC32CK1025SG01100-I/DD,-I/DD,,,,TQFP100,-40..85 °C,,unknown,microchip-atdf:PIC32CK-SG_DFP@1.7.233,https://packs.download.microchip.com/Microchip.PIC32CK-SG_DFP.1.7.233.pack,2026-08-12T09:31:18+00:00,manufacturer_device_database,atdf_variant_record
microchip::pic32ck1025sg01144-e/ph,microchip::pic32ck1025sg01144,Microchip,PIC32CK-SG,PIC32CK-SG,PIC32CK-SG,PIC32CK1025SG01144,PIC32CK1025SG01144-E/PH,-E/PH,,,,TQFP144,-40..125 °C,,unknown,microchip-atdf:PIC32CK-SG_DFP@1.7.233,https://packs.download.microchip.com/Microchip.PIC32CK-SG_DFP.1.7.233.pack,2026-08-12T09:31:18+00:00,manufacturer_device_database,atdf_variant_record
microchip::pic32ck1025sg01144-i/ph,microchip::pic32ck1025sg01144,Microchip,PIC32CK-SG,PIC32CK-SG,PIC32CK-SG,PIC32CK1025SG01144,PIC32CK1025SG01144-I/PH,-I/PH,,,,TQFP144,-40..85 °C,,unknown,microchip-atdf:PIC32CK-SG_DFP@1.7.233,https://packs.download.microchip.com/Microchip.PIC32CK-SG_DFP.1.7.233.pack,2026-08-12T09:31:18+00:00,manufacturer_device_database,atdf_variant_record
microchip::pic32ck2051sg00064-e/aa,microchip::pic32ck2051sg00064,Microchip,PIC32CK-SG,PIC32CK-SG,PIC32CK-SG,PIC32CK2051SG00064,PIC32CK2051SG00064-E/AA,-E/AA,,,,TQFP64,-40..125 °C,,unknown,microchip-atdf:PIC32CK-SG_DFP@1.7.233,https://packs.download.microchip.com/Microchip.PIC32CK-SG_DFP.1.7.233.pack,2026-08-12T09:31:18+00:00,manufacturer_device_database,atdf_variant_record
microchip::pic32ck2051sg00064-i/aa,microchip::pic32ck2051sg00064,Microchip,PIC32CK-SG,PIC32CK-SG,PIC32CK-SG,PIC32CK2051SG00064,PIC32CK2051SG00064-I/AA,-I/AA,,,,TQFP64,-40..85 °C,,unknown,microchip-atdf:PIC32CK-SG_DFP@1.7.233,https://packs.download.microchip.com/Microchip.PIC32CK-SG_DFP.1.7.233.pack,2026-08-12T09:31:18+00:00,manufacturer_device_database,atdf_variant_record
microchip::pic32ck2051sg00100-e/dd,microchip::pic32ck2051sg00100,Microchip,PIC32CK-SG,PIC32CK-SG,PIC32CK-SG,PIC32CK2051SG00100,PIC32CK2051SG00100-E/DD,-E/DD,,,,TQFP100,-40..125 °C,,unknown,microchip-atdf:PIC32CK-SG_DFP@1.7.233,https://packs.download.microchip.com/Microchip.PIC32CK-SG_DFP.1.7.233.pack,2026-08-12T09:31:18+00:00,manufacturer_device_database,atdf_variant_record
microchip::pic32ck2051sg00100-i/dd,microchip::pic32ck2051sg00100,Microchip,PIC32CK-SG,PIC32CK-SG,PIC32CK-SG,PIC32CK2051SG00100,PIC32CK2051SG00100-I/DD,-I/DD,,,,TQFP100,-40..85 °C,,unknown,microchip-atdf:PIC32CK-SG_DFP@1.7.233,https://packs.download.microchip.com/Microchip.PIC32CK-SG_DFP.1.7.233.pack,2026-08-12T09:31:18+00:00,manufacturer_device_database,atdf_variant_record
microchip::pic32ck2051sg00144-e/ph,microchip::pic32ck2051sg00144,Microchip,PIC32CK-SG,PIC32CK-SG,PIC32CK-SG,PIC32CK2051SG00144,PIC32CK2051SG00144-E/PH,-E/PH,,,,TQFP144,-40..125 °C,,unknown,microchip-atdf:PIC32CK-SG_DFP@1.7.233,https://packs.download.microchip.com/Microchip.PIC32CK-SG_DFP.1.7.233.pack,2026-08-12T09:31:18+00:00,manufacturer_device_database,atdf_variant_record
microchip::pic32ck2051sg00144-i/ph,microchip::pic32ck2051sg00144,Microchip,PIC32CK-SG,PIC32CK-SG,PIC32CK-SG,PIC32CK2051SG00144,PIC32CK2051SG00144-I/PH,-I/PH,,,,TQFP144,-40..85 °C,,unknown,microchip-atdf:PIC32CK-SG_DFP@1.7.233,https://packs.download.microchip.com/Microchip.PIC32CK-SG_DFP.1.7.233.pack,2026-08-12T09:31:18+00:00,manufacturer_device_database,atdf_variant_record
microchip::pic32ck2051sg01064-e/aa,microchip::pic32ck2051sg01064,Microchip,PIC32CK-SG,PIC32CK-SG,PIC32CK-SG,PIC32CK2051SG01064,PIC32CK2051SG01064-E/AA,-E/AA,,,,TQFP64,-40..125 °C,,unknown,microchip-atdf:PIC32CK-SG_DFP@1.7.233,https://packs.download.microchip.com/Microchip.PIC32CK-SG_DFP.1.7.233.pack,2026-08-12T09:31:18+00:00,manufacturer_device_database,atdf_variant_record
microchip::pic32ck2051sg01064-i/aa,microchip::pic32ck2051sg01064,Microchip,PIC32CK-SG,PIC32CK-SG,PIC32CK-SG,PIC32CK2051SG01064,PIC32CK2051SG01064-I/AA,-I/AA,,,,TQFP64,-40..85 °C,,unknown,microchip-atdf:PIC32CK-SG_DFP@1.7.233,https://packs.download.microchip.com/Microchip.PIC32CK-SG_DFP.1.7.233.pack,2026-08-12T09:31:18+00:00,manufacturer_device_database,atdf_variant_record
microchip::pic32ck2051sg01100-e/dd,microchip::pic32ck2051sg01100,Microchip,PIC32CK-SG,PIC32CK-SG,PIC32CK-SG,PIC32CK2051SG01100,PIC32CK2051SG01100-E/DD,-E/DD,,,,TQFP100,-40..125 °C,,unknown,microchip-atdf:PIC32CK-SG_DFP@1.7.233,https://packs.download.microchip.com/Microchip.PIC32CK-SG_DFP.1.7.233.pack,2026-08-12T09:31:18+00:00,manufacturer_device_database,atdf_variant_record
microchip::pic32ck2051sg01100-i/dd,microchip::pic32ck2051sg01100,Microchip,PIC32CK-SG,PIC32CK-SG,PIC32CK-SG,PIC32CK2051SG01100,PIC32CK2051SG01100-I/DD,-I/DD,,,,TQFP100,-40..85 °C,,unknown,microchip-atdf:PIC32CK-SG_DFP@1.7.233,https://packs.download.microchip.com/Microchip.PIC32CK-SG_DFP.1.7.233.pack,2026-08-12T09:31:18+00:00,manufacturer_device_database,atdf_variant_record
microchip::pic32ck2051sg01144-e/ph,microchip::pic32ck2051sg01144,Microchip,PIC32CK-SG,PIC32CK-SG,PIC32CK-SG,PIC32CK2051SG01144,PIC32CK2051SG01144-E/PH,-E/PH,,,,TQFP144,-40..125 °C,,unknown,microchip-atdf:PIC32CK-SG_DFP@1.7.233,https://packs.download.microchip.com/Microchip.PIC32CK-SG_DFP.1.7.233.pack,2026-08-12T09:31:18+00:00,manufacturer_device_database,atdf_variant_record
microchip::pic32ck2051sg01144-i/ph,microchip::pic32ck2051sg01144,Microchip,PIC32CK-SG,PIC32CK-SG,PIC32CK-SG,PIC32CK2051SG01144,PIC32CK2051SG01144-I/PH,-I/PH,,,,TQFP144,-40..85 °C,,unknown,microchip-atdf:PIC32CK-SG_DFP@1.7.233,https://packs.download.microchip.com/Microchip.PIC32CK-SG_DFP.1.7.233.pack,2026-08-12T09:31:18+00:00,manufacturer_device_database,atdf_variant_record
microchip::pic32cm1216jh01032-e/pt,microchip::pic32cm1216jh01032,Microchip,PIC32CM-JH,PIC32CM-JH,PIC32CM-JH,PIC32CM1216JH01032,PIC32CM1216JH01032-E/PT,-E/PT,,,,TQFP32,-40..125 °C,,unknown,microchip-atdf:PIC32CM-JH_DFP@1.7.296,https://packs.download.microchip.com/Microchip.PIC32CM-JH_DFP.1.7.296.pack,2026-08-12T09:31:18+00:00,manufacturer_device_database,atdf_variant_record
microchip::pic32cm1216jh01032-e/rtb,microchip::pic32cm1216jh01032,Microchip,PIC32CM-JH,PIC32CM-JH,PIC32CM-JH,PIC32CM1216JH01032,PIC32CM1216JH01032-E/RTB,-E/RTB,,,,QFN32,-40..125 °C,,unknown,microchip-atdf:PIC32CM-JH_DFP@1.7.296,https://packs.download.microchip.com/Microchip.PIC32CM-JH_DFP.1.7.296.pack,2026-08-12T09:31:18+00:00,manufacturer_device_database,atdf_variant_record
microchip::pic32cm1216jh01032-i/pt,microchip::pic32cm1216jh01032,Microchip,PIC32CM-JH,PIC32CM-JH,PIC32CM-JH,PIC32CM1216JH01032,PIC32CM1216JH01032-I/PT,-I/PT,,,,TQFP32,-40..85 °C,,unknown,microchip-atdf:PIC32CM-JH_DFP@1.7.296,https://packs.download.microchip.com/Microchip.PIC32CM-JH_DFP.1.7.296.pack,2026-08-12T09:31:18+00:00,manufacturer_device_database,atdf_variant_record
microchip::pic32cm1216jh01032-i/rtb,microchip::pic32cm1216jh01032,Microchip,PIC32CM-JH,PIC32CM-JH,PIC32CM-JH,PIC32CM1216JH01032,PIC32CM1216JH01032-I/RTB,-I/RTB,,,,QFN32,-40..85 °C,,unknown,microchip-atdf:PIC32CM-JH_DFP@1.7.296,https://packs.download.microchip.com/Microchip.PIC32CM-JH_DFP.1.7.296.pack,2026-08-12T09:31:18+00:00,manufacturer_device_database,atdf_variant_record
microchip::pic32cm1216jh01048-e/u5b,microchip::pic32cm1216jh01048,Microchip,PIC32CM-JH,PIC32CM-JH,PIC32CM-JH,PIC32CM1216JH01048,PIC32CM1216JH01048-E/U5B,-E/U5B,,,,QFN48,-40..125 °C,,unknown,microchip-atdf:PIC32CM-JH_DFP@1.7.296,https://packs.download.microchip.com/Microchip.PIC32CM-JH_DFP.1.7.296.pack,2026-08-12T09:31:18+00:00,manufacturer_device_database,atdf_variant_record
microchip::pic32cm1216jh01048-e/y8x,microchip::pic32cm1216jh01048,Microchip,PIC32CM-JH,PIC32CM-JH,PIC32CM-JH,PIC32CM1216JH01048,PIC32CM1216JH01048-E/Y8X,-E/Y8X,,,,TQFP48,-40..125 °C,,unknown,microchip-atdf:PIC32CM-JH_DFP@1.7.296,https://packs.download.microchip.com/Microchip.PIC32CM-JH_DFP.1.7.296.pack,2026-08-12T09:31:18+00:00,manufacturer_device_database,atdf_variant_record
microchip::pic32cm1216jh01048-i/u5b,microchip::pic32cm1216jh01048,Microchip,PIC32CM-JH,PIC32CM-JH,PIC32CM-JH,PIC32CM1216JH01048,PIC32CM1216JH01048-I/U5B,-I/U5B,,,,QFN48,-40..85 °C,,unknown,microchip-atdf:PIC32CM-JH_DFP@1.7.296,https://packs.download.microchip.com/Microchip.PIC32CM-JH_DFP.1.7.296.pack,2026-08-12T09:31:18+00:00,manufacturer_device_database,atdf_variant_record
microchip::pic32cm1216jh01048-i/y8x,microchip::pic32cm1216jh01048,Microchip,PIC32CM-JH,PIC32CM-JH,PIC32CM-JH,PIC32CM1216JH01048,PIC32CM1216JH01048-I/Y8X,-I/Y8X,,,,TQFP48,-40..85 °C,,unknown,microchip-atdf:PIC32CM-JH_DFP@1.7.296,https://packs.download.microchip.com/Microchip.PIC32CM-JH_DFP.1.7.296.pack,2026-08-12T09:31:18+00:00,manufacturer_device_database,atdf_variant_record
microchip::pic32cm1216le00032-i/pt,microchip::pic32cm1216le00032,Microchip,PIC32CM-LE,PIC32CM-LE,PIC32CM-LE,PIC32CM1216LE00032,PIC32CM1216LE00032-I/PT,-I/PT,,,,TQFP32,-40..85 °C,,unknown,microchip-atdf:PIC32CM-LE_DFP@1.4.336,https://packs.download.microchip.com/Microchip.PIC32CM-LE_DFP.1.4.336.pack,2026-08-12T09:31:18+00:00,manufacturer_device_database,atdf_variant_record
microchip::pic32cm1216le00032-i/rtb,microchip::pic32cm1216le00032,Microchip,PIC32CM-LE,PIC32CM-LE,PIC32CM-LE,PIC32CM1216LE00032,PIC32CM1216LE00032-I/RTB,-I/RTB,,,,VQFN32,-40..85 °C,,unknown,microchip-atdf:PIC32CM-LE_DFP@1.4.336,https://packs.download.microchip.com/Microchip.PIC32CM-LE_DFP.1.4.336.pack,2026-08-12T09:31:18+00:00,manufacturer_device_database,atdf_variant_record
microchip::pic32cm1216le00048-i/u5b,microchip::pic32cm1216le00048,Microchip,PIC32CM-LE,PIC32CM-LE,PIC32CM-LE,PIC32CM1216LE00048,PIC32CM1216LE00048-I/U5B,-I/U5B,,,,VQFN48,-40..85 °C,,unknown,microchip-atdf:PIC32CM-LE_DFP@1.4.336,https://packs.download.microchip.com/Microchip.PIC32CM-LE_DFP.1.4.336.pack,2026-08-12T09:31:18+00:00,manufacturer_device_database,atdf_variant_record
microchip::pic32cm1216le00048-i/y8x,microchip::pic32cm1216le00048,Microchip,PIC32CM-LE,PIC32CM-LE,PIC32CM-LE,PIC32CM1216LE00048,PIC32CM1216LE00048-I/Y8X,-I/Y8X,,,,TQFP48,-40..85 °C,,unknown,microchip-atdf:PIC32CM-LE_DFP@1.4.336,https://packs.download.microchip.com/Microchip.PIC32CM-LE_DFP.1.4.336.pack,2026-08-12T09:31:18+00:00,manufacturer_device_database,atdf_variant_record
microchip::pic32cm1216ls00032-i/pt,microchip::pic32cm1216ls00032,Microchip,PIC32CM-LS,PIC32CM-LS,PIC32CM-LS,PIC32CM1216LS00032,PIC32CM1216LS00032-I/PT,-I/PT,,,,TQFP32,-40..85 °C,,unknown,microchip-atdf:PIC32CM-LS_DFP@1.3.278,https://packs.download.microchip.com/Microchip.PIC32CM-LS_DFP.1.3.278.pack,2026-08-12T09:31:18+00:00,manufacturer_device_database,atdf_variant_record
microchip::pic32cm1216ls00032-i/rtb,microchip::pic32cm1216ls00032,Microchip,PIC32CM-LS,PIC32CM-LS,PIC32CM-LS,PIC32CM1216LS00032,PIC32CM1216LS00032-I/RTB,-I/RTB,,,,VQFN32,-40..85 °C,,unknown,microchip-atdf:PIC32CM-LS_DFP@1.3.278,https://packs.download.microchip.com/Microchip.PIC32CM-LS_DFP.1.3.278.pack,2026-08-12T09:31:18+00:00,manufacturer_device_database,atdf_variant_record
microchip::pic32cm1216ls00048-i/u5b,microchip::pic32cm1216ls00048,Microchip,PIC32CM-LS,PIC32CM-LS,PIC32CM-LS,PIC32CM1216LS00048,PIC32CM1216LS00048-I/U5B,-I/U5B,,,,VQFN48,-40..85 °C,,unknown,microchip-atdf:PIC32CM-LS_DFP@1.3.278,https://packs.download.microchip.com/Microchip.PIC32CM-LS_DFP.1.3.278.pack,2026-08-12T09:31:18+00:00,manufacturer_device_database,atdf_variant_record
microchip::pic32cm1216ls00048-i/y8x,microchip::pic32cm1216ls00048,Microchip,PIC32CM-LS,PIC32CM-LS,PIC32CM-LS,PIC32CM1216LS00048,PIC32CM1216LS00048-I/Y8X,-I/Y8X,,,,TQFP48,-40..85 °C,,unknown,microchip-atdf:PIC32CM-LS_DFP@1.3.278,https://packs.download.microchip.com/Microchip.PIC32CM-LS_DFP.1.3.278.pack,2026-08-12T09:31:18+00:00,manufacturer_device_database,atdf_variant_record
microchip::pic32cm1216mc00032-e/pt,microchip::pic32cm1216mc00032,Microchip,PIC32CM-MC,PIC32CM-MC,PIC32CM-MC,PIC32CM1216MC00032,PIC32CM1216MC00032-E/PT,-E/PT,,,,TQFP32,-40..125 °C,,unknown,microchip-atdf:PIC32CM-MC_DFP@1.5.244,https://packs.download.microchip.com/Microchip.PIC32CM-MC_DFP.1.5.244.pack,2026-08-12T09:31:18+00:00,manufacturer_device_database,atdf_variant_record
microchip::pic32cm1216mc00032-e/rtb,microchip::pic32cm1216mc00032,Microchip,PIC32CM-MC,PIC32CM-MC,PIC32CM-MC,PIC32CM1216MC00032,PIC32CM1216MC00032-E/RTB,-E/RTB,,,,QFN32,-40..125 °C,,unknown,microchip-atdf:PIC32CM-MC_DFP@1.5.244,https://packs.download.microchip.com/Microchip.PIC32CM-MC_DFP.1.5.244.pack,2026-08-12T09:31:18+00:00,manufacturer_device_database,atdf_variant_record
microchip::pic32cm1216mc00032-i/pt,microchip::pic32cm1216mc00032,Microchip,PIC32CM-MC,PIC32CM-MC,PIC32CM-MC,PIC32CM1216MC00032,PIC32CM1216MC00032-I/PT,-I/PT,,,,TQFP32,-40..85 °C,,unknown,microchip-atdf:PIC32CM-MC_DFP@1.5.244,https://packs.download.microchip.com/Microchip.PIC32CM-MC_DFP.1.5.244.pack,2026-08-12T09:31:18+00:00,manufacturer_device_database,atdf_variant_record
microchip::pic32cm1216mc00032-i/rtb,microchip::pic32cm1216mc00032,Microchip,PIC32CM-MC,PIC32CM-MC,PIC32CM-MC,PIC32CM1216MC00032,PIC32CM1216MC00032-I/RTB,-I/RTB,,,,QFN32,-40..85 °C,,unknown,microchip-atdf:PIC32CM-MC_DFP@1.5.244,https://packs.download.microchip.com/Microchip.PIC32CM-MC_DFP.1.5.244.pack,2026-08-12T09:31:18+00:00,manufacturer_device_database,atdf_variant_record
microchip::pic32cm1216mc00048-e/u5b,microchip::pic32cm1216mc00048,Microchip,PIC32CM-MC,PIC32CM-MC,PIC32CM-MC,PIC32CM1216MC00048,PIC32CM1216MC00048-E/U5B,-E/U5B,,,,QFN48,-40..125 °C,,unknown,microchip-atdf:PIC32CM-MC_DFP@1.5.244,https://packs.download.microchip.com/Microchip.PIC32CM-MC_DFP.1.5.244.pack,2026-08-12T09:31:18+00:00,manufacturer_device_database,atdf_variant_record
microchip::pic32cm1216mc00048-e/y8,microchip::pic32cm1216mc00048,Microchip,PIC32CM-MC,PIC32CM-MC,PIC32CM-MC,PIC32CM1216MC00048,PIC32CM1216MC00048-E/Y8,-E/Y8,,,,TQFP48,-40..125 °C,,unknown,microchip-atdf:PIC32CM-MC_DFP@1.5.244,https://packs.download.microchip.com/Microchip.PIC32CM-MC_DFP.1.5.244.pack,2026-08-12T09:31:18+00:00,manufacturer_device_database,atdf_variant_record
microchip::pic32cm1216mc00048-i/u5b,microchip::pic32cm1216mc00048,Microchip,PIC32CM-MC,PIC32CM-MC,PIC32CM-MC,PIC32CM1216MC00048,PIC32CM1216MC00048-I/U5B,-I/U5B,,,,QFN48,-40..85 °C,,unknown,microchip-atdf:PIC32CM-MC_DFP@1.5.244,https://packs.download.microchip.com/Microchip.PIC32CM-MC_DFP.1.5.244.pack,2026-08-12T09:31:18+00:00,manufacturer_device_database,atdf_variant_record
microchip::pic32cm1216mc00048-i/y8,microchip::pic32cm1216mc00048,Microchip,PIC32CM-MC,PIC32CM-MC,PIC32CM-MC,PIC32CM1216MC00048,PIC32CM1216MC00048-I/Y8,-I/Y8,,,,TQFP48,-40..85 °C,,unknown,microchip-atdf:PIC32CM-MC_DFP@1.5.244,https://packs.download.microchip.com/Microchip.PIC32CM-MC_DFP.1.5.244.pack,2026-08-12T09:31:18+00:00,manufacturer_device_database,atdf_variant_record
microchip::pic32cm1216pl10028-e/3lw,microchip::pic32cm1216pl10028,Microchip,PIC32CM-PL,PIC32CM-PL,PIC32CM-PL,PIC32CM1216PL10028,PIC32CM1216PL10028-E/3LW,-E/3LW,,,,VQFN28 WF,-40..125 °C,,unknown,microchip-atdf:PIC32CM-PL_DFP@1.5.437,https://packs.download.microchip.com/Microchip.PIC32CM-PL_DFP.1.5.437.pack,2026-08-12T09:31:18+00:00,manufacturer_device_database,atdf_variant_record
microchip::pic32cm1216pl10028-e/sp,microchip::pic32cm1216pl10028,Microchip,PIC32CM-PL,PIC32CM-PL,PIC32CM-PL,PIC32CM1216PL10028,PIC32CM1216PL10028-E/SP,-E/SP,,,,SPDIP28,-40..125 °C,,unknown,microchip-atdf:PIC32CM-PL_DFP@1.5.437,https://packs.download.microchip.com/Microchip.PIC32CM-PL_DFP.1.5.437.pack,2026-08-12T09:31:18+00:00,manufacturer_device_database,atdf_variant_record
microchip::pic32cm1216pl10028-e/ss,microchip::pic32cm1216pl10028,Microchip,PIC32CM-PL,PIC32CM-PL,PIC32CM-PL,PIC32CM1216PL10028,PIC32CM1216PL10028-E/SS,-E/SS,,,,SSOP28,-40..125 °C,,unknown,microchip-atdf:PIC32CM-PL_DFP@1.5.437,https://packs.download.microchip.com/Microchip.PIC32CM-PL_DFP.1.5.437.pack,2026-08-12T09:31:18+00:00,manufacturer_device_database,atdf_variant_record
microchip::pic32cm1216pl10028-i/3lw,microchip::pic32cm1216pl10028,Microchip,PIC32CM-PL,PIC32CM-PL,PIC32CM-PL,PIC32CM1216PL10028,PIC32CM1216PL10028-I/3LW,-I/3LW,,,,VQFN28 WF,-40..85 °C,,unknown,microchip-atdf:PIC32CM-PL_DFP@1.5.437,https://packs.download.microchip.com/Microchip.PIC32CM-PL_DFP.1.5.437.pack,2026-08-12T09:31:18+00:00,manufacturer_device_database,atdf_variant_record
microchip::pic32cm1216pl10028-i/sp,microchip::pic32cm1216pl10028,Microchip,PIC32CM-PL,PIC32CM-PL,PIC32CM-PL,PIC32CM1216PL10028,PIC32CM1216PL10028-I/SP,-I/SP,,,,SPDIP28,-40..85 °C,,unknown,microchip-atdf:PIC32CM-PL_DFP@1.5.437,https://packs.download.microchip.com/Microchip.PIC32CM-PL_DFP.1.5.437.pack,2026-08-12T09:31:18+00:00,manufacturer_device_database,atdf_variant_record
microchip::pic32cm1216pl10028-i/ss,microchip::pic32cm1216pl10028,Microchip,PIC32CM-PL,PIC32CM-PL,PIC32CM-PL,PIC32CM1216PL10028,PIC32CM1216PL10028-I/SS,-I/SS,,,,SSOP28,-40..85 °C,,unknown,microchip-atdf:PIC32CM-PL_DFP@1.5.437,https://packs.download.microchip.com/Microchip.PIC32CM-PL_DFP.1.5.437.pack,2026-08-12T09:31:18+00:00,manufacturer_device_database,atdf_variant_record
microchip::pic32cm1216pl10032-e/pt,microchip::pic32cm1216pl10032,Microchip,PIC32CM-PL,PIC32CM-PL,PIC32CM-PL,PIC32CM1216PL10032,PIC32CM1216PL10032-E/PT,-E/PT,,,,TQFP32,-40..125 °C,,unknown,microchip-atdf:PIC32CM-PL_DFP@1.5.437,https://packs.download.microchip.com/Microchip.PIC32CM-PL_DFP.1.5.437.pack,2026-08-12T09:31:18+00:00,manufacturer_device_database,atdf_variant_record
microchip::pic32cm1216pl10032-e/qzb,microchip::pic32cm1216pl10032,Microchip,PIC32CM-PL,PIC32CM-PL,PIC32CM-PL,PIC32CM1216PL10032,PIC32CM1216PL10032-E/QZB,-E/QZB,,,,VQFN32,-40..125 °C,,unknown,microchip-atdf:PIC32CM-PL_DFP@1.5.437,https://packs.download.microchip.com/Microchip.PIC32CM-PL_DFP.1.5.437.pack,2026-08-12T09:31:18+00:00,manufacturer_device_database,atdf_variant_record
microchip::pic32cm1216pl10032-i/pt,microchip::pic32cm1216pl10032,Microchip,PIC32CM-PL,PIC32CM-PL,PIC32CM-PL,PIC32CM1216PL10032,PIC32CM1216PL10032-I/PT,-I/PT,,,,TQFP32,-40..85 °C,,unknown,microchip-atdf:PIC32CM-PL_DFP@1.5.437,https://packs.download.microchip.com/Microchip.PIC32CM-PL_DFP.1.5.437.pack,2026-08-12T09:31:18+00:00,manufacturer_device_database,atdf_variant_record
microchip::pic32cm1216pl10032-i/qzb,microchip::pic32cm1216pl10032,Microchip,PIC32CM-PL,PIC32CM-PL,PIC32CM-PL,PIC32CM1216PL10032,PIC32CM1216PL10032-I/QZB,-I/QZB,,,,VQFN32,-40..85 °C,,unknown,microchip-atdf:PIC32CM-PL_DFP@1.5.437,https://packs.download.microchip.com/Microchip.PIC32CM-PL_DFP.1.5.437.pack,2026-08-12T09:31:18+00:00,manufacturer_device_database,atdf_variant_record
microchip::pic32cm1216pl10048-e/6mx,microchip::pic32cm1216pl10048,Microchip,PIC32CM-PL,PIC32CM-PL,PIC32CM-PL,PIC32CM1216PL10048,PIC32CM1216PL10048-E/6MX,-E/6MX,,,,VQFN48 WF,-40..125 °C,,unknown,microchip-atdf:PIC32CM-PL_DFP@1.5.437,https://packs.download.microchip.com/Microchip.PIC32CM-PL_DFP.1.5.437.pack,2026-08-12T09:31:18+00:00,manufacturer_device_database,atdf_variant_record
microchip::pic32cm1216pl10048-e/pt,microchip::pic32cm1216pl10048,Microchip,PIC32CM-PL,PIC32CM-PL,PIC32CM-PL,PIC32CM1216PL10048,PIC32CM1216PL10048-E/PT,-E/PT,,,,TQFP48,-40..125 °C,,unknown,microchip-atdf:PIC32CM-PL_DFP@1.5.437,https://packs.download.microchip.com/Microchip.PIC32CM-PL_DFP.1.5.437.pack,2026-08-12T09:31:18+00:00,manufacturer_device_database,atdf_variant_record
microchip::pic32cm1216pl10048-i/6mx,microchip::pic32cm1216pl10048,Microchip,PIC32CM-PL,PIC32CM-PL,PIC32CM-PL,PIC32CM1216PL10048,PIC32CM1216PL10048-I/6MX,-I/6MX,,,,VQFN48 WF,-40..85 °C,,unknown,microchip-atdf:PIC32CM-PL_DFP@1.5.437,https://packs.download.microchip.com/Microchip.PIC32CM-PL_DFP.1.5.437.pack,2026-08-12T09:31:18+00:00,manufacturer_device_database,atdf_variant_record
microchip::pic32cm1216pl10048-i/pt,microchip::pic32cm1216pl10048,Microchip,PIC32CM-PL,PIC32CM-PL,PIC32CM-PL,PIC32CM1216PL10048,PIC32CM1216PL10048-I/PT,-I/PT,,,,TQFP48,-40..85 °C,,unknown,microchip-atdf:PIC32CM-PL_DFP@1.5.437,https://packs.download.microchip.com/Microchip.PIC32CM-PL_DFP.1.5.437.pack,2026-08-12T09:31:18+00:00,manufacturer_device_database,atdf_variant_record
microchip::pic32cm1216pl10064-e/5lx,microchip::pic32cm1216pl10064,Microchip,PIC32CM-PL,PIC32CM-PL,PIC32CM-PL,PIC32CM1216PL10064,PIC32CM1216PL10064-E/5LX,-E/5LX,,,,VQFN64 WF,-40..125 °C,,unknown,microchip-atdf:PIC32CM-PL_DFP@1.5.437,https://packs.download.microchip.com/Microchip.PIC32CM-PL_DFP.1.5.437.pack,2026-08-12T09:31:18+00:00,manufacturer_device_database,atdf_variant_record
microchip::pic32cm1216pl10064-e/pt,microchip::pic32cm1216pl10064,Microchip,PIC32CM-PL,PIC32CM-PL,PIC32CM-PL,PIC32CM1216PL10064,PIC32CM1216PL10064-E/PT,-E/PT,,,,TQFP64,-40..125 °C,,unknown,microchip-atdf:PIC32CM-PL_DFP@1.5.437,https://packs.download.microchip.com/Microchip.PIC32CM-PL_DFP.1.5.437.pack,2026-08-12T09:31:18+00:00,manufacturer_device_database,atdf_variant_record
microchip::pic32cm1216pl10064-i/5lx,microchip::pic32cm1216pl10064,Microchip,PIC32CM-PL,PIC32CM-PL,PIC32CM-PL,PIC32CM1216PL10064,PIC32CM1216PL10064-I/5LX,-I/5LX,,,,VQFN64 WF,-40..85 °C,,unknown,microchip-atdf:PIC32CM-PL_DFP@1.5.437,https://packs.download.microchip.com/Microchip.PIC32CM-PL_DFP.1.5.437.pack,2026-08-12T09:31:18+00:00,manufacturer_device_database,atdf_variant_record
microchip::pic32cm1216pl10064-i/pt,microchip::pic32cm1216pl10064,Microchip,PIC32CM-PL,PIC32CM-PL,PIC32CM-PL,PIC32CM1216PL10064,PIC32CM1216PL10064-I/PT,-I/PT,,,,TQFP64,-40..85 °C,,unknown,microchip-atdf:PIC32CM-PL_DFP@1.5.437,https://packs.download.microchip.com/Microchip.PIC32CM-PL_DFP.1.5.437.pack,2026-08-12T09:31:18+00:00,manufacturer_device_database,atdf_variant_record
microchip::pic32cm1602gv00032-e/rtb,microchip::pic32cm1602gv00032,Microchip,PIC32CM-GV,PIC32CM-GV,PIC32CM-GV,PIC32CM1602GV00032,PIC32CM1602GV00032-E/RTB,-E/RTB,,,,QFN32,-40..125 °C,,unknown,microchip-atdf:PIC32CM-GV_DFP@1.3.47,https://packs.download.microchip.com/Microchip.PIC32CM-GV_DFP.1.3.47.pack,2026-08-12T09:31:18+00:00,manufacturer_device_database,atdf_variant_record
microchip::pic32cm1602gv00032-e/t5x,microchip::pic32cm1602gv00032,Microchip,PIC32CM-GV,PIC32CM-GV,PIC32CM-GV,PIC32CM1602GV00032,PIC32CM1602GV00032-E/T5X,-E/T5X,,,,TQFP32,-40..125 °C,,unknown,microchip-atdf:PIC32CM-GV_DFP@1.3.47,https://packs.download.microchip.com/Microchip.PIC32CM-GV_DFP.1.3.47.pack,2026-08-12T09:31:18+00:00,manufacturer_device_database,atdf_variant_record
microchip::pic32cm1602gv00032-i/rtb,microchip::pic32cm1602gv00032,Microchip,PIC32CM-GV,PIC32CM-GV,PIC32CM-GV,PIC32CM1602GV00032,PIC32CM1602GV00032-I/RTB,-I/RTB,,,,QFN32,-40..85 °C,,unknown,microchip-atdf:PIC32CM-GV_DFP@1.3.47,https://packs.download.microchip.com/Microchip.PIC32CM-GV_DFP.1.3.47.pack,2026-08-12T09:31:18+00:00,manufacturer_device_database,atdf_variant_record
microchip::pic32cm1602gv00032-i/t5x,microchip::pic32cm1602gv00032,Microchip,PIC32CM-GV,PIC32CM-GV,PIC32CM-GV,PIC32CM1602GV00032,PIC32CM1602GV00032-I/T5X,-I/T5X,,,,TQFP32,-40..85 °C,,unknown,microchip-atdf:PIC32CM-GV_DFP@1.3.47,https://packs.download.microchip.com/Microchip.PIC32CM-GV_DFP.1.3.47.pack,2026-08-12T09:31:18+00:00,manufacturer_device_database,atdf_variant_record
microchip::pic32cm1602gv00048-e/u5b,microchip::pic32cm1602gv00048,Microchip,PIC32CM-GV,PIC32CM-GV,PIC32CM-GV,PIC32CM1602GV00048,PIC32CM1602GV00048-E/U5B,-E/U5B,,,,QFN48,-40..125 °C,,unknown,microchip-atdf:PIC32CM-GV_DFP@1.3.47,https://packs.download.microchip.com/Microchip.PIC32CM-GV_DFP.1.3.47.pack,2026-08-12T09:31:18+00:00,manufacturer_device_database,atdf_variant_record
microchip::pic32cm1602gv00048-e/y8x,microchip::pic32cm1602gv00048,Microchip,PIC32CM-GV,PIC32CM-GV,PIC32CM-GV,PIC32CM1602GV00048,PIC32CM1602GV00048-E/Y8X,-E/Y8X,,,,TQFP48,-40..125 °C,,unknown,microchip-atdf:PIC32CM-GV_DFP@1.3.47,https://packs.download.microchip.com/Microchip.PIC32CM-GV_DFP.1.3.47.pack,2026-08-12T09:31:18+00:00,manufacturer_device_database,atdf_variant_record
microchip::pic32cm1602gv00048-i/u5b,microchip::pic32cm1602gv00048,Microchip,PIC32CM-GV,PIC32CM-GV,PIC32CM-GV,PIC32CM1602GV00048,PIC32CM1602GV00048-I/U5B,-I/U5B,,,,QFN48,-40..85 °C,,unknown,microchip-atdf:PIC32CM-GV_DFP@1.3.47,https://packs.download.microchip.com/Microchip.PIC32CM-GV_DFP.1.3.47.pack,2026-08-12T09:31:18+00:00,manufacturer_device_database,atdf_variant_record
microchip::pic32cm1602gv00048-i/y8x,microchip::pic32cm1602gv00048,Microchip,PIC32CM-GV,PIC32CM-GV,PIC32CM-GV,PIC32CM1602GV00048,PIC32CM1602GV00048-I/Y8X,-I/Y8X,,,,TQFP48,-40..85 °C,,unknown,microchip-atdf:PIC32CM-GV_DFP@1.3.47,https://packs.download.microchip.com/Microchip.PIC32CM-GV_DFP.1.3.47.pack,2026-08-12T09:31:18+00:00,manufacturer_device_database,atdf_variant_record
microchip::pic32cm1602gv00064-e/5lx,microchip::pic32cm1602gv00064,Microchip,PIC32CM-GV,PIC32CM-GV,PIC32CM-GV,PIC32CM1602GV00064,PIC32CM1602GV00064-E/5LX,-E/5LX,,,,QFN64,-40..125 °C,,unknown,microchip-atdf:PIC32CM-GV_DFP@1.3.47,https://packs.download.microchip.com/Microchip.PIC32CM-GV_DFP.1.3.47.pack,2026-08-12T09:31:18+00:00,manufacturer_device_database,atdf_variant_record
microchip::pic32cm1602gv00064-e/v2x,microchip::pic32cm1602gv00064,Microchip,PIC32CM-GV,PIC32CM-GV,PIC32CM-GV,PIC32CM1602GV00064,PIC32CM1602GV00064-E/V2X,-E/V2X,,,,TQFP64,-40..125 °C,,unknown,microchip-atdf:PIC32CM-GV_DFP@1.3.47,https://packs.download.microchip.com/Microchip.PIC32CM-GV_DFP.1.3.47.pack,2026-08-12T09:31:18+00:00,manufacturer_device_database,atdf_variant_record
microchip::pic32cm1602gv00064-i/5lx,microchip::pic32cm1602gv00064,Microchip,PIC32CM-GV,PIC32CM-GV,PIC32CM-GV,PIC32CM1602GV00064,PIC32CM1602GV00064-I/5LX,-I/5LX,,,,QFN64,-40..85 °C,,unknown,microchip-atdf:PIC32CM-GV_DFP@1.3.47,https://packs.download.microchip.com/Microchip.PIC32CM-GV_DFP.1.3.47.pack,2026-08-12T09:31:18+00:00,manufacturer_device_database,atdf_variant_record
microchip::pic32cm1602gv00064-i/v2x,microchip::pic32cm1602gv00064,Microchip,PIC32CM-GV,PIC32CM-GV,PIC32CM-GV,PIC32CM1602GV00064,PIC32CM1602GV00064-I/V2X,-I/V2X,,,,TQFP64,-40..85 °C,,unknown,microchip-atdf:PIC32CM-GV_DFP@1.3.47,https://packs.download.microchip.com/Microchip.PIC32CM-GV_DFP.1.3.47.pack,2026-08-12T09:31:18+00:00,manufacturer_device_database,atdf_variant_record
microchip::pic32cm2532jh00032-e/pt,microchip::pic32cm2532jh00032,Microchip,PIC32CM-JH,PIC32CM-JH,PIC32CM-JH,PIC32CM2532JH00032,PIC32CM2532JH00032-E/PT,-E/PT,,,,TQFP32,-40..125 °C,,unknown,microchip-atdf:PIC32CM-JH_DFP@1.7.296,https://packs.download.microchip.com/Microchip.PIC32CM-JH_DFP.1.7.296.pack,2026-08-12T09:31:18+00:00,manufacturer_device_database,atdf_variant_record
microchip::pic32cm2532jh00032-i/pt,microchip::pic32cm2532jh00032,Microchip,PIC32CM-JH,PIC32CM-JH,PIC32CM-JH,PIC32CM2532JH00032,PIC32CM2532JH00032-I/PT,-I/PT,,,,TQFP32,-40..85 °C,,unknown,microchip-atdf:PIC32CM-JH_DFP@1.7.296,https://packs.download.microchip.com/Microchip.PIC32CM-JH_DFP.1.7.296.pack,2026-08-12T09:31:18+00:00,manufacturer_device_database,atdf_variant_record
microchip::pic32cm2532jh00048-e/u5b,microchip::pic32cm2532jh00048,Microchip,PIC32CM-JH,PIC32CM-JH,PIC32CM-JH,PIC32CM2532JH00048,PIC32CM2532JH00048-E/U5B,-E/U5B,,,,QFN48,-40..125 °C,,unknown,microchip-atdf:PIC32CM-JH_DFP@1.7.296,https://packs.download.microchip.com/Microchip.PIC32CM-JH_DFP.1.7.296.pack,2026-08-12T09:31:18+00:00,manufacturer_device_database,atdf_variant_record
microchip::pic32cm2532jh00048-e/y8x,microchip::pic32cm2532jh00048,Microchip,PIC32CM-JH,PIC32CM-JH,PIC32CM-JH,PIC32CM2532JH00048,PIC32CM2532JH00048-E/Y8X,-E/Y8X,,,,TQFP48,-40..125 °C,,unknown,microchip-atdf:PIC32CM-JH_DFP@1.7.296,https://packs.download.microchip.com/Microchip.PIC32CM-JH_DFP.1.7.296.pack,2026-08-12T09:31:18+00:00,manufacturer_device_database,atdf_variant_record
microchip::pic32cm2532jh00048-i/u5b,microchip::pic32cm2532jh00048,Microchip,PIC32CM-JH,PIC32CM-JH,PIC32CM-JH,PIC32CM2532JH00048,PIC32CM2532JH00048-I/U5B,-I/U5B,,,,QFN48,-40..85 °C,,unknown,microchip-atdf:PIC32CM-JH_DFP@1.7.296,https://packs.download.microchip.com/Microchip.PIC32CM-JH_DFP.1.7.296.pack,2026-08-12T09:31:18+00:00,manufacturer_device_database,atdf_variant_record
microchip::pic32cm2532jh00048-i/y8x,microchip::pic32cm2532jh00048,Microchip,PIC32CM-JH,PIC32CM-JH,PIC32CM-JH,PIC32CM2532JH00048,PIC32CM2532JH00048-I/Y8X,-I/Y8X,,,,TQFP48,-40..85 °C,,unknown,microchip-atdf:PIC32CM-JH_DFP@1.7.296,https://packs.download.microchip.com/Microchip.PIC32CM-JH_DFP.1.7.296.pack,2026-08-12T09:31:18+00:00,manufacturer_device_database,atdf_variant_record
microchip::pic32cm2532jh00064-e/5lx,microchip::pic32cm2532jh00064,Microchip,PIC32CM-JH,PIC32CM-JH,PIC32CM-JH,PIC32CM2532JH00064,PIC32CM2532JH00064-E/5LX,-E/5LX,,,,QFN64,-40..125 °C,,unknown,microchip-atdf:PIC32CM-JH_DFP@1.7.296,https://packs.download.microchip.com/Microchip.PIC32CM-JH_DFP.1.7.296.pack,2026-08-12T09:31:18+00:00,manufacturer_device_database,atdf_variant_record
microchip::pic32cm2532jh00064-e/pt,microchip::pic32cm2532jh00064,Microchip,PIC32CM-JH,PIC32CM-JH,PIC32CM-JH,PIC32CM2532JH00064,PIC32CM2532JH00064-E/PT,-E/PT,,,,TQFP64,-40..125 °C,,unknown,microchip-atdf:PIC32CM-JH_DFP@1.7.296,https://packs.download.microchip.com/Microchip.PIC32CM-JH_DFP.1.7.296.pack,2026-08-12T09:31:18+00:00,manufacturer_device_database,atdf_variant_record
microchip::pic32cm2532jh00064-i/5lx,microchip::pic32cm2532jh00064,Microchip,PIC32CM-JH,PIC32CM-JH,PIC32CM-JH,PIC32CM2532JH00064,PIC32CM2532JH00064-I/5LX,-I/5LX,,,,QFN64,-40..85 °C,,unknown,microchip-atdf:PIC32CM-JH_DFP@1.7.296,https://packs.download.microchip.com/Microchip.PIC32CM-JH_DFP.1.7.296.pack,2026-08-12T09:31:18+00:00,manufacturer_device_database,atdf_variant_record
microchip::pic32cm2532jh00064-i/pt,microchip::pic32cm2532jh00064,Microchip,PIC32CM-JH,PIC32CM-JH,PIC32CM-JH,PIC32CM2532JH00064,PIC32CM2532JH00064-I/PT,-I/PT,,,,TQFP64,-40..85 °C,,unknown,microchip-atdf:PIC32CM-JH_DFP@1.7.296,https://packs.download.microchip.com/Microchip.PIC32CM-JH_DFP.1.7.296.pack,2026-08-12T09:31:18+00:00,manufacturer_device_database,atdf_variant_record
microchip::pic32cm2532jh00100-e/pf,microchip::pic32cm2532jh00100,Microchip,PIC32CM-JH,PIC32CM-JH,PIC32CM-JH,PIC32CM2532JH00100,PIC32CM2532JH00100-E/PF,-E/PF,,,,TQFP100,-40..125 °C,,unknown,microchip-atdf:PIC32CM-JH_DFP@1.7.296,https://packs.download.microchip.com/Microchip.PIC32CM-JH_DFP.1.7.296.pack,2026-08-12T09:31:18+00:00,manufacturer_device_database,atdf_variant_record
microchip::pic32cm2532jh00100-i/pf,microchip::pic32cm2532jh00100,Microchip,PIC32CM-JH,PIC32CM-JH,PIC32CM-JH,PIC32CM2532JH00100,PIC32CM2532JH00100-I/PF,-I/PF,,,,TQFP100,-40..85 °C,,unknown,microchip-atdf:PIC32CM-JH_DFP@1.7.296,https://packs.download.microchip.com/Microchip.PIC32CM-JH_DFP.1.7.296.pack,2026-08-12T09:31:18+00:00,manufacturer_device_database,atdf_variant_record
microchip::pic32cm2532jh01032-e/pt,microchip::pic32cm2532jh01032,Microchip,PIC32CM-JH,PIC32CM-JH,PIC32CM-JH,PIC32CM2532JH01032,PIC32CM2532JH01032-E/PT,-E/PT,,,,TQFP32,-40..125 °C,,unknown,microchip-atdf:PIC32CM-JH_DFP@1.7.296,https://packs.download.microchip.com/Microchip.PIC32CM-JH_DFP.1.7.296.pack,2026-08-12T09:31:18+00:00,manufacturer_device_database,atdf_variant_record
microchip::pic32cm2532jh01032-i/pt,microchip::pic32cm2532jh01032,Microchip,PIC32CM-JH,PIC32CM-JH,PIC32CM-JH,PIC32CM2532JH01032,PIC32CM2532JH01032-I/PT,-I/PT,,,,TQFP32,-40..85 °C,,unknown,microchip-atdf:PIC32CM-JH_DFP@1.7.296,https://packs.download.microchip.com/Microchip.PIC32CM-JH_DFP.1.7.296.pack,2026-08-12T09:31:18+00:00,manufacturer_device_database,atdf_variant_record
microchip::pic32cm2532jh01048-e/u5b,microchip::pic32cm2532jh01048,Microchip,PIC32CM-JH,PIC32CM-JH,PIC32CM-JH,PIC32CM2532JH01048,PIC32CM2532JH01048-E/U5B,-E/U5B,,,,QFN48,-40..125 °C,,unknown,microchip-atdf:PIC32CM-JH_DFP@1.7.296,https://packs.download.microchip.com/Microchip.PIC32CM-JH_DFP.1.7.296.pack,2026-08-12T09:31:18+00:00,manufacturer_device_database,atdf_variant_record
microchip::pic32cm2532jh01048-e/y8x,microchip::pic32cm2532jh01048,Microchip,PIC32CM-JH,PIC32CM-JH,PIC32CM-JH,PIC32CM2532JH01048,PIC32CM2532JH01048-E/Y8X,-E/Y8X,,,,TQFP48,-40..125 °C,,unknown,microchip-atdf:PIC32CM-JH_DFP@1.7.296,https://packs.download.microchip.com/Microchip.PIC32CM-JH_DFP.1.7.296.pack,2026-08-12T09:31:18+00:00,manufacturer_device_database,atdf_variant_record
microchip::pic32cm2532jh01048-i/u5b,microchip::pic32cm2532jh01048,Microchip,PIC32CM-JH,PIC32CM-JH,PIC32CM-JH,PIC32CM2532JH01048,PIC32CM2532JH01048-I/U5B,-I/U5B,,,,QFN48,-40..85 °C,,unknown,microchip-atdf:PIC32CM-JH_DFP@1.7.296,https://packs.download.microchip.com/Microchip.PIC32CM-JH_DFP.1.7.296.pack,2026-08-12T09:31:18+00:00,manufacturer_device_database,atdf_variant_record
microchip::pic32cm2532jh01048-i/y8x,microchip::pic32cm2532jh01048,Microchip,PIC32CM-JH,PIC32CM-JH,PIC32CM-JH,PIC32CM2532JH01048,PIC32CM2532JH01048-I/Y8X,-I/Y8X,,,,TQFP48,-40..85 °C,,unknown,microchip-atdf:PIC32CM-JH_DFP@1.7.296,https://packs.download.microchip.com/Microchip.PIC32CM-JH_DFP.1.7.296.pack,2026-08-12T09:31:18+00:00,manufacturer_device_database,atdf_variant_record
microchip::pic32cm2532jh01064-e/5lx,microchip::pic32cm2532jh01064,Microchip,PIC32CM-JH,PIC32CM-JH,PIC32CM-JH,PIC32CM2532JH01064,PIC32CM2532JH01064-E/5LX,-E/5LX,,,,QFN64,-40..125 °C,,unknown,microchip-atdf:PIC32CM-JH_DFP@1.7.296,https://packs.download.microchip.com/Microchip.PIC32CM-JH_DFP.1.7.296.pack,2026-08-12T09:31:18+00:00,manufacturer_device_database,atdf_variant_record
microchip::pic32cm2532jh01064-e/pt,microchip::pic32cm2532jh01064,Microchip,PIC32CM-JH,PIC32CM-JH,PIC32CM-JH,PIC32CM2532JH01064,PIC32CM2532JH01064-E/PT,-E/PT,,,,TQFP64,-40..125 °C,,unknown,microchip-atdf:PIC32CM-JH_DFP@1.7.296,https://packs.download.microchip.com/Microchip.PIC32CM-JH_DFP.1.7.296.pack,2026-08-12T09:31:18+00:00,manufacturer_device_database,atdf_variant_record
microchip::pic32cm2532jh01064-i/5lx,microchip::pic32cm2532jh01064,Microchip,PIC32CM-JH,PIC32CM-JH,PIC32CM-JH,PIC32CM2532JH01064,PIC32CM2532JH01064-I/5LX,-I/5LX,,,,QFN64,-40..85 °C,,unknown,microchip-atdf:PIC32CM-JH_DFP@1.7.296,https://packs.download.microchip.com/Microchip.PIC32CM-JH_DFP.1.7.296.pack,2026-08-12T09:31:18+00:00,manufacturer_device_database,atdf_variant_record
microchip::pic32cm2532jh01064-i/pt,microchip::pic32cm2532jh01064,Microchip,PIC32CM-JH,PIC32CM-JH,PIC32CM-JH,PIC32CM2532JH01064,PIC32CM2532JH01064-I/PT,-I/PT,,,,TQFP64,-40..85 °C,,unknown,microchip-atdf:PIC32CM-JH_DFP@1.7.296,https://packs.download.microchip.com/Microchip.PIC32CM-JH_DFP.1.7.296.pack,2026-08-12T09:31:18+00:00,manufacturer_device_database,atdf_variant_record
microchip::pic32cm2532jh01100-e/pf,microchip::pic32cm2532jh01100,Microchip,PIC32CM-JH,PIC32CM-JH,PIC32CM-JH,PIC32CM2532JH01100,PIC32CM2532JH01100-E/PF,-E/PF,,,,TQFP100,-40..125 °C,,unknown,microchip-atdf:PIC32CM-JH_DFP@1.7.296,https://packs.download.microchip.com/Microchip.PIC32CM-JH_DFP.1.7.296.pack,2026-08-12T09:31:18+00:00,manufacturer_device_database,atdf_variant_record
microchip::pic32cm2532jh01100-i/pf,microchip::pic32cm2532jh01100,Microchip,PIC32CM-JH,PIC32CM-JH,PIC32CM-JH,PIC32CM2532JH01100,PIC32CM2532JH01100-I/PF,-I/PF,,,,TQFP100,-40..85 °C,,unknown,microchip-atdf:PIC32CM-JH_DFP@1.7.296,https://packs.download.microchip.com/Microchip.PIC32CM-JH_DFP.1.7.296.pack,2026-08-12T09:31:18+00:00,manufacturer_device_database,atdf_variant_record
microchip::pic32cm2532le00048-i/u5b,microchip::pic32cm2532le00048,Microchip,PIC32CM-LE,PIC32CM-LE,PIC32CM-LE,PIC32CM2532LE00048,PIC32CM2532LE00048-I/U5B,-I/U5B,,,,QFN48,-40..85 °C,,unknown,microchip-atdf:PIC32CM-LE_DFP@1.4.336,https://packs.download.microchip.com/Microchip.PIC32CM-LE_DFP.1.4.336.pack,2026-08-12T09:31:18+00:00,manufacturer_device_database,atdf_variant_record
microchip::pic32cm2532le00048-i/y8x,microchip::pic32cm2532le00048,Microchip,PIC32CM-LE,PIC32CM-LE,PIC32CM-LE,PIC32CM2532LE00048,PIC32CM2532LE00048-I/Y8X,-I/Y8X,,,,TQFP48,-40..85 °C,,unknown,microchip-atdf:PIC32CM-LE_DFP@1.4.336,https://packs.download.microchip.com/Microchip.PIC32CM-LE_DFP.1.4.336.pack,2026-08-12T09:31:18+00:00,manufacturer_device_database,atdf_variant_record
microchip::pic32cm2532le00064-i/5lx,microchip::pic32cm2532le00064,Microchip,PIC32CM-LE,PIC32CM-LE,PIC32CM-LE,PIC32CM2532LE00064,PIC32CM2532LE00064-I/5LX,-I/5LX,,,,QFN64,-40..85 °C,,unknown,microchip-atdf:PIC32CM-LE_DFP@1.4.336,https://packs.download.microchip.com/Microchip.PIC32CM-LE_DFP.1.4.336.pack,2026-08-12T09:31:18+00:00,manufacturer_device_database,atdf_variant_record
microchip::pic32cm2532le00064-i/pt,microchip::pic32cm2532le00064,Microchip,PIC32CM-LE,PIC32CM-LE,PIC32CM-LE,PIC32CM2532LE00064,PIC32CM2532LE00064-I/PT,-I/PT,,,,TQFP64,-40..85 °C,,unknown,microchip-atdf:PIC32CM-LE_DFP@1.4.336,https://packs.download.microchip.com/Microchip.PIC32CM-LE_DFP.1.4.336.pack,2026-08-12T09:31:18+00:00,manufacturer_device_database,atdf_variant_record
microchip::pic32cm2532le00100-i/pf,microchip::pic32cm2532le00100,Microchip,PIC32CM-LE,PIC32CM-LE,PIC32CM-LE,PIC32CM2532LE00100,PIC32CM2532LE00100-I/PF,-I/PF,,,,TQFP100,-40..85 °C,,unknown,microchip-atdf:PIC32CM-LE_DFP@1.4.336,https://packs.download.microchip.com/Microchip.PIC32CM-LE_DFP.1.4.336.pack,2026-08-12T09:31:18+00:00,manufacturer_device_database,atdf_variant_record
microchip::pic32cm2532ls00048-i/u5b,microchip::pic32cm2532ls00048,Microchip,PIC32CM-LS,PIC32CM-LS,PIC32CM-LS,PIC32CM2532LS00048,PIC32CM2532LS00048-I/U5B,-I/U5B,,,,QFN48,-40..85 °C,,unknown,microchip-atdf:PIC32CM-LS_DFP@1.3.278,https://packs.download.microchip.com/Microchip.PIC32CM-LS_DFP.1.3.278.pack,2026-08-12T09:31:18+00:00,manufacturer_device_database,atdf_variant_record
microchip::pic32cm2532ls00048-i/y8x,microchip::pic32cm2532ls00048,Microchip,PIC32CM-LS,PIC32CM-LS,PIC32CM-LS,PIC32CM2532LS00048,PIC32CM2532LS00048-I/Y8X,-I/Y8X,,,,TQFP48,-40..85 °C,,unknown,microchip-atdf:PIC32CM-LS_DFP@1.3.278,https://packs.download.microchip.com/Microchip.PIC32CM-LS_DFP.1.3.278.pack,2026-08-12T09:31:18+00:00,manufacturer_device_database,atdf_variant_record
microchip::pic32cm2532ls00064-i/5lx,microchip::pic32cm2532ls00064,Microchip,PIC32CM-LS,PIC32CM-LS,PIC32CM-LS,PIC32CM2532LS00064,PIC32CM2532LS00064-I/5LX,-I/5LX,,,,QFN64,-40..85 °C,,unknown,microchip-atdf:PIC32CM-LS_DFP@1.3.278,https://packs.download.microchip.com/Microchip.PIC32CM-LS_DFP.1.3.278.pack,2026-08-12T09:31:18+00:00,manufacturer_device_database,atdf_variant_record
microchip::pic32cm2532ls00064-i/pt,microchip::pic32cm2532ls00064,Microchip,PIC32CM-LS,PIC32CM-LS,PIC32CM-LS,PIC32CM2532LS00064,PIC32CM2532LS00064-I/PT,-I/PT,,,,TQFP64,-40..85 °C,,unknown,microchip-atdf:PIC32CM-LS_DFP@1.3.278,https://packs.download.microchip.com/Microchip.PIC32CM-LS_DFP.1.3.278.pack,2026-08-12T09:31:18+00:00,manufacturer_device_database,atdf_variant_record
microchip::pic32cm2532ls00100-i/pf,microchip::pic32cm2532ls00100,Microchip,PIC32CM-LS,PIC32CM-LS,PIC32CM-LS,PIC32CM2532LS00100,PIC32CM2532LS00100-I/PF,-I/PF,,,,TQFP100,-40..85 °C,,unknown,microchip-atdf:PIC32CM-LS_DFP@1.3.278,https://packs.download.microchip.com/Microchip.PIC32CM-LS_DFP.1.3.278.pack,2026-08-12T09:31:18+00:00,manufacturer_device_database,atdf_variant_record
microchip::pic32cm3204gv00032-e/rtb,microchip::pic32cm3204gv00032,Microchip,PIC32CM-GV,PIC32CM-GV,PIC32CM-GV,PIC32CM3204GV00032,PIC32CM3204GV00032-E/RTB,-E/RTB,,,,QFN32,-40..125 °C,,unknown,microchip-atdf:PIC32CM-GV_DFP@1.3.47,https://packs.download.microchip.com/Microchip.PIC32CM-GV_DFP.1.3.47.pack,2026-08-12T09:31:18+00:00,manufacturer_device_database,atdf_variant_record
microchip::pic32cm3204gv00032-e/t5x,microchip::pic32cm3204gv00032,Microchip,PIC32CM-GV,PIC32CM-GV,PIC32CM-GV,PIC32CM3204GV00032,PIC32CM3204GV00032-E/T5X,-E/T5X,,,,TQFP32,-40..125 °C,,unknown,microchip-atdf:PIC32CM-GV_DFP@1.3.47,https://packs.download.microchip.com/Microchip.PIC32CM-GV_DFP.1.3.47.pack,2026-08-12T09:31:18+00:00,manufacturer_device_database,atdf_variant_record
microchip::pic32cm3204gv00032-i/rtb,microchip::pic32cm3204gv00032,Microchip,PIC32CM-GV,PIC32CM-GV,PIC32CM-GV,PIC32CM3204GV00032,PIC32CM3204GV00032-I/RTB,-I/RTB,,,,QFN32,-40..85 °C,,unknown,microchip-atdf:PIC32CM-GV_DFP@1.3.47,https://packs.download.microchip.com/Microchip.PIC32CM-GV_DFP.1.3.47.pack,2026-08-12T09:31:18+00:00,manufacturer_device_database,atdf_variant_record
microchip::pic32cm3204gv00032-i/t5x,microchip::pic32cm3204gv00032,Microchip,PIC32CM-GV,PIC32CM-GV,PIC32CM-GV,PIC32CM3204GV00032,PIC32CM3204GV00032-I/T5X,-I/T5X,,,,TQFP32,-40..85 °C,,unknown,microchip-atdf:PIC32CM-GV_DFP@1.3.47,https://packs.download.microchip.com/Microchip.PIC32CM-GV_DFP.1.3.47.pack,2026-08-12T09:31:18+00:00,manufacturer_device_database,atdf_variant_record
microchip::pic32cm3204gv00048-e/u5b,microchip::pic32cm3204gv00048,Microchip,PIC32CM-GV,PIC32CM-GV,PIC32CM-GV,PIC32CM3204GV00048,PIC32CM3204GV00048-E/U5B,-E/U5B,,,,QFN48,-40..125 °C,,unknown,microchip-atdf:PIC32CM-GV_DFP@1.3.47,https://packs.download.microchip.com/Microchip.PIC32CM-GV_DFP.1.3.47.pack,2026-08-12T09:31:18+00:00,manufacturer_device_database,atdf_variant_record
microchip::pic32cm3204gv00048-e/y8x,microchip::pic32cm3204gv00048,Microchip,PIC32CM-GV,PIC32CM-GV,PIC32CM-GV,PIC32CM3204GV00048,PIC32CM3204GV00048-E/Y8X,-E/Y8X,,,,TQFP48,-40..125 °C,,unknown,microchip-atdf:PIC32CM-GV_DFP@1.3.47,https://packs.download.microchip.com/Microchip.PIC32CM-GV_DFP.1.3.47.pack,2026-08-12T09:31:18+00:00,manufacturer_device_database,atdf_variant_record
microchip::pic32cm3204gv00048-i/u5b,microchip::pic32cm3204gv00048,Microchip,PIC32CM-GV,PIC32CM-GV,PIC32CM-GV,PIC32CM3204GV00048,PIC32CM3204GV00048-I/U5B,-I/U5B,,,,QFN48,-40..85 °C,,unknown,microchip-atdf:PIC32CM-GV_DFP@1.3.47,https://packs.download.microchip.com/Microchip.PIC32CM-GV_DFP.1.3.47.pack,2026-08-12T09:31:18+00:00,manufacturer_device_database,atdf_variant_record
microchip::pic32cm3204gv00048-i/y8x,microchip::pic32cm3204gv00048,Microchip,PIC32CM-GV,PIC32CM-GV,PIC32CM-GV,PIC32CM3204GV00048,PIC32CM3204GV00048-I/Y8X,-I/Y8X,,,,TQFP48,-40..85 °C,,unknown,microchip-atdf:PIC32CM-GV_DFP@1.3.47,https://packs.download.microchip.com/Microchip.PIC32CM-GV_DFP.1.3.47.pack,2026-08-12T09:31:18+00:00,manufacturer_device_database,atdf_variant_record
microchip::pic32cm3204gv00064-e/5lx,microchip::pic32cm3204gv00064,Microchip,PIC32CM-GV,PIC32CM-GV,PIC32CM-GV,PIC32CM3204GV00064,PIC32CM3204GV00064-E/5LX,-E/5LX,,,,QFN64,-40..125 °C,,unknown,microchip-atdf:PIC32CM-GV_DFP@1.3.47,https://packs.download.microchip.com/Microchip.PIC32CM-GV_DFP.1.3.47.pack,2026-08-12T09:31:18+00:00,manufacturer_device_database,atdf_variant_record
microchip::pic32cm3204gv00064-e/v2x,microchip::pic32cm3204gv00064,Microchip,PIC32CM-GV,PIC32CM-GV,PIC32CM-GV,PIC32CM3204GV00064,PIC32CM3204GV00064-E/V2X,-E/V2X,,,,TQFP64,-40..125 °C,,unknown,microchip-atdf:PIC32CM-GV_DFP@1.3.47,https://packs.download.microchip.com/Microchip.PIC32CM-GV_DFP.1.3.47.pack,2026-08-12T09:31:18+00:00,manufacturer_device_database,atdf_variant_record
microchip::pic32cm3204gv00064-i/5lx,microchip::pic32cm3204gv00064,Microchip,PIC32CM-GV,PIC32CM-GV,PIC32CM-GV,PIC32CM3204GV00064,PIC32CM3204GV00064-I/5LX,-I/5LX,,,,QFN64,-40..85 °C,,unknown,microchip-atdf:PIC32CM-GV_DFP@1.3.47,https://packs.download.microchip.com/Microchip.PIC32CM-GV_DFP.1.3.47.pack,2026-08-12T09:31:18+00:00,manufacturer_device_database,atdf_variant_record
microchip::pic32cm3204gv00064-i/v2x,microchip::pic32cm3204gv00064,Microchip,PIC32CM-GV,PIC32CM-GV,PIC32CM-GV,PIC32CM3204GV00064,PIC32CM3204GV00064-I/V2X,-I/V2X,,,,TQFP64,-40..85 °C,,unknown,microchip-atdf:PIC32CM-GV_DFP@1.3.47,https://packs.download.microchip.com/Microchip.PIC32CM-GV_DFP.1.3.47.pack,2026-08-12T09:31:18+00:00,manufacturer_device_database,atdf_variant_record
microchip::pic32cm3204jh00032-e/rtb,microchip::pic32cm3204jh00032,Microchip,PIC32CM-JH,PIC32CM-JH,PIC32CM-JH,PIC32CM3204JH00032,PIC32CM3204JH00032-E/RTB,-E/RTB,,,,QFN32,-40..125 °C,,unknown,microchip-atdf:PIC32CM-JH_DFP@1.7.296,https://packs.download.microchip.com/Microchip.PIC32CM-JH_DFP.1.7.296.pack,2026-08-12T09:31:18+00:00,manufacturer_device_database,atdf_variant_record
microchip::pic32cm3204jh00032-e/t5x,microchip::pic32cm3204jh00032,Microchip,PIC32CM-JH,PIC32CM-JH,PIC32CM-JH,PIC32CM3204JH00032,PIC32CM3204JH00032-E/T5X,-E/T5X,,,,TQFP32,-40..125 °C,,unknown,microchip-atdf:PIC32CM-JH_DFP@1.7.296,https://packs.download.microchip.com/Microchip.PIC32CM-JH_DFP.1.7.296.pack,2026-08-12T09:31:18+00:00,manufacturer_device_database,atdf_variant_record
microchip::pic32cm3204jh00032-i/rtb,microchip::pic32cm3204jh00032,Microchip,PIC32CM-JH,PIC32CM-JH,PIC32CM-JH,PIC32CM3204JH00032,PIC32CM3204JH00032-I/RTB,-I/RTB,,,,QFN32,-40..85 °C,,unknown,microchip-atdf:PIC32CM-JH_DFP@1.7.296,https://packs.download.microchip.com/Microchip.PIC32CM-JH_DFP.1.7.296.pack,2026-08-12T09:31:18+00:00,manufacturer_device_database,atdf_variant_record
microchip::pic32cm3204jh00032-i/t5x,microchip::pic32cm3204jh00032,Microchip,PIC32CM-JH,PIC32CM-JH,PIC32CM-JH,PIC32CM3204JH00032,PIC32CM3204JH00032-I/T5X,-I/T5X,,,,TQFP32,-40..85 °C,,unknown,microchip-atdf:PIC32CM-JH_DFP@1.7.296,https://packs.download.microchip.com/Microchip.PIC32CM-JH_DFP.1.7.296.pack,2026-08-12T09:31:18+00:00,manufacturer_device_database,atdf_variant_record
microchip::pic32cm3204jh00048-e/u5b,microchip::pic32cm3204jh00048,Microchip,PIC32CM-JH,PIC32CM-JH,PIC32CM-JH,PIC32CM3204JH00048,PIC32CM3204JH00048-E/U5B,-E/U5B,,,,QFN48,-40..125 °C,,unknown,microchip-atdf:PIC32CM-JH_DFP@1.7.296,https://packs.download.microchip.com/Microchip.PIC32CM-JH_DFP.1.7.296.pack,2026-08-12T09:31:18+00:00,manufacturer_device_database,atdf_variant_record
microchip::pic32cm3204jh00048-e/y8x,microchip::pic32cm3204jh00048,Microchip,PIC32CM-JH,PIC32CM-JH,PIC32CM-JH,PIC32CM3204JH00048,PIC32CM3204JH00048-E/Y8X,-E/Y8X,,,,TQFP48,-40..125 °C,,unknown,microchip-atdf:PIC32CM-JH_DFP@1.7.296,https://packs.download.microchip.com/Microchip.PIC32CM-JH_DFP.1.7.296.pack,2026-08-12T09:31:18+00:00,manufacturer_device_database,atdf_variant_record
microchip::pic32cm3204jh00048-i/u5b,microchip::pic32cm3204jh00048,Microchip,PIC32CM-JH,PIC32CM-JH,PIC32CM-JH,PIC32CM3204JH00048,PIC32CM3204JH00048-I/U5B,-I/U5B,,,,QFN48,-40..85 °C,,unknown,microchip-atdf:PIC32CM-JH_DFP@1.7.296,https://packs.download.microchip.com/Microchip.PIC32CM-JH_DFP.1.7.296.pack,2026-08-12T09:31:18+00:00,manufacturer_device_database,atdf_variant_record
microchip::pic32cm3204jh00048-i/y8x,microchip::pic32cm3204jh00048,Microchip,PIC32CM-JH,PIC32CM-JH,PIC32CM-JH,PIC32CM3204JH00048,PIC32CM3204JH00048-I/Y8X,-I/Y8X,,,,TQFP48,-40..85 °C,,unknown,microchip-atdf:PIC32CM-JH_DFP@1.7.296,https://packs.download.microchip.com/Microchip.PIC32CM-JH_DFP.1.7.296.pack,2026-08-12T09:31:18+00:00,manufacturer_device_database,atdf_variant_record
microchip::pic32cm3204jh00064-e/5lx,microchip::pic32cm3204jh00064,Microchip,PIC32CM-JH,PIC32CM-JH,PIC32CM-JH,PIC32CM3204JH00064,PIC32CM3204JH00064-E/5LX,-E/5LX,,,,QFN64,-40..125 °C,,unknown,microchip-atdf:PIC32CM-JH_DFP@1.7.296,https://packs.download.microchip.com/Microchip.PIC32CM-JH_DFP.1.7.296.pack,2026-08-12T09:31:18+00:00,manufacturer_device_database,atdf_variant_record
microchip::pic32cm3204jh00064-e/v2x,microchip::pic32cm3204jh00064,Microchip,PIC32CM-JH,PIC32CM-JH,PIC32CM-JH,PIC32CM3204JH00064,PIC32CM3204JH00064-E/V2X,-E/V2X,,,,TQFP64,-40..125 °C,,unknown,microchip-atdf:PIC32CM-JH_DFP@1.7.296,https://packs.download.microchip.com/Microchip.PIC32CM-JH_DFP.1.7.296.pack,2026-08-12T09:31:18+00:00,manufacturer_device_database,atdf_variant_record
microchip::pic32cm3204jh00064-i/5lx,microchip::pic32cm3204jh00064,Microchip,PIC32CM-JH,PIC32CM-JH,PIC32CM-JH,PIC32CM3204JH00064,PIC32CM3204JH00064-I/5LX,-I/5LX,,,,QFN64,-40..85 °C,,unknown,microchip-atdf:PIC32CM-JH_DFP@1.7.296,https://packs.download.microchip.com/Microchip.PIC32CM-JH_DFP.1.7.296.pack,2026-08-12T09:31:18+00:00,manufacturer_device_database,atdf_variant_record
microchip::pic32cm3204jh00064-i/v2x,microchip::pic32cm3204jh00064,Microchip,PIC32CM-JH,PIC32CM-JH,PIC32CM-JH,PIC32CM3204JH00064,PIC32CM3204JH00064-I/V2X,-I/V2X,,,,TQFP64,-40..85 °C,,unknown,microchip-atdf:PIC32CM-JH_DFP@1.7.296,https://packs.download.microchip.com/Microchip.PIC32CM-JH_DFP.1.7.296.pack,2026-08-12T09:31:18+00:00,manufacturer_device_database,atdf_variant_record
microchip::pic32cm3204pl10020-e/ss,microchip::pic32cm3204pl10020,Microchip,PIC32CM-PL,PIC32CM-PL,PIC32CM-PL,PIC32CM3204PL10020,PIC32CM3204PL10020-E/SS,-E/SS,,,,SSOP20,-40..125 °C,,unknown,microchip-atdf:PIC32CM-PL_DFP@1.5.437,https://packs.download.microchip.com/Microchip.PIC32CM-PL_DFP.1.5.437.pack,2026-08-12T09:31:18+00:00,manufacturer_device_database,atdf_variant_record
microchip::pic32cm3204pl10020-i/ss,microchip::pic32cm3204pl10020,Microchip,PIC32CM-PL,PIC32CM-PL,PIC32CM-PL,PIC32CM3204PL10020,PIC32CM3204PL10020-I/SS,-I/SS,,,,SSOP20,-40..85 °C,,unknown,microchip-atdf:PIC32CM-PL_DFP@1.5.437,https://packs.download.microchip.com/Microchip.PIC32CM-PL_DFP.1.5.437.pack,2026-08-12T09:31:18+00:00,manufacturer_device_database,atdf_variant_record
microchip::pic32cm3204pl10028-e/3lw,microchip::pic32cm3204pl10028,Microchip,PIC32CM-PL,PIC32CM-PL,PIC32CM-PL,PIC32CM3204PL10028,PIC32CM3204PL10028-E/3LW,-E/3LW,,,,VQFN28 WF,-40..125 °C,,unknown,microchip-atdf:PIC32CM-PL_DFP@1.5.437,https://packs.download.microchip.com/Microchip.PIC32CM-PL_DFP.1.5.437.pack,2026-08-12T09:31:18+00:00,manufacturer_device_database,atdf_variant_record
microchip::pic32cm3204pl10028-e/sp,microchip::pic32cm3204pl10028,Microchip,PIC32CM-PL,PIC32CM-PL,PIC32CM-PL,PIC32CM3204PL10028,PIC32CM3204PL10028-E/SP,-E/SP,,,,SPDIP28,-40..125 °C,,unknown,microchip-atdf:PIC32CM-PL_DFP@1.5.437,https://packs.download.microchip.com/Microchip.PIC32CM-PL_DFP.1.5.437.pack,2026-08-12T09:31:18+00:00,manufacturer_device_database,atdf_variant_record
microchip::pic32cm3204pl10028-e/ss,microchip::pic32cm3204pl10028,Microchip,PIC32CM-PL,PIC32CM-PL,PIC32CM-PL,PIC32CM3204PL10028,PIC32CM3204PL10028-E/SS,-E/SS,,,,SSOP28,-40..125 °C,,unknown,microchip-atdf:PIC32CM-PL_DFP@1.5.437,https://packs.download.microchip.com/Microchip.PIC32CM-PL_DFP.1.5.437.pack,2026-08-12T09:31:18+00:00,manufacturer_device_database,atdf_variant_record
microchip::pic32cm3204pl10028-i/3lw,microchip::pic32cm3204pl10028,Microchip,PIC32CM-PL,PIC32CM-PL,PIC32CM-PL,PIC32CM3204PL10028,PIC32CM3204PL10028-I/3LW,-I/3LW,,,,VQFN28 WF,-40..85 °C,,unknown,microchip-atdf:PIC32CM-PL_DFP@1.5.437,https://packs.download.microchip.com/Microchip.PIC32CM-PL_DFP.1.5.437.pack,2026-08-12T09:31:18+00:00,manufacturer_device_database,atdf_variant_record
microchip::pic32cm3204pl10028-i/sp,microchip::pic32cm3204pl10028,Microchip,PIC32CM-PL,PIC32CM-PL,PIC32CM-PL,PIC32CM3204PL10028,PIC32CM3204PL10028-I/SP,-I/SP,,,,SPDIP28,-40..85 °C,,unknown,microchip-atdf:PIC32CM-PL_DFP@1.5.437,https://packs.download.microchip.com/Microchip.PIC32CM-PL_DFP.1.5.437.pack,2026-08-12T09:31:18+00:00,manufacturer_device_database,atdf_variant_record
microchip::pic32cm3204pl10028-i/ss,microchip::pic32cm3204pl10028,Microchip,PIC32CM-PL,PIC32CM-PL,PIC32CM-PL,PIC32CM3204PL10028,PIC32CM3204PL10028-I/SS,-I/SS,,,,SSOP28,-40..85 °C,,unknown,microchip-atdf:PIC32CM-PL_DFP@1.5.437,https://packs.download.microchip.com/Microchip.PIC32CM-PL_DFP.1.5.437.pack,2026-08-12T09:31:18+00:00,manufacturer_device_database,atdf_variant_record
microchip::pic32cm3204pl10032-e/pt,microchip::pic32cm3204pl10032,Microchip,PIC32CM-PL,PIC32CM-PL,PIC32CM-PL,PIC32CM3204PL10032,PIC32CM3204PL10032-E/PT,-E/PT,,,,TQFP32,-40..125 °C,,unknown,microchip-atdf:PIC32CM-PL_DFP@1.5.437,https://packs.download.microchip.com/Microchip.PIC32CM-PL_DFP.1.5.437.pack,2026-08-12T09:31:18+00:00,manufacturer_device_database,atdf_variant_record
microchip::pic32cm3204pl10032-e/qzb,microchip::pic32cm3204pl10032,Microchip,PIC32CM-PL,PIC32CM-PL,PIC32CM-PL,PIC32CM3204PL10032,PIC32CM3204PL10032-E/QZB,-E/QZB,,,,VQFN32,-40..125 °C,,unknown,microchip-atdf:PIC32CM-PL_DFP@1.5.437,https://packs.download.microchip.com/Microchip.PIC32CM-PL_DFP.1.5.437.pack,2026-08-12T09:31:18+00:00,manufacturer_device_database,atdf_variant_record
microchip::pic32cm3204pl10032-i/pt,microchip::pic32cm3204pl10032,Microchip,PIC32CM-PL,PIC32CM-PL,PIC32CM-PL,PIC32CM3204PL10032,PIC32CM3204PL10032-I/PT,-I/PT,,,,TQFP32,-40..85 °C,,unknown,microchip-atdf:PIC32CM-PL_DFP@1.5.437,https://packs.download.microchip.com/Microchip.PIC32CM-PL_DFP.1.5.437.pack,2026-08-12T09:31:18+00:00,manufacturer_device_database,atdf_variant_record
microchip::pic32cm3204pl10032-i/qzb,microchip::pic32cm3204pl10032,Microchip,PIC32CM-PL,PIC32CM-PL,PIC32CM-PL,PIC32CM3204PL10032,PIC32CM3204PL10032-I/QZB,-I/QZB,,,,VQFN32,-40..85 °C,,unknown,microchip-atdf:PIC32CM-PL_DFP@1.5.437,https://packs.download.microchip.com/Microchip.PIC32CM-PL_DFP.1.5.437.pack,2026-08-12T09:31:18+00:00,manufacturer_device_database,atdf_variant_record
microchip::pic32cm5164jh00032-e/pt,microchip::pic32cm5164jh00032,Microchip,PIC32CM-JH,PIC32CM-JH,PIC32CM-JH,PIC32CM5164JH00032,PIC32CM5164JH00032-E/PT,-E/PT,,,,TQFP32,-40..125 °C,,unknown,microchip-atdf:PIC32CM-JH_DFP@1.7.296,https://packs.download.microchip.com/Microchip.PIC32CM-JH_DFP.1.7.296.pack,2026-08-12T09:31:18+00:00,manufacturer_device_database,atdf_variant_record
microchip::pic32cm5164jh00032-i/pt,microchip::pic32cm5164jh00032,Microchip,PIC32CM-JH,PIC32CM-JH,PIC32CM-JH,PIC32CM5164JH00032,PIC32CM5164JH00032-I/PT,-I/PT,,,,TQFP32,-40..85 °C,,unknown,microchip-atdf:PIC32CM-JH_DFP@1.7.296,https://packs.download.microchip.com/Microchip.PIC32CM-JH_DFP.1.7.296.pack,2026-08-12T09:31:18+00:00,manufacturer_device_database,atdf_variant_record
microchip::pic32cm5164jh00048-e/u5b,microchip::pic32cm5164jh00048,Microchip,PIC32CM-JH,PIC32CM-JH,PIC32CM-JH,PIC32CM5164JH00048,PIC32CM5164JH00048-E/U5B,-E/U5B,,,,QFN48,-40..125 °C,,unknown,microchip-atdf:PIC32CM-JH_DFP@1.7.296,https://packs.download.microchip.com/Microchip.PIC32CM-JH_DFP.1.7.296.pack,2026-08-12T09:31:18+00:00,manufacturer_device_database,atdf_variant_record
microchip::pic32cm5164jh00048-e/y8x,microchip::pic32cm5164jh00048,Microchip,PIC32CM-JH,PIC32CM-JH,PIC32CM-JH,PIC32CM5164JH00048,PIC32CM5164JH00048-E/Y8X,-E/Y8X,,,,TQFP48,-40..125 °C,,unknown,microchip-atdf:PIC32CM-JH_DFP@1.7.296,https://packs.download.microchip.com/Microchip.PIC32CM-JH_DFP.1.7.296.pack,2026-08-12T09:31:18+00:00,manufacturer_device_database,atdf_variant_record
microchip::pic32cm5164jh00048-i/u5b,microchip::pic32cm5164jh00048,Microchip,PIC32CM-JH,PIC32CM-JH,PIC32CM-JH,PIC32CM5164JH00048,PIC32CM5164JH00048-I/U5B,-I/U5B,,,,QFN48,-40..85 °C,,unknown,microchip-atdf:PIC32CM-JH_DFP@1.7.296,https://packs.download.microchip.com/Microchip.PIC32CM-JH_DFP.1.7.296.pack,2026-08-12T09:31:18+00:00,manufacturer_device_database,atdf_variant_record
microchip::pic32cm5164jh00048-i/y8x,microchip::pic32cm5164jh00048,Microchip,PIC32CM-JH,PIC32CM-JH,PIC32CM-JH,PIC32CM5164JH00048,PIC32CM5164JH00048-I/Y8X,-I/Y8X,,,,TQFP48,-40..85 °C,,unknown,microchip-atdf:PIC32CM-JH_DFP@1.7.296,https://packs.download.microchip.com/Microchip.PIC32CM-JH_DFP.1.7.296.pack,2026-08-12T09:31:18+00:00,manufacturer_device_database,atdf_variant_record
microchip::pic32cm5164jh00064-e/5lx,microchip::pic32cm5164jh00064,Microchip,PIC32CM-JH,PIC32CM-JH,PIC32CM-JH,PIC32CM5164JH00064,PIC32CM5164JH00064-E/5LX,-E/5LX,,,,QFN64,-40..125 °C,,unknown,microchip-atdf:PIC32CM-JH_DFP@1.7.296,https://packs.download.microchip.com/Microchip.PIC32CM-JH_DFP.1.7.296.pack,2026-08-12T09:31:18+00:00,manufacturer_device_database,atdf_variant_record
microchip::pic32cm5164jh00064-e/pt,microchip::pic32cm5164jh00064,Microchip,PIC32CM-JH,PIC32CM-JH,PIC32CM-JH,PIC32CM5164JH00064,PIC32CM5164JH00064-E/PT,-E/PT,,,,TQFP64,-40..125 °C,,unknown,microchip-atdf:PIC32CM-JH_DFP@1.7.296,https://packs.download.microchip.com/Microchip.PIC32CM-JH_DFP.1.7.296.pack,2026-08-12T09:31:18+00:00,manufacturer_device_database,atdf_variant_record
microchip::pic32cm5164jh00064-i/5lx,microchip::pic32cm5164jh00064,Microchip,PIC32CM-JH,PIC32CM-JH,PIC32CM-JH,PIC32CM5164JH00064,PIC32CM5164JH00064-I/5LX,-I/5LX,,,,QFN64,-40..85 °C,,unknown,microchip-atdf:PIC32CM-JH_DFP@1.7.296,https://packs.download.microchip.com/Microchip.PIC32CM-JH_DFP.1.7.296.pack,2026-08-12T09:31:18+00:00,manufacturer_device_database,atdf_variant_record
microchip::pic32cm5164jh00064-i/pt,microchip::pic32cm5164jh00064,Microchip,PIC32CM-JH,PIC32CM-JH,PIC32CM-JH,PIC32CM5164JH00064,PIC32CM5164JH00064-I/PT,-I/PT,,,,TQFP64,-40..85 °C,,unknown,microchip-atdf:PIC32CM-JH_DFP@1.7.296,https://packs.download.microchip.com/Microchip.PIC32CM-JH_DFP.1.7.296.pack,2026-08-12T09:31:18+00:00,manufacturer_device_database,atdf_variant_record
microchip::pic32cm5164jh00100-e/pf,microchip::pic32cm5164jh00100,Microchip,PIC32CM-JH,PIC32CM-JH,PIC32CM-JH,PIC32CM5164JH00100,PIC32CM5164JH00100-E/PF,-E/PF,,,,TQFP100,-40..125 °C,,unknown,microchip-atdf:PIC32CM-JH_DFP@1.7.296,https://packs.download.microchip.com/Microchip.PIC32CM-JH_DFP.1.7.296.pack,2026-08-12T09:31:18+00:00,manufacturer_device_database,atdf_variant_record
microchip::pic32cm5164jh00100-i/pf,microchip::pic32cm5164jh00100,Microchip,PIC32CM-JH,PIC32CM-JH,PIC32CM-JH,PIC32CM5164JH00100,PIC32CM5164JH00100-I/PF,-I/PF,,,,TQFP100,-40..85 °C,,unknown,microchip-atdf:PIC32CM-JH_DFP@1.7.296,https://packs.download.microchip.com/Microchip.PIC32CM-JH_DFP.1.7.296.pack,2026-08-12T09:31:18+00:00,manufacturer_device_database,atdf_variant_record
microchip::pic32cm5164jh01032-e/pt,microchip::pic32cm5164jh01032,Microchip,PIC32CM-JH,PIC32CM-JH,PIC32CM-JH,PIC32CM5164JH01032,PIC32CM5164JH01032-E/PT,-E/PT,,,,TQFP32,-40..125 °C,,unknown,microchip-atdf:PIC32CM-JH_DFP@1.7.296,https://packs.download.microchip.com/Microchip.PIC32CM-JH_DFP.1.7.296.pack,2026-08-12T09:31:18+00:00,manufacturer_device_database,atdf_variant_record
microchip::pic32cm5164jh01032-i/pt,microchip::pic32cm5164jh01032,Microchip,PIC32CM-JH,PIC32CM-JH,PIC32CM-JH,PIC32CM5164JH01032,PIC32CM5164JH01032-I/PT,-I/PT,,,,TQFP32,-40..85 °C,,unknown,microchip-atdf:PIC32CM-JH_DFP@1.7.296,https://packs.download.microchip.com/Microchip.PIC32CM-JH_DFP.1.7.296.pack,2026-08-12T09:31:18+00:00,manufacturer_device_database,atdf_variant_record
microchip::pic32cm5164jh01048-e/u5b,microchip::pic32cm5164jh01048,Microchip,PIC32CM-JH,PIC32CM-JH,PIC32CM-JH,PIC32CM5164JH01048,PIC32CM5164JH01048-E/U5B,-E/U5B,,,,QFN48,-40..125 °C,,unknown,microchip-atdf:PIC32CM-JH_DFP@1.7.296,https://packs.download.microchip.com/Microchip.PIC32CM-JH_DFP.1.7.296.pack,2026-08-12T09:31:18+00:00,manufacturer_device_database,atdf_variant_record
microchip::pic32cm5164jh01048-e/y8x,microchip::pic32cm5164jh01048,Microchip,PIC32CM-JH,PIC32CM-JH,PIC32CM-JH,PIC32CM5164JH01048,PIC32CM5164JH01048-E/Y8X,-E/Y8X,,,,TQFP48,-40..125 °C,,unknown,microchip-atdf:PIC32CM-JH_DFP@1.7.296,https://packs.download.microchip.com/Microchip.PIC32CM-JH_DFP.1.7.296.pack,2026-08-12T09:31:18+00:00,manufacturer_device_database,atdf_variant_record
microchip::pic32cm5164jh01048-i/u5b,microchip::pic32cm5164jh01048,Microchip,PIC32CM-JH,PIC32CM-JH,PIC32CM-JH,PIC32CM5164JH01048,PIC32CM5164JH01048-I/U5B,-I/U5B,,,,QFN48,-40..85 °C,,unknown,microchip-atdf:PIC32CM-JH_DFP@1.7.296,https://packs.download.microchip.com/Microchip.PIC32CM-JH_DFP.1.7.296.pack,2026-08-12T09:31:18+00:00,manufacturer_device_database,atdf_variant_record
microchip::pic32cm5164jh01048-i/y8x,microchip::pic32cm5164jh01048,Microchip,PIC32CM-JH,PIC32CM-JH,PIC32CM-JH,PIC32CM5164JH01048,PIC32CM5164JH01048-I/Y8X,-I/Y8X,,,,TQFP48,-40..85 °C,,unknown,microchip-atdf:PIC32CM-JH_DFP@1.7.296,https://packs.download.microchip.com/Microchip.PIC32CM-JH_DFP.1.7.296.pack,2026-08-12T09:31:18+00:00,manufacturer_device_database,atdf_variant_record
microchip::pic32cm5164jh01064-e/5lx,microchip::pic32cm5164jh01064,Microchip,PIC32CM-JH,PIC32CM-JH,PIC32CM-JH,PIC32CM5164JH01064,PIC32CM5164JH01064-E/5LX,-E/5LX,,,,QFN64,-40..125 °C,,unknown,microchip-atdf:PIC32CM-JH_DFP@1.7.296,https://packs.download.microchip.com/Microchip.PIC32CM-JH_DFP.1.7.296.pack,2026-08-12T09:31:18+00:00,manufacturer_device_database,atdf_variant_record
microchip::pic32cm5164jh01064-e/pt,microchip::pic32cm5164jh01064,Microchip,PIC32CM-JH,PIC32CM-JH,PIC32CM-JH,PIC32CM5164JH01064,PIC32CM5164JH01064-E/PT,-E/PT,,,,TQFP64,-40..125 °C,,unknown,microchip-atdf:PIC32CM-JH_DFP@1.7.296,https://packs.download.microchip.com/Microchip.PIC32CM-JH_DFP.1.7.296.pack,2026-08-12T09:31:18+00:00,manufacturer_device_database,atdf_variant_record
microchip::pic32cm5164jh01064-i/5lx,microchip::pic32cm5164jh01064,Microchip,PIC32CM-JH,PIC32CM-JH,PIC32CM-JH,PIC32CM5164JH01064,PIC32CM5164JH01064-I/5LX,-I/5LX,,,,QFN64,-40..85 °C,,unknown,microchip-atdf:PIC32CM-JH_DFP@1.7.296,https://packs.download.microchip.com/Microchip.PIC32CM-JH_DFP.1.7.296.pack,2026-08-12T09:31:18+00:00,manufacturer_device_database,atdf_variant_record
microchip::pic32cm5164jh01064-i/pt,microchip::pic32cm5164jh01064,Microchip,PIC32CM-JH,PIC32CM-JH,PIC32CM-JH,PIC32CM5164JH01064,PIC32CM5164JH01064-I/PT,-I/PT,,,,TQFP64,-40..85 °C,,unknown,microchip-atdf:PIC32CM-JH_DFP@1.7.296,https://packs.download.microchip.com/Microchip.PIC32CM-JH_DFP.1.7.296.pack,2026-08-12T09:31:18+00:00,manufacturer_device_database,atdf_variant_record
microchip::pic32cm5164jh01100-e/pf,microchip::pic32cm5164jh01100,Microchip,PIC32CM-JH,PIC32CM-JH,PIC32CM-JH,PIC32CM5164JH01100,PIC32CM5164JH01100-E/PF,-E/PF,,,,TQFP100,-40..125 °C,,unknown,microchip-atdf:PIC32CM-JH_DFP@1.7.296,https://packs.download.microchip.com/Microchip.PIC32CM-JH_DFP.1.7.296.pack,2026-08-12T09:31:18+00:00,manufacturer_device_database,atdf_variant_record
microchip::pic32cm5164jh01100-i/pf,microchip::pic32cm5164jh01100,Microchip,PIC32CM-JH,PIC32CM-JH,PIC32CM-JH,PIC32CM5164JH01100,PIC32CM5164JH01100-I/PF,-I/PF,,,,TQFP100,-40..85 °C,,unknown,microchip-atdf:PIC32CM-JH_DFP@1.7.296,https://packs.download.microchip.com/Microchip.PIC32CM-JH_DFP.1.7.296.pack,2026-08-12T09:31:18+00:00,manufacturer_device_database,atdf_variant_record
microchip::pic32cm5164le00048-i/u5b,microchip::pic32cm5164le00048,Microchip,PIC32CM-LE,PIC32CM-LE,PIC32CM-LE,PIC32CM5164LE00048,PIC32CM5164LE00048-I/U5B,-I/U5B,,,,QFN48,-40..85 °C,,unknown,microchip-atdf:PIC32CM-LE_DFP@1.4.336,https://packs.download.microchip.com/Microchip.PIC32CM-LE_DFP.1.4.336.pack,2026-08-12T09:31:18+00:00,manufacturer_device_database,atdf_variant_record
microchip::pic32cm5164le00048-i/y8x,microchip::pic32cm5164le00048,Microchip,PIC32CM-LE,PIC32CM-LE,PIC32CM-LE,PIC32CM5164LE00048,PIC32CM5164LE00048-I/Y8X,-I/Y8X,,,,TQFP48,-40..85 °C,,unknown,microchip-atdf:PIC32CM-LE_DFP@1.4.336,https://packs.download.microchip.com/Microchip.PIC32CM-LE_DFP.1.4.336.pack,2026-08-12T09:31:18+00:00,manufacturer_device_database,atdf_variant_record
microchip::pic32cm5164le00064-i/5lx,microchip::pic32cm5164le00064,Microchip,PIC32CM-LE,PIC32CM-LE,PIC32CM-LE,PIC32CM5164LE00064,PIC32CM5164LE00064-I/5LX,-I/5LX,,,,QFN64,-40..85 °C,,unknown,microchip-atdf:PIC32CM-LE_DFP@1.4.336,https://packs.download.microchip.com/Microchip.PIC32CM-LE_DFP.1.4.336.pack,2026-08-12T09:31:18+00:00,manufacturer_device_database,atdf_variant_record
microchip::pic32cm5164le00064-i/pt,microchip::pic32cm5164le00064,Microchip,PIC32CM-LE,PIC32CM-LE,PIC32CM-LE,PIC32CM5164LE00064,PIC32CM5164LE00064-I/PT,-I/PT,,,,TQFP64,-40..85 °C,,unknown,microchip-atdf:PIC32CM-LE_DFP@1.4.336,https://packs.download.microchip.com/Microchip.PIC32CM-LE_DFP.1.4.336.pack,2026-08-12T09:31:18+00:00,manufacturer_device_database,atdf_variant_record
microchip::pic32cm5164le00100-i/pf,microchip::pic32cm5164le00100,Microchip,PIC32CM-LE,PIC32CM-LE,PIC32CM-LE,PIC32CM5164LE00100,PIC32CM5164LE00100-I/PF,-I/PF,,,,TQFP100,-40..85 °C,,unknown,microchip-atdf:PIC32CM-LE_DFP@1.4.336,https://packs.download.microchip.com/Microchip.PIC32CM-LE_DFP.1.4.336.pack,2026-08-12T09:31:18+00:00,manufacturer_device_database,atdf_variant_record
microchip::pic32cm5164ls00048-i/u5b,microchip::pic32cm5164ls00048,Microchip,PIC32CM-LS,PIC32CM-LS,PIC32CM-LS,PIC32CM5164LS00048,PIC32CM5164LS00048-I/U5B,-I/U5B,,,,QFN48,-40..85 °C,,unknown,microchip-atdf:PIC32CM-LS_DFP@1.3.278,https://packs.download.microchip.com/Microchip.PIC32CM-LS_DFP.1.3.278.pack,2026-08-12T09:31:18+00:00,manufacturer_device_database,atdf_variant_record
microchip::pic32cm5164ls00048-i/y8x,microchip::pic32cm5164ls00048,Microchip,PIC32CM-LS,PIC32CM-LS,PIC32CM-LS,PIC32CM5164LS00048,PIC32CM5164LS00048-I/Y8X,-I/Y8X,,,,TQFP48,-40..85 °C,,unknown,microchip-atdf:PIC32CM-LS_DFP@1.3.278,https://packs.download.microchip.com/Microchip.PIC32CM-LS_DFP.1.3.278.pack,2026-08-12T09:31:18+00:00,manufacturer_device_database,atdf_variant_record
microchip::pic32cm5164ls00064-i/5lx,microchip::pic32cm5164ls00064,Microchip,PIC32CM-LS,PIC32CM-LS,PIC32CM-LS,PIC32CM5164LS00064,PIC32CM5164LS00064-I/5LX,-I/5LX,,,,QFN64,-40..85 °C,,unknown,microchip-atdf:PIC32CM-LS_DFP@1.3.278,https://packs.download.microchip.com/Microchip.PIC32CM-LS_DFP.1.3.278.pack,2026-08-12T09:31:18+00:00,manufacturer_device_database,atdf_variant_record
microchip::pic32cm5164ls00064-i/pt,microchip::pic32cm5164ls00064,Microchip,PIC32CM-LS,PIC32CM-LS,PIC32CM-LS,PIC32CM5164LS00064,PIC32CM5164LS00064-I/PT,-I/PT,,,,TQFP64,-40..85 °C,,unknown,microchip-atdf:PIC32CM-LS_DFP@1.3.278,https://packs.download.microchip.com/Microchip.PIC32CM-LS_DFP.1.3.278.pack,2026-08-12T09:31:18+00:00,manufacturer_device_database,atdf_variant_record
microchip::pic32cm5164ls00100-i/pf,microchip::pic32cm5164ls00100,Microchip,PIC32CM-LS,PIC32CM-LS,PIC32CM-LS,PIC32CM5164LS00100,PIC32CM5164LS00100-I/PF,-I/PF,,,,TQFP100,-40..85 °C,,unknown,microchip-atdf:PIC32CM-LS_DFP@1.3.278,https://packs.download.microchip.com/Microchip.PIC32CM-LS_DFP.1.3.278.pack,2026-08-12T09:31:18+00:00,manufacturer_device_database,atdf_variant_record
microchip::pic32cm5164ls60048-i/u5b,microchip::pic32cm5164ls60048,Microchip,PIC32CM-LS,PIC32CM-LS,PIC32CM-LS,PIC32CM5164LS60048,PIC32CM5164LS60048-I/U5B,-I/U5B,,,,QFN48,-40..85 °C,,unknown,microchip-atdf:PIC32CM-LS_DFP@1.3.278,https://packs.download.microchip.com/Microchip.PIC32CM-LS_DFP.1.3.278.pack,2026-08-12T09:31:18+00:00,manufacturer_device_database,atdf_variant_record
microchip::pic32cm5164ls60064-i/5lx,microchip::pic32cm5164ls60064,Microchip,PIC32CM-LS,PIC32CM-LS,PIC32CM-LS,PIC32CM5164LS60064,PIC32CM5164LS60064-I/5LX,-I/5LX,,,,QFN64,-40..85 °C,,unknown,microchip-atdf:PIC32CM-LS_DFP@1.3.278,https://packs.download.microchip.com/Microchip.PIC32CM-LS_DFP.1.3.278.pack,2026-08-12T09:31:18+00:00,manufacturer_device_database,atdf_variant_record
microchip::pic32cm5164ls60064-i/pt,microchip::pic32cm5164ls60064,Microchip,PIC32CM-LS,PIC32CM-LS,PIC32CM-LS,PIC32CM5164LS60064,PIC32CM5164LS60064-I/PT,-I/PT,,,,TQFP64,-40..85 °C,,unknown,microchip-atdf:PIC32CM-LS_DFP@1.3.278,https://packs.download.microchip.com/Microchip.PIC32CM-LS_DFP.1.3.278.pack,2026-08-12T09:31:18+00:00,manufacturer_device_database,atdf_variant_record
microchip::pic32cm5164ls60100-i/pf,microchip::pic32cm5164ls60100,Microchip,PIC32CM-LS,PIC32CM-LS,PIC32CM-LS,PIC32CM5164LS60100,PIC32CM5164LS60100-I/PF,-I/PF,,,,TQFP100,-40..85 °C,,unknown,microchip-atdf:PIC32CM-LS_DFP@1.3.278,https://packs.download.microchip.com/Microchip.PIC32CM-LS_DFP.1.3.278.pack,2026-08-12T09:31:18+00:00,manufacturer_device_database,atdf_variant_record
microchip::pic32cm6408jh00032-e/rtb,microchip::pic32cm6408jh00032,Microchip,PIC32CM-JH,PIC32CM-JH,PIC32CM-JH,PIC32CM6408JH00032,PIC32CM6408JH00032-E/RTB,-E/RTB,,,,QFN32,-40..125 °C,,unknown,microchip-atdf:PIC32CM-JH_DFP@1.7.296,https://packs.download.microchip.com/Microchip.PIC32CM-JH_DFP.1.7.296.pack,2026-08-12T09:31:18+00:00,manufacturer_device_database,atdf_variant_record
microchip::pic32cm6408jh00032-e/t5x,microchip::pic32cm6408jh00032,Microchip,PIC32CM-JH,PIC32CM-JH,PIC32CM-JH,PIC32CM6408JH00032,PIC32CM6408JH00032-E/T5X,-E/T5X,,,,TQFP32,-40..125 °C,,unknown,microchip-atdf:PIC32CM-JH_DFP@1.7.296,https://packs.download.microchip.com/Microchip.PIC32CM-JH_DFP.1.7.296.pack,2026-08-12T09:31:18+00:00,manufacturer_device_database,atdf_variant_record
microchip::pic32cm6408jh00032-i/rtb,microchip::pic32cm6408jh00032,Microchip,PIC32CM-JH,PIC32CM-JH,PIC32CM-JH,PIC32CM6408JH00032,PIC32CM6408JH00032-I/RTB,-I/RTB,,,,QFN32,-40..85 °C,,unknown,microchip-atdf:PIC32CM-JH_DFP@1.7.296,https://packs.download.microchip.com/Microchip.PIC32CM-JH_DFP.1.7.296.pack,2026-08-12T09:31:18+00:00,manufacturer_device_database,atdf_variant_record
microchip::pic32cm6408jh00032-i/t5x,microchip::pic32cm6408jh00032,Microchip,PIC32CM-JH,PIC32CM-JH,PIC32CM-JH,PIC32CM6408JH00032,PIC32CM6408JH00032-I/T5X,-I/T5X,,,,TQFP32,-40..85 °C,,unknown,microchip-atdf:PIC32CM-JH_DFP@1.7.296,https://packs.download.microchip.com/Microchip.PIC32CM-JH_DFP.1.7.296.pack,2026-08-12T09:31:18+00:00,manufacturer_device_database,atdf_variant_record
microchip::pic32cm6408jh00048-e/u5b,microchip::pic32cm6408jh00048,Microchip,PIC32CM-JH,PIC32CM-JH,PIC32CM-JH,PIC32CM6408JH00048,PIC32CM6408JH00048-E/U5B,-E/U5B,,,,QFN48,-40..125 °C,,unknown,microchip-atdf:PIC32CM-JH_DFP@1.7.296,https://packs.download.microchip.com/Microchip.PIC32CM-JH_DFP.1.7.296.pack,2026-08-12T09:31:18+00:00,manufacturer_device_database,atdf_variant_record
microchip::pic32cm6408jh00048-e/y8x,microchip::pic32cm6408jh00048,Microchip,PIC32CM-JH,PIC32CM-JH,PIC32CM-JH,PIC32CM6408JH00048,PIC32CM6408JH00048-E/Y8X,-E/Y8X,,,,TQFP48,-40..125 °C,,unknown,microchip-atdf:PIC32CM-JH_DFP@1.7.296,https://packs.download.microchip.com/Microchip.PIC32CM-JH_DFP.1.7.296.pack,2026-08-12T09:31:18+00:00,manufacturer_device_database,atdf_variant_record
microchip::pic32cm6408jh00048-i/u5b,microchip::pic32cm6408jh00048,Microchip,PIC32CM-JH,PIC32CM-JH,PIC32CM-JH,PIC32CM6408JH00048,PIC32CM6408JH00048-I/U5B,-I/U5B,,,,QFN48,-40..85 °C,,unknown,microchip-atdf:PIC32CM-JH_DFP@1.7.296,https://packs.download.microchip.com/Microchip.PIC32CM-JH_DFP.1.7.296.pack,2026-08-12T09:31:18+00:00,manufacturer_device_database,atdf_variant_record
microchip::pic32cm6408jh00048-i/y8x,microchip::pic32cm6408jh00048,Microchip,PIC32CM-JH,PIC32CM-JH,PIC32CM-JH,PIC32CM6408JH00048,PIC32CM6408JH00048-I/Y8X,-I/Y8X,,,,TQFP48,-40..85 °C,,unknown,microchip-atdf:PIC32CM-JH_DFP@1.7.296,https://packs.download.microchip.com/Microchip.PIC32CM-JH_DFP.1.7.296.pack,2026-08-12T09:31:18+00:00,manufacturer_device_database,atdf_variant_record
microchip::pic32cm6408jh00064-e/5lx,microchip::pic32cm6408jh00064,Microchip,PIC32CM-JH,PIC32CM-JH,PIC32CM-JH,PIC32CM6408JH00064,PIC32CM6408JH00064-E/5LX,-E/5LX,,,,QFN64,-40..125 °C,,unknown,microchip-atdf:PIC32CM-JH_DFP@1.7.296,https://packs.download.microchip.com/Microchip.PIC32CM-JH_DFP.1.7.296.pack,2026-08-12T09:31:18+00:00,manufacturer_device_database,atdf_variant_record
microchip::pic32cm6408jh00064-e/v2x,microchip::pic32cm6408jh00064,Microchip,PIC32CM-JH,PIC32CM-JH,PIC32CM-JH,PIC32CM6408JH00064,PIC32CM6408JH00064-E/V2X,-E/V2X,,,,TQFP64,-40..125 °C,,unknown,microchip-atdf:PIC32CM-JH_DFP@1.7.296,https://packs.download.microchip.com/Microchip.PIC32CM-JH_DFP.1.7.296.pack,2026-08-12T09:31:18+00:00,manufacturer_device_database,atdf_variant_record
microchip::pic32cm6408jh00064-i/5lx,microchip::pic32cm6408jh00064,Microchip,PIC32CM-JH,PIC32CM-JH,PIC32CM-JH,PIC32CM6408JH00064,PIC32CM6408JH00064-I/5LX,-I/5LX,,,,QFN64,-40..85 °C,,unknown,microchip-atdf:PIC32CM-JH_DFP@1.7.296,https://packs.download.microchip.com/Microchip.PIC32CM-JH_DFP.1.7.296.pack,2026-08-12T09:31:18+00:00,manufacturer_device_database,atdf_variant_record
microchip::pic32cm6408jh00064-i/v2x,microchip::pic32cm6408jh00064,Microchip,PIC32CM-JH,PIC32CM-JH,PIC32CM-JH,PIC32CM6408JH00064,PIC32CM6408JH00064-I/V2X,-I/V2X,,,,TQFP64,-40..85 °C,,unknown,microchip-atdf:PIC32CM-JH_DFP@1.7.296,https://packs.download.microchip.com/Microchip.PIC32CM-JH_DFP.1.7.296.pack,2026-08-12T09:31:18+00:00,manufacturer_device_database,atdf_variant_record
microchip::pic32cm6408mc00032-e/pt,microchip::pic32cm6408mc00032,Microchip,PIC32CM-MC,PIC32CM-MC,PIC32CM-MC,PIC32CM6408MC00032,PIC32CM6408MC00032-E/PT,-E/PT,,,,TQFP32,-40..125 °C,,unknown,microchip-atdf:PIC32CM-MC_DFP@1.5.244,https://packs.download.microchip.com/Microchip.PIC32CM-MC_DFP.1.5.244.pack,2026-08-12T09:31:18+00:00,manufacturer_device_database,atdf_variant_record
microchip::pic32cm6408mc00032-e/rtb,microchip::pic32cm6408mc00032,Microchip,PIC32CM-MC,PIC32CM-MC,PIC32CM-MC,PIC32CM6408MC00032,PIC32CM6408MC00032-E/RTB,-E/RTB,,,,QFN32,-40..125 °C,,unknown,microchip-atdf:PIC32CM-MC_DFP@1.5.244,https://packs.download.microchip.com/Microchip.PIC32CM-MC_DFP.1.5.244.pack,2026-08-12T09:31:18+00:00,manufacturer_device_database,atdf_variant_record
microchip::pic32cm6408mc00032-i/pt,microchip::pic32cm6408mc00032,Microchip,PIC32CM-MC,PIC32CM-MC,PIC32CM-MC,PIC32CM6408MC00032,PIC32CM6408MC00032-I/PT,-I/PT,,,,TQFP32,-40..85 °C,,unknown,microchip-atdf:PIC32CM-MC_DFP@1.5.244,https://packs.download.microchip.com/Microchip.PIC32CM-MC_DFP.1.5.244.pack,2026-08-12T09:31:18+00:00,manufacturer_device_database,atdf_variant_record
microchip::pic32cm6408mc00032-i/rtb,microchip::pic32cm6408mc00032,Microchip,PIC32CM-MC,PIC32CM-MC,PIC32CM-MC,PIC32CM6408MC00032,PIC32CM6408MC00032-I/RTB,-I/RTB,,,,QFN32,-40..85 °C,,unknown,microchip-atdf:PIC32CM-MC_DFP@1.5.244,https://packs.download.microchip.com/Microchip.PIC32CM-MC_DFP.1.5.244.pack,2026-08-12T09:31:18+00:00,manufacturer_device_database,atdf_variant_record
microchip::pic32cm6408mc00048-e/u5b,microchip::pic32cm6408mc00048,Microchip,PIC32CM-MC,PIC32CM-MC,PIC32CM-MC,PIC32CM6408MC00048,PIC32CM6408MC00048-E/U5B,-E/U5B,,,,QFN48,-40..125 °C,,unknown,microchip-atdf:PIC32CM-MC_DFP@1.5.244,https://packs.download.microchip.com/Microchip.PIC32CM-MC_DFP.1.5.244.pack,2026-08-12T09:31:18+00:00,manufacturer_device_database,atdf_variant_record
microchip::pic32cm6408mc00048-e/y8,microchip::pic32cm6408mc00048,Microchip,PIC32CM-MC,PIC32CM-MC,PIC32CM-MC,PIC32CM6408MC00048,PIC32CM6408MC00048-E/Y8,-E/Y8,,,,TQFP48,-40..125 °C,,unknown,microchip-atdf:PIC32CM-MC_DFP@1.5.244,https://packs.download.microchip.com/Microchip.PIC32CM-MC_DFP.1.5.244.pack,2026-08-12T09:31:18+00:00,manufacturer_device_database,atdf_variant_record
microchip::pic32cm6408mc00048-i/u5b,microchip::pic32cm6408mc00048,Microchip,PIC32CM-MC,PIC32CM-MC,PIC32CM-MC,PIC32CM6408MC00048,PIC32CM6408MC00048-I/U5B,-I/U5B,,,,QFN48,-40..85 °C,,unknown,microchip-atdf:PIC32CM-MC_DFP@1.5.244,https://packs.download.microchip.com/Microchip.PIC32CM-MC_DFP.1.5.244.pack,2026-08-12T09:31:18+00:00,manufacturer_device_database,atdf_variant_record
microchip::pic32cm6408mc00048-i/y8,microchip::pic32cm6408mc00048,Microchip,PIC32CM-MC,PIC32CM-MC,PIC32CM-MC,PIC32CM6408MC00048,PIC32CM6408MC00048-I/Y8,-I/Y8,,,,TQFP48,-40..85 °C,,unknown,microchip-atdf:PIC32CM-MC_DFP@1.5.244,https://packs.download.microchip.com/Microchip.PIC32CM-MC_DFP.1.5.244.pack,2026-08-12T09:31:18+00:00,manufacturer_device_database,atdf_variant_record
microchip::pic32cm6408pl10028-e/3lw,microchip::pic32cm6408pl10028,Microchip,PIC32CM-PL,PIC32CM-PL,PIC32CM-PL,PIC32CM6408PL10028,PIC32CM6408PL10028-E/3LW,-E/3LW,,,,VQFN28 WF,-40..125 °C,,unknown,microchip-atdf:PIC32CM-PL_DFP@1.5.437,https://packs.download.microchip.com/Microchip.PIC32CM-PL_DFP.1.5.437.pack,2026-08-12T09:31:18+00:00,manufacturer_device_database,atdf_variant_record
microchip::pic32cm6408pl10028-e/sp,microchip::pic32cm6408pl10028,Microchip,PIC32CM-PL,PIC32CM-PL,PIC32CM-PL,PIC32CM6408PL10028,PIC32CM6408PL10028-E/SP,-E/SP,,,,SPDIP28,-40..125 °C,,unknown,microchip-atdf:PIC32CM-PL_DFP@1.5.437,https://packs.download.microchip.com/Microchip.PIC32CM-PL_DFP.1.5.437.pack,2026-08-12T09:31:18+00:00,manufacturer_device_database,atdf_variant_record
microchip::pic32cm6408pl10028-e/ss,microchip::pic32cm6408pl10028,Microchip,PIC32CM-PL,PIC32CM-PL,PIC32CM-PL,PIC32CM6408PL10028,PIC32CM6408PL10028-E/SS,-E/SS,,,,SSOP28,-40..125 °C,,unknown,microchip-atdf:PIC32CM-PL_DFP@1.5.437,https://packs.download.microchip.com/Microchip.PIC32CM-PL_DFP.1.5.437.pack,2026-08-12T09:31:18+00:00,manufacturer_device_database,atdf_variant_record
microchip::pic32cm6408pl10028-i/3lw,microchip::pic32cm6408pl10028,Microchip,PIC32CM-PL,PIC32CM-PL,PIC32CM-PL,PIC32CM6408PL10028,PIC32CM6408PL10028-I/3LW,-I/3LW,,,,VQFN28 WF,-40..85 °C,,unknown,microchip-atdf:PIC32CM-PL_DFP@1.5.437,https://packs.download.microchip.com/Microchip.PIC32CM-PL_DFP.1.5.437.pack,2026-08-12T09:31:18+00:00,manufacturer_device_database,atdf_variant_record
microchip::pic32cm6408pl10028-i/sp,microchip::pic32cm6408pl10028,Microchip,PIC32CM-PL,PIC32CM-PL,PIC32CM-PL,PIC32CM6408PL10028,PIC32CM6408PL10028-I/SP,-I/SP,,,,SPDIP28,-40..85 °C,,unknown,microchip-atdf:PIC32CM-PL_DFP@1.5.437,https://packs.download.microchip.com/Microchip.PIC32CM-PL_DFP.1.5.437.pack,2026-08-12T09:31:18+00:00,manufacturer_device_database,atdf_variant_record
microchip::pic32cm6408pl10028-i/ss,microchip::pic32cm6408pl10028,Microchip,PIC32CM-PL,PIC32CM-PL,PIC32CM-PL,PIC32CM6408PL10028,PIC32CM6408PL10028-I/SS,-I/SS,,,,SSOP28,-40..85 °C,,unknown,microchip-atdf:PIC32CM-PL_DFP@1.5.437,https://packs.download.microchip.com/Microchip.PIC32CM-PL_DFP.1.5.437.pack,2026-08-12T09:31:18+00:00,manufacturer_device_database,atdf_variant_record
microchip::pic32cm6408pl10032-e/pt,microchip::pic32cm6408pl10032,Microchip,PIC32CM-PL,PIC32CM-PL,PIC32CM-PL,PIC32CM6408PL10032,PIC32CM6408PL10032-E/PT,-E/PT,,,,TQFP32,-40..125 °C,,unknown,microchip-atdf:PIC32CM-PL_DFP@1.5.437,https://packs.download.microchip.com/Microchip.PIC32CM-PL_DFP.1.5.437.pack,2026-08-12T09:31:18+00:00,manufacturer_device_database,atdf_variant_record
microchip::pic32cm6408pl10032-e/qzb,microchip::pic32cm6408pl10032,Microchip,PIC32CM-PL,PIC32CM-PL,PIC32CM-PL,PIC32CM6408PL10032,PIC32CM6408PL10032-E/QZB,-E/QZB,,,,VQFN32,-40..125 °C,,unknown,microchip-atdf:PIC32CM-PL_DFP@1.5.437,https://packs.download.microchip.com/Microchip.PIC32CM-PL_DFP.1.5.437.pack,2026-08-12T09:31:18+00:00,manufacturer_device_database,atdf_variant_record
microchip::pic32cm6408pl10032-i/pt,microchip::pic32cm6408pl10032,Microchip,PIC32CM-PL,PIC32CM-PL,PIC32CM-PL,PIC32CM6408PL10032,PIC32CM6408PL10032-I/PT,-I/PT,,,,TQFP32,-40..85 °C,,unknown,microchip-atdf:PIC32CM-PL_DFP@1.5.437,https://packs.download.microchip.com/Microchip.PIC32CM-PL_DFP.1.5.437.pack,2026-08-12T09:31:18+00:00,manufacturer_device_database,atdf_variant_record
microchip::pic32cm6408pl10032-i/qzb,microchip::pic32cm6408pl10032,Microchip,PIC32CM-PL,PIC32CM-PL,PIC32CM-PL,PIC32CM6408PL10032,PIC32CM6408PL10032-I/QZB,-I/QZB,,,,VQFN32,-40..85 °C,,unknown,microchip-atdf:PIC32CM-PL_DFP@1.5.437,https://packs.download.microchip.com/Microchip.PIC32CM-PL_DFP.1.5.437.pack,2026-08-12T09:31:18+00:00,manufacturer_device_database,atdf_variant_record
microchip::pic32cm6408pl10048-e/6mx,microchip::pic32cm6408pl10048,Microchip,PIC32CM-PL,PIC32CM-PL,PIC32CM-PL,PIC32CM6408PL10048,PIC32CM6408PL10048-E/6MX,-E/6MX,,,,VQFN48 WF,-40..125 °C,,unknown,microchip-atdf:PIC32CM-PL_DFP@1.5.437,https://packs.download.microchip.com/Microchip.PIC32CM-PL_DFP.1.5.437.pack,2026-08-12T09:31:18+00:00,manufacturer_device_database,atdf_variant_record
microchip::pic32cm6408pl10048-e/pt,microchip::pic32cm6408pl10048,Microchip,PIC32CM-PL,PIC32CM-PL,PIC32CM-PL,PIC32CM6408PL10048,PIC32CM6408PL10048-E/PT,-E/PT,,,,TQFP48,-40..125 °C,,unknown,microchip-atdf:PIC32CM-PL_DFP@1.5.437,https://packs.download.microchip.com/Microchip.PIC32CM-PL_DFP.1.5.437.pack,2026-08-12T09:31:18+00:00,manufacturer_device_database,atdf_variant_record
microchip::pic32cm6408pl10048-i/6mx,microchip::pic32cm6408pl10048,Microchip,PIC32CM-PL,PIC32CM-PL,PIC32CM-PL,PIC32CM6408PL10048,PIC32CM6408PL10048-I/6MX,-I/6MX,,,,VQFN48 WF,-40..85 °C,,unknown,microchip-atdf:PIC32CM-PL_DFP@1.5.437,https://packs.download.microchip.com/Microchip.PIC32CM-PL_DFP.1.5.437.pack,2026-08-12T09:31:18+00:00,manufacturer_device_database,atdf_variant_record
microchip::pic32cm6408pl10048-i/pt,microchip::pic32cm6408pl10048,Microchip,PIC32CM-PL,PIC32CM-PL,PIC32CM-PL,PIC32CM6408PL10048,PIC32CM6408PL10048-I/PT,-I/PT,,,,TQFP48,-40..85 °C,,unknown,microchip-atdf:PIC32CM-PL_DFP@1.5.437,https://packs.download.microchip.com/Microchip.PIC32CM-PL_DFP.1.5.437.pack,2026-08-12T09:31:18+00:00,manufacturer_device_database,atdf_variant_record
microchip::pic32cm6408pl10064-e/5lx,microchip::pic32cm6408pl10064,Microchip,PIC32CM-PL,PIC32CM-PL,PIC32CM-PL,PIC32CM6408PL10064,PIC32CM6408PL10064-E/5LX,-E/5LX,,,,VQFN64 WF,-40..125 °C,,unknown,microchip-atdf:PIC32CM-PL_DFP@1.5.437,https://packs.download.microchip.com/Microchip.PIC32CM-PL_DFP.1.5.437.pack,2026-08-12T09:31:18+00:00,manufacturer_device_database,atdf_variant_record
microchip::pic32cm6408pl10064-e/pt,microchip::pic32cm6408pl10064,Microchip,PIC32CM-PL,PIC32CM-PL,PIC32CM-PL,PIC32CM6408PL10064,PIC32CM6408PL10064-E/PT,-E/PT,,,,TQFP64,-40..125 °C,,unknown,microchip-atdf:PIC32CM-PL_DFP@1.5.437,https://packs.download.microchip.com/Microchip.PIC32CM-PL_DFP.1.5.437.pack,2026-08-12T09:31:18+00:00,manufacturer_device_database,atdf_variant_record
microchip::pic32cm6408pl10064-i/5lx,microchip::pic32cm6408pl10064,Microchip,PIC32CM-PL,PIC32CM-PL,PIC32CM-PL,PIC32CM6408PL10064,PIC32CM6408PL10064-I/5LX,-I/5LX,,,,VQFN64 WF,-40..85 °C,,unknown,microchip-atdf:PIC32CM-PL_DFP@1.5.437,https://packs.download.microchip.com/Microchip.PIC32CM-PL_DFP.1.5.437.pack,2026-08-12T09:31:18+00:00,manufacturer_device_database,atdf_variant_record
microchip::pic32cm6408pl10064-i/pt,microchip::pic32cm6408pl10064,Microchip,PIC32CM-PL,PIC32CM-PL,PIC32CM-PL,PIC32CM6408PL10064,PIC32CM6408PL10064-I/PT,-I/PT,,,,TQFP64,-40..85 °C,,unknown,microchip-atdf:PIC32CM-PL_DFP@1.5.437,https://packs.download.microchip.com/Microchip.PIC32CM-PL_DFP.1.5.437.pack,2026-08-12T09:31:18+00:00,manufacturer_device_database,atdf_variant_record
microchip::pic32cx1025mtc128-au,microchip::pic32cx1025mtc128s1,Microchip,PIC32CX-MT,PIC32CX-MT,PIC32CX-MT,PIC32CX1025MTC128S1,PIC32CX1025MTC128-AU,,,,,TQFP128,-40..+85 °C,,unknown,microchip-atdf:PIC32CX-MT_DFP@1.4.152,https://packs.download.microchip.com/Microchip.PIC32CX-MT_DFP.1.4.152.pack,2026-08-12T09:31:18+00:00,manufacturer_device_database,atdf_variant_record
microchip::pic32cx1025mtg128-au,microchip::pic32cx1025mtg128,Microchip,PIC32CX-MT,PIC32CX-MT,PIC32CX-MT,PIC32CX1025MTG128,PIC32CX1025MTG128-AU,-AU,,,,TQFP128,-40..+85 °C,,unknown,microchip-atdf:PIC32CX-MT_DFP@1.4.152,https://packs.download.microchip.com/Microchip.PIC32CX-MT_DFP.1.4.152.pack,2026-08-12T09:31:18+00:00,manufacturer_device_database,atdf_variant_record
microchip::pic32cx1025mtg64-mu,microchip::pic32cx1025mtg64,Microchip,PIC32CX-MT,PIC32CX-MT,PIC32CX-MT,PIC32CX1025MTG64,PIC32CX1025MTG64-MU,-MU,,,,QFN64,-40..+85 °C,,unknown,microchip-atdf:PIC32CX-MT_DFP@1.4.152,https://packs.download.microchip.com/Microchip.PIC32CX-MT_DFP.1.4.152.pack,2026-08-12T09:31:18+00:00,manufacturer_device_database,atdf_variant_record
microchip::pic32cx1025mtsh128-au,microchip::pic32cx1025mtsh128s1,Microchip,PIC32CX-MT,PIC32CX-MT,PIC32CX-MT,PIC32CX1025MTSH128S1,PIC32CX1025MTSH128-AU,,,,,TQFP128,-40..+85 °C,,unknown,microchip-atdf:PIC32CX-MT_DFP@1.4.152,https://packs.download.microchip.com/Microchip.PIC32CX-MT_DFP.1.4.152.pack,2026-08-12T09:31:18+00:00,manufacturer_device_database,atdf_variant_record
microchip::pic32cx1025sg41064-e/v2x,microchip::pic32cx1025sg41064,Microchip,PIC32CX-SG41,PIC32CX-SG41,PIC32CX-SG41,PIC32CX1025SG41064,PIC32CX1025SG41064-E/V2X,-E/V2X,,,,TQFP64,-40..125 °C,,unknown,microchip-atdf:PIC32CX-SG41_DFP@1.6.172,https://packs.download.microchip.com/Microchip.PIC32CX-SG41_DFP.1.6.172.pack,2026-08-12T09:31:18+00:00,manufacturer_device_database,atdf_variant_record
microchip::pic32cx1025sg41064-i/v2x,microchip::pic32cx1025sg41064,Microchip,PIC32CX-SG41,PIC32CX-SG41,PIC32CX-SG41,PIC32CX1025SG41064,PIC32CX1025SG41064-I/V2X,-I/V2X,,,,TQFP64,-40..85 °C,,unknown,microchip-atdf:PIC32CX-SG41_DFP@1.6.172,https://packs.download.microchip.com/Microchip.PIC32CX-SG41_DFP.1.6.172.pack,2026-08-12T09:31:18+00:00,manufacturer_device_database,atdf_variant_record
microchip::pic32cx1025sg41080-i/6sw,microchip::pic32cx1025sg41080,Microchip,PIC32CX-SG41,PIC32CX-SG41,PIC32CX-SG41,PIC32CX1025SG41080,PIC32CX1025SG41080-I/6SW,-I/6SW,,,,WLCSP80,-40..85 °C,,unknown,microchip-atdf:PIC32CX-SG41_DFP@1.6.172,https://packs.download.microchip.com/Microchip.PIC32CX-SG41_DFP.1.6.172.pack,2026-08-12T09:31:18+00:00,manufacturer_device_database,atdf_variant_record
microchip::pic32cx1025sg41080-v/6sw,microchip::pic32cx1025sg41080,Microchip,PIC32CX-SG41,PIC32CX-SG41,PIC32CX-SG41,PIC32CX1025SG41080,PIC32CX1025SG41080-V/6SW,-V/6SW,,,,WLCSP80,-40..105 °C,,unknown,microchip-atdf:PIC32CX-SG41_DFP@1.6.172,https://packs.download.microchip.com/Microchip.PIC32CX-SG41_DFP.1.6.172.pack,2026-08-12T09:31:18+00:00,manufacturer_device_database,atdf_variant_record
microchip::pic32cx1025sg41100-e/e5x,microchip::pic32cx1025sg41100,Microchip,PIC32CX-SG41,PIC32CX-SG41,PIC32CX-SG41,PIC32CX1025SG41100,PIC32CX1025SG41100-E/E5X,-E/E5X,,,,TQFP100,-40..125 °C,,unknown,microchip-atdf:PIC32CX-SG41_DFP@1.6.172,https://packs.download.microchip.com/Microchip.PIC32CX-SG41_DFP.1.6.172.pack,2026-08-12T09:31:18+00:00,manufacturer_device_database,atdf_variant_record
microchip::pic32cx1025sg41100-i/e5x,microchip::pic32cx1025sg41100,Microchip,PIC32CX-SG41,PIC32CX-SG41,PIC32CX-SG41,PIC32CX1025SG41100,PIC32CX1025SG41100-I/E5X,-I/E5X,,,,TQFP100,-40..85 °C,,unknown,microchip-atdf:PIC32CX-SG41_DFP@1.6.172,https://packs.download.microchip.com/Microchip.PIC32CX-SG41_DFP.1.6.172.pack,2026-08-12T09:31:18+00:00,manufacturer_device_database,atdf_variant_record
microchip::pic32cx1025sg41128-e/z2x,microchip::pic32cx1025sg41128,Microchip,PIC32CX-SG41,PIC32CX-SG41,PIC32CX-SG41,PIC32CX1025SG41128,PIC32CX1025SG41128-E/Z2X,-E/Z2X,,,,TQFP128,-40..125 °C,,unknown,microchip-atdf:PIC32CX-SG41_DFP@1.6.172,https://packs.download.microchip.com/Microchip.PIC32CX-SG41_DFP.1.6.172.pack,2026-08-12T09:31:18+00:00,manufacturer_device_database,atdf_variant_record
microchip::pic32cx1025sg41128-i/z2x,microchip::pic32cx1025sg41128,Microchip,PIC32CX-SG41,PIC32CX-SG41,PIC32CX-SG41,PIC32CX1025SG41128,PIC32CX1025SG41128-I/Z2X,-I/Z2X,,,,TQFP128,-40..85 °C,,unknown,microchip-atdf:PIC32CX-SG41_DFP@1.6.172,https://packs.download.microchip.com/Microchip.PIC32CX-SG41_DFP.1.6.172.pack,2026-08-12T09:31:18+00:00,manufacturer_device_database,atdf_variant_record
microchip::pic32cx1025sg60100-e/4nb,microchip::pic32cx1025sg60100,Microchip,PIC32CX-SG60,PIC32CX-SG60,PIC32CX-SG60,PIC32CX1025SG60100,PIC32CX1025SG60100-E/4NB,-E/4NB,,,,TQFP100,-40..125 °C,,unknown,microchip-atdf:PIC32CX-SG60_DFP@1.3.159,https://packs.download.microchip.com/Microchip.PIC32CX-SG60_DFP.1.3.159.pack,2026-08-12T09:31:18+00:00,manufacturer_device_database,atdf_variant_record
microchip::pic32cx1025sg60100-e/hjb,microchip::pic32cx1025sg60100,Microchip,PIC32CX-SG60,PIC32CX-SG60,PIC32CX-SG60,PIC32CX1025SG60100,PIC32CX1025SG60100-E/HJB,-E/HJB,,,,TFBGA100,-40..125 °C,,unknown,microchip-atdf:PIC32CX-SG60_DFP@1.3.159,https://packs.download.microchip.com/Microchip.PIC32CX-SG60_DFP.1.3.159.pack,2026-08-12T09:31:18+00:00,manufacturer_device_database,atdf_variant_record
microchip::pic32cx1025sg60100-i/4nb,microchip::pic32cx1025sg60100,Microchip,PIC32CX-SG60,PIC32CX-SG60,PIC32CX-SG60,PIC32CX1025SG60100,PIC32CX1025SG60100-I/4NB,-I/4NB,,,,TQFP100,-40..85 °C,,unknown,microchip-atdf:PIC32CX-SG60_DFP@1.3.159,https://packs.download.microchip.com/Microchip.PIC32CX-SG60_DFP.1.3.159.pack,2026-08-12T09:31:18+00:00,manufacturer_device_database,atdf_variant_record
microchip::pic32cx1025sg60100-i/hjb,microchip::pic32cx1025sg60100,Microchip,PIC32CX-SG60,PIC32CX-SG60,PIC32CX-SG60,PIC32CX1025SG60100,PIC32CX1025SG60100-I/HJB,-I/HJB,,,,TFBGA100,-40..85 °C,,unknown,microchip-atdf:PIC32CX-SG60_DFP@1.3.159,https://packs.download.microchip.com/Microchip.PIC32CX-SG60_DFP.1.3.159.pack,2026-08-12T09:31:18+00:00,manufacturer_device_database,atdf_variant_record
microchip::pic32cx1025sg60128-e/xcb,microchip::pic32cx1025sg60128,Microchip,PIC32CX-SG60,PIC32CX-SG60,PIC32CX-SG60,PIC32CX1025SG60128,PIC32CX1025SG60128-E/XCB,-E/XCB,,,,TQFP128,-40..125 °C,,unknown,microchip-atdf:PIC32CX-SG60_DFP@1.3.159,https://packs.download.microchip.com/Microchip.PIC32CX-SG60_DFP.1.3.159.pack,2026-08-12T09:31:18+00:00,manufacturer_device_database,atdf_variant_record
microchip::pic32cx1025sg60128-i/xcb,microchip::pic32cx1025sg60128,Microchip,PIC32CX-SG60,PIC32CX-SG60,PIC32CX-SG60,PIC32CX1025SG60128,PIC32CX1025SG60128-I/XCB,-I/XCB,,,,TQFP128,-40..85 °C,,unknown,microchip-atdf:PIC32CX-SG60_DFP@1.3.159,https://packs.download.microchip.com/Microchip.PIC32CX-SG60_DFP.1.3.159.pack,2026-08-12T09:31:18+00:00,manufacturer_device_database,atdf_variant_record
microchip::pic32cx1025sg61100-e/4nb,microchip::pic32cx1025sg61100,Microchip,PIC32CX-SG61,PIC32CX-SG61,PIC32CX-SG61,PIC32CX1025SG61100,PIC32CX1025SG61100-E/4NB,-E/4NB,,,,TQFP100,-40..125 °C,,unknown,microchip-atdf:PIC32CX-SG61_DFP@1.3.171,https://packs.download.microchip.com/Microchip.PIC32CX-SG61_DFP.1.3.171.pack,2026-08-12T09:31:18+00:00,manufacturer_device_database,atdf_variant_record
microchip::pic32cx1025sg61100-e/hjb,microchip::pic32cx1025sg61100,Microchip,PIC32CX-SG61,PIC32CX-SG61,PIC32CX-SG61,PIC32CX1025SG61100,PIC32CX1025SG61100-E/HJB,-E/HJB,,,,TFBGA100,-40..125 °C,,unknown,microchip-atdf:PIC32CX-SG61_DFP@1.3.171,https://packs.download.microchip.com/Microchip.PIC32CX-SG61_DFP.1.3.171.pack,2026-08-12T09:31:18+00:00,manufacturer_device_database,atdf_variant_record
microchip::pic32cx1025sg61100-i/4nb,microchip::pic32cx1025sg61100,Microchip,PIC32CX-SG61,PIC32CX-SG61,PIC32CX-SG61,PIC32CX1025SG61100,PIC32CX1025SG61100-I/4NB,-I/4NB,,,,TQFP100,-40..85 °C,,unknown,microchip-atdf:PIC32CX-SG61_DFP@1.3.171,https://packs.download.microchip.com/Microchip.PIC32CX-SG61_DFP.1.3.171.pack,2026-08-12T09:31:18+00:00,manufacturer_device_database,atdf_variant_record
microchip::pic32cx1025sg61100-i/hjb,microchip::pic32cx1025sg61100,Microchip,PIC32CX-SG61,PIC32CX-SG61,PIC32CX-SG61,PIC32CX1025SG61100,PIC32CX1025SG61100-I/HJB,-I/HJB,,,,TFBGA100,-40..85 °C,,unknown,microchip-atdf:PIC32CX-SG61_DFP@1.3.171,https://packs.download.microchip.com/Microchip.PIC32CX-SG61_DFP.1.3.171.pack,2026-08-12T09:31:18+00:00,manufacturer_device_database,atdf_variant_record
microchip::pic32cx1025sg61128-e/xcb,microchip::pic32cx1025sg61128,Microchip,PIC32CX-SG61,PIC32CX-SG61,PIC32CX-SG61,PIC32CX1025SG61128,PIC32CX1025SG61128-E/XCB,-E/XCB,,,,TQFP128,-40..125 °C,,unknown,microchip-atdf:PIC32CX-SG61_DFP@1.3.171,https://packs.download.microchip.com/Microchip.PIC32CX-SG61_DFP.1.3.171.pack,2026-08-12T09:31:18+00:00,manufacturer_device_database,atdf_variant_record
microchip::pic32cx1025sg61128-i/xcb,microchip::pic32cx1025sg61128,Microchip,PIC32CX-SG61,PIC32CX-SG61,PIC32CX-SG61,PIC32CX1025SG61128,PIC32CX1025SG61128-I/XCB,-I/XCB,,,,TQFP128,-40..85 °C,,unknown,microchip-atdf:PIC32CX-SG61_DFP@1.3.171,https://packs.download.microchip.com/Microchip.PIC32CX-SG61_DFP.1.3.171.pack,2026-08-12T09:31:18+00:00,manufacturer_device_database,atdf_variant_record
microchip::pic32cx2051mtc128-au,microchip::pic32cx2051mtc128s1,Microchip,PIC32CX-MT,PIC32CX-MT,PIC32CX-MT,PIC32CX2051MTC128S1,PIC32CX2051MTC128-AU,,,,,TQFP128,-40..+85 °C,,unknown,microchip-atdf:PIC32CX-MT_DFP@1.4.152,https://packs.download.microchip.com/Microchip.PIC32CX-MT_DFP.1.4.152.pack,2026-08-12T09:31:18+00:00,manufacturer_device_database,atdf_variant_record
microchip::pic32cx2051mtg128-au,microchip::pic32cx2051mtg128,Microchip,PIC32CX-MT,PIC32CX-MT,PIC32CX-MT,PIC32CX2051MTG128,PIC32CX2051MTG128-AU,-AU,,,,TQFP128,-40..+85 °C,,unknown,microchip-atdf:PIC32CX-MT_DFP@1.4.152,https://packs.download.microchip.com/Microchip.PIC32CX-MT_DFP.1.4.152.pack,2026-08-12T09:31:18+00:00,manufacturer_device_database,atdf_variant_record
microchip::pic32cx2051mtg64-mu,microchip::pic32cx2051mtg64,Microchip,PIC32CX-MT,PIC32CX-MT,PIC32CX-MT,PIC32CX2051MTG64,PIC32CX2051MTG64-MU,-MU,,,,QFN64,-40..+85 °C,,unknown,microchip-atdf:PIC32CX-MT_DFP@1.4.152,https://packs.download.microchip.com/Microchip.PIC32CX-MT_DFP.1.4.152.pack,2026-08-12T09:31:18+00:00,manufacturer_device_database,atdf_variant_record
microchip::pic32cx2051mtsh128-au,microchip::pic32cx2051mtsh128s1,Microchip,PIC32CX-MT,PIC32CX-MT,PIC32CX-MT,PIC32CX2051MTSH128S1,PIC32CX2051MTSH128-AU,,,,,TQFP128,-40..+85 °C,,unknown,microchip-atdf:PIC32CX-MT_DFP@1.4.152,https://packs.download.microchip.com/Microchip.PIC32CX-MT_DFP.1.4.152.pack,2026-08-12T09:31:18+00:00,manufacturer_device_database,atdf_variant_record
microchip::pic32cx5109bz31032-i/m,microchip::pic32cx5109bz31032,Microchip,PIC32CX-BZ3,PIC32CX-BZ3,PIC32CX-BZ3,PIC32CX5109BZ31032,PIC32CX5109BZ31032-I/M,-I/M,,,,QFN32,-40..105 °C,,unknown,microchip-atdf:PIC32CX-BZ3_DFP@1.4.259,https://packs.download.microchip.com/Microchip.PIC32CX-BZ3_DFP.1.4.259.pack,2026-08-12T09:31:18+00:00,manufacturer_device_database,atdf_variant_record
microchip::pic32cx5109bz31032-i/m-sl3,microchip::pic32cx5109bz31032-sl3,Microchip,PIC32CX-BZ3,PIC32CX-BZ3,PIC32CX-BZ3,PIC32CX5109BZ31032_SL3,PIC32CX5109BZ31032-I/M-SL3,,,,,QFN32,-40..105 °C,,unknown,microchip-atdf:PIC32CX-BZ3_DFP@1.4.259,https://packs.download.microchip.com/Microchip.PIC32CX-BZ3_DFP.1.4.259.pack,2026-08-12T09:31:18+00:00,manufacturer_device_database,atdf_variant_record
microchip::pic32cx5109bz31048-i/m,microchip::pic32cx5109bz31048,Microchip,PIC32CX-BZ3,PIC32CX-BZ3,PIC32CX-BZ3,PIC32CX5109BZ31048,PIC32CX5109BZ31048-I/M,-I/M,,,,QFN48,-40..105 °C,,unknown,microchip-atdf:PIC32CX-BZ3_DFP@1.4.259,https://packs.download.microchip.com/Microchip.PIC32CX-BZ3_DFP.1.4.259.pack,2026-08-12T09:31:18+00:00,manufacturer_device_database,atdf_variant_record
microchip::pic32cx5109bz31048-i/m-sl3,microchip::pic32cx5109bz31048-sl3,Microchip,PIC32CX-BZ3,PIC32CX-BZ3,PIC32CX-BZ3,PIC32CX5109BZ31048_SL3,PIC32CX5109BZ31048-I/M-SL3,,,,,QFN48,-40..105 °C,,unknown,microchip-atdf:PIC32CX-BZ3_DFP@1.4.259,https://packs.download.microchip.com/Microchip.PIC32CX-BZ3_DFP.1.4.259.pack,2026-08-12T09:31:18+00:00,manufacturer_device_database,atdf_variant_record
microchip::pic32cx5109bz36032-i/m,microchip::pic32cx5109bz36032,Microchip,PIC32CX-BZ3,PIC32CX-BZ3,PIC32CX-BZ3,PIC32CX5109BZ36032,PIC32CX5109BZ36032-I/M,-I/M,,,,QFN32,-40..105 °C,,unknown,microchip-atdf:PIC32CX-BZ3_DFP@1.4.259,https://packs.download.microchip.com/Microchip.PIC32CX-BZ3_DFP.1.4.259.pack,2026-08-12T09:31:18+00:00,manufacturer_device_database,atdf_variant_record
microchip::pic32cx5109bz36032-i/m-sl3,microchip::pic32cx5109bz36032-sl3,Microchip,PIC32CX-BZ3,PIC32CX-BZ3,PIC32CX-BZ3,PIC32CX5109BZ36032_SL3,PIC32CX5109BZ36032-I/M-SL3,,,,,QFN32,-40..105 °C,,unknown,microchip-atdf:PIC32CX-BZ3_DFP@1.4.259,https://packs.download.microchip.com/Microchip.PIC32CX-BZ3_DFP.1.4.259.pack,2026-08-12T09:31:18+00:00,manufacturer_device_database,atdf_variant_record
microchip::pic32cx5109bz36048-i/m,microchip::pic32cx5109bz36048,Microchip,PIC32CX-BZ3,PIC32CX-BZ3,PIC32CX-BZ3,PIC32CX5109BZ36048,PIC32CX5109BZ36048-I/M,-I/M,,,,QFN48,-40..105 °C,,unknown,microchip-atdf:PIC32CX-BZ3_DFP@1.4.259,https://packs.download.microchip.com/Microchip.PIC32CX-BZ3_DFP.1.4.259.pack,2026-08-12T09:31:18+00:00,manufacturer_device_database,atdf_variant_record
microchip::pic32cx5109bz36048-i/m-sl3,microchip::pic32cx5109bz36048-sl3,Microchip,PIC32CX-BZ3,PIC32CX-BZ3,PIC32CX-BZ3,PIC32CX5109BZ36048_SL3,PIC32CX5109BZ36048-I/M-SL3,,,,,QFN48,-40..105 °C,,unknown,microchip-atdf:PIC32CX-BZ3_DFP@1.4.259,https://packs.download.microchip.com/Microchip.PIC32CX-BZ3_DFP.1.4.259.pack,2026-08-12T09:31:18+00:00,manufacturer_device_database,atdf_variant_record
microchip::pic32cx5112mtc128-au,microchip::pic32cx5112mtc128s1,Microchip,PIC32CX-MT,PIC32CX-MT,PIC32CX-MT,PIC32CX5112MTC128S1,PIC32CX5112MTC128-AU,,,,,TQFP128,-40..+85 °C,,unknown,microchip-atdf:PIC32CX-MT_DFP@1.4.152,https://packs.download.microchip.com/Microchip.PIC32CX-MT_DFP.1.4.152.pack,2026-08-12T09:31:18+00:00,manufacturer_device_database,atdf_variant_record
microchip::pic32cx5112mtg128-au,microchip::pic32cx5112mtg128,Microchip,PIC32CX-MT,PIC32CX-MT,PIC32CX-MT,PIC32CX5112MTG128,PIC32CX5112MTG128-AU,-AU,,,,TQFP128,-40..+85 °C,,unknown,microchip-atdf:PIC32CX-MT_DFP@1.4.152,https://packs.download.microchip.com/Microchip.PIC32CX-MT_DFP.1.4.152.pack,2026-08-12T09:31:18+00:00,manufacturer_device_database,atdf_variant_record
microchip::pic32cx5112mtsh128-au,microchip::pic32cx5112mtsh128s1,Microchip,PIC32CX-MT,PIC32CX-MT,PIC32CX-MT,PIC32CX5112MTSH128S1,PIC32CX5112MTSH128-AU,,,,,TQFP128,-40..+85 °C,,unknown,microchip-atdf:PIC32CX-MT_DFP@1.4.152,https://packs.download.microchip.com/Microchip.PIC32CX-MT_DFP.1.4.152.pack,2026-08-12T09:31:18+00:00,manufacturer_device_database,atdf_variant_record
microchip::pic32cz1038ca70064-i/xdb,microchip::pic32cz1038ca70064,Microchip,PIC32CZ-CA70,PIC32CZ-CA70,PIC32CZ-CA70,PIC32CZ1038CA70064,PIC32CZ1038CA70064-I/XDB,-I/XDB,,,,ETQFP064,85..-40 °C,,unknown,microchip-atdf:PIC32CZ-CA70_DFP@1.3.62,https://packs.download.microchip.com/Microchip.PIC32CZ-CA70_DFP.1.3.62.pack,2026-08-12T09:31:18+00:00,manufacturer_device_database,atdf_variant_record
microchip::pic32cz1038ca70064-v/xdb,microchip::pic32cz1038ca70064,Microchip,PIC32CZ-CA70,PIC32CZ-CA70,PIC32CZ-CA70,PIC32CZ1038CA70064,PIC32CZ1038CA70064-V/XDB,-V/XDB,,,,ETQFP064,105..-40 °C,,unknown,microchip-atdf:PIC32CZ-CA70_DFP@1.3.62,https://packs.download.microchip.com/Microchip.PIC32CZ-CA70_DFP.1.3.62.pack,2026-08-12T09:31:18+00:00,manufacturer_device_database,atdf_variant_record
microchip::pic32cz1038ca70100-i/cqb,microchip::pic32cz1038ca70100,Microchip,PIC32CZ-CA70,PIC32CZ-CA70,PIC32CZ-CA70,PIC32CZ1038CA70100,PIC32CZ1038CA70100-I/CQB,-I/CQB,,,,BGA100,85..-40 °C,,unknown,microchip-atdf:PIC32CZ-CA70_DFP@1.3.62,https://packs.download.microchip.com/Microchip.PIC32CZ-CA70_DFP.1.3.62.pack,2026-08-12T09:31:18+00:00,manufacturer_device_database,atdf_variant_record
microchip::pic32cz1038ca70100-i/e5x,microchip::pic32cz1038ca70100,Microchip,PIC32CZ-CA70,PIC32CZ-CA70,PIC32CZ-CA70,PIC32CZ1038CA70100,PIC32CZ1038CA70100-I/E5X,-I/E5X,,,,TQFP100,85..-40 °C,,unknown,microchip-atdf:PIC32CZ-CA70_DFP@1.3.62,https://packs.download.microchip.com/Microchip.PIC32CZ-CA70_DFP.1.3.62.pack,2026-08-12T09:31:18+00:00,manufacturer_device_database,atdf_variant_record
microchip::pic32cz1038ca70100-i/xeb,microchip::pic32cz1038ca70100,Microchip,PIC32CZ-CA70,PIC32CZ-CA70,PIC32CZ-CA70,PIC32CZ1038CA70100,PIC32CZ1038CA70100-I/XEB,-I/XEB,,,,ETQFP100,85..-40 °C,,unknown,microchip-atdf:PIC32CZ-CA70_DFP@1.3.62,https://packs.download.microchip.com/Microchip.PIC32CZ-CA70_DFP.1.3.62.pack,2026-08-12T09:31:18+00:00,manufacturer_device_database,atdf_variant_record
microchip::pic32cz1038ca70100-v/cqb,microchip::pic32cz1038ca70100,Microchip,PIC32CZ-CA70,PIC32CZ-CA70,PIC32CZ-CA70,PIC32CZ1038CA70100,PIC32CZ1038CA70100-V/CQB,-V/CQB,,,,BGA100,105..-40 °C,,unknown,microchip-atdf:PIC32CZ-CA70_DFP@1.3.62,https://packs.download.microchip.com/Microchip.PIC32CZ-CA70_DFP.1.3.62.pack,2026-08-12T09:31:18+00:00,manufacturer_device_database,atdf_variant_record
microchip::pic32cz1038ca70100-v/e5x,microchip::pic32cz1038ca70100,Microchip,PIC32CZ-CA70,PIC32CZ-CA70,PIC32CZ-CA70,PIC32CZ1038CA70100,PIC32CZ1038CA70100-V/E5X,-V/E5X,,,,TQFP100,105..-40 °C,,unknown,microchip-atdf:PIC32CZ-CA70_DFP@1.3.62,https://packs.download.microchip.com/Microchip.PIC32CZ-CA70_DFP.1.3.62.pack,2026-08-12T09:31:18+00:00,manufacturer_device_database,atdf_variant_record
microchip::pic32cz1038ca70100-v/xeb,microchip::pic32cz1038ca70100,Microchip,PIC32CZ-CA70,PIC32CZ-CA70,PIC32CZ-CA70,PIC32CZ1038CA70100,PIC32CZ1038CA70100-V/XEB,-V/XEB,,,,ETQFP100,105..-40 °C,,unknown,microchip-atdf:PIC32CZ-CA70_DFP@1.3.62,https://packs.download.microchip.com/Microchip.PIC32CZ-CA70_DFP.1.3.62.pack,2026-08-12T09:31:18+00:00,manufacturer_device_database,atdf_variant_record
microchip::pic32cz1038ca70144-i/b4b,microchip::pic32cz1038ca70144,Microchip,PIC32CZ-CA70,PIC32CZ-CA70,PIC32CZ-CA70,PIC32CZ1038CA70144,PIC32CZ1038CA70144-I/B4B,-I/B4B,,,,BGA144,85..-40 °C,,unknown,microchip-atdf:PIC32CZ-CA70_DFP@1.3.62,https://packs.download.microchip.com/Microchip.PIC32CZ-CA70_DFP.1.3.62.pack,2026-08-12T09:31:18+00:00,manufacturer_device_database,atdf_variant_record
microchip::pic32cz1038ca70144-i/xfb,microchip::pic32cz1038ca70144,Microchip,PIC32CZ-CA70,PIC32CZ-CA70,PIC32CZ-CA70,PIC32CZ1038CA70144,PIC32CZ1038CA70144-I/XFB,-I/XFB,,,,ETQFP144,85..-40 °C,,unknown,microchip-atdf:PIC32CZ-CA70_DFP@1.3.62,https://packs.download.microchip.com/Microchip.PIC32CZ-CA70_DFP.1.3.62.pack,2026-08-12T09:31:18+00:00,manufacturer_device_database,atdf_variant_record
microchip::pic32cz1038ca70144-i/z8x,microchip::pic32cz1038ca70144,Microchip,PIC32CZ-CA70,PIC32CZ-CA70,PIC32CZ-CA70,PIC32CZ1038CA70144,PIC32CZ1038CA70144-I/Z8X,-I/Z8X,,,,TQFP144,85..-40 °C,,unknown,microchip-atdf:PIC32CZ-CA70_DFP@1.3.62,https://packs.download.microchip.com/Microchip.PIC32CZ-CA70_DFP.1.3.62.pack,2026-08-12T09:31:18+00:00,manufacturer_device_database,atdf_variant_record
microchip::pic32cz1038ca70144-v/b4b,microchip::pic32cz1038ca70144,Microchip,PIC32CZ-CA70,PIC32CZ-CA70,PIC32CZ-CA70,PIC32CZ1038CA70144,PIC32CZ1038CA70144-V/B4B,-V/B4B,,,,BGA144,105..-40 °C,,unknown,microchip-atdf:PIC32CZ-CA70_DFP@1.3.62,https://packs.download.microchip.com/Microchip.PIC32CZ-CA70_DFP.1.3.62.pack,2026-08-12T09:31:18+00:00,manufacturer_device_database,atdf_variant_record
microchip::pic32cz1038ca70144-v/xfb,microchip::pic32cz1038ca70144,Microchip,PIC32CZ-CA70,PIC32CZ-CA70,PIC32CZ-CA70,PIC32CZ1038CA70144,PIC32CZ1038CA70144-V/XFB,-V/XFB,,,,ETQFP144,105..-40 °C,,unknown,microchip-atdf:PIC32CZ-CA70_DFP@1.3.62,https://packs.download.microchip.com/Microchip.PIC32CZ-CA70_DFP.1.3.62.pack,2026-08-12T09:31:18+00:00,manufacturer_device_database,atdf_variant_record
microchip::pic32cz1038ca70144-v/z8x,microchip::pic32cz1038ca70144,Microchip,PIC32CZ-CA70,PIC32CZ-CA70,PIC32CZ-CA70,PIC32CZ1038CA70144,PIC32CZ1038CA70144-V/Z8X,-V/Z8X,,,,TQFP144,105..-40 °C,,unknown,microchip-atdf:PIC32CZ-CA70_DFP@1.3.62,https://packs.download.microchip.com/Microchip.PIC32CZ-CA70_DFP.1.3.62.pack,2026-08-12T09:31:18+00:00,manufacturer_device_database,atdf_variant_record
microchip::pic32cz1038mc70064-i/xdb,microchip::pic32cz1038mc70064,Microchip,PIC32CZ-MC70,PIC32CZ-MC70,PIC32CZ-MC70,PIC32CZ1038MC70064,PIC32CZ1038MC70064-I/XDB,-I/XDB,,,,ETQFP064,85..-40 °C,,unknown,microchip-atdf:PIC32CZ-MC70_DFP@1.3.57,https://packs.download.microchip.com/Microchip.PIC32CZ-MC70_DFP.1.3.57.pack,2026-08-12T09:31:18+00:00,manufacturer_device_database,atdf_variant_record
microchip::pic32cz1038mc70064-v/xdb,microchip::pic32cz1038mc70064,Microchip,PIC32CZ-MC70,PIC32CZ-MC70,PIC32CZ-MC70,PIC32CZ1038MC70064,PIC32CZ1038MC70064-V/XDB,-V/XDB,,,,ETQFP064,105..-40 °C,,unknown,microchip-atdf:PIC32CZ-MC70_DFP@1.3.57,https://packs.download.microchip.com/Microchip.PIC32CZ-MC70_DFP.1.3.57.pack,2026-08-12T09:31:18+00:00,manufacturer_device_database,atdf_variant_record
microchip::pic32cz1038mc70100-i/xeb,microchip::pic32cz1038mc70100,Microchip,PIC32CZ-MC70,PIC32CZ-MC70,PIC32CZ-MC70,PIC32CZ1038MC70100,PIC32CZ1038MC70100-I/XEB,-I/XEB,,,,ETQFP100,85..-40 °C,,unknown,microchip-atdf:PIC32CZ-MC70_DFP@1.3.57,https://packs.download.microchip.com/Microchip.PIC32CZ-MC70_DFP.1.3.57.pack,2026-08-12T09:31:18+00:00,manufacturer_device_database,atdf_variant_record
microchip::pic32cz1038mc70100-v/xeb,microchip::pic32cz1038mc70100,Microchip,PIC32CZ-MC70,PIC32CZ-MC70,PIC32CZ-MC70,PIC32CZ1038MC70100,PIC32CZ1038MC70100-V/XEB,-V/XEB,,,,ETQFP100,105..-40 °C,,unknown,microchip-atdf:PIC32CZ-MC70_DFP@1.3.57,https://packs.download.microchip.com/Microchip.PIC32CZ-MC70_DFP.1.3.57.pack,2026-08-12T09:31:18+00:00,manufacturer_device_database,atdf_variant_record
microchip::pic32cz2051ca70064-i/xdb,microchip::pic32cz2051ca70064,Microchip,PIC32CZ-CA70,PIC32CZ-CA70,PIC32CZ-CA70,PIC32CZ2051CA70064,PIC32CZ2051CA70064-I/XDB,-I/XDB,,,,ETQFP064,85..-40 °C,,unknown,microchip-atdf:PIC32CZ-CA70_DFP@1.3.62,https://packs.download.microchip.com/Microchip.PIC32CZ-CA70_DFP.1.3.62.pack,2026-08-12T09:31:18+00:00,manufacturer_device_database,atdf_variant_record
microchip::pic32cz2051ca70064-v/xdb,microchip::pic32cz2051ca70064,Microchip,PIC32CZ-CA70,PIC32CZ-CA70,PIC32CZ-CA70,PIC32CZ2051CA70064,PIC32CZ2051CA70064-V/XDB,-V/XDB,,,,ETQFP064,105..-40 °C,,unknown,microchip-atdf:PIC32CZ-CA70_DFP@1.3.62,https://packs.download.microchip.com/Microchip.PIC32CZ-CA70_DFP.1.3.62.pack,2026-08-12T09:31:18+00:00,manufacturer_device_database,atdf_variant_record
microchip::pic32cz2051ca70100-i/cqb,microchip::pic32cz2051ca70100,Microchip,PIC32CZ-CA70,PIC32CZ-CA70,PIC32CZ-CA70,PIC32CZ2051CA70100,PIC32CZ2051CA70100-I/CQB,-I/CQB,,,,BGA100,85..-40 °C,,unknown,microchip-atdf:PIC32CZ-CA70_DFP@1.3.62,https://packs.download.microchip.com/Microchip.PIC32CZ-CA70_DFP.1.3.62.pack,2026-08-12T09:31:18+00:00,manufacturer_device_database,atdf_variant_record
microchip::pic32cz2051ca70100-i/e5x,microchip::pic32cz2051ca70100,Microchip,PIC32CZ-CA70,PIC32CZ-CA70,PIC32CZ-CA70,PIC32CZ2051CA70100,PIC32CZ2051CA70100-I/E5X,-I/E5X,,,,TQFP100,85..-40 °C,,unknown,microchip-atdf:PIC32CZ-CA70_DFP@1.3.62,https://packs.download.microchip.com/Microchip.PIC32CZ-CA70_DFP.1.3.62.pack,2026-08-12T09:31:18+00:00,manufacturer_device_database,atdf_variant_record
microchip::pic32cz2051ca70100-i/xeb,microchip::pic32cz2051ca70100,Microchip,PIC32CZ-CA70,PIC32CZ-CA70,PIC32CZ-CA70,PIC32CZ2051CA70100,PIC32CZ2051CA70100-I/XEB,-I/XEB,,,,ETQFP100,85..-40 °C,,unknown,microchip-atdf:PIC32CZ-CA70_DFP@1.3.62,https://packs.download.microchip.com/Microchip.PIC32CZ-CA70_DFP.1.3.62.pack,2026-08-12T09:31:18+00:00,manufacturer_device_database,atdf_variant_record
microchip::pic32cz2051ca70100-v/cqb,microchip::pic32cz2051ca70100,Microchip,PIC32CZ-CA70,PIC32CZ-CA70,PIC32CZ-CA70,PIC32CZ2051CA70100,PIC32CZ2051CA70100-V/CQB,-V/CQB,,,,BGA100,105..-40 °C,,unknown,microchip-atdf:PIC32CZ-CA70_DFP@1.3.62,https://packs.download.microchip.com/Microchip.PIC32CZ-CA70_DFP.1.3.62.pack,2026-08-12T09:31:18+00:00,manufacturer_device_database,atdf_variant_record
microchip::pic32cz2051ca70100-v/e5x,microchip::pic32cz2051ca70100,Microchip,PIC32CZ-CA70,PIC32CZ-CA70,PIC32CZ-CA70,PIC32CZ2051CA70100,PIC32CZ2051CA70100-V/E5X,-V/E5X,,,,TQFP100,105..-40 °C,,unknown,microchip-atdf:PIC32CZ-CA70_DFP@1.3.62,https://packs.download.microchip.com/Microchip.PIC32CZ-CA70_DFP.1.3.62.pack,2026-08-12T09:31:18+00:00,manufacturer_device_database,atdf_variant_record
microchip::pic32cz2051ca70100-v/xeb,microchip::pic32cz2051ca70100,Microchip,PIC32CZ-CA70,PIC32CZ-CA70,PIC32CZ-CA70,PIC32CZ2051CA70100,PIC32CZ2051CA70100-V/XEB,-V/XEB,,,,ETQFP100,105..-40 °C,,unknown,microchip-atdf:PIC32CZ-CA70_DFP@1.3.62,https://packs.download.microchip.com/Microchip.PIC32CZ-CA70_DFP.1.3.62.pack,2026-08-12T09:31:18+00:00,manufacturer_device_database,atdf_variant_record
microchip::pic32cz2051ca70144-i/b4b,microchip::pic32cz2051ca70144,Microchip,PIC32CZ-CA70,PIC32CZ-CA70,PIC32CZ-CA70,PIC32CZ2051CA70144,PIC32CZ2051CA70144-I/B4B,-I/B4B,,,,BGA144,85..-40 °C,,unknown,microchip-atdf:PIC32CZ-CA70_DFP@1.3.62,https://packs.download.microchip.com/Microchip.PIC32CZ-CA70_DFP.1.3.62.pack,2026-08-12T09:31:18+00:00,manufacturer_device_database,atdf_variant_record
microchip::pic32cz2051ca70144-i/xfb,microchip::pic32cz2051ca70144,Microchip,PIC32CZ-CA70,PIC32CZ-CA70,PIC32CZ-CA70,PIC32CZ2051CA70144,PIC32CZ2051CA70144-I/XFB,-I/XFB,,,,ETQFP144,85..-40 °C,,unknown,microchip-atdf:PIC32CZ-CA70_DFP@1.3.62,https://packs.download.microchip.com/Microchip.PIC32CZ-CA70_DFP.1.3.62.pack,2026-08-12T09:31:18+00:00,manufacturer_device_database,atdf_variant_record
microchip::pic32cz2051ca70144-i/z8x,microchip::pic32cz2051ca70144,Microchip,PIC32CZ-CA70,PIC32CZ-CA70,PIC32CZ-CA70,PIC32CZ2051CA70144,PIC32CZ2051CA70144-I/Z8X,-I/Z8X,,,,TQFP144,85..-40 °C,,unknown,microchip-atdf:PIC32CZ-CA70_DFP@1.3.62,https://packs.download.microchip.com/Microchip.PIC32CZ-CA70_DFP.1.3.62.pack,2026-08-12T09:31:18+00:00,manufacturer_device_database,atdf_variant_record
microchip::pic32cz2051ca70144-v/b4b,microchip::pic32cz2051ca70144,Microchip,PIC32CZ-CA70,PIC32CZ-CA70,PIC32CZ-CA70,PIC32CZ2051CA70144,PIC32CZ2051CA70144-V/B4B,-V/B4B,,,,BGA144,105..-40 °C,,unknown,microchip-atdf:PIC32CZ-CA70_DFP@1.3.62,https://packs.download.microchip.com/Microchip.PIC32CZ-CA70_DFP.1.3.62.pack,2026-08-12T09:31:18+00:00,manufacturer_device_database,atdf_variant_record
microchip::pic32cz2051ca70144-v/xfb,microchip::pic32cz2051ca70144,Microchip,PIC32CZ-CA70,PIC32CZ-CA70,PIC32CZ-CA70,PIC32CZ2051CA70144,PIC32CZ2051CA70144-V/XFB,-V/XFB,,,,ETQFP144,105..-40 °C,,unknown,microchip-atdf:PIC32CZ-CA70_DFP@1.3.62,https://packs.download.microchip.com/Microchip.PIC32CZ-CA70_DFP.1.3.62.pack,2026-08-12T09:31:18+00:00,manufacturer_device_database,atdf_variant_record
microchip::pic32cz2051ca70144-v/z8x,microchip::pic32cz2051ca70144,Microchip,PIC32CZ-CA70,PIC32CZ-CA70,PIC32CZ-CA70,PIC32CZ2051CA70144,PIC32CZ2051CA70144-V/Z8X,-V/Z8X,,,,TQFP144,105..-40 °C,,unknown,microchip-atdf:PIC32CZ-CA70_DFP@1.3.62,https://packs.download.microchip.com/Microchip.PIC32CZ-CA70_DFP.1.3.62.pack,2026-08-12T09:31:18+00:00,manufacturer_device_database,atdf_variant_record
microchip::pic32cz2051ca80100-e/7yx,microchip::pic32cz2051ca80100,Microchip,PIC32CZ-CA80,PIC32CZ-CA80,PIC32CZ-CA80,PIC32CZ2051CA80100,PIC32CZ2051CA80100-E/7YX,-E/7YX,,,,TQFP100,-40..125 °C,,unknown,microchip-atdf:PIC32CZ-CA80_DFP@1.7.219,https://packs.download.microchip.com/Microchip.PIC32CZ-CA80_DFP.1.7.219.pack,2026-08-12T09:31:18+00:00,manufacturer_device_database,atdf_variant_record
microchip::pic32cz2051ca80100-i/7yx,microchip::pic32cz2051ca80100,Microchip,PIC32CZ-CA80,PIC32CZ-CA80,PIC32CZ-CA80,PIC32CZ2051CA80100,PIC32CZ2051CA80100-I/7YX,-I/7YX,,,,TQFP100,-40..85 °C,,unknown,microchip-atdf:PIC32CZ-CA80_DFP@1.7.219,https://packs.download.microchip.com/Microchip.PIC32CZ-CA80_DFP.1.7.219.pack,2026-08-12T09:31:18+00:00,manufacturer_device_database,atdf_variant_record
microchip::pic32cz2051ca80100-v/7yx,microchip::pic32cz2051ca80100,Microchip,PIC32CZ-CA80,PIC32CZ-CA80,PIC32CZ-CA80,PIC32CZ2051CA80100,PIC32CZ2051CA80100-V/7YX,-V/7YX,,,,TQFP100,-40..105 °C,,unknown,microchip-atdf:PIC32CZ-CA80_DFP@1.7.219,https://packs.download.microchip.com/Microchip.PIC32CZ-CA80_DFP.1.7.219.pack,2026-08-12T09:31:18+00:00,manufacturer_device_database,atdf_variant_record
microchip::pic32cz2051ca80144-e/8yx,microchip::pic32cz2051ca80144,Microchip,PIC32CZ-CA80,PIC32CZ-CA80,PIC32CZ-CA80,PIC32CZ2051CA80144,PIC32CZ2051CA80144-E/8YX,-E/8YX,,,,TQFP144,-40..125 °C,,unknown,microchip-atdf:PIC32CZ-CA80_DFP@1.7.219,https://packs.download.microchip.com/Microchip.PIC32CZ-CA80_DFP.1.7.219.pack,2026-08-12T09:31:18+00:00,manufacturer_device_database,atdf_variant_record
microchip::pic32cz2051ca80144-e/lux,microchip::pic32cz2051ca80144,Microchip,PIC32CZ-CA80,PIC32CZ-CA80,PIC32CZ-CA80,PIC32CZ2051CA80144,PIC32CZ2051CA80144-E/LUX,-E/LUX,,,,BGA144,-40..125 °C,,unknown,microchip-atdf:PIC32CZ-CA80_DFP@1.7.219,https://packs.download.microchip.com/Microchip.PIC32CZ-CA80_DFP.1.7.219.pack,2026-08-12T09:31:18+00:00,manufacturer_device_database,atdf_variant_record
microchip::pic32cz2051ca80144-i/8yx,microchip::pic32cz2051ca80144,Microchip,PIC32CZ-CA80,PIC32CZ-CA80,PIC32CZ-CA80,PIC32CZ2051CA80144,PIC32CZ2051CA80144-I/8YX,-I/8YX,,,,TQFP144,-40..85 °C,,unknown,microchip-atdf:PIC32CZ-CA80_DFP@1.7.219,https://packs.download.microchip.com/Microchip.PIC32CZ-CA80_DFP.1.7.219.pack,2026-08-12T09:31:18+00:00,manufacturer_device_database,atdf_variant_record
microchip::pic32cz2051ca80144-i/lux,microchip::pic32cz2051ca80144,Microchip,PIC32CZ-CA80,PIC32CZ-CA80,PIC32CZ-CA80,PIC32CZ2051CA80144,PIC32CZ2051CA80144-I/LUX,-I/LUX,,,,BGA144,-40..85 °C,,unknown,microchip-atdf:PIC32CZ-CA80_DFP@1.7.219,https://packs.download.microchip.com/Microchip.PIC32CZ-CA80_DFP.1.7.219.pack,2026-08-12T09:31:18+00:00,manufacturer_device_database,atdf_variant_record
microchip::pic32cz2051ca80144-v/8yx,microchip::pic32cz2051ca80144,Microchip,PIC32CZ-CA80,PIC32CZ-CA80,PIC32CZ-CA80,PIC32CZ2051CA80144,PIC32CZ2051CA80144-V/8YX,-V/8YX,,,,TQFP144,-40..105 °C,,unknown,microchip-atdf:PIC32CZ-CA80_DFP@1.7.219,https://packs.download.microchip.com/Microchip.PIC32CZ-CA80_DFP.1.7.219.pack,2026-08-12T09:31:18+00:00,manufacturer_device_database,atdf_variant_record
microchip::pic32cz2051ca80144-v/lux,microchip::pic32cz2051ca80144,Microchip,PIC32CZ-CA80,PIC32CZ-CA80,PIC32CZ-CA80,PIC32CZ2051CA80144,PIC32CZ2051CA80144-V/LUX,-V/LUX,,,,BGA144,-40..105 °C,,unknown,microchip-atdf:PIC32CZ-CA80_DFP@1.7.219,https://packs.download.microchip.com/Microchip.PIC32CZ-CA80_DFP.1.7.219.pack,2026-08-12T09:31:18+00:00,manufacturer_device_database,atdf_variant_record
microchip::pic32cz2051ca80176-e/5mx,microchip::pic32cz2051ca80176,Microchip,PIC32CZ-CA80,PIC32CZ-CA80,PIC32CZ-CA80,PIC32CZ2051CA80176,PIC32CZ2051CA80176-E/5MX,-E/5MX,,,,BGA176,-40..125 °C,,unknown,microchip-atdf:PIC32CZ-CA80_DFP@1.7.219,https://packs.download.microchip.com/Microchip.PIC32CZ-CA80_DFP.1.7.219.pack,2026-08-12T09:31:18+00:00,manufacturer_device_database,atdf_variant_record
microchip::pic32cz2051ca80176-i/5mx,microchip::pic32cz2051ca80176,Microchip,PIC32CZ-CA80,PIC32CZ-CA80,PIC32CZ-CA80,PIC32CZ2051CA80176,PIC32CZ2051CA80176-I/5MX,-I/5MX,,,,BGA176,-40..85 °C,,unknown,microchip-atdf:PIC32CZ-CA80_DFP@1.7.219,https://packs.download.microchip.com/Microchip.PIC32CZ-CA80_DFP.1.7.219.pack,2026-08-12T09:31:18+00:00,manufacturer_device_database,atdf_variant_record
microchip::pic32cz2051ca80176-v/5mx,microchip::pic32cz2051ca80176,Microchip,PIC32CZ-CA80,PIC32CZ-CA80,PIC32CZ-CA80,PIC32CZ2051CA80176,PIC32CZ2051CA80176-V/5MX,-V/5MX,,,,BGA176,-40..105 °C,,unknown,microchip-atdf:PIC32CZ-CA80_DFP@1.7.219,https://packs.download.microchip.com/Microchip.PIC32CZ-CA80_DFP.1.7.219.pack,2026-08-12T09:31:18+00:00,manufacturer_device_database,atdf_variant_record
microchip::pic32cz2051ca80208-e/8mx,microchip::pic32cz2051ca80208,Microchip,PIC32CZ-CA80,PIC32CZ-CA80,PIC32CZ-CA80,PIC32CZ2051CA80208,PIC32CZ2051CA80208-E/8MX,-E/8MX,,,,BGA208,-40..125 °C,,unknown,microchip-atdf:PIC32CZ-CA80_DFP@1.7.219,https://packs.download.microchip.com/Microchip.PIC32CZ-CA80_DFP.1.7.219.pack,2026-08-12T09:31:18+00:00,manufacturer_device_database,atdf_variant_record
microchip::pic32cz2051ca80208-i/8mx,microchip::pic32cz2051ca80208,Microchip,PIC32CZ-CA80,PIC32CZ-CA80,PIC32CZ-CA80,PIC32CZ2051CA80208,PIC32CZ2051CA80208-I/8MX,-I/8MX,,,,BGA208,-40..85 °C,,unknown,microchip-atdf:PIC32CZ-CA80_DFP@1.7.219,https://packs.download.microchip.com/Microchip.PIC32CZ-CA80_DFP.1.7.219.pack,2026-08-12T09:31:18+00:00,manufacturer_device_database,atdf_variant_record
microchip::pic32cz2051ca80208-v/8mx,microchip::pic32cz2051ca80208,Microchip,PIC32CZ-CA80,PIC32CZ-CA80,PIC32CZ-CA80,PIC32CZ2051CA80208,PIC32CZ2051CA80208-V/8MX,-V/8MX,,,,BGA208,-40..105 °C,,unknown,microchip-atdf:PIC32CZ-CA80_DFP@1.7.219,https://packs.download.microchip.com/Microchip.PIC32CZ-CA80_DFP.1.7.219.pack,2026-08-12T09:31:18+00:00,manufacturer_device_database,atdf_variant_record
microchip::pic32cz2051ca90100-e/7yx,microchip::pic32cz2051ca90100,Microchip,PIC32CZ-CA90,PIC32CZ-CA90,PIC32CZ-CA90,PIC32CZ2051CA90100,PIC32CZ2051CA90100-E/7YX,-E/7YX,,,,TQFP100,-40..125 °C,,unknown,microchip-atdf:PIC32CZ-CA90_DFP@1.8.226,https://packs.download.microchip.com/Microchip.PIC32CZ-CA90_DFP.1.8.226.pack,2026-08-12T09:31:18+00:00,manufacturer_device_database,atdf_variant_record
microchip::pic32cz2051ca90100-i/7yx,microchip::pic32cz2051ca90100,Microchip,PIC32CZ-CA90,PIC32CZ-CA90,PIC32CZ-CA90,PIC32CZ2051CA90100,PIC32CZ2051CA90100-I/7YX,-I/7YX,,,,TQFP100,-40..85 °C,,unknown,microchip-atdf:PIC32CZ-CA90_DFP@1.8.226,https://packs.download.microchip.com/Microchip.PIC32CZ-CA90_DFP.1.8.226.pack,2026-08-12T09:31:18+00:00,manufacturer_device_database,atdf_variant_record
microchip::pic32cz2051ca90100-v/7yx,microchip::pic32cz2051ca90100,Microchip,PIC32CZ-CA90,PIC32CZ-CA90,PIC32CZ-CA90,PIC32CZ2051CA90100,PIC32CZ2051CA90100-V/7YX,-V/7YX,,,,TQFP100,-40..105 °C,,unknown,microchip-atdf:PIC32CZ-CA90_DFP@1.8.226,https://packs.download.microchip.com/Microchip.PIC32CZ-CA90_DFP.1.8.226.pack,2026-08-12T09:31:18+00:00,manufacturer_device_database,atdf_variant_record
microchip::pic32cz2051ca90144-e/8yx,microchip::pic32cz2051ca90144,Microchip,PIC32CZ-CA90,PIC32CZ-CA90,PIC32CZ-CA90,PIC32CZ2051CA90144,PIC32CZ2051CA90144-E/8YX,-E/8YX,,,,TQFP144,-40..125 °C,,unknown,microchip-atdf:PIC32CZ-CA90_DFP@1.8.226,https://packs.download.microchip.com/Microchip.PIC32CZ-CA90_DFP.1.8.226.pack,2026-08-12T09:31:18+00:00,manufacturer_device_database,atdf_variant_record
microchip::pic32cz2051ca90144-e/lux,microchip::pic32cz2051ca90144,Microchip,PIC32CZ-CA90,PIC32CZ-CA90,PIC32CZ-CA90,PIC32CZ2051CA90144,PIC32CZ2051CA90144-E/LUX,-E/LUX,,,,BGA144,-40..125 °C,,unknown,microchip-atdf:PIC32CZ-CA90_DFP@1.8.226,https://packs.download.microchip.com/Microchip.PIC32CZ-CA90_DFP.1.8.226.pack,2026-08-12T09:31:18+00:00,manufacturer_device_database,atdf_variant_record
microchip::pic32cz2051ca90144-i/8yx,microchip::pic32cz2051ca90144,Microchip,PIC32CZ-CA90,PIC32CZ-CA90,PIC32CZ-CA90,PIC32CZ2051CA90144,PIC32CZ2051CA90144-I/8YX,-I/8YX,,,,TQFP144,-40..85 °C,,unknown,microchip-atdf:PIC32CZ-CA90_DFP@1.8.226,https://packs.download.microchip.com/Microchip.PIC32CZ-CA90_DFP.1.8.226.pack,2026-08-12T09:31:18+00:00,manufacturer_device_database,atdf_variant_record
microchip::pic32cz2051ca90144-i/lux,microchip::pic32cz2051ca90144,Microchip,PIC32CZ-CA90,PIC32CZ-CA90,PIC32CZ-CA90,PIC32CZ2051CA90144,PIC32CZ2051CA90144-I/LUX,-I/LUX,,,,BGA144,-40..85 °C,,unknown,microchip-atdf:PIC32CZ-CA90_DFP@1.8.226,https://packs.download.microchip.com/Microchip.PIC32CZ-CA90_DFP.1.8.226.pack,2026-08-12T09:31:18+00:00,manufacturer_device_database,atdf_variant_record
microchip::pic32cz2051ca90144-v/8yx,microchip::pic32cz2051ca90144,Microchip,PIC32CZ-CA90,PIC32CZ-CA90,PIC32CZ-CA90,PIC32CZ2051CA90144,PIC32CZ2051CA90144-V/8YX,-V/8YX,,,,TQFP144,-40..105 °C,,unknown,microchip-atdf:PIC32CZ-CA90_DFP@1.8.226,https://packs.download.microchip.com/Microchip.PIC32CZ-CA90_DFP.1.8.226.pack,2026-08-12T09:31:18+00:00,manufacturer_device_database,atdf_variant_record
microchip::pic32cz2051ca90144-v/lux,microchip::pic32cz2051ca90144,Microchip,PIC32CZ-CA90,PIC32CZ-CA90,PIC32CZ-CA90,PIC32CZ2051CA90144,PIC32CZ2051CA90144-V/LUX,-V/LUX,,,,BGA144,-40..105 °C,,unknown,microchip-atdf:PIC32CZ-CA90_DFP@1.8.226,https://packs.download.microchip.com/Microchip.PIC32CZ-CA90_DFP.1.8.226.pack,2026-08-12T09:31:18+00:00,manufacturer_device_database,atdf_variant_record
microchip::pic32cz2051ca90176-e/5mx,microchip::pic32cz2051ca90176,Microchip,PIC32CZ-CA90,PIC32CZ-CA90,PIC32CZ-CA90,PIC32CZ2051CA90176,PIC32CZ2051CA90176-E/5MX,-E/5MX,,,,BGA176,-40..125 °C,,unknown,microchip-atdf:PIC32CZ-CA90_DFP@1.8.226,https://packs.download.microchip.com/Microchip.PIC32CZ-CA90_DFP.1.8.226.pack,2026-08-12T09:31:18+00:00,manufacturer_device_database,atdf_variant_record
microchip::pic32cz2051ca90176-i/5mx,microchip::pic32cz2051ca90176,Microchip,PIC32CZ-CA90,PIC32CZ-CA90,PIC32CZ-CA90,PIC32CZ2051CA90176,PIC32CZ2051CA90176-I/5MX,-I/5MX,,,,BGA176,-40..85 °C,,unknown,microchip-atdf:PIC32CZ-CA90_DFP@1.8.226,https://packs.download.microchip.com/Microchip.PIC32CZ-CA90_DFP.1.8.226.pack,2026-08-12T09:31:18+00:00,manufacturer_device_database,atdf_variant_record
microchip::pic32cz2051ca90176-v/5mx,microchip::pic32cz2051ca90176,Microchip,PIC32CZ-CA90,PIC32CZ-CA90,PIC32CZ-CA90,PIC32CZ2051CA90176,PIC32CZ2051CA90176-V/5MX,-V/5MX,,,,BGA176,-40..105 °C,,unknown,microchip-atdf:PIC32CZ-CA90_DFP@1.8.226,https://packs.download.microchip.com/Microchip.PIC32CZ-CA90_DFP.1.8.226.pack,2026-08-12T09:31:18+00:00,manufacturer_device_database,atdf_variant_record
microchip::pic32cz2051ca90208-e/8mx,microchip::pic32cz2051ca90208,Microchip,PIC32CZ-CA90,PIC32CZ-CA90,PIC32CZ-CA90,PIC32CZ2051CA90208,PIC32CZ2051CA90208-E/8MX,-E/8MX,,,,BGA208,-40..125 °C,,unknown,microchip-atdf:PIC32CZ-CA90_DFP@1.8.226,https://packs.download.microchip.com/Microchip.PIC32CZ-CA90_DFP.1.8.226.pack,2026-08-12T09:31:18+00:00,manufacturer_device_database,atdf_variant_record
microchip::pic32cz2051ca90208-i/8mx,microchip::pic32cz2051ca90208,Microchip,PIC32CZ-CA90,PIC32CZ-CA90,PIC32CZ-CA90,PIC32CZ2051CA90208,PIC32CZ2051CA90208-I/8MX,-I/8MX,,,,BGA208,-40..85 °C,,unknown,microchip-atdf:PIC32CZ-CA90_DFP@1.8.226,https://packs.download.microchip.com/Microchip.PIC32CZ-CA90_DFP.1.8.226.pack,2026-08-12T09:31:18+00:00,manufacturer_device_database,atdf_variant_record
microchip::pic32cz2051ca90208-v/8mx,microchip::pic32cz2051ca90208,Microchip,PIC32CZ-CA90,PIC32CZ-CA90,PIC32CZ-CA90,PIC32CZ2051CA90208,PIC32CZ2051CA90208-V/8MX,-V/8MX,,,,BGA208,-40..105 °C,,unknown,microchip-atdf:PIC32CZ-CA90_DFP@1.8.226,https://packs.download.microchip.com/Microchip.PIC32CZ-CA90_DFP.1.8.226.pack,2026-08-12T09:31:18+00:00,manufacturer_device_database,atdf_variant_record
microchip::pic32cz2051mc70064-i/xdb,microchip::pic32cz2051mc70064,Microchip,PIC32CZ-MC70,PIC32CZ-MC70,PIC32CZ-MC70,PIC32CZ2051MC70064,PIC32CZ2051MC70064-I/XDB,-I/XDB,,,,ETQFP064,85..-40 °C,,unknown,microchip-atdf:PIC32CZ-MC70_DFP@1.3.57,https://packs.download.microchip.com/Microchip.PIC32CZ-MC70_DFP.1.3.57.pack,2026-08-12T09:31:18+00:00,manufacturer_device_database,atdf_variant_record
microchip::pic32cz2051mc70064-v/xdb,microchip::pic32cz2051mc70064,Microchip,PIC32CZ-MC70,PIC32CZ-MC70,PIC32CZ-MC70,PIC32CZ2051MC70064,PIC32CZ2051MC70064-V/XDB,-V/XDB,,,,ETQFP064,105..-40 °C,,unknown,microchip-atdf:PIC32CZ-MC70_DFP@1.3.57,https://packs.download.microchip.com/Microchip.PIC32CZ-MC70_DFP.1.3.57.pack,2026-08-12T09:31:18+00:00,manufacturer_device_database,atdf_variant_record
microchip::pic32cz2051mc70100-i/xeb,microchip::pic32cz2051mc70100,Microchip,PIC32CZ-MC70,PIC32CZ-MC70,PIC32CZ-MC70,PIC32CZ2051MC70100,PIC32CZ2051MC70100-I/XEB,-I/XEB,,,,ETQFP100,85..-40 °C,,unknown,microchip-atdf:PIC32CZ-MC70_DFP@1.3.57,https://packs.download.microchip.com/Microchip.PIC32CZ-MC70_DFP.1.3.57.pack,2026-08-12T09:31:18+00:00,manufacturer_device_database,atdf_variant_record
microchip::pic32cz2051mc70100-v/xeb,microchip::pic32cz2051mc70100,Microchip,PIC32CZ-MC70,PIC32CZ-MC70,PIC32CZ-MC70,PIC32CZ2051MC70100,PIC32CZ2051MC70100-V/XEB,-V/XEB,,,,ETQFP100,105..-40 °C,,unknown,microchip-atdf:PIC32CZ-MC70_DFP@1.3.57,https://packs.download.microchip.com/Microchip.PIC32CZ-MC70_DFP.1.3.57.pack,2026-08-12T09:31:18+00:00,manufacturer_device_database,atdf_variant_record
microchip::pic32cz4010ca80100-e/7yx,microchip::pic32cz4010ca80100,Microchip,PIC32CZ-CA80,PIC32CZ-CA80,PIC32CZ-CA80,PIC32CZ4010CA80100,PIC32CZ4010CA80100-E/7YX,-E/7YX,,,,TQFP100,-40..125 °C,,unknown,microchip-atdf:PIC32CZ-CA80_DFP@1.7.219,https://packs.download.microchip.com/Microchip.PIC32CZ-CA80_DFP.1.7.219.pack,2026-08-12T09:31:18+00:00,manufacturer_device_database,atdf_variant_record
microchip::pic32cz4010ca80100-i/7yx,microchip::pic32cz4010ca80100,Microchip,PIC32CZ-CA80,PIC32CZ-CA80,PIC32CZ-CA80,PIC32CZ4010CA80100,PIC32CZ4010CA80100-I/7YX,-I/7YX,,,,TQFP100,-40..85 °C,,unknown,microchip-atdf:PIC32CZ-CA80_DFP@1.7.219,https://packs.download.microchip.com/Microchip.PIC32CZ-CA80_DFP.1.7.219.pack,2026-08-12T09:31:18+00:00,manufacturer_device_database,atdf_variant_record
microchip::pic32cz4010ca80100-v/7yx,microchip::pic32cz4010ca80100,Microchip,PIC32CZ-CA80,PIC32CZ-CA80,PIC32CZ-CA80,PIC32CZ4010CA80100,PIC32CZ4010CA80100-V/7YX,-V/7YX,,,,TQFP100,-40..105 °C,,unknown,microchip-atdf:PIC32CZ-CA80_DFP@1.7.219,https://packs.download.microchip.com/Microchip.PIC32CZ-CA80_DFP.1.7.219.pack,2026-08-12T09:31:18+00:00,manufacturer_device_database,atdf_variant_record
microchip::pic32cz4010ca80144-e/8yx,microchip::pic32cz4010ca80144,Microchip,PIC32CZ-CA80,PIC32CZ-CA80,PIC32CZ-CA80,PIC32CZ4010CA80144,PIC32CZ4010CA80144-E/8YX,-E/8YX,,,,TQFP144,-40..125 °C,,unknown,microchip-atdf:PIC32CZ-CA80_DFP@1.7.219,https://packs.download.microchip.com/Microchip.PIC32CZ-CA80_DFP.1.7.219.pack,2026-08-12T09:31:18+00:00,manufacturer_device_database,atdf_variant_record
microchip::pic32cz4010ca80144-e/lux,microchip::pic32cz4010ca80144,Microchip,PIC32CZ-CA80,PIC32CZ-CA80,PIC32CZ-CA80,PIC32CZ4010CA80144,PIC32CZ4010CA80144-E/LUX,-E/LUX,,,,BGA144,-40..125 °C,,unknown,microchip-atdf:PIC32CZ-CA80_DFP@1.7.219,https://packs.download.microchip.com/Microchip.PIC32CZ-CA80_DFP.1.7.219.pack,2026-08-12T09:31:18+00:00,manufacturer_device_database,atdf_variant_record
microchip::pic32cz4010ca80144-i/8yx,microchip::pic32cz4010ca80144,Microchip,PIC32CZ-CA80,PIC32CZ-CA80,PIC32CZ-CA80,PIC32CZ4010CA80144,PIC32CZ4010CA80144-I/8YX,-I/8YX,,,,TQFP144,-40..85 °C,,unknown,microchip-atdf:PIC32CZ-CA80_DFP@1.7.219,https://packs.download.microchip.com/Microchip.PIC32CZ-CA80_DFP.1.7.219.pack,2026-08-12T09:31:18+00:00,manufacturer_device_database,atdf_variant_record
microchip::pic32cz4010ca80144-i/lux,microchip::pic32cz4010ca80144,Microchip,PIC32CZ-CA80,PIC32CZ-CA80,PIC32CZ-CA80,PIC32CZ4010CA80144,PIC32CZ4010CA80144-I/LUX,-I/LUX,,,,BGA144,-40..85 °C,,unknown,microchip-atdf:PIC32CZ-CA80_DFP@1.7.219,https://packs.download.microchip.com/Microchip.PIC32CZ-CA80_DFP.1.7.219.pack,2026-08-12T09:31:18+00:00,manufacturer_device_database,atdf_variant_record
microchip::pic32cz4010ca80144-v/8yx,microchip::pic32cz4010ca80144,Microchip,PIC32CZ-CA80,PIC32CZ-CA80,PIC32CZ-CA80,PIC32CZ4010CA80144,PIC32CZ4010CA80144-V/8YX,-V/8YX,,,,TQFP144,-40..105 °C,,unknown,microchip-atdf:PIC32CZ-CA80_DFP@1.7.219,https://packs.download.microchip.com/Microchip.PIC32CZ-CA80_DFP.1.7.219.pack,2026-08-12T09:31:18+00:00,manufacturer_device_database,atdf_variant_record
microchip::pic32cz4010ca80144-v/lux,microchip::pic32cz4010ca80144,Microchip,PIC32CZ-CA80,PIC32CZ-CA80,PIC32CZ-CA80,PIC32CZ4010CA80144,PIC32CZ4010CA80144-V/LUX,-V/LUX,,,,BGA144,-40..105 °C,,unknown,microchip-atdf:PIC32CZ-CA80_DFP@1.7.219,https://packs.download.microchip.com/Microchip.PIC32CZ-CA80_DFP.1.7.219.pack,2026-08-12T09:31:18+00:00,manufacturer_device_database,atdf_variant_record
microchip::pic32cz4010ca80176-e/5mx,microchip::pic32cz4010ca80176,Microchip,PIC32CZ-CA80,PIC32CZ-CA80,PIC32CZ-CA80,PIC32CZ4010CA80176,PIC32CZ4010CA80176-E/5MX,-E/5MX,,,,BGA176,-40..125 °C,,unknown,microchip-atdf:PIC32CZ-CA80_DFP@1.7.219,https://packs.download.microchip.com/Microchip.PIC32CZ-CA80_DFP.1.7.219.pack,2026-08-12T09:31:18+00:00,manufacturer_device_database,atdf_variant_record
microchip::pic32cz4010ca80176-i/5mx,microchip::pic32cz4010ca80176,Microchip,PIC32CZ-CA80,PIC32CZ-CA80,PIC32CZ-CA80,PIC32CZ4010CA80176,PIC32CZ4010CA80176-I/5MX,-I/5MX,,,,BGA176,-40..85 °C,,unknown,microchip-atdf:PIC32CZ-CA80_DFP@1.7.219,https://packs.download.microchip.com/Microchip.PIC32CZ-CA80_DFP.1.7.219.pack,2026-08-12T09:31:18+00:00,manufacturer_device_database,atdf_variant_record
microchip::pic32cz4010ca80176-v/5mx,microchip::pic32cz4010ca80176,Microchip,PIC32CZ-CA80,PIC32CZ-CA80,PIC32CZ-CA80,PIC32CZ4010CA80176,PIC32CZ4010CA80176-V/5MX,-V/5MX,,,,BGA176,-40..105 °C,,unknown,microchip-atdf:PIC32CZ-CA80_DFP@1.7.219,https://packs.download.microchip.com/Microchip.PIC32CZ-CA80_DFP.1.7.219.pack,2026-08-12T09:31:18+00:00,manufacturer_device_database,atdf_variant_record
microchip::pic32cz4010ca80208-e/8mx,microchip::pic32cz4010ca80208,Microchip,PIC32CZ-CA80,PIC32CZ-CA80,PIC32CZ-CA80,PIC32CZ4010CA80208,PIC32CZ4010CA80208-E/8MX,-E/8MX,,,,BGA208,-40..125 °C,,unknown,microchip-atdf:PIC32CZ-CA80_DFP@1.7.219,https://packs.download.microchip.com/Microchip.PIC32CZ-CA80_DFP.1.7.219.pack,2026-08-12T09:31:18+00:00,manufacturer_device_database,atdf_variant_record
microchip::pic32cz4010ca80208-i/8mx,microchip::pic32cz4010ca80208,Microchip,PIC32CZ-CA80,PIC32CZ-CA80,PIC32CZ-CA80,PIC32CZ4010CA80208,PIC32CZ4010CA80208-I/8MX,-I/8MX,,,,BGA208,-40..85 °C,,unknown,microchip-atdf:PIC32CZ-CA80_DFP@1.7.219,https://packs.download.microchip.com/Microchip.PIC32CZ-CA80_DFP.1.7.219.pack,2026-08-12T09:31:18+00:00,manufacturer_device_database,atdf_variant_record
microchip::pic32cz4010ca80208-v/8mx,microchip::pic32cz4010ca80208,Microchip,PIC32CZ-CA80,PIC32CZ-CA80,PIC32CZ-CA80,PIC32CZ4010CA80208,PIC32CZ4010CA80208-V/8MX,-V/8MX,,,,BGA208,-40..105 °C,,unknown,microchip-atdf:PIC32CZ-CA80_DFP@1.7.219,https://packs.download.microchip.com/Microchip.PIC32CZ-CA80_DFP.1.7.219.pack,2026-08-12T09:31:18+00:00,manufacturer_device_database,atdf_variant_record
microchip::pic32cz4010ca90100-e/7yx,microchip::pic32cz4010ca90100,Microchip,PIC32CZ-CA90,PIC32CZ-CA90,PIC32CZ-CA90,PIC32CZ4010CA90100,PIC32CZ4010CA90100-E/7YX,-E/7YX,,,,TQFP100,-40..125 °C,,unknown,microchip-atdf:PIC32CZ-CA90_DFP@1.8.226,https://packs.download.microchip.com/Microchip.PIC32CZ-CA90_DFP.1.8.226.pack,2026-08-12T09:31:18+00:00,manufacturer_device_database,atdf_variant_record
microchip::pic32cz4010ca90100-i/7yx,microchip::pic32cz4010ca90100,Microchip,PIC32CZ-CA90,PIC32CZ-CA90,PIC32CZ-CA90,PIC32CZ4010CA90100,PIC32CZ4010CA90100-I/7YX,-I/7YX,,,,TQFP100,-40..85 °C,,unknown,microchip-atdf:PIC32CZ-CA90_DFP@1.8.226,https://packs.download.microchip.com/Microchip.PIC32CZ-CA90_DFP.1.8.226.pack,2026-08-12T09:31:18+00:00,manufacturer_device_database,atdf_variant_record
microchip::pic32cz4010ca90100-v/7yx,microchip::pic32cz4010ca90100,Microchip,PIC32CZ-CA90,PIC32CZ-CA90,PIC32CZ-CA90,PIC32CZ4010CA90100,PIC32CZ4010CA90100-V/7YX,-V/7YX,,,,TQFP100,-40..105 °C,,unknown,microchip-atdf:PIC32CZ-CA90_DFP@1.8.226,https://packs.download.microchip.com/Microchip.PIC32CZ-CA90_DFP.1.8.226.pack,2026-08-12T09:31:18+00:00,manufacturer_device_database,atdf_variant_record
microchip::pic32cz4010ca90144-e/8yx,microchip::pic32cz4010ca90144,Microchip,PIC32CZ-CA90,PIC32CZ-CA90,PIC32CZ-CA90,PIC32CZ4010CA90144,PIC32CZ4010CA90144-E/8YX,-E/8YX,,,,TQFP144,-40..125 °C,,unknown,microchip-atdf:PIC32CZ-CA90_DFP@1.8.226,https://packs.download.microchip.com/Microchip.PIC32CZ-CA90_DFP.1.8.226.pack,2026-08-12T09:31:18+00:00,manufacturer_device_database,atdf_variant_record
microchip::pic32cz4010ca90144-e/lux,microchip::pic32cz4010ca90144,Microchip,PIC32CZ-CA90,PIC32CZ-CA90,PIC32CZ-CA90,PIC32CZ4010CA90144,PIC32CZ4010CA90144-E/LUX,-E/LUX,,,,BGA144,-40..125 °C,,unknown,microchip-atdf:PIC32CZ-CA90_DFP@1.8.226,https://packs.download.microchip.com/Microchip.PIC32CZ-CA90_DFP.1.8.226.pack,2026-08-12T09:31:18+00:00,manufacturer_device_database,atdf_variant_record
microchip::pic32cz4010ca90144-i/8yx,microchip::pic32cz4010ca90144,Microchip,PIC32CZ-CA90,PIC32CZ-CA90,PIC32CZ-CA90,PIC32CZ4010CA90144,PIC32CZ4010CA90144-I/8YX,-I/8YX,,,,TQFP144,-40..85 °C,,unknown,microchip-atdf:PIC32CZ-CA90_DFP@1.8.226,https://packs.download.microchip.com/Microchip.PIC32CZ-CA90_DFP.1.8.226.pack,2026-08-12T09:31:18+00:00,manufacturer_device_database,atdf_variant_record
microchip::pic32cz4010ca90144-i/lux,microchip::pic32cz4010ca90144,Microchip,PIC32CZ-CA90,PIC32CZ-CA90,PIC32CZ-CA90,PIC32CZ4010CA90144,PIC32CZ4010CA90144-I/LUX,-I/LUX,,,,BGA144,-40..85 °C,,unknown,microchip-atdf:PIC32CZ-CA90_DFP@1.8.226,https://packs.download.microchip.com/Microchip.PIC32CZ-CA90_DFP.1.8.226.pack,2026-08-12T09:31:18+00:00,manufacturer_device_database,atdf_variant_record
microchip::pic32cz4010ca90144-v/8yx,microchip::pic32cz4010ca90144,Microchip,PIC32CZ-CA90,PIC32CZ-CA90,PIC32CZ-CA90,PIC32CZ4010CA90144,PIC32CZ4010CA90144-V/8YX,-V/8YX,,,,TQFP144,-40..105 °C,,unknown,microchip-atdf:PIC32CZ-CA90_DFP@1.8.226,https://packs.download.microchip.com/Microchip.PIC32CZ-CA90_DFP.1.8.226.pack,2026-08-12T09:31:18+00:00,manufacturer_device_database,atdf_variant_record
microchip::pic32cz4010ca90144-v/lux,microchip::pic32cz4010ca90144,Microchip,PIC32CZ-CA90,PIC32CZ-CA90,PIC32CZ-CA90,PIC32CZ4010CA90144,PIC32CZ4010CA90144-V/LUX,-V/LUX,,,,BGA144,-40..105 °C,,unknown,microchip-atdf:PIC32CZ-CA90_DFP@1.8.226,https://packs.download.microchip.com/Microchip.PIC32CZ-CA90_DFP.1.8.226.pack,2026-08-12T09:31:18+00:00,manufacturer_device_database,atdf_variant_record
microchip::pic32cz4010ca90176-e/5mx,microchip::pic32cz4010ca90176,Microchip,PIC32CZ-CA90,PIC32CZ-CA90,PIC32CZ-CA90,PIC32CZ4010CA90176,PIC32CZ4010CA90176-E/5MX,-E/5MX,,,,BGA176,-40..125 °C,,unknown,microchip-atdf:PIC32CZ-CA90_DFP@1.8.226,https://packs.download.microchip.com/Microchip.PIC32CZ-CA90_DFP.1.8.226.pack,2026-08-12T09:31:18+00:00,manufacturer_device_database,atdf_variant_record
microchip::pic32cz4010ca90176-i/5mx,microchip::pic32cz4010ca90176,Microchip,PIC32CZ-CA90,PIC32CZ-CA90,PIC32CZ-CA90,PIC32CZ4010CA90176,PIC32CZ4010CA90176-I/5MX,-I/5MX,,,,BGA176,-40..85 °C,,unknown,microchip-atdf:PIC32CZ-CA90_DFP@1.8.226,https://packs.download.microchip.com/Microchip.PIC32CZ-CA90_DFP.1.8.226.pack,2026-08-12T09:31:18+00:00,manufacturer_device_database,atdf_variant_record
microchip::pic32cz4010ca90176-v/5mx,microchip::pic32cz4010ca90176,Microchip,PIC32CZ-CA90,PIC32CZ-CA90,PIC32CZ-CA90,PIC32CZ4010CA90176,PIC32CZ4010CA90176-V/5MX,-V/5MX,,,,BGA176,-40..105 °C,,unknown,microchip-atdf:PIC32CZ-CA90_DFP@1.8.226,https://packs.download.microchip.com/Microchip.PIC32CZ-CA90_DFP.1.8.226.pack,2026-08-12T09:31:18+00:00,manufacturer_device_database,atdf_variant_record
microchip::pic32cz4010ca90208-e/8mx,microchip::pic32cz4010ca90208,Microchip,PIC32CZ-CA90,PIC32CZ-CA90,PIC32CZ-CA90,PIC32CZ4010CA90208,PIC32CZ4010CA90208-E/8MX,-E/8MX,,,,BGA208,-40..125 °C,,unknown,microchip-atdf:PIC32CZ-CA90_DFP@1.8.226,https://packs.download.microchip.com/Microchip.PIC32CZ-CA90_DFP.1.8.226.pack,2026-08-12T09:31:18+00:00,manufacturer_device_database,atdf_variant_record
microchip::pic32cz4010ca90208-i/8mx,microchip::pic32cz4010ca90208,Microchip,PIC32CZ-CA90,PIC32CZ-CA90,PIC32CZ-CA90,PIC32CZ4010CA90208,PIC32CZ4010CA90208-I/8MX,-I/8MX,,,,BGA208,-40..85 °C,,unknown,microchip-atdf:PIC32CZ-CA90_DFP@1.8.226,https://packs.download.microchip.com/Microchip.PIC32CZ-CA90_DFP.1.8.226.pack,2026-08-12T09:31:18+00:00,manufacturer_device_database,atdf_variant_record
microchip::pic32cz4010ca90208-v/8mx,microchip::pic32cz4010ca90208,Microchip,PIC32CZ-CA90,PIC32CZ-CA90,PIC32CZ-CA90,PIC32CZ4010CA90208,PIC32CZ4010CA90208-V/8MX,-V/8MX,,,,BGA208,-40..105 °C,,unknown,microchip-atdf:PIC32CZ-CA90_DFP@1.8.226,https://packs.download.microchip.com/Microchip.PIC32CZ-CA90_DFP.1.8.226.pack,2026-08-12T09:31:18+00:00,manufacturer_device_database,atdf_variant_record
microchip::pic32cz5125ca70064-i/xdb,microchip::pic32cz5125ca70064,Microchip,PIC32CZ-CA70,PIC32CZ-CA70,PIC32CZ-CA70,PIC32CZ5125CA70064,PIC32CZ5125CA70064-I/XDB,-I/XDB,,,,ETQFP064,85..-40 °C,,unknown,microchip-atdf:PIC32CZ-CA70_DFP@1.3.62,https://packs.download.microchip.com/Microchip.PIC32CZ-CA70_DFP.1.3.62.pack,2026-08-12T09:31:18+00:00,manufacturer_device_database,atdf_variant_record
microchip::pic32cz5125ca70064-v/xdb,microchip::pic32cz5125ca70064,Microchip,PIC32CZ-CA70,PIC32CZ-CA70,PIC32CZ-CA70,PIC32CZ5125CA70064,PIC32CZ5125CA70064-V/XDB,-V/XDB,,,,ETQFP064,105..-40 °C,,unknown,microchip-atdf:PIC32CZ-CA70_DFP@1.3.62,https://packs.download.microchip.com/Microchip.PIC32CZ-CA70_DFP.1.3.62.pack,2026-08-12T09:31:18+00:00,manufacturer_device_database,atdf_variant_record
microchip::pic32cz5125ca70100-i/cqb,microchip::pic32cz5125ca70100,Microchip,PIC32CZ-CA70,PIC32CZ-CA70,PIC32CZ-CA70,PIC32CZ5125CA70100,PIC32CZ5125CA70100-I/CQB,-I/CQB,,,,BGA100,85..-40 °C,,unknown,microchip-atdf:PIC32CZ-CA70_DFP@1.3.62,https://packs.download.microchip.com/Microchip.PIC32CZ-CA70_DFP.1.3.62.pack,2026-08-12T09:31:18+00:00,manufacturer_device_database,atdf_variant_record
microchip::pic32cz5125ca70100-i/e5x,microchip::pic32cz5125ca70100,Microchip,PIC32CZ-CA70,PIC32CZ-CA70,PIC32CZ-CA70,PIC32CZ5125CA70100,PIC32CZ5125CA70100-I/E5X,-I/E5X,,,,TQFP100,85..-40 °C,,unknown,microchip-atdf:PIC32CZ-CA70_DFP@1.3.62,https://packs.download.microchip.com/Microchip.PIC32CZ-CA70_DFP.1.3.62.pack,2026-08-12T09:31:18+00:00,manufacturer_device_database,atdf_variant_record
microchip::pic32cz5125ca70100-i/xeb,microchip::pic32cz5125ca70100,Microchip,PIC32CZ-CA70,PIC32CZ-CA70,PIC32CZ-CA70,PIC32CZ5125CA70100,PIC32CZ5125CA70100-I/XEB,-I/XEB,,,,ETQFP100,85..-40 °C,,unknown,microchip-atdf:PIC32CZ-CA70_DFP@1.3.62,https://packs.download.microchip.com/Microchip.PIC32CZ-CA70_DFP.1.3.62.pack,2026-08-12T09:31:18+00:00,manufacturer_device_database,atdf_variant_record
microchip::pic32cz5125ca70100-v/cqb,microchip::pic32cz5125ca70100,Microchip,PIC32CZ-CA70,PIC32CZ-CA70,PIC32CZ-CA70,PIC32CZ5125CA70100,PIC32CZ5125CA70100-V/CQB,-V/CQB,,,,BGA100,105..-40 °C,,unknown,microchip-atdf:PIC32CZ-CA70_DFP@1.3.62,https://packs.download.microchip.com/Microchip.PIC32CZ-CA70_DFP.1.3.62.pack,2026-08-12T09:31:18+00:00,manufacturer_device_database,atdf_variant_record
microchip::pic32cz5125ca70100-v/e5x,microchip::pic32cz5125ca70100,Microchip,PIC32CZ-CA70,PIC32CZ-CA70,PIC32CZ-CA70,PIC32CZ5125CA70100,PIC32CZ5125CA70100-V/E5X,-V/E5X,,,,TQFP100,105..-40 °C,,unknown,microchip-atdf:PIC32CZ-CA70_DFP@1.3.62,https://packs.download.microchip.com/Microchip.PIC32CZ-CA70_DFP.1.3.62.pack,2026-08-12T09:31:18+00:00,manufacturer_device_database,atdf_variant_record
microchip::pic32cz5125ca70100-v/xeb,microchip::pic32cz5125ca70100,Microchip,PIC32CZ-CA70,PIC32CZ-CA70,PIC32CZ-CA70,PIC32CZ5125CA70100,PIC32CZ5125CA70100-V/XEB,-V/XEB,,,,ETQFP100,105..-40 °C,,unknown,microchip-atdf:PIC32CZ-CA70_DFP@1.3.62,https://packs.download.microchip.com/Microchip.PIC32CZ-CA70_DFP.1.3.62.pack,2026-08-12T09:31:18+00:00,manufacturer_device_database,atdf_variant_record
microchip::pic32cz5125ca70144-i/b4b,microchip::pic32cz5125ca70144,Microchip,PIC32CZ-CA70,PIC32CZ-CA70,PIC32CZ-CA70,PIC32CZ5125CA70144,PIC32CZ5125CA70144-I/B4B,-I/B4B,,,,BGA144,85..-40 °C,,unknown,microchip-atdf:PIC32CZ-CA70_DFP@1.3.62,https://packs.download.microchip.com/Microchip.PIC32CZ-CA70_DFP.1.3.62.pack,2026-08-12T09:31:18+00:00,manufacturer_device_database,atdf_variant_record
microchip::pic32cz5125ca70144-i/xfb,microchip::pic32cz5125ca70144,Microchip,PIC32CZ-CA70,PIC32CZ-CA70,PIC32CZ-CA70,PIC32CZ5125CA70144,PIC32CZ5125CA70144-I/XFB,-I/XFB,,,,ETQFP144,85..-40 °C,,unknown,microchip-atdf:PIC32CZ-CA70_DFP@1.3.62,https://packs.download.microchip.com/Microchip.PIC32CZ-CA70_DFP.1.3.62.pack,2026-08-12T09:31:18+00:00,manufacturer_device_database,atdf_variant_record
microchip::pic32cz5125ca70144-i/z8x,microchip::pic32cz5125ca70144,Microchip,PIC32CZ-CA70,PIC32CZ-CA70,PIC32CZ-CA70,PIC32CZ5125CA70144,PIC32CZ5125CA70144-I/Z8X,-I/Z8X,,,,TQFP144,85..-40 °C,,unknown,microchip-atdf:PIC32CZ-CA70_DFP@1.3.62,https://packs.download.microchip.com/Microchip.PIC32CZ-CA70_DFP.1.3.62.pack,2026-08-12T09:31:18+00:00,manufacturer_device_database,atdf_variant_record
microchip::pic32cz5125ca70144-v/b4b,microchip::pic32cz5125ca70144,Microchip,PIC32CZ-CA70,PIC32CZ-CA70,PIC32CZ-CA70,PIC32CZ5125CA70144,PIC32CZ5125CA70144-V/B4B,-V/B4B,,,,BGA144,105..-40 °C,,unknown,microchip-atdf:PIC32CZ-CA70_DFP@1.3.62,https://packs.download.microchip.com/Microchip.PIC32CZ-CA70_DFP.1.3.62.pack,2026-08-12T09:31:18+00:00,manufacturer_device_database,atdf_variant_record
microchip::pic32cz5125ca70144-v/xfb,microchip::pic32cz5125ca70144,Microchip,PIC32CZ-CA70,PIC32CZ-CA70,PIC32CZ-CA70,PIC32CZ5125CA70144,PIC32CZ5125CA70144-V/XFB,-V/XFB,,,,ETQFP144,105..-40 °C,,unknown,microchip-atdf:PIC32CZ-CA70_DFP@1.3.62,https://packs.download.microchip.com/Microchip.PIC32CZ-CA70_DFP.1.3.62.pack,2026-08-12T09:31:18+00:00,manufacturer_device_database,atdf_variant_record
microchip::pic32cz5125ca70144-v/z8x,microchip::pic32cz5125ca70144,Microchip,PIC32CZ-CA70,PIC32CZ-CA70,PIC32CZ-CA70,PIC32CZ5125CA70144,PIC32CZ5125CA70144-V/Z8X,-V/Z8X,,,,TQFP144,105..-40 °C,,unknown,microchip-atdf:PIC32CZ-CA70_DFP@1.3.62,https://packs.download.microchip.com/Microchip.PIC32CZ-CA70_DFP.1.3.62.pack,2026-08-12T09:31:18+00:00,manufacturer_device_database,atdf_variant_record
microchip::pic32cz8110ca80100-e/7yx,microchip::pic32cz8110ca80100,Microchip,PIC32CZ-CA80,PIC32CZ-CA80,PIC32CZ-CA80,PIC32CZ8110CA80100,PIC32CZ8110CA80100-E/7YX,-E/7YX,,,,TQFP100,-40..125 °C,,unknown,microchip-atdf:PIC32CZ-CA80_DFP@1.7.219,https://packs.download.microchip.com/Microchip.PIC32CZ-CA80_DFP.1.7.219.pack,2026-08-12T09:31:18+00:00,manufacturer_device_database,atdf_variant_record
microchip::pic32cz8110ca80100-i/7yx,microchip::pic32cz8110ca80100,Microchip,PIC32CZ-CA80,PIC32CZ-CA80,PIC32CZ-CA80,PIC32CZ8110CA80100,PIC32CZ8110CA80100-I/7YX,-I/7YX,,,,TQFP100,-40..85 °C,,unknown,microchip-atdf:PIC32CZ-CA80_DFP@1.7.219,https://packs.download.microchip.com/Microchip.PIC32CZ-CA80_DFP.1.7.219.pack,2026-08-12T09:31:18+00:00,manufacturer_device_database,atdf_variant_record
microchip::pic32cz8110ca80100-v/7yx,microchip::pic32cz8110ca80100,Microchip,PIC32CZ-CA80,PIC32CZ-CA80,PIC32CZ-CA80,PIC32CZ8110CA80100,PIC32CZ8110CA80100-V/7YX,-V/7YX,,,,TQFP100,-40..105 °C,,unknown,microchip-atdf:PIC32CZ-CA80_DFP@1.7.219,https://packs.download.microchip.com/Microchip.PIC32CZ-CA80_DFP.1.7.219.pack,2026-08-12T09:31:18+00:00,manufacturer_device_database,atdf_variant_record
microchip::pic32cz8110ca80144-e/8yx,microchip::pic32cz8110ca80144,Microchip,PIC32CZ-CA80,PIC32CZ-CA80,PIC32CZ-CA80,PIC32CZ8110CA80144,PIC32CZ8110CA80144-E/8YX,-E/8YX,,,,TQFP144,-40..125 °C,,unknown,microchip-atdf:PIC32CZ-CA80_DFP@1.7.219,https://packs.download.microchip.com/Microchip.PIC32CZ-CA80_DFP.1.7.219.pack,2026-08-12T09:31:18+00:00,manufacturer_device_database,atdf_variant_record
microchip::pic32cz8110ca80144-e/lux,microchip::pic32cz8110ca80144,Microchip,PIC32CZ-CA80,PIC32CZ-CA80,PIC32CZ-CA80,PIC32CZ8110CA80144,PIC32CZ8110CA80144-E/LUX,-E/LUX,,,,BGA144,-40..125 °C,,unknown,microchip-atdf:PIC32CZ-CA80_DFP@1.7.219,https://packs.download.microchip.com/Microchip.PIC32CZ-CA80_DFP.1.7.219.pack,2026-08-12T09:31:18+00:00,manufacturer_device_database,atdf_variant_record
microchip::pic32cz8110ca80144-i/8yx,microchip::pic32cz8110ca80144,Microchip,PIC32CZ-CA80,PIC32CZ-CA80,PIC32CZ-CA80,PIC32CZ8110CA80144,PIC32CZ8110CA80144-I/8YX,-I/8YX,,,,TQFP144,-40..85 °C,,unknown,microchip-atdf:PIC32CZ-CA80_DFP@1.7.219,https://packs.download.microchip.com/Microchip.PIC32CZ-CA80_DFP.1.7.219.pack,2026-08-12T09:31:18+00:00,manufacturer_device_database,atdf_variant_record
microchip::pic32cz8110ca80144-i/lux,microchip::pic32cz8110ca80144,Microchip,PIC32CZ-CA80,PIC32CZ-CA80,PIC32CZ-CA80,PIC32CZ8110CA80144,PIC32CZ8110CA80144-I/LUX,-I/LUX,,,,BGA144,-40..85 °C,,unknown,microchip-atdf:PIC32CZ-CA80_DFP@1.7.219,https://packs.download.microchip.com/Microchip.PIC32CZ-CA80_DFP.1.7.219.pack,2026-08-12T09:31:18+00:00,manufacturer_device_database,atdf_variant_record
microchip::pic32cz8110ca80144-v/8yx,microchip::pic32cz8110ca80144,Microchip,PIC32CZ-CA80,PIC32CZ-CA80,PIC32CZ-CA80,PIC32CZ8110CA80144,PIC32CZ8110CA80144-V/8YX,-V/8YX,,,,TQFP144,-40..105 °C,,unknown,microchip-atdf:PIC32CZ-CA80_DFP@1.7.219,https://packs.download.microchip.com/Microchip.PIC32CZ-CA80_DFP.1.7.219.pack,2026-08-12T09:31:18+00:00,manufacturer_device_database,atdf_variant_record
microchip::pic32cz8110ca80144-v/lux,microchip::pic32cz8110ca80144,Microchip,PIC32CZ-CA80,PIC32CZ-CA80,PIC32CZ-CA80,PIC32CZ8110CA80144,PIC32CZ8110CA80144-V/LUX,-V/LUX,,,,BGA144,-40..105 °C,,unknown,microchip-atdf:PIC32CZ-CA80_DFP@1.7.219,https://packs.download.microchip.com/Microchip.PIC32CZ-CA80_DFP.1.7.219.pack,2026-08-12T09:31:18+00:00,manufacturer_device_database,atdf_variant_record
microchip::pic32cz8110ca80176-e/5mx,microchip::pic32cz8110ca80176,Microchip,PIC32CZ-CA80,PIC32CZ-CA80,PIC32CZ-CA80,PIC32CZ8110CA80176,PIC32CZ8110CA80176-E/5MX,-E/5MX,,,,BGA176,-40..125 °C,,unknown,microchip-atdf:PIC32CZ-CA80_DFP@1.7.219,https://packs.download.microchip.com/Microchip.PIC32CZ-CA80_DFP.1.7.219.pack,2026-08-12T09:31:18+00:00,manufacturer_device_database,atdf_variant_record
microchip::pic32cz8110ca80176-i/5mx,microchip::pic32cz8110ca80176,Microchip,PIC32CZ-CA80,PIC32CZ-CA80,PIC32CZ-CA80,PIC32CZ8110CA80176,PIC32CZ8110CA80176-I/5MX,-I/5MX,,,,BGA176,-40..85 °C,,unknown,microchip-atdf:PIC32CZ-CA80_DFP@1.7.219,https://packs.download.microchip.com/Microchip.PIC32CZ-CA80_DFP.1.7.219.pack,2026-08-12T09:31:18+00:00,manufacturer_device_database,atdf_variant_record
microchip::pic32cz8110ca80176-v/5mx,microchip::pic32cz8110ca80176,Microchip,PIC32CZ-CA80,PIC32CZ-CA80,PIC32CZ-CA80,PIC32CZ8110CA80176,PIC32CZ8110CA80176-V/5MX,-V/5MX,,,,BGA176,-40..105 °C,,unknown,microchip-atdf:PIC32CZ-CA80_DFP@1.7.219,https://packs.download.microchip.com/Microchip.PIC32CZ-CA80_DFP.1.7.219.pack,2026-08-12T09:31:18+00:00,manufacturer_device_database,atdf_variant_record
microchip::pic32cz8110ca80208-e/8mx,microchip::pic32cz8110ca80208,Microchip,PIC32CZ-CA80,PIC32CZ-CA80,PIC32CZ-CA80,PIC32CZ8110CA80208,PIC32CZ8110CA80208-E/8MX,-E/8MX,,,,BGA208,-40..125 °C,,unknown,microchip-atdf:PIC32CZ-CA80_DFP@1.7.219,https://packs.download.microchip.com/Microchip.PIC32CZ-CA80_DFP.1.7.219.pack,2026-08-12T09:31:18+00:00,manufacturer_device_database,atdf_variant_record
microchip::pic32cz8110ca80208-i/8mx,microchip::pic32cz8110ca80208,Microchip,PIC32CZ-CA80,PIC32CZ-CA80,PIC32CZ-CA80,PIC32CZ8110CA80208,PIC32CZ8110CA80208-I/8MX,-I/8MX,,,,BGA208,-40..85 °C,,unknown,microchip-atdf:PIC32CZ-CA80_DFP@1.7.219,https://packs.download.microchip.com/Microchip.PIC32CZ-CA80_DFP.1.7.219.pack,2026-08-12T09:31:18+00:00,manufacturer_device_database,atdf_variant_record
microchip::pic32cz8110ca80208-v/8mx,microchip::pic32cz8110ca80208,Microchip,PIC32CZ-CA80,PIC32CZ-CA80,PIC32CZ-CA80,PIC32CZ8110CA80208,PIC32CZ8110CA80208-V/8MX,-V/8MX,,,,BGA208,-40..105 °C,,unknown,microchip-atdf:PIC32CZ-CA80_DFP@1.7.219,https://packs.download.microchip.com/Microchip.PIC32CZ-CA80_DFP.1.7.219.pack,2026-08-12T09:31:18+00:00,manufacturer_device_database,atdf_variant_record
microchip::pic32cz8110ca90100-e/bad,microchip::pic32cz8110ca90100,Microchip,PIC32CZ-CA90,PIC32CZ-CA90,PIC32CZ-CA90,PIC32CZ8110CA90100,PIC32CZ8110CA90100-E/BAD,-E/BAD,,,,TQFP100,-40..125 °C,,unknown,microchip-atdf:PIC32CZ-CA90_DFP@1.8.226,https://packs.download.microchip.com/Microchip.PIC32CZ-CA90_DFP.1.8.226.pack,2026-08-12T09:31:18+00:00,manufacturer_device_database,atdf_variant_record
microchip::pic32cz8110ca90100-i/bad,microchip::pic32cz8110ca90100,Microchip,PIC32CZ-CA90,PIC32CZ-CA90,PIC32CZ-CA90,PIC32CZ8110CA90100,PIC32CZ8110CA90100-I/BAD,-I/BAD,,,,TQFP100,-40..85 °C,,unknown,microchip-atdf:PIC32CZ-CA90_DFP@1.8.226,https://packs.download.microchip.com/Microchip.PIC32CZ-CA90_DFP.1.8.226.pack,2026-08-12T09:31:18+00:00,manufacturer_device_database,atdf_variant_record
microchip::pic32cz8110ca90100-v/bad,microchip::pic32cz8110ca90100,Microchip,PIC32CZ-CA90,PIC32CZ-CA90,PIC32CZ-CA90,PIC32CZ8110CA90100,PIC32CZ8110CA90100-V/BAD,-V/BAD,,,,TQFP100,-40..105 °C,,unknown,microchip-atdf:PIC32CZ-CA90_DFP@1.8.226,https://packs.download.microchip.com/Microchip.PIC32CZ-CA90_DFP.1.8.226.pack,2026-08-12T09:31:18+00:00,manufacturer_device_database,atdf_variant_record
microchip::pic32cz8110ca90144-e/8yx,microchip::pic32cz8110ca90144,Microchip,PIC32CZ-CA90,PIC32CZ-CA90,PIC32CZ-CA90,PIC32CZ8110CA90144,PIC32CZ8110CA90144-E/8YX,-E/8YX,,,,TQFP144,-40..125 °C,,unknown,microchip-atdf:PIC32CZ-CA90_DFP@1.8.226,https://packs.download.microchip.com/Microchip.PIC32CZ-CA90_DFP.1.8.226.pack,2026-08-12T09:31:18+00:00,manufacturer_device_database,atdf_variant_record
microchip::pic32cz8110ca90144-e/lux,microchip::pic32cz8110ca90144,Microchip,PIC32CZ-CA90,PIC32CZ-CA90,PIC32CZ-CA90,PIC32CZ8110CA90144,PIC32CZ8110CA90144-E/LUX,-E/LUX,,,,BGA144,-40..125 °C,,unknown,microchip-atdf:PIC32CZ-CA90_DFP@1.8.226,https://packs.download.microchip.com/Microchip.PIC32CZ-CA90_DFP.1.8.226.pack,2026-08-12T09:31:18+00:00,manufacturer_device_database,atdf_variant_record
microchip::pic32cz8110ca90144-i/8yx,microchip::pic32cz8110ca90144,Microchip,PIC32CZ-CA90,PIC32CZ-CA90,PIC32CZ-CA90,PIC32CZ8110CA90144,PIC32CZ8110CA90144-I/8YX,-I/8YX,,,,TQFP144,-40..85 °C,,unknown,microchip-atdf:PIC32CZ-CA90_DFP@1.8.226,https://packs.download.microchip.com/Microchip.PIC32CZ-CA90_DFP.1.8.226.pack,2026-08-12T09:31:18+00:00,manufacturer_device_database,atdf_variant_record
microchip::pic32cz8110ca90144-i/lux,microchip::pic32cz8110ca90144,Microchip,PIC32CZ-CA90,PIC32CZ-CA90,PIC32CZ-CA90,PIC32CZ8110CA90144,PIC32CZ8110CA90144-I/LUX,-I/LUX,,,,BGA144,-40..85 °C,,unknown,microchip-atdf:PIC32CZ-CA90_DFP@1.8.226,https://packs.download.microchip.com/Microchip.PIC32CZ-CA90_DFP.1.8.226.pack,2026-08-12T09:31:18+00:00,manufacturer_device_database,atdf_variant_record
microchip::pic32cz8110ca90144-v/8yx,microchip::pic32cz8110ca90144,Microchip,PIC32CZ-CA90,PIC32CZ-CA90,PIC32CZ-CA90,PIC32CZ8110CA90144,PIC32CZ8110CA90144-V/8YX,-V/8YX,,,,TQFP144,-40..105 °C,,unknown,microchip-atdf:PIC32CZ-CA90_DFP@1.8.226,https://packs.download.microchip.com/Microchip.PIC32CZ-CA90_DFP.1.8.226.pack,2026-08-12T09:31:18+00:00,manufacturer_device_database,atdf_variant_record
microchip::pic32cz8110ca90144-v/lux,microchip::pic32cz8110ca90144,Microchip,PIC32CZ-CA90,PIC32CZ-CA90,PIC32CZ-CA90,PIC32CZ8110CA90144,PIC32CZ8110CA90144-V/LUX,-V/LUX,,,,BGA144,-40..105 °C,,unknown,microchip-atdf:PIC32CZ-CA90_DFP@1.8.226,https://packs.download.microchip.com/Microchip.PIC32CZ-CA90_DFP.1.8.226.pack,2026-08-12T09:31:18+00:00,manufacturer_device_database,atdf_variant_record
microchip::pic32cz8110ca90176-e/5mx,microchip::pic32cz8110ca90176,Microchip,PIC32CZ-CA90,PIC32CZ-CA90,PIC32CZ-CA90,PIC32CZ8110CA90176,PIC32CZ8110CA90176-E/5MX,-E/5MX,,,,BGA176,-40..125 °C,,unknown,microchip-atdf:PIC32CZ-CA90_DFP@1.8.226,https://packs.download.microchip.com/Microchip.PIC32CZ-CA90_DFP.1.8.226.pack,2026-08-12T09:31:18+00:00,manufacturer_device_database,atdf_variant_record
microchip::pic32cz8110ca90176-i/5mx,microchip::pic32cz8110ca90176,Microchip,PIC32CZ-CA90,PIC32CZ-CA90,PIC32CZ-CA90,PIC32CZ8110CA90176,PIC32CZ8110CA90176-I/5MX,-I/5MX,,,,BGA176,-40..85 °C,,unknown,microchip-atdf:PIC32CZ-CA90_DFP@1.8.226,https://packs.download.microchip.com/Microchip.PIC32CZ-CA90_DFP.1.8.226.pack,2026-08-12T09:31:18+00:00,manufacturer_device_database,atdf_variant_record
microchip::pic32cz8110ca90176-v/5mx,microchip::pic32cz8110ca90176,Microchip,PIC32CZ-CA90,PIC32CZ-CA90,PIC32CZ-CA90,PIC32CZ8110CA90176,PIC32CZ8110CA90176-V/5MX,-V/5MX,,,,BGA176,-40..105 °C,,unknown,microchip-atdf:PIC32CZ-CA90_DFP@1.8.226,https://packs.download.microchip.com/Microchip.PIC32CZ-CA90_DFP.1.8.226.pack,2026-08-12T09:31:18+00:00,manufacturer_device_database,atdf_variant_record
microchip::pic32cz8110ca90208-e/8mx,microchip::pic32cz8110ca90208,Microchip,PIC32CZ-CA90,PIC32CZ-CA90,PIC32CZ-CA90,PIC32CZ8110CA90208,PIC32CZ8110CA90208-E/8MX,-E/8MX,,,,BGA208,-40..125 °C,,unknown,microchip-atdf:PIC32CZ-CA90_DFP@1.8.226,https://packs.download.microchip.com/Microchip.PIC32CZ-CA90_DFP.1.8.226.pack,2026-08-12T09:31:18+00:00,manufacturer_device_database,atdf_variant_record
microchip::pic32cz8110ca90208-i/8mx,microchip::pic32cz8110ca90208,Microchip,PIC32CZ-CA90,PIC32CZ-CA90,PIC32CZ-CA90,PIC32CZ8110CA90208,PIC32CZ8110CA90208-I/8MX,-I/8MX,,,,BGA208,-40..85 °C,,unknown,microchip-atdf:PIC32CZ-CA90_DFP@1.8.226,https://packs.download.microchip.com/Microchip.PIC32CZ-CA90_DFP.1.8.226.pack,2026-08-12T09:31:18+00:00,manufacturer_device_database,atdf_variant_record
microchip::pic32cz8110ca90208-v/8mx,microchip::pic32cz8110ca90208,Microchip,PIC32CZ-CA90,PIC32CZ-CA90,PIC32CZ-CA90,PIC32CZ8110CA90208,PIC32CZ8110CA90208-V/8MX,-V/8MX,,,,BGA208,-40..105 °C,,unknown,microchip-atdf:PIC32CZ-CA90_DFP@1.8.226,https://packs.download.microchip.com/Microchip.PIC32CZ-CA90_DFP.1.8.226.pack,2026-08-12T09:31:18+00:00,manufacturer_device_database,atdf_variant_record
microchip::pic32wmb_z3601pe-i-sl3,microchip::pic32wm-bz3601-sl3,Microchip,PIC32CX-BZ3,PIC32CX-BZ3,PIC32CX-BZ3,PIC32WM_BZ3601_SL3,PIC32WMB_Z3601PE-I-SL3,,,,,LGA30,-40..85 °C,,unknown,microchip-atdf:PIC32CX-BZ3_DFP@1.4.259,https://packs.download.microchip.com/Microchip.PIC32CX-BZ3_DFP.1.4.259.pack,2026-08-12T09:31:18+00:00,manufacturer_device_database,atdf_variant_record
microchip::pic32wmb_z3601ue-i-sl3,microchip::pic32wm-bz3601-sl3,Microchip,PIC32CX-BZ3,PIC32CX-BZ3,PIC32CX-BZ3,PIC32WM_BZ3601_SL3,PIC32WMB_Z3601UE-I-SL3,,,,,LGA30,-40..85 °C,,unknown,microchip-atdf:PIC32CX-BZ3_DFP@1.4.259,https://packs.download.microchip.com/Microchip.PIC32CX-BZ3_DFP.1.4.259.pack,2026-08-12T09:31:18+00:00,manufacturer_device_database,atdf_variant_record
microchip::pic32wm_bz3601pe-i,microchip::pic32wm-bz3601,Microchip,PIC32CX-BZ3,PIC32CX-BZ3,PIC32CX-BZ3,PIC32WM_BZ3601,PIC32WM_BZ3601PE-I,PE-I,,,,LGA30,-40..85 °C,,unknown,microchip-atdf:PIC32CX-BZ3_DFP@1.4.259,https://packs.download.microchip.com/Microchip.PIC32CX-BZ3_DFP.1.4.259.pack,2026-08-12T09:31:18+00:00,manufacturer_device_database,atdf_variant_record
microchip::pic32wm_bz3601ue-i,microchip::pic32wm-bz3601,Microchip,PIC32CX-BZ3,PIC32CX-BZ3,PIC32CX-BZ3,PIC32WM_BZ3601,PIC32WM_BZ3601UE-I,UE-I,,,,LGA30,-40..85 °C,,unknown,microchip-atdf:PIC32CX-BZ3_DFP@1.4.259,https://packs.download.microchip.com/Microchip.PIC32CX-BZ3_DFP.1.4.259.pack,2026-08-12T09:31:18+00:00,manufacturer_device_database,atdf_variant_record
microchip::pic32wm_bz3602pe-i,microchip::pic32wm-bz3602,Microchip,PIC32CX-BZ3,PIC32CX-BZ3,PIC32CX-BZ3,PIC32WM_BZ3602,PIC32WM_BZ3602PE-I,PE-I,,,,LGA39,-40..85 °C,,unknown,microchip-atdf:PIC32CX-BZ3_DFP@1.4.259,https://packs.download.microchip.com/Microchip.PIC32CX-BZ3_DFP.1.4.259.pack,2026-08-12T09:31:18+00:00,manufacturer_device_database,atdf_variant_record
microchip::pic32wm_bz3602pe-i-sl3,microchip::pic32wm-bz3602-sl3,Microchip,PIC32CX-BZ3,PIC32CX-BZ3,PIC32CX-BZ3,PIC32WM_BZ3602_SL3,PIC32WM_BZ3602PE-I-SL3,,,,,LGA39,-40..85 °C,,unknown,microchip-atdf:PIC32CX-BZ3_DFP@1.4.259,https://packs.download.microchip.com/Microchip.PIC32CX-BZ3_DFP.1.4.259.pack,2026-08-12T09:31:18+00:00,manufacturer_device_database,atdf_variant_record
microchip::pic32wm_bz3602ue-i,microchip::pic32wm-bz3602,Microchip,PIC32CX-BZ3,PIC32CX-BZ3,PIC32CX-BZ3,PIC32WM_BZ3602,PIC32WM_BZ3602UE-I,UE-I,,,,LGA39,-40..85 °C,,unknown,microchip-atdf:PIC32CX-BZ3_DFP@1.4.259,https://packs.download.microchip.com/Microchip.PIC32CX-BZ3_DFP.1.4.259.pack,2026-08-12T09:31:18+00:00,manufacturer_device_database,atdf_variant_record
microchip::pic32wm_bz3602ue-i-sl3,microchip::pic32wm-bz3602-sl3,Microchip,PIC32CX-BZ3,PIC32CX-BZ3,PIC32CX-BZ3,PIC32WM_BZ3602_SL3,PIC32WM_BZ3602UE-I-SL3,,,,,LGA39,-40..85 °C,,unknown,microchip-atdf:PIC32CX-BZ3_DFP@1.4.259,https://packs.download.microchip.com/Microchip.PIC32CX-BZ3_DFP.1.4.259.pack,2026-08-12T09:31:18+00:00,manufacturer_device_database,atdf_variant_record
microchip::saml21e18a-au,microchip::atsaml21e18a,Microchip,SAML21,SAML21,SAML21,ATSAML21E18A,SAML21E18A-AU,,,,,TQFP32,-40..85 °C,,unknown,microchip-atdf:SAML21_DFP@3.8.229,https://packs.download.microchip.com/Microchip.SAML21_DFP.3.8.229.pack,2026-08-12T09:31:18+00:00,manufacturer_device_database,atdf_variant_record
microchip::saml21g18a-au,microchip::atsaml21g18a,Microchip,SAML21,SAML21,SAML21,ATSAML21G18A,SAML21G18A-AU,,,,,TQFP48,-40..85 °C,,unknown,microchip-atdf:SAML21_DFP@3.8.229,https://packs.download.microchip.com/Microchip.SAML21_DFP.3.8.229.pack,2026-08-12T09:31:18+00:00,manufacturer_device_database,atdf_variant_record
microchip::saml21g18a-mu,microchip::atsaml21g18a,Microchip,SAML21,SAML21,SAML21,ATSAML21G18A,SAML21G18A-MU,,,,,QFN48,-40..85 °C,,unknown,microchip-atdf:SAML21_DFP@3.8.229,https://packs.download.microchip.com/Microchip.SAML21_DFP.3.8.229.pack,2026-08-12T09:31:18+00:00,manufacturer_device_database,atdf_variant_record
microchip::saml21j18a-au,microchip::atsaml21j18a,Microchip,SAML21,SAML21,SAML21,ATSAML21J18A,SAML21J18A-AU,,,,,TQFP64,-40..85 °C,,unknown,microchip-atdf:SAML21_DFP@3.8.229,https://packs.download.microchip.com/Microchip.SAML21_DFP.3.8.229.pack,2026-08-12T09:31:18+00:00,manufacturer_device_database,atdf_variant_record
microchip::saml21j18a-mu,microchip::atsaml21j18a,Microchip,SAML21,SAML21,SAML21,ATSAML21J18A,SAML21J18A-MU,,,,,QFN64,-40..85 °C,,unknown,microchip-atdf:SAML21_DFP@3.8.229,https://packs.download.microchip.com/Microchip.SAML21_DFP.3.8.229.pack,2026-08-12T09:31:18+00:00,manufacturer_device_database,atdf_variant_record
microchip::samrh707f18a-drb-e,microchip::atsamrh707f18a,Microchip,SAMRH707,SAMRH707,SAMRH707,ATSAMRH707F18A,SAMRH707F18A-DRB-E,,,,,CQFP164,+25..+25 °C,,unknown,microchip-atdf:SAMRH707_DFP@1.3.181,https://packs.download.microchip.com/Microchip.SAMRH707_DFP.1.3.181.pack,2026-08-12T09:31:18+00:00,manufacturer_device_database,atdf_variant_record
microchip::wbz350pe-i,microchip::wbz350,Microchip,PIC32CX-BZ3,PIC32CX-BZ3,PIC32CX-BZ3,WBZ350,WBZ350PE-I,PE-I,,,,LGA30,-40..85 °C,,unknown,microchip-atdf:PIC32CX-BZ3_DFP@1.4.259,https://packs.download.microchip.com/Microchip.PIC32CX-BZ3_DFP.1.4.259.pack,2026-08-12T09:31:18+00:00,manufacturer_device_database,atdf_variant_record
microchip::wbz350pe-i-sl3,microchip::wbz350-sl3,Microchip,PIC32CX-BZ3,PIC32CX-BZ3,PIC32CX-BZ3,WBZ350_SL3,WBZ350PE-I-SL3,,,,,LGA30,-40..85 °C,,unknown,microchip-atdf:PIC32CX-BZ3_DFP@1.4.259,https://packs.download.microchip.com/Microchip.PIC32CX-BZ3_DFP.1.4.259.pack,2026-08-12T09:31:18+00:00,manufacturer_device_database,atdf_variant_record
microchip::wbz350ue-i,microchip::wbz350,Microchip,PIC32CX-BZ3,PIC32CX-BZ3,PIC32CX-BZ3,WBZ350,WBZ350UE-I,UE-I,,,,LGA30,-40..85 °C,,unknown,microchip-atdf:PIC32CX-BZ3_DFP@1.4.259,https://packs.download.microchip.com/Microchip.PIC32CX-BZ3_DFP.1.4.259.pack,2026-08-12T09:31:18+00:00,manufacturer_device_database,atdf_variant_record
microchip::wbz350ue-i-sl3,microchip::wbz350-sl3,Microchip,PIC32CX-BZ3,PIC32CX-BZ3,PIC32CX-BZ3,WBZ350_SL3,WBZ350UE-I-SL3,,,,,LGA30,-40..85 °C,,unknown,microchip-atdf:PIC32CX-BZ3_DFP@1.4.259,https://packs.download.microchip.com/Microchip.PIC32CX-BZ3_DFP.1.4.259.pack,2026-08-12T09:31:18+00:00,manufacturer_device_database,atdf_variant_record
microchip::wbz351pe-i,microchip::wbz351,Microchip,PIC32CX-BZ3,PIC32CX-BZ3,PIC32CX-BZ3,WBZ351,WBZ351PE-I,PE-I,,,,LGA39,-40..85 °C,,unknown,microchip-atdf:PIC32CX-BZ3_DFP@1.4.259,https://packs.download.microchip.com/Microchip.PIC32CX-BZ3_DFP.1.4.259.pack,2026-08-12T09:31:18+00:00,manufacturer_device_database,atdf_variant_record
microchip::wbz351pe-i-sl3,microchip::wbz351-sl3,Microchip,PIC32CX-BZ3,PIC32CX-BZ3,PIC32CX-BZ3,WBZ351_SL3,WBZ351PE-I-SL3,,,,,LGA39,-40..85 °C,,unknown,microchip-atdf:PIC32CX-BZ3_DFP@1.4.259,https://packs.download.microchip.com/Microchip.PIC32CX-BZ3_DFP.1.4.259.pack,2026-08-12T09:31:18+00:00,manufacturer_device_database,atdf_variant_record
microchip::wbz351ue-i,microchip::wbz351,Microchip,PIC32CX-BZ3,PIC32CX-BZ3,PIC32CX-BZ3,WBZ351,WBZ351UE-I,UE-I,,,,LGA39,-40..85 °C,,unknown,microchip-atdf:PIC32CX-BZ3_DFP@1.4.259,https://packs.download.microchip.com/Microchip.PIC32CX-BZ3_DFP.1.4.259.pack,2026-08-12T09:31:18+00:00,manufacturer_device_database,atdf_variant_record
microchip::wbz351ue-i-sl3,microchip::wbz351-sl3,Microchip,PIC32CX-BZ3,PIC32CX-BZ3,PIC32CX-BZ3,WBZ351_SL3,WBZ351UE-I-SL3,,,,,LGA39,-40..85 °C,,unknown,microchip-atdf:PIC32CX-BZ3_DFP@1.4.259,https://packs.download.microchip.com/Microchip.PIC32CX-BZ3_DFP.1.4.259.pack,2026-08-12T09:31:18+00:00,manufacturer_device_database,atdf_variant_record
