record_type,record_id,field_name,source_id,source_url,source_path,source_value_json,observed_at,verification_status
device,hpmicro::hpm53m1in,内核类型,hpmicro:selector:hpm5300,https://www.hpmicro.com/product-center/microcontroller/hpm5300/5300-selection-table,selection column:内核类型,"""单核 32 位 RISC-V 处理器""",2026-08-14T07:54:09+00:00,manufacturer_product_page
device,hpmicro::hpm53m1in,最高主频（MHz）,hpmicro:selector:hpm5300,https://www.hpmicro.com/product-center/microcontroller/hpm5300/5300-selection-table,selection column:最高主频（MHz）,"""480""",2026-08-14T07:54:09+00:00,manufacturer_product_page
device,hpmicro::hpm53m1in,Flash (MB),hpmicro:selector:hpm5300,https://www.hpmicro.com/product-center/microcontroller/hpm5300/5300-selection-table,selection column:Flash (MB),"""1""",2026-08-14T07:54:09+00:00,manufacturer_product_page
device,hpmicro::hpm53m1in,SRAM,hpmicro:selector:hpm5300,https://www.hpmicro.com/product-center/microcontroller/hpm5300/5300-selection-table,selection column:SRAM,"""288KB""",2026-08-14T07:54:09+00:00,manufacturer_product_page
device,hpmicro::hpm53m1in,电源输入（V）,hpmicro:selector:hpm5300,https://www.hpmicro.com/product-center/microcontroller/hpm5300/5300-selection-table,selection column:电源输入（V）,"""3~3.6V""",2026-08-14T07:54:09+00:00,manufacturer_product_page
device,hpmicro::hpm53m1in,图形编解码器,hpmicro:selector:hpm5300,https://www.hpmicro.com/product-center/microcontroller/hpm5300/5300-selection-table,selection column:图形编解码器,"""/""",2026-08-14T07:54:09+00:00,manufacturer_product_page
device,hpmicro::hpm53m1in,图形加速,hpmicro:selector:hpm5300,https://www.hpmicro.com/product-center/microcontroller/hpm5300/5300-selection-table,selection column:图形加速,"""/""",2026-08-14T07:54:09+00:00,manufacturer_product_page
device,hpmicro::hpm53m1in,LCD,hpmicro:selector:hpm5300,https://www.hpmicro.com/product-center/microcontroller/hpm5300/5300-selection-table,selection column:LCD,"""/""",2026-08-14T07:54:09+00:00,manufacturer_product_page
device,hpmicro::hpm53m1in,摄像头接口（DVP）,hpmicro:selector:hpm5300,https://www.hpmicro.com/product-center/microcontroller/hpm5300/5300-selection-table,selection column:摄像头接口（DVP）,"""/""",2026-08-14T07:54:09+00:00,manufacturer_product_page
device,hpmicro::hpm53m1in,I²S,hpmicro:selector:hpm5300,https://www.hpmicro.com/product-center/microcontroller/hpm5300/5300-selection-table,selection column:I²S,"""/""",2026-08-14T07:54:09+00:00,manufacturer_product_page
device,hpmicro::hpm53m1in,数字音频输出,hpmicro:selector:hpm5300,https://www.hpmicro.com/product-center/microcontroller/hpm5300/5300-selection-table,selection column:数字音频输出,"""/""",2026-08-14T07:54:09+00:00,manufacturer_product_page
device,hpmicro::hpm53m1in,DDR,hpmicro:selector:hpm5300,https://www.hpmicro.com/product-center/microcontroller/hpm5300/5300-selection-table,selection column:DDR,"""/""",2026-08-14T07:54:09+00:00,manufacturer_product_page
device,hpmicro::hpm53m1in,SDRAM,hpmicro:selector:hpm5300,https://www.hpmicro.com/product-center/microcontroller/hpm5300/5300-selection-table,selection column:SDRAM,"""/""",2026-08-14T07:54:09+00:00,manufacturer_product_page
device,hpmicro::hpm53m1in,SD/eMMC （*63系列无eMMC）,hpmicro:selector:hpm5300,https://www.hpmicro.com/product-center/microcontroller/hpm5300/5300-selection-table,selection column:SD/eMMC （*63系列无eMMC）,"""/""",2026-08-14T07:54:09+00:00,manufacturer_product_page
device,hpmicro::hpm53m1in,XPI,hpmicro:selector:hpm5300,https://www.hpmicro.com/product-center/microcontroller/hpm5300/5300-selection-table,selection column:XPI,"""1""",2026-08-14T07:54:09+00:00,manufacturer_product_page
device,hpmicro::hpm53m1in,以太网,hpmicro:selector:hpm5300,https://www.hpmicro.com/product-center/microcontroller/hpm5300/5300-selection-table,selection column:以太网,"""/""",2026-08-14T07:54:09+00:00,manufacturer_product_page
device,hpmicro::hpm53m1in,CAN,hpmicro:selector:hpm5300,https://www.hpmicro.com/product-center/microcontroller/hpm5300/5300-selection-table,selection column:CAN,"""CAN FD x 4""",2026-08-14T07:54:09+00:00,manufacturer_product_page
device,hpmicro::hpm53m1in,USB,hpmicro:selector:hpm5300,https://www.hpmicro.com/product-center/microcontroller/hpm5300/5300-selection-table,selection column:USB,"""USB HS w/ PHY ×1""",2026-08-14T07:54:09+00:00,manufacturer_product_page
device,hpmicro::hpm53m1in,SPI,hpmicro:selector:hpm5300,https://www.hpmicro.com/product-center/microcontroller/hpm5300/5300-selection-table,selection column:SPI,"""3""",2026-08-14T07:54:09+00:00,manufacturer_product_page
device,hpmicro::hpm53m1in,I²C,hpmicro:selector:hpm5300,https://www.hpmicro.com/product-center/microcontroller/hpm5300/5300-selection-table,selection column:I²C,"""4""",2026-08-14T07:54:09+00:00,manufacturer_product_page
device,hpmicro::hpm53m1in,UART,hpmicro:selector:hpm5300,https://www.hpmicro.com/product-center/microcontroller/hpm5300/5300-selection-table,selection column:UART,"""4""",2026-08-14T07:54:09+00:00,manufacturer_product_page
device,hpmicro::hpm53m1in,Crypto 安全算法,hpmicro:selector:hpm5300,https://www.hpmicro.com/product-center/microcontroller/hpm5300/5300-selection-table,selection column:Crypto 安全算法,"""AES128/256, SHA-1/256""",2026-08-14T07:54:09+00:00,manufacturer_product_page
device,hpmicro::hpm53m1in,PDM数字麦克风,hpmicro:selector:hpm5300,https://www.hpmicro.com/product-center/microcontroller/hpm5300/5300-selection-table,selection column:PDM数字麦克风,"""/""",2026-08-14T07:54:09+00:00,manufacturer_product_page
device,hpmicro::hpm53m1in,安全特性,hpmicro:selector:hpm5300,https://www.hpmicro.com/product-center/microcontroller/hpm5300/5300-selection-table,selection column:安全特性,"""安全启动,JTAG 保护,实时代码加密执行""",2026-08-14T07:54:09+00:00,manufacturer_product_page
device,hpmicro::hpm53m1in,功能安全,hpmicro:selector:hpm5300,https://www.hpmicro.com/product-center/microcontroller/hpm5300/5300-selection-table,selection column:功能安全,"""/""",2026-08-14T07:54:09+00:00,manufacturer_product_page
device,hpmicro::hpm53m1in,电机控制,hpmicro:selector:hpm5300,https://www.hpmicro.com/product-center/microcontroller/hpm5300/5300-selection-table,selection column:电机控制,"""三相独立半桥驱动， 2×8通道PWM，2xQEIv2，2xQEO，2xSEI，2xMMC""",2026-08-14T07:54:09+00:00,manufacturer_product_page
device,hpmicro::hpm53m1in,RTC,hpmicro:selector:hpm5300,https://www.hpmicro.com/product-center/microcontroller/hpm5300/5300-selection-table,selection column:RTC,"""/""",2026-08-14T07:54:09+00:00,manufacturer_product_page
device,hpmicro::hpm53m1in,GPTimer,hpmicro:selector:hpm5300,https://www.hpmicro.com/product-center/microcontroller/hpm5300/5300-selection-table,selection column:GPTimer,"""5×32 位""",2026-08-14T07:54:09+00:00,manufacturer_product_page
device,hpmicro::hpm53m1in,WDG,hpmicro:selector:hpm5300,https://www.hpmicro.com/product-center/microcontroller/hpm5300/5300-selection-table,selection column:WDG,"""3""",2026-08-14T07:54:09+00:00,manufacturer_product_page
device,hpmicro::hpm53m1in,ADC 12bit,hpmicro:selector:hpm5300,https://www.hpmicro.com/product-center/microcontroller/hpm5300/5300-selection-table,selection column:ADC 12bit,"""/""",2026-08-14T07:54:09+00:00,manufacturer_product_page
device,hpmicro::hpm53m1in,ADC 16bit,hpmicro:selector:hpm5300,https://www.hpmicro.com/product-center/microcontroller/hpm5300/5300-selection-table,selection column:ADC 16bit,"""2""",2026-08-14T07:54:09+00:00,manufacturer_product_page
device,hpmicro::hpm53m1in,DAC 12bit,hpmicro:selector:hpm5300,https://www.hpmicro.com/product-center/microcontroller/hpm5300/5300-selection-table,selection column:DAC 12bit,"""2""",2026-08-14T07:54:09+00:00,manufacturer_product_page
device,hpmicro::hpm53m1in,比较器,hpmicro:selector:hpm5300,https://www.hpmicro.com/product-center/microcontroller/hpm5300/5300-selection-table,selection column:比较器,"""2""",2026-08-14T07:54:09+00:00,manufacturer_product_page
device,hpmicro::hpm53m1in,运算放大器,hpmicro:selector:hpm5300,https://www.hpmicro.com/product-center/microcontroller/hpm5300/5300-selection-table,selection column:运算放大器,"""4""",2026-08-14T07:54:09+00:00,manufacturer_product_page
device,hpmicro::hpm53m1in,封装形式,hpmicro:selector:hpm5300,https://www.hpmicro.com/product-center/microcontroller/hpm5300/5300-selection-table,selection column:封装形式,"""9x9 QFN80 P0.4""",2026-08-14T07:54:09+00:00,manufacturer_product_page
device,hpmicro::hpm53m1in,产品厚度（mm),hpmicro:selector:hpm5300,https://www.hpmicro.com/product-center/microcontroller/hpm5300/5300-selection-table,selection column:产品厚度（mm),"""/""",2026-08-14T07:54:09+00:00,manufacturer_product_page
device,hpmicro::hpm53m1in,脚间距（mm),hpmicro:selector:hpm5300,https://www.hpmicro.com/product-center/microcontroller/hpm5300/5300-selection-table,selection column:脚间距（mm),"""0.4""",2026-08-14T07:54:09+00:00,manufacturer_product_page
device,hpmicro::hpm53m1in,温度范围,hpmicro:selector:hpm5300,https://www.hpmicro.com/product-center/microcontroller/hpm5300/5300-selection-table,selection column:温度范围,"""−40 ∼ 125◦C Tj / −40 ∼ 105◦C Ta""",2026-08-14T07:54:09+00:00,manufacturer_product_page
device,hpmicro::hpm53m1in,型号,hpmicro:selector:hpm5300,https://www.hpmicro.com/product-center/microcontroller/hpm5300/5300-selection-table,selection column:型号,"""HPM53M1IN""",2026-08-14T07:54:09+00:00,manufacturer_product_page
device,hpmicro::hpm5361icb,内核类型,hpmicro:selector:hpm5300,https://www.hpmicro.com/product-center/microcontroller/hpm5300/5300-selection-table,selection column:内核类型,"""单核 32 位 RISC-V 处理器""",2026-08-14T07:54:09+00:00,manufacturer_product_page
device,hpmicro::hpm5361icb,最高主频（MHz）,hpmicro:selector:hpm5300,https://www.hpmicro.com/product-center/microcontroller/hpm5300/5300-selection-table,selection column:最高主频（MHz）,"""480""",2026-08-14T07:54:09+00:00,manufacturer_product_page
device,hpmicro::hpm5361icb,Flash (MB),hpmicro:selector:hpm5300,https://www.hpmicro.com/product-center/microcontroller/hpm5300/5300-selection-table,selection column:Flash (MB),"""1""",2026-08-14T07:54:09+00:00,manufacturer_product_page
device,hpmicro::hpm5361icb,SRAM,hpmicro:selector:hpm5300,https://www.hpmicro.com/product-center/microcontroller/hpm5300/5300-selection-table,selection column:SRAM,"""288KB""",2026-08-14T07:54:09+00:00,manufacturer_product_page
device,hpmicro::hpm5361icb,电源输入（V）,hpmicro:selector:hpm5300,https://www.hpmicro.com/product-center/microcontroller/hpm5300/5300-selection-table,selection column:电源输入（V）,"""3~3.6V""",2026-08-14T07:54:09+00:00,manufacturer_product_page
device,hpmicro::hpm5361icb,图形编解码器,hpmicro:selector:hpm5300,https://www.hpmicro.com/product-center/microcontroller/hpm5300/5300-selection-table,selection column:图形编解码器,"""/""",2026-08-14T07:54:09+00:00,manufacturer_product_page
device,hpmicro::hpm5361icb,图形加速,hpmicro:selector:hpm5300,https://www.hpmicro.com/product-center/microcontroller/hpm5300/5300-selection-table,selection column:图形加速,"""/""",2026-08-14T07:54:09+00:00,manufacturer_product_page
device,hpmicro::hpm5361icb,LCD,hpmicro:selector:hpm5300,https://www.hpmicro.com/product-center/microcontroller/hpm5300/5300-selection-table,selection column:LCD,"""/""",2026-08-14T07:54:09+00:00,manufacturer_product_page
device,hpmicro::hpm5361icb,摄像头接口（DVP）,hpmicro:selector:hpm5300,https://www.hpmicro.com/product-center/microcontroller/hpm5300/5300-selection-table,selection column:摄像头接口（DVP）,"""/""",2026-08-14T07:54:09+00:00,manufacturer_product_page
device,hpmicro::hpm5361icb,I²S,hpmicro:selector:hpm5300,https://www.hpmicro.com/product-center/microcontroller/hpm5300/5300-selection-table,selection column:I²S,"""/""",2026-08-14T07:54:09+00:00,manufacturer_product_page
device,hpmicro::hpm5361icb,数字音频输出,hpmicro:selector:hpm5300,https://www.hpmicro.com/product-center/microcontroller/hpm5300/5300-selection-table,selection column:数字音频输出,"""/""",2026-08-14T07:54:09+00:00,manufacturer_product_page
device,hpmicro::hpm5361icb,DDR,hpmicro:selector:hpm5300,https://www.hpmicro.com/product-center/microcontroller/hpm5300/5300-selection-table,selection column:DDR,"""/""",2026-08-14T07:54:09+00:00,manufacturer_product_page
device,hpmicro::hpm5361icb,SDRAM,hpmicro:selector:hpm5300,https://www.hpmicro.com/product-center/microcontroller/hpm5300/5300-selection-table,selection column:SDRAM,"""/""",2026-08-14T07:54:09+00:00,manufacturer_product_page
device,hpmicro::hpm5361icb,SD/eMMC （*63系列无eMMC）,hpmicro:selector:hpm5300,https://www.hpmicro.com/product-center/microcontroller/hpm5300/5300-selection-table,selection column:SD/eMMC （*63系列无eMMC）,"""/""",2026-08-14T07:54:09+00:00,manufacturer_product_page
device,hpmicro::hpm5361icb,XPI,hpmicro:selector:hpm5300,https://www.hpmicro.com/product-center/microcontroller/hpm5300/5300-selection-table,selection column:XPI,"""1""",2026-08-14T07:54:09+00:00,manufacturer_product_page
device,hpmicro::hpm5361icb,以太网,hpmicro:selector:hpm5300,https://www.hpmicro.com/product-center/microcontroller/hpm5300/5300-selection-table,selection column:以太网,"""/""",2026-08-14T07:54:09+00:00,manufacturer_product_page
device,hpmicro::hpm5361icb,CAN,hpmicro:selector:hpm5300,https://www.hpmicro.com/product-center/microcontroller/hpm5300/5300-selection-table,selection column:CAN,"""CAN FD x 4""",2026-08-14T07:54:09+00:00,manufacturer_product_page
device,hpmicro::hpm5361icb,USB,hpmicro:selector:hpm5300,https://www.hpmicro.com/product-center/microcontroller/hpm5300/5300-selection-table,selection column:USB,"""USB HS w/ PHY ×1""",2026-08-14T07:54:09+00:00,manufacturer_product_page
device,hpmicro::hpm5361icb,SPI,hpmicro:selector:hpm5300,https://www.hpmicro.com/product-center/microcontroller/hpm5300/5300-selection-table,selection column:SPI,"""4""",2026-08-14T07:54:09+00:00,manufacturer_product_page
device,hpmicro::hpm5361icb,I²C,hpmicro:selector:hpm5300,https://www.hpmicro.com/product-center/microcontroller/hpm5300/5300-selection-table,selection column:I²C,"""4""",2026-08-14T07:54:09+00:00,manufacturer_product_page
device,hpmicro::hpm5361icb,UART,hpmicro:selector:hpm5300,https://www.hpmicro.com/product-center/microcontroller/hpm5300/5300-selection-table,selection column:UART,"""9""",2026-08-14T07:54:09+00:00,manufacturer_product_page
device,hpmicro::hpm5361icb,Crypto 安全算法,hpmicro:selector:hpm5300,https://www.hpmicro.com/product-center/microcontroller/hpm5300/5300-selection-table,selection column:Crypto 安全算法,"""AES128/256, SHA-1/256""",2026-08-14T07:54:09+00:00,manufacturer_product_page
device,hpmicro::hpm5361icb,PDM数字麦克风,hpmicro:selector:hpm5300,https://www.hpmicro.com/product-center/microcontroller/hpm5300/5300-selection-table,selection column:PDM数字麦克风,"""/""",2026-08-14T07:54:09+00:00,manufacturer_product_page
device,hpmicro::hpm5361icb,安全特性,hpmicro:selector:hpm5300,https://www.hpmicro.com/product-center/microcontroller/hpm5300/5300-selection-table,selection column:安全特性,"""安全启动,JTAG 保护,实时代码加密执行""",2026-08-14T07:54:09+00:00,manufacturer_product_page
device,hpmicro::hpm5361icb,功能安全,hpmicro:selector:hpm5300,https://www.hpmicro.com/product-center/microcontroller/hpm5300/5300-selection-table,selection column:功能安全,"""/""",2026-08-14T07:54:09+00:00,manufacturer_product_page
device,hpmicro::hpm5361icb,电机控制,hpmicro:selector:hpm5300,https://www.hpmicro.com/product-center/microcontroller/hpm5300/5300-selection-table,selection column:电机控制,"""2×8通道PWM，2xQEIv2，2xQEO，2xSEI，2xMMC""",2026-08-14T07:54:09+00:00,manufacturer_product_page
device,hpmicro::hpm5361icb,RTC,hpmicro:selector:hpm5300,https://www.hpmicro.com/product-center/microcontroller/hpm5300/5300-selection-table,selection column:RTC,"""/""",2026-08-14T07:54:09+00:00,manufacturer_product_page
device,hpmicro::hpm5361icb,GPTimer,hpmicro:selector:hpm5300,https://www.hpmicro.com/product-center/microcontroller/hpm5300/5300-selection-table,selection column:GPTimer,"""5×32 位""",2026-08-14T07:54:09+00:00,manufacturer_product_page
device,hpmicro::hpm5361icb,WDG,hpmicro:selector:hpm5300,https://www.hpmicro.com/product-center/microcontroller/hpm5300/5300-selection-table,selection column:WDG,"""3""",2026-08-14T07:54:09+00:00,manufacturer_product_page
device,hpmicro::hpm5361icb,ADC 12bit,hpmicro:selector:hpm5300,https://www.hpmicro.com/product-center/microcontroller/hpm5300/5300-selection-table,selection column:ADC 12bit,"""/""",2026-08-14T07:54:09+00:00,manufacturer_product_page
device,hpmicro::hpm5361icb,ADC 16bit,hpmicro:selector:hpm5300,https://www.hpmicro.com/product-center/microcontroller/hpm5300/5300-selection-table,selection column:ADC 16bit,"""2""",2026-08-14T07:54:09+00:00,manufacturer_product_page
device,hpmicro::hpm5361icb,DAC 12bit,hpmicro:selector:hpm5300,https://www.hpmicro.com/product-center/microcontroller/hpm5300/5300-selection-table,selection column:DAC 12bit,"""2 x 12bit DAC""",2026-08-14T07:54:09+00:00,manufacturer_product_page
device,hpmicro::hpm5361icb,比较器,hpmicro:selector:hpm5300,https://www.hpmicro.com/product-center/microcontroller/hpm5300/5300-selection-table,selection column:比较器,"""2""",2026-08-14T07:54:09+00:00,manufacturer_product_page
device,hpmicro::hpm5361icb,运算放大器,hpmicro:selector:hpm5300,https://www.hpmicro.com/product-center/microcontroller/hpm5300/5300-selection-table,selection column:运算放大器,"""2""",2026-08-14T07:54:09+00:00,manufacturer_product_page
device,hpmicro::hpm5361icb,封装形式,hpmicro:selector:hpm5300,https://www.hpmicro.com/product-center/microcontroller/hpm5300/5300-selection-table,selection column:封装形式,"""14×14 100LQFP P0.5""",2026-08-14T07:54:09+00:00,manufacturer_product_page
device,hpmicro::hpm5361icb,脚间距（mm),hpmicro:selector:hpm5300,https://www.hpmicro.com/product-center/microcontroller/hpm5300/5300-selection-table,selection column:脚间距（mm),"""0.5""",2026-08-14T07:54:09+00:00,manufacturer_product_page
device,hpmicro::hpm5361icb,温度范围,hpmicro:selector:hpm5300,https://www.hpmicro.com/product-center/microcontroller/hpm5300/5300-selection-table,selection column:温度范围,"""−40 ∼ 125°C Tj / −40 ∼ 105°C Ta""",2026-08-14T07:54:09+00:00,manufacturer_product_page
device,hpmicro::hpm5361icb,型号,hpmicro:selector:hpm5300,https://www.hpmicro.com/product-center/microcontroller/hpm5300/5300-selection-table,selection column:型号,"""HPM5361ICB""",2026-08-14T07:54:09+00:00,manufacturer_product_page
device,hpmicro::hpm5361icf,内核类型,hpmicro:selector:hpm5300,https://www.hpmicro.com/product-center/microcontroller/hpm5300/5300-selection-table,selection column:内核类型,"""单核 32 位 RISC-V 处理器""",2026-08-14T07:54:09+00:00,manufacturer_product_page
device,hpmicro::hpm5361icf,最高主频（MHz）,hpmicro:selector:hpm5300,https://www.hpmicro.com/product-center/microcontroller/hpm5300/5300-selection-table,selection column:最高主频（MHz）,"""480""",2026-08-14T07:54:09+00:00,manufacturer_product_page
device,hpmicro::hpm5361icf,Flash (MB),hpmicro:selector:hpm5300,https://www.hpmicro.com/product-center/microcontroller/hpm5300/5300-selection-table,selection column:Flash (MB),"""1""",2026-08-14T07:54:09+00:00,manufacturer_product_page
device,hpmicro::hpm5361icf,SRAM,hpmicro:selector:hpm5300,https://www.hpmicro.com/product-center/microcontroller/hpm5300/5300-selection-table,selection column:SRAM,"""288KB""",2026-08-14T07:54:09+00:00,manufacturer_product_page
device,hpmicro::hpm5361icf,电源输入（V）,hpmicro:selector:hpm5300,https://www.hpmicro.com/product-center/microcontroller/hpm5300/5300-selection-table,selection column:电源输入（V）,"""3~3.6V""",2026-08-14T07:54:09+00:00,manufacturer_product_page
device,hpmicro::hpm5361icf,图形编解码器,hpmicro:selector:hpm5300,https://www.hpmicro.com/product-center/microcontroller/hpm5300/5300-selection-table,selection column:图形编解码器,"""/""",2026-08-14T07:54:09+00:00,manufacturer_product_page
device,hpmicro::hpm5361icf,图形加速,hpmicro:selector:hpm5300,https://www.hpmicro.com/product-center/microcontroller/hpm5300/5300-selection-table,selection column:图形加速,"""/""",2026-08-14T07:54:09+00:00,manufacturer_product_page
device,hpmicro::hpm5361icf,LCD,hpmicro:selector:hpm5300,https://www.hpmicro.com/product-center/microcontroller/hpm5300/5300-selection-table,selection column:LCD,"""/""",2026-08-14T07:54:09+00:00,manufacturer_product_page
device,hpmicro::hpm5361icf,摄像头接口（DVP）,hpmicro:selector:hpm5300,https://www.hpmicro.com/product-center/microcontroller/hpm5300/5300-selection-table,selection column:摄像头接口（DVP）,"""/""",2026-08-14T07:54:09+00:00,manufacturer_product_page
device,hpmicro::hpm5361icf,I²S,hpmicro:selector:hpm5300,https://www.hpmicro.com/product-center/microcontroller/hpm5300/5300-selection-table,selection column:I²S,"""/""",2026-08-14T07:54:09+00:00,manufacturer_product_page
device,hpmicro::hpm5361icf,数字音频输出,hpmicro:selector:hpm5300,https://www.hpmicro.com/product-center/microcontroller/hpm5300/5300-selection-table,selection column:数字音频输出,"""/""",2026-08-14T07:54:09+00:00,manufacturer_product_page
device,hpmicro::hpm5361icf,DDR,hpmicro:selector:hpm5300,https://www.hpmicro.com/product-center/microcontroller/hpm5300/5300-selection-table,selection column:DDR,"""/""",2026-08-14T07:54:09+00:00,manufacturer_product_page
device,hpmicro::hpm5361icf,SDRAM,hpmicro:selector:hpm5300,https://www.hpmicro.com/product-center/microcontroller/hpm5300/5300-selection-table,selection column:SDRAM,"""/""",2026-08-14T07:54:09+00:00,manufacturer_product_page
device,hpmicro::hpm5361icf,SD/eMMC （*63系列无eMMC）,hpmicro:selector:hpm5300,https://www.hpmicro.com/product-center/microcontroller/hpm5300/5300-selection-table,selection column:SD/eMMC （*63系列无eMMC）,"""/""",2026-08-14T07:54:09+00:00,manufacturer_product_page
device,hpmicro::hpm5361icf,XPI,hpmicro:selector:hpm5300,https://www.hpmicro.com/product-center/microcontroller/hpm5300/5300-selection-table,selection column:XPI,"""1""",2026-08-14T07:54:09+00:00,manufacturer_product_page
device,hpmicro::hpm5361icf,以太网,hpmicro:selector:hpm5300,https://www.hpmicro.com/product-center/microcontroller/hpm5300/5300-selection-table,selection column:以太网,"""/""",2026-08-14T07:54:09+00:00,manufacturer_product_page
device,hpmicro::hpm5361icf,CAN,hpmicro:selector:hpm5300,https://www.hpmicro.com/product-center/microcontroller/hpm5300/5300-selection-table,selection column:CAN,"""CAN FD x 4""",2026-08-14T07:54:09+00:00,manufacturer_product_page
device,hpmicro::hpm5361icf,USB,hpmicro:selector:hpm5300,https://www.hpmicro.com/product-center/microcontroller/hpm5300/5300-selection-table,selection column:USB,"""USB HS w/ PHY ×1""",2026-08-14T07:54:09+00:00,manufacturer_product_page
device,hpmicro::hpm5361icf,SPI,hpmicro:selector:hpm5300,https://www.hpmicro.com/product-center/microcontroller/hpm5300/5300-selection-table,selection column:SPI,"""4""",2026-08-14T07:54:09+00:00,manufacturer_product_page
device,hpmicro::hpm5361icf,I²C,hpmicro:selector:hpm5300,https://www.hpmicro.com/product-center/microcontroller/hpm5300/5300-selection-table,selection column:I²C,"""4""",2026-08-14T07:54:09+00:00,manufacturer_product_page
device,hpmicro::hpm5361icf,UART,hpmicro:selector:hpm5300,https://www.hpmicro.com/product-center/microcontroller/hpm5300/5300-selection-table,selection column:UART,"""9""",2026-08-14T07:54:09+00:00,manufacturer_product_page
device,hpmicro::hpm5361icf,Crypto 安全算法,hpmicro:selector:hpm5300,https://www.hpmicro.com/product-center/microcontroller/hpm5300/5300-selection-table,selection column:Crypto 安全算法,"""AES128/256, SHA-1/256""",2026-08-14T07:54:09+00:00,manufacturer_product_page
device,hpmicro::hpm5361icf,PDM数字麦克风,hpmicro:selector:hpm5300,https://www.hpmicro.com/product-center/microcontroller/hpm5300/5300-selection-table,selection column:PDM数字麦克风,"""/""",2026-08-14T07:54:09+00:00,manufacturer_product_page
device,hpmicro::hpm5361icf,安全特性,hpmicro:selector:hpm5300,https://www.hpmicro.com/product-center/microcontroller/hpm5300/5300-selection-table,selection column:安全特性,"""安全启动,JTAG 保护,实时代码加密执行""",2026-08-14T07:54:09+00:00,manufacturer_product_page
device,hpmicro::hpm5361icf,功能安全,hpmicro:selector:hpm5300,https://www.hpmicro.com/product-center/microcontroller/hpm5300/5300-selection-table,selection column:功能安全,"""/""",2026-08-14T07:54:09+00:00,manufacturer_product_page
device,hpmicro::hpm5361icf,电机控制,hpmicro:selector:hpm5300,https://www.hpmicro.com/product-center/microcontroller/hpm5300/5300-selection-table,selection column:电机控制,"""2×8通道PWM，2xQEIv2，2xQEO，2xSEI，2xMMC""",2026-08-14T07:54:09+00:00,manufacturer_product_page
device,hpmicro::hpm5361icf,RTC,hpmicro:selector:hpm5300,https://www.hpmicro.com/product-center/microcontroller/hpm5300/5300-selection-table,selection column:RTC,"""/""",2026-08-14T07:54:09+00:00,manufacturer_product_page
device,hpmicro::hpm5361icf,GPTimer,hpmicro:selector:hpm5300,https://www.hpmicro.com/product-center/microcontroller/hpm5300/5300-selection-table,selection column:GPTimer,"""5×32 位""",2026-08-14T07:54:09+00:00,manufacturer_product_page
device,hpmicro::hpm5361icf,WDG,hpmicro:selector:hpm5300,https://www.hpmicro.com/product-center/microcontroller/hpm5300/5300-selection-table,selection column:WDG,"""3""",2026-08-14T07:54:09+00:00,manufacturer_product_page
device,hpmicro::hpm5361icf,ADC 12bit,hpmicro:selector:hpm5300,https://www.hpmicro.com/product-center/microcontroller/hpm5300/5300-selection-table,selection column:ADC 12bit,"""/""",2026-08-14T07:54:09+00:00,manufacturer_product_page
device,hpmicro::hpm5361icf,ADC 16bit,hpmicro:selector:hpm5300,https://www.hpmicro.com/product-center/microcontroller/hpm5300/5300-selection-table,selection column:ADC 16bit,"""2""",2026-08-14T07:54:09+00:00,manufacturer_product_page
device,hpmicro::hpm5361icf,DAC 12bit,hpmicro:selector:hpm5300,https://www.hpmicro.com/product-center/microcontroller/hpm5300/5300-selection-table,selection column:DAC 12bit,"""2 x 12bit DAC""",2026-08-14T07:54:09+00:00,manufacturer_product_page
device,hpmicro::hpm5361icf,比较器,hpmicro:selector:hpm5300,https://www.hpmicro.com/product-center/microcontroller/hpm5300/5300-selection-table,selection column:比较器,"""2""",2026-08-14T07:54:09+00:00,manufacturer_product_page
device,hpmicro::hpm5361icf,运算放大器,hpmicro:selector:hpm5300,https://www.hpmicro.com/product-center/microcontroller/hpm5300/5300-selection-table,selection column:运算放大器,"""2""",2026-08-14T07:54:09+00:00,manufacturer_product_page
device,hpmicro::hpm5361icf,封装形式,hpmicro:selector:hpm5300,https://www.hpmicro.com/product-center/microcontroller/hpm5300/5300-selection-table,selection column:封装形式,"""10×10 64LQFP P0.5""",2026-08-14T07:54:09+00:00,manufacturer_product_page
device,hpmicro::hpm5361icf,脚间距（mm),hpmicro:selector:hpm5300,https://www.hpmicro.com/product-center/microcontroller/hpm5300/5300-selection-table,selection column:脚间距（mm),"""0.5""",2026-08-14T07:54:09+00:00,manufacturer_product_page
device,hpmicro::hpm5361icf,温度范围,hpmicro:selector:hpm5300,https://www.hpmicro.com/product-center/microcontroller/hpm5300/5300-selection-table,selection column:温度范围,"""−40 ∼ 125°C Tj / −40 ∼ 105°C Ta""",2026-08-14T07:54:09+00:00,manufacturer_product_page
device,hpmicro::hpm5361icf,型号,hpmicro:selector:hpm5300,https://www.hpmicro.com/product-center/microcontroller/hpm5300/5300-selection-table,selection column:型号,"""HPM5361ICF""",2026-08-14T07:54:09+00:00,manufacturer_product_page
device,hpmicro::hpm5361ieg,内核类型,hpmicro:selector:hpm5300,https://www.hpmicro.com/product-center/microcontroller/hpm5300/5300-selection-table,selection column:内核类型,"""单核 32 位 RISC-V 处理器""",2026-08-14T07:54:09+00:00,manufacturer_product_page
device,hpmicro::hpm5361ieg,最高主频（MHz）,hpmicro:selector:hpm5300,https://www.hpmicro.com/product-center/microcontroller/hpm5300/5300-selection-table,selection column:最高主频（MHz）,"""480""",2026-08-14T07:54:09+00:00,manufacturer_product_page
device,hpmicro::hpm5361ieg,Flash (MB),hpmicro:selector:hpm5300,https://www.hpmicro.com/product-center/microcontroller/hpm5300/5300-selection-table,selection column:Flash (MB),"""1""",2026-08-14T07:54:09+00:00,manufacturer_product_page
device,hpmicro::hpm5361ieg,SRAM,hpmicro:selector:hpm5300,https://www.hpmicro.com/product-center/microcontroller/hpm5300/5300-selection-table,selection column:SRAM,"""288KB""",2026-08-14T07:54:09+00:00,manufacturer_product_page
device,hpmicro::hpm5361ieg,电源输入（V）,hpmicro:selector:hpm5300,https://www.hpmicro.com/product-center/microcontroller/hpm5300/5300-selection-table,selection column:电源输入（V）,"""3~3.6V""",2026-08-14T07:54:09+00:00,manufacturer_product_page
device,hpmicro::hpm5361ieg,图形编解码器,hpmicro:selector:hpm5300,https://www.hpmicro.com/product-center/microcontroller/hpm5300/5300-selection-table,selection column:图形编解码器,"""/""",2026-08-14T07:54:09+00:00,manufacturer_product_page
device,hpmicro::hpm5361ieg,图形加速,hpmicro:selector:hpm5300,https://www.hpmicro.com/product-center/microcontroller/hpm5300/5300-selection-table,selection column:图形加速,"""/""",2026-08-14T07:54:09+00:00,manufacturer_product_page
device,hpmicro::hpm5361ieg,LCD,hpmicro:selector:hpm5300,https://www.hpmicro.com/product-center/microcontroller/hpm5300/5300-selection-table,selection column:LCD,"""/""",2026-08-14T07:54:09+00:00,manufacturer_product_page
device,hpmicro::hpm5361ieg,摄像头接口（DVP）,hpmicro:selector:hpm5300,https://www.hpmicro.com/product-center/microcontroller/hpm5300/5300-selection-table,selection column:摄像头接口（DVP）,"""/""",2026-08-14T07:54:09+00:00,manufacturer_product_page
device,hpmicro::hpm5361ieg,I²S,hpmicro:selector:hpm5300,https://www.hpmicro.com/product-center/microcontroller/hpm5300/5300-selection-table,selection column:I²S,"""/""",2026-08-14T07:54:09+00:00,manufacturer_product_page
device,hpmicro::hpm5361ieg,数字音频输出,hpmicro:selector:hpm5300,https://www.hpmicro.com/product-center/microcontroller/hpm5300/5300-selection-table,selection column:数字音频输出,"""/""",2026-08-14T07:54:09+00:00,manufacturer_product_page
device,hpmicro::hpm5361ieg,DDR,hpmicro:selector:hpm5300,https://www.hpmicro.com/product-center/microcontroller/hpm5300/5300-selection-table,selection column:DDR,"""/""",2026-08-14T07:54:09+00:00,manufacturer_product_page
device,hpmicro::hpm5361ieg,SDRAM,hpmicro:selector:hpm5300,https://www.hpmicro.com/product-center/microcontroller/hpm5300/5300-selection-table,selection column:SDRAM,"""/""",2026-08-14T07:54:09+00:00,manufacturer_product_page
device,hpmicro::hpm5361ieg,SD/eMMC （*63系列无eMMC）,hpmicro:selector:hpm5300,https://www.hpmicro.com/product-center/microcontroller/hpm5300/5300-selection-table,selection column:SD/eMMC （*63系列无eMMC）,"""/""",2026-08-14T07:54:09+00:00,manufacturer_product_page
device,hpmicro::hpm5361ieg,XPI,hpmicro:selector:hpm5300,https://www.hpmicro.com/product-center/microcontroller/hpm5300/5300-selection-table,selection column:XPI,"""1""",2026-08-14T07:54:09+00:00,manufacturer_product_page
device,hpmicro::hpm5361ieg,以太网,hpmicro:selector:hpm5300,https://www.hpmicro.com/product-center/microcontroller/hpm5300/5300-selection-table,selection column:以太网,"""/""",2026-08-14T07:54:09+00:00,manufacturer_product_page
device,hpmicro::hpm5361ieg,CAN,hpmicro:selector:hpm5300,https://www.hpmicro.com/product-center/microcontroller/hpm5300/5300-selection-table,selection column:CAN,"""CAN FD x 4""",2026-08-14T07:54:09+00:00,manufacturer_product_page
device,hpmicro::hpm5361ieg,USB,hpmicro:selector:hpm5300,https://www.hpmicro.com/product-center/microcontroller/hpm5300/5300-selection-table,selection column:USB,"""USB HS w/ PHY ×1""",2026-08-14T07:54:09+00:00,manufacturer_product_page
device,hpmicro::hpm5361ieg,SPI,hpmicro:selector:hpm5300,https://www.hpmicro.com/product-center/microcontroller/hpm5300/5300-selection-table,selection column:SPI,"""4""",2026-08-14T07:54:09+00:00,manufacturer_product_page
device,hpmicro::hpm5361ieg,I²C,hpmicro:selector:hpm5300,https://www.hpmicro.com/product-center/microcontroller/hpm5300/5300-selection-table,selection column:I²C,"""4""",2026-08-14T07:54:09+00:00,manufacturer_product_page
device,hpmicro::hpm5361ieg,UART,hpmicro:selector:hpm5300,https://www.hpmicro.com/product-center/microcontroller/hpm5300/5300-selection-table,selection column:UART,"""9""",2026-08-14T07:54:09+00:00,manufacturer_product_page
device,hpmicro::hpm5361ieg,Crypto 安全算法,hpmicro:selector:hpm5300,https://www.hpmicro.com/product-center/microcontroller/hpm5300/5300-selection-table,selection column:Crypto 安全算法,"""AES128/256, SHA-1/256""",2026-08-14T07:54:09+00:00,manufacturer_product_page
device,hpmicro::hpm5361ieg,PDM数字麦克风,hpmicro:selector:hpm5300,https://www.hpmicro.com/product-center/microcontroller/hpm5300/5300-selection-table,selection column:PDM数字麦克风,"""/""",2026-08-14T07:54:09+00:00,manufacturer_product_page
device,hpmicro::hpm5361ieg,安全特性,hpmicro:selector:hpm5300,https://www.hpmicro.com/product-center/microcontroller/hpm5300/5300-selection-table,selection column:安全特性,"""安全启动,JTAG 保护,实时代码加密执行""",2026-08-14T07:54:09+00:00,manufacturer_product_page
device,hpmicro::hpm5361ieg,功能安全,hpmicro:selector:hpm5300,https://www.hpmicro.com/product-center/microcontroller/hpm5300/5300-selection-table,selection column:功能安全,"""/""",2026-08-14T07:54:09+00:00,manufacturer_product_page
device,hpmicro::hpm5361ieg,电机控制,hpmicro:selector:hpm5300,https://www.hpmicro.com/product-center/microcontroller/hpm5300/5300-selection-table,selection column:电机控制,"""2×8通道PWM，2xQEIv2，2xQEO，2xSEI，2xMMC""",2026-08-14T07:54:09+00:00,manufacturer_product_page
device,hpmicro::hpm5361ieg,RTC,hpmicro:selector:hpm5300,https://www.hpmicro.com/product-center/microcontroller/hpm5300/5300-selection-table,selection column:RTC,"""/""",2026-08-14T07:54:09+00:00,manufacturer_product_page
device,hpmicro::hpm5361ieg,GPTimer,hpmicro:selector:hpm5300,https://www.hpmicro.com/product-center/microcontroller/hpm5300/5300-selection-table,selection column:GPTimer,"""5×32 位""",2026-08-14T07:54:09+00:00,manufacturer_product_page
device,hpmicro::hpm5361ieg,WDG,hpmicro:selector:hpm5300,https://www.hpmicro.com/product-center/microcontroller/hpm5300/5300-selection-table,selection column:WDG,"""3""",2026-08-14T07:54:09+00:00,manufacturer_product_page
device,hpmicro::hpm5361ieg,ADC 12bit,hpmicro:selector:hpm5300,https://www.hpmicro.com/product-center/microcontroller/hpm5300/5300-selection-table,selection column:ADC 12bit,"""/""",2026-08-14T07:54:09+00:00,manufacturer_product_page
device,hpmicro::hpm5361ieg,ADC 16bit,hpmicro:selector:hpm5300,https://www.hpmicro.com/product-center/microcontroller/hpm5300/5300-selection-table,selection column:ADC 16bit,"""2""",2026-08-14T07:54:09+00:00,manufacturer_product_page
device,hpmicro::hpm5361ieg,DAC 12bit,hpmicro:selector:hpm5300,https://www.hpmicro.com/product-center/microcontroller/hpm5300/5300-selection-table,selection column:DAC 12bit,"""2 x 12bit DAC""",2026-08-14T07:54:09+00:00,manufacturer_product_page
device,hpmicro::hpm5361ieg,比较器,hpmicro:selector:hpm5300,https://www.hpmicro.com/product-center/microcontroller/hpm5300/5300-selection-table,selection column:比较器,"""2""",2026-08-14T07:54:09+00:00,manufacturer_product_page
device,hpmicro::hpm5361ieg,运算放大器,hpmicro:selector:hpm5300,https://www.hpmicro.com/product-center/microcontroller/hpm5300/5300-selection-table,selection column:运算放大器,"""2""",2026-08-14T07:54:09+00:00,manufacturer_product_page
device,hpmicro::hpm5361ieg,封装形式,hpmicro:selector:hpm5300,https://www.hpmicro.com/product-center/microcontroller/hpm5300/5300-selection-table,selection column:封装形式,"""6×6 48QFN P0.4""",2026-08-14T07:54:09+00:00,manufacturer_product_page
device,hpmicro::hpm5361ieg,脚间距（mm),hpmicro:selector:hpm5300,https://www.hpmicro.com/product-center/microcontroller/hpm5300/5300-selection-table,selection column:脚间距（mm),"""0.5""",2026-08-14T07:54:09+00:00,manufacturer_product_page
device,hpmicro::hpm5361ieg,温度范围,hpmicro:selector:hpm5300,https://www.hpmicro.com/product-center/microcontroller/hpm5300/5300-selection-table,selection column:温度范围,"""−40 ∼ 125°C Tj / −40 ∼ 105°C Ta""",2026-08-14T07:54:09+00:00,manufacturer_product_page
device,hpmicro::hpm5361ieg,型号,hpmicro:selector:hpm5300,https://www.hpmicro.com/product-center/microcontroller/hpm5300/5300-selection-table,selection column:型号,"""HPM5361IEG""",2026-08-14T07:54:09+00:00,manufacturer_product_page
device,hpmicro::hpm5331icb,内核类型,hpmicro:selector:hpm5300,https://www.hpmicro.com/product-center/microcontroller/hpm5300/5300-selection-table,selection column:内核类型,"""单核 32 位 RISC-V 处理器""",2026-08-14T07:54:09+00:00,manufacturer_product_page
device,hpmicro::hpm5331icb,最高主频（MHz）,hpmicro:selector:hpm5300,https://www.hpmicro.com/product-center/microcontroller/hpm5300/5300-selection-table,selection column:最高主频（MHz）,"""480""",2026-08-14T07:54:09+00:00,manufacturer_product_page
device,hpmicro::hpm5331icb,Flash (MB),hpmicro:selector:hpm5300,https://www.hpmicro.com/product-center/microcontroller/hpm5300/5300-selection-table,selection column:Flash (MB),"""1""",2026-08-14T07:54:09+00:00,manufacturer_product_page
device,hpmicro::hpm5331icb,SRAM,hpmicro:selector:hpm5300,https://www.hpmicro.com/product-center/microcontroller/hpm5300/5300-selection-table,selection column:SRAM,"""288KB""",2026-08-14T07:54:09+00:00,manufacturer_product_page
device,hpmicro::hpm5331icb,电源输入（V）,hpmicro:selector:hpm5300,https://www.hpmicro.com/product-center/microcontroller/hpm5300/5300-selection-table,selection column:电源输入（V）,"""3~3.6V""",2026-08-14T07:54:09+00:00,manufacturer_product_page
device,hpmicro::hpm5331icb,图形编解码器,hpmicro:selector:hpm5300,https://www.hpmicro.com/product-center/microcontroller/hpm5300/5300-selection-table,selection column:图形编解码器,"""/""",2026-08-14T07:54:09+00:00,manufacturer_product_page
device,hpmicro::hpm5331icb,图形加速,hpmicro:selector:hpm5300,https://www.hpmicro.com/product-center/microcontroller/hpm5300/5300-selection-table,selection column:图形加速,"""/""",2026-08-14T07:54:09+00:00,manufacturer_product_page
device,hpmicro::hpm5331icb,LCD,hpmicro:selector:hpm5300,https://www.hpmicro.com/product-center/microcontroller/hpm5300/5300-selection-table,selection column:LCD,"""/""",2026-08-14T07:54:09+00:00,manufacturer_product_page
device,hpmicro::hpm5331icb,摄像头接口（DVP）,hpmicro:selector:hpm5300,https://www.hpmicro.com/product-center/microcontroller/hpm5300/5300-selection-table,selection column:摄像头接口（DVP）,"""/""",2026-08-14T07:54:09+00:00,manufacturer_product_page
device,hpmicro::hpm5331icb,I²S,hpmicro:selector:hpm5300,https://www.hpmicro.com/product-center/microcontroller/hpm5300/5300-selection-table,selection column:I²S,"""/""",2026-08-14T07:54:09+00:00,manufacturer_product_page
device,hpmicro::hpm5331icb,数字音频输出,hpmicro:selector:hpm5300,https://www.hpmicro.com/product-center/microcontroller/hpm5300/5300-selection-table,selection column:数字音频输出,"""/""",2026-08-14T07:54:09+00:00,manufacturer_product_page
device,hpmicro::hpm5331icb,DDR,hpmicro:selector:hpm5300,https://www.hpmicro.com/product-center/microcontroller/hpm5300/5300-selection-table,selection column:DDR,"""/""",2026-08-14T07:54:09+00:00,manufacturer_product_page
device,hpmicro::hpm5331icb,SDRAM,hpmicro:selector:hpm5300,https://www.hpmicro.com/product-center/microcontroller/hpm5300/5300-selection-table,selection column:SDRAM,"""/""",2026-08-14T07:54:09+00:00,manufacturer_product_page
device,hpmicro::hpm5331icb,SD/eMMC （*63系列无eMMC）,hpmicro:selector:hpm5300,https://www.hpmicro.com/product-center/microcontroller/hpm5300/5300-selection-table,selection column:SD/eMMC （*63系列无eMMC）,"""/""",2026-08-14T07:54:09+00:00,manufacturer_product_page
device,hpmicro::hpm5331icb,XPI,hpmicro:selector:hpm5300,https://www.hpmicro.com/product-center/microcontroller/hpm5300/5300-selection-table,selection column:XPI,"""1""",2026-08-14T07:54:09+00:00,manufacturer_product_page
device,hpmicro::hpm5331icb,以太网,hpmicro:selector:hpm5300,https://www.hpmicro.com/product-center/microcontroller/hpm5300/5300-selection-table,selection column:以太网,"""/""",2026-08-14T07:54:09+00:00,manufacturer_product_page
device,hpmicro::hpm5331icb,CAN,hpmicro:selector:hpm5300,https://www.hpmicro.com/product-center/microcontroller/hpm5300/5300-selection-table,selection column:CAN,"""/""",2026-08-14T07:54:09+00:00,manufacturer_product_page
device,hpmicro::hpm5331icb,USB,hpmicro:selector:hpm5300,https://www.hpmicro.com/product-center/microcontroller/hpm5300/5300-selection-table,selection column:USB,"""USB HS w/ PHY ×1""",2026-08-14T07:54:09+00:00,manufacturer_product_page
device,hpmicro::hpm5331icb,SPI,hpmicro:selector:hpm5300,https://www.hpmicro.com/product-center/microcontroller/hpm5300/5300-selection-table,selection column:SPI,"""4""",2026-08-14T07:54:09+00:00,manufacturer_product_page
device,hpmicro::hpm5331icb,I²C,hpmicro:selector:hpm5300,https://www.hpmicro.com/product-center/microcontroller/hpm5300/5300-selection-table,selection column:I²C,"""4""",2026-08-14T07:54:09+00:00,manufacturer_product_page
device,hpmicro::hpm5331icb,UART,hpmicro:selector:hpm5300,https://www.hpmicro.com/product-center/microcontroller/hpm5300/5300-selection-table,selection column:UART,"""5""",2026-08-14T07:54:09+00:00,manufacturer_product_page
device,hpmicro::hpm5331icb,Crypto 安全算法,hpmicro:selector:hpm5300,https://www.hpmicro.com/product-center/microcontroller/hpm5300/5300-selection-table,selection column:Crypto 安全算法,"""AES128/256, SHA-1/256""",2026-08-14T07:54:09+00:00,manufacturer_product_page
device,hpmicro::hpm5331icb,PDM数字麦克风,hpmicro:selector:hpm5300,https://www.hpmicro.com/product-center/microcontroller/hpm5300/5300-selection-table,selection column:PDM数字麦克风,"""/""",2026-08-14T07:54:09+00:00,manufacturer_product_page
device,hpmicro::hpm5331icb,安全特性,hpmicro:selector:hpm5300,https://www.hpmicro.com/product-center/microcontroller/hpm5300/5300-selection-table,selection column:安全特性,"""安全启动,JTAG 保护,实时代码加密执行""",2026-08-14T07:54:09+00:00,manufacturer_product_page
device,hpmicro::hpm5331icb,功能安全,hpmicro:selector:hpm5300,https://www.hpmicro.com/product-center/microcontroller/hpm5300/5300-selection-table,selection column:功能安全,"""/""",2026-08-14T07:54:09+00:00,manufacturer_product_page
device,hpmicro::hpm5331icb,电机控制,hpmicro:selector:hpm5300,https://www.hpmicro.com/product-center/microcontroller/hpm5300/5300-selection-table,selection column:电机控制,"""2×8通道PWM，2xQEIv2，2xQEO，2xSEI，2xMMC""",2026-08-14T07:54:09+00:00,manufacturer_product_page
device,hpmicro::hpm5331icb,RTC,hpmicro:selector:hpm5300,https://www.hpmicro.com/product-center/microcontroller/hpm5300/5300-selection-table,selection column:RTC,"""/""",2026-08-14T07:54:09+00:00,manufacturer_product_page
device,hpmicro::hpm5331icb,GPTimer,hpmicro:selector:hpm5300,https://www.hpmicro.com/product-center/microcontroller/hpm5300/5300-selection-table,selection column:GPTimer,"""5×32 位""",2026-08-14T07:54:09+00:00,manufacturer_product_page
device,hpmicro::hpm5331icb,WDG,hpmicro:selector:hpm5300,https://www.hpmicro.com/product-center/microcontroller/hpm5300/5300-selection-table,selection column:WDG,"""3""",2026-08-14T07:54:09+00:00,manufacturer_product_page
device,hpmicro::hpm5331icb,ADC 12bit,hpmicro:selector:hpm5300,https://www.hpmicro.com/product-center/microcontroller/hpm5300/5300-selection-table,selection column:ADC 12bit,"""/""",2026-08-14T07:54:09+00:00,manufacturer_product_page
device,hpmicro::hpm5331icb,ADC 16bit,hpmicro:selector:hpm5300,https://www.hpmicro.com/product-center/microcontroller/hpm5300/5300-selection-table,selection column:ADC 16bit,"""2""",2026-08-14T07:54:09+00:00,manufacturer_product_page
device,hpmicro::hpm5331icb,DAC 12bit,hpmicro:selector:hpm5300,https://www.hpmicro.com/product-center/microcontroller/hpm5300/5300-selection-table,selection column:DAC 12bit,"""2 x 12bit DAC""",2026-08-14T07:54:09+00:00,manufacturer_product_page
device,hpmicro::hpm5331icb,比较器,hpmicro:selector:hpm5300,https://www.hpmicro.com/product-center/microcontroller/hpm5300/5300-selection-table,selection column:比较器,"""2""",2026-08-14T07:54:09+00:00,manufacturer_product_page
device,hpmicro::hpm5331icb,运算放大器,hpmicro:selector:hpm5300,https://www.hpmicro.com/product-center/microcontroller/hpm5300/5300-selection-table,selection column:运算放大器,"""2""",2026-08-14T07:54:09+00:00,manufacturer_product_page
device,hpmicro::hpm5331icb,封装形式,hpmicro:selector:hpm5300,https://www.hpmicro.com/product-center/microcontroller/hpm5300/5300-selection-table,selection column:封装形式,"""14×14 100LQFP P0.5""",2026-08-14T07:54:09+00:00,manufacturer_product_page
device,hpmicro::hpm5331icb,脚间距（mm),hpmicro:selector:hpm5300,https://www.hpmicro.com/product-center/microcontroller/hpm5300/5300-selection-table,selection column:脚间距（mm),"""0.5""",2026-08-14T07:54:09+00:00,manufacturer_product_page
device,hpmicro::hpm5331icb,温度范围,hpmicro:selector:hpm5300,https://www.hpmicro.com/product-center/microcontroller/hpm5300/5300-selection-table,selection column:温度范围,"""−40 ∼ 125°C Tj / −40 ∼ 105°C Ta""",2026-08-14T07:54:09+00:00,manufacturer_product_page
device,hpmicro::hpm5331icb,型号,hpmicro:selector:hpm5300,https://www.hpmicro.com/product-center/microcontroller/hpm5300/5300-selection-table,selection column:型号,"""HPM5331ICB""",2026-08-14T07:54:09+00:00,manufacturer_product_page
device,hpmicro::hpm5331icf,内核类型,hpmicro:selector:hpm5300,https://www.hpmicro.com/product-center/microcontroller/hpm5300/5300-selection-table,selection column:内核类型,"""单核 32 位 RISC-V 处理器""",2026-08-14T07:54:09+00:00,manufacturer_product_page
device,hpmicro::hpm5331icf,最高主频（MHz）,hpmicro:selector:hpm5300,https://www.hpmicro.com/product-center/microcontroller/hpm5300/5300-selection-table,selection column:最高主频（MHz）,"""480""",2026-08-14T07:54:09+00:00,manufacturer_product_page
device,hpmicro::hpm5331icf,Flash (MB),hpmicro:selector:hpm5300,https://www.hpmicro.com/product-center/microcontroller/hpm5300/5300-selection-table,selection column:Flash (MB),"""1""",2026-08-14T07:54:09+00:00,manufacturer_product_page
device,hpmicro::hpm5331icf,SRAM,hpmicro:selector:hpm5300,https://www.hpmicro.com/product-center/microcontroller/hpm5300/5300-selection-table,selection column:SRAM,"""288KB""",2026-08-14T07:54:09+00:00,manufacturer_product_page
device,hpmicro::hpm5331icf,电源输入（V）,hpmicro:selector:hpm5300,https://www.hpmicro.com/product-center/microcontroller/hpm5300/5300-selection-table,selection column:电源输入（V）,"""3~3.6V""",2026-08-14T07:54:09+00:00,manufacturer_product_page
device,hpmicro::hpm5331icf,图形编解码器,hpmicro:selector:hpm5300,https://www.hpmicro.com/product-center/microcontroller/hpm5300/5300-selection-table,selection column:图形编解码器,"""/""",2026-08-14T07:54:09+00:00,manufacturer_product_page
device,hpmicro::hpm5331icf,图形加速,hpmicro:selector:hpm5300,https://www.hpmicro.com/product-center/microcontroller/hpm5300/5300-selection-table,selection column:图形加速,"""/""",2026-08-14T07:54:09+00:00,manufacturer_product_page
device,hpmicro::hpm5331icf,LCD,hpmicro:selector:hpm5300,https://www.hpmicro.com/product-center/microcontroller/hpm5300/5300-selection-table,selection column:LCD,"""/""",2026-08-14T07:54:09+00:00,manufacturer_product_page
device,hpmicro::hpm5331icf,摄像头接口（DVP）,hpmicro:selector:hpm5300,https://www.hpmicro.com/product-center/microcontroller/hpm5300/5300-selection-table,selection column:摄像头接口（DVP）,"""/""",2026-08-14T07:54:09+00:00,manufacturer_product_page
device,hpmicro::hpm5331icf,I²S,hpmicro:selector:hpm5300,https://www.hpmicro.com/product-center/microcontroller/hpm5300/5300-selection-table,selection column:I²S,"""/""",2026-08-14T07:54:09+00:00,manufacturer_product_page
device,hpmicro::hpm5331icf,数字音频输出,hpmicro:selector:hpm5300,https://www.hpmicro.com/product-center/microcontroller/hpm5300/5300-selection-table,selection column:数字音频输出,"""/""",2026-08-14T07:54:09+00:00,manufacturer_product_page
device,hpmicro::hpm5331icf,DDR,hpmicro:selector:hpm5300,https://www.hpmicro.com/product-center/microcontroller/hpm5300/5300-selection-table,selection column:DDR,"""/""",2026-08-14T07:54:09+00:00,manufacturer_product_page
device,hpmicro::hpm5331icf,SDRAM,hpmicro:selector:hpm5300,https://www.hpmicro.com/product-center/microcontroller/hpm5300/5300-selection-table,selection column:SDRAM,"""/""",2026-08-14T07:54:09+00:00,manufacturer_product_page
device,hpmicro::hpm5331icf,SD/eMMC （*63系列无eMMC）,hpmicro:selector:hpm5300,https://www.hpmicro.com/product-center/microcontroller/hpm5300/5300-selection-table,selection column:SD/eMMC （*63系列无eMMC）,"""/""",2026-08-14T07:54:09+00:00,manufacturer_product_page
device,hpmicro::hpm5331icf,XPI,hpmicro:selector:hpm5300,https://www.hpmicro.com/product-center/microcontroller/hpm5300/5300-selection-table,selection column:XPI,"""1""",2026-08-14T07:54:09+00:00,manufacturer_product_page
device,hpmicro::hpm5331icf,以太网,hpmicro:selector:hpm5300,https://www.hpmicro.com/product-center/microcontroller/hpm5300/5300-selection-table,selection column:以太网,"""/""",2026-08-14T07:54:09+00:00,manufacturer_product_page
device,hpmicro::hpm5331icf,CAN,hpmicro:selector:hpm5300,https://www.hpmicro.com/product-center/microcontroller/hpm5300/5300-selection-table,selection column:CAN,"""/""",2026-08-14T07:54:09+00:00,manufacturer_product_page
device,hpmicro::hpm5331icf,USB,hpmicro:selector:hpm5300,https://www.hpmicro.com/product-center/microcontroller/hpm5300/5300-selection-table,selection column:USB,"""USB HS w/ PHY ×1""",2026-08-14T07:54:09+00:00,manufacturer_product_page
device,hpmicro::hpm5331icf,SPI,hpmicro:selector:hpm5300,https://www.hpmicro.com/product-center/microcontroller/hpm5300/5300-selection-table,selection column:SPI,"""4""",2026-08-14T07:54:09+00:00,manufacturer_product_page
device,hpmicro::hpm5331icf,I²C,hpmicro:selector:hpm5300,https://www.hpmicro.com/product-center/microcontroller/hpm5300/5300-selection-table,selection column:I²C,"""4""",2026-08-14T07:54:09+00:00,manufacturer_product_page
device,hpmicro::hpm5331icf,UART,hpmicro:selector:hpm5300,https://www.hpmicro.com/product-center/microcontroller/hpm5300/5300-selection-table,selection column:UART,"""5""",2026-08-14T07:54:09+00:00,manufacturer_product_page
device,hpmicro::hpm5331icf,Crypto 安全算法,hpmicro:selector:hpm5300,https://www.hpmicro.com/product-center/microcontroller/hpm5300/5300-selection-table,selection column:Crypto 安全算法,"""AES128/256, SHA-1/256""",2026-08-14T07:54:09+00:00,manufacturer_product_page
device,hpmicro::hpm5331icf,PDM数字麦克风,hpmicro:selector:hpm5300,https://www.hpmicro.com/product-center/microcontroller/hpm5300/5300-selection-table,selection column:PDM数字麦克风,"""/""",2026-08-14T07:54:09+00:00,manufacturer_product_page
device,hpmicro::hpm5331icf,安全特性,hpmicro:selector:hpm5300,https://www.hpmicro.com/product-center/microcontroller/hpm5300/5300-selection-table,selection column:安全特性,"""安全启动,JTAG 保护,实时代码加密执行""",2026-08-14T07:54:09+00:00,manufacturer_product_page
device,hpmicro::hpm5331icf,功能安全,hpmicro:selector:hpm5300,https://www.hpmicro.com/product-center/microcontroller/hpm5300/5300-selection-table,selection column:功能安全,"""/""",2026-08-14T07:54:09+00:00,manufacturer_product_page
device,hpmicro::hpm5331icf,电机控制,hpmicro:selector:hpm5300,https://www.hpmicro.com/product-center/microcontroller/hpm5300/5300-selection-table,selection column:电机控制,"""2×8通道PWM，2xQEIv2，2xQEO，2xSEI，2xMMC""",2026-08-14T07:54:09+00:00,manufacturer_product_page
device,hpmicro::hpm5331icf,RTC,hpmicro:selector:hpm5300,https://www.hpmicro.com/product-center/microcontroller/hpm5300/5300-selection-table,selection column:RTC,"""/""",2026-08-14T07:54:09+00:00,manufacturer_product_page
device,hpmicro::hpm5331icf,GPTimer,hpmicro:selector:hpm5300,https://www.hpmicro.com/product-center/microcontroller/hpm5300/5300-selection-table,selection column:GPTimer,"""5×32 位""",2026-08-14T07:54:09+00:00,manufacturer_product_page
device,hpmicro::hpm5331icf,WDG,hpmicro:selector:hpm5300,https://www.hpmicro.com/product-center/microcontroller/hpm5300/5300-selection-table,selection column:WDG,"""3""",2026-08-14T07:54:09+00:00,manufacturer_product_page
device,hpmicro::hpm5331icf,ADC 12bit,hpmicro:selector:hpm5300,https://www.hpmicro.com/product-center/microcontroller/hpm5300/5300-selection-table,selection column:ADC 12bit,"""/""",2026-08-14T07:54:09+00:00,manufacturer_product_page
device,hpmicro::hpm5331icf,ADC 16bit,hpmicro:selector:hpm5300,https://www.hpmicro.com/product-center/microcontroller/hpm5300/5300-selection-table,selection column:ADC 16bit,"""2""",2026-08-14T07:54:09+00:00,manufacturer_product_page
device,hpmicro::hpm5331icf,DAC 12bit,hpmicro:selector:hpm5300,https://www.hpmicro.com/product-center/microcontroller/hpm5300/5300-selection-table,selection column:DAC 12bit,"""2 x 12bit DAC""",2026-08-14T07:54:09+00:00,manufacturer_product_page
device,hpmicro::hpm5331icf,比较器,hpmicro:selector:hpm5300,https://www.hpmicro.com/product-center/microcontroller/hpm5300/5300-selection-table,selection column:比较器,"""2""",2026-08-14T07:54:09+00:00,manufacturer_product_page
device,hpmicro::hpm5331icf,运算放大器,hpmicro:selector:hpm5300,https://www.hpmicro.com/product-center/microcontroller/hpm5300/5300-selection-table,selection column:运算放大器,"""2""",2026-08-14T07:54:09+00:00,manufacturer_product_page
device,hpmicro::hpm5331icf,封装形式,hpmicro:selector:hpm5300,https://www.hpmicro.com/product-center/microcontroller/hpm5300/5300-selection-table,selection column:封装形式,"""10×10 64LQFP P0.5""",2026-08-14T07:54:09+00:00,manufacturer_product_page
device,hpmicro::hpm5331icf,脚间距（mm),hpmicro:selector:hpm5300,https://www.hpmicro.com/product-center/microcontroller/hpm5300/5300-selection-table,selection column:脚间距（mm),"""0.5""",2026-08-14T07:54:09+00:00,manufacturer_product_page
device,hpmicro::hpm5331icf,温度范围,hpmicro:selector:hpm5300,https://www.hpmicro.com/product-center/microcontroller/hpm5300/5300-selection-table,selection column:温度范围,"""−40 ∼ 125°C Tj / −40 ∼ 105°C Ta""",2026-08-14T07:54:09+00:00,manufacturer_product_page
device,hpmicro::hpm5331icf,型号,hpmicro:selector:hpm5300,https://www.hpmicro.com/product-center/microcontroller/hpm5300/5300-selection-table,selection column:型号,"""HPM5331ICF""",2026-08-14T07:54:09+00:00,manufacturer_product_page
device,hpmicro::hpm5331ieg,内核类型,hpmicro:selector:hpm5300,https://www.hpmicro.com/product-center/microcontroller/hpm5300/5300-selection-table,selection column:内核类型,"""单核 32 位 RISC-V 处理器""",2026-08-14T07:54:09+00:00,manufacturer_product_page
device,hpmicro::hpm5331ieg,最高主频（MHz）,hpmicro:selector:hpm5300,https://www.hpmicro.com/product-center/microcontroller/hpm5300/5300-selection-table,selection column:最高主频（MHz）,"""480""",2026-08-14T07:54:09+00:00,manufacturer_product_page
device,hpmicro::hpm5331ieg,Flash (MB),hpmicro:selector:hpm5300,https://www.hpmicro.com/product-center/microcontroller/hpm5300/5300-selection-table,selection column:Flash (MB),"""1""",2026-08-14T07:54:09+00:00,manufacturer_product_page
device,hpmicro::hpm5331ieg,SRAM,hpmicro:selector:hpm5300,https://www.hpmicro.com/product-center/microcontroller/hpm5300/5300-selection-table,selection column:SRAM,"""288KB""",2026-08-14T07:54:09+00:00,manufacturer_product_page
device,hpmicro::hpm5331ieg,电源输入（V）,hpmicro:selector:hpm5300,https://www.hpmicro.com/product-center/microcontroller/hpm5300/5300-selection-table,selection column:电源输入（V）,"""3~3.6V""",2026-08-14T07:54:09+00:00,manufacturer_product_page
device,hpmicro::hpm5331ieg,图形编解码器,hpmicro:selector:hpm5300,https://www.hpmicro.com/product-center/microcontroller/hpm5300/5300-selection-table,selection column:图形编解码器,"""/""",2026-08-14T07:54:09+00:00,manufacturer_product_page
device,hpmicro::hpm5331ieg,图形加速,hpmicro:selector:hpm5300,https://www.hpmicro.com/product-center/microcontroller/hpm5300/5300-selection-table,selection column:图形加速,"""/""",2026-08-14T07:54:09+00:00,manufacturer_product_page
device,hpmicro::hpm5331ieg,LCD,hpmicro:selector:hpm5300,https://www.hpmicro.com/product-center/microcontroller/hpm5300/5300-selection-table,selection column:LCD,"""/""",2026-08-14T07:54:09+00:00,manufacturer_product_page
device,hpmicro::hpm5331ieg,摄像头接口（DVP）,hpmicro:selector:hpm5300,https://www.hpmicro.com/product-center/microcontroller/hpm5300/5300-selection-table,selection column:摄像头接口（DVP）,"""/""",2026-08-14T07:54:09+00:00,manufacturer_product_page
device,hpmicro::hpm5331ieg,I²S,hpmicro:selector:hpm5300,https://www.hpmicro.com/product-center/microcontroller/hpm5300/5300-selection-table,selection column:I²S,"""/""",2026-08-14T07:54:09+00:00,manufacturer_product_page
device,hpmicro::hpm5331ieg,数字音频输出,hpmicro:selector:hpm5300,https://www.hpmicro.com/product-center/microcontroller/hpm5300/5300-selection-table,selection column:数字音频输出,"""/""",2026-08-14T07:54:09+00:00,manufacturer_product_page
device,hpmicro::hpm5331ieg,DDR,hpmicro:selector:hpm5300,https://www.hpmicro.com/product-center/microcontroller/hpm5300/5300-selection-table,selection column:DDR,"""/""",2026-08-14T07:54:09+00:00,manufacturer_product_page
device,hpmicro::hpm5331ieg,SDRAM,hpmicro:selector:hpm5300,https://www.hpmicro.com/product-center/microcontroller/hpm5300/5300-selection-table,selection column:SDRAM,"""/""",2026-08-14T07:54:09+00:00,manufacturer_product_page
device,hpmicro::hpm5331ieg,SD/eMMC （*63系列无eMMC）,hpmicro:selector:hpm5300,https://www.hpmicro.com/product-center/microcontroller/hpm5300/5300-selection-table,selection column:SD/eMMC （*63系列无eMMC）,"""/""",2026-08-14T07:54:09+00:00,manufacturer_product_page
device,hpmicro::hpm5331ieg,XPI,hpmicro:selector:hpm5300,https://www.hpmicro.com/product-center/microcontroller/hpm5300/5300-selection-table,selection column:XPI,"""1""",2026-08-14T07:54:09+00:00,manufacturer_product_page
device,hpmicro::hpm5331ieg,以太网,hpmicro:selector:hpm5300,https://www.hpmicro.com/product-center/microcontroller/hpm5300/5300-selection-table,selection column:以太网,"""/""",2026-08-14T07:54:09+00:00,manufacturer_product_page
device,hpmicro::hpm5331ieg,CAN,hpmicro:selector:hpm5300,https://www.hpmicro.com/product-center/microcontroller/hpm5300/5300-selection-table,selection column:CAN,"""/""",2026-08-14T07:54:09+00:00,manufacturer_product_page
device,hpmicro::hpm5331ieg,USB,hpmicro:selector:hpm5300,https://www.hpmicro.com/product-center/microcontroller/hpm5300/5300-selection-table,selection column:USB,"""USB HS w/ PHY ×1""",2026-08-14T07:54:09+00:00,manufacturer_product_page
device,hpmicro::hpm5331ieg,SPI,hpmicro:selector:hpm5300,https://www.hpmicro.com/product-center/microcontroller/hpm5300/5300-selection-table,selection column:SPI,"""4""",2026-08-14T07:54:09+00:00,manufacturer_product_page
device,hpmicro::hpm5331ieg,I²C,hpmicro:selector:hpm5300,https://www.hpmicro.com/product-center/microcontroller/hpm5300/5300-selection-table,selection column:I²C,"""4""",2026-08-14T07:54:09+00:00,manufacturer_product_page
device,hpmicro::hpm5331ieg,UART,hpmicro:selector:hpm5300,https://www.hpmicro.com/product-center/microcontroller/hpm5300/5300-selection-table,selection column:UART,"""5""",2026-08-14T07:54:09+00:00,manufacturer_product_page
device,hpmicro::hpm5331ieg,Crypto 安全算法,hpmicro:selector:hpm5300,https://www.hpmicro.com/product-center/microcontroller/hpm5300/5300-selection-table,selection column:Crypto 安全算法,"""AES128/256, SHA-1/256""",2026-08-14T07:54:09+00:00,manufacturer_product_page
device,hpmicro::hpm5331ieg,PDM数字麦克风,hpmicro:selector:hpm5300,https://www.hpmicro.com/product-center/microcontroller/hpm5300/5300-selection-table,selection column:PDM数字麦克风,"""/""",2026-08-14T07:54:09+00:00,manufacturer_product_page
device,hpmicro::hpm5331ieg,安全特性,hpmicro:selector:hpm5300,https://www.hpmicro.com/product-center/microcontroller/hpm5300/5300-selection-table,selection column:安全特性,"""安全启动,JTAG 保护,实时代码加密执行""",2026-08-14T07:54:09+00:00,manufacturer_product_page
device,hpmicro::hpm5331ieg,功能安全,hpmicro:selector:hpm5300,https://www.hpmicro.com/product-center/microcontroller/hpm5300/5300-selection-table,selection column:功能安全,"""/""",2026-08-14T07:54:09+00:00,manufacturer_product_page
device,hpmicro::hpm5331ieg,电机控制,hpmicro:selector:hpm5300,https://www.hpmicro.com/product-center/microcontroller/hpm5300/5300-selection-table,selection column:电机控制,"""2×8通道PWM，2xQEIv2，2xQEO，2xSEI，2xMMC""",2026-08-14T07:54:09+00:00,manufacturer_product_page
device,hpmicro::hpm5331ieg,RTC,hpmicro:selector:hpm5300,https://www.hpmicro.com/product-center/microcontroller/hpm5300/5300-selection-table,selection column:RTC,"""/""",2026-08-14T07:54:09+00:00,manufacturer_product_page
device,hpmicro::hpm5331ieg,GPTimer,hpmicro:selector:hpm5300,https://www.hpmicro.com/product-center/microcontroller/hpm5300/5300-selection-table,selection column:GPTimer,"""5×32 位""",2026-08-14T07:54:09+00:00,manufacturer_product_page
device,hpmicro::hpm5331ieg,WDG,hpmicro:selector:hpm5300,https://www.hpmicro.com/product-center/microcontroller/hpm5300/5300-selection-table,selection column:WDG,"""3""",2026-08-14T07:54:09+00:00,manufacturer_product_page
device,hpmicro::hpm5331ieg,ADC 12bit,hpmicro:selector:hpm5300,https://www.hpmicro.com/product-center/microcontroller/hpm5300/5300-selection-table,selection column:ADC 12bit,"""/""",2026-08-14T07:54:09+00:00,manufacturer_product_page
device,hpmicro::hpm5331ieg,ADC 16bit,hpmicro:selector:hpm5300,https://www.hpmicro.com/product-center/microcontroller/hpm5300/5300-selection-table,selection column:ADC 16bit,"""2""",2026-08-14T07:54:09+00:00,manufacturer_product_page
device,hpmicro::hpm5331ieg,DAC 12bit,hpmicro:selector:hpm5300,https://www.hpmicro.com/product-center/microcontroller/hpm5300/5300-selection-table,selection column:DAC 12bit,"""2 x 12bit DAC""",2026-08-14T07:54:09+00:00,manufacturer_product_page
device,hpmicro::hpm5331ieg,比较器,hpmicro:selector:hpm5300,https://www.hpmicro.com/product-center/microcontroller/hpm5300/5300-selection-table,selection column:比较器,"""2""",2026-08-14T07:54:09+00:00,manufacturer_product_page
device,hpmicro::hpm5331ieg,运算放大器,hpmicro:selector:hpm5300,https://www.hpmicro.com/product-center/microcontroller/hpm5300/5300-selection-table,selection column:运算放大器,"""2""",2026-08-14T07:54:09+00:00,manufacturer_product_page
device,hpmicro::hpm5331ieg,封装形式,hpmicro:selector:hpm5300,https://www.hpmicro.com/product-center/microcontroller/hpm5300/5300-selection-table,selection column:封装形式,"""6×6 48QFN P0.4""",2026-08-14T07:54:09+00:00,manufacturer_product_page
device,hpmicro::hpm5331ieg,脚间距（mm),hpmicro:selector:hpm5300,https://www.hpmicro.com/product-center/microcontroller/hpm5300/5300-selection-table,selection column:脚间距（mm),"""0.5""",2026-08-14T07:54:09+00:00,manufacturer_product_page
device,hpmicro::hpm5331ieg,温度范围,hpmicro:selector:hpm5300,https://www.hpmicro.com/product-center/microcontroller/hpm5300/5300-selection-table,selection column:温度范围,"""−40 ∼ 125°C Tj / −40 ∼ 105°C Ta""",2026-08-14T07:54:09+00:00,manufacturer_product_page
device,hpmicro::hpm5331ieg,型号,hpmicro:selector:hpm5300,https://www.hpmicro.com/product-center/microcontroller/hpm5300/5300-selection-table,selection column:型号,"""HPM5331IEG""",2026-08-14T07:54:09+00:00,manufacturer_product_page
device,hpmicro::hpm5321icb,内核类型,hpmicro:selector:hpm5300,https://www.hpmicro.com/product-center/microcontroller/hpm5300/5300-selection-table,selection column:内核类型,"""单核 32 位 RISC-V 处理器""",2026-08-14T07:54:09+00:00,manufacturer_product_page
device,hpmicro::hpm5321icb,最高主频（MHz）,hpmicro:selector:hpm5300,https://www.hpmicro.com/product-center/microcontroller/hpm5300/5300-selection-table,selection column:最高主频（MHz）,"""480""",2026-08-14T07:54:09+00:00,manufacturer_product_page
device,hpmicro::hpm5321icb,Flash (MB),hpmicro:selector:hpm5300,https://www.hpmicro.com/product-center/microcontroller/hpm5300/5300-selection-table,selection column:Flash (MB),"""1""",2026-08-14T07:54:09+00:00,manufacturer_product_page
device,hpmicro::hpm5321icb,SRAM,hpmicro:selector:hpm5300,https://www.hpmicro.com/product-center/microcontroller/hpm5300/5300-selection-table,selection column:SRAM,"""288KB""",2026-08-14T07:54:09+00:00,manufacturer_product_page
device,hpmicro::hpm5321icb,电源输入（V）,hpmicro:selector:hpm5300,https://www.hpmicro.com/product-center/microcontroller/hpm5300/5300-selection-table,selection column:电源输入（V）,"""3~3.6V""",2026-08-14T07:54:09+00:00,manufacturer_product_page
device,hpmicro::hpm5321icb,图形编解码器,hpmicro:selector:hpm5300,https://www.hpmicro.com/product-center/microcontroller/hpm5300/5300-selection-table,selection column:图形编解码器,"""/""",2026-08-14T07:54:09+00:00,manufacturer_product_page
device,hpmicro::hpm5321icb,图形加速,hpmicro:selector:hpm5300,https://www.hpmicro.com/product-center/microcontroller/hpm5300/5300-selection-table,selection column:图形加速,"""/""",2026-08-14T07:54:09+00:00,manufacturer_product_page
device,hpmicro::hpm5321icb,LCD,hpmicro:selector:hpm5300,https://www.hpmicro.com/product-center/microcontroller/hpm5300/5300-selection-table,selection column:LCD,"""/""",2026-08-14T07:54:09+00:00,manufacturer_product_page
device,hpmicro::hpm5321icb,摄像头接口（DVP）,hpmicro:selector:hpm5300,https://www.hpmicro.com/product-center/microcontroller/hpm5300/5300-selection-table,selection column:摄像头接口（DVP）,"""/""",2026-08-14T07:54:09+00:00,manufacturer_product_page
device,hpmicro::hpm5321icb,I²S,hpmicro:selector:hpm5300,https://www.hpmicro.com/product-center/microcontroller/hpm5300/5300-selection-table,selection column:I²S,"""/""",2026-08-14T07:54:09+00:00,manufacturer_product_page
device,hpmicro::hpm5321icb,数字音频输出,hpmicro:selector:hpm5300,https://www.hpmicro.com/product-center/microcontroller/hpm5300/5300-selection-table,selection column:数字音频输出,"""/""",2026-08-14T07:54:09+00:00,manufacturer_product_page
device,hpmicro::hpm5321icb,DDR,hpmicro:selector:hpm5300,https://www.hpmicro.com/product-center/microcontroller/hpm5300/5300-selection-table,selection column:DDR,"""/""",2026-08-14T07:54:09+00:00,manufacturer_product_page
device,hpmicro::hpm5321icb,SDRAM,hpmicro:selector:hpm5300,https://www.hpmicro.com/product-center/microcontroller/hpm5300/5300-selection-table,selection column:SDRAM,"""/""",2026-08-14T07:54:09+00:00,manufacturer_product_page
device,hpmicro::hpm5321icb,SD/eMMC （*63系列无eMMC）,hpmicro:selector:hpm5300,https://www.hpmicro.com/product-center/microcontroller/hpm5300/5300-selection-table,selection column:SD/eMMC （*63系列无eMMC）,"""/""",2026-08-14T07:54:09+00:00,manufacturer_product_page
device,hpmicro::hpm5321icb,XPI,hpmicro:selector:hpm5300,https://www.hpmicro.com/product-center/microcontroller/hpm5300/5300-selection-table,selection column:XPI,"""1""",2026-08-14T07:54:09+00:00,manufacturer_product_page
device,hpmicro::hpm5321icb,以太网,hpmicro:selector:hpm5300,https://www.hpmicro.com/product-center/microcontroller/hpm5300/5300-selection-table,selection column:以太网,"""/""",2026-08-14T07:54:09+00:00,manufacturer_product_page
device,hpmicro::hpm5321icb,CAN,hpmicro:selector:hpm5300,https://www.hpmicro.com/product-center/microcontroller/hpm5300/5300-selection-table,selection column:CAN,"""CAN FD x 4""",2026-08-14T07:54:09+00:00,manufacturer_product_page
device,hpmicro::hpm5321icb,USB,hpmicro:selector:hpm5300,https://www.hpmicro.com/product-center/microcontroller/hpm5300/5300-selection-table,selection column:USB,"""USB HS w/ PHY ×1""",2026-08-14T07:54:09+00:00,manufacturer_product_page
device,hpmicro::hpm5321icb,SPI,hpmicro:selector:hpm5300,https://www.hpmicro.com/product-center/microcontroller/hpm5300/5300-selection-table,selection column:SPI,"""4""",2026-08-14T07:54:09+00:00,manufacturer_product_page
device,hpmicro::hpm5321icb,I²C,hpmicro:selector:hpm5300,https://www.hpmicro.com/product-center/microcontroller/hpm5300/5300-selection-table,selection column:I²C,"""4""",2026-08-14T07:54:09+00:00,manufacturer_product_page
device,hpmicro::hpm5321icb,UART,hpmicro:selector:hpm5300,https://www.hpmicro.com/product-center/microcontroller/hpm5300/5300-selection-table,selection column:UART,"""9""",2026-08-14T07:54:09+00:00,manufacturer_product_page
device,hpmicro::hpm5321icb,Crypto 安全算法,hpmicro:selector:hpm5300,https://www.hpmicro.com/product-center/microcontroller/hpm5300/5300-selection-table,selection column:Crypto 安全算法,"""AES128/256, SHA-1/256""",2026-08-14T07:54:09+00:00,manufacturer_product_page
device,hpmicro::hpm5321icb,PDM数字麦克风,hpmicro:selector:hpm5300,https://www.hpmicro.com/product-center/microcontroller/hpm5300/5300-selection-table,selection column:PDM数字麦克风,"""/""",2026-08-14T07:54:09+00:00,manufacturer_product_page
device,hpmicro::hpm5321icb,安全特性,hpmicro:selector:hpm5300,https://www.hpmicro.com/product-center/microcontroller/hpm5300/5300-selection-table,selection column:安全特性,"""安全启动,JTAG 保护,实时代码加密执行""",2026-08-14T07:54:09+00:00,manufacturer_product_page
device,hpmicro::hpm5321icb,功能安全,hpmicro:selector:hpm5300,https://www.hpmicro.com/product-center/microcontroller/hpm5300/5300-selection-table,selection column:功能安全,"""/""",2026-08-14T07:54:09+00:00,manufacturer_product_page
device,hpmicro::hpm5321icb,电机控制,hpmicro:selector:hpm5300,https://www.hpmicro.com/product-center/microcontroller/hpm5300/5300-selection-table,selection column:电机控制,"""/""",2026-08-14T07:54:09+00:00,manufacturer_product_page
device,hpmicro::hpm5321icb,RTC,hpmicro:selector:hpm5300,https://www.hpmicro.com/product-center/microcontroller/hpm5300/5300-selection-table,selection column:RTC,"""/""",2026-08-14T07:54:09+00:00,manufacturer_product_page
device,hpmicro::hpm5321icb,GPTimer,hpmicro:selector:hpm5300,https://www.hpmicro.com/product-center/microcontroller/hpm5300/5300-selection-table,selection column:GPTimer,"""5×32 位""",2026-08-14T07:54:09+00:00,manufacturer_product_page
device,hpmicro::hpm5321icb,WDG,hpmicro:selector:hpm5300,https://www.hpmicro.com/product-center/microcontroller/hpm5300/5300-selection-table,selection column:WDG,"""3""",2026-08-14T07:54:09+00:00,manufacturer_product_page
device,hpmicro::hpm5321icb,ADC 12bit,hpmicro:selector:hpm5300,https://www.hpmicro.com/product-center/microcontroller/hpm5300/5300-selection-table,selection column:ADC 12bit,"""/""",2026-08-14T07:54:09+00:00,manufacturer_product_page
device,hpmicro::hpm5321icb,ADC 16bit,hpmicro:selector:hpm5300,https://www.hpmicro.com/product-center/microcontroller/hpm5300/5300-selection-table,selection column:ADC 16bit,"""2""",2026-08-14T07:54:09+00:00,manufacturer_product_page
device,hpmicro::hpm5321icb,DAC 12bit,hpmicro:selector:hpm5300,https://www.hpmicro.com/product-center/microcontroller/hpm5300/5300-selection-table,selection column:DAC 12bit,"""/""",2026-08-14T07:54:09+00:00,manufacturer_product_page
device,hpmicro::hpm5321icb,比较器,hpmicro:selector:hpm5300,https://www.hpmicro.com/product-center/microcontroller/hpm5300/5300-selection-table,selection column:比较器,"""2""",2026-08-14T07:54:09+00:00,manufacturer_product_page
device,hpmicro::hpm5321icb,运算放大器,hpmicro:selector:hpm5300,https://www.hpmicro.com/product-center/microcontroller/hpm5300/5300-selection-table,selection column:运算放大器,"""/""",2026-08-14T07:54:09+00:00,manufacturer_product_page
device,hpmicro::hpm5321icb,封装形式,hpmicro:selector:hpm5300,https://www.hpmicro.com/product-center/microcontroller/hpm5300/5300-selection-table,selection column:封装形式,"""14×14 100LQFP P0.5""",2026-08-14T07:54:09+00:00,manufacturer_product_page
device,hpmicro::hpm5321icb,脚间距（mm),hpmicro:selector:hpm5300,https://www.hpmicro.com/product-center/microcontroller/hpm5300/5300-selection-table,selection column:脚间距（mm),"""0.4""",2026-08-14T07:54:09+00:00,manufacturer_product_page
device,hpmicro::hpm5321icb,温度范围,hpmicro:selector:hpm5300,https://www.hpmicro.com/product-center/microcontroller/hpm5300/5300-selection-table,selection column:温度范围,"""−40 ∼ 125°C Tj / −40 ∼ 105°C Ta""",2026-08-14T07:54:09+00:00,manufacturer_product_page
device,hpmicro::hpm5321icb,型号,hpmicro:selector:hpm5300,https://www.hpmicro.com/product-center/microcontroller/hpm5300/5300-selection-table,selection column:型号,"""HPM5321ICB""",2026-08-14T07:54:09+00:00,manufacturer_product_page
device,hpmicro::hpm5321icf,内核类型,hpmicro:selector:hpm5300,https://www.hpmicro.com/product-center/microcontroller/hpm5300/5300-selection-table,selection column:内核类型,"""单核 32 位 RISC-V 处理器""",2026-08-14T07:54:09+00:00,manufacturer_product_page
device,hpmicro::hpm5321icf,最高主频（MHz）,hpmicro:selector:hpm5300,https://www.hpmicro.com/product-center/microcontroller/hpm5300/5300-selection-table,selection column:最高主频（MHz）,"""480""",2026-08-14T07:54:09+00:00,manufacturer_product_page
device,hpmicro::hpm5321icf,Flash (MB),hpmicro:selector:hpm5300,https://www.hpmicro.com/product-center/microcontroller/hpm5300/5300-selection-table,selection column:Flash (MB),"""1""",2026-08-14T07:54:09+00:00,manufacturer_product_page
device,hpmicro::hpm5321icf,SRAM,hpmicro:selector:hpm5300,https://www.hpmicro.com/product-center/microcontroller/hpm5300/5300-selection-table,selection column:SRAM,"""288KB""",2026-08-14T07:54:09+00:00,manufacturer_product_page
device,hpmicro::hpm5321icf,电源输入（V）,hpmicro:selector:hpm5300,https://www.hpmicro.com/product-center/microcontroller/hpm5300/5300-selection-table,selection column:电源输入（V）,"""3~3.6V""",2026-08-14T07:54:09+00:00,manufacturer_product_page
device,hpmicro::hpm5321icf,图形编解码器,hpmicro:selector:hpm5300,https://www.hpmicro.com/product-center/microcontroller/hpm5300/5300-selection-table,selection column:图形编解码器,"""/""",2026-08-14T07:54:09+00:00,manufacturer_product_page
device,hpmicro::hpm5321icf,图形加速,hpmicro:selector:hpm5300,https://www.hpmicro.com/product-center/microcontroller/hpm5300/5300-selection-table,selection column:图形加速,"""/""",2026-08-14T07:54:09+00:00,manufacturer_product_page
device,hpmicro::hpm5321icf,LCD,hpmicro:selector:hpm5300,https://www.hpmicro.com/product-center/microcontroller/hpm5300/5300-selection-table,selection column:LCD,"""/""",2026-08-14T07:54:09+00:00,manufacturer_product_page
device,hpmicro::hpm5321icf,摄像头接口（DVP）,hpmicro:selector:hpm5300,https://www.hpmicro.com/product-center/microcontroller/hpm5300/5300-selection-table,selection column:摄像头接口（DVP）,"""/""",2026-08-14T07:54:09+00:00,manufacturer_product_page
device,hpmicro::hpm5321icf,I²S,hpmicro:selector:hpm5300,https://www.hpmicro.com/product-center/microcontroller/hpm5300/5300-selection-table,selection column:I²S,"""/""",2026-08-14T07:54:09+00:00,manufacturer_product_page
device,hpmicro::hpm5321icf,数字音频输出,hpmicro:selector:hpm5300,https://www.hpmicro.com/product-center/microcontroller/hpm5300/5300-selection-table,selection column:数字音频输出,"""/""",2026-08-14T07:54:09+00:00,manufacturer_product_page
device,hpmicro::hpm5321icf,DDR,hpmicro:selector:hpm5300,https://www.hpmicro.com/product-center/microcontroller/hpm5300/5300-selection-table,selection column:DDR,"""/""",2026-08-14T07:54:09+00:00,manufacturer_product_page
device,hpmicro::hpm5321icf,SDRAM,hpmicro:selector:hpm5300,https://www.hpmicro.com/product-center/microcontroller/hpm5300/5300-selection-table,selection column:SDRAM,"""/""",2026-08-14T07:54:09+00:00,manufacturer_product_page
device,hpmicro::hpm5321icf,SD/eMMC （*63系列无eMMC）,hpmicro:selector:hpm5300,https://www.hpmicro.com/product-center/microcontroller/hpm5300/5300-selection-table,selection column:SD/eMMC （*63系列无eMMC）,"""/""",2026-08-14T07:54:09+00:00,manufacturer_product_page
device,hpmicro::hpm5321icf,XPI,hpmicro:selector:hpm5300,https://www.hpmicro.com/product-center/microcontroller/hpm5300/5300-selection-table,selection column:XPI,"""1""",2026-08-14T07:54:09+00:00,manufacturer_product_page
device,hpmicro::hpm5321icf,以太网,hpmicro:selector:hpm5300,https://www.hpmicro.com/product-center/microcontroller/hpm5300/5300-selection-table,selection column:以太网,"""/""",2026-08-14T07:54:09+00:00,manufacturer_product_page
device,hpmicro::hpm5321icf,CAN,hpmicro:selector:hpm5300,https://www.hpmicro.com/product-center/microcontroller/hpm5300/5300-selection-table,selection column:CAN,"""CAN FD x 4""",2026-08-14T07:54:09+00:00,manufacturer_product_page
device,hpmicro::hpm5321icf,USB,hpmicro:selector:hpm5300,https://www.hpmicro.com/product-center/microcontroller/hpm5300/5300-selection-table,selection column:USB,"""USB HS w/ PHY ×1""",2026-08-14T07:54:09+00:00,manufacturer_product_page
device,hpmicro::hpm5321icf,SPI,hpmicro:selector:hpm5300,https://www.hpmicro.com/product-center/microcontroller/hpm5300/5300-selection-table,selection column:SPI,"""4""",2026-08-14T07:54:09+00:00,manufacturer_product_page
device,hpmicro::hpm5321icf,I²C,hpmicro:selector:hpm5300,https://www.hpmicro.com/product-center/microcontroller/hpm5300/5300-selection-table,selection column:I²C,"""4""",2026-08-14T07:54:09+00:00,manufacturer_product_page
device,hpmicro::hpm5321icf,UART,hpmicro:selector:hpm5300,https://www.hpmicro.com/product-center/microcontroller/hpm5300/5300-selection-table,selection column:UART,"""9""",2026-08-14T07:54:09+00:00,manufacturer_product_page
device,hpmicro::hpm5321icf,Crypto 安全算法,hpmicro:selector:hpm5300,https://www.hpmicro.com/product-center/microcontroller/hpm5300/5300-selection-table,selection column:Crypto 安全算法,"""AES128/256, SHA-1/256""",2026-08-14T07:54:09+00:00,manufacturer_product_page
device,hpmicro::hpm5321icf,PDM数字麦克风,hpmicro:selector:hpm5300,https://www.hpmicro.com/product-center/microcontroller/hpm5300/5300-selection-table,selection column:PDM数字麦克风,"""/""",2026-08-14T07:54:09+00:00,manufacturer_product_page
device,hpmicro::hpm5321icf,安全特性,hpmicro:selector:hpm5300,https://www.hpmicro.com/product-center/microcontroller/hpm5300/5300-selection-table,selection column:安全特性,"""安全启动,JTAG 保护,实时代码加密执行""",2026-08-14T07:54:09+00:00,manufacturer_product_page
device,hpmicro::hpm5321icf,功能安全,hpmicro:selector:hpm5300,https://www.hpmicro.com/product-center/microcontroller/hpm5300/5300-selection-table,selection column:功能安全,"""/""",2026-08-14T07:54:09+00:00,manufacturer_product_page
device,hpmicro::hpm5321icf,电机控制,hpmicro:selector:hpm5300,https://www.hpmicro.com/product-center/microcontroller/hpm5300/5300-selection-table,selection column:电机控制,"""/""",2026-08-14T07:54:09+00:00,manufacturer_product_page
device,hpmicro::hpm5321icf,RTC,hpmicro:selector:hpm5300,https://www.hpmicro.com/product-center/microcontroller/hpm5300/5300-selection-table,selection column:RTC,"""/""",2026-08-14T07:54:09+00:00,manufacturer_product_page
device,hpmicro::hpm5321icf,GPTimer,hpmicro:selector:hpm5300,https://www.hpmicro.com/product-center/microcontroller/hpm5300/5300-selection-table,selection column:GPTimer,"""5×32 位""",2026-08-14T07:54:09+00:00,manufacturer_product_page
device,hpmicro::hpm5321icf,WDG,hpmicro:selector:hpm5300,https://www.hpmicro.com/product-center/microcontroller/hpm5300/5300-selection-table,selection column:WDG,"""3""",2026-08-14T07:54:09+00:00,manufacturer_product_page
device,hpmicro::hpm5321icf,ADC 12bit,hpmicro:selector:hpm5300,https://www.hpmicro.com/product-center/microcontroller/hpm5300/5300-selection-table,selection column:ADC 12bit,"""/""",2026-08-14T07:54:09+00:00,manufacturer_product_page
device,hpmicro::hpm5321icf,ADC 16bit,hpmicro:selector:hpm5300,https://www.hpmicro.com/product-center/microcontroller/hpm5300/5300-selection-table,selection column:ADC 16bit,"""2""",2026-08-14T07:54:09+00:00,manufacturer_product_page
device,hpmicro::hpm5321icf,DAC 12bit,hpmicro:selector:hpm5300,https://www.hpmicro.com/product-center/microcontroller/hpm5300/5300-selection-table,selection column:DAC 12bit,"""/""",2026-08-14T07:54:09+00:00,manufacturer_product_page
device,hpmicro::hpm5321icf,比较器,hpmicro:selector:hpm5300,https://www.hpmicro.com/product-center/microcontroller/hpm5300/5300-selection-table,selection column:比较器,"""2""",2026-08-14T07:54:09+00:00,manufacturer_product_page
device,hpmicro::hpm5321icf,运算放大器,hpmicro:selector:hpm5300,https://www.hpmicro.com/product-center/microcontroller/hpm5300/5300-selection-table,selection column:运算放大器,"""/""",2026-08-14T07:54:09+00:00,manufacturer_product_page
device,hpmicro::hpm5321icf,封装形式,hpmicro:selector:hpm5300,https://www.hpmicro.com/product-center/microcontroller/hpm5300/5300-selection-table,selection column:封装形式,"""10×10 64LQFP P0.5""",2026-08-14T07:54:09+00:00,manufacturer_product_page
device,hpmicro::hpm5321icf,脚间距（mm),hpmicro:selector:hpm5300,https://www.hpmicro.com/product-center/microcontroller/hpm5300/5300-selection-table,selection column:脚间距（mm),"""0.4""",2026-08-14T07:54:09+00:00,manufacturer_product_page
device,hpmicro::hpm5321icf,温度范围,hpmicro:selector:hpm5300,https://www.hpmicro.com/product-center/microcontroller/hpm5300/5300-selection-table,selection column:温度范围,"""−40 ∼ 125°C Tj / −40 ∼ 105°C Ta""",2026-08-14T07:54:09+00:00,manufacturer_product_page
device,hpmicro::hpm5321icf,型号,hpmicro:selector:hpm5300,https://www.hpmicro.com/product-center/microcontroller/hpm5300/5300-selection-table,selection column:型号,"""HPM5321ICF""",2026-08-14T07:54:09+00:00,manufacturer_product_page
device,hpmicro::hpm5321ieg,内核类型,hpmicro:selector:hpm5300,https://www.hpmicro.com/product-center/microcontroller/hpm5300/5300-selection-table,selection column:内核类型,"""单核 32 位 RISC-V 处理器""",2026-08-14T07:54:09+00:00,manufacturer_product_page
device,hpmicro::hpm5321ieg,最高主频（MHz）,hpmicro:selector:hpm5300,https://www.hpmicro.com/product-center/microcontroller/hpm5300/5300-selection-table,selection column:最高主频（MHz）,"""480""",2026-08-14T07:54:09+00:00,manufacturer_product_page
device,hpmicro::hpm5321ieg,Flash (MB),hpmicro:selector:hpm5300,https://www.hpmicro.com/product-center/microcontroller/hpm5300/5300-selection-table,selection column:Flash (MB),"""1""",2026-08-14T07:54:09+00:00,manufacturer_product_page
device,hpmicro::hpm5321ieg,SRAM,hpmicro:selector:hpm5300,https://www.hpmicro.com/product-center/microcontroller/hpm5300/5300-selection-table,selection column:SRAM,"""288KB""",2026-08-14T07:54:09+00:00,manufacturer_product_page
device,hpmicro::hpm5321ieg,电源输入（V）,hpmicro:selector:hpm5300,https://www.hpmicro.com/product-center/microcontroller/hpm5300/5300-selection-table,selection column:电源输入（V）,"""3~3.6V""",2026-08-14T07:54:09+00:00,manufacturer_product_page
device,hpmicro::hpm5321ieg,图形编解码器,hpmicro:selector:hpm5300,https://www.hpmicro.com/product-center/microcontroller/hpm5300/5300-selection-table,selection column:图形编解码器,"""/""",2026-08-14T07:54:09+00:00,manufacturer_product_page
device,hpmicro::hpm5321ieg,图形加速,hpmicro:selector:hpm5300,https://www.hpmicro.com/product-center/microcontroller/hpm5300/5300-selection-table,selection column:图形加速,"""/""",2026-08-14T07:54:09+00:00,manufacturer_product_page
device,hpmicro::hpm5321ieg,LCD,hpmicro:selector:hpm5300,https://www.hpmicro.com/product-center/microcontroller/hpm5300/5300-selection-table,selection column:LCD,"""/""",2026-08-14T07:54:09+00:00,manufacturer_product_page
device,hpmicro::hpm5321ieg,摄像头接口（DVP）,hpmicro:selector:hpm5300,https://www.hpmicro.com/product-center/microcontroller/hpm5300/5300-selection-table,selection column:摄像头接口（DVP）,"""/""",2026-08-14T07:54:09+00:00,manufacturer_product_page
device,hpmicro::hpm5321ieg,I²S,hpmicro:selector:hpm5300,https://www.hpmicro.com/product-center/microcontroller/hpm5300/5300-selection-table,selection column:I²S,"""/""",2026-08-14T07:54:09+00:00,manufacturer_product_page
device,hpmicro::hpm5321ieg,数字音频输出,hpmicro:selector:hpm5300,https://www.hpmicro.com/product-center/microcontroller/hpm5300/5300-selection-table,selection column:数字音频输出,"""/""",2026-08-14T07:54:09+00:00,manufacturer_product_page
device,hpmicro::hpm5321ieg,DDR,hpmicro:selector:hpm5300,https://www.hpmicro.com/product-center/microcontroller/hpm5300/5300-selection-table,selection column:DDR,"""/""",2026-08-14T07:54:09+00:00,manufacturer_product_page
device,hpmicro::hpm5321ieg,SDRAM,hpmicro:selector:hpm5300,https://www.hpmicro.com/product-center/microcontroller/hpm5300/5300-selection-table,selection column:SDRAM,"""/""",2026-08-14T07:54:09+00:00,manufacturer_product_page
device,hpmicro::hpm5321ieg,SD/eMMC （*63系列无eMMC）,hpmicro:selector:hpm5300,https://www.hpmicro.com/product-center/microcontroller/hpm5300/5300-selection-table,selection column:SD/eMMC （*63系列无eMMC）,"""/""",2026-08-14T07:54:09+00:00,manufacturer_product_page
device,hpmicro::hpm5321ieg,XPI,hpmicro:selector:hpm5300,https://www.hpmicro.com/product-center/microcontroller/hpm5300/5300-selection-table,selection column:XPI,"""1""",2026-08-14T07:54:09+00:00,manufacturer_product_page
device,hpmicro::hpm5321ieg,以太网,hpmicro:selector:hpm5300,https://www.hpmicro.com/product-center/microcontroller/hpm5300/5300-selection-table,selection column:以太网,"""/""",2026-08-14T07:54:09+00:00,manufacturer_product_page
device,hpmicro::hpm5321ieg,CAN,hpmicro:selector:hpm5300,https://www.hpmicro.com/product-center/microcontroller/hpm5300/5300-selection-table,selection column:CAN,"""CAN FD x 4""",2026-08-14T07:54:09+00:00,manufacturer_product_page
device,hpmicro::hpm5321ieg,USB,hpmicro:selector:hpm5300,https://www.hpmicro.com/product-center/microcontroller/hpm5300/5300-selection-table,selection column:USB,"""USB HS w/ PHY ×1""",2026-08-14T07:54:09+00:00,manufacturer_product_page
device,hpmicro::hpm5321ieg,SPI,hpmicro:selector:hpm5300,https://www.hpmicro.com/product-center/microcontroller/hpm5300/5300-selection-table,selection column:SPI,"""4""",2026-08-14T07:54:09+00:00,manufacturer_product_page
device,hpmicro::hpm5321ieg,I²C,hpmicro:selector:hpm5300,https://www.hpmicro.com/product-center/microcontroller/hpm5300/5300-selection-table,selection column:I²C,"""4""",2026-08-14T07:54:09+00:00,manufacturer_product_page
device,hpmicro::hpm5321ieg,UART,hpmicro:selector:hpm5300,https://www.hpmicro.com/product-center/microcontroller/hpm5300/5300-selection-table,selection column:UART,"""9""",2026-08-14T07:54:09+00:00,manufacturer_product_page
device,hpmicro::hpm5321ieg,Crypto 安全算法,hpmicro:selector:hpm5300,https://www.hpmicro.com/product-center/microcontroller/hpm5300/5300-selection-table,selection column:Crypto 安全算法,"""AES128/256, SHA-1/256""",2026-08-14T07:54:09+00:00,manufacturer_product_page
device,hpmicro::hpm5321ieg,PDM数字麦克风,hpmicro:selector:hpm5300,https://www.hpmicro.com/product-center/microcontroller/hpm5300/5300-selection-table,selection column:PDM数字麦克风,"""/""",2026-08-14T07:54:09+00:00,manufacturer_product_page
device,hpmicro::hpm5321ieg,安全特性,hpmicro:selector:hpm5300,https://www.hpmicro.com/product-center/microcontroller/hpm5300/5300-selection-table,selection column:安全特性,"""安全启动,JTAG 保护,实时代码加密执行""",2026-08-14T07:54:09+00:00,manufacturer_product_page
device,hpmicro::hpm5321ieg,功能安全,hpmicro:selector:hpm5300,https://www.hpmicro.com/product-center/microcontroller/hpm5300/5300-selection-table,selection column:功能安全,"""/""",2026-08-14T07:54:09+00:00,manufacturer_product_page
device,hpmicro::hpm5321ieg,电机控制,hpmicro:selector:hpm5300,https://www.hpmicro.com/product-center/microcontroller/hpm5300/5300-selection-table,selection column:电机控制,"""/""",2026-08-14T07:54:09+00:00,manufacturer_product_page
device,hpmicro::hpm5321ieg,RTC,hpmicro:selector:hpm5300,https://www.hpmicro.com/product-center/microcontroller/hpm5300/5300-selection-table,selection column:RTC,"""/""",2026-08-14T07:54:09+00:00,manufacturer_product_page
device,hpmicro::hpm5321ieg,GPTimer,hpmicro:selector:hpm5300,https://www.hpmicro.com/product-center/microcontroller/hpm5300/5300-selection-table,selection column:GPTimer,"""5×32 位""",2026-08-14T07:54:09+00:00,manufacturer_product_page
device,hpmicro::hpm5321ieg,WDG,hpmicro:selector:hpm5300,https://www.hpmicro.com/product-center/microcontroller/hpm5300/5300-selection-table,selection column:WDG,"""3""",2026-08-14T07:54:09+00:00,manufacturer_product_page
device,hpmicro::hpm5321ieg,ADC 12bit,hpmicro:selector:hpm5300,https://www.hpmicro.com/product-center/microcontroller/hpm5300/5300-selection-table,selection column:ADC 12bit,"""/""",2026-08-14T07:54:09+00:00,manufacturer_product_page
device,hpmicro::hpm5321ieg,ADC 16bit,hpmicro:selector:hpm5300,https://www.hpmicro.com/product-center/microcontroller/hpm5300/5300-selection-table,selection column:ADC 16bit,"""2""",2026-08-14T07:54:09+00:00,manufacturer_product_page
device,hpmicro::hpm5321ieg,DAC 12bit,hpmicro:selector:hpm5300,https://www.hpmicro.com/product-center/microcontroller/hpm5300/5300-selection-table,selection column:DAC 12bit,"""/""",2026-08-14T07:54:09+00:00,manufacturer_product_page
device,hpmicro::hpm5321ieg,比较器,hpmicro:selector:hpm5300,https://www.hpmicro.com/product-center/microcontroller/hpm5300/5300-selection-table,selection column:比较器,"""2""",2026-08-14T07:54:09+00:00,manufacturer_product_page
device,hpmicro::hpm5321ieg,运算放大器,hpmicro:selector:hpm5300,https://www.hpmicro.com/product-center/microcontroller/hpm5300/5300-selection-table,selection column:运算放大器,"""/""",2026-08-14T07:54:09+00:00,manufacturer_product_page
device,hpmicro::hpm5321ieg,封装形式,hpmicro:selector:hpm5300,https://www.hpmicro.com/product-center/microcontroller/hpm5300/5300-selection-table,selection column:封装形式,"""6×6 48QFN P0.4""",2026-08-14T07:54:09+00:00,manufacturer_product_page
device,hpmicro::hpm5321ieg,脚间距（mm),hpmicro:selector:hpm5300,https://www.hpmicro.com/product-center/microcontroller/hpm5300/5300-selection-table,selection column:脚间距（mm),"""0.4""",2026-08-14T07:54:09+00:00,manufacturer_product_page
device,hpmicro::hpm5321ieg,温度范围,hpmicro:selector:hpm5300,https://www.hpmicro.com/product-center/microcontroller/hpm5300/5300-selection-table,selection column:温度范围,"""−40 ∼ 125°C Tj / −40 ∼ 105°C Ta""",2026-08-14T07:54:09+00:00,manufacturer_product_page
device,hpmicro::hpm5321ieg,型号,hpmicro:selector:hpm5300,https://www.hpmicro.com/product-center/microcontroller/hpm5300/5300-selection-table,selection column:型号,"""HPM5321IEG""",2026-08-14T07:54:09+00:00,manufacturer_product_page
device,hpmicro::hpm5301ieg,内核类型,hpmicro:selector:hpm5300,https://www.hpmicro.com/product-center/microcontroller/hpm5300/5300-selection-table,selection column:内核类型,"""单核 32 位 RISC-V 处理器""",2026-08-14T07:54:09+00:00,manufacturer_product_page
device,hpmicro::hpm5301ieg,最高主频（MHz）,hpmicro:selector:hpm5300,https://www.hpmicro.com/product-center/microcontroller/hpm5300/5300-selection-table,selection column:最高主频（MHz）,"""360""",2026-08-14T07:54:09+00:00,manufacturer_product_page
device,hpmicro::hpm5301ieg,Flash (MB),hpmicro:selector:hpm5300,https://www.hpmicro.com/product-center/microcontroller/hpm5300/5300-selection-table,selection column:Flash (MB),"""1""",2026-08-14T07:54:09+00:00,manufacturer_product_page
device,hpmicro::hpm5301ieg,SRAM,hpmicro:selector:hpm5300,https://www.hpmicro.com/product-center/microcontroller/hpm5300/5300-selection-table,selection column:SRAM,"""288KB""",2026-08-14T07:54:09+00:00,manufacturer_product_page
device,hpmicro::hpm5301ieg,电源输入（V）,hpmicro:selector:hpm5300,https://www.hpmicro.com/product-center/microcontroller/hpm5300/5300-selection-table,selection column:电源输入（V）,"""3~3.6V""",2026-08-14T07:54:09+00:00,manufacturer_product_page
device,hpmicro::hpm5301ieg,图形编解码器,hpmicro:selector:hpm5300,https://www.hpmicro.com/product-center/microcontroller/hpm5300/5300-selection-table,selection column:图形编解码器,"""/""",2026-08-14T07:54:09+00:00,manufacturer_product_page
device,hpmicro::hpm5301ieg,图形加速,hpmicro:selector:hpm5300,https://www.hpmicro.com/product-center/microcontroller/hpm5300/5300-selection-table,selection column:图形加速,"""/""",2026-08-14T07:54:09+00:00,manufacturer_product_page
device,hpmicro::hpm5301ieg,LCD,hpmicro:selector:hpm5300,https://www.hpmicro.com/product-center/microcontroller/hpm5300/5300-selection-table,selection column:LCD,"""/""",2026-08-14T07:54:09+00:00,manufacturer_product_page
device,hpmicro::hpm5301ieg,摄像头接口（DVP）,hpmicro:selector:hpm5300,https://www.hpmicro.com/product-center/microcontroller/hpm5300/5300-selection-table,selection column:摄像头接口（DVP）,"""/""",2026-08-14T07:54:09+00:00,manufacturer_product_page
device,hpmicro::hpm5301ieg,I²S,hpmicro:selector:hpm5300,https://www.hpmicro.com/product-center/microcontroller/hpm5300/5300-selection-table,selection column:I²S,"""/""",2026-08-14T07:54:09+00:00,manufacturer_product_page
device,hpmicro::hpm5301ieg,数字音频输出,hpmicro:selector:hpm5300,https://www.hpmicro.com/product-center/microcontroller/hpm5300/5300-selection-table,selection column:数字音频输出,"""/""",2026-08-14T07:54:09+00:00,manufacturer_product_page
device,hpmicro::hpm5301ieg,DDR,hpmicro:selector:hpm5300,https://www.hpmicro.com/product-center/microcontroller/hpm5300/5300-selection-table,selection column:DDR,"""/""",2026-08-14T07:54:09+00:00,manufacturer_product_page
device,hpmicro::hpm5301ieg,SDRAM,hpmicro:selector:hpm5300,https://www.hpmicro.com/product-center/microcontroller/hpm5300/5300-selection-table,selection column:SDRAM,"""/""",2026-08-14T07:54:09+00:00,manufacturer_product_page
device,hpmicro::hpm5301ieg,SD/eMMC （*63系列无eMMC）,hpmicro:selector:hpm5300,https://www.hpmicro.com/product-center/microcontroller/hpm5300/5300-selection-table,selection column:SD/eMMC （*63系列无eMMC）,"""/""",2026-08-14T07:54:09+00:00,manufacturer_product_page
device,hpmicro::hpm5301ieg,XPI,hpmicro:selector:hpm5300,https://www.hpmicro.com/product-center/microcontroller/hpm5300/5300-selection-table,selection column:XPI,"""1""",2026-08-14T07:54:09+00:00,manufacturer_product_page
device,hpmicro::hpm5301ieg,以太网,hpmicro:selector:hpm5300,https://www.hpmicro.com/product-center/microcontroller/hpm5300/5300-selection-table,selection column:以太网,"""/""",2026-08-14T07:54:09+00:00,manufacturer_product_page
device,hpmicro::hpm5301ieg,CAN,hpmicro:selector:hpm5300,https://www.hpmicro.com/product-center/microcontroller/hpm5300/5300-selection-table,selection column:CAN,"""/""",2026-08-14T07:54:09+00:00,manufacturer_product_page
device,hpmicro::hpm5301ieg,USB,hpmicro:selector:hpm5300,https://www.hpmicro.com/product-center/microcontroller/hpm5300/5300-selection-table,selection column:USB,"""USB HS w/ PHY ×1""",2026-08-14T07:54:09+00:00,manufacturer_product_page
device,hpmicro::hpm5301ieg,SPI,hpmicro:selector:hpm5300,https://www.hpmicro.com/product-center/microcontroller/hpm5300/5300-selection-table,selection column:SPI,"""4""",2026-08-14T07:54:09+00:00,manufacturer_product_page
device,hpmicro::hpm5301ieg,I²C,hpmicro:selector:hpm5300,https://www.hpmicro.com/product-center/microcontroller/hpm5300/5300-selection-table,selection column:I²C,"""4""",2026-08-14T07:54:09+00:00,manufacturer_product_page
device,hpmicro::hpm5301ieg,UART,hpmicro:selector:hpm5300,https://www.hpmicro.com/product-center/microcontroller/hpm5300/5300-selection-table,selection column:UART,"""5""",2026-08-14T07:54:09+00:00,manufacturer_product_page
device,hpmicro::hpm5301ieg,Crypto 安全算法,hpmicro:selector:hpm5300,https://www.hpmicro.com/product-center/microcontroller/hpm5300/5300-selection-table,selection column:Crypto 安全算法,"""/""",2026-08-14T07:54:09+00:00,manufacturer_product_page
device,hpmicro::hpm5301ieg,PDM数字麦克风,hpmicro:selector:hpm5300,https://www.hpmicro.com/product-center/microcontroller/hpm5300/5300-selection-table,selection column:PDM数字麦克风,"""/""",2026-08-14T07:54:09+00:00,manufacturer_product_page
device,hpmicro::hpm5301ieg,安全特性,hpmicro:selector:hpm5300,https://www.hpmicro.com/product-center/microcontroller/hpm5300/5300-selection-table,selection column:安全特性,"""/""",2026-08-14T07:54:09+00:00,manufacturer_product_page
device,hpmicro::hpm5301ieg,功能安全,hpmicro:selector:hpm5300,https://www.hpmicro.com/product-center/microcontroller/hpm5300/5300-selection-table,selection column:功能安全,"""/""",2026-08-14T07:54:09+00:00,manufacturer_product_page
device,hpmicro::hpm5301ieg,电机控制,hpmicro:selector:hpm5300,https://www.hpmicro.com/product-center/microcontroller/hpm5300/5300-selection-table,selection column:电机控制,"""/""",2026-08-14T07:54:09+00:00,manufacturer_product_page
device,hpmicro::hpm5301ieg,RTC,hpmicro:selector:hpm5300,https://www.hpmicro.com/product-center/microcontroller/hpm5300/5300-selection-table,selection column:RTC,"""/""",2026-08-14T07:54:09+00:00,manufacturer_product_page
device,hpmicro::hpm5301ieg,GPTimer,hpmicro:selector:hpm5300,https://www.hpmicro.com/product-center/microcontroller/hpm5300/5300-selection-table,selection column:GPTimer,"""5×32 位""",2026-08-14T07:54:09+00:00,manufacturer_product_page
device,hpmicro::hpm5301ieg,WDG,hpmicro:selector:hpm5300,https://www.hpmicro.com/product-center/microcontroller/hpm5300/5300-selection-table,selection column:WDG,"""3""",2026-08-14T07:54:09+00:00,manufacturer_product_page
device,hpmicro::hpm5301ieg,ADC 12bit,hpmicro:selector:hpm5300,https://www.hpmicro.com/product-center/microcontroller/hpm5300/5300-selection-table,selection column:ADC 12bit,"""/""",2026-08-14T07:54:09+00:00,manufacturer_product_page
device,hpmicro::hpm5301ieg,ADC 16bit,hpmicro:selector:hpm5300,https://www.hpmicro.com/product-center/microcontroller/hpm5300/5300-selection-table,selection column:ADC 16bit,"""1""",2026-08-14T07:54:09+00:00,manufacturer_product_page
device,hpmicro::hpm5301ieg,DAC 12bit,hpmicro:selector:hpm5300,https://www.hpmicro.com/product-center/microcontroller/hpm5300/5300-selection-table,selection column:DAC 12bit,"""/""",2026-08-14T07:54:09+00:00,manufacturer_product_page
device,hpmicro::hpm5301ieg,比较器,hpmicro:selector:hpm5300,https://www.hpmicro.com/product-center/microcontroller/hpm5300/5300-selection-table,selection column:比较器,"""2""",2026-08-14T07:54:09+00:00,manufacturer_product_page
device,hpmicro::hpm5301ieg,运算放大器,hpmicro:selector:hpm5300,https://www.hpmicro.com/product-center/microcontroller/hpm5300/5300-selection-table,selection column:运算放大器,"""/""",2026-08-14T07:54:09+00:00,manufacturer_product_page
device,hpmicro::hpm5301ieg,封装形式,hpmicro:selector:hpm5300,https://www.hpmicro.com/product-center/microcontroller/hpm5300/5300-selection-table,selection column:封装形式,"""6×6 48QFN P0.4""",2026-08-14T07:54:09+00:00,manufacturer_product_page
device,hpmicro::hpm5301ieg,脚间距（mm),hpmicro:selector:hpm5300,https://www.hpmicro.com/product-center/microcontroller/hpm5300/5300-selection-table,selection column:脚间距（mm),"""0.4""",2026-08-14T07:54:09+00:00,manufacturer_product_page
device,hpmicro::hpm5301ieg,温度范围,hpmicro:selector:hpm5300,https://www.hpmicro.com/product-center/microcontroller/hpm5300/5300-selection-table,selection column:温度范围,"""−40 ∼ 125°C Tj / −40 ∼ 105°C Ta""",2026-08-14T07:54:09+00:00,manufacturer_product_page
device,hpmicro::hpm5301ieg,型号,hpmicro:selector:hpm5300,https://www.hpmicro.com/product-center/microcontroller/hpm5300/5300-selection-table,selection column:型号,"""HPM5301IEG""",2026-08-14T07:54:09+00:00,manufacturer_product_page
device,hpmicro::hpm5e3yivk,内核类型,hpmicro:selector:hpm5e00,https://www.hpmicro.com/product-center/microcontroller/hpm5e00/aaaab,selection column:内核类型,"""单核 32 位 RISC-V 处理器""",2026-08-14T07:54:09+00:00,manufacturer_product_page
device,hpmicro::hpm5e3yivk,最高主频（MHz）,hpmicro:selector:hpm5e00,https://www.hpmicro.com/product-center/microcontroller/hpm5e00/aaaab,selection column:最高主频（MHz）,"""480""",2026-08-14T07:54:09+00:00,manufacturer_product_page
device,hpmicro::hpm5e3yivk,Flash (MB),hpmicro:selector:hpm5e00,https://www.hpmicro.com/product-center/microcontroller/hpm5e00/aaaab,selection column:Flash (MB),"""1""",2026-08-14T07:54:09+00:00,manufacturer_product_page
device,hpmicro::hpm5e3yivk,SRAM,hpmicro:selector:hpm5e00,https://www.hpmicro.com/product-center/microcontroller/hpm5e00/aaaab,selection column:SRAM,"""544KB""",2026-08-14T07:54:09+00:00,manufacturer_product_page
device,hpmicro::hpm5e3yivk,电源输入（V）,hpmicro:selector:hpm5e00,https://www.hpmicro.com/product-center/microcontroller/hpm5e00/aaaab,selection column:电源输入（V）,"""3~3.6V""",2026-08-14T07:54:09+00:00,manufacturer_product_page
device,hpmicro::hpm5e3yivk,图形编解码器,hpmicro:selector:hpm5e00,https://www.hpmicro.com/product-center/microcontroller/hpm5e00/aaaab,selection column:图形编解码器,"""/""",2026-08-14T07:54:09+00:00,manufacturer_product_page
device,hpmicro::hpm5e3yivk,图形加速,hpmicro:selector:hpm5e00,https://www.hpmicro.com/product-center/microcontroller/hpm5e00/aaaab,selection column:图形加速,"""/""",2026-08-14T07:54:09+00:00,manufacturer_product_page
device,hpmicro::hpm5e3yivk,LCD,hpmicro:selector:hpm5e00,https://www.hpmicro.com/product-center/microcontroller/hpm5e00/aaaab,selection column:LCD,"""/""",2026-08-14T07:54:09+00:00,manufacturer_product_page
device,hpmicro::hpm5e3yivk,摄像头接口（DVP）,hpmicro:selector:hpm5e00,https://www.hpmicro.com/product-center/microcontroller/hpm5e00/aaaab,selection column:摄像头接口（DVP）,"""/""",2026-08-14T07:54:09+00:00,manufacturer_product_page
device,hpmicro::hpm5e3yivk,I²S,hpmicro:selector:hpm5e00,https://www.hpmicro.com/product-center/microcontroller/hpm5e00/aaaab,selection column:I²S,"""/""",2026-08-14T07:54:09+00:00,manufacturer_product_page
device,hpmicro::hpm5e3yivk,数字音频输出,hpmicro:selector:hpm5e00,https://www.hpmicro.com/product-center/microcontroller/hpm5e00/aaaab,selection column:数字音频输出,"""/""",2026-08-14T07:54:09+00:00,manufacturer_product_page
device,hpmicro::hpm5e3yivk,DDR,hpmicro:selector:hpm5e00,https://www.hpmicro.com/product-center/microcontroller/hpm5e00/aaaab,selection column:DDR,"""/""",2026-08-14T07:54:09+00:00,manufacturer_product_page
device,hpmicro::hpm5e3yivk,SDRAM,hpmicro:selector:hpm5e00,https://www.hpmicro.com/product-center/microcontroller/hpm5e00/aaaab,selection column:SDRAM,"""/""",2026-08-14T07:54:09+00:00,manufacturer_product_page
device,hpmicro::hpm5e3yivk,SD/eMMC （*63系列无eMMC）,hpmicro:selector:hpm5e00,https://www.hpmicro.com/product-center/microcontroller/hpm5e00/aaaab,selection column:SD/eMMC （*63系列无eMMC）,"""/""",2026-08-14T07:54:09+00:00,manufacturer_product_page
device,hpmicro::hpm5e3yivk,XPI,hpmicro:selector:hpm5e00,https://www.hpmicro.com/product-center/microcontroller/hpm5e00/aaaab,selection column:XPI,"""1""",2026-08-14T07:54:09+00:00,manufacturer_product_page
device,hpmicro::hpm5e3yivk,以太网,hpmicro:selector:hpm5e00,https://www.hpmicro.com/product-center/microcontroller/hpm5e00/aaaab,selection column:以太网,"""EtherCAT从站控制器、千兆以太网、2个百兆PHY""",2026-08-14T07:54:09+00:00,manufacturer_product_page
device,hpmicro::hpm5e3yivk,CAN,hpmicro:selector:hpm5e00,https://www.hpmicro.com/product-center/microcontroller/hpm5e00/aaaab,selection column:CAN,"""CAN FD x 4""",2026-08-14T07:54:09+00:00,manufacturer_product_page
device,hpmicro::hpm5e3yivk,USB,hpmicro:selector:hpm5e00,https://www.hpmicro.com/product-center/microcontroller/hpm5e00/aaaab,selection column:USB,"""USB HS w/ PHY ×1""",2026-08-14T07:54:09+00:00,manufacturer_product_page
device,hpmicro::hpm5e3yivk,SPI,hpmicro:selector:hpm5e00,https://www.hpmicro.com/product-center/microcontroller/hpm5e00/aaaab,selection column:SPI,"""4""",2026-08-14T07:54:09+00:00,manufacturer_product_page
device,hpmicro::hpm5e3yivk,I²C,hpmicro:selector:hpm5e00,https://www.hpmicro.com/product-center/microcontroller/hpm5e00/aaaab,selection column:I²C,"""4""",2026-08-14T07:54:09+00:00,manufacturer_product_page
device,hpmicro::hpm5e3yivk,UART,hpmicro:selector:hpm5e00,https://www.hpmicro.com/product-center/microcontroller/hpm5e00/aaaab,selection column:UART,"""9""",2026-08-14T07:54:09+00:00,manufacturer_product_page
device,hpmicro::hpm5e3yivk,Crypto 安全算法,hpmicro:selector:hpm5e00,https://www.hpmicro.com/product-center/microcontroller/hpm5e00/aaaab,selection column:Crypto 安全算法,"""/""",2026-08-14T07:54:09+00:00,manufacturer_product_page
device,hpmicro::hpm5e3yivk,PDM数字麦克风,hpmicro:selector:hpm5e00,https://www.hpmicro.com/product-center/microcontroller/hpm5e00/aaaab,selection column:PDM数字麦克风,"""/""",2026-08-14T07:54:09+00:00,manufacturer_product_page
device,hpmicro::hpm5e3yivk,安全特性,hpmicro:selector:hpm5e00,https://www.hpmicro.com/product-center/microcontroller/hpm5e00/aaaab,selection column:安全特性,"""安全启动,JTAG 保护,实时代码加密执行""",2026-08-14T07:54:09+00:00,manufacturer_product_page
device,hpmicro::hpm5e3yivk,功能安全,hpmicro:selector:hpm5e00,https://www.hpmicro.com/product-center/microcontroller/hpm5e00/aaaab,selection column:功能安全,"""/""",2026-08-14T07:54:09+00:00,manufacturer_product_page
device,hpmicro::hpm5e3yivk,电机控制,hpmicro:selector:hpm5e00,https://www.hpmicro.com/product-center/microcontroller/hpm5e00/aaaab,selection column:电机控制,"""2×8通道PWMv2，2xQEIv2，2xQEOv2""",2026-08-14T07:54:09+00:00,manufacturer_product_page
device,hpmicro::hpm5e3yivk,RTC,hpmicro:selector:hpm5e00,https://www.hpmicro.com/product-center/microcontroller/hpm5e00/aaaab,selection column:RTC,"""/""",2026-08-14T07:54:09+00:00,manufacturer_product_page
device,hpmicro::hpm5e3yivk,GPTimer,hpmicro:selector:hpm5e00,https://www.hpmicro.com/product-center/microcontroller/hpm5e00/aaaab,selection column:GPTimer,"""5×32 位""",2026-08-14T07:54:09+00:00,manufacturer_product_page
device,hpmicro::hpm5e3yivk,WDG,hpmicro:selector:hpm5e00,https://www.hpmicro.com/product-center/microcontroller/hpm5e00/aaaab,selection column:WDG,"""3""",2026-08-14T07:54:09+00:00,manufacturer_product_page
device,hpmicro::hpm5e3yivk,ADC 12bit,hpmicro:selector:hpm5e00,https://www.hpmicro.com/product-center/microcontroller/hpm5e00/aaaab,selection column:ADC 12bit,"""/""",2026-08-14T07:54:09+00:00,manufacturer_product_page
device,hpmicro::hpm5e3yivk,ADC 16bit,hpmicro:selector:hpm5e00,https://www.hpmicro.com/product-center/microcontroller/hpm5e00/aaaab,selection column:ADC 16bit,"""2""",2026-08-14T07:54:09+00:00,manufacturer_product_page
device,hpmicro::hpm5e3yivk,DAC 12bit,hpmicro:selector:hpm5e00,https://www.hpmicro.com/product-center/microcontroller/hpm5e00/aaaab,selection column:DAC 12bit,"""/""",2026-08-14T07:54:09+00:00,manufacturer_product_page
device,hpmicro::hpm5e3yivk,比较器,hpmicro:selector:hpm5e00,https://www.hpmicro.com/product-center/microcontroller/hpm5e00/aaaab,selection column:比较器,"""2""",2026-08-14T07:54:09+00:00,manufacturer_product_page
device,hpmicro::hpm5e3yivk,运算放大器,hpmicro:selector:hpm5e00,https://www.hpmicro.com/product-center/microcontroller/hpm5e00/aaaab,selection column:运算放大器,"""/""",2026-08-14T07:54:09+00:00,manufacturer_product_page
device,hpmicro::hpm5e3yivk,封装形式,hpmicro:selector:hpm5e00,https://www.hpmicro.com/product-center/microcontroller/hpm5e00/aaaab,selection column:封装形式,"""9x9 121BGA 0.8P""",2026-08-14T07:54:09+00:00,manufacturer_product_page
device,hpmicro::hpm5e3yivk,脚间距（mm),hpmicro:selector:hpm5e00,https://www.hpmicro.com/product-center/microcontroller/hpm5e00/aaaab,selection column:脚间距（mm),"""0.8""",2026-08-14T07:54:09+00:00,manufacturer_product_page
device,hpmicro::hpm5e3yivk,温度范围,hpmicro:selector:hpm5e00,https://www.hpmicro.com/product-center/microcontroller/hpm5e00/aaaab,selection column:温度范围,"""−40 ∼ 125◦C Tj / −40 ∼ 105◦C Ta""",2026-08-14T07:54:09+00:00,manufacturer_product_page
device,hpmicro::hpm5e3yivk,型号,hpmicro:selector:hpm5e00,https://www.hpmicro.com/product-center/microcontroller/hpm5e00/aaaab,selection column:型号,"""HPM5E3YIVK""",2026-08-14T07:54:09+00:00,manufacturer_product_page
device,hpmicro::hpm5e3yign,内核类型,hpmicro:selector:hpm5e00,https://www.hpmicro.com/product-center/microcontroller/hpm5e00/aaaab,selection column:内核类型,"""单核 32 位 RISC-V 处理器""",2026-08-14T07:54:09+00:00,manufacturer_product_page
device,hpmicro::hpm5e3yign,最高主频（MHz）,hpmicro:selector:hpm5e00,https://www.hpmicro.com/product-center/microcontroller/hpm5e00/aaaab,selection column:最高主频（MHz）,"""480""",2026-08-14T07:54:09+00:00,manufacturer_product_page
device,hpmicro::hpm5e3yign,Flash (MB),hpmicro:selector:hpm5e00,https://www.hpmicro.com/product-center/microcontroller/hpm5e00/aaaab,selection column:Flash (MB),"""1""",2026-08-14T07:54:09+00:00,manufacturer_product_page
device,hpmicro::hpm5e3yign,SRAM,hpmicro:selector:hpm5e00,https://www.hpmicro.com/product-center/microcontroller/hpm5e00/aaaab,selection column:SRAM,"""544KB""",2026-08-14T07:54:09+00:00,manufacturer_product_page
device,hpmicro::hpm5e3yign,电源输入（V）,hpmicro:selector:hpm5e00,https://www.hpmicro.com/product-center/microcontroller/hpm5e00/aaaab,selection column:电源输入（V）,"""3~3.6V""",2026-08-14T07:54:09+00:00,manufacturer_product_page
device,hpmicro::hpm5e3yign,图形编解码器,hpmicro:selector:hpm5e00,https://www.hpmicro.com/product-center/microcontroller/hpm5e00/aaaab,selection column:图形编解码器,"""/""",2026-08-14T07:54:09+00:00,manufacturer_product_page
device,hpmicro::hpm5e3yign,图形加速,hpmicro:selector:hpm5e00,https://www.hpmicro.com/product-center/microcontroller/hpm5e00/aaaab,selection column:图形加速,"""/""",2026-08-14T07:54:09+00:00,manufacturer_product_page
device,hpmicro::hpm5e3yign,LCD,hpmicro:selector:hpm5e00,https://www.hpmicro.com/product-center/microcontroller/hpm5e00/aaaab,selection column:LCD,"""/""",2026-08-14T07:54:09+00:00,manufacturer_product_page
device,hpmicro::hpm5e3yign,摄像头接口（DVP）,hpmicro:selector:hpm5e00,https://www.hpmicro.com/product-center/microcontroller/hpm5e00/aaaab,selection column:摄像头接口（DVP）,"""/""",2026-08-14T07:54:09+00:00,manufacturer_product_page
device,hpmicro::hpm5e3yign,I²S,hpmicro:selector:hpm5e00,https://www.hpmicro.com/product-center/microcontroller/hpm5e00/aaaab,selection column:I²S,"""/""",2026-08-14T07:54:09+00:00,manufacturer_product_page
device,hpmicro::hpm5e3yign,数字音频输出,hpmicro:selector:hpm5e00,https://www.hpmicro.com/product-center/microcontroller/hpm5e00/aaaab,selection column:数字音频输出,"""/""",2026-08-14T07:54:09+00:00,manufacturer_product_page
device,hpmicro::hpm5e3yign,DDR,hpmicro:selector:hpm5e00,https://www.hpmicro.com/product-center/microcontroller/hpm5e00/aaaab,selection column:DDR,"""/""",2026-08-14T07:54:09+00:00,manufacturer_product_page
device,hpmicro::hpm5e3yign,SDRAM,hpmicro:selector:hpm5e00,https://www.hpmicro.com/product-center/microcontroller/hpm5e00/aaaab,selection column:SDRAM,"""/""",2026-08-14T07:54:09+00:00,manufacturer_product_page
device,hpmicro::hpm5e3yign,SD/eMMC （*63系列无eMMC）,hpmicro:selector:hpm5e00,https://www.hpmicro.com/product-center/microcontroller/hpm5e00/aaaab,selection column:SD/eMMC （*63系列无eMMC）,"""/""",2026-08-14T07:54:09+00:00,manufacturer_product_page
device,hpmicro::hpm5e3yign,XPI,hpmicro:selector:hpm5e00,https://www.hpmicro.com/product-center/microcontroller/hpm5e00/aaaab,selection column:XPI,"""1""",2026-08-14T07:54:09+00:00,manufacturer_product_page
device,hpmicro::hpm5e3yign,以太网,hpmicro:selector:hpm5e00,https://www.hpmicro.com/product-center/microcontroller/hpm5e00/aaaab,selection column:以太网,"""EtherCAT从站控制器、千兆以太网、2个百兆PHY""",2026-08-14T07:54:09+00:00,manufacturer_product_page
device,hpmicro::hpm5e3yign,CAN,hpmicro:selector:hpm5e00,https://www.hpmicro.com/product-center/microcontroller/hpm5e00/aaaab,selection column:CAN,"""CAN FD x 4""",2026-08-14T07:54:09+00:00,manufacturer_product_page
device,hpmicro::hpm5e3yign,USB,hpmicro:selector:hpm5e00,https://www.hpmicro.com/product-center/microcontroller/hpm5e00/aaaab,selection column:USB,"""USB HS w/ PHY ×1""",2026-08-14T07:54:09+00:00,manufacturer_product_page
device,hpmicro::hpm5e3yign,SPI,hpmicro:selector:hpm5e00,https://www.hpmicro.com/product-center/microcontroller/hpm5e00/aaaab,selection column:SPI,"""4""",2026-08-14T07:54:09+00:00,manufacturer_product_page
device,hpmicro::hpm5e3yign,I²C,hpmicro:selector:hpm5e00,https://www.hpmicro.com/product-center/microcontroller/hpm5e00/aaaab,selection column:I²C,"""4""",2026-08-14T07:54:09+00:00,manufacturer_product_page
device,hpmicro::hpm5e3yign,UART,hpmicro:selector:hpm5e00,https://www.hpmicro.com/product-center/microcontroller/hpm5e00/aaaab,selection column:UART,"""9""",2026-08-14T07:54:09+00:00,manufacturer_product_page
device,hpmicro::hpm5e3yign,Crypto 安全算法,hpmicro:selector:hpm5e00,https://www.hpmicro.com/product-center/microcontroller/hpm5e00/aaaab,selection column:Crypto 安全算法,"""/""",2026-08-14T07:54:09+00:00,manufacturer_product_page
device,hpmicro::hpm5e3yign,PDM数字麦克风,hpmicro:selector:hpm5e00,https://www.hpmicro.com/product-center/microcontroller/hpm5e00/aaaab,selection column:PDM数字麦克风,"""/""",2026-08-14T07:54:09+00:00,manufacturer_product_page
device,hpmicro::hpm5e3yign,安全特性,hpmicro:selector:hpm5e00,https://www.hpmicro.com/product-center/microcontroller/hpm5e00/aaaab,selection column:安全特性,"""安全启动,JTAG 保护,实时代码加密执行""",2026-08-14T07:54:09+00:00,manufacturer_product_page
device,hpmicro::hpm5e3yign,功能安全,hpmicro:selector:hpm5e00,https://www.hpmicro.com/product-center/microcontroller/hpm5e00/aaaab,selection column:功能安全,"""/""",2026-08-14T07:54:09+00:00,manufacturer_product_page
device,hpmicro::hpm5e3yign,电机控制,hpmicro:selector:hpm5e00,https://www.hpmicro.com/product-center/microcontroller/hpm5e00/aaaab,selection column:电机控制,"""2×8通道PWMv2，2xQEIv2，2xQEOv2""",2026-08-14T07:54:09+00:00,manufacturer_product_page
device,hpmicro::hpm5e3yign,RTC,hpmicro:selector:hpm5e00,https://www.hpmicro.com/product-center/microcontroller/hpm5e00/aaaab,selection column:RTC,"""/""",2026-08-14T07:54:09+00:00,manufacturer_product_page
device,hpmicro::hpm5e3yign,GPTimer,hpmicro:selector:hpm5e00,https://www.hpmicro.com/product-center/microcontroller/hpm5e00/aaaab,selection column:GPTimer,"""5×32 位""",2026-08-14T07:54:09+00:00,manufacturer_product_page
device,hpmicro::hpm5e3yign,WDG,hpmicro:selector:hpm5e00,https://www.hpmicro.com/product-center/microcontroller/hpm5e00/aaaab,selection column:WDG,"""3""",2026-08-14T07:54:09+00:00,manufacturer_product_page
device,hpmicro::hpm5e3yign,ADC 12bit,hpmicro:selector:hpm5e00,https://www.hpmicro.com/product-center/microcontroller/hpm5e00/aaaab,selection column:ADC 12bit,"""/""",2026-08-14T07:54:09+00:00,manufacturer_product_page
device,hpmicro::hpm5e3yign,ADC 16bit,hpmicro:selector:hpm5e00,https://www.hpmicro.com/product-center/microcontroller/hpm5e00/aaaab,selection column:ADC 16bit,"""2""",2026-08-14T07:54:09+00:00,manufacturer_product_page
device,hpmicro::hpm5e3yign,DAC 12bit,hpmicro:selector:hpm5e00,https://www.hpmicro.com/product-center/microcontroller/hpm5e00/aaaab,selection column:DAC 12bit,"""/""",2026-08-14T07:54:09+00:00,manufacturer_product_page
device,hpmicro::hpm5e3yign,比较器,hpmicro:selector:hpm5e00,https://www.hpmicro.com/product-center/microcontroller/hpm5e00/aaaab,selection column:比较器,"""2""",2026-08-14T07:54:09+00:00,manufacturer_product_page
device,hpmicro::hpm5e3yign,运算放大器,hpmicro:selector:hpm5e00,https://www.hpmicro.com/product-center/microcontroller/hpm5e00/aaaab,selection column:运算放大器,"""/""",2026-08-14T07:54:09+00:00,manufacturer_product_page
device,hpmicro::hpm5e3yign,封装形式,hpmicro:selector:hpm5e00,https://www.hpmicro.com/product-center/microcontroller/hpm5e00/aaaab,selection column:封装形式,"""12×12 196BGA 0.8P""",2026-08-14T07:54:09+00:00,manufacturer_product_page
device,hpmicro::hpm5e3yign,脚间距（mm),hpmicro:selector:hpm5e00,https://www.hpmicro.com/product-center/microcontroller/hpm5e00/aaaab,selection column:脚间距（mm),"""0.8""",2026-08-14T07:54:09+00:00,manufacturer_product_page
device,hpmicro::hpm5e3yign,温度范围,hpmicro:selector:hpm5e00,https://www.hpmicro.com/product-center/microcontroller/hpm5e00/aaaab,selection column:温度范围,"""−40 ∼ 125◦C Tj / −40 ∼ 105◦C Ta""",2026-08-14T07:54:09+00:00,manufacturer_product_page
device,hpmicro::hpm5e3yign,型号,hpmicro:selector:hpm5e00,https://www.hpmicro.com/product-center/microcontroller/hpm5e00/aaaab,selection column:型号,"""HPM5E3YIGN""",2026-08-14T07:54:09+00:00,manufacturer_product_page
device,hpmicro::hpm5e31ivk,内核类型,hpmicro:selector:hpm5e00,https://www.hpmicro.com/product-center/microcontroller/hpm5e00/aaaab,selection column:内核类型,"""单核 32 位 RISC-V 处理器""",2026-08-14T07:54:09+00:00,manufacturer_product_page
device,hpmicro::hpm5e31ivk,最高主频（MHz）,hpmicro:selector:hpm5e00,https://www.hpmicro.com/product-center/microcontroller/hpm5e00/aaaab,selection column:最高主频（MHz）,"""480""",2026-08-14T07:54:09+00:00,manufacturer_product_page
device,hpmicro::hpm5e31ivk,Flash (MB),hpmicro:selector:hpm5e00,https://www.hpmicro.com/product-center/microcontroller/hpm5e00/aaaab,selection column:Flash (MB),"""1""",2026-08-14T07:54:09+00:00,manufacturer_product_page
device,hpmicro::hpm5e31ivk,SRAM,hpmicro:selector:hpm5e00,https://www.hpmicro.com/product-center/microcontroller/hpm5e00/aaaab,selection column:SRAM,"""544KB""",2026-08-14T07:54:09+00:00,manufacturer_product_page
device,hpmicro::hpm5e31ivk,电源输入（V）,hpmicro:selector:hpm5e00,https://www.hpmicro.com/product-center/microcontroller/hpm5e00/aaaab,selection column:电源输入（V）,"""3~3.6V""",2026-08-14T07:54:09+00:00,manufacturer_product_page
device,hpmicro::hpm5e31ivk,图形编解码器,hpmicro:selector:hpm5e00,https://www.hpmicro.com/product-center/microcontroller/hpm5e00/aaaab,selection column:图形编解码器,"""/""",2026-08-14T07:54:09+00:00,manufacturer_product_page
device,hpmicro::hpm5e31ivk,图形加速,hpmicro:selector:hpm5e00,https://www.hpmicro.com/product-center/microcontroller/hpm5e00/aaaab,selection column:图形加速,"""/""",2026-08-14T07:54:09+00:00,manufacturer_product_page
device,hpmicro::hpm5e31ivk,LCD,hpmicro:selector:hpm5e00,https://www.hpmicro.com/product-center/microcontroller/hpm5e00/aaaab,selection column:LCD,"""/""",2026-08-14T07:54:09+00:00,manufacturer_product_page
device,hpmicro::hpm5e31ivk,摄像头接口（DVP）,hpmicro:selector:hpm5e00,https://www.hpmicro.com/product-center/microcontroller/hpm5e00/aaaab,selection column:摄像头接口（DVP）,"""/""",2026-08-14T07:54:09+00:00,manufacturer_product_page
device,hpmicro::hpm5e31ivk,I²S,hpmicro:selector:hpm5e00,https://www.hpmicro.com/product-center/microcontroller/hpm5e00/aaaab,selection column:I²S,"""/""",2026-08-14T07:54:09+00:00,manufacturer_product_page
device,hpmicro::hpm5e31ivk,数字音频输出,hpmicro:selector:hpm5e00,https://www.hpmicro.com/product-center/microcontroller/hpm5e00/aaaab,selection column:数字音频输出,"""/""",2026-08-14T07:54:09+00:00,manufacturer_product_page
device,hpmicro::hpm5e31ivk,DDR,hpmicro:selector:hpm5e00,https://www.hpmicro.com/product-center/microcontroller/hpm5e00/aaaab,selection column:DDR,"""/""",2026-08-14T07:54:09+00:00,manufacturer_product_page
device,hpmicro::hpm5e31ivk,SDRAM,hpmicro:selector:hpm5e00,https://www.hpmicro.com/product-center/microcontroller/hpm5e00/aaaab,selection column:SDRAM,"""/""",2026-08-14T07:54:09+00:00,manufacturer_product_page
device,hpmicro::hpm5e31ivk,SD/eMMC （*63系列无eMMC）,hpmicro:selector:hpm5e00,https://www.hpmicro.com/product-center/microcontroller/hpm5e00/aaaab,selection column:SD/eMMC （*63系列无eMMC）,"""/""",2026-08-14T07:54:09+00:00,manufacturer_product_page
device,hpmicro::hpm5e31ivk,XPI,hpmicro:selector:hpm5e00,https://www.hpmicro.com/product-center/microcontroller/hpm5e00/aaaab,selection column:XPI,"""1""",2026-08-14T07:54:09+00:00,manufacturer_product_page
device,hpmicro::hpm5e31ivk,以太网,hpmicro:selector:hpm5e00,https://www.hpmicro.com/product-center/microcontroller/hpm5e00/aaaab,selection column:以太网,"""EtherCAT从站控制器、千兆以太网""",2026-08-14T07:54:09+00:00,manufacturer_product_page
device,hpmicro::hpm5e31ivk,CAN,hpmicro:selector:hpm5e00,https://www.hpmicro.com/product-center/microcontroller/hpm5e00/aaaab,selection column:CAN,"""CAN FD x 4""",2026-08-14T07:54:09+00:00,manufacturer_product_page
device,hpmicro::hpm5e31ivk,USB,hpmicro:selector:hpm5e00,https://www.hpmicro.com/product-center/microcontroller/hpm5e00/aaaab,selection column:USB,"""USB HS w/ PHY ×1""",2026-08-14T07:54:09+00:00,manufacturer_product_page
device,hpmicro::hpm5e31ivk,SPI,hpmicro:selector:hpm5e00,https://www.hpmicro.com/product-center/microcontroller/hpm5e00/aaaab,selection column:SPI,"""4""",2026-08-14T07:54:09+00:00,manufacturer_product_page
device,hpmicro::hpm5e31ivk,I²C,hpmicro:selector:hpm5e00,https://www.hpmicro.com/product-center/microcontroller/hpm5e00/aaaab,selection column:I²C,"""4""",2026-08-14T07:54:09+00:00,manufacturer_product_page
device,hpmicro::hpm5e31ivk,UART,hpmicro:selector:hpm5e00,https://www.hpmicro.com/product-center/microcontroller/hpm5e00/aaaab,selection column:UART,"""9""",2026-08-14T07:54:09+00:00,manufacturer_product_page
device,hpmicro::hpm5e31ivk,Crypto 安全算法,hpmicro:selector:hpm5e00,https://www.hpmicro.com/product-center/microcontroller/hpm5e00/aaaab,selection column:Crypto 安全算法,"""/""",2026-08-14T07:54:09+00:00,manufacturer_product_page
device,hpmicro::hpm5e31ivk,PDM数字麦克风,hpmicro:selector:hpm5e00,https://www.hpmicro.com/product-center/microcontroller/hpm5e00/aaaab,selection column:PDM数字麦克风,"""/""",2026-08-14T07:54:09+00:00,manufacturer_product_page
device,hpmicro::hpm5e31ivk,安全特性,hpmicro:selector:hpm5e00,https://www.hpmicro.com/product-center/microcontroller/hpm5e00/aaaab,selection column:安全特性,"""安全启动,JTAG 保护,实时代码加密执行""",2026-08-14T07:54:09+00:00,manufacturer_product_page
device,hpmicro::hpm5e31ivk,功能安全,hpmicro:selector:hpm5e00,https://www.hpmicro.com/product-center/microcontroller/hpm5e00/aaaab,selection column:功能安全,"""/""",2026-08-14T07:54:09+00:00,manufacturer_product_page
device,hpmicro::hpm5e31ivk,电机控制,hpmicro:selector:hpm5e00,https://www.hpmicro.com/product-center/microcontroller/hpm5e00/aaaab,selection column:电机控制,"""2×8通道PWMv2，2xQEIv2，2xQEOv2""",2026-08-14T07:54:09+00:00,manufacturer_product_page
device,hpmicro::hpm5e31ivk,RTC,hpmicro:selector:hpm5e00,https://www.hpmicro.com/product-center/microcontroller/hpm5e00/aaaab,selection column:RTC,"""/""",2026-08-14T07:54:09+00:00,manufacturer_product_page
device,hpmicro::hpm5e31ivk,GPTimer,hpmicro:selector:hpm5e00,https://www.hpmicro.com/product-center/microcontroller/hpm5e00/aaaab,selection column:GPTimer,"""5×32 位""",2026-08-14T07:54:09+00:00,manufacturer_product_page
device,hpmicro::hpm5e31ivk,WDG,hpmicro:selector:hpm5e00,https://www.hpmicro.com/product-center/microcontroller/hpm5e00/aaaab,selection column:WDG,"""3""",2026-08-14T07:54:09+00:00,manufacturer_product_page
device,hpmicro::hpm5e31ivk,ADC 12bit,hpmicro:selector:hpm5e00,https://www.hpmicro.com/product-center/microcontroller/hpm5e00/aaaab,selection column:ADC 12bit,"""/""",2026-08-14T07:54:09+00:00,manufacturer_product_page
device,hpmicro::hpm5e31ivk,ADC 16bit,hpmicro:selector:hpm5e00,https://www.hpmicro.com/product-center/microcontroller/hpm5e00/aaaab,selection column:ADC 16bit,"""2""",2026-08-14T07:54:09+00:00,manufacturer_product_page
device,hpmicro::hpm5e31ivk,DAC 12bit,hpmicro:selector:hpm5e00,https://www.hpmicro.com/product-center/microcontroller/hpm5e00/aaaab,selection column:DAC 12bit,"""/""",2026-08-14T07:54:09+00:00,manufacturer_product_page
device,hpmicro::hpm5e31ivk,比较器,hpmicro:selector:hpm5e00,https://www.hpmicro.com/product-center/microcontroller/hpm5e00/aaaab,selection column:比较器,"""2""",2026-08-14T07:54:09+00:00,manufacturer_product_page
device,hpmicro::hpm5e31ivk,运算放大器,hpmicro:selector:hpm5e00,https://www.hpmicro.com/product-center/microcontroller/hpm5e00/aaaab,selection column:运算放大器,"""/""",2026-08-14T07:54:09+00:00,manufacturer_product_page
device,hpmicro::hpm5e31ivk,封装形式,hpmicro:selector:hpm5e00,https://www.hpmicro.com/product-center/microcontroller/hpm5e00/aaaab,selection column:封装形式,"""9x9 121BGA 0.8P""",2026-08-14T07:54:09+00:00,manufacturer_product_page
device,hpmicro::hpm5e31ivk,产品厚度（mm),hpmicro:selector:hpm5e00,https://www.hpmicro.com/product-center/microcontroller/hpm5e00/aaaab,selection column:产品厚度（mm),"""/""",2026-08-14T07:54:09+00:00,manufacturer_product_page
device,hpmicro::hpm5e31ivk,脚间距（mm),hpmicro:selector:hpm5e00,https://www.hpmicro.com/product-center/microcontroller/hpm5e00/aaaab,selection column:脚间距（mm),"""0.8""",2026-08-14T07:54:09+00:00,manufacturer_product_page
device,hpmicro::hpm5e31ivk,温度范围,hpmicro:selector:hpm5e00,https://www.hpmicro.com/product-center/microcontroller/hpm5e00/aaaab,selection column:温度范围,"""−40 ∼ 125◦C Tj / −40 ∼ 105◦C Ta""",2026-08-14T07:54:09+00:00,manufacturer_product_page
device,hpmicro::hpm5e31ivk,型号,hpmicro:selector:hpm5e00,https://www.hpmicro.com/product-center/microcontroller/hpm5e00/aaaab,selection column:型号,"""HPM5E31IVK""",2026-08-14T07:54:09+00:00,manufacturer_product_page
device,hpmicro::hpm5e31ign,内核类型,hpmicro:selector:hpm5e00,https://www.hpmicro.com/product-center/microcontroller/hpm5e00/aaaab,selection column:内核类型,"""单核 32 位 RISC-V 处理器""",2026-08-14T07:54:09+00:00,manufacturer_product_page
device,hpmicro::hpm5e31ign,最高主频（MHz）,hpmicro:selector:hpm5e00,https://www.hpmicro.com/product-center/microcontroller/hpm5e00/aaaab,selection column:最高主频（MHz）,"""480""",2026-08-14T07:54:09+00:00,manufacturer_product_page
device,hpmicro::hpm5e31ign,Flash (MB),hpmicro:selector:hpm5e00,https://www.hpmicro.com/product-center/microcontroller/hpm5e00/aaaab,selection column:Flash (MB),"""1""",2026-08-14T07:54:09+00:00,manufacturer_product_page
device,hpmicro::hpm5e31ign,SRAM,hpmicro:selector:hpm5e00,https://www.hpmicro.com/product-center/microcontroller/hpm5e00/aaaab,selection column:SRAM,"""544KB""",2026-08-14T07:54:09+00:00,manufacturer_product_page
device,hpmicro::hpm5e31ign,电源输入（V）,hpmicro:selector:hpm5e00,https://www.hpmicro.com/product-center/microcontroller/hpm5e00/aaaab,selection column:电源输入（V）,"""3~3.6V""",2026-08-14T07:54:09+00:00,manufacturer_product_page
device,hpmicro::hpm5e31ign,图形编解码器,hpmicro:selector:hpm5e00,https://www.hpmicro.com/product-center/microcontroller/hpm5e00/aaaab,selection column:图形编解码器,"""/""",2026-08-14T07:54:09+00:00,manufacturer_product_page
device,hpmicro::hpm5e31ign,图形加速,hpmicro:selector:hpm5e00,https://www.hpmicro.com/product-center/microcontroller/hpm5e00/aaaab,selection column:图形加速,"""/""",2026-08-14T07:54:09+00:00,manufacturer_product_page
device,hpmicro::hpm5e31ign,LCD,hpmicro:selector:hpm5e00,https://www.hpmicro.com/product-center/microcontroller/hpm5e00/aaaab,selection column:LCD,"""/""",2026-08-14T07:54:09+00:00,manufacturer_product_page
device,hpmicro::hpm5e31ign,摄像头接口（DVP）,hpmicro:selector:hpm5e00,https://www.hpmicro.com/product-center/microcontroller/hpm5e00/aaaab,selection column:摄像头接口（DVP）,"""/""",2026-08-14T07:54:09+00:00,manufacturer_product_page
device,hpmicro::hpm5e31ign,I²S,hpmicro:selector:hpm5e00,https://www.hpmicro.com/product-center/microcontroller/hpm5e00/aaaab,selection column:I²S,"""/""",2026-08-14T07:54:09+00:00,manufacturer_product_page
device,hpmicro::hpm5e31ign,数字音频输出,hpmicro:selector:hpm5e00,https://www.hpmicro.com/product-center/microcontroller/hpm5e00/aaaab,selection column:数字音频输出,"""/""",2026-08-14T07:54:09+00:00,manufacturer_product_page
device,hpmicro::hpm5e31ign,DDR,hpmicro:selector:hpm5e00,https://www.hpmicro.com/product-center/microcontroller/hpm5e00/aaaab,selection column:DDR,"""/""",2026-08-14T07:54:09+00:00,manufacturer_product_page
device,hpmicro::hpm5e31ign,SDRAM,hpmicro:selector:hpm5e00,https://www.hpmicro.com/product-center/microcontroller/hpm5e00/aaaab,selection column:SDRAM,"""/""",2026-08-14T07:54:09+00:00,manufacturer_product_page
device,hpmicro::hpm5e31ign,SD/eMMC （*63系列无eMMC）,hpmicro:selector:hpm5e00,https://www.hpmicro.com/product-center/microcontroller/hpm5e00/aaaab,selection column:SD/eMMC （*63系列无eMMC）,"""/""",2026-08-14T07:54:09+00:00,manufacturer_product_page
device,hpmicro::hpm5e31ign,XPI,hpmicro:selector:hpm5e00,https://www.hpmicro.com/product-center/microcontroller/hpm5e00/aaaab,selection column:XPI,"""1""",2026-08-14T07:54:09+00:00,manufacturer_product_page
device,hpmicro::hpm5e31ign,以太网,hpmicro:selector:hpm5e00,https://www.hpmicro.com/product-center/microcontroller/hpm5e00/aaaab,selection column:以太网,"""EtherCAT从站控制器、千兆以太网""",2026-08-14T07:54:09+00:00,manufacturer_product_page
device,hpmicro::hpm5e31ign,CAN,hpmicro:selector:hpm5e00,https://www.hpmicro.com/product-center/microcontroller/hpm5e00/aaaab,selection column:CAN,"""CAN FD x 4""",2026-08-14T07:54:09+00:00,manufacturer_product_page
device,hpmicro::hpm5e31ign,USB,hpmicro:selector:hpm5e00,https://www.hpmicro.com/product-center/microcontroller/hpm5e00/aaaab,selection column:USB,"""USB HS w/ PHY ×1""",2026-08-14T07:54:09+00:00,manufacturer_product_page
device,hpmicro::hpm5e31ign,SPI,hpmicro:selector:hpm5e00,https://www.hpmicro.com/product-center/microcontroller/hpm5e00/aaaab,selection column:SPI,"""4""",2026-08-14T07:54:09+00:00,manufacturer_product_page
device,hpmicro::hpm5e31ign,I²C,hpmicro:selector:hpm5e00,https://www.hpmicro.com/product-center/microcontroller/hpm5e00/aaaab,selection column:I²C,"""4""",2026-08-14T07:54:09+00:00,manufacturer_product_page
device,hpmicro::hpm5e31ign,UART,hpmicro:selector:hpm5e00,https://www.hpmicro.com/product-center/microcontroller/hpm5e00/aaaab,selection column:UART,"""9""",2026-08-14T07:54:09+00:00,manufacturer_product_page
device,hpmicro::hpm5e31ign,Crypto 安全算法,hpmicro:selector:hpm5e00,https://www.hpmicro.com/product-center/microcontroller/hpm5e00/aaaab,selection column:Crypto 安全算法,"""/""",2026-08-14T07:54:09+00:00,manufacturer_product_page
device,hpmicro::hpm5e31ign,PDM数字麦克风,hpmicro:selector:hpm5e00,https://www.hpmicro.com/product-center/microcontroller/hpm5e00/aaaab,selection column:PDM数字麦克风,"""/""",2026-08-14T07:54:09+00:00,manufacturer_product_page
device,hpmicro::hpm5e31ign,安全特性,hpmicro:selector:hpm5e00,https://www.hpmicro.com/product-center/microcontroller/hpm5e00/aaaab,selection column:安全特性,"""安全启动,JTAG 保护,实时代码加密执行""",2026-08-14T07:54:09+00:00,manufacturer_product_page
device,hpmicro::hpm5e31ign,功能安全,hpmicro:selector:hpm5e00,https://www.hpmicro.com/product-center/microcontroller/hpm5e00/aaaab,selection column:功能安全,"""/""",2026-08-14T07:54:09+00:00,manufacturer_product_page
device,hpmicro::hpm5e31ign,电机控制,hpmicro:selector:hpm5e00,https://www.hpmicro.com/product-center/microcontroller/hpm5e00/aaaab,selection column:电机控制,"""2×8通道PWMv2，2xQEIv2，2xQEOv2""",2026-08-14T07:54:09+00:00,manufacturer_product_page
device,hpmicro::hpm5e31ign,RTC,hpmicro:selector:hpm5e00,https://www.hpmicro.com/product-center/microcontroller/hpm5e00/aaaab,selection column:RTC,"""/""",2026-08-14T07:54:09+00:00,manufacturer_product_page
device,hpmicro::hpm5e31ign,GPTimer,hpmicro:selector:hpm5e00,https://www.hpmicro.com/product-center/microcontroller/hpm5e00/aaaab,selection column:GPTimer,"""5×32 位""",2026-08-14T07:54:09+00:00,manufacturer_product_page
device,hpmicro::hpm5e31ign,WDG,hpmicro:selector:hpm5e00,https://www.hpmicro.com/product-center/microcontroller/hpm5e00/aaaab,selection column:WDG,"""3""",2026-08-14T07:54:09+00:00,manufacturer_product_page
device,hpmicro::hpm5e31ign,ADC 12bit,hpmicro:selector:hpm5e00,https://www.hpmicro.com/product-center/microcontroller/hpm5e00/aaaab,selection column:ADC 12bit,"""/""",2026-08-14T07:54:09+00:00,manufacturer_product_page
device,hpmicro::hpm5e31ign,ADC 16bit,hpmicro:selector:hpm5e00,https://www.hpmicro.com/product-center/microcontroller/hpm5e00/aaaab,selection column:ADC 16bit,"""2""",2026-08-14T07:54:09+00:00,manufacturer_product_page
device,hpmicro::hpm5e31ign,DAC 12bit,hpmicro:selector:hpm5e00,https://www.hpmicro.com/product-center/microcontroller/hpm5e00/aaaab,selection column:DAC 12bit,"""/""",2026-08-14T07:54:09+00:00,manufacturer_product_page
device,hpmicro::hpm5e31ign,比较器,hpmicro:selector:hpm5e00,https://www.hpmicro.com/product-center/microcontroller/hpm5e00/aaaab,selection column:比较器,"""2""",2026-08-14T07:54:09+00:00,manufacturer_product_page
device,hpmicro::hpm5e31ign,运算放大器,hpmicro:selector:hpm5e00,https://www.hpmicro.com/product-center/microcontroller/hpm5e00/aaaab,selection column:运算放大器,"""/""",2026-08-14T07:54:09+00:00,manufacturer_product_page
device,hpmicro::hpm5e31ign,封装形式,hpmicro:selector:hpm5e00,https://www.hpmicro.com/product-center/microcontroller/hpm5e00/aaaab,selection column:封装形式,"""12×12 196BGA 0.8P""",2026-08-14T07:54:09+00:00,manufacturer_product_page
device,hpmicro::hpm5e31ign,脚间距（mm),hpmicro:selector:hpm5e00,https://www.hpmicro.com/product-center/microcontroller/hpm5e00/aaaab,selection column:脚间距（mm),"""0.8""",2026-08-14T07:54:09+00:00,manufacturer_product_page
device,hpmicro::hpm5e31ign,温度范围,hpmicro:selector:hpm5e00,https://www.hpmicro.com/product-center/microcontroller/hpm5e00/aaaab,selection column:温度范围,"""−40 ∼ 125◦C Tj / −40 ∼ 105◦C Ta""",2026-08-14T07:54:09+00:00,manufacturer_product_page
device,hpmicro::hpm5e31ign,型号,hpmicro:selector:hpm5e00,https://www.hpmicro.com/product-center/microcontroller/hpm5e00/aaaab,selection column:型号,"""HPM5E31IGN""",2026-08-14T07:54:09+00:00,manufacturer_product_page
device,hpmicro::hpm5e31ipb,内核类型,hpmicro:selector:hpm5e00,https://www.hpmicro.com/product-center/microcontroller/hpm5e00/aaaab,selection column:内核类型,"""单核 32 位 RISC-V 处理器""",2026-08-14T07:54:09+00:00,manufacturer_product_page
device,hpmicro::hpm5e31ipb,最高主频（MHz）,hpmicro:selector:hpm5e00,https://www.hpmicro.com/product-center/microcontroller/hpm5e00/aaaab,selection column:最高主频（MHz）,"""480""",2026-08-14T07:54:09+00:00,manufacturer_product_page
device,hpmicro::hpm5e31ipb,Flash (MB),hpmicro:selector:hpm5e00,https://www.hpmicro.com/product-center/microcontroller/hpm5e00/aaaab,selection column:Flash (MB),"""1""",2026-08-14T07:54:09+00:00,manufacturer_product_page
device,hpmicro::hpm5e31ipb,SRAM,hpmicro:selector:hpm5e00,https://www.hpmicro.com/product-center/microcontroller/hpm5e00/aaaab,selection column:SRAM,"""544KB""",2026-08-14T07:54:09+00:00,manufacturer_product_page
device,hpmicro::hpm5e31ipb,电源输入（V）,hpmicro:selector:hpm5e00,https://www.hpmicro.com/product-center/microcontroller/hpm5e00/aaaab,selection column:电源输入（V）,"""3~3.6V""",2026-08-14T07:54:09+00:00,manufacturer_product_page
device,hpmicro::hpm5e31ipb,图形编解码器,hpmicro:selector:hpm5e00,https://www.hpmicro.com/product-center/microcontroller/hpm5e00/aaaab,selection column:图形编解码器,"""/""",2026-08-14T07:54:09+00:00,manufacturer_product_page
device,hpmicro::hpm5e31ipb,图形加速,hpmicro:selector:hpm5e00,https://www.hpmicro.com/product-center/microcontroller/hpm5e00/aaaab,selection column:图形加速,"""/""",2026-08-14T07:54:09+00:00,manufacturer_product_page
device,hpmicro::hpm5e31ipb,LCD,hpmicro:selector:hpm5e00,https://www.hpmicro.com/product-center/microcontroller/hpm5e00/aaaab,selection column:LCD,"""/""",2026-08-14T07:54:09+00:00,manufacturer_product_page
device,hpmicro::hpm5e31ipb,摄像头接口（DVP）,hpmicro:selector:hpm5e00,https://www.hpmicro.com/product-center/microcontroller/hpm5e00/aaaab,selection column:摄像头接口（DVP）,"""/""",2026-08-14T07:54:09+00:00,manufacturer_product_page
device,hpmicro::hpm5e31ipb,I²S,hpmicro:selector:hpm5e00,https://www.hpmicro.com/product-center/microcontroller/hpm5e00/aaaab,selection column:I²S,"""/""",2026-08-14T07:54:09+00:00,manufacturer_product_page
device,hpmicro::hpm5e31ipb,数字音频输出,hpmicro:selector:hpm5e00,https://www.hpmicro.com/product-center/microcontroller/hpm5e00/aaaab,selection column:数字音频输出,"""/""",2026-08-14T07:54:09+00:00,manufacturer_product_page
device,hpmicro::hpm5e31ipb,DDR,hpmicro:selector:hpm5e00,https://www.hpmicro.com/product-center/microcontroller/hpm5e00/aaaab,selection column:DDR,"""/""",2026-08-14T07:54:09+00:00,manufacturer_product_page
device,hpmicro::hpm5e31ipb,SDRAM,hpmicro:selector:hpm5e00,https://www.hpmicro.com/product-center/microcontroller/hpm5e00/aaaab,selection column:SDRAM,"""/""",2026-08-14T07:54:09+00:00,manufacturer_product_page
device,hpmicro::hpm5e31ipb,SD/eMMC （*63系列无eMMC）,hpmicro:selector:hpm5e00,https://www.hpmicro.com/product-center/microcontroller/hpm5e00/aaaab,selection column:SD/eMMC （*63系列无eMMC）,"""/""",2026-08-14T07:54:09+00:00,manufacturer_product_page
device,hpmicro::hpm5e31ipb,XPI,hpmicro:selector:hpm5e00,https://www.hpmicro.com/product-center/microcontroller/hpm5e00/aaaab,selection column:XPI,"""1""",2026-08-14T07:54:09+00:00,manufacturer_product_page
device,hpmicro::hpm5e31ipb,以太网,hpmicro:selector:hpm5e00,https://www.hpmicro.com/product-center/microcontroller/hpm5e00/aaaab,selection column:以太网,"""EtherCAT从站控制器、千兆以太网""",2026-08-14T07:54:09+00:00,manufacturer_product_page
device,hpmicro::hpm5e31ipb,CAN,hpmicro:selector:hpm5e00,https://www.hpmicro.com/product-center/microcontroller/hpm5e00/aaaab,selection column:CAN,"""CAN FD x 4""",2026-08-14T07:54:09+00:00,manufacturer_product_page
device,hpmicro::hpm5e31ipb,USB,hpmicro:selector:hpm5e00,https://www.hpmicro.com/product-center/microcontroller/hpm5e00/aaaab,selection column:USB,"""USB HS w/ PHY ×1""",2026-08-14T07:54:09+00:00,manufacturer_product_page
device,hpmicro::hpm5e31ipb,SPI,hpmicro:selector:hpm5e00,https://www.hpmicro.com/product-center/microcontroller/hpm5e00/aaaab,selection column:SPI,"""4""",2026-08-14T07:54:09+00:00,manufacturer_product_page
device,hpmicro::hpm5e31ipb,I²C,hpmicro:selector:hpm5e00,https://www.hpmicro.com/product-center/microcontroller/hpm5e00/aaaab,selection column:I²C,"""4""",2026-08-14T07:54:09+00:00,manufacturer_product_page
device,hpmicro::hpm5e31ipb,UART,hpmicro:selector:hpm5e00,https://www.hpmicro.com/product-center/microcontroller/hpm5e00/aaaab,selection column:UART,"""9""",2026-08-14T07:54:09+00:00,manufacturer_product_page
device,hpmicro::hpm5e31ipb,Crypto 安全算法,hpmicro:selector:hpm5e00,https://www.hpmicro.com/product-center/microcontroller/hpm5e00/aaaab,selection column:Crypto 安全算法,"""/""",2026-08-14T07:54:09+00:00,manufacturer_product_page
device,hpmicro::hpm5e31ipb,PDM数字麦克风,hpmicro:selector:hpm5e00,https://www.hpmicro.com/product-center/microcontroller/hpm5e00/aaaab,selection column:PDM数字麦克风,"""/""",2026-08-14T07:54:09+00:00,manufacturer_product_page
device,hpmicro::hpm5e31ipb,安全特性,hpmicro:selector:hpm5e00,https://www.hpmicro.com/product-center/microcontroller/hpm5e00/aaaab,selection column:安全特性,"""安全启动,JTAG 保护,实时代码加密执行""",2026-08-14T07:54:09+00:00,manufacturer_product_page
device,hpmicro::hpm5e31ipb,功能安全,hpmicro:selector:hpm5e00,https://www.hpmicro.com/product-center/microcontroller/hpm5e00/aaaab,selection column:功能安全,"""/""",2026-08-14T07:54:09+00:00,manufacturer_product_page
device,hpmicro::hpm5e31ipb,电机控制,hpmicro:selector:hpm5e00,https://www.hpmicro.com/product-center/microcontroller/hpm5e00/aaaab,selection column:电机控制,"""2×8通道PWMv2，2xQEIv2，2xQEOv2""",2026-08-14T07:54:09+00:00,manufacturer_product_page
device,hpmicro::hpm5e31ipb,RTC,hpmicro:selector:hpm5e00,https://www.hpmicro.com/product-center/microcontroller/hpm5e00/aaaab,selection column:RTC,"""/""",2026-08-14T07:54:09+00:00,manufacturer_product_page
device,hpmicro::hpm5e31ipb,GPTimer,hpmicro:selector:hpm5e00,https://www.hpmicro.com/product-center/microcontroller/hpm5e00/aaaab,selection column:GPTimer,"""5×32 位""",2026-08-14T07:54:09+00:00,manufacturer_product_page
device,hpmicro::hpm5e31ipb,WDG,hpmicro:selector:hpm5e00,https://www.hpmicro.com/product-center/microcontroller/hpm5e00/aaaab,selection column:WDG,"""3""",2026-08-14T07:54:09+00:00,manufacturer_product_page
device,hpmicro::hpm5e31ipb,ADC 12bit,hpmicro:selector:hpm5e00,https://www.hpmicro.com/product-center/microcontroller/hpm5e00/aaaab,selection column:ADC 12bit,"""/""",2026-08-14T07:54:09+00:00,manufacturer_product_page
device,hpmicro::hpm5e31ipb,ADC 16bit,hpmicro:selector:hpm5e00,https://www.hpmicro.com/product-center/microcontroller/hpm5e00/aaaab,selection column:ADC 16bit,"""2""",2026-08-14T07:54:09+00:00,manufacturer_product_page
device,hpmicro::hpm5e31ipb,DAC 12bit,hpmicro:selector:hpm5e00,https://www.hpmicro.com/product-center/microcontroller/hpm5e00/aaaab,selection column:DAC 12bit,"""/""",2026-08-14T07:54:09+00:00,manufacturer_product_page
device,hpmicro::hpm5e31ipb,比较器,hpmicro:selector:hpm5e00,https://www.hpmicro.com/product-center/microcontroller/hpm5e00/aaaab,selection column:比较器,"""2""",2026-08-14T07:54:09+00:00,manufacturer_product_page
device,hpmicro::hpm5e31ipb,运算放大器,hpmicro:selector:hpm5e00,https://www.hpmicro.com/product-center/microcontroller/hpm5e00/aaaab,selection column:运算放大器,"""/""",2026-08-14T07:54:09+00:00,manufacturer_product_page
device,hpmicro::hpm5e31ipb,封装形式,hpmicro:selector:hpm5e00,https://www.hpmicro.com/product-center/microcontroller/hpm5e00/aaaab,selection column:封装形式,"""14×14 100eLQFP 0.5P""",2026-08-14T07:54:09+00:00,manufacturer_product_page
device,hpmicro::hpm5e31ipb,脚间距（mm),hpmicro:selector:hpm5e00,https://www.hpmicro.com/product-center/microcontroller/hpm5e00/aaaab,selection column:脚间距（mm),"""0.5""",2026-08-14T07:54:09+00:00,manufacturer_product_page
device,hpmicro::hpm5e31ipb,温度范围,hpmicro:selector:hpm5e00,https://www.hpmicro.com/product-center/microcontroller/hpm5e00/aaaab,selection column:温度范围,"""−40 ∼ 125◦C Tj / −40 ∼ 105◦C Ta""",2026-08-14T07:54:09+00:00,manufacturer_product_page
device,hpmicro::hpm5e31ipb,型号,hpmicro:selector:hpm5e00,https://www.hpmicro.com/product-center/microcontroller/hpm5e00/aaaab,selection column:型号,"""HPM5E31IPB""",2026-08-14T07:54:09+00:00,manufacturer_product_page
device,hpmicro::hpm5e11ivk,内核类型,hpmicro:selector:hpm5e00,https://www.hpmicro.com/product-center/microcontroller/hpm5e00/aaaab,selection column:内核类型,"""单核 32 位 RISC-V 处理器""",2026-08-14T07:54:09+00:00,manufacturer_product_page
device,hpmicro::hpm5e11ivk,最高主频（MHz）,hpmicro:selector:hpm5e00,https://www.hpmicro.com/product-center/microcontroller/hpm5e00/aaaab,selection column:最高主频（MHz）,"""480""",2026-08-14T07:54:09+00:00,manufacturer_product_page
device,hpmicro::hpm5e11ivk,Flash (MB),hpmicro:selector:hpm5e00,https://www.hpmicro.com/product-center/microcontroller/hpm5e00/aaaab,selection column:Flash (MB),"""1""",2026-08-14T07:54:09+00:00,manufacturer_product_page
device,hpmicro::hpm5e11ivk,SRAM,hpmicro:selector:hpm5e00,https://www.hpmicro.com/product-center/microcontroller/hpm5e00/aaaab,selection column:SRAM,"""544KB""",2026-08-14T07:54:09+00:00,manufacturer_product_page
device,hpmicro::hpm5e11ivk,电源输入（V）,hpmicro:selector:hpm5e00,https://www.hpmicro.com/product-center/microcontroller/hpm5e00/aaaab,selection column:电源输入（V）,"""3~3.6V""",2026-08-14T07:54:09+00:00,manufacturer_product_page
device,hpmicro::hpm5e11ivk,图形编解码器,hpmicro:selector:hpm5e00,https://www.hpmicro.com/product-center/microcontroller/hpm5e00/aaaab,selection column:图形编解码器,"""/""",2026-08-14T07:54:09+00:00,manufacturer_product_page
device,hpmicro::hpm5e11ivk,图形加速,hpmicro:selector:hpm5e00,https://www.hpmicro.com/product-center/microcontroller/hpm5e00/aaaab,selection column:图形加速,"""/""",2026-08-14T07:54:09+00:00,manufacturer_product_page
device,hpmicro::hpm5e11ivk,LCD,hpmicro:selector:hpm5e00,https://www.hpmicro.com/product-center/microcontroller/hpm5e00/aaaab,selection column:LCD,"""/""",2026-08-14T07:54:09+00:00,manufacturer_product_page
device,hpmicro::hpm5e11ivk,摄像头接口（DVP）,hpmicro:selector:hpm5e00,https://www.hpmicro.com/product-center/microcontroller/hpm5e00/aaaab,selection column:摄像头接口（DVP）,"""/""",2026-08-14T07:54:09+00:00,manufacturer_product_page
device,hpmicro::hpm5e11ivk,I²S,hpmicro:selector:hpm5e00,https://www.hpmicro.com/product-center/microcontroller/hpm5e00/aaaab,selection column:I²S,"""/""",2026-08-14T07:54:09+00:00,manufacturer_product_page
device,hpmicro::hpm5e11ivk,数字音频输出,hpmicro:selector:hpm5e00,https://www.hpmicro.com/product-center/microcontroller/hpm5e00/aaaab,selection column:数字音频输出,"""/""",2026-08-14T07:54:09+00:00,manufacturer_product_page
device,hpmicro::hpm5e11ivk,DDR,hpmicro:selector:hpm5e00,https://www.hpmicro.com/product-center/microcontroller/hpm5e00/aaaab,selection column:DDR,"""/""",2026-08-14T07:54:09+00:00,manufacturer_product_page
device,hpmicro::hpm5e11ivk,SDRAM,hpmicro:selector:hpm5e00,https://www.hpmicro.com/product-center/microcontroller/hpm5e00/aaaab,selection column:SDRAM,"""/""",2026-08-14T07:54:09+00:00,manufacturer_product_page
device,hpmicro::hpm5e11ivk,SD/eMMC （*63系列无eMMC）,hpmicro:selector:hpm5e00,https://www.hpmicro.com/product-center/microcontroller/hpm5e00/aaaab,selection column:SD/eMMC （*63系列无eMMC）,"""/""",2026-08-14T07:54:09+00:00,manufacturer_product_page
device,hpmicro::hpm5e11ivk,XPI,hpmicro:selector:hpm5e00,https://www.hpmicro.com/product-center/microcontroller/hpm5e00/aaaab,selection column:XPI,"""1""",2026-08-14T07:54:09+00:00,manufacturer_product_page
device,hpmicro::hpm5e11ivk,以太网,hpmicro:selector:hpm5e00,https://www.hpmicro.com/product-center/microcontroller/hpm5e00/aaaab,selection column:以太网,"""EtherCAT从站控制器、千兆以太网""",2026-08-14T07:54:09+00:00,manufacturer_product_page
device,hpmicro::hpm5e11ivk,CAN,hpmicro:selector:hpm5e00,https://www.hpmicro.com/product-center/microcontroller/hpm5e00/aaaab,selection column:CAN,"""CAN FD x 4""",2026-08-14T07:54:09+00:00,manufacturer_product_page
device,hpmicro::hpm5e11ivk,USB,hpmicro:selector:hpm5e00,https://www.hpmicro.com/product-center/microcontroller/hpm5e00/aaaab,selection column:USB,"""USB HS w/ PHY ×1""",2026-08-14T07:54:09+00:00,manufacturer_product_page
device,hpmicro::hpm5e11ivk,SPI,hpmicro:selector:hpm5e00,https://www.hpmicro.com/product-center/microcontroller/hpm5e00/aaaab,selection column:SPI,"""4""",2026-08-14T07:54:09+00:00,manufacturer_product_page
device,hpmicro::hpm5e11ivk,I²C,hpmicro:selector:hpm5e00,https://www.hpmicro.com/product-center/microcontroller/hpm5e00/aaaab,selection column:I²C,"""4""",2026-08-14T07:54:09+00:00,manufacturer_product_page
device,hpmicro::hpm5e11ivk,UART,hpmicro:selector:hpm5e00,https://www.hpmicro.com/product-center/microcontroller/hpm5e00/aaaab,selection column:UART,"""9""",2026-08-14T07:54:09+00:00,manufacturer_product_page
device,hpmicro::hpm5e11ivk,Crypto 安全算法,hpmicro:selector:hpm5e00,https://www.hpmicro.com/product-center/microcontroller/hpm5e00/aaaab,selection column:Crypto 安全算法,"""/""",2026-08-14T07:54:09+00:00,manufacturer_product_page
device,hpmicro::hpm5e11ivk,PDM数字麦克风,hpmicro:selector:hpm5e00,https://www.hpmicro.com/product-center/microcontroller/hpm5e00/aaaab,selection column:PDM数字麦克风,"""/""",2026-08-14T07:54:09+00:00,manufacturer_product_page
device,hpmicro::hpm5e11ivk,安全特性,hpmicro:selector:hpm5e00,https://www.hpmicro.com/product-center/microcontroller/hpm5e00/aaaab,selection column:安全特性,"""安全启动,JTAG 保护,实时代码加密执行""",2026-08-14T07:54:09+00:00,manufacturer_product_page
device,hpmicro::hpm5e11ivk,功能安全,hpmicro:selector:hpm5e00,https://www.hpmicro.com/product-center/microcontroller/hpm5e00/aaaab,selection column:功能安全,"""/""",2026-08-14T07:54:09+00:00,manufacturer_product_page
device,hpmicro::hpm5e11ivk,电机控制,hpmicro:selector:hpm5e00,https://www.hpmicro.com/product-center/microcontroller/hpm5e00/aaaab,selection column:电机控制,"""/""",2026-08-14T07:54:09+00:00,manufacturer_product_page
device,hpmicro::hpm5e11ivk,RTC,hpmicro:selector:hpm5e00,https://www.hpmicro.com/product-center/microcontroller/hpm5e00/aaaab,selection column:RTC,"""/""",2026-08-14T07:54:09+00:00,manufacturer_product_page
device,hpmicro::hpm5e11ivk,GPTimer,hpmicro:selector:hpm5e00,https://www.hpmicro.com/product-center/microcontroller/hpm5e00/aaaab,selection column:GPTimer,"""5×32 位""",2026-08-14T07:54:09+00:00,manufacturer_product_page
device,hpmicro::hpm5e11ivk,WDG,hpmicro:selector:hpm5e00,https://www.hpmicro.com/product-center/microcontroller/hpm5e00/aaaab,selection column:WDG,"""3""",2026-08-14T07:54:09+00:00,manufacturer_product_page
device,hpmicro::hpm5e11ivk,ADC 12bit,hpmicro:selector:hpm5e00,https://www.hpmicro.com/product-center/microcontroller/hpm5e00/aaaab,selection column:ADC 12bit,"""/""",2026-08-14T07:54:09+00:00,manufacturer_product_page
device,hpmicro::hpm5e11ivk,ADC 16bit,hpmicro:selector:hpm5e00,https://www.hpmicro.com/product-center/microcontroller/hpm5e00/aaaab,selection column:ADC 16bit,"""2""",2026-08-14T07:54:09+00:00,manufacturer_product_page
device,hpmicro::hpm5e11ivk,DAC 12bit,hpmicro:selector:hpm5e00,https://www.hpmicro.com/product-center/microcontroller/hpm5e00/aaaab,selection column:DAC 12bit,"""/""",2026-08-14T07:54:09+00:00,manufacturer_product_page
device,hpmicro::hpm5e11ivk,比较器,hpmicro:selector:hpm5e00,https://www.hpmicro.com/product-center/microcontroller/hpm5e00/aaaab,selection column:比较器,"""2""",2026-08-14T07:54:09+00:00,manufacturer_product_page
device,hpmicro::hpm5e11ivk,运算放大器,hpmicro:selector:hpm5e00,https://www.hpmicro.com/product-center/microcontroller/hpm5e00/aaaab,selection column:运算放大器,"""/""",2026-08-14T07:54:09+00:00,manufacturer_product_page
device,hpmicro::hpm5e11ivk,封装形式,hpmicro:selector:hpm5e00,https://www.hpmicro.com/product-center/microcontroller/hpm5e00/aaaab,selection column:封装形式,"""9x9 121BGA 0.8P""",2026-08-14T07:54:09+00:00,manufacturer_product_page
device,hpmicro::hpm5e11ivk,脚间距（mm),hpmicro:selector:hpm5e00,https://www.hpmicro.com/product-center/microcontroller/hpm5e00/aaaab,selection column:脚间距（mm),"""0.8""",2026-08-14T07:54:09+00:00,manufacturer_product_page
device,hpmicro::hpm5e11ivk,温度范围,hpmicro:selector:hpm5e00,https://www.hpmicro.com/product-center/microcontroller/hpm5e00/aaaab,selection column:温度范围,"""−40 ∼ 125◦C Tj / −40 ∼ 105◦C Ta""",2026-08-14T07:54:09+00:00,manufacturer_product_page
device,hpmicro::hpm5e11ivk,型号,hpmicro:selector:hpm5e00,https://www.hpmicro.com/product-center/microcontroller/hpm5e00/aaaab,selection column:型号,"""HPM5E11IVK""",2026-08-14T07:54:09+00:00,manufacturer_product_page
device,hpmicro::hpm5e11ign,内核类型,hpmicro:selector:hpm5e00,https://www.hpmicro.com/product-center/microcontroller/hpm5e00/aaaab,selection column:内核类型,"""单核 32 位 RISC-V 处理器""",2026-08-14T07:54:09+00:00,manufacturer_product_page
device,hpmicro::hpm5e11ign,最高主频（MHz）,hpmicro:selector:hpm5e00,https://www.hpmicro.com/product-center/microcontroller/hpm5e00/aaaab,selection column:最高主频（MHz）,"""480""",2026-08-14T07:54:09+00:00,manufacturer_product_page
device,hpmicro::hpm5e11ign,Flash (MB),hpmicro:selector:hpm5e00,https://www.hpmicro.com/product-center/microcontroller/hpm5e00/aaaab,selection column:Flash (MB),"""1""",2026-08-14T07:54:09+00:00,manufacturer_product_page
device,hpmicro::hpm5e11ign,SRAM,hpmicro:selector:hpm5e00,https://www.hpmicro.com/product-center/microcontroller/hpm5e00/aaaab,selection column:SRAM,"""544KB""",2026-08-14T07:54:09+00:00,manufacturer_product_page
device,hpmicro::hpm5e11ign,电源输入（V）,hpmicro:selector:hpm5e00,https://www.hpmicro.com/product-center/microcontroller/hpm5e00/aaaab,selection column:电源输入（V）,"""3~3.6V""",2026-08-14T07:54:09+00:00,manufacturer_product_page
device,hpmicro::hpm5e11ign,图形编解码器,hpmicro:selector:hpm5e00,https://www.hpmicro.com/product-center/microcontroller/hpm5e00/aaaab,selection column:图形编解码器,"""/""",2026-08-14T07:54:09+00:00,manufacturer_product_page
device,hpmicro::hpm5e11ign,图形加速,hpmicro:selector:hpm5e00,https://www.hpmicro.com/product-center/microcontroller/hpm5e00/aaaab,selection column:图形加速,"""/""",2026-08-14T07:54:09+00:00,manufacturer_product_page
device,hpmicro::hpm5e11ign,LCD,hpmicro:selector:hpm5e00,https://www.hpmicro.com/product-center/microcontroller/hpm5e00/aaaab,selection column:LCD,"""/""",2026-08-14T07:54:09+00:00,manufacturer_product_page
device,hpmicro::hpm5e11ign,摄像头接口（DVP）,hpmicro:selector:hpm5e00,https://www.hpmicro.com/product-center/microcontroller/hpm5e00/aaaab,selection column:摄像头接口（DVP）,"""/""",2026-08-14T07:54:09+00:00,manufacturer_product_page
device,hpmicro::hpm5e11ign,I²S,hpmicro:selector:hpm5e00,https://www.hpmicro.com/product-center/microcontroller/hpm5e00/aaaab,selection column:I²S,"""/""",2026-08-14T07:54:09+00:00,manufacturer_product_page
device,hpmicro::hpm5e11ign,数字音频输出,hpmicro:selector:hpm5e00,https://www.hpmicro.com/product-center/microcontroller/hpm5e00/aaaab,selection column:数字音频输出,"""/""",2026-08-14T07:54:09+00:00,manufacturer_product_page
device,hpmicro::hpm5e11ign,DDR,hpmicro:selector:hpm5e00,https://www.hpmicro.com/product-center/microcontroller/hpm5e00/aaaab,selection column:DDR,"""/""",2026-08-14T07:54:09+00:00,manufacturer_product_page
device,hpmicro::hpm5e11ign,SDRAM,hpmicro:selector:hpm5e00,https://www.hpmicro.com/product-center/microcontroller/hpm5e00/aaaab,selection column:SDRAM,"""/""",2026-08-14T07:54:09+00:00,manufacturer_product_page
device,hpmicro::hpm5e11ign,SD/eMMC （*63系列无eMMC）,hpmicro:selector:hpm5e00,https://www.hpmicro.com/product-center/microcontroller/hpm5e00/aaaab,selection column:SD/eMMC （*63系列无eMMC）,"""/""",2026-08-14T07:54:09+00:00,manufacturer_product_page
device,hpmicro::hpm5e11ign,XPI,hpmicro:selector:hpm5e00,https://www.hpmicro.com/product-center/microcontroller/hpm5e00/aaaab,selection column:XPI,"""1""",2026-08-14T07:54:09+00:00,manufacturer_product_page
device,hpmicro::hpm5e11ign,以太网,hpmicro:selector:hpm5e00,https://www.hpmicro.com/product-center/microcontroller/hpm5e00/aaaab,selection column:以太网,"""EtherCAT从站控制器、千兆以太网""",2026-08-14T07:54:09+00:00,manufacturer_product_page
device,hpmicro::hpm5e11ign,CAN,hpmicro:selector:hpm5e00,https://www.hpmicro.com/product-center/microcontroller/hpm5e00/aaaab,selection column:CAN,"""CAN FD x 4""",2026-08-14T07:54:09+00:00,manufacturer_product_page
device,hpmicro::hpm5e11ign,USB,hpmicro:selector:hpm5e00,https://www.hpmicro.com/product-center/microcontroller/hpm5e00/aaaab,selection column:USB,"""USB HS w/ PHY ×1""",2026-08-14T07:54:09+00:00,manufacturer_product_page
device,hpmicro::hpm5e11ign,SPI,hpmicro:selector:hpm5e00,https://www.hpmicro.com/product-center/microcontroller/hpm5e00/aaaab,selection column:SPI,"""4""",2026-08-14T07:54:09+00:00,manufacturer_product_page
device,hpmicro::hpm5e11ign,I²C,hpmicro:selector:hpm5e00,https://www.hpmicro.com/product-center/microcontroller/hpm5e00/aaaab,selection column:I²C,"""4""",2026-08-14T07:54:09+00:00,manufacturer_product_page
device,hpmicro::hpm5e11ign,UART,hpmicro:selector:hpm5e00,https://www.hpmicro.com/product-center/microcontroller/hpm5e00/aaaab,selection column:UART,"""9""",2026-08-14T07:54:09+00:00,manufacturer_product_page
device,hpmicro::hpm5e11ign,Crypto 安全算法,hpmicro:selector:hpm5e00,https://www.hpmicro.com/product-center/microcontroller/hpm5e00/aaaab,selection column:Crypto 安全算法,"""/""",2026-08-14T07:54:09+00:00,manufacturer_product_page
device,hpmicro::hpm5e11ign,PDM数字麦克风,hpmicro:selector:hpm5e00,https://www.hpmicro.com/product-center/microcontroller/hpm5e00/aaaab,selection column:PDM数字麦克风,"""/""",2026-08-14T07:54:09+00:00,manufacturer_product_page
device,hpmicro::hpm5e11ign,安全特性,hpmicro:selector:hpm5e00,https://www.hpmicro.com/product-center/microcontroller/hpm5e00/aaaab,selection column:安全特性,"""安全启动,JTAG 保护,实时代码加密执行""",2026-08-14T07:54:09+00:00,manufacturer_product_page
device,hpmicro::hpm5e11ign,功能安全,hpmicro:selector:hpm5e00,https://www.hpmicro.com/product-center/microcontroller/hpm5e00/aaaab,selection column:功能安全,"""/""",2026-08-14T07:54:09+00:00,manufacturer_product_page
device,hpmicro::hpm5e11ign,电机控制,hpmicro:selector:hpm5e00,https://www.hpmicro.com/product-center/microcontroller/hpm5e00/aaaab,selection column:电机控制,"""/""",2026-08-14T07:54:09+00:00,manufacturer_product_page
device,hpmicro::hpm5e11ign,RTC,hpmicro:selector:hpm5e00,https://www.hpmicro.com/product-center/microcontroller/hpm5e00/aaaab,selection column:RTC,"""/""",2026-08-14T07:54:09+00:00,manufacturer_product_page
device,hpmicro::hpm5e11ign,GPTimer,hpmicro:selector:hpm5e00,https://www.hpmicro.com/product-center/microcontroller/hpm5e00/aaaab,selection column:GPTimer,"""5×32 位""",2026-08-14T07:54:09+00:00,manufacturer_product_page
device,hpmicro::hpm5e11ign,WDG,hpmicro:selector:hpm5e00,https://www.hpmicro.com/product-center/microcontroller/hpm5e00/aaaab,selection column:WDG,"""3""",2026-08-14T07:54:09+00:00,manufacturer_product_page
device,hpmicro::hpm5e11ign,ADC 12bit,hpmicro:selector:hpm5e00,https://www.hpmicro.com/product-center/microcontroller/hpm5e00/aaaab,selection column:ADC 12bit,"""/""",2026-08-14T07:54:09+00:00,manufacturer_product_page
device,hpmicro::hpm5e11ign,ADC 16bit,hpmicro:selector:hpm5e00,https://www.hpmicro.com/product-center/microcontroller/hpm5e00/aaaab,selection column:ADC 16bit,"""2""",2026-08-14T07:54:09+00:00,manufacturer_product_page
device,hpmicro::hpm5e11ign,DAC 12bit,hpmicro:selector:hpm5e00,https://www.hpmicro.com/product-center/microcontroller/hpm5e00/aaaab,selection column:DAC 12bit,"""/""",2026-08-14T07:54:09+00:00,manufacturer_product_page
device,hpmicro::hpm5e11ign,比较器,hpmicro:selector:hpm5e00,https://www.hpmicro.com/product-center/microcontroller/hpm5e00/aaaab,selection column:比较器,"""2""",2026-08-14T07:54:09+00:00,manufacturer_product_page
device,hpmicro::hpm5e11ign,运算放大器,hpmicro:selector:hpm5e00,https://www.hpmicro.com/product-center/microcontroller/hpm5e00/aaaab,selection column:运算放大器,"""/""",2026-08-14T07:54:09+00:00,manufacturer_product_page
device,hpmicro::hpm5e11ign,封装形式,hpmicro:selector:hpm5e00,https://www.hpmicro.com/product-center/microcontroller/hpm5e00/aaaab,selection column:封装形式,"""12×12 196BGA 0.8P""",2026-08-14T07:54:09+00:00,manufacturer_product_page
device,hpmicro::hpm5e11ign,脚间距（mm),hpmicro:selector:hpm5e00,https://www.hpmicro.com/product-center/microcontroller/hpm5e00/aaaab,selection column:脚间距（mm),"""0.8""",2026-08-14T07:54:09+00:00,manufacturer_product_page
device,hpmicro::hpm5e11ign,温度范围,hpmicro:selector:hpm5e00,https://www.hpmicro.com/product-center/microcontroller/hpm5e00/aaaab,selection column:温度范围,"""−40 ∼ 125◦C Tj / −40 ∼ 105◦C Ta""",2026-08-14T07:54:09+00:00,manufacturer_product_page
device,hpmicro::hpm5e11ign,型号,hpmicro:selector:hpm5e00,https://www.hpmicro.com/product-center/microcontroller/hpm5e00/aaaab,selection column:型号,"""HPM5E11IGN""",2026-08-14T07:54:09+00:00,manufacturer_product_page
device,hpmicro::hpm5e11ipb,内核类型,hpmicro:selector:hpm5e00,https://www.hpmicro.com/product-center/microcontroller/hpm5e00/aaaab,selection column:内核类型,"""单核 32 位 RISC-V 处理器""",2026-08-14T07:54:09+00:00,manufacturer_product_page
device,hpmicro::hpm5e11ipb,最高主频（MHz）,hpmicro:selector:hpm5e00,https://www.hpmicro.com/product-center/microcontroller/hpm5e00/aaaab,selection column:最高主频（MHz）,"""480""",2026-08-14T07:54:09+00:00,manufacturer_product_page
device,hpmicro::hpm5e11ipb,Flash (MB),hpmicro:selector:hpm5e00,https://www.hpmicro.com/product-center/microcontroller/hpm5e00/aaaab,selection column:Flash (MB),"""1""",2026-08-14T07:54:09+00:00,manufacturer_product_page
device,hpmicro::hpm5e11ipb,SRAM,hpmicro:selector:hpm5e00,https://www.hpmicro.com/product-center/microcontroller/hpm5e00/aaaab,selection column:SRAM,"""544KB""",2026-08-14T07:54:09+00:00,manufacturer_product_page
device,hpmicro::hpm5e11ipb,电源输入（V）,hpmicro:selector:hpm5e00,https://www.hpmicro.com/product-center/microcontroller/hpm5e00/aaaab,selection column:电源输入（V）,"""3~3.6V""",2026-08-14T07:54:09+00:00,manufacturer_product_page
device,hpmicro::hpm5e11ipb,图形编解码器,hpmicro:selector:hpm5e00,https://www.hpmicro.com/product-center/microcontroller/hpm5e00/aaaab,selection column:图形编解码器,"""/""",2026-08-14T07:54:09+00:00,manufacturer_product_page
device,hpmicro::hpm5e11ipb,图形加速,hpmicro:selector:hpm5e00,https://www.hpmicro.com/product-center/microcontroller/hpm5e00/aaaab,selection column:图形加速,"""/""",2026-08-14T07:54:09+00:00,manufacturer_product_page
device,hpmicro::hpm5e11ipb,LCD,hpmicro:selector:hpm5e00,https://www.hpmicro.com/product-center/microcontroller/hpm5e00/aaaab,selection column:LCD,"""/""",2026-08-14T07:54:09+00:00,manufacturer_product_page
device,hpmicro::hpm5e11ipb,摄像头接口（DVP）,hpmicro:selector:hpm5e00,https://www.hpmicro.com/product-center/microcontroller/hpm5e00/aaaab,selection column:摄像头接口（DVP）,"""/""",2026-08-14T07:54:09+00:00,manufacturer_product_page
device,hpmicro::hpm5e11ipb,I²S,hpmicro:selector:hpm5e00,https://www.hpmicro.com/product-center/microcontroller/hpm5e00/aaaab,selection column:I²S,"""/""",2026-08-14T07:54:09+00:00,manufacturer_product_page
device,hpmicro::hpm5e11ipb,数字音频输出,hpmicro:selector:hpm5e00,https://www.hpmicro.com/product-center/microcontroller/hpm5e00/aaaab,selection column:数字音频输出,"""/""",2026-08-14T07:54:09+00:00,manufacturer_product_page
device,hpmicro::hpm5e11ipb,DDR,hpmicro:selector:hpm5e00,https://www.hpmicro.com/product-center/microcontroller/hpm5e00/aaaab,selection column:DDR,"""/""",2026-08-14T07:54:09+00:00,manufacturer_product_page
device,hpmicro::hpm5e11ipb,SDRAM,hpmicro:selector:hpm5e00,https://www.hpmicro.com/product-center/microcontroller/hpm5e00/aaaab,selection column:SDRAM,"""/""",2026-08-14T07:54:09+00:00,manufacturer_product_page
device,hpmicro::hpm5e11ipb,SD/eMMC （*63系列无eMMC）,hpmicro:selector:hpm5e00,https://www.hpmicro.com/product-center/microcontroller/hpm5e00/aaaab,selection column:SD/eMMC （*63系列无eMMC）,"""/""",2026-08-14T07:54:09+00:00,manufacturer_product_page
device,hpmicro::hpm5e11ipb,XPI,hpmicro:selector:hpm5e00,https://www.hpmicro.com/product-center/microcontroller/hpm5e00/aaaab,selection column:XPI,"""1""",2026-08-14T07:54:09+00:00,manufacturer_product_page
device,hpmicro::hpm5e11ipb,以太网,hpmicro:selector:hpm5e00,https://www.hpmicro.com/product-center/microcontroller/hpm5e00/aaaab,selection column:以太网,"""EtherCAT从站控制器、千兆以太网""",2026-08-14T07:54:09+00:00,manufacturer_product_page
device,hpmicro::hpm5e11ipb,CAN,hpmicro:selector:hpm5e00,https://www.hpmicro.com/product-center/microcontroller/hpm5e00/aaaab,selection column:CAN,"""CAN FD x 4""",2026-08-14T07:54:09+00:00,manufacturer_product_page
device,hpmicro::hpm5e11ipb,USB,hpmicro:selector:hpm5e00,https://www.hpmicro.com/product-center/microcontroller/hpm5e00/aaaab,selection column:USB,"""USB HS w/ PHY ×1""",2026-08-14T07:54:09+00:00,manufacturer_product_page
device,hpmicro::hpm5e11ipb,SPI,hpmicro:selector:hpm5e00,https://www.hpmicro.com/product-center/microcontroller/hpm5e00/aaaab,selection column:SPI,"""4""",2026-08-14T07:54:09+00:00,manufacturer_product_page
device,hpmicro::hpm5e11ipb,I²C,hpmicro:selector:hpm5e00,https://www.hpmicro.com/product-center/microcontroller/hpm5e00/aaaab,selection column:I²C,"""4""",2026-08-14T07:54:09+00:00,manufacturer_product_page
device,hpmicro::hpm5e11ipb,UART,hpmicro:selector:hpm5e00,https://www.hpmicro.com/product-center/microcontroller/hpm5e00/aaaab,selection column:UART,"""9""",2026-08-14T07:54:09+00:00,manufacturer_product_page
device,hpmicro::hpm5e11ipb,Crypto 安全算法,hpmicro:selector:hpm5e00,https://www.hpmicro.com/product-center/microcontroller/hpm5e00/aaaab,selection column:Crypto 安全算法,"""/""",2026-08-14T07:54:09+00:00,manufacturer_product_page
device,hpmicro::hpm5e11ipb,PDM数字麦克风,hpmicro:selector:hpm5e00,https://www.hpmicro.com/product-center/microcontroller/hpm5e00/aaaab,selection column:PDM数字麦克风,"""/""",2026-08-14T07:54:09+00:00,manufacturer_product_page
device,hpmicro::hpm5e11ipb,安全特性,hpmicro:selector:hpm5e00,https://www.hpmicro.com/product-center/microcontroller/hpm5e00/aaaab,selection column:安全特性,"""安全启动,JTAG 保护,实时代码加密执行""",2026-08-14T07:54:09+00:00,manufacturer_product_page
device,hpmicro::hpm5e11ipb,功能安全,hpmicro:selector:hpm5e00,https://www.hpmicro.com/product-center/microcontroller/hpm5e00/aaaab,selection column:功能安全,"""/""",2026-08-14T07:54:09+00:00,manufacturer_product_page
device,hpmicro::hpm5e11ipb,电机控制,hpmicro:selector:hpm5e00,https://www.hpmicro.com/product-center/microcontroller/hpm5e00/aaaab,selection column:电机控制,"""/""",2026-08-14T07:54:09+00:00,manufacturer_product_page
device,hpmicro::hpm5e11ipb,RTC,hpmicro:selector:hpm5e00,https://www.hpmicro.com/product-center/microcontroller/hpm5e00/aaaab,selection column:RTC,"""/""",2026-08-14T07:54:09+00:00,manufacturer_product_page
device,hpmicro::hpm5e11ipb,GPTimer,hpmicro:selector:hpm5e00,https://www.hpmicro.com/product-center/microcontroller/hpm5e00/aaaab,selection column:GPTimer,"""5×32 位""",2026-08-14T07:54:09+00:00,manufacturer_product_page
device,hpmicro::hpm5e11ipb,WDG,hpmicro:selector:hpm5e00,https://www.hpmicro.com/product-center/microcontroller/hpm5e00/aaaab,selection column:WDG,"""3""",2026-08-14T07:54:09+00:00,manufacturer_product_page
device,hpmicro::hpm5e11ipb,ADC 12bit,hpmicro:selector:hpm5e00,https://www.hpmicro.com/product-center/microcontroller/hpm5e00/aaaab,selection column:ADC 12bit,"""/""",2026-08-14T07:54:09+00:00,manufacturer_product_page
device,hpmicro::hpm5e11ipb,ADC 16bit,hpmicro:selector:hpm5e00,https://www.hpmicro.com/product-center/microcontroller/hpm5e00/aaaab,selection column:ADC 16bit,"""2""",2026-08-14T07:54:09+00:00,manufacturer_product_page
device,hpmicro::hpm5e11ipb,DAC 12bit,hpmicro:selector:hpm5e00,https://www.hpmicro.com/product-center/microcontroller/hpm5e00/aaaab,selection column:DAC 12bit,"""/""",2026-08-14T07:54:09+00:00,manufacturer_product_page
device,hpmicro::hpm5e11ipb,比较器,hpmicro:selector:hpm5e00,https://www.hpmicro.com/product-center/microcontroller/hpm5e00/aaaab,selection column:比较器,"""2""",2026-08-14T07:54:09+00:00,manufacturer_product_page
device,hpmicro::hpm5e11ipb,运算放大器,hpmicro:selector:hpm5e00,https://www.hpmicro.com/product-center/microcontroller/hpm5e00/aaaab,selection column:运算放大器,"""/""",2026-08-14T07:54:09+00:00,manufacturer_product_page
device,hpmicro::hpm5e11ipb,封装形式,hpmicro:selector:hpm5e00,https://www.hpmicro.com/product-center/microcontroller/hpm5e00/aaaab,selection column:封装形式,"""14×14 100eLQFP 0.5P""",2026-08-14T07:54:09+00:00,manufacturer_product_page
device,hpmicro::hpm5e11ipb,脚间距（mm),hpmicro:selector:hpm5e00,https://www.hpmicro.com/product-center/microcontroller/hpm5e00/aaaab,selection column:脚间距（mm),"""0.5""",2026-08-14T07:54:09+00:00,manufacturer_product_page
device,hpmicro::hpm5e11ipb,温度范围,hpmicro:selector:hpm5e00,https://www.hpmicro.com/product-center/microcontroller/hpm5e00/aaaab,selection column:温度范围,"""−40 ∼ 125◦C Tj / −40 ∼ 105◦C Ta""",2026-08-14T07:54:09+00:00,manufacturer_product_page
device,hpmicro::hpm5e11ipb,型号,hpmicro:selector:hpm5e00,https://www.hpmicro.com/product-center/microcontroller/hpm5e00/aaaab,selection column:型号,"""HPM5E11IPB""",2026-08-14T07:54:09+00:00,manufacturer_product_page
device,hpmicro::hpm6280ipa,内核类型,hpmicro:selector:hpm6200,https://www.hpmicro.com/product-center/microcontroller/hpm6200/6200-selection-table,selection column:内核类型,"""双核 32 位 RISC-V 处理器""",2026-08-14T07:54:09+00:00,manufacturer_product_page
device,hpmicro::hpm6280ipa,最高主频（MHz）,hpmicro:selector:hpm6200,https://www.hpmicro.com/product-center/microcontroller/hpm6200/6200-selection-table,selection column:最高主频（MHz）,"""600""",2026-08-14T07:54:09+00:00,manufacturer_product_page
device,hpmicro::hpm6280ipa,Flash (MB),hpmicro:selector:hpm6200,https://www.hpmicro.com/product-center/microcontroller/hpm6200/6200-selection-table,selection column:Flash (MB),"""0""",2026-08-14T07:54:09+00:00,manufacturer_product_page
device,hpmicro::hpm6280ipa,SRAM,hpmicro:selector:hpm6200,https://www.hpmicro.com/product-center/microcontroller/hpm6200/6200-selection-table,selection column:SRAM,"""800KB""",2026-08-14T07:54:09+00:00,manufacturer_product_page
device,hpmicro::hpm6280ipa,电源输入（V）,hpmicro:selector:hpm6200,https://www.hpmicro.com/product-center/microcontroller/hpm6200/6200-selection-table,selection column:电源输入（V）,"""3~3.6V""",2026-08-14T07:54:09+00:00,manufacturer_product_page
device,hpmicro::hpm6280ipa,图形编解码器,hpmicro:selector:hpm6200,https://www.hpmicro.com/product-center/microcontroller/hpm6200/6200-selection-table,selection column:图形编解码器,"""/""",2026-08-14T07:54:09+00:00,manufacturer_product_page
device,hpmicro::hpm6280ipa,图形加速,hpmicro:selector:hpm6200,https://www.hpmicro.com/product-center/microcontroller/hpm6200/6200-selection-table,selection column:图形加速,"""/""",2026-08-14T07:54:09+00:00,manufacturer_product_page
device,hpmicro::hpm6280ipa,LCD,hpmicro:selector:hpm6200,https://www.hpmicro.com/product-center/microcontroller/hpm6200/6200-selection-table,selection column:LCD,"""/""",2026-08-14T07:54:09+00:00,manufacturer_product_page
device,hpmicro::hpm6280ipa,摄像头接口（DVP）,hpmicro:selector:hpm6200,https://www.hpmicro.com/product-center/microcontroller/hpm6200/6200-selection-table,selection column:摄像头接口（DVP）,"""/""",2026-08-14T07:54:09+00:00,manufacturer_product_page
device,hpmicro::hpm6280ipa,I²S,hpmicro:selector:hpm6200,https://www.hpmicro.com/product-center/microcontroller/hpm6200/6200-selection-table,selection column:I²S,"""/""",2026-08-14T07:54:09+00:00,manufacturer_product_page
device,hpmicro::hpm6280ipa,数字音频输出,hpmicro:selector:hpm6200,https://www.hpmicro.com/product-center/microcontroller/hpm6200/6200-selection-table,selection column:数字音频输出,"""/""",2026-08-14T07:54:09+00:00,manufacturer_product_page
device,hpmicro::hpm6280ipa,DDR,hpmicro:selector:hpm6200,https://www.hpmicro.com/product-center/microcontroller/hpm6200/6200-selection-table,selection column:DDR,"""/""",2026-08-14T07:54:09+00:00,manufacturer_product_page
device,hpmicro::hpm6280ipa,SDRAM,hpmicro:selector:hpm6200,https://www.hpmicro.com/product-center/microcontroller/hpm6200/6200-selection-table,selection column:SDRAM,"""/""",2026-08-14T07:54:09+00:00,manufacturer_product_page
device,hpmicro::hpm6280ipa,SD/eMMC （*63系列无eMMC）,hpmicro:selector:hpm6200,https://www.hpmicro.com/product-center/microcontroller/hpm6200/6200-selection-table,selection column:SD/eMMC （*63系列无eMMC）,"""/""",2026-08-14T07:54:09+00:00,manufacturer_product_page
device,hpmicro::hpm6280ipa,XPI,hpmicro:selector:hpm6200,https://www.hpmicro.com/product-center/microcontroller/hpm6200/6200-selection-table,selection column:XPI,"""1""",2026-08-14T07:54:09+00:00,manufacturer_product_page
device,hpmicro::hpm6280ipa,以太网,hpmicro:selector:hpm6200,https://www.hpmicro.com/product-center/microcontroller/hpm6200/6200-selection-table,selection column:以太网,"""/""",2026-08-14T07:54:09+00:00,manufacturer_product_page
device,hpmicro::hpm6280ipa,CAN,hpmicro:selector:hpm6200,https://www.hpmicro.com/product-center/microcontroller/hpm6200/6200-selection-table,selection column:CAN,"""CAN FD x 4""",2026-08-14T07:54:09+00:00,manufacturer_product_page
device,hpmicro::hpm6280ipa,USB,hpmicro:selector:hpm6200,https://www.hpmicro.com/product-center/microcontroller/hpm6200/6200-selection-table,selection column:USB,"""USB HS w/ PHY ×1""",2026-08-14T07:54:09+00:00,manufacturer_product_page
device,hpmicro::hpm6280ipa,SPI,hpmicro:selector:hpm6200,https://www.hpmicro.com/product-center/microcontroller/hpm6200/6200-selection-table,selection column:SPI,"""4""",2026-08-14T07:54:09+00:00,manufacturer_product_page
device,hpmicro::hpm6280ipa,I²C,hpmicro:selector:hpm6200,https://www.hpmicro.com/product-center/microcontroller/hpm6200/6200-selection-table,selection column:I²C,"""4""",2026-08-14T07:54:09+00:00,manufacturer_product_page
device,hpmicro::hpm6280ipa,UART,hpmicro:selector:hpm6200,https://www.hpmicro.com/product-center/microcontroller/hpm6200/6200-selection-table,selection column:UART,"""9""",2026-08-14T07:54:09+00:00,manufacturer_product_page
device,hpmicro::hpm6280ipa,Crypto 安全算法,hpmicro:selector:hpm6200,https://www.hpmicro.com/product-center/microcontroller/hpm6200/6200-selection-table,selection column:Crypto 安全算法,"""AES128/256, SHA-1/256""",2026-08-14T07:54:09+00:00,manufacturer_product_page
device,hpmicro::hpm6280ipa,PDM数字麦克风,hpmicro:selector:hpm6200,https://www.hpmicro.com/product-center/microcontroller/hpm6200/6200-selection-table,selection column:PDM数字麦克风,"""8通道""",2026-08-14T07:54:09+00:00,manufacturer_product_page
device,hpmicro::hpm6280ipa,安全特性,hpmicro:selector:hpm6200,https://www.hpmicro.com/product-center/microcontroller/hpm6200/6200-selection-table,selection column:安全特性,"""安全启动,JTAG 保护,实时代码加密执行""",2026-08-14T07:54:09+00:00,manufacturer_product_page
device,hpmicro::hpm6280ipa,功能安全,hpmicro:selector:hpm6200,https://www.hpmicro.com/product-center/microcontroller/hpm6200/6200-selection-table,selection column:功能安全,"""/""",2026-08-14T07:54:09+00:00,manufacturer_product_page
device,hpmicro::hpm6280ipa,电机控制,hpmicro:selector:hpm6200,https://www.hpmicro.com/product-center/microcontroller/hpm6200/6200-selection-table,selection column:电机控制,"""4× 正交编码器接口，4×HALL 接口""",2026-08-14T07:54:09+00:00,manufacturer_product_page
device,hpmicro::hpm6280ipa,RTC,hpmicro:selector:hpm6200,https://www.hpmicro.com/product-center/microcontroller/hpm6200/6200-selection-table,selection column:RTC,"""1""",2026-08-14T07:54:09+00:00,manufacturer_product_page
device,hpmicro::hpm6280ipa,GPTimer,hpmicro:selector:hpm6200,https://www.hpmicro.com/product-center/microcontroller/hpm6200/6200-selection-table,selection column:GPTimer,"""5×32 位""",2026-08-14T07:54:09+00:00,manufacturer_product_page
device,hpmicro::hpm6280ipa,WDG,hpmicro:selector:hpm6200,https://www.hpmicro.com/product-center/microcontroller/hpm6200/6200-selection-table,selection column:WDG,"""3""",2026-08-14T07:54:09+00:00,manufacturer_product_page
device,hpmicro::hpm6280ipa,ADC 12bit,hpmicro:selector:hpm6200,https://www.hpmicro.com/product-center/microcontroller/hpm6200/6200-selection-table,selection column:ADC 12bit,"""/""",2026-08-14T07:54:09+00:00,manufacturer_product_page
device,hpmicro::hpm6280ipa,ADC 16bit,hpmicro:selector:hpm6200,https://www.hpmicro.com/product-center/microcontroller/hpm6200/6200-selection-table,selection column:ADC 16bit,"""3""",2026-08-14T07:54:09+00:00,manufacturer_product_page
device,hpmicro::hpm6280ipa,DAC 12bit,hpmicro:selector:hpm6200,https://www.hpmicro.com/product-center/microcontroller/hpm6200/6200-selection-table,selection column:DAC 12bit,"""2 x 12bit DAC""",2026-08-14T07:54:09+00:00,manufacturer_product_page
device,hpmicro::hpm6280ipa,比较器,hpmicro:selector:hpm6200,https://www.hpmicro.com/product-center/microcontroller/hpm6200/6200-selection-table,selection column:比较器,"""4""",2026-08-14T07:54:09+00:00,manufacturer_product_page
device,hpmicro::hpm6280ipa,运算放大器,hpmicro:selector:hpm6200,https://www.hpmicro.com/product-center/microcontroller/hpm6200/6200-selection-table,selection column:运算放大器,"""/""",2026-08-14T07:54:09+00:00,manufacturer_product_page
device,hpmicro::hpm6280ipa,封装形式,hpmicro:selector:hpm6200,https://www.hpmicro.com/product-center/microcontroller/hpm6200/6200-selection-table,selection column:封装形式,"""20×20 144eLQFP P0.5""",2026-08-14T07:54:09+00:00,manufacturer_product_page
device,hpmicro::hpm6280ipa,产品厚度（mm),hpmicro:selector:hpm6200,https://www.hpmicro.com/product-center/microcontroller/hpm6200/6200-selection-table,selection column:产品厚度（mm),"""1.4""",2026-08-14T07:54:09+00:00,manufacturer_product_page
device,hpmicro::hpm6280ipa,脚间距（mm),hpmicro:selector:hpm6200,https://www.hpmicro.com/product-center/microcontroller/hpm6200/6200-selection-table,selection column:脚间距（mm),"""0.5""",2026-08-14T07:54:09+00:00,manufacturer_product_page
device,hpmicro::hpm6280ipa,包装方式,hpmicro:selector:hpm6200,https://www.hpmicro.com/product-center/microcontroller/hpm6200/6200-selection-table,selection column:包装方式,"""Tray 盘""",2026-08-14T07:54:09+00:00,manufacturer_product_page
device,hpmicro::hpm6280ipa,MPQ,hpmicro:selector:hpm6200,https://www.hpmicro.com/product-center/microcontroller/hpm6200/6200-selection-table,selection column:MPQ,"""60""",2026-08-14T07:54:09+00:00,manufacturer_product_page
device,hpmicro::hpm6280ipa,MOQ,hpmicro:selector:hpm6200,https://www.hpmicro.com/product-center/microcontroller/hpm6200/6200-selection-table,selection column:MOQ,"""60*10""",2026-08-14T07:54:09+00:00,manufacturer_product_page
device,hpmicro::hpm6280ipa,温度范围,hpmicro:selector:hpm6200,https://www.hpmicro.com/product-center/microcontroller/hpm6200/6200-selection-table,selection column:温度范围,"""−40 ∼ 125°C Tj / −40 ∼ 105°C Ta""",2026-08-14T07:54:09+00:00,manufacturer_product_page
device,hpmicro::hpm6280ipa,型号,hpmicro:selector:hpm6200,https://www.hpmicro.com/product-center/microcontroller/hpm6200/6200-selection-table,selection column:型号,"""HPM6280IPA""",2026-08-14T07:54:09+00:00,manufacturer_product_page
device,hpmicro::hpm6280iep,内核类型,hpmicro:selector:hpm6200,https://www.hpmicro.com/product-center/microcontroller/hpm6200/6200-selection-table,selection column:内核类型,"""双核 32 位 RISC-V 处理器""",2026-08-14T07:54:09+00:00,manufacturer_product_page
device,hpmicro::hpm6280iep,最高主频（MHz）,hpmicro:selector:hpm6200,https://www.hpmicro.com/product-center/microcontroller/hpm6200/6200-selection-table,selection column:最高主频（MHz）,"""600""",2026-08-14T07:54:09+00:00,manufacturer_product_page
device,hpmicro::hpm6280iep,Flash (MB),hpmicro:selector:hpm6200,https://www.hpmicro.com/product-center/microcontroller/hpm6200/6200-selection-table,selection column:Flash (MB),"""0""",2026-08-14T07:54:09+00:00,manufacturer_product_page
device,hpmicro::hpm6280iep,SRAM,hpmicro:selector:hpm6200,https://www.hpmicro.com/product-center/microcontroller/hpm6200/6200-selection-table,selection column:SRAM,"""800KB""",2026-08-14T07:54:09+00:00,manufacturer_product_page
device,hpmicro::hpm6280iep,电源输入（V）,hpmicro:selector:hpm6200,https://www.hpmicro.com/product-center/microcontroller/hpm6200/6200-selection-table,selection column:电源输入（V）,"""3~3.6V""",2026-08-14T07:54:09+00:00,manufacturer_product_page
device,hpmicro::hpm6280iep,图形编解码器,hpmicro:selector:hpm6200,https://www.hpmicro.com/product-center/microcontroller/hpm6200/6200-selection-table,selection column:图形编解码器,"""/""",2026-08-14T07:54:09+00:00,manufacturer_product_page
device,hpmicro::hpm6280iep,图形加速,hpmicro:selector:hpm6200,https://www.hpmicro.com/product-center/microcontroller/hpm6200/6200-selection-table,selection column:图形加速,"""/""",2026-08-14T07:54:09+00:00,manufacturer_product_page
device,hpmicro::hpm6280iep,LCD,hpmicro:selector:hpm6200,https://www.hpmicro.com/product-center/microcontroller/hpm6200/6200-selection-table,selection column:LCD,"""/""",2026-08-14T07:54:09+00:00,manufacturer_product_page
device,hpmicro::hpm6280iep,摄像头接口（DVP）,hpmicro:selector:hpm6200,https://www.hpmicro.com/product-center/microcontroller/hpm6200/6200-selection-table,selection column:摄像头接口（DVP）,"""/""",2026-08-14T07:54:09+00:00,manufacturer_product_page
device,hpmicro::hpm6280iep,I²S,hpmicro:selector:hpm6200,https://www.hpmicro.com/product-center/microcontroller/hpm6200/6200-selection-table,selection column:I²S,"""/""",2026-08-14T07:54:09+00:00,manufacturer_product_page
device,hpmicro::hpm6280iep,数字音频输出,hpmicro:selector:hpm6200,https://www.hpmicro.com/product-center/microcontroller/hpm6200/6200-selection-table,selection column:数字音频输出,"""/""",2026-08-14T07:54:09+00:00,manufacturer_product_page
device,hpmicro::hpm6280iep,DDR,hpmicro:selector:hpm6200,https://www.hpmicro.com/product-center/microcontroller/hpm6200/6200-selection-table,selection column:DDR,"""/""",2026-08-14T07:54:09+00:00,manufacturer_product_page
device,hpmicro::hpm6280iep,SDRAM,hpmicro:selector:hpm6200,https://www.hpmicro.com/product-center/microcontroller/hpm6200/6200-selection-table,selection column:SDRAM,"""/""",2026-08-14T07:54:09+00:00,manufacturer_product_page
device,hpmicro::hpm6280iep,SD/eMMC （*63系列无eMMC）,hpmicro:selector:hpm6200,https://www.hpmicro.com/product-center/microcontroller/hpm6200/6200-selection-table,selection column:SD/eMMC （*63系列无eMMC）,"""/""",2026-08-14T07:54:09+00:00,manufacturer_product_page
device,hpmicro::hpm6280iep,XPI,hpmicro:selector:hpm6200,https://www.hpmicro.com/product-center/microcontroller/hpm6200/6200-selection-table,selection column:XPI,"""1""",2026-08-14T07:54:09+00:00,manufacturer_product_page
device,hpmicro::hpm6280iep,以太网,hpmicro:selector:hpm6200,https://www.hpmicro.com/product-center/microcontroller/hpm6200/6200-selection-table,selection column:以太网,"""/""",2026-08-14T07:54:09+00:00,manufacturer_product_page
device,hpmicro::hpm6280iep,CAN,hpmicro:selector:hpm6200,https://www.hpmicro.com/product-center/microcontroller/hpm6200/6200-selection-table,selection column:CAN,"""CAN FD x 4""",2026-08-14T07:54:09+00:00,manufacturer_product_page
device,hpmicro::hpm6280iep,USB,hpmicro:selector:hpm6200,https://www.hpmicro.com/product-center/microcontroller/hpm6200/6200-selection-table,selection column:USB,"""USB HS w/ PHY ×1""",2026-08-14T07:54:09+00:00,manufacturer_product_page
device,hpmicro::hpm6280iep,SPI,hpmicro:selector:hpm6200,https://www.hpmicro.com/product-center/microcontroller/hpm6200/6200-selection-table,selection column:SPI,"""4""",2026-08-14T07:54:09+00:00,manufacturer_product_page
device,hpmicro::hpm6280iep,I²C,hpmicro:selector:hpm6200,https://www.hpmicro.com/product-center/microcontroller/hpm6200/6200-selection-table,selection column:I²C,"""4""",2026-08-14T07:54:09+00:00,manufacturer_product_page
device,hpmicro::hpm6280iep,UART,hpmicro:selector:hpm6200,https://www.hpmicro.com/product-center/microcontroller/hpm6200/6200-selection-table,selection column:UART,"""9""",2026-08-14T07:54:09+00:00,manufacturer_product_page
device,hpmicro::hpm6280iep,Crypto 安全算法,hpmicro:selector:hpm6200,https://www.hpmicro.com/product-center/microcontroller/hpm6200/6200-selection-table,selection column:Crypto 安全算法,"""AES128/256, SHA-1/256""",2026-08-14T07:54:09+00:00,manufacturer_product_page
device,hpmicro::hpm6280iep,PDM数字麦克风,hpmicro:selector:hpm6200,https://www.hpmicro.com/product-center/microcontroller/hpm6200/6200-selection-table,selection column:PDM数字麦克风,"""8通道""",2026-08-14T07:54:09+00:00,manufacturer_product_page
device,hpmicro::hpm6280iep,安全特性,hpmicro:selector:hpm6200,https://www.hpmicro.com/product-center/microcontroller/hpm6200/6200-selection-table,selection column:安全特性,"""安全启动,JTAG 保护,实时代码加密执行""",2026-08-14T07:54:09+00:00,manufacturer_product_page
device,hpmicro::hpm6280iep,功能安全,hpmicro:selector:hpm6200,https://www.hpmicro.com/product-center/microcontroller/hpm6200/6200-selection-table,selection column:功能安全,"""/""",2026-08-14T07:54:09+00:00,manufacturer_product_page
device,hpmicro::hpm6280iep,电机控制,hpmicro:selector:hpm6200,https://www.hpmicro.com/product-center/microcontroller/hpm6200/6200-selection-table,selection column:电机控制,"""4× 正交编码器接口，4×HALL 接口""",2026-08-14T07:54:09+00:00,manufacturer_product_page
device,hpmicro::hpm6280iep,RTC,hpmicro:selector:hpm6200,https://www.hpmicro.com/product-center/microcontroller/hpm6200/6200-selection-table,selection column:RTC,"""1""",2026-08-14T07:54:09+00:00,manufacturer_product_page
device,hpmicro::hpm6280iep,GPTimer,hpmicro:selector:hpm6200,https://www.hpmicro.com/product-center/microcontroller/hpm6200/6200-selection-table,selection column:GPTimer,"""5×32 位""",2026-08-14T07:54:09+00:00,manufacturer_product_page
device,hpmicro::hpm6280iep,WDG,hpmicro:selector:hpm6200,https://www.hpmicro.com/product-center/microcontroller/hpm6200/6200-selection-table,selection column:WDG,"""3""",2026-08-14T07:54:09+00:00,manufacturer_product_page
device,hpmicro::hpm6280iep,ADC 12bit,hpmicro:selector:hpm6200,https://www.hpmicro.com/product-center/microcontroller/hpm6200/6200-selection-table,selection column:ADC 12bit,"""/""",2026-08-14T07:54:09+00:00,manufacturer_product_page
device,hpmicro::hpm6280iep,ADC 16bit,hpmicro:selector:hpm6200,https://www.hpmicro.com/product-center/microcontroller/hpm6200/6200-selection-table,selection column:ADC 16bit,"""3""",2026-08-14T07:54:09+00:00,manufacturer_product_page
device,hpmicro::hpm6280iep,DAC 12bit,hpmicro:selector:hpm6200,https://www.hpmicro.com/product-center/microcontroller/hpm6200/6200-selection-table,selection column:DAC 12bit,"""2 x 12bit DAC""",2026-08-14T07:54:09+00:00,manufacturer_product_page
device,hpmicro::hpm6280iep,比较器,hpmicro:selector:hpm6200,https://www.hpmicro.com/product-center/microcontroller/hpm6200/6200-selection-table,selection column:比较器,"""4""",2026-08-14T07:54:09+00:00,manufacturer_product_page
device,hpmicro::hpm6280iep,运算放大器,hpmicro:selector:hpm6200,https://www.hpmicro.com/product-center/microcontroller/hpm6200/6200-selection-table,selection column:运算放大器,"""/""",2026-08-14T07:54:09+00:00,manufacturer_product_page
device,hpmicro::hpm6280iep,封装形式,hpmicro:selector:hpm6200,https://www.hpmicro.com/product-center/microcontroller/hpm6200/6200-selection-table,selection column:封装形式,"""7×7 116BGA P0.5""",2026-08-14T07:54:09+00:00,manufacturer_product_page
device,hpmicro::hpm6280iep,产品厚度（mm),hpmicro:selector:hpm6200,https://www.hpmicro.com/product-center/microcontroller/hpm6200/6200-selection-table,selection column:产品厚度（mm),"""1.06""",2026-08-14T07:54:09+00:00,manufacturer_product_page
device,hpmicro::hpm6280iep,脚间距（mm),hpmicro:selector:hpm6200,https://www.hpmicro.com/product-center/microcontroller/hpm6200/6200-selection-table,selection column:脚间距（mm),"""0.5""",2026-08-14T07:54:09+00:00,manufacturer_product_page
device,hpmicro::hpm6280iep,包装方式,hpmicro:selector:hpm6200,https://www.hpmicro.com/product-center/microcontroller/hpm6200/6200-selection-table,selection column:包装方式,"""Tray 盘""",2026-08-14T07:54:09+00:00,manufacturer_product_page
device,hpmicro::hpm6280iep,MPQ,hpmicro:selector:hpm6200,https://www.hpmicro.com/product-center/microcontroller/hpm6200/6200-selection-table,selection column:MPQ,"""260""",2026-08-14T07:54:09+00:00,manufacturer_product_page
device,hpmicro::hpm6280iep,MOQ,hpmicro:selector:hpm6200,https://www.hpmicro.com/product-center/microcontroller/hpm6200/6200-selection-table,selection column:MOQ,"""260*5""",2026-08-14T07:54:09+00:00,manufacturer_product_page
device,hpmicro::hpm6280iep,温度范围,hpmicro:selector:hpm6200,https://www.hpmicro.com/product-center/microcontroller/hpm6200/6200-selection-table,selection column:温度范围,"""−40 ∼ 125°C Tj / −40 ∼ 105°C Ta""",2026-08-14T07:54:09+00:00,manufacturer_product_page
device,hpmicro::hpm6280iep,型号,hpmicro:selector:hpm6200,https://www.hpmicro.com/product-center/microcontroller/hpm6200/6200-selection-table,selection column:型号,"""HPM6280IEP""",2026-08-14T07:54:09+00:00,manufacturer_product_page
device,hpmicro::hpm6260ipa,内核类型,hpmicro:selector:hpm6200,https://www.hpmicro.com/product-center/microcontroller/hpm6200/6200-selection-table,selection column:内核类型,"""单核 32 位 RISC-V 处理器""",2026-08-14T07:54:09+00:00,manufacturer_product_page
device,hpmicro::hpm6260ipa,最高主频（MHz）,hpmicro:selector:hpm6200,https://www.hpmicro.com/product-center/microcontroller/hpm6200/6200-selection-table,selection column:最高主频（MHz）,"""600""",2026-08-14T07:54:09+00:00,manufacturer_product_page
device,hpmicro::hpm6260ipa,Flash (MB),hpmicro:selector:hpm6200,https://www.hpmicro.com/product-center/microcontroller/hpm6200/6200-selection-table,selection column:Flash (MB),"""0""",2026-08-14T07:54:09+00:00,manufacturer_product_page
device,hpmicro::hpm6260ipa,SRAM,hpmicro:selector:hpm6200,https://www.hpmicro.com/product-center/microcontroller/hpm6200/6200-selection-table,selection column:SRAM,"""800KB""",2026-08-14T07:54:09+00:00,manufacturer_product_page
device,hpmicro::hpm6260ipa,电源输入（V）,hpmicro:selector:hpm6200,https://www.hpmicro.com/product-center/microcontroller/hpm6200/6200-selection-table,selection column:电源输入（V）,"""3~3.6V""",2026-08-14T07:54:09+00:00,manufacturer_product_page
device,hpmicro::hpm6260ipa,图形编解码器,hpmicro:selector:hpm6200,https://www.hpmicro.com/product-center/microcontroller/hpm6200/6200-selection-table,selection column:图形编解码器,"""/""",2026-08-14T07:54:09+00:00,manufacturer_product_page
device,hpmicro::hpm6260ipa,图形加速,hpmicro:selector:hpm6200,https://www.hpmicro.com/product-center/microcontroller/hpm6200/6200-selection-table,selection column:图形加速,"""/""",2026-08-14T07:54:09+00:00,manufacturer_product_page
device,hpmicro::hpm6260ipa,LCD,hpmicro:selector:hpm6200,https://www.hpmicro.com/product-center/microcontroller/hpm6200/6200-selection-table,selection column:LCD,"""/""",2026-08-14T07:54:09+00:00,manufacturer_product_page
device,hpmicro::hpm6260ipa,摄像头接口（DVP）,hpmicro:selector:hpm6200,https://www.hpmicro.com/product-center/microcontroller/hpm6200/6200-selection-table,selection column:摄像头接口（DVP）,"""/""",2026-08-14T07:54:09+00:00,manufacturer_product_page
device,hpmicro::hpm6260ipa,I²S,hpmicro:selector:hpm6200,https://www.hpmicro.com/product-center/microcontroller/hpm6200/6200-selection-table,selection column:I²S,"""/""",2026-08-14T07:54:09+00:00,manufacturer_product_page
device,hpmicro::hpm6260ipa,数字音频输出,hpmicro:selector:hpm6200,https://www.hpmicro.com/product-center/microcontroller/hpm6200/6200-selection-table,selection column:数字音频输出,"""/""",2026-08-14T07:54:09+00:00,manufacturer_product_page
device,hpmicro::hpm6260ipa,DDR,hpmicro:selector:hpm6200,https://www.hpmicro.com/product-center/microcontroller/hpm6200/6200-selection-table,selection column:DDR,"""/""",2026-08-14T07:54:09+00:00,manufacturer_product_page
device,hpmicro::hpm6260ipa,SDRAM,hpmicro:selector:hpm6200,https://www.hpmicro.com/product-center/microcontroller/hpm6200/6200-selection-table,selection column:SDRAM,"""/""",2026-08-14T07:54:09+00:00,manufacturer_product_page
device,hpmicro::hpm6260ipa,SD/eMMC （*63系列无eMMC）,hpmicro:selector:hpm6200,https://www.hpmicro.com/product-center/microcontroller/hpm6200/6200-selection-table,selection column:SD/eMMC （*63系列无eMMC）,"""/""",2026-08-14T07:54:09+00:00,manufacturer_product_page
device,hpmicro::hpm6260ipa,XPI,hpmicro:selector:hpm6200,https://www.hpmicro.com/product-center/microcontroller/hpm6200/6200-selection-table,selection column:XPI,"""1""",2026-08-14T07:54:09+00:00,manufacturer_product_page
device,hpmicro::hpm6260ipa,以太网,hpmicro:selector:hpm6200,https://www.hpmicro.com/product-center/microcontroller/hpm6200/6200-selection-table,selection column:以太网,"""/""",2026-08-14T07:54:09+00:00,manufacturer_product_page
device,hpmicro::hpm6260ipa,CAN,hpmicro:selector:hpm6200,https://www.hpmicro.com/product-center/microcontroller/hpm6200/6200-selection-table,selection column:CAN,"""CAN FD x 4""",2026-08-14T07:54:09+00:00,manufacturer_product_page
device,hpmicro::hpm6260ipa,USB,hpmicro:selector:hpm6200,https://www.hpmicro.com/product-center/microcontroller/hpm6200/6200-selection-table,selection column:USB,"""USB HS w/ PHY ×1""",2026-08-14T07:54:09+00:00,manufacturer_product_page
device,hpmicro::hpm6260ipa,SPI,hpmicro:selector:hpm6200,https://www.hpmicro.com/product-center/microcontroller/hpm6200/6200-selection-table,selection column:SPI,"""4""",2026-08-14T07:54:09+00:00,manufacturer_product_page
device,hpmicro::hpm6260ipa,I²C,hpmicro:selector:hpm6200,https://www.hpmicro.com/product-center/microcontroller/hpm6200/6200-selection-table,selection column:I²C,"""4""",2026-08-14T07:54:09+00:00,manufacturer_product_page
device,hpmicro::hpm6260ipa,UART,hpmicro:selector:hpm6200,https://www.hpmicro.com/product-center/microcontroller/hpm6200/6200-selection-table,selection column:UART,"""9""",2026-08-14T07:54:09+00:00,manufacturer_product_page
device,hpmicro::hpm6260ipa,Crypto 安全算法,hpmicro:selector:hpm6200,https://www.hpmicro.com/product-center/microcontroller/hpm6200/6200-selection-table,selection column:Crypto 安全算法,"""AES128/256, SHA-1/256""",2026-08-14T07:54:09+00:00,manufacturer_product_page
device,hpmicro::hpm6260ipa,PDM数字麦克风,hpmicro:selector:hpm6200,https://www.hpmicro.com/product-center/microcontroller/hpm6200/6200-selection-table,selection column:PDM数字麦克风,"""8通道""",2026-08-14T07:54:09+00:00,manufacturer_product_page
device,hpmicro::hpm6260ipa,安全特性,hpmicro:selector:hpm6200,https://www.hpmicro.com/product-center/microcontroller/hpm6200/6200-selection-table,selection column:安全特性,"""安全启动,JTAG 保护,实时代码加密执行""",2026-08-14T07:54:09+00:00,manufacturer_product_page
device,hpmicro::hpm6260ipa,功能安全,hpmicro:selector:hpm6200,https://www.hpmicro.com/product-center/microcontroller/hpm6200/6200-selection-table,selection column:功能安全,"""/""",2026-08-14T07:54:09+00:00,manufacturer_product_page
device,hpmicro::hpm6260ipa,电机控制,hpmicro:selector:hpm6200,https://www.hpmicro.com/product-center/microcontroller/hpm6200/6200-selection-table,selection column:电机控制,"""4× 正交编码器接口，4×HALL 接口""",2026-08-14T07:54:09+00:00,manufacturer_product_page
device,hpmicro::hpm6260ipa,RTC,hpmicro:selector:hpm6200,https://www.hpmicro.com/product-center/microcontroller/hpm6200/6200-selection-table,selection column:RTC,"""1""",2026-08-14T07:54:09+00:00,manufacturer_product_page
device,hpmicro::hpm6260ipa,GPTimer,hpmicro:selector:hpm6200,https://www.hpmicro.com/product-center/microcontroller/hpm6200/6200-selection-table,selection column:GPTimer,"""5×32 位""",2026-08-14T07:54:09+00:00,manufacturer_product_page
device,hpmicro::hpm6260ipa,WDG,hpmicro:selector:hpm6200,https://www.hpmicro.com/product-center/microcontroller/hpm6200/6200-selection-table,selection column:WDG,"""3""",2026-08-14T07:54:09+00:00,manufacturer_product_page
device,hpmicro::hpm6260ipa,ADC 12bit,hpmicro:selector:hpm6200,https://www.hpmicro.com/product-center/microcontroller/hpm6200/6200-selection-table,selection column:ADC 12bit,"""/""",2026-08-14T07:54:09+00:00,manufacturer_product_page
device,hpmicro::hpm6260ipa,ADC 16bit,hpmicro:selector:hpm6200,https://www.hpmicro.com/product-center/microcontroller/hpm6200/6200-selection-table,selection column:ADC 16bit,"""3""",2026-08-14T07:54:09+00:00,manufacturer_product_page
device,hpmicro::hpm6260ipa,比较器,hpmicro:selector:hpm6200,https://www.hpmicro.com/product-center/microcontroller/hpm6200/6200-selection-table,selection column:比较器,"""4""",2026-08-14T07:54:09+00:00,manufacturer_product_page
device,hpmicro::hpm6260ipa,运算放大器,hpmicro:selector:hpm6200,https://www.hpmicro.com/product-center/microcontroller/hpm6200/6200-selection-table,selection column:运算放大器,"""/""",2026-08-14T07:54:09+00:00,manufacturer_product_page
device,hpmicro::hpm6260ipa,封装形式,hpmicro:selector:hpm6200,https://www.hpmicro.com/product-center/microcontroller/hpm6200/6200-selection-table,selection column:封装形式,"""20×20 144eLQFP P0.5""",2026-08-14T07:54:09+00:00,manufacturer_product_page
device,hpmicro::hpm6260ipa,产品厚度（mm),hpmicro:selector:hpm6200,https://www.hpmicro.com/product-center/microcontroller/hpm6200/6200-selection-table,selection column:产品厚度（mm),"""1.4""",2026-08-14T07:54:09+00:00,manufacturer_product_page
device,hpmicro::hpm6260ipa,脚间距（mm),hpmicro:selector:hpm6200,https://www.hpmicro.com/product-center/microcontroller/hpm6200/6200-selection-table,selection column:脚间距（mm),"""0.5""",2026-08-14T07:54:09+00:00,manufacturer_product_page
device,hpmicro::hpm6260ipa,包装方式,hpmicro:selector:hpm6200,https://www.hpmicro.com/product-center/microcontroller/hpm6200/6200-selection-table,selection column:包装方式,"""Tray 盘""",2026-08-14T07:54:09+00:00,manufacturer_product_page
device,hpmicro::hpm6260ipa,MPQ,hpmicro:selector:hpm6200,https://www.hpmicro.com/product-center/microcontroller/hpm6200/6200-selection-table,selection column:MPQ,"""60""",2026-08-14T07:54:09+00:00,manufacturer_product_page
device,hpmicro::hpm6260ipa,MOQ,hpmicro:selector:hpm6200,https://www.hpmicro.com/product-center/microcontroller/hpm6200/6200-selection-table,selection column:MOQ,"""60*10""",2026-08-14T07:54:09+00:00,manufacturer_product_page
device,hpmicro::hpm6260ipa,温度范围,hpmicro:selector:hpm6200,https://www.hpmicro.com/product-center/microcontroller/hpm6200/6200-selection-table,selection column:温度范围,"""−40 ∼ 125°C Tj / −40 ∼ 105°C Ta""",2026-08-14T07:54:09+00:00,manufacturer_product_page
device,hpmicro::hpm6260ipa,型号,hpmicro:selector:hpm6200,https://www.hpmicro.com/product-center/microcontroller/hpm6200/6200-selection-table,selection column:型号,"""HPM6260IPA""",2026-08-14T07:54:09+00:00,manufacturer_product_page
device,hpmicro::hpm6260iep,内核类型,hpmicro:selector:hpm6200,https://www.hpmicro.com/product-center/microcontroller/hpm6200/6200-selection-table,selection column:内核类型,"""单核 32 位 RISC-V 处理器""",2026-08-14T07:54:09+00:00,manufacturer_product_page
device,hpmicro::hpm6260iep,最高主频（MHz）,hpmicro:selector:hpm6200,https://www.hpmicro.com/product-center/microcontroller/hpm6200/6200-selection-table,selection column:最高主频（MHz）,"""600""",2026-08-14T07:54:09+00:00,manufacturer_product_page
device,hpmicro::hpm6260iep,Flash (MB),hpmicro:selector:hpm6200,https://www.hpmicro.com/product-center/microcontroller/hpm6200/6200-selection-table,selection column:Flash (MB),"""0""",2026-08-14T07:54:09+00:00,manufacturer_product_page
device,hpmicro::hpm6260iep,SRAM,hpmicro:selector:hpm6200,https://www.hpmicro.com/product-center/microcontroller/hpm6200/6200-selection-table,selection column:SRAM,"""800KB""",2026-08-14T07:54:09+00:00,manufacturer_product_page
device,hpmicro::hpm6260iep,电源输入（V）,hpmicro:selector:hpm6200,https://www.hpmicro.com/product-center/microcontroller/hpm6200/6200-selection-table,selection column:电源输入（V）,"""3~3.6V""",2026-08-14T07:54:09+00:00,manufacturer_product_page
device,hpmicro::hpm6260iep,图形编解码器,hpmicro:selector:hpm6200,https://www.hpmicro.com/product-center/microcontroller/hpm6200/6200-selection-table,selection column:图形编解码器,"""/""",2026-08-14T07:54:09+00:00,manufacturer_product_page
device,hpmicro::hpm6260iep,图形加速,hpmicro:selector:hpm6200,https://www.hpmicro.com/product-center/microcontroller/hpm6200/6200-selection-table,selection column:图形加速,"""/""",2026-08-14T07:54:09+00:00,manufacturer_product_page
device,hpmicro::hpm6260iep,LCD,hpmicro:selector:hpm6200,https://www.hpmicro.com/product-center/microcontroller/hpm6200/6200-selection-table,selection column:LCD,"""/""",2026-08-14T07:54:09+00:00,manufacturer_product_page
device,hpmicro::hpm6260iep,摄像头接口（DVP）,hpmicro:selector:hpm6200,https://www.hpmicro.com/product-center/microcontroller/hpm6200/6200-selection-table,selection column:摄像头接口（DVP）,"""/""",2026-08-14T07:54:09+00:00,manufacturer_product_page
device,hpmicro::hpm6260iep,I²S,hpmicro:selector:hpm6200,https://www.hpmicro.com/product-center/microcontroller/hpm6200/6200-selection-table,selection column:I²S,"""/""",2026-08-14T07:54:09+00:00,manufacturer_product_page
device,hpmicro::hpm6260iep,数字音频输出,hpmicro:selector:hpm6200,https://www.hpmicro.com/product-center/microcontroller/hpm6200/6200-selection-table,selection column:数字音频输出,"""/""",2026-08-14T07:54:09+00:00,manufacturer_product_page
device,hpmicro::hpm6260iep,DDR,hpmicro:selector:hpm6200,https://www.hpmicro.com/product-center/microcontroller/hpm6200/6200-selection-table,selection column:DDR,"""/""",2026-08-14T07:54:09+00:00,manufacturer_product_page
device,hpmicro::hpm6260iep,SDRAM,hpmicro:selector:hpm6200,https://www.hpmicro.com/product-center/microcontroller/hpm6200/6200-selection-table,selection column:SDRAM,"""/""",2026-08-14T07:54:09+00:00,manufacturer_product_page
device,hpmicro::hpm6260iep,SD/eMMC （*63系列无eMMC）,hpmicro:selector:hpm6200,https://www.hpmicro.com/product-center/microcontroller/hpm6200/6200-selection-table,selection column:SD/eMMC （*63系列无eMMC）,"""/""",2026-08-14T07:54:09+00:00,manufacturer_product_page
device,hpmicro::hpm6260iep,XPI,hpmicro:selector:hpm6200,https://www.hpmicro.com/product-center/microcontroller/hpm6200/6200-selection-table,selection column:XPI,"""1""",2026-08-14T07:54:09+00:00,manufacturer_product_page
device,hpmicro::hpm6260iep,以太网,hpmicro:selector:hpm6200,https://www.hpmicro.com/product-center/microcontroller/hpm6200/6200-selection-table,selection column:以太网,"""/""",2026-08-14T07:54:09+00:00,manufacturer_product_page
device,hpmicro::hpm6260iep,CAN,hpmicro:selector:hpm6200,https://www.hpmicro.com/product-center/microcontroller/hpm6200/6200-selection-table,selection column:CAN,"""CAN FD x 4""",2026-08-14T07:54:09+00:00,manufacturer_product_page
device,hpmicro::hpm6260iep,USB,hpmicro:selector:hpm6200,https://www.hpmicro.com/product-center/microcontroller/hpm6200/6200-selection-table,selection column:USB,"""USB HS w/ PHY ×1""",2026-08-14T07:54:09+00:00,manufacturer_product_page
device,hpmicro::hpm6260iep,SPI,hpmicro:selector:hpm6200,https://www.hpmicro.com/product-center/microcontroller/hpm6200/6200-selection-table,selection column:SPI,"""4""",2026-08-14T07:54:09+00:00,manufacturer_product_page
device,hpmicro::hpm6260iep,I²C,hpmicro:selector:hpm6200,https://www.hpmicro.com/product-center/microcontroller/hpm6200/6200-selection-table,selection column:I²C,"""4""",2026-08-14T07:54:09+00:00,manufacturer_product_page
device,hpmicro::hpm6260iep,UART,hpmicro:selector:hpm6200,https://www.hpmicro.com/product-center/microcontroller/hpm6200/6200-selection-table,selection column:UART,"""9""",2026-08-14T07:54:09+00:00,manufacturer_product_page
device,hpmicro::hpm6260iep,Crypto 安全算法,hpmicro:selector:hpm6200,https://www.hpmicro.com/product-center/microcontroller/hpm6200/6200-selection-table,selection column:Crypto 安全算法,"""AES128/256, SHA-1/256""",2026-08-14T07:54:09+00:00,manufacturer_product_page
device,hpmicro::hpm6260iep,PDM数字麦克风,hpmicro:selector:hpm6200,https://www.hpmicro.com/product-center/microcontroller/hpm6200/6200-selection-table,selection column:PDM数字麦克风,"""8通道""",2026-08-14T07:54:09+00:00,manufacturer_product_page
device,hpmicro::hpm6260iep,安全特性,hpmicro:selector:hpm6200,https://www.hpmicro.com/product-center/microcontroller/hpm6200/6200-selection-table,selection column:安全特性,"""安全启动,JTAG 保护,实时代码加密执行""",2026-08-14T07:54:09+00:00,manufacturer_product_page
device,hpmicro::hpm6260iep,功能安全,hpmicro:selector:hpm6200,https://www.hpmicro.com/product-center/microcontroller/hpm6200/6200-selection-table,selection column:功能安全,"""/""",2026-08-14T07:54:09+00:00,manufacturer_product_page
device,hpmicro::hpm6260iep,电机控制,hpmicro:selector:hpm6200,https://www.hpmicro.com/product-center/microcontroller/hpm6200/6200-selection-table,selection column:电机控制,"""4× 正交编码器接口，4×HALL 接口""",2026-08-14T07:54:09+00:00,manufacturer_product_page
device,hpmicro::hpm6260iep,RTC,hpmicro:selector:hpm6200,https://www.hpmicro.com/product-center/microcontroller/hpm6200/6200-selection-table,selection column:RTC,"""1""",2026-08-14T07:54:09+00:00,manufacturer_product_page
device,hpmicro::hpm6260iep,GPTimer,hpmicro:selector:hpm6200,https://www.hpmicro.com/product-center/microcontroller/hpm6200/6200-selection-table,selection column:GPTimer,"""5×32 位""",2026-08-14T07:54:09+00:00,manufacturer_product_page
device,hpmicro::hpm6260iep,WDG,hpmicro:selector:hpm6200,https://www.hpmicro.com/product-center/microcontroller/hpm6200/6200-selection-table,selection column:WDG,"""3""",2026-08-14T07:54:09+00:00,manufacturer_product_page
device,hpmicro::hpm6260iep,ADC 12bit,hpmicro:selector:hpm6200,https://www.hpmicro.com/product-center/microcontroller/hpm6200/6200-selection-table,selection column:ADC 12bit,"""/""",2026-08-14T07:54:09+00:00,manufacturer_product_page
device,hpmicro::hpm6260iep,ADC 16bit,hpmicro:selector:hpm6200,https://www.hpmicro.com/product-center/microcontroller/hpm6200/6200-selection-table,selection column:ADC 16bit,"""3""",2026-08-14T07:54:09+00:00,manufacturer_product_page
device,hpmicro::hpm6260iep,DAC 12bit,hpmicro:selector:hpm6200,https://www.hpmicro.com/product-center/microcontroller/hpm6200/6200-selection-table,selection column:DAC 12bit,"""2 x 12bit DAC""",2026-08-14T07:54:09+00:00,manufacturer_product_page
device,hpmicro::hpm6260iep,比较器,hpmicro:selector:hpm6200,https://www.hpmicro.com/product-center/microcontroller/hpm6200/6200-selection-table,selection column:比较器,"""4""",2026-08-14T07:54:09+00:00,manufacturer_product_page
device,hpmicro::hpm6260iep,运算放大器,hpmicro:selector:hpm6200,https://www.hpmicro.com/product-center/microcontroller/hpm6200/6200-selection-table,selection column:运算放大器,"""/""",2026-08-14T07:54:09+00:00,manufacturer_product_page
device,hpmicro::hpm6260iep,封装形式,hpmicro:selector:hpm6200,https://www.hpmicro.com/product-center/microcontroller/hpm6200/6200-selection-table,selection column:封装形式,"""7×7 116BGA P0.5""",2026-08-14T07:54:09+00:00,manufacturer_product_page
device,hpmicro::hpm6260iep,产品厚度（mm),hpmicro:selector:hpm6200,https://www.hpmicro.com/product-center/microcontroller/hpm6200/6200-selection-table,selection column:产品厚度（mm),"""1.06""",2026-08-14T07:54:09+00:00,manufacturer_product_page
device,hpmicro::hpm6260iep,脚间距（mm),hpmicro:selector:hpm6200,https://www.hpmicro.com/product-center/microcontroller/hpm6200/6200-selection-table,selection column:脚间距（mm),"""0.5""",2026-08-14T07:54:09+00:00,manufacturer_product_page
device,hpmicro::hpm6260iep,包装方式,hpmicro:selector:hpm6200,https://www.hpmicro.com/product-center/microcontroller/hpm6200/6200-selection-table,selection column:包装方式,"""Tray 盘""",2026-08-14T07:54:09+00:00,manufacturer_product_page
device,hpmicro::hpm6260iep,MPQ,hpmicro:selector:hpm6200,https://www.hpmicro.com/product-center/microcontroller/hpm6200/6200-selection-table,selection column:MPQ,"""260""",2026-08-14T07:54:09+00:00,manufacturer_product_page
device,hpmicro::hpm6260iep,MOQ,hpmicro:selector:hpm6200,https://www.hpmicro.com/product-center/microcontroller/hpm6200/6200-selection-table,selection column:MOQ,"""260*5""",2026-08-14T07:54:09+00:00,manufacturer_product_page
device,hpmicro::hpm6260iep,温度范围,hpmicro:selector:hpm6200,https://www.hpmicro.com/product-center/microcontroller/hpm6200/6200-selection-table,selection column:温度范围,"""−40 ∼ 125°C Tj / −40 ∼ 105°C Ta""",2026-08-14T07:54:09+00:00,manufacturer_product_page
device,hpmicro::hpm6260iep,型号,hpmicro:selector:hpm6200,https://www.hpmicro.com/product-center/microcontroller/hpm6200/6200-selection-table,selection column:型号,"""HPM6260IEP""",2026-08-14T07:54:09+00:00,manufacturer_product_page
device,hpmicro::hpm6240ipa,内核类型,hpmicro:selector:hpm6200,https://www.hpmicro.com/product-center/microcontroller/hpm6200/6200-selection-table,selection column:内核类型,"""单核 32 位 RISC-V 处理器""",2026-08-14T07:54:09+00:00,manufacturer_product_page
device,hpmicro::hpm6240ipa,最高主频（MHz）,hpmicro:selector:hpm6200,https://www.hpmicro.com/product-center/microcontroller/hpm6200/6200-selection-table,selection column:最高主频（MHz）,"""600""",2026-08-14T07:54:09+00:00,manufacturer_product_page
device,hpmicro::hpm6240ipa,Flash (MB),hpmicro:selector:hpm6200,https://www.hpmicro.com/product-center/microcontroller/hpm6200/6200-selection-table,selection column:Flash (MB),"""0""",2026-08-14T07:54:09+00:00,manufacturer_product_page
device,hpmicro::hpm6240ipa,SRAM,hpmicro:selector:hpm6200,https://www.hpmicro.com/product-center/microcontroller/hpm6200/6200-selection-table,selection column:SRAM,"""800KB""",2026-08-14T07:54:09+00:00,manufacturer_product_page
device,hpmicro::hpm6240ipa,电源输入（V）,hpmicro:selector:hpm6200,https://www.hpmicro.com/product-center/microcontroller/hpm6200/6200-selection-table,selection column:电源输入（V）,"""3~3.6V""",2026-08-14T07:54:09+00:00,manufacturer_product_page
device,hpmicro::hpm6240ipa,图形编解码器,hpmicro:selector:hpm6200,https://www.hpmicro.com/product-center/microcontroller/hpm6200/6200-selection-table,selection column:图形编解码器,"""/""",2026-08-14T07:54:09+00:00,manufacturer_product_page
device,hpmicro::hpm6240ipa,图形加速,hpmicro:selector:hpm6200,https://www.hpmicro.com/product-center/microcontroller/hpm6200/6200-selection-table,selection column:图形加速,"""/""",2026-08-14T07:54:09+00:00,manufacturer_product_page
device,hpmicro::hpm6240ipa,LCD,hpmicro:selector:hpm6200,https://www.hpmicro.com/product-center/microcontroller/hpm6200/6200-selection-table,selection column:LCD,"""/""",2026-08-14T07:54:09+00:00,manufacturer_product_page
device,hpmicro::hpm6240ipa,摄像头接口（DVP）,hpmicro:selector:hpm6200,https://www.hpmicro.com/product-center/microcontroller/hpm6200/6200-selection-table,selection column:摄像头接口（DVP）,"""/""",2026-08-14T07:54:09+00:00,manufacturer_product_page
device,hpmicro::hpm6240ipa,I²S,hpmicro:selector:hpm6200,https://www.hpmicro.com/product-center/microcontroller/hpm6200/6200-selection-table,selection column:I²S,"""/""",2026-08-14T07:54:09+00:00,manufacturer_product_page
device,hpmicro::hpm6240ipa,数字音频输出,hpmicro:selector:hpm6200,https://www.hpmicro.com/product-center/microcontroller/hpm6200/6200-selection-table,selection column:数字音频输出,"""/""",2026-08-14T07:54:09+00:00,manufacturer_product_page
device,hpmicro::hpm6240ipa,DDR,hpmicro:selector:hpm6200,https://www.hpmicro.com/product-center/microcontroller/hpm6200/6200-selection-table,selection column:DDR,"""/""",2026-08-14T07:54:09+00:00,manufacturer_product_page
device,hpmicro::hpm6240ipa,SDRAM,hpmicro:selector:hpm6200,https://www.hpmicro.com/product-center/microcontroller/hpm6200/6200-selection-table,selection column:SDRAM,"""/""",2026-08-14T07:54:09+00:00,manufacturer_product_page
device,hpmicro::hpm6240ipa,SD/eMMC （*63系列无eMMC）,hpmicro:selector:hpm6200,https://www.hpmicro.com/product-center/microcontroller/hpm6200/6200-selection-table,selection column:SD/eMMC （*63系列无eMMC）,"""/""",2026-08-14T07:54:09+00:00,manufacturer_product_page
device,hpmicro::hpm6240ipa,XPI,hpmicro:selector:hpm6200,https://www.hpmicro.com/product-center/microcontroller/hpm6200/6200-selection-table,selection column:XPI,"""1""",2026-08-14T07:54:09+00:00,manufacturer_product_page
device,hpmicro::hpm6240ipa,以太网,hpmicro:selector:hpm6200,https://www.hpmicro.com/product-center/microcontroller/hpm6200/6200-selection-table,selection column:以太网,"""/""",2026-08-14T07:54:09+00:00,manufacturer_product_page
device,hpmicro::hpm6240ipa,CAN,hpmicro:selector:hpm6200,https://www.hpmicro.com/product-center/microcontroller/hpm6200/6200-selection-table,selection column:CAN,"""CAN FD x 4""",2026-08-14T07:54:09+00:00,manufacturer_product_page
device,hpmicro::hpm6240ipa,USB,hpmicro:selector:hpm6200,https://www.hpmicro.com/product-center/microcontroller/hpm6200/6200-selection-table,selection column:USB,"""USB HS w/ PHY ×1""",2026-08-14T07:54:09+00:00,manufacturer_product_page
device,hpmicro::hpm6240ipa,SPI,hpmicro:selector:hpm6200,https://www.hpmicro.com/product-center/microcontroller/hpm6200/6200-selection-table,selection column:SPI,"""4""",2026-08-14T07:54:09+00:00,manufacturer_product_page
device,hpmicro::hpm6240ipa,I²C,hpmicro:selector:hpm6200,https://www.hpmicro.com/product-center/microcontroller/hpm6200/6200-selection-table,selection column:I²C,"""4""",2026-08-14T07:54:09+00:00,manufacturer_product_page
device,hpmicro::hpm6240ipa,UART,hpmicro:selector:hpm6200,https://www.hpmicro.com/product-center/microcontroller/hpm6200/6200-selection-table,selection column:UART,"""9""",2026-08-14T07:54:09+00:00,manufacturer_product_page
device,hpmicro::hpm6240ipa,Crypto 安全算法,hpmicro:selector:hpm6200,https://www.hpmicro.com/product-center/microcontroller/hpm6200/6200-selection-table,selection column:Crypto 安全算法,"""AES128/256, SHA-1/256""",2026-08-14T07:54:09+00:00,manufacturer_product_page
device,hpmicro::hpm6240ipa,PDM数字麦克风,hpmicro:selector:hpm6200,https://www.hpmicro.com/product-center/microcontroller/hpm6200/6200-selection-table,selection column:PDM数字麦克风,"""8通道""",2026-08-14T07:54:09+00:00,manufacturer_product_page
device,hpmicro::hpm6240ipa,安全特性,hpmicro:selector:hpm6200,https://www.hpmicro.com/product-center/microcontroller/hpm6200/6200-selection-table,selection column:安全特性,"""安全启动,JTAG 保护,实时代码加密执行""",2026-08-14T07:54:09+00:00,manufacturer_product_page
device,hpmicro::hpm6240ipa,功能安全,hpmicro:selector:hpm6200,https://www.hpmicro.com/product-center/microcontroller/hpm6200/6200-selection-table,selection column:功能安全,"""/""",2026-08-14T07:54:09+00:00,manufacturer_product_page
device,hpmicro::hpm6240ipa,电机控制,hpmicro:selector:hpm6200,https://www.hpmicro.com/product-center/microcontroller/hpm6200/6200-selection-table,selection column:电机控制,"""4× 正交编码器接口，4×HALL 接口""",2026-08-14T07:54:09+00:00,manufacturer_product_page
device,hpmicro::hpm6240ipa,RTC,hpmicro:selector:hpm6200,https://www.hpmicro.com/product-center/microcontroller/hpm6200/6200-selection-table,selection column:RTC,"""1""",2026-08-14T07:54:09+00:00,manufacturer_product_page
device,hpmicro::hpm6240ipa,GPTimer,hpmicro:selector:hpm6200,https://www.hpmicro.com/product-center/microcontroller/hpm6200/6200-selection-table,selection column:GPTimer,"""5×32 位""",2026-08-14T07:54:09+00:00,manufacturer_product_page
device,hpmicro::hpm6240ipa,WDG,hpmicro:selector:hpm6200,https://www.hpmicro.com/product-center/microcontroller/hpm6200/6200-selection-table,selection column:WDG,"""3""",2026-08-14T07:54:09+00:00,manufacturer_product_page
device,hpmicro::hpm6240ipa,ADC 12bit,hpmicro:selector:hpm6200,https://www.hpmicro.com/product-center/microcontroller/hpm6200/6200-selection-table,selection column:ADC 12bit,"""/""",2026-08-14T07:54:09+00:00,manufacturer_product_page
device,hpmicro::hpm6240ipa,ADC 16bit,hpmicro:selector:hpm6200,https://www.hpmicro.com/product-center/microcontroller/hpm6200/6200-selection-table,selection column:ADC 16bit,"""3""",2026-08-14T07:54:09+00:00,manufacturer_product_page
device,hpmicro::hpm6240ipa,DAC 12bit,hpmicro:selector:hpm6200,https://www.hpmicro.com/product-center/microcontroller/hpm6200/6200-selection-table,selection column:DAC 12bit,"""2 x 12bit DAC""",2026-08-14T07:54:09+00:00,manufacturer_product_page
device,hpmicro::hpm6240ipa,比较器,hpmicro:selector:hpm6200,https://www.hpmicro.com/product-center/microcontroller/hpm6200/6200-selection-table,selection column:比较器,"""4""",2026-08-14T07:54:09+00:00,manufacturer_product_page
device,hpmicro::hpm6240ipa,运算放大器,hpmicro:selector:hpm6200,https://www.hpmicro.com/product-center/microcontroller/hpm6200/6200-selection-table,selection column:运算放大器,"""/""",2026-08-14T07:54:09+00:00,manufacturer_product_page
device,hpmicro::hpm6240ipa,封装形式,hpmicro:selector:hpm6200,https://www.hpmicro.com/product-center/microcontroller/hpm6200/6200-selection-table,selection column:封装形式,"""20×20 144eLQFP P0.5""",2026-08-14T07:54:09+00:00,manufacturer_product_page
device,hpmicro::hpm6240ipa,产品厚度（mm),hpmicro:selector:hpm6200,https://www.hpmicro.com/product-center/microcontroller/hpm6200/6200-selection-table,selection column:产品厚度（mm),"""1.4""",2026-08-14T07:54:09+00:00,manufacturer_product_page
device,hpmicro::hpm6240ipa,脚间距（mm),hpmicro:selector:hpm6200,https://www.hpmicro.com/product-center/microcontroller/hpm6200/6200-selection-table,selection column:脚间距（mm),"""0.5""",2026-08-14T07:54:09+00:00,manufacturer_product_page
device,hpmicro::hpm6240ipa,包装方式,hpmicro:selector:hpm6200,https://www.hpmicro.com/product-center/microcontroller/hpm6200/6200-selection-table,selection column:包装方式,"""Tray 盘""",2026-08-14T07:54:09+00:00,manufacturer_product_page
device,hpmicro::hpm6240ipa,MPQ,hpmicro:selector:hpm6200,https://www.hpmicro.com/product-center/microcontroller/hpm6200/6200-selection-table,selection column:MPQ,"""60""",2026-08-14T07:54:09+00:00,manufacturer_product_page
device,hpmicro::hpm6240ipa,MOQ,hpmicro:selector:hpm6200,https://www.hpmicro.com/product-center/microcontroller/hpm6200/6200-selection-table,selection column:MOQ,"""60*10""",2026-08-14T07:54:09+00:00,manufacturer_product_page
device,hpmicro::hpm6240ipa,温度范围,hpmicro:selector:hpm6200,https://www.hpmicro.com/product-center/microcontroller/hpm6200/6200-selection-table,selection column:温度范围,"""−40 ∼ 125°C Tj / −40 ∼ 105°C Ta""",2026-08-14T07:54:09+00:00,manufacturer_product_page
device,hpmicro::hpm6240ipa,型号,hpmicro:selector:hpm6200,https://www.hpmicro.com/product-center/microcontroller/hpm6200/6200-selection-table,selection column:型号,"""HPM6240IPA""",2026-08-14T07:54:09+00:00,manufacturer_product_page
device,hpmicro::hpm6240iep,内核类型,hpmicro:selector:hpm6200,https://www.hpmicro.com/product-center/microcontroller/hpm6200/6200-selection-table,selection column:内核类型,"""单核 32 位 RISC-V 处理器""",2026-08-14T07:54:09+00:00,manufacturer_product_page
device,hpmicro::hpm6240iep,最高主频（MHz）,hpmicro:selector:hpm6200,https://www.hpmicro.com/product-center/microcontroller/hpm6200/6200-selection-table,selection column:最高主频（MHz）,"""600""",2026-08-14T07:54:09+00:00,manufacturer_product_page
device,hpmicro::hpm6240iep,Flash (MB),hpmicro:selector:hpm6200,https://www.hpmicro.com/product-center/microcontroller/hpm6200/6200-selection-table,selection column:Flash (MB),"""0""",2026-08-14T07:54:09+00:00,manufacturer_product_page
device,hpmicro::hpm6240iep,SRAM,hpmicro:selector:hpm6200,https://www.hpmicro.com/product-center/microcontroller/hpm6200/6200-selection-table,selection column:SRAM,"""800KB""",2026-08-14T07:54:09+00:00,manufacturer_product_page
device,hpmicro::hpm6240iep,电源输入（V）,hpmicro:selector:hpm6200,https://www.hpmicro.com/product-center/microcontroller/hpm6200/6200-selection-table,selection column:电源输入（V）,"""3~3.6V""",2026-08-14T07:54:09+00:00,manufacturer_product_page
device,hpmicro::hpm6240iep,图形编解码器,hpmicro:selector:hpm6200,https://www.hpmicro.com/product-center/microcontroller/hpm6200/6200-selection-table,selection column:图形编解码器,"""/""",2026-08-14T07:54:09+00:00,manufacturer_product_page
device,hpmicro::hpm6240iep,图形加速,hpmicro:selector:hpm6200,https://www.hpmicro.com/product-center/microcontroller/hpm6200/6200-selection-table,selection column:图形加速,"""/""",2026-08-14T07:54:09+00:00,manufacturer_product_page
device,hpmicro::hpm6240iep,LCD,hpmicro:selector:hpm6200,https://www.hpmicro.com/product-center/microcontroller/hpm6200/6200-selection-table,selection column:LCD,"""/""",2026-08-14T07:54:09+00:00,manufacturer_product_page
device,hpmicro::hpm6240iep,摄像头接口（DVP）,hpmicro:selector:hpm6200,https://www.hpmicro.com/product-center/microcontroller/hpm6200/6200-selection-table,selection column:摄像头接口（DVP）,"""/""",2026-08-14T07:54:09+00:00,manufacturer_product_page
device,hpmicro::hpm6240iep,I²S,hpmicro:selector:hpm6200,https://www.hpmicro.com/product-center/microcontroller/hpm6200/6200-selection-table,selection column:I²S,"""/""",2026-08-14T07:54:09+00:00,manufacturer_product_page
device,hpmicro::hpm6240iep,数字音频输出,hpmicro:selector:hpm6200,https://www.hpmicro.com/product-center/microcontroller/hpm6200/6200-selection-table,selection column:数字音频输出,"""/""",2026-08-14T07:54:09+00:00,manufacturer_product_page
device,hpmicro::hpm6240iep,DDR,hpmicro:selector:hpm6200,https://www.hpmicro.com/product-center/microcontroller/hpm6200/6200-selection-table,selection column:DDR,"""/""",2026-08-14T07:54:09+00:00,manufacturer_product_page
device,hpmicro::hpm6240iep,SDRAM,hpmicro:selector:hpm6200,https://www.hpmicro.com/product-center/microcontroller/hpm6200/6200-selection-table,selection column:SDRAM,"""/""",2026-08-14T07:54:09+00:00,manufacturer_product_page
device,hpmicro::hpm6240iep,SD/eMMC （*63系列无eMMC）,hpmicro:selector:hpm6200,https://www.hpmicro.com/product-center/microcontroller/hpm6200/6200-selection-table,selection column:SD/eMMC （*63系列无eMMC）,"""/""",2026-08-14T07:54:09+00:00,manufacturer_product_page
device,hpmicro::hpm6240iep,XPI,hpmicro:selector:hpm6200,https://www.hpmicro.com/product-center/microcontroller/hpm6200/6200-selection-table,selection column:XPI,"""1""",2026-08-14T07:54:09+00:00,manufacturer_product_page
device,hpmicro::hpm6240iep,以太网,hpmicro:selector:hpm6200,https://www.hpmicro.com/product-center/microcontroller/hpm6200/6200-selection-table,selection column:以太网,"""/""",2026-08-14T07:54:09+00:00,manufacturer_product_page
device,hpmicro::hpm6240iep,CAN,hpmicro:selector:hpm6200,https://www.hpmicro.com/product-center/microcontroller/hpm6200/6200-selection-table,selection column:CAN,"""CAN FD x 4""",2026-08-14T07:54:09+00:00,manufacturer_product_page
device,hpmicro::hpm6240iep,USB,hpmicro:selector:hpm6200,https://www.hpmicro.com/product-center/microcontroller/hpm6200/6200-selection-table,selection column:USB,"""USB HS w/ PHY ×1""",2026-08-14T07:54:09+00:00,manufacturer_product_page
device,hpmicro::hpm6240iep,SPI,hpmicro:selector:hpm6200,https://www.hpmicro.com/product-center/microcontroller/hpm6200/6200-selection-table,selection column:SPI,"""4""",2026-08-14T07:54:09+00:00,manufacturer_product_page
device,hpmicro::hpm6240iep,I²C,hpmicro:selector:hpm6200,https://www.hpmicro.com/product-center/microcontroller/hpm6200/6200-selection-table,selection column:I²C,"""4""",2026-08-14T07:54:09+00:00,manufacturer_product_page
device,hpmicro::hpm6240iep,UART,hpmicro:selector:hpm6200,https://www.hpmicro.com/product-center/microcontroller/hpm6200/6200-selection-table,selection column:UART,"""9""",2026-08-14T07:54:09+00:00,manufacturer_product_page
device,hpmicro::hpm6240iep,Crypto 安全算法,hpmicro:selector:hpm6200,https://www.hpmicro.com/product-center/microcontroller/hpm6200/6200-selection-table,selection column:Crypto 安全算法,"""AES128/256, SHA-1/256""",2026-08-14T07:54:09+00:00,manufacturer_product_page
device,hpmicro::hpm6240iep,PDM数字麦克风,hpmicro:selector:hpm6200,https://www.hpmicro.com/product-center/microcontroller/hpm6200/6200-selection-table,selection column:PDM数字麦克风,"""8通道""",2026-08-14T07:54:09+00:00,manufacturer_product_page
device,hpmicro::hpm6240iep,安全特性,hpmicro:selector:hpm6200,https://www.hpmicro.com/product-center/microcontroller/hpm6200/6200-selection-table,selection column:安全特性,"""安全启动,JTAG 保护,实时代码加密执行""",2026-08-14T07:54:09+00:00,manufacturer_product_page
device,hpmicro::hpm6240iep,功能安全,hpmicro:selector:hpm6200,https://www.hpmicro.com/product-center/microcontroller/hpm6200/6200-selection-table,selection column:功能安全,"""/""",2026-08-14T07:54:09+00:00,manufacturer_product_page
device,hpmicro::hpm6240iep,电机控制,hpmicro:selector:hpm6200,https://www.hpmicro.com/product-center/microcontroller/hpm6200/6200-selection-table,selection column:电机控制,"""4× 正交编码器接口，4×HALL 接口""",2026-08-14T07:54:09+00:00,manufacturer_product_page
device,hpmicro::hpm6240iep,RTC,hpmicro:selector:hpm6200,https://www.hpmicro.com/product-center/microcontroller/hpm6200/6200-selection-table,selection column:RTC,"""1""",2026-08-14T07:54:09+00:00,manufacturer_product_page
device,hpmicro::hpm6240iep,GPTimer,hpmicro:selector:hpm6200,https://www.hpmicro.com/product-center/microcontroller/hpm6200/6200-selection-table,selection column:GPTimer,"""5×32 位""",2026-08-14T07:54:09+00:00,manufacturer_product_page
device,hpmicro::hpm6240iep,WDG,hpmicro:selector:hpm6200,https://www.hpmicro.com/product-center/microcontroller/hpm6200/6200-selection-table,selection column:WDG,"""3""",2026-08-14T07:54:09+00:00,manufacturer_product_page
device,hpmicro::hpm6240iep,ADC 12bit,hpmicro:selector:hpm6200,https://www.hpmicro.com/product-center/microcontroller/hpm6200/6200-selection-table,selection column:ADC 12bit,"""/""",2026-08-14T07:54:09+00:00,manufacturer_product_page
device,hpmicro::hpm6240iep,ADC 16bit,hpmicro:selector:hpm6200,https://www.hpmicro.com/product-center/microcontroller/hpm6200/6200-selection-table,selection column:ADC 16bit,"""3""",2026-08-14T07:54:09+00:00,manufacturer_product_page
device,hpmicro::hpm6240iep,DAC 12bit,hpmicro:selector:hpm6200,https://www.hpmicro.com/product-center/microcontroller/hpm6200/6200-selection-table,selection column:DAC 12bit,"""2 x 12bit DAC""",2026-08-14T07:54:09+00:00,manufacturer_product_page
device,hpmicro::hpm6240iep,比较器,hpmicro:selector:hpm6200,https://www.hpmicro.com/product-center/microcontroller/hpm6200/6200-selection-table,selection column:比较器,"""4""",2026-08-14T07:54:09+00:00,manufacturer_product_page
device,hpmicro::hpm6240iep,运算放大器,hpmicro:selector:hpm6200,https://www.hpmicro.com/product-center/microcontroller/hpm6200/6200-selection-table,selection column:运算放大器,"""/""",2026-08-14T07:54:09+00:00,manufacturer_product_page
device,hpmicro::hpm6240iep,封装形式,hpmicro:selector:hpm6200,https://www.hpmicro.com/product-center/microcontroller/hpm6200/6200-selection-table,selection column:封装形式,"""7×7 116BGA P0.5""",2026-08-14T07:54:09+00:00,manufacturer_product_page
device,hpmicro::hpm6240iep,产品厚度（mm),hpmicro:selector:hpm6200,https://www.hpmicro.com/product-center/microcontroller/hpm6200/6200-selection-table,selection column:产品厚度（mm),"""1.06""",2026-08-14T07:54:09+00:00,manufacturer_product_page
device,hpmicro::hpm6240iep,脚间距（mm),hpmicro:selector:hpm6200,https://www.hpmicro.com/product-center/microcontroller/hpm6200/6200-selection-table,selection column:脚间距（mm),"""0.5""",2026-08-14T07:54:09+00:00,manufacturer_product_page
device,hpmicro::hpm6240iep,包装方式,hpmicro:selector:hpm6200,https://www.hpmicro.com/product-center/microcontroller/hpm6200/6200-selection-table,selection column:包装方式,"""Tray 盘""",2026-08-14T07:54:09+00:00,manufacturer_product_page
device,hpmicro::hpm6240iep,MPQ,hpmicro:selector:hpm6200,https://www.hpmicro.com/product-center/microcontroller/hpm6200/6200-selection-table,selection column:MPQ,"""260""",2026-08-14T07:54:09+00:00,manufacturer_product_page
device,hpmicro::hpm6240iep,MOQ,hpmicro:selector:hpm6200,https://www.hpmicro.com/product-center/microcontroller/hpm6200/6200-selection-table,selection column:MOQ,"""260*5""",2026-08-14T07:54:09+00:00,manufacturer_product_page
device,hpmicro::hpm6240iep,温度范围,hpmicro:selector:hpm6200,https://www.hpmicro.com/product-center/microcontroller/hpm6200/6200-selection-table,selection column:温度范围,"""−40 ∼ 125°C Tj / −40 ∼ 105°C Ta""",2026-08-14T07:54:09+00:00,manufacturer_product_page
device,hpmicro::hpm6240iep,型号,hpmicro:selector:hpm6200,https://www.hpmicro.com/product-center/microcontroller/hpm6200/6200-selection-table,selection column:型号,"""HPM6240IEP""",2026-08-14T07:54:09+00:00,manufacturer_product_page
device,hpmicro::hpm6284ipa,内核类型,hpmicro:selector:hpm6200,https://www.hpmicro.com/product-center/microcontroller/hpm6200/6200-selection-table,selection column:内核类型,"""双核 32 位 RISC-V 处理器""",2026-08-14T07:54:09+00:00,manufacturer_product_page
device,hpmicro::hpm6284ipa,最高主频（MHz）,hpmicro:selector:hpm6200,https://www.hpmicro.com/product-center/microcontroller/hpm6200/6200-selection-table,selection column:最高主频（MHz）,"""600""",2026-08-14T07:54:09+00:00,manufacturer_product_page
device,hpmicro::hpm6284ipa,Flash (MB),hpmicro:selector:hpm6200,https://www.hpmicro.com/product-center/microcontroller/hpm6200/6200-selection-table,selection column:Flash (MB),"""4""",2026-08-14T07:54:09+00:00,manufacturer_product_page
device,hpmicro::hpm6284ipa,SRAM,hpmicro:selector:hpm6200,https://www.hpmicro.com/product-center/microcontroller/hpm6200/6200-selection-table,selection column:SRAM,"""800KB""",2026-08-14T07:54:09+00:00,manufacturer_product_page
device,hpmicro::hpm6284ipa,电源输入（V）,hpmicro:selector:hpm6200,https://www.hpmicro.com/product-center/microcontroller/hpm6200/6200-selection-table,selection column:电源输入（V）,"""3~3.6V""",2026-08-14T07:54:09+00:00,manufacturer_product_page
device,hpmicro::hpm6284ipa,图形编解码器,hpmicro:selector:hpm6200,https://www.hpmicro.com/product-center/microcontroller/hpm6200/6200-selection-table,selection column:图形编解码器,"""/""",2026-08-14T07:54:09+00:00,manufacturer_product_page
device,hpmicro::hpm6284ipa,图形加速,hpmicro:selector:hpm6200,https://www.hpmicro.com/product-center/microcontroller/hpm6200/6200-selection-table,selection column:图形加速,"""/""",2026-08-14T07:54:09+00:00,manufacturer_product_page
device,hpmicro::hpm6284ipa,LCD,hpmicro:selector:hpm6200,https://www.hpmicro.com/product-center/microcontroller/hpm6200/6200-selection-table,selection column:LCD,"""/""",2026-08-14T07:54:09+00:00,manufacturer_product_page
device,hpmicro::hpm6284ipa,摄像头接口（DVP）,hpmicro:selector:hpm6200,https://www.hpmicro.com/product-center/microcontroller/hpm6200/6200-selection-table,selection column:摄像头接口（DVP）,"""/""",2026-08-14T07:54:09+00:00,manufacturer_product_page
device,hpmicro::hpm6284ipa,I²S,hpmicro:selector:hpm6200,https://www.hpmicro.com/product-center/microcontroller/hpm6200/6200-selection-table,selection column:I²S,"""/""",2026-08-14T07:54:09+00:00,manufacturer_product_page
device,hpmicro::hpm6284ipa,数字音频输出,hpmicro:selector:hpm6200,https://www.hpmicro.com/product-center/microcontroller/hpm6200/6200-selection-table,selection column:数字音频输出,"""/""",2026-08-14T07:54:09+00:00,manufacturer_product_page
device,hpmicro::hpm6284ipa,DDR,hpmicro:selector:hpm6200,https://www.hpmicro.com/product-center/microcontroller/hpm6200/6200-selection-table,selection column:DDR,"""/""",2026-08-14T07:54:09+00:00,manufacturer_product_page
device,hpmicro::hpm6284ipa,SDRAM,hpmicro:selector:hpm6200,https://www.hpmicro.com/product-center/microcontroller/hpm6200/6200-selection-table,selection column:SDRAM,"""/""",2026-08-14T07:54:09+00:00,manufacturer_product_page
device,hpmicro::hpm6284ipa,SD/eMMC （*63系列无eMMC）,hpmicro:selector:hpm6200,https://www.hpmicro.com/product-center/microcontroller/hpm6200/6200-selection-table,selection column:SD/eMMC （*63系列无eMMC）,"""/""",2026-08-14T07:54:09+00:00,manufacturer_product_page
device,hpmicro::hpm6284ipa,XPI,hpmicro:selector:hpm6200,https://www.hpmicro.com/product-center/microcontroller/hpm6200/6200-selection-table,selection column:XPI,"""1""",2026-08-14T07:54:09+00:00,manufacturer_product_page
device,hpmicro::hpm6284ipa,以太网,hpmicro:selector:hpm6200,https://www.hpmicro.com/product-center/microcontroller/hpm6200/6200-selection-table,selection column:以太网,"""/""",2026-08-14T07:54:09+00:00,manufacturer_product_page
device,hpmicro::hpm6284ipa,CAN,hpmicro:selector:hpm6200,https://www.hpmicro.com/product-center/microcontroller/hpm6200/6200-selection-table,selection column:CAN,"""CAN FD x 4""",2026-08-14T07:54:09+00:00,manufacturer_product_page
device,hpmicro::hpm6284ipa,USB,hpmicro:selector:hpm6200,https://www.hpmicro.com/product-center/microcontroller/hpm6200/6200-selection-table,selection column:USB,"""USB HS w/ PHY ×1""",2026-08-14T07:54:09+00:00,manufacturer_product_page
device,hpmicro::hpm6284ipa,SPI,hpmicro:selector:hpm6200,https://www.hpmicro.com/product-center/microcontroller/hpm6200/6200-selection-table,selection column:SPI,"""4""",2026-08-14T07:54:09+00:00,manufacturer_product_page
device,hpmicro::hpm6284ipa,I²C,hpmicro:selector:hpm6200,https://www.hpmicro.com/product-center/microcontroller/hpm6200/6200-selection-table,selection column:I²C,"""4""",2026-08-14T07:54:09+00:00,manufacturer_product_page
device,hpmicro::hpm6284ipa,UART,hpmicro:selector:hpm6200,https://www.hpmicro.com/product-center/microcontroller/hpm6200/6200-selection-table,selection column:UART,"""9""",2026-08-14T07:54:09+00:00,manufacturer_product_page
device,hpmicro::hpm6284ipa,Crypto 安全算法,hpmicro:selector:hpm6200,https://www.hpmicro.com/product-center/microcontroller/hpm6200/6200-selection-table,selection column:Crypto 安全算法,"""AES128/256, SHA-1/256""",2026-08-14T07:54:09+00:00,manufacturer_product_page
device,hpmicro::hpm6284ipa,PDM数字麦克风,hpmicro:selector:hpm6200,https://www.hpmicro.com/product-center/microcontroller/hpm6200/6200-selection-table,selection column:PDM数字麦克风,"""8通道""",2026-08-14T07:54:09+00:00,manufacturer_product_page
device,hpmicro::hpm6284ipa,安全特性,hpmicro:selector:hpm6200,https://www.hpmicro.com/product-center/microcontroller/hpm6200/6200-selection-table,selection column:安全特性,"""安全启动,JTAG 保护,实时代码加密执行""",2026-08-14T07:54:09+00:00,manufacturer_product_page
device,hpmicro::hpm6284ipa,功能安全,hpmicro:selector:hpm6200,https://www.hpmicro.com/product-center/microcontroller/hpm6200/6200-selection-table,selection column:功能安全,"""/""",2026-08-14T07:54:09+00:00,manufacturer_product_page
device,hpmicro::hpm6284ipa,电机控制,hpmicro:selector:hpm6200,https://www.hpmicro.com/product-center/microcontroller/hpm6200/6200-selection-table,selection column:电机控制,"""4× 正交编码器接口，4×HALL 接口""",2026-08-14T07:54:09+00:00,manufacturer_product_page
device,hpmicro::hpm6284ipa,RTC,hpmicro:selector:hpm6200,https://www.hpmicro.com/product-center/microcontroller/hpm6200/6200-selection-table,selection column:RTC,"""1""",2026-08-14T07:54:09+00:00,manufacturer_product_page
device,hpmicro::hpm6284ipa,GPTimer,hpmicro:selector:hpm6200,https://www.hpmicro.com/product-center/microcontroller/hpm6200/6200-selection-table,selection column:GPTimer,"""5×32 位""",2026-08-14T07:54:09+00:00,manufacturer_product_page
device,hpmicro::hpm6284ipa,WDG,hpmicro:selector:hpm6200,https://www.hpmicro.com/product-center/microcontroller/hpm6200/6200-selection-table,selection column:WDG,"""3""",2026-08-14T07:54:09+00:00,manufacturer_product_page
device,hpmicro::hpm6284ipa,ADC 12bit,hpmicro:selector:hpm6200,https://www.hpmicro.com/product-center/microcontroller/hpm6200/6200-selection-table,selection column:ADC 12bit,"""/""",2026-08-14T07:54:09+00:00,manufacturer_product_page
device,hpmicro::hpm6284ipa,ADC 16bit,hpmicro:selector:hpm6200,https://www.hpmicro.com/product-center/microcontroller/hpm6200/6200-selection-table,selection column:ADC 16bit,"""3""",2026-08-14T07:54:09+00:00,manufacturer_product_page
device,hpmicro::hpm6284ipa,DAC 12bit,hpmicro:selector:hpm6200,https://www.hpmicro.com/product-center/microcontroller/hpm6200/6200-selection-table,selection column:DAC 12bit,"""2 x 12bit DAC""",2026-08-14T07:54:09+00:00,manufacturer_product_page
device,hpmicro::hpm6284ipa,比较器,hpmicro:selector:hpm6200,https://www.hpmicro.com/product-center/microcontroller/hpm6200/6200-selection-table,selection column:比较器,"""4""",2026-08-14T07:54:09+00:00,manufacturer_product_page
device,hpmicro::hpm6284ipa,运算放大器,hpmicro:selector:hpm6200,https://www.hpmicro.com/product-center/microcontroller/hpm6200/6200-selection-table,selection column:运算放大器,"""/""",2026-08-14T07:54:09+00:00,manufacturer_product_page
device,hpmicro::hpm6284ipa,封装形式,hpmicro:selector:hpm6200,https://www.hpmicro.com/product-center/microcontroller/hpm6200/6200-selection-table,selection column:封装形式,"""20×20 144eLQFP P0.5""",2026-08-14T07:54:09+00:00,manufacturer_product_page
device,hpmicro::hpm6284ipa,产品厚度（mm),hpmicro:selector:hpm6200,https://www.hpmicro.com/product-center/microcontroller/hpm6200/6200-selection-table,selection column:产品厚度（mm),"""1.4""",2026-08-14T07:54:09+00:00,manufacturer_product_page
device,hpmicro::hpm6284ipa,脚间距（mm),hpmicro:selector:hpm6200,https://www.hpmicro.com/product-center/microcontroller/hpm6200/6200-selection-table,selection column:脚间距（mm),"""0.5""",2026-08-14T07:54:09+00:00,manufacturer_product_page
device,hpmicro::hpm6284ipa,包装方式,hpmicro:selector:hpm6200,https://www.hpmicro.com/product-center/microcontroller/hpm6200/6200-selection-table,selection column:包装方式,"""Tray 盘""",2026-08-14T07:54:09+00:00,manufacturer_product_page
device,hpmicro::hpm6284ipa,MPQ,hpmicro:selector:hpm6200,https://www.hpmicro.com/product-center/microcontroller/hpm6200/6200-selection-table,selection column:MPQ,"""60""",2026-08-14T07:54:09+00:00,manufacturer_product_page
device,hpmicro::hpm6284ipa,MOQ,hpmicro:selector:hpm6200,https://www.hpmicro.com/product-center/microcontroller/hpm6200/6200-selection-table,selection column:MOQ,"""60*10""",2026-08-14T07:54:09+00:00,manufacturer_product_page
device,hpmicro::hpm6284ipa,温度范围,hpmicro:selector:hpm6200,https://www.hpmicro.com/product-center/microcontroller/hpm6200/6200-selection-table,selection column:温度范围,"""−40 ∼ 125°C Tj / −40 ∼ 105°C Ta""",2026-08-14T07:54:09+00:00,manufacturer_product_page
device,hpmicro::hpm6284ipa,型号,hpmicro:selector:hpm6200,https://www.hpmicro.com/product-center/microcontroller/hpm6200/6200-selection-table,selection column:型号,"""HPM6284IPA""",2026-08-14T07:54:09+00:00,manufacturer_product_page
device,hpmicro::hpm6284iep,内核类型,hpmicro:selector:hpm6200,https://www.hpmicro.com/product-center/microcontroller/hpm6200/6200-selection-table,selection column:内核类型,"""双核 32 位 RISC-V 处理器""",2026-08-14T07:54:09+00:00,manufacturer_product_page
device,hpmicro::hpm6284iep,最高主频（MHz）,hpmicro:selector:hpm6200,https://www.hpmicro.com/product-center/microcontroller/hpm6200/6200-selection-table,selection column:最高主频（MHz）,"""600""",2026-08-14T07:54:09+00:00,manufacturer_product_page
device,hpmicro::hpm6284iep,Flash (MB),hpmicro:selector:hpm6200,https://www.hpmicro.com/product-center/microcontroller/hpm6200/6200-selection-table,selection column:Flash (MB),"""4""",2026-08-14T07:54:09+00:00,manufacturer_product_page
device,hpmicro::hpm6284iep,SRAM,hpmicro:selector:hpm6200,https://www.hpmicro.com/product-center/microcontroller/hpm6200/6200-selection-table,selection column:SRAM,"""800KB""",2026-08-14T07:54:09+00:00,manufacturer_product_page
device,hpmicro::hpm6284iep,电源输入（V）,hpmicro:selector:hpm6200,https://www.hpmicro.com/product-center/microcontroller/hpm6200/6200-selection-table,selection column:电源输入（V）,"""3~3.6V""",2026-08-14T07:54:09+00:00,manufacturer_product_page
device,hpmicro::hpm6284iep,图形编解码器,hpmicro:selector:hpm6200,https://www.hpmicro.com/product-center/microcontroller/hpm6200/6200-selection-table,selection column:图形编解码器,"""/""",2026-08-14T07:54:09+00:00,manufacturer_product_page
device,hpmicro::hpm6284iep,图形加速,hpmicro:selector:hpm6200,https://www.hpmicro.com/product-center/microcontroller/hpm6200/6200-selection-table,selection column:图形加速,"""/""",2026-08-14T07:54:09+00:00,manufacturer_product_page
device,hpmicro::hpm6284iep,LCD,hpmicro:selector:hpm6200,https://www.hpmicro.com/product-center/microcontroller/hpm6200/6200-selection-table,selection column:LCD,"""/""",2026-08-14T07:54:09+00:00,manufacturer_product_page
device,hpmicro::hpm6284iep,摄像头接口（DVP）,hpmicro:selector:hpm6200,https://www.hpmicro.com/product-center/microcontroller/hpm6200/6200-selection-table,selection column:摄像头接口（DVP）,"""/""",2026-08-14T07:54:09+00:00,manufacturer_product_page
device,hpmicro::hpm6284iep,I²S,hpmicro:selector:hpm6200,https://www.hpmicro.com/product-center/microcontroller/hpm6200/6200-selection-table,selection column:I²S,"""/""",2026-08-14T07:54:09+00:00,manufacturer_product_page
device,hpmicro::hpm6284iep,数字音频输出,hpmicro:selector:hpm6200,https://www.hpmicro.com/product-center/microcontroller/hpm6200/6200-selection-table,selection column:数字音频输出,"""/""",2026-08-14T07:54:09+00:00,manufacturer_product_page
device,hpmicro::hpm6284iep,DDR,hpmicro:selector:hpm6200,https://www.hpmicro.com/product-center/microcontroller/hpm6200/6200-selection-table,selection column:DDR,"""/""",2026-08-14T07:54:09+00:00,manufacturer_product_page
device,hpmicro::hpm6284iep,SDRAM,hpmicro:selector:hpm6200,https://www.hpmicro.com/product-center/microcontroller/hpm6200/6200-selection-table,selection column:SDRAM,"""/""",2026-08-14T07:54:09+00:00,manufacturer_product_page
device,hpmicro::hpm6284iep,SD/eMMC （*63系列无eMMC）,hpmicro:selector:hpm6200,https://www.hpmicro.com/product-center/microcontroller/hpm6200/6200-selection-table,selection column:SD/eMMC （*63系列无eMMC）,"""/""",2026-08-14T07:54:09+00:00,manufacturer_product_page
device,hpmicro::hpm6284iep,XPI,hpmicro:selector:hpm6200,https://www.hpmicro.com/product-center/microcontroller/hpm6200/6200-selection-table,selection column:XPI,"""1""",2026-08-14T07:54:09+00:00,manufacturer_product_page
device,hpmicro::hpm6284iep,以太网,hpmicro:selector:hpm6200,https://www.hpmicro.com/product-center/microcontroller/hpm6200/6200-selection-table,selection column:以太网,"""/""",2026-08-14T07:54:09+00:00,manufacturer_product_page
device,hpmicro::hpm6284iep,CAN,hpmicro:selector:hpm6200,https://www.hpmicro.com/product-center/microcontroller/hpm6200/6200-selection-table,selection column:CAN,"""CAN FD x 4""",2026-08-14T07:54:09+00:00,manufacturer_product_page
device,hpmicro::hpm6284iep,USB,hpmicro:selector:hpm6200,https://www.hpmicro.com/product-center/microcontroller/hpm6200/6200-selection-table,selection column:USB,"""USB HS w/ PHY ×1""",2026-08-14T07:54:09+00:00,manufacturer_product_page
device,hpmicro::hpm6284iep,SPI,hpmicro:selector:hpm6200,https://www.hpmicro.com/product-center/microcontroller/hpm6200/6200-selection-table,selection column:SPI,"""4""",2026-08-14T07:54:09+00:00,manufacturer_product_page
device,hpmicro::hpm6284iep,I²C,hpmicro:selector:hpm6200,https://www.hpmicro.com/product-center/microcontroller/hpm6200/6200-selection-table,selection column:I²C,"""4""",2026-08-14T07:54:09+00:00,manufacturer_product_page
device,hpmicro::hpm6284iep,UART,hpmicro:selector:hpm6200,https://www.hpmicro.com/product-center/microcontroller/hpm6200/6200-selection-table,selection column:UART,"""9""",2026-08-14T07:54:09+00:00,manufacturer_product_page
device,hpmicro::hpm6284iep,Crypto 安全算法,hpmicro:selector:hpm6200,https://www.hpmicro.com/product-center/microcontroller/hpm6200/6200-selection-table,selection column:Crypto 安全算法,"""AES128/256, SHA-1/256""",2026-08-14T07:54:09+00:00,manufacturer_product_page
device,hpmicro::hpm6284iep,PDM数字麦克风,hpmicro:selector:hpm6200,https://www.hpmicro.com/product-center/microcontroller/hpm6200/6200-selection-table,selection column:PDM数字麦克风,"""8通道""",2026-08-14T07:54:09+00:00,manufacturer_product_page
device,hpmicro::hpm6284iep,安全特性,hpmicro:selector:hpm6200,https://www.hpmicro.com/product-center/microcontroller/hpm6200/6200-selection-table,selection column:安全特性,"""安全启动,JTAG 保护,实时代码加密执行""",2026-08-14T07:54:09+00:00,manufacturer_product_page
device,hpmicro::hpm6284iep,功能安全,hpmicro:selector:hpm6200,https://www.hpmicro.com/product-center/microcontroller/hpm6200/6200-selection-table,selection column:功能安全,"""/""",2026-08-14T07:54:09+00:00,manufacturer_product_page
device,hpmicro::hpm6284iep,电机控制,hpmicro:selector:hpm6200,https://www.hpmicro.com/product-center/microcontroller/hpm6200/6200-selection-table,selection column:电机控制,"""4× 正交编码器接口，4×HALL 接口""",2026-08-14T07:54:09+00:00,manufacturer_product_page
device,hpmicro::hpm6284iep,RTC,hpmicro:selector:hpm6200,https://www.hpmicro.com/product-center/microcontroller/hpm6200/6200-selection-table,selection column:RTC,"""1""",2026-08-14T07:54:09+00:00,manufacturer_product_page
device,hpmicro::hpm6284iep,GPTimer,hpmicro:selector:hpm6200,https://www.hpmicro.com/product-center/microcontroller/hpm6200/6200-selection-table,selection column:GPTimer,"""5×32 位""",2026-08-14T07:54:09+00:00,manufacturer_product_page
device,hpmicro::hpm6284iep,WDG,hpmicro:selector:hpm6200,https://www.hpmicro.com/product-center/microcontroller/hpm6200/6200-selection-table,selection column:WDG,"""3""",2026-08-14T07:54:09+00:00,manufacturer_product_page
device,hpmicro::hpm6284iep,ADC 12bit,hpmicro:selector:hpm6200,https://www.hpmicro.com/product-center/microcontroller/hpm6200/6200-selection-table,selection column:ADC 12bit,"""/""",2026-08-14T07:54:09+00:00,manufacturer_product_page
device,hpmicro::hpm6284iep,ADC 16bit,hpmicro:selector:hpm6200,https://www.hpmicro.com/product-center/microcontroller/hpm6200/6200-selection-table,selection column:ADC 16bit,"""3""",2026-08-14T07:54:09+00:00,manufacturer_product_page
device,hpmicro::hpm6284iep,DAC 12bit,hpmicro:selector:hpm6200,https://www.hpmicro.com/product-center/microcontroller/hpm6200/6200-selection-table,selection column:DAC 12bit,"""2 x 12bit DAC""",2026-08-14T07:54:09+00:00,manufacturer_product_page
device,hpmicro::hpm6284iep,比较器,hpmicro:selector:hpm6200,https://www.hpmicro.com/product-center/microcontroller/hpm6200/6200-selection-table,selection column:比较器,"""4""",2026-08-14T07:54:09+00:00,manufacturer_product_page
device,hpmicro::hpm6284iep,运算放大器,hpmicro:selector:hpm6200,https://www.hpmicro.com/product-center/microcontroller/hpm6200/6200-selection-table,selection column:运算放大器,"""/""",2026-08-14T07:54:09+00:00,manufacturer_product_page
device,hpmicro::hpm6284iep,封装形式,hpmicro:selector:hpm6200,https://www.hpmicro.com/product-center/microcontroller/hpm6200/6200-selection-table,selection column:封装形式,"""7×7 116BGA P0.5""",2026-08-14T07:54:09+00:00,manufacturer_product_page
device,hpmicro::hpm6284iep,产品厚度（mm),hpmicro:selector:hpm6200,https://www.hpmicro.com/product-center/microcontroller/hpm6200/6200-selection-table,selection column:产品厚度（mm),"""1.06""",2026-08-14T07:54:09+00:00,manufacturer_product_page
device,hpmicro::hpm6284iep,脚间距（mm),hpmicro:selector:hpm6200,https://www.hpmicro.com/product-center/microcontroller/hpm6200/6200-selection-table,selection column:脚间距（mm),"""0.5""",2026-08-14T07:54:09+00:00,manufacturer_product_page
device,hpmicro::hpm6284iep,包装方式,hpmicro:selector:hpm6200,https://www.hpmicro.com/product-center/microcontroller/hpm6200/6200-selection-table,selection column:包装方式,"""Tray 盘""",2026-08-14T07:54:09+00:00,manufacturer_product_page
device,hpmicro::hpm6284iep,MPQ,hpmicro:selector:hpm6200,https://www.hpmicro.com/product-center/microcontroller/hpm6200/6200-selection-table,selection column:MPQ,"""260""",2026-08-14T07:54:09+00:00,manufacturer_product_page
device,hpmicro::hpm6284iep,MOQ,hpmicro:selector:hpm6200,https://www.hpmicro.com/product-center/microcontroller/hpm6200/6200-selection-table,selection column:MOQ,"""260*5""",2026-08-14T07:54:09+00:00,manufacturer_product_page
device,hpmicro::hpm6284iep,温度范围,hpmicro:selector:hpm6200,https://www.hpmicro.com/product-center/microcontroller/hpm6200/6200-selection-table,selection column:温度范围,"""−40 ∼ 125°C Tj / −40 ∼ 105°C Ta""",2026-08-14T07:54:09+00:00,manufacturer_product_page
device,hpmicro::hpm6284iep,型号,hpmicro:selector:hpm6200,https://www.hpmicro.com/product-center/microcontroller/hpm6200/6200-selection-table,selection column:型号,"""HPM6284IEP""",2026-08-14T07:54:09+00:00,manufacturer_product_page
device,hpmicro::hpm6264ipa,内核类型,hpmicro:selector:hpm6200,https://www.hpmicro.com/product-center/microcontroller/hpm6200/6200-selection-table,selection column:内核类型,"""单核 32 位 RISC-V 处理器""",2026-08-14T07:54:09+00:00,manufacturer_product_page
device,hpmicro::hpm6264ipa,最高主频（MHz）,hpmicro:selector:hpm6200,https://www.hpmicro.com/product-center/microcontroller/hpm6200/6200-selection-table,selection column:最高主频（MHz）,"""600""",2026-08-14T07:54:09+00:00,manufacturer_product_page
device,hpmicro::hpm6264ipa,Flash (MB),hpmicro:selector:hpm6200,https://www.hpmicro.com/product-center/microcontroller/hpm6200/6200-selection-table,selection column:Flash (MB),"""4""",2026-08-14T07:54:09+00:00,manufacturer_product_page
device,hpmicro::hpm6264ipa,SRAM,hpmicro:selector:hpm6200,https://www.hpmicro.com/product-center/microcontroller/hpm6200/6200-selection-table,selection column:SRAM,"""800KB""",2026-08-14T07:54:09+00:00,manufacturer_product_page
device,hpmicro::hpm6264ipa,电源输入（V）,hpmicro:selector:hpm6200,https://www.hpmicro.com/product-center/microcontroller/hpm6200/6200-selection-table,selection column:电源输入（V）,"""3~3.6V""",2026-08-14T07:54:09+00:00,manufacturer_product_page
device,hpmicro::hpm6264ipa,图形编解码器,hpmicro:selector:hpm6200,https://www.hpmicro.com/product-center/microcontroller/hpm6200/6200-selection-table,selection column:图形编解码器,"""/""",2026-08-14T07:54:09+00:00,manufacturer_product_page
device,hpmicro::hpm6264ipa,图形加速,hpmicro:selector:hpm6200,https://www.hpmicro.com/product-center/microcontroller/hpm6200/6200-selection-table,selection column:图形加速,"""/""",2026-08-14T07:54:09+00:00,manufacturer_product_page
device,hpmicro::hpm6264ipa,LCD,hpmicro:selector:hpm6200,https://www.hpmicro.com/product-center/microcontroller/hpm6200/6200-selection-table,selection column:LCD,"""/""",2026-08-14T07:54:09+00:00,manufacturer_product_page
device,hpmicro::hpm6264ipa,摄像头接口（DVP）,hpmicro:selector:hpm6200,https://www.hpmicro.com/product-center/microcontroller/hpm6200/6200-selection-table,selection column:摄像头接口（DVP）,"""/""",2026-08-14T07:54:09+00:00,manufacturer_product_page
device,hpmicro::hpm6264ipa,I²S,hpmicro:selector:hpm6200,https://www.hpmicro.com/product-center/microcontroller/hpm6200/6200-selection-table,selection column:I²S,"""/""",2026-08-14T07:54:09+00:00,manufacturer_product_page
device,hpmicro::hpm6264ipa,数字音频输出,hpmicro:selector:hpm6200,https://www.hpmicro.com/product-center/microcontroller/hpm6200/6200-selection-table,selection column:数字音频输出,"""/""",2026-08-14T07:54:09+00:00,manufacturer_product_page
device,hpmicro::hpm6264ipa,DDR,hpmicro:selector:hpm6200,https://www.hpmicro.com/product-center/microcontroller/hpm6200/6200-selection-table,selection column:DDR,"""/""",2026-08-14T07:54:09+00:00,manufacturer_product_page
device,hpmicro::hpm6264ipa,SDRAM,hpmicro:selector:hpm6200,https://www.hpmicro.com/product-center/microcontroller/hpm6200/6200-selection-table,selection column:SDRAM,"""/""",2026-08-14T07:54:09+00:00,manufacturer_product_page
device,hpmicro::hpm6264ipa,SD/eMMC （*63系列无eMMC）,hpmicro:selector:hpm6200,https://www.hpmicro.com/product-center/microcontroller/hpm6200/6200-selection-table,selection column:SD/eMMC （*63系列无eMMC）,"""/""",2026-08-14T07:54:09+00:00,manufacturer_product_page
device,hpmicro::hpm6264ipa,XPI,hpmicro:selector:hpm6200,https://www.hpmicro.com/product-center/microcontroller/hpm6200/6200-selection-table,selection column:XPI,"""1""",2026-08-14T07:54:09+00:00,manufacturer_product_page
device,hpmicro::hpm6264ipa,以太网,hpmicro:selector:hpm6200,https://www.hpmicro.com/product-center/microcontroller/hpm6200/6200-selection-table,selection column:以太网,"""/""",2026-08-14T07:54:09+00:00,manufacturer_product_page
device,hpmicro::hpm6264ipa,CAN,hpmicro:selector:hpm6200,https://www.hpmicro.com/product-center/microcontroller/hpm6200/6200-selection-table,selection column:CAN,"""CAN FD x 4""",2026-08-14T07:54:09+00:00,manufacturer_product_page
device,hpmicro::hpm6264ipa,USB,hpmicro:selector:hpm6200,https://www.hpmicro.com/product-center/microcontroller/hpm6200/6200-selection-table,selection column:USB,"""USB HS w/ PHY ×1""",2026-08-14T07:54:09+00:00,manufacturer_product_page
device,hpmicro::hpm6264ipa,SPI,hpmicro:selector:hpm6200,https://www.hpmicro.com/product-center/microcontroller/hpm6200/6200-selection-table,selection column:SPI,"""4""",2026-08-14T07:54:09+00:00,manufacturer_product_page
device,hpmicro::hpm6264ipa,I²C,hpmicro:selector:hpm6200,https://www.hpmicro.com/product-center/microcontroller/hpm6200/6200-selection-table,selection column:I²C,"""4""",2026-08-14T07:54:09+00:00,manufacturer_product_page
device,hpmicro::hpm6264ipa,UART,hpmicro:selector:hpm6200,https://www.hpmicro.com/product-center/microcontroller/hpm6200/6200-selection-table,selection column:UART,"""9""",2026-08-14T07:54:09+00:00,manufacturer_product_page
device,hpmicro::hpm6264ipa,Crypto 安全算法,hpmicro:selector:hpm6200,https://www.hpmicro.com/product-center/microcontroller/hpm6200/6200-selection-table,selection column:Crypto 安全算法,"""AES128/256, SHA-1/256""",2026-08-14T07:54:09+00:00,manufacturer_product_page
device,hpmicro::hpm6264ipa,PDM数字麦克风,hpmicro:selector:hpm6200,https://www.hpmicro.com/product-center/microcontroller/hpm6200/6200-selection-table,selection column:PDM数字麦克风,"""8通道""",2026-08-14T07:54:09+00:00,manufacturer_product_page
device,hpmicro::hpm6264ipa,安全特性,hpmicro:selector:hpm6200,https://www.hpmicro.com/product-center/microcontroller/hpm6200/6200-selection-table,selection column:安全特性,"""安全启动,JTAG 保护,实时代码加密执行""",2026-08-14T07:54:09+00:00,manufacturer_product_page
device,hpmicro::hpm6264ipa,功能安全,hpmicro:selector:hpm6200,https://www.hpmicro.com/product-center/microcontroller/hpm6200/6200-selection-table,selection column:功能安全,"""/""",2026-08-14T07:54:09+00:00,manufacturer_product_page
device,hpmicro::hpm6264ipa,电机控制,hpmicro:selector:hpm6200,https://www.hpmicro.com/product-center/microcontroller/hpm6200/6200-selection-table,selection column:电机控制,"""4× 正交编码器接口，4×HALL 接口""",2026-08-14T07:54:09+00:00,manufacturer_product_page
device,hpmicro::hpm6264ipa,RTC,hpmicro:selector:hpm6200,https://www.hpmicro.com/product-center/microcontroller/hpm6200/6200-selection-table,selection column:RTC,"""1""",2026-08-14T07:54:09+00:00,manufacturer_product_page
device,hpmicro::hpm6264ipa,GPTimer,hpmicro:selector:hpm6200,https://www.hpmicro.com/product-center/microcontroller/hpm6200/6200-selection-table,selection column:GPTimer,"""5×32 位""",2026-08-14T07:54:09+00:00,manufacturer_product_page
device,hpmicro::hpm6264ipa,WDG,hpmicro:selector:hpm6200,https://www.hpmicro.com/product-center/microcontroller/hpm6200/6200-selection-table,selection column:WDG,"""3""",2026-08-14T07:54:09+00:00,manufacturer_product_page
device,hpmicro::hpm6264ipa,ADC 12bit,hpmicro:selector:hpm6200,https://www.hpmicro.com/product-center/microcontroller/hpm6200/6200-selection-table,selection column:ADC 12bit,"""/""",2026-08-14T07:54:09+00:00,manufacturer_product_page
device,hpmicro::hpm6264ipa,ADC 16bit,hpmicro:selector:hpm6200,https://www.hpmicro.com/product-center/microcontroller/hpm6200/6200-selection-table,selection column:ADC 16bit,"""3""",2026-08-14T07:54:09+00:00,manufacturer_product_page
device,hpmicro::hpm6264ipa,DAC 12bit,hpmicro:selector:hpm6200,https://www.hpmicro.com/product-center/microcontroller/hpm6200/6200-selection-table,selection column:DAC 12bit,"""2 x 12bit DAC""",2026-08-14T07:54:09+00:00,manufacturer_product_page
device,hpmicro::hpm6264ipa,比较器,hpmicro:selector:hpm6200,https://www.hpmicro.com/product-center/microcontroller/hpm6200/6200-selection-table,selection column:比较器,"""4""",2026-08-14T07:54:09+00:00,manufacturer_product_page
device,hpmicro::hpm6264ipa,运算放大器,hpmicro:selector:hpm6200,https://www.hpmicro.com/product-center/microcontroller/hpm6200/6200-selection-table,selection column:运算放大器,"""/""",2026-08-14T07:54:09+00:00,manufacturer_product_page
device,hpmicro::hpm6264ipa,封装形式,hpmicro:selector:hpm6200,https://www.hpmicro.com/product-center/microcontroller/hpm6200/6200-selection-table,selection column:封装形式,"""20×20 144eLQFP P0.5""",2026-08-14T07:54:09+00:00,manufacturer_product_page
device,hpmicro::hpm6264ipa,产品厚度（mm),hpmicro:selector:hpm6200,https://www.hpmicro.com/product-center/microcontroller/hpm6200/6200-selection-table,selection column:产品厚度（mm),"""1.4""",2026-08-14T07:54:09+00:00,manufacturer_product_page
device,hpmicro::hpm6264ipa,脚间距（mm),hpmicro:selector:hpm6200,https://www.hpmicro.com/product-center/microcontroller/hpm6200/6200-selection-table,selection column:脚间距（mm),"""0.5""",2026-08-14T07:54:09+00:00,manufacturer_product_page
device,hpmicro::hpm6264ipa,包装方式,hpmicro:selector:hpm6200,https://www.hpmicro.com/product-center/microcontroller/hpm6200/6200-selection-table,selection column:包装方式,"""Tray 盘""",2026-08-14T07:54:09+00:00,manufacturer_product_page
device,hpmicro::hpm6264ipa,MPQ,hpmicro:selector:hpm6200,https://www.hpmicro.com/product-center/microcontroller/hpm6200/6200-selection-table,selection column:MPQ,"""60""",2026-08-14T07:54:09+00:00,manufacturer_product_page
device,hpmicro::hpm6264ipa,MOQ,hpmicro:selector:hpm6200,https://www.hpmicro.com/product-center/microcontroller/hpm6200/6200-selection-table,selection column:MOQ,"""60*10""",2026-08-14T07:54:09+00:00,manufacturer_product_page
device,hpmicro::hpm6264ipa,温度范围,hpmicro:selector:hpm6200,https://www.hpmicro.com/product-center/microcontroller/hpm6200/6200-selection-table,selection column:温度范围,"""−40 ∼ 125°C Tj / −40 ∼ 105°C Ta""",2026-08-14T07:54:09+00:00,manufacturer_product_page
device,hpmicro::hpm6264ipa,型号,hpmicro:selector:hpm6200,https://www.hpmicro.com/product-center/microcontroller/hpm6200/6200-selection-table,selection column:型号,"""HPM6264IPA""",2026-08-14T07:54:09+00:00,manufacturer_product_page
device,hpmicro::hpm6264iep,内核类型,hpmicro:selector:hpm6200,https://www.hpmicro.com/product-center/microcontroller/hpm6200/6200-selection-table,selection column:内核类型,"""单核 32 位 RISC-V 处理器""",2026-08-14T07:54:09+00:00,manufacturer_product_page
device,hpmicro::hpm6264iep,最高主频（MHz）,hpmicro:selector:hpm6200,https://www.hpmicro.com/product-center/microcontroller/hpm6200/6200-selection-table,selection column:最高主频（MHz）,"""600""",2026-08-14T07:54:09+00:00,manufacturer_product_page
device,hpmicro::hpm6264iep,Flash (MB),hpmicro:selector:hpm6200,https://www.hpmicro.com/product-center/microcontroller/hpm6200/6200-selection-table,selection column:Flash (MB),"""4""",2026-08-14T07:54:09+00:00,manufacturer_product_page
device,hpmicro::hpm6264iep,SRAM,hpmicro:selector:hpm6200,https://www.hpmicro.com/product-center/microcontroller/hpm6200/6200-selection-table,selection column:SRAM,"""800KB""",2026-08-14T07:54:09+00:00,manufacturer_product_page
device,hpmicro::hpm6264iep,电源输入（V）,hpmicro:selector:hpm6200,https://www.hpmicro.com/product-center/microcontroller/hpm6200/6200-selection-table,selection column:电源输入（V）,"""3~3.6V""",2026-08-14T07:54:09+00:00,manufacturer_product_page
device,hpmicro::hpm6264iep,图形编解码器,hpmicro:selector:hpm6200,https://www.hpmicro.com/product-center/microcontroller/hpm6200/6200-selection-table,selection column:图形编解码器,"""/""",2026-08-14T07:54:09+00:00,manufacturer_product_page
device,hpmicro::hpm6264iep,图形加速,hpmicro:selector:hpm6200,https://www.hpmicro.com/product-center/microcontroller/hpm6200/6200-selection-table,selection column:图形加速,"""/""",2026-08-14T07:54:09+00:00,manufacturer_product_page
device,hpmicro::hpm6264iep,LCD,hpmicro:selector:hpm6200,https://www.hpmicro.com/product-center/microcontroller/hpm6200/6200-selection-table,selection column:LCD,"""/""",2026-08-14T07:54:09+00:00,manufacturer_product_page
device,hpmicro::hpm6264iep,摄像头接口（DVP）,hpmicro:selector:hpm6200,https://www.hpmicro.com/product-center/microcontroller/hpm6200/6200-selection-table,selection column:摄像头接口（DVP）,"""/""",2026-08-14T07:54:09+00:00,manufacturer_product_page
device,hpmicro::hpm6264iep,I²S,hpmicro:selector:hpm6200,https://www.hpmicro.com/product-center/microcontroller/hpm6200/6200-selection-table,selection column:I²S,"""/""",2026-08-14T07:54:09+00:00,manufacturer_product_page
device,hpmicro::hpm6264iep,数字音频输出,hpmicro:selector:hpm6200,https://www.hpmicro.com/product-center/microcontroller/hpm6200/6200-selection-table,selection column:数字音频输出,"""/""",2026-08-14T07:54:09+00:00,manufacturer_product_page
device,hpmicro::hpm6264iep,DDR,hpmicro:selector:hpm6200,https://www.hpmicro.com/product-center/microcontroller/hpm6200/6200-selection-table,selection column:DDR,"""/""",2026-08-14T07:54:09+00:00,manufacturer_product_page
device,hpmicro::hpm6264iep,SDRAM,hpmicro:selector:hpm6200,https://www.hpmicro.com/product-center/microcontroller/hpm6200/6200-selection-table,selection column:SDRAM,"""/""",2026-08-14T07:54:09+00:00,manufacturer_product_page
device,hpmicro::hpm6264iep,SD/eMMC （*63系列无eMMC）,hpmicro:selector:hpm6200,https://www.hpmicro.com/product-center/microcontroller/hpm6200/6200-selection-table,selection column:SD/eMMC （*63系列无eMMC）,"""/""",2026-08-14T07:54:09+00:00,manufacturer_product_page
device,hpmicro::hpm6264iep,XPI,hpmicro:selector:hpm6200,https://www.hpmicro.com/product-center/microcontroller/hpm6200/6200-selection-table,selection column:XPI,"""1""",2026-08-14T07:54:09+00:00,manufacturer_product_page
device,hpmicro::hpm6264iep,以太网,hpmicro:selector:hpm6200,https://www.hpmicro.com/product-center/microcontroller/hpm6200/6200-selection-table,selection column:以太网,"""/""",2026-08-14T07:54:09+00:00,manufacturer_product_page
device,hpmicro::hpm6264iep,CAN,hpmicro:selector:hpm6200,https://www.hpmicro.com/product-center/microcontroller/hpm6200/6200-selection-table,selection column:CAN,"""CAN FD x 4""",2026-08-14T07:54:09+00:00,manufacturer_product_page
device,hpmicro::hpm6264iep,USB,hpmicro:selector:hpm6200,https://www.hpmicro.com/product-center/microcontroller/hpm6200/6200-selection-table,selection column:USB,"""USB HS w/ PHY ×1""",2026-08-14T07:54:09+00:00,manufacturer_product_page
device,hpmicro::hpm6264iep,SPI,hpmicro:selector:hpm6200,https://www.hpmicro.com/product-center/microcontroller/hpm6200/6200-selection-table,selection column:SPI,"""4""",2026-08-14T07:54:09+00:00,manufacturer_product_page
device,hpmicro::hpm6264iep,I²C,hpmicro:selector:hpm6200,https://www.hpmicro.com/product-center/microcontroller/hpm6200/6200-selection-table,selection column:I²C,"""4""",2026-08-14T07:54:09+00:00,manufacturer_product_page
device,hpmicro::hpm6264iep,UART,hpmicro:selector:hpm6200,https://www.hpmicro.com/product-center/microcontroller/hpm6200/6200-selection-table,selection column:UART,"""9""",2026-08-14T07:54:09+00:00,manufacturer_product_page
device,hpmicro::hpm6264iep,Crypto 安全算法,hpmicro:selector:hpm6200,https://www.hpmicro.com/product-center/microcontroller/hpm6200/6200-selection-table,selection column:Crypto 安全算法,"""AES128/256, SHA-1/256""",2026-08-14T07:54:09+00:00,manufacturer_product_page
device,hpmicro::hpm6264iep,PDM数字麦克风,hpmicro:selector:hpm6200,https://www.hpmicro.com/product-center/microcontroller/hpm6200/6200-selection-table,selection column:PDM数字麦克风,"""8通道""",2026-08-14T07:54:09+00:00,manufacturer_product_page
device,hpmicro::hpm6264iep,安全特性,hpmicro:selector:hpm6200,https://www.hpmicro.com/product-center/microcontroller/hpm6200/6200-selection-table,selection column:安全特性,"""安全启动,JTAG 保护,实时代码加密执行""",2026-08-14T07:54:09+00:00,manufacturer_product_page
device,hpmicro::hpm6264iep,功能安全,hpmicro:selector:hpm6200,https://www.hpmicro.com/product-center/microcontroller/hpm6200/6200-selection-table,selection column:功能安全,"""/""",2026-08-14T07:54:09+00:00,manufacturer_product_page
device,hpmicro::hpm6264iep,电机控制,hpmicro:selector:hpm6200,https://www.hpmicro.com/product-center/microcontroller/hpm6200/6200-selection-table,selection column:电机控制,"""4× 正交编码器接口，4×HALL 接口""",2026-08-14T07:54:09+00:00,manufacturer_product_page
device,hpmicro::hpm6264iep,RTC,hpmicro:selector:hpm6200,https://www.hpmicro.com/product-center/microcontroller/hpm6200/6200-selection-table,selection column:RTC,"""1""",2026-08-14T07:54:09+00:00,manufacturer_product_page
device,hpmicro::hpm6264iep,GPTimer,hpmicro:selector:hpm6200,https://www.hpmicro.com/product-center/microcontroller/hpm6200/6200-selection-table,selection column:GPTimer,"""5×32 位""",2026-08-14T07:54:09+00:00,manufacturer_product_page
device,hpmicro::hpm6264iep,WDG,hpmicro:selector:hpm6200,https://www.hpmicro.com/product-center/microcontroller/hpm6200/6200-selection-table,selection column:WDG,"""3""",2026-08-14T07:54:09+00:00,manufacturer_product_page
device,hpmicro::hpm6264iep,ADC 12bit,hpmicro:selector:hpm6200,https://www.hpmicro.com/product-center/microcontroller/hpm6200/6200-selection-table,selection column:ADC 12bit,"""/""",2026-08-14T07:54:09+00:00,manufacturer_product_page
device,hpmicro::hpm6264iep,ADC 16bit,hpmicro:selector:hpm6200,https://www.hpmicro.com/product-center/microcontroller/hpm6200/6200-selection-table,selection column:ADC 16bit,"""3""",2026-08-14T07:54:09+00:00,manufacturer_product_page
device,hpmicro::hpm6264iep,DAC 12bit,hpmicro:selector:hpm6200,https://www.hpmicro.com/product-center/microcontroller/hpm6200/6200-selection-table,selection column:DAC 12bit,"""2 x 12bit DAC""",2026-08-14T07:54:09+00:00,manufacturer_product_page
device,hpmicro::hpm6264iep,比较器,hpmicro:selector:hpm6200,https://www.hpmicro.com/product-center/microcontroller/hpm6200/6200-selection-table,selection column:比较器,"""4""",2026-08-14T07:54:09+00:00,manufacturer_product_page
device,hpmicro::hpm6264iep,运算放大器,hpmicro:selector:hpm6200,https://www.hpmicro.com/product-center/microcontroller/hpm6200/6200-selection-table,selection column:运算放大器,"""/""",2026-08-14T07:54:09+00:00,manufacturer_product_page
device,hpmicro::hpm6264iep,封装形式,hpmicro:selector:hpm6200,https://www.hpmicro.com/product-center/microcontroller/hpm6200/6200-selection-table,selection column:封装形式,"""7×7 116BGA P0.5""",2026-08-14T07:54:09+00:00,manufacturer_product_page
device,hpmicro::hpm6264iep,产品厚度（mm),hpmicro:selector:hpm6200,https://www.hpmicro.com/product-center/microcontroller/hpm6200/6200-selection-table,selection column:产品厚度（mm),"""1.06""",2026-08-14T07:54:09+00:00,manufacturer_product_page
device,hpmicro::hpm6264iep,脚间距（mm),hpmicro:selector:hpm6200,https://www.hpmicro.com/product-center/microcontroller/hpm6200/6200-selection-table,selection column:脚间距（mm),"""0.5""",2026-08-14T07:54:09+00:00,manufacturer_product_page
device,hpmicro::hpm6264iep,包装方式,hpmicro:selector:hpm6200,https://www.hpmicro.com/product-center/microcontroller/hpm6200/6200-selection-table,selection column:包装方式,"""Tray 盘""",2026-08-14T07:54:09+00:00,manufacturer_product_page
device,hpmicro::hpm6264iep,MPQ,hpmicro:selector:hpm6200,https://www.hpmicro.com/product-center/microcontroller/hpm6200/6200-selection-table,selection column:MPQ,"""260""",2026-08-14T07:54:09+00:00,manufacturer_product_page
device,hpmicro::hpm6264iep,MOQ,hpmicro:selector:hpm6200,https://www.hpmicro.com/product-center/microcontroller/hpm6200/6200-selection-table,selection column:MOQ,"""260*5""",2026-08-14T07:54:09+00:00,manufacturer_product_page
device,hpmicro::hpm6264iep,温度范围,hpmicro:selector:hpm6200,https://www.hpmicro.com/product-center/microcontroller/hpm6200/6200-selection-table,selection column:温度范围,"""−40 ∼ 125°C Tj / −40 ∼ 105°C Ta""",2026-08-14T07:54:09+00:00,manufacturer_product_page
device,hpmicro::hpm6264iep,型号,hpmicro:selector:hpm6200,https://www.hpmicro.com/product-center/microcontroller/hpm6200/6200-selection-table,selection column:型号,"""HPM6264IEP""",2026-08-14T07:54:09+00:00,manufacturer_product_page
device,hpmicro::hpm6220ipa,内核类型,hpmicro:selector:hpm6200,https://www.hpmicro.com/product-center/microcontroller/hpm6200/6200-selection-table,selection column:内核类型,"""单核 32 位 RISC-V 处理器""",2026-08-14T07:54:09+00:00,manufacturer_product_page
device,hpmicro::hpm6220ipa,最高主频（MHz）,hpmicro:selector:hpm6200,https://www.hpmicro.com/product-center/microcontroller/hpm6200/6200-selection-table,selection column:最高主频（MHz）,"""300""",2026-08-14T07:54:09+00:00,manufacturer_product_page
device,hpmicro::hpm6220ipa,Flash (MB),hpmicro:selector:hpm6200,https://www.hpmicro.com/product-center/microcontroller/hpm6200/6200-selection-table,selection column:Flash (MB),"""0""",2026-08-14T07:54:09+00:00,manufacturer_product_page
device,hpmicro::hpm6220ipa,SRAM,hpmicro:selector:hpm6200,https://www.hpmicro.com/product-center/microcontroller/hpm6200/6200-selection-table,selection column:SRAM,"""800KB""",2026-08-14T07:54:09+00:00,manufacturer_product_page
device,hpmicro::hpm6220ipa,电源输入（V）,hpmicro:selector:hpm6200,https://www.hpmicro.com/product-center/microcontroller/hpm6200/6200-selection-table,selection column:电源输入（V）,"""3~3.6V""",2026-08-14T07:54:09+00:00,manufacturer_product_page
device,hpmicro::hpm6220ipa,图形编解码器,hpmicro:selector:hpm6200,https://www.hpmicro.com/product-center/microcontroller/hpm6200/6200-selection-table,selection column:图形编解码器,"""/""",2026-08-14T07:54:09+00:00,manufacturer_product_page
device,hpmicro::hpm6220ipa,图形加速,hpmicro:selector:hpm6200,https://www.hpmicro.com/product-center/microcontroller/hpm6200/6200-selection-table,selection column:图形加速,"""/""",2026-08-14T07:54:09+00:00,manufacturer_product_page
device,hpmicro::hpm6220ipa,LCD,hpmicro:selector:hpm6200,https://www.hpmicro.com/product-center/microcontroller/hpm6200/6200-selection-table,selection column:LCD,"""/""",2026-08-14T07:54:09+00:00,manufacturer_product_page
device,hpmicro::hpm6220ipa,摄像头接口（DVP）,hpmicro:selector:hpm6200,https://www.hpmicro.com/product-center/microcontroller/hpm6200/6200-selection-table,selection column:摄像头接口（DVP）,"""/""",2026-08-14T07:54:09+00:00,manufacturer_product_page
device,hpmicro::hpm6220ipa,I²S,hpmicro:selector:hpm6200,https://www.hpmicro.com/product-center/microcontroller/hpm6200/6200-selection-table,selection column:I²S,"""/""",2026-08-14T07:54:09+00:00,manufacturer_product_page
device,hpmicro::hpm6220ipa,数字音频输出,hpmicro:selector:hpm6200,https://www.hpmicro.com/product-center/microcontroller/hpm6200/6200-selection-table,selection column:数字音频输出,"""/""",2026-08-14T07:54:09+00:00,manufacturer_product_page
device,hpmicro::hpm6220ipa,DDR,hpmicro:selector:hpm6200,https://www.hpmicro.com/product-center/microcontroller/hpm6200/6200-selection-table,selection column:DDR,"""/""",2026-08-14T07:54:09+00:00,manufacturer_product_page
device,hpmicro::hpm6220ipa,SDRAM,hpmicro:selector:hpm6200,https://www.hpmicro.com/product-center/microcontroller/hpm6200/6200-selection-table,selection column:SDRAM,"""/""",2026-08-14T07:54:09+00:00,manufacturer_product_page
device,hpmicro::hpm6220ipa,SD/eMMC （*63系列无eMMC）,hpmicro:selector:hpm6200,https://www.hpmicro.com/product-center/microcontroller/hpm6200/6200-selection-table,selection column:SD/eMMC （*63系列无eMMC）,"""/""",2026-08-14T07:54:09+00:00,manufacturer_product_page
device,hpmicro::hpm6220ipa,XPI,hpmicro:selector:hpm6200,https://www.hpmicro.com/product-center/microcontroller/hpm6200/6200-selection-table,selection column:XPI,"""1""",2026-08-14T07:54:09+00:00,manufacturer_product_page
device,hpmicro::hpm6220ipa,以太网,hpmicro:selector:hpm6200,https://www.hpmicro.com/product-center/microcontroller/hpm6200/6200-selection-table,selection column:以太网,"""/""",2026-08-14T07:54:09+00:00,manufacturer_product_page
device,hpmicro::hpm6220ipa,CAN,hpmicro:selector:hpm6200,https://www.hpmicro.com/product-center/microcontroller/hpm6200/6200-selection-table,selection column:CAN,"""/""",2026-08-14T07:54:09+00:00,manufacturer_product_page
device,hpmicro::hpm6220ipa,USB,hpmicro:selector:hpm6200,https://www.hpmicro.com/product-center/microcontroller/hpm6200/6200-selection-table,selection column:USB,"""USB HS w/ PHY ×1""",2026-08-14T07:54:09+00:00,manufacturer_product_page
device,hpmicro::hpm6220ipa,SPI,hpmicro:selector:hpm6200,https://www.hpmicro.com/product-center/microcontroller/hpm6200/6200-selection-table,selection column:SPI,"""3""",2026-08-14T07:54:09+00:00,manufacturer_product_page
device,hpmicro::hpm6220ipa,I²C,hpmicro:selector:hpm6200,https://www.hpmicro.com/product-center/microcontroller/hpm6200/6200-selection-table,selection column:I²C,"""3""",2026-08-14T07:54:09+00:00,manufacturer_product_page
device,hpmicro::hpm6220ipa,UART,hpmicro:selector:hpm6200,https://www.hpmicro.com/product-center/microcontroller/hpm6200/6200-selection-table,selection column:UART,"""6""",2026-08-14T07:54:09+00:00,manufacturer_product_page
device,hpmicro::hpm6220ipa,Crypto 安全算法,hpmicro:selector:hpm6200,https://www.hpmicro.com/product-center/microcontroller/hpm6200/6200-selection-table,selection column:Crypto 安全算法,"""AES128/256, SHA-1/256""",2026-08-14T07:54:09+00:00,manufacturer_product_page
device,hpmicro::hpm6220ipa,PDM数字麦克风,hpmicro:selector:hpm6200,https://www.hpmicro.com/product-center/microcontroller/hpm6200/6200-selection-table,selection column:PDM数字麦克风,"""8通道""",2026-08-14T07:54:09+00:00,manufacturer_product_page
device,hpmicro::hpm6220ipa,安全特性,hpmicro:selector:hpm6200,https://www.hpmicro.com/product-center/microcontroller/hpm6200/6200-selection-table,selection column:安全特性,"""安全启动,JTAG 保护,实时代码加密执行""",2026-08-14T07:54:09+00:00,manufacturer_product_page
device,hpmicro::hpm6220ipa,功能安全,hpmicro:selector:hpm6200,https://www.hpmicro.com/product-center/microcontroller/hpm6200/6200-selection-table,selection column:功能安全,"""/""",2026-08-14T07:54:09+00:00,manufacturer_product_page
device,hpmicro::hpm6220ipa,电机控制,hpmicro:selector:hpm6200,https://www.hpmicro.com/product-center/microcontroller/hpm6200/6200-selection-table,selection column:电机控制,"""/""",2026-08-14T07:54:09+00:00,manufacturer_product_page
device,hpmicro::hpm6220ipa,RTC,hpmicro:selector:hpm6200,https://www.hpmicro.com/product-center/microcontroller/hpm6200/6200-selection-table,selection column:RTC,"""1""",2026-08-14T07:54:09+00:00,manufacturer_product_page
device,hpmicro::hpm6220ipa,GPTimer,hpmicro:selector:hpm6200,https://www.hpmicro.com/product-center/microcontroller/hpm6200/6200-selection-table,selection column:GPTimer,"""5×32 位""",2026-08-14T07:54:09+00:00,manufacturer_product_page
device,hpmicro::hpm6220ipa,WDG,hpmicro:selector:hpm6200,https://www.hpmicro.com/product-center/microcontroller/hpm6200/6200-selection-table,selection column:WDG,"""3""",2026-08-14T07:54:09+00:00,manufacturer_product_page
device,hpmicro::hpm6220ipa,ADC 12bit,hpmicro:selector:hpm6200,https://www.hpmicro.com/product-center/microcontroller/hpm6200/6200-selection-table,selection column:ADC 12bit,"""/""",2026-08-14T07:54:09+00:00,manufacturer_product_page
device,hpmicro::hpm6220ipa,ADC 16bit,hpmicro:selector:hpm6200,https://www.hpmicro.com/product-center/microcontroller/hpm6200/6200-selection-table,selection column:ADC 16bit,"""1""",2026-08-14T07:54:09+00:00,manufacturer_product_page
device,hpmicro::hpm6220ipa,DAC 12bit,hpmicro:selector:hpm6200,https://www.hpmicro.com/product-center/microcontroller/hpm6200/6200-selection-table,selection column:DAC 12bit,"""/""",2026-08-14T07:54:09+00:00,manufacturer_product_page
device,hpmicro::hpm6220ipa,比较器,hpmicro:selector:hpm6200,https://www.hpmicro.com/product-center/microcontroller/hpm6200/6200-selection-table,selection column:比较器,"""2""",2026-08-14T07:54:09+00:00,manufacturer_product_page
device,hpmicro::hpm6220ipa,运算放大器,hpmicro:selector:hpm6200,https://www.hpmicro.com/product-center/microcontroller/hpm6200/6200-selection-table,selection column:运算放大器,"""/""",2026-08-14T07:54:09+00:00,manufacturer_product_page
device,hpmicro::hpm6220ipa,封装形式,hpmicro:selector:hpm6200,https://www.hpmicro.com/product-center/microcontroller/hpm6200/6200-selection-table,selection column:封装形式,"""20×20 144eLQFP P0.5""",2026-08-14T07:54:09+00:00,manufacturer_product_page
device,hpmicro::hpm6220ipa,产品厚度（mm),hpmicro:selector:hpm6200,https://www.hpmicro.com/product-center/microcontroller/hpm6200/6200-selection-table,selection column:产品厚度（mm),"""1.4""",2026-08-14T07:54:09+00:00,manufacturer_product_page
device,hpmicro::hpm6220ipa,脚间距（mm),hpmicro:selector:hpm6200,https://www.hpmicro.com/product-center/microcontroller/hpm6200/6200-selection-table,selection column:脚间距（mm),"""0.5""",2026-08-14T07:54:09+00:00,manufacturer_product_page
device,hpmicro::hpm6220ipa,包装方式,hpmicro:selector:hpm6200,https://www.hpmicro.com/product-center/microcontroller/hpm6200/6200-selection-table,selection column:包装方式,"""Tray 盘""",2026-08-14T07:54:09+00:00,manufacturer_product_page
device,hpmicro::hpm6220ipa,MPQ,hpmicro:selector:hpm6200,https://www.hpmicro.com/product-center/microcontroller/hpm6200/6200-selection-table,selection column:MPQ,"""60""",2026-08-14T07:54:09+00:00,manufacturer_product_page
device,hpmicro::hpm6220ipa,MOQ,hpmicro:selector:hpm6200,https://www.hpmicro.com/product-center/microcontroller/hpm6200/6200-selection-table,selection column:MOQ,"""60*10""",2026-08-14T07:54:09+00:00,manufacturer_product_page
device,hpmicro::hpm6220ipa,温度范围,hpmicro:selector:hpm6200,https://www.hpmicro.com/product-center/microcontroller/hpm6200/6200-selection-table,selection column:温度范围,"""−40 ∼ 125°C Tj / −40 ∼ 105°C Ta""",2026-08-14T07:54:09+00:00,manufacturer_product_page
device,hpmicro::hpm6220ipa,型号,hpmicro:selector:hpm6200,https://www.hpmicro.com/product-center/microcontroller/hpm6200/6200-selection-table,selection column:型号,"""HPM6220IPA""",2026-08-14T07:54:09+00:00,manufacturer_product_page
device,hpmicro::hpm6220iep,内核类型,hpmicro:selector:hpm6200,https://www.hpmicro.com/product-center/microcontroller/hpm6200/6200-selection-table,selection column:内核类型,"""单核 32 位 RISC-V 处理器""",2026-08-14T07:54:09+00:00,manufacturer_product_page
device,hpmicro::hpm6220iep,最高主频（MHz）,hpmicro:selector:hpm6200,https://www.hpmicro.com/product-center/microcontroller/hpm6200/6200-selection-table,selection column:最高主频（MHz）,"""300""",2026-08-14T07:54:09+00:00,manufacturer_product_page
device,hpmicro::hpm6220iep,Flash (MB),hpmicro:selector:hpm6200,https://www.hpmicro.com/product-center/microcontroller/hpm6200/6200-selection-table,selection column:Flash (MB),"""0""",2026-08-14T07:54:09+00:00,manufacturer_product_page
device,hpmicro::hpm6220iep,SRAM,hpmicro:selector:hpm6200,https://www.hpmicro.com/product-center/microcontroller/hpm6200/6200-selection-table,selection column:SRAM,"""800KB""",2026-08-14T07:54:09+00:00,manufacturer_product_page
device,hpmicro::hpm6220iep,电源输入（V）,hpmicro:selector:hpm6200,https://www.hpmicro.com/product-center/microcontroller/hpm6200/6200-selection-table,selection column:电源输入（V）,"""3~3.6V""",2026-08-14T07:54:09+00:00,manufacturer_product_page
device,hpmicro::hpm6220iep,图形编解码器,hpmicro:selector:hpm6200,https://www.hpmicro.com/product-center/microcontroller/hpm6200/6200-selection-table,selection column:图形编解码器,"""/""",2026-08-14T07:54:09+00:00,manufacturer_product_page
device,hpmicro::hpm6220iep,图形加速,hpmicro:selector:hpm6200,https://www.hpmicro.com/product-center/microcontroller/hpm6200/6200-selection-table,selection column:图形加速,"""/""",2026-08-14T07:54:09+00:00,manufacturer_product_page
device,hpmicro::hpm6220iep,LCD,hpmicro:selector:hpm6200,https://www.hpmicro.com/product-center/microcontroller/hpm6200/6200-selection-table,selection column:LCD,"""/""",2026-08-14T07:54:09+00:00,manufacturer_product_page
device,hpmicro::hpm6220iep,摄像头接口（DVP）,hpmicro:selector:hpm6200,https://www.hpmicro.com/product-center/microcontroller/hpm6200/6200-selection-table,selection column:摄像头接口（DVP）,"""/""",2026-08-14T07:54:09+00:00,manufacturer_product_page
device,hpmicro::hpm6220iep,I²S,hpmicro:selector:hpm6200,https://www.hpmicro.com/product-center/microcontroller/hpm6200/6200-selection-table,selection column:I²S,"""/""",2026-08-14T07:54:09+00:00,manufacturer_product_page
device,hpmicro::hpm6220iep,数字音频输出,hpmicro:selector:hpm6200,https://www.hpmicro.com/product-center/microcontroller/hpm6200/6200-selection-table,selection column:数字音频输出,"""/""",2026-08-14T07:54:09+00:00,manufacturer_product_page
device,hpmicro::hpm6220iep,DDR,hpmicro:selector:hpm6200,https://www.hpmicro.com/product-center/microcontroller/hpm6200/6200-selection-table,selection column:DDR,"""/""",2026-08-14T07:54:09+00:00,manufacturer_product_page
device,hpmicro::hpm6220iep,SDRAM,hpmicro:selector:hpm6200,https://www.hpmicro.com/product-center/microcontroller/hpm6200/6200-selection-table,selection column:SDRAM,"""/""",2026-08-14T07:54:09+00:00,manufacturer_product_page
device,hpmicro::hpm6220iep,SD/eMMC （*63系列无eMMC）,hpmicro:selector:hpm6200,https://www.hpmicro.com/product-center/microcontroller/hpm6200/6200-selection-table,selection column:SD/eMMC （*63系列无eMMC）,"""/""",2026-08-14T07:54:09+00:00,manufacturer_product_page
device,hpmicro::hpm6220iep,XPI,hpmicro:selector:hpm6200,https://www.hpmicro.com/product-center/microcontroller/hpm6200/6200-selection-table,selection column:XPI,"""1""",2026-08-14T07:54:09+00:00,manufacturer_product_page
device,hpmicro::hpm6220iep,以太网,hpmicro:selector:hpm6200,https://www.hpmicro.com/product-center/microcontroller/hpm6200/6200-selection-table,selection column:以太网,"""/""",2026-08-14T07:54:09+00:00,manufacturer_product_page
device,hpmicro::hpm6220iep,CAN,hpmicro:selector:hpm6200,https://www.hpmicro.com/product-center/microcontroller/hpm6200/6200-selection-table,selection column:CAN,"""/""",2026-08-14T07:54:09+00:00,manufacturer_product_page
device,hpmicro::hpm6220iep,USB,hpmicro:selector:hpm6200,https://www.hpmicro.com/product-center/microcontroller/hpm6200/6200-selection-table,selection column:USB,"""USB HS w/ PHY ×1""",2026-08-14T07:54:09+00:00,manufacturer_product_page
device,hpmicro::hpm6220iep,SPI,hpmicro:selector:hpm6200,https://www.hpmicro.com/product-center/microcontroller/hpm6200/6200-selection-table,selection column:SPI,"""3""",2026-08-14T07:54:09+00:00,manufacturer_product_page
device,hpmicro::hpm6220iep,I²C,hpmicro:selector:hpm6200,https://www.hpmicro.com/product-center/microcontroller/hpm6200/6200-selection-table,selection column:I²C,"""3""",2026-08-14T07:54:09+00:00,manufacturer_product_page
device,hpmicro::hpm6220iep,UART,hpmicro:selector:hpm6200,https://www.hpmicro.com/product-center/microcontroller/hpm6200/6200-selection-table,selection column:UART,"""6""",2026-08-14T07:54:09+00:00,manufacturer_product_page
device,hpmicro::hpm6220iep,Crypto 安全算法,hpmicro:selector:hpm6200,https://www.hpmicro.com/product-center/microcontroller/hpm6200/6200-selection-table,selection column:Crypto 安全算法,"""AES128/256, SHA-1/256""",2026-08-14T07:54:09+00:00,manufacturer_product_page
device,hpmicro::hpm6220iep,PDM数字麦克风,hpmicro:selector:hpm6200,https://www.hpmicro.com/product-center/microcontroller/hpm6200/6200-selection-table,selection column:PDM数字麦克风,"""8通道""",2026-08-14T07:54:09+00:00,manufacturer_product_page
device,hpmicro::hpm6220iep,安全特性,hpmicro:selector:hpm6200,https://www.hpmicro.com/product-center/microcontroller/hpm6200/6200-selection-table,selection column:安全特性,"""安全启动,JTAG 保护,实时代码加密执行""",2026-08-14T07:54:09+00:00,manufacturer_product_page
device,hpmicro::hpm6220iep,功能安全,hpmicro:selector:hpm6200,https://www.hpmicro.com/product-center/microcontroller/hpm6200/6200-selection-table,selection column:功能安全,"""/""",2026-08-14T07:54:09+00:00,manufacturer_product_page
device,hpmicro::hpm6220iep,电机控制,hpmicro:selector:hpm6200,https://www.hpmicro.com/product-center/microcontroller/hpm6200/6200-selection-table,selection column:电机控制,"""/""",2026-08-14T07:54:09+00:00,manufacturer_product_page
device,hpmicro::hpm6220iep,RTC,hpmicro:selector:hpm6200,https://www.hpmicro.com/product-center/microcontroller/hpm6200/6200-selection-table,selection column:RTC,"""1""",2026-08-14T07:54:09+00:00,manufacturer_product_page
device,hpmicro::hpm6220iep,GPTimer,hpmicro:selector:hpm6200,https://www.hpmicro.com/product-center/microcontroller/hpm6200/6200-selection-table,selection column:GPTimer,"""5×32 位""",2026-08-14T07:54:09+00:00,manufacturer_product_page
device,hpmicro::hpm6220iep,WDG,hpmicro:selector:hpm6200,https://www.hpmicro.com/product-center/microcontroller/hpm6200/6200-selection-table,selection column:WDG,"""3""",2026-08-14T07:54:09+00:00,manufacturer_product_page
device,hpmicro::hpm6220iep,ADC 12bit,hpmicro:selector:hpm6200,https://www.hpmicro.com/product-center/microcontroller/hpm6200/6200-selection-table,selection column:ADC 12bit,"""/""",2026-08-14T07:54:09+00:00,manufacturer_product_page
device,hpmicro::hpm6220iep,ADC 16bit,hpmicro:selector:hpm6200,https://www.hpmicro.com/product-center/microcontroller/hpm6200/6200-selection-table,selection column:ADC 16bit,"""1""",2026-08-14T07:54:09+00:00,manufacturer_product_page
device,hpmicro::hpm6220iep,DAC 12bit,hpmicro:selector:hpm6200,https://www.hpmicro.com/product-center/microcontroller/hpm6200/6200-selection-table,selection column:DAC 12bit,"""/""",2026-08-14T07:54:09+00:00,manufacturer_product_page
device,hpmicro::hpm6220iep,比较器,hpmicro:selector:hpm6200,https://www.hpmicro.com/product-center/microcontroller/hpm6200/6200-selection-table,selection column:比较器,"""2""",2026-08-14T07:54:09+00:00,manufacturer_product_page
device,hpmicro::hpm6220iep,运算放大器,hpmicro:selector:hpm6200,https://www.hpmicro.com/product-center/microcontroller/hpm6200/6200-selection-table,selection column:运算放大器,"""/""",2026-08-14T07:54:09+00:00,manufacturer_product_page
device,hpmicro::hpm6220iep,封装形式,hpmicro:selector:hpm6200,https://www.hpmicro.com/product-center/microcontroller/hpm6200/6200-selection-table,selection column:封装形式,"""/""",2026-08-14T07:54:09+00:00,manufacturer_product_page
device,hpmicro::hpm6220iep,产品厚度（mm),hpmicro:selector:hpm6200,https://www.hpmicro.com/product-center/microcontroller/hpm6200/6200-selection-table,selection column:产品厚度（mm),"""1.06""",2026-08-14T07:54:09+00:00,manufacturer_product_page
device,hpmicro::hpm6220iep,脚间距（mm),hpmicro:selector:hpm6200,https://www.hpmicro.com/product-center/microcontroller/hpm6200/6200-selection-table,selection column:脚间距（mm),"""0.5""",2026-08-14T07:54:09+00:00,manufacturer_product_page
device,hpmicro::hpm6220iep,包装方式,hpmicro:selector:hpm6200,https://www.hpmicro.com/product-center/microcontroller/hpm6200/6200-selection-table,selection column:包装方式,"""Tray 盘""",2026-08-14T07:54:09+00:00,manufacturer_product_page
device,hpmicro::hpm6220iep,MPQ,hpmicro:selector:hpm6200,https://www.hpmicro.com/product-center/microcontroller/hpm6200/6200-selection-table,selection column:MPQ,"""260""",2026-08-14T07:54:09+00:00,manufacturer_product_page
device,hpmicro::hpm6220iep,MOQ,hpmicro:selector:hpm6200,https://www.hpmicro.com/product-center/microcontroller/hpm6200/6200-selection-table,selection column:MOQ,"""260*5""",2026-08-14T07:54:09+00:00,manufacturer_product_page
device,hpmicro::hpm6220iep,温度范围,hpmicro:selector:hpm6200,https://www.hpmicro.com/product-center/microcontroller/hpm6200/6200-selection-table,selection column:温度范围,"""−40 ∼ 125°C Tj / −40 ∼ 105°C Ta""",2026-08-14T07:54:09+00:00,manufacturer_product_page
device,hpmicro::hpm6220iep,型号,hpmicro:selector:hpm6200,https://www.hpmicro.com/product-center/microcontroller/hpm6200/6200-selection-table,selection column:型号,"""HPM6220IEP""",2026-08-14T07:54:09+00:00,manufacturer_product_page
device,hpmicro::hpm6364ipa,内核类型,hpmicro:selector:hpm6300,https://www.hpmicro.com/product-center/microcontroller/hpm6300/6300-selection-table,selection column:内核类型,"""单核 32 位 RISC-V 处理器""",2026-08-14T07:54:09+00:00,manufacturer_product_page
device,hpmicro::hpm6364ipa,最高主频（MHz）,hpmicro:selector:hpm6300,https://www.hpmicro.com/product-center/microcontroller/hpm6300/6300-selection-table,selection column:最高主频（MHz）,"""648""",2026-08-14T07:54:09+00:00,manufacturer_product_page
device,hpmicro::hpm6364ipa,Flash (MB),hpmicro:selector:hpm6300,https://www.hpmicro.com/product-center/microcontroller/hpm6300/6300-selection-table,selection column:Flash (MB),"""4""",2026-08-14T07:54:09+00:00,manufacturer_product_page
device,hpmicro::hpm6364ipa,SRAM,hpmicro:selector:hpm6300,https://www.hpmicro.com/product-center/microcontroller/hpm6300/6300-selection-table,selection column:SRAM,"""800KB""",2026-08-14T07:54:09+00:00,manufacturer_product_page
device,hpmicro::hpm6364ipa,电源输入（V）,hpmicro:selector:hpm6300,https://www.hpmicro.com/product-center/microcontroller/hpm6300/6300-selection-table,selection column:电源输入（V）,"""3~3.6V""",2026-08-14T07:54:09+00:00,manufacturer_product_page
device,hpmicro::hpm6364ipa,图形编解码器,hpmicro:selector:hpm6300,https://www.hpmicro.com/product-center/microcontroller/hpm6300/6300-selection-table,selection column:图形编解码器,"""/""",2026-08-14T07:54:09+00:00,manufacturer_product_page
device,hpmicro::hpm6364ipa,图形加速,hpmicro:selector:hpm6300,https://www.hpmicro.com/product-center/microcontroller/hpm6300/6300-selection-table,selection column:图形加速,"""/""",2026-08-14T07:54:09+00:00,manufacturer_product_page
device,hpmicro::hpm6364ipa,LCD,hpmicro:selector:hpm6300,https://www.hpmicro.com/product-center/microcontroller/hpm6300/6300-selection-table,selection column:LCD,"""/""",2026-08-14T07:54:09+00:00,manufacturer_product_page
device,hpmicro::hpm6364ipa,摄像头接口（DVP）,hpmicro:selector:hpm6300,https://www.hpmicro.com/product-center/microcontroller/hpm6300/6300-selection-table,selection column:摄像头接口（DVP）,"""/""",2026-08-14T07:54:09+00:00,manufacturer_product_page
device,hpmicro::hpm6364ipa,I²S,hpmicro:selector:hpm6300,https://www.hpmicro.com/product-center/microcontroller/hpm6300/6300-selection-table,selection column:I²S,"""2""",2026-08-14T07:54:09+00:00,manufacturer_product_page
device,hpmicro::hpm6364ipa,数字音频输出,hpmicro:selector:hpm6300,https://www.hpmicro.com/product-center/microcontroller/hpm6300/6300-selection-table,selection column:数字音频输出,"""1""",2026-08-14T07:54:09+00:00,manufacturer_product_page
device,hpmicro::hpm6364ipa,DDR,hpmicro:selector:hpm6300,https://www.hpmicro.com/product-center/microcontroller/hpm6300/6300-selection-table,selection column:DDR,"""/""",2026-08-14T07:54:09+00:00,manufacturer_product_page
device,hpmicro::hpm6364ipa,SDRAM,hpmicro:selector:hpm6300,https://www.hpmicro.com/product-center/microcontroller/hpm6300/6300-selection-table,selection column:SDRAM,"""16""",2026-08-14T07:54:09+00:00,manufacturer_product_page
device,hpmicro::hpm6364ipa,SD/eMMC （*63系列无eMMC）,hpmicro:selector:hpm6300,https://www.hpmicro.com/product-center/microcontroller/hpm6300/6300-selection-table,selection column:SD/eMMC （*63系列无eMMC）,"""1""",2026-08-14T07:54:09+00:00,manufacturer_product_page
device,hpmicro::hpm6364ipa,XPI,hpmicro:selector:hpm6300,https://www.hpmicro.com/product-center/microcontroller/hpm6300/6300-selection-table,selection column:XPI,"""2""",2026-08-14T07:54:09+00:00,manufacturer_product_page
device,hpmicro::hpm6364ipa,以太网,hpmicro:selector:hpm6300,https://www.hpmicro.com/product-center/microcontroller/hpm6300/6300-selection-table,selection column:以太网,"""1x10/100Mbps以太网""",2026-08-14T07:54:09+00:00,manufacturer_product_page
device,hpmicro::hpm6364ipa,CAN,hpmicro:selector:hpm6300,https://www.hpmicro.com/product-center/microcontroller/hpm6300/6300-selection-table,selection column:CAN,"""CAN FD x 2""",2026-08-14T07:54:09+00:00,manufacturer_product_page
device,hpmicro::hpm6364ipa,USB,hpmicro:selector:hpm6300,https://www.hpmicro.com/product-center/microcontroller/hpm6300/6300-selection-table,selection column:USB,"""USB HS w/ PHY ×1""",2026-08-14T07:54:09+00:00,manufacturer_product_page
device,hpmicro::hpm6364ipa,SPI,hpmicro:selector:hpm6300,https://www.hpmicro.com/product-center/microcontroller/hpm6300/6300-selection-table,selection column:SPI,"""4""",2026-08-14T07:54:09+00:00,manufacturer_product_page
device,hpmicro::hpm6364ipa,I²C,hpmicro:selector:hpm6300,https://www.hpmicro.com/product-center/microcontroller/hpm6300/6300-selection-table,selection column:I²C,"""4""",2026-08-14T07:54:09+00:00,manufacturer_product_page
device,hpmicro::hpm6364ipa,UART,hpmicro:selector:hpm6300,https://www.hpmicro.com/product-center/microcontroller/hpm6300/6300-selection-table,selection column:UART,"""9""",2026-08-14T07:54:09+00:00,manufacturer_product_page
device,hpmicro::hpm6364ipa,Crypto 安全算法,hpmicro:selector:hpm6300,https://www.hpmicro.com/product-center/microcontroller/hpm6300/6300-selection-table,selection column:Crypto 安全算法,"""AES128/256, SHA-1/256""",2026-08-14T07:54:09+00:00,manufacturer_product_page
device,hpmicro::hpm6364ipa,PDM数字麦克风,hpmicro:selector:hpm6300,https://www.hpmicro.com/product-center/microcontroller/hpm6300/6300-selection-table,selection column:PDM数字麦克风,"""8通道""",2026-08-14T07:54:09+00:00,manufacturer_product_page
device,hpmicro::hpm6364ipa,安全特性,hpmicro:selector:hpm6300,https://www.hpmicro.com/product-center/microcontroller/hpm6300/6300-selection-table,selection column:安全特性,"""安全启动，芯片生命周期管理，加密固件升级""",2026-08-14T07:54:09+00:00,manufacturer_product_page
device,hpmicro::hpm6364ipa,功能安全,hpmicro:selector:hpm6300,https://www.hpmicro.com/product-center/microcontroller/hpm6300/6300-selection-table,selection column:功能安全,"""/""",2026-08-14T07:54:09+00:00,manufacturer_product_page
device,hpmicro::hpm6364ipa,电机控制,hpmicro:selector:hpm6300,https://www.hpmicro.com/product-center/microcontroller/hpm6300/6300-selection-table,selection column:电机控制,"""2×8通道PWM，2x正交编码器接口QEI，2x霍尔传感器接口HALL""",2026-08-14T07:54:09+00:00,manufacturer_product_page
device,hpmicro::hpm6364ipa,RTC,hpmicro:selector:hpm6300,https://www.hpmicro.com/product-center/microcontroller/hpm6300/6300-selection-table,selection column:RTC,"""1""",2026-08-14T07:54:09+00:00,manufacturer_product_page
device,hpmicro::hpm6364ipa,GPTimer,hpmicro:selector:hpm6300,https://www.hpmicro.com/product-center/microcontroller/hpm6300/6300-selection-table,selection column:GPTimer,"""5×32 位""",2026-08-14T07:54:09+00:00,manufacturer_product_page
device,hpmicro::hpm6364ipa,WDG,hpmicro:selector:hpm6300,https://www.hpmicro.com/product-center/microcontroller/hpm6300/6300-selection-table,selection column:WDG,"""3""",2026-08-14T07:54:09+00:00,manufacturer_product_page
device,hpmicro::hpm6364ipa,ADC 12bit,hpmicro:selector:hpm6300,https://www.hpmicro.com/product-center/microcontroller/hpm6300/6300-selection-table,selection column:ADC 12bit,"""/""",2026-08-14T07:54:09+00:00,manufacturer_product_page
device,hpmicro::hpm6364ipa,ADC 16bit,hpmicro:selector:hpm6300,https://www.hpmicro.com/product-center/microcontroller/hpm6300/6300-selection-table,selection column:ADC 16bit,"""3""",2026-08-14T07:54:09+00:00,manufacturer_product_page
device,hpmicro::hpm6364ipa,DAC 12bit,hpmicro:selector:hpm6300,https://www.hpmicro.com/product-center/microcontroller/hpm6300/6300-selection-table,selection column:DAC 12bit,"""1x 12bit 1MSPS""",2026-08-14T07:54:09+00:00,manufacturer_product_page
device,hpmicro::hpm6364ipa,比较器,hpmicro:selector:hpm6300,https://www.hpmicro.com/product-center/microcontroller/hpm6300/6300-selection-table,selection column:比较器,"""2""",2026-08-14T07:54:09+00:00,manufacturer_product_page
device,hpmicro::hpm6364ipa,运算放大器,hpmicro:selector:hpm6300,https://www.hpmicro.com/product-center/microcontroller/hpm6300/6300-selection-table,selection column:运算放大器,"""/""",2026-08-14T07:54:09+00:00,manufacturer_product_page
device,hpmicro::hpm6364ipa,封装形式,hpmicro:selector:hpm6300,https://www.hpmicro.com/product-center/microcontroller/hpm6300/6300-selection-table,selection column:封装形式,"""20×20 144eLQFP P0.5""",2026-08-14T07:54:09+00:00,manufacturer_product_page
device,hpmicro::hpm6364ipa,产品厚度（mm),hpmicro:selector:hpm6300,https://www.hpmicro.com/product-center/microcontroller/hpm6300/6300-selection-table,selection column:产品厚度（mm),"""1.4""",2026-08-14T07:54:09+00:00,manufacturer_product_page
device,hpmicro::hpm6364ipa,脚间距（mm),hpmicro:selector:hpm6300,https://www.hpmicro.com/product-center/microcontroller/hpm6300/6300-selection-table,selection column:脚间距（mm),"""0.5""",2026-08-14T07:54:09+00:00,manufacturer_product_page
device,hpmicro::hpm6364ipa,包装方式,hpmicro:selector:hpm6300,https://www.hpmicro.com/product-center/microcontroller/hpm6300/6300-selection-table,selection column:包装方式,"""Tray 盘""",2026-08-14T07:54:09+00:00,manufacturer_product_page
device,hpmicro::hpm6364ipa,MPQ,hpmicro:selector:hpm6300,https://www.hpmicro.com/product-center/microcontroller/hpm6300/6300-selection-table,selection column:MPQ,"""60""",2026-08-14T07:54:09+00:00,manufacturer_product_page
device,hpmicro::hpm6364ipa,MOQ,hpmicro:selector:hpm6300,https://www.hpmicro.com/product-center/microcontroller/hpm6300/6300-selection-table,selection column:MOQ,"""/""",2026-08-14T07:54:09+00:00,manufacturer_product_page
device,hpmicro::hpm6364ipa,温度范围,hpmicro:selector:hpm6300,https://www.hpmicro.com/product-center/microcontroller/hpm6300/6300-selection-table,selection column:温度范围,"""- 40 ~105°C Ta""",2026-08-14T07:54:09+00:00,manufacturer_product_page
device,hpmicro::hpm6364ipa,型号,hpmicro:selector:hpm6300,https://www.hpmicro.com/product-center/microcontroller/hpm6300/6300-selection-table,selection column:型号,"""HPM6364IPA""",2026-08-14T07:54:09+00:00,manufacturer_product_page
device,hpmicro::hpm6364iep,内核类型,hpmicro:selector:hpm6300,https://www.hpmicro.com/product-center/microcontroller/hpm6300/6300-selection-table,selection column:内核类型,"""单核 32 位 RISC-V 处理器""",2026-08-14T07:54:09+00:00,manufacturer_product_page
device,hpmicro::hpm6364iep,最高主频（MHz）,hpmicro:selector:hpm6300,https://www.hpmicro.com/product-center/microcontroller/hpm6300/6300-selection-table,selection column:最高主频（MHz）,"""648""",2026-08-14T07:54:09+00:00,manufacturer_product_page
device,hpmicro::hpm6364iep,Flash (MB),hpmicro:selector:hpm6300,https://www.hpmicro.com/product-center/microcontroller/hpm6300/6300-selection-table,selection column:Flash (MB),"""4""",2026-08-14T07:54:09+00:00,manufacturer_product_page
device,hpmicro::hpm6364iep,SRAM,hpmicro:selector:hpm6300,https://www.hpmicro.com/product-center/microcontroller/hpm6300/6300-selection-table,selection column:SRAM,"""800KB""",2026-08-14T07:54:09+00:00,manufacturer_product_page
device,hpmicro::hpm6364iep,电源输入（V）,hpmicro:selector:hpm6300,https://www.hpmicro.com/product-center/microcontroller/hpm6300/6300-selection-table,selection column:电源输入（V）,"""3~3.6V""",2026-08-14T07:54:09+00:00,manufacturer_product_page
device,hpmicro::hpm6364iep,图形编解码器,hpmicro:selector:hpm6300,https://www.hpmicro.com/product-center/microcontroller/hpm6300/6300-selection-table,selection column:图形编解码器,"""/""",2026-08-14T07:54:09+00:00,manufacturer_product_page
device,hpmicro::hpm6364iep,图形加速,hpmicro:selector:hpm6300,https://www.hpmicro.com/product-center/microcontroller/hpm6300/6300-selection-table,selection column:图形加速,"""/""",2026-08-14T07:54:09+00:00,manufacturer_product_page
device,hpmicro::hpm6364iep,LCD,hpmicro:selector:hpm6300,https://www.hpmicro.com/product-center/microcontroller/hpm6300/6300-selection-table,selection column:LCD,"""/""",2026-08-14T07:54:09+00:00,manufacturer_product_page
device,hpmicro::hpm6364iep,摄像头接口（DVP）,hpmicro:selector:hpm6300,https://www.hpmicro.com/product-center/microcontroller/hpm6300/6300-selection-table,selection column:摄像头接口（DVP）,"""/""",2026-08-14T07:54:09+00:00,manufacturer_product_page
device,hpmicro::hpm6364iep,I²S,hpmicro:selector:hpm6300,https://www.hpmicro.com/product-center/microcontroller/hpm6300/6300-selection-table,selection column:I²S,"""2""",2026-08-14T07:54:09+00:00,manufacturer_product_page
device,hpmicro::hpm6364iep,数字音频输出,hpmicro:selector:hpm6300,https://www.hpmicro.com/product-center/microcontroller/hpm6300/6300-selection-table,selection column:数字音频输出,"""1""",2026-08-14T07:54:09+00:00,manufacturer_product_page
device,hpmicro::hpm6364iep,DDR,hpmicro:selector:hpm6300,https://www.hpmicro.com/product-center/microcontroller/hpm6300/6300-selection-table,selection column:DDR,"""/""",2026-08-14T07:54:09+00:00,manufacturer_product_page
device,hpmicro::hpm6364iep,SDRAM,hpmicro:selector:hpm6300,https://www.hpmicro.com/product-center/microcontroller/hpm6300/6300-selection-table,selection column:SDRAM,"""8""",2026-08-14T07:54:09+00:00,manufacturer_product_page
device,hpmicro::hpm6364iep,SD/eMMC （*63系列无eMMC）,hpmicro:selector:hpm6300,https://www.hpmicro.com/product-center/microcontroller/hpm6300/6300-selection-table,selection column:SD/eMMC （*63系列无eMMC）,"""1""",2026-08-14T07:54:09+00:00,manufacturer_product_page
device,hpmicro::hpm6364iep,XPI,hpmicro:selector:hpm6300,https://www.hpmicro.com/product-center/microcontroller/hpm6300/6300-selection-table,selection column:XPI,"""2""",2026-08-14T07:54:09+00:00,manufacturer_product_page
device,hpmicro::hpm6364iep,以太网,hpmicro:selector:hpm6300,https://www.hpmicro.com/product-center/microcontroller/hpm6300/6300-selection-table,selection column:以太网,"""1x10/100Mbps以太网""",2026-08-14T07:54:09+00:00,manufacturer_product_page
device,hpmicro::hpm6364iep,CAN,hpmicro:selector:hpm6300,https://www.hpmicro.com/product-center/microcontroller/hpm6300/6300-selection-table,selection column:CAN,"""CAN FD x 2""",2026-08-14T07:54:09+00:00,manufacturer_product_page
device,hpmicro::hpm6364iep,USB,hpmicro:selector:hpm6300,https://www.hpmicro.com/product-center/microcontroller/hpm6300/6300-selection-table,selection column:USB,"""USB HS w/ PHY ×1""",2026-08-14T07:54:09+00:00,manufacturer_product_page
device,hpmicro::hpm6364iep,SPI,hpmicro:selector:hpm6300,https://www.hpmicro.com/product-center/microcontroller/hpm6300/6300-selection-table,selection column:SPI,"""4""",2026-08-14T07:54:09+00:00,manufacturer_product_page
device,hpmicro::hpm6364iep,I²C,hpmicro:selector:hpm6300,https://www.hpmicro.com/product-center/microcontroller/hpm6300/6300-selection-table,selection column:I²C,"""4""",2026-08-14T07:54:09+00:00,manufacturer_product_page
device,hpmicro::hpm6364iep,UART,hpmicro:selector:hpm6300,https://www.hpmicro.com/product-center/microcontroller/hpm6300/6300-selection-table,selection column:UART,"""9""",2026-08-14T07:54:09+00:00,manufacturer_product_page
device,hpmicro::hpm6364iep,Crypto 安全算法,hpmicro:selector:hpm6300,https://www.hpmicro.com/product-center/microcontroller/hpm6300/6300-selection-table,selection column:Crypto 安全算法,"""AES128/256, SHA-1/256""",2026-08-14T07:54:09+00:00,manufacturer_product_page
device,hpmicro::hpm6364iep,PDM数字麦克风,hpmicro:selector:hpm6300,https://www.hpmicro.com/product-center/microcontroller/hpm6300/6300-selection-table,selection column:PDM数字麦克风,"""8通道""",2026-08-14T07:54:09+00:00,manufacturer_product_page
device,hpmicro::hpm6364iep,安全特性,hpmicro:selector:hpm6300,https://www.hpmicro.com/product-center/microcontroller/hpm6300/6300-selection-table,selection column:安全特性,"""安全启动，芯片生命周期管理，加密固件升级""",2026-08-14T07:54:09+00:00,manufacturer_product_page
device,hpmicro::hpm6364iep,功能安全,hpmicro:selector:hpm6300,https://www.hpmicro.com/product-center/microcontroller/hpm6300/6300-selection-table,selection column:功能安全,"""/""",2026-08-14T07:54:09+00:00,manufacturer_product_page
device,hpmicro::hpm6364iep,电机控制,hpmicro:selector:hpm6300,https://www.hpmicro.com/product-center/microcontroller/hpm6300/6300-selection-table,selection column:电机控制,"""2×8通道PWM，2x正交编码器接口QEI，2x霍尔传感器接口HALL""",2026-08-14T07:54:09+00:00,manufacturer_product_page
device,hpmicro::hpm6364iep,RTC,hpmicro:selector:hpm6300,https://www.hpmicro.com/product-center/microcontroller/hpm6300/6300-selection-table,selection column:RTC,"""1""",2026-08-14T07:54:09+00:00,manufacturer_product_page
device,hpmicro::hpm6364iep,GPTimer,hpmicro:selector:hpm6300,https://www.hpmicro.com/product-center/microcontroller/hpm6300/6300-selection-table,selection column:GPTimer,"""5×32 位""",2026-08-14T07:54:09+00:00,manufacturer_product_page
device,hpmicro::hpm6364iep,WDG,hpmicro:selector:hpm6300,https://www.hpmicro.com/product-center/microcontroller/hpm6300/6300-selection-table,selection column:WDG,"""3""",2026-08-14T07:54:09+00:00,manufacturer_product_page
device,hpmicro::hpm6364iep,ADC 12bit,hpmicro:selector:hpm6300,https://www.hpmicro.com/product-center/microcontroller/hpm6300/6300-selection-table,selection column:ADC 12bit,"""/""",2026-08-14T07:54:09+00:00,manufacturer_product_page
device,hpmicro::hpm6364iep,ADC 16bit,hpmicro:selector:hpm6300,https://www.hpmicro.com/product-center/microcontroller/hpm6300/6300-selection-table,selection column:ADC 16bit,"""3""",2026-08-14T07:54:09+00:00,manufacturer_product_page
device,hpmicro::hpm6364iep,DAC 12bit,hpmicro:selector:hpm6300,https://www.hpmicro.com/product-center/microcontroller/hpm6300/6300-selection-table,selection column:DAC 12bit,"""1x 12bit 1MSPS""",2026-08-14T07:54:09+00:00,manufacturer_product_page
device,hpmicro::hpm6364iep,比较器,hpmicro:selector:hpm6300,https://www.hpmicro.com/product-center/microcontroller/hpm6300/6300-selection-table,selection column:比较器,"""2""",2026-08-14T07:54:09+00:00,manufacturer_product_page
device,hpmicro::hpm6364iep,运算放大器,hpmicro:selector:hpm6300,https://www.hpmicro.com/product-center/microcontroller/hpm6300/6300-selection-table,selection column:运算放大器,"""/""",2026-08-14T07:54:09+00:00,manufacturer_product_page
device,hpmicro::hpm6364iep,封装形式,hpmicro:selector:hpm6300,https://www.hpmicro.com/product-center/microcontroller/hpm6300/6300-selection-table,selection column:封装形式,"""7×7 116BGA P0.5""",2026-08-14T07:54:09+00:00,manufacturer_product_page
device,hpmicro::hpm6364iep,产品厚度（mm),hpmicro:selector:hpm6300,https://www.hpmicro.com/product-center/microcontroller/hpm6300/6300-selection-table,selection column:产品厚度（mm),"""1.06""",2026-08-14T07:54:09+00:00,manufacturer_product_page
device,hpmicro::hpm6364iep,脚间距（mm),hpmicro:selector:hpm6300,https://www.hpmicro.com/product-center/microcontroller/hpm6300/6300-selection-table,selection column:脚间距（mm),"""0.5""",2026-08-14T07:54:09+00:00,manufacturer_product_page
device,hpmicro::hpm6364iep,包装方式,hpmicro:selector:hpm6300,https://www.hpmicro.com/product-center/microcontroller/hpm6300/6300-selection-table,selection column:包装方式,"""Tray 盘""",2026-08-14T07:54:09+00:00,manufacturer_product_page
device,hpmicro::hpm6364iep,MPQ,hpmicro:selector:hpm6300,https://www.hpmicro.com/product-center/microcontroller/hpm6300/6300-selection-table,selection column:MPQ,"""260""",2026-08-14T07:54:09+00:00,manufacturer_product_page
device,hpmicro::hpm6364iep,MOQ,hpmicro:selector:hpm6300,https://www.hpmicro.com/product-center/microcontroller/hpm6300/6300-selection-table,selection column:MOQ,"""/""",2026-08-14T07:54:09+00:00,manufacturer_product_page
device,hpmicro::hpm6364iep,温度范围,hpmicro:selector:hpm6300,https://www.hpmicro.com/product-center/microcontroller/hpm6300/6300-selection-table,selection column:温度范围,"""- 40 ~105°C Ta""",2026-08-14T07:54:09+00:00,manufacturer_product_page
device,hpmicro::hpm6364iep,型号,hpmicro:selector:hpm6300,https://www.hpmicro.com/product-center/microcontroller/hpm6300/6300-selection-table,selection column:型号,"""HPM6364IEP""",2026-08-14T07:54:09+00:00,manufacturer_product_page
device,hpmicro::hpm6360ipa,内核类型,hpmicro:selector:hpm6300,https://www.hpmicro.com/product-center/microcontroller/hpm6300/6300-selection-table,selection column:内核类型,"""单核 32 位 RISC-V 处理器""",2026-08-14T07:54:09+00:00,manufacturer_product_page
device,hpmicro::hpm6360ipa,最高主频（MHz）,hpmicro:selector:hpm6300,https://www.hpmicro.com/product-center/microcontroller/hpm6300/6300-selection-table,selection column:最高主频（MHz）,"""648""",2026-08-14T07:54:09+00:00,manufacturer_product_page
device,hpmicro::hpm6360ipa,Flash (MB),hpmicro:selector:hpm6300,https://www.hpmicro.com/product-center/microcontroller/hpm6300/6300-selection-table,selection column:Flash (MB),"""0""",2026-08-14T07:54:09+00:00,manufacturer_product_page
device,hpmicro::hpm6360ipa,SRAM,hpmicro:selector:hpm6300,https://www.hpmicro.com/product-center/microcontroller/hpm6300/6300-selection-table,selection column:SRAM,"""800KB""",2026-08-14T07:54:09+00:00,manufacturer_product_page
device,hpmicro::hpm6360ipa,电源输入（V）,hpmicro:selector:hpm6300,https://www.hpmicro.com/product-center/microcontroller/hpm6300/6300-selection-table,selection column:电源输入（V）,"""3~3.6V""",2026-08-14T07:54:09+00:00,manufacturer_product_page
device,hpmicro::hpm6360ipa,图形编解码器,hpmicro:selector:hpm6300,https://www.hpmicro.com/product-center/microcontroller/hpm6300/6300-selection-table,selection column:图形编解码器,"""/""",2026-08-14T07:54:09+00:00,manufacturer_product_page
device,hpmicro::hpm6360ipa,图形加速,hpmicro:selector:hpm6300,https://www.hpmicro.com/product-center/microcontroller/hpm6300/6300-selection-table,selection column:图形加速,"""/""",2026-08-14T07:54:09+00:00,manufacturer_product_page
device,hpmicro::hpm6360ipa,LCD,hpmicro:selector:hpm6300,https://www.hpmicro.com/product-center/microcontroller/hpm6300/6300-selection-table,selection column:LCD,"""/""",2026-08-14T07:54:09+00:00,manufacturer_product_page
device,hpmicro::hpm6360ipa,摄像头接口（DVP）,hpmicro:selector:hpm6300,https://www.hpmicro.com/product-center/microcontroller/hpm6300/6300-selection-table,selection column:摄像头接口（DVP）,"""/""",2026-08-14T07:54:09+00:00,manufacturer_product_page
device,hpmicro::hpm6360ipa,I²S,hpmicro:selector:hpm6300,https://www.hpmicro.com/product-center/microcontroller/hpm6300/6300-selection-table,selection column:I²S,"""2""",2026-08-14T07:54:09+00:00,manufacturer_product_page
device,hpmicro::hpm6360ipa,数字音频输出,hpmicro:selector:hpm6300,https://www.hpmicro.com/product-center/microcontroller/hpm6300/6300-selection-table,selection column:数字音频输出,"""1""",2026-08-14T07:54:09+00:00,manufacturer_product_page
device,hpmicro::hpm6360ipa,DDR,hpmicro:selector:hpm6300,https://www.hpmicro.com/product-center/microcontroller/hpm6300/6300-selection-table,selection column:DDR,"""/""",2026-08-14T07:54:09+00:00,manufacturer_product_page
device,hpmicro::hpm6360ipa,SDRAM,hpmicro:selector:hpm6300,https://www.hpmicro.com/product-center/microcontroller/hpm6300/6300-selection-table,selection column:SDRAM,"""16""",2026-08-14T07:54:09+00:00,manufacturer_product_page
device,hpmicro::hpm6360ipa,SD/eMMC （*63系列无eMMC）,hpmicro:selector:hpm6300,https://www.hpmicro.com/product-center/microcontroller/hpm6300/6300-selection-table,selection column:SD/eMMC （*63系列无eMMC）,"""1""",2026-08-14T07:54:09+00:00,manufacturer_product_page
device,hpmicro::hpm6360ipa,XPI,hpmicro:selector:hpm6300,https://www.hpmicro.com/product-center/microcontroller/hpm6300/6300-selection-table,selection column:XPI,"""2""",2026-08-14T07:54:09+00:00,manufacturer_product_page
device,hpmicro::hpm6360ipa,以太网,hpmicro:selector:hpm6300,https://www.hpmicro.com/product-center/microcontroller/hpm6300/6300-selection-table,selection column:以太网,"""1x10/100Mbps以太网""",2026-08-14T07:54:09+00:00,manufacturer_product_page
device,hpmicro::hpm6360ipa,CAN,hpmicro:selector:hpm6300,https://www.hpmicro.com/product-center/microcontroller/hpm6300/6300-selection-table,selection column:CAN,"""CAN FD x 2""",2026-08-14T07:54:09+00:00,manufacturer_product_page
device,hpmicro::hpm6360ipa,USB,hpmicro:selector:hpm6300,https://www.hpmicro.com/product-center/microcontroller/hpm6300/6300-selection-table,selection column:USB,"""USB HS w/ PHY ×1""",2026-08-14T07:54:09+00:00,manufacturer_product_page
device,hpmicro::hpm6360ipa,SPI,hpmicro:selector:hpm6300,https://www.hpmicro.com/product-center/microcontroller/hpm6300/6300-selection-table,selection column:SPI,"""4""",2026-08-14T07:54:09+00:00,manufacturer_product_page
device,hpmicro::hpm6360ipa,I²C,hpmicro:selector:hpm6300,https://www.hpmicro.com/product-center/microcontroller/hpm6300/6300-selection-table,selection column:I²C,"""4""",2026-08-14T07:54:09+00:00,manufacturer_product_page
device,hpmicro::hpm6360ipa,UART,hpmicro:selector:hpm6300,https://www.hpmicro.com/product-center/microcontroller/hpm6300/6300-selection-table,selection column:UART,"""9""",2026-08-14T07:54:09+00:00,manufacturer_product_page
device,hpmicro::hpm6360ipa,Crypto 安全算法,hpmicro:selector:hpm6300,https://www.hpmicro.com/product-center/microcontroller/hpm6300/6300-selection-table,selection column:Crypto 安全算法,"""AES128/256, SHA-1/256""",2026-08-14T07:54:09+00:00,manufacturer_product_page
device,hpmicro::hpm6360ipa,PDM数字麦克风,hpmicro:selector:hpm6300,https://www.hpmicro.com/product-center/microcontroller/hpm6300/6300-selection-table,selection column:PDM数字麦克风,"""8通道""",2026-08-14T07:54:09+00:00,manufacturer_product_page
device,hpmicro::hpm6360ipa,安全特性,hpmicro:selector:hpm6300,https://www.hpmicro.com/product-center/microcontroller/hpm6300/6300-selection-table,selection column:安全特性,"""安全启动，芯片生命周期管理，加密固件升级""",2026-08-14T07:54:09+00:00,manufacturer_product_page
device,hpmicro::hpm6360ipa,功能安全,hpmicro:selector:hpm6300,https://www.hpmicro.com/product-center/microcontroller/hpm6300/6300-selection-table,selection column:功能安全,"""/""",2026-08-14T07:54:09+00:00,manufacturer_product_page
device,hpmicro::hpm6360ipa,电机控制,hpmicro:selector:hpm6300,https://www.hpmicro.com/product-center/microcontroller/hpm6300/6300-selection-table,selection column:电机控制,"""2×8通道PWM，2x正交编码器接口QEI，2x霍尔传感器接口HALL""",2026-08-14T07:54:09+00:00,manufacturer_product_page
device,hpmicro::hpm6360ipa,RTC,hpmicro:selector:hpm6300,https://www.hpmicro.com/product-center/microcontroller/hpm6300/6300-selection-table,selection column:RTC,"""1""",2026-08-14T07:54:09+00:00,manufacturer_product_page
device,hpmicro::hpm6360ipa,GPTimer,hpmicro:selector:hpm6300,https://www.hpmicro.com/product-center/microcontroller/hpm6300/6300-selection-table,selection column:GPTimer,"""5×32 位""",2026-08-14T07:54:09+00:00,manufacturer_product_page
device,hpmicro::hpm6360ipa,WDG,hpmicro:selector:hpm6300,https://www.hpmicro.com/product-center/microcontroller/hpm6300/6300-selection-table,selection column:WDG,"""3""",2026-08-14T07:54:09+00:00,manufacturer_product_page
device,hpmicro::hpm6360ipa,ADC 12bit,hpmicro:selector:hpm6300,https://www.hpmicro.com/product-center/microcontroller/hpm6300/6300-selection-table,selection column:ADC 12bit,"""/""",2026-08-14T07:54:09+00:00,manufacturer_product_page
device,hpmicro::hpm6360ipa,ADC 16bit,hpmicro:selector:hpm6300,https://www.hpmicro.com/product-center/microcontroller/hpm6300/6300-selection-table,selection column:ADC 16bit,"""3""",2026-08-14T07:54:09+00:00,manufacturer_product_page
device,hpmicro::hpm6360ipa,DAC 12bit,hpmicro:selector:hpm6300,https://www.hpmicro.com/product-center/microcontroller/hpm6300/6300-selection-table,selection column:DAC 12bit,"""1x 12bit 1MSPS""",2026-08-14T07:54:09+00:00,manufacturer_product_page
device,hpmicro::hpm6360ipa,比较器,hpmicro:selector:hpm6300,https://www.hpmicro.com/product-center/microcontroller/hpm6300/6300-selection-table,selection column:比较器,"""2""",2026-08-14T07:54:09+00:00,manufacturer_product_page
device,hpmicro::hpm6360ipa,运算放大器,hpmicro:selector:hpm6300,https://www.hpmicro.com/product-center/microcontroller/hpm6300/6300-selection-table,selection column:运算放大器,"""/""",2026-08-14T07:54:09+00:00,manufacturer_product_page
device,hpmicro::hpm6360ipa,封装形式,hpmicro:selector:hpm6300,https://www.hpmicro.com/product-center/microcontroller/hpm6300/6300-selection-table,selection column:封装形式,"""20×20 144eLQFP P0.5""",2026-08-14T07:54:09+00:00,manufacturer_product_page
device,hpmicro::hpm6360ipa,产品厚度（mm),hpmicro:selector:hpm6300,https://www.hpmicro.com/product-center/microcontroller/hpm6300/6300-selection-table,selection column:产品厚度（mm),"""1.4""",2026-08-14T07:54:09+00:00,manufacturer_product_page
device,hpmicro::hpm6360ipa,脚间距（mm),hpmicro:selector:hpm6300,https://www.hpmicro.com/product-center/microcontroller/hpm6300/6300-selection-table,selection column:脚间距（mm),"""0.5""",2026-08-14T07:54:09+00:00,manufacturer_product_page
device,hpmicro::hpm6360ipa,包装方式,hpmicro:selector:hpm6300,https://www.hpmicro.com/product-center/microcontroller/hpm6300/6300-selection-table,selection column:包装方式,"""Tray 盘""",2026-08-14T07:54:09+00:00,manufacturer_product_page
device,hpmicro::hpm6360ipa,MPQ,hpmicro:selector:hpm6300,https://www.hpmicro.com/product-center/microcontroller/hpm6300/6300-selection-table,selection column:MPQ,"""60""",2026-08-14T07:54:09+00:00,manufacturer_product_page
device,hpmicro::hpm6360ipa,MOQ,hpmicro:selector:hpm6300,https://www.hpmicro.com/product-center/microcontroller/hpm6300/6300-selection-table,selection column:MOQ,"""/""",2026-08-14T07:54:09+00:00,manufacturer_product_page
device,hpmicro::hpm6360ipa,温度范围,hpmicro:selector:hpm6300,https://www.hpmicro.com/product-center/microcontroller/hpm6300/6300-selection-table,selection column:温度范围,"""- 40 ~105°C Ta""",2026-08-14T07:54:09+00:00,manufacturer_product_page
device,hpmicro::hpm6360ipa,型号,hpmicro:selector:hpm6300,https://www.hpmicro.com/product-center/microcontroller/hpm6300/6300-selection-table,selection column:型号,"""HPM6360IPA""",2026-08-14T07:54:09+00:00,manufacturer_product_page
device,hpmicro::hpm6360iep,内核类型,hpmicro:selector:hpm6300,https://www.hpmicro.com/product-center/microcontroller/hpm6300/6300-selection-table,selection column:内核类型,"""单核 32 位 RISC-V 处理器""",2026-08-14T07:54:09+00:00,manufacturer_product_page
device,hpmicro::hpm6360iep,最高主频（MHz）,hpmicro:selector:hpm6300,https://www.hpmicro.com/product-center/microcontroller/hpm6300/6300-selection-table,selection column:最高主频（MHz）,"""648""",2026-08-14T07:54:09+00:00,manufacturer_product_page
device,hpmicro::hpm6360iep,Flash (MB),hpmicro:selector:hpm6300,https://www.hpmicro.com/product-center/microcontroller/hpm6300/6300-selection-table,selection column:Flash (MB),"""0""",2026-08-14T07:54:09+00:00,manufacturer_product_page
device,hpmicro::hpm6360iep,SRAM,hpmicro:selector:hpm6300,https://www.hpmicro.com/product-center/microcontroller/hpm6300/6300-selection-table,selection column:SRAM,"""800KB""",2026-08-14T07:54:09+00:00,manufacturer_product_page
device,hpmicro::hpm6360iep,电源输入（V）,hpmicro:selector:hpm6300,https://www.hpmicro.com/product-center/microcontroller/hpm6300/6300-selection-table,selection column:电源输入（V）,"""3~3.6V""",2026-08-14T07:54:09+00:00,manufacturer_product_page
device,hpmicro::hpm6360iep,图形编解码器,hpmicro:selector:hpm6300,https://www.hpmicro.com/product-center/microcontroller/hpm6300/6300-selection-table,selection column:图形编解码器,"""/""",2026-08-14T07:54:09+00:00,manufacturer_product_page
device,hpmicro::hpm6360iep,图形加速,hpmicro:selector:hpm6300,https://www.hpmicro.com/product-center/microcontroller/hpm6300/6300-selection-table,selection column:图形加速,"""/""",2026-08-14T07:54:09+00:00,manufacturer_product_page
device,hpmicro::hpm6360iep,LCD,hpmicro:selector:hpm6300,https://www.hpmicro.com/product-center/microcontroller/hpm6300/6300-selection-table,selection column:LCD,"""/""",2026-08-14T07:54:09+00:00,manufacturer_product_page
device,hpmicro::hpm6360iep,摄像头接口（DVP）,hpmicro:selector:hpm6300,https://www.hpmicro.com/product-center/microcontroller/hpm6300/6300-selection-table,selection column:摄像头接口（DVP）,"""/""",2026-08-14T07:54:09+00:00,manufacturer_product_page
device,hpmicro::hpm6360iep,I²S,hpmicro:selector:hpm6300,https://www.hpmicro.com/product-center/microcontroller/hpm6300/6300-selection-table,selection column:I²S,"""2""",2026-08-14T07:54:09+00:00,manufacturer_product_page
device,hpmicro::hpm6360iep,数字音频输出,hpmicro:selector:hpm6300,https://www.hpmicro.com/product-center/microcontroller/hpm6300/6300-selection-table,selection column:数字音频输出,"""1""",2026-08-14T07:54:09+00:00,manufacturer_product_page
device,hpmicro::hpm6360iep,DDR,hpmicro:selector:hpm6300,https://www.hpmicro.com/product-center/microcontroller/hpm6300/6300-selection-table,selection column:DDR,"""/""",2026-08-14T07:54:09+00:00,manufacturer_product_page
device,hpmicro::hpm6360iep,SDRAM,hpmicro:selector:hpm6300,https://www.hpmicro.com/product-center/microcontroller/hpm6300/6300-selection-table,selection column:SDRAM,"""8""",2026-08-14T07:54:09+00:00,manufacturer_product_page
device,hpmicro::hpm6360iep,SD/eMMC （*63系列无eMMC）,hpmicro:selector:hpm6300,https://www.hpmicro.com/product-center/microcontroller/hpm6300/6300-selection-table,selection column:SD/eMMC （*63系列无eMMC）,"""1""",2026-08-14T07:54:09+00:00,manufacturer_product_page
device,hpmicro::hpm6360iep,XPI,hpmicro:selector:hpm6300,https://www.hpmicro.com/product-center/microcontroller/hpm6300/6300-selection-table,selection column:XPI,"""2""",2026-08-14T07:54:09+00:00,manufacturer_product_page
device,hpmicro::hpm6360iep,以太网,hpmicro:selector:hpm6300,https://www.hpmicro.com/product-center/microcontroller/hpm6300/6300-selection-table,selection column:以太网,"""1x10/100Mbps以太网""",2026-08-14T07:54:09+00:00,manufacturer_product_page
device,hpmicro::hpm6360iep,CAN,hpmicro:selector:hpm6300,https://www.hpmicro.com/product-center/microcontroller/hpm6300/6300-selection-table,selection column:CAN,"""CAN FD x 2""",2026-08-14T07:54:09+00:00,manufacturer_product_page
device,hpmicro::hpm6360iep,USB,hpmicro:selector:hpm6300,https://www.hpmicro.com/product-center/microcontroller/hpm6300/6300-selection-table,selection column:USB,"""USB HS w/ PHY ×1""",2026-08-14T07:54:09+00:00,manufacturer_product_page
device,hpmicro::hpm6360iep,SPI,hpmicro:selector:hpm6300,https://www.hpmicro.com/product-center/microcontroller/hpm6300/6300-selection-table,selection column:SPI,"""4""",2026-08-14T07:54:09+00:00,manufacturer_product_page
device,hpmicro::hpm6360iep,I²C,hpmicro:selector:hpm6300,https://www.hpmicro.com/product-center/microcontroller/hpm6300/6300-selection-table,selection column:I²C,"""4""",2026-08-14T07:54:09+00:00,manufacturer_product_page
device,hpmicro::hpm6360iep,UART,hpmicro:selector:hpm6300,https://www.hpmicro.com/product-center/microcontroller/hpm6300/6300-selection-table,selection column:UART,"""9""",2026-08-14T07:54:09+00:00,manufacturer_product_page
device,hpmicro::hpm6360iep,Crypto 安全算法,hpmicro:selector:hpm6300,https://www.hpmicro.com/product-center/microcontroller/hpm6300/6300-selection-table,selection column:Crypto 安全算法,"""AES128/256, SHA-1/256""",2026-08-14T07:54:09+00:00,manufacturer_product_page
device,hpmicro::hpm6360iep,PDM数字麦克风,hpmicro:selector:hpm6300,https://www.hpmicro.com/product-center/microcontroller/hpm6300/6300-selection-table,selection column:PDM数字麦克风,"""8通道""",2026-08-14T07:54:09+00:00,manufacturer_product_page
device,hpmicro::hpm6360iep,安全特性,hpmicro:selector:hpm6300,https://www.hpmicro.com/product-center/microcontroller/hpm6300/6300-selection-table,selection column:安全特性,"""安全启动，芯片生命周期管理，加密固件升级""",2026-08-14T07:54:09+00:00,manufacturer_product_page
device,hpmicro::hpm6360iep,功能安全,hpmicro:selector:hpm6300,https://www.hpmicro.com/product-center/microcontroller/hpm6300/6300-selection-table,selection column:功能安全,"""/""",2026-08-14T07:54:09+00:00,manufacturer_product_page
device,hpmicro::hpm6360iep,电机控制,hpmicro:selector:hpm6300,https://www.hpmicro.com/product-center/microcontroller/hpm6300/6300-selection-table,selection column:电机控制,"""2×8通道PWM，2x正交编码器接口QEI，2x霍尔传感器接口HALL""",2026-08-14T07:54:09+00:00,manufacturer_product_page
device,hpmicro::hpm6360iep,RTC,hpmicro:selector:hpm6300,https://www.hpmicro.com/product-center/microcontroller/hpm6300/6300-selection-table,selection column:RTC,"""1""",2026-08-14T07:54:09+00:00,manufacturer_product_page
device,hpmicro::hpm6360iep,GPTimer,hpmicro:selector:hpm6300,https://www.hpmicro.com/product-center/microcontroller/hpm6300/6300-selection-table,selection column:GPTimer,"""5×32 位""",2026-08-14T07:54:09+00:00,manufacturer_product_page
device,hpmicro::hpm6360iep,WDG,hpmicro:selector:hpm6300,https://www.hpmicro.com/product-center/microcontroller/hpm6300/6300-selection-table,selection column:WDG,"""3""",2026-08-14T07:54:09+00:00,manufacturer_product_page
device,hpmicro::hpm6360iep,ADC 12bit,hpmicro:selector:hpm6300,https://www.hpmicro.com/product-center/microcontroller/hpm6300/6300-selection-table,selection column:ADC 12bit,"""/""",2026-08-14T07:54:09+00:00,manufacturer_product_page
device,hpmicro::hpm6360iep,ADC 16bit,hpmicro:selector:hpm6300,https://www.hpmicro.com/product-center/microcontroller/hpm6300/6300-selection-table,selection column:ADC 16bit,"""3""",2026-08-14T07:54:09+00:00,manufacturer_product_page
device,hpmicro::hpm6360iep,DAC 12bit,hpmicro:selector:hpm6300,https://www.hpmicro.com/product-center/microcontroller/hpm6300/6300-selection-table,selection column:DAC 12bit,"""1x 12bit 1MSPS""",2026-08-14T07:54:09+00:00,manufacturer_product_page
device,hpmicro::hpm6360iep,比较器,hpmicro:selector:hpm6300,https://www.hpmicro.com/product-center/microcontroller/hpm6300/6300-selection-table,selection column:比较器,"""2""",2026-08-14T07:54:09+00:00,manufacturer_product_page
device,hpmicro::hpm6360iep,运算放大器,hpmicro:selector:hpm6300,https://www.hpmicro.com/product-center/microcontroller/hpm6300/6300-selection-table,selection column:运算放大器,"""/""",2026-08-14T07:54:09+00:00,manufacturer_product_page
device,hpmicro::hpm6360iep,封装形式,hpmicro:selector:hpm6300,https://www.hpmicro.com/product-center/microcontroller/hpm6300/6300-selection-table,selection column:封装形式,"""7×7 116BGA P0.5""",2026-08-14T07:54:09+00:00,manufacturer_product_page
device,hpmicro::hpm6360iep,产品厚度（mm),hpmicro:selector:hpm6300,https://www.hpmicro.com/product-center/microcontroller/hpm6300/6300-selection-table,selection column:产品厚度（mm),"""1.06""",2026-08-14T07:54:09+00:00,manufacturer_product_page
device,hpmicro::hpm6360iep,脚间距（mm),hpmicro:selector:hpm6300,https://www.hpmicro.com/product-center/microcontroller/hpm6300/6300-selection-table,selection column:脚间距（mm),"""0.5""",2026-08-14T07:54:09+00:00,manufacturer_product_page
device,hpmicro::hpm6360iep,包装方式,hpmicro:selector:hpm6300,https://www.hpmicro.com/product-center/microcontroller/hpm6300/6300-selection-table,selection column:包装方式,"""Tray 盘""",2026-08-14T07:54:09+00:00,manufacturer_product_page
device,hpmicro::hpm6360iep,MPQ,hpmicro:selector:hpm6300,https://www.hpmicro.com/product-center/microcontroller/hpm6300/6300-selection-table,selection column:MPQ,"""260""",2026-08-14T07:54:09+00:00,manufacturer_product_page
device,hpmicro::hpm6360iep,MOQ,hpmicro:selector:hpm6300,https://www.hpmicro.com/product-center/microcontroller/hpm6300/6300-selection-table,selection column:MOQ,"""/""",2026-08-14T07:54:09+00:00,manufacturer_product_page
device,hpmicro::hpm6360iep,温度范围,hpmicro:selector:hpm6300,https://www.hpmicro.com/product-center/microcontroller/hpm6300/6300-selection-table,selection column:温度范围,"""- 40 ~105°C Ta""",2026-08-14T07:54:09+00:00,manufacturer_product_page
device,hpmicro::hpm6360iep,型号,hpmicro:selector:hpm6300,https://www.hpmicro.com/product-center/microcontroller/hpm6300/6300-selection-table,selection column:型号,"""HPM6360IEP""",2026-08-14T07:54:09+00:00,manufacturer_product_page
device,hpmicro::hpm6350ipa,内核类型,hpmicro:selector:hpm6300,https://www.hpmicro.com/product-center/microcontroller/hpm6300/6300-selection-table,selection column:内核类型,"""单核 32 位 RISC-V 处理器""",2026-08-14T07:54:09+00:00,manufacturer_product_page
device,hpmicro::hpm6350ipa,最高主频（MHz）,hpmicro:selector:hpm6300,https://www.hpmicro.com/product-center/microcontroller/hpm6300/6300-selection-table,selection column:最高主频（MHz）,"""648""",2026-08-14T07:54:09+00:00,manufacturer_product_page
device,hpmicro::hpm6350ipa,Flash (MB),hpmicro:selector:hpm6300,https://www.hpmicro.com/product-center/microcontroller/hpm6300/6300-selection-table,selection column:Flash (MB),"""0""",2026-08-14T07:54:09+00:00,manufacturer_product_page
device,hpmicro::hpm6350ipa,SRAM,hpmicro:selector:hpm6300,https://www.hpmicro.com/product-center/microcontroller/hpm6300/6300-selection-table,selection column:SRAM,"""800KB""",2026-08-14T07:54:09+00:00,manufacturer_product_page
device,hpmicro::hpm6350ipa,电源输入（V）,hpmicro:selector:hpm6300,https://www.hpmicro.com/product-center/microcontroller/hpm6300/6300-selection-table,selection column:电源输入（V）,"""3~3.6V""",2026-08-14T07:54:09+00:00,manufacturer_product_page
device,hpmicro::hpm6350ipa,图形编解码器,hpmicro:selector:hpm6300,https://www.hpmicro.com/product-center/microcontroller/hpm6300/6300-selection-table,selection column:图形编解码器,"""/""",2026-08-14T07:54:09+00:00,manufacturer_product_page
device,hpmicro::hpm6350ipa,图形加速,hpmicro:selector:hpm6300,https://www.hpmicro.com/product-center/microcontroller/hpm6300/6300-selection-table,selection column:图形加速,"""/""",2026-08-14T07:54:09+00:00,manufacturer_product_page
device,hpmicro::hpm6350ipa,LCD,hpmicro:selector:hpm6300,https://www.hpmicro.com/product-center/microcontroller/hpm6300/6300-selection-table,selection column:LCD,"""/""",2026-08-14T07:54:09+00:00,manufacturer_product_page
device,hpmicro::hpm6350ipa,摄像头接口（DVP）,hpmicro:selector:hpm6300,https://www.hpmicro.com/product-center/microcontroller/hpm6300/6300-selection-table,selection column:摄像头接口（DVP）,"""/""",2026-08-14T07:54:09+00:00,manufacturer_product_page
device,hpmicro::hpm6350ipa,I²S,hpmicro:selector:hpm6300,https://www.hpmicro.com/product-center/microcontroller/hpm6300/6300-selection-table,selection column:I²S,"""2""",2026-08-14T07:54:09+00:00,manufacturer_product_page
device,hpmicro::hpm6350ipa,数字音频输出,hpmicro:selector:hpm6300,https://www.hpmicro.com/product-center/microcontroller/hpm6300/6300-selection-table,selection column:数字音频输出,"""1""",2026-08-14T07:54:09+00:00,manufacturer_product_page
device,hpmicro::hpm6350ipa,DDR,hpmicro:selector:hpm6300,https://www.hpmicro.com/product-center/microcontroller/hpm6300/6300-selection-table,selection column:DDR,"""/""",2026-08-14T07:54:09+00:00,manufacturer_product_page
device,hpmicro::hpm6350ipa,SDRAM,hpmicro:selector:hpm6300,https://www.hpmicro.com/product-center/microcontroller/hpm6300/6300-selection-table,selection column:SDRAM,"""16""",2026-08-14T07:54:09+00:00,manufacturer_product_page
device,hpmicro::hpm6350ipa,SD/eMMC （*63系列无eMMC）,hpmicro:selector:hpm6300,https://www.hpmicro.com/product-center/microcontroller/hpm6300/6300-selection-table,selection column:SD/eMMC （*63系列无eMMC）,"""1""",2026-08-14T07:54:09+00:00,manufacturer_product_page
device,hpmicro::hpm6350ipa,XPI,hpmicro:selector:hpm6300,https://www.hpmicro.com/product-center/microcontroller/hpm6300/6300-selection-table,selection column:XPI,"""2""",2026-08-14T07:54:09+00:00,manufacturer_product_page
device,hpmicro::hpm6350ipa,以太网,hpmicro:selector:hpm6300,https://www.hpmicro.com/product-center/microcontroller/hpm6300/6300-selection-table,selection column:以太网,"""1x10/100Mbps以太网""",2026-08-14T07:54:09+00:00,manufacturer_product_page
device,hpmicro::hpm6350ipa,CAN,hpmicro:selector:hpm6300,https://www.hpmicro.com/product-center/microcontroller/hpm6300/6300-selection-table,selection column:CAN,"""CAN x 2""",2026-08-14T07:54:09+00:00,manufacturer_product_page
device,hpmicro::hpm6350ipa,USB,hpmicro:selector:hpm6300,https://www.hpmicro.com/product-center/microcontroller/hpm6300/6300-selection-table,selection column:USB,"""USB HS w/ PHY ×1""",2026-08-14T07:54:09+00:00,manufacturer_product_page
device,hpmicro::hpm6350ipa,SPI,hpmicro:selector:hpm6300,https://www.hpmicro.com/product-center/microcontroller/hpm6300/6300-selection-table,selection column:SPI,"""4""",2026-08-14T07:54:09+00:00,manufacturer_product_page
device,hpmicro::hpm6350ipa,I²C,hpmicro:selector:hpm6300,https://www.hpmicro.com/product-center/microcontroller/hpm6300/6300-selection-table,selection column:I²C,"""4""",2026-08-14T07:54:09+00:00,manufacturer_product_page
device,hpmicro::hpm6350ipa,UART,hpmicro:selector:hpm6300,https://www.hpmicro.com/product-center/microcontroller/hpm6300/6300-selection-table,selection column:UART,"""9""",2026-08-14T07:54:09+00:00,manufacturer_product_page
device,hpmicro::hpm6350ipa,Crypto 安全算法,hpmicro:selector:hpm6300,https://www.hpmicro.com/product-center/microcontroller/hpm6300/6300-selection-table,selection column:Crypto 安全算法,"""AES128/256, SHA-1/256""",2026-08-14T07:54:09+00:00,manufacturer_product_page
device,hpmicro::hpm6350ipa,PDM数字麦克风,hpmicro:selector:hpm6300,https://www.hpmicro.com/product-center/microcontroller/hpm6300/6300-selection-table,selection column:PDM数字麦克风,"""8通道""",2026-08-14T07:54:09+00:00,manufacturer_product_page
device,hpmicro::hpm6350ipa,安全特性,hpmicro:selector:hpm6300,https://www.hpmicro.com/product-center/microcontroller/hpm6300/6300-selection-table,selection column:安全特性,"""安全启动，芯片生命周期管理，加密固件升级""",2026-08-14T07:54:09+00:00,manufacturer_product_page
device,hpmicro::hpm6350ipa,功能安全,hpmicro:selector:hpm6300,https://www.hpmicro.com/product-center/microcontroller/hpm6300/6300-selection-table,selection column:功能安全,"""/""",2026-08-14T07:54:09+00:00,manufacturer_product_page
device,hpmicro::hpm6350ipa,电机控制,hpmicro:selector:hpm6300,https://www.hpmicro.com/product-center/microcontroller/hpm6300/6300-selection-table,selection column:电机控制,"""2×8通道PWM，2x正交编码器接口QEI，2x霍尔传感器接口HALL""",2026-08-14T07:54:09+00:00,manufacturer_product_page
device,hpmicro::hpm6350ipa,RTC,hpmicro:selector:hpm6300,https://www.hpmicro.com/product-center/microcontroller/hpm6300/6300-selection-table,selection column:RTC,"""1""",2026-08-14T07:54:09+00:00,manufacturer_product_page
device,hpmicro::hpm6350ipa,GPTimer,hpmicro:selector:hpm6300,https://www.hpmicro.com/product-center/microcontroller/hpm6300/6300-selection-table,selection column:GPTimer,"""5×32 位""",2026-08-14T07:54:09+00:00,manufacturer_product_page
device,hpmicro::hpm6350ipa,WDG,hpmicro:selector:hpm6300,https://www.hpmicro.com/product-center/microcontroller/hpm6300/6300-selection-table,selection column:WDG,"""3""",2026-08-14T07:54:09+00:00,manufacturer_product_page
device,hpmicro::hpm6350ipa,ADC 12bit,hpmicro:selector:hpm6300,https://www.hpmicro.com/product-center/microcontroller/hpm6300/6300-selection-table,selection column:ADC 12bit,"""/""",2026-08-14T07:54:09+00:00,manufacturer_product_page
device,hpmicro::hpm6350ipa,ADC 16bit,hpmicro:selector:hpm6300,https://www.hpmicro.com/product-center/microcontroller/hpm6300/6300-selection-table,selection column:ADC 16bit,"""3""",2026-08-14T07:54:09+00:00,manufacturer_product_page
device,hpmicro::hpm6350ipa,DAC 12bit,hpmicro:selector:hpm6300,https://www.hpmicro.com/product-center/microcontroller/hpm6300/6300-selection-table,selection column:DAC 12bit,"""1x 12bit 1MSPS""",2026-08-14T07:54:09+00:00,manufacturer_product_page
device,hpmicro::hpm6350ipa,比较器,hpmicro:selector:hpm6300,https://www.hpmicro.com/product-center/microcontroller/hpm6300/6300-selection-table,selection column:比较器,"""2""",2026-08-14T07:54:09+00:00,manufacturer_product_page
device,hpmicro::hpm6350ipa,运算放大器,hpmicro:selector:hpm6300,https://www.hpmicro.com/product-center/microcontroller/hpm6300/6300-selection-table,selection column:运算放大器,"""/""",2026-08-14T07:54:09+00:00,manufacturer_product_page
device,hpmicro::hpm6350ipa,封装形式,hpmicro:selector:hpm6300,https://www.hpmicro.com/product-center/microcontroller/hpm6300/6300-selection-table,selection column:封装形式,"""20×20 144eLQFP P0.5""",2026-08-14T07:54:09+00:00,manufacturer_product_page
device,hpmicro::hpm6350ipa,产品厚度（mm),hpmicro:selector:hpm6300,https://www.hpmicro.com/product-center/microcontroller/hpm6300/6300-selection-table,selection column:产品厚度（mm),"""1.4""",2026-08-14T07:54:09+00:00,manufacturer_product_page
device,hpmicro::hpm6350ipa,脚间距（mm),hpmicro:selector:hpm6300,https://www.hpmicro.com/product-center/microcontroller/hpm6300/6300-selection-table,selection column:脚间距（mm),"""0.5""",2026-08-14T07:54:09+00:00,manufacturer_product_page
device,hpmicro::hpm6350ipa,包装方式,hpmicro:selector:hpm6300,https://www.hpmicro.com/product-center/microcontroller/hpm6300/6300-selection-table,selection column:包装方式,"""Tray 盘""",2026-08-14T07:54:09+00:00,manufacturer_product_page
device,hpmicro::hpm6350ipa,MPQ,hpmicro:selector:hpm6300,https://www.hpmicro.com/product-center/microcontroller/hpm6300/6300-selection-table,selection column:MPQ,"""60""",2026-08-14T07:54:09+00:00,manufacturer_product_page
device,hpmicro::hpm6350ipa,MOQ,hpmicro:selector:hpm6300,https://www.hpmicro.com/product-center/microcontroller/hpm6300/6300-selection-table,selection column:MOQ,"""/""",2026-08-14T07:54:09+00:00,manufacturer_product_page
device,hpmicro::hpm6350ipa,温度范围,hpmicro:selector:hpm6300,https://www.hpmicro.com/product-center/microcontroller/hpm6300/6300-selection-table,selection column:温度范围,"""- 40 ~105°C Ta""",2026-08-14T07:54:09+00:00,manufacturer_product_page
device,hpmicro::hpm6350ipa,型号,hpmicro:selector:hpm6300,https://www.hpmicro.com/product-center/microcontroller/hpm6300/6300-selection-table,selection column:型号,"""HPM6350IPA""",2026-08-14T07:54:09+00:00,manufacturer_product_page
device,hpmicro::hpm6350iep,内核类型,hpmicro:selector:hpm6300,https://www.hpmicro.com/product-center/microcontroller/hpm6300/6300-selection-table,selection column:内核类型,"""单核 32 位 RISC-V 处理器""",2026-08-14T07:54:09+00:00,manufacturer_product_page
device,hpmicro::hpm6350iep,最高主频（MHz）,hpmicro:selector:hpm6300,https://www.hpmicro.com/product-center/microcontroller/hpm6300/6300-selection-table,selection column:最高主频（MHz）,"""648""",2026-08-14T07:54:09+00:00,manufacturer_product_page
device,hpmicro::hpm6350iep,Flash (MB),hpmicro:selector:hpm6300,https://www.hpmicro.com/product-center/microcontroller/hpm6300/6300-selection-table,selection column:Flash (MB),"""0""",2026-08-14T07:54:09+00:00,manufacturer_product_page
device,hpmicro::hpm6350iep,SRAM,hpmicro:selector:hpm6300,https://www.hpmicro.com/product-center/microcontroller/hpm6300/6300-selection-table,selection column:SRAM,"""800KB""",2026-08-14T07:54:09+00:00,manufacturer_product_page
device,hpmicro::hpm6350iep,电源输入（V）,hpmicro:selector:hpm6300,https://www.hpmicro.com/product-center/microcontroller/hpm6300/6300-selection-table,selection column:电源输入（V）,"""3~3.6V""",2026-08-14T07:54:09+00:00,manufacturer_product_page
device,hpmicro::hpm6350iep,图形编解码器,hpmicro:selector:hpm6300,https://www.hpmicro.com/product-center/microcontroller/hpm6300/6300-selection-table,selection column:图形编解码器,"""/""",2026-08-14T07:54:09+00:00,manufacturer_product_page
device,hpmicro::hpm6350iep,图形加速,hpmicro:selector:hpm6300,https://www.hpmicro.com/product-center/microcontroller/hpm6300/6300-selection-table,selection column:图形加速,"""/""",2026-08-14T07:54:09+00:00,manufacturer_product_page
device,hpmicro::hpm6350iep,LCD,hpmicro:selector:hpm6300,https://www.hpmicro.com/product-center/microcontroller/hpm6300/6300-selection-table,selection column:LCD,"""/""",2026-08-14T07:54:09+00:00,manufacturer_product_page
device,hpmicro::hpm6350iep,摄像头接口（DVP）,hpmicro:selector:hpm6300,https://www.hpmicro.com/product-center/microcontroller/hpm6300/6300-selection-table,selection column:摄像头接口（DVP）,"""/""",2026-08-14T07:54:09+00:00,manufacturer_product_page
device,hpmicro::hpm6350iep,I²S,hpmicro:selector:hpm6300,https://www.hpmicro.com/product-center/microcontroller/hpm6300/6300-selection-table,selection column:I²S,"""2""",2026-08-14T07:54:09+00:00,manufacturer_product_page
device,hpmicro::hpm6350iep,数字音频输出,hpmicro:selector:hpm6300,https://www.hpmicro.com/product-center/microcontroller/hpm6300/6300-selection-table,selection column:数字音频输出,"""1""",2026-08-14T07:54:09+00:00,manufacturer_product_page
device,hpmicro::hpm6350iep,DDR,hpmicro:selector:hpm6300,https://www.hpmicro.com/product-center/microcontroller/hpm6300/6300-selection-table,selection column:DDR,"""/""",2026-08-14T07:54:09+00:00,manufacturer_product_page
device,hpmicro::hpm6350iep,SDRAM,hpmicro:selector:hpm6300,https://www.hpmicro.com/product-center/microcontroller/hpm6300/6300-selection-table,selection column:SDRAM,"""8""",2026-08-14T07:54:09+00:00,manufacturer_product_page
device,hpmicro::hpm6350iep,SD/eMMC （*63系列无eMMC）,hpmicro:selector:hpm6300,https://www.hpmicro.com/product-center/microcontroller/hpm6300/6300-selection-table,selection column:SD/eMMC （*63系列无eMMC）,"""1""",2026-08-14T07:54:09+00:00,manufacturer_product_page
device,hpmicro::hpm6350iep,XPI,hpmicro:selector:hpm6300,https://www.hpmicro.com/product-center/microcontroller/hpm6300/6300-selection-table,selection column:XPI,"""2""",2026-08-14T07:54:09+00:00,manufacturer_product_page
device,hpmicro::hpm6350iep,以太网,hpmicro:selector:hpm6300,https://www.hpmicro.com/product-center/microcontroller/hpm6300/6300-selection-table,selection column:以太网,"""1x10/100Mbps以太网""",2026-08-14T07:54:09+00:00,manufacturer_product_page
device,hpmicro::hpm6350iep,CAN,hpmicro:selector:hpm6300,https://www.hpmicro.com/product-center/microcontroller/hpm6300/6300-selection-table,selection column:CAN,"""CAN x 2""",2026-08-14T07:54:09+00:00,manufacturer_product_page
device,hpmicro::hpm6350iep,USB,hpmicro:selector:hpm6300,https://www.hpmicro.com/product-center/microcontroller/hpm6300/6300-selection-table,selection column:USB,"""USB HS w/ PHY ×1""",2026-08-14T07:54:09+00:00,manufacturer_product_page
device,hpmicro::hpm6350iep,SPI,hpmicro:selector:hpm6300,https://www.hpmicro.com/product-center/microcontroller/hpm6300/6300-selection-table,selection column:SPI,"""4""",2026-08-14T07:54:09+00:00,manufacturer_product_page
device,hpmicro::hpm6350iep,I²C,hpmicro:selector:hpm6300,https://www.hpmicro.com/product-center/microcontroller/hpm6300/6300-selection-table,selection column:I²C,"""4""",2026-08-14T07:54:09+00:00,manufacturer_product_page
device,hpmicro::hpm6350iep,UART,hpmicro:selector:hpm6300,https://www.hpmicro.com/product-center/microcontroller/hpm6300/6300-selection-table,selection column:UART,"""9""",2026-08-14T07:54:09+00:00,manufacturer_product_page
device,hpmicro::hpm6350iep,Crypto 安全算法,hpmicro:selector:hpm6300,https://www.hpmicro.com/product-center/microcontroller/hpm6300/6300-selection-table,selection column:Crypto 安全算法,"""AES128/256, SHA-1/256""",2026-08-14T07:54:09+00:00,manufacturer_product_page
device,hpmicro::hpm6350iep,PDM数字麦克风,hpmicro:selector:hpm6300,https://www.hpmicro.com/product-center/microcontroller/hpm6300/6300-selection-table,selection column:PDM数字麦克风,"""8通道""",2026-08-14T07:54:09+00:00,manufacturer_product_page
device,hpmicro::hpm6350iep,安全特性,hpmicro:selector:hpm6300,https://www.hpmicro.com/product-center/microcontroller/hpm6300/6300-selection-table,selection column:安全特性,"""安全启动，芯片生命周期管理，加密固件升级""",2026-08-14T07:54:09+00:00,manufacturer_product_page
device,hpmicro::hpm6350iep,功能安全,hpmicro:selector:hpm6300,https://www.hpmicro.com/product-center/microcontroller/hpm6300/6300-selection-table,selection column:功能安全,"""/""",2026-08-14T07:54:09+00:00,manufacturer_product_page
device,hpmicro::hpm6350iep,电机控制,hpmicro:selector:hpm6300,https://www.hpmicro.com/product-center/microcontroller/hpm6300/6300-selection-table,selection column:电机控制,"""2×8通道PWM，2x正交编码器接口QEI，2x霍尔传感器接口HALL""",2026-08-14T07:54:09+00:00,manufacturer_product_page
device,hpmicro::hpm6350iep,RTC,hpmicro:selector:hpm6300,https://www.hpmicro.com/product-center/microcontroller/hpm6300/6300-selection-table,selection column:RTC,"""1""",2026-08-14T07:54:09+00:00,manufacturer_product_page
device,hpmicro::hpm6350iep,GPTimer,hpmicro:selector:hpm6300,https://www.hpmicro.com/product-center/microcontroller/hpm6300/6300-selection-table,selection column:GPTimer,"""5×32 位""",2026-08-14T07:54:09+00:00,manufacturer_product_page
device,hpmicro::hpm6350iep,WDG,hpmicro:selector:hpm6300,https://www.hpmicro.com/product-center/microcontroller/hpm6300/6300-selection-table,selection column:WDG,"""3""",2026-08-14T07:54:09+00:00,manufacturer_product_page
device,hpmicro::hpm6350iep,ADC 12bit,hpmicro:selector:hpm6300,https://www.hpmicro.com/product-center/microcontroller/hpm6300/6300-selection-table,selection column:ADC 12bit,"""/""",2026-08-14T07:54:09+00:00,manufacturer_product_page
device,hpmicro::hpm6350iep,ADC 16bit,hpmicro:selector:hpm6300,https://www.hpmicro.com/product-center/microcontroller/hpm6300/6300-selection-table,selection column:ADC 16bit,"""3""",2026-08-14T07:54:09+00:00,manufacturer_product_page
device,hpmicro::hpm6350iep,DAC 12bit,hpmicro:selector:hpm6300,https://www.hpmicro.com/product-center/microcontroller/hpm6300/6300-selection-table,selection column:DAC 12bit,"""1x 12bit 1MSPS""",2026-08-14T07:54:09+00:00,manufacturer_product_page
device,hpmicro::hpm6350iep,比较器,hpmicro:selector:hpm6300,https://www.hpmicro.com/product-center/microcontroller/hpm6300/6300-selection-table,selection column:比较器,"""2""",2026-08-14T07:54:09+00:00,manufacturer_product_page
device,hpmicro::hpm6350iep,运算放大器,hpmicro:selector:hpm6300,https://www.hpmicro.com/product-center/microcontroller/hpm6300/6300-selection-table,selection column:运算放大器,"""/""",2026-08-14T07:54:09+00:00,manufacturer_product_page
device,hpmicro::hpm6350iep,封装形式,hpmicro:selector:hpm6300,https://www.hpmicro.com/product-center/microcontroller/hpm6300/6300-selection-table,selection column:封装形式,"""7×7 116BGA P0.5""",2026-08-14T07:54:09+00:00,manufacturer_product_page
device,hpmicro::hpm6350iep,产品厚度（mm),hpmicro:selector:hpm6300,https://www.hpmicro.com/product-center/microcontroller/hpm6300/6300-selection-table,selection column:产品厚度（mm),"""1.06""",2026-08-14T07:54:09+00:00,manufacturer_product_page
device,hpmicro::hpm6350iep,脚间距（mm),hpmicro:selector:hpm6300,https://www.hpmicro.com/product-center/microcontroller/hpm6300/6300-selection-table,selection column:脚间距（mm),"""0.5""",2026-08-14T07:54:09+00:00,manufacturer_product_page
device,hpmicro::hpm6350iep,包装方式,hpmicro:selector:hpm6300,https://www.hpmicro.com/product-center/microcontroller/hpm6300/6300-selection-table,selection column:包装方式,"""Tray 盘""",2026-08-14T07:54:09+00:00,manufacturer_product_page
device,hpmicro::hpm6350iep,MPQ,hpmicro:selector:hpm6300,https://www.hpmicro.com/product-center/microcontroller/hpm6300/6300-selection-table,selection column:MPQ,"""260""",2026-08-14T07:54:09+00:00,manufacturer_product_page
device,hpmicro::hpm6350iep,MOQ,hpmicro:selector:hpm6300,https://www.hpmicro.com/product-center/microcontroller/hpm6300/6300-selection-table,selection column:MOQ,"""/""",2026-08-14T07:54:09+00:00,manufacturer_product_page
device,hpmicro::hpm6350iep,温度范围,hpmicro:selector:hpm6300,https://www.hpmicro.com/product-center/microcontroller/hpm6300/6300-selection-table,selection column:温度范围,"""- 40 ~105°C Ta""",2026-08-14T07:54:09+00:00,manufacturer_product_page
device,hpmicro::hpm6350iep,型号,hpmicro:selector:hpm6300,https://www.hpmicro.com/product-center/microcontroller/hpm6300/6300-selection-table,selection column:型号,"""HPM6350IEP""",2026-08-14T07:54:09+00:00,manufacturer_product_page
device,hpmicro::hpm6330ice,内核类型,hpmicro:selector:hpm6300,https://www.hpmicro.com/product-center/microcontroller/hpm6300/6300-selection-table,selection column:内核类型,"""单核 32 位 RISC-V 处理器""",2026-08-14T07:54:09+00:00,manufacturer_product_page
device,hpmicro::hpm6330ice,最高主频（MHz）,hpmicro:selector:hpm6300,https://www.hpmicro.com/product-center/microcontroller/hpm6300/6300-selection-table,selection column:最高主频（MHz）,"""500""",2026-08-14T07:54:09+00:00,manufacturer_product_page
device,hpmicro::hpm6330ice,Flash (MB),hpmicro:selector:hpm6300,https://www.hpmicro.com/product-center/microcontroller/hpm6300/6300-selection-table,selection column:Flash (MB),"""0""",2026-08-14T07:54:09+00:00,manufacturer_product_page
device,hpmicro::hpm6330ice,SRAM,hpmicro:selector:hpm6300,https://www.hpmicro.com/product-center/microcontroller/hpm6300/6300-selection-table,selection column:SRAM,"""800KB""",2026-08-14T07:54:09+00:00,manufacturer_product_page
device,hpmicro::hpm6330ice,电源输入（V）,hpmicro:selector:hpm6300,https://www.hpmicro.com/product-center/microcontroller/hpm6300/6300-selection-table,selection column:电源输入（V）,"""3~3.6V""",2026-08-14T07:54:09+00:00,manufacturer_product_page
device,hpmicro::hpm6330ice,图形编解码器,hpmicro:selector:hpm6300,https://www.hpmicro.com/product-center/microcontroller/hpm6300/6300-selection-table,selection column:图形编解码器,"""/""",2026-08-14T07:54:09+00:00,manufacturer_product_page
device,hpmicro::hpm6330ice,图形加速,hpmicro:selector:hpm6300,https://www.hpmicro.com/product-center/microcontroller/hpm6300/6300-selection-table,selection column:图形加速,"""/""",2026-08-14T07:54:09+00:00,manufacturer_product_page
device,hpmicro::hpm6330ice,LCD,hpmicro:selector:hpm6300,https://www.hpmicro.com/product-center/microcontroller/hpm6300/6300-selection-table,selection column:LCD,"""/""",2026-08-14T07:54:09+00:00,manufacturer_product_page
device,hpmicro::hpm6330ice,摄像头接口（DVP）,hpmicro:selector:hpm6300,https://www.hpmicro.com/product-center/microcontroller/hpm6300/6300-selection-table,selection column:摄像头接口（DVP）,"""/""",2026-08-14T07:54:09+00:00,manufacturer_product_page
device,hpmicro::hpm6330ice,I²S,hpmicro:selector:hpm6300,https://www.hpmicro.com/product-center/microcontroller/hpm6300/6300-selection-table,selection column:I²S,"""2""",2026-08-14T07:54:09+00:00,manufacturer_product_page
device,hpmicro::hpm6330ice,数字音频输出,hpmicro:selector:hpm6300,https://www.hpmicro.com/product-center/microcontroller/hpm6300/6300-selection-table,selection column:数字音频输出,"""1""",2026-08-14T07:54:09+00:00,manufacturer_product_page
device,hpmicro::hpm6330ice,DDR,hpmicro:selector:hpm6300,https://www.hpmicro.com/product-center/microcontroller/hpm6300/6300-selection-table,selection column:DDR,"""/""",2026-08-14T07:54:09+00:00,manufacturer_product_page
device,hpmicro::hpm6330ice,SDRAM,hpmicro:selector:hpm6300,https://www.hpmicro.com/product-center/microcontroller/hpm6300/6300-selection-table,selection column:SDRAM,"""8""",2026-08-14T07:54:09+00:00,manufacturer_product_page
device,hpmicro::hpm6330ice,SD/eMMC （*63系列无eMMC）,hpmicro:selector:hpm6300,https://www.hpmicro.com/product-center/microcontroller/hpm6300/6300-selection-table,selection column:SD/eMMC （*63系列无eMMC）,"""1""",2026-08-14T07:54:09+00:00,manufacturer_product_page
device,hpmicro::hpm6330ice,XPI,hpmicro:selector:hpm6300,https://www.hpmicro.com/product-center/microcontroller/hpm6300/6300-selection-table,selection column:XPI,"""2""",2026-08-14T07:54:09+00:00,manufacturer_product_page
device,hpmicro::hpm6330ice,以太网,hpmicro:selector:hpm6300,https://www.hpmicro.com/product-center/microcontroller/hpm6300/6300-selection-table,selection column:以太网,"""1x10/100Mbps以太网""",2026-08-14T07:54:09+00:00,manufacturer_product_page
device,hpmicro::hpm6330ice,CAN,hpmicro:selector:hpm6300,https://www.hpmicro.com/product-center/microcontroller/hpm6300/6300-selection-table,selection column:CAN,"""CAN FD x 2""",2026-08-14T07:54:09+00:00,manufacturer_product_page
device,hpmicro::hpm6330ice,USB,hpmicro:selector:hpm6300,https://www.hpmicro.com/product-center/microcontroller/hpm6300/6300-selection-table,selection column:USB,"""USB HS w/ PHY ×1""",2026-08-14T07:54:09+00:00,manufacturer_product_page
device,hpmicro::hpm6330ice,SPI,hpmicro:selector:hpm6300,https://www.hpmicro.com/product-center/microcontroller/hpm6300/6300-selection-table,selection column:SPI,"""4""",2026-08-14T07:54:09+00:00,manufacturer_product_page
device,hpmicro::hpm6330ice,I²C,hpmicro:selector:hpm6300,https://www.hpmicro.com/product-center/microcontroller/hpm6300/6300-selection-table,selection column:I²C,"""4""",2026-08-14T07:54:09+00:00,manufacturer_product_page
device,hpmicro::hpm6330ice,UART,hpmicro:selector:hpm6300,https://www.hpmicro.com/product-center/microcontroller/hpm6300/6300-selection-table,selection column:UART,"""9""",2026-08-14T07:54:09+00:00,manufacturer_product_page
device,hpmicro::hpm6330ice,Crypto 安全算法,hpmicro:selector:hpm6300,https://www.hpmicro.com/product-center/microcontroller/hpm6300/6300-selection-table,selection column:Crypto 安全算法,"""AES128/256, SHA-1/256""",2026-08-14T07:54:09+00:00,manufacturer_product_page
device,hpmicro::hpm6330ice,PDM数字麦克风,hpmicro:selector:hpm6300,https://www.hpmicro.com/product-center/microcontroller/hpm6300/6300-selection-table,selection column:PDM数字麦克风,"""8通道""",2026-08-14T07:54:09+00:00,manufacturer_product_page
device,hpmicro::hpm6330ice,安全特性,hpmicro:selector:hpm6300,https://www.hpmicro.com/product-center/microcontroller/hpm6300/6300-selection-table,selection column:安全特性,"""安全启动，芯片生命周期管理，加密固件升级""",2026-08-14T07:54:09+00:00,manufacturer_product_page
device,hpmicro::hpm6330ice,功能安全,hpmicro:selector:hpm6300,https://www.hpmicro.com/product-center/microcontroller/hpm6300/6300-selection-table,selection column:功能安全,"""/""",2026-08-14T07:54:09+00:00,manufacturer_product_page
device,hpmicro::hpm6330ice,电机控制,hpmicro:selector:hpm6300,https://www.hpmicro.com/product-center/microcontroller/hpm6300/6300-selection-table,selection column:电机控制,"""2×8通道PWM，2x正交编码器接口QEI，2x霍尔传感器接口HALL""",2026-08-14T07:54:09+00:00,manufacturer_product_page
device,hpmicro::hpm6330ice,RTC,hpmicro:selector:hpm6300,https://www.hpmicro.com/product-center/microcontroller/hpm6300/6300-selection-table,selection column:RTC,"""1""",2026-08-14T07:54:09+00:00,manufacturer_product_page
device,hpmicro::hpm6330ice,GPTimer,hpmicro:selector:hpm6300,https://www.hpmicro.com/product-center/microcontroller/hpm6300/6300-selection-table,selection column:GPTimer,"""5×32 位""",2026-08-14T07:54:09+00:00,manufacturer_product_page
device,hpmicro::hpm6330ice,WDG,hpmicro:selector:hpm6300,https://www.hpmicro.com/product-center/microcontroller/hpm6300/6300-selection-table,selection column:WDG,"""3""",2026-08-14T07:54:09+00:00,manufacturer_product_page
device,hpmicro::hpm6330ice,ADC 12bit,hpmicro:selector:hpm6300,https://www.hpmicro.com/product-center/microcontroller/hpm6300/6300-selection-table,selection column:ADC 12bit,"""/""",2026-08-14T07:54:09+00:00,manufacturer_product_page
device,hpmicro::hpm6330ice,ADC 16bit,hpmicro:selector:hpm6300,https://www.hpmicro.com/product-center/microcontroller/hpm6300/6300-selection-table,selection column:ADC 16bit,"""3""",2026-08-14T07:54:09+00:00,manufacturer_product_page
device,hpmicro::hpm6330ice,DAC 12bit,hpmicro:selector:hpm6300,https://www.hpmicro.com/product-center/microcontroller/hpm6300/6300-selection-table,selection column:DAC 12bit,"""1x 12bit 1MSPS""",2026-08-14T07:54:09+00:00,manufacturer_product_page
device,hpmicro::hpm6330ice,比较器,hpmicro:selector:hpm6300,https://www.hpmicro.com/product-center/microcontroller/hpm6300/6300-selection-table,selection column:比较器,"""2""",2026-08-14T07:54:09+00:00,manufacturer_product_page
device,hpmicro::hpm6330ice,运算放大器,hpmicro:selector:hpm6300,https://www.hpmicro.com/product-center/microcontroller/hpm6300/6300-selection-table,selection column:运算放大器,"""/""",2026-08-14T07:54:09+00:00,manufacturer_product_page
device,hpmicro::hpm6330ice,封装形式,hpmicro:selector:hpm6300,https://www.hpmicro.com/product-center/microcontroller/hpm6300/6300-selection-table,selection column:封装形式,"""12x12 80LQFP P0.5""",2026-08-14T07:54:09+00:00,manufacturer_product_page
device,hpmicro::hpm6330ice,产品厚度（mm),hpmicro:selector:hpm6300,https://www.hpmicro.com/product-center/microcontroller/hpm6300/6300-selection-table,selection column:产品厚度（mm),"""/""",2026-08-14T07:54:09+00:00,manufacturer_product_page
device,hpmicro::hpm6330ice,脚间距（mm),hpmicro:selector:hpm6300,https://www.hpmicro.com/product-center/microcontroller/hpm6300/6300-selection-table,selection column:脚间距（mm),"""0.5""",2026-08-14T07:54:09+00:00,manufacturer_product_page
device,hpmicro::hpm6330ice,包装方式,hpmicro:selector:hpm6300,https://www.hpmicro.com/product-center/microcontroller/hpm6300/6300-selection-table,selection column:包装方式,"""Tray 盘""",2026-08-14T07:54:09+00:00,manufacturer_product_page
device,hpmicro::hpm6330ice,MPQ,hpmicro:selector:hpm6300,https://www.hpmicro.com/product-center/microcontroller/hpm6300/6300-selection-table,selection column:MPQ,"""/""",2026-08-14T07:54:09+00:00,manufacturer_product_page
device,hpmicro::hpm6330ice,MOQ,hpmicro:selector:hpm6300,https://www.hpmicro.com/product-center/microcontroller/hpm6300/6300-selection-table,selection column:MOQ,"""/""",2026-08-14T07:54:09+00:00,manufacturer_product_page
device,hpmicro::hpm6330ice,温度范围,hpmicro:selector:hpm6300,https://www.hpmicro.com/product-center/microcontroller/hpm6300/6300-selection-table,selection column:温度范围,"""- 40 ~105°C Ta""",2026-08-14T07:54:09+00:00,manufacturer_product_page
device,hpmicro::hpm6330ice,型号,hpmicro:selector:hpm6300,https://www.hpmicro.com/product-center/microcontroller/hpm6300/6300-selection-table,selection column:型号,"""HPM6330ICE""",2026-08-14T07:54:09+00:00,manufacturer_product_page
device,hpmicro::hpm6340ipa,内核类型,hpmicro:selector:hpm6300,https://www.hpmicro.com/product-center/microcontroller/hpm6300/6300-selection-table,selection column:内核类型,"""单核 32 位 RISC-V 处理器""",2026-08-14T07:54:09+00:00,manufacturer_product_page
device,hpmicro::hpm6340ipa,最高主频（MHz）,hpmicro:selector:hpm6300,https://www.hpmicro.com/product-center/microcontroller/hpm6300/6300-selection-table,selection column:最高主频（MHz）,"""648""",2026-08-14T07:54:09+00:00,manufacturer_product_page
device,hpmicro::hpm6340ipa,Flash (MB),hpmicro:selector:hpm6300,https://www.hpmicro.com/product-center/microcontroller/hpm6300/6300-selection-table,selection column:Flash (MB),"""0""",2026-08-14T07:54:09+00:00,manufacturer_product_page
device,hpmicro::hpm6340ipa,SRAM,hpmicro:selector:hpm6300,https://www.hpmicro.com/product-center/microcontroller/hpm6300/6300-selection-table,selection column:SRAM,"""800KB""",2026-08-14T07:54:09+00:00,manufacturer_product_page
device,hpmicro::hpm6340ipa,电源输入（V）,hpmicro:selector:hpm6300,https://www.hpmicro.com/product-center/microcontroller/hpm6300/6300-selection-table,selection column:电源输入（V）,"""3~3.6V""",2026-08-14T07:54:09+00:00,manufacturer_product_page
device,hpmicro::hpm6340ipa,图形编解码器,hpmicro:selector:hpm6300,https://www.hpmicro.com/product-center/microcontroller/hpm6300/6300-selection-table,selection column:图形编解码器,"""/""",2026-08-14T07:54:09+00:00,manufacturer_product_page
device,hpmicro::hpm6340ipa,图形加速,hpmicro:selector:hpm6300,https://www.hpmicro.com/product-center/microcontroller/hpm6300/6300-selection-table,selection column:图形加速,"""/""",2026-08-14T07:54:09+00:00,manufacturer_product_page
device,hpmicro::hpm6340ipa,LCD,hpmicro:selector:hpm6300,https://www.hpmicro.com/product-center/microcontroller/hpm6300/6300-selection-table,selection column:LCD,"""/""",2026-08-14T07:54:09+00:00,manufacturer_product_page
device,hpmicro::hpm6340ipa,摄像头接口（DVP）,hpmicro:selector:hpm6300,https://www.hpmicro.com/product-center/microcontroller/hpm6300/6300-selection-table,selection column:摄像头接口（DVP）,"""/""",2026-08-14T07:54:09+00:00,manufacturer_product_page
device,hpmicro::hpm6340ipa,I²S,hpmicro:selector:hpm6300,https://www.hpmicro.com/product-center/microcontroller/hpm6300/6300-selection-table,selection column:I²S,"""2""",2026-08-14T07:54:09+00:00,manufacturer_product_page
device,hpmicro::hpm6340ipa,数字音频输出,hpmicro:selector:hpm6300,https://www.hpmicro.com/product-center/microcontroller/hpm6300/6300-selection-table,selection column:数字音频输出,"""1""",2026-08-14T07:54:09+00:00,manufacturer_product_page
device,hpmicro::hpm6340ipa,DDR,hpmicro:selector:hpm6300,https://www.hpmicro.com/product-center/microcontroller/hpm6300/6300-selection-table,selection column:DDR,"""/""",2026-08-14T07:54:09+00:00,manufacturer_product_page
device,hpmicro::hpm6340ipa,SDRAM,hpmicro:selector:hpm6300,https://www.hpmicro.com/product-center/microcontroller/hpm6300/6300-selection-table,selection column:SDRAM,"""16""",2026-08-14T07:54:09+00:00,manufacturer_product_page
device,hpmicro::hpm6340ipa,SD/eMMC （*63系列无eMMC）,hpmicro:selector:hpm6300,https://www.hpmicro.com/product-center/microcontroller/hpm6300/6300-selection-table,selection column:SD/eMMC （*63系列无eMMC）,"""1""",2026-08-14T07:54:09+00:00,manufacturer_product_page
device,hpmicro::hpm6340ipa,XPI,hpmicro:selector:hpm6300,https://www.hpmicro.com/product-center/microcontroller/hpm6300/6300-selection-table,selection column:XPI,"""2""",2026-08-14T07:54:09+00:00,manufacturer_product_page
device,hpmicro::hpm6340ipa,以太网,hpmicro:selector:hpm6300,https://www.hpmicro.com/product-center/microcontroller/hpm6300/6300-selection-table,selection column:以太网,"""/""",2026-08-14T07:54:09+00:00,manufacturer_product_page
device,hpmicro::hpm6340ipa,CAN,hpmicro:selector:hpm6300,https://www.hpmicro.com/product-center/microcontroller/hpm6300/6300-selection-table,selection column:CAN,"""CAN x 2""",2026-08-14T07:54:09+00:00,manufacturer_product_page
device,hpmicro::hpm6340ipa,USB,hpmicro:selector:hpm6300,https://www.hpmicro.com/product-center/microcontroller/hpm6300/6300-selection-table,selection column:USB,"""/""",2026-08-14T07:54:09+00:00,manufacturer_product_page
device,hpmicro::hpm6340ipa,SPI,hpmicro:selector:hpm6300,https://www.hpmicro.com/product-center/microcontroller/hpm6300/6300-selection-table,selection column:SPI,"""4""",2026-08-14T07:54:09+00:00,manufacturer_product_page
device,hpmicro::hpm6340ipa,I²C,hpmicro:selector:hpm6300,https://www.hpmicro.com/product-center/microcontroller/hpm6300/6300-selection-table,selection column:I²C,"""4""",2026-08-14T07:54:09+00:00,manufacturer_product_page
device,hpmicro::hpm6340ipa,UART,hpmicro:selector:hpm6300,https://www.hpmicro.com/product-center/microcontroller/hpm6300/6300-selection-table,selection column:UART,"""9""",2026-08-14T07:54:09+00:00,manufacturer_product_page
device,hpmicro::hpm6340ipa,Crypto 安全算法,hpmicro:selector:hpm6300,https://www.hpmicro.com/product-center/microcontroller/hpm6300/6300-selection-table,selection column:Crypto 安全算法,"""AES128/256, SHA-1/256""",2026-08-14T07:54:09+00:00,manufacturer_product_page
device,hpmicro::hpm6340ipa,PDM数字麦克风,hpmicro:selector:hpm6300,https://www.hpmicro.com/product-center/microcontroller/hpm6300/6300-selection-table,selection column:PDM数字麦克风,"""8通道""",2026-08-14T07:54:09+00:00,manufacturer_product_page
device,hpmicro::hpm6340ipa,安全特性,hpmicro:selector:hpm6300,https://www.hpmicro.com/product-center/microcontroller/hpm6300/6300-selection-table,selection column:安全特性,"""安全启动，芯片生命周期管理，加密固件升级""",2026-08-14T07:54:09+00:00,manufacturer_product_page
device,hpmicro::hpm6340ipa,功能安全,hpmicro:selector:hpm6300,https://www.hpmicro.com/product-center/microcontroller/hpm6300/6300-selection-table,selection column:功能安全,"""/""",2026-08-14T07:54:09+00:00,manufacturer_product_page
device,hpmicro::hpm6340ipa,电机控制,hpmicro:selector:hpm6300,https://www.hpmicro.com/product-center/microcontroller/hpm6300/6300-selection-table,selection column:电机控制,"""2×8通道PWM，2x正交编码器接口QEI，2x霍尔传感器接口HALL""",2026-08-14T07:54:09+00:00,manufacturer_product_page
device,hpmicro::hpm6340ipa,RTC,hpmicro:selector:hpm6300,https://www.hpmicro.com/product-center/microcontroller/hpm6300/6300-selection-table,selection column:RTC,"""1""",2026-08-14T07:54:09+00:00,manufacturer_product_page
device,hpmicro::hpm6340ipa,GPTimer,hpmicro:selector:hpm6300,https://www.hpmicro.com/product-center/microcontroller/hpm6300/6300-selection-table,selection column:GPTimer,"""5×32 位""",2026-08-14T07:54:09+00:00,manufacturer_product_page
device,hpmicro::hpm6340ipa,WDG,hpmicro:selector:hpm6300,https://www.hpmicro.com/product-center/microcontroller/hpm6300/6300-selection-table,selection column:WDG,"""3""",2026-08-14T07:54:09+00:00,manufacturer_product_page
device,hpmicro::hpm6340ipa,ADC 12bit,hpmicro:selector:hpm6300,https://www.hpmicro.com/product-center/microcontroller/hpm6300/6300-selection-table,selection column:ADC 12bit,"""/""",2026-08-14T07:54:09+00:00,manufacturer_product_page
device,hpmicro::hpm6340ipa,ADC 16bit,hpmicro:selector:hpm6300,https://www.hpmicro.com/product-center/microcontroller/hpm6300/6300-selection-table,selection column:ADC 16bit,"""3""",2026-08-14T07:54:09+00:00,manufacturer_product_page
device,hpmicro::hpm6340ipa,DAC 12bit,hpmicro:selector:hpm6300,https://www.hpmicro.com/product-center/microcontroller/hpm6300/6300-selection-table,selection column:DAC 12bit,"""1x 12bit 1MSPS""",2026-08-14T07:54:09+00:00,manufacturer_product_page
device,hpmicro::hpm6340ipa,比较器,hpmicro:selector:hpm6300,https://www.hpmicro.com/product-center/microcontroller/hpm6300/6300-selection-table,selection column:比较器,"""2""",2026-08-14T07:54:09+00:00,manufacturer_product_page
device,hpmicro::hpm6340ipa,运算放大器,hpmicro:selector:hpm6300,https://www.hpmicro.com/product-center/microcontroller/hpm6300/6300-selection-table,selection column:运算放大器,"""/""",2026-08-14T07:54:09+00:00,manufacturer_product_page
device,hpmicro::hpm6340ipa,封装形式,hpmicro:selector:hpm6300,https://www.hpmicro.com/product-center/microcontroller/hpm6300/6300-selection-table,selection column:封装形式,"""20×20 144eLQFP P0.5""",2026-08-14T07:54:09+00:00,manufacturer_product_page
device,hpmicro::hpm6340ipa,产品厚度（mm),hpmicro:selector:hpm6300,https://www.hpmicro.com/product-center/microcontroller/hpm6300/6300-selection-table,selection column:产品厚度（mm),"""1.4""",2026-08-14T07:54:09+00:00,manufacturer_product_page
device,hpmicro::hpm6340ipa,脚间距（mm),hpmicro:selector:hpm6300,https://www.hpmicro.com/product-center/microcontroller/hpm6300/6300-selection-table,selection column:脚间距（mm),"""0.5""",2026-08-14T07:54:09+00:00,manufacturer_product_page
device,hpmicro::hpm6340ipa,包装方式,hpmicro:selector:hpm6300,https://www.hpmicro.com/product-center/microcontroller/hpm6300/6300-selection-table,selection column:包装方式,"""Tray 盘""",2026-08-14T07:54:09+00:00,manufacturer_product_page
device,hpmicro::hpm6340ipa,MPQ,hpmicro:selector:hpm6300,https://www.hpmicro.com/product-center/microcontroller/hpm6300/6300-selection-table,selection column:MPQ,"""60""",2026-08-14T07:54:09+00:00,manufacturer_product_page
device,hpmicro::hpm6340ipa,MOQ,hpmicro:selector:hpm6300,https://www.hpmicro.com/product-center/microcontroller/hpm6300/6300-selection-table,selection column:MOQ,"""/""",2026-08-14T07:54:09+00:00,manufacturer_product_page
device,hpmicro::hpm6340ipa,温度范围,hpmicro:selector:hpm6300,https://www.hpmicro.com/product-center/microcontroller/hpm6300/6300-selection-table,selection column:温度范围,"""- 40 ~105°C Ta""",2026-08-14T07:54:09+00:00,manufacturer_product_page
device,hpmicro::hpm6340ipa,型号,hpmicro:selector:hpm6300,https://www.hpmicro.com/product-center/microcontroller/hpm6300/6300-selection-table,selection column:型号,"""HPM6340IPA""",2026-08-14T07:54:09+00:00,manufacturer_product_page
device,hpmicro::hpm6340iep,内核类型,hpmicro:selector:hpm6300,https://www.hpmicro.com/product-center/microcontroller/hpm6300/6300-selection-table,selection column:内核类型,"""单核 32 位 RISC-V 处理器""",2026-08-14T07:54:09+00:00,manufacturer_product_page
device,hpmicro::hpm6340iep,最高主频（MHz）,hpmicro:selector:hpm6300,https://www.hpmicro.com/product-center/microcontroller/hpm6300/6300-selection-table,selection column:最高主频（MHz）,"""648""",2026-08-14T07:54:09+00:00,manufacturer_product_page
device,hpmicro::hpm6340iep,Flash (MB),hpmicro:selector:hpm6300,https://www.hpmicro.com/product-center/microcontroller/hpm6300/6300-selection-table,selection column:Flash (MB),"""0""",2026-08-14T07:54:09+00:00,manufacturer_product_page
device,hpmicro::hpm6340iep,SRAM,hpmicro:selector:hpm6300,https://www.hpmicro.com/product-center/microcontroller/hpm6300/6300-selection-table,selection column:SRAM,"""800KB""",2026-08-14T07:54:09+00:00,manufacturer_product_page
device,hpmicro::hpm6340iep,电源输入（V）,hpmicro:selector:hpm6300,https://www.hpmicro.com/product-center/microcontroller/hpm6300/6300-selection-table,selection column:电源输入（V）,"""3~3.6V""",2026-08-14T07:54:09+00:00,manufacturer_product_page
device,hpmicro::hpm6340iep,图形编解码器,hpmicro:selector:hpm6300,https://www.hpmicro.com/product-center/microcontroller/hpm6300/6300-selection-table,selection column:图形编解码器,"""/""",2026-08-14T07:54:09+00:00,manufacturer_product_page
device,hpmicro::hpm6340iep,图形加速,hpmicro:selector:hpm6300,https://www.hpmicro.com/product-center/microcontroller/hpm6300/6300-selection-table,selection column:图形加速,"""/""",2026-08-14T07:54:09+00:00,manufacturer_product_page
device,hpmicro::hpm6340iep,LCD,hpmicro:selector:hpm6300,https://www.hpmicro.com/product-center/microcontroller/hpm6300/6300-selection-table,selection column:LCD,"""/""",2026-08-14T07:54:09+00:00,manufacturer_product_page
device,hpmicro::hpm6340iep,摄像头接口（DVP）,hpmicro:selector:hpm6300,https://www.hpmicro.com/product-center/microcontroller/hpm6300/6300-selection-table,selection column:摄像头接口（DVP）,"""/""",2026-08-14T07:54:09+00:00,manufacturer_product_page
device,hpmicro::hpm6340iep,I²S,hpmicro:selector:hpm6300,https://www.hpmicro.com/product-center/microcontroller/hpm6300/6300-selection-table,selection column:I²S,"""2""",2026-08-14T07:54:09+00:00,manufacturer_product_page
device,hpmicro::hpm6340iep,数字音频输出,hpmicro:selector:hpm6300,https://www.hpmicro.com/product-center/microcontroller/hpm6300/6300-selection-table,selection column:数字音频输出,"""1""",2026-08-14T07:54:09+00:00,manufacturer_product_page
device,hpmicro::hpm6340iep,DDR,hpmicro:selector:hpm6300,https://www.hpmicro.com/product-center/microcontroller/hpm6300/6300-selection-table,selection column:DDR,"""/""",2026-08-14T07:54:09+00:00,manufacturer_product_page
device,hpmicro::hpm6340iep,SDRAM,hpmicro:selector:hpm6300,https://www.hpmicro.com/product-center/microcontroller/hpm6300/6300-selection-table,selection column:SDRAM,"""8""",2026-08-14T07:54:09+00:00,manufacturer_product_page
device,hpmicro::hpm6340iep,SD/eMMC （*63系列无eMMC）,hpmicro:selector:hpm6300,https://www.hpmicro.com/product-center/microcontroller/hpm6300/6300-selection-table,selection column:SD/eMMC （*63系列无eMMC）,"""1""",2026-08-14T07:54:09+00:00,manufacturer_product_page
device,hpmicro::hpm6340iep,XPI,hpmicro:selector:hpm6300,https://www.hpmicro.com/product-center/microcontroller/hpm6300/6300-selection-table,selection column:XPI,"""2""",2026-08-14T07:54:09+00:00,manufacturer_product_page
device,hpmicro::hpm6340iep,以太网,hpmicro:selector:hpm6300,https://www.hpmicro.com/product-center/microcontroller/hpm6300/6300-selection-table,selection column:以太网,"""/""",2026-08-14T07:54:09+00:00,manufacturer_product_page
device,hpmicro::hpm6340iep,CAN,hpmicro:selector:hpm6300,https://www.hpmicro.com/product-center/microcontroller/hpm6300/6300-selection-table,selection column:CAN,"""CAN x 2""",2026-08-14T07:54:09+00:00,manufacturer_product_page
device,hpmicro::hpm6340iep,USB,hpmicro:selector:hpm6300,https://www.hpmicro.com/product-center/microcontroller/hpm6300/6300-selection-table,selection column:USB,"""/""",2026-08-14T07:54:09+00:00,manufacturer_product_page
device,hpmicro::hpm6340iep,SPI,hpmicro:selector:hpm6300,https://www.hpmicro.com/product-center/microcontroller/hpm6300/6300-selection-table,selection column:SPI,"""4""",2026-08-14T07:54:09+00:00,manufacturer_product_page
device,hpmicro::hpm6340iep,I²C,hpmicro:selector:hpm6300,https://www.hpmicro.com/product-center/microcontroller/hpm6300/6300-selection-table,selection column:I²C,"""4""",2026-08-14T07:54:09+00:00,manufacturer_product_page
device,hpmicro::hpm6340iep,UART,hpmicro:selector:hpm6300,https://www.hpmicro.com/product-center/microcontroller/hpm6300/6300-selection-table,selection column:UART,"""9""",2026-08-14T07:54:09+00:00,manufacturer_product_page
device,hpmicro::hpm6340iep,Crypto 安全算法,hpmicro:selector:hpm6300,https://www.hpmicro.com/product-center/microcontroller/hpm6300/6300-selection-table,selection column:Crypto 安全算法,"""AES128/256, SHA-1/256""",2026-08-14T07:54:09+00:00,manufacturer_product_page
device,hpmicro::hpm6340iep,PDM数字麦克风,hpmicro:selector:hpm6300,https://www.hpmicro.com/product-center/microcontroller/hpm6300/6300-selection-table,selection column:PDM数字麦克风,"""8通道""",2026-08-14T07:54:09+00:00,manufacturer_product_page
device,hpmicro::hpm6340iep,安全特性,hpmicro:selector:hpm6300,https://www.hpmicro.com/product-center/microcontroller/hpm6300/6300-selection-table,selection column:安全特性,"""安全启动，芯片生命周期管理，加密固件升级""",2026-08-14T07:54:09+00:00,manufacturer_product_page
device,hpmicro::hpm6340iep,功能安全,hpmicro:selector:hpm6300,https://www.hpmicro.com/product-center/microcontroller/hpm6300/6300-selection-table,selection column:功能安全,"""/""",2026-08-14T07:54:09+00:00,manufacturer_product_page
device,hpmicro::hpm6340iep,电机控制,hpmicro:selector:hpm6300,https://www.hpmicro.com/product-center/microcontroller/hpm6300/6300-selection-table,selection column:电机控制,"""2×8通道PWM，2x正交编码器接口QEI，2x霍尔传感器接口HALL""",2026-08-14T07:54:09+00:00,manufacturer_product_page
device,hpmicro::hpm6340iep,RTC,hpmicro:selector:hpm6300,https://www.hpmicro.com/product-center/microcontroller/hpm6300/6300-selection-table,selection column:RTC,"""1""",2026-08-14T07:54:09+00:00,manufacturer_product_page
device,hpmicro::hpm6340iep,GPTimer,hpmicro:selector:hpm6300,https://www.hpmicro.com/product-center/microcontroller/hpm6300/6300-selection-table,selection column:GPTimer,"""5×32 位""",2026-08-14T07:54:09+00:00,manufacturer_product_page
device,hpmicro::hpm6340iep,WDG,hpmicro:selector:hpm6300,https://www.hpmicro.com/product-center/microcontroller/hpm6300/6300-selection-table,selection column:WDG,"""3""",2026-08-14T07:54:09+00:00,manufacturer_product_page
device,hpmicro::hpm6340iep,ADC 12bit,hpmicro:selector:hpm6300,https://www.hpmicro.com/product-center/microcontroller/hpm6300/6300-selection-table,selection column:ADC 12bit,"""/""",2026-08-14T07:54:09+00:00,manufacturer_product_page
device,hpmicro::hpm6340iep,ADC 16bit,hpmicro:selector:hpm6300,https://www.hpmicro.com/product-center/microcontroller/hpm6300/6300-selection-table,selection column:ADC 16bit,"""3""",2026-08-14T07:54:09+00:00,manufacturer_product_page
device,hpmicro::hpm6340iep,DAC 12bit,hpmicro:selector:hpm6300,https://www.hpmicro.com/product-center/microcontroller/hpm6300/6300-selection-table,selection column:DAC 12bit,"""1x 12bit 1MSPS""",2026-08-14T07:54:09+00:00,manufacturer_product_page
device,hpmicro::hpm6340iep,比较器,hpmicro:selector:hpm6300,https://www.hpmicro.com/product-center/microcontroller/hpm6300/6300-selection-table,selection column:比较器,"""2""",2026-08-14T07:54:09+00:00,manufacturer_product_page
device,hpmicro::hpm6340iep,运算放大器,hpmicro:selector:hpm6300,https://www.hpmicro.com/product-center/microcontroller/hpm6300/6300-selection-table,selection column:运算放大器,"""/""",2026-08-14T07:54:09+00:00,manufacturer_product_page
device,hpmicro::hpm6340iep,封装形式,hpmicro:selector:hpm6300,https://www.hpmicro.com/product-center/microcontroller/hpm6300/6300-selection-table,selection column:封装形式,"""7×7 116BGA P0.5""",2026-08-14T07:54:09+00:00,manufacturer_product_page
device,hpmicro::hpm6340iep,产品厚度（mm),hpmicro:selector:hpm6300,https://www.hpmicro.com/product-center/microcontroller/hpm6300/6300-selection-table,selection column:产品厚度（mm),"""1.06""",2026-08-14T07:54:09+00:00,manufacturer_product_page
device,hpmicro::hpm6340iep,脚间距（mm),hpmicro:selector:hpm6300,https://www.hpmicro.com/product-center/microcontroller/hpm6300/6300-selection-table,selection column:脚间距（mm),"""0.5""",2026-08-14T07:54:09+00:00,manufacturer_product_page
device,hpmicro::hpm6340iep,包装方式,hpmicro:selector:hpm6300,https://www.hpmicro.com/product-center/microcontroller/hpm6300/6300-selection-table,selection column:包装方式,"""Tray 盘""",2026-08-14T07:54:09+00:00,manufacturer_product_page
device,hpmicro::hpm6340iep,MPQ,hpmicro:selector:hpm6300,https://www.hpmicro.com/product-center/microcontroller/hpm6300/6300-selection-table,selection column:MPQ,"""260""",2026-08-14T07:54:09+00:00,manufacturer_product_page
device,hpmicro::hpm6340iep,MOQ,hpmicro:selector:hpm6300,https://www.hpmicro.com/product-center/microcontroller/hpm6300/6300-selection-table,selection column:MOQ,"""/""",2026-08-14T07:54:09+00:00,manufacturer_product_page
device,hpmicro::hpm6340iep,温度范围,hpmicro:selector:hpm6300,https://www.hpmicro.com/product-center/microcontroller/hpm6300/6300-selection-table,selection column:温度范围,"""- 40 ~105°C Ta""",2026-08-14T07:54:09+00:00,manufacturer_product_page
device,hpmicro::hpm6340iep,型号,hpmicro:selector:hpm6300,https://www.hpmicro.com/product-center/microcontroller/hpm6300/6300-selection-table,selection column:型号,"""HPM6340IEP""",2026-08-14T07:54:09+00:00,manufacturer_product_page
device,hpmicro::hpm6320ipa,内核类型,hpmicro:selector:hpm6300,https://www.hpmicro.com/product-center/microcontroller/hpm6300/6300-selection-table,selection column:内核类型,"""单核 32 位 RISC-V 处理器""",2026-08-14T07:54:09+00:00,manufacturer_product_page
device,hpmicro::hpm6320ipa,最高主频（MHz）,hpmicro:selector:hpm6300,https://www.hpmicro.com/product-center/microcontroller/hpm6300/6300-selection-table,selection column:最高主频（MHz）,"""200""",2026-08-14T07:54:09+00:00,manufacturer_product_page
device,hpmicro::hpm6320ipa,Flash (MB),hpmicro:selector:hpm6300,https://www.hpmicro.com/product-center/microcontroller/hpm6300/6300-selection-table,selection column:Flash (MB),"""0""",2026-08-14T07:54:09+00:00,manufacturer_product_page
device,hpmicro::hpm6320ipa,SRAM,hpmicro:selector:hpm6300,https://www.hpmicro.com/product-center/microcontroller/hpm6300/6300-selection-table,selection column:SRAM,"""800KB""",2026-08-14T07:54:09+00:00,manufacturer_product_page
device,hpmicro::hpm6320ipa,电源输入（V）,hpmicro:selector:hpm6300,https://www.hpmicro.com/product-center/microcontroller/hpm6300/6300-selection-table,selection column:电源输入（V）,"""3~3.6V""",2026-08-14T07:54:09+00:00,manufacturer_product_page
device,hpmicro::hpm6320ipa,图形编解码器,hpmicro:selector:hpm6300,https://www.hpmicro.com/product-center/microcontroller/hpm6300/6300-selection-table,selection column:图形编解码器,"""/""",2026-08-14T07:54:09+00:00,manufacturer_product_page
device,hpmicro::hpm6320ipa,图形加速,hpmicro:selector:hpm6300,https://www.hpmicro.com/product-center/microcontroller/hpm6300/6300-selection-table,selection column:图形加速,"""/""",2026-08-14T07:54:09+00:00,manufacturer_product_page
device,hpmicro::hpm6320ipa,LCD,hpmicro:selector:hpm6300,https://www.hpmicro.com/product-center/microcontroller/hpm6300/6300-selection-table,selection column:LCD,"""/""",2026-08-14T07:54:09+00:00,manufacturer_product_page
device,hpmicro::hpm6320ipa,摄像头接口（DVP）,hpmicro:selector:hpm6300,https://www.hpmicro.com/product-center/microcontroller/hpm6300/6300-selection-table,selection column:摄像头接口（DVP）,"""/""",2026-08-14T07:54:09+00:00,manufacturer_product_page
device,hpmicro::hpm6320ipa,I²S,hpmicro:selector:hpm6300,https://www.hpmicro.com/product-center/microcontroller/hpm6300/6300-selection-table,selection column:I²S,"""2""",2026-08-14T07:54:09+00:00,manufacturer_product_page
device,hpmicro::hpm6320ipa,数字音频输出,hpmicro:selector:hpm6300,https://www.hpmicro.com/product-center/microcontroller/hpm6300/6300-selection-table,selection column:数字音频输出,"""1""",2026-08-14T07:54:09+00:00,manufacturer_product_page
device,hpmicro::hpm6320ipa,DDR,hpmicro:selector:hpm6300,https://www.hpmicro.com/product-center/microcontroller/hpm6300/6300-selection-table,selection column:DDR,"""/""",2026-08-14T07:54:09+00:00,manufacturer_product_page
device,hpmicro::hpm6320ipa,SDRAM,hpmicro:selector:hpm6300,https://www.hpmicro.com/product-center/microcontroller/hpm6300/6300-selection-table,selection column:SDRAM,"""/""",2026-08-14T07:54:09+00:00,manufacturer_product_page
device,hpmicro::hpm6320ipa,SD/eMMC （*63系列无eMMC）,hpmicro:selector:hpm6300,https://www.hpmicro.com/product-center/microcontroller/hpm6300/6300-selection-table,selection column:SD/eMMC （*63系列无eMMC）,"""1""",2026-08-14T07:54:09+00:00,manufacturer_product_page
device,hpmicro::hpm6320ipa,XPI,hpmicro:selector:hpm6300,https://www.hpmicro.com/product-center/microcontroller/hpm6300/6300-selection-table,selection column:XPI,"""2""",2026-08-14T07:54:09+00:00,manufacturer_product_page
device,hpmicro::hpm6320ipa,以太网,hpmicro:selector:hpm6300,https://www.hpmicro.com/product-center/microcontroller/hpm6300/6300-selection-table,selection column:以太网,"""1x10/100Mbps以太网""",2026-08-14T07:54:09+00:00,manufacturer_product_page
device,hpmicro::hpm6320ipa,CAN,hpmicro:selector:hpm6300,https://www.hpmicro.com/product-center/microcontroller/hpm6300/6300-selection-table,selection column:CAN,"""/""",2026-08-14T07:54:09+00:00,manufacturer_product_page
device,hpmicro::hpm6320ipa,USB,hpmicro:selector:hpm6300,https://www.hpmicro.com/product-center/microcontroller/hpm6300/6300-selection-table,selection column:USB,"""USB HS w/ PHY ×1""",2026-08-14T07:54:09+00:00,manufacturer_product_page
device,hpmicro::hpm6320ipa,SPI,hpmicro:selector:hpm6300,https://www.hpmicro.com/product-center/microcontroller/hpm6300/6300-selection-table,selection column:SPI,"""3""",2026-08-14T07:54:09+00:00,manufacturer_product_page
device,hpmicro::hpm6320ipa,I²C,hpmicro:selector:hpm6300,https://www.hpmicro.com/product-center/microcontroller/hpm6300/6300-selection-table,selection column:I²C,"""3""",2026-08-14T07:54:09+00:00,manufacturer_product_page
device,hpmicro::hpm6320ipa,UART,hpmicro:selector:hpm6300,https://www.hpmicro.com/product-center/microcontroller/hpm6300/6300-selection-table,selection column:UART,"""9""",2026-08-14T07:54:09+00:00,manufacturer_product_page
device,hpmicro::hpm6320ipa,Crypto 安全算法,hpmicro:selector:hpm6300,https://www.hpmicro.com/product-center/microcontroller/hpm6300/6300-selection-table,selection column:Crypto 安全算法,"""AES128/256, SHA-1/256""",2026-08-14T07:54:09+00:00,manufacturer_product_page
device,hpmicro::hpm6320ipa,PDM数字麦克风,hpmicro:selector:hpm6300,https://www.hpmicro.com/product-center/microcontroller/hpm6300/6300-selection-table,selection column:PDM数字麦克风,"""8通道""",2026-08-14T07:54:09+00:00,manufacturer_product_page
device,hpmicro::hpm6320ipa,安全特性,hpmicro:selector:hpm6300,https://www.hpmicro.com/product-center/microcontroller/hpm6300/6300-selection-table,selection column:安全特性,"""安全启动，芯片生命周期管理，加密固件升级""",2026-08-14T07:54:09+00:00,manufacturer_product_page
device,hpmicro::hpm6320ipa,功能安全,hpmicro:selector:hpm6300,https://www.hpmicro.com/product-center/microcontroller/hpm6300/6300-selection-table,selection column:功能安全,"""/""",2026-08-14T07:54:09+00:00,manufacturer_product_page
device,hpmicro::hpm6320ipa,电机控制,hpmicro:selector:hpm6300,https://www.hpmicro.com/product-center/microcontroller/hpm6300/6300-selection-table,selection column:电机控制,"""2×8通道PWM""",2026-08-14T07:54:09+00:00,manufacturer_product_page
device,hpmicro::hpm6320ipa,RTC,hpmicro:selector:hpm6300,https://www.hpmicro.com/product-center/microcontroller/hpm6300/6300-selection-table,selection column:RTC,"""1""",2026-08-14T07:54:09+00:00,manufacturer_product_page
device,hpmicro::hpm6320ipa,GPTimer,hpmicro:selector:hpm6300,https://www.hpmicro.com/product-center/microcontroller/hpm6300/6300-selection-table,selection column:GPTimer,"""5×32 位""",2026-08-14T07:54:09+00:00,manufacturer_product_page
device,hpmicro::hpm6320ipa,WDG,hpmicro:selector:hpm6300,https://www.hpmicro.com/product-center/microcontroller/hpm6300/6300-selection-table,selection column:WDG,"""3""",2026-08-14T07:54:09+00:00,manufacturer_product_page
device,hpmicro::hpm6320ipa,ADC 12bit,hpmicro:selector:hpm6300,https://www.hpmicro.com/product-center/microcontroller/hpm6300/6300-selection-table,selection column:ADC 12bit,"""/""",2026-08-14T07:54:09+00:00,manufacturer_product_page
device,hpmicro::hpm6320ipa,ADC 16bit,hpmicro:selector:hpm6300,https://www.hpmicro.com/product-center/microcontroller/hpm6300/6300-selection-table,selection column:ADC 16bit,"""3""",2026-08-14T07:54:09+00:00,manufacturer_product_page
device,hpmicro::hpm6320ipa,DAC 12bit,hpmicro:selector:hpm6300,https://www.hpmicro.com/product-center/microcontroller/hpm6300/6300-selection-table,selection column:DAC 12bit,"""/""",2026-08-14T07:54:09+00:00,manufacturer_product_page
device,hpmicro::hpm6320ipa,比较器,hpmicro:selector:hpm6300,https://www.hpmicro.com/product-center/microcontroller/hpm6300/6300-selection-table,selection column:比较器,"""2""",2026-08-14T07:54:09+00:00,manufacturer_product_page
device,hpmicro::hpm6320ipa,运算放大器,hpmicro:selector:hpm6300,https://www.hpmicro.com/product-center/microcontroller/hpm6300/6300-selection-table,selection column:运算放大器,"""/""",2026-08-14T07:54:09+00:00,manufacturer_product_page
device,hpmicro::hpm6320ipa,封装形式,hpmicro:selector:hpm6300,https://www.hpmicro.com/product-center/microcontroller/hpm6300/6300-selection-table,selection column:封装形式,"""20×20 144eLQFP P0.5""",2026-08-14T07:54:09+00:00,manufacturer_product_page
device,hpmicro::hpm6320ipa,产品厚度（mm),hpmicro:selector:hpm6300,https://www.hpmicro.com/product-center/microcontroller/hpm6300/6300-selection-table,selection column:产品厚度（mm),"""1.4""",2026-08-14T07:54:09+00:00,manufacturer_product_page
device,hpmicro::hpm6320ipa,脚间距（mm),hpmicro:selector:hpm6300,https://www.hpmicro.com/product-center/microcontroller/hpm6300/6300-selection-table,selection column:脚间距（mm),"""0.5""",2026-08-14T07:54:09+00:00,manufacturer_product_page
device,hpmicro::hpm6320ipa,包装方式,hpmicro:selector:hpm6300,https://www.hpmicro.com/product-center/microcontroller/hpm6300/6300-selection-table,selection column:包装方式,"""Tray 盘""",2026-08-14T07:54:09+00:00,manufacturer_product_page
device,hpmicro::hpm6320ipa,MPQ,hpmicro:selector:hpm6300,https://www.hpmicro.com/product-center/microcontroller/hpm6300/6300-selection-table,selection column:MPQ,"""60""",2026-08-14T07:54:09+00:00,manufacturer_product_page
device,hpmicro::hpm6320ipa,MOQ,hpmicro:selector:hpm6300,https://www.hpmicro.com/product-center/microcontroller/hpm6300/6300-selection-table,selection column:MOQ,"""/""",2026-08-14T07:54:09+00:00,manufacturer_product_page
device,hpmicro::hpm6320ipa,温度范围,hpmicro:selector:hpm6300,https://www.hpmicro.com/product-center/microcontroller/hpm6300/6300-selection-table,selection column:温度范围,"""- 40 ~105°C Ta""",2026-08-14T07:54:09+00:00,manufacturer_product_page
device,hpmicro::hpm6320ipa,型号,hpmicro:selector:hpm6300,https://www.hpmicro.com/product-center/microcontroller/hpm6300/6300-selection-table,selection column:型号,"""HPM6320IPA""",2026-08-14T07:54:09+00:00,manufacturer_product_page
device,hpmicro::hpm6320iep,内核类型,hpmicro:selector:hpm6300,https://www.hpmicro.com/product-center/microcontroller/hpm6300/6300-selection-table,selection column:内核类型,"""单核 32 位 RISC-V 处理器""",2026-08-14T07:54:09+00:00,manufacturer_product_page
device,hpmicro::hpm6320iep,最高主频（MHz）,hpmicro:selector:hpm6300,https://www.hpmicro.com/product-center/microcontroller/hpm6300/6300-selection-table,selection column:最高主频（MHz）,"""200""",2026-08-14T07:54:09+00:00,manufacturer_product_page
device,hpmicro::hpm6320iep,Flash (MB),hpmicro:selector:hpm6300,https://www.hpmicro.com/product-center/microcontroller/hpm6300/6300-selection-table,selection column:Flash (MB),"""0""",2026-08-14T07:54:09+00:00,manufacturer_product_page
device,hpmicro::hpm6320iep,SRAM,hpmicro:selector:hpm6300,https://www.hpmicro.com/product-center/microcontroller/hpm6300/6300-selection-table,selection column:SRAM,"""800KB""",2026-08-14T07:54:09+00:00,manufacturer_product_page
device,hpmicro::hpm6320iep,电源输入（V）,hpmicro:selector:hpm6300,https://www.hpmicro.com/product-center/microcontroller/hpm6300/6300-selection-table,selection column:电源输入（V）,"""3~3.6V""",2026-08-14T07:54:09+00:00,manufacturer_product_page
device,hpmicro::hpm6320iep,图形编解码器,hpmicro:selector:hpm6300,https://www.hpmicro.com/product-center/microcontroller/hpm6300/6300-selection-table,selection column:图形编解码器,"""/""",2026-08-14T07:54:09+00:00,manufacturer_product_page
device,hpmicro::hpm6320iep,图形加速,hpmicro:selector:hpm6300,https://www.hpmicro.com/product-center/microcontroller/hpm6300/6300-selection-table,selection column:图形加速,"""/""",2026-08-14T07:54:09+00:00,manufacturer_product_page
device,hpmicro::hpm6320iep,LCD,hpmicro:selector:hpm6300,https://www.hpmicro.com/product-center/microcontroller/hpm6300/6300-selection-table,selection column:LCD,"""/""",2026-08-14T07:54:09+00:00,manufacturer_product_page
device,hpmicro::hpm6320iep,摄像头接口（DVP）,hpmicro:selector:hpm6300,https://www.hpmicro.com/product-center/microcontroller/hpm6300/6300-selection-table,selection column:摄像头接口（DVP）,"""/""",2026-08-14T07:54:09+00:00,manufacturer_product_page
device,hpmicro::hpm6320iep,I²S,hpmicro:selector:hpm6300,https://www.hpmicro.com/product-center/microcontroller/hpm6300/6300-selection-table,selection column:I²S,"""2""",2026-08-14T07:54:09+00:00,manufacturer_product_page
device,hpmicro::hpm6320iep,数字音频输出,hpmicro:selector:hpm6300,https://www.hpmicro.com/product-center/microcontroller/hpm6300/6300-selection-table,selection column:数字音频输出,"""1""",2026-08-14T07:54:09+00:00,manufacturer_product_page
device,hpmicro::hpm6320iep,DDR,hpmicro:selector:hpm6300,https://www.hpmicro.com/product-center/microcontroller/hpm6300/6300-selection-table,selection column:DDR,"""/""",2026-08-14T07:54:09+00:00,manufacturer_product_page
device,hpmicro::hpm6320iep,SDRAM,hpmicro:selector:hpm6300,https://www.hpmicro.com/product-center/microcontroller/hpm6300/6300-selection-table,selection column:SDRAM,"""/""",2026-08-14T07:54:09+00:00,manufacturer_product_page
device,hpmicro::hpm6320iep,SD/eMMC （*63系列无eMMC）,hpmicro:selector:hpm6300,https://www.hpmicro.com/product-center/microcontroller/hpm6300/6300-selection-table,selection column:SD/eMMC （*63系列无eMMC）,"""1""",2026-08-14T07:54:09+00:00,manufacturer_product_page
device,hpmicro::hpm6320iep,XPI,hpmicro:selector:hpm6300,https://www.hpmicro.com/product-center/microcontroller/hpm6300/6300-selection-table,selection column:XPI,"""2""",2026-08-14T07:54:09+00:00,manufacturer_product_page
device,hpmicro::hpm6320iep,以太网,hpmicro:selector:hpm6300,https://www.hpmicro.com/product-center/microcontroller/hpm6300/6300-selection-table,selection column:以太网,"""1x10/100Mbps以太网""",2026-08-14T07:54:09+00:00,manufacturer_product_page
device,hpmicro::hpm6320iep,CAN,hpmicro:selector:hpm6300,https://www.hpmicro.com/product-center/microcontroller/hpm6300/6300-selection-table,selection column:CAN,"""/""",2026-08-14T07:54:09+00:00,manufacturer_product_page
device,hpmicro::hpm6320iep,USB,hpmicro:selector:hpm6300,https://www.hpmicro.com/product-center/microcontroller/hpm6300/6300-selection-table,selection column:USB,"""USB HS w/ PHY ×1""",2026-08-14T07:54:09+00:00,manufacturer_product_page
device,hpmicro::hpm6320iep,SPI,hpmicro:selector:hpm6300,https://www.hpmicro.com/product-center/microcontroller/hpm6300/6300-selection-table,selection column:SPI,"""3""",2026-08-14T07:54:09+00:00,manufacturer_product_page
device,hpmicro::hpm6320iep,I²C,hpmicro:selector:hpm6300,https://www.hpmicro.com/product-center/microcontroller/hpm6300/6300-selection-table,selection column:I²C,"""3""",2026-08-14T07:54:09+00:00,manufacturer_product_page
device,hpmicro::hpm6320iep,UART,hpmicro:selector:hpm6300,https://www.hpmicro.com/product-center/microcontroller/hpm6300/6300-selection-table,selection column:UART,"""9""",2026-08-14T07:54:09+00:00,manufacturer_product_page
device,hpmicro::hpm6320iep,Crypto 安全算法,hpmicro:selector:hpm6300,https://www.hpmicro.com/product-center/microcontroller/hpm6300/6300-selection-table,selection column:Crypto 安全算法,"""AES128/256, SHA-1/256""",2026-08-14T07:54:09+00:00,manufacturer_product_page
device,hpmicro::hpm6320iep,PDM数字麦克风,hpmicro:selector:hpm6300,https://www.hpmicro.com/product-center/microcontroller/hpm6300/6300-selection-table,selection column:PDM数字麦克风,"""8通道""",2026-08-14T07:54:09+00:00,manufacturer_product_page
device,hpmicro::hpm6320iep,安全特性,hpmicro:selector:hpm6300,https://www.hpmicro.com/product-center/microcontroller/hpm6300/6300-selection-table,selection column:安全特性,"""安全启动，芯片生命周期管理，加密固件升级""",2026-08-14T07:54:09+00:00,manufacturer_product_page
device,hpmicro::hpm6320iep,功能安全,hpmicro:selector:hpm6300,https://www.hpmicro.com/product-center/microcontroller/hpm6300/6300-selection-table,selection column:功能安全,"""/""",2026-08-14T07:54:09+00:00,manufacturer_product_page
device,hpmicro::hpm6320iep,电机控制,hpmicro:selector:hpm6300,https://www.hpmicro.com/product-center/microcontroller/hpm6300/6300-selection-table,selection column:电机控制,"""2×8通道PWM""",2026-08-14T07:54:09+00:00,manufacturer_product_page
device,hpmicro::hpm6320iep,RTC,hpmicro:selector:hpm6300,https://www.hpmicro.com/product-center/microcontroller/hpm6300/6300-selection-table,selection column:RTC,"""1""",2026-08-14T07:54:09+00:00,manufacturer_product_page
device,hpmicro::hpm6320iep,GPTimer,hpmicro:selector:hpm6300,https://www.hpmicro.com/product-center/microcontroller/hpm6300/6300-selection-table,selection column:GPTimer,"""5×32 位""",2026-08-14T07:54:09+00:00,manufacturer_product_page
device,hpmicro::hpm6320iep,WDG,hpmicro:selector:hpm6300,https://www.hpmicro.com/product-center/microcontroller/hpm6300/6300-selection-table,selection column:WDG,"""3""",2026-08-14T07:54:09+00:00,manufacturer_product_page
device,hpmicro::hpm6320iep,ADC 12bit,hpmicro:selector:hpm6300,https://www.hpmicro.com/product-center/microcontroller/hpm6300/6300-selection-table,selection column:ADC 12bit,"""/""",2026-08-14T07:54:09+00:00,manufacturer_product_page
device,hpmicro::hpm6320iep,ADC 16bit,hpmicro:selector:hpm6300,https://www.hpmicro.com/product-center/microcontroller/hpm6300/6300-selection-table,selection column:ADC 16bit,"""3""",2026-08-14T07:54:09+00:00,manufacturer_product_page
device,hpmicro::hpm6320iep,DAC 12bit,hpmicro:selector:hpm6300,https://www.hpmicro.com/product-center/microcontroller/hpm6300/6300-selection-table,selection column:DAC 12bit,"""/""",2026-08-14T07:54:09+00:00,manufacturer_product_page
device,hpmicro::hpm6320iep,比较器,hpmicro:selector:hpm6300,https://www.hpmicro.com/product-center/microcontroller/hpm6300/6300-selection-table,selection column:比较器,"""2""",2026-08-14T07:54:09+00:00,manufacturer_product_page
device,hpmicro::hpm6320iep,运算放大器,hpmicro:selector:hpm6300,https://www.hpmicro.com/product-center/microcontroller/hpm6300/6300-selection-table,selection column:运算放大器,"""/""",2026-08-14T07:54:09+00:00,manufacturer_product_page
device,hpmicro::hpm6320iep,封装形式,hpmicro:selector:hpm6300,https://www.hpmicro.com/product-center/microcontroller/hpm6300/6300-selection-table,selection column:封装形式,"""7×7 116BGA P0.5""",2026-08-14T07:54:09+00:00,manufacturer_product_page
device,hpmicro::hpm6320iep,产品厚度（mm),hpmicro:selector:hpm6300,https://www.hpmicro.com/product-center/microcontroller/hpm6300/6300-selection-table,selection column:产品厚度（mm),"""1.06""",2026-08-14T07:54:09+00:00,manufacturer_product_page
device,hpmicro::hpm6320iep,脚间距（mm),hpmicro:selector:hpm6300,https://www.hpmicro.com/product-center/microcontroller/hpm6300/6300-selection-table,selection column:脚间距（mm),"""0.5""",2026-08-14T07:54:09+00:00,manufacturer_product_page
device,hpmicro::hpm6320iep,包装方式,hpmicro:selector:hpm6300,https://www.hpmicro.com/product-center/microcontroller/hpm6300/6300-selection-table,selection column:包装方式,"""Tray 盘""",2026-08-14T07:54:09+00:00,manufacturer_product_page
device,hpmicro::hpm6320iep,MPQ,hpmicro:selector:hpm6300,https://www.hpmicro.com/product-center/microcontroller/hpm6300/6300-selection-table,selection column:MPQ,"""260""",2026-08-14T07:54:09+00:00,manufacturer_product_page
device,hpmicro::hpm6320iep,MOQ,hpmicro:selector:hpm6300,https://www.hpmicro.com/product-center/microcontroller/hpm6300/6300-selection-table,selection column:MOQ,"""/""",2026-08-14T07:54:09+00:00,manufacturer_product_page
device,hpmicro::hpm6320iep,温度范围,hpmicro:selector:hpm6300,https://www.hpmicro.com/product-center/microcontroller/hpm6300/6300-selection-table,selection column:温度范围,"""- 40 ~105°C Ta""",2026-08-14T07:54:09+00:00,manufacturer_product_page
device,hpmicro::hpm6320iep,型号,hpmicro:selector:hpm6300,https://www.hpmicro.com/product-center/microcontroller/hpm6300/6300-selection-table,selection column:型号,"""HPM6320IEP""",2026-08-14T07:54:09+00:00,manufacturer_product_page
device,hpmicro::hpm6750ivm,内核类型,hpmicro:selector:hpm6700,https://www.hpmicro.com/product-center/microcontroller/hpm6700/6700-6400-selection-table,selection column:内核类型,"""双核 32 位 RISC-V 处理器""",2026-08-14T07:54:09+00:00,manufacturer_product_page
device,hpmicro::hpm6750ivm,最高主频（MHz）,hpmicro:selector:hpm6700,https://www.hpmicro.com/product-center/microcontroller/hpm6700/6700-6400-selection-table,selection column:最高主频（MHz）,"""816""",2026-08-14T07:54:09+00:00,manufacturer_product_page
device,hpmicro::hpm6750ivm,Flash (MB),hpmicro:selector:hpm6700,https://www.hpmicro.com/product-center/microcontroller/hpm6700/6700-6400-selection-table,selection column:Flash (MB),"""0""",2026-08-14T07:54:09+00:00,manufacturer_product_page
device,hpmicro::hpm6750ivm,SRAM,hpmicro:selector:hpm6700,https://www.hpmicro.com/product-center/microcontroller/hpm6700/6700-6400-selection-table,selection column:SRAM,"""2MB""",2026-08-14T07:54:09+00:00,manufacturer_product_page
device,hpmicro::hpm6750ivm,电源输入（V）,hpmicro:selector:hpm6700,https://www.hpmicro.com/product-center/microcontroller/hpm6700/6700-6400-selection-table,selection column:电源输入（V）,"""3~3.6V""",2026-08-14T07:54:09+00:00,manufacturer_product_page
device,hpmicro::hpm6750ivm,图形编解码器,hpmicro:selector:hpm6700,https://www.hpmicro.com/product-center/microcontroller/hpm6700/6700-6400-selection-table,selection column:图形编解码器,"""JPEG编解码器""",2026-08-14T07:54:09+00:00,manufacturer_product_page
device,hpmicro::hpm6750ivm,图形加速,hpmicro:selector:hpm6700,https://www.hpmicro.com/product-center/microcontroller/hpm6700/6700-6400-selection-table,selection column:图形加速,"""支持""",2026-08-14T07:54:09+00:00,manufacturer_product_page
device,hpmicro::hpm6750ivm,LCD,hpmicro:selector:hpm6700,https://www.hpmicro.com/product-center/microcontroller/hpm6700/6700-6400-selection-table,selection column:LCD,"""16位（RGB565）,24位（RGB888）""",2026-08-14T07:54:09+00:00,manufacturer_product_page
device,hpmicro::hpm6750ivm,摄像头接口（DVP）,hpmicro:selector:hpm6700,https://www.hpmicro.com/product-center/microcontroller/hpm6700/6700-6400-selection-table,selection column:摄像头接口（DVP）,"""2×8bit 80 MHz摄像头接口""",2026-08-14T07:54:09+00:00,manufacturer_product_page
device,hpmicro::hpm6750ivm,I²S,hpmicro:selector:hpm6700,https://www.hpmicro.com/product-center/microcontroller/hpm6700/6700-6400-selection-table,selection column:I²S,"""4""",2026-08-14T07:54:09+00:00,manufacturer_product_page
device,hpmicro::hpm6750ivm,数字音频输出,hpmicro:selector:hpm6700,https://www.hpmicro.com/product-center/microcontroller/hpm6700/6700-6400-selection-table,selection column:数字音频输出,"""1""",2026-08-14T07:54:09+00:00,manufacturer_product_page
device,hpmicro::hpm6750ivm,DDR,hpmicro:selector:hpm6700,https://www.hpmicro.com/product-center/microcontroller/hpm6700/6700-6400-selection-table,selection column:DDR,"""/""",2026-08-14T07:54:09+00:00,manufacturer_product_page
device,hpmicro::hpm6750ivm,SDRAM,hpmicro:selector:hpm6700,https://www.hpmicro.com/product-center/microcontroller/hpm6700/6700-6400-selection-table,selection column:SDRAM,"""32bit""",2026-08-14T07:54:09+00:00,manufacturer_product_page
device,hpmicro::hpm6750ivm,SD/eMMC （*63系列无eMMC）,hpmicro:selector:hpm6700,https://www.hpmicro.com/product-center/microcontroller/hpm6700/6700-6400-selection-table,selection column:SD/eMMC （*63系列无eMMC）,"""2""",2026-08-14T07:54:09+00:00,manufacturer_product_page
device,hpmicro::hpm6750ivm,XPI,hpmicro:selector:hpm6700,https://www.hpmicro.com/product-center/microcontroller/hpm6700/6700-6400-selection-table,selection column:XPI,"""2""",2026-08-14T07:54:09+00:00,manufacturer_product_page
device,hpmicro::hpm6750ivm,以太网,hpmicro:selector:hpm6700,https://www.hpmicro.com/product-center/microcontroller/hpm6700/6700-6400-selection-table,selection column:以太网,"""2x1000/100/10 Mbps以太网""",2026-08-14T07:54:09+00:00,manufacturer_product_page
device,hpmicro::hpm6750ivm,CAN,hpmicro:selector:hpm6700,https://www.hpmicro.com/product-center/microcontroller/hpm6700/6700-6400-selection-table,selection column:CAN,"""CAN FD""",2026-08-14T07:54:09+00:00,manufacturer_product_page
device,hpmicro::hpm6750ivm,USB,hpmicro:selector:hpm6700,https://www.hpmicro.com/product-center/microcontroller/hpm6700/6700-6400-selection-table,selection column:USB,"""USB HS w/ PHY ×2""",2026-08-14T07:54:09+00:00,manufacturer_product_page
device,hpmicro::hpm6750ivm,SPI,hpmicro:selector:hpm6700,https://www.hpmicro.com/product-center/microcontroller/hpm6700/6700-6400-selection-table,selection column:SPI,"""4""",2026-08-14T07:54:09+00:00,manufacturer_product_page
device,hpmicro::hpm6750ivm,I²C,hpmicro:selector:hpm6700,https://www.hpmicro.com/product-center/microcontroller/hpm6700/6700-6400-selection-table,selection column:I²C,"""4""",2026-08-14T07:54:09+00:00,manufacturer_product_page
device,hpmicro::hpm6750ivm,UART,hpmicro:selector:hpm6700,https://www.hpmicro.com/product-center/microcontroller/hpm6700/6700-6400-selection-table,selection column:UART,"""17""",2026-08-14T07:54:09+00:00,manufacturer_product_page
device,hpmicro::hpm6750ivm,Crypto 安全算法,hpmicro:selector:hpm6700,https://www.hpmicro.com/product-center/microcontroller/hpm6700/6700-6400-selection-table,selection column:Crypto 安全算法,"""AES128/256, SHA-1/256""",2026-08-14T07:54:09+00:00,manufacturer_product_page
device,hpmicro::hpm6750ivm,PDM数字麦克风,hpmicro:selector:hpm6700,https://www.hpmicro.com/product-center/microcontroller/hpm6700/6700-6400-selection-table,selection column:PDM数字麦克风,"""8通道""",2026-08-14T07:54:09+00:00,manufacturer_product_page
device,hpmicro::hpm6750ivm,安全特性,hpmicro:selector:hpm6700,https://www.hpmicro.com/product-center/microcontroller/hpm6700/6700-6400-selection-table,selection column:安全特性,"""安全启动，芯片生命周期管理，加密固件升级""",2026-08-14T07:54:09+00:00,manufacturer_product_page
device,hpmicro::hpm6750ivm,功能安全,hpmicro:selector:hpm6700,https://www.hpmicro.com/product-center/microcontroller/hpm6700/6700-6400-selection-table,selection column:功能安全,"""/""",2026-08-14T07:54:09+00:00,manufacturer_product_page
device,hpmicro::hpm6750ivm,电机控制,hpmicro:selector:hpm6700,https://www.hpmicro.com/product-center/microcontroller/hpm6700/6700-6400-selection-table,selection column:电机控制,"""4×8通道PWM，4x 正交编码器接口QEI，4 x 霍尔传感器接口HALL""",2026-08-14T07:54:09+00:00,manufacturer_product_page
device,hpmicro::hpm6750ivm,RTC,hpmicro:selector:hpm6700,https://www.hpmicro.com/product-center/microcontroller/hpm6700/6700-6400-selection-table,selection column:RTC,"""1""",2026-08-14T07:54:09+00:00,manufacturer_product_page
device,hpmicro::hpm6750ivm,GPTimer,hpmicro:selector:hpm6700,https://www.hpmicro.com/product-center/microcontroller/hpm6700/6700-6400-selection-table,selection column:GPTimer,"""9×32 位""",2026-08-14T07:54:09+00:00,manufacturer_product_page
device,hpmicro::hpm6750ivm,WDG,hpmicro:selector:hpm6700,https://www.hpmicro.com/product-center/microcontroller/hpm6700/6700-6400-selection-table,selection column:WDG,"""5""",2026-08-14T07:54:09+00:00,manufacturer_product_page
device,hpmicro::hpm6750ivm,ADC 12bit,hpmicro:selector:hpm6700,https://www.hpmicro.com/product-center/microcontroller/hpm6700/6700-6400-selection-table,selection column:ADC 12bit,"""3""",2026-08-14T07:54:09+00:00,manufacturer_product_page
device,hpmicro::hpm6750ivm,ADC 16bit,hpmicro:selector:hpm6700,https://www.hpmicro.com/product-center/microcontroller/hpm6700/6700-6400-selection-table,selection column:ADC 16bit,"""1""",2026-08-14T07:54:09+00:00,manufacturer_product_page
device,hpmicro::hpm6750ivm,DAC 12bit,hpmicro:selector:hpm6700,https://www.hpmicro.com/product-center/microcontroller/hpm6700/6700-6400-selection-table,selection column:DAC 12bit,"""0""",2026-08-14T07:54:09+00:00,manufacturer_product_page
device,hpmicro::hpm6750ivm,比较器,hpmicro:selector:hpm6700,https://www.hpmicro.com/product-center/microcontroller/hpm6700/6700-6400-selection-table,selection column:比较器,"""4""",2026-08-14T07:54:09+00:00,manufacturer_product_page
device,hpmicro::hpm6750ivm,运算放大器,hpmicro:selector:hpm6700,https://www.hpmicro.com/product-center/microcontroller/hpm6700/6700-6400-selection-table,selection column:运算放大器,"""/""",2026-08-14T07:54:09+00:00,manufacturer_product_page
device,hpmicro::hpm6750ivm,封装形式,hpmicro:selector:hpm6700,https://www.hpmicro.com/product-center/microcontroller/hpm6700/6700-6400-selection-table,selection column:封装形式,"""14×14 289BGA 0.8P""",2026-08-14T07:54:09+00:00,manufacturer_product_page
device,hpmicro::hpm6750ivm,产品厚度（mm),hpmicro:selector:hpm6700,https://www.hpmicro.com/product-center/microcontroller/hpm6700/6700-6400-selection-table,selection column:产品厚度（mm),"""1.18""",2026-08-14T07:54:09+00:00,manufacturer_product_page
device,hpmicro::hpm6750ivm,脚间距（mm),hpmicro:selector:hpm6700,https://www.hpmicro.com/product-center/microcontroller/hpm6700/6700-6400-selection-table,selection column:脚间距（mm),"""0.8""",2026-08-14T07:54:09+00:00,manufacturer_product_page
device,hpmicro::hpm6750ivm,包装方式,hpmicro:selector:hpm6700,https://www.hpmicro.com/product-center/microcontroller/hpm6700/6700-6400-selection-table,selection column:包装方式,"""Tray 盘""",2026-08-14T07:54:09+00:00,manufacturer_product_page
device,hpmicro::hpm6750ivm,MPQ,hpmicro:selector:hpm6700,https://www.hpmicro.com/product-center/microcontroller/hpm6700/6700-6400-selection-table,selection column:MPQ,"""119""",2026-08-14T07:54:09+00:00,manufacturer_product_page
device,hpmicro::hpm6750ivm,MOQ,hpmicro:selector:hpm6700,https://www.hpmicro.com/product-center/microcontroller/hpm6700/6700-6400-selection-table,selection column:MOQ,"""/""",2026-08-14T07:54:09+00:00,manufacturer_product_page
device,hpmicro::hpm6750ivm,温度范围,hpmicro:selector:hpm6700,https://www.hpmicro.com/product-center/microcontroller/hpm6700/6700-6400-selection-table,selection column:温度范围,"""- 40 ~105°C Ta""",2026-08-14T07:54:09+00:00,manufacturer_product_page
device,hpmicro::hpm6750ivm,型号,hpmicro:selector:hpm6700,https://www.hpmicro.com/product-center/microcontroller/hpm6700/6700-6400-selection-table,selection column:型号,"""HPM6750IVM""",2026-08-14T07:54:09+00:00,manufacturer_product_page
device,hpmicro::hpm6750ian,内核类型,hpmicro:selector:hpm6700,https://www.hpmicro.com/product-center/microcontroller/hpm6700/6700-6400-selection-table,selection column:内核类型,"""双核 32 位 RISC-V 处理器""",2026-08-14T07:54:09+00:00,manufacturer_product_page
device,hpmicro::hpm6750ian,最高主频（MHz）,hpmicro:selector:hpm6700,https://www.hpmicro.com/product-center/microcontroller/hpm6700/6700-6400-selection-table,selection column:最高主频（MHz）,"""816""",2026-08-14T07:54:09+00:00,manufacturer_product_page
device,hpmicro::hpm6750ian,Flash (MB),hpmicro:selector:hpm6700,https://www.hpmicro.com/product-center/microcontroller/hpm6700/6700-6400-selection-table,selection column:Flash (MB),"""0""",2026-08-14T07:54:09+00:00,manufacturer_product_page
device,hpmicro::hpm6750ian,SRAM,hpmicro:selector:hpm6700,https://www.hpmicro.com/product-center/microcontroller/hpm6700/6700-6400-selection-table,selection column:SRAM,"""2MB""",2026-08-14T07:54:09+00:00,manufacturer_product_page
device,hpmicro::hpm6750ian,电源输入（V）,hpmicro:selector:hpm6700,https://www.hpmicro.com/product-center/microcontroller/hpm6700/6700-6400-selection-table,selection column:电源输入（V）,"""3~3.6V""",2026-08-14T07:54:09+00:00,manufacturer_product_page
device,hpmicro::hpm6750ian,图形编解码器,hpmicro:selector:hpm6700,https://www.hpmicro.com/product-center/microcontroller/hpm6700/6700-6400-selection-table,selection column:图形编解码器,"""JPEG编解码器""",2026-08-14T07:54:09+00:00,manufacturer_product_page
device,hpmicro::hpm6750ian,图形加速,hpmicro:selector:hpm6700,https://www.hpmicro.com/product-center/microcontroller/hpm6700/6700-6400-selection-table,selection column:图形加速,"""支持""",2026-08-14T07:54:09+00:00,manufacturer_product_page
device,hpmicro::hpm6750ian,LCD,hpmicro:selector:hpm6700,https://www.hpmicro.com/product-center/microcontroller/hpm6700/6700-6400-selection-table,selection column:LCD,"""16位（RGB565）,24位（RGB888）""",2026-08-14T07:54:09+00:00,manufacturer_product_page
device,hpmicro::hpm6750ian,摄像头接口（DVP）,hpmicro:selector:hpm6700,https://www.hpmicro.com/product-center/microcontroller/hpm6700/6700-6400-selection-table,selection column:摄像头接口（DVP）,"""2×8bit 80 MHz摄像头接口""",2026-08-14T07:54:09+00:00,manufacturer_product_page
device,hpmicro::hpm6750ian,I²S,hpmicro:selector:hpm6700,https://www.hpmicro.com/product-center/microcontroller/hpm6700/6700-6400-selection-table,selection column:I²S,"""4""",2026-08-14T07:54:09+00:00,manufacturer_product_page
device,hpmicro::hpm6750ian,数字音频输出,hpmicro:selector:hpm6700,https://www.hpmicro.com/product-center/microcontroller/hpm6700/6700-6400-selection-table,selection column:数字音频输出,"""1""",2026-08-14T07:54:09+00:00,manufacturer_product_page
device,hpmicro::hpm6750ian,DDR,hpmicro:selector:hpm6700,https://www.hpmicro.com/product-center/microcontroller/hpm6700/6700-6400-selection-table,selection column:DDR,"""/""",2026-08-14T07:54:09+00:00,manufacturer_product_page
device,hpmicro::hpm6750ian,SDRAM,hpmicro:selector:hpm6700,https://www.hpmicro.com/product-center/microcontroller/hpm6700/6700-6400-selection-table,selection column:SDRAM,"""16bit""",2026-08-14T07:54:09+00:00,manufacturer_product_page
device,hpmicro::hpm6750ian,SD/eMMC （*63系列无eMMC）,hpmicro:selector:hpm6700,https://www.hpmicro.com/product-center/microcontroller/hpm6700/6700-6400-selection-table,selection column:SD/eMMC （*63系列无eMMC）,"""2""",2026-08-14T07:54:09+00:00,manufacturer_product_page
device,hpmicro::hpm6750ian,XPI,hpmicro:selector:hpm6700,https://www.hpmicro.com/product-center/microcontroller/hpm6700/6700-6400-selection-table,selection column:XPI,"""2""",2026-08-14T07:54:09+00:00,manufacturer_product_page
device,hpmicro::hpm6750ian,以太网,hpmicro:selector:hpm6700,https://www.hpmicro.com/product-center/microcontroller/hpm6700/6700-6400-selection-table,selection column:以太网,"""1x1000/100/10Mbps 以太网 + 1x100/10Mbps 以太网""",2026-08-14T07:54:09+00:00,manufacturer_product_page
device,hpmicro::hpm6750ian,CAN,hpmicro:selector:hpm6700,https://www.hpmicro.com/product-center/microcontroller/hpm6700/6700-6400-selection-table,selection column:CAN,"""CAN FD""",2026-08-14T07:54:09+00:00,manufacturer_product_page
device,hpmicro::hpm6750ian,USB,hpmicro:selector:hpm6700,https://www.hpmicro.com/product-center/microcontroller/hpm6700/6700-6400-selection-table,selection column:USB,"""USB HS w/ PHY ×2""",2026-08-14T07:54:09+00:00,manufacturer_product_page
device,hpmicro::hpm6750ian,SPI,hpmicro:selector:hpm6700,https://www.hpmicro.com/product-center/microcontroller/hpm6700/6700-6400-selection-table,selection column:SPI,"""4""",2026-08-14T07:54:09+00:00,manufacturer_product_page
device,hpmicro::hpm6750ian,I²C,hpmicro:selector:hpm6700,https://www.hpmicro.com/product-center/microcontroller/hpm6700/6700-6400-selection-table,selection column:I²C,"""4""",2026-08-14T07:54:09+00:00,manufacturer_product_page
device,hpmicro::hpm6750ian,UART,hpmicro:selector:hpm6700,https://www.hpmicro.com/product-center/microcontroller/hpm6700/6700-6400-selection-table,selection column:UART,"""17""",2026-08-14T07:54:09+00:00,manufacturer_product_page
device,hpmicro::hpm6750ian,Crypto 安全算法,hpmicro:selector:hpm6700,https://www.hpmicro.com/product-center/microcontroller/hpm6700/6700-6400-selection-table,selection column:Crypto 安全算法,"""AES128/256, SHA-1/256""",2026-08-14T07:54:09+00:00,manufacturer_product_page
device,hpmicro::hpm6750ian,PDM数字麦克风,hpmicro:selector:hpm6700,https://www.hpmicro.com/product-center/microcontroller/hpm6700/6700-6400-selection-table,selection column:PDM数字麦克风,"""8通道""",2026-08-14T07:54:09+00:00,manufacturer_product_page
device,hpmicro::hpm6750ian,安全特性,hpmicro:selector:hpm6700,https://www.hpmicro.com/product-center/microcontroller/hpm6700/6700-6400-selection-table,selection column:安全特性,"""安全启动，芯片生命周期管理，加密固件升级""",2026-08-14T07:54:09+00:00,manufacturer_product_page
device,hpmicro::hpm6750ian,功能安全,hpmicro:selector:hpm6700,https://www.hpmicro.com/product-center/microcontroller/hpm6700/6700-6400-selection-table,selection column:功能安全,"""/""",2026-08-14T07:54:09+00:00,manufacturer_product_page
device,hpmicro::hpm6750ian,电机控制,hpmicro:selector:hpm6700,https://www.hpmicro.com/product-center/microcontroller/hpm6700/6700-6400-selection-table,selection column:电机控制,"""4×8通道PWM，4x 正交编码器接口QEI，4 x 霍尔传感器接口HALL""",2026-08-14T07:54:09+00:00,manufacturer_product_page
device,hpmicro::hpm6750ian,RTC,hpmicro:selector:hpm6700,https://www.hpmicro.com/product-center/microcontroller/hpm6700/6700-6400-selection-table,selection column:RTC,"""1""",2026-08-14T07:54:09+00:00,manufacturer_product_page
device,hpmicro::hpm6750ian,GPTimer,hpmicro:selector:hpm6700,https://www.hpmicro.com/product-center/microcontroller/hpm6700/6700-6400-selection-table,selection column:GPTimer,"""9×32 位""",2026-08-14T07:54:09+00:00,manufacturer_product_page
device,hpmicro::hpm6750ian,WDG,hpmicro:selector:hpm6700,https://www.hpmicro.com/product-center/microcontroller/hpm6700/6700-6400-selection-table,selection column:WDG,"""5""",2026-08-14T07:54:09+00:00,manufacturer_product_page
device,hpmicro::hpm6750ian,ADC 12bit,hpmicro:selector:hpm6700,https://www.hpmicro.com/product-center/microcontroller/hpm6700/6700-6400-selection-table,selection column:ADC 12bit,"""3""",2026-08-14T07:54:09+00:00,manufacturer_product_page
device,hpmicro::hpm6750ian,ADC 16bit,hpmicro:selector:hpm6700,https://www.hpmicro.com/product-center/microcontroller/hpm6700/6700-6400-selection-table,selection column:ADC 16bit,"""1""",2026-08-14T07:54:09+00:00,manufacturer_product_page
device,hpmicro::hpm6750ian,DAC 12bit,hpmicro:selector:hpm6700,https://www.hpmicro.com/product-center/microcontroller/hpm6700/6700-6400-selection-table,selection column:DAC 12bit,"""0""",2026-08-14T07:54:09+00:00,manufacturer_product_page
device,hpmicro::hpm6750ian,比较器,hpmicro:selector:hpm6700,https://www.hpmicro.com/product-center/microcontroller/hpm6700/6700-6400-selection-table,selection column:比较器,"""4""",2026-08-14T07:54:09+00:00,manufacturer_product_page
device,hpmicro::hpm6750ian,运算放大器,hpmicro:selector:hpm6700,https://www.hpmicro.com/product-center/microcontroller/hpm6700/6700-6400-selection-table,selection column:运算放大器,"""/""",2026-08-14T07:54:09+00:00,manufacturer_product_page
device,hpmicro::hpm6750ian,封装形式,hpmicro:selector:hpm6700,https://www.hpmicro.com/product-center/microcontroller/hpm6700/6700-6400-selection-table,selection column:封装形式,"""10×10 196BGA 0.65P""",2026-08-14T07:54:09+00:00,manufacturer_product_page
device,hpmicro::hpm6750ian,产品厚度（mm),hpmicro:selector:hpm6700,https://www.hpmicro.com/product-center/microcontroller/hpm6700/6700-6400-selection-table,selection column:产品厚度（mm),"""1.17""",2026-08-14T07:54:09+00:00,manufacturer_product_page
device,hpmicro::hpm6750ian,脚间距（mm),hpmicro:selector:hpm6700,https://www.hpmicro.com/product-center/microcontroller/hpm6700/6700-6400-selection-table,selection column:脚间距（mm),"""0.65""",2026-08-14T07:54:09+00:00,manufacturer_product_page
device,hpmicro::hpm6750ian,包装方式,hpmicro:selector:hpm6700,https://www.hpmicro.com/product-center/microcontroller/hpm6700/6700-6400-selection-table,selection column:包装方式,"""Tray 盘""",2026-08-14T07:54:09+00:00,manufacturer_product_page
device,hpmicro::hpm6750ian,MPQ,hpmicro:selector:hpm6700,https://www.hpmicro.com/product-center/microcontroller/hpm6700/6700-6400-selection-table,selection column:MPQ,"""240""",2026-08-14T07:54:09+00:00,manufacturer_product_page
device,hpmicro::hpm6750ian,MOQ,hpmicro:selector:hpm6700,https://www.hpmicro.com/product-center/microcontroller/hpm6700/6700-6400-selection-table,selection column:MOQ,"""/""",2026-08-14T07:54:09+00:00,manufacturer_product_page
device,hpmicro::hpm6750ian,温度范围,hpmicro:selector:hpm6700,https://www.hpmicro.com/product-center/microcontroller/hpm6700/6700-6400-selection-table,selection column:温度范围,"""- 40 ~105°C Ta""",2026-08-14T07:54:09+00:00,manufacturer_product_page
device,hpmicro::hpm6750ian,型号,hpmicro:selector:hpm6700,https://www.hpmicro.com/product-center/microcontroller/hpm6700/6700-6400-selection-table,selection column:型号,"""HPM6750IAN""",2026-08-14T07:54:09+00:00,manufacturer_product_page
device,hpmicro::hpm6730ivm,内核类型,hpmicro:selector:hpm6700,https://www.hpmicro.com/product-center/microcontroller/hpm6700/6700-6400-selection-table,selection column:内核类型,"""双核 32 位 RISC-V 处理器""",2026-08-14T07:54:09+00:00,manufacturer_product_page
device,hpmicro::hpm6730ivm,最高主频（MHz）,hpmicro:selector:hpm6700,https://www.hpmicro.com/product-center/microcontroller/hpm6700/6700-6400-selection-table,selection column:最高主频（MHz）,"""816""",2026-08-14T07:54:09+00:00,manufacturer_product_page
device,hpmicro::hpm6730ivm,Flash (MB),hpmicro:selector:hpm6700,https://www.hpmicro.com/product-center/microcontroller/hpm6700/6700-6400-selection-table,selection column:Flash (MB),"""0""",2026-08-14T07:54:09+00:00,manufacturer_product_page
device,hpmicro::hpm6730ivm,SRAM,hpmicro:selector:hpm6700,https://www.hpmicro.com/product-center/microcontroller/hpm6700/6700-6400-selection-table,selection column:SRAM,"""2MB""",2026-08-14T07:54:09+00:00,manufacturer_product_page
device,hpmicro::hpm6730ivm,电源输入（V）,hpmicro:selector:hpm6700,https://www.hpmicro.com/product-center/microcontroller/hpm6700/6700-6400-selection-table,selection column:电源输入（V）,"""3~3.6V""",2026-08-14T07:54:09+00:00,manufacturer_product_page
device,hpmicro::hpm6730ivm,图形编解码器,hpmicro:selector:hpm6700,https://www.hpmicro.com/product-center/microcontroller/hpm6700/6700-6400-selection-table,selection column:图形编解码器,"""JPEG编解码器""",2026-08-14T07:54:09+00:00,manufacturer_product_page
device,hpmicro::hpm6730ivm,图形加速,hpmicro:selector:hpm6700,https://www.hpmicro.com/product-center/microcontroller/hpm6700/6700-6400-selection-table,selection column:图形加速,"""支持""",2026-08-14T07:54:09+00:00,manufacturer_product_page
device,hpmicro::hpm6730ivm,LCD,hpmicro:selector:hpm6700,https://www.hpmicro.com/product-center/microcontroller/hpm6700/6700-6400-selection-table,selection column:LCD,"""16位（RGB565）,24位（RGB888）""",2026-08-14T07:54:09+00:00,manufacturer_product_page
device,hpmicro::hpm6730ivm,摄像头接口（DVP）,hpmicro:selector:hpm6700,https://www.hpmicro.com/product-center/microcontroller/hpm6700/6700-6400-selection-table,selection column:摄像头接口（DVP）,"""2×8bit 80 MHz摄像头接口""",2026-08-14T07:54:09+00:00,manufacturer_product_page
device,hpmicro::hpm6730ivm,I²S,hpmicro:selector:hpm6700,https://www.hpmicro.com/product-center/microcontroller/hpm6700/6700-6400-selection-table,selection column:I²S,"""4""",2026-08-14T07:54:09+00:00,manufacturer_product_page
device,hpmicro::hpm6730ivm,数字音频输出,hpmicro:selector:hpm6700,https://www.hpmicro.com/product-center/microcontroller/hpm6700/6700-6400-selection-table,selection column:数字音频输出,"""1""",2026-08-14T07:54:09+00:00,manufacturer_product_page
device,hpmicro::hpm6730ivm,DDR,hpmicro:selector:hpm6700,https://www.hpmicro.com/product-center/microcontroller/hpm6700/6700-6400-selection-table,selection column:DDR,"""/""",2026-08-14T07:54:09+00:00,manufacturer_product_page
device,hpmicro::hpm6730ivm,SDRAM,hpmicro:selector:hpm6700,https://www.hpmicro.com/product-center/microcontroller/hpm6700/6700-6400-selection-table,selection column:SDRAM,"""32bit""",2026-08-14T07:54:09+00:00,manufacturer_product_page
device,hpmicro::hpm6730ivm,SD/eMMC （*63系列无eMMC）,hpmicro:selector:hpm6700,https://www.hpmicro.com/product-center/microcontroller/hpm6700/6700-6400-selection-table,selection column:SD/eMMC （*63系列无eMMC）,"""2""",2026-08-14T07:54:09+00:00,manufacturer_product_page
device,hpmicro::hpm6730ivm,XPI,hpmicro:selector:hpm6700,https://www.hpmicro.com/product-center/microcontroller/hpm6700/6700-6400-selection-table,selection column:XPI,"""2""",2026-08-14T07:54:09+00:00,manufacturer_product_page
device,hpmicro::hpm6730ivm,以太网,hpmicro:selector:hpm6700,https://www.hpmicro.com/product-center/microcontroller/hpm6700/6700-6400-selection-table,selection column:以太网,"""2x1000/100/10 Mbps以太网""",2026-08-14T07:54:09+00:00,manufacturer_product_page
device,hpmicro::hpm6730ivm,CAN,hpmicro:selector:hpm6700,https://www.hpmicro.com/product-center/microcontroller/hpm6700/6700-6400-selection-table,selection column:CAN,"""CAN""",2026-08-14T07:54:09+00:00,manufacturer_product_page
device,hpmicro::hpm6730ivm,USB,hpmicro:selector:hpm6700,https://www.hpmicro.com/product-center/microcontroller/hpm6700/6700-6400-selection-table,selection column:USB,"""USB HS w/ PHY ×2""",2026-08-14T07:54:09+00:00,manufacturer_product_page
device,hpmicro::hpm6730ivm,SPI,hpmicro:selector:hpm6700,https://www.hpmicro.com/product-center/microcontroller/hpm6700/6700-6400-selection-table,selection column:SPI,"""4""",2026-08-14T07:54:09+00:00,manufacturer_product_page
device,hpmicro::hpm6730ivm,I²C,hpmicro:selector:hpm6700,https://www.hpmicro.com/product-center/microcontroller/hpm6700/6700-6400-selection-table,selection column:I²C,"""4""",2026-08-14T07:54:09+00:00,manufacturer_product_page
device,hpmicro::hpm6730ivm,UART,hpmicro:selector:hpm6700,https://www.hpmicro.com/product-center/microcontroller/hpm6700/6700-6400-selection-table,selection column:UART,"""17""",2026-08-14T07:54:09+00:00,manufacturer_product_page
device,hpmicro::hpm6730ivm,Crypto 安全算法,hpmicro:selector:hpm6700,https://www.hpmicro.com/product-center/microcontroller/hpm6700/6700-6400-selection-table,selection column:Crypto 安全算法,"""AES128/256, SHA-1/256""",2026-08-14T07:54:09+00:00,manufacturer_product_page
device,hpmicro::hpm6730ivm,PDM数字麦克风,hpmicro:selector:hpm6700,https://www.hpmicro.com/product-center/microcontroller/hpm6700/6700-6400-selection-table,selection column:PDM数字麦克风,"""8通道""",2026-08-14T07:54:09+00:00,manufacturer_product_page
device,hpmicro::hpm6730ivm,安全特性,hpmicro:selector:hpm6700,https://www.hpmicro.com/product-center/microcontroller/hpm6700/6700-6400-selection-table,selection column:安全特性,"""安全启动，芯片生命周期管理，加密固件升级""",2026-08-14T07:54:09+00:00,manufacturer_product_page
device,hpmicro::hpm6730ivm,功能安全,hpmicro:selector:hpm6700,https://www.hpmicro.com/product-center/microcontroller/hpm6700/6700-6400-selection-table,selection column:功能安全,"""/""",2026-08-14T07:54:09+00:00,manufacturer_product_page
device,hpmicro::hpm6730ivm,电机控制,hpmicro:selector:hpm6700,https://www.hpmicro.com/product-center/microcontroller/hpm6700/6700-6400-selection-table,selection column:电机控制,"""4×8通道PWM，4x 正交编码器接口QEI，4 x 霍尔传感器接口HALL""",2026-08-14T07:54:09+00:00,manufacturer_product_page
device,hpmicro::hpm6730ivm,RTC,hpmicro:selector:hpm6700,https://www.hpmicro.com/product-center/microcontroller/hpm6700/6700-6400-selection-table,selection column:RTC,"""1""",2026-08-14T07:54:09+00:00,manufacturer_product_page
device,hpmicro::hpm6730ivm,GPTimer,hpmicro:selector:hpm6700,https://www.hpmicro.com/product-center/microcontroller/hpm6700/6700-6400-selection-table,selection column:GPTimer,"""9×32 位""",2026-08-14T07:54:09+00:00,manufacturer_product_page
device,hpmicro::hpm6730ivm,WDG,hpmicro:selector:hpm6700,https://www.hpmicro.com/product-center/microcontroller/hpm6700/6700-6400-selection-table,selection column:WDG,"""5""",2026-08-14T07:54:09+00:00,manufacturer_product_page
device,hpmicro::hpm6730ivm,ADC 12bit,hpmicro:selector:hpm6700,https://www.hpmicro.com/product-center/microcontroller/hpm6700/6700-6400-selection-table,selection column:ADC 12bit,"""3""",2026-08-14T07:54:09+00:00,manufacturer_product_page
device,hpmicro::hpm6730ivm,ADC 16bit,hpmicro:selector:hpm6700,https://www.hpmicro.com/product-center/microcontroller/hpm6700/6700-6400-selection-table,selection column:ADC 16bit,"""1""",2026-08-14T07:54:09+00:00,manufacturer_product_page
device,hpmicro::hpm6730ivm,DAC 12bit,hpmicro:selector:hpm6700,https://www.hpmicro.com/product-center/microcontroller/hpm6700/6700-6400-selection-table,selection column:DAC 12bit,"""0""",2026-08-14T07:54:09+00:00,manufacturer_product_page
device,hpmicro::hpm6730ivm,比较器,hpmicro:selector:hpm6700,https://www.hpmicro.com/product-center/microcontroller/hpm6700/6700-6400-selection-table,selection column:比较器,"""4""",2026-08-14T07:54:09+00:00,manufacturer_product_page
device,hpmicro::hpm6730ivm,运算放大器,hpmicro:selector:hpm6700,https://www.hpmicro.com/product-center/microcontroller/hpm6700/6700-6400-selection-table,selection column:运算放大器,"""/""",2026-08-14T07:54:09+00:00,manufacturer_product_page
device,hpmicro::hpm6730ivm,封装形式,hpmicro:selector:hpm6700,https://www.hpmicro.com/product-center/microcontroller/hpm6700/6700-6400-selection-table,selection column:封装形式,"""14×14 289BGA 0.8P""",2026-08-14T07:54:09+00:00,manufacturer_product_page
device,hpmicro::hpm6730ivm,产品厚度（mm),hpmicro:selector:hpm6700,https://www.hpmicro.com/product-center/microcontroller/hpm6700/6700-6400-selection-table,selection column:产品厚度（mm),"""1.18""",2026-08-14T07:54:09+00:00,manufacturer_product_page
device,hpmicro::hpm6730ivm,脚间距（mm),hpmicro:selector:hpm6700,https://www.hpmicro.com/product-center/microcontroller/hpm6700/6700-6400-selection-table,selection column:脚间距（mm),"""0.8""",2026-08-14T07:54:09+00:00,manufacturer_product_page
device,hpmicro::hpm6730ivm,包装方式,hpmicro:selector:hpm6700,https://www.hpmicro.com/product-center/microcontroller/hpm6700/6700-6400-selection-table,selection column:包装方式,"""Tray 盘""",2026-08-14T07:54:09+00:00,manufacturer_product_page
device,hpmicro::hpm6730ivm,MPQ,hpmicro:selector:hpm6700,https://www.hpmicro.com/product-center/microcontroller/hpm6700/6700-6400-selection-table,selection column:MPQ,"""119""",2026-08-14T07:54:09+00:00,manufacturer_product_page
device,hpmicro::hpm6730ivm,MOQ,hpmicro:selector:hpm6700,https://www.hpmicro.com/product-center/microcontroller/hpm6700/6700-6400-selection-table,selection column:MOQ,"""/""",2026-08-14T07:54:09+00:00,manufacturer_product_page
device,hpmicro::hpm6730ivm,温度范围,hpmicro:selector:hpm6700,https://www.hpmicro.com/product-center/microcontroller/hpm6700/6700-6400-selection-table,selection column:温度范围,"""- 40 ~105°C Ta""",2026-08-14T07:54:09+00:00,manufacturer_product_page
device,hpmicro::hpm6730ivm,型号,hpmicro:selector:hpm6700,https://www.hpmicro.com/product-center/microcontroller/hpm6700/6700-6400-selection-table,selection column:型号,"""HPM6730IVM""",2026-08-14T07:54:09+00:00,manufacturer_product_page
device,hpmicro::hpm6730ian,内核类型,hpmicro:selector:hpm6700,https://www.hpmicro.com/product-center/microcontroller/hpm6700/6700-6400-selection-table,selection column:内核类型,"""双核 32 位 RISC-V 处理器""",2026-08-14T07:54:09+00:00,manufacturer_product_page
device,hpmicro::hpm6730ian,最高主频（MHz）,hpmicro:selector:hpm6700,https://www.hpmicro.com/product-center/microcontroller/hpm6700/6700-6400-selection-table,selection column:最高主频（MHz）,"""816""",2026-08-14T07:54:09+00:00,manufacturer_product_page
device,hpmicro::hpm6730ian,Flash (MB),hpmicro:selector:hpm6700,https://www.hpmicro.com/product-center/microcontroller/hpm6700/6700-6400-selection-table,selection column:Flash (MB),"""0""",2026-08-14T07:54:09+00:00,manufacturer_product_page
device,hpmicro::hpm6730ian,SRAM,hpmicro:selector:hpm6700,https://www.hpmicro.com/product-center/microcontroller/hpm6700/6700-6400-selection-table,selection column:SRAM,"""2MB""",2026-08-14T07:54:09+00:00,manufacturer_product_page
device,hpmicro::hpm6730ian,电源输入（V）,hpmicro:selector:hpm6700,https://www.hpmicro.com/product-center/microcontroller/hpm6700/6700-6400-selection-table,selection column:电源输入（V）,"""3~3.6V""",2026-08-14T07:54:09+00:00,manufacturer_product_page
device,hpmicro::hpm6730ian,图形编解码器,hpmicro:selector:hpm6700,https://www.hpmicro.com/product-center/microcontroller/hpm6700/6700-6400-selection-table,selection column:图形编解码器,"""JPEG编解码器""",2026-08-14T07:54:09+00:00,manufacturer_product_page
device,hpmicro::hpm6730ian,图形加速,hpmicro:selector:hpm6700,https://www.hpmicro.com/product-center/microcontroller/hpm6700/6700-6400-selection-table,selection column:图形加速,"""支持""",2026-08-14T07:54:09+00:00,manufacturer_product_page
device,hpmicro::hpm6730ian,LCD,hpmicro:selector:hpm6700,https://www.hpmicro.com/product-center/microcontroller/hpm6700/6700-6400-selection-table,selection column:LCD,"""16位（RGB565）,24位（RGB888）""",2026-08-14T07:54:09+00:00,manufacturer_product_page
device,hpmicro::hpm6730ian,摄像头接口（DVP）,hpmicro:selector:hpm6700,https://www.hpmicro.com/product-center/microcontroller/hpm6700/6700-6400-selection-table,selection column:摄像头接口（DVP）,"""2×8bit 80 MHz摄像头接口""",2026-08-14T07:54:09+00:00,manufacturer_product_page
device,hpmicro::hpm6730ian,I²S,hpmicro:selector:hpm6700,https://www.hpmicro.com/product-center/microcontroller/hpm6700/6700-6400-selection-table,selection column:I²S,"""4""",2026-08-14T07:54:09+00:00,manufacturer_product_page
device,hpmicro::hpm6730ian,数字音频输出,hpmicro:selector:hpm6700,https://www.hpmicro.com/product-center/microcontroller/hpm6700/6700-6400-selection-table,selection column:数字音频输出,"""1""",2026-08-14T07:54:09+00:00,manufacturer_product_page
device,hpmicro::hpm6730ian,DDR,hpmicro:selector:hpm6700,https://www.hpmicro.com/product-center/microcontroller/hpm6700/6700-6400-selection-table,selection column:DDR,"""/""",2026-08-14T07:54:09+00:00,manufacturer_product_page
device,hpmicro::hpm6730ian,SDRAM,hpmicro:selector:hpm6700,https://www.hpmicro.com/product-center/microcontroller/hpm6700/6700-6400-selection-table,selection column:SDRAM,"""16bit""",2026-08-14T07:54:09+00:00,manufacturer_product_page
device,hpmicro::hpm6730ian,SD/eMMC （*63系列无eMMC）,hpmicro:selector:hpm6700,https://www.hpmicro.com/product-center/microcontroller/hpm6700/6700-6400-selection-table,selection column:SD/eMMC （*63系列无eMMC）,"""2""",2026-08-14T07:54:09+00:00,manufacturer_product_page
device,hpmicro::hpm6730ian,XPI,hpmicro:selector:hpm6700,https://www.hpmicro.com/product-center/microcontroller/hpm6700/6700-6400-selection-table,selection column:XPI,"""2""",2026-08-14T07:54:09+00:00,manufacturer_product_page
device,hpmicro::hpm6730ian,以太网,hpmicro:selector:hpm6700,https://www.hpmicro.com/product-center/microcontroller/hpm6700/6700-6400-selection-table,selection column:以太网,"""1x1000/100/10Mbps 以太网 + 1x100/10Mbps 以太网""",2026-08-14T07:54:09+00:00,manufacturer_product_page
device,hpmicro::hpm6730ian,CAN,hpmicro:selector:hpm6700,https://www.hpmicro.com/product-center/microcontroller/hpm6700/6700-6400-selection-table,selection column:CAN,"""CAN""",2026-08-14T07:54:09+00:00,manufacturer_product_page
device,hpmicro::hpm6730ian,USB,hpmicro:selector:hpm6700,https://www.hpmicro.com/product-center/microcontroller/hpm6700/6700-6400-selection-table,selection column:USB,"""USB HS w/ PHY ×2""",2026-08-14T07:54:09+00:00,manufacturer_product_page
device,hpmicro::hpm6730ian,SPI,hpmicro:selector:hpm6700,https://www.hpmicro.com/product-center/microcontroller/hpm6700/6700-6400-selection-table,selection column:SPI,"""4""",2026-08-14T07:54:09+00:00,manufacturer_product_page
device,hpmicro::hpm6730ian,I²C,hpmicro:selector:hpm6700,https://www.hpmicro.com/product-center/microcontroller/hpm6700/6700-6400-selection-table,selection column:I²C,"""4""",2026-08-14T07:54:09+00:00,manufacturer_product_page
device,hpmicro::hpm6730ian,UART,hpmicro:selector:hpm6700,https://www.hpmicro.com/product-center/microcontroller/hpm6700/6700-6400-selection-table,selection column:UART,"""17""",2026-08-14T07:54:09+00:00,manufacturer_product_page
device,hpmicro::hpm6730ian,Crypto 安全算法,hpmicro:selector:hpm6700,https://www.hpmicro.com/product-center/microcontroller/hpm6700/6700-6400-selection-table,selection column:Crypto 安全算法,"""AES128/256, SHA-1/256""",2026-08-14T07:54:09+00:00,manufacturer_product_page
device,hpmicro::hpm6730ian,PDM数字麦克风,hpmicro:selector:hpm6700,https://www.hpmicro.com/product-center/microcontroller/hpm6700/6700-6400-selection-table,selection column:PDM数字麦克风,"""8通道""",2026-08-14T07:54:09+00:00,manufacturer_product_page
device,hpmicro::hpm6730ian,安全特性,hpmicro:selector:hpm6700,https://www.hpmicro.com/product-center/microcontroller/hpm6700/6700-6400-selection-table,selection column:安全特性,"""安全启动，芯片生命周期管理，加密固件升级""",2026-08-14T07:54:09+00:00,manufacturer_product_page
device,hpmicro::hpm6730ian,功能安全,hpmicro:selector:hpm6700,https://www.hpmicro.com/product-center/microcontroller/hpm6700/6700-6400-selection-table,selection column:功能安全,"""/""",2026-08-14T07:54:09+00:00,manufacturer_product_page
device,hpmicro::hpm6730ian,电机控制,hpmicro:selector:hpm6700,https://www.hpmicro.com/product-center/microcontroller/hpm6700/6700-6400-selection-table,selection column:电机控制,"""4×8通道PWM，4x 正交编码器接口QEI，4 x 霍尔传感器接口HALL""",2026-08-14T07:54:09+00:00,manufacturer_product_page
device,hpmicro::hpm6730ian,RTC,hpmicro:selector:hpm6700,https://www.hpmicro.com/product-center/microcontroller/hpm6700/6700-6400-selection-table,selection column:RTC,"""1""",2026-08-14T07:54:09+00:00,manufacturer_product_page
device,hpmicro::hpm6730ian,GPTimer,hpmicro:selector:hpm6700,https://www.hpmicro.com/product-center/microcontroller/hpm6700/6700-6400-selection-table,selection column:GPTimer,"""9×32 位""",2026-08-14T07:54:09+00:00,manufacturer_product_page
device,hpmicro::hpm6730ian,WDG,hpmicro:selector:hpm6700,https://www.hpmicro.com/product-center/microcontroller/hpm6700/6700-6400-selection-table,selection column:WDG,"""5""",2026-08-14T07:54:09+00:00,manufacturer_product_page
device,hpmicro::hpm6730ian,ADC 12bit,hpmicro:selector:hpm6700,https://www.hpmicro.com/product-center/microcontroller/hpm6700/6700-6400-selection-table,selection column:ADC 12bit,"""3""",2026-08-14T07:54:09+00:00,manufacturer_product_page
device,hpmicro::hpm6730ian,ADC 16bit,hpmicro:selector:hpm6700,https://www.hpmicro.com/product-center/microcontroller/hpm6700/6700-6400-selection-table,selection column:ADC 16bit,"""1""",2026-08-14T07:54:09+00:00,manufacturer_product_page
device,hpmicro::hpm6730ian,DAC 12bit,hpmicro:selector:hpm6700,https://www.hpmicro.com/product-center/microcontroller/hpm6700/6700-6400-selection-table,selection column:DAC 12bit,"""0""",2026-08-14T07:54:09+00:00,manufacturer_product_page
device,hpmicro::hpm6730ian,比较器,hpmicro:selector:hpm6700,https://www.hpmicro.com/product-center/microcontroller/hpm6700/6700-6400-selection-table,selection column:比较器,"""4""",2026-08-14T07:54:09+00:00,manufacturer_product_page
device,hpmicro::hpm6730ian,运算放大器,hpmicro:selector:hpm6700,https://www.hpmicro.com/product-center/microcontroller/hpm6700/6700-6400-selection-table,selection column:运算放大器,"""/""",2026-08-14T07:54:09+00:00,manufacturer_product_page
device,hpmicro::hpm6730ian,封装形式,hpmicro:selector:hpm6700,https://www.hpmicro.com/product-center/microcontroller/hpm6700/6700-6400-selection-table,selection column:封装形式,"""10×10 196BGA 0.65P""",2026-08-14T07:54:09+00:00,manufacturer_product_page
device,hpmicro::hpm6730ian,产品厚度（mm),hpmicro:selector:hpm6700,https://www.hpmicro.com/product-center/microcontroller/hpm6700/6700-6400-selection-table,selection column:产品厚度（mm),"""1.17""",2026-08-14T07:54:09+00:00,manufacturer_product_page
device,hpmicro::hpm6730ian,脚间距（mm),hpmicro:selector:hpm6700,https://www.hpmicro.com/product-center/microcontroller/hpm6700/6700-6400-selection-table,selection column:脚间距（mm),"""0.65""",2026-08-14T07:54:09+00:00,manufacturer_product_page
device,hpmicro::hpm6730ian,包装方式,hpmicro:selector:hpm6700,https://www.hpmicro.com/product-center/microcontroller/hpm6700/6700-6400-selection-table,selection column:包装方式,"""Tray 盘""",2026-08-14T07:54:09+00:00,manufacturer_product_page
device,hpmicro::hpm6730ian,MPQ,hpmicro:selector:hpm6700,https://www.hpmicro.com/product-center/microcontroller/hpm6700/6700-6400-selection-table,selection column:MPQ,"""240""",2026-08-14T07:54:09+00:00,manufacturer_product_page
device,hpmicro::hpm6730ian,MOQ,hpmicro:selector:hpm6700,https://www.hpmicro.com/product-center/microcontroller/hpm6700/6700-6400-selection-table,selection column:MOQ,"""/""",2026-08-14T07:54:09+00:00,manufacturer_product_page
device,hpmicro::hpm6730ian,温度范围,hpmicro:selector:hpm6700,https://www.hpmicro.com/product-center/microcontroller/hpm6700/6700-6400-selection-table,selection column:温度范围,"""- 40 ~105°C Ta""",2026-08-14T07:54:09+00:00,manufacturer_product_page
device,hpmicro::hpm6730ian,型号,hpmicro:selector:hpm6700,https://www.hpmicro.com/product-center/microcontroller/hpm6700/6700-6400-selection-table,selection column:型号,"""HPM6730IAN""",2026-08-14T07:54:09+00:00,manufacturer_product_page
device,hpmicro::hpm6754ivm,内核类型,hpmicro:selector:hpm6700,https://www.hpmicro.com/product-center/microcontroller/hpm6700/6700-6400-selection-table,selection column:内核类型,"""双核 32 位 RISC-V 处理器""",2026-08-14T07:54:09+00:00,manufacturer_product_page
device,hpmicro::hpm6754ivm,最高主频（MHz）,hpmicro:selector:hpm6700,https://www.hpmicro.com/product-center/microcontroller/hpm6700/6700-6400-selection-table,selection column:最高主频（MHz）,"""816""",2026-08-14T07:54:09+00:00,manufacturer_product_page
device,hpmicro::hpm6754ivm,Flash (MB),hpmicro:selector:hpm6700,https://www.hpmicro.com/product-center/microcontroller/hpm6700/6700-6400-selection-table,selection column:Flash (MB),"""4""",2026-08-14T07:54:09+00:00,manufacturer_product_page
device,hpmicro::hpm6754ivm,SRAM,hpmicro:selector:hpm6700,https://www.hpmicro.com/product-center/microcontroller/hpm6700/6700-6400-selection-table,selection column:SRAM,"""2MB""",2026-08-14T07:54:09+00:00,manufacturer_product_page
device,hpmicro::hpm6754ivm,电源输入（V）,hpmicro:selector:hpm6700,https://www.hpmicro.com/product-center/microcontroller/hpm6700/6700-6400-selection-table,selection column:电源输入（V）,"""3~3.6V""",2026-08-14T07:54:09+00:00,manufacturer_product_page
device,hpmicro::hpm6754ivm,图形编解码器,hpmicro:selector:hpm6700,https://www.hpmicro.com/product-center/microcontroller/hpm6700/6700-6400-selection-table,selection column:图形编解码器,"""JPEG编解码器""",2026-08-14T07:54:09+00:00,manufacturer_product_page
device,hpmicro::hpm6754ivm,图形加速,hpmicro:selector:hpm6700,https://www.hpmicro.com/product-center/microcontroller/hpm6700/6700-6400-selection-table,selection column:图形加速,"""支持""",2026-08-14T07:54:09+00:00,manufacturer_product_page
device,hpmicro::hpm6754ivm,LCD,hpmicro:selector:hpm6700,https://www.hpmicro.com/product-center/microcontroller/hpm6700/6700-6400-selection-table,selection column:LCD,"""16位（RGB565）,24位（RGB888）""",2026-08-14T07:54:09+00:00,manufacturer_product_page
device,hpmicro::hpm6754ivm,摄像头接口（DVP）,hpmicro:selector:hpm6700,https://www.hpmicro.com/product-center/microcontroller/hpm6700/6700-6400-selection-table,selection column:摄像头接口（DVP）,"""2×8bit 80 MHz摄像头接口""",2026-08-14T07:54:09+00:00,manufacturer_product_page
device,hpmicro::hpm6754ivm,I²S,hpmicro:selector:hpm6700,https://www.hpmicro.com/product-center/microcontroller/hpm6700/6700-6400-selection-table,selection column:I²S,"""4""",2026-08-14T07:54:09+00:00,manufacturer_product_page
device,hpmicro::hpm6754ivm,数字音频输出,hpmicro:selector:hpm6700,https://www.hpmicro.com/product-center/microcontroller/hpm6700/6700-6400-selection-table,selection column:数字音频输出,"""1""",2026-08-14T07:54:09+00:00,manufacturer_product_page
device,hpmicro::hpm6754ivm,DDR,hpmicro:selector:hpm6700,https://www.hpmicro.com/product-center/microcontroller/hpm6700/6700-6400-selection-table,selection column:DDR,"""/""",2026-08-14T07:54:09+00:00,manufacturer_product_page
device,hpmicro::hpm6754ivm,SDRAM,hpmicro:selector:hpm6700,https://www.hpmicro.com/product-center/microcontroller/hpm6700/6700-6400-selection-table,selection column:SDRAM,"""32bit""",2026-08-14T07:54:09+00:00,manufacturer_product_page
device,hpmicro::hpm6754ivm,SD/eMMC （*63系列无eMMC）,hpmicro:selector:hpm6700,https://www.hpmicro.com/product-center/microcontroller/hpm6700/6700-6400-selection-table,selection column:SD/eMMC （*63系列无eMMC）,"""2""",2026-08-14T07:54:09+00:00,manufacturer_product_page
device,hpmicro::hpm6754ivm,XPI,hpmicro:selector:hpm6700,https://www.hpmicro.com/product-center/microcontroller/hpm6700/6700-6400-selection-table,selection column:XPI,"""2""",2026-08-14T07:54:09+00:00,manufacturer_product_page
device,hpmicro::hpm6754ivm,以太网,hpmicro:selector:hpm6700,https://www.hpmicro.com/product-center/microcontroller/hpm6700/6700-6400-selection-table,selection column:以太网,"""2x1000/100/10 Mbps以太网""",2026-08-14T07:54:09+00:00,manufacturer_product_page
device,hpmicro::hpm6754ivm,CAN,hpmicro:selector:hpm6700,https://www.hpmicro.com/product-center/microcontroller/hpm6700/6700-6400-selection-table,selection column:CAN,"""CAN FD""",2026-08-14T07:54:09+00:00,manufacturer_product_page
device,hpmicro::hpm6754ivm,USB,hpmicro:selector:hpm6700,https://www.hpmicro.com/product-center/microcontroller/hpm6700/6700-6400-selection-table,selection column:USB,"""USB HS w/ PHY ×2""",2026-08-14T07:54:09+00:00,manufacturer_product_page
device,hpmicro::hpm6754ivm,SPI,hpmicro:selector:hpm6700,https://www.hpmicro.com/product-center/microcontroller/hpm6700/6700-6400-selection-table,selection column:SPI,"""4""",2026-08-14T07:54:09+00:00,manufacturer_product_page
device,hpmicro::hpm6754ivm,I²C,hpmicro:selector:hpm6700,https://www.hpmicro.com/product-center/microcontroller/hpm6700/6700-6400-selection-table,selection column:I²C,"""4""",2026-08-14T07:54:09+00:00,manufacturer_product_page
device,hpmicro::hpm6754ivm,UART,hpmicro:selector:hpm6700,https://www.hpmicro.com/product-center/microcontroller/hpm6700/6700-6400-selection-table,selection column:UART,"""17""",2026-08-14T07:54:09+00:00,manufacturer_product_page
device,hpmicro::hpm6754ivm,Crypto 安全算法,hpmicro:selector:hpm6700,https://www.hpmicro.com/product-center/microcontroller/hpm6700/6700-6400-selection-table,selection column:Crypto 安全算法,"""AES128/256, SHA-1/256""",2026-08-14T07:54:09+00:00,manufacturer_product_page
device,hpmicro::hpm6754ivm,PDM数字麦克风,hpmicro:selector:hpm6700,https://www.hpmicro.com/product-center/microcontroller/hpm6700/6700-6400-selection-table,selection column:PDM数字麦克风,"""8通道""",2026-08-14T07:54:09+00:00,manufacturer_product_page
device,hpmicro::hpm6754ivm,安全特性,hpmicro:selector:hpm6700,https://www.hpmicro.com/product-center/microcontroller/hpm6700/6700-6400-selection-table,selection column:安全特性,"""安全启动，芯片生命周期管理，加密固件升级""",2026-08-14T07:54:09+00:00,manufacturer_product_page
device,hpmicro::hpm6754ivm,功能安全,hpmicro:selector:hpm6700,https://www.hpmicro.com/product-center/microcontroller/hpm6700/6700-6400-selection-table,selection column:功能安全,"""/""",2026-08-14T07:54:09+00:00,manufacturer_product_page
device,hpmicro::hpm6754ivm,电机控制,hpmicro:selector:hpm6700,https://www.hpmicro.com/product-center/microcontroller/hpm6700/6700-6400-selection-table,selection column:电机控制,"""4×8通道PWM，4x 正交编码器接口QEI，4 x 霍尔传感器接口HALL""",2026-08-14T07:54:09+00:00,manufacturer_product_page
device,hpmicro::hpm6754ivm,RTC,hpmicro:selector:hpm6700,https://www.hpmicro.com/product-center/microcontroller/hpm6700/6700-6400-selection-table,selection column:RTC,"""1""",2026-08-14T07:54:09+00:00,manufacturer_product_page
device,hpmicro::hpm6754ivm,GPTimer,hpmicro:selector:hpm6700,https://www.hpmicro.com/product-center/microcontroller/hpm6700/6700-6400-selection-table,selection column:GPTimer,"""9×32 位""",2026-08-14T07:54:09+00:00,manufacturer_product_page
device,hpmicro::hpm6754ivm,WDG,hpmicro:selector:hpm6700,https://www.hpmicro.com/product-center/microcontroller/hpm6700/6700-6400-selection-table,selection column:WDG,"""5""",2026-08-14T07:54:09+00:00,manufacturer_product_page
device,hpmicro::hpm6754ivm,ADC 12bit,hpmicro:selector:hpm6700,https://www.hpmicro.com/product-center/microcontroller/hpm6700/6700-6400-selection-table,selection column:ADC 12bit,"""3""",2026-08-14T07:54:09+00:00,manufacturer_product_page
device,hpmicro::hpm6754ivm,ADC 16bit,hpmicro:selector:hpm6700,https://www.hpmicro.com/product-center/microcontroller/hpm6700/6700-6400-selection-table,selection column:ADC 16bit,"""1""",2026-08-14T07:54:09+00:00,manufacturer_product_page
device,hpmicro::hpm6754ivm,DAC 12bit,hpmicro:selector:hpm6700,https://www.hpmicro.com/product-center/microcontroller/hpm6700/6700-6400-selection-table,selection column:DAC 12bit,"""0""",2026-08-14T07:54:09+00:00,manufacturer_product_page
device,hpmicro::hpm6754ivm,比较器,hpmicro:selector:hpm6700,https://www.hpmicro.com/product-center/microcontroller/hpm6700/6700-6400-selection-table,selection column:比较器,"""4""",2026-08-14T07:54:09+00:00,manufacturer_product_page
device,hpmicro::hpm6754ivm,运算放大器,hpmicro:selector:hpm6700,https://www.hpmicro.com/product-center/microcontroller/hpm6700/6700-6400-selection-table,selection column:运算放大器,"""/""",2026-08-14T07:54:09+00:00,manufacturer_product_page
device,hpmicro::hpm6754ivm,封装形式,hpmicro:selector:hpm6700,https://www.hpmicro.com/product-center/microcontroller/hpm6700/6700-6400-selection-table,selection column:封装形式,"""14×14 289BGA 0.8P""",2026-08-14T07:54:09+00:00,manufacturer_product_page
device,hpmicro::hpm6754ivm,产品厚度（mm),hpmicro:selector:hpm6700,https://www.hpmicro.com/product-center/microcontroller/hpm6700/6700-6400-selection-table,selection column:产品厚度（mm),"""1.18""",2026-08-14T07:54:09+00:00,manufacturer_product_page
device,hpmicro::hpm6754ivm,脚间距（mm),hpmicro:selector:hpm6700,https://www.hpmicro.com/product-center/microcontroller/hpm6700/6700-6400-selection-table,selection column:脚间距（mm),"""0.8""",2026-08-14T07:54:09+00:00,manufacturer_product_page
device,hpmicro::hpm6754ivm,包装方式,hpmicro:selector:hpm6700,https://www.hpmicro.com/product-center/microcontroller/hpm6700/6700-6400-selection-table,selection column:包装方式,"""Tray 盘""",2026-08-14T07:54:09+00:00,manufacturer_product_page
device,hpmicro::hpm6754ivm,MPQ,hpmicro:selector:hpm6700,https://www.hpmicro.com/product-center/microcontroller/hpm6700/6700-6400-selection-table,selection column:MPQ,"""119""",2026-08-14T07:54:09+00:00,manufacturer_product_page
device,hpmicro::hpm6754ivm,MOQ,hpmicro:selector:hpm6700,https://www.hpmicro.com/product-center/microcontroller/hpm6700/6700-6400-selection-table,selection column:MOQ,"""/""",2026-08-14T07:54:09+00:00,manufacturer_product_page
device,hpmicro::hpm6754ivm,温度范围,hpmicro:selector:hpm6700,https://www.hpmicro.com/product-center/microcontroller/hpm6700/6700-6400-selection-table,selection column:温度范围,"""- 40 ~105°C Ta""",2026-08-14T07:54:09+00:00,manufacturer_product_page
device,hpmicro::hpm6754ivm,型号,hpmicro:selector:hpm6700,https://www.hpmicro.com/product-center/microcontroller/hpm6700/6700-6400-selection-table,selection column:型号,"""HPM6754IVM""",2026-08-14T07:54:09+00:00,manufacturer_product_page
device,hpmicro::hpm6754ian,内核类型,hpmicro:selector:hpm6700,https://www.hpmicro.com/product-center/microcontroller/hpm6700/6700-6400-selection-table,selection column:内核类型,"""双核 32 位 RISC-V 处理器""",2026-08-14T07:54:09+00:00,manufacturer_product_page
device,hpmicro::hpm6754ian,最高主频（MHz）,hpmicro:selector:hpm6700,https://www.hpmicro.com/product-center/microcontroller/hpm6700/6700-6400-selection-table,selection column:最高主频（MHz）,"""816""",2026-08-14T07:54:09+00:00,manufacturer_product_page
device,hpmicro::hpm6754ian,Flash (MB),hpmicro:selector:hpm6700,https://www.hpmicro.com/product-center/microcontroller/hpm6700/6700-6400-selection-table,selection column:Flash (MB),"""4""",2026-08-14T07:54:09+00:00,manufacturer_product_page
device,hpmicro::hpm6754ian,SRAM,hpmicro:selector:hpm6700,https://www.hpmicro.com/product-center/microcontroller/hpm6700/6700-6400-selection-table,selection column:SRAM,"""2MB""",2026-08-14T07:54:09+00:00,manufacturer_product_page
device,hpmicro::hpm6754ian,电源输入（V）,hpmicro:selector:hpm6700,https://www.hpmicro.com/product-center/microcontroller/hpm6700/6700-6400-selection-table,selection column:电源输入（V）,"""3~3.6V""",2026-08-14T07:54:09+00:00,manufacturer_product_page
device,hpmicro::hpm6754ian,图形编解码器,hpmicro:selector:hpm6700,https://www.hpmicro.com/product-center/microcontroller/hpm6700/6700-6400-selection-table,selection column:图形编解码器,"""JPEG编解码器""",2026-08-14T07:54:09+00:00,manufacturer_product_page
device,hpmicro::hpm6754ian,图形加速,hpmicro:selector:hpm6700,https://www.hpmicro.com/product-center/microcontroller/hpm6700/6700-6400-selection-table,selection column:图形加速,"""支持""",2026-08-14T07:54:09+00:00,manufacturer_product_page
device,hpmicro::hpm6754ian,LCD,hpmicro:selector:hpm6700,https://www.hpmicro.com/product-center/microcontroller/hpm6700/6700-6400-selection-table,selection column:LCD,"""16位（RGB565）,24位（RGB888）""",2026-08-14T07:54:09+00:00,manufacturer_product_page
device,hpmicro::hpm6754ian,摄像头接口（DVP）,hpmicro:selector:hpm6700,https://www.hpmicro.com/product-center/microcontroller/hpm6700/6700-6400-selection-table,selection column:摄像头接口（DVP）,"""2×8bit 80 MHz摄像头接口""",2026-08-14T07:54:09+00:00,manufacturer_product_page
device,hpmicro::hpm6754ian,I²S,hpmicro:selector:hpm6700,https://www.hpmicro.com/product-center/microcontroller/hpm6700/6700-6400-selection-table,selection column:I²S,"""4""",2026-08-14T07:54:09+00:00,manufacturer_product_page
device,hpmicro::hpm6754ian,数字音频输出,hpmicro:selector:hpm6700,https://www.hpmicro.com/product-center/microcontroller/hpm6700/6700-6400-selection-table,selection column:数字音频输出,"""1""",2026-08-14T07:54:09+00:00,manufacturer_product_page
device,hpmicro::hpm6754ian,DDR,hpmicro:selector:hpm6700,https://www.hpmicro.com/product-center/microcontroller/hpm6700/6700-6400-selection-table,selection column:DDR,"""/""",2026-08-14T07:54:09+00:00,manufacturer_product_page
device,hpmicro::hpm6754ian,SDRAM,hpmicro:selector:hpm6700,https://www.hpmicro.com/product-center/microcontroller/hpm6700/6700-6400-selection-table,selection column:SDRAM,"""16bit""",2026-08-14T07:54:09+00:00,manufacturer_product_page
device,hpmicro::hpm6754ian,SD/eMMC （*63系列无eMMC）,hpmicro:selector:hpm6700,https://www.hpmicro.com/product-center/microcontroller/hpm6700/6700-6400-selection-table,selection column:SD/eMMC （*63系列无eMMC）,"""2""",2026-08-14T07:54:09+00:00,manufacturer_product_page
device,hpmicro::hpm6754ian,XPI,hpmicro:selector:hpm6700,https://www.hpmicro.com/product-center/microcontroller/hpm6700/6700-6400-selection-table,selection column:XPI,"""2""",2026-08-14T07:54:09+00:00,manufacturer_product_page
device,hpmicro::hpm6754ian,以太网,hpmicro:selector:hpm6700,https://www.hpmicro.com/product-center/microcontroller/hpm6700/6700-6400-selection-table,selection column:以太网,"""1x1000/100/10Mbps 以太网 + 1x100/10Mbps 以太网""",2026-08-14T07:54:09+00:00,manufacturer_product_page
device,hpmicro::hpm6754ian,CAN,hpmicro:selector:hpm6700,https://www.hpmicro.com/product-center/microcontroller/hpm6700/6700-6400-selection-table,selection column:CAN,"""CAN FD""",2026-08-14T07:54:09+00:00,manufacturer_product_page
device,hpmicro::hpm6754ian,USB,hpmicro:selector:hpm6700,https://www.hpmicro.com/product-center/microcontroller/hpm6700/6700-6400-selection-table,selection column:USB,"""USB HS w/ PHY ×2""",2026-08-14T07:54:09+00:00,manufacturer_product_page
device,hpmicro::hpm6754ian,SPI,hpmicro:selector:hpm6700,https://www.hpmicro.com/product-center/microcontroller/hpm6700/6700-6400-selection-table,selection column:SPI,"""4""",2026-08-14T07:54:09+00:00,manufacturer_product_page
device,hpmicro::hpm6754ian,I²C,hpmicro:selector:hpm6700,https://www.hpmicro.com/product-center/microcontroller/hpm6700/6700-6400-selection-table,selection column:I²C,"""4""",2026-08-14T07:54:09+00:00,manufacturer_product_page
device,hpmicro::hpm6754ian,UART,hpmicro:selector:hpm6700,https://www.hpmicro.com/product-center/microcontroller/hpm6700/6700-6400-selection-table,selection column:UART,"""17""",2026-08-14T07:54:09+00:00,manufacturer_product_page
device,hpmicro::hpm6754ian,Crypto 安全算法,hpmicro:selector:hpm6700,https://www.hpmicro.com/product-center/microcontroller/hpm6700/6700-6400-selection-table,selection column:Crypto 安全算法,"""AES128/256, SHA-1/256""",2026-08-14T07:54:09+00:00,manufacturer_product_page
device,hpmicro::hpm6754ian,PDM数字麦克风,hpmicro:selector:hpm6700,https://www.hpmicro.com/product-center/microcontroller/hpm6700/6700-6400-selection-table,selection column:PDM数字麦克风,"""8通道""",2026-08-14T07:54:09+00:00,manufacturer_product_page
device,hpmicro::hpm6754ian,安全特性,hpmicro:selector:hpm6700,https://www.hpmicro.com/product-center/microcontroller/hpm6700/6700-6400-selection-table,selection column:安全特性,"""安全启动，芯片生命周期管理，加密固件升级""",2026-08-14T07:54:09+00:00,manufacturer_product_page
device,hpmicro::hpm6754ian,功能安全,hpmicro:selector:hpm6700,https://www.hpmicro.com/product-center/microcontroller/hpm6700/6700-6400-selection-table,selection column:功能安全,"""/""",2026-08-14T07:54:09+00:00,manufacturer_product_page
device,hpmicro::hpm6754ian,电机控制,hpmicro:selector:hpm6700,https://www.hpmicro.com/product-center/microcontroller/hpm6700/6700-6400-selection-table,selection column:电机控制,"""4×8通道PWM，4x 正交编码器接口QEI，4 x 霍尔传感器接口HALL""",2026-08-14T07:54:09+00:00,manufacturer_product_page
device,hpmicro::hpm6754ian,RTC,hpmicro:selector:hpm6700,https://www.hpmicro.com/product-center/microcontroller/hpm6700/6700-6400-selection-table,selection column:RTC,"""1""",2026-08-14T07:54:09+00:00,manufacturer_product_page
device,hpmicro::hpm6754ian,GPTimer,hpmicro:selector:hpm6700,https://www.hpmicro.com/product-center/microcontroller/hpm6700/6700-6400-selection-table,selection column:GPTimer,"""9×32 位""",2026-08-14T07:54:09+00:00,manufacturer_product_page
device,hpmicro::hpm6754ian,WDG,hpmicro:selector:hpm6700,https://www.hpmicro.com/product-center/microcontroller/hpm6700/6700-6400-selection-table,selection column:WDG,"""5""",2026-08-14T07:54:09+00:00,manufacturer_product_page
device,hpmicro::hpm6754ian,ADC 12bit,hpmicro:selector:hpm6700,https://www.hpmicro.com/product-center/microcontroller/hpm6700/6700-6400-selection-table,selection column:ADC 12bit,"""3""",2026-08-14T07:54:09+00:00,manufacturer_product_page
device,hpmicro::hpm6754ian,ADC 16bit,hpmicro:selector:hpm6700,https://www.hpmicro.com/product-center/microcontroller/hpm6700/6700-6400-selection-table,selection column:ADC 16bit,"""1""",2026-08-14T07:54:09+00:00,manufacturer_product_page
device,hpmicro::hpm6754ian,DAC 12bit,hpmicro:selector:hpm6700,https://www.hpmicro.com/product-center/microcontroller/hpm6700/6700-6400-selection-table,selection column:DAC 12bit,"""0""",2026-08-14T07:54:09+00:00,manufacturer_product_page
device,hpmicro::hpm6754ian,比较器,hpmicro:selector:hpm6700,https://www.hpmicro.com/product-center/microcontroller/hpm6700/6700-6400-selection-table,selection column:比较器,"""4""",2026-08-14T07:54:09+00:00,manufacturer_product_page
device,hpmicro::hpm6754ian,运算放大器,hpmicro:selector:hpm6700,https://www.hpmicro.com/product-center/microcontroller/hpm6700/6700-6400-selection-table,selection column:运算放大器,"""/""",2026-08-14T07:54:09+00:00,manufacturer_product_page
device,hpmicro::hpm6754ian,封装形式,hpmicro:selector:hpm6700,https://www.hpmicro.com/product-center/microcontroller/hpm6700/6700-6400-selection-table,selection column:封装形式,"""10×10 196BGA 0.65P""",2026-08-14T07:54:09+00:00,manufacturer_product_page
device,hpmicro::hpm6754ian,产品厚度（mm),hpmicro:selector:hpm6700,https://www.hpmicro.com/product-center/microcontroller/hpm6700/6700-6400-selection-table,selection column:产品厚度（mm),"""1.17""",2026-08-14T07:54:09+00:00,manufacturer_product_page
device,hpmicro::hpm6754ian,脚间距（mm),hpmicro:selector:hpm6700,https://www.hpmicro.com/product-center/microcontroller/hpm6700/6700-6400-selection-table,selection column:脚间距（mm),"""0.65""",2026-08-14T07:54:09+00:00,manufacturer_product_page
device,hpmicro::hpm6754ian,包装方式,hpmicro:selector:hpm6700,https://www.hpmicro.com/product-center/microcontroller/hpm6700/6700-6400-selection-table,selection column:包装方式,"""Tray 盘""",2026-08-14T07:54:09+00:00,manufacturer_product_page
device,hpmicro::hpm6754ian,MPQ,hpmicro:selector:hpm6700,https://www.hpmicro.com/product-center/microcontroller/hpm6700/6700-6400-selection-table,selection column:MPQ,"""240""",2026-08-14T07:54:09+00:00,manufacturer_product_page
device,hpmicro::hpm6754ian,MOQ,hpmicro:selector:hpm6700,https://www.hpmicro.com/product-center/microcontroller/hpm6700/6700-6400-selection-table,selection column:MOQ,"""/""",2026-08-14T07:54:09+00:00,manufacturer_product_page
device,hpmicro::hpm6754ian,温度范围,hpmicro:selector:hpm6700,https://www.hpmicro.com/product-center/microcontroller/hpm6700/6700-6400-selection-table,selection column:温度范围,"""- 40 ~105°C Ta""",2026-08-14T07:54:09+00:00,manufacturer_product_page
device,hpmicro::hpm6754ian,型号,hpmicro:selector:hpm6700,https://www.hpmicro.com/product-center/microcontroller/hpm6700/6700-6400-selection-table,selection column:型号,"""HPM6754IAN""",2026-08-14T07:54:09+00:00,manufacturer_product_page
device,hpmicro::hpm6450ivm,内核类型,hpmicro:selector:hpm6700,https://www.hpmicro.com/product-center/microcontroller/hpm6700/6700-6400-selection-table,selection column:内核类型,"""单核 32 位 RISC-V 处理器""",2026-08-14T07:54:09+00:00,manufacturer_product_page
device,hpmicro::hpm6450ivm,最高主频（MHz）,hpmicro:selector:hpm6700,https://www.hpmicro.com/product-center/microcontroller/hpm6700/6700-6400-selection-table,selection column:最高主频（MHz）,"""816""",2026-08-14T07:54:09+00:00,manufacturer_product_page
device,hpmicro::hpm6450ivm,Flash (MB),hpmicro:selector:hpm6700,https://www.hpmicro.com/product-center/microcontroller/hpm6700/6700-6400-selection-table,selection column:Flash (MB),"""0""",2026-08-14T07:54:09+00:00,manufacturer_product_page
device,hpmicro::hpm6450ivm,SRAM,hpmicro:selector:hpm6700,https://www.hpmicro.com/product-center/microcontroller/hpm6700/6700-6400-selection-table,selection column:SRAM,"""2MB""",2026-08-14T07:54:09+00:00,manufacturer_product_page
device,hpmicro::hpm6450ivm,电源输入（V）,hpmicro:selector:hpm6700,https://www.hpmicro.com/product-center/microcontroller/hpm6700/6700-6400-selection-table,selection column:电源输入（V）,"""3~3.6V""",2026-08-14T07:54:09+00:00,manufacturer_product_page
device,hpmicro::hpm6450ivm,图形编解码器,hpmicro:selector:hpm6700,https://www.hpmicro.com/product-center/microcontroller/hpm6700/6700-6400-selection-table,selection column:图形编解码器,"""JPEG编解码器""",2026-08-14T07:54:09+00:00,manufacturer_product_page
device,hpmicro::hpm6450ivm,图形加速,hpmicro:selector:hpm6700,https://www.hpmicro.com/product-center/microcontroller/hpm6700/6700-6400-selection-table,selection column:图形加速,"""支持""",2026-08-14T07:54:09+00:00,manufacturer_product_page
device,hpmicro::hpm6450ivm,LCD,hpmicro:selector:hpm6700,https://www.hpmicro.com/product-center/microcontroller/hpm6700/6700-6400-selection-table,selection column:LCD,"""16位（RGB565）,24位（RGB888）""",2026-08-14T07:54:09+00:00,manufacturer_product_page
device,hpmicro::hpm6450ivm,摄像头接口（DVP）,hpmicro:selector:hpm6700,https://www.hpmicro.com/product-center/microcontroller/hpm6700/6700-6400-selection-table,selection column:摄像头接口（DVP）,"""2×8bit 80 MHz摄像头接口""",2026-08-14T07:54:09+00:00,manufacturer_product_page
device,hpmicro::hpm6450ivm,I²S,hpmicro:selector:hpm6700,https://www.hpmicro.com/product-center/microcontroller/hpm6700/6700-6400-selection-table,selection column:I²S,"""4""",2026-08-14T07:54:09+00:00,manufacturer_product_page
device,hpmicro::hpm6450ivm,数字音频输出,hpmicro:selector:hpm6700,https://www.hpmicro.com/product-center/microcontroller/hpm6700/6700-6400-selection-table,selection column:数字音频输出,"""1""",2026-08-14T07:54:09+00:00,manufacturer_product_page
device,hpmicro::hpm6450ivm,DDR,hpmicro:selector:hpm6700,https://www.hpmicro.com/product-center/microcontroller/hpm6700/6700-6400-selection-table,selection column:DDR,"""/""",2026-08-14T07:54:09+00:00,manufacturer_product_page
device,hpmicro::hpm6450ivm,SDRAM,hpmicro:selector:hpm6700,https://www.hpmicro.com/product-center/microcontroller/hpm6700/6700-6400-selection-table,selection column:SDRAM,"""32bit""",2026-08-14T07:54:09+00:00,manufacturer_product_page
device,hpmicro::hpm6450ivm,SD/eMMC （*63系列无eMMC）,hpmicro:selector:hpm6700,https://www.hpmicro.com/product-center/microcontroller/hpm6700/6700-6400-selection-table,selection column:SD/eMMC （*63系列无eMMC）,"""2""",2026-08-14T07:54:09+00:00,manufacturer_product_page
device,hpmicro::hpm6450ivm,XPI,hpmicro:selector:hpm6700,https://www.hpmicro.com/product-center/microcontroller/hpm6700/6700-6400-selection-table,selection column:XPI,"""2""",2026-08-14T07:54:09+00:00,manufacturer_product_page
device,hpmicro::hpm6450ivm,以太网,hpmicro:selector:hpm6700,https://www.hpmicro.com/product-center/microcontroller/hpm6700/6700-6400-selection-table,selection column:以太网,"""2x1000/100/10 Mbps以太网""",2026-08-14T07:54:09+00:00,manufacturer_product_page
device,hpmicro::hpm6450ivm,CAN,hpmicro:selector:hpm6700,https://www.hpmicro.com/product-center/microcontroller/hpm6700/6700-6400-selection-table,selection column:CAN,"""CAN FD""",2026-08-14T07:54:09+00:00,manufacturer_product_page
device,hpmicro::hpm6450ivm,USB,hpmicro:selector:hpm6700,https://www.hpmicro.com/product-center/microcontroller/hpm6700/6700-6400-selection-table,selection column:USB,"""USB HS w/ PHY ×2""",2026-08-14T07:54:09+00:00,manufacturer_product_page
device,hpmicro::hpm6450ivm,SPI,hpmicro:selector:hpm6700,https://www.hpmicro.com/product-center/microcontroller/hpm6700/6700-6400-selection-table,selection column:SPI,"""4""",2026-08-14T07:54:09+00:00,manufacturer_product_page
device,hpmicro::hpm6450ivm,I²C,hpmicro:selector:hpm6700,https://www.hpmicro.com/product-center/microcontroller/hpm6700/6700-6400-selection-table,selection column:I²C,"""4""",2026-08-14T07:54:09+00:00,manufacturer_product_page
device,hpmicro::hpm6450ivm,UART,hpmicro:selector:hpm6700,https://www.hpmicro.com/product-center/microcontroller/hpm6700/6700-6400-selection-table,selection column:UART,"""17""",2026-08-14T07:54:09+00:00,manufacturer_product_page
device,hpmicro::hpm6450ivm,Crypto 安全算法,hpmicro:selector:hpm6700,https://www.hpmicro.com/product-center/microcontroller/hpm6700/6700-6400-selection-table,selection column:Crypto 安全算法,"""AES128/256, SHA-1/256""",2026-08-14T07:54:09+00:00,manufacturer_product_page
device,hpmicro::hpm6450ivm,PDM数字麦克风,hpmicro:selector:hpm6700,https://www.hpmicro.com/product-center/microcontroller/hpm6700/6700-6400-selection-table,selection column:PDM数字麦克风,"""8通道""",2026-08-14T07:54:09+00:00,manufacturer_product_page
device,hpmicro::hpm6450ivm,安全特性,hpmicro:selector:hpm6700,https://www.hpmicro.com/product-center/microcontroller/hpm6700/6700-6400-selection-table,selection column:安全特性,"""安全启动，芯片生命周期管理，加密固件升级""",2026-08-14T07:54:09+00:00,manufacturer_product_page
device,hpmicro::hpm6450ivm,功能安全,hpmicro:selector:hpm6700,https://www.hpmicro.com/product-center/microcontroller/hpm6700/6700-6400-selection-table,selection column:功能安全,"""/""",2026-08-14T07:54:09+00:00,manufacturer_product_page
device,hpmicro::hpm6450ivm,电机控制,hpmicro:selector:hpm6700,https://www.hpmicro.com/product-center/microcontroller/hpm6700/6700-6400-selection-table,selection column:电机控制,"""4×8通道PWM，4x 正交编码器接口QEI，4 x 霍尔传感器接口HALL""",2026-08-14T07:54:09+00:00,manufacturer_product_page
device,hpmicro::hpm6450ivm,RTC,hpmicro:selector:hpm6700,https://www.hpmicro.com/product-center/microcontroller/hpm6700/6700-6400-selection-table,selection column:RTC,"""1""",2026-08-14T07:54:09+00:00,manufacturer_product_page
device,hpmicro::hpm6450ivm,GPTimer,hpmicro:selector:hpm6700,https://www.hpmicro.com/product-center/microcontroller/hpm6700/6700-6400-selection-table,selection column:GPTimer,"""9×32 位""",2026-08-14T07:54:09+00:00,manufacturer_product_page
device,hpmicro::hpm6450ivm,WDG,hpmicro:selector:hpm6700,https://www.hpmicro.com/product-center/microcontroller/hpm6700/6700-6400-selection-table,selection column:WDG,"""5""",2026-08-14T07:54:09+00:00,manufacturer_product_page
device,hpmicro::hpm6450ivm,ADC 12bit,hpmicro:selector:hpm6700,https://www.hpmicro.com/product-center/microcontroller/hpm6700/6700-6400-selection-table,selection column:ADC 12bit,"""3""",2026-08-14T07:54:09+00:00,manufacturer_product_page
device,hpmicro::hpm6450ivm,ADC 16bit,hpmicro:selector:hpm6700,https://www.hpmicro.com/product-center/microcontroller/hpm6700/6700-6400-selection-table,selection column:ADC 16bit,"""1""",2026-08-14T07:54:09+00:00,manufacturer_product_page
device,hpmicro::hpm6450ivm,DAC 12bit,hpmicro:selector:hpm6700,https://www.hpmicro.com/product-center/microcontroller/hpm6700/6700-6400-selection-table,selection column:DAC 12bit,"""0""",2026-08-14T07:54:09+00:00,manufacturer_product_page
device,hpmicro::hpm6450ivm,比较器,hpmicro:selector:hpm6700,https://www.hpmicro.com/product-center/microcontroller/hpm6700/6700-6400-selection-table,selection column:比较器,"""4""",2026-08-14T07:54:09+00:00,manufacturer_product_page
device,hpmicro::hpm6450ivm,运算放大器,hpmicro:selector:hpm6700,https://www.hpmicro.com/product-center/microcontroller/hpm6700/6700-6400-selection-table,selection column:运算放大器,"""/""",2026-08-14T07:54:09+00:00,manufacturer_product_page
device,hpmicro::hpm6450ivm,封装形式,hpmicro:selector:hpm6700,https://www.hpmicro.com/product-center/microcontroller/hpm6700/6700-6400-selection-table,selection column:封装形式,"""14×14 289BGA 0.8P""",2026-08-14T07:54:09+00:00,manufacturer_product_page
device,hpmicro::hpm6450ivm,产品厚度（mm),hpmicro:selector:hpm6700,https://www.hpmicro.com/product-center/microcontroller/hpm6700/6700-6400-selection-table,selection column:产品厚度（mm),"""1.18""",2026-08-14T07:54:09+00:00,manufacturer_product_page
device,hpmicro::hpm6450ivm,脚间距（mm),hpmicro:selector:hpm6700,https://www.hpmicro.com/product-center/microcontroller/hpm6700/6700-6400-selection-table,selection column:脚间距（mm),"""0.8""",2026-08-14T07:54:09+00:00,manufacturer_product_page
device,hpmicro::hpm6450ivm,包装方式,hpmicro:selector:hpm6700,https://www.hpmicro.com/product-center/microcontroller/hpm6700/6700-6400-selection-table,selection column:包装方式,"""Tray 盘""",2026-08-14T07:54:09+00:00,manufacturer_product_page
device,hpmicro::hpm6450ivm,MPQ,hpmicro:selector:hpm6700,https://www.hpmicro.com/product-center/microcontroller/hpm6700/6700-6400-selection-table,selection column:MPQ,"""119""",2026-08-14T07:54:09+00:00,manufacturer_product_page
device,hpmicro::hpm6450ivm,MOQ,hpmicro:selector:hpm6700,https://www.hpmicro.com/product-center/microcontroller/hpm6700/6700-6400-selection-table,selection column:MOQ,"""/""",2026-08-14T07:54:09+00:00,manufacturer_product_page
device,hpmicro::hpm6450ivm,温度范围,hpmicro:selector:hpm6700,https://www.hpmicro.com/product-center/microcontroller/hpm6700/6700-6400-selection-table,selection column:温度范围,"""- 40 ~105°C Ta""",2026-08-14T07:54:09+00:00,manufacturer_product_page
device,hpmicro::hpm6450ivm,型号,hpmicro:selector:hpm6700,https://www.hpmicro.com/product-center/microcontroller/hpm6700/6700-6400-selection-table,selection column:型号,"""HPM6450IVM""",2026-08-14T07:54:09+00:00,manufacturer_product_page
device,hpmicro::hpm6450ian,内核类型,hpmicro:selector:hpm6700,https://www.hpmicro.com/product-center/microcontroller/hpm6700/6700-6400-selection-table,selection column:内核类型,"""单核 32 位 RISC-V 处理器""",2026-08-14T07:54:09+00:00,manufacturer_product_page
device,hpmicro::hpm6450ian,最高主频（MHz）,hpmicro:selector:hpm6700,https://www.hpmicro.com/product-center/microcontroller/hpm6700/6700-6400-selection-table,selection column:最高主频（MHz）,"""816""",2026-08-14T07:54:09+00:00,manufacturer_product_page
device,hpmicro::hpm6450ian,Flash (MB),hpmicro:selector:hpm6700,https://www.hpmicro.com/product-center/microcontroller/hpm6700/6700-6400-selection-table,selection column:Flash (MB),"""0""",2026-08-14T07:54:09+00:00,manufacturer_product_page
device,hpmicro::hpm6450ian,SRAM,hpmicro:selector:hpm6700,https://www.hpmicro.com/product-center/microcontroller/hpm6700/6700-6400-selection-table,selection column:SRAM,"""2MB""",2026-08-14T07:54:09+00:00,manufacturer_product_page
device,hpmicro::hpm6450ian,电源输入（V）,hpmicro:selector:hpm6700,https://www.hpmicro.com/product-center/microcontroller/hpm6700/6700-6400-selection-table,selection column:电源输入（V）,"""3~3.6V""",2026-08-14T07:54:09+00:00,manufacturer_product_page
device,hpmicro::hpm6450ian,图形编解码器,hpmicro:selector:hpm6700,https://www.hpmicro.com/product-center/microcontroller/hpm6700/6700-6400-selection-table,selection column:图形编解码器,"""JPEG编解码器""",2026-08-14T07:54:09+00:00,manufacturer_product_page
device,hpmicro::hpm6450ian,图形加速,hpmicro:selector:hpm6700,https://www.hpmicro.com/product-center/microcontroller/hpm6700/6700-6400-selection-table,selection column:图形加速,"""支持""",2026-08-14T07:54:09+00:00,manufacturer_product_page
device,hpmicro::hpm6450ian,LCD,hpmicro:selector:hpm6700,https://www.hpmicro.com/product-center/microcontroller/hpm6700/6700-6400-selection-table,selection column:LCD,"""16位（RGB565）,24位（RGB888）""",2026-08-14T07:54:09+00:00,manufacturer_product_page
device,hpmicro::hpm6450ian,摄像头接口（DVP）,hpmicro:selector:hpm6700,https://www.hpmicro.com/product-center/microcontroller/hpm6700/6700-6400-selection-table,selection column:摄像头接口（DVP）,"""2×8bit 80 MHz摄像头接口""",2026-08-14T07:54:09+00:00,manufacturer_product_page
device,hpmicro::hpm6450ian,I²S,hpmicro:selector:hpm6700,https://www.hpmicro.com/product-center/microcontroller/hpm6700/6700-6400-selection-table,selection column:I²S,"""4""",2026-08-14T07:54:09+00:00,manufacturer_product_page
device,hpmicro::hpm6450ian,数字音频输出,hpmicro:selector:hpm6700,https://www.hpmicro.com/product-center/microcontroller/hpm6700/6700-6400-selection-table,selection column:数字音频输出,"""1""",2026-08-14T07:54:09+00:00,manufacturer_product_page
device,hpmicro::hpm6450ian,DDR,hpmicro:selector:hpm6700,https://www.hpmicro.com/product-center/microcontroller/hpm6700/6700-6400-selection-table,selection column:DDR,"""/""",2026-08-14T07:54:09+00:00,manufacturer_product_page
device,hpmicro::hpm6450ian,SDRAM,hpmicro:selector:hpm6700,https://www.hpmicro.com/product-center/microcontroller/hpm6700/6700-6400-selection-table,selection column:SDRAM,"""16bit""",2026-08-14T07:54:09+00:00,manufacturer_product_page
device,hpmicro::hpm6450ian,SD/eMMC （*63系列无eMMC）,hpmicro:selector:hpm6700,https://www.hpmicro.com/product-center/microcontroller/hpm6700/6700-6400-selection-table,selection column:SD/eMMC （*63系列无eMMC）,"""2""",2026-08-14T07:54:09+00:00,manufacturer_product_page
device,hpmicro::hpm6450ian,XPI,hpmicro:selector:hpm6700,https://www.hpmicro.com/product-center/microcontroller/hpm6700/6700-6400-selection-table,selection column:XPI,"""2""",2026-08-14T07:54:09+00:00,manufacturer_product_page
device,hpmicro::hpm6450ian,以太网,hpmicro:selector:hpm6700,https://www.hpmicro.com/product-center/microcontroller/hpm6700/6700-6400-selection-table,selection column:以太网,"""1x1000/100/10Mbps 以太网 + 1x100/10Mbps 以太网""",2026-08-14T07:54:09+00:00,manufacturer_product_page
device,hpmicro::hpm6450ian,CAN,hpmicro:selector:hpm6700,https://www.hpmicro.com/product-center/microcontroller/hpm6700/6700-6400-selection-table,selection column:CAN,"""CAN FD""",2026-08-14T07:54:09+00:00,manufacturer_product_page
device,hpmicro::hpm6450ian,USB,hpmicro:selector:hpm6700,https://www.hpmicro.com/product-center/microcontroller/hpm6700/6700-6400-selection-table,selection column:USB,"""USB HS w/ PHY ×2""",2026-08-14T07:54:09+00:00,manufacturer_product_page
device,hpmicro::hpm6450ian,SPI,hpmicro:selector:hpm6700,https://www.hpmicro.com/product-center/microcontroller/hpm6700/6700-6400-selection-table,selection column:SPI,"""4""",2026-08-14T07:54:09+00:00,manufacturer_product_page
device,hpmicro::hpm6450ian,I²C,hpmicro:selector:hpm6700,https://www.hpmicro.com/product-center/microcontroller/hpm6700/6700-6400-selection-table,selection column:I²C,"""4""",2026-08-14T07:54:09+00:00,manufacturer_product_page
device,hpmicro::hpm6450ian,UART,hpmicro:selector:hpm6700,https://www.hpmicro.com/product-center/microcontroller/hpm6700/6700-6400-selection-table,selection column:UART,"""17""",2026-08-14T07:54:09+00:00,manufacturer_product_page
device,hpmicro::hpm6450ian,Crypto 安全算法,hpmicro:selector:hpm6700,https://www.hpmicro.com/product-center/microcontroller/hpm6700/6700-6400-selection-table,selection column:Crypto 安全算法,"""AES128/256, SHA-1/256""",2026-08-14T07:54:09+00:00,manufacturer_product_page
device,hpmicro::hpm6450ian,PDM数字麦克风,hpmicro:selector:hpm6700,https://www.hpmicro.com/product-center/microcontroller/hpm6700/6700-6400-selection-table,selection column:PDM数字麦克风,"""8通道""",2026-08-14T07:54:09+00:00,manufacturer_product_page
device,hpmicro::hpm6450ian,安全特性,hpmicro:selector:hpm6700,https://www.hpmicro.com/product-center/microcontroller/hpm6700/6700-6400-selection-table,selection column:安全特性,"""安全启动，芯片生命周期管理，加密固件升级""",2026-08-14T07:54:09+00:00,manufacturer_product_page
device,hpmicro::hpm6450ian,功能安全,hpmicro:selector:hpm6700,https://www.hpmicro.com/product-center/microcontroller/hpm6700/6700-6400-selection-table,selection column:功能安全,"""/""",2026-08-14T07:54:09+00:00,manufacturer_product_page
device,hpmicro::hpm6450ian,电机控制,hpmicro:selector:hpm6700,https://www.hpmicro.com/product-center/microcontroller/hpm6700/6700-6400-selection-table,selection column:电机控制,"""4×8通道PWM，4x 正交编码器接口QEI，4 x 霍尔传感器接口HALL""",2026-08-14T07:54:09+00:00,manufacturer_product_page
device,hpmicro::hpm6450ian,RTC,hpmicro:selector:hpm6700,https://www.hpmicro.com/product-center/microcontroller/hpm6700/6700-6400-selection-table,selection column:RTC,"""1""",2026-08-14T07:54:09+00:00,manufacturer_product_page
device,hpmicro::hpm6450ian,GPTimer,hpmicro:selector:hpm6700,https://www.hpmicro.com/product-center/microcontroller/hpm6700/6700-6400-selection-table,selection column:GPTimer,"""9×32 位""",2026-08-14T07:54:09+00:00,manufacturer_product_page
device,hpmicro::hpm6450ian,WDG,hpmicro:selector:hpm6700,https://www.hpmicro.com/product-center/microcontroller/hpm6700/6700-6400-selection-table,selection column:WDG,"""5""",2026-08-14T07:54:09+00:00,manufacturer_product_page
device,hpmicro::hpm6450ian,ADC 12bit,hpmicro:selector:hpm6700,https://www.hpmicro.com/product-center/microcontroller/hpm6700/6700-6400-selection-table,selection column:ADC 12bit,"""3""",2026-08-14T07:54:09+00:00,manufacturer_product_page
device,hpmicro::hpm6450ian,ADC 16bit,hpmicro:selector:hpm6700,https://www.hpmicro.com/product-center/microcontroller/hpm6700/6700-6400-selection-table,selection column:ADC 16bit,"""1""",2026-08-14T07:54:09+00:00,manufacturer_product_page
device,hpmicro::hpm6450ian,DAC 12bit,hpmicro:selector:hpm6700,https://www.hpmicro.com/product-center/microcontroller/hpm6700/6700-6400-selection-table,selection column:DAC 12bit,"""0""",2026-08-14T07:54:09+00:00,manufacturer_product_page
device,hpmicro::hpm6450ian,比较器,hpmicro:selector:hpm6700,https://www.hpmicro.com/product-center/microcontroller/hpm6700/6700-6400-selection-table,selection column:比较器,"""4""",2026-08-14T07:54:09+00:00,manufacturer_product_page
device,hpmicro::hpm6450ian,运算放大器,hpmicro:selector:hpm6700,https://www.hpmicro.com/product-center/microcontroller/hpm6700/6700-6400-selection-table,selection column:运算放大器,"""/""",2026-08-14T07:54:09+00:00,manufacturer_product_page
device,hpmicro::hpm6450ian,封装形式,hpmicro:selector:hpm6700,https://www.hpmicro.com/product-center/microcontroller/hpm6700/6700-6400-selection-table,selection column:封装形式,"""10×10 196BGA 0.65P""",2026-08-14T07:54:09+00:00,manufacturer_product_page
device,hpmicro::hpm6450ian,产品厚度（mm),hpmicro:selector:hpm6700,https://www.hpmicro.com/product-center/microcontroller/hpm6700/6700-6400-selection-table,selection column:产品厚度（mm),"""1.17""",2026-08-14T07:54:09+00:00,manufacturer_product_page
device,hpmicro::hpm6450ian,脚间距（mm),hpmicro:selector:hpm6700,https://www.hpmicro.com/product-center/microcontroller/hpm6700/6700-6400-selection-table,selection column:脚间距（mm),"""0.65""",2026-08-14T07:54:09+00:00,manufacturer_product_page
device,hpmicro::hpm6450ian,包装方式,hpmicro:selector:hpm6700,https://www.hpmicro.com/product-center/microcontroller/hpm6700/6700-6400-selection-table,selection column:包装方式,"""Tray 盘""",2026-08-14T07:54:09+00:00,manufacturer_product_page
device,hpmicro::hpm6450ian,MPQ,hpmicro:selector:hpm6700,https://www.hpmicro.com/product-center/microcontroller/hpm6700/6700-6400-selection-table,selection column:MPQ,"""240""",2026-08-14T07:54:09+00:00,manufacturer_product_page
device,hpmicro::hpm6450ian,MOQ,hpmicro:selector:hpm6700,https://www.hpmicro.com/product-center/microcontroller/hpm6700/6700-6400-selection-table,selection column:MOQ,"""/""",2026-08-14T07:54:09+00:00,manufacturer_product_page
device,hpmicro::hpm6450ian,温度范围,hpmicro:selector:hpm6700,https://www.hpmicro.com/product-center/microcontroller/hpm6700/6700-6400-selection-table,selection column:温度范围,"""- 40 ~105°C Ta""",2026-08-14T07:54:09+00:00,manufacturer_product_page
device,hpmicro::hpm6450ian,型号,hpmicro:selector:hpm6700,https://www.hpmicro.com/product-center/microcontroller/hpm6700/6700-6400-selection-table,selection column:型号,"""HPM6450IAN""",2026-08-14T07:54:09+00:00,manufacturer_product_page
device,hpmicro::hpm6430ivm,内核类型,hpmicro:selector:hpm6700,https://www.hpmicro.com/product-center/microcontroller/hpm6700/6700-6400-selection-table,selection column:内核类型,"""单核 32 位 RISC-V 处理器""",2026-08-14T07:54:09+00:00,manufacturer_product_page
device,hpmicro::hpm6430ivm,最高主频（MHz）,hpmicro:selector:hpm6700,https://www.hpmicro.com/product-center/microcontroller/hpm6700/6700-6400-selection-table,selection column:最高主频（MHz）,"""816""",2026-08-14T07:54:09+00:00,manufacturer_product_page
device,hpmicro::hpm6430ivm,Flash (MB),hpmicro:selector:hpm6700,https://www.hpmicro.com/product-center/microcontroller/hpm6700/6700-6400-selection-table,selection column:Flash (MB),"""0""",2026-08-14T07:54:09+00:00,manufacturer_product_page
device,hpmicro::hpm6430ivm,SRAM,hpmicro:selector:hpm6700,https://www.hpmicro.com/product-center/microcontroller/hpm6700/6700-6400-selection-table,selection column:SRAM,"""2MB""",2026-08-14T07:54:09+00:00,manufacturer_product_page
device,hpmicro::hpm6430ivm,电源输入（V）,hpmicro:selector:hpm6700,https://www.hpmicro.com/product-center/microcontroller/hpm6700/6700-6400-selection-table,selection column:电源输入（V）,"""3~3.6V""",2026-08-14T07:54:09+00:00,manufacturer_product_page
device,hpmicro::hpm6430ivm,图形编解码器,hpmicro:selector:hpm6700,https://www.hpmicro.com/product-center/microcontroller/hpm6700/6700-6400-selection-table,selection column:图形编解码器,"""JPEG编解码器""",2026-08-14T07:54:09+00:00,manufacturer_product_page
device,hpmicro::hpm6430ivm,图形加速,hpmicro:selector:hpm6700,https://www.hpmicro.com/product-center/microcontroller/hpm6700/6700-6400-selection-table,selection column:图形加速,"""支持""",2026-08-14T07:54:09+00:00,manufacturer_product_page
device,hpmicro::hpm6430ivm,LCD,hpmicro:selector:hpm6700,https://www.hpmicro.com/product-center/microcontroller/hpm6700/6700-6400-selection-table,selection column:LCD,"""16位（RGB565）,24位（RGB888）""",2026-08-14T07:54:09+00:00,manufacturer_product_page
device,hpmicro::hpm6430ivm,摄像头接口（DVP）,hpmicro:selector:hpm6700,https://www.hpmicro.com/product-center/microcontroller/hpm6700/6700-6400-selection-table,selection column:摄像头接口（DVP）,"""2×8bit 80 MHz摄像头接口""",2026-08-14T07:54:09+00:00,manufacturer_product_page
device,hpmicro::hpm6430ivm,I²S,hpmicro:selector:hpm6700,https://www.hpmicro.com/product-center/microcontroller/hpm6700/6700-6400-selection-table,selection column:I²S,"""4""",2026-08-14T07:54:09+00:00,manufacturer_product_page
device,hpmicro::hpm6430ivm,数字音频输出,hpmicro:selector:hpm6700,https://www.hpmicro.com/product-center/microcontroller/hpm6700/6700-6400-selection-table,selection column:数字音频输出,"""1""",2026-08-14T07:54:09+00:00,manufacturer_product_page
device,hpmicro::hpm6430ivm,DDR,hpmicro:selector:hpm6700,https://www.hpmicro.com/product-center/microcontroller/hpm6700/6700-6400-selection-table,selection column:DDR,"""/""",2026-08-14T07:54:09+00:00,manufacturer_product_page
device,hpmicro::hpm6430ivm,SDRAM,hpmicro:selector:hpm6700,https://www.hpmicro.com/product-center/microcontroller/hpm6700/6700-6400-selection-table,selection column:SDRAM,"""32bit""",2026-08-14T07:54:09+00:00,manufacturer_product_page
device,hpmicro::hpm6430ivm,SD/eMMC （*63系列无eMMC）,hpmicro:selector:hpm6700,https://www.hpmicro.com/product-center/microcontroller/hpm6700/6700-6400-selection-table,selection column:SD/eMMC （*63系列无eMMC）,"""2""",2026-08-14T07:54:09+00:00,manufacturer_product_page
device,hpmicro::hpm6430ivm,XPI,hpmicro:selector:hpm6700,https://www.hpmicro.com/product-center/microcontroller/hpm6700/6700-6400-selection-table,selection column:XPI,"""2""",2026-08-14T07:54:09+00:00,manufacturer_product_page
device,hpmicro::hpm6430ivm,以太网,hpmicro:selector:hpm6700,https://www.hpmicro.com/product-center/microcontroller/hpm6700/6700-6400-selection-table,selection column:以太网,"""2x1000/100/10 Mbps以太网""",2026-08-14T07:54:09+00:00,manufacturer_product_page
device,hpmicro::hpm6430ivm,CAN,hpmicro:selector:hpm6700,https://www.hpmicro.com/product-center/microcontroller/hpm6700/6700-6400-selection-table,selection column:CAN,"""CAN""",2026-08-14T07:54:09+00:00,manufacturer_product_page
device,hpmicro::hpm6430ivm,USB,hpmicro:selector:hpm6700,https://www.hpmicro.com/product-center/microcontroller/hpm6700/6700-6400-selection-table,selection column:USB,"""USB HS w/ PHY ×2""",2026-08-14T07:54:09+00:00,manufacturer_product_page
device,hpmicro::hpm6430ivm,SPI,hpmicro:selector:hpm6700,https://www.hpmicro.com/product-center/microcontroller/hpm6700/6700-6400-selection-table,selection column:SPI,"""4""",2026-08-14T07:54:09+00:00,manufacturer_product_page
device,hpmicro::hpm6430ivm,I²C,hpmicro:selector:hpm6700,https://www.hpmicro.com/product-center/microcontroller/hpm6700/6700-6400-selection-table,selection column:I²C,"""4""",2026-08-14T07:54:09+00:00,manufacturer_product_page
device,hpmicro::hpm6430ivm,UART,hpmicro:selector:hpm6700,https://www.hpmicro.com/product-center/microcontroller/hpm6700/6700-6400-selection-table,selection column:UART,"""17""",2026-08-14T07:54:09+00:00,manufacturer_product_page
device,hpmicro::hpm6430ivm,Crypto 安全算法,hpmicro:selector:hpm6700,https://www.hpmicro.com/product-center/microcontroller/hpm6700/6700-6400-selection-table,selection column:Crypto 安全算法,"""AES128/256, SHA-1/256""",2026-08-14T07:54:09+00:00,manufacturer_product_page
device,hpmicro::hpm6430ivm,PDM数字麦克风,hpmicro:selector:hpm6700,https://www.hpmicro.com/product-center/microcontroller/hpm6700/6700-6400-selection-table,selection column:PDM数字麦克风,"""8通道""",2026-08-14T07:54:09+00:00,manufacturer_product_page
device,hpmicro::hpm6430ivm,安全特性,hpmicro:selector:hpm6700,https://www.hpmicro.com/product-center/microcontroller/hpm6700/6700-6400-selection-table,selection column:安全特性,"""安全启动，芯片生命周期管理，加密固件升级""",2026-08-14T07:54:09+00:00,manufacturer_product_page
device,hpmicro::hpm6430ivm,功能安全,hpmicro:selector:hpm6700,https://www.hpmicro.com/product-center/microcontroller/hpm6700/6700-6400-selection-table,selection column:功能安全,"""/""",2026-08-14T07:54:09+00:00,manufacturer_product_page
device,hpmicro::hpm6430ivm,电机控制,hpmicro:selector:hpm6700,https://www.hpmicro.com/product-center/microcontroller/hpm6700/6700-6400-selection-table,selection column:电机控制,"""4×8通道PWM，4x 正交编码器接口QEI，4 x 霍尔传感器接口HALL""",2026-08-14T07:54:09+00:00,manufacturer_product_page
device,hpmicro::hpm6430ivm,RTC,hpmicro:selector:hpm6700,https://www.hpmicro.com/product-center/microcontroller/hpm6700/6700-6400-selection-table,selection column:RTC,"""1""",2026-08-14T07:54:09+00:00,manufacturer_product_page
device,hpmicro::hpm6430ivm,GPTimer,hpmicro:selector:hpm6700,https://www.hpmicro.com/product-center/microcontroller/hpm6700/6700-6400-selection-table,selection column:GPTimer,"""9×32 位""",2026-08-14T07:54:09+00:00,manufacturer_product_page
device,hpmicro::hpm6430ivm,WDG,hpmicro:selector:hpm6700,https://www.hpmicro.com/product-center/microcontroller/hpm6700/6700-6400-selection-table,selection column:WDG,"""5""",2026-08-14T07:54:09+00:00,manufacturer_product_page
device,hpmicro::hpm6430ivm,ADC 12bit,hpmicro:selector:hpm6700,https://www.hpmicro.com/product-center/microcontroller/hpm6700/6700-6400-selection-table,selection column:ADC 12bit,"""3""",2026-08-14T07:54:09+00:00,manufacturer_product_page
device,hpmicro::hpm6430ivm,ADC 16bit,hpmicro:selector:hpm6700,https://www.hpmicro.com/product-center/microcontroller/hpm6700/6700-6400-selection-table,selection column:ADC 16bit,"""1""",2026-08-14T07:54:09+00:00,manufacturer_product_page
device,hpmicro::hpm6430ivm,DAC 12bit,hpmicro:selector:hpm6700,https://www.hpmicro.com/product-center/microcontroller/hpm6700/6700-6400-selection-table,selection column:DAC 12bit,"""0""",2026-08-14T07:54:09+00:00,manufacturer_product_page
device,hpmicro::hpm6430ivm,比较器,hpmicro:selector:hpm6700,https://www.hpmicro.com/product-center/microcontroller/hpm6700/6700-6400-selection-table,selection column:比较器,"""4""",2026-08-14T07:54:09+00:00,manufacturer_product_page
device,hpmicro::hpm6430ivm,运算放大器,hpmicro:selector:hpm6700,https://www.hpmicro.com/product-center/microcontroller/hpm6700/6700-6400-selection-table,selection column:运算放大器,"""/""",2026-08-14T07:54:09+00:00,manufacturer_product_page
device,hpmicro::hpm6430ivm,封装形式,hpmicro:selector:hpm6700,https://www.hpmicro.com/product-center/microcontroller/hpm6700/6700-6400-selection-table,selection column:封装形式,"""14×14 289BGA 0.8P""",2026-08-14T07:54:09+00:00,manufacturer_product_page
device,hpmicro::hpm6430ivm,产品厚度（mm),hpmicro:selector:hpm6700,https://www.hpmicro.com/product-center/microcontroller/hpm6700/6700-6400-selection-table,selection column:产品厚度（mm),"""1.18""",2026-08-14T07:54:09+00:00,manufacturer_product_page
device,hpmicro::hpm6430ivm,脚间距（mm),hpmicro:selector:hpm6700,https://www.hpmicro.com/product-center/microcontroller/hpm6700/6700-6400-selection-table,selection column:脚间距（mm),"""0.8""",2026-08-14T07:54:09+00:00,manufacturer_product_page
device,hpmicro::hpm6430ivm,包装方式,hpmicro:selector:hpm6700,https://www.hpmicro.com/product-center/microcontroller/hpm6700/6700-6400-selection-table,selection column:包装方式,"""Tray 盘""",2026-08-14T07:54:09+00:00,manufacturer_product_page
device,hpmicro::hpm6430ivm,MPQ,hpmicro:selector:hpm6700,https://www.hpmicro.com/product-center/microcontroller/hpm6700/6700-6400-selection-table,selection column:MPQ,"""119""",2026-08-14T07:54:09+00:00,manufacturer_product_page
device,hpmicro::hpm6430ivm,MOQ,hpmicro:selector:hpm6700,https://www.hpmicro.com/product-center/microcontroller/hpm6700/6700-6400-selection-table,selection column:MOQ,"""/""",2026-08-14T07:54:09+00:00,manufacturer_product_page
device,hpmicro::hpm6430ivm,温度范围,hpmicro:selector:hpm6700,https://www.hpmicro.com/product-center/microcontroller/hpm6700/6700-6400-selection-table,selection column:温度范围,"""- 40 ~105°C Ta""",2026-08-14T07:54:09+00:00,manufacturer_product_page
device,hpmicro::hpm6430ivm,型号,hpmicro:selector:hpm6700,https://www.hpmicro.com/product-center/microcontroller/hpm6700/6700-6400-selection-table,selection column:型号,"""HPM6430IVM""",2026-08-14T07:54:09+00:00,manufacturer_product_page
device,hpmicro::hpm6430ian,内核类型,hpmicro:selector:hpm6700,https://www.hpmicro.com/product-center/microcontroller/hpm6700/6700-6400-selection-table,selection column:内核类型,"""单核 32 位 RISC-V 处理器""",2026-08-14T07:54:09+00:00,manufacturer_product_page
device,hpmicro::hpm6430ian,最高主频（MHz）,hpmicro:selector:hpm6700,https://www.hpmicro.com/product-center/microcontroller/hpm6700/6700-6400-selection-table,selection column:最高主频（MHz）,"""816""",2026-08-14T07:54:09+00:00,manufacturer_product_page
device,hpmicro::hpm6430ian,Flash (MB),hpmicro:selector:hpm6700,https://www.hpmicro.com/product-center/microcontroller/hpm6700/6700-6400-selection-table,selection column:Flash (MB),"""0""",2026-08-14T07:54:09+00:00,manufacturer_product_page
device,hpmicro::hpm6430ian,SRAM,hpmicro:selector:hpm6700,https://www.hpmicro.com/product-center/microcontroller/hpm6700/6700-6400-selection-table,selection column:SRAM,"""2MB""",2026-08-14T07:54:09+00:00,manufacturer_product_page
device,hpmicro::hpm6430ian,电源输入（V）,hpmicro:selector:hpm6700,https://www.hpmicro.com/product-center/microcontroller/hpm6700/6700-6400-selection-table,selection column:电源输入（V）,"""3~3.6V""",2026-08-14T07:54:09+00:00,manufacturer_product_page
device,hpmicro::hpm6430ian,图形编解码器,hpmicro:selector:hpm6700,https://www.hpmicro.com/product-center/microcontroller/hpm6700/6700-6400-selection-table,selection column:图形编解码器,"""JPEG编解码器""",2026-08-14T07:54:09+00:00,manufacturer_product_page
device,hpmicro::hpm6430ian,图形加速,hpmicro:selector:hpm6700,https://www.hpmicro.com/product-center/microcontroller/hpm6700/6700-6400-selection-table,selection column:图形加速,"""支持""",2026-08-14T07:54:09+00:00,manufacturer_product_page
device,hpmicro::hpm6430ian,LCD,hpmicro:selector:hpm6700,https://www.hpmicro.com/product-center/microcontroller/hpm6700/6700-6400-selection-table,selection column:LCD,"""16位（RGB565）,24位（RGB888）""",2026-08-14T07:54:09+00:00,manufacturer_product_page
device,hpmicro::hpm6430ian,摄像头接口（DVP）,hpmicro:selector:hpm6700,https://www.hpmicro.com/product-center/microcontroller/hpm6700/6700-6400-selection-table,selection column:摄像头接口（DVP）,"""2×8bit 80 MHz摄像头接口""",2026-08-14T07:54:09+00:00,manufacturer_product_page
device,hpmicro::hpm6430ian,I²S,hpmicro:selector:hpm6700,https://www.hpmicro.com/product-center/microcontroller/hpm6700/6700-6400-selection-table,selection column:I²S,"""4""",2026-08-14T07:54:09+00:00,manufacturer_product_page
device,hpmicro::hpm6430ian,数字音频输出,hpmicro:selector:hpm6700,https://www.hpmicro.com/product-center/microcontroller/hpm6700/6700-6400-selection-table,selection column:数字音频输出,"""1""",2026-08-14T07:54:09+00:00,manufacturer_product_page
device,hpmicro::hpm6430ian,DDR,hpmicro:selector:hpm6700,https://www.hpmicro.com/product-center/microcontroller/hpm6700/6700-6400-selection-table,selection column:DDR,"""/""",2026-08-14T07:54:09+00:00,manufacturer_product_page
device,hpmicro::hpm6430ian,SDRAM,hpmicro:selector:hpm6700,https://www.hpmicro.com/product-center/microcontroller/hpm6700/6700-6400-selection-table,selection column:SDRAM,"""16bit""",2026-08-14T07:54:09+00:00,manufacturer_product_page
device,hpmicro::hpm6430ian,SD/eMMC （*63系列无eMMC）,hpmicro:selector:hpm6700,https://www.hpmicro.com/product-center/microcontroller/hpm6700/6700-6400-selection-table,selection column:SD/eMMC （*63系列无eMMC）,"""2""",2026-08-14T07:54:09+00:00,manufacturer_product_page
device,hpmicro::hpm6430ian,XPI,hpmicro:selector:hpm6700,https://www.hpmicro.com/product-center/microcontroller/hpm6700/6700-6400-selection-table,selection column:XPI,"""2""",2026-08-14T07:54:09+00:00,manufacturer_product_page
device,hpmicro::hpm6430ian,以太网,hpmicro:selector:hpm6700,https://www.hpmicro.com/product-center/microcontroller/hpm6700/6700-6400-selection-table,selection column:以太网,"""1x1000/100/10Mbps 以太网 + 1x100/10Mbps 以太网""",2026-08-14T07:54:09+00:00,manufacturer_product_page
device,hpmicro::hpm6430ian,CAN,hpmicro:selector:hpm6700,https://www.hpmicro.com/product-center/microcontroller/hpm6700/6700-6400-selection-table,selection column:CAN,"""CAN""",2026-08-14T07:54:09+00:00,manufacturer_product_page
device,hpmicro::hpm6430ian,USB,hpmicro:selector:hpm6700,https://www.hpmicro.com/product-center/microcontroller/hpm6700/6700-6400-selection-table,selection column:USB,"""USB HS w/ PHY ×2""",2026-08-14T07:54:09+00:00,manufacturer_product_page
device,hpmicro::hpm6430ian,SPI,hpmicro:selector:hpm6700,https://www.hpmicro.com/product-center/microcontroller/hpm6700/6700-6400-selection-table,selection column:SPI,"""4""",2026-08-14T07:54:09+00:00,manufacturer_product_page
device,hpmicro::hpm6430ian,I²C,hpmicro:selector:hpm6700,https://www.hpmicro.com/product-center/microcontroller/hpm6700/6700-6400-selection-table,selection column:I²C,"""4""",2026-08-14T07:54:09+00:00,manufacturer_product_page
device,hpmicro::hpm6430ian,UART,hpmicro:selector:hpm6700,https://www.hpmicro.com/product-center/microcontroller/hpm6700/6700-6400-selection-table,selection column:UART,"""17""",2026-08-14T07:54:09+00:00,manufacturer_product_page
device,hpmicro::hpm6430ian,Crypto 安全算法,hpmicro:selector:hpm6700,https://www.hpmicro.com/product-center/microcontroller/hpm6700/6700-6400-selection-table,selection column:Crypto 安全算法,"""AES128/256, SHA-1/256""",2026-08-14T07:54:09+00:00,manufacturer_product_page
device,hpmicro::hpm6430ian,PDM数字麦克风,hpmicro:selector:hpm6700,https://www.hpmicro.com/product-center/microcontroller/hpm6700/6700-6400-selection-table,selection column:PDM数字麦克风,"""8通道""",2026-08-14T07:54:09+00:00,manufacturer_product_page
device,hpmicro::hpm6430ian,安全特性,hpmicro:selector:hpm6700,https://www.hpmicro.com/product-center/microcontroller/hpm6700/6700-6400-selection-table,selection column:安全特性,"""安全启动，芯片生命周期管理，加密固件升级""",2026-08-14T07:54:09+00:00,manufacturer_product_page
device,hpmicro::hpm6430ian,功能安全,hpmicro:selector:hpm6700,https://www.hpmicro.com/product-center/microcontroller/hpm6700/6700-6400-selection-table,selection column:功能安全,"""/""",2026-08-14T07:54:09+00:00,manufacturer_product_page
device,hpmicro::hpm6430ian,电机控制,hpmicro:selector:hpm6700,https://www.hpmicro.com/product-center/microcontroller/hpm6700/6700-6400-selection-table,selection column:电机控制,"""4×8通道PWM，4x 正交编码器接口QEI，4 x 霍尔传感器接口HALL""",2026-08-14T07:54:09+00:00,manufacturer_product_page
device,hpmicro::hpm6430ian,RTC,hpmicro:selector:hpm6700,https://www.hpmicro.com/product-center/microcontroller/hpm6700/6700-6400-selection-table,selection column:RTC,"""1""",2026-08-14T07:54:09+00:00,manufacturer_product_page
device,hpmicro::hpm6430ian,GPTimer,hpmicro:selector:hpm6700,https://www.hpmicro.com/product-center/microcontroller/hpm6700/6700-6400-selection-table,selection column:GPTimer,"""9×32 位""",2026-08-14T07:54:09+00:00,manufacturer_product_page
device,hpmicro::hpm6430ian,WDG,hpmicro:selector:hpm6700,https://www.hpmicro.com/product-center/microcontroller/hpm6700/6700-6400-selection-table,selection column:WDG,"""5""",2026-08-14T07:54:09+00:00,manufacturer_product_page
device,hpmicro::hpm6430ian,ADC 12bit,hpmicro:selector:hpm6700,https://www.hpmicro.com/product-center/microcontroller/hpm6700/6700-6400-selection-table,selection column:ADC 12bit,"""3""",2026-08-14T07:54:09+00:00,manufacturer_product_page
device,hpmicro::hpm6430ian,ADC 16bit,hpmicro:selector:hpm6700,https://www.hpmicro.com/product-center/microcontroller/hpm6700/6700-6400-selection-table,selection column:ADC 16bit,"""1""",2026-08-14T07:54:09+00:00,manufacturer_product_page
device,hpmicro::hpm6430ian,DAC 12bit,hpmicro:selector:hpm6700,https://www.hpmicro.com/product-center/microcontroller/hpm6700/6700-6400-selection-table,selection column:DAC 12bit,"""0""",2026-08-14T07:54:09+00:00,manufacturer_product_page
device,hpmicro::hpm6430ian,比较器,hpmicro:selector:hpm6700,https://www.hpmicro.com/product-center/microcontroller/hpm6700/6700-6400-selection-table,selection column:比较器,"""4""",2026-08-14T07:54:09+00:00,manufacturer_product_page
device,hpmicro::hpm6430ian,运算放大器,hpmicro:selector:hpm6700,https://www.hpmicro.com/product-center/microcontroller/hpm6700/6700-6400-selection-table,selection column:运算放大器,"""/""",2026-08-14T07:54:09+00:00,manufacturer_product_page
device,hpmicro::hpm6430ian,封装形式,hpmicro:selector:hpm6700,https://www.hpmicro.com/product-center/microcontroller/hpm6700/6700-6400-selection-table,selection column:封装形式,"""10×10 196BGA 0.65P""",2026-08-14T07:54:09+00:00,manufacturer_product_page
device,hpmicro::hpm6430ian,产品厚度（mm),hpmicro:selector:hpm6700,https://www.hpmicro.com/product-center/microcontroller/hpm6700/6700-6400-selection-table,selection column:产品厚度（mm),"""1.17""",2026-08-14T07:54:09+00:00,manufacturer_product_page
device,hpmicro::hpm6430ian,脚间距（mm),hpmicro:selector:hpm6700,https://www.hpmicro.com/product-center/microcontroller/hpm6700/6700-6400-selection-table,selection column:脚间距（mm),"""0.65""",2026-08-14T07:54:09+00:00,manufacturer_product_page
device,hpmicro::hpm6430ian,包装方式,hpmicro:selector:hpm6700,https://www.hpmicro.com/product-center/microcontroller/hpm6700/6700-6400-selection-table,selection column:包装方式,"""Tray 盘""",2026-08-14T07:54:09+00:00,manufacturer_product_page
device,hpmicro::hpm6430ian,MPQ,hpmicro:selector:hpm6700,https://www.hpmicro.com/product-center/microcontroller/hpm6700/6700-6400-selection-table,selection column:MPQ,"""240""",2026-08-14T07:54:09+00:00,manufacturer_product_page
device,hpmicro::hpm6430ian,MOQ,hpmicro:selector:hpm6700,https://www.hpmicro.com/product-center/microcontroller/hpm6700/6700-6400-selection-table,selection column:MOQ,"""/""",2026-08-14T07:54:09+00:00,manufacturer_product_page
device,hpmicro::hpm6430ian,温度范围,hpmicro:selector:hpm6700,https://www.hpmicro.com/product-center/microcontroller/hpm6700/6700-6400-selection-table,selection column:温度范围,"""- 40 ~105°C Ta""",2026-08-14T07:54:09+00:00,manufacturer_product_page
device,hpmicro::hpm6430ian,型号,hpmicro:selector:hpm6700,https://www.hpmicro.com/product-center/microcontroller/hpm6700/6700-6400-selection-table,selection column:型号,"""HPM6430IAN""",2026-08-14T07:54:09+00:00,manufacturer_product_page
device,hpmicro::hpm6454ivm,内核类型,hpmicro:selector:hpm6700,https://www.hpmicro.com/product-center/microcontroller/hpm6700/6700-6400-selection-table,selection column:内核类型,"""单核 32 位 RISC-V 处理器""",2026-08-14T07:54:09+00:00,manufacturer_product_page
device,hpmicro::hpm6454ivm,最高主频（MHz）,hpmicro:selector:hpm6700,https://www.hpmicro.com/product-center/microcontroller/hpm6700/6700-6400-selection-table,selection column:最高主频（MHz）,"""816""",2026-08-14T07:54:09+00:00,manufacturer_product_page
device,hpmicro::hpm6454ivm,Flash (MB),hpmicro:selector:hpm6700,https://www.hpmicro.com/product-center/microcontroller/hpm6700/6700-6400-selection-table,selection column:Flash (MB),"""4""",2026-08-14T07:54:09+00:00,manufacturer_product_page
device,hpmicro::hpm6454ivm,SRAM,hpmicro:selector:hpm6700,https://www.hpmicro.com/product-center/microcontroller/hpm6700/6700-6400-selection-table,selection column:SRAM,"""2MB""",2026-08-14T07:54:09+00:00,manufacturer_product_page
device,hpmicro::hpm6454ivm,电源输入（V）,hpmicro:selector:hpm6700,https://www.hpmicro.com/product-center/microcontroller/hpm6700/6700-6400-selection-table,selection column:电源输入（V）,"""3~3.6V""",2026-08-14T07:54:09+00:00,manufacturer_product_page
device,hpmicro::hpm6454ivm,图形编解码器,hpmicro:selector:hpm6700,https://www.hpmicro.com/product-center/microcontroller/hpm6700/6700-6400-selection-table,selection column:图形编解码器,"""JPEG编解码器""",2026-08-14T07:54:09+00:00,manufacturer_product_page
device,hpmicro::hpm6454ivm,图形加速,hpmicro:selector:hpm6700,https://www.hpmicro.com/product-center/microcontroller/hpm6700/6700-6400-selection-table,selection column:图形加速,"""支持""",2026-08-14T07:54:09+00:00,manufacturer_product_page
device,hpmicro::hpm6454ivm,LCD,hpmicro:selector:hpm6700,https://www.hpmicro.com/product-center/microcontroller/hpm6700/6700-6400-selection-table,selection column:LCD,"""16位（RGB565）,24位（RGB888）""",2026-08-14T07:54:09+00:00,manufacturer_product_page
device,hpmicro::hpm6454ivm,摄像头接口（DVP）,hpmicro:selector:hpm6700,https://www.hpmicro.com/product-center/microcontroller/hpm6700/6700-6400-selection-table,selection column:摄像头接口（DVP）,"""2×8bit 80 MHz摄像头接口""",2026-08-14T07:54:09+00:00,manufacturer_product_page
device,hpmicro::hpm6454ivm,I²S,hpmicro:selector:hpm6700,https://www.hpmicro.com/product-center/microcontroller/hpm6700/6700-6400-selection-table,selection column:I²S,"""4""",2026-08-14T07:54:09+00:00,manufacturer_product_page
device,hpmicro::hpm6454ivm,数字音频输出,hpmicro:selector:hpm6700,https://www.hpmicro.com/product-center/microcontroller/hpm6700/6700-6400-selection-table,selection column:数字音频输出,"""1""",2026-08-14T07:54:09+00:00,manufacturer_product_page
device,hpmicro::hpm6454ivm,DDR,hpmicro:selector:hpm6700,https://www.hpmicro.com/product-center/microcontroller/hpm6700/6700-6400-selection-table,selection column:DDR,"""/""",2026-08-14T07:54:09+00:00,manufacturer_product_page
device,hpmicro::hpm6454ivm,SDRAM,hpmicro:selector:hpm6700,https://www.hpmicro.com/product-center/microcontroller/hpm6700/6700-6400-selection-table,selection column:SDRAM,"""32bit""",2026-08-14T07:54:09+00:00,manufacturer_product_page
device,hpmicro::hpm6454ivm,SD/eMMC （*63系列无eMMC）,hpmicro:selector:hpm6700,https://www.hpmicro.com/product-center/microcontroller/hpm6700/6700-6400-selection-table,selection column:SD/eMMC （*63系列无eMMC）,"""3""",2026-08-14T07:54:09+00:00,manufacturer_product_page
device,hpmicro::hpm6454ivm,XPI,hpmicro:selector:hpm6700,https://www.hpmicro.com/product-center/microcontroller/hpm6700/6700-6400-selection-table,selection column:XPI,"""3""",2026-08-14T07:54:09+00:00,manufacturer_product_page
device,hpmicro::hpm6454ivm,以太网,hpmicro:selector:hpm6700,https://www.hpmicro.com/product-center/microcontroller/hpm6700/6700-6400-selection-table,selection column:以太网,"""2x1000/100/10 Mbps以太网""",2026-08-14T07:54:09+00:00,manufacturer_product_page
device,hpmicro::hpm6454ivm,CAN,hpmicro:selector:hpm6700,https://www.hpmicro.com/product-center/microcontroller/hpm6700/6700-6400-selection-table,selection column:CAN,"""CAN FD""",2026-08-14T07:54:09+00:00,manufacturer_product_page
device,hpmicro::hpm6454ivm,USB,hpmicro:selector:hpm6700,https://www.hpmicro.com/product-center/microcontroller/hpm6700/6700-6400-selection-table,selection column:USB,"""USB HS w/ PHY ×2""",2026-08-14T07:54:09+00:00,manufacturer_product_page
device,hpmicro::hpm6454ivm,SPI,hpmicro:selector:hpm6700,https://www.hpmicro.com/product-center/microcontroller/hpm6700/6700-6400-selection-table,selection column:SPI,"""4""",2026-08-14T07:54:09+00:00,manufacturer_product_page
device,hpmicro::hpm6454ivm,I²C,hpmicro:selector:hpm6700,https://www.hpmicro.com/product-center/microcontroller/hpm6700/6700-6400-selection-table,selection column:I²C,"""4""",2026-08-14T07:54:09+00:00,manufacturer_product_page
device,hpmicro::hpm6454ivm,UART,hpmicro:selector:hpm6700,https://www.hpmicro.com/product-center/microcontroller/hpm6700/6700-6400-selection-table,selection column:UART,"""17""",2026-08-14T07:54:09+00:00,manufacturer_product_page
device,hpmicro::hpm6454ivm,Crypto 安全算法,hpmicro:selector:hpm6700,https://www.hpmicro.com/product-center/microcontroller/hpm6700/6700-6400-selection-table,selection column:Crypto 安全算法,"""AES128/256, SHA-1/256""",2026-08-14T07:54:09+00:00,manufacturer_product_page
device,hpmicro::hpm6454ivm,PDM数字麦克风,hpmicro:selector:hpm6700,https://www.hpmicro.com/product-center/microcontroller/hpm6700/6700-6400-selection-table,selection column:PDM数字麦克风,"""8通道""",2026-08-14T07:54:09+00:00,manufacturer_product_page
device,hpmicro::hpm6454ivm,安全特性,hpmicro:selector:hpm6700,https://www.hpmicro.com/product-center/microcontroller/hpm6700/6700-6400-selection-table,selection column:安全特性,"""安全启动，芯片生命周期管理，加密固件升级""",2026-08-14T07:54:09+00:00,manufacturer_product_page
device,hpmicro::hpm6454ivm,功能安全,hpmicro:selector:hpm6700,https://www.hpmicro.com/product-center/microcontroller/hpm6700/6700-6400-selection-table,selection column:功能安全,"""/""",2026-08-14T07:54:09+00:00,manufacturer_product_page
device,hpmicro::hpm6454ivm,电机控制,hpmicro:selector:hpm6700,https://www.hpmicro.com/product-center/microcontroller/hpm6700/6700-6400-selection-table,selection column:电机控制,"""4×8通道PWM，4x 正交编码器接口QEI，4 x 霍尔传感器接口HALL""",2026-08-14T07:54:09+00:00,manufacturer_product_page
device,hpmicro::hpm6454ivm,RTC,hpmicro:selector:hpm6700,https://www.hpmicro.com/product-center/microcontroller/hpm6700/6700-6400-selection-table,selection column:RTC,"""1""",2026-08-14T07:54:09+00:00,manufacturer_product_page
device,hpmicro::hpm6454ivm,GPTimer,hpmicro:selector:hpm6700,https://www.hpmicro.com/product-center/microcontroller/hpm6700/6700-6400-selection-table,selection column:GPTimer,"""9×32 位""",2026-08-14T07:54:09+00:00,manufacturer_product_page
device,hpmicro::hpm6454ivm,WDG,hpmicro:selector:hpm6700,https://www.hpmicro.com/product-center/microcontroller/hpm6700/6700-6400-selection-table,selection column:WDG,"""5""",2026-08-14T07:54:09+00:00,manufacturer_product_page
device,hpmicro::hpm6454ivm,ADC 12bit,hpmicro:selector:hpm6700,https://www.hpmicro.com/product-center/microcontroller/hpm6700/6700-6400-selection-table,selection column:ADC 12bit,"""3""",2026-08-14T07:54:09+00:00,manufacturer_product_page
device,hpmicro::hpm6454ivm,ADC 16bit,hpmicro:selector:hpm6700,https://www.hpmicro.com/product-center/microcontroller/hpm6700/6700-6400-selection-table,selection column:ADC 16bit,"""1""",2026-08-14T07:54:09+00:00,manufacturer_product_page
device,hpmicro::hpm6454ivm,DAC 12bit,hpmicro:selector:hpm6700,https://www.hpmicro.com/product-center/microcontroller/hpm6700/6700-6400-selection-table,selection column:DAC 12bit,"""0""",2026-08-14T07:54:09+00:00,manufacturer_product_page
device,hpmicro::hpm6454ivm,比较器,hpmicro:selector:hpm6700,https://www.hpmicro.com/product-center/microcontroller/hpm6700/6700-6400-selection-table,selection column:比较器,"""4""",2026-08-14T07:54:09+00:00,manufacturer_product_page
device,hpmicro::hpm6454ivm,运算放大器,hpmicro:selector:hpm6700,https://www.hpmicro.com/product-center/microcontroller/hpm6700/6700-6400-selection-table,selection column:运算放大器,"""/""",2026-08-14T07:54:09+00:00,manufacturer_product_page
device,hpmicro::hpm6454ivm,封装形式,hpmicro:selector:hpm6700,https://www.hpmicro.com/product-center/microcontroller/hpm6700/6700-6400-selection-table,selection column:封装形式,"""14×14 289BGA 0.8P""",2026-08-14T07:54:09+00:00,manufacturer_product_page
device,hpmicro::hpm6454ivm,产品厚度（mm),hpmicro:selector:hpm6700,https://www.hpmicro.com/product-center/microcontroller/hpm6700/6700-6400-selection-table,selection column:产品厚度（mm),"""1.18""",2026-08-14T07:54:09+00:00,manufacturer_product_page
device,hpmicro::hpm6454ivm,脚间距（mm),hpmicro:selector:hpm6700,https://www.hpmicro.com/product-center/microcontroller/hpm6700/6700-6400-selection-table,selection column:脚间距（mm),"""0.8""",2026-08-14T07:54:09+00:00,manufacturer_product_page
device,hpmicro::hpm6454ivm,包装方式,hpmicro:selector:hpm6700,https://www.hpmicro.com/product-center/microcontroller/hpm6700/6700-6400-selection-table,selection column:包装方式,"""Tray 盘""",2026-08-14T07:54:09+00:00,manufacturer_product_page
device,hpmicro::hpm6454ivm,MPQ,hpmicro:selector:hpm6700,https://www.hpmicro.com/product-center/microcontroller/hpm6700/6700-6400-selection-table,selection column:MPQ,"""119""",2026-08-14T07:54:09+00:00,manufacturer_product_page
device,hpmicro::hpm6454ivm,MOQ,hpmicro:selector:hpm6700,https://www.hpmicro.com/product-center/microcontroller/hpm6700/6700-6400-selection-table,selection column:MOQ,"""/""",2026-08-14T07:54:09+00:00,manufacturer_product_page
device,hpmicro::hpm6454ivm,温度范围,hpmicro:selector:hpm6700,https://www.hpmicro.com/product-center/microcontroller/hpm6700/6700-6400-selection-table,selection column:温度范围,"""- 40 ~105°C Ta""",2026-08-14T07:54:09+00:00,manufacturer_product_page
device,hpmicro::hpm6454ivm,型号,hpmicro:selector:hpm6700,https://www.hpmicro.com/product-center/microcontroller/hpm6700/6700-6400-selection-table,selection column:型号,"""HPM6454IVM""",2026-08-14T07:54:09+00:00,manufacturer_product_page
device,hpmicro::hpm6454ian,内核类型,hpmicro:selector:hpm6700,https://www.hpmicro.com/product-center/microcontroller/hpm6700/6700-6400-selection-table,selection column:内核类型,"""单核 32 位 RISC-V 处理器""",2026-08-14T07:54:09+00:00,manufacturer_product_page
device,hpmicro::hpm6454ian,最高主频（MHz）,hpmicro:selector:hpm6700,https://www.hpmicro.com/product-center/microcontroller/hpm6700/6700-6400-selection-table,selection column:最高主频（MHz）,"""816""",2026-08-14T07:54:09+00:00,manufacturer_product_page
device,hpmicro::hpm6454ian,Flash (MB),hpmicro:selector:hpm6700,https://www.hpmicro.com/product-center/microcontroller/hpm6700/6700-6400-selection-table,selection column:Flash (MB),"""4""",2026-08-14T07:54:09+00:00,manufacturer_product_page
device,hpmicro::hpm6454ian,SRAM,hpmicro:selector:hpm6700,https://www.hpmicro.com/product-center/microcontroller/hpm6700/6700-6400-selection-table,selection column:SRAM,"""2MB""",2026-08-14T07:54:09+00:00,manufacturer_product_page
device,hpmicro::hpm6454ian,电源输入（V）,hpmicro:selector:hpm6700,https://www.hpmicro.com/product-center/microcontroller/hpm6700/6700-6400-selection-table,selection column:电源输入（V）,"""3~3.6V""",2026-08-14T07:54:09+00:00,manufacturer_product_page
device,hpmicro::hpm6454ian,图形编解码器,hpmicro:selector:hpm6700,https://www.hpmicro.com/product-center/microcontroller/hpm6700/6700-6400-selection-table,selection column:图形编解码器,"""JPEG编解码器""",2026-08-14T07:54:09+00:00,manufacturer_product_page
device,hpmicro::hpm6454ian,图形加速,hpmicro:selector:hpm6700,https://www.hpmicro.com/product-center/microcontroller/hpm6700/6700-6400-selection-table,selection column:图形加速,"""支持""",2026-08-14T07:54:09+00:00,manufacturer_product_page
device,hpmicro::hpm6454ian,LCD,hpmicro:selector:hpm6700,https://www.hpmicro.com/product-center/microcontroller/hpm6700/6700-6400-selection-table,selection column:LCD,"""16位（RGB565）,24位（RGB888）""",2026-08-14T07:54:09+00:00,manufacturer_product_page
device,hpmicro::hpm6454ian,摄像头接口（DVP）,hpmicro:selector:hpm6700,https://www.hpmicro.com/product-center/microcontroller/hpm6700/6700-6400-selection-table,selection column:摄像头接口（DVP）,"""2×8bit 80 MHz摄像头接口""",2026-08-14T07:54:09+00:00,manufacturer_product_page
device,hpmicro::hpm6454ian,I²S,hpmicro:selector:hpm6700,https://www.hpmicro.com/product-center/microcontroller/hpm6700/6700-6400-selection-table,selection column:I²S,"""4""",2026-08-14T07:54:09+00:00,manufacturer_product_page
device,hpmicro::hpm6454ian,数字音频输出,hpmicro:selector:hpm6700,https://www.hpmicro.com/product-center/microcontroller/hpm6700/6700-6400-selection-table,selection column:数字音频输出,"""1""",2026-08-14T07:54:09+00:00,manufacturer_product_page
device,hpmicro::hpm6454ian,DDR,hpmicro:selector:hpm6700,https://www.hpmicro.com/product-center/microcontroller/hpm6700/6700-6400-selection-table,selection column:DDR,"""/""",2026-08-14T07:54:09+00:00,manufacturer_product_page
device,hpmicro::hpm6454ian,SDRAM,hpmicro:selector:hpm6700,https://www.hpmicro.com/product-center/microcontroller/hpm6700/6700-6400-selection-table,selection column:SDRAM,"""16bit""",2026-08-14T07:54:09+00:00,manufacturer_product_page
device,hpmicro::hpm6454ian,SD/eMMC （*63系列无eMMC）,hpmicro:selector:hpm6700,https://www.hpmicro.com/product-center/microcontroller/hpm6700/6700-6400-selection-table,selection column:SD/eMMC （*63系列无eMMC）,"""4""",2026-08-14T07:54:09+00:00,manufacturer_product_page
device,hpmicro::hpm6454ian,XPI,hpmicro:selector:hpm6700,https://www.hpmicro.com/product-center/microcontroller/hpm6700/6700-6400-selection-table,selection column:XPI,"""4""",2026-08-14T07:54:09+00:00,manufacturer_product_page
device,hpmicro::hpm6454ian,以太网,hpmicro:selector:hpm6700,https://www.hpmicro.com/product-center/microcontroller/hpm6700/6700-6400-selection-table,selection column:以太网,"""1x1000/100/10Mbps 以太网 + 1x100/10Mbps 以太网""",2026-08-14T07:54:09+00:00,manufacturer_product_page
device,hpmicro::hpm6454ian,CAN,hpmicro:selector:hpm6700,https://www.hpmicro.com/product-center/microcontroller/hpm6700/6700-6400-selection-table,selection column:CAN,"""CAN FD""",2026-08-14T07:54:09+00:00,manufacturer_product_page
device,hpmicro::hpm6454ian,USB,hpmicro:selector:hpm6700,https://www.hpmicro.com/product-center/microcontroller/hpm6700/6700-6400-selection-table,selection column:USB,"""USB HS w/ PHY ×2""",2026-08-14T07:54:09+00:00,manufacturer_product_page
device,hpmicro::hpm6454ian,SPI,hpmicro:selector:hpm6700,https://www.hpmicro.com/product-center/microcontroller/hpm6700/6700-6400-selection-table,selection column:SPI,"""4""",2026-08-14T07:54:09+00:00,manufacturer_product_page
device,hpmicro::hpm6454ian,I²C,hpmicro:selector:hpm6700,https://www.hpmicro.com/product-center/microcontroller/hpm6700/6700-6400-selection-table,selection column:I²C,"""4""",2026-08-14T07:54:09+00:00,manufacturer_product_page
device,hpmicro::hpm6454ian,UART,hpmicro:selector:hpm6700,https://www.hpmicro.com/product-center/microcontroller/hpm6700/6700-6400-selection-table,selection column:UART,"""17""",2026-08-14T07:54:09+00:00,manufacturer_product_page
device,hpmicro::hpm6454ian,Crypto 安全算法,hpmicro:selector:hpm6700,https://www.hpmicro.com/product-center/microcontroller/hpm6700/6700-6400-selection-table,selection column:Crypto 安全算法,"""AES128/256, SHA-1/256""",2026-08-14T07:54:09+00:00,manufacturer_product_page
device,hpmicro::hpm6454ian,PDM数字麦克风,hpmicro:selector:hpm6700,https://www.hpmicro.com/product-center/microcontroller/hpm6700/6700-6400-selection-table,selection column:PDM数字麦克风,"""8通道""",2026-08-14T07:54:09+00:00,manufacturer_product_page
device,hpmicro::hpm6454ian,安全特性,hpmicro:selector:hpm6700,https://www.hpmicro.com/product-center/microcontroller/hpm6700/6700-6400-selection-table,selection column:安全特性,"""安全启动，芯片生命周期管理，加密固件升级""",2026-08-14T07:54:09+00:00,manufacturer_product_page
device,hpmicro::hpm6454ian,功能安全,hpmicro:selector:hpm6700,https://www.hpmicro.com/product-center/microcontroller/hpm6700/6700-6400-selection-table,selection column:功能安全,"""/""",2026-08-14T07:54:09+00:00,manufacturer_product_page
device,hpmicro::hpm6454ian,电机控制,hpmicro:selector:hpm6700,https://www.hpmicro.com/product-center/microcontroller/hpm6700/6700-6400-selection-table,selection column:电机控制,"""4×8通道PWM，4x 正交编码器接口QEI，4 x 霍尔传感器接口HALL""",2026-08-14T07:54:09+00:00,manufacturer_product_page
device,hpmicro::hpm6454ian,RTC,hpmicro:selector:hpm6700,https://www.hpmicro.com/product-center/microcontroller/hpm6700/6700-6400-selection-table,selection column:RTC,"""1""",2026-08-14T07:54:09+00:00,manufacturer_product_page
device,hpmicro::hpm6454ian,GPTimer,hpmicro:selector:hpm6700,https://www.hpmicro.com/product-center/microcontroller/hpm6700/6700-6400-selection-table,selection column:GPTimer,"""9×32 位""",2026-08-14T07:54:09+00:00,manufacturer_product_page
device,hpmicro::hpm6454ian,WDG,hpmicro:selector:hpm6700,https://www.hpmicro.com/product-center/microcontroller/hpm6700/6700-6400-selection-table,selection column:WDG,"""5""",2026-08-14T07:54:09+00:00,manufacturer_product_page
device,hpmicro::hpm6454ian,ADC 12bit,hpmicro:selector:hpm6700,https://www.hpmicro.com/product-center/microcontroller/hpm6700/6700-6400-selection-table,selection column:ADC 12bit,"""3""",2026-08-14T07:54:09+00:00,manufacturer_product_page
device,hpmicro::hpm6454ian,ADC 16bit,hpmicro:selector:hpm6700,https://www.hpmicro.com/product-center/microcontroller/hpm6700/6700-6400-selection-table,selection column:ADC 16bit,"""1""",2026-08-14T07:54:09+00:00,manufacturer_product_page
device,hpmicro::hpm6454ian,DAC 12bit,hpmicro:selector:hpm6700,https://www.hpmicro.com/product-center/microcontroller/hpm6700/6700-6400-selection-table,selection column:DAC 12bit,"""0""",2026-08-14T07:54:09+00:00,manufacturer_product_page
device,hpmicro::hpm6454ian,比较器,hpmicro:selector:hpm6700,https://www.hpmicro.com/product-center/microcontroller/hpm6700/6700-6400-selection-table,selection column:比较器,"""4""",2026-08-14T07:54:09+00:00,manufacturer_product_page
device,hpmicro::hpm6454ian,运算放大器,hpmicro:selector:hpm6700,https://www.hpmicro.com/product-center/microcontroller/hpm6700/6700-6400-selection-table,selection column:运算放大器,"""/""",2026-08-14T07:54:09+00:00,manufacturer_product_page
device,hpmicro::hpm6454ian,封装形式,hpmicro:selector:hpm6700,https://www.hpmicro.com/product-center/microcontroller/hpm6700/6700-6400-selection-table,selection column:封装形式,"""10×10 196BGA 0.65P""",2026-08-14T07:54:09+00:00,manufacturer_product_page
device,hpmicro::hpm6454ian,产品厚度（mm),hpmicro:selector:hpm6700,https://www.hpmicro.com/product-center/microcontroller/hpm6700/6700-6400-selection-table,selection column:产品厚度（mm),"""1.17""",2026-08-14T07:54:09+00:00,manufacturer_product_page
device,hpmicro::hpm6454ian,脚间距（mm),hpmicro:selector:hpm6700,https://www.hpmicro.com/product-center/microcontroller/hpm6700/6700-6400-selection-table,selection column:脚间距（mm),"""0.65""",2026-08-14T07:54:09+00:00,manufacturer_product_page
device,hpmicro::hpm6454ian,包装方式,hpmicro:selector:hpm6700,https://www.hpmicro.com/product-center/microcontroller/hpm6700/6700-6400-selection-table,selection column:包装方式,"""Tray 盘""",2026-08-14T07:54:09+00:00,manufacturer_product_page
device,hpmicro::hpm6454ian,MPQ,hpmicro:selector:hpm6700,https://www.hpmicro.com/product-center/microcontroller/hpm6700/6700-6400-selection-table,selection column:MPQ,"""240""",2026-08-14T07:54:09+00:00,manufacturer_product_page
device,hpmicro::hpm6454ian,MOQ,hpmicro:selector:hpm6700,https://www.hpmicro.com/product-center/microcontroller/hpm6700/6700-6400-selection-table,selection column:MOQ,"""/""",2026-08-14T07:54:09+00:00,manufacturer_product_page
device,hpmicro::hpm6454ian,温度范围,hpmicro:selector:hpm6700,https://www.hpmicro.com/product-center/microcontroller/hpm6700/6700-6400-selection-table,selection column:温度范围,"""- 40 ~105°C Ta""",2026-08-14T07:54:09+00:00,manufacturer_product_page
device,hpmicro::hpm6454ian,型号,hpmicro:selector:hpm6700,https://www.hpmicro.com/product-center/microcontroller/hpm6700/6700-6400-selection-table,selection column:型号,"""HPM6454IAN""",2026-08-14T07:54:09+00:00,manufacturer_product_page
device,hpmicro::hpm64g0ivm,内核类型,hpmicro:selector:hpm6700,https://www.hpmicro.com/product-center/microcontroller/hpm6700/6700-6400-selection-table,selection column:内核类型,"""单核 32 位 RISC-V 处理器""",2026-08-14T07:54:09+00:00,manufacturer_product_page
device,hpmicro::hpm64g0ivm,最高主频（MHz）,hpmicro:selector:hpm6700,https://www.hpmicro.com/product-center/microcontroller/hpm6700/6700-6400-selection-table,selection column:最高主频（MHz）,"""1GHz""",2026-08-14T07:54:09+00:00,manufacturer_product_page
device,hpmicro::hpm64g0ivm,Flash (MB),hpmicro:selector:hpm6700,https://www.hpmicro.com/product-center/microcontroller/hpm6700/6700-6400-selection-table,selection column:Flash (MB),"""0""",2026-08-14T07:54:09+00:00,manufacturer_product_page
device,hpmicro::hpm64g0ivm,SRAM,hpmicro:selector:hpm6700,https://www.hpmicro.com/product-center/microcontroller/hpm6700/6700-6400-selection-table,selection column:SRAM,"""2MB""",2026-08-14T07:54:09+00:00,manufacturer_product_page
device,hpmicro::hpm64g0ivm,电源输入（V）,hpmicro:selector:hpm6700,https://www.hpmicro.com/product-center/microcontroller/hpm6700/6700-6400-selection-table,selection column:电源输入（V）,"""3~3.6V""",2026-08-14T07:54:09+00:00,manufacturer_product_page
device,hpmicro::hpm64g0ivm,图形编解码器,hpmicro:selector:hpm6700,https://www.hpmicro.com/product-center/microcontroller/hpm6700/6700-6400-selection-table,selection column:图形编解码器,"""JPEG编解码器""",2026-08-14T07:54:09+00:00,manufacturer_product_page
device,hpmicro::hpm64g0ivm,图形加速,hpmicro:selector:hpm6700,https://www.hpmicro.com/product-center/microcontroller/hpm6700/6700-6400-selection-table,selection column:图形加速,"""支持""",2026-08-14T07:54:09+00:00,manufacturer_product_page
device,hpmicro::hpm64g0ivm,LCD,hpmicro:selector:hpm6700,https://www.hpmicro.com/product-center/microcontroller/hpm6700/6700-6400-selection-table,selection column:LCD,"""16位（RGB565）,24位（RGB888）""",2026-08-14T07:54:09+00:00,manufacturer_product_page
device,hpmicro::hpm64g0ivm,摄像头接口（DVP）,hpmicro:selector:hpm6700,https://www.hpmicro.com/product-center/microcontroller/hpm6700/6700-6400-selection-table,selection column:摄像头接口（DVP）,"""2×8bit 80 MHz摄像头接口""",2026-08-14T07:54:09+00:00,manufacturer_product_page
device,hpmicro::hpm64g0ivm,I²S,hpmicro:selector:hpm6700,https://www.hpmicro.com/product-center/microcontroller/hpm6700/6700-6400-selection-table,selection column:I²S,"""4""",2026-08-14T07:54:09+00:00,manufacturer_product_page
device,hpmicro::hpm64g0ivm,数字音频输出,hpmicro:selector:hpm6700,https://www.hpmicro.com/product-center/microcontroller/hpm6700/6700-6400-selection-table,selection column:数字音频输出,"""1""",2026-08-14T07:54:09+00:00,manufacturer_product_page
device,hpmicro::hpm64g0ivm,DDR,hpmicro:selector:hpm6700,https://www.hpmicro.com/product-center/microcontroller/hpm6700/6700-6400-selection-table,selection column:DDR,"""/""",2026-08-14T07:54:09+00:00,manufacturer_product_page
device,hpmicro::hpm64g0ivm,SDRAM,hpmicro:selector:hpm6700,https://www.hpmicro.com/product-center/microcontroller/hpm6700/6700-6400-selection-table,selection column:SDRAM,"""32bit""",2026-08-14T07:54:09+00:00,manufacturer_product_page
device,hpmicro::hpm64g0ivm,SD/eMMC （*63系列无eMMC）,hpmicro:selector:hpm6700,https://www.hpmicro.com/product-center/microcontroller/hpm6700/6700-6400-selection-table,selection column:SD/eMMC （*63系列无eMMC）,"""3""",2026-08-14T07:54:09+00:00,manufacturer_product_page
device,hpmicro::hpm64g0ivm,XPI,hpmicro:selector:hpm6700,https://www.hpmicro.com/product-center/microcontroller/hpm6700/6700-6400-selection-table,selection column:XPI,"""3""",2026-08-14T07:54:09+00:00,manufacturer_product_page
device,hpmicro::hpm64g0ivm,以太网,hpmicro:selector:hpm6700,https://www.hpmicro.com/product-center/microcontroller/hpm6700/6700-6400-selection-table,selection column:以太网,"""2x1000/100/10 Mbps以太网""",2026-08-14T07:54:09+00:00,manufacturer_product_page
device,hpmicro::hpm64g0ivm,CAN,hpmicro:selector:hpm6700,https://www.hpmicro.com/product-center/microcontroller/hpm6700/6700-6400-selection-table,selection column:CAN,"""CAN FD""",2026-08-14T07:54:09+00:00,manufacturer_product_page
device,hpmicro::hpm64g0ivm,USB,hpmicro:selector:hpm6700,https://www.hpmicro.com/product-center/microcontroller/hpm6700/6700-6400-selection-table,selection column:USB,"""USB HS w/ PHY ×2""",2026-08-14T07:54:09+00:00,manufacturer_product_page
device,hpmicro::hpm64g0ivm,SPI,hpmicro:selector:hpm6700,https://www.hpmicro.com/product-center/microcontroller/hpm6700/6700-6400-selection-table,selection column:SPI,"""4""",2026-08-14T07:54:09+00:00,manufacturer_product_page
device,hpmicro::hpm64g0ivm,I²C,hpmicro:selector:hpm6700,https://www.hpmicro.com/product-center/microcontroller/hpm6700/6700-6400-selection-table,selection column:I²C,"""4""",2026-08-14T07:54:09+00:00,manufacturer_product_page
device,hpmicro::hpm64g0ivm,UART,hpmicro:selector:hpm6700,https://www.hpmicro.com/product-center/microcontroller/hpm6700/6700-6400-selection-table,selection column:UART,"""17""",2026-08-14T07:54:09+00:00,manufacturer_product_page
device,hpmicro::hpm64g0ivm,Crypto 安全算法,hpmicro:selector:hpm6700,https://www.hpmicro.com/product-center/microcontroller/hpm6700/6700-6400-selection-table,selection column:Crypto 安全算法,"""AES128/256, SHA-1/256""",2026-08-14T07:54:09+00:00,manufacturer_product_page
device,hpmicro::hpm64g0ivm,PDM数字麦克风,hpmicro:selector:hpm6700,https://www.hpmicro.com/product-center/microcontroller/hpm6700/6700-6400-selection-table,selection column:PDM数字麦克风,"""8通道""",2026-08-14T07:54:09+00:00,manufacturer_product_page
device,hpmicro::hpm64g0ivm,安全特性,hpmicro:selector:hpm6700,https://www.hpmicro.com/product-center/microcontroller/hpm6700/6700-6400-selection-table,selection column:安全特性,"""安全启动，芯片生命周期管理，加密固件升级""",2026-08-14T07:54:09+00:00,manufacturer_product_page
device,hpmicro::hpm64g0ivm,功能安全,hpmicro:selector:hpm6700,https://www.hpmicro.com/product-center/microcontroller/hpm6700/6700-6400-selection-table,selection column:功能安全,"""/""",2026-08-14T07:54:09+00:00,manufacturer_product_page
device,hpmicro::hpm64g0ivm,电机控制,hpmicro:selector:hpm6700,https://www.hpmicro.com/product-center/microcontroller/hpm6700/6700-6400-selection-table,selection column:电机控制,"""4×8通道PWM，4x 正交编码器接口QEI，4 x 霍尔传感器接口HALL""",2026-08-14T07:54:09+00:00,manufacturer_product_page
device,hpmicro::hpm64g0ivm,RTC,hpmicro:selector:hpm6700,https://www.hpmicro.com/product-center/microcontroller/hpm6700/6700-6400-selection-table,selection column:RTC,"""1""",2026-08-14T07:54:09+00:00,manufacturer_product_page
device,hpmicro::hpm64g0ivm,GPTimer,hpmicro:selector:hpm6700,https://www.hpmicro.com/product-center/microcontroller/hpm6700/6700-6400-selection-table,selection column:GPTimer,"""9×32 位""",2026-08-14T07:54:09+00:00,manufacturer_product_page
device,hpmicro::hpm64g0ivm,WDG,hpmicro:selector:hpm6700,https://www.hpmicro.com/product-center/microcontroller/hpm6700/6700-6400-selection-table,selection column:WDG,"""5""",2026-08-14T07:54:09+00:00,manufacturer_product_page
device,hpmicro::hpm64g0ivm,ADC 12bit,hpmicro:selector:hpm6700,https://www.hpmicro.com/product-center/microcontroller/hpm6700/6700-6400-selection-table,selection column:ADC 12bit,"""3""",2026-08-14T07:54:09+00:00,manufacturer_product_page
device,hpmicro::hpm64g0ivm,ADC 16bit,hpmicro:selector:hpm6700,https://www.hpmicro.com/product-center/microcontroller/hpm6700/6700-6400-selection-table,selection column:ADC 16bit,"""1""",2026-08-14T07:54:09+00:00,manufacturer_product_page
device,hpmicro::hpm64g0ivm,DAC 12bit,hpmicro:selector:hpm6700,https://www.hpmicro.com/product-center/microcontroller/hpm6700/6700-6400-selection-table,selection column:DAC 12bit,"""0""",2026-08-14T07:54:09+00:00,manufacturer_product_page
device,hpmicro::hpm64g0ivm,比较器,hpmicro:selector:hpm6700,https://www.hpmicro.com/product-center/microcontroller/hpm6700/6700-6400-selection-table,selection column:比较器,"""4""",2026-08-14T07:54:09+00:00,manufacturer_product_page
device,hpmicro::hpm64g0ivm,运算放大器,hpmicro:selector:hpm6700,https://www.hpmicro.com/product-center/microcontroller/hpm6700/6700-6400-selection-table,selection column:运算放大器,"""/""",2026-08-14T07:54:09+00:00,manufacturer_product_page
device,hpmicro::hpm64g0ivm,封装形式,hpmicro:selector:hpm6700,https://www.hpmicro.com/product-center/microcontroller/hpm6700/6700-6400-selection-table,selection column:封装形式,"""14×14 289BGA 0.8P""",2026-08-14T07:54:09+00:00,manufacturer_product_page
device,hpmicro::hpm64g0ivm,产品厚度（mm),hpmicro:selector:hpm6700,https://www.hpmicro.com/product-center/microcontroller/hpm6700/6700-6400-selection-table,selection column:产品厚度（mm),"""1.18""",2026-08-14T07:54:09+00:00,manufacturer_product_page
device,hpmicro::hpm64g0ivm,脚间距（mm),hpmicro:selector:hpm6700,https://www.hpmicro.com/product-center/microcontroller/hpm6700/6700-6400-selection-table,selection column:脚间距（mm),"""0.8""",2026-08-14T07:54:09+00:00,manufacturer_product_page
device,hpmicro::hpm64g0ivm,包装方式,hpmicro:selector:hpm6700,https://www.hpmicro.com/product-center/microcontroller/hpm6700/6700-6400-selection-table,selection column:包装方式,"""Tray 盘""",2026-08-14T07:54:09+00:00,manufacturer_product_page
device,hpmicro::hpm64g0ivm,MPQ,hpmicro:selector:hpm6700,https://www.hpmicro.com/product-center/microcontroller/hpm6700/6700-6400-selection-table,selection column:MPQ,"""119""",2026-08-14T07:54:09+00:00,manufacturer_product_page
device,hpmicro::hpm64g0ivm,MOQ,hpmicro:selector:hpm6700,https://www.hpmicro.com/product-center/microcontroller/hpm6700/6700-6400-selection-table,selection column:MOQ,"""/""",2026-08-14T07:54:09+00:00,manufacturer_product_page
device,hpmicro::hpm64g0ivm,温度范围,hpmicro:selector:hpm6700,https://www.hpmicro.com/product-center/microcontroller/hpm6700/6700-6400-selection-table,selection column:温度范围,"""- 40 ~105°C Ta""",2026-08-14T07:54:09+00:00,manufacturer_product_page
device,hpmicro::hpm64g0ivm,型号,hpmicro:selector:hpm6700,https://www.hpmicro.com/product-center/microcontroller/hpm6700/6700-6400-selection-table,selection column:型号,"""HPM64G0IVM""",2026-08-14T07:54:09+00:00,manufacturer_product_page
device,hpmicro::hpm64g0ian,内核类型,hpmicro:selector:hpm6700,https://www.hpmicro.com/product-center/microcontroller/hpm6700/6700-6400-selection-table,selection column:内核类型,"""单核 32 位 RISC-V 处理器""",2026-08-14T07:54:09+00:00,manufacturer_product_page
device,hpmicro::hpm64g0ian,最高主频（MHz）,hpmicro:selector:hpm6700,https://www.hpmicro.com/product-center/microcontroller/hpm6700/6700-6400-selection-table,selection column:最高主频（MHz）,"""1GHz""",2026-08-14T07:54:09+00:00,manufacturer_product_page
device,hpmicro::hpm64g0ian,Flash (MB),hpmicro:selector:hpm6700,https://www.hpmicro.com/product-center/microcontroller/hpm6700/6700-6400-selection-table,selection column:Flash (MB),"""0""",2026-08-14T07:54:09+00:00,manufacturer_product_page
device,hpmicro::hpm64g0ian,SRAM,hpmicro:selector:hpm6700,https://www.hpmicro.com/product-center/microcontroller/hpm6700/6700-6400-selection-table,selection column:SRAM,"""2MB""",2026-08-14T07:54:09+00:00,manufacturer_product_page
device,hpmicro::hpm64g0ian,电源输入（V）,hpmicro:selector:hpm6700,https://www.hpmicro.com/product-center/microcontroller/hpm6700/6700-6400-selection-table,selection column:电源输入（V）,"""3~3.6V""",2026-08-14T07:54:09+00:00,manufacturer_product_page
device,hpmicro::hpm64g0ian,图形编解码器,hpmicro:selector:hpm6700,https://www.hpmicro.com/product-center/microcontroller/hpm6700/6700-6400-selection-table,selection column:图形编解码器,"""JPEG编解码器""",2026-08-14T07:54:09+00:00,manufacturer_product_page
device,hpmicro::hpm64g0ian,图形加速,hpmicro:selector:hpm6700,https://www.hpmicro.com/product-center/microcontroller/hpm6700/6700-6400-selection-table,selection column:图形加速,"""支持""",2026-08-14T07:54:09+00:00,manufacturer_product_page
device,hpmicro::hpm64g0ian,LCD,hpmicro:selector:hpm6700,https://www.hpmicro.com/product-center/microcontroller/hpm6700/6700-6400-selection-table,selection column:LCD,"""16位（RGB565）,24位（RGB888）""",2026-08-14T07:54:09+00:00,manufacturer_product_page
device,hpmicro::hpm64g0ian,摄像头接口（DVP）,hpmicro:selector:hpm6700,https://www.hpmicro.com/product-center/microcontroller/hpm6700/6700-6400-selection-table,selection column:摄像头接口（DVP）,"""2×8bit 80 MHz摄像头接口""",2026-08-14T07:54:09+00:00,manufacturer_product_page
device,hpmicro::hpm64g0ian,I²S,hpmicro:selector:hpm6700,https://www.hpmicro.com/product-center/microcontroller/hpm6700/6700-6400-selection-table,selection column:I²S,"""4""",2026-08-14T07:54:09+00:00,manufacturer_product_page
device,hpmicro::hpm64g0ian,数字音频输出,hpmicro:selector:hpm6700,https://www.hpmicro.com/product-center/microcontroller/hpm6700/6700-6400-selection-table,selection column:数字音频输出,"""1""",2026-08-14T07:54:09+00:00,manufacturer_product_page
device,hpmicro::hpm64g0ian,DDR,hpmicro:selector:hpm6700,https://www.hpmicro.com/product-center/microcontroller/hpm6700/6700-6400-selection-table,selection column:DDR,"""/""",2026-08-14T07:54:09+00:00,manufacturer_product_page
device,hpmicro::hpm64g0ian,SDRAM,hpmicro:selector:hpm6700,https://www.hpmicro.com/product-center/microcontroller/hpm6700/6700-6400-selection-table,selection column:SDRAM,"""16bit""",2026-08-14T07:54:09+00:00,manufacturer_product_page
device,hpmicro::hpm64g0ian,SD/eMMC （*63系列无eMMC）,hpmicro:selector:hpm6700,https://www.hpmicro.com/product-center/microcontroller/hpm6700/6700-6400-selection-table,selection column:SD/eMMC （*63系列无eMMC）,"""4""",2026-08-14T07:54:09+00:00,manufacturer_product_page
device,hpmicro::hpm64g0ian,XPI,hpmicro:selector:hpm6700,https://www.hpmicro.com/product-center/microcontroller/hpm6700/6700-6400-selection-table,selection column:XPI,"""4""",2026-08-14T07:54:09+00:00,manufacturer_product_page
device,hpmicro::hpm64g0ian,以太网,hpmicro:selector:hpm6700,https://www.hpmicro.com/product-center/microcontroller/hpm6700/6700-6400-selection-table,selection column:以太网,"""1x1000/100/10Mbps 以太网 + 1x100/10Mbps 以太网""",2026-08-14T07:54:09+00:00,manufacturer_product_page
device,hpmicro::hpm64g0ian,CAN,hpmicro:selector:hpm6700,https://www.hpmicro.com/product-center/microcontroller/hpm6700/6700-6400-selection-table,selection column:CAN,"""CAN FD""",2026-08-14T07:54:09+00:00,manufacturer_product_page
device,hpmicro::hpm64g0ian,USB,hpmicro:selector:hpm6700,https://www.hpmicro.com/product-center/microcontroller/hpm6700/6700-6400-selection-table,selection column:USB,"""USB HS w/ PHY ×2""",2026-08-14T07:54:09+00:00,manufacturer_product_page
device,hpmicro::hpm64g0ian,SPI,hpmicro:selector:hpm6700,https://www.hpmicro.com/product-center/microcontroller/hpm6700/6700-6400-selection-table,selection column:SPI,"""4""",2026-08-14T07:54:09+00:00,manufacturer_product_page
device,hpmicro::hpm64g0ian,I²C,hpmicro:selector:hpm6700,https://www.hpmicro.com/product-center/microcontroller/hpm6700/6700-6400-selection-table,selection column:I²C,"""4""",2026-08-14T07:54:09+00:00,manufacturer_product_page
device,hpmicro::hpm64g0ian,UART,hpmicro:selector:hpm6700,https://www.hpmicro.com/product-center/microcontroller/hpm6700/6700-6400-selection-table,selection column:UART,"""17""",2026-08-14T07:54:09+00:00,manufacturer_product_page
device,hpmicro::hpm64g0ian,Crypto 安全算法,hpmicro:selector:hpm6700,https://www.hpmicro.com/product-center/microcontroller/hpm6700/6700-6400-selection-table,selection column:Crypto 安全算法,"""AES128/256, SHA-1/256""",2026-08-14T07:54:09+00:00,manufacturer_product_page
device,hpmicro::hpm64g0ian,PDM数字麦克风,hpmicro:selector:hpm6700,https://www.hpmicro.com/product-center/microcontroller/hpm6700/6700-6400-selection-table,selection column:PDM数字麦克风,"""8通道""",2026-08-14T07:54:09+00:00,manufacturer_product_page
device,hpmicro::hpm64g0ian,安全特性,hpmicro:selector:hpm6700,https://www.hpmicro.com/product-center/microcontroller/hpm6700/6700-6400-selection-table,selection column:安全特性,"""安全启动，芯片生命周期管理，加密固件升级""",2026-08-14T07:54:09+00:00,manufacturer_product_page
device,hpmicro::hpm64g0ian,功能安全,hpmicro:selector:hpm6700,https://www.hpmicro.com/product-center/microcontroller/hpm6700/6700-6400-selection-table,selection column:功能安全,"""/""",2026-08-14T07:54:09+00:00,manufacturer_product_page
device,hpmicro::hpm64g0ian,电机控制,hpmicro:selector:hpm6700,https://www.hpmicro.com/product-center/microcontroller/hpm6700/6700-6400-selection-table,selection column:电机控制,"""4×8通道PWM，4x 正交编码器接口QEI，4 x 霍尔传感器接口HALL""",2026-08-14T07:54:09+00:00,manufacturer_product_page
device,hpmicro::hpm64g0ian,RTC,hpmicro:selector:hpm6700,https://www.hpmicro.com/product-center/microcontroller/hpm6700/6700-6400-selection-table,selection column:RTC,"""1""",2026-08-14T07:54:09+00:00,manufacturer_product_page
device,hpmicro::hpm64g0ian,GPTimer,hpmicro:selector:hpm6700,https://www.hpmicro.com/product-center/microcontroller/hpm6700/6700-6400-selection-table,selection column:GPTimer,"""9×32 位""",2026-08-14T07:54:09+00:00,manufacturer_product_page
device,hpmicro::hpm64g0ian,WDG,hpmicro:selector:hpm6700,https://www.hpmicro.com/product-center/microcontroller/hpm6700/6700-6400-selection-table,selection column:WDG,"""5""",2026-08-14T07:54:09+00:00,manufacturer_product_page
device,hpmicro::hpm64g0ian,ADC 12bit,hpmicro:selector:hpm6700,https://www.hpmicro.com/product-center/microcontroller/hpm6700/6700-6400-selection-table,selection column:ADC 12bit,"""3""",2026-08-14T07:54:09+00:00,manufacturer_product_page
device,hpmicro::hpm64g0ian,ADC 16bit,hpmicro:selector:hpm6700,https://www.hpmicro.com/product-center/microcontroller/hpm6700/6700-6400-selection-table,selection column:ADC 16bit,"""1""",2026-08-14T07:54:09+00:00,manufacturer_product_page
device,hpmicro::hpm64g0ian,DAC 12bit,hpmicro:selector:hpm6700,https://www.hpmicro.com/product-center/microcontroller/hpm6700/6700-6400-selection-table,selection column:DAC 12bit,"""0""",2026-08-14T07:54:09+00:00,manufacturer_product_page
device,hpmicro::hpm64g0ian,比较器,hpmicro:selector:hpm6700,https://www.hpmicro.com/product-center/microcontroller/hpm6700/6700-6400-selection-table,selection column:比较器,"""4""",2026-08-14T07:54:09+00:00,manufacturer_product_page
device,hpmicro::hpm64g0ian,运算放大器,hpmicro:selector:hpm6700,https://www.hpmicro.com/product-center/microcontroller/hpm6700/6700-6400-selection-table,selection column:运算放大器,"""/""",2026-08-14T07:54:09+00:00,manufacturer_product_page
device,hpmicro::hpm64g0ian,封装形式,hpmicro:selector:hpm6700,https://www.hpmicro.com/product-center/microcontroller/hpm6700/6700-6400-selection-table,selection column:封装形式,"""10×10 196BGA 0.65P""",2026-08-14T07:54:09+00:00,manufacturer_product_page
device,hpmicro::hpm64g0ian,产品厚度（mm),hpmicro:selector:hpm6700,https://www.hpmicro.com/product-center/microcontroller/hpm6700/6700-6400-selection-table,selection column:产品厚度（mm),"""1.17""",2026-08-14T07:54:09+00:00,manufacturer_product_page
device,hpmicro::hpm64g0ian,脚间距（mm),hpmicro:selector:hpm6700,https://www.hpmicro.com/product-center/microcontroller/hpm6700/6700-6400-selection-table,selection column:脚间距（mm),"""0.65""",2026-08-14T07:54:09+00:00,manufacturer_product_page
device,hpmicro::hpm64g0ian,包装方式,hpmicro:selector:hpm6700,https://www.hpmicro.com/product-center/microcontroller/hpm6700/6700-6400-selection-table,selection column:包装方式,"""Tray 盘""",2026-08-14T07:54:09+00:00,manufacturer_product_page
device,hpmicro::hpm64g0ian,MPQ,hpmicro:selector:hpm6700,https://www.hpmicro.com/product-center/microcontroller/hpm6700/6700-6400-selection-table,selection column:MPQ,"""240""",2026-08-14T07:54:09+00:00,manufacturer_product_page
device,hpmicro::hpm64g0ian,MOQ,hpmicro:selector:hpm6700,https://www.hpmicro.com/product-center/microcontroller/hpm6700/6700-6400-selection-table,selection column:MOQ,"""/""",2026-08-14T07:54:09+00:00,manufacturer_product_page
device,hpmicro::hpm64g0ian,温度范围,hpmicro:selector:hpm6700,https://www.hpmicro.com/product-center/microcontroller/hpm6700/6700-6400-selection-table,selection column:温度范围,"""- 40 ~105°C Ta""",2026-08-14T07:54:09+00:00,manufacturer_product_page
device,hpmicro::hpm64g0ian,型号,hpmicro:selector:hpm6700,https://www.hpmicro.com/product-center/microcontroller/hpm6700/6700-6400-selection-table,selection column:型号,"""HPM64G0IAN""",2026-08-14T07:54:09+00:00,manufacturer_product_page
device,hpmicro::hpm6880ibd,内核类型,hpmicro:selector:hpm6800,https://www.hpmicro.com/product-center/microcontroller/hpm6800/selection-table,selection column:内核类型,"""单核 32 位 RISC-V 处理器""",2026-08-14T07:54:09+00:00,manufacturer_product_page
device,hpmicro::hpm6880ibd,最高主频（MHz）,hpmicro:selector:hpm6800,https://www.hpmicro.com/product-center/microcontroller/hpm6800/selection-table,selection column:最高主频（MHz）,"""600""",2026-08-14T07:54:09+00:00,manufacturer_product_page
device,hpmicro::hpm6880ibd,Flash (MB),hpmicro:selector:hpm6800,https://www.hpmicro.com/product-center/microcontroller/hpm6800/selection-table,selection column:Flash (MB),"""0""",2026-08-14T07:54:09+00:00,manufacturer_product_page
device,hpmicro::hpm6880ibd,SRAM,hpmicro:selector:hpm6800,https://www.hpmicro.com/product-center/microcontroller/hpm6800/selection-table,selection column:SRAM,"""1064KB""",2026-08-14T07:54:09+00:00,manufacturer_product_page
device,hpmicro::hpm6880ibd,电源输入（V）,hpmicro:selector:hpm6800,https://www.hpmicro.com/product-center/microcontroller/hpm6800/selection-table,selection column:电源输入（V）,"""3~3.6V""",2026-08-14T07:54:09+00:00,manufacturer_product_page
device,hpmicro::hpm6880ibd,图形编解码器,hpmicro:selector:hpm6800,https://www.hpmicro.com/product-center/microcontroller/hpm6800/selection-table,selection column:图形编解码器,"""JPEG编解码器""",2026-08-14T07:54:09+00:00,manufacturer_product_page
device,hpmicro::hpm6880ibd,图形加速,hpmicro:selector:hpm6800,https://www.hpmicro.com/product-center/microcontroller/hpm6800/selection-table,selection column:图形加速,"""2.5D GPU""",2026-08-14T07:54:09+00:00,manufacturer_product_page
device,hpmicro::hpm6880ibd,LCD,hpmicro:selector:hpm6800,https://www.hpmicro.com/product-center/microcontroller/hpm6800/selection-table,selection column:LCD,"""2路RGB/MIPI-DSI/LVDS-Tx""",2026-08-14T07:54:09+00:00,manufacturer_product_page
device,hpmicro::hpm6880ibd,摄像头接口（DVP）,hpmicro:selector:hpm6800,https://www.hpmicro.com/product-center/microcontroller/hpm6800/selection-table,selection column:摄像头接口（DVP）,"""2路DVP/MIPI-CSI/LVDS-Rx""",2026-08-14T07:54:09+00:00,manufacturer_product_page
device,hpmicro::hpm6880ibd,I²S,hpmicro:selector:hpm6800,https://www.hpmicro.com/product-center/microcontroller/hpm6800/selection-table,selection column:I²S,"""4""",2026-08-14T07:54:09+00:00,manufacturer_product_page
device,hpmicro::hpm6880ibd,数字音频输出,hpmicro:selector:hpm6800,https://www.hpmicro.com/product-center/microcontroller/hpm6800/selection-table,selection column:数字音频输出,"""1""",2026-08-14T07:54:09+00:00,manufacturer_product_page
device,hpmicro::hpm6880ibd,DDR,hpmicro:selector:hpm6800,https://www.hpmicro.com/product-center/microcontroller/hpm6800/selection-table,selection column:DDR,"""DDR2/DDR3/DDR3L""",2026-08-14T07:54:09+00:00,manufacturer_product_page
device,hpmicro::hpm6880ibd,SDRAM,hpmicro:selector:hpm6800,https://www.hpmicro.com/product-center/microcontroller/hpm6800/selection-table,selection column:SDRAM,"""2""",2026-08-14T07:54:09+00:00,manufacturer_product_page
device,hpmicro::hpm6880ibd,SD/eMMC （*63系列无eMMC）,hpmicro:selector:hpm6800,https://www.hpmicro.com/product-center/microcontroller/hpm6800/selection-table,selection column:SD/eMMC （*63系列无eMMC）,"""/""",2026-08-14T07:54:09+00:00,manufacturer_product_page
device,hpmicro::hpm6880ibd,XPI,hpmicro:selector:hpm6800,https://www.hpmicro.com/product-center/microcontroller/hpm6800/selection-table,selection column:XPI,"""1""",2026-08-14T07:54:09+00:00,manufacturer_product_page
device,hpmicro::hpm6880ibd,以太网,hpmicro:selector:hpm6800,https://www.hpmicro.com/product-center/microcontroller/hpm6800/selection-table,selection column:以太网,"""/""",2026-08-14T07:54:09+00:00,manufacturer_product_page
device,hpmicro::hpm6880ibd,CAN,hpmicro:selector:hpm6800,https://www.hpmicro.com/product-center/microcontroller/hpm6800/selection-table,selection column:CAN,"""CAN FD x 8""",2026-08-14T07:54:09+00:00,manufacturer_product_page
device,hpmicro::hpm6880ibd,USB,hpmicro:selector:hpm6800,https://www.hpmicro.com/product-center/microcontroller/hpm6800/selection-table,selection column:USB,"""USB HS w/ PHY ×1""",2026-08-14T07:54:09+00:00,manufacturer_product_page
device,hpmicro::hpm6880ibd,SPI,hpmicro:selector:hpm6800,https://www.hpmicro.com/product-center/microcontroller/hpm6800/selection-table,selection column:SPI,"""4""",2026-08-14T07:54:09+00:00,manufacturer_product_page
device,hpmicro::hpm6880ibd,I²C,hpmicro:selector:hpm6800,https://www.hpmicro.com/product-center/microcontroller/hpm6800/selection-table,selection column:I²C,"""4""",2026-08-14T07:54:09+00:00,manufacturer_product_page
device,hpmicro::hpm6880ibd,UART,hpmicro:selector:hpm6800,https://www.hpmicro.com/product-center/microcontroller/hpm6800/selection-table,selection column:UART,"""9""",2026-08-14T07:54:09+00:00,manufacturer_product_page
device,hpmicro::hpm6880ibd,Crypto 安全算法,hpmicro:selector:hpm6800,https://www.hpmicro.com/product-center/microcontroller/hpm6800/selection-table,selection column:Crypto 安全算法,"""AES128/256, SHA-1/256""",2026-08-14T07:54:09+00:00,manufacturer_product_page
device,hpmicro::hpm6880ibd,PDM数字麦克风,hpmicro:selector:hpm6800,https://www.hpmicro.com/product-center/microcontroller/hpm6800/selection-table,selection column:PDM数字麦克风,"""8通道""",2026-08-14T07:54:09+00:00,manufacturer_product_page
device,hpmicro::hpm6880ibd,安全特性,hpmicro:selector:hpm6800,https://www.hpmicro.com/product-center/microcontroller/hpm6800/selection-table,selection column:安全特性,"""安全启动,JTAG 保护,实时代码加密执行""",2026-08-14T07:54:09+00:00,manufacturer_product_page
device,hpmicro::hpm6880ibd,功能安全,hpmicro:selector:hpm6800,https://www.hpmicro.com/product-center/microcontroller/hpm6800/selection-table,selection column:功能安全,"""/""",2026-08-14T07:54:09+00:00,manufacturer_product_page
device,hpmicro::hpm6880ibd,电机控制,hpmicro:selector:hpm6800,https://www.hpmicro.com/product-center/microcontroller/hpm6800/selection-table,selection column:电机控制,"""/""",2026-08-14T07:54:09+00:00,manufacturer_product_page
device,hpmicro::hpm6880ibd,RTC,hpmicro:selector:hpm6800,https://www.hpmicro.com/product-center/microcontroller/hpm6800/selection-table,selection column:RTC,"""1""",2026-08-14T07:54:09+00:00,manufacturer_product_page
device,hpmicro::hpm6880ibd,GPTimer,hpmicro:selector:hpm6800,https://www.hpmicro.com/product-center/microcontroller/hpm6800/selection-table,selection column:GPTimer,"""9×32 位""",2026-08-14T07:54:09+00:00,manufacturer_product_page
device,hpmicro::hpm6880ibd,WDG,hpmicro:selector:hpm6800,https://www.hpmicro.com/product-center/microcontroller/hpm6800/selection-table,selection column:WDG,"""3""",2026-08-14T07:54:09+00:00,manufacturer_product_page
device,hpmicro::hpm6880ibd,ADC 12bit,hpmicro:selector:hpm6800,https://www.hpmicro.com/product-center/microcontroller/hpm6800/selection-table,selection column:ADC 12bit,"""/""",2026-08-14T07:54:09+00:00,manufacturer_product_page
device,hpmicro::hpm6880ibd,ADC 16bit,hpmicro:selector:hpm6800,https://www.hpmicro.com/product-center/microcontroller/hpm6800/selection-table,selection column:ADC 16bit,"""1""",2026-08-14T07:54:09+00:00,manufacturer_product_page
device,hpmicro::hpm6880ibd,DAC 12bit,hpmicro:selector:hpm6800,https://www.hpmicro.com/product-center/microcontroller/hpm6800/selection-table,selection column:DAC 12bit,"""/""",2026-08-14T07:54:09+00:00,manufacturer_product_page
device,hpmicro::hpm6880ibd,比较器,hpmicro:selector:hpm6800,https://www.hpmicro.com/product-center/microcontroller/hpm6800/selection-table,selection column:比较器,"""/""",2026-08-14T07:54:09+00:00,manufacturer_product_page
device,hpmicro::hpm6880ibd,运算放大器,hpmicro:selector:hpm6800,https://www.hpmicro.com/product-center/microcontroller/hpm6800/selection-table,selection column:运算放大器,"""/""",2026-08-14T07:54:09+00:00,manufacturer_product_page
device,hpmicro::hpm6880ibd,封装形式,hpmicro:selector:hpm6800,https://www.hpmicro.com/product-center/microcontroller/hpm6800/selection-table,selection column:封装形式,"""17×17 417BGA P0.8""",2026-08-14T07:54:09+00:00,manufacturer_product_page
device,hpmicro::hpm6880ibd,脚间距（mm),hpmicro:selector:hpm6800,https://www.hpmicro.com/product-center/microcontroller/hpm6800/selection-table,selection column:脚间距（mm),"""0.8""",2026-08-14T07:54:09+00:00,manufacturer_product_page
device,hpmicro::hpm6880ibd,温度范围,hpmicro:selector:hpm6800,https://www.hpmicro.com/product-center/microcontroller/hpm6800/selection-table,selection column:温度范围,"""−40 ∼ 125°C Tj / −40 ∼ 105°C Ta""",2026-08-14T07:54:09+00:00,manufacturer_product_page
device,hpmicro::hpm6880ibd,型号,hpmicro:selector:hpm6800,https://www.hpmicro.com/product-center/microcontroller/hpm6800/selection-table,selection column:型号,"""HPM6880IBD""",2026-08-14T07:54:09+00:00,manufacturer_product_page
device,hpmicro::hpm6850ibd,内核类型,hpmicro:selector:hpm6800,https://www.hpmicro.com/product-center/microcontroller/hpm6800/selection-table,selection column:内核类型,"""单核 32 位 RISC-V 处理器""",2026-08-14T07:54:09+00:00,manufacturer_product_page
device,hpmicro::hpm6850ibd,最高主频（MHz）,hpmicro:selector:hpm6800,https://www.hpmicro.com/product-center/microcontroller/hpm6800/selection-table,selection column:最高主频（MHz）,"""600""",2026-08-14T07:54:09+00:00,manufacturer_product_page
device,hpmicro::hpm6850ibd,Flash (MB),hpmicro:selector:hpm6800,https://www.hpmicro.com/product-center/microcontroller/hpm6800/selection-table,selection column:Flash (MB),"""0""",2026-08-14T07:54:09+00:00,manufacturer_product_page
device,hpmicro::hpm6850ibd,SRAM,hpmicro:selector:hpm6800,https://www.hpmicro.com/product-center/microcontroller/hpm6800/selection-table,selection column:SRAM,"""1064KB""",2026-08-14T07:54:09+00:00,manufacturer_product_page
device,hpmicro::hpm6850ibd,电源输入（V）,hpmicro:selector:hpm6800,https://www.hpmicro.com/product-center/microcontroller/hpm6800/selection-table,selection column:电源输入（V）,"""3~3.6V""",2026-08-14T07:54:09+00:00,manufacturer_product_page
device,hpmicro::hpm6850ibd,图形编解码器,hpmicro:selector:hpm6800,https://www.hpmicro.com/product-center/microcontroller/hpm6800/selection-table,selection column:图形编解码器,"""JPEG编解码器""",2026-08-14T07:54:09+00:00,manufacturer_product_page
device,hpmicro::hpm6850ibd,图形加速,hpmicro:selector:hpm6800,https://www.hpmicro.com/product-center/microcontroller/hpm6800/selection-table,selection column:图形加速,"""/""",2026-08-14T07:54:09+00:00,manufacturer_product_page
device,hpmicro::hpm6850ibd,LCD,hpmicro:selector:hpm6800,https://www.hpmicro.com/product-center/microcontroller/hpm6800/selection-table,selection column:LCD,"""2路RGB/MIPI-DSI/LVDS-Tx""",2026-08-14T07:54:09+00:00,manufacturer_product_page
device,hpmicro::hpm6850ibd,摄像头接口（DVP）,hpmicro:selector:hpm6800,https://www.hpmicro.com/product-center/microcontroller/hpm6800/selection-table,selection column:摄像头接口（DVP）,"""2路DVP/MIPI-CSI/LVDS-Rx""",2026-08-14T07:54:09+00:00,manufacturer_product_page
device,hpmicro::hpm6850ibd,I²S,hpmicro:selector:hpm6800,https://www.hpmicro.com/product-center/microcontroller/hpm6800/selection-table,selection column:I²S,"""4""",2026-08-14T07:54:09+00:00,manufacturer_product_page
device,hpmicro::hpm6850ibd,数字音频输出,hpmicro:selector:hpm6800,https://www.hpmicro.com/product-center/microcontroller/hpm6800/selection-table,selection column:数字音频输出,"""1""",2026-08-14T07:54:09+00:00,manufacturer_product_page
device,hpmicro::hpm6850ibd,DDR,hpmicro:selector:hpm6800,https://www.hpmicro.com/product-center/microcontroller/hpm6800/selection-table,selection column:DDR,"""DDR2/DDR3/DDR3L""",2026-08-14T07:54:09+00:00,manufacturer_product_page
device,hpmicro::hpm6850ibd,SDRAM,hpmicro:selector:hpm6800,https://www.hpmicro.com/product-center/microcontroller/hpm6800/selection-table,selection column:SDRAM,"""2""",2026-08-14T07:54:09+00:00,manufacturer_product_page
device,hpmicro::hpm6850ibd,SD/eMMC （*63系列无eMMC）,hpmicro:selector:hpm6800,https://www.hpmicro.com/product-center/microcontroller/hpm6800/selection-table,selection column:SD/eMMC （*63系列无eMMC）,"""/""",2026-08-14T07:54:09+00:00,manufacturer_product_page
device,hpmicro::hpm6850ibd,XPI,hpmicro:selector:hpm6800,https://www.hpmicro.com/product-center/microcontroller/hpm6800/selection-table,selection column:XPI,"""1""",2026-08-14T07:54:09+00:00,manufacturer_product_page
device,hpmicro::hpm6850ibd,以太网,hpmicro:selector:hpm6800,https://www.hpmicro.com/product-center/microcontroller/hpm6800/selection-table,selection column:以太网,"""/""",2026-08-14T07:54:09+00:00,manufacturer_product_page
device,hpmicro::hpm6850ibd,CAN,hpmicro:selector:hpm6800,https://www.hpmicro.com/product-center/microcontroller/hpm6800/selection-table,selection column:CAN,"""CAN FD x 8""",2026-08-14T07:54:09+00:00,manufacturer_product_page
device,hpmicro::hpm6850ibd,USB,hpmicro:selector:hpm6800,https://www.hpmicro.com/product-center/microcontroller/hpm6800/selection-table,selection column:USB,"""USB HS w/ PHY ×1""",2026-08-14T07:54:09+00:00,manufacturer_product_page
device,hpmicro::hpm6850ibd,SPI,hpmicro:selector:hpm6800,https://www.hpmicro.com/product-center/microcontroller/hpm6800/selection-table,selection column:SPI,"""4""",2026-08-14T07:54:09+00:00,manufacturer_product_page
device,hpmicro::hpm6850ibd,I²C,hpmicro:selector:hpm6800,https://www.hpmicro.com/product-center/microcontroller/hpm6800/selection-table,selection column:I²C,"""4""",2026-08-14T07:54:09+00:00,manufacturer_product_page
device,hpmicro::hpm6850ibd,UART,hpmicro:selector:hpm6800,https://www.hpmicro.com/product-center/microcontroller/hpm6800/selection-table,selection column:UART,"""9""",2026-08-14T07:54:09+00:00,manufacturer_product_page
device,hpmicro::hpm6850ibd,Crypto 安全算法,hpmicro:selector:hpm6800,https://www.hpmicro.com/product-center/microcontroller/hpm6800/selection-table,selection column:Crypto 安全算法,"""AES128/256, SHA-1/256""",2026-08-14T07:54:09+00:00,manufacturer_product_page
device,hpmicro::hpm6850ibd,PDM数字麦克风,hpmicro:selector:hpm6800,https://www.hpmicro.com/product-center/microcontroller/hpm6800/selection-table,selection column:PDM数字麦克风,"""8通道""",2026-08-14T07:54:09+00:00,manufacturer_product_page
device,hpmicro::hpm6850ibd,安全特性,hpmicro:selector:hpm6800,https://www.hpmicro.com/product-center/microcontroller/hpm6800/selection-table,selection column:安全特性,"""安全启动,JTAG 保护,实时代码加密执行""",2026-08-14T07:54:09+00:00,manufacturer_product_page
device,hpmicro::hpm6850ibd,功能安全,hpmicro:selector:hpm6800,https://www.hpmicro.com/product-center/microcontroller/hpm6800/selection-table,selection column:功能安全,"""/""",2026-08-14T07:54:09+00:00,manufacturer_product_page
device,hpmicro::hpm6850ibd,电机控制,hpmicro:selector:hpm6800,https://www.hpmicro.com/product-center/microcontroller/hpm6800/selection-table,selection column:电机控制,"""/""",2026-08-14T07:54:09+00:00,manufacturer_product_page
device,hpmicro::hpm6850ibd,RTC,hpmicro:selector:hpm6800,https://www.hpmicro.com/product-center/microcontroller/hpm6800/selection-table,selection column:RTC,"""1""",2026-08-14T07:54:09+00:00,manufacturer_product_page
device,hpmicro::hpm6850ibd,GPTimer,hpmicro:selector:hpm6800,https://www.hpmicro.com/product-center/microcontroller/hpm6800/selection-table,selection column:GPTimer,"""9×32 位""",2026-08-14T07:54:09+00:00,manufacturer_product_page
device,hpmicro::hpm6850ibd,WDG,hpmicro:selector:hpm6800,https://www.hpmicro.com/product-center/microcontroller/hpm6800/selection-table,selection column:WDG,"""3""",2026-08-14T07:54:09+00:00,manufacturer_product_page
device,hpmicro::hpm6850ibd,ADC 12bit,hpmicro:selector:hpm6800,https://www.hpmicro.com/product-center/microcontroller/hpm6800/selection-table,selection column:ADC 12bit,"""/""",2026-08-14T07:54:09+00:00,manufacturer_product_page
device,hpmicro::hpm6850ibd,ADC 16bit,hpmicro:selector:hpm6800,https://www.hpmicro.com/product-center/microcontroller/hpm6800/selection-table,selection column:ADC 16bit,"""1""",2026-08-14T07:54:09+00:00,manufacturer_product_page
device,hpmicro::hpm6850ibd,DAC 12bit,hpmicro:selector:hpm6800,https://www.hpmicro.com/product-center/microcontroller/hpm6800/selection-table,selection column:DAC 12bit,"""/""",2026-08-14T07:54:09+00:00,manufacturer_product_page
device,hpmicro::hpm6850ibd,比较器,hpmicro:selector:hpm6800,https://www.hpmicro.com/product-center/microcontroller/hpm6800/selection-table,selection column:比较器,"""/""",2026-08-14T07:54:09+00:00,manufacturer_product_page
device,hpmicro::hpm6850ibd,运算放大器,hpmicro:selector:hpm6800,https://www.hpmicro.com/product-center/microcontroller/hpm6800/selection-table,selection column:运算放大器,"""/""",2026-08-14T07:54:09+00:00,manufacturer_product_page
device,hpmicro::hpm6850ibd,封装形式,hpmicro:selector:hpm6800,https://www.hpmicro.com/product-center/microcontroller/hpm6800/selection-table,selection column:封装形式,"""17×17 417BGA P0.8""",2026-08-14T07:54:09+00:00,manufacturer_product_page
device,hpmicro::hpm6850ibd,脚间距（mm),hpmicro:selector:hpm6800,https://www.hpmicro.com/product-center/microcontroller/hpm6800/selection-table,selection column:脚间距（mm),"""0.8""",2026-08-14T07:54:09+00:00,manufacturer_product_page
device,hpmicro::hpm6850ibd,温度范围,hpmicro:selector:hpm6800,https://www.hpmicro.com/product-center/microcontroller/hpm6800/selection-table,selection column:温度范围,"""−40 ∼ 125°C Tj / −40 ∼ 105°C Ta""",2026-08-14T07:54:09+00:00,manufacturer_product_page
device,hpmicro::hpm6850ibd,型号,hpmicro:selector:hpm6800,https://www.hpmicro.com/product-center/microcontroller/hpm6800/selection-table,selection column:型号,"""HPM6850IBD""",2026-08-14T07:54:09+00:00,manufacturer_product_page
device,hpmicro::hpm6830ibd,内核类型,hpmicro:selector:hpm6800,https://www.hpmicro.com/product-center/microcontroller/hpm6800/selection-table,selection column:内核类型,"""单核 32 位 RISC-V 处理器""",2026-08-14T07:54:09+00:00,manufacturer_product_page
device,hpmicro::hpm6830ibd,最高主频（MHz）,hpmicro:selector:hpm6800,https://www.hpmicro.com/product-center/microcontroller/hpm6800/selection-table,selection column:最高主频（MHz）,"""600""",2026-08-14T07:54:09+00:00,manufacturer_product_page
device,hpmicro::hpm6830ibd,Flash (MB),hpmicro:selector:hpm6800,https://www.hpmicro.com/product-center/microcontroller/hpm6800/selection-table,selection column:Flash (MB),"""0""",2026-08-14T07:54:09+00:00,manufacturer_product_page
device,hpmicro::hpm6830ibd,SRAM,hpmicro:selector:hpm6800,https://www.hpmicro.com/product-center/microcontroller/hpm6800/selection-table,selection column:SRAM,"""1064KB""",2026-08-14T07:54:09+00:00,manufacturer_product_page
device,hpmicro::hpm6830ibd,电源输入（V）,hpmicro:selector:hpm6800,https://www.hpmicro.com/product-center/microcontroller/hpm6800/selection-table,selection column:电源输入（V）,"""3~3.6V""",2026-08-14T07:54:09+00:00,manufacturer_product_page
device,hpmicro::hpm6830ibd,图形编解码器,hpmicro:selector:hpm6800,https://www.hpmicro.com/product-center/microcontroller/hpm6800/selection-table,selection column:图形编解码器,"""/""",2026-08-14T07:54:09+00:00,manufacturer_product_page
device,hpmicro::hpm6830ibd,图形加速,hpmicro:selector:hpm6800,https://www.hpmicro.com/product-center/microcontroller/hpm6800/selection-table,selection column:图形加速,"""/""",2026-08-14T07:54:09+00:00,manufacturer_product_page
device,hpmicro::hpm6830ibd,LCD,hpmicro:selector:hpm6800,https://www.hpmicro.com/product-center/microcontroller/hpm6800/selection-table,selection column:LCD,"""/""",2026-08-14T07:54:09+00:00,manufacturer_product_page
device,hpmicro::hpm6830ibd,摄像头接口（DVP）,hpmicro:selector:hpm6800,https://www.hpmicro.com/product-center/microcontroller/hpm6800/selection-table,selection column:摄像头接口（DVP）,"""/""",2026-08-14T07:54:09+00:00,manufacturer_product_page
device,hpmicro::hpm6830ibd,I²S,hpmicro:selector:hpm6800,https://www.hpmicro.com/product-center/microcontroller/hpm6800/selection-table,selection column:I²S,"""4""",2026-08-14T07:54:09+00:00,manufacturer_product_page
device,hpmicro::hpm6830ibd,数字音频输出,hpmicro:selector:hpm6800,https://www.hpmicro.com/product-center/microcontroller/hpm6800/selection-table,selection column:数字音频输出,"""1""",2026-08-14T07:54:09+00:00,manufacturer_product_page
device,hpmicro::hpm6830ibd,DDR,hpmicro:selector:hpm6800,https://www.hpmicro.com/product-center/microcontroller/hpm6800/selection-table,selection column:DDR,"""DDR2/DDR3/DDR3L""",2026-08-14T07:54:09+00:00,manufacturer_product_page
device,hpmicro::hpm6830ibd,SDRAM,hpmicro:selector:hpm6800,https://www.hpmicro.com/product-center/microcontroller/hpm6800/selection-table,selection column:SDRAM,"""2""",2026-08-14T07:54:09+00:00,manufacturer_product_page
device,hpmicro::hpm6830ibd,SD/eMMC （*63系列无eMMC）,hpmicro:selector:hpm6800,https://www.hpmicro.com/product-center/microcontroller/hpm6800/selection-table,selection column:SD/eMMC （*63系列无eMMC）,"""/""",2026-08-14T07:54:09+00:00,manufacturer_product_page
device,hpmicro::hpm6830ibd,XPI,hpmicro:selector:hpm6800,https://www.hpmicro.com/product-center/microcontroller/hpm6800/selection-table,selection column:XPI,"""1""",2026-08-14T07:54:09+00:00,manufacturer_product_page
device,hpmicro::hpm6830ibd,以太网,hpmicro:selector:hpm6800,https://www.hpmicro.com/product-center/microcontroller/hpm6800/selection-table,selection column:以太网,"""/""",2026-08-14T07:54:09+00:00,manufacturer_product_page
device,hpmicro::hpm6830ibd,CAN,hpmicro:selector:hpm6800,https://www.hpmicro.com/product-center/microcontroller/hpm6800/selection-table,selection column:CAN,"""CAN FD x 8""",2026-08-14T07:54:09+00:00,manufacturer_product_page
device,hpmicro::hpm6830ibd,USB,hpmicro:selector:hpm6800,https://www.hpmicro.com/product-center/microcontroller/hpm6800/selection-table,selection column:USB,"""USB HS w/ PHY ×1""",2026-08-14T07:54:09+00:00,manufacturer_product_page
device,hpmicro::hpm6830ibd,SPI,hpmicro:selector:hpm6800,https://www.hpmicro.com/product-center/microcontroller/hpm6800/selection-table,selection column:SPI,"""4""",2026-08-14T07:54:09+00:00,manufacturer_product_page
device,hpmicro::hpm6830ibd,I²C,hpmicro:selector:hpm6800,https://www.hpmicro.com/product-center/microcontroller/hpm6800/selection-table,selection column:I²C,"""4""",2026-08-14T07:54:09+00:00,manufacturer_product_page
device,hpmicro::hpm6830ibd,UART,hpmicro:selector:hpm6800,https://www.hpmicro.com/product-center/microcontroller/hpm6800/selection-table,selection column:UART,"""9""",2026-08-14T07:54:09+00:00,manufacturer_product_page
device,hpmicro::hpm6830ibd,Crypto 安全算法,hpmicro:selector:hpm6800,https://www.hpmicro.com/product-center/microcontroller/hpm6800/selection-table,selection column:Crypto 安全算法,"""AES128/256, SHA-1/256""",2026-08-14T07:54:09+00:00,manufacturer_product_page
device,hpmicro::hpm6830ibd,PDM数字麦克风,hpmicro:selector:hpm6800,https://www.hpmicro.com/product-center/microcontroller/hpm6800/selection-table,selection column:PDM数字麦克风,"""8通道""",2026-08-14T07:54:09+00:00,manufacturer_product_page
device,hpmicro::hpm6830ibd,安全特性,hpmicro:selector:hpm6800,https://www.hpmicro.com/product-center/microcontroller/hpm6800/selection-table,selection column:安全特性,"""安全启动,JTAG 保护,实时代码加密执行""",2026-08-14T07:54:09+00:00,manufacturer_product_page
device,hpmicro::hpm6830ibd,功能安全,hpmicro:selector:hpm6800,https://www.hpmicro.com/product-center/microcontroller/hpm6800/selection-table,selection column:功能安全,"""/""",2026-08-14T07:54:09+00:00,manufacturer_product_page
device,hpmicro::hpm6830ibd,电机控制,hpmicro:selector:hpm6800,https://www.hpmicro.com/product-center/microcontroller/hpm6800/selection-table,selection column:电机控制,"""/""",2026-08-14T07:54:09+00:00,manufacturer_product_page
device,hpmicro::hpm6830ibd,RTC,hpmicro:selector:hpm6800,https://www.hpmicro.com/product-center/microcontroller/hpm6800/selection-table,selection column:RTC,"""1""",2026-08-14T07:54:09+00:00,manufacturer_product_page
device,hpmicro::hpm6830ibd,GPTimer,hpmicro:selector:hpm6800,https://www.hpmicro.com/product-center/microcontroller/hpm6800/selection-table,selection column:GPTimer,"""9×32 位""",2026-08-14T07:54:09+00:00,manufacturer_product_page
device,hpmicro::hpm6830ibd,WDG,hpmicro:selector:hpm6800,https://www.hpmicro.com/product-center/microcontroller/hpm6800/selection-table,selection column:WDG,"""3""",2026-08-14T07:54:09+00:00,manufacturer_product_page
device,hpmicro::hpm6830ibd,ADC 12bit,hpmicro:selector:hpm6800,https://www.hpmicro.com/product-center/microcontroller/hpm6800/selection-table,selection column:ADC 12bit,"""/""",2026-08-14T07:54:09+00:00,manufacturer_product_page
device,hpmicro::hpm6830ibd,ADC 16bit,hpmicro:selector:hpm6800,https://www.hpmicro.com/product-center/microcontroller/hpm6800/selection-table,selection column:ADC 16bit,"""1""",2026-08-14T07:54:09+00:00,manufacturer_product_page
device,hpmicro::hpm6830ibd,DAC 12bit,hpmicro:selector:hpm6800,https://www.hpmicro.com/product-center/microcontroller/hpm6800/selection-table,selection column:DAC 12bit,"""/""",2026-08-14T07:54:09+00:00,manufacturer_product_page
device,hpmicro::hpm6830ibd,比较器,hpmicro:selector:hpm6800,https://www.hpmicro.com/product-center/microcontroller/hpm6800/selection-table,selection column:比较器,"""/""",2026-08-14T07:54:09+00:00,manufacturer_product_page
device,hpmicro::hpm6830ibd,运算放大器,hpmicro:selector:hpm6800,https://www.hpmicro.com/product-center/microcontroller/hpm6800/selection-table,selection column:运算放大器,"""/""",2026-08-14T07:54:09+00:00,manufacturer_product_page
device,hpmicro::hpm6830ibd,封装形式,hpmicro:selector:hpm6800,https://www.hpmicro.com/product-center/microcontroller/hpm6800/selection-table,selection column:封装形式,"""17×17 417BGA P0.8""",2026-08-14T07:54:09+00:00,manufacturer_product_page
device,hpmicro::hpm6830ibd,脚间距（mm),hpmicro:selector:hpm6800,https://www.hpmicro.com/product-center/microcontroller/hpm6800/selection-table,selection column:脚间距（mm),"""0.8""",2026-08-14T07:54:09+00:00,manufacturer_product_page
device,hpmicro::hpm6830ibd,温度范围,hpmicro:selector:hpm6800,https://www.hpmicro.com/product-center/microcontroller/hpm6800/selection-table,selection column:温度范围,"""−40 ∼ 125°C Tj / −40 ∼ 105°C Ta""",2026-08-14T07:54:09+00:00,manufacturer_product_page
device,hpmicro::hpm6830ibd,型号,hpmicro:selector:hpm6800,https://www.hpmicro.com/product-center/microcontroller/hpm6800/selection-table,selection column:型号,"""HPM6830IBD""",2026-08-14T07:54:09+00:00,manufacturer_product_page
device,hpmicro::hpm6e8yivm,内核类型,hpmicro:selector:hpm6e00,https://www.hpmicro.com/product-center/microcontroller/hpm6e00/6e00-selection-table,selection column:内核类型,"""双核 32 位 RISC-V 处理器""",2026-08-14T07:54:09+00:00,manufacturer_product_page
device,hpmicro::hpm6e8yivm,最高主频（MHz）,hpmicro:selector:hpm6e00,https://www.hpmicro.com/product-center/microcontroller/hpm6e00/6e00-selection-table,selection column:最高主频（MHz）,"""600""",2026-08-14T07:54:09+00:00,manufacturer_product_page
device,hpmicro::hpm6e8yivm,Flash (MB),hpmicro:selector:hpm6e00,https://www.hpmicro.com/product-center/microcontroller/hpm6e00/6e00-selection-table,selection column:Flash (MB),"""4""",2026-08-14T07:54:09+00:00,manufacturer_product_page
device,hpmicro::hpm6e8yivm,SRAM,hpmicro:selector:hpm6e00,https://www.hpmicro.com/product-center/microcontroller/hpm6e00/6e00-selection-table,selection column:SRAM,"""2080KB""",2026-08-14T07:54:09+00:00,manufacturer_product_page
device,hpmicro::hpm6e8yivm,电源输入（V）,hpmicro:selector:hpm6e00,https://www.hpmicro.com/product-center/microcontroller/hpm6e00/6e00-selection-table,selection column:电源输入（V）,"""3~3.6V""",2026-08-14T07:54:09+00:00,manufacturer_product_page
device,hpmicro::hpm6e8yivm,图形编解码器,hpmicro:selector:hpm6e00,https://www.hpmicro.com/product-center/microcontroller/hpm6e00/6e00-selection-table,selection column:图形编解码器,"""/""",2026-08-14T07:54:09+00:00,manufacturer_product_page
device,hpmicro::hpm6e8yivm,图形加速,hpmicro:selector:hpm6e00,https://www.hpmicro.com/product-center/microcontroller/hpm6e00/6e00-selection-table,selection column:图形加速,"""/""",2026-08-14T07:54:09+00:00,manufacturer_product_page
device,hpmicro::hpm6e8yivm,LCD,hpmicro:selector:hpm6e00,https://www.hpmicro.com/product-center/microcontroller/hpm6e00/6e00-selection-table,selection column:LCD,"""/""",2026-08-14T07:54:09+00:00,manufacturer_product_page
device,hpmicro::hpm6e8yivm,摄像头接口（DVP）,hpmicro:selector:hpm6e00,https://www.hpmicro.com/product-center/microcontroller/hpm6e00/6e00-selection-table,selection column:摄像头接口（DVP）,"""/""",2026-08-14T07:54:09+00:00,manufacturer_product_page
device,hpmicro::hpm6e8yivm,I²S,hpmicro:selector:hpm6e00,https://www.hpmicro.com/product-center/microcontroller/hpm6e00/6e00-selection-table,selection column:I²S,"""2""",2026-08-14T07:54:09+00:00,manufacturer_product_page
device,hpmicro::hpm6e8yivm,数字音频输出,hpmicro:selector:hpm6e00,https://www.hpmicro.com/product-center/microcontroller/hpm6e00/6e00-selection-table,selection column:数字音频输出,"""1""",2026-08-14T07:54:09+00:00,manufacturer_product_page
device,hpmicro::hpm6e8yivm,DDR,hpmicro:selector:hpm6e00,https://www.hpmicro.com/product-center/microcontroller/hpm6e00/6e00-selection-table,selection column:DDR,"""/""",2026-08-14T07:54:09+00:00,manufacturer_product_page
device,hpmicro::hpm6e8yivm,SDRAM,hpmicro:selector:hpm6e00,https://www.hpmicro.com/product-center/microcontroller/hpm6e00/6e00-selection-table,selection column:SDRAM,"""32bit""",2026-08-14T07:54:09+00:00,manufacturer_product_page
device,hpmicro::hpm6e8yivm,SD/eMMC （*63系列无eMMC）,hpmicro:selector:hpm6e00,https://www.hpmicro.com/product-center/microcontroller/hpm6e00/6e00-selection-table,selection column:SD/eMMC （*63系列无eMMC）,"""/""",2026-08-14T07:54:09+00:00,manufacturer_product_page
device,hpmicro::hpm6e8yivm,XPI,hpmicro:selector:hpm6e00,https://www.hpmicro.com/product-center/microcontroller/hpm6e00/6e00-selection-table,selection column:XPI,"""1""",2026-08-14T07:54:09+00:00,manufacturer_product_page
device,hpmicro::hpm6e8yivm,以太网,hpmicro:selector:hpm6e00,https://www.hpmicro.com/product-center/microcontroller/hpm6e00/6e00-selection-table,selection column:以太网,"""EtherCAT从站控制器、千兆TSN交换机、千兆以太网、2个百兆PHY""",2026-08-14T07:54:09+00:00,manufacturer_product_page
device,hpmicro::hpm6e8yivm,CAN,hpmicro:selector:hpm6e00,https://www.hpmicro.com/product-center/microcontroller/hpm6e00/6e00-selection-table,selection column:CAN,"""CAN FD x 8""",2026-08-14T07:54:09+00:00,manufacturer_product_page
device,hpmicro::hpm6e8yivm,USB,hpmicro:selector:hpm6e00,https://www.hpmicro.com/product-center/microcontroller/hpm6e00/6e00-selection-table,selection column:USB,"""USB HS w/ PHY ×1""",2026-08-14T07:54:09+00:00,manufacturer_product_page
device,hpmicro::hpm6e8yivm,SPI,hpmicro:selector:hpm6e00,https://www.hpmicro.com/product-center/microcontroller/hpm6e00/6e00-selection-table,selection column:SPI,"""8""",2026-08-14T07:54:09+00:00,manufacturer_product_page
device,hpmicro::hpm6e8yivm,I²C,hpmicro:selector:hpm6e00,https://www.hpmicro.com/product-center/microcontroller/hpm6e00/6e00-selection-table,selection column:I²C,"""8""",2026-08-14T07:54:09+00:00,manufacturer_product_page
device,hpmicro::hpm6e8yivm,UART,hpmicro:selector:hpm6e00,https://www.hpmicro.com/product-center/microcontroller/hpm6e00/6e00-selection-table,selection column:UART,"""17""",2026-08-14T07:54:09+00:00,manufacturer_product_page
device,hpmicro::hpm6e8yivm,Crypto 安全算法,hpmicro:selector:hpm6e00,https://www.hpmicro.com/product-center/microcontroller/hpm6e00/6e00-selection-table,selection column:Crypto 安全算法,"""AES128/256, SHA-1/256""",2026-08-14T07:54:09+00:00,manufacturer_product_page
device,hpmicro::hpm6e8yivm,PDM数字麦克风,hpmicro:selector:hpm6e00,https://www.hpmicro.com/product-center/microcontroller/hpm6e00/6e00-selection-table,selection column:PDM数字麦克风,"""8通道""",2026-08-14T07:54:09+00:00,manufacturer_product_page
device,hpmicro::hpm6e8yivm,安全特性,hpmicro:selector:hpm6e00,https://www.hpmicro.com/product-center/microcontroller/hpm6e00/6e00-selection-table,selection column:安全特性,"""安全启动,JTAG 保护,实时代码加密执行""",2026-08-14T07:54:09+00:00,manufacturer_product_page
device,hpmicro::hpm6e8yivm,功能安全,hpmicro:selector:hpm6e00,https://www.hpmicro.com/product-center/microcontroller/hpm6e00/6e00-selection-table,selection column:功能安全,"""/""",2026-08-14T07:54:09+00:00,manufacturer_product_page
device,hpmicro::hpm6e8yivm,电机控制,hpmicro:selector:hpm6e00,https://www.hpmicro.com/product-center/microcontroller/hpm6e00/6e00-selection-table,selection column:电机控制,"""4×8通道PWMv2，4xQEIv2，4xQEOv2，4xSEI，2xMTG""",2026-08-14T07:54:09+00:00,manufacturer_product_page
device,hpmicro::hpm6e8yivm,RTC,hpmicro:selector:hpm6e00,https://www.hpmicro.com/product-center/microcontroller/hpm6e00/6e00-selection-table,selection column:RTC,"""1""",2026-08-14T07:54:09+00:00,manufacturer_product_page
device,hpmicro::hpm6e8yivm,GPTimer,hpmicro:selector:hpm6e00,https://www.hpmicro.com/product-center/microcontroller/hpm6e00/6e00-selection-table,selection column:GPTimer,"""9×32 位""",2026-08-14T07:54:09+00:00,manufacturer_product_page
device,hpmicro::hpm6e8yivm,WDG,hpmicro:selector:hpm6e00,https://www.hpmicro.com/product-center/microcontroller/hpm6e00/6e00-selection-table,selection column:WDG,"""5""",2026-08-14T07:54:09+00:00,manufacturer_product_page
device,hpmicro::hpm6e8yivm,ADC 12bit,hpmicro:selector:hpm6e00,https://www.hpmicro.com/product-center/microcontroller/hpm6e00/6e00-selection-table,selection column:ADC 12bit,"""/""",2026-08-14T07:54:09+00:00,manufacturer_product_page
device,hpmicro::hpm6e8yivm,ADC 16bit,hpmicro:selector:hpm6e00,https://www.hpmicro.com/product-center/microcontroller/hpm6e00/6e00-selection-table,selection column:ADC 16bit,"""4""",2026-08-14T07:54:09+00:00,manufacturer_product_page
device,hpmicro::hpm6e8yivm,DAC 12bit,hpmicro:selector:hpm6e00,https://www.hpmicro.com/product-center/microcontroller/hpm6e00/6e00-selection-table,selection column:DAC 12bit,"""/""",2026-08-14T07:54:09+00:00,manufacturer_product_page
device,hpmicro::hpm6e8yivm,比较器,hpmicro:selector:hpm6e00,https://www.hpmicro.com/product-center/microcontroller/hpm6e00/6e00-selection-table,selection column:比较器,"""8""",2026-08-14T07:54:09+00:00,manufacturer_product_page
device,hpmicro::hpm6e8yivm,运算放大器,hpmicro:selector:hpm6e00,https://www.hpmicro.com/product-center/microcontroller/hpm6e00/6e00-selection-table,selection column:运算放大器,"""/""",2026-08-14T07:54:09+00:00,manufacturer_product_page
device,hpmicro::hpm6e8yivm,封装形式,hpmicro:selector:hpm6e00,https://www.hpmicro.com/product-center/microcontroller/hpm6e00/6e00-selection-table,selection column:封装形式,"""14×14 289BGA 0.8P""",2026-08-14T07:54:09+00:00,manufacturer_product_page
device,hpmicro::hpm6e8yivm,脚间距（mm),hpmicro:selector:hpm6e00,https://www.hpmicro.com/product-center/microcontroller/hpm6e00/6e00-selection-table,selection column:脚间距（mm),"""0.8""",2026-08-14T07:54:09+00:00,manufacturer_product_page
device,hpmicro::hpm6e8yivm,温度范围,hpmicro:selector:hpm6e00,https://www.hpmicro.com/product-center/microcontroller/hpm6e00/6e00-selection-table,selection column:温度范围,"""−40 ∼ 125°C Tj / −40 ∼ 105°C Ta""",2026-08-14T07:54:09+00:00,manufacturer_product_page
device,hpmicro::hpm6e8yivm,型号,hpmicro:selector:hpm6e00,https://www.hpmicro.com/product-center/microcontroller/hpm6e00/6e00-selection-table,selection column:型号,"""HPM6E8YIVM""",2026-08-14T07:54:09+00:00,manufacturer_product_page
device,hpmicro::hpm6e84ivm,内核类型,hpmicro:selector:hpm6e00,https://www.hpmicro.com/product-center/microcontroller/hpm6e00/6e00-selection-table,selection column:内核类型,"""双核 32 位 RISC-V 处理器""",2026-08-14T07:54:09+00:00,manufacturer_product_page
device,hpmicro::hpm6e84ivm,最高主频（MHz）,hpmicro:selector:hpm6e00,https://www.hpmicro.com/product-center/microcontroller/hpm6e00/6e00-selection-table,selection column:最高主频（MHz）,"""600""",2026-08-14T07:54:09+00:00,manufacturer_product_page
device,hpmicro::hpm6e84ivm,Flash (MB),hpmicro:selector:hpm6e00,https://www.hpmicro.com/product-center/microcontroller/hpm6e00/6e00-selection-table,selection column:Flash (MB),"""4""",2026-08-14T07:54:09+00:00,manufacturer_product_page
device,hpmicro::hpm6e84ivm,SRAM,hpmicro:selector:hpm6e00,https://www.hpmicro.com/product-center/microcontroller/hpm6e00/6e00-selection-table,selection column:SRAM,"""2080KB""",2026-08-14T07:54:09+00:00,manufacturer_product_page
device,hpmicro::hpm6e84ivm,电源输入（V）,hpmicro:selector:hpm6e00,https://www.hpmicro.com/product-center/microcontroller/hpm6e00/6e00-selection-table,selection column:电源输入（V）,"""3~3.6V""",2026-08-14T07:54:09+00:00,manufacturer_product_page
device,hpmicro::hpm6e84ivm,图形编解码器,hpmicro:selector:hpm6e00,https://www.hpmicro.com/product-center/microcontroller/hpm6e00/6e00-selection-table,selection column:图形编解码器,"""/""",2026-08-14T07:54:09+00:00,manufacturer_product_page
device,hpmicro::hpm6e84ivm,图形加速,hpmicro:selector:hpm6e00,https://www.hpmicro.com/product-center/microcontroller/hpm6e00/6e00-selection-table,selection column:图形加速,"""/""",2026-08-14T07:54:09+00:00,manufacturer_product_page
device,hpmicro::hpm6e84ivm,LCD,hpmicro:selector:hpm6e00,https://www.hpmicro.com/product-center/microcontroller/hpm6e00/6e00-selection-table,selection column:LCD,"""/""",2026-08-14T07:54:09+00:00,manufacturer_product_page
device,hpmicro::hpm6e84ivm,摄像头接口（DVP）,hpmicro:selector:hpm6e00,https://www.hpmicro.com/product-center/microcontroller/hpm6e00/6e00-selection-table,selection column:摄像头接口（DVP）,"""/""",2026-08-14T07:54:09+00:00,manufacturer_product_page
device,hpmicro::hpm6e84ivm,I²S,hpmicro:selector:hpm6e00,https://www.hpmicro.com/product-center/microcontroller/hpm6e00/6e00-selection-table,selection column:I²S,"""2""",2026-08-14T07:54:09+00:00,manufacturer_product_page
device,hpmicro::hpm6e84ivm,数字音频输出,hpmicro:selector:hpm6e00,https://www.hpmicro.com/product-center/microcontroller/hpm6e00/6e00-selection-table,selection column:数字音频输出,"""1""",2026-08-14T07:54:09+00:00,manufacturer_product_page
device,hpmicro::hpm6e84ivm,DDR,hpmicro:selector:hpm6e00,https://www.hpmicro.com/product-center/microcontroller/hpm6e00/6e00-selection-table,selection column:DDR,"""/""",2026-08-14T07:54:09+00:00,manufacturer_product_page
device,hpmicro::hpm6e84ivm,SDRAM,hpmicro:selector:hpm6e00,https://www.hpmicro.com/product-center/microcontroller/hpm6e00/6e00-selection-table,selection column:SDRAM,"""32bit""",2026-08-14T07:54:09+00:00,manufacturer_product_page
device,hpmicro::hpm6e84ivm,SD/eMMC （*63系列无eMMC）,hpmicro:selector:hpm6e00,https://www.hpmicro.com/product-center/microcontroller/hpm6e00/6e00-selection-table,selection column:SD/eMMC （*63系列无eMMC）,"""/""",2026-08-14T07:54:09+00:00,manufacturer_product_page
device,hpmicro::hpm6e84ivm,XPI,hpmicro:selector:hpm6e00,https://www.hpmicro.com/product-center/microcontroller/hpm6e00/6e00-selection-table,selection column:XPI,"""1""",2026-08-14T07:54:09+00:00,manufacturer_product_page
device,hpmicro::hpm6e84ivm,以太网,hpmicro:selector:hpm6e00,https://www.hpmicro.com/product-center/microcontroller/hpm6e00/6e00-selection-table,selection column:以太网,"""EtherCAT从站控制器、千兆TSN交换机、千兆以太网""",2026-08-14T07:54:09+00:00,manufacturer_product_page
device,hpmicro::hpm6e84ivm,CAN,hpmicro:selector:hpm6e00,https://www.hpmicro.com/product-center/microcontroller/hpm6e00/6e00-selection-table,selection column:CAN,"""CAN FD x 8""",2026-08-14T07:54:09+00:00,manufacturer_product_page
device,hpmicro::hpm6e84ivm,USB,hpmicro:selector:hpm6e00,https://www.hpmicro.com/product-center/microcontroller/hpm6e00/6e00-selection-table,selection column:USB,"""USB HS w/ PHY ×1""",2026-08-14T07:54:09+00:00,manufacturer_product_page
device,hpmicro::hpm6e84ivm,SPI,hpmicro:selector:hpm6e00,https://www.hpmicro.com/product-center/microcontroller/hpm6e00/6e00-selection-table,selection column:SPI,"""8""",2026-08-14T07:54:09+00:00,manufacturer_product_page
device,hpmicro::hpm6e84ivm,I²C,hpmicro:selector:hpm6e00,https://www.hpmicro.com/product-center/microcontroller/hpm6e00/6e00-selection-table,selection column:I²C,"""8""",2026-08-14T07:54:09+00:00,manufacturer_product_page
device,hpmicro::hpm6e84ivm,UART,hpmicro:selector:hpm6e00,https://www.hpmicro.com/product-center/microcontroller/hpm6e00/6e00-selection-table,selection column:UART,"""17""",2026-08-14T07:54:09+00:00,manufacturer_product_page
device,hpmicro::hpm6e84ivm,Crypto 安全算法,hpmicro:selector:hpm6e00,https://www.hpmicro.com/product-center/microcontroller/hpm6e00/6e00-selection-table,selection column:Crypto 安全算法,"""AES128/256, SHA-1/256""",2026-08-14T07:54:09+00:00,manufacturer_product_page
device,hpmicro::hpm6e84ivm,PDM数字麦克风,hpmicro:selector:hpm6e00,https://www.hpmicro.com/product-center/microcontroller/hpm6e00/6e00-selection-table,selection column:PDM数字麦克风,"""8通道""",2026-08-14T07:54:09+00:00,manufacturer_product_page
device,hpmicro::hpm6e84ivm,安全特性,hpmicro:selector:hpm6e00,https://www.hpmicro.com/product-center/microcontroller/hpm6e00/6e00-selection-table,selection column:安全特性,"""安全启动,JTAG 保护,实时代码加密执行""",2026-08-14T07:54:09+00:00,manufacturer_product_page
device,hpmicro::hpm6e84ivm,功能安全,hpmicro:selector:hpm6e00,https://www.hpmicro.com/product-center/microcontroller/hpm6e00/6e00-selection-table,selection column:功能安全,"""/""",2026-08-14T07:54:09+00:00,manufacturer_product_page
device,hpmicro::hpm6e84ivm,电机控制,hpmicro:selector:hpm6e00,https://www.hpmicro.com/product-center/microcontroller/hpm6e00/6e00-selection-table,selection column:电机控制,"""4×8通道PWMv2，4xQEIv2，4xQEOv2，4xSEI，2xMTG""",2026-08-14T07:54:09+00:00,manufacturer_product_page
device,hpmicro::hpm6e84ivm,RTC,hpmicro:selector:hpm6e00,https://www.hpmicro.com/product-center/microcontroller/hpm6e00/6e00-selection-table,selection column:RTC,"""1""",2026-08-14T07:54:09+00:00,manufacturer_product_page
device,hpmicro::hpm6e84ivm,GPTimer,hpmicro:selector:hpm6e00,https://www.hpmicro.com/product-center/microcontroller/hpm6e00/6e00-selection-table,selection column:GPTimer,"""9×32 位""",2026-08-14T07:54:09+00:00,manufacturer_product_page
device,hpmicro::hpm6e84ivm,WDG,hpmicro:selector:hpm6e00,https://www.hpmicro.com/product-center/microcontroller/hpm6e00/6e00-selection-table,selection column:WDG,"""5""",2026-08-14T07:54:09+00:00,manufacturer_product_page
device,hpmicro::hpm6e84ivm,ADC 12bit,hpmicro:selector:hpm6e00,https://www.hpmicro.com/product-center/microcontroller/hpm6e00/6e00-selection-table,selection column:ADC 12bit,"""/""",2026-08-14T07:54:09+00:00,manufacturer_product_page
device,hpmicro::hpm6e84ivm,ADC 16bit,hpmicro:selector:hpm6e00,https://www.hpmicro.com/product-center/microcontroller/hpm6e00/6e00-selection-table,selection column:ADC 16bit,"""4""",2026-08-14T07:54:09+00:00,manufacturer_product_page
device,hpmicro::hpm6e84ivm,DAC 12bit,hpmicro:selector:hpm6e00,https://www.hpmicro.com/product-center/microcontroller/hpm6e00/6e00-selection-table,selection column:DAC 12bit,"""/""",2026-08-14T07:54:09+00:00,manufacturer_product_page
device,hpmicro::hpm6e84ivm,比较器,hpmicro:selector:hpm6e00,https://www.hpmicro.com/product-center/microcontroller/hpm6e00/6e00-selection-table,selection column:比较器,"""8""",2026-08-14T07:54:09+00:00,manufacturer_product_page
device,hpmicro::hpm6e84ivm,运算放大器,hpmicro:selector:hpm6e00,https://www.hpmicro.com/product-center/microcontroller/hpm6e00/6e00-selection-table,selection column:运算放大器,"""/""",2026-08-14T07:54:09+00:00,manufacturer_product_page
device,hpmicro::hpm6e84ivm,封装形式,hpmicro:selector:hpm6e00,https://www.hpmicro.com/product-center/microcontroller/hpm6e00/6e00-selection-table,selection column:封装形式,"""14×14 289BGA 0.8P""",2026-08-14T07:54:09+00:00,manufacturer_product_page
device,hpmicro::hpm6e84ivm,脚间距（mm),hpmicro:selector:hpm6e00,https://www.hpmicro.com/product-center/microcontroller/hpm6e00/6e00-selection-table,selection column:脚间距（mm),"""0.8""",2026-08-14T07:54:09+00:00,manufacturer_product_page
device,hpmicro::hpm6e84ivm,温度范围,hpmicro:selector:hpm6e00,https://www.hpmicro.com/product-center/microcontroller/hpm6e00/6e00-selection-table,selection column:温度范围,"""−40 ∼ 125°C Tj / −40 ∼ 105°C Ta""",2026-08-14T07:54:09+00:00,manufacturer_product_page
device,hpmicro::hpm6e84ivm,型号,hpmicro:selector:hpm6e00,https://www.hpmicro.com/product-center/microcontroller/hpm6e00/6e00-selection-table,selection column:型号,"""HPM6E84IVM""",2026-08-14T07:54:09+00:00,manufacturer_product_page
device,hpmicro::hpm6e8yign,内核类型,hpmicro:selector:hpm6e00,https://www.hpmicro.com/product-center/microcontroller/hpm6e00/6e00-selection-table,selection column:内核类型,"""双核 32 位 RISC-V 处理器""",2026-08-14T07:54:09+00:00,manufacturer_product_page
device,hpmicro::hpm6e8yign,最高主频（MHz）,hpmicro:selector:hpm6e00,https://www.hpmicro.com/product-center/microcontroller/hpm6e00/6e00-selection-table,selection column:最高主频（MHz）,"""600""",2026-08-14T07:54:09+00:00,manufacturer_product_page
device,hpmicro::hpm6e8yign,Flash (MB),hpmicro:selector:hpm6e00,https://www.hpmicro.com/product-center/microcontroller/hpm6e00/6e00-selection-table,selection column:Flash (MB),"""4""",2026-08-14T07:54:09+00:00,manufacturer_product_page
device,hpmicro::hpm6e8yign,SRAM,hpmicro:selector:hpm6e00,https://www.hpmicro.com/product-center/microcontroller/hpm6e00/6e00-selection-table,selection column:SRAM,"""2080KB""",2026-08-14T07:54:09+00:00,manufacturer_product_page
device,hpmicro::hpm6e8yign,电源输入（V）,hpmicro:selector:hpm6e00,https://www.hpmicro.com/product-center/microcontroller/hpm6e00/6e00-selection-table,selection column:电源输入（V）,"""3~3.6V""",2026-08-14T07:54:09+00:00,manufacturer_product_page
device,hpmicro::hpm6e8yign,图形编解码器,hpmicro:selector:hpm6e00,https://www.hpmicro.com/product-center/microcontroller/hpm6e00/6e00-selection-table,selection column:图形编解码器,"""/""",2026-08-14T07:54:09+00:00,manufacturer_product_page
device,hpmicro::hpm6e8yign,图形加速,hpmicro:selector:hpm6e00,https://www.hpmicro.com/product-center/microcontroller/hpm6e00/6e00-selection-table,selection column:图形加速,"""/""",2026-08-14T07:54:09+00:00,manufacturer_product_page
device,hpmicro::hpm6e8yign,LCD,hpmicro:selector:hpm6e00,https://www.hpmicro.com/product-center/microcontroller/hpm6e00/6e00-selection-table,selection column:LCD,"""/""",2026-08-14T07:54:09+00:00,manufacturer_product_page
device,hpmicro::hpm6e8yign,摄像头接口（DVP）,hpmicro:selector:hpm6e00,https://www.hpmicro.com/product-center/microcontroller/hpm6e00/6e00-selection-table,selection column:摄像头接口（DVP）,"""/""",2026-08-14T07:54:09+00:00,manufacturer_product_page
device,hpmicro::hpm6e8yign,I²S,hpmicro:selector:hpm6e00,https://www.hpmicro.com/product-center/microcontroller/hpm6e00/6e00-selection-table,selection column:I²S,"""2""",2026-08-14T07:54:09+00:00,manufacturer_product_page
device,hpmicro::hpm6e8yign,数字音频输出,hpmicro:selector:hpm6e00,https://www.hpmicro.com/product-center/microcontroller/hpm6e00/6e00-selection-table,selection column:数字音频输出,"""1""",2026-08-14T07:54:09+00:00,manufacturer_product_page
device,hpmicro::hpm6e8yign,DDR,hpmicro:selector:hpm6e00,https://www.hpmicro.com/product-center/microcontroller/hpm6e00/6e00-selection-table,selection column:DDR,"""/""",2026-08-14T07:54:09+00:00,manufacturer_product_page
device,hpmicro::hpm6e8yign,SDRAM,hpmicro:selector:hpm6e00,https://www.hpmicro.com/product-center/microcontroller/hpm6e00/6e00-selection-table,selection column:SDRAM,"""32bit""",2026-08-14T07:54:09+00:00,manufacturer_product_page
device,hpmicro::hpm6e8yign,SD/eMMC （*63系列无eMMC）,hpmicro:selector:hpm6e00,https://www.hpmicro.com/product-center/microcontroller/hpm6e00/6e00-selection-table,selection column:SD/eMMC （*63系列无eMMC）,"""/""",2026-08-14T07:54:09+00:00,manufacturer_product_page
device,hpmicro::hpm6e8yign,XPI,hpmicro:selector:hpm6e00,https://www.hpmicro.com/product-center/microcontroller/hpm6e00/6e00-selection-table,selection column:XPI,"""1""",2026-08-14T07:54:09+00:00,manufacturer_product_page
device,hpmicro::hpm6e8yign,以太网,hpmicro:selector:hpm6e00,https://www.hpmicro.com/product-center/microcontroller/hpm6e00/6e00-selection-table,selection column:以太网,"""EtherCAT从站控制器、千兆TSN交换机、千兆以太网、2个百兆PHY""",2026-08-14T07:54:09+00:00,manufacturer_product_page
device,hpmicro::hpm6e8yign,CAN,hpmicro:selector:hpm6e00,https://www.hpmicro.com/product-center/microcontroller/hpm6e00/6e00-selection-table,selection column:CAN,"""CAN FD x 8""",2026-08-14T07:54:09+00:00,manufacturer_product_page
device,hpmicro::hpm6e8yign,USB,hpmicro:selector:hpm6e00,https://www.hpmicro.com/product-center/microcontroller/hpm6e00/6e00-selection-table,selection column:USB,"""USB HS w/ PHY ×1""",2026-08-14T07:54:09+00:00,manufacturer_product_page
device,hpmicro::hpm6e8yign,SPI,hpmicro:selector:hpm6e00,https://www.hpmicro.com/product-center/microcontroller/hpm6e00/6e00-selection-table,selection column:SPI,"""8""",2026-08-14T07:54:09+00:00,manufacturer_product_page
device,hpmicro::hpm6e8yign,I²C,hpmicro:selector:hpm6e00,https://www.hpmicro.com/product-center/microcontroller/hpm6e00/6e00-selection-table,selection column:I²C,"""8""",2026-08-14T07:54:09+00:00,manufacturer_product_page
device,hpmicro::hpm6e8yign,UART,hpmicro:selector:hpm6e00,https://www.hpmicro.com/product-center/microcontroller/hpm6e00/6e00-selection-table,selection column:UART,"""17""",2026-08-14T07:54:09+00:00,manufacturer_product_page
device,hpmicro::hpm6e8yign,Crypto 安全算法,hpmicro:selector:hpm6e00,https://www.hpmicro.com/product-center/microcontroller/hpm6e00/6e00-selection-table,selection column:Crypto 安全算法,"""AES128/256, SHA-1/256""",2026-08-14T07:54:09+00:00,manufacturer_product_page
device,hpmicro::hpm6e8yign,PDM数字麦克风,hpmicro:selector:hpm6e00,https://www.hpmicro.com/product-center/microcontroller/hpm6e00/6e00-selection-table,selection column:PDM数字麦克风,"""8通道""",2026-08-14T07:54:09+00:00,manufacturer_product_page
device,hpmicro::hpm6e8yign,安全特性,hpmicro:selector:hpm6e00,https://www.hpmicro.com/product-center/microcontroller/hpm6e00/6e00-selection-table,selection column:安全特性,"""安全启动,JTAG 保护,实时代码加密执行""",2026-08-14T07:54:09+00:00,manufacturer_product_page
device,hpmicro::hpm6e8yign,功能安全,hpmicro:selector:hpm6e00,https://www.hpmicro.com/product-center/microcontroller/hpm6e00/6e00-selection-table,selection column:功能安全,"""/""",2026-08-14T07:54:09+00:00,manufacturer_product_page
device,hpmicro::hpm6e8yign,电机控制,hpmicro:selector:hpm6e00,https://www.hpmicro.com/product-center/microcontroller/hpm6e00/6e00-selection-table,selection column:电机控制,"""4×8通道PWMv2，4xQEIv2，4xQEOv2，4xSEI，2xMTG""",2026-08-14T07:54:09+00:00,manufacturer_product_page
device,hpmicro::hpm6e8yign,RTC,hpmicro:selector:hpm6e00,https://www.hpmicro.com/product-center/microcontroller/hpm6e00/6e00-selection-table,selection column:RTC,"""1""",2026-08-14T07:54:09+00:00,manufacturer_product_page
device,hpmicro::hpm6e8yign,GPTimer,hpmicro:selector:hpm6e00,https://www.hpmicro.com/product-center/microcontroller/hpm6e00/6e00-selection-table,selection column:GPTimer,"""9×32 位""",2026-08-14T07:54:09+00:00,manufacturer_product_page
device,hpmicro::hpm6e8yign,WDG,hpmicro:selector:hpm6e00,https://www.hpmicro.com/product-center/microcontroller/hpm6e00/6e00-selection-table,selection column:WDG,"""5""",2026-08-14T07:54:09+00:00,manufacturer_product_page
device,hpmicro::hpm6e8yign,ADC 12bit,hpmicro:selector:hpm6e00,https://www.hpmicro.com/product-center/microcontroller/hpm6e00/6e00-selection-table,selection column:ADC 12bit,"""/""",2026-08-14T07:54:09+00:00,manufacturer_product_page
device,hpmicro::hpm6e8yign,ADC 16bit,hpmicro:selector:hpm6e00,https://www.hpmicro.com/product-center/microcontroller/hpm6e00/6e00-selection-table,selection column:ADC 16bit,"""4""",2026-08-14T07:54:09+00:00,manufacturer_product_page
device,hpmicro::hpm6e8yign,DAC 12bit,hpmicro:selector:hpm6e00,https://www.hpmicro.com/product-center/microcontroller/hpm6e00/6e00-selection-table,selection column:DAC 12bit,"""/""",2026-08-14T07:54:09+00:00,manufacturer_product_page
device,hpmicro::hpm6e8yign,比较器,hpmicro:selector:hpm6e00,https://www.hpmicro.com/product-center/microcontroller/hpm6e00/6e00-selection-table,selection column:比较器,"""8""",2026-08-14T07:54:09+00:00,manufacturer_product_page
device,hpmicro::hpm6e8yign,运算放大器,hpmicro:selector:hpm6e00,https://www.hpmicro.com/product-center/microcontroller/hpm6e00/6e00-selection-table,selection column:运算放大器,"""/""",2026-08-14T07:54:09+00:00,manufacturer_product_page
device,hpmicro::hpm6e8yign,封装形式,hpmicro:selector:hpm6e00,https://www.hpmicro.com/product-center/microcontroller/hpm6e00/6e00-selection-table,selection column:封装形式,"""12×12 196BGA 0.8P""",2026-08-14T07:54:09+00:00,manufacturer_product_page
device,hpmicro::hpm6e8yign,脚间距（mm),hpmicro:selector:hpm6e00,https://www.hpmicro.com/product-center/microcontroller/hpm6e00/6e00-selection-table,selection column:脚间距（mm),"""0.8""",2026-08-14T07:54:09+00:00,manufacturer_product_page
device,hpmicro::hpm6e8yign,温度范围,hpmicro:selector:hpm6e00,https://www.hpmicro.com/product-center/microcontroller/hpm6e00/6e00-selection-table,selection column:温度范围,"""−40 ∼ 125°C Tj / −40 ∼ 105°C Ta""",2026-08-14T07:54:09+00:00,manufacturer_product_page
device,hpmicro::hpm6e8yign,型号,hpmicro:selector:hpm6e00,https://www.hpmicro.com/product-center/microcontroller/hpm6e00/6e00-selection-table,selection column:型号,"""HPM6E8YIGN""",2026-08-14T07:54:09+00:00,manufacturer_product_page
device,hpmicro::hpm6e80ivm,内核类型,hpmicro:selector:hpm6e00,https://www.hpmicro.com/product-center/microcontroller/hpm6e00/6e00-selection-table,selection column:内核类型,"""双核 32 位 RISC-V 处理器""",2026-08-14T07:54:09+00:00,manufacturer_product_page
device,hpmicro::hpm6e80ivm,最高主频（MHz）,hpmicro:selector:hpm6e00,https://www.hpmicro.com/product-center/microcontroller/hpm6e00/6e00-selection-table,selection column:最高主频（MHz）,"""600""",2026-08-14T07:54:09+00:00,manufacturer_product_page
device,hpmicro::hpm6e80ivm,Flash (MB),hpmicro:selector:hpm6e00,https://www.hpmicro.com/product-center/microcontroller/hpm6e00/6e00-selection-table,selection column:Flash (MB),"""0""",2026-08-14T07:54:09+00:00,manufacturer_product_page
device,hpmicro::hpm6e80ivm,SRAM,hpmicro:selector:hpm6e00,https://www.hpmicro.com/product-center/microcontroller/hpm6e00/6e00-selection-table,selection column:SRAM,"""2080KB""",2026-08-14T07:54:09+00:00,manufacturer_product_page
device,hpmicro::hpm6e80ivm,电源输入（V）,hpmicro:selector:hpm6e00,https://www.hpmicro.com/product-center/microcontroller/hpm6e00/6e00-selection-table,selection column:电源输入（V）,"""3~3.6V""",2026-08-14T07:54:09+00:00,manufacturer_product_page
device,hpmicro::hpm6e80ivm,图形编解码器,hpmicro:selector:hpm6e00,https://www.hpmicro.com/product-center/microcontroller/hpm6e00/6e00-selection-table,selection column:图形编解码器,"""/""",2026-08-14T07:54:09+00:00,manufacturer_product_page
device,hpmicro::hpm6e80ivm,图形加速,hpmicro:selector:hpm6e00,https://www.hpmicro.com/product-center/microcontroller/hpm6e00/6e00-selection-table,selection column:图形加速,"""/""",2026-08-14T07:54:09+00:00,manufacturer_product_page
device,hpmicro::hpm6e80ivm,LCD,hpmicro:selector:hpm6e00,https://www.hpmicro.com/product-center/microcontroller/hpm6e00/6e00-selection-table,selection column:LCD,"""/""",2026-08-14T07:54:09+00:00,manufacturer_product_page
device,hpmicro::hpm6e80ivm,摄像头接口（DVP）,hpmicro:selector:hpm6e00,https://www.hpmicro.com/product-center/microcontroller/hpm6e00/6e00-selection-table,selection column:摄像头接口（DVP）,"""/""",2026-08-14T07:54:09+00:00,manufacturer_product_page
device,hpmicro::hpm6e80ivm,I²S,hpmicro:selector:hpm6e00,https://www.hpmicro.com/product-center/microcontroller/hpm6e00/6e00-selection-table,selection column:I²S,"""2""",2026-08-14T07:54:09+00:00,manufacturer_product_page
device,hpmicro::hpm6e80ivm,数字音频输出,hpmicro:selector:hpm6e00,https://www.hpmicro.com/product-center/microcontroller/hpm6e00/6e00-selection-table,selection column:数字音频输出,"""1""",2026-08-14T07:54:09+00:00,manufacturer_product_page
device,hpmicro::hpm6e80ivm,DDR,hpmicro:selector:hpm6e00,https://www.hpmicro.com/product-center/microcontroller/hpm6e00/6e00-selection-table,selection column:DDR,"""/""",2026-08-14T07:54:09+00:00,manufacturer_product_page
device,hpmicro::hpm6e80ivm,SDRAM,hpmicro:selector:hpm6e00,https://www.hpmicro.com/product-center/microcontroller/hpm6e00/6e00-selection-table,selection column:SDRAM,"""32bit""",2026-08-14T07:54:09+00:00,manufacturer_product_page
device,hpmicro::hpm6e80ivm,SD/eMMC （*63系列无eMMC）,hpmicro:selector:hpm6e00,https://www.hpmicro.com/product-center/microcontroller/hpm6e00/6e00-selection-table,selection column:SD/eMMC （*63系列无eMMC）,"""/""",2026-08-14T07:54:09+00:00,manufacturer_product_page
device,hpmicro::hpm6e80ivm,XPI,hpmicro:selector:hpm6e00,https://www.hpmicro.com/product-center/microcontroller/hpm6e00/6e00-selection-table,selection column:XPI,"""1""",2026-08-14T07:54:09+00:00,manufacturer_product_page
device,hpmicro::hpm6e80ivm,以太网,hpmicro:selector:hpm6e00,https://www.hpmicro.com/product-center/microcontroller/hpm6e00/6e00-selection-table,selection column:以太网,"""EtherCAT从站控制器、千兆TSN交换机、千兆以太网""",2026-08-14T07:54:09+00:00,manufacturer_product_page
device,hpmicro::hpm6e80ivm,CAN,hpmicro:selector:hpm6e00,https://www.hpmicro.com/product-center/microcontroller/hpm6e00/6e00-selection-table,selection column:CAN,"""CAN FD x 8""",2026-08-14T07:54:09+00:00,manufacturer_product_page
device,hpmicro::hpm6e80ivm,USB,hpmicro:selector:hpm6e00,https://www.hpmicro.com/product-center/microcontroller/hpm6e00/6e00-selection-table,selection column:USB,"""USB HS w/ PHY ×1""",2026-08-14T07:54:09+00:00,manufacturer_product_page
device,hpmicro::hpm6e80ivm,SPI,hpmicro:selector:hpm6e00,https://www.hpmicro.com/product-center/microcontroller/hpm6e00/6e00-selection-table,selection column:SPI,"""8""",2026-08-14T07:54:09+00:00,manufacturer_product_page
device,hpmicro::hpm6e80ivm,I²C,hpmicro:selector:hpm6e00,https://www.hpmicro.com/product-center/microcontroller/hpm6e00/6e00-selection-table,selection column:I²C,"""8""",2026-08-14T07:54:09+00:00,manufacturer_product_page
device,hpmicro::hpm6e80ivm,UART,hpmicro:selector:hpm6e00,https://www.hpmicro.com/product-center/microcontroller/hpm6e00/6e00-selection-table,selection column:UART,"""17""",2026-08-14T07:54:09+00:00,manufacturer_product_page
device,hpmicro::hpm6e80ivm,Crypto 安全算法,hpmicro:selector:hpm6e00,https://www.hpmicro.com/product-center/microcontroller/hpm6e00/6e00-selection-table,selection column:Crypto 安全算法,"""AES128/256, SHA-1/256""",2026-08-14T07:54:09+00:00,manufacturer_product_page
device,hpmicro::hpm6e80ivm,PDM数字麦克风,hpmicro:selector:hpm6e00,https://www.hpmicro.com/product-center/microcontroller/hpm6e00/6e00-selection-table,selection column:PDM数字麦克风,"""8通道""",2026-08-14T07:54:09+00:00,manufacturer_product_page
device,hpmicro::hpm6e80ivm,安全特性,hpmicro:selector:hpm6e00,https://www.hpmicro.com/product-center/microcontroller/hpm6e00/6e00-selection-table,selection column:安全特性,"""安全启动,JTAG 保护,实时代码加密执行""",2026-08-14T07:54:09+00:00,manufacturer_product_page
device,hpmicro::hpm6e80ivm,功能安全,hpmicro:selector:hpm6e00,https://www.hpmicro.com/product-center/microcontroller/hpm6e00/6e00-selection-table,selection column:功能安全,"""/""",2026-08-14T07:54:09+00:00,manufacturer_product_page
device,hpmicro::hpm6e80ivm,电机控制,hpmicro:selector:hpm6e00,https://www.hpmicro.com/product-center/microcontroller/hpm6e00/6e00-selection-table,selection column:电机控制,"""4×8通道PWMv2，4xQEIv2，4xQEOv2，4xSEI，2xMTG""",2026-08-14T07:54:09+00:00,manufacturer_product_page
device,hpmicro::hpm6e80ivm,RTC,hpmicro:selector:hpm6e00,https://www.hpmicro.com/product-center/microcontroller/hpm6e00/6e00-selection-table,selection column:RTC,"""1""",2026-08-14T07:54:09+00:00,manufacturer_product_page
device,hpmicro::hpm6e80ivm,GPTimer,hpmicro:selector:hpm6e00,https://www.hpmicro.com/product-center/microcontroller/hpm6e00/6e00-selection-table,selection column:GPTimer,"""9×32 位""",2026-08-14T07:54:09+00:00,manufacturer_product_page
device,hpmicro::hpm6e80ivm,WDG,hpmicro:selector:hpm6e00,https://www.hpmicro.com/product-center/microcontroller/hpm6e00/6e00-selection-table,selection column:WDG,"""5""",2026-08-14T07:54:09+00:00,manufacturer_product_page
device,hpmicro::hpm6e80ivm,ADC 12bit,hpmicro:selector:hpm6e00,https://www.hpmicro.com/product-center/microcontroller/hpm6e00/6e00-selection-table,selection column:ADC 12bit,"""/""",2026-08-14T07:54:09+00:00,manufacturer_product_page
device,hpmicro::hpm6e80ivm,ADC 16bit,hpmicro:selector:hpm6e00,https://www.hpmicro.com/product-center/microcontroller/hpm6e00/6e00-selection-table,selection column:ADC 16bit,"""4""",2026-08-14T07:54:09+00:00,manufacturer_product_page
device,hpmicro::hpm6e80ivm,DAC 12bit,hpmicro:selector:hpm6e00,https://www.hpmicro.com/product-center/microcontroller/hpm6e00/6e00-selection-table,selection column:DAC 12bit,"""/""",2026-08-14T07:54:09+00:00,manufacturer_product_page
device,hpmicro::hpm6e80ivm,比较器,hpmicro:selector:hpm6e00,https://www.hpmicro.com/product-center/microcontroller/hpm6e00/6e00-selection-table,selection column:比较器,"""8""",2026-08-14T07:54:09+00:00,manufacturer_product_page
device,hpmicro::hpm6e80ivm,运算放大器,hpmicro:selector:hpm6e00,https://www.hpmicro.com/product-center/microcontroller/hpm6e00/6e00-selection-table,selection column:运算放大器,"""/""",2026-08-14T07:54:09+00:00,manufacturer_product_page
device,hpmicro::hpm6e80ivm,封装形式,hpmicro:selector:hpm6e00,https://www.hpmicro.com/product-center/microcontroller/hpm6e00/6e00-selection-table,selection column:封装形式,"""14×14 289BGA 0.8P""",2026-08-14T07:54:09+00:00,manufacturer_product_page
device,hpmicro::hpm6e80ivm,脚间距（mm),hpmicro:selector:hpm6e00,https://www.hpmicro.com/product-center/microcontroller/hpm6e00/6e00-selection-table,selection column:脚间距（mm),"""0.8""",2026-08-14T07:54:09+00:00,manufacturer_product_page
device,hpmicro::hpm6e80ivm,温度范围,hpmicro:selector:hpm6e00,https://www.hpmicro.com/product-center/microcontroller/hpm6e00/6e00-selection-table,selection column:温度范围,"""−40 ∼ 125°C Tj / −40 ∼ 105°C Ta""",2026-08-14T07:54:09+00:00,manufacturer_product_page
device,hpmicro::hpm6e80ivm,型号,hpmicro:selector:hpm6e00,https://www.hpmicro.com/product-center/microcontroller/hpm6e00/6e00-selection-table,selection column:型号,"""HPM6E80IVM""",2026-08-14T07:54:09+00:00,manufacturer_product_page
device,hpmicro::hpm6e80ign,内核类型,hpmicro:selector:hpm6e00,https://www.hpmicro.com/product-center/microcontroller/hpm6e00/6e00-selection-table,selection column:内核类型,"""双核 32 位 RISC-V 处理器""",2026-08-14T07:54:09+00:00,manufacturer_product_page
device,hpmicro::hpm6e80ign,最高主频（MHz）,hpmicro:selector:hpm6e00,https://www.hpmicro.com/product-center/microcontroller/hpm6e00/6e00-selection-table,selection column:最高主频（MHz）,"""600""",2026-08-14T07:54:09+00:00,manufacturer_product_page
device,hpmicro::hpm6e80ign,Flash (MB),hpmicro:selector:hpm6e00,https://www.hpmicro.com/product-center/microcontroller/hpm6e00/6e00-selection-table,selection column:Flash (MB),"""0""",2026-08-14T07:54:09+00:00,manufacturer_product_page
device,hpmicro::hpm6e80ign,SRAM,hpmicro:selector:hpm6e00,https://www.hpmicro.com/product-center/microcontroller/hpm6e00/6e00-selection-table,selection column:SRAM,"""2080KB""",2026-08-14T07:54:09+00:00,manufacturer_product_page
device,hpmicro::hpm6e80ign,电源输入（V）,hpmicro:selector:hpm6e00,https://www.hpmicro.com/product-center/microcontroller/hpm6e00/6e00-selection-table,selection column:电源输入（V）,"""3~3.6V""",2026-08-14T07:54:09+00:00,manufacturer_product_page
device,hpmicro::hpm6e80ign,图形编解码器,hpmicro:selector:hpm6e00,https://www.hpmicro.com/product-center/microcontroller/hpm6e00/6e00-selection-table,selection column:图形编解码器,"""/""",2026-08-14T07:54:09+00:00,manufacturer_product_page
device,hpmicro::hpm6e80ign,图形加速,hpmicro:selector:hpm6e00,https://www.hpmicro.com/product-center/microcontroller/hpm6e00/6e00-selection-table,selection column:图形加速,"""/""",2026-08-14T07:54:09+00:00,manufacturer_product_page
device,hpmicro::hpm6e80ign,LCD,hpmicro:selector:hpm6e00,https://www.hpmicro.com/product-center/microcontroller/hpm6e00/6e00-selection-table,selection column:LCD,"""/""",2026-08-14T07:54:09+00:00,manufacturer_product_page
device,hpmicro::hpm6e80ign,摄像头接口（DVP）,hpmicro:selector:hpm6e00,https://www.hpmicro.com/product-center/microcontroller/hpm6e00/6e00-selection-table,selection column:摄像头接口（DVP）,"""/""",2026-08-14T07:54:09+00:00,manufacturer_product_page
device,hpmicro::hpm6e80ign,I²S,hpmicro:selector:hpm6e00,https://www.hpmicro.com/product-center/microcontroller/hpm6e00/6e00-selection-table,selection column:I²S,"""2""",2026-08-14T07:54:09+00:00,manufacturer_product_page
device,hpmicro::hpm6e80ign,数字音频输出,hpmicro:selector:hpm6e00,https://www.hpmicro.com/product-center/microcontroller/hpm6e00/6e00-selection-table,selection column:数字音频输出,"""1""",2026-08-14T07:54:09+00:00,manufacturer_product_page
device,hpmicro::hpm6e80ign,DDR,hpmicro:selector:hpm6e00,https://www.hpmicro.com/product-center/microcontroller/hpm6e00/6e00-selection-table,selection column:DDR,"""/""",2026-08-14T07:54:09+00:00,manufacturer_product_page
device,hpmicro::hpm6e80ign,SDRAM,hpmicro:selector:hpm6e00,https://www.hpmicro.com/product-center/microcontroller/hpm6e00/6e00-selection-table,selection column:SDRAM,"""32bit""",2026-08-14T07:54:09+00:00,manufacturer_product_page
device,hpmicro::hpm6e80ign,SD/eMMC （*63系列无eMMC）,hpmicro:selector:hpm6e00,https://www.hpmicro.com/product-center/microcontroller/hpm6e00/6e00-selection-table,selection column:SD/eMMC （*63系列无eMMC）,"""/""",2026-08-14T07:54:09+00:00,manufacturer_product_page
device,hpmicro::hpm6e80ign,XPI,hpmicro:selector:hpm6e00,https://www.hpmicro.com/product-center/microcontroller/hpm6e00/6e00-selection-table,selection column:XPI,"""1""",2026-08-14T07:54:09+00:00,manufacturer_product_page
device,hpmicro::hpm6e80ign,以太网,hpmicro:selector:hpm6e00,https://www.hpmicro.com/product-center/microcontroller/hpm6e00/6e00-selection-table,selection column:以太网,"""EtherCAT从站控制器、千兆TSN交换机、千兆以太网""",2026-08-14T07:54:09+00:00,manufacturer_product_page
device,hpmicro::hpm6e80ign,CAN,hpmicro:selector:hpm6e00,https://www.hpmicro.com/product-center/microcontroller/hpm6e00/6e00-selection-table,selection column:CAN,"""CAN FD x 8""",2026-08-14T07:54:09+00:00,manufacturer_product_page
device,hpmicro::hpm6e80ign,USB,hpmicro:selector:hpm6e00,https://www.hpmicro.com/product-center/microcontroller/hpm6e00/6e00-selection-table,selection column:USB,"""USB HS w/ PHY ×1""",2026-08-14T07:54:09+00:00,manufacturer_product_page
device,hpmicro::hpm6e80ign,SPI,hpmicro:selector:hpm6e00,https://www.hpmicro.com/product-center/microcontroller/hpm6e00/6e00-selection-table,selection column:SPI,"""8""",2026-08-14T07:54:09+00:00,manufacturer_product_page
device,hpmicro::hpm6e80ign,I²C,hpmicro:selector:hpm6e00,https://www.hpmicro.com/product-center/microcontroller/hpm6e00/6e00-selection-table,selection column:I²C,"""8""",2026-08-14T07:54:09+00:00,manufacturer_product_page
device,hpmicro::hpm6e80ign,UART,hpmicro:selector:hpm6e00,https://www.hpmicro.com/product-center/microcontroller/hpm6e00/6e00-selection-table,selection column:UART,"""17""",2026-08-14T07:54:09+00:00,manufacturer_product_page
device,hpmicro::hpm6e80ign,Crypto 安全算法,hpmicro:selector:hpm6e00,https://www.hpmicro.com/product-center/microcontroller/hpm6e00/6e00-selection-table,selection column:Crypto 安全算法,"""AES128/256, SHA-1/256""",2026-08-14T07:54:09+00:00,manufacturer_product_page
device,hpmicro::hpm6e80ign,PDM数字麦克风,hpmicro:selector:hpm6e00,https://www.hpmicro.com/product-center/microcontroller/hpm6e00/6e00-selection-table,selection column:PDM数字麦克风,"""8通道""",2026-08-14T07:54:09+00:00,manufacturer_product_page
device,hpmicro::hpm6e80ign,安全特性,hpmicro:selector:hpm6e00,https://www.hpmicro.com/product-center/microcontroller/hpm6e00/6e00-selection-table,selection column:安全特性,"""安全启动,JTAG 保护,实时代码加密执行""",2026-08-14T07:54:09+00:00,manufacturer_product_page
device,hpmicro::hpm6e80ign,功能安全,hpmicro:selector:hpm6e00,https://www.hpmicro.com/product-center/microcontroller/hpm6e00/6e00-selection-table,selection column:功能安全,"""/""",2026-08-14T07:54:09+00:00,manufacturer_product_page
device,hpmicro::hpm6e80ign,电机控制,hpmicro:selector:hpm6e00,https://www.hpmicro.com/product-center/microcontroller/hpm6e00/6e00-selection-table,selection column:电机控制,"""4×8通道PWMv2，4xQEIv2，4xQEOv2，4xSEI，2xMTG""",2026-08-14T07:54:09+00:00,manufacturer_product_page
device,hpmicro::hpm6e80ign,RTC,hpmicro:selector:hpm6e00,https://www.hpmicro.com/product-center/microcontroller/hpm6e00/6e00-selection-table,selection column:RTC,"""1""",2026-08-14T07:54:09+00:00,manufacturer_product_page
device,hpmicro::hpm6e80ign,GPTimer,hpmicro:selector:hpm6e00,https://www.hpmicro.com/product-center/microcontroller/hpm6e00/6e00-selection-table,selection column:GPTimer,"""9×32 位""",2026-08-14T07:54:09+00:00,manufacturer_product_page
device,hpmicro::hpm6e80ign,WDG,hpmicro:selector:hpm6e00,https://www.hpmicro.com/product-center/microcontroller/hpm6e00/6e00-selection-table,selection column:WDG,"""5""",2026-08-14T07:54:09+00:00,manufacturer_product_page
device,hpmicro::hpm6e80ign,ADC 12bit,hpmicro:selector:hpm6e00,https://www.hpmicro.com/product-center/microcontroller/hpm6e00/6e00-selection-table,selection column:ADC 12bit,"""/""",2026-08-14T07:54:09+00:00,manufacturer_product_page
device,hpmicro::hpm6e80ign,ADC 16bit,hpmicro:selector:hpm6e00,https://www.hpmicro.com/product-center/microcontroller/hpm6e00/6e00-selection-table,selection column:ADC 16bit,"""4""",2026-08-14T07:54:09+00:00,manufacturer_product_page
device,hpmicro::hpm6e80ign,DAC 12bit,hpmicro:selector:hpm6e00,https://www.hpmicro.com/product-center/microcontroller/hpm6e00/6e00-selection-table,selection column:DAC 12bit,"""/""",2026-08-14T07:54:09+00:00,manufacturer_product_page
device,hpmicro::hpm6e80ign,比较器,hpmicro:selector:hpm6e00,https://www.hpmicro.com/product-center/microcontroller/hpm6e00/6e00-selection-table,selection column:比较器,"""8""",2026-08-14T07:54:09+00:00,manufacturer_product_page
device,hpmicro::hpm6e80ign,运算放大器,hpmicro:selector:hpm6e00,https://www.hpmicro.com/product-center/microcontroller/hpm6e00/6e00-selection-table,selection column:运算放大器,"""/""",2026-08-14T07:54:09+00:00,manufacturer_product_page
device,hpmicro::hpm6e80ign,封装形式,hpmicro:selector:hpm6e00,https://www.hpmicro.com/product-center/microcontroller/hpm6e00/6e00-selection-table,selection column:封装形式,"""12×12 196BGA 0.8P""",2026-08-14T07:54:09+00:00,manufacturer_product_page
device,hpmicro::hpm6e80ign,脚间距（mm),hpmicro:selector:hpm6e00,https://www.hpmicro.com/product-center/microcontroller/hpm6e00/6e00-selection-table,selection column:脚间距（mm),"""0.8""",2026-08-14T07:54:09+00:00,manufacturer_product_page
device,hpmicro::hpm6e80ign,温度范围,hpmicro:selector:hpm6e00,https://www.hpmicro.com/product-center/microcontroller/hpm6e00/6e00-selection-table,selection column:温度范围,"""−40 ∼ 125°C Tj / −40 ∼ 105°C Ta""",2026-08-14T07:54:09+00:00,manufacturer_product_page
device,hpmicro::hpm6e80ign,型号,hpmicro:selector:hpm6e00,https://www.hpmicro.com/product-center/microcontroller/hpm6e00/6e00-selection-table,selection column:型号,"""HPM6E80IGN""",2026-08-14T07:54:09+00:00,manufacturer_product_page
device,hpmicro::hpm6e70ivm,内核类型,hpmicro:selector:hpm6e00,https://www.hpmicro.com/product-center/microcontroller/hpm6e00/6e00-selection-table,selection column:内核类型,"""双核 32 位 RISC-V 处理器""",2026-08-14T07:54:09+00:00,manufacturer_product_page
device,hpmicro::hpm6e70ivm,最高主频（MHz）,hpmicro:selector:hpm6e00,https://www.hpmicro.com/product-center/microcontroller/hpm6e00/6e00-selection-table,selection column:最高主频（MHz）,"""600""",2026-08-14T07:54:09+00:00,manufacturer_product_page
device,hpmicro::hpm6e70ivm,Flash (MB),hpmicro:selector:hpm6e00,https://www.hpmicro.com/product-center/microcontroller/hpm6e00/6e00-selection-table,selection column:Flash (MB),"""0""",2026-08-14T07:54:09+00:00,manufacturer_product_page
device,hpmicro::hpm6e70ivm,SRAM,hpmicro:selector:hpm6e00,https://www.hpmicro.com/product-center/microcontroller/hpm6e00/6e00-selection-table,selection column:SRAM,"""2080KB""",2026-08-14T07:54:09+00:00,manufacturer_product_page
device,hpmicro::hpm6e70ivm,电源输入（V）,hpmicro:selector:hpm6e00,https://www.hpmicro.com/product-center/microcontroller/hpm6e00/6e00-selection-table,selection column:电源输入（V）,"""3~3.6V""",2026-08-14T07:54:09+00:00,manufacturer_product_page
device,hpmicro::hpm6e70ivm,图形编解码器,hpmicro:selector:hpm6e00,https://www.hpmicro.com/product-center/microcontroller/hpm6e00/6e00-selection-table,selection column:图形编解码器,"""/""",2026-08-14T07:54:09+00:00,manufacturer_product_page
device,hpmicro::hpm6e70ivm,图形加速,hpmicro:selector:hpm6e00,https://www.hpmicro.com/product-center/microcontroller/hpm6e00/6e00-selection-table,selection column:图形加速,"""/""",2026-08-14T07:54:09+00:00,manufacturer_product_page
device,hpmicro::hpm6e70ivm,LCD,hpmicro:selector:hpm6e00,https://www.hpmicro.com/product-center/microcontroller/hpm6e00/6e00-selection-table,selection column:LCD,"""/""",2026-08-14T07:54:09+00:00,manufacturer_product_page
device,hpmicro::hpm6e70ivm,摄像头接口（DVP）,hpmicro:selector:hpm6e00,https://www.hpmicro.com/product-center/microcontroller/hpm6e00/6e00-selection-table,selection column:摄像头接口（DVP）,"""/""",2026-08-14T07:54:09+00:00,manufacturer_product_page
device,hpmicro::hpm6e70ivm,I²S,hpmicro:selector:hpm6e00,https://www.hpmicro.com/product-center/microcontroller/hpm6e00/6e00-selection-table,selection column:I²S,"""2""",2026-08-14T07:54:09+00:00,manufacturer_product_page
device,hpmicro::hpm6e70ivm,数字音频输出,hpmicro:selector:hpm6e00,https://www.hpmicro.com/product-center/microcontroller/hpm6e00/6e00-selection-table,selection column:数字音频输出,"""1""",2026-08-14T07:54:09+00:00,manufacturer_product_page
device,hpmicro::hpm6e70ivm,DDR,hpmicro:selector:hpm6e00,https://www.hpmicro.com/product-center/microcontroller/hpm6e00/6e00-selection-table,selection column:DDR,"""/""",2026-08-14T07:54:09+00:00,manufacturer_product_page
device,hpmicro::hpm6e70ivm,SDRAM,hpmicro:selector:hpm6e00,https://www.hpmicro.com/product-center/microcontroller/hpm6e00/6e00-selection-table,selection column:SDRAM,"""32bit""",2026-08-14T07:54:09+00:00,manufacturer_product_page
device,hpmicro::hpm6e70ivm,SD/eMMC （*63系列无eMMC）,hpmicro:selector:hpm6e00,https://www.hpmicro.com/product-center/microcontroller/hpm6e00/6e00-selection-table,selection column:SD/eMMC （*63系列无eMMC）,"""/""",2026-08-14T07:54:09+00:00,manufacturer_product_page
device,hpmicro::hpm6e70ivm,XPI,hpmicro:selector:hpm6e00,https://www.hpmicro.com/product-center/microcontroller/hpm6e00/6e00-selection-table,selection column:XPI,"""1""",2026-08-14T07:54:09+00:00,manufacturer_product_page
device,hpmicro::hpm6e70ivm,以太网,hpmicro:selector:hpm6e00,https://www.hpmicro.com/product-center/microcontroller/hpm6e00/6e00-selection-table,selection column:以太网,"""EtherCAT从站控制器、千兆以太网""",2026-08-14T07:54:09+00:00,manufacturer_product_page
device,hpmicro::hpm6e70ivm,CAN,hpmicro:selector:hpm6e00,https://www.hpmicro.com/product-center/microcontroller/hpm6e00/6e00-selection-table,selection column:CAN,"""CAN FD x 8""",2026-08-14T07:54:09+00:00,manufacturer_product_page
device,hpmicro::hpm6e70ivm,USB,hpmicro:selector:hpm6e00,https://www.hpmicro.com/product-center/microcontroller/hpm6e00/6e00-selection-table,selection column:USB,"""USB HS w/ PHY ×1""",2026-08-14T07:54:09+00:00,manufacturer_product_page
device,hpmicro::hpm6e70ivm,SPI,hpmicro:selector:hpm6e00,https://www.hpmicro.com/product-center/microcontroller/hpm6e00/6e00-selection-table,selection column:SPI,"""8""",2026-08-14T07:54:09+00:00,manufacturer_product_page
device,hpmicro::hpm6e70ivm,I²C,hpmicro:selector:hpm6e00,https://www.hpmicro.com/product-center/microcontroller/hpm6e00/6e00-selection-table,selection column:I²C,"""8""",2026-08-14T07:54:09+00:00,manufacturer_product_page
device,hpmicro::hpm6e70ivm,UART,hpmicro:selector:hpm6e00,https://www.hpmicro.com/product-center/microcontroller/hpm6e00/6e00-selection-table,selection column:UART,"""17""",2026-08-14T07:54:09+00:00,manufacturer_product_page
device,hpmicro::hpm6e70ivm,Crypto 安全算法,hpmicro:selector:hpm6e00,https://www.hpmicro.com/product-center/microcontroller/hpm6e00/6e00-selection-table,selection column:Crypto 安全算法,"""AES128/256, SHA-1/256""",2026-08-14T07:54:09+00:00,manufacturer_product_page
device,hpmicro::hpm6e70ivm,PDM数字麦克风,hpmicro:selector:hpm6e00,https://www.hpmicro.com/product-center/microcontroller/hpm6e00/6e00-selection-table,selection column:PDM数字麦克风,"""8通道""",2026-08-14T07:54:09+00:00,manufacturer_product_page
device,hpmicro::hpm6e70ivm,安全特性,hpmicro:selector:hpm6e00,https://www.hpmicro.com/product-center/microcontroller/hpm6e00/6e00-selection-table,selection column:安全特性,"""安全启动,JTAG 保护,实时代码加密执行""",2026-08-14T07:54:09+00:00,manufacturer_product_page
device,hpmicro::hpm6e70ivm,功能安全,hpmicro:selector:hpm6e00,https://www.hpmicro.com/product-center/microcontroller/hpm6e00/6e00-selection-table,selection column:功能安全,"""/""",2026-08-14T07:54:09+00:00,manufacturer_product_page
device,hpmicro::hpm6e70ivm,电机控制,hpmicro:selector:hpm6e00,https://www.hpmicro.com/product-center/microcontroller/hpm6e00/6e00-selection-table,selection column:电机控制,"""4×8通道PWMv2，4xQEIv2，4xQEOv2，4xSEI，2xMTG""",2026-08-14T07:54:09+00:00,manufacturer_product_page
device,hpmicro::hpm6e70ivm,RTC,hpmicro:selector:hpm6e00,https://www.hpmicro.com/product-center/microcontroller/hpm6e00/6e00-selection-table,selection column:RTC,"""1""",2026-08-14T07:54:09+00:00,manufacturer_product_page
device,hpmicro::hpm6e70ivm,GPTimer,hpmicro:selector:hpm6e00,https://www.hpmicro.com/product-center/microcontroller/hpm6e00/6e00-selection-table,selection column:GPTimer,"""9×32 位""",2026-08-14T07:54:09+00:00,manufacturer_product_page
device,hpmicro::hpm6e70ivm,WDG,hpmicro:selector:hpm6e00,https://www.hpmicro.com/product-center/microcontroller/hpm6e00/6e00-selection-table,selection column:WDG,"""5""",2026-08-14T07:54:09+00:00,manufacturer_product_page
device,hpmicro::hpm6e70ivm,ADC 12bit,hpmicro:selector:hpm6e00,https://www.hpmicro.com/product-center/microcontroller/hpm6e00/6e00-selection-table,selection column:ADC 12bit,"""/""",2026-08-14T07:54:09+00:00,manufacturer_product_page
device,hpmicro::hpm6e70ivm,ADC 16bit,hpmicro:selector:hpm6e00,https://www.hpmicro.com/product-center/microcontroller/hpm6e00/6e00-selection-table,selection column:ADC 16bit,"""4""",2026-08-14T07:54:09+00:00,manufacturer_product_page
device,hpmicro::hpm6e70ivm,DAC 12bit,hpmicro:selector:hpm6e00,https://www.hpmicro.com/product-center/microcontroller/hpm6e00/6e00-selection-table,selection column:DAC 12bit,"""/""",2026-08-14T07:54:09+00:00,manufacturer_product_page
device,hpmicro::hpm6e70ivm,比较器,hpmicro:selector:hpm6e00,https://www.hpmicro.com/product-center/microcontroller/hpm6e00/6e00-selection-table,selection column:比较器,"""8""",2026-08-14T07:54:09+00:00,manufacturer_product_page
device,hpmicro::hpm6e70ivm,运算放大器,hpmicro:selector:hpm6e00,https://www.hpmicro.com/product-center/microcontroller/hpm6e00/6e00-selection-table,selection column:运算放大器,"""/""",2026-08-14T07:54:09+00:00,manufacturer_product_page
device,hpmicro::hpm6e70ivm,封装形式,hpmicro:selector:hpm6e00,https://www.hpmicro.com/product-center/microcontroller/hpm6e00/6e00-selection-table,selection column:封装形式,"""14×14 289BGA 0.8P""",2026-08-14T07:54:09+00:00,manufacturer_product_page
device,hpmicro::hpm6e70ivm,脚间距（mm),hpmicro:selector:hpm6e00,https://www.hpmicro.com/product-center/microcontroller/hpm6e00/6e00-selection-table,selection column:脚间距（mm),"""0.8""",2026-08-14T07:54:09+00:00,manufacturer_product_page
device,hpmicro::hpm6e70ivm,温度范围,hpmicro:selector:hpm6e00,https://www.hpmicro.com/product-center/microcontroller/hpm6e00/6e00-selection-table,selection column:温度范围,"""−40 ∼ 125°C Tj / −40 ∼ 105°C Ta""",2026-08-14T07:54:09+00:00,manufacturer_product_page
device,hpmicro::hpm6e70ivm,型号,hpmicro:selector:hpm6e00,https://www.hpmicro.com/product-center/microcontroller/hpm6e00/6e00-selection-table,selection column:型号,"""HPM6E70IVM""",2026-08-14T07:54:09+00:00,manufacturer_product_page
device,hpmicro::hpm6e70ign,内核类型,hpmicro:selector:hpm6e00,https://www.hpmicro.com/product-center/microcontroller/hpm6e00/6e00-selection-table,selection column:内核类型,"""双核 32 位 RISC-V 处理器""",2026-08-14T07:54:09+00:00,manufacturer_product_page
device,hpmicro::hpm6e70ign,最高主频（MHz）,hpmicro:selector:hpm6e00,https://www.hpmicro.com/product-center/microcontroller/hpm6e00/6e00-selection-table,selection column:最高主频（MHz）,"""600""",2026-08-14T07:54:09+00:00,manufacturer_product_page
device,hpmicro::hpm6e70ign,Flash (MB),hpmicro:selector:hpm6e00,https://www.hpmicro.com/product-center/microcontroller/hpm6e00/6e00-selection-table,selection column:Flash (MB),"""0""",2026-08-14T07:54:09+00:00,manufacturer_product_page
device,hpmicro::hpm6e70ign,SRAM,hpmicro:selector:hpm6e00,https://www.hpmicro.com/product-center/microcontroller/hpm6e00/6e00-selection-table,selection column:SRAM,"""2080KB""",2026-08-14T07:54:09+00:00,manufacturer_product_page
device,hpmicro::hpm6e70ign,电源输入（V）,hpmicro:selector:hpm6e00,https://www.hpmicro.com/product-center/microcontroller/hpm6e00/6e00-selection-table,selection column:电源输入（V）,"""3~3.6V""",2026-08-14T07:54:09+00:00,manufacturer_product_page
device,hpmicro::hpm6e70ign,图形编解码器,hpmicro:selector:hpm6e00,https://www.hpmicro.com/product-center/microcontroller/hpm6e00/6e00-selection-table,selection column:图形编解码器,"""/""",2026-08-14T07:54:09+00:00,manufacturer_product_page
device,hpmicro::hpm6e70ign,图形加速,hpmicro:selector:hpm6e00,https://www.hpmicro.com/product-center/microcontroller/hpm6e00/6e00-selection-table,selection column:图形加速,"""/""",2026-08-14T07:54:09+00:00,manufacturer_product_page
device,hpmicro::hpm6e70ign,LCD,hpmicro:selector:hpm6e00,https://www.hpmicro.com/product-center/microcontroller/hpm6e00/6e00-selection-table,selection column:LCD,"""/""",2026-08-14T07:54:09+00:00,manufacturer_product_page
device,hpmicro::hpm6e70ign,摄像头接口（DVP）,hpmicro:selector:hpm6e00,https://www.hpmicro.com/product-center/microcontroller/hpm6e00/6e00-selection-table,selection column:摄像头接口（DVP）,"""/""",2026-08-14T07:54:09+00:00,manufacturer_product_page
device,hpmicro::hpm6e70ign,I²S,hpmicro:selector:hpm6e00,https://www.hpmicro.com/product-center/microcontroller/hpm6e00/6e00-selection-table,selection column:I²S,"""2""",2026-08-14T07:54:09+00:00,manufacturer_product_page
device,hpmicro::hpm6e70ign,数字音频输出,hpmicro:selector:hpm6e00,https://www.hpmicro.com/product-center/microcontroller/hpm6e00/6e00-selection-table,selection column:数字音频输出,"""1""",2026-08-14T07:54:09+00:00,manufacturer_product_page
device,hpmicro::hpm6e70ign,DDR,hpmicro:selector:hpm6e00,https://www.hpmicro.com/product-center/microcontroller/hpm6e00/6e00-selection-table,selection column:DDR,"""/""",2026-08-14T07:54:09+00:00,manufacturer_product_page
device,hpmicro::hpm6e70ign,SDRAM,hpmicro:selector:hpm6e00,https://www.hpmicro.com/product-center/microcontroller/hpm6e00/6e00-selection-table,selection column:SDRAM,"""32bit""",2026-08-14T07:54:09+00:00,manufacturer_product_page
device,hpmicro::hpm6e70ign,SD/eMMC （*63系列无eMMC）,hpmicro:selector:hpm6e00,https://www.hpmicro.com/product-center/microcontroller/hpm6e00/6e00-selection-table,selection column:SD/eMMC （*63系列无eMMC）,"""/""",2026-08-14T07:54:09+00:00,manufacturer_product_page
device,hpmicro::hpm6e70ign,XPI,hpmicro:selector:hpm6e00,https://www.hpmicro.com/product-center/microcontroller/hpm6e00/6e00-selection-table,selection column:XPI,"""1""",2026-08-14T07:54:09+00:00,manufacturer_product_page
device,hpmicro::hpm6e70ign,以太网,hpmicro:selector:hpm6e00,https://www.hpmicro.com/product-center/microcontroller/hpm6e00/6e00-selection-table,selection column:以太网,"""EtherCAT从站控制器、千兆以太网""",2026-08-14T07:54:09+00:00,manufacturer_product_page
device,hpmicro::hpm6e70ign,CAN,hpmicro:selector:hpm6e00,https://www.hpmicro.com/product-center/microcontroller/hpm6e00/6e00-selection-table,selection column:CAN,"""CAN FD x 8""",2026-08-14T07:54:09+00:00,manufacturer_product_page
device,hpmicro::hpm6e70ign,USB,hpmicro:selector:hpm6e00,https://www.hpmicro.com/product-center/microcontroller/hpm6e00/6e00-selection-table,selection column:USB,"""USB HS w/ PHY ×1""",2026-08-14T07:54:09+00:00,manufacturer_product_page
device,hpmicro::hpm6e70ign,SPI,hpmicro:selector:hpm6e00,https://www.hpmicro.com/product-center/microcontroller/hpm6e00/6e00-selection-table,selection column:SPI,"""8""",2026-08-14T07:54:09+00:00,manufacturer_product_page
device,hpmicro::hpm6e70ign,I²C,hpmicro:selector:hpm6e00,https://www.hpmicro.com/product-center/microcontroller/hpm6e00/6e00-selection-table,selection column:I²C,"""8""",2026-08-14T07:54:09+00:00,manufacturer_product_page
device,hpmicro::hpm6e70ign,UART,hpmicro:selector:hpm6e00,https://www.hpmicro.com/product-center/microcontroller/hpm6e00/6e00-selection-table,selection column:UART,"""17""",2026-08-14T07:54:09+00:00,manufacturer_product_page
device,hpmicro::hpm6e70ign,Crypto 安全算法,hpmicro:selector:hpm6e00,https://www.hpmicro.com/product-center/microcontroller/hpm6e00/6e00-selection-table,selection column:Crypto 安全算法,"""AES128/256, SHA-1/256""",2026-08-14T07:54:09+00:00,manufacturer_product_page
device,hpmicro::hpm6e70ign,PDM数字麦克风,hpmicro:selector:hpm6e00,https://www.hpmicro.com/product-center/microcontroller/hpm6e00/6e00-selection-table,selection column:PDM数字麦克风,"""8通道""",2026-08-14T07:54:09+00:00,manufacturer_product_page
device,hpmicro::hpm6e70ign,安全特性,hpmicro:selector:hpm6e00,https://www.hpmicro.com/product-center/microcontroller/hpm6e00/6e00-selection-table,selection column:安全特性,"""安全启动,JTAG 保护,实时代码加密执行""",2026-08-14T07:54:09+00:00,manufacturer_product_page
device,hpmicro::hpm6e70ign,功能安全,hpmicro:selector:hpm6e00,https://www.hpmicro.com/product-center/microcontroller/hpm6e00/6e00-selection-table,selection column:功能安全,"""/""",2026-08-14T07:54:09+00:00,manufacturer_product_page
device,hpmicro::hpm6e70ign,电机控制,hpmicro:selector:hpm6e00,https://www.hpmicro.com/product-center/microcontroller/hpm6e00/6e00-selection-table,selection column:电机控制,"""4×8通道PWMv2，4xQEIv2，4xQEOv2，4xSEI，2xMTG""",2026-08-14T07:54:09+00:00,manufacturer_product_page
device,hpmicro::hpm6e70ign,RTC,hpmicro:selector:hpm6e00,https://www.hpmicro.com/product-center/microcontroller/hpm6e00/6e00-selection-table,selection column:RTC,"""1""",2026-08-14T07:54:09+00:00,manufacturer_product_page
device,hpmicro::hpm6e70ign,GPTimer,hpmicro:selector:hpm6e00,https://www.hpmicro.com/product-center/microcontroller/hpm6e00/6e00-selection-table,selection column:GPTimer,"""9×32 位""",2026-08-14T07:54:09+00:00,manufacturer_product_page
device,hpmicro::hpm6e70ign,WDG,hpmicro:selector:hpm6e00,https://www.hpmicro.com/product-center/microcontroller/hpm6e00/6e00-selection-table,selection column:WDG,"""5""",2026-08-14T07:54:09+00:00,manufacturer_product_page
device,hpmicro::hpm6e70ign,ADC 12bit,hpmicro:selector:hpm6e00,https://www.hpmicro.com/product-center/microcontroller/hpm6e00/6e00-selection-table,selection column:ADC 12bit,"""/""",2026-08-14T07:54:09+00:00,manufacturer_product_page
device,hpmicro::hpm6e70ign,ADC 16bit,hpmicro:selector:hpm6e00,https://www.hpmicro.com/product-center/microcontroller/hpm6e00/6e00-selection-table,selection column:ADC 16bit,"""4""",2026-08-14T07:54:09+00:00,manufacturer_product_page
device,hpmicro::hpm6e70ign,DAC 12bit,hpmicro:selector:hpm6e00,https://www.hpmicro.com/product-center/microcontroller/hpm6e00/6e00-selection-table,selection column:DAC 12bit,"""/""",2026-08-14T07:54:09+00:00,manufacturer_product_page
device,hpmicro::hpm6e70ign,比较器,hpmicro:selector:hpm6e00,https://www.hpmicro.com/product-center/microcontroller/hpm6e00/6e00-selection-table,selection column:比较器,"""8""",2026-08-14T07:54:09+00:00,manufacturer_product_page
device,hpmicro::hpm6e70ign,运算放大器,hpmicro:selector:hpm6e00,https://www.hpmicro.com/product-center/microcontroller/hpm6e00/6e00-selection-table,selection column:运算放大器,"""/""",2026-08-14T07:54:09+00:00,manufacturer_product_page
device,hpmicro::hpm6e70ign,封装形式,hpmicro:selector:hpm6e00,https://www.hpmicro.com/product-center/microcontroller/hpm6e00/6e00-selection-table,selection column:封装形式,"""12×12 196BGA 0.8P""",2026-08-14T07:54:09+00:00,manufacturer_product_page
device,hpmicro::hpm6e70ign,脚间距（mm),hpmicro:selector:hpm6e00,https://www.hpmicro.com/product-center/microcontroller/hpm6e00/6e00-selection-table,selection column:脚间距（mm),"""0.8""",2026-08-14T07:54:09+00:00,manufacturer_product_page
device,hpmicro::hpm6e70ign,温度范围,hpmicro:selector:hpm6e00,https://www.hpmicro.com/product-center/microcontroller/hpm6e00/6e00-selection-table,selection column:温度范围,"""−40 ∼ 125°C Tj / −40 ∼ 105°C Ta""",2026-08-14T07:54:09+00:00,manufacturer_product_page
device,hpmicro::hpm6e70ign,型号,hpmicro:selector:hpm6e00,https://www.hpmicro.com/product-center/microcontroller/hpm6e00/6e00-selection-table,selection column:型号,"""HPM6E70IGN""",2026-08-14T07:54:09+00:00,manufacturer_product_page
device,hpmicro::hpm6e6yign,内核类型,hpmicro:selector:hpm6e00,https://www.hpmicro.com/product-center/microcontroller/hpm6e00/6e00-selection-table,selection column:内核类型,"""单核 32 位 RISC-V 处理器""",2026-08-14T07:54:09+00:00,manufacturer_product_page
device,hpmicro::hpm6e6yign,最高主频（MHz）,hpmicro:selector:hpm6e00,https://www.hpmicro.com/product-center/microcontroller/hpm6e00/6e00-selection-table,selection column:最高主频（MHz）,"""600""",2026-08-14T07:54:09+00:00,manufacturer_product_page
device,hpmicro::hpm6e6yign,Flash (MB),hpmicro:selector:hpm6e00,https://www.hpmicro.com/product-center/microcontroller/hpm6e00/6e00-selection-table,selection column:Flash (MB),"""4""",2026-08-14T07:54:09+00:00,manufacturer_product_page
device,hpmicro::hpm6e6yign,SRAM,hpmicro:selector:hpm6e00,https://www.hpmicro.com/product-center/microcontroller/hpm6e00/6e00-selection-table,selection column:SRAM,"""2080KB""",2026-08-14T07:54:09+00:00,manufacturer_product_page
device,hpmicro::hpm6e6yign,电源输入（V）,hpmicro:selector:hpm6e00,https://www.hpmicro.com/product-center/microcontroller/hpm6e00/6e00-selection-table,selection column:电源输入（V）,"""3~3.6V""",2026-08-14T07:54:09+00:00,manufacturer_product_page
device,hpmicro::hpm6e6yign,图形编解码器,hpmicro:selector:hpm6e00,https://www.hpmicro.com/product-center/microcontroller/hpm6e00/6e00-selection-table,selection column:图形编解码器,"""/""",2026-08-14T07:54:09+00:00,manufacturer_product_page
device,hpmicro::hpm6e6yign,图形加速,hpmicro:selector:hpm6e00,https://www.hpmicro.com/product-center/microcontroller/hpm6e00/6e00-selection-table,selection column:图形加速,"""/""",2026-08-14T07:54:09+00:00,manufacturer_product_page
device,hpmicro::hpm6e6yign,LCD,hpmicro:selector:hpm6e00,https://www.hpmicro.com/product-center/microcontroller/hpm6e00/6e00-selection-table,selection column:LCD,"""/""",2026-08-14T07:54:09+00:00,manufacturer_product_page
device,hpmicro::hpm6e6yign,摄像头接口（DVP）,hpmicro:selector:hpm6e00,https://www.hpmicro.com/product-center/microcontroller/hpm6e00/6e00-selection-table,selection column:摄像头接口（DVP）,"""/""",2026-08-14T07:54:09+00:00,manufacturer_product_page
device,hpmicro::hpm6e6yign,I²S,hpmicro:selector:hpm6e00,https://www.hpmicro.com/product-center/microcontroller/hpm6e00/6e00-selection-table,selection column:I²S,"""2""",2026-08-14T07:54:09+00:00,manufacturer_product_page
device,hpmicro::hpm6e6yign,数字音频输出,hpmicro:selector:hpm6e00,https://www.hpmicro.com/product-center/microcontroller/hpm6e00/6e00-selection-table,selection column:数字音频输出,"""1""",2026-08-14T07:54:09+00:00,manufacturer_product_page
device,hpmicro::hpm6e6yign,DDR,hpmicro:selector:hpm6e00,https://www.hpmicro.com/product-center/microcontroller/hpm6e00/6e00-selection-table,selection column:DDR,"""/""",2026-08-14T07:54:09+00:00,manufacturer_product_page
device,hpmicro::hpm6e6yign,SDRAM,hpmicro:selector:hpm6e00,https://www.hpmicro.com/product-center/microcontroller/hpm6e00/6e00-selection-table,selection column:SDRAM,"""32bit""",2026-08-14T07:54:09+00:00,manufacturer_product_page
device,hpmicro::hpm6e6yign,SD/eMMC （*63系列无eMMC）,hpmicro:selector:hpm6e00,https://www.hpmicro.com/product-center/microcontroller/hpm6e00/6e00-selection-table,selection column:SD/eMMC （*63系列无eMMC）,"""/""",2026-08-14T07:54:09+00:00,manufacturer_product_page
device,hpmicro::hpm6e6yign,XPI,hpmicro:selector:hpm6e00,https://www.hpmicro.com/product-center/microcontroller/hpm6e00/6e00-selection-table,selection column:XPI,"""1""",2026-08-14T07:54:09+00:00,manufacturer_product_page
device,hpmicro::hpm6e6yign,以太网,hpmicro:selector:hpm6e00,https://www.hpmicro.com/product-center/microcontroller/hpm6e00/6e00-selection-table,selection column:以太网,"""EtherCAT从站控制器、千兆以太网、2个百兆PHY""",2026-08-14T07:54:09+00:00,manufacturer_product_page
device,hpmicro::hpm6e6yign,CAN,hpmicro:selector:hpm6e00,https://www.hpmicro.com/product-center/microcontroller/hpm6e00/6e00-selection-table,selection column:CAN,"""CAN FD x 8""",2026-08-14T07:54:09+00:00,manufacturer_product_page
device,hpmicro::hpm6e6yign,USB,hpmicro:selector:hpm6e00,https://www.hpmicro.com/product-center/microcontroller/hpm6e00/6e00-selection-table,selection column:USB,"""USB HS w/ PHY ×1""",2026-08-14T07:54:09+00:00,manufacturer_product_page
device,hpmicro::hpm6e6yign,SPI,hpmicro:selector:hpm6e00,https://www.hpmicro.com/product-center/microcontroller/hpm6e00/6e00-selection-table,selection column:SPI,"""8""",2026-08-14T07:54:09+00:00,manufacturer_product_page
device,hpmicro::hpm6e6yign,I²C,hpmicro:selector:hpm6e00,https://www.hpmicro.com/product-center/microcontroller/hpm6e00/6e00-selection-table,selection column:I²C,"""8""",2026-08-14T07:54:09+00:00,manufacturer_product_page
device,hpmicro::hpm6e6yign,UART,hpmicro:selector:hpm6e00,https://www.hpmicro.com/product-center/microcontroller/hpm6e00/6e00-selection-table,selection column:UART,"""17""",2026-08-14T07:54:09+00:00,manufacturer_product_page
device,hpmicro::hpm6e6yign,Crypto 安全算法,hpmicro:selector:hpm6e00,https://www.hpmicro.com/product-center/microcontroller/hpm6e00/6e00-selection-table,selection column:Crypto 安全算法,"""AES128/256, SHA-1/256""",2026-08-14T07:54:09+00:00,manufacturer_product_page
device,hpmicro::hpm6e6yign,PDM数字麦克风,hpmicro:selector:hpm6e00,https://www.hpmicro.com/product-center/microcontroller/hpm6e00/6e00-selection-table,selection column:PDM数字麦克风,"""8通道""",2026-08-14T07:54:09+00:00,manufacturer_product_page
device,hpmicro::hpm6e6yign,安全特性,hpmicro:selector:hpm6e00,https://www.hpmicro.com/product-center/microcontroller/hpm6e00/6e00-selection-table,selection column:安全特性,"""安全启动,JTAG 保护,实时代码加密执行""",2026-08-14T07:54:09+00:00,manufacturer_product_page
device,hpmicro::hpm6e6yign,功能安全,hpmicro:selector:hpm6e00,https://www.hpmicro.com/product-center/microcontroller/hpm6e00/6e00-selection-table,selection column:功能安全,"""/""",2026-08-14T07:54:09+00:00,manufacturer_product_page
device,hpmicro::hpm6e6yign,电机控制,hpmicro:selector:hpm6e00,https://www.hpmicro.com/product-center/microcontroller/hpm6e00/6e00-selection-table,selection column:电机控制,"""4×8通道PWMv2，4xQEIv2，4xQEOv2，4xSEI，2xMTG""",2026-08-14T07:54:09+00:00,manufacturer_product_page
device,hpmicro::hpm6e6yign,RTC,hpmicro:selector:hpm6e00,https://www.hpmicro.com/product-center/microcontroller/hpm6e00/6e00-selection-table,selection column:RTC,"""1""",2026-08-14T07:54:09+00:00,manufacturer_product_page
device,hpmicro::hpm6e6yign,GPTimer,hpmicro:selector:hpm6e00,https://www.hpmicro.com/product-center/microcontroller/hpm6e00/6e00-selection-table,selection column:GPTimer,"""9×32 位""",2026-08-14T07:54:09+00:00,manufacturer_product_page
device,hpmicro::hpm6e6yign,WDG,hpmicro:selector:hpm6e00,https://www.hpmicro.com/product-center/microcontroller/hpm6e00/6e00-selection-table,selection column:WDG,"""5""",2026-08-14T07:54:09+00:00,manufacturer_product_page
device,hpmicro::hpm6e6yign,ADC 12bit,hpmicro:selector:hpm6e00,https://www.hpmicro.com/product-center/microcontroller/hpm6e00/6e00-selection-table,selection column:ADC 12bit,"""/""",2026-08-14T07:54:09+00:00,manufacturer_product_page
device,hpmicro::hpm6e6yign,ADC 16bit,hpmicro:selector:hpm6e00,https://www.hpmicro.com/product-center/microcontroller/hpm6e00/6e00-selection-table,selection column:ADC 16bit,"""4""",2026-08-14T07:54:09+00:00,manufacturer_product_page
device,hpmicro::hpm6e6yign,DAC 12bit,hpmicro:selector:hpm6e00,https://www.hpmicro.com/product-center/microcontroller/hpm6e00/6e00-selection-table,selection column:DAC 12bit,"""/""",2026-08-14T07:54:09+00:00,manufacturer_product_page
device,hpmicro::hpm6e6yign,比较器,hpmicro:selector:hpm6e00,https://www.hpmicro.com/product-center/microcontroller/hpm6e00/6e00-selection-table,selection column:比较器,"""8""",2026-08-14T07:54:09+00:00,manufacturer_product_page
device,hpmicro::hpm6e6yign,运算放大器,hpmicro:selector:hpm6e00,https://www.hpmicro.com/product-center/microcontroller/hpm6e00/6e00-selection-table,selection column:运算放大器,"""/""",2026-08-14T07:54:09+00:00,manufacturer_product_page
device,hpmicro::hpm6e6yign,封装形式,hpmicro:selector:hpm6e00,https://www.hpmicro.com/product-center/microcontroller/hpm6e00/6e00-selection-table,selection column:封装形式,"""12×12 196BGA 0.8P""",2026-08-14T07:54:09+00:00,manufacturer_product_page
device,hpmicro::hpm6e6yign,脚间距（mm),hpmicro:selector:hpm6e00,https://www.hpmicro.com/product-center/microcontroller/hpm6e00/6e00-selection-table,selection column:脚间距（mm),"""0.8""",2026-08-14T07:54:09+00:00,manufacturer_product_page
device,hpmicro::hpm6e6yign,温度范围,hpmicro:selector:hpm6e00,https://www.hpmicro.com/product-center/microcontroller/hpm6e00/6e00-selection-table,selection column:温度范围,"""−40 ∼ 125◦C Tj / −40 ∼ 105◦C Ta""",2026-08-14T07:54:09+00:00,manufacturer_product_page
device,hpmicro::hpm6e6yign,型号,hpmicro:selector:hpm6e00,https://www.hpmicro.com/product-center/microcontroller/hpm6e00/6e00-selection-table,selection column:型号,"""HPM6E6YIGN""",2026-08-14T07:54:09+00:00,manufacturer_product_page
device,hpmicro::hpm6e60ivm,内核类型,hpmicro:selector:hpm6e00,https://www.hpmicro.com/product-center/microcontroller/hpm6e00/6e00-selection-table,selection column:内核类型,"""单核 32 位 RISC-V 处理器""",2026-08-14T07:54:09+00:00,manufacturer_product_page
device,hpmicro::hpm6e60ivm,最高主频（MHz）,hpmicro:selector:hpm6e00,https://www.hpmicro.com/product-center/microcontroller/hpm6e00/6e00-selection-table,selection column:最高主频（MHz）,"""600""",2026-08-14T07:54:09+00:00,manufacturer_product_page
device,hpmicro::hpm6e60ivm,Flash (MB),hpmicro:selector:hpm6e00,https://www.hpmicro.com/product-center/microcontroller/hpm6e00/6e00-selection-table,selection column:Flash (MB),"""0""",2026-08-14T07:54:09+00:00,manufacturer_product_page
device,hpmicro::hpm6e60ivm,SRAM,hpmicro:selector:hpm6e00,https://www.hpmicro.com/product-center/microcontroller/hpm6e00/6e00-selection-table,selection column:SRAM,"""2080KB""",2026-08-14T07:54:09+00:00,manufacturer_product_page
device,hpmicro::hpm6e60ivm,电源输入（V）,hpmicro:selector:hpm6e00,https://www.hpmicro.com/product-center/microcontroller/hpm6e00/6e00-selection-table,selection column:电源输入（V）,"""3~3.6V""",2026-08-14T07:54:09+00:00,manufacturer_product_page
device,hpmicro::hpm6e60ivm,图形编解码器,hpmicro:selector:hpm6e00,https://www.hpmicro.com/product-center/microcontroller/hpm6e00/6e00-selection-table,selection column:图形编解码器,"""/""",2026-08-14T07:54:09+00:00,manufacturer_product_page
device,hpmicro::hpm6e60ivm,图形加速,hpmicro:selector:hpm6e00,https://www.hpmicro.com/product-center/microcontroller/hpm6e00/6e00-selection-table,selection column:图形加速,"""/""",2026-08-14T07:54:09+00:00,manufacturer_product_page
device,hpmicro::hpm6e60ivm,LCD,hpmicro:selector:hpm6e00,https://www.hpmicro.com/product-center/microcontroller/hpm6e00/6e00-selection-table,selection column:LCD,"""/""",2026-08-14T07:54:09+00:00,manufacturer_product_page
device,hpmicro::hpm6e60ivm,摄像头接口（DVP）,hpmicro:selector:hpm6e00,https://www.hpmicro.com/product-center/microcontroller/hpm6e00/6e00-selection-table,selection column:摄像头接口（DVP）,"""/""",2026-08-14T07:54:09+00:00,manufacturer_product_page
device,hpmicro::hpm6e60ivm,I²S,hpmicro:selector:hpm6e00,https://www.hpmicro.com/product-center/microcontroller/hpm6e00/6e00-selection-table,selection column:I²S,"""2""",2026-08-14T07:54:09+00:00,manufacturer_product_page
device,hpmicro::hpm6e60ivm,数字音频输出,hpmicro:selector:hpm6e00,https://www.hpmicro.com/product-center/microcontroller/hpm6e00/6e00-selection-table,selection column:数字音频输出,"""1""",2026-08-14T07:54:09+00:00,manufacturer_product_page
device,hpmicro::hpm6e60ivm,DDR,hpmicro:selector:hpm6e00,https://www.hpmicro.com/product-center/microcontroller/hpm6e00/6e00-selection-table,selection column:DDR,"""/""",2026-08-14T07:54:09+00:00,manufacturer_product_page
device,hpmicro::hpm6e60ivm,SDRAM,hpmicro:selector:hpm6e00,https://www.hpmicro.com/product-center/microcontroller/hpm6e00/6e00-selection-table,selection column:SDRAM,"""32bit""",2026-08-14T07:54:09+00:00,manufacturer_product_page
device,hpmicro::hpm6e60ivm,SD/eMMC （*63系列无eMMC）,hpmicro:selector:hpm6e00,https://www.hpmicro.com/product-center/microcontroller/hpm6e00/6e00-selection-table,selection column:SD/eMMC （*63系列无eMMC）,"""/""",2026-08-14T07:54:09+00:00,manufacturer_product_page
device,hpmicro::hpm6e60ivm,XPI,hpmicro:selector:hpm6e00,https://www.hpmicro.com/product-center/microcontroller/hpm6e00/6e00-selection-table,selection column:XPI,"""1""",2026-08-14T07:54:09+00:00,manufacturer_product_page
device,hpmicro::hpm6e60ivm,以太网,hpmicro:selector:hpm6e00,https://www.hpmicro.com/product-center/microcontroller/hpm6e00/6e00-selection-table,selection column:以太网,"""EtherCAT从站控制器、千兆以太网""",2026-08-14T07:54:09+00:00,manufacturer_product_page
device,hpmicro::hpm6e60ivm,CAN,hpmicro:selector:hpm6e00,https://www.hpmicro.com/product-center/microcontroller/hpm6e00/6e00-selection-table,selection column:CAN,"""CAN FD x 8""",2026-08-14T07:54:09+00:00,manufacturer_product_page
device,hpmicro::hpm6e60ivm,USB,hpmicro:selector:hpm6e00,https://www.hpmicro.com/product-center/microcontroller/hpm6e00/6e00-selection-table,selection column:USB,"""USB HS w/ PHY ×1""",2026-08-14T07:54:09+00:00,manufacturer_product_page
device,hpmicro::hpm6e60ivm,SPI,hpmicro:selector:hpm6e00,https://www.hpmicro.com/product-center/microcontroller/hpm6e00/6e00-selection-table,selection column:SPI,"""8""",2026-08-14T07:54:09+00:00,manufacturer_product_page
device,hpmicro::hpm6e60ivm,I²C,hpmicro:selector:hpm6e00,https://www.hpmicro.com/product-center/microcontroller/hpm6e00/6e00-selection-table,selection column:I²C,"""8""",2026-08-14T07:54:09+00:00,manufacturer_product_page
device,hpmicro::hpm6e60ivm,UART,hpmicro:selector:hpm6e00,https://www.hpmicro.com/product-center/microcontroller/hpm6e00/6e00-selection-table,selection column:UART,"""17""",2026-08-14T07:54:09+00:00,manufacturer_product_page
device,hpmicro::hpm6e60ivm,Crypto 安全算法,hpmicro:selector:hpm6e00,https://www.hpmicro.com/product-center/microcontroller/hpm6e00/6e00-selection-table,selection column:Crypto 安全算法,"""AES128/256, SHA-1/256""",2026-08-14T07:54:09+00:00,manufacturer_product_page
device,hpmicro::hpm6e60ivm,PDM数字麦克风,hpmicro:selector:hpm6e00,https://www.hpmicro.com/product-center/microcontroller/hpm6e00/6e00-selection-table,selection column:PDM数字麦克风,"""8通道""",2026-08-14T07:54:09+00:00,manufacturer_product_page
device,hpmicro::hpm6e60ivm,安全特性,hpmicro:selector:hpm6e00,https://www.hpmicro.com/product-center/microcontroller/hpm6e00/6e00-selection-table,selection column:安全特性,"""安全启动,JTAG 保护,实时代码加密执行""",2026-08-14T07:54:09+00:00,manufacturer_product_page
device,hpmicro::hpm6e60ivm,功能安全,hpmicro:selector:hpm6e00,https://www.hpmicro.com/product-center/microcontroller/hpm6e00/6e00-selection-table,selection column:功能安全,"""/""",2026-08-14T07:54:09+00:00,manufacturer_product_page
device,hpmicro::hpm6e60ivm,电机控制,hpmicro:selector:hpm6e00,https://www.hpmicro.com/product-center/microcontroller/hpm6e00/6e00-selection-table,selection column:电机控制,"""4×8通道PWMv2，4xQEIv2，4xQEOv2，4xSEI，2xMTG""",2026-08-14T07:54:09+00:00,manufacturer_product_page
device,hpmicro::hpm6e60ivm,RTC,hpmicro:selector:hpm6e00,https://www.hpmicro.com/product-center/microcontroller/hpm6e00/6e00-selection-table,selection column:RTC,"""1""",2026-08-14T07:54:09+00:00,manufacturer_product_page
device,hpmicro::hpm6e60ivm,GPTimer,hpmicro:selector:hpm6e00,https://www.hpmicro.com/product-center/microcontroller/hpm6e00/6e00-selection-table,selection column:GPTimer,"""9×32 位""",2026-08-14T07:54:09+00:00,manufacturer_product_page
device,hpmicro::hpm6e60ivm,WDG,hpmicro:selector:hpm6e00,https://www.hpmicro.com/product-center/microcontroller/hpm6e00/6e00-selection-table,selection column:WDG,"""5""",2026-08-14T07:54:09+00:00,manufacturer_product_page
device,hpmicro::hpm6e60ivm,ADC 12bit,hpmicro:selector:hpm6e00,https://www.hpmicro.com/product-center/microcontroller/hpm6e00/6e00-selection-table,selection column:ADC 12bit,"""/""",2026-08-14T07:54:09+00:00,manufacturer_product_page
device,hpmicro::hpm6e60ivm,ADC 16bit,hpmicro:selector:hpm6e00,https://www.hpmicro.com/product-center/microcontroller/hpm6e00/6e00-selection-table,selection column:ADC 16bit,"""4""",2026-08-14T07:54:09+00:00,manufacturer_product_page
device,hpmicro::hpm6e60ivm,DAC 12bit,hpmicro:selector:hpm6e00,https://www.hpmicro.com/product-center/microcontroller/hpm6e00/6e00-selection-table,selection column:DAC 12bit,"""/""",2026-08-14T07:54:09+00:00,manufacturer_product_page
device,hpmicro::hpm6e60ivm,比较器,hpmicro:selector:hpm6e00,https://www.hpmicro.com/product-center/microcontroller/hpm6e00/6e00-selection-table,selection column:比较器,"""8""",2026-08-14T07:54:09+00:00,manufacturer_product_page
device,hpmicro::hpm6e60ivm,运算放大器,hpmicro:selector:hpm6e00,https://www.hpmicro.com/product-center/microcontroller/hpm6e00/6e00-selection-table,selection column:运算放大器,"""/""",2026-08-14T07:54:09+00:00,manufacturer_product_page
device,hpmicro::hpm6e60ivm,封装形式,hpmicro:selector:hpm6e00,https://www.hpmicro.com/product-center/microcontroller/hpm6e00/6e00-selection-table,selection column:封装形式,"""14×14 289BGA 0.8P""",2026-08-14T07:54:09+00:00,manufacturer_product_page
device,hpmicro::hpm6e60ivm,脚间距（mm),hpmicro:selector:hpm6e00,https://www.hpmicro.com/product-center/microcontroller/hpm6e00/6e00-selection-table,selection column:脚间距（mm),"""0.8""",2026-08-14T07:54:09+00:00,manufacturer_product_page
device,hpmicro::hpm6e60ivm,温度范围,hpmicro:selector:hpm6e00,https://www.hpmicro.com/product-center/microcontroller/hpm6e00/6e00-selection-table,selection column:温度范围,"""−40 ∼ 125°C Tj / −40 ∼ 105°C Ta""",2026-08-14T07:54:09+00:00,manufacturer_product_page
device,hpmicro::hpm6e60ivm,型号,hpmicro:selector:hpm6e00,https://www.hpmicro.com/product-center/microcontroller/hpm6e00/6e00-selection-table,selection column:型号,"""HPM6E60IVM""",2026-08-14T07:54:09+00:00,manufacturer_product_page
device,hpmicro::hpm6e60ign,内核类型,hpmicro:selector:hpm6e00,https://www.hpmicro.com/product-center/microcontroller/hpm6e00/6e00-selection-table,selection column:内核类型,"""单核 32 位 RISC-V 处理器""",2026-08-14T07:54:09+00:00,manufacturer_product_page
device,hpmicro::hpm6e60ign,最高主频（MHz）,hpmicro:selector:hpm6e00,https://www.hpmicro.com/product-center/microcontroller/hpm6e00/6e00-selection-table,selection column:最高主频（MHz）,"""600""",2026-08-14T07:54:09+00:00,manufacturer_product_page
device,hpmicro::hpm6e60ign,Flash (MB),hpmicro:selector:hpm6e00,https://www.hpmicro.com/product-center/microcontroller/hpm6e00/6e00-selection-table,selection column:Flash (MB),"""0""",2026-08-14T07:54:09+00:00,manufacturer_product_page
device,hpmicro::hpm6e60ign,SRAM,hpmicro:selector:hpm6e00,https://www.hpmicro.com/product-center/microcontroller/hpm6e00/6e00-selection-table,selection column:SRAM,"""2080KB""",2026-08-14T07:54:09+00:00,manufacturer_product_page
device,hpmicro::hpm6e60ign,电源输入（V）,hpmicro:selector:hpm6e00,https://www.hpmicro.com/product-center/microcontroller/hpm6e00/6e00-selection-table,selection column:电源输入（V）,"""3~3.6V""",2026-08-14T07:54:09+00:00,manufacturer_product_page
device,hpmicro::hpm6e60ign,图形编解码器,hpmicro:selector:hpm6e00,https://www.hpmicro.com/product-center/microcontroller/hpm6e00/6e00-selection-table,selection column:图形编解码器,"""/""",2026-08-14T07:54:09+00:00,manufacturer_product_page
device,hpmicro::hpm6e60ign,图形加速,hpmicro:selector:hpm6e00,https://www.hpmicro.com/product-center/microcontroller/hpm6e00/6e00-selection-table,selection column:图形加速,"""/""",2026-08-14T07:54:09+00:00,manufacturer_product_page
device,hpmicro::hpm6e60ign,LCD,hpmicro:selector:hpm6e00,https://www.hpmicro.com/product-center/microcontroller/hpm6e00/6e00-selection-table,selection column:LCD,"""/""",2026-08-14T07:54:09+00:00,manufacturer_product_page
device,hpmicro::hpm6e60ign,摄像头接口（DVP）,hpmicro:selector:hpm6e00,https://www.hpmicro.com/product-center/microcontroller/hpm6e00/6e00-selection-table,selection column:摄像头接口（DVP）,"""/""",2026-08-14T07:54:09+00:00,manufacturer_product_page
device,hpmicro::hpm6e60ign,I²S,hpmicro:selector:hpm6e00,https://www.hpmicro.com/product-center/microcontroller/hpm6e00/6e00-selection-table,selection column:I²S,"""2""",2026-08-14T07:54:09+00:00,manufacturer_product_page
device,hpmicro::hpm6e60ign,数字音频输出,hpmicro:selector:hpm6e00,https://www.hpmicro.com/product-center/microcontroller/hpm6e00/6e00-selection-table,selection column:数字音频输出,"""1""",2026-08-14T07:54:09+00:00,manufacturer_product_page
device,hpmicro::hpm6e60ign,DDR,hpmicro:selector:hpm6e00,https://www.hpmicro.com/product-center/microcontroller/hpm6e00/6e00-selection-table,selection column:DDR,"""/""",2026-08-14T07:54:09+00:00,manufacturer_product_page
device,hpmicro::hpm6e60ign,SDRAM,hpmicro:selector:hpm6e00,https://www.hpmicro.com/product-center/microcontroller/hpm6e00/6e00-selection-table,selection column:SDRAM,"""32bit""",2026-08-14T07:54:09+00:00,manufacturer_product_page
device,hpmicro::hpm6e60ign,SD/eMMC （*63系列无eMMC）,hpmicro:selector:hpm6e00,https://www.hpmicro.com/product-center/microcontroller/hpm6e00/6e00-selection-table,selection column:SD/eMMC （*63系列无eMMC）,"""/""",2026-08-14T07:54:09+00:00,manufacturer_product_page
device,hpmicro::hpm6e60ign,XPI,hpmicro:selector:hpm6e00,https://www.hpmicro.com/product-center/microcontroller/hpm6e00/6e00-selection-table,selection column:XPI,"""1""",2026-08-14T07:54:09+00:00,manufacturer_product_page
device,hpmicro::hpm6e60ign,以太网,hpmicro:selector:hpm6e00,https://www.hpmicro.com/product-center/microcontroller/hpm6e00/6e00-selection-table,selection column:以太网,"""EtherCAT从站控制器、千兆以太网""",2026-08-14T07:54:09+00:00,manufacturer_product_page
device,hpmicro::hpm6e60ign,CAN,hpmicro:selector:hpm6e00,https://www.hpmicro.com/product-center/microcontroller/hpm6e00/6e00-selection-table,selection column:CAN,"""CAN FD x 8""",2026-08-14T07:54:09+00:00,manufacturer_product_page
device,hpmicro::hpm6e60ign,USB,hpmicro:selector:hpm6e00,https://www.hpmicro.com/product-center/microcontroller/hpm6e00/6e00-selection-table,selection column:USB,"""USB HS w/ PHY ×1""",2026-08-14T07:54:09+00:00,manufacturer_product_page
device,hpmicro::hpm6e60ign,SPI,hpmicro:selector:hpm6e00,https://www.hpmicro.com/product-center/microcontroller/hpm6e00/6e00-selection-table,selection column:SPI,"""8""",2026-08-14T07:54:09+00:00,manufacturer_product_page
device,hpmicro::hpm6e60ign,I²C,hpmicro:selector:hpm6e00,https://www.hpmicro.com/product-center/microcontroller/hpm6e00/6e00-selection-table,selection column:I²C,"""8""",2026-08-14T07:54:09+00:00,manufacturer_product_page
device,hpmicro::hpm6e60ign,UART,hpmicro:selector:hpm6e00,https://www.hpmicro.com/product-center/microcontroller/hpm6e00/6e00-selection-table,selection column:UART,"""17""",2026-08-14T07:54:09+00:00,manufacturer_product_page
device,hpmicro::hpm6e60ign,Crypto 安全算法,hpmicro:selector:hpm6e00,https://www.hpmicro.com/product-center/microcontroller/hpm6e00/6e00-selection-table,selection column:Crypto 安全算法,"""AES128/256, SHA-1/256""",2026-08-14T07:54:09+00:00,manufacturer_product_page
device,hpmicro::hpm6e60ign,PDM数字麦克风,hpmicro:selector:hpm6e00,https://www.hpmicro.com/product-center/microcontroller/hpm6e00/6e00-selection-table,selection column:PDM数字麦克风,"""8通道""",2026-08-14T07:54:09+00:00,manufacturer_product_page
device,hpmicro::hpm6e60ign,安全特性,hpmicro:selector:hpm6e00,https://www.hpmicro.com/product-center/microcontroller/hpm6e00/6e00-selection-table,selection column:安全特性,"""安全启动,JTAG 保护,实时代码加密执行""",2026-08-14T07:54:09+00:00,manufacturer_product_page
device,hpmicro::hpm6e60ign,功能安全,hpmicro:selector:hpm6e00,https://www.hpmicro.com/product-center/microcontroller/hpm6e00/6e00-selection-table,selection column:功能安全,"""/""",2026-08-14T07:54:09+00:00,manufacturer_product_page
device,hpmicro::hpm6e60ign,电机控制,hpmicro:selector:hpm6e00,https://www.hpmicro.com/product-center/microcontroller/hpm6e00/6e00-selection-table,selection column:电机控制,"""4×8通道PWMv2，4xQEIv2，4xQEOv2，4xSEI，2xMTG""",2026-08-14T07:54:09+00:00,manufacturer_product_page
device,hpmicro::hpm6e60ign,RTC,hpmicro:selector:hpm6e00,https://www.hpmicro.com/product-center/microcontroller/hpm6e00/6e00-selection-table,selection column:RTC,"""1""",2026-08-14T07:54:09+00:00,manufacturer_product_page
device,hpmicro::hpm6e60ign,GPTimer,hpmicro:selector:hpm6e00,https://www.hpmicro.com/product-center/microcontroller/hpm6e00/6e00-selection-table,selection column:GPTimer,"""9×32 位""",2026-08-14T07:54:09+00:00,manufacturer_product_page
device,hpmicro::hpm6e60ign,WDG,hpmicro:selector:hpm6e00,https://www.hpmicro.com/product-center/microcontroller/hpm6e00/6e00-selection-table,selection column:WDG,"""5""",2026-08-14T07:54:09+00:00,manufacturer_product_page
device,hpmicro::hpm6e60ign,ADC 12bit,hpmicro:selector:hpm6e00,https://www.hpmicro.com/product-center/microcontroller/hpm6e00/6e00-selection-table,selection column:ADC 12bit,"""/""",2026-08-14T07:54:09+00:00,manufacturer_product_page
device,hpmicro::hpm6e60ign,ADC 16bit,hpmicro:selector:hpm6e00,https://www.hpmicro.com/product-center/microcontroller/hpm6e00/6e00-selection-table,selection column:ADC 16bit,"""4""",2026-08-14T07:54:09+00:00,manufacturer_product_page
device,hpmicro::hpm6e60ign,DAC 12bit,hpmicro:selector:hpm6e00,https://www.hpmicro.com/product-center/microcontroller/hpm6e00/6e00-selection-table,selection column:DAC 12bit,"""/""",2026-08-14T07:54:09+00:00,manufacturer_product_page
device,hpmicro::hpm6e60ign,比较器,hpmicro:selector:hpm6e00,https://www.hpmicro.com/product-center/microcontroller/hpm6e00/6e00-selection-table,selection column:比较器,"""8""",2026-08-14T07:54:09+00:00,manufacturer_product_page
device,hpmicro::hpm6e60ign,运算放大器,hpmicro:selector:hpm6e00,https://www.hpmicro.com/product-center/microcontroller/hpm6e00/6e00-selection-table,selection column:运算放大器,"""/""",2026-08-14T07:54:09+00:00,manufacturer_product_page
device,hpmicro::hpm6e60ign,封装形式,hpmicro:selector:hpm6e00,https://www.hpmicro.com/product-center/microcontroller/hpm6e00/6e00-selection-table,selection column:封装形式,"""12×12 196BGA 0.8P""",2026-08-14T07:54:09+00:00,manufacturer_product_page
device,hpmicro::hpm6e60ign,脚间距（mm),hpmicro:selector:hpm6e00,https://www.hpmicro.com/product-center/microcontroller/hpm6e00/6e00-selection-table,selection column:脚间距（mm),"""0.8""",2026-08-14T07:54:09+00:00,manufacturer_product_page
device,hpmicro::hpm6e60ign,温度范围,hpmicro:selector:hpm6e00,https://www.hpmicro.com/product-center/microcontroller/hpm6e00/6e00-selection-table,selection column:温度范围,"""−40 ∼ 125°C Tj / −40 ∼ 105°C Ta""",2026-08-14T07:54:09+00:00,manufacturer_product_page
device,hpmicro::hpm6e60ign,型号,hpmicro:selector:hpm6e00,https://www.hpmicro.com/product-center/microcontroller/hpm6e00/6e00-selection-table,selection column:型号,"""HPM6E60IGN""",2026-08-14T07:54:09+00:00,manufacturer_product_page
device,hpmicro::hpm6e50ign,内核类型,hpmicro:selector:hpm6e00,https://www.hpmicro.com/product-center/microcontroller/hpm6e00/6e00-selection-table,selection column:内核类型,"""单核 32 位 RISC-V 处理器""",2026-08-14T07:54:09+00:00,manufacturer_product_page
device,hpmicro::hpm6e50ign,最高主频（MHz）,hpmicro:selector:hpm6e00,https://www.hpmicro.com/product-center/microcontroller/hpm6e00/6e00-selection-table,selection column:最高主频（MHz）,"""600""",2026-08-14T07:54:09+00:00,manufacturer_product_page
device,hpmicro::hpm6e50ign,Flash (MB),hpmicro:selector:hpm6e00,https://www.hpmicro.com/product-center/microcontroller/hpm6e00/6e00-selection-table,selection column:Flash (MB),"""0""",2026-08-14T07:54:09+00:00,manufacturer_product_page
device,hpmicro::hpm6e50ign,SRAM,hpmicro:selector:hpm6e00,https://www.hpmicro.com/product-center/microcontroller/hpm6e00/6e00-selection-table,selection column:SRAM,"""1056KB""",2026-08-14T07:54:09+00:00,manufacturer_product_page
device,hpmicro::hpm6e50ign,电源输入（V）,hpmicro:selector:hpm6e00,https://www.hpmicro.com/product-center/microcontroller/hpm6e00/6e00-selection-table,selection column:电源输入（V）,"""3~3.6V""",2026-08-14T07:54:09+00:00,manufacturer_product_page
device,hpmicro::hpm6e50ign,图形编解码器,hpmicro:selector:hpm6e00,https://www.hpmicro.com/product-center/microcontroller/hpm6e00/6e00-selection-table,selection column:图形编解码器,"""/""",2026-08-14T07:54:09+00:00,manufacturer_product_page
device,hpmicro::hpm6e50ign,图形加速,hpmicro:selector:hpm6e00,https://www.hpmicro.com/product-center/microcontroller/hpm6e00/6e00-selection-table,selection column:图形加速,"""/""",2026-08-14T07:54:09+00:00,manufacturer_product_page
device,hpmicro::hpm6e50ign,LCD,hpmicro:selector:hpm6e00,https://www.hpmicro.com/product-center/microcontroller/hpm6e00/6e00-selection-table,selection column:LCD,"""/""",2026-08-14T07:54:09+00:00,manufacturer_product_page
device,hpmicro::hpm6e50ign,摄像头接口（DVP）,hpmicro:selector:hpm6e00,https://www.hpmicro.com/product-center/microcontroller/hpm6e00/6e00-selection-table,selection column:摄像头接口（DVP）,"""/""",2026-08-14T07:54:09+00:00,manufacturer_product_page
device,hpmicro::hpm6e50ign,I²S,hpmicro:selector:hpm6e00,https://www.hpmicro.com/product-center/microcontroller/hpm6e00/6e00-selection-table,selection column:I²S,"""2""",2026-08-14T07:54:09+00:00,manufacturer_product_page
device,hpmicro::hpm6e50ign,数字音频输出,hpmicro:selector:hpm6e00,https://www.hpmicro.com/product-center/microcontroller/hpm6e00/6e00-selection-table,selection column:数字音频输出,"""1""",2026-08-14T07:54:09+00:00,manufacturer_product_page
device,hpmicro::hpm6e50ign,DDR,hpmicro:selector:hpm6e00,https://www.hpmicro.com/product-center/microcontroller/hpm6e00/6e00-selection-table,selection column:DDR,"""/""",2026-08-14T07:54:09+00:00,manufacturer_product_page
device,hpmicro::hpm6e50ign,SDRAM,hpmicro:selector:hpm6e00,https://www.hpmicro.com/product-center/microcontroller/hpm6e00/6e00-selection-table,selection column:SDRAM,"""32bit""",2026-08-14T07:54:09+00:00,manufacturer_product_page
device,hpmicro::hpm6e50ign,SD/eMMC （*63系列无eMMC）,hpmicro:selector:hpm6e00,https://www.hpmicro.com/product-center/microcontroller/hpm6e00/6e00-selection-table,selection column:SD/eMMC （*63系列无eMMC）,"""/""",2026-08-14T07:54:09+00:00,manufacturer_product_page
device,hpmicro::hpm6e50ign,XPI,hpmicro:selector:hpm6e00,https://www.hpmicro.com/product-center/microcontroller/hpm6e00/6e00-selection-table,selection column:XPI,"""1""",2026-08-14T07:54:09+00:00,manufacturer_product_page
device,hpmicro::hpm6e50ign,以太网,hpmicro:selector:hpm6e00,https://www.hpmicro.com/product-center/microcontroller/hpm6e00/6e00-selection-table,selection column:以太网,"""EtherCAT从站控制器、千兆以太网""",2026-08-14T07:54:09+00:00,manufacturer_product_page
device,hpmicro::hpm6e50ign,CAN,hpmicro:selector:hpm6e00,https://www.hpmicro.com/product-center/microcontroller/hpm6e00/6e00-selection-table,selection column:CAN,"""CAN FD x 4""",2026-08-14T07:54:09+00:00,manufacturer_product_page
device,hpmicro::hpm6e50ign,USB,hpmicro:selector:hpm6e00,https://www.hpmicro.com/product-center/microcontroller/hpm6e00/6e00-selection-table,selection column:USB,"""USB HS w/ PHY ×1""",2026-08-14T07:54:09+00:00,manufacturer_product_page
device,hpmicro::hpm6e50ign,SPI,hpmicro:selector:hpm6e00,https://www.hpmicro.com/product-center/microcontroller/hpm6e00/6e00-selection-table,selection column:SPI,"""4""",2026-08-14T07:54:09+00:00,manufacturer_product_page
device,hpmicro::hpm6e50ign,I²C,hpmicro:selector:hpm6e00,https://www.hpmicro.com/product-center/microcontroller/hpm6e00/6e00-selection-table,selection column:I²C,"""4""",2026-08-14T07:54:09+00:00,manufacturer_product_page
device,hpmicro::hpm6e50ign,UART,hpmicro:selector:hpm6e00,https://www.hpmicro.com/product-center/microcontroller/hpm6e00/6e00-selection-table,selection column:UART,"""9""",2026-08-14T07:54:09+00:00,manufacturer_product_page
device,hpmicro::hpm6e50ign,Crypto 安全算法,hpmicro:selector:hpm6e00,https://www.hpmicro.com/product-center/microcontroller/hpm6e00/6e00-selection-table,selection column:Crypto 安全算法,"""AES128/256, SHA-1/256""",2026-08-14T07:54:09+00:00,manufacturer_product_page
device,hpmicro::hpm6e50ign,PDM数字麦克风,hpmicro:selector:hpm6e00,https://www.hpmicro.com/product-center/microcontroller/hpm6e00/6e00-selection-table,selection column:PDM数字麦克风,"""8通道""",2026-08-14T07:54:09+00:00,manufacturer_product_page
device,hpmicro::hpm6e50ign,安全特性,hpmicro:selector:hpm6e00,https://www.hpmicro.com/product-center/microcontroller/hpm6e00/6e00-selection-table,selection column:安全特性,"""安全启动,JTAG 保护,实时代码加密执行""",2026-08-14T07:54:09+00:00,manufacturer_product_page
device,hpmicro::hpm6e50ign,功能安全,hpmicro:selector:hpm6e00,https://www.hpmicro.com/product-center/microcontroller/hpm6e00/6e00-selection-table,selection column:功能安全,"""/""",2026-08-14T07:54:09+00:00,manufacturer_product_page
device,hpmicro::hpm6e50ign,电机控制,hpmicro:selector:hpm6e00,https://www.hpmicro.com/product-center/microcontroller/hpm6e00/6e00-selection-table,selection column:电机控制,"""4×8通道PWMv2，2xQEIv2，2xQEOv2，2xSEI，1xMTG""",2026-08-14T07:54:09+00:00,manufacturer_product_page
device,hpmicro::hpm6e50ign,RTC,hpmicro:selector:hpm6e00,https://www.hpmicro.com/product-center/microcontroller/hpm6e00/6e00-selection-table,selection column:RTC,"""1""",2026-08-14T07:54:09+00:00,manufacturer_product_page
device,hpmicro::hpm6e50ign,GPTimer,hpmicro:selector:hpm6e00,https://www.hpmicro.com/product-center/microcontroller/hpm6e00/6e00-selection-table,selection column:GPTimer,"""5×32 位""",2026-08-14T07:54:09+00:00,manufacturer_product_page
device,hpmicro::hpm6e50ign,WDG,hpmicro:selector:hpm6e00,https://www.hpmicro.com/product-center/microcontroller/hpm6e00/6e00-selection-table,selection column:WDG,"""3""",2026-08-14T07:54:09+00:00,manufacturer_product_page
device,hpmicro::hpm6e50ign,ADC 12bit,hpmicro:selector:hpm6e00,https://www.hpmicro.com/product-center/microcontroller/hpm6e00/6e00-selection-table,selection column:ADC 12bit,"""/""",2026-08-14T07:54:09+00:00,manufacturer_product_page
device,hpmicro::hpm6e50ign,ADC 16bit,hpmicro:selector:hpm6e00,https://www.hpmicro.com/product-center/microcontroller/hpm6e00/6e00-selection-table,selection column:ADC 16bit,"""3""",2026-08-14T07:54:09+00:00,manufacturer_product_page
device,hpmicro::hpm6e50ign,DAC 12bit,hpmicro:selector:hpm6e00,https://www.hpmicro.com/product-center/microcontroller/hpm6e00/6e00-selection-table,selection column:DAC 12bit,"""/""",2026-08-14T07:54:09+00:00,manufacturer_product_page
device,hpmicro::hpm6e50ign,比较器,hpmicro:selector:hpm6e00,https://www.hpmicro.com/product-center/microcontroller/hpm6e00/6e00-selection-table,selection column:比较器,"""4""",2026-08-14T07:54:09+00:00,manufacturer_product_page
device,hpmicro::hpm6e50ign,运算放大器,hpmicro:selector:hpm6e00,https://www.hpmicro.com/product-center/microcontroller/hpm6e00/6e00-selection-table,selection column:运算放大器,"""/""",2026-08-14T07:54:09+00:00,manufacturer_product_page
device,hpmicro::hpm6e50ign,封装形式,hpmicro:selector:hpm6e00,https://www.hpmicro.com/product-center/microcontroller/hpm6e00/6e00-selection-table,selection column:封装形式,"""12×12 196BGA 0.8P""",2026-08-14T07:54:09+00:00,manufacturer_product_page
device,hpmicro::hpm6e50ign,脚间距（mm),hpmicro:selector:hpm6e00,https://www.hpmicro.com/product-center/microcontroller/hpm6e00/6e00-selection-table,selection column:脚间距（mm),"""0.8""",2026-08-14T07:54:09+00:00,manufacturer_product_page
device,hpmicro::hpm6e50ign,温度范围,hpmicro:selector:hpm6e00,https://www.hpmicro.com/product-center/microcontroller/hpm6e00/6e00-selection-table,selection column:温度范围,"""−40 ∼ 125°C Tj / −40 ∼ 105°C Ta""",2026-08-14T07:54:09+00:00,manufacturer_product_page
device,hpmicro::hpm6e50ign,型号,hpmicro:selector:hpm6e00,https://www.hpmicro.com/product-center/microcontroller/hpm6e00/6e00-selection-table,selection column:型号,"""HPM6E50IGN""",2026-08-14T07:54:09+00:00,manufacturer_product_page
device,hpmicro::hpm6p81irt,内核类型,hpmicro:selector:hpm6p00,https://www.hpmicro.com/product-center/microcontroller/hpm6p00/hpm6p00,selection column:内核类型,"""双核 32 位 RISC-V 处理器""",2026-08-14T07:54:09+00:00,manufacturer_product_page
device,hpmicro::hpm6p81irt,最高主频（MHz）,hpmicro:selector:hpm6p00,https://www.hpmicro.com/product-center/microcontroller/hpm6p00/hpm6p00,selection column:最高主频（MHz）,"""600""",2026-08-14T07:54:09+00:00,manufacturer_product_page
device,hpmicro::hpm6p81irt,Flash (MB),hpmicro:selector:hpm6p00,https://www.hpmicro.com/product-center/microcontroller/hpm6p00/hpm6p00,selection column:Flash (MB),"""1""",2026-08-14T07:54:09+00:00,manufacturer_product_page
device,hpmicro::hpm6p81irt,SRAM,hpmicro:selector:hpm6p00,https://www.hpmicro.com/product-center/microcontroller/hpm6p00/hpm6p00,selection column:SRAM,"""800KB""",2026-08-14T07:54:09+00:00,manufacturer_product_page
device,hpmicro::hpm6p81irt,电源输入（V）,hpmicro:selector:hpm6p00,https://www.hpmicro.com/product-center/microcontroller/hpm6p00/hpm6p00,selection column:电源输入（V）,"""3~3.6V""",2026-08-14T07:54:09+00:00,manufacturer_product_page
device,hpmicro::hpm6p81irt,图形编解码器,hpmicro:selector:hpm6p00,https://www.hpmicro.com/product-center/microcontroller/hpm6p00/hpm6p00,selection column:图形编解码器,"""/""",2026-08-14T07:54:09+00:00,manufacturer_product_page
device,hpmicro::hpm6p81irt,图形加速,hpmicro:selector:hpm6p00,https://www.hpmicro.com/product-center/microcontroller/hpm6p00/hpm6p00,selection column:图形加速,"""/""",2026-08-14T07:54:09+00:00,manufacturer_product_page
device,hpmicro::hpm6p81irt,LCD,hpmicro:selector:hpm6p00,https://www.hpmicro.com/product-center/microcontroller/hpm6p00/hpm6p00,selection column:LCD,"""/""",2026-08-14T07:54:09+00:00,manufacturer_product_page
device,hpmicro::hpm6p81irt,摄像头接口（DVP）,hpmicro:selector:hpm6p00,https://www.hpmicro.com/product-center/microcontroller/hpm6p00/hpm6p00,selection column:摄像头接口（DVP）,"""/""",2026-08-14T07:54:09+00:00,manufacturer_product_page
device,hpmicro::hpm6p81irt,I²S,hpmicro:selector:hpm6p00,https://www.hpmicro.com/product-center/microcontroller/hpm6p00/hpm6p00,selection column:I²S,"""2""",2026-08-14T07:54:09+00:00,manufacturer_product_page
device,hpmicro::hpm6p81irt,数字音频输出,hpmicro:selector:hpm6p00,https://www.hpmicro.com/product-center/microcontroller/hpm6p00/hpm6p00,selection column:数字音频输出,"""1""",2026-08-14T07:54:09+00:00,manufacturer_product_page
device,hpmicro::hpm6p81irt,DDR,hpmicro:selector:hpm6p00,https://www.hpmicro.com/product-center/microcontroller/hpm6p00/hpm6p00,selection column:DDR,"""/""",2026-08-14T07:54:09+00:00,manufacturer_product_page
device,hpmicro::hpm6p81irt,SDRAM,hpmicro:selector:hpm6p00,https://www.hpmicro.com/product-center/microcontroller/hpm6p00/hpm6p00,selection column:SDRAM,"""16bit""",2026-08-14T07:54:09+00:00,manufacturer_product_page
device,hpmicro::hpm6p81irt,SD/eMMC （*63系列无eMMC）,hpmicro:selector:hpm6p00,https://www.hpmicro.com/product-center/microcontroller/hpm6p00/hpm6p00,selection column:SD/eMMC （*63系列无eMMC）,"""/""",2026-08-14T07:54:09+00:00,manufacturer_product_page
device,hpmicro::hpm6p81irt,XPI,hpmicro:selector:hpm6p00,https://www.hpmicro.com/product-center/microcontroller/hpm6p00/hpm6p00,selection column:XPI,"""1""",2026-08-14T07:54:09+00:00,manufacturer_product_page
device,hpmicro::hpm6p81irt,以太网,hpmicro:selector:hpm6p00,https://www.hpmicro.com/product-center/microcontroller/hpm6p00/hpm6p00,selection column:以太网,"""1x 1000/100/10 Mbps以太网""",2026-08-14T07:54:09+00:00,manufacturer_product_page
device,hpmicro::hpm6p81irt,CAN,hpmicro:selector:hpm6p00,https://www.hpmicro.com/product-center/microcontroller/hpm6p00/hpm6p00,selection column:CAN,"""CAN FD x 4""",2026-08-14T07:54:09+00:00,manufacturer_product_page
device,hpmicro::hpm6p81irt,USB,hpmicro:selector:hpm6p00,https://www.hpmicro.com/product-center/microcontroller/hpm6p00/hpm6p00,selection column:USB,"""USB HS w/ PHY ×1""",2026-08-14T07:54:09+00:00,manufacturer_product_page
device,hpmicro::hpm6p81irt,SPI,hpmicro:selector:hpm6p00,https://www.hpmicro.com/product-center/microcontroller/hpm6p00/hpm6p00,selection column:SPI,"""4""",2026-08-14T07:54:09+00:00,manufacturer_product_page
device,hpmicro::hpm6p81irt,I²C,hpmicro:selector:hpm6p00,https://www.hpmicro.com/product-center/microcontroller/hpm6p00/hpm6p00,selection column:I²C,"""4""",2026-08-14T07:54:09+00:00,manufacturer_product_page
device,hpmicro::hpm6p81irt,UART,hpmicro:selector:hpm6p00,https://www.hpmicro.com/product-center/microcontroller/hpm6p00/hpm6p00,selection column:UART,"""9""",2026-08-14T07:54:09+00:00,manufacturer_product_page
device,hpmicro::hpm6p81irt,Crypto 安全算法,hpmicro:selector:hpm6p00,https://www.hpmicro.com/product-center/microcontroller/hpm6p00/hpm6p00,selection column:Crypto 安全算法,"""AES128/256, SHA-1/256""",2026-08-14T07:54:09+00:00,manufacturer_product_page
device,hpmicro::hpm6p81irt,PDM数字麦克风,hpmicro:selector:hpm6p00,https://www.hpmicro.com/product-center/microcontroller/hpm6p00/hpm6p00,selection column:PDM数字麦克风,"""8通道""",2026-08-14T07:54:09+00:00,manufacturer_product_page
device,hpmicro::hpm6p81irt,安全特性,hpmicro:selector:hpm6p00,https://www.hpmicro.com/product-center/microcontroller/hpm6p00/hpm6p00,selection column:安全特性,"""安全启动,JTAG 保护,实时代码加密执行""",2026-08-14T07:54:09+00:00,manufacturer_product_page
device,hpmicro::hpm6p81irt,功能安全,hpmicro:selector:hpm6p00,https://www.hpmicro.com/product-center/microcontroller/hpm6p00/hpm6p00,selection column:功能安全,"""/""",2026-08-14T07:54:09+00:00,manufacturer_product_page
device,hpmicro::hpm6p81irt,电机控制,hpmicro:selector:hpm6p00,https://www.hpmicro.com/product-center/microcontroller/hpm6p00/hpm6p00,selection column:电机控制,"""4×8通道PWMv2，2xQEIv2，2xQEOv2，2xSEI，1xMTG""",2026-08-14T07:54:09+00:00,manufacturer_product_page
device,hpmicro::hpm6p81irt,RTC,hpmicro:selector:hpm6p00,https://www.hpmicro.com/product-center/microcontroller/hpm6p00/hpm6p00,selection column:RTC,"""/""",2026-08-14T07:54:09+00:00,manufacturer_product_page
device,hpmicro::hpm6p81irt,GPTimer,hpmicro:selector:hpm6p00,https://www.hpmicro.com/product-center/microcontroller/hpm6p00/hpm6p00,selection column:GPTimer,"""5×32 位""",2026-08-14T07:54:09+00:00,manufacturer_product_page
device,hpmicro::hpm6p81irt,WDG,hpmicro:selector:hpm6p00,https://www.hpmicro.com/product-center/microcontroller/hpm6p00/hpm6p00,selection column:WDG,"""5""",2026-08-14T07:54:09+00:00,manufacturer_product_page
device,hpmicro::hpm6p81irt,ADC 12bit,hpmicro:selector:hpm6p00,https://www.hpmicro.com/product-center/microcontroller/hpm6p00/hpm6p00,selection column:ADC 12bit,"""/""",2026-08-14T07:54:09+00:00,manufacturer_product_page
device,hpmicro::hpm6p81irt,ADC 16bit,hpmicro:selector:hpm6p00,https://www.hpmicro.com/product-center/microcontroller/hpm6p00/hpm6p00,selection column:ADC 16bit,"""4""",2026-08-14T07:54:09+00:00,manufacturer_product_page
device,hpmicro::hpm6p81irt,DAC 12bit,hpmicro:selector:hpm6p00,https://www.hpmicro.com/product-center/microcontroller/hpm6p00/hpm6p00,selection column:DAC 12bit,"""2""",2026-08-14T07:54:09+00:00,manufacturer_product_page
device,hpmicro::hpm6p81irt,比较器,hpmicro:selector:hpm6p00,https://www.hpmicro.com/product-center/microcontroller/hpm6p00/hpm6p00,selection column:比较器,"""8""",2026-08-14T07:54:09+00:00,manufacturer_product_page
device,hpmicro::hpm6p81irt,运算放大器,hpmicro:selector:hpm6p00,https://www.hpmicro.com/product-center/microcontroller/hpm6p00/hpm6p00,selection column:运算放大器,"""/""",2026-08-14T07:54:09+00:00,manufacturer_product_page
device,hpmicro::hpm6p81irt,封装形式,hpmicro:selector:hpm6p00,https://www.hpmicro.com/product-center/microcontroller/hpm6p00/hpm6p00,selection column:封装形式,"""20×20 176eLQFP 0.4P""",2026-08-14T07:54:09+00:00,manufacturer_product_page
device,hpmicro::hpm6p81irt,产品厚度（mm),hpmicro:selector:hpm6p00,https://www.hpmicro.com/product-center/microcontroller/hpm6p00/hpm6p00,selection column:产品厚度（mm),"""/""",2026-08-14T07:54:09+00:00,manufacturer_product_page
device,hpmicro::hpm6p81irt,脚间距（mm),hpmicro:selector:hpm6p00,https://www.hpmicro.com/product-center/microcontroller/hpm6p00/hpm6p00,selection column:脚间距（mm),"""0.4""",2026-08-14T07:54:09+00:00,manufacturer_product_page
device,hpmicro::hpm6p81irt,温度范围,hpmicro:selector:hpm6p00,https://www.hpmicro.com/product-center/microcontroller/hpm6p00/hpm6p00,selection column:温度范围,"""−40 ∼ 125◦C Tj / −40 ∼ 105◦C Ta""",2026-08-14T07:54:09+00:00,manufacturer_product_page
device,hpmicro::hpm6p81irt,型号,hpmicro:selector:hpm6p00,https://www.hpmicro.com/product-center/microcontroller/hpm6p00/hpm6p00,selection column:型号,"""HPM6P81IRT""",2026-08-14T07:54:09+00:00,manufacturer_product_page
device,hpmicro::hpm6p41ipb,内核类型,hpmicro:selector:hpm6p00,https://www.hpmicro.com/product-center/microcontroller/hpm6p00/hpm6p00,selection column:内核类型,"""单核 32 位 RISC-V 处理器""",2026-08-14T07:54:09+00:00,manufacturer_product_page
device,hpmicro::hpm6p41ipb,最高主频（MHz）,hpmicro:selector:hpm6p00,https://www.hpmicro.com/product-center/microcontroller/hpm6p00/hpm6p00,selection column:最高主频（MHz）,"""600""",2026-08-14T07:54:09+00:00,manufacturer_product_page
device,hpmicro::hpm6p41ipb,Flash (MB),hpmicro:selector:hpm6p00,https://www.hpmicro.com/product-center/microcontroller/hpm6p00/hpm6p00,selection column:Flash (MB),"""1""",2026-08-14T07:54:09+00:00,manufacturer_product_page
device,hpmicro::hpm6p41ipb,SRAM,hpmicro:selector:hpm6p00,https://www.hpmicro.com/product-center/microcontroller/hpm6p00/hpm6p00,selection column:SRAM,"""544KB""",2026-08-14T07:54:09+00:00,manufacturer_product_page
device,hpmicro::hpm6p41ipb,电源输入（V）,hpmicro:selector:hpm6p00,https://www.hpmicro.com/product-center/microcontroller/hpm6p00/hpm6p00,selection column:电源输入（V）,"""3~3.6V""",2026-08-14T07:54:09+00:00,manufacturer_product_page
device,hpmicro::hpm6p41ipb,图形编解码器,hpmicro:selector:hpm6p00,https://www.hpmicro.com/product-center/microcontroller/hpm6p00/hpm6p00,selection column:图形编解码器,"""/""",2026-08-14T07:54:09+00:00,manufacturer_product_page
device,hpmicro::hpm6p41ipb,图形加速,hpmicro:selector:hpm6p00,https://www.hpmicro.com/product-center/microcontroller/hpm6p00/hpm6p00,selection column:图形加速,"""/""",2026-08-14T07:54:09+00:00,manufacturer_product_page
device,hpmicro::hpm6p41ipb,LCD,hpmicro:selector:hpm6p00,https://www.hpmicro.com/product-center/microcontroller/hpm6p00/hpm6p00,selection column:LCD,"""/""",2026-08-14T07:54:09+00:00,manufacturer_product_page
device,hpmicro::hpm6p41ipb,摄像头接口（DVP）,hpmicro:selector:hpm6p00,https://www.hpmicro.com/product-center/microcontroller/hpm6p00/hpm6p00,selection column:摄像头接口（DVP）,"""/""",2026-08-14T07:54:09+00:00,manufacturer_product_page
device,hpmicro::hpm6p41ipb,I²S,hpmicro:selector:hpm6p00,https://www.hpmicro.com/product-center/microcontroller/hpm6p00/hpm6p00,selection column:I²S,"""/""",2026-08-14T07:54:09+00:00,manufacturer_product_page
device,hpmicro::hpm6p41ipb,数字音频输出,hpmicro:selector:hpm6p00,https://www.hpmicro.com/product-center/microcontroller/hpm6p00/hpm6p00,selection column:数字音频输出,"""/""",2026-08-14T07:54:09+00:00,manufacturer_product_page
device,hpmicro::hpm6p41ipb,DDR,hpmicro:selector:hpm6p00,https://www.hpmicro.com/product-center/microcontroller/hpm6p00/hpm6p00,selection column:DDR,"""/""",2026-08-14T07:54:09+00:00,manufacturer_product_page
device,hpmicro::hpm6p41ipb,SDRAM,hpmicro:selector:hpm6p00,https://www.hpmicro.com/product-center/microcontroller/hpm6p00/hpm6p00,selection column:SDRAM,"""/""",2026-08-14T07:54:09+00:00,manufacturer_product_page
device,hpmicro::hpm6p41ipb,SD/eMMC （*63系列无eMMC）,hpmicro:selector:hpm6p00,https://www.hpmicro.com/product-center/microcontroller/hpm6p00/hpm6p00,selection column:SD/eMMC （*63系列无eMMC）,"""/""",2026-08-14T07:54:09+00:00,manufacturer_product_page
device,hpmicro::hpm6p41ipb,XPI,hpmicro:selector:hpm6p00,https://www.hpmicro.com/product-center/microcontroller/hpm6p00/hpm6p00,selection column:XPI,"""1""",2026-08-14T07:54:09+00:00,manufacturer_product_page
device,hpmicro::hpm6p41ipb,以太网,hpmicro:selector:hpm6p00,https://www.hpmicro.com/product-center/microcontroller/hpm6p00/hpm6p00,selection column:以太网,"""/""",2026-08-14T07:54:09+00:00,manufacturer_product_page
device,hpmicro::hpm6p41ipb,CAN,hpmicro:selector:hpm6p00,https://www.hpmicro.com/product-center/microcontroller/hpm6p00/hpm6p00,selection column:CAN,"""CAN FD x 2""",2026-08-14T07:54:09+00:00,manufacturer_product_page
device,hpmicro::hpm6p41ipb,USB,hpmicro:selector:hpm6p00,https://www.hpmicro.com/product-center/microcontroller/hpm6p00/hpm6p00,selection column:USB,"""USB HS w/ PHY ×1""",2026-08-14T07:54:09+00:00,manufacturer_product_page
device,hpmicro::hpm6p41ipb,SPI,hpmicro:selector:hpm6p00,https://www.hpmicro.com/product-center/microcontroller/hpm6p00/hpm6p00,selection column:SPI,"""3""",2026-08-14T07:54:09+00:00,manufacturer_product_page
device,hpmicro::hpm6p41ipb,I²C,hpmicro:selector:hpm6p00,https://www.hpmicro.com/product-center/microcontroller/hpm6p00/hpm6p00,selection column:I²C,"""3""",2026-08-14T07:54:09+00:00,manufacturer_product_page
device,hpmicro::hpm6p41ipb,UART,hpmicro:selector:hpm6p00,https://www.hpmicro.com/product-center/microcontroller/hpm6p00/hpm6p00,selection column:UART,"""5""",2026-08-14T07:54:09+00:00,manufacturer_product_page
device,hpmicro::hpm6p41ipb,Crypto 安全算法,hpmicro:selector:hpm6p00,https://www.hpmicro.com/product-center/microcontroller/hpm6p00/hpm6p00,selection column:Crypto 安全算法,"""AES128/256, SHA-1/256""",2026-08-14T07:54:09+00:00,manufacturer_product_page
device,hpmicro::hpm6p41ipb,PDM数字麦克风,hpmicro:selector:hpm6p00,https://www.hpmicro.com/product-center/microcontroller/hpm6p00/hpm6p00,selection column:PDM数字麦克风,"""/""",2026-08-14T07:54:09+00:00,manufacturer_product_page
device,hpmicro::hpm6p41ipb,安全特性,hpmicro:selector:hpm6p00,https://www.hpmicro.com/product-center/microcontroller/hpm6p00/hpm6p00,selection column:安全特性,"""安全启动,JTAG 保护,实时代码加密执行""",2026-08-14T07:54:09+00:00,manufacturer_product_page
device,hpmicro::hpm6p41ipb,功能安全,hpmicro:selector:hpm6p00,https://www.hpmicro.com/product-center/microcontroller/hpm6p00/hpm6p00,selection column:功能安全,"""/""",2026-08-14T07:54:09+00:00,manufacturer_product_page
device,hpmicro::hpm6p41ipb,电机控制,hpmicro:selector:hpm6p00,https://www.hpmicro.com/product-center/microcontroller/hpm6p00/hpm6p00,selection column:电机控制,"""3×8通道PWMv2，2xQEIv2，2xQEOv2，2xSEI，1xMTG""",2026-08-14T07:54:09+00:00,manufacturer_product_page
device,hpmicro::hpm6p41ipb,RTC,hpmicro:selector:hpm6p00,https://www.hpmicro.com/product-center/microcontroller/hpm6p00/hpm6p00,selection column:RTC,"""/""",2026-08-14T07:54:09+00:00,manufacturer_product_page
device,hpmicro::hpm6p41ipb,GPTimer,hpmicro:selector:hpm6p00,https://www.hpmicro.com/product-center/microcontroller/hpm6p00/hpm6p00,selection column:GPTimer,"""5×32 位""",2026-08-14T07:54:09+00:00,manufacturer_product_page
device,hpmicro::hpm6p41ipb,WDG,hpmicro:selector:hpm6p00,https://www.hpmicro.com/product-center/microcontroller/hpm6p00/hpm6p00,selection column:WDG,"""3""",2026-08-14T07:54:09+00:00,manufacturer_product_page
device,hpmicro::hpm6p41ipb,ADC 12bit,hpmicro:selector:hpm6p00,https://www.hpmicro.com/product-center/microcontroller/hpm6p00/hpm6p00,selection column:ADC 12bit,"""/""",2026-08-14T07:54:09+00:00,manufacturer_product_page
device,hpmicro::hpm6p41ipb,ADC 16bit,hpmicro:selector:hpm6p00,https://www.hpmicro.com/product-center/microcontroller/hpm6p00/hpm6p00,selection column:ADC 16bit,"""3""",2026-08-14T07:54:09+00:00,manufacturer_product_page
device,hpmicro::hpm6p41ipb,DAC 12bit,hpmicro:selector:hpm6p00,https://www.hpmicro.com/product-center/microcontroller/hpm6p00/hpm6p00,selection column:DAC 12bit,"""2""",2026-08-14T07:54:09+00:00,manufacturer_product_page
device,hpmicro::hpm6p41ipb,比较器,hpmicro:selector:hpm6p00,https://www.hpmicro.com/product-center/microcontroller/hpm6p00/hpm6p00,selection column:比较器,"""4""",2026-08-14T07:54:09+00:00,manufacturer_product_page
device,hpmicro::hpm6p41ipb,运算放大器,hpmicro:selector:hpm6p00,https://www.hpmicro.com/product-center/microcontroller/hpm6p00/hpm6p00,selection column:运算放大器,"""/""",2026-08-14T07:54:09+00:00,manufacturer_product_page
device,hpmicro::hpm6p41ipb,封装形式,hpmicro:selector:hpm6p00,https://www.hpmicro.com/product-center/microcontroller/hpm6p00/hpm6p00,selection column:封装形式,"""14×14 100eLQFP 0.5P""",2026-08-14T07:54:09+00:00,manufacturer_product_page
device,hpmicro::hpm6p41ipb,产品厚度（mm),hpmicro:selector:hpm6p00,https://www.hpmicro.com/product-center/microcontroller/hpm6p00/hpm6p00,selection column:产品厚度（mm),"""/""",2026-08-14T07:54:09+00:00,manufacturer_product_page
device,hpmicro::hpm6p41ipb,脚间距（mm),hpmicro:selector:hpm6p00,https://www.hpmicro.com/product-center/microcontroller/hpm6p00/hpm6p00,selection column:脚间距（mm),"""0.5""",2026-08-14T07:54:09+00:00,manufacturer_product_page
device,hpmicro::hpm6p41ipb,温度范围,hpmicro:selector:hpm6p00,https://www.hpmicro.com/product-center/microcontroller/hpm6p00/hpm6p00,selection column:温度范围,"""−40 ∼ 125◦C Tj / −40 ∼ 105◦C Ta""",2026-08-14T07:54:09+00:00,manufacturer_product_page
device,hpmicro::hpm6p41ipb,型号,hpmicro:selector:hpm6p00,https://www.hpmicro.com/product-center/microcontroller/hpm6p00/hpm6p00,selection column:型号,"""HPM6P41IPB""",2026-08-14T07:54:09+00:00,manufacturer_product_page
device,hpmicro::hpm6p31ipf,内核类型,hpmicro:selector:hpm6p00,https://www.hpmicro.com/product-center/microcontroller/hpm6p00/hpm6p00,selection column:内核类型,"""单核 32 位 RISC-V 处理器""",2026-08-14T07:54:09+00:00,manufacturer_product_page
device,hpmicro::hpm6p31ipf,最高主频（MHz）,hpmicro:selector:hpm6p00,https://www.hpmicro.com/product-center/microcontroller/hpm6p00/hpm6p00,selection column:最高主频（MHz）,"""400""",2026-08-14T07:54:09+00:00,manufacturer_product_page
device,hpmicro::hpm6p31ipf,Flash (MB),hpmicro:selector:hpm6p00,https://www.hpmicro.com/product-center/microcontroller/hpm6p00/hpm6p00,selection column:Flash (MB),"""1""",2026-08-14T07:54:09+00:00,manufacturer_product_page
device,hpmicro::hpm6p31ipf,SRAM,hpmicro:selector:hpm6p00,https://www.hpmicro.com/product-center/microcontroller/hpm6p00/hpm6p00,selection column:SRAM,"""544KB""",2026-08-14T07:54:09+00:00,manufacturer_product_page
device,hpmicro::hpm6p31ipf,电源输入（V）,hpmicro:selector:hpm6p00,https://www.hpmicro.com/product-center/microcontroller/hpm6p00/hpm6p00,selection column:电源输入（V）,"""3~3.6V""",2026-08-14T07:54:09+00:00,manufacturer_product_page
device,hpmicro::hpm6p31ipf,图形编解码器,hpmicro:selector:hpm6p00,https://www.hpmicro.com/product-center/microcontroller/hpm6p00/hpm6p00,selection column:图形编解码器,"""/""",2026-08-14T07:54:09+00:00,manufacturer_product_page
device,hpmicro::hpm6p31ipf,图形加速,hpmicro:selector:hpm6p00,https://www.hpmicro.com/product-center/microcontroller/hpm6p00/hpm6p00,selection column:图形加速,"""/""",2026-08-14T07:54:09+00:00,manufacturer_product_page
device,hpmicro::hpm6p31ipf,LCD,hpmicro:selector:hpm6p00,https://www.hpmicro.com/product-center/microcontroller/hpm6p00/hpm6p00,selection column:LCD,"""/""",2026-08-14T07:54:09+00:00,manufacturer_product_page
device,hpmicro::hpm6p31ipf,摄像头接口（DVP）,hpmicro:selector:hpm6p00,https://www.hpmicro.com/product-center/microcontroller/hpm6p00/hpm6p00,selection column:摄像头接口（DVP）,"""/""",2026-08-14T07:54:09+00:00,manufacturer_product_page
device,hpmicro::hpm6p31ipf,I²S,hpmicro:selector:hpm6p00,https://www.hpmicro.com/product-center/microcontroller/hpm6p00/hpm6p00,selection column:I²S,"""/""",2026-08-14T07:54:09+00:00,manufacturer_product_page
device,hpmicro::hpm6p31ipf,数字音频输出,hpmicro:selector:hpm6p00,https://www.hpmicro.com/product-center/microcontroller/hpm6p00/hpm6p00,selection column:数字音频输出,"""/""",2026-08-14T07:54:09+00:00,manufacturer_product_page
device,hpmicro::hpm6p31ipf,DDR,hpmicro:selector:hpm6p00,https://www.hpmicro.com/product-center/microcontroller/hpm6p00/hpm6p00,selection column:DDR,"""/""",2026-08-14T07:54:09+00:00,manufacturer_product_page
device,hpmicro::hpm6p31ipf,SDRAM,hpmicro:selector:hpm6p00,https://www.hpmicro.com/product-center/microcontroller/hpm6p00/hpm6p00,selection column:SDRAM,"""/""",2026-08-14T07:54:09+00:00,manufacturer_product_page
device,hpmicro::hpm6p31ipf,SD/eMMC （*63系列无eMMC）,hpmicro:selector:hpm6p00,https://www.hpmicro.com/product-center/microcontroller/hpm6p00/hpm6p00,selection column:SD/eMMC （*63系列无eMMC）,"""/""",2026-08-14T07:54:09+00:00,manufacturer_product_page
device,hpmicro::hpm6p31ipf,XPI,hpmicro:selector:hpm6p00,https://www.hpmicro.com/product-center/microcontroller/hpm6p00/hpm6p00,selection column:XPI,"""1""",2026-08-14T07:54:09+00:00,manufacturer_product_page
device,hpmicro::hpm6p31ipf,以太网,hpmicro:selector:hpm6p00,https://www.hpmicro.com/product-center/microcontroller/hpm6p00/hpm6p00,selection column:以太网,"""/""",2026-08-14T07:54:09+00:00,manufacturer_product_page
device,hpmicro::hpm6p31ipf,CAN,hpmicro:selector:hpm6p00,https://www.hpmicro.com/product-center/microcontroller/hpm6p00/hpm6p00,selection column:CAN,"""CAN FD x 1""",2026-08-14T07:54:09+00:00,manufacturer_product_page
device,hpmicro::hpm6p31ipf,USB,hpmicro:selector:hpm6p00,https://www.hpmicro.com/product-center/microcontroller/hpm6p00/hpm6p00,selection column:USB,"""USB HS w/ PHY ×1""",2026-08-14T07:54:09+00:00,manufacturer_product_page
device,hpmicro::hpm6p31ipf,SPI,hpmicro:selector:hpm6p00,https://www.hpmicro.com/product-center/microcontroller/hpm6p00/hpm6p00,selection column:SPI,"""3""",2026-08-14T07:54:09+00:00,manufacturer_product_page
device,hpmicro::hpm6p31ipf,I²C,hpmicro:selector:hpm6p00,https://www.hpmicro.com/product-center/microcontroller/hpm6p00/hpm6p00,selection column:I²C,"""3""",2026-08-14T07:54:09+00:00,manufacturer_product_page
device,hpmicro::hpm6p31ipf,UART,hpmicro:selector:hpm6p00,https://www.hpmicro.com/product-center/microcontroller/hpm6p00/hpm6p00,selection column:UART,"""5""",2026-08-14T07:54:09+00:00,manufacturer_product_page
device,hpmicro::hpm6p31ipf,Crypto 安全算法,hpmicro:selector:hpm6p00,https://www.hpmicro.com/product-center/microcontroller/hpm6p00/hpm6p00,selection column:Crypto 安全算法,"""AES128/256, SHA-1/256""",2026-08-14T07:54:09+00:00,manufacturer_product_page
device,hpmicro::hpm6p31ipf,PDM数字麦克风,hpmicro:selector:hpm6p00,https://www.hpmicro.com/product-center/microcontroller/hpm6p00/hpm6p00,selection column:PDM数字麦克风,"""/""",2026-08-14T07:54:09+00:00,manufacturer_product_page
device,hpmicro::hpm6p31ipf,安全特性,hpmicro:selector:hpm6p00,https://www.hpmicro.com/product-center/microcontroller/hpm6p00/hpm6p00,selection column:安全特性,"""安全启动,JTAG 保护,实时代码加密执行""",2026-08-14T07:54:09+00:00,manufacturer_product_page
device,hpmicro::hpm6p31ipf,功能安全,hpmicro:selector:hpm6p00,https://www.hpmicro.com/product-center/microcontroller/hpm6p00/hpm6p00,selection column:功能安全,"""/""",2026-08-14T07:54:09+00:00,manufacturer_product_page
device,hpmicro::hpm6p31ipf,电机控制,hpmicro:selector:hpm6p00,https://www.hpmicro.com/product-center/microcontroller/hpm6p00/hpm6p00,selection column:电机控制,"""2×8通道PWMv2，1xQEIv2，1xQEOv2，1xSEI""",2026-08-14T07:54:09+00:00,manufacturer_product_page
device,hpmicro::hpm6p31ipf,RTC,hpmicro:selector:hpm6p00,https://www.hpmicro.com/product-center/microcontroller/hpm6p00/hpm6p00,selection column:RTC,"""/""",2026-08-14T07:54:09+00:00,manufacturer_product_page
device,hpmicro::hpm6p31ipf,GPTimer,hpmicro:selector:hpm6p00,https://www.hpmicro.com/product-center/microcontroller/hpm6p00/hpm6p00,selection column:GPTimer,"""5×32 位""",2026-08-14T07:54:09+00:00,manufacturer_product_page
device,hpmicro::hpm6p31ipf,WDG,hpmicro:selector:hpm6p00,https://www.hpmicro.com/product-center/microcontroller/hpm6p00/hpm6p00,selection column:WDG,"""3""",2026-08-14T07:54:09+00:00,manufacturer_product_page
device,hpmicro::hpm6p31ipf,ADC 12bit,hpmicro:selector:hpm6p00,https://www.hpmicro.com/product-center/microcontroller/hpm6p00/hpm6p00,selection column:ADC 12bit,"""/""",2026-08-14T07:54:09+00:00,manufacturer_product_page
device,hpmicro::hpm6p31ipf,ADC 16bit,hpmicro:selector:hpm6p00,https://www.hpmicro.com/product-center/microcontroller/hpm6p00/hpm6p00,selection column:ADC 16bit,"""3""",2026-08-14T07:54:09+00:00,manufacturer_product_page
device,hpmicro::hpm6p31ipf,DAC 12bit,hpmicro:selector:hpm6p00,https://www.hpmicro.com/product-center/microcontroller/hpm6p00/hpm6p00,selection column:DAC 12bit,"""1""",2026-08-14T07:54:09+00:00,manufacturer_product_page
device,hpmicro::hpm6p31ipf,比较器,hpmicro:selector:hpm6p00,https://www.hpmicro.com/product-center/microcontroller/hpm6p00/hpm6p00,selection column:比较器,"""2""",2026-08-14T07:54:09+00:00,manufacturer_product_page
device,hpmicro::hpm6p31ipf,运算放大器,hpmicro:selector:hpm6p00,https://www.hpmicro.com/product-center/microcontroller/hpm6p00/hpm6p00,selection column:运算放大器,"""/""",2026-08-14T07:54:09+00:00,manufacturer_product_page
device,hpmicro::hpm6p31ipf,封装形式,hpmicro:selector:hpm6p00,https://www.hpmicro.com/product-center/microcontroller/hpm6p00/hpm6p00,selection column:封装形式,"""10×10 64eLQFP 0.5P""",2026-08-14T07:54:09+00:00,manufacturer_product_page
device,hpmicro::hpm6p31ipf,脚间距（mm),hpmicro:selector:hpm6p00,https://www.hpmicro.com/product-center/microcontroller/hpm6p00/hpm6p00,selection column:脚间距（mm),"""0.5""",2026-08-14T07:54:09+00:00,manufacturer_product_page
device,hpmicro::hpm6p31ipf,温度范围,hpmicro:selector:hpm6p00,https://www.hpmicro.com/product-center/microcontroller/hpm6p00/hpm6p00,selection column:温度范围,"""−40 ∼ 125◦C Tj / −40 ∼ 105◦C Ta""",2026-08-14T07:54:09+00:00,manufacturer_product_page
device,hpmicro::hpm6p31ipf,型号,hpmicro:selector:hpm6p00,https://www.hpmicro.com/product-center/microcontroller/hpm6p00/hpm6p00,selection column:型号,"""HPM6P31IPF""",2026-08-14T07:54:09+00:00,manufacturer_product_page
