pack_vendor,pack_name,pack_version,pdsc_url,deprecated,replacement,index_timestamp,selected_for_import,fetch_status,device_count,error
SiliconLabs,BGM21_DFP,5.8.10,https://www.silabs.com/documents/public/cmsis-packs/SiliconLabs.BGM21_DFP.pdsc,2019-11-12,SiliconLabs.GeckoPlatform_BGM21_DFP,2026-08-12T04:05:17.3114066+00:00,,not_selected,,
SiliconLabs,EFM32G_DFP,5.8.10,https://www.silabs.com/documents/public/cmsis-packs/SiliconLabs.EFM32G_DFP.pdsc,2019-11-12,SiliconLabs.GeckoPlatform_EFM32G_DFP,2026-08-12T04:05:17.3114066+00:00,,not_selected,,
SiliconLabs,EFM32GG_DFP,5.8.10,https://www.silabs.com/documents/public/cmsis-packs/SiliconLabs.EFM32GG_DFP.pdsc,2019-11-12,SiliconLabs.GeckoPlatform_EFM32GG_DFP,2026-08-12T04:05:17.3114066+00:00,,not_selected,,
SiliconLabs,EFM32GG11B_DFP,5.8.10,https://www.silabs.com/documents/public/cmsis-packs/SiliconLabs.EFM32GG11B_DFP.pdsc,2019-11-12,SiliconLabs.GeckoPlatform_EFM32GG11B_DFP,2026-08-12T04:05:17.3114066+00:00,,not_selected,,
SiliconLabs,EFM32GG12B_DFP,5.8.10,https://www.silabs.com/documents/public/cmsis-packs/SiliconLabs.EFM32GG12B_DFP.pdsc,2019-11-12,SiliconLabs.GeckoPlatform_EFM32GG12B_DFP,2026-08-12T04:05:17.3114066+00:00,,not_selected,,
SiliconLabs,EFM32HG_DFP,5.8.10,https://www.silabs.com/documents/public/cmsis-packs/SiliconLabs.EFM32HG_DFP.pdsc,2019-11-12,SiliconLabs.GeckoPlatform_EFM32HG_DFP,2026-08-12T04:05:17.3114066+00:00,,not_selected,,
SiliconLabs,EFM32JG12B_DFP,5.8.10,https://www.silabs.com/documents/public/cmsis-packs/SiliconLabs.EFM32JG12B_DFP.pdsc,2019-11-12,SiliconLabs.GeckoPlatform_EFM32JG12B_DFP,2026-08-12T04:05:17.3114066+00:00,,not_selected,,
SiliconLabs,EFM32JG1B_DFP,5.8.10,https://www.silabs.com/documents/public/cmsis-packs/SiliconLabs.EFM32JG1B_DFP.pdsc,2019-11-12,SiliconLabs.GeckoPlatform_EFM32JG1B_DFP,2026-08-12T04:05:17.3114066+00:00,,not_selected,,
SiliconLabs,EFM32LG_DFP,5.8.10,https://www.silabs.com/documents/public/cmsis-packs/SiliconLabs.EFM32LG_DFP.pdsc,2019-11-12,SiliconLabs.GeckoPlatform_EFM32LG_DFP,2026-08-12T04:05:17.3114066+00:00,,not_selected,,
SiliconLabs,EFM32PG12B_DFP,5.8.10,https://www.silabs.com/documents/public/cmsis-packs/SiliconLabs.EFM32PG12B_DFP.pdsc,2019-11-12,SiliconLabs.GeckoPlatform_EFM32PG12B_DFP,2026-08-12T04:05:17.3114066+00:00,,not_selected,,
SiliconLabs,EFM32PG1B_DFP,5.8.10,https://www.silabs.com/documents/public/cmsis-packs/SiliconLabs.EFM32PG1B_DFP.pdsc,2019-11-12,SiliconLabs.GeckoPlatform_EFM32PG1B_DFP,2026-08-12T04:05:17.3114066+00:00,,not_selected,,
SiliconLabs,EFM32TG_DFP,5.8.10,https://www.silabs.com/documents/public/cmsis-packs/SiliconLabs.EFM32TG_DFP.pdsc,2019-11-12,SiliconLabs.GeckoPlatform_EFM32TG_DFP,2026-08-12T04:05:17.3114066+00:00,,not_selected,,
SiliconLabs,EFM32TG11B_DFP,5.8.10,https://www.silabs.com/documents/public/cmsis-packs/SiliconLabs.EFM32TG11B_DFP.pdsc,2019-11-12,SiliconLabs.GeckoPlatform_EFM32TG11B_DFP,2026-08-12T04:05:17.3114066+00:00,,not_selected,,
SiliconLabs,EFM32WG_DFP,5.8.10,https://www.silabs.com/documents/public/cmsis-packs/SiliconLabs.EFM32WG_DFP.pdsc,2019-11-12,SiliconLabs.GeckoPlatform_EFM32WG_DFP,2026-08-12T04:05:17.3114066+00:00,,not_selected,,
SiliconLabs,EFM32ZG_DFP,5.8.10,https://www.silabs.com/documents/public/cmsis-packs/SiliconLabs.EFM32ZG_DFP.pdsc,2019-11-12,SiliconLabs.GeckoPlatform_EFM32ZG_DFP,2026-08-12T04:05:17.3114066+00:00,,not_selected,,
SiliconLabs,EFR32BG12P_DFP,5.8.10,https://www.silabs.com/documents/public/cmsis-packs/SiliconLabs.EFR32BG12P_DFP.pdsc,2019-11-12,SiliconLabs.GeckoPlatform_EFR32BG12P_DFP,2026-08-12T04:05:17.3114066+00:00,,not_selected,,
SiliconLabs,EFR32BG13P_DFP,5.8.10,https://www.silabs.com/documents/public/cmsis-packs/SiliconLabs.EFR32BG13P_DFP.pdsc,2019-11-12,SiliconLabs.GeckoPlatform_EFR32BG13P_DFP,2026-08-12T04:05:17.3114066+00:00,,not_selected,,
SiliconLabs,EFR32BG14P_DFP,5.8.10,https://www.silabs.com/documents/public/cmsis-packs/SiliconLabs.EFR32BG14P_DFP.pdsc,2019-11-12,SiliconLabs.GeckoPlatform_EFR32BG14P_DFP,2026-08-12T04:05:17.3114066+00:00,,not_selected,,
SiliconLabs,EFR32BG1B_DFP,5.8.10,https://www.silabs.com/documents/public/cmsis-packs/SiliconLabs.EFR32BG1B_DFP.pdsc,2019-11-12,SiliconLabs.GeckoPlatform_EFR32BG1B_DFP,2026-08-12T04:05:17.3114066+00:00,,not_selected,,
SiliconLabs,EFR32BG1P_DFP,5.8.10,https://www.silabs.com/documents/public/cmsis-packs/SiliconLabs.EFR32BG1P_DFP.pdsc,2019-11-12,SiliconLabs.GeckoPlatform_EFR32BG1P_DFP,2026-08-12T04:05:17.3114066+00:00,,not_selected,,
SiliconLabs,EFR32BG1V_DFP,5.8.10,https://www.silabs.com/documents/public/cmsis-packs/SiliconLabs.EFR32BG1V_DFP.pdsc,2019-11-12,SiliconLabs.GeckoPlatform_EFR32BG1V_DFP,2026-08-12T04:05:17.3114066+00:00,,not_selected,,
SiliconLabs,EFR32BG21_DFP,5.8.10,https://www.silabs.com/documents/public/cmsis-packs/SiliconLabs.EFR32BG21_DFP.pdsc,2019-11-12,SiliconLabs.GeckoPlatform_EFR32BG21_DFP,2026-08-12T04:05:17.3114066+00:00,,not_selected,,
SiliconLabs,EFR32FG12P_DFP,5.8.10,https://www.silabs.com/documents/public/cmsis-packs/SiliconLabs.EFR32FG12P_DFP.pdsc,2019-11-12,SiliconLabs.GeckoPlatform_EFR32FG12P_DFP,2026-08-12T04:05:17.3114066+00:00,,not_selected,,
SiliconLabs,EFR32FG13P_DFP,5.8.10,https://www.silabs.com/documents/public/cmsis-packs/SiliconLabs.EFR32FG13P_DFP.pdsc,2019-11-12,SiliconLabs.GeckoPlatform_EFR32FG13P_DFP,2026-08-12T04:05:17.3114066+00:00,,not_selected,,
SiliconLabs,EFR32FG14P_DFP,5.8.10,https://www.silabs.com/documents/public/cmsis-packs/SiliconLabs.EFR32FG14P_DFP.pdsc,2019-11-12,SiliconLabs.GeckoPlatform_EFR32FG14P_DFP,2026-08-12T04:05:17.3114066+00:00,,not_selected,,
SiliconLabs,EFR32FG14V_DFP,5.8.10,https://www.silabs.com/documents/public/cmsis-packs/SiliconLabs.EFR32FG14V_DFP.pdsc,2019-11-12,SiliconLabs.GeckoPlatform_EFR32FG14V_DFP,2026-08-12T04:05:17.3114066+00:00,,not_selected,,
SiliconLabs,EFR32FG1P_DFP,5.8.10,https://www.silabs.com/documents/public/cmsis-packs/SiliconLabs.EFR32FG1P_DFP.pdsc,2019-11-12,SiliconLabs.GeckoPlatform_EFR32FG1P_DFP,2026-08-12T04:05:17.3114066+00:00,,not_selected,,
SiliconLabs,EFR32FG1V_DFP,5.8.10,https://www.silabs.com/documents/public/cmsis-packs/SiliconLabs.EFR32FG1V_DFP.pdsc,2019-11-12,SiliconLabs.GeckoPlatform_EFR32FG1V_DFP,2026-08-12T04:05:17.3114066+00:00,,not_selected,,
SiliconLabs,EFR32MG12P_DFP,5.8.10,https://www.silabs.com/documents/public/cmsis-packs/SiliconLabs.EFR32MG12P_DFP.pdsc,2019-11-12,SiliconLabs.GeckoPlatform_EFR32MG12P_DFP,2026-08-12T04:05:17.3114066+00:00,,not_selected,,
SiliconLabs,EFR32MG13P_DFP,5.8.10,https://www.silabs.com/documents/public/cmsis-packs/SiliconLabs.EFR32MG13P_DFP.pdsc,2019-11-12,SiliconLabs.GeckoPlatform_EFR32MG13P_DFP,2026-08-12T04:05:17.3114066+00:00,,not_selected,,
SiliconLabs,EFR32MG14P_DFP,5.8.10,https://www.silabs.com/documents/public/cmsis-packs/SiliconLabs.EFR32MG14P_DFP.pdsc,2019-11-12,SiliconLabs.GeckoPlatform_EFR32MG14P_DFP,2026-08-12T04:05:17.3114066+00:00,,not_selected,,
SiliconLabs,EFR32MG1B_DFP,5.8.10,https://www.silabs.com/documents/public/cmsis-packs/SiliconLabs.EFR32MG1B_DFP.pdsc,2019-11-12,SiliconLabs.GeckoPlatform_EFR32MG1B_DFP,2026-08-12T04:05:17.3114066+00:00,,not_selected,,
SiliconLabs,EFR32MG1P_DFP,5.8.10,https://www.silabs.com/documents/public/cmsis-packs/SiliconLabs.EFR32MG1P_DFP.pdsc,2019-11-12,SiliconLabs.GeckoPlatform_EFR32MG1P_DFP,2026-08-12T04:05:17.3114066+00:00,,not_selected,,
SiliconLabs,EFR32MG1V_DFP,5.8.10,https://www.silabs.com/documents/public/cmsis-packs/SiliconLabs.EFR32MG1V_DFP.pdsc,2019-11-12,SiliconLabs.GeckoPlatform_EFR32MG1V_DFP,2026-08-12T04:05:17.3114066+00:00,,not_selected,,
SiliconLabs,EFR32MG21_DFP,5.8.10,https://www.silabs.com/documents/public/cmsis-packs/SiliconLabs.EFR32MG21_DFP.pdsc,2019-11-12,SiliconLabs.GeckoPlatform_EFR32MG21_DFP,2026-08-12T04:05:17.3114066+00:00,,not_selected,,
SiliconLabs,EFR32ZG13P_DFP,5.8.10,https://www.silabs.com/documents/public/cmsis-packs/SiliconLabs.EFR32ZG13P_DFP.pdsc,2019-11-12,SiliconLabs.GeckoPlatform_EFR32ZG13P_DFP,2026-08-12T04:05:17.3114066+00:00,,not_selected,,
SiliconLabs,EFR32ZG14P_DFP,5.8.10,https://www.silabs.com/documents/public/cmsis-packs/SiliconLabs.EFR32ZG14P_DFP.pdsc,2019-11-12,SiliconLabs.GeckoPlatform_EFR32ZG14P_DFP,2026-08-12T04:05:17.3114066+00:00,,not_selected,,
SiliconLabs,EZR32HG_DFP,5.8.10,https://www.silabs.com/documents/public/cmsis-packs/SiliconLabs.EZR32HG_DFP.pdsc,2019-11-12,SiliconLabs.GeckoPlatform_EZR32HG_DFP,2026-08-12T04:05:17.3114066+00:00,,not_selected,,
SiliconLabs,EZR32LG_DFP,5.8.10,https://www.silabs.com/documents/public/cmsis-packs/SiliconLabs.EZR32LG_DFP.pdsc,2019-11-12,SiliconLabs.GeckoPlatform_EZR32LG_DFP,2026-08-12T04:05:17.3114066+00:00,,not_selected,,
SiliconLabs,EZR32WG_DFP,5.8.10,https://www.silabs.com/documents/public/cmsis-packs/SiliconLabs.EZR32WG_DFP.pdsc,2019-11-12,SiliconLabs.GeckoPlatform_EZR32WG_DFP,2026-08-12T04:05:17.3114066+00:00,,not_selected,,
SiliconLabs,MGM1_DFP,5.8.10,https://www.silabs.com/documents/public/cmsis-packs/SiliconLabs.MGM1_DFP.pdsc,2019-11-12,SiliconLabs.GeckoPlatform_MGM1_DFP,2026-08-12T04:05:17.3114066+00:00,,not_selected,,
SiliconLabs,MGM12_DFP,5.8.10,https://www.silabs.com/documents/public/cmsis-packs/SiliconLabs.MGM12_DFP.pdsc,2019-11-12,SiliconLabs.GeckoPlatform_MGM12_DFP,2026-08-12T04:05:17.3114066+00:00,,not_selected,,
SiliconLabs,MGM13_DFP,5.8.10,https://www.silabs.com/documents/public/cmsis-packs/SiliconLabs.MGM13_DFP.pdsc,2019-11-12,SiliconLabs.GeckoPlatform_MGM13_DFP,2026-08-12T04:05:17.3114066+00:00,,not_selected,,
SiliconLabs,MGM21_DFP,5.8.10,https://www.silabs.com/documents/public/cmsis-packs/SiliconLabs.MGM21_DFP.pdsc,2019-11-12,SiliconLabs.GeckoPlatform_MGM21_DFP,2026-08-12T04:05:17.3114066+00:00,,not_selected,,
SiliconLabs,ZGM13_DFP,5.8.10,https://www.silabs.com/documents/public/cmsis-packs/SiliconLabs.ZGM13_DFP.pdsc,2019-11-12,SiliconLabs.GeckoPlatform_ZGM13_DFP,2026-08-12T04:05:17.3114066+00:00,,not_selected,,
DialogSemiconductor,DA1453x_DFP,1.0.4,https://s3.eu-central-1.amazonaws.com/lpccs-docs.renesas.com/CMSIS/DialogSemiconductor.DA1453x_DFP.pdsc,,,2026-08-12T04:05:17.3114066+00:00,,not_selected,,
DialogSemiconductor,DA1458x_DFP,1.1.3,https://s3.eu-central-1.amazonaws.com/lpccs-docs.renesas.com/CMSIS/DialogSemiconductor.DA1458x_DFP.pdsc,,,2026-08-12T04:05:17.3114066+00:00,,not_selected,,
DialogSemiconductor,DA1468x_DFP,1.1.3,https://s3.eu-central-1.amazonaws.com/lpccs-docs.renesas.com/CMSIS/DialogSemiconductor.DA1468x_DFP.pdsc,,,2026-08-12T04:05:17.3114066+00:00,,not_selected,,
DialogSemiconductor,DA1469x_DFP,1.5.2,https://s3.eu-central-1.amazonaws.com/lpccs-docs.renesas.com/CMSIS/DialogSemiconductor.DA1469x_DFP.pdsc,,,2026-08-12T04:05:17.3114066+00:00,,not_selected,,
DialogSemiconductor,DA1470x_DFP,1.2.0,https://s3.eu-central-1.amazonaws.com/lpccs-docs.renesas.com/CMSIS/DialogSemiconductor.DA1470x_DFP.pdsc,,,2026-08-12T04:05:17.3114066+00:00,,not_selected,,
GigaDevice,GD32F10x_DFP,2.0.3,https://gd32mcu.com/data/documents/pack/GigaDevice.GD32F10x_DFP.pdsc,,,2026-08-12T04:05:17.3114066+00:00,,not_selected,,
GigaDevice,GD32F1x0_DFP,3.2.1,https://gd32mcu.com/data/documents/pack/GigaDevice.GD32F1x0_DFP.pdsc,,,2026-08-12T04:05:17.3114066+00:00,,not_selected,,
GigaDevice,GD32F20x_DFP,2.2.3,https://gd32mcu.com/data/documents/pack/GigaDevice.GD32F20x_DFP.pdsc,,,2026-08-12T04:05:17.3114066+00:00,,not_selected,,
GigaDevice,GD32F30x_DFP,2.2.1,https://gd32mcu.com/data/documents/pack/GigaDevice.GD32F30x_DFP.pdsc,,,2026-08-12T04:05:17.3114066+00:00,,not_selected,,
GigaDevice,GD32F3x0_DFP,3.0.2,https://gd32mcu.com/data/documents/pack/GigaDevice.GD32F3x0_DFP.pdsc,,,2026-08-12T04:05:17.3114066+00:00,,not_selected,,
GigaDevice,GD32F4xx_DFP,3.0.3,https://gd32mcu.com/data/documents/pack/GigaDevice.GD32F4xx_DFP.pdsc,,,2026-08-12T04:05:17.3114066+00:00,,not_selected,,
GigaDevice,GD32C10x_DFP,1.0.1,https://gd32mcu.com/data/documents/pack/GigaDevice.GD32C10x_DFP.pdsc,,,2026-08-12T04:05:17.3114066+00:00,,not_selected,,
GigaDevice,GD32E10x_DFP,1.2.1,https://gd32mcu.com/data/documents/pack/GigaDevice.GD32E10x_DFP.pdsc,,,2026-08-12T04:05:17.3114066+00:00,,not_selected,,
GigaDevice,GD32E23x_DFP,1.0.2,https://gd32mcu.com/data/documents/pack/GigaDevice.GD32E23x_DFP.pdsc,,,2026-08-12T04:05:17.3114066+00:00,,not_selected,,
GigaDevice,GD32E50x_DFP,1.3.2,https://gd32mcu.com/data/documents/pack/GigaDevice.GD32E50x_DFP.pdsc,,,2026-08-12T04:05:17.3114066+00:00,,not_selected,,
GigaDevice,GD32L23x_DFP,1.0.3,https://gd32mcu.com/data/documents/pack/GigaDevice.GD32L23x_DFP.pdsc,,,2026-08-12T04:05:17.3114066+00:00,,not_selected,,
GigaDevice,GD32W51x_DFP,1.0.3,https://gd32mcu.com/data/documents/pack/GigaDevice.GD32W51x_DFP.pdsc,,,2026-08-12T04:05:17.3114066+00:00,,not_selected,,
Infineon,TLE984x_DFP,1.3.4,https://itools.infineon.com/cmsis_packs/TLE984x/Infineon.TLE984x_DFP.pdsc,,,2026-08-12T04:05:17.3114066+00:00,,not_selected,,
Infineon,IMM100A_DFP,1.0.1,https://itools.infineon.com/cmsis_packs/IMM100A/Infineon.IMM100A_DFP.pdsc,,,2026-08-12T04:05:17.3114066+00:00,,not_selected,,
Microchip,SAMD09_DFP,2.5.147,https://packs.download.microchip.com/Microchip.SAMD09_DFP.pdsc,,,2026-08-12T04:05:17.3114066+00:00,,not_selected,,
Microchip,SAMD10_DFP,2.7.81,https://packs.download.microchip.com/Microchip.SAMD10_DFP.pdsc,,,2026-08-12T04:05:17.3114066+00:00,,not_selected,,
Microchip,SAMR30_DFP,2.0.47,https://packs.download.microchip.com/Microchip.SAMR30_DFP.pdsc,,,2026-08-12T04:05:17.3114066+00:00,,not_selected,,
MindMotion,MM32F003_DFP,1.0.5,https://www.mindmotion.com.cn/Download/MDK_KEIL/MindMotion.MM32F003_DFP.pdsc,,,2026-08-12T04:05:17.3114066+00:00,,not_selected,,
MindMotion,MM32F0010_DFP,1.0.6,https://www.mindmotion.com.cn/Download/MDK_KEIL/MindMotion.MM32F0010_DFP.pdsc,,,2026-08-12T04:05:17.3114066+00:00,,not_selected,,
MindMotion,MM32F031_DFP,1.4.3,https://www.mindmotion.com.cn/Download/MDK_KEIL/MindMotion.MM32F031_DFP.pdsc,,,2026-08-12T04:05:17.3114066+00:00,,not_selected,,
MindMotion,MM32F032_DFP,1.0.4,https://www.mindmotion.com.cn/Download/MDK_KEIL/MindMotion.MM32F032_DFP.pdsc,,,2026-08-12T04:05:17.3114066+00:00,,not_selected,,
MindMotion,MM32F103x8xB_DFP,1.4.8,https://www.mindmotion.com.cn/Download/MDK_KEIL/MindMotion.MM32F103x8xB_DFP.pdsc,,,2026-08-12T04:05:17.3114066+00:00,,not_selected,,
MindMotion,MM32F103xCxE_DFP,1.0.6,https://www.mindmotion.com.cn/Download/MDK_KEIL/MindMotion.MM32F103xCxE_DFP.pdsc,,,2026-08-12T04:05:17.3114066+00:00,,not_selected,,
MindMotion,MM32F0130_DFP,1.0.3,https://www.mindmotion.com.cn/Download/MDK_KEIL/MindMotion.MM32F0130_DFP.pdsc,,,2026-08-12T04:05:17.3114066+00:00,,not_selected,,
MindMotion,MM32F0140_DFP,0.0.6,https://www.mindmotion.com.cn/Download/MDK_KEIL/MindMotion.MM32F0140_DFP.pdsc,,,2026-08-12T04:05:17.3114066+00:00,,not_selected,,
MindMotion,MM32F0270_DFP,0.1.1,https://www.mindmotion.com.cn/Download/MDK_KEIL/MindMotion.MM32F0270_DFP.pdsc,,,2026-08-12T04:05:17.3114066+00:00,,not_selected,,
MindMotion,MM32F3270_DFP,1.0.5,https://www.mindmotion.com.cn/Download/MDK_KEIL/MindMotion.MM32F3270_DFP.pdsc,,,2026-08-12T04:05:17.3114066+00:00,,not_selected,,
MindMotion,MM32L0xx_DFP,1.1.3,https://www.mindmotion.com.cn/Download/MDK_KEIL/MindMotion.MM32L0xx_DFP.pdsc,,,2026-08-12T04:05:17.3114066+00:00,,not_selected,,
MindMotion,MM32L3xx_DFP,1.0.8,https://www.mindmotion.com.cn/Download/MDK_KEIL/MindMotion.MM32L3xx_DFP.pdsc,,,2026-08-12T04:05:17.3114066+00:00,,not_selected,,
MindMotion,MM32P0xx_DFP,1.0.9,https://www.mindmotion.com.cn/Download/MDK_KEIL/MindMotion.MM32P0xx_DFP.pdsc,,,2026-08-12T04:05:17.3114066+00:00,,not_selected,,
MindMotion,MM32SPIN0x_DFP,1.0.8,https://www.mindmotion.com.cn/Download/MDK_KEIL/MindMotion.MM32SPIN0x_DFP.pdsc,,,2026-08-12T04:05:17.3114066+00:00,,not_selected,,
MindMotion,MM32SPIN2x_DFP,1.1.6,https://www.mindmotion.com.cn/Download/MDK_KEIL/MindMotion.MM32SPIN2x_DFP.pdsc,,,2026-08-12T04:05:17.3114066+00:00,,not_selected,,
MindMotion,MM32SPIN0280_DFP,0.0.1,https://www.mindmotion.com.cn/Download/MDK_KEIL/MindMotion.MM32SPIN0280_DFP.pdsc,,,2026-08-12T04:05:17.3114066+00:00,,not_selected,,
MindMotion,MM32W0xxB_DFP,1.0.6,https://www.mindmotion.com.cn/Download/MDK_KEIL/MindMotion.MM32W0xxB_DFP.pdsc,,,2026-08-12T04:05:17.3114066+00:00,,not_selected,,
MindMotion,MM32W3xxB_DFP,1.0.9,https://www.mindmotion.com.cn/Download/MDK_KEIL/MindMotion.MM32W3xxB_DFP.pdsc,,,2026-08-12T04:05:17.3114066+00:00,,not_selected,,
MindMotion,MM32W0130_DFP,1.0.1,https://www.mindmotion.com.cn/Download/MDK_KEIL/MindMotion.MM32W0130_DFP.pdsc,,,2026-08-12T04:05:17.3114066+00:00,,not_selected,,
NXP,MIMXRT1051_A0_DFP,10.0.0,https://mcuxpresso.nxp.com/cmsis_pack/repo/NXP.MIMXRT1051_A0_DFP.pdsc,,,2026-08-12T04:05:17.3114066+00:00,,not_selected,,
NXP,MIMXRT1052_A0_DFP,10.0.0,https://mcuxpresso.nxp.com/cmsis_pack/repo/NXP.MIMXRT1052_A0_DFP.pdsc,,,2026-08-12T04:05:17.3114066+00:00,,not_selected,,
NXP,MIMX8MD6_DFP,10.0.0,https://mcuxpresso.nxp.com/cmsis_pack/repo/NXP.MIMX8MD6_DFP.pdsc,,,2026-08-12T04:05:17.3114066+00:00,,not_selected,,
NXP,MIMX8MD7_DFP,10.0.0,https://mcuxpresso.nxp.com/cmsis_pack/repo/NXP.MIMX8MD7_DFP.pdsc,,,2026-08-12T04:05:17.3114066+00:00,,not_selected,,
NXP,MIMX8MQ5_DFP,10.0.0,https://mcuxpresso.nxp.com/cmsis_pack/repo/NXP.MIMX8MQ5_DFP.pdsc,,,2026-08-12T04:05:17.3114066+00:00,,not_selected,,
NXP,MIMX8MQ6_DFP,10.0.0,https://mcuxpresso.nxp.com/cmsis_pack/repo/NXP.MIMX8MQ6_DFP.pdsc,,,2026-08-12T04:05:17.3114066+00:00,,not_selected,,
NXP,MIMX8MQ7_DFP,10.0.0,https://mcuxpresso.nxp.com/cmsis_pack/repo/NXP.MIMX8MQ7_DFP.pdsc,,,2026-08-12T04:05:17.3114066+00:00,,not_selected,,
NXP,LPC810_DFP,13.0.0,https://mcuxpresso.nxp.com/cmsis_pack/repo/NXP.LPC810_DFP.pdsc,,,2026-08-12T04:05:17.3114066+00:00,,not_selected,,
NXP,LPC811_DFP,13.0.0,https://mcuxpresso.nxp.com/cmsis_pack/repo/NXP.LPC811_DFP.pdsc,,,2026-08-12T04:05:17.3114066+00:00,,not_selected,,
NXP,LPC812_DFP,13.0.0,https://mcuxpresso.nxp.com/cmsis_pack/repo/NXP.LPC812_DFP.pdsc,,,2026-08-12T04:05:17.3114066+00:00,,not_selected,,
NXP,QN908x_DFP,1.1.5,https://mcuxpresso.nxp.com/cmsis_pack/repo/NXP.QN908x_DFP.pdsc,,,2026-08-12T04:05:17.3114066+00:00,,not_selected,,
NXP,iMXRT_DFP,1.0.3,https://mcuxpresso.nxp.com/cmsis_pack/repo/NXP.iMXRT_DFP.pdsc,2018-07-27,,2026-08-12T04:05:17.3114066+00:00,,not_selected,,
NXP,MK11D5_DFP,10.0.1,https://mcuxpresso.nxp.com/cmsis_pack/repo/NXP.MK11D5_DFP.pdsc,,,2026-08-12T04:05:17.3114066+00:00,,not_selected,,
NXP,MK11DA5_DFP,10.0.1,https://mcuxpresso.nxp.com/cmsis_pack/repo/NXP.MK11DA5_DFP.pdsc,,,2026-08-12T04:05:17.3114066+00:00,,not_selected,,
NXP,MK12D5_DFP,10.0.1,https://mcuxpresso.nxp.com/cmsis_pack/repo/NXP.MK12D5_DFP.pdsc,,,2026-08-12T04:05:17.3114066+00:00,,not_selected,,
NXP,MK21D5_DFP,10.0.1,https://mcuxpresso.nxp.com/cmsis_pack/repo/NXP.MK21D5_DFP.pdsc,,,2026-08-12T04:05:17.3114066+00:00,,not_selected,,
NXP,MK21DA5_DFP,10.0.1,https://mcuxpresso.nxp.com/cmsis_pack/repo/NXP.MK21DA5_DFP.pdsc,,,2026-08-12T04:05:17.3114066+00:00,,not_selected,,
NXP,MK21F12_DFP,10.0.1,https://mcuxpresso.nxp.com/cmsis_pack/repo/NXP.MK21F12_DFP.pdsc,,,2026-08-12T04:05:17.3114066+00:00,,not_selected,,
NXP,MK21FA12_DFP,10.0.1,https://mcuxpresso.nxp.com/cmsis_pack/repo/NXP.MK21FA12_DFP.pdsc,,,2026-08-12T04:05:17.3114066+00:00,,not_selected,,
NXP,MK22D5_DFP,10.0.1,https://mcuxpresso.nxp.com/cmsis_pack/repo/NXP.MK22D5_DFP.pdsc,,,2026-08-12T04:05:17.3114066+00:00,,not_selected,,
NXP,MK22F12_DFP,10.0.1,https://mcuxpresso.nxp.com/cmsis_pack/repo/NXP.MK22F12_DFP.pdsc,,,2026-08-12T04:05:17.3114066+00:00,,not_selected,,
NXP,MK22FA12_DFP,10.0.1,https://mcuxpresso.nxp.com/cmsis_pack/repo/NXP.MK22FA12_DFP.pdsc,,,2026-08-12T04:05:17.3114066+00:00,,not_selected,,
NXP,MK24F25612_DFP,10.0.1,https://mcuxpresso.nxp.com/cmsis_pack/repo/NXP.MK24F25612_DFP.pdsc,,,2026-08-12T04:05:17.3114066+00:00,,not_selected,,
NXP,MKL02Z4_DFP,10.0.1,https://mcuxpresso.nxp.com/cmsis_pack/repo/NXP.MKL02Z4_DFP.pdsc,,,2026-08-12T04:05:17.3114066+00:00,,not_selected,,
NXP,MKL03Z4_DFP,10.0.1,https://mcuxpresso.nxp.com/cmsis_pack/repo/NXP.MKL03Z4_DFP.pdsc,,,2026-08-12T04:05:17.3114066+00:00,,not_selected,,
NXP,LPC54101_DFP,12.0.1,https://mcuxpresso.nxp.com/cmsis_pack/repo/NXP.LPC54101_DFP.pdsc,,,2026-08-12T04:05:17.3114066+00:00,,not_selected,,
NXP,LPC54102_DFP,12.0.1,https://mcuxpresso.nxp.com/cmsis_pack/repo/NXP.LPC54102_DFP.pdsc,,,2026-08-12T04:05:17.3114066+00:00,,not_selected,,
NXP,LPC54113_DFP,13.0.0,https://mcuxpresso.nxp.com/cmsis_pack/repo/NXP.LPC54113_DFP.pdsc,,,2026-08-12T04:05:17.3114066+00:00,,not_selected,,
NXP,LPC54114_DFP,13.0.0,https://mcuxpresso.nxp.com/cmsis_pack/repo/NXP.LPC54114_DFP.pdsc,,,2026-08-12T04:05:17.3114066+00:00,,not_selected,,
NXP,MK24F12_DFP,14.0.0,https://mcuxpresso.nxp.com/cmsis_pack/repo/NXP.MK24F12_DFP.pdsc,,,2026-08-12T04:05:17.3114066+00:00,,not_selected,,
NXP,MK26F18_DFP,14.0.0,https://mcuxpresso.nxp.com/cmsis_pack/repo/NXP.MK26F18_DFP.pdsc,,,2026-08-12T04:05:17.3114066+00:00,,not_selected,,
NXP,MK27F15_DFP,12.0.0,https://mcuxpresso.nxp.com/cmsis_pack/repo/NXP.MK27F15_DFP.pdsc,,,2026-08-12T04:05:17.3114066+00:00,,not_selected,,
NXP,MK27FA15_DFP,13.0.0,https://mcuxpresso.nxp.com/cmsis_pack/repo/NXP.MK27FA15_DFP.pdsc,,,2026-08-12T04:05:17.3114066+00:00,,not_selected,,
NXP,MK28F15_DFP,12.0.0,https://mcuxpresso.nxp.com/cmsis_pack/repo/NXP.MK28F15_DFP.pdsc,,,2026-08-12T04:05:17.3114066+00:00,,not_selected,,
NXP,MK28FA15_DFP,13.0.0,https://mcuxpresso.nxp.com/cmsis_pack/repo/NXP.MK28FA15_DFP.pdsc,,,2026-08-12T04:05:17.3114066+00:00,,not_selected,,
NXP,MK63F12_DFP,14.0.0,https://mcuxpresso.nxp.com/cmsis_pack/repo/NXP.MK63F12_DFP.pdsc,,,2026-08-12T04:05:17.3114066+00:00,,not_selected,,
NXP,MK64F12_DFP,14.0.0,https://mcuxpresso.nxp.com/cmsis_pack/repo/NXP.MK64F12_DFP.pdsc,,,2026-08-12T04:05:17.3114066+00:00,,not_selected,,
NXP,MK65F18_DFP,14.0.0,https://mcuxpresso.nxp.com/cmsis_pack/repo/NXP.MK65F18_DFP.pdsc,,,2026-08-12T04:05:17.3114066+00:00,,not_selected,,
NXP,MK66F18_DFP,14.0.0,https://mcuxpresso.nxp.com/cmsis_pack/repo/NXP.MK66F18_DFP.pdsc,,,2026-08-12T04:05:17.3114066+00:00,,not_selected,,
NXP,MK80F25615_DFP,12.2.0,https://mcuxpresso.nxp.com/cmsis_pack/repo/NXP.MK80F25615_DFP.pdsc,,,2026-08-12T04:05:17.3114066+00:00,,not_selected,,
NXP,MK82F25615_DFP,12.2.0,https://mcuxpresso.nxp.com/cmsis_pack/repo/NXP.MK82F25615_DFP.pdsc,,,2026-08-12T04:05:17.3114066+00:00,,not_selected,,
NXP,MKE04Z1284_DFP,14.0.0,https://mcuxpresso.nxp.com/cmsis_pack/repo/NXP.MKE04Z1284_DFP.pdsc,,,2026-08-12T04:05:17.3114066+00:00,,not_selected,,
NXP,MKE04Z4_DFP,14.0.0,https://mcuxpresso.nxp.com/cmsis_pack/repo/NXP.MKE04Z4_DFP.pdsc,,,2026-08-12T04:05:17.3114066+00:00,,not_selected,,
NXP,MKE06Z4_DFP,14.0.0,https://mcuxpresso.nxp.com/cmsis_pack/repo/NXP.MKE06Z4_DFP.pdsc,,,2026-08-12T04:05:17.3114066+00:00,,not_selected,,
NXP,MKE14F16_DFP,12.2.0,https://mcuxpresso.nxp.com/cmsis_pack/repo/NXP.MKE14F16_DFP.pdsc,,,2026-08-12T04:05:17.3114066+00:00,,not_selected,,
NXP,MKE16F16_DFP,12.2.0,https://mcuxpresso.nxp.com/cmsis_pack/repo/NXP.MKE16F16_DFP.pdsc,,,2026-08-12T04:05:17.3114066+00:00,,not_selected,,
NXP,MKE18F16_DFP,12.2.0,https://mcuxpresso.nxp.com/cmsis_pack/repo/NXP.MKE18F16_DFP.pdsc,,,2026-08-12T04:05:17.3114066+00:00,,not_selected,,
NXP,MKL13Z644_DFP,12.2.0,https://mcuxpresso.nxp.com/cmsis_pack/repo/NXP.MKL13Z644_DFP.pdsc,,,2026-08-12T04:05:17.3114066+00:00,,not_selected,,
NXP,MKL17Z4_DFP,12.2.0,https://mcuxpresso.nxp.com/cmsis_pack/repo/NXP.MKL17Z4_DFP.pdsc,,,2026-08-12T04:05:17.3114066+00:00,,not_selected,,
NXP,MKL17Z644_DFP,13.0.0,https://mcuxpresso.nxp.com/cmsis_pack/repo/NXP.MKL17Z644_DFP.pdsc,,,2026-08-12T04:05:17.3114066+00:00,,not_selected,,
NXP,MKL26Z4_DFP,10.0.3,https://mcuxpresso.nxp.com/cmsis_pack/repo/NXP.MKL26Z4_DFP.pdsc,,,2026-08-12T04:05:17.3114066+00:00,,not_selected,,
NXP,MKL27Z4_DFP,12.2.0,https://mcuxpresso.nxp.com/cmsis_pack/repo/NXP.MKL27Z4_DFP.pdsc,,,2026-08-12T04:05:17.3114066+00:00,,not_selected,,
NXP,MKL27Z644_DFP,13.0.0,https://mcuxpresso.nxp.com/cmsis_pack/repo/NXP.MKL27Z644_DFP.pdsc,,,2026-08-12T04:05:17.3114066+00:00,,not_selected,,
NXP,MKL28Z7_DFP,11.0.1,https://mcuxpresso.nxp.com/cmsis_pack/repo/NXP.MKL28Z7_DFP.pdsc,,,2026-08-12T04:05:17.3114066+00:00,,not_selected,,
NXP,MKL33Z4_DFP,12.2.0,https://mcuxpresso.nxp.com/cmsis_pack/repo/NXP.MKL33Z4_DFP.pdsc,,,2026-08-12T04:05:17.3114066+00:00,,not_selected,,
NXP,MKL33Z644_DFP,12.2.0,https://mcuxpresso.nxp.com/cmsis_pack/repo/NXP.MKL33Z644_DFP.pdsc,,,2026-08-12T04:05:17.3114066+00:00,,not_selected,,
NXP,MKL34Z4_DFP,10.0.3,https://mcuxpresso.nxp.com/cmsis_pack/repo/NXP.MKL34Z4_DFP.pdsc,,,2026-08-12T04:05:17.3114066+00:00,,not_selected,,
NXP,MKL36Z4_DFP,10.0.3,https://mcuxpresso.nxp.com/cmsis_pack/repo/NXP.MKL36Z4_DFP.pdsc,,,2026-08-12T04:05:17.3114066+00:00,,not_selected,,
NXP,MKL43Z4_DFP,12.2.0,https://mcuxpresso.nxp.com/cmsis_pack/repo/NXP.MKL43Z4_DFP.pdsc,,,2026-08-12T04:05:17.3114066+00:00,,not_selected,,
NXP,MKL46Z4_DFP,10.0.3,https://mcuxpresso.nxp.com/cmsis_pack/repo/NXP.MKL46Z4_DFP.pdsc,,,2026-08-12T04:05:17.3114066+00:00,,not_selected,,
NXP,MKL82Z7_DFP,11.0.1,https://mcuxpresso.nxp.com/cmsis_pack/repo/NXP.MKL82Z7_DFP.pdsc,,,2026-08-12T04:05:17.3114066+00:00,,not_selected,,
NXP,MKS20F12_DFP,10.0.3,https://mcuxpresso.nxp.com/cmsis_pack/repo/NXP.MKS20F12_DFP.pdsc,,,2026-08-12T04:05:17.3114066+00:00,,not_selected,,
NXP,MKS22F12_DFP,10.0.3,https://mcuxpresso.nxp.com/cmsis_pack/repo/NXP.MKS22F12_DFP.pdsc,,,2026-08-12T04:05:17.3114066+00:00,,not_selected,,
NXP,MKV42F16_DFP,12.2.0,https://mcuxpresso.nxp.com/cmsis_pack/repo/NXP.MKV42F16_DFP.pdsc,,,2026-08-12T04:05:17.3114066+00:00,,not_selected,,
NXP,MKV44F16_DFP,12.2.0,https://mcuxpresso.nxp.com/cmsis_pack/repo/NXP.MKV44F16_DFP.pdsc,,,2026-08-12T04:05:17.3114066+00:00,,not_selected,,
NXP,MKV46F16_DFP,12.2.0,https://mcuxpresso.nxp.com/cmsis_pack/repo/NXP.MKV46F16_DFP.pdsc,,,2026-08-12T04:05:17.3114066+00:00,,not_selected,,
NXP,MKV56F24_DFP,12.2.0,https://mcuxpresso.nxp.com/cmsis_pack/repo/NXP.MKV56F24_DFP.pdsc,,,2026-08-12T04:05:17.3114066+00:00,,not_selected,,
NXP,MKV58F24_DFP,12.2.0,https://mcuxpresso.nxp.com/cmsis_pack/repo/NXP.MKV58F24_DFP.pdsc,,,2026-08-12T04:05:17.3114066+00:00,,not_selected,,
NXP,LPC8N04_DFP,12.2.0,https://mcuxpresso.nxp.com/cmsis_pack/repo/NXP.LPC8N04_DFP.pdsc,,,2026-08-12T04:05:17.3114066+00:00,,not_selected,,
NXP,MIMXRT1062X_DFP,14.0.0,https://mcuxpresso.nxp.com/cmsis_pack/repo/NXP.MIMXRT1062X_DFP.pdsc,,,2026-08-12T04:05:17.3114066+00:00,,not_selected,,
NXP,MIMXRT1061X_DFP,14.0.0,https://mcuxpresso.nxp.com/cmsis_pack/repo/NXP.MIMXRT1061X_DFP.pdsc,,,2026-08-12T04:05:17.3114066+00:00,,not_selected,,
SILAN,SC32F5632_DFP,1.1.1,https://github.com/Silanpack/Pack/raw/main/SILAN.SC32F5632_DFP.pdsc,,,2026-08-12T04:05:17.3114066+00:00,,not_selected,,
SILAN,SC32F58xx_DFP,1.4.0,https://github.com/Silanpack/Pack/raw/main/SILAN.SC32F58xx_DFP.pdsc,,,2026-08-12T04:05:17.3114066+00:00,,not_selected,,
SILAN,SPC7L64A_DFP,1.1.1,https://github.com/Silanpack/Pack/raw/main/SILAN.SPC7L64A_DFP.pdsc,,,2026-08-12T04:05:17.3114066+00:00,,not_selected,,
SONiX,SN32F7_DFP,1.5.7,https://liveupdate.sonix.com.tw/sonix/develop_tool/MCU/DFP/SONiX.SN32F7_DFP.pdsc,,,2026-08-12T04:05:17.3114066+00:00,,not_selected,,
SONiX,SN32F2_DFP,1.3.6,https://liveupdate.sonix.com.tw/sonix/develop_tool/MCU/DFP/SONiX.SN32F2_DFP.pdsc,,,2026-08-12T04:05:17.3114066+00:00,,not_selected,,
SONiX,SN32F8_DFP,1.0.1,https://liveupdate.sonix.com.tw/sonix/develop_tool/MCU/DFP/SONiX.SN32F8_DFP.pdsc,,,2026-08-12T04:05:17.3114066+00:00,,not_selected,,
SONiX,SN32F1_DFP,1.1.2,https://liveupdate.sonix.com.tw/sonix/develop_tool/MCU/DFP/SONiX.SN32F1_DFP.pdsc,,,2026-08-12T04:05:17.3114066+00:00,,not_selected,,
TexasInstruments,MSP432P4xx_DFP,3.2.6,https://software-dl.ti.com/msp430/msp430_public_sw/mcu/msp430/msp432cmsis/latest/exports/TexasInstruments.MSP432P4xx_DFP.pdsc,,,2026-08-12T04:05:17.3114066+00:00,,not_selected,,
TexasInstruments,MSP432E4_DFP,3.2.6,https://software-dl.ti.com/msp430/msp430_public_sw/mcu/msp430/msp432cmsis/latest/exports/TexasInstruments.MSP432E4_DFP.pdsc,,,2026-08-12T04:05:17.3114066+00:00,,not_selected,,
Toshiba,TXZ4Aplus-M4G1_DFP,1.0.1,https://toshiba.semicon-storage.com/content/dam/toshiba-ss/shared/docs/product/micro/device-family-Pack/Toshiba.TXZ4Aplus-M4G1_DFP.pdsc,,,2026-08-12T04:05:17.3114066+00:00,,not_selected,,
Toshiba,TXZ4Aplus-M4N1_DFP,1.0.1,https://toshiba.semicon-storage.com/content/dam/toshiba-ss/shared/docs/product/micro/device-family-Pack/Toshiba.TXZ4Aplus-M4N1_DFP.pdsc,,,2026-08-12T04:05:17.3114066+00:00,,not_selected,,
Toshiba,TX03-M3U_DFP,1.0.0,https://toshiba.semicon-storage.com/content/dam/toshiba-ss/shared/docs/product/micro/device-family-Pack/Toshiba.TX03-M3U_DFP.pdsc,,,2026-08-12T04:05:17.3114066+00:00,,not_selected,,
Toshiba,TX03-M3V_DFP,1.0.0,https://toshiba.semicon-storage.com/content/dam/toshiba-ss/shared/docs/product/micro/device-family-Pack/Toshiba.TX03-M3V_DFP.pdsc,,,2026-08-12T04:05:17.3114066+00:00,,not_selected,,
Toshiba,TXZ4-M4K2_DFP,1.0.1,https://toshiba.semicon-storage.com/content/dam/toshiba-ss/shared/docs/product/micro/device-family-Pack/Toshiba.TXZ4-M4K2_DFP.pdsc,,,2026-08-12T04:05:17.3114066+00:00,,not_selected,,
Toshiba,TXZ4-M4L1_DFP,1.0.0,https://toshiba.semicon-storage.com/content/dam/toshiba-ss/shared/docs/product/micro/device-family-Pack/Toshiba.TXZ4-M4L1_DFP.pdsc,,,2026-08-12T04:05:17.3114066+00:00,,not_selected,,
Toshiba,TX03-M344_DFP,1.0.0,https://toshiba.semicon-storage.com/content/dam/toshiba-ss/shared/docs/product/micro/device-family-Pack/Toshiba.TX03-M344_DFP.pdsc,,,2026-08-12T04:05:17.3114066+00:00,,not_selected,,
Toshiba,TXZ4-M4K1_DFP,1.0.0,https://toshiba.semicon-storage.com/content/dam/toshiba-ss/shared/docs/product/micro/device-family-Pack/Toshiba.TXZ4-M4K1_DFP.pdsc,,,2026-08-12T04:05:17.3114066+00:00,,not_selected,,
Toshiba,TXZ4-M4G_DFP,1.0.1,https://toshiba.semicon-storage.com/content/dam/toshiba-ss/shared/docs/product/micro/device-family-Pack/Toshiba.TXZ4-M4G_DFP.pdsc,,,2026-08-12T04:05:17.3114066+00:00,,not_selected,,
FMSH,FM33LC0XX_DFP,3.0.4,https://fmdevelopers.oss-cn-shanghai.aliyuncs.com/FMSH.FM33LC0XX_DFP.pdsc,,,2026-08-12T04:05:17.3114066+00:00,,not_selected,,
FMSH,FM33LG0XX_DFP,3.0.1,https://fmdevelopers.oss-cn-shanghai.aliyuncs.com/FMSH.FM33LG0XX_DFP.pdsc,,,2026-08-12T04:05:17.3114066+00:00,,not_selected,,
FMSH,FM33FR0XX_DFP,1.0.1,https://fmdevelopers.oss-cn-shanghai.aliyuncs.com/FMSH.FM33FR0XX_DFP.pdsc,,,2026-08-12T04:05:17.3114066+00:00,,not_selected,,
FMSH,FM33LE0XX_DFP,1.0.1,https://fmdevelopers.oss-cn-shanghai.aliyuncs.com/FMSH.FM33LE0XX_DFP.pdsc,,,2026-08-12T04:05:17.3114066+00:00,,not_selected,,
Keil,LM4F_DFP,1.0.0,https://www.keil.com/pack/Keil.LM4F_DFP.pdsc,,,2026-08-12T04:05:17.3114066+00:00,,not_selected,,
Keil,TM4C_DFP,1.1.0,https://www.keil.com/pack/Keil.TM4C_DFP.pdsc,,,2026-08-12T04:05:17.3114066+00:00,,not_selected,,
Keil,Kinetis_KVxx_DFP,1.8.0,https://www.keil.com/pack/Keil.Kinetis_KVxx_DFP.pdsc,,,2026-08-12T04:05:17.3114066+00:00,,not_selected,,
Keil,STBlueNRG-LP_DFP,3.0.0,https://www.keil.com/pack/Keil.STBlueNRG-LP_DFP.pdsc,,,2026-08-12T04:05:17.3114066+00:00,,not_selected,,
Keil,Kinetis_K32W_DFP,1.2.0,https://www.keil.com/pack/Keil.Kinetis_K32W_DFP.pdsc,,,2026-08-12T04:05:17.3114066+00:00,,not_selected,,
Keil,VE_CAx_DFP,1.0.0,https://www.keil.com/pack/Keil.VE_CAx_DFP.pdsc,,,2026-08-12T04:05:17.3114066+00:00,,not_selected,,
Keil,RZ_DFP,1.2.1,https://www.keil.com/pack/Keil.RZ_DFP.pdsc,,,2026-08-12T04:05:17.3114066+00:00,,not_selected,,
Keil,iMX6_DFP,1.5.2,https://www.keil.com/pack/Keil.iMX6_DFP.pdsc,,,2026-08-12T04:05:17.3114066+00:00,,not_selected,,
Keil,iMX7D_DFP,1.7.8,https://www.keil.com/pack/Keil.iMX7D_DFP.pdsc,,,2026-08-12T04:05:17.3114066+00:00,,not_selected,,
Keil,FM4_DFP,1.6.0,https://www.keil.com/pack/Keil.FM4_DFP.pdsc,,,2026-08-12T04:05:17.3114066+00:00,,not_selected,,
NXP,MKV10Z1287_DFP,16.0.0,https://mcuxpresso.nxp.com/cmsis_pack/repo/NXP.MKV10Z1287_DFP.pdsc,,,2026-08-12T04:05:17.3114066+00:00,,not_selected,,
NXP,MKV11Z7_DFP,16.0.0,https://mcuxpresso.nxp.com/cmsis_pack/repo/NXP.MKV11Z7_DFP.pdsc,,,2026-08-12T04:05:17.3114066+00:00,,not_selected,,
NXP,MKV30F12810_DFP,16.0.0,https://mcuxpresso.nxp.com/cmsis_pack/repo/NXP.MKV30F12810_DFP.pdsc,,,2026-08-12T04:05:17.3114066+00:00,,not_selected,,
NXP,MKV31F12810_DFP,16.0.0,https://mcuxpresso.nxp.com/cmsis_pack/repo/NXP.MKV31F12810_DFP.pdsc,,,2026-08-12T04:05:17.3114066+00:00,,not_selected,,
NXP,MKV31F25612_DFP,16.0.0,https://mcuxpresso.nxp.com/cmsis_pack/repo/NXP.MKV31F25612_DFP.pdsc,,,2026-08-12T04:05:17.3114066+00:00,,not_selected,,
NXP,MKV31F51212_DFP,16.0.0,https://mcuxpresso.nxp.com/cmsis_pack/repo/NXP.MKV31F51212_DFP.pdsc,,,2026-08-12T04:05:17.3114066+00:00,,not_selected,,
NXP,MKV10Z7_DFP,16.0.0,https://mcuxpresso.nxp.com/cmsis_pack/repo/NXP.MKV10Z7_DFP.pdsc,,,2026-08-12T04:05:17.3114066+00:00,,not_selected,,
ELAN,eKTF7020_DFP,1.0.1,https://www.emc.com.tw/emc/tw/Product/Product/SupportTools/MCU/PACK/ELAN.eKTF7020_DFP.pdsc,,,2026-08-12T04:05:17.3114066+00:00,,not_selected,,
Keil,LPC4000_DFP,2.2.2,https://www.keil.com/pack/Keil.LPC4000_DFP.pdsc,,,2026-08-12T04:05:17.3114066+00:00,,not_selected,,
Keil,STM32F1xx_DFP,2.4.1,https://www.keil.com/pack/Keil.STM32F1xx_DFP.pdsc,,,2026-08-12T04:05:17.3114066+00:00,yes,ok,95,
Microchip,SAML11_DFP,4.5.268,https://packs.download.microchip.com/Microchip.SAML11_DFP.pdsc,,,2026-08-12T04:05:17.3114066+00:00,,not_selected,,
SiliconLabs,BGM1_DFP,5.8.10,https://www.silabs.com/documents/public/cmsis-packs/SiliconLabs.BGM1_DFP.pdsc,2019-11-12,SiliconLabs.GeckoPlatform_BGM1_DFP,2026-08-12T04:05:17.3114066+00:00,,not_selected,,
SiliconLabs,BGM13_DFP,5.8.10,https://www.silabs.com/documents/public/cmsis-packs/SiliconLabs.BGM13_DFP.pdsc,2019-11-12,SiliconLabs.GeckoPlatform_BGM13_DFP,2026-08-12T04:05:17.3114066+00:00,,not_selected,,
ARM,Musca-S1_DFP,1.2.2,https://www.keil.com/pack/ARM.Musca-S1_DFP.pdsc,2023-07-07,,2026-08-12T04:05:17.3114066+00:00,,not_selected,,
Keil,STM32MP1xx_DFP,1.3.1,https://www.keil.com/pack/Keil.STM32MP1xx_DFP.pdsc,2023-07-26,,2026-08-12T04:05:17.3114066+00:00,,not_selected,,
Keil,ZEUS_DFP,1.0.2,https://www.keil.com/pack/Keil.ZEUS_DFP.pdsc,2023-09-03,,2026-08-12T04:05:17.3114066+00:00,,not_selected,,
Keil,R-IN32M4_DFP,1.0.2,https://www.keil.com/pack/Keil.R-IN32M4_DFP.pdsc,2023-09-03,,2026-08-12T04:05:17.3114066+00:00,,not_selected,,
Keil,R-IN32M3_DFP,1.3.1,https://www.keil.com/pack/Keil.R-IN32M3_DFP.pdsc,2023-09-03,,2026-08-12T04:05:17.3114066+00:00,,not_selected,,
Keil,STBlueNRG_DFP,1.1.2,https://www.keil.com/pack/Keil.STBlueNRG_DFP.pdsc,2016-11-29,Keil.STBlueNRG-1_DFP,2026-08-12T04:05:17.3114066+00:00,,not_selected,,
Keil,STBlueNRG-1_DFP,1.2.1,https://www.keil.com/pack/Keil.STBlueNRG-1_DFP.pdsc,2023-09-03,,2026-08-12T04:05:17.3114066+00:00,,not_selected,,
Keil,Kinetis_K00_DFP,1.1.1,https://www.keil.com/pack/Keil.Kinetis_K00_DFP.pdsc,2023-09-03,,2026-08-12T04:05:17.3114066+00:00,,not_selected,,
Keil,Kinetis_K30_DFP,1.1.1,https://www.keil.com/pack/Keil.Kinetis_K30_DFP.pdsc,2023-09-03,,2026-08-12T04:05:17.3114066+00:00,,not_selected,,
Keil,Kinetis_K10_DFP,1.3.1,https://www.keil.com/pack/Keil.Kinetis_K10_DFP.pdsc,2023-09-03,,2026-08-12T04:05:17.3114066+00:00,,not_selected,,
Keil,Kinetis_K20_DFP,1.7.1,https://www.keil.com/pack/Keil.Kinetis_K20_DFP.pdsc,2023-09-03,,2026-08-12T04:05:17.3114066+00:00,,not_selected,,
Keil,Kinetis_K40_DFP,1.1.1,https://www.keil.com/pack/Keil.Kinetis_K40_DFP.pdsc,2023-09-03,,2026-08-12T04:05:17.3114066+00:00,,not_selected,,
Keil,Kinetis_K50_DFP,1.2.1,https://www.keil.com/pack/Keil.Kinetis_K50_DFP.pdsc,2023-09-03,,2026-08-12T04:05:17.3114066+00:00,,not_selected,,
Keil,Kinetis_K70_DFP,1.1.1,https://www.keil.com/pack/Keil.Kinetis_K70_DFP.pdsc,2023-09-03,,2026-08-12T04:05:17.3114066+00:00,,not_selected,,
Keil,Kinetis_K80_DFP,1.1.2,https://www.keil.com/pack/Keil.Kinetis_K80_DFP.pdsc,2023-09-03,,2026-08-12T04:05:17.3114066+00:00,,not_selected,,
Keil,Kinetis_K60_DFP,1.5.1,https://www.keil.com/pack/Keil.Kinetis_K60_DFP.pdsc,2023-09-03,,2026-08-12T04:05:17.3114066+00:00,,not_selected,,
Keil,Kinetis_KEAxx_DFP,1.3.1,https://www.keil.com/pack/Keil.Kinetis_KEAxx_DFP.pdsc,2023-09-03,,2026-08-12T04:05:17.3114066+00:00,,not_selected,,
Keil,Kinetis_KExx_DFP,1.8.3,https://www.keil.com/pack/Keil.Kinetis_KExx_DFP.pdsc,2017-11-20,,2026-08-12T04:05:17.3114066+00:00,,not_selected,,
Keil,Kinetis_KLxx_DFP,1.15.1,https://www.keil.com/pack/Keil.Kinetis_KLxx_DFP.pdsc,2023-09-03,,2026-08-12T04:05:17.3114066+00:00,,not_selected,,
Keil,Kinetis_KWPR1516_DFP,1.2.1,https://www.keil.com/pack/Keil.Kinetis_KWPR1516_DFP.pdsc,2023-09-03,,2026-08-12T04:05:17.3114066+00:00,,not_selected,,
Keil,Kinetis_KSxx_DFP,1.2.2,https://www.keil.com/pack/Keil.Kinetis_KSxx_DFP.pdsc,2017-11-20,,2026-08-12T04:05:17.3114066+00:00,,not_selected,,
Keil,Kinetis_KMxx_DFP,1.4.0,https://www.keil.com/pack/Keil.Kinetis_KMxx_DFP.pdsc,2023-09-03,,2026-08-12T04:05:17.3114066+00:00,,not_selected,,
Keil,Kinetis_KWxx_DFP,1.9.1,https://www.keil.com/pack/Keil.Kinetis_KWxx_DFP.pdsc,2023-09-03,,2026-08-12T04:05:17.3114066+00:00,,not_selected,,
Keil,FM0plus_DFP,1.2.1,https://www.keil.com/pack/Keil.FM0plus_DFP.pdsc,2023-09-04,,2026-08-12T04:05:17.3114066+00:00,,not_selected,,
Keil,FM3Basic_DFP,1.1.1,https://www.keil.com/pack/Keil.FM3Basic_DFP.pdsc,2023-09-04,,2026-08-12T04:05:17.3114066+00:00,,not_selected,,
Keil,FM3HighPerformance_DFP,1.2.1,https://www.keil.com/pack/Keil.FM3HighPerformance_DFP.pdsc,2023-09-04,,2026-08-12T04:05:17.3114066+00:00,,not_selected,,
Keil,FM3LowPower_DFP,1.1.1,https://www.keil.com/pack/Keil.FM3LowPower_DFP.pdsc,2023-09-04,,2026-08-12T04:05:17.3114066+00:00,,not_selected,,
Keil,FM3UltraLowLeak_DFP,1.1.1,https://www.keil.com/pack/Keil.FM3UltraLowLeak_DFP.pdsc,2023-09-04,,2026-08-12T04:05:17.3114066+00:00,,not_selected,,
Keil,SN32F2_DFP,1.0.2,https://www.keil.com/pack/Keil.SN32F2_DFP.pdsc,2023-09-04,,2026-08-12T04:05:17.3114066+00:00,,not_selected,,
Keil,SN32F7_DFP,1.0.2,https://www.keil.com/pack/Keil.SN32F7_DFP.pdsc,2023-09-04,,2026-08-12T04:05:17.3114066+00:00,,not_selected,,
Keil,TMPM0_DFP,1.3.1,https://www.keil.com/pack/Keil.TMPM0_DFP.pdsc,2023-09-04,,2026-08-12T04:05:17.3114066+00:00,,not_selected,,
Keil,TMPM4_DFP,1.2.1,https://www.keil.com/pack/Keil.TMPM4_DFP.pdsc,2023-09-04,,2026-08-12T04:05:17.3114066+00:00,,not_selected,,
Keil,TMPM3_DFP,1.4.1,https://www.keil.com/pack/Keil.TMPM3_DFP.pdsc,2023-09-04,,2026-08-12T04:05:17.3114066+00:00,,not_selected,,
Keil,LPC1200_DFP,1.0.2,https://www.keil.com/pack/Keil.LPC1200_DFP.pdsc,2023-09-03,,2026-08-12T04:05:17.3114066+00:00,,not_selected,,
Keil,EFM32GGxxx_DFP,2.6.0,https://www.keil.com/pack/Keil.EFM32GGxxx_DFP.pdsc,2018-01-15,SiliconLabs.EFM32GG_DFP,2026-08-12T04:05:17.3114066+00:00,,not_selected,,
Keil,EFM32Gxxx_DFP,1.4.0,https://www.keil.com/pack/Keil.EFM32Gxxx_DFP.pdsc,2018-01-15,SiliconLabs.EFM32G_DFP,2026-08-12T04:05:17.3114066+00:00,,not_selected,,
Keil,EFM32HGxxx_DFP,1.4.0,https://www.keil.com/pack/Keil.EFM32HGxxx_DFP.pdsc,2018-01-15,SiliconLabs.EFM32HG_DFP,2026-08-12T04:05:17.3114066+00:00,,not_selected,,
Keil,EFM32JG1B_DFP,1.2.0,https://www.keil.com/pack/Keil.EFM32JG1B_DFP.pdsc,2018-01-15,SiliconLabs.EFM32JG1B_DFP,2026-08-12T04:05:17.3114066+00:00,,not_selected,,
Keil,EFM32JG12B_DFP,1.1.0,https://www.keil.com/pack/Keil.EFM32JG12B_DFP.pdsc,2018-01-15,SiliconLabs.EFM32JG12B_DFP,2026-08-12T04:05:17.3114066+00:00,,not_selected,,
Keil,EFM32LGxxx_DFP,1.6.0,https://www.keil.com/pack/Keil.EFM32LGxxx_DFP.pdsc,2018-01-15,SiliconLabs.EFM32LG_DFP,2026-08-12T04:05:17.3114066+00:00,,not_selected,,
Keil,EFM32PG1B_DFP,1.2.0,https://www.keil.com/pack/Keil.EFM32PG1B_DFP.pdsc,2018-01-15,SiliconLabs.EFM32PG1B_DFP,2026-08-12T04:05:17.3114066+00:00,,not_selected,,
Keil,EFM32PG12B_DFP,1.1.0,https://www.keil.com/pack/Keil.EFM32PG12B_DFP.pdsc,2018-01-15,SiliconLabs.EFM32PG12B_DFP,2026-08-12T04:05:17.3114066+00:00,,not_selected,,
Keil,EFM32TGxxx_DFP,1.4.0,https://www.keil.com/pack/Keil.EFM32TGxxx_DFP.pdsc,2018-01-15,SiliconLabs.EFM32TG_DFP,2026-08-12T04:05:17.3114066+00:00,,not_selected,,
Keil,EFM32ZGxxx_DFP,1.4.0,https://www.keil.com/pack/Keil.EFM32ZGxxx_DFP.pdsc,2018-01-15,SiliconLabs.EFM32ZG_DFP,2026-08-12T04:05:17.3114066+00:00,,not_selected,,
Keil,EFR32BG1P_DFP,1.1.0,https://www.keil.com/pack/Keil.EFR32BG1P_DFP.pdsc,,,2026-08-12T04:05:17.3114066+00:00,,not_selected,,
Keil,EFR32BG12P_DFP,1.0.1,https://www.keil.com/pack/Keil.EFR32BG12P_DFP.pdsc,2023-09-04,,2026-08-12T04:05:17.3114066+00:00,,not_selected,,
Keil,EFR32FG12P_DFP,1.0.1,https://www.keil.com/pack/Keil.EFR32FG12P_DFP.pdsc,2023-09-04,,2026-08-12T04:05:17.3114066+00:00,,not_selected,,
Keil,EFR32MG12P_DFP,1.0.1,https://www.keil.com/pack/Keil.EFR32MG12P_DFP.pdsc,2023-09-04,,2026-08-12T04:05:17.3114066+00:00,,not_selected,,
Keil,EZR32HG_DFP,1.2.0,https://www.keil.com/pack/Keil.EZR32HG_DFP.pdsc,2018-01-15,SiliconLabs.EZR32HG_DFP,2026-08-12T04:05:17.3114066+00:00,,not_selected,,
Keil,EZR32WG_DFP,1.3.0,https://www.keil.com/pack/Keil.EZR32WG_DFP.pdsc,2018-01-15,SiliconLabs.EZR32WG_DFP,2026-08-12T04:05:17.3114066+00:00,,not_selected,,
Keil,EZR32LG_DFP,1.3.0,https://www.keil.com/pack/Keil.EZR32LG_DFP.pdsc,2018-01-15,SiliconLabs.EZR32LG_DFP,2026-08-12T04:05:17.3114066+00:00,,not_selected,,
Keil,SAM3_DFP,1.2.3,https://www.keil.com/pack/Keil.SAM3_DFP.pdsc,2018-09-25,,2026-08-12T04:05:17.3114066+00:00,,not_selected,,
Keil,SAM-C_DFP,1.4.3,https://www.keil.com/pack/Keil.SAM-C_DFP.pdsc,2020-10-21,,2026-08-12T04:05:17.3114066+00:00,,not_selected,,
Keil,EFM32WGxxx_DFP,1.5.0,https://www.keil.com/pack/Keil.EFM32WGxxx_DFP.pdsc,2018-01-15,SiliconLabs.EFM32WG_DFP,2026-08-12T04:05:17.3114066+00:00,,not_selected,,
Keil,SAMD09_DFP,1.0.3,https://www.keil.com/pack/Keil.SAMD09_DFP.pdsc,2020-10-21,,2026-08-12T04:05:17.3114066+00:00,,not_selected,,
Keil,SAMD10_DFP,1.1.3,https://www.keil.com/pack/Keil.SAMD10_DFP.pdsc,2020-10-21,,2026-08-12T04:05:17.3114066+00:00,,not_selected,,
Keil,SAMD51_DFP,1.0.4,https://www.keil.com/pack/Keil.SAMD51_DFP.pdsc,2020-10-21,,2026-08-12T04:05:17.3114066+00:00,,not_selected,,
Keil,SAMD20_DFP,1.1.3,https://www.keil.com/pack/Keil.SAMD20_DFP.pdsc,2020-10-21,,2026-08-12T04:05:17.3114066+00:00,,not_selected,,
Keil,SAMDA0_DFP,1.0.3,https://www.keil.com/pack/Keil.SAMDA0_DFP.pdsc,2020-10-21,,2026-08-12T04:05:17.3114066+00:00,,not_selected,,
Keil,SAMD21_DFP,1.3.2,https://www.keil.com/pack/Keil.SAMD21_DFP.pdsc,2020-10-21,,2026-08-12T04:05:17.3114066+00:00,,not_selected,,
Keil,SAMDA1_DFP,1.1.3,https://www.keil.com/pack/Keil.SAMDA1_DFP.pdsc,2020-10-21,,2026-08-12T04:05:17.3114066+00:00,,not_selected,,
Keil,SAM-E_DFP,2.1.4,https://www.keil.com/pack/Keil.SAM-E_DFP.pdsc,2019-06-07,Atmel.SAME70_DFP,2026-08-12T04:05:17.3114066+00:00,,not_selected,,
Keil,SAME51_DFP,1.0.3,https://www.keil.com/pack/Keil.SAME51_DFP.pdsc,2018-09-24,Atmel.SAME51_DFP,2026-08-12T04:05:17.3114066+00:00,,not_selected,,
Keil,SAME53_DFP,1.0.3,https://www.keil.com/pack/Keil.SAME53_DFP.pdsc,2018-09-24,Atmel.SAME53_DFP,2026-08-12T04:05:17.3114066+00:00,,not_selected,,
Keil,SAME54_DFP,1.0.4,https://www.keil.com/pack/Keil.SAME54_DFP.pdsc,2018-09-24,Atmel.SAME54_DFP,2026-08-12T04:05:17.3114066+00:00,,not_selected,,
Keil,SAMG_DFP,1.2.2,https://www.keil.com/pack/Keil.SAMG_DFP.pdsc,2020-10-21,,2026-08-12T04:05:17.3114066+00:00,,not_selected,,
Keil,SAM-L_DFP,1.2.3,https://www.keil.com/pack/Keil.SAM-L_DFP.pdsc,2020-10-21,,2026-08-12T04:05:17.3114066+00:00,,not_selected,,
Keil,SAML10_DFP,1.0.135,https://www.keil.com/pack/Keil.SAML10_DFP.pdsc,2020-10-21,,2026-08-12T04:05:17.3114066+00:00,,not_selected,,
Keil,SAMR21_DFP,1.1.3,https://www.keil.com/pack/Keil.SAMR21_DFP.pdsc,2018-09-24,Atmel.SAMR21_DFP,2026-08-12T04:05:17.3114066+00:00,,not_selected,,
Keil,SAM-S_DFP,2.1.5,https://www.keil.com/pack/Keil.SAM-S_DFP.pdsc,2019-06-07,Atmel.SAMS70_DFP,2026-08-12T04:05:17.3114066+00:00,,not_selected,,
Keil,SAM-V_DFP,2.4.3,https://www.keil.com/pack/Keil.SAM-V_DFP.pdsc,2019-06-07,Atmel.SAMV70_DFP,2026-08-12T04:05:17.3114066+00:00,,not_selected,,
Keil,SAML11_DFP,1.0.84,https://www.keil.com/pack/Keil.SAML11_DFP.pdsc,2023-09-04,,2026-08-12T04:05:17.3114066+00:00,,not_selected,,
Keil,SAMHA1_DFP,1.1.3,https://www.keil.com/pack/Keil.SAMHA1_DFP.pdsc,2020-10-21,,2026-08-12T04:05:17.3114066+00:00,,not_selected,,
Keil,SAMD11_DFP,1.1.3,https://www.keil.com/pack/Keil.SAMD11_DFP.pdsc,2020-10-21,,2026-08-12T04:05:17.3114066+00:00,,not_selected,,
Keil,LPC1300_DFP,1.1.1,https://www.keil.com/pack/Keil.LPC1300_DFP.pdsc,2023-09-04,,2026-08-12T04:05:17.3114066+00:00,,not_selected,,
Keil,LPC1500_DFP,1.2.2,https://www.keil.com/pack/Keil.LPC1500_DFP.pdsc,2023-09-04,,2026-08-12T04:05:17.3114066+00:00,,not_selected,,
Keil,LPC1100_DFP,1.4.1,https://www.keil.com/pack/Keil.LPC1100_DFP.pdsc,2023-09-04,,2026-08-12T04:05:17.3114066+00:00,,not_selected,,
Keil,LPC800_DFP,1.10.2,https://www.keil.com/pack/Keil.LPC800_DFP.pdsc,2018-07-30,Keil.LPC8N04_DFP,2026-08-12T04:05:17.3114066+00:00,,not_selected,,
Keil,LPC1800_DFP,2.11.1,https://www.keil.com/pack/Keil.LPC1800_DFP.pdsc,2023-09-04,,2026-08-12T04:05:17.3114066+00:00,,not_selected,,
Keil,LPC8N04_DFP,1.0.1,https://www.keil.com/pack/Keil.LPC8N04_DFP.pdsc,2023-09-04,,2026-08-12T04:05:17.3114066+00:00,,not_selected,,
Keil,LPC4300_DFP,2.10.2,https://www.keil.com/pack/Keil.LPC4300_DFP.pdsc,2023-09-04,,2026-08-12T04:05:17.3114066+00:00,,not_selected,,
Himax,WE2_DFP,1.0.0,https://github.com/HimaxWiseEyePlus/cmsis-packs/raw/main/WE2_DFP/Himax.WE2_DFP.pdsc,,,2026-08-12T04:05:17.3114066+00:00,,not_selected,,
Puya,PY32F3xx_DFP,1.0.0,https://www.puyasemi.com/uploadfiles/Puya.PY32F3xx_DFP.pdsc,,,2026-08-12T04:05:17.3114066+00:00,,not_selected,,
Keil,TXZ3_DFP,1.2.1,https://www.keil.com/pack/Keil.TXZ3_DFP.pdsc,2023-09-22,,2026-08-12T04:05:17.3114066+00:00,,not_selected,,
TexasInstruments,MSPM0G_DFP,1.2.1,https://software-dl.ti.com/msp430/esd/MSPM0-CMSIS/MSPM0G/latest/exports/TexasInstruments.MSPM0G_DFP.pdsc,2023-10-04,TexasInstruments.MSPM0G1X0X_G3X0X_DFP,2026-08-12T04:05:17.3114066+00:00,,not_selected,,
TexasInstruments,MSPM0L_DFP,1.2.1,https://software-dl.ti.com/msp430/esd/MSPM0-CMSIS/MSPM0L/latest/exports/TexasInstruments.MSPM0L_DFP.pdsc,2023-10-04,TexasInstruments.MSPM0L11XX_L13XX_DFP,2026-08-12T04:05:17.3114066+00:00,,not_selected,,
Microchip,PIC32CM-LS_DFP,1.3.278,https://packs.download.microchip.com/Microchip.PIC32CM-LS_DFP.pdsc,,,2026-08-12T04:05:17.3114066+00:00,,not_selected,,
Infineon,TLE985x_DFP,1.2.0,https://itools.infineon.com/cmsis_packs/TLE985x/Infineon.TLE985x_DFP.pdsc,,,2026-08-12T04:05:17.3114066+00:00,,not_selected,,
Geehy,APM32A4xx_DFP,1.0.1,https://www.geehy.com/uploads/tool/Geehy.APM32A4xx_DFP.pdsc,,,2026-08-12T04:05:17.3114066+00:00,,not_selected,,
YTMicro,YTM32Z1MC0_DFP,1.0.1,https://doc.ytmicro.com/keil/YTMicro.YTM32Z1MC0_DFP.pdsc,,,2026-08-12T04:05:17.3114066+00:00,,not_selected,,
Geehy,APM32A10x_DFP,1.0.0,https://www.geehy.com/uploads/tool/Geehy.APM32A10x_DFP.pdsc,,,2026-08-12T04:05:17.3114066+00:00,,not_selected,,
Geehy,APM32A0xx_DFP,1.0.0,https://www.geehy.com/uploads/tool/Geehy.APM32A0xx_DFP.pdsc,,,2026-08-12T04:05:17.3114066+00:00,,not_selected,,
Holtek,HT32F493x5_DFP,1.0.6,https://mcu.holtek.com.tw/pack/Holtek.HT32F493x5_DFP.pdsc,,,2026-08-12T04:05:17.3114066+00:00,,not_selected,,
Keil,LPC1700_DFP,2.7.2,https://www.keil.com/pack/Keil.LPC1700_DFP.pdsc,2024-02-09,,2026-08-12T04:05:17.3114066+00:00,,not_selected,,
Keil,LM3S_DFP,1.1.1,https://www.keil.com/pack/Keil.LM3S_DFP.pdsc,2024-02-09,,2026-08-12T04:05:17.3114066+00:00,,not_selected,,
AnalogDevices,ADuCM320_DFP,1.1.1,https://download.analog.com/tools/EZBoards/ADuCM32x/Releases/AnalogDevices.ADuCM320_DFP.pdsc,,,2026-08-12T04:05:17.3114066+00:00,,not_selected,,
Zilog,ZNEO32_DFP,1.0.4,https://www.ixys.com/Zilog/packs/Zilog.ZNEO32_DFP.pdsc,,,2026-08-12T04:05:17.3114066+00:00,,not_selected,,
Keil,S32K3xx_DFP,1.0.1,https://www.keil.com/pack/Keil.S32K3xx_DFP.pdsc,2024-02-12,,2026-08-12T04:05:17.3114066+00:00,,not_selected,,
Keil,S32K118_SDK_DFP,1.2.1,https://www.keil.com/pack/Keil.S32K118_SDK_DFP.pdsc,2024-02-12,,2026-08-12T04:05:17.3114066+00:00,,not_selected,,
Keil,S32K116_SDK_DFP,1.2.1,https://www.keil.com/pack/Keil.S32K116_SDK_DFP.pdsc,2024-02-12,,2026-08-12T04:05:17.3114066+00:00,,not_selected,,
Keil,S32_SDK_DFP,1.5.1,https://www.keil.com/pack/Keil.S32_SDK_DFP.pdsc,2024-02-12,,2026-08-12T04:05:17.3114066+00:00,,not_selected,,
AnalogDevices,ADuCM410_DFP,1.7.0,https://download.analog.com/tools/EZBoards/ADuCM41x/Releases/AnalogDevices.ADuCM410_DFP.pdsc,,,2026-08-12T04:05:17.3114066+00:00,,not_selected,,
SiliconLabs,GeckoPlatform_BGM1_DFP,4.4.0,https://www.silabs.com/documents/public/cmsis-packs/SiliconLabs.GeckoPlatform_BGM1_DFP.pdsc,,,2026-08-12T04:05:17.3114066+00:00,,not_selected,,
SiliconLabs,GeckoPlatform_BGM13_DFP,4.4.0,https://www.silabs.com/documents/public/cmsis-packs/SiliconLabs.GeckoPlatform_BGM13_DFP.pdsc,,,2026-08-12T04:05:17.3114066+00:00,,not_selected,,
SiliconLabs,GeckoPlatform_EFM32G_DFP,4.4.0,https://www.silabs.com/documents/public/cmsis-packs/SiliconLabs.GeckoPlatform_EFM32G_DFP.pdsc,,,2026-08-12T04:05:17.3114066+00:00,,not_selected,,
SiliconLabs,GeckoPlatform_EFM32GG_DFP,4.4.0,https://www.silabs.com/documents/public/cmsis-packs/SiliconLabs.GeckoPlatform_EFM32GG_DFP.pdsc,,,2026-08-12T04:05:17.3114066+00:00,,not_selected,,
SiliconLabs,GeckoPlatform_EFM32GG11B_DFP,4.4.0,https://www.silabs.com/documents/public/cmsis-packs/SiliconLabs.GeckoPlatform_EFM32GG11B_DFP.pdsc,,,2026-08-12T04:05:17.3114066+00:00,,not_selected,,
SiliconLabs,GeckoPlatform_EFM32GG12B_DFP,4.4.0,https://www.silabs.com/documents/public/cmsis-packs/SiliconLabs.GeckoPlatform_EFM32GG12B_DFP.pdsc,,,2026-08-12T04:05:17.3114066+00:00,,not_selected,,
SiliconLabs,GeckoPlatform_EFM32HG_DFP,4.4.0,https://www.silabs.com/documents/public/cmsis-packs/SiliconLabs.GeckoPlatform_EFM32HG_DFP.pdsc,,,2026-08-12T04:05:17.3114066+00:00,,not_selected,,
SiliconLabs,GeckoPlatform_EFM32JG1B_DFP,4.4.0,https://www.silabs.com/documents/public/cmsis-packs/SiliconLabs.GeckoPlatform_EFM32JG1B_DFP.pdsc,,,2026-08-12T04:05:17.3114066+00:00,,not_selected,,
SiliconLabs,GeckoPlatform_EFM32JG12B_DFP,4.4.0,https://www.silabs.com/documents/public/cmsis-packs/SiliconLabs.GeckoPlatform_EFM32JG12B_DFP.pdsc,,,2026-08-12T04:05:17.3114066+00:00,,not_selected,,
SiliconLabs,GeckoPlatform_EFM32LG_DFP,4.4.0,https://www.silabs.com/documents/public/cmsis-packs/SiliconLabs.GeckoPlatform_EFM32LG_DFP.pdsc,,,2026-08-12T04:05:17.3114066+00:00,,not_selected,,
SiliconLabs,GeckoPlatform_EFM32PG12B_DFP,4.4.0,https://www.silabs.com/documents/public/cmsis-packs/SiliconLabs.GeckoPlatform_EFM32PG12B_DFP.pdsc,,,2026-08-12T04:05:17.3114066+00:00,,not_selected,,
SiliconLabs,GeckoPlatform_EFM32PG1B_DFP,4.4.0,https://www.silabs.com/documents/public/cmsis-packs/SiliconLabs.GeckoPlatform_EFM32PG1B_DFP.pdsc,,,2026-08-12T04:05:17.3114066+00:00,,not_selected,,
SiliconLabs,GeckoPlatform_EFM32TG_DFP,4.4.0,https://www.silabs.com/documents/public/cmsis-packs/SiliconLabs.GeckoPlatform_EFM32TG_DFP.pdsc,,,2026-08-12T04:05:17.3114066+00:00,,not_selected,,
SiliconLabs,GeckoPlatform_EFM32TG11B_DFP,4.4.0,https://www.silabs.com/documents/public/cmsis-packs/SiliconLabs.GeckoPlatform_EFM32TG11B_DFP.pdsc,,,2026-08-12T04:05:17.3114066+00:00,,not_selected,,
SiliconLabs,GeckoPlatform_EFM32WG_DFP,4.4.0,https://www.silabs.com/documents/public/cmsis-packs/SiliconLabs.GeckoPlatform_EFM32WG_DFP.pdsc,,,2026-08-12T04:05:17.3114066+00:00,,not_selected,,
SiliconLabs,GeckoPlatform_EFM32ZG_DFP,4.4.0,https://www.silabs.com/documents/public/cmsis-packs/SiliconLabs.GeckoPlatform_EFM32ZG_DFP.pdsc,,,2026-08-12T04:05:17.3114066+00:00,,not_selected,,
SiliconLabs,GeckoPlatform_EFR32BG1B_DFP,4.4.0,https://www.silabs.com/documents/public/cmsis-packs/SiliconLabs.GeckoPlatform_EFR32BG1B_DFP.pdsc,,,2026-08-12T04:05:17.3114066+00:00,,not_selected,,
SiliconLabs,GeckoPlatform_EFR32BG1P_DFP,4.4.0,https://www.silabs.com/documents/public/cmsis-packs/SiliconLabs.GeckoPlatform_EFR32BG1P_DFP.pdsc,,,2026-08-12T04:05:17.3114066+00:00,,not_selected,,
SiliconLabs,GeckoPlatform_EFR32BG1V_DFP,4.4.0,https://www.silabs.com/documents/public/cmsis-packs/SiliconLabs.GeckoPlatform_EFR32BG1V_DFP.pdsc,,,2026-08-12T04:05:17.3114066+00:00,,not_selected,,
SiliconLabs,GeckoPlatform_EFR32BG12P_DFP,4.4.0,https://www.silabs.com/documents/public/cmsis-packs/SiliconLabs.GeckoPlatform_EFR32BG12P_DFP.pdsc,,,2026-08-12T04:05:17.3114066+00:00,,not_selected,,
SiliconLabs,GeckoPlatform_EFR32BG13P_DFP,4.4.0,https://www.silabs.com/documents/public/cmsis-packs/SiliconLabs.GeckoPlatform_EFR32BG13P_DFP.pdsc,,,2026-08-12T04:05:17.3114066+00:00,,not_selected,,
SiliconLabs,GeckoPlatform_EFR32FG1P_DFP,4.4.0,https://www.silabs.com/documents/public/cmsis-packs/SiliconLabs.GeckoPlatform_EFR32FG1P_DFP.pdsc,,,2026-08-12T04:05:17.3114066+00:00,,not_selected,,
SiliconLabs,GeckoPlatform_EFR32FG1V_DFP,4.4.0,https://www.silabs.com/documents/public/cmsis-packs/SiliconLabs.GeckoPlatform_EFR32FG1V_DFP.pdsc,,,2026-08-12T04:05:17.3114066+00:00,,not_selected,,
SiliconLabs,GeckoPlatform_EFR32FG12P_DFP,4.4.0,https://www.silabs.com/documents/public/cmsis-packs/SiliconLabs.GeckoPlatform_EFR32FG12P_DFP.pdsc,,,2026-08-12T04:05:17.3114066+00:00,,not_selected,,
SiliconLabs,GeckoPlatform_EFR32FG13P_DFP,4.4.0,https://www.silabs.com/documents/public/cmsis-packs/SiliconLabs.GeckoPlatform_EFR32FG13P_DFP.pdsc,,,2026-08-12T04:05:17.3114066+00:00,,not_selected,,
SiliconLabs,GeckoPlatform_EFR32FG14P_DFP,4.4.0,https://www.silabs.com/documents/public/cmsis-packs/SiliconLabs.GeckoPlatform_EFR32FG14P_DFP.pdsc,,,2026-08-12T04:05:17.3114066+00:00,,not_selected,,
SiliconLabs,GeckoPlatform_EFR32FG14V_DFP,4.4.0,https://www.silabs.com/documents/public/cmsis-packs/SiliconLabs.GeckoPlatform_EFR32FG14V_DFP.pdsc,,,2026-08-12T04:05:17.3114066+00:00,,not_selected,,
SiliconLabs,GeckoPlatform_EFR32MG1B_DFP,4.4.0,https://www.silabs.com/documents/public/cmsis-packs/SiliconLabs.GeckoPlatform_EFR32MG1B_DFP.pdsc,,,2026-08-12T04:05:17.3114066+00:00,,not_selected,,
SiliconLabs,GeckoPlatform_EFR32MG1P_DFP,4.4.0,https://www.silabs.com/documents/public/cmsis-packs/SiliconLabs.GeckoPlatform_EFR32MG1P_DFP.pdsc,,,2026-08-12T04:05:17.3114066+00:00,,not_selected,,
SiliconLabs,GeckoPlatform_EFR32MG1V_DFP,4.4.0,https://www.silabs.com/documents/public/cmsis-packs/SiliconLabs.GeckoPlatform_EFR32MG1V_DFP.pdsc,,,2026-08-12T04:05:17.3114066+00:00,,not_selected,,
SiliconLabs,GeckoPlatform_EFR32MG12P_DFP,4.4.0,https://www.silabs.com/documents/public/cmsis-packs/SiliconLabs.GeckoPlatform_EFR32MG12P_DFP.pdsc,,,2026-08-12T04:05:17.3114066+00:00,,not_selected,,
SiliconLabs,GeckoPlatform_EFR32MG13P_DFP,4.4.0,https://www.silabs.com/documents/public/cmsis-packs/SiliconLabs.GeckoPlatform_EFR32MG13P_DFP.pdsc,,,2026-08-12T04:05:17.3114066+00:00,,not_selected,,
SiliconLabs,GeckoPlatform_EFR32MG14P_DFP,4.4.0,https://www.silabs.com/documents/public/cmsis-packs/SiliconLabs.GeckoPlatform_EFR32MG14P_DFP.pdsc,,,2026-08-12T04:05:17.3114066+00:00,,not_selected,,
SiliconLabs,GeckoPlatform_EFR32ZG13L_DFP,4.4.0,https://www.silabs.com/documents/public/cmsis-packs/SiliconLabs.GeckoPlatform_EFR32ZG13L_DFP.pdsc,,,2026-08-12T04:05:17.3114066+00:00,,not_selected,,
SiliconLabs,GeckoPlatform_EFR32ZG13P_DFP,4.4.0,https://www.silabs.com/documents/public/cmsis-packs/SiliconLabs.GeckoPlatform_EFR32ZG13P_DFP.pdsc,,,2026-08-12T04:05:17.3114066+00:00,,not_selected,,
SiliconLabs,GeckoPlatform_EFR32ZG13S_DFP,4.4.0,https://www.silabs.com/documents/public/cmsis-packs/SiliconLabs.GeckoPlatform_EFR32ZG13S_DFP.pdsc,,,2026-08-12T04:05:17.3114066+00:00,,not_selected,,
SiliconLabs,GeckoPlatform_EFR32ZG14P_DFP,4.4.0,https://www.silabs.com/documents/public/cmsis-packs/SiliconLabs.GeckoPlatform_EFR32ZG14P_DFP.pdsc,,,2026-08-12T04:05:17.3114066+00:00,,not_selected,,
SiliconLabs,GeckoPlatform_EZR32HG_DFP,4.4.0,https://www.silabs.com/documents/public/cmsis-packs/SiliconLabs.GeckoPlatform_EZR32HG_DFP.pdsc,,,2026-08-12T04:05:17.3114066+00:00,,not_selected,,
SiliconLabs,GeckoPlatform_EZR32LG_DFP,4.4.0,https://www.silabs.com/documents/public/cmsis-packs/SiliconLabs.GeckoPlatform_EZR32LG_DFP.pdsc,,,2026-08-12T04:05:17.3114066+00:00,,not_selected,,
SiliconLabs,GeckoPlatform_EZR32WG_DFP,4.4.0,https://www.silabs.com/documents/public/cmsis-packs/SiliconLabs.GeckoPlatform_EZR32WG_DFP.pdsc,,,2026-08-12T04:05:17.3114066+00:00,,not_selected,,
SiliconLabs,GeckoPlatform_MGM1_DFP,4.4.0,https://www.silabs.com/documents/public/cmsis-packs/SiliconLabs.GeckoPlatform_MGM1_DFP.pdsc,,,2026-08-12T04:05:17.3114066+00:00,,not_selected,,
SiliconLabs,GeckoPlatform_MGM12_DFP,4.4.0,https://www.silabs.com/documents/public/cmsis-packs/SiliconLabs.GeckoPlatform_MGM12_DFP.pdsc,,,2026-08-12T04:05:17.3114066+00:00,,not_selected,,
SiliconLabs,GeckoPlatform_MGM13_DFP,4.4.0,https://www.silabs.com/documents/public/cmsis-packs/SiliconLabs.GeckoPlatform_MGM13_DFP.pdsc,,,2026-08-12T04:05:17.3114066+00:00,,not_selected,,
SiliconLabs,GeckoPlatform_WGM160_DFP,4.4.0,https://www.silabs.com/documents/public/cmsis-packs/SiliconLabs.GeckoPlatform_WGM160_DFP.pdsc,,,2026-08-12T04:05:17.3114066+00:00,,not_selected,,
SiliconLabs,GeckoPlatform_ZGM13_DFP,4.4.0,https://www.silabs.com/documents/public/cmsis-packs/SiliconLabs.GeckoPlatform_ZGM13_DFP.pdsc,,,2026-08-12T04:05:17.3114066+00:00,,not_selected,,
Keil,VFxxx_DFP,1.2.1,https://www.keil.com/pack/Keil.VFxxx_DFP.pdsc,2024-02-22,,2026-08-12T04:05:17.3114066+00:00,,not_selected,,
RaspberryPi,RP2xxx_DFP,0.9.5,https://github.com/raspberrypi/cmsis-rp2xxx-dfp/releases/download/v0.9.5/RaspberryPi.RP2xxx_DFP.pdsc,,,2026-08-12T04:05:17.3114066+00:00,,not_selected,,
TexasInstruments,MSPM0G1X0X_G3X0X_DFP,1.3.1,https://software-dl.ti.com/msp430/esd/MSPM0-CMSIS/MSPM0G1X0X_G3X0X/latest/exports/TexasInstruments.MSPM0G1X0X_G3X0X_DFP.pdsc,,,2026-08-12T04:05:17.3114066+00:00,,not_selected,,
TexasInstruments,MSPM0L11XX_L13XX_DFP,1.3.1,https://software-dl.ti.com/msp430/esd/MSPM0-CMSIS/MSPM0L11XX_L13XX/latest/exports/TexasInstruments.MSPM0L11XX_L13XX_DFP.pdsc,,,2026-08-12T04:05:17.3114066+00:00,,not_selected,,
TexasInstruments,MSPS003FX_DFP,1.1.1,https://software-dl.ti.com/msp430/esd/MSPM0-CMSIS/MSPS003FX/latest/exports/TexasInstruments.MSPS003FX_DFP.pdsc,,,2026-08-12T04:05:17.3114066+00:00,,not_selected,,
TexasInstruments,MSPM0L122X_L222X_DFP,1.1.1,https://software-dl.ti.com/msp430/esd/MSPM0-CMSIS/MSPM0L122X_L222X/latest/exports/TexasInstruments.MSPM0L122X_L222X_DFP.pdsc,,,2026-08-12T04:05:17.3114066+00:00,,not_selected,,
Nuvoton,NuMicroM7_DFP,1.1.3,https://github.com/OpenNuvoton/cmsis-packs/raw/master/Nuvoton.NuMicroM7_DFP.pdsc,,,2026-08-12T04:05:17.3114066+00:00,,not_selected,,
TexasInstruments,MSPM0GX51X_DFP,1.0.0,https://software-dl.ti.com/msp430/esd/MSPM0-CMSIS/MSPM0GX51X/latest/exports/TexasInstruments.MSPM0GX51X_DFP.pdsc,,,2026-08-12T04:05:17.3114066+00:00,,not_selected,,
Holtek,HT32F675x5_DFP,1.0.5,https://mcu.holtek.com.tw/pack/Holtek.HT32F675x5_DFP.pdsc,,,2026-08-12T04:05:17.3114066+00:00,,not_selected,,
Puya,PY32E4xx_DFP,1.0.0,https://www.puyasemi.com/uploadfiles/Puya.PY32E4xx_DFP.pdsc,,,2026-08-12T04:05:17.3114066+00:00,,not_selected,,
Cypress,PSoC6_DFP,1.2.1,https://github.com/Infineon/cmsis-packs/raw/master/PSoC6_DFP/Cypress.PSoC6_DFP.pdsc,2024-11-12,Infineon.CAT1A_DFP,2026-08-12T04:05:17.3114066+00:00,,not_selected,,
Cypress,PSoC4_DFP,1.1.1,https://github.com/Infineon/cmsis-packs/raw/master/PSoC4_DFP/Cypress.PSoC4_DFP.pdsc,2024-11-12,Infineon.CAT2_DFP,2026-08-12T04:05:17.3114066+00:00,,not_selected,,
Cypress,PMG1_DFP,1.0.1,https://github.com/Infineon/cmsis-packs/raw/master/PMG1_DFP/Cypress.PMG1_DFP.pdsc,2024-11-12,Infineon.CAT2_DFP,2026-08-12T04:05:17.3114066+00:00,,not_selected,,
Infineon,PSoC6_DFP,1.4.1,https://github.com/Infineon/cmsis-packs/raw/master/PSoC6_DFP/Infineon.PSoC6_DFP.pdsc,2024-11-12,Infineon.CAT1A_DFP,2026-08-12T04:05:17.3114066+00:00,,not_selected,,
AnalogDevices,ADSP-SC83x_DFP,2.0.0,https://download.analog.com/tools/EZBoards/ADSP-SC83x/Releases/AnalogDevices.ADSP-SC83x_DFP.pdsc,,,2026-08-12T04:05:17.3114066+00:00,,not_selected,,
NSING,N32A455_DFP,1.0.1,https://www.nsing.com.sg/public/uploads/armpacks/NSING.N32A455_DFP.pdsc,,,2026-08-12T04:05:17.3114066+00:00,,not_selected,,
NSING,N32G003_DFP,1.0.2,https://www.nsing.com.sg/public/uploads/armpacks/NSING.N32G003_DFP.pdsc,,,2026-08-12T04:05:17.3114066+00:00,,not_selected,,
NSING,N32G4FR_DFP,1.0.6,https://www.nsing.com.sg/public/uploads/armpacks/NSING.N32G4FR_DFP.pdsc,,,2026-08-12T04:05:17.3114066+00:00,,not_selected,,
NSING,N32G031_DFP,1.0.5,https://www.nsing.com.sg/public/uploads/armpacks/NSING.N32G031_DFP.pdsc,,,2026-08-12T04:05:17.3114066+00:00,,not_selected,,
NSING,N32G032_DFP,0.2.2,https://www.nsing.com.sg/public/uploads/armpacks/NSING.N32G032_DFP.pdsc,,,2026-08-12T04:05:17.3114066+00:00,,not_selected,,
NSING,N32G43x_DFP,0.9.7,https://www.nsing.com.sg/public/uploads/armpacks/NSING.N32G43x_DFP.pdsc,,,2026-08-12T04:05:17.3114066+00:00,,not_selected,,
NSING,N32G45x_DFP,1.0.7,https://www.nsing.com.sg/public/uploads/armpacks/NSING.N32G45x_DFP.pdsc,,,2026-08-12T04:05:17.3114066+00:00,,not_selected,,
NSING,N32G401_DFP,1.0.1,https://www.nsing.com.sg/public/uploads/armpacks/NSING.N32G401_DFP.pdsc,,,2026-08-12T04:05:17.3114066+00:00,,not_selected,,
NSING,N32G430_DFP,1.1.1,https://www.nsing.com.sg/public/uploads/armpacks/NSING.N32G430_DFP.pdsc,,,2026-08-12T04:05:17.3114066+00:00,,not_selected,,
NSING,N32L40x_DFP,1.0.2,https://www.nsing.com.sg/public/uploads/armpacks/NSING.N32L40x_DFP.pdsc,,,2026-08-12T04:05:17.3114066+00:00,,not_selected,,
NSING,N32L43x_DFP,0.2.2,https://www.nsing.com.sg/public/uploads/armpacks/NSING.N32L43x_DFP.pdsc,,,2026-08-12T04:05:17.3114066+00:00,,not_selected,,
NSING,N32H48x_DFP,1.0.1,https://www.nsing.com.sg/public/uploads/armpacks/NSING.N32H48x_DFP.pdsc,,,2026-08-12T04:05:17.3114066+00:00,,not_selected,,
TexasInstruments,MSPM0L111X_DFP,1.0.0,https://software-dl.ti.com/msp430/esd/MSPM0-CMSIS/MSPM0L111X/latest/exports/TexasInstruments.MSPM0L111X_DFP.pdsc,,,2026-08-12T04:05:17.3114066+00:00,,not_selected,,
NSING,N32H47x_DFP,1.0.1,https://www.nsing.com.sg/public/uploads/armpacks/NSING.N32H47x_DFP.pdsc,,,2026-08-12T04:05:17.3114066+00:00,,not_selected,,
Nuvoton,NuMicroKM1M4_DFP,1.1.0,https://github.com/OpenNuvoton/cmsis-packs/raw/master/Nuvoton.NuMicroKM1M4_DFP.pdsc,,,2026-08-12T04:05:17.3114066+00:00,,not_selected,,
Nuvoton,NuMicroKM1M0_DFP,1.0.4,https://github.com/OpenNuvoton/cmsis-packs/raw/master/Nuvoton.NuMicroKM1M0_DFP.pdsc,,,2026-08-12T04:05:17.3114066+00:00,,not_selected,,
Infineon,TLE988x_9x_DFP,1.3.0,https://itools.infineon.com/cmsis_packs/TLE988x_9x/Infineon.TLE988x_9x_DFP.pdsc,,,2026-08-12T04:05:17.3114066+00:00,,not_selected,,
Nuvoton,NuMicro_DFP,1.3.26,https://github.com/OpenNuvoton/cmsis-packs/raw/master/Nuvoton_DFP/Nuvoton.NuMicro_DFP.pdsc,,,2026-08-12T04:05:17.3114066+00:00,,not_selected,,
Holtek,HT32F491x3_DFP,1.0.4,https://mcu.holtek.com.tw/pack/Holtek.HT32F491x3_DFP.pdsc,,,2026-08-12T04:05:17.3114066+00:00,,not_selected,,
Holtek,HT32F490x1_DFP,1.0.1,https://mcu.holtek.com.tw/pack/Holtek.HT32F490x1_DFP.pdsc,,,2026-08-12T04:05:17.3114066+00:00,,not_selected,,
TexasInstruments,MSPM0H321X_DFP,1.0.0,https://software-dl.ti.com/msp430/esd/MSPM0-CMSIS/MSPM0H321X/latest/exports/TexasInstruments.MSPM0H321X_DFP.pdsc,,,2026-08-12T04:05:17.3114066+00:00,,not_selected,,
Keil,STBlueNRG-2_DFP,1.0.2,https://www.keil.com/pack/Keil.STBlueNRG-2_DFP.pdsc,2023-09-03,,2026-08-12T04:05:17.3114066+00:00,,not_selected,,
Infineon,TLE987x_DFP,1.6.2,https://itools.infineon.com/cmsis_packs/TLE987x/Infineon.TLE987x_DFP.pdsc,,,2026-08-12T04:05:17.3114066+00:00,,not_selected,,
Infineon,CAT1B_DFP,1.1.0,https://itools.infineon.com/cmsis_packs/CAT1B_DFP/Infineon.CAT1B_DFP.pdsc,,,2026-08-12T04:05:17.3114066+00:00,,not_selected,,
NXP,MCXA166_DFP,25.03.00,https://mcuxpresso.nxp.com/cmsis_pack/repo/NXP.MCXA166_DFP.pdsc,,,2026-08-12T04:05:17.3114066+00:00,,not_selected,,
NXP,MCXA165_DFP,25.03.00,https://mcuxpresso.nxp.com/cmsis_pack/repo/NXP.MCXA165_DFP.pdsc,,,2026-08-12T04:05:17.3114066+00:00,,not_selected,,
NXP,MCXA276_DFP,25.03.00,https://mcuxpresso.nxp.com/cmsis_pack/repo/NXP.MCXA276_DFP.pdsc,,,2026-08-12T04:05:17.3114066+00:00,,not_selected,,
NXP,MCXA275_DFP,25.03.00,https://mcuxpresso.nxp.com/cmsis_pack/repo/NXP.MCXA275_DFP.pdsc,,,2026-08-12T04:05:17.3114066+00:00,,not_selected,,
NSING,N32G030_DFP,1.0.5,https://www.nsing.com.sg/uploadfile/file/pack/NSING.N32G030_DFP.pdsc,,,2026-08-12T04:05:17.3114066+00:00,,not_selected,,
TexasInstruments,MSPM0C110X_DFP,1.2.0,https://software-dl.ti.com/msp430/esd/MSPM0-CMSIS/MSPM0C110X/latest/exports/TexasInstruments.MSPM0C110X_DFP.pdsc,,,2026-08-12T04:05:17.3114066+00:00,,not_selected,,
Microchip,PIC32CX-MT_DFP,1.4.152,https://packs.download.microchip.com/Microchip.PIC32CX-MT_DFP.pdsc,,,2026-08-12T04:05:17.3114066+00:00,,not_selected,,
NXP,LPC51U68_DFP,25.06.00,https://mcuxpresso.nxp.com/cmsis_pack/repo/NXP.LPC51U68_DFP.pdsc,,,2026-08-12T04:05:17.3114066+00:00,,not_selected,,
NXP,MK02F12810_DFP,25.06.00,https://mcuxpresso.nxp.com/cmsis_pack/repo/NXP.MK02F12810_DFP.pdsc,,,2026-08-12T04:05:17.3114066+00:00,,not_selected,,
NXP,MK22F12810_DFP,25.06.00,https://mcuxpresso.nxp.com/cmsis_pack/repo/NXP.MK22F12810_DFP.pdsc,,,2026-08-12T04:05:17.3114066+00:00,,not_selected,,
NXP,MK22F25612_DFP,25.06.00,https://mcuxpresso.nxp.com/cmsis_pack/repo/NXP.MK22F25612_DFP.pdsc,,,2026-08-12T04:05:17.3114066+00:00,,not_selected,,
NXP,MK22F51212_DFP,25.06.00,https://mcuxpresso.nxp.com/cmsis_pack/repo/NXP.MK22F51212_DFP.pdsc,,,2026-08-12T04:05:17.3114066+00:00,,not_selected,,
NXP,K32L3A60_DFP,25.06.00,https://mcuxpresso.nxp.com/cmsis_pack/repo/NXP.K32L3A60_DFP.pdsc,,,2026-08-12T04:05:17.3114066+00:00,,not_selected,,
NXP,K32L2B11A_DFP,25.06.00,https://mcuxpresso.nxp.com/cmsis_pack/repo/NXP.K32L2B11A_DFP.pdsc,,,2026-08-12T04:05:17.3114066+00:00,,not_selected,,
NXP,K32L2B21A_DFP,25.06.00,https://mcuxpresso.nxp.com/cmsis_pack/repo/NXP.K32L2B21A_DFP.pdsc,,,2026-08-12T04:05:17.3114066+00:00,,not_selected,,
NXP,K32L2B31A_DFP,25.06.00,https://mcuxpresso.nxp.com/cmsis_pack/repo/NXP.K32L2B31A_DFP.pdsc,,,2026-08-12T04:05:17.3114066+00:00,,not_selected,,
NXP,K32L2A31A_DFP,25.06.00,https://mcuxpresso.nxp.com/cmsis_pack/repo/NXP.K32L2A31A_DFP.pdsc,,,2026-08-12T04:05:17.3114066+00:00,,not_selected,,
NXP,K32L2A41A_DFP,25.06.00,https://mcuxpresso.nxp.com/cmsis_pack/repo/NXP.K32L2A41A_DFP.pdsc,,,2026-08-12T04:05:17.3114066+00:00,,not_selected,,
NXP,MKM14ZA5_DFP,25.06.00,https://mcuxpresso.nxp.com/cmsis_pack/repo/NXP.MKM14ZA5_DFP.pdsc,,,2026-08-12T04:05:17.3114066+00:00,,not_selected,,
NXP,MKM33ZA5_DFP,25.06.00,https://mcuxpresso.nxp.com/cmsis_pack/repo/NXP.MKM33ZA5_DFP.pdsc,,,2026-08-12T04:05:17.3114066+00:00,,not_selected,,
NXP,MIMXRT1041_DFP,25.06.00,https://mcuxpresso.nxp.com/cmsis_pack/repo/NXP.MIMXRT1041_DFP.pdsc,,,2026-08-12T04:05:17.3114066+00:00,,not_selected,,
SILAN,SC32F53xx_DFP,1.1.5,https://github.com/Silanpack/Pack/raw/main/SILAN.SC32F53xx_DFP.pdsc,,,2026-08-12T04:05:17.3114066+00:00,,not_selected,,
SILAN,SC32F57xx_DFP,1.0.5,https://github.com/Silanpack/Pack/raw/main/SILAN.SC32F57xx_DFP.pdsc,,,2026-08-12T04:05:17.3114066+00:00,,not_selected,,
SILAN,SC32F56xx_DFP,1.1.5,https://github.com/Silanpack/Pack/raw/main/SILAN.SC32F56xx_DFP.pdsc,,,2026-08-12T04:05:17.3114066+00:00,,not_selected,,
SILAN,SC32F5832_DFP,1.1.4,https://github.com/Silanpack/Pack/raw/main/SILAN.SC32F5832_DFP.pdsc,,,2026-08-12T04:05:17.3114066+00:00,,not_selected,,
SILAN,SPC7L64_DFP,1.1.3,https://github.com/Silanpack/Pack/raw/main/SILAN.SPC7L64_DFP.pdsc,,,2026-08-12T04:05:17.3114066+00:00,,not_selected,,
NSING,N32G05x_DFP,1.0.2,https://www.nsing.com.sg/public/uploads/armpacks/NSING.N32G05x_DFP.pdsc,,,2026-08-12T04:05:17.3114066+00:00,,not_selected,,
Keil,STM32F7xx_DFP,3.1.1,https://www.keil.com/pack/Keil.STM32F7xx_DFP.pdsc,,,2026-08-12T04:05:17.3114066+00:00,yes,ok,123,
Puya,PY32F0xx_DFP,1.2.8,https://www.puyasemi.com/uploadfiles/Puya.PY32F0xx_DFP.pdsc,,,2026-08-12T04:05:17.3114066+00:00,,not_selected,,
Puya,PY32F4xx_DFP,1.0.3,https://www.puyasemi.com/uploadfiles/Puya.PY32F4xx_DFP.pdsc,,,2026-08-12T04:05:17.3114066+00:00,,not_selected,,
Puya,PY32L0xx_DFP,1.0.3,https://www.puyasemi.com/uploadfiles/Puya.PY32L0xx_DFP.pdsc,,,2026-08-12T04:05:17.3114066+00:00,,not_selected,,
Puya,PY32Mxxx_DFP,1.0.6,https://www.puyasemi.com/uploadfiles/Puya.PY32Mxxx_DFP.pdsc,,,2026-08-12T04:05:17.3114066+00:00,,not_selected,,
Puya,PY32T0xx_DFP,1.0.7,https://www.puyasemi.com/uploadfiles/Puya.PY32T0xx_DFP.pdsc,,,2026-08-12T04:05:17.3114066+00:00,,not_selected,,
Keil,STM32L1xx_DFP,2.1.0,https://www.keil.com/pack/Keil.STM32L1xx_DFP.pdsc,,,2026-08-12T04:05:17.3114066+00:00,yes,ok,132,
Keil,STM32L4xx_DFP,3.1.0,https://www.keil.com/pack/Keil.STM32L4xx_DFP.pdsc,,,2026-08-12T04:05:17.3114066+00:00,yes,ok,255,
Keil,STM32G0xx_DFP,2.1.0,https://www.keil.com/pack/Keil.STM32G0xx_DFP.pdsc,,,2026-08-12T04:05:17.3114066+00:00,yes,ok,182,
Keil,STM32F4xx_DFP,3.1.1,https://www.keil.com/pack/Keil.STM32F4xx_DFP.pdsc,,,2026-08-12T04:05:17.3114066+00:00,yes,ok,211,
Keil,STM32H7RSxx_DFP,1.1.0,https://www.keil.com/pack/Keil.STM32H7RSxx_DFP.pdsc,,,2026-08-12T04:05:17.3114066+00:00,yes,ok,34,
Geehy,APM32E030_DFP,1.0.3,https://www.geehy.com/uploads/tool/Geehy.APM32E030_DFP.pdsc,,,2026-08-12T04:05:17.3114066+00:00,,not_selected,,
Geehy,APM32M35XX_DFP,1.0.0,https://www.geehy.com/uploads/tool/Geehy.APM32M35XX_DFP.pdsc,,,2026-08-12T04:05:17.3114066+00:00,,not_selected,,
Geehy,BMP561_DFP,1.0.1,https://www.geehy.com/uploads/tool/Geehy.BMP561_DFP.pdsc,,,2026-08-12T04:05:17.3114066+00:00,,not_selected,,
Keil,STM32L0xx_DFP,3.1.0,https://www.keil.com/pack/Keil.STM32L0xx_DFP.pdsc,,,2026-08-12T04:05:17.3114066+00:00,yes,ok,166,
Keil,STM32F0xx_DFP,3.1.1,https://www.keil.com/pack/Keil.STM32F0xx_DFP.pdsc,,,2026-08-12T04:05:17.3114066+00:00,yes,ok,111,
Keil,STM32L5xx_DFP,2.1.0,https://www.keil.com/pack/Keil.STM32L5xx_DFP.pdsc,,,2026-08-12T04:05:17.3114066+00:00,yes,ok,38,
Keil,STM32F3xx_DFP,3.1.0,https://www.keil.com/pack/Keil.STM32F3xx_DFP.pdsc,,,2026-08-12T04:05:17.3114066+00:00,yes,ok,90,
Keil,STM32WLxx_DFP,2.1.0,https://www.keil.com/pack/Keil.STM32WLxx_DFP.pdsc,,,2026-08-12T04:05:17.3114066+00:00,yes,ok,17,
Keil,STM32WBxx_DFP,2.0.1,https://www.keil.com/pack/Keil.STM32WBxx_DFP.pdsc,,,2026-08-12T04:05:17.3114066+00:00,yes,ok,23,
Microchip,SAMC20_DFP,3.6.222,https://packs.download.microchip.com/Microchip.SAMC20_DFP.pdsc,,,2026-08-12T04:05:17.3114066+00:00,,not_selected,,
Microchip,SAMC21_DFP,3.9.248,https://packs.download.microchip.com/Microchip.SAMC21_DFP.pdsc,,,2026-08-12T04:05:17.3114066+00:00,,not_selected,,
Microchip,SAMD11_DFP,2.7.195,https://packs.download.microchip.com/Microchip.SAMD11_DFP.pdsc,,,2026-08-12T04:05:17.3114066+00:00,,not_selected,,
Microchip,SAMD20_DFP,3.7.231,https://packs.download.microchip.com/Microchip.SAMD20_DFP.pdsc,,,2026-08-12T04:05:17.3114066+00:00,,not_selected,,
Microchip,SAMHA1_DFP,2.5.190,https://packs.download.microchip.com/Microchip.SAMHA1_DFP.pdsc,,,2026-08-12T04:05:17.3114066+00:00,,not_selected,,
Microchip,SAML21_DFP,3.8.229,https://packs.download.microchip.com/Microchip.SAML21_DFP.pdsc,,,2026-08-12T04:05:17.3114066+00:00,,not_selected,,
Microchip,SAMHA0_DFP,2.4.179,https://packs.download.microchip.com/Microchip.SAMHA0_DFP.pdsc,,,2026-08-12T04:05:17.3114066+00:00,,not_selected,,
Infineon,T2G-B-E_DFP,1.2.1,https://itools.infineon.com/cmsis_packs/T2G-B-E/Infineon.T2G-B-E_DFP.pdsc,,,2026-08-12T04:05:17.3114066+00:00,,not_selected,,
Microchip,SAMDA1_DFP,2.8.196,https://packs.download.microchip.com/Microchip.SAMDA1_DFP.pdsc,,,2026-08-12T04:05:17.3114066+00:00,,not_selected,,
Microchip,SAML22_DFP,3.8.203,https://packs.download.microchip.com/Microchip.SAML22_DFP.pdsc,,,2026-08-12T04:05:17.3114066+00:00,,not_selected,,
Keil,STM32F2xx_DFP,3.1.0,https://www.keil.com/pack/Keil.STM32F2xx_DFP.pdsc,,,2026-08-12T04:05:17.3114066+00:00,yes,ok,47,
Keil,STM32U5xx_DFP,3.2.0,https://www.keil.com/pack/Keil.STM32U5xx_DFP.pdsc,,,2026-08-12T04:05:17.3114066+00:00,yes,ok,162,
Keil,STM32WB0x_DFP,1.0.2,https://www.keil.com/pack/Keil.STM32WB0x_DFP.pdsc,,,2026-08-12T04:05:17.3114066+00:00,yes,ok,10,
Nuvoton,NuMicroCM_DFP,1.0.2,https://github.com/OpenNuvoton/cmsis-packs/raw/master/Nuvoton_DFP/Nuvoton.NuMicroCM_DFP.pdsc,,,2026-08-12T04:05:17.3114066+00:00,,not_selected,,
Infineon,TLE986x_DFP,1.5.2,https://itools.infineon.com/cmsis_packs/TLE986x/Infineon.TLE986x_DFP.pdsc,,,2026-08-12T04:05:17.3114066+00:00,,not_selected,,
SiliconLabs,Wiseconnect_SIWG917_DFP,2025.6.0,https://www.silabs.com/documents/public/cmsis-packs/SiliconLabs.Wiseconnect_SIWG917_DFP.pdsc,,,2026-08-12T04:05:17.3114066+00:00,,not_selected,,
Keil,STM32H7xx_DFP,4.1.3,https://www.keil.com/pack/Keil.STM32H7xx_DFP.pdsc,,,2026-08-12T04:05:17.3114066+00:00,yes,ok,166,
Infineon,PSoC-HVMS_DFP,1.0.0,https://itools.infineon.com/cmsis_packs/PSoC_HVMS/Infineon.PSoC-HVMS_DFP.pdsc,,,2026-08-12T04:05:17.3114066+00:00,,not_selected,,
Microchip,SAME54_DFP,3.11.261,https://packs.download.microchip.com/Microchip.SAME54_DFP.pdsc,,,2026-08-12T04:05:17.3114066+00:00,,not_selected,,
TexasInstruments,MSPM0G511X_G518X_DFP,1.0.0,https://software-dl.ti.com/msp430/esd/MSPM0-CMSIS/MSPM0G511X_G518X/latest/exports/TexasInstruments.MSPM0G511X_G518X_DFP.pdsc,,,2026-08-12T04:05:17.3114066+00:00,,not_selected,,
TexasInstruments,MSPM0GX218_GX207_DFP,1.0.0,https://software-dl.ti.com/msp430/esd/MSPM0-CMSIS/MSPM0GX218_GX207/latest/exports/TexasInstruments.MSPM0GX218_GX207_DFP.pdsc,,,2026-08-12T04:05:17.3114066+00:00,,not_selected,,
Keil,STM32WL3x_DFP,1.2.0,https://www.keil.com/pack/Keil.STM32WL3x_DFP.pdsc,,,2026-08-12T04:05:17.3114066+00:00,yes,ok,22,
Keil,STM32G4xx_DFP,2.2.0,https://www.keil.com/pack/Keil.STM32G4xx_DFP.pdsc,,,2026-08-12T04:05:17.3114066+00:00,yes,ok,183,
Infineon,CAT1C_DFP,1.2.0,https://itools.infineon.com/cmsis_packs/CAT1C_DFP/Infineon.CAT1C_DFP.pdsc,,,2026-08-12T04:05:17.3114066+00:00,,not_selected,,
YTMicro,YTM32B1LD0_DFP,1.4.0,https://doc.ytmicro.com/keil/YTMicro.YTM32B1LD0_DFP.pdsc,,,2026-08-12T04:05:17.3114066+00:00,,not_selected,,
YTMicro,YTM32B1LE0_DFP,1.4.0,https://doc.ytmicro.com/keil/YTMicro.YTM32B1LE0_DFP.pdsc,,,2026-08-12T04:05:17.3114066+00:00,,not_selected,,
YTMicro,YTM32B1MC0_DFP,1.4.0,https://doc.ytmicro.com/keil/YTMicro.YTM32B1MC0_DFP.pdsc,,,2026-08-12T04:05:17.3114066+00:00,,not_selected,,
YTMicro,YTM32B1MD1_DFP,1.4.0,https://doc.ytmicro.com/keil/YTMicro.YTM32B1MD1_DFP.pdsc,,,2026-08-12T04:05:17.3114066+00:00,,not_selected,,
YTMicro,YTM32B1ME0_DFP,1.4.0,https://doc.ytmicro.com/keil/YTMicro.YTM32B1ME0_DFP.pdsc,,,2026-08-12T04:05:17.3114066+00:00,,not_selected,,
YTMicro,YTM32B1HA0_DFP,1.4.0,https://doc.ytmicro.com/keil/YTMicro.YTM32B1HA0_DFP.pdsc,,,2026-08-12T04:05:17.3114066+00:00,,not_selected,,
YTMicro,YTM32Z1MD0_DFP,1.1.0,https://doc.ytmicro.com/keil/YTMicro.YTM32Z1MD0_DFP.pdsc,,,2026-08-12T04:05:17.3114066+00:00,,not_selected,,
YTMicro,YTM32Z1LS0_DFP,1.4.0,https://doc.ytmicro.com/keil/YTMicro.YTM32Z1LS0_DFP.pdsc,,,2026-08-12T04:05:17.3114066+00:00,,not_selected,,
YTMicro,YTM32B1LE1_DFP,1.4.0,https://doc.ytmicro.com/keil/YTMicro.YTM32B1LE1_DFP.pdsc,,,2026-08-12T04:05:17.3114066+00:00,,not_selected,,
YTMicro,YTM32Z1ME0_DFP,1.1.0,https://doc.ytmicro.com/keil/YTMicro.YTM32Z1ME0_DFP.pdsc,,,2026-08-12T04:05:17.3114066+00:00,,not_selected,,
YTMicro,YTM32B1MD2_DFP,1.4.0,https://doc.ytmicro.com/keil/YTMicro.YTM32B1MD2_DFP.pdsc,,,2026-08-12T04:05:17.3114066+00:00,,not_selected,,
YTMicro,YTM32Z1LS1_DFP,1.4.0,https://doc.ytmicro.com/keil/YTMicro.YTM32Z1LS1_DFP.pdsc,,,2026-08-12T04:05:17.3114066+00:00,,not_selected,,
NXP,RW612_DFP,25.12.00,https://mcuxpresso.nxp.com/cmsis_pack/repo/NXP.RW612_DFP.pdsc,,,2026-08-12T04:05:17.3114066+00:00,,not_selected,,
NXP,MCXW235_DFP,25.12.00,https://mcuxpresso.nxp.com/cmsis_pack/repo/NXP.MCXW235_DFP.pdsc,,,2026-08-12T04:05:17.3114066+00:00,,not_selected,,
NXP,MCXW236_DFP,25.12.00,https://mcuxpresso.nxp.com/cmsis_pack/repo/NXP.MCXW236_DFP.pdsc,,,2026-08-12T04:05:17.3114066+00:00,,not_selected,,
NXP,RW610_DFP,25.12.00,https://mcuxpresso.nxp.com/cmsis_pack/repo/NXP.RW610_DFP.pdsc,,,2026-08-12T04:05:17.3114066+00:00,,not_selected,,
Keil,STM32C0xx_DFP,2.4.0,https://www.keil.com/pack/Keil.STM32C0xx_DFP.pdsc,,,2026-08-12T04:05:17.3114066+00:00,yes,ok,95,
Microchip,PIC32CX-SG60_DFP,1.3.159,https://packs.download.microchip.com/Microchip.PIC32CX-SG60_DFP.pdsc,,,2026-08-12T04:05:17.3114066+00:00,,not_selected,,
Microchip,PIC32CZ-CA70_DFP,1.3.62,https://packs.download.microchip.com/Microchip.PIC32CZ-CA70_DFP.pdsc,,,2026-08-12T04:05:17.3114066+00:00,,not_selected,,
Microchip,SAME51_DFP,3.9.267,https://packs.download.microchip.com/Microchip.SAME51_DFP.pdsc,,,2026-08-12T04:05:17.3114066+00:00,,not_selected,,
Microchip,SAME53_DFP,3.10.248,https://packs.download.microchip.com/Microchip.SAME53_DFP.pdsc,,,2026-08-12T04:05:17.3114066+00:00,,not_selected,,
Infineon,XMC1000_DFP,2.12.0,https://itools.infineon.com/cmsis_packs/XMC1000/Infineon.XMC1000_DFP.pdsc,,,2026-08-12T04:05:17.3114066+00:00,,not_selected,,
Infineon,XMC4000_DFP,2.14.0,https://itools.infineon.com/cmsis_packs/XMC4000/Infineon.XMC4000_DFP.pdsc,,,2026-08-12T04:05:17.3114066+00:00,,not_selected,,
Microchip,SAME70_DFP,4.13.292,https://packs.download.microchip.com/Microchip.SAME70_DFP.pdsc,,,2026-08-12T04:05:17.3114066+00:00,,not_selected,,
Microchip,SAMS70_DFP,4.12.234,https://packs.download.microchip.com/Microchip.SAMS70_DFP.pdsc,,,2026-08-12T04:05:17.3114066+00:00,,not_selected,,
Microchip,SAMV70_DFP,4.12.233,https://packs.download.microchip.com/Microchip.SAMV70_DFP.pdsc,,,2026-08-12T04:05:17.3114066+00:00,,not_selected,,
Microchip,SAMV71_DFP,4.13.257,https://packs.download.microchip.com/Microchip.SAMV71_DFP.pdsc,,,2026-08-12T04:05:17.3114066+00:00,,not_selected,,
Microchip,SAMD21_DFP,3.8.270,https://packs.download.microchip.com/Microchip.SAMD21_DFP.pdsc,,,2026-08-12T04:05:17.3114066+00:00,,not_selected,,
Microchip,SAMRH707_DFP,1.3.181,https://packs.download.microchip.com/Microchip.SAMRH707_DFP.pdsc,,,2026-08-12T04:05:17.3114066+00:00,,not_selected,,
Microchip,SAMRH71_DFP,2.8.290,https://packs.download.microchip.com/Microchip.SAMRH71_DFP.pdsc,,,2026-08-12T04:05:17.3114066+00:00,,not_selected,,
Microchip,PIC32CX-SG41_DFP,1.6.172,https://packs.download.microchip.com/Microchip.PIC32CX-SG41_DFP.pdsc,,,2026-08-12T04:05:17.3114066+00:00,,not_selected,,
Microchip,PIC32CZ-MC70_DFP,1.3.57,https://packs.download.microchip.com/Microchip.PIC32CZ-MC70_DFP.pdsc,,,2026-08-12T04:05:17.3114066+00:00,,not_selected,,
Microchip,PIC32CX-SG61_DFP,1.3.171,https://packs.download.microchip.com/Microchip.PIC32CX-SG61_DFP.pdsc,,,2026-08-12T04:05:17.3114066+00:00,,not_selected,,
Infineon,AIROC_DFP,1.3.0,https://github.com/Infineon/cmsis-packs/raw/master/AIROC_DFP/Infineon.AIROC_DFP.pdsc,,,2026-08-12T04:05:17.3114066+00:00,,not_selected,,
Infineon,CAT2_DFP,1.6.0,https://itools.infineon.com/cmsis_packs/CAT2_DFP/Infineon.CAT2_DFP.pdsc,,,2026-08-12T04:05:17.3114066+00:00,,not_selected,,
Keil,STM32WBAxx_DFP,2.2.0,https://www.keil.com/pack/Keil.STM32WBAxx_DFP.pdsc,,,2026-08-12T04:05:17.3114066+00:00,yes,ok,61,
SiliconLabs,GeckoPlatform_BGM21_DFP,2025.12.1,https://www.silabs.com/documents/public/cmsis-packs/SiliconLabs.GeckoPlatform_BGM21_DFP.pdsc,,,2026-08-12T04:05:17.3114066+00:00,,not_selected,,
SiliconLabs,GeckoPlatform_BGM24_DFP,2025.12.1,https://www.silabs.com/documents/public/cmsis-packs/SiliconLabs.GeckoPlatform_BGM24_DFP.pdsc,,,2026-08-12T04:05:17.3114066+00:00,,not_selected,,
SiliconLabs,GeckoPlatform_BGM22_DFP,2025.12.1,https://www.silabs.com/documents/public/cmsis-packs/SiliconLabs.GeckoPlatform_BGM22_DFP.pdsc,,,2026-08-12T04:05:17.3114066+00:00,,not_selected,,
SiliconLabs,GeckoPlatform_EFM32PG22_DFP,2025.12.1,https://www.silabs.com/documents/public/cmsis-packs/SiliconLabs.GeckoPlatform_EFM32PG22_DFP.pdsc,,,2026-08-12T04:05:17.3114066+00:00,,not_selected,,
SiliconLabs,GeckoPlatform_EFM32PG23_DFP,2025.12.1,https://www.silabs.com/documents/public/cmsis-packs/SiliconLabs.GeckoPlatform_EFM32PG23_DFP.pdsc,,,2026-08-12T04:05:17.3114066+00:00,,not_selected,,
SiliconLabs,GeckoPlatform_EFR32BG21_DFP,2025.12.1,https://www.silabs.com/documents/public/cmsis-packs/SiliconLabs.GeckoPlatform_EFR32BG21_DFP.pdsc,,,2026-08-12T04:05:17.3114066+00:00,,not_selected,,
SiliconLabs,GeckoPlatform_EFR32BG22_DFP,2025.12.1,https://www.silabs.com/documents/public/cmsis-packs/SiliconLabs.GeckoPlatform_EFR32BG22_DFP.pdsc,,,2026-08-12T04:05:17.3114066+00:00,,not_selected,,
SiliconLabs,GeckoPlatform_EFR32BG24_DFP,2025.12.1,https://www.silabs.com/documents/public/cmsis-packs/SiliconLabs.GeckoPlatform_EFR32BG24_DFP.pdsc,,,2026-08-12T04:05:17.3114066+00:00,,not_selected,,
SiliconLabs,GeckoPlatform_EFR32BG27_DFP,2025.12.1,https://www.silabs.com/documents/public/cmsis-packs/SiliconLabs.GeckoPlatform_EFR32BG27_DFP.pdsc,,,2026-08-12T04:05:17.3114066+00:00,,not_selected,,
SiliconLabs,GeckoPlatform_EFR32BG29_DFP,2025.12.1,https://www.silabs.com/documents/public/cmsis-packs/SiliconLabs.GeckoPlatform_EFR32BG29_DFP.pdsc,,,2026-08-12T04:05:17.3114066+00:00,,not_selected,,
SiliconLabs,GeckoPlatform_EFR32FG22_DFP,2025.12.1,https://www.silabs.com/documents/public/cmsis-packs/SiliconLabs.GeckoPlatform_EFR32FG22_DFP.pdsc,,,2026-08-12T04:05:17.3114066+00:00,,not_selected,,
SiliconLabs,GeckoPlatform_EFR32FG23_DFP,2025.12.1,https://www.silabs.com/documents/public/cmsis-packs/SiliconLabs.GeckoPlatform_EFR32FG23_DFP.pdsc,,,2026-08-12T04:05:17.3114066+00:00,,not_selected,,
SiliconLabs,GeckoPlatform_EFR32FG25_DFP,2025.12.1,https://www.silabs.com/documents/public/cmsis-packs/SiliconLabs.GeckoPlatform_EFR32FG25_DFP.pdsc,,,2026-08-12T04:05:17.3114066+00:00,,not_selected,,
SiliconLabs,GeckoPlatform_EFR32MG21_DFP,2025.12.1,https://www.silabs.com/documents/public/cmsis-packs/SiliconLabs.GeckoPlatform_EFR32MG21_DFP.pdsc,,,2026-08-12T04:05:17.3114066+00:00,,not_selected,,
SiliconLabs,GeckoPlatform_EFR32MG22_DFP,2025.12.1,https://www.silabs.com/documents/public/cmsis-packs/SiliconLabs.GeckoPlatform_EFR32MG22_DFP.pdsc,,,2026-08-12T04:05:17.3114066+00:00,,not_selected,,
SiliconLabs,GeckoPlatform_EFR32MG24_DFP,2025.12.1,https://www.silabs.com/documents/public/cmsis-packs/SiliconLabs.GeckoPlatform_EFR32MG24_DFP.pdsc,,,2026-08-12T04:05:17.3114066+00:00,,not_selected,,
SiliconLabs,GeckoPlatform_EFR32MG27_DFP,2025.12.1,https://www.silabs.com/documents/public/cmsis-packs/SiliconLabs.GeckoPlatform_EFR32MG27_DFP.pdsc,,,2026-08-12T04:05:17.3114066+00:00,,not_selected,,
SiliconLabs,GeckoPlatform_EFR32MG29_DFP,2025.12.1,https://www.silabs.com/documents/public/cmsis-packs/SiliconLabs.GeckoPlatform_EFR32MG29_DFP.pdsc,,,2026-08-12T04:05:17.3114066+00:00,,not_selected,,
SiliconLabs,GeckoPlatform_EFR32ZG23_DFP,2025.12.1,https://www.silabs.com/documents/public/cmsis-packs/SiliconLabs.GeckoPlatform_EFR32ZG23_DFP.pdsc,,,2026-08-12T04:05:17.3114066+00:00,,not_selected,,
SiliconLabs,GeckoPlatform_MGM21_DFP,2025.12.1,https://www.silabs.com/documents/public/cmsis-packs/SiliconLabs.GeckoPlatform_MGM21_DFP.pdsc,,,2026-08-12T04:05:17.3114066+00:00,,not_selected,,
SiliconLabs,GeckoPlatform_MGM22_DFP,2025.12.1,https://www.silabs.com/documents/public/cmsis-packs/SiliconLabs.GeckoPlatform_MGM22_DFP.pdsc,,,2026-08-12T04:05:17.3114066+00:00,,not_selected,,
SiliconLabs,GeckoPlatform_MGM24_DFP,2025.12.1,https://www.silabs.com/documents/public/cmsis-packs/SiliconLabs.GeckoPlatform_MGM24_DFP.pdsc,,,2026-08-12T04:05:17.3114066+00:00,,not_selected,,
SiliconLabs,GeckoPlatform_ZGM23_DFP,2025.12.1,https://www.silabs.com/documents/public/cmsis-packs/SiliconLabs.GeckoPlatform_ZGM23_DFP.pdsc,,,2026-08-12T04:05:17.3114066+00:00,,not_selected,,
SiliconLabs,GeckoPlatform_EFR32FG28_DFP,2025.12.1,https://www.silabs.com/documents/public/cmsis-packs/SiliconLabs.GeckoPlatform_EFR32FG28_DFP.pdsc,,,2026-08-12T04:05:17.3114066+00:00,,not_selected,,
SiliconLabs,GeckoPlatform_EFR32ZG28_DFP,2025.12.1,https://www.silabs.com/documents/public/cmsis-packs/SiliconLabs.GeckoPlatform_EFR32ZG28_DFP.pdsc,,,2026-08-12T04:05:17.3114066+00:00,,not_selected,,
SiliconLabs,GeckoPlatform_EFR32MR21_DFP,2025.12.1,https://www.silabs.com/documents/public/cmsis-packs/SiliconLabs.GeckoPlatform_EFR32MR21_DFP.pdsc,,,2026-08-12T04:05:17.3114066+00:00,,not_selected,,
SiliconLabs,GeckoPlatform_EFR32SG23_DFP,2025.12.1,https://www.silabs.com/documents/public/cmsis-packs/SiliconLabs.GeckoPlatform_EFR32SG23_DFP.pdsc,,,2026-08-12T04:05:17.3114066+00:00,,not_selected,,
SiliconLabs,GeckoPlatform_EFR32SG28_DFP,2025.12.1,https://www.silabs.com/documents/public/cmsis-packs/SiliconLabs.GeckoPlatform_EFR32SG28_DFP.pdsc,,,2026-08-12T04:05:17.3114066+00:00,,not_selected,,
SiliconLabs,GeckoPlatform_EFM32PG28_DFP,2025.12.1,https://www.silabs.com/documents/public/cmsis-packs/SiliconLabs.GeckoPlatform_EFM32PG28_DFP.pdsc,,,2026-08-12T04:05:17.3114066+00:00,,not_selected,,
SiliconLabs,GeckoPlatform_EFM32PG26_DFP,2025.12.1,https://www.silabs.com/documents/public/cmsis-packs/SiliconLabs.GeckoPlatform_EFM32PG26_DFP.pdsc,,,2026-08-12T04:05:17.3114066+00:00,,not_selected,,
SiliconLabs,GeckoPlatform_EFR32BG26_DFP,2025.12.1,https://www.silabs.com/documents/public/cmsis-packs/SiliconLabs.GeckoPlatform_EFR32BG26_DFP.pdsc,,,2026-08-12T04:05:17.3114066+00:00,,not_selected,,
SiliconLabs,GeckoPlatform_EFR32MG26_DFP,2025.12.1,https://www.silabs.com/documents/public/cmsis-packs/SiliconLabs.GeckoPlatform_EFR32MG26_DFP.pdsc,,,2026-08-12T04:05:17.3114066+00:00,,not_selected,,
SiliconLabs,GeckoPlatform_FGM23_DFP,2025.12.1,https://www.silabs.com/documents/public/cmsis-packs/SiliconLabs.GeckoPlatform_FGM23_DFP.pdsc,,,2026-08-12T04:05:17.3114066+00:00,,not_selected,,
SiliconLabs,GeckoPlatform_MGM26_DFP,2025.12.1,https://www.silabs.com/documents/public/cmsis-packs/SiliconLabs.GeckoPlatform_MGM26_DFP.pdsc,,,2026-08-12T04:05:17.3114066+00:00,,not_selected,,
SiliconLabs,GeckoPlatform_BGM26_DFP,2025.12.1,https://www.silabs.com/documents/public/cmsis-packs/SiliconLabs.GeckoPlatform_BGM26_DFP.pdsc,,,2026-08-12T04:05:17.3114066+00:00,,not_selected,,
SiliconLabs,GeckoPlatform_MGM27_DFP,2025.12.1,https://www.silabs.com/documents/public/cmsis-packs/SiliconLabs.GeckoPlatform_MGM27_DFP.pdsc,,,2026-08-12T04:05:17.3114066+00:00,,not_selected,,
SiliconLabs,GeckoPlatform_SIBG301_DFP,2025.12.1,https://www.silabs.com/documents/public/cmsis-packs/SiliconLabs.GeckoPlatform_SIBG301_DFP.pdsc,,,2026-08-12T04:05:17.3114066+00:00,,not_selected,,
SiliconLabs,GeckoPlatform_SIMG301_DFP,2025.12.1,https://www.silabs.com/documents/public/cmsis-packs/SiliconLabs.GeckoPlatform_SIMG301_DFP.pdsc,,,2026-08-12T04:05:17.3114066+00:00,,not_selected,,
YTMicro,YTM32B1ME1_DFP,1.4.1,https://doc.ytmicro.com/keil/YTMicro.YTM32B1ME1_DFP.pdsc,,,2026-08-12T04:05:17.3114066+00:00,,not_selected,,
Toshiba,TXZplus4E-M4H_DFP,1.0.0,https://toshiba.semicon-storage.com/content/dam/toshiba-ss-v3/master/en/semiconductor/product/dl/device-family-pack/Toshiba.TXZplus4E-M4H_DFP.pdsc,,,2026-08-12T04:05:17.3114066+00:00,,not_selected,,
Toshiba,TX04-M471_DFP,1.0.1,https://toshiba.semicon-storage.com/content/dam/toshiba-ss-v3/master/en/semiconductor/product/dl/device-family-pack/Toshiba.TX04-M471_DFP.pdsc,,,2026-08-12T04:05:17.3114066+00:00,,not_selected,,
Toshiba,TXZ4Aplus-M4K1_DFP,1.0.1,https://toshiba.semicon-storage.com/content/dam/toshiba-ss-v3/master/en/semiconductor/product/dl/device-family-pack/Toshiba.TXZ4Aplus-M4K1_DFP.pdsc,,,2026-08-12T04:05:17.3114066+00:00,,not_selected,,
Amiccom,SoC_DFP,0.2.4,https://www.amiccom.com.tw/download/Amiccom_DeviceFamilyPack/Amiccom.SoC_DFP.pdsc,,,2026-08-12T04:05:17.3114066+00:00,,not_selected,,
SiliconLabs,GeckoPlatform_EFR32FG2D_DFP,2025.12.1,https://www.silabs.com/documents/public/cmsis-packs/SiliconLabs.GeckoPlatform_EFR32FG2D_DFP.pdsc,,,2026-08-12T04:05:17.3114066+00:00,,not_selected,,
SiliconLabs,GeckoPlatform_BGM27_DFP,2025.12.1,https://www.silabs.com/documents/public/cmsis-packs/SiliconLabs.GeckoPlatform_BGM27_DFP.pdsc,,,2026-08-12T04:05:17.3114066+00:00,,not_selected,,
FMD,FT32F0xx_DFP,1.1.4,https://www.fremontmicro.com/upload/tools/pack/FMD.FT32F0xx_DFP.pdsc,,,2026-08-12T04:05:17.3114066+00:00,,not_selected,,
FMD,FT32F1xx_DFP,1.0.3,https://www.fremontmicro.com/upload/tools/pack/FMD.FT32F1xx_DFP.pdsc,,,2026-08-12T04:05:17.3114066+00:00,,not_selected,,
Microchip,SAMR34_DFP,2.2.187,https://packs.download.microchip.com/Microchip.SAMR34_DFP.pdsc,,,2026-08-12T04:05:17.3114066+00:00,,not_selected,,
Keil,STM32U0xx_DFP,2.2.0,https://www.keil.com/pack/Keil.STM32U0xx_DFP.pdsc,,,2026-08-12T04:05:17.3114066+00:00,yes,ok,48,
AnalogDevices,ADuCM302x_DFP,4.0.0,https://download.analog.com/tools/EZBoards/CM302x/Releases/AnalogDevices.ADuCM302x_DFP.pdsc,,,2026-08-12T04:05:17.3114066+00:00,,not_selected,,
Nuvoton,NuMicroM0_DFP,1.0.2,https://github.com/OpenNuvoton/cmsis-packs/raw/master/Nuvoton_DFP/Nuvoton.NuMicroM0_DFP.pdsc,,,2026-08-12T04:05:17.3114066+00:00,,not_selected,,
Nuvoton,NuMicroM4_DFP,1.0.2,https://github.com/OpenNuvoton/cmsis-packs/raw/master/Nuvoton_DFP/Nuvoton.NuMicroM4_DFP.pdsc,,,2026-08-12T04:05:17.3114066+00:00,,not_selected,,
Nuvoton,NuMicroCM23_DFP,1.0.4,https://github.com/OpenNuvoton/cmsis-packs/raw/master/Nuvoton_DFP/Nuvoton.NuMicroCM23_DFP.pdsc,,,2026-08-12T04:05:17.3114066+00:00,,not_selected,,
Nuvoton,NuMicroCM33_DFP,1.0.1,https://github.com/OpenNuvoton/cmsis-packs/raw/master/Nuvoton_DFP/Nuvoton.NuMicroCM33_DFP.pdsc,,,2026-08-12T04:05:17.3114066+00:00,,not_selected,,
Microchip,PIC32CK-SG_DFP,1.7.233,https://packs.download.microchip.com/Microchip.PIC32CK-SG_DFP.pdsc,,,2026-08-12T04:05:17.3114066+00:00,,not_selected,,
Nuvoton,NuMicroCM23_DFP,1.0.4,https://github.com/OpenNuvoton/cmsis-packs/raw/master/Nuvoton_DFP/Nuvoton.NuMicroCM23_DFP.pdsc,,,2026-08-12T04:05:17.3114066+00:00,,not_selected,,
FMD,FT32F4xx_DFP,1.0.1,https://www.fremontmicro.com/upload/tools/pack/FMD.FT32F4xx_DFP.pdsc,,,2026-08-12T04:05:17.3114066+00:00,,not_selected,,
APEXMIC,APM32F1xx_DFP,1.0.5,https://global.geehy.com/uploads/tool/APEXMIC.APM32F1xx_DFP.pdsc,2026-04-20,Geehy.APM32F1xx_DFP,2026-08-12T04:05:17.3114066+00:00,,not_selected,,
Geehy,APM32F445_446_DFP,1.0.0,https://global.geehy.com/uploads/tool/Geehy.APM32F445_446_DFP.pdsc,,,2026-08-12T04:05:17.3114066+00:00,,not_selected,,
Geehy,APM32S1xx_DFP,1.0.2,https://global.geehy.com/uploads/tool/Geehy.APM32S1xx_DFP.pdsc,2026-04-20,,2026-08-12T04:05:17.3114066+00:00,,not_selected,,
Microchip,SAMG_DFP,3.10.223,https://packs.download.microchip.com/Microchip.SAMG_DFP.pdsc,,,2026-08-12T04:05:17.3114066+00:00,,not_selected,,
Geehy,G32R4xx_DFP,1.0.3,https://global.geehy.com/uploads/tool/Geehy.G32R4xx_DFP.pdsc,,,2026-08-12T04:05:17.3114066+00:00,,not_selected,,
Infineon,TLE994x_5x_DFP,2.1.0-announcement,https://itools.infineon.com/cmsis_packs/TLE994x_5x/Infineon.TLE994x_5x_DFP.pdsc,,,2026-08-12T04:05:17.3114066+00:00,,not_selected,,
Nuvoton,NuMicroM23_DFP,1.0.7,https://github.com/OpenNuvoton/cmsis-packs/raw/master/Nuvoton_DFP/Nuvoton.NuMicroM23_DFP.pdsc,,,2026-08-12T04:05:17.3114066+00:00,,not_selected,,
ARM,Cortex_DFP,1.2.0,https://www.keil.com/pack/ARM.Cortex_DFP.pdsc,,,2026-08-12T04:05:17.3114066+00:00,,not_selected,,
Keil,STM32N6xx_DFP,1.2.0,https://www.keil.com/pack/Keil.STM32N6xx_DFP.pdsc,,,2026-08-12T04:05:17.3114066+00:00,yes,ok,24,
AnalogDevices,ADuCM4x50_DFP,5.0.0,https://download.analog.com/tools/EZBoards/ADuCM4050/Releases/AnalogDevices.ADuCM4x50_DFP.pdsc,,,2026-08-12T04:05:17.3114066+00:00,,not_selected,,
Nuvoton,NuVoice_ISD_DFP,1.0.23,https://github.com/OpenNuvoton/cmsis-packs/raw/master/Nuvoton.NuVoice_ISD_DFP.pdsc,,,2026-08-12T04:05:17.3114066+00:00,,not_selected,,
Nuvoton,AudioSoCs_DFP,1.0.1,https://github.com/OpenNuvoton/cmsis-packs/raw/master/Nuvoton.AudioSoCs_DFP.pdsc,,,2026-08-12T04:05:17.3114066+00:00,,not_selected,,
Microchip,PIC32CM-LE_DFP,1.4.336,https://packs.download.microchip.com/Microchip.PIC32CM-LE_DFP.pdsc,,,2026-08-12T04:05:17.3114066+00:00,,not_selected,,
Microchip,PIC32CZ-CA80_DFP,1.7.219,https://packs.download.microchip.com/Microchip.PIC32CZ-CA80_DFP.pdsc,,,2026-08-12T04:05:17.3114066+00:00,,not_selected,,
Microchip,PIC32CZ-CA90_DFP,1.8.226,https://packs.download.microchip.com/Microchip.PIC32CZ-CA90_DFP.pdsc,,,2026-08-12T04:05:17.3114066+00:00,,not_selected,,
Geehy,G32F031_DFP,1.0.1,https://global.geehy.com/design/software/Geehy.G32F031_DFP.pdsc,,,2026-08-12T04:05:17.3114066+00:00,,not_selected,,
Microchip,PIC32CM-JH_DFP,1.7.296,https://packs.download.microchip.com/Microchip.PIC32CM-JH_DFP.pdsc,,,2026-08-12T04:05:17.3114066+00:00,,not_selected,,
Microchip,SAMD51_DFP,3.9.276,https://packs.download.microchip.com/Microchip.SAMD51_DFP.pdsc,,,2026-08-12T04:05:17.3114066+00:00,,not_selected,,
STMicroelectronics,stm32c5xx_dfp,2.1.0,https://developer.st.com/st-pack-server/api/v1/pack/STMicroelectronics.stm32c5xx_dfp.pdsc,,,2026-08-12T04:05:17.3114066+00:00,yes,ok,157,
Infineon,PSC3xxx_DFP,1.0.0,https://itools.infineon.com/cmsis_packs/PSC3xxx_DFP/Infineon.PSC3xxx_DFP.pdsc,,,2026-08-12T04:05:17.3114066+00:00,,not_selected,,
Renesas,RA_DFP,6.5.1,https://www2.renesas.eu/Keil_MDK_Packs/Renesas.RA_DFP.pdsc,,,2026-08-12T04:05:17.3114066+00:00,,not_selected,,
AnalogDevices,ADuCM36x_DFP,2.1.0,https://download.analog.com/tools/EZBoards/CM36x/Releases/AnalogDevices.ADuCM36x_DFP.pdsc,,,2026-08-12T04:05:17.3114066+00:00,,not_selected,,
Geehy,APM32E1xx_DFP,1.0.5,https://global.geehy.com/uploads/tool/Geehy.APM32E1xx_DFP.pdsc,,,2026-08-12T04:05:17.3114066+00:00,,not_selected,,
Geehy,APM32F00x_DFP,1.0.7,https://global.geehy.com/uploads/tool/Geehy.APM32F00x_DFP.pdsc,,,2026-08-12T04:05:17.3114066+00:00,,not_selected,,
Geehy,APM32F035_DFP,1.0.4,https://global.geehy.com/uploads/tool/Geehy.APM32F035_DFP.pdsc,,,2026-08-12T04:05:17.3114066+00:00,,not_selected,,
Geehy,APM32F0xx_DFP,1.1.4,https://global.geehy.com/uploads/tool/Geehy.APM32F0xx_DFP.pdsc,,,2026-08-12T04:05:17.3114066+00:00,,not_selected,,
Geehy,APM32F1xx_DFP,1.2.1,https://global.geehy.com/uploads/tool/Geehy.APM32F1xx_DFP.pdsc,,,2026-08-12T04:05:17.3114066+00:00,,not_selected,,
Geehy,APM32F4xx_DFP,1.0.12,https://global.geehy.com/uploads/tool/Geehy.APM32F4xx_DFP.pdsc,,,2026-08-12T04:05:17.3114066+00:00,,not_selected,,
Geehy,G32R5xx_DFP,1.0.2,https://global.geehy.com/uploads/tool/Geehy.G32R5xx_DFP.pdsc,,,2026-08-12T04:05:17.3114066+00:00,,not_selected,,
Infineon,T2G-B-H_DFP,1.2.2,https://itools.infineon.com/cmsis_packs/T2G-B-H/Infineon.T2G-B-H_DFP.pdsc,,,2026-08-12T04:05:17.3114066+00:00,,not_selected,,
Infineon,CAT1A_DFP,1.7.0,https://itools.infineon.com/cmsis_packs/CAT1A_DFP/Infineon.CAT1A_DFP.pdsc,,,2026-08-12T04:05:17.3114066+00:00,,not_selected,,
Infineon,PSE8xxx_DFP,1.1.0,https://itools.infineon.com/cmsis_packs/PSE8xxx_DFP/Infineon.PSE8xxx_DFP.pdsc,,,2026-08-12T04:05:17.3114066+00:00,,not_selected,,
Infineon,T2G-C-2D_DFP,1.1.0,https://itools.infineon.com/cmsis_packs/T2G-C-2D/Infineon.T2G-C-2D_DFP.pdsc,,,2026-08-12T04:05:17.3114066+00:00,,not_selected,,
NXP,MCXA154_DFP,26.06.00,https://mcuxpresso.nxp.com/cmsis_pack/repo/NXP.MCXA154_DFP.pdsc,,,2026-08-12T04:05:17.3114066+00:00,,not_selected,,
NXP,MIMXRT1064_DFP,26.06.00,https://mcuxpresso.nxp.com/cmsis_pack/repo/NXP.MIMXRT1064_DFP.pdsc,,,2026-08-12T04:05:17.3114066+00:00,,not_selected,,
NXP,MIMXRT1061_DFP,26.06.00,https://mcuxpresso.nxp.com/cmsis_pack/repo/NXP.MIMXRT1061_DFP.pdsc,,,2026-08-12T04:05:17.3114066+00:00,,not_selected,,
NXP,MIMXRT1062_DFP,26.06.00,https://mcuxpresso.nxp.com/cmsis_pack/repo/NXP.MIMXRT1062_DFP.pdsc,,,2026-08-12T04:05:17.3114066+00:00,,not_selected,,
NXP,LPC845_DFP,26.06.00,https://mcuxpresso.nxp.com/cmsis_pack/repo/NXP.LPC845_DFP.pdsc,,,2026-08-12T04:05:17.3114066+00:00,,not_selected,,
NXP,LPC54005_DFP,26.06.00,https://mcuxpresso.nxp.com/cmsis_pack/repo/NXP.LPC54005_DFP.pdsc,,,2026-08-12T04:05:17.3114066+00:00,,not_selected,,
NXP,LPC54607_DFP,26.06.00,https://mcuxpresso.nxp.com/cmsis_pack/repo/NXP.LPC54607_DFP.pdsc,,,2026-08-12T04:05:17.3114066+00:00,,not_selected,,
NXP,MIMXRT1052_DFP,26.06.00,https://mcuxpresso.nxp.com/cmsis_pack/repo/NXP.MIMXRT1052_DFP.pdsc,,,2026-08-12T04:05:17.3114066+00:00,,not_selected,,
NXP,MKE14Z7_DFP,26.06.00,https://mcuxpresso.nxp.com/cmsis_pack/repo/NXP.MKE14Z7_DFP.pdsc,,,2026-08-12T04:05:17.3114066+00:00,,not_selected,,
NXP,MKE14Z4_DFP,26.06.00,https://mcuxpresso.nxp.com/cmsis_pack/repo/NXP.MKE14Z4_DFP.pdsc,,,2026-08-12T04:05:17.3114066+00:00,,not_selected,,
NXP,MKE15Z4_DFP,26.06.00,https://mcuxpresso.nxp.com/cmsis_pack/repo/NXP.MKE15Z4_DFP.pdsc,,,2026-08-12T04:05:17.3114066+00:00,,not_selected,,
NXP,MKE16Z4_DFP,26.06.00,https://mcuxpresso.nxp.com/cmsis_pack/repo/NXP.MKE16Z4_DFP.pdsc,,,2026-08-12T04:05:17.3114066+00:00,,not_selected,,
NXP,LPC5526_DFP,26.06.00,https://mcuxpresso.nxp.com/cmsis_pack/repo/NXP.LPC5526_DFP.pdsc,,,2026-08-12T04:05:17.3114066+00:00,,not_selected,,
NXP,LPC55S26_DFP,26.06.00,https://mcuxpresso.nxp.com/cmsis_pack/repo/NXP.LPC55S26_DFP.pdsc,,,2026-08-12T04:05:17.3114066+00:00,,not_selected,,
NXP,LPC55S28_DFP,26.06.00,https://mcuxpresso.nxp.com/cmsis_pack/repo/NXP.LPC55S28_DFP.pdsc,,,2026-08-12T04:05:17.3114066+00:00,,not_selected,,
NXP,LPC55S66_DFP,26.06.00,https://mcuxpresso.nxp.com/cmsis_pack/repo/NXP.LPC55S66_DFP.pdsc,,,2026-08-12T04:05:17.3114066+00:00,,not_selected,,
NXP,LPC55S69_DFP,26.06.00,https://mcuxpresso.nxp.com/cmsis_pack/repo/NXP.LPC55S69_DFP.pdsc,,,2026-08-12T04:05:17.3114066+00:00,,not_selected,,
NXP,LPC5512_DFP,26.06.00,https://mcuxpresso.nxp.com/cmsis_pack/repo/NXP.LPC5512_DFP.pdsc,,,2026-08-12T04:05:17.3114066+00:00,,not_selected,,
NXP,LPC5514_DFP,26.06.00,https://mcuxpresso.nxp.com/cmsis_pack/repo/NXP.LPC5514_DFP.pdsc,,,2026-08-12T04:05:17.3114066+00:00,,not_selected,,
NXP,LPC5516_DFP,26.06.00,https://mcuxpresso.nxp.com/cmsis_pack/repo/NXP.LPC5516_DFP.pdsc,,,2026-08-12T04:05:17.3114066+00:00,,not_selected,,
NXP,MIMXRT633S_DFP,26.06.00,https://mcuxpresso.nxp.com/cmsis_pack/repo/NXP.MIMXRT633S_DFP.pdsc,,,2026-08-12T04:05:17.3114066+00:00,,not_selected,,
NXP,MIMXRT685S_DFP,26.06.00,https://mcuxpresso.nxp.com/cmsis_pack/repo/NXP.MIMXRT685S_DFP.pdsc,,,2026-08-12T04:05:17.3114066+00:00,,not_selected,,
NXP,MKM35Z7_DFP,26.06.00,https://mcuxpresso.nxp.com/cmsis_pack/repo/NXP.MKM35Z7_DFP.pdsc,,,2026-08-12T04:05:17.3114066+00:00,,not_selected,,
NXP,LPC55S06_DFP,26.06.00,https://mcuxpresso.nxp.com/cmsis_pack/repo/NXP.LPC55S06_DFP.pdsc,,,2026-08-12T04:05:17.3114066+00:00,,not_selected,,
NXP,LPC5502_DFP,26.06.00,https://mcuxpresso.nxp.com/cmsis_pack/repo/NXP.LPC5502_DFP.pdsc,,,2026-08-12T04:05:17.3114066+00:00,,not_selected,,
NXP,LPC5504_DFP,26.06.00,https://mcuxpresso.nxp.com/cmsis_pack/repo/NXP.LPC5504_DFP.pdsc,,,2026-08-12T04:05:17.3114066+00:00,,not_selected,,
NXP,LPC5506_DFP,26.06.00,https://mcuxpresso.nxp.com/cmsis_pack/repo/NXP.LPC5506_DFP.pdsc,,,2026-08-12T04:05:17.3114066+00:00,,not_selected,,
NXP,MIMXRT1024_DFP,26.06.00,https://mcuxpresso.nxp.com/cmsis_pack/repo/NXP.MIMXRT1024_DFP.pdsc,,,2026-08-12T04:05:17.3114066+00:00,,not_selected,,
NXP,MIMXRT533S_DFP,26.06.00,https://mcuxpresso.nxp.com/cmsis_pack/repo/NXP.MIMXRT533S_DFP.pdsc,,,2026-08-12T04:05:17.3114066+00:00,,not_selected,,
NXP,MIMXRT555S_DFP,26.06.00,https://mcuxpresso.nxp.com/cmsis_pack/repo/NXP.MIMXRT555S_DFP.pdsc,,,2026-08-12T04:05:17.3114066+00:00,,not_selected,,
NXP,MIMXRT595S_DFP,26.06.00,https://mcuxpresso.nxp.com/cmsis_pack/repo/NXP.MIMXRT595S_DFP.pdsc,,,2026-08-12T04:05:17.3114066+00:00,,not_selected,,
NXP,MIMXRT1171_DFP,26.06.00,https://mcuxpresso.nxp.com/cmsis_pack/repo/NXP.MIMXRT1171_DFP.pdsc,,,2026-08-12T04:05:17.3114066+00:00,,not_selected,,
NXP,MIMXRT1172_DFP,26.06.00,https://mcuxpresso.nxp.com/cmsis_pack/repo/NXP.MIMXRT1172_DFP.pdsc,,,2026-08-12T04:05:17.3114066+00:00,,not_selected,,
NXP,MIMXRT1173_DFP,26.06.00,https://mcuxpresso.nxp.com/cmsis_pack/repo/NXP.MIMXRT1173_DFP.pdsc,,,2026-08-12T04:05:17.3114066+00:00,,not_selected,,
NXP,MIMXRT1165_DFP,26.06.00,https://mcuxpresso.nxp.com/cmsis_pack/repo/NXP.MIMXRT1165_DFP.pdsc,,,2026-08-12T04:05:17.3114066+00:00,,not_selected,,
NXP,MIMXRT1166_DFP,26.06.00,https://mcuxpresso.nxp.com/cmsis_pack/repo/NXP.MIMXRT1166_DFP.pdsc,,,2026-08-12T04:05:17.3114066+00:00,,not_selected,,
NXP,MKE12Z7_DFP,26.06.00,https://mcuxpresso.nxp.com/cmsis_pack/repo/NXP.MKE12Z7_DFP.pdsc,,,2026-08-12T04:05:17.3114066+00:00,,not_selected,,
NXP,MKE13Z7_DFP,26.06.00,https://mcuxpresso.nxp.com/cmsis_pack/repo/NXP.MKE13Z7_DFP.pdsc,,,2026-08-12T04:05:17.3114066+00:00,,not_selected,,
NXP,MKE17Z7_DFP,26.06.00,https://mcuxpresso.nxp.com/cmsis_pack/repo/NXP.MKE17Z7_DFP.pdsc,,,2026-08-12T04:05:17.3114066+00:00,,not_selected,,
NXP,LPC5534_DFP,26.06.00,https://mcuxpresso.nxp.com/cmsis_pack/repo/NXP.LPC5534_DFP.pdsc,,,2026-08-12T04:05:17.3114066+00:00,,not_selected,,
NXP,LPC5536_DFP,26.06.00,https://mcuxpresso.nxp.com/cmsis_pack/repo/NXP.LPC5536_DFP.pdsc,,,2026-08-12T04:05:17.3114066+00:00,,not_selected,,
NXP,LPC55S36_DFP,26.06.00,https://mcuxpresso.nxp.com/cmsis_pack/repo/NXP.LPC55S36_DFP.pdsc,,,2026-08-12T04:05:17.3114066+00:00,,not_selected,,
NXP,LPC864_DFP,26.06.00,https://mcuxpresso.nxp.com/cmsis_pack/repo/NXP.LPC864_DFP.pdsc,,,2026-08-12T04:05:17.3114066+00:00,,not_selected,,
NXP,LPC865_DFP,26.06.00,https://mcuxpresso.nxp.com/cmsis_pack/repo/NXP.LPC865_DFP.pdsc,,,2026-08-12T04:05:17.3114066+00:00,,not_selected,,
NXP,MCXA153_DFP,26.06.00,https://mcuxpresso.nxp.com/cmsis_pack/repo/NXP.MCXA153_DFP.pdsc,,,2026-08-12T04:05:17.3114066+00:00,,not_selected,,
NXP,MCXA142_DFP,26.06.00,https://mcuxpresso.nxp.com/cmsis_pack/repo/NXP.MCXA142_DFP.pdsc,,,2026-08-12T04:05:17.3114066+00:00,,not_selected,,
NXP,MCXA152_DFP,26.06.00,https://mcuxpresso.nxp.com/cmsis_pack/repo/NXP.MCXA152_DFP.pdsc,,,2026-08-12T04:05:17.3114066+00:00,,not_selected,,
NXP,MCXA143_DFP,26.06.00,https://mcuxpresso.nxp.com/cmsis_pack/repo/NXP.MCXA143_DFP.pdsc,,,2026-08-12T04:05:17.3114066+00:00,,not_selected,,
NXP,MCXN947_DFP,26.06.00,https://mcuxpresso.nxp.com/cmsis_pack/repo/NXP.MCXN947_DFP.pdsc,,,2026-08-12T04:05:17.3114066+00:00,,not_selected,,
NXP,MCXN946_DFP,26.06.00,https://mcuxpresso.nxp.com/cmsis_pack/repo/NXP.MCXN946_DFP.pdsc,,,2026-08-12T04:05:17.3114066+00:00,,not_selected,,
NXP,MCXN547_DFP,26.06.00,https://mcuxpresso.nxp.com/cmsis_pack/repo/NXP.MCXN547_DFP.pdsc,,,2026-08-12T04:05:17.3114066+00:00,,not_selected,,
NXP,MIMXRT1181_DFP,26.06.00,https://mcuxpresso.nxp.com/cmsis_pack/repo/NXP.MIMXRT1181_DFP.pdsc,,,2026-08-12T04:05:17.3114066+00:00,,not_selected,,
NXP,MIMXRT1187_DFP,26.06.00,https://mcuxpresso.nxp.com/cmsis_pack/repo/NXP.MIMXRT1187_DFP.pdsc,,,2026-08-12T04:05:17.3114066+00:00,,not_selected,,
NXP,MIMXRT1182_DFP,26.06.00,https://mcuxpresso.nxp.com/cmsis_pack/repo/NXP.MIMXRT1182_DFP.pdsc,,,2026-08-12T04:05:17.3114066+00:00,,not_selected,,
NXP,MKE13Z9_DFP,26.06.00,https://mcuxpresso.nxp.com/cmsis_pack/repo/NXP.MKE13Z9_DFP.pdsc,,,2026-08-12T04:05:17.3114066+00:00,,not_selected,,
NXP,MKE12Z9_DFP,26.06.00,https://mcuxpresso.nxp.com/cmsis_pack/repo/NXP.MKE12Z9_DFP.pdsc,,,2026-08-12T04:05:17.3114066+00:00,,not_selected,,
NXP,MCXN235_DFP,26.06.00,https://mcuxpresso.nxp.com/cmsis_pack/repo/NXP.MCXN235_DFP.pdsc,,,2026-08-12T04:05:17.3114066+00:00,,not_selected,,
NXP,MCXN236_DFP,26.06.00,https://mcuxpresso.nxp.com/cmsis_pack/repo/NXP.MCXN236_DFP.pdsc,,,2026-08-12T04:05:17.3114066+00:00,,not_selected,,
NXP,MCXA145_DFP,26.06.00,https://mcuxpresso.nxp.com/cmsis_pack/repo/NXP.MCXA145_DFP.pdsc,,,2026-08-12T04:05:17.3114066+00:00,,not_selected,,
NXP,MCXC244_DFP,26.06.00,https://mcuxpresso.nxp.com/cmsis_pack/repo/NXP.MCXC244_DFP.pdsc,,,2026-08-12T04:05:17.3114066+00:00,,not_selected,,
NXP,MCXC143_DFP,26.06.00,https://mcuxpresso.nxp.com/cmsis_pack/repo/NXP.MCXC143_DFP.pdsc,,,2026-08-12T04:05:17.3114066+00:00,,not_selected,,
NXP,MCXC141_DFP,26.06.00,https://mcuxpresso.nxp.com/cmsis_pack/repo/NXP.MCXC141_DFP.pdsc,,,2026-08-12T04:05:17.3114066+00:00,,not_selected,,
NXP,MCXA155_DFP,26.06.00,https://mcuxpresso.nxp.com/cmsis_pack/repo/NXP.MCXA155_DFP.pdsc,,,2026-08-12T04:05:17.3114066+00:00,,not_selected,,
NXP,MCXC243_DFP,26.06.00,https://mcuxpresso.nxp.com/cmsis_pack/repo/NXP.MCXC243_DFP.pdsc,,,2026-08-12T04:05:17.3114066+00:00,,not_selected,,
NXP,MCXC444_DFP,26.06.00,https://mcuxpresso.nxp.com/cmsis_pack/repo/NXP.MCXC444_DFP.pdsc,,,2026-08-12T04:05:17.3114066+00:00,,not_selected,,
NXP,MCXC144_DFP,26.06.00,https://mcuxpresso.nxp.com/cmsis_pack/repo/NXP.MCXC144_DFP.pdsc,,,2026-08-12T04:05:17.3114066+00:00,,not_selected,,
NXP,MCXC443_DFP,26.06.00,https://mcuxpresso.nxp.com/cmsis_pack/repo/NXP.MCXC443_DFP.pdsc,,,2026-08-12T04:05:17.3114066+00:00,,not_selected,,
NXP,MCXC142_DFP,26.06.00,https://mcuxpresso.nxp.com/cmsis_pack/repo/NXP.MCXC142_DFP.pdsc,,,2026-08-12T04:05:17.3114066+00:00,,not_selected,,
NXP,MCXA156_DFP,26.06.00,https://mcuxpresso.nxp.com/cmsis_pack/repo/NXP.MCXA156_DFP.pdsc,,,2026-08-12T04:05:17.3114066+00:00,,not_selected,,
NXP,MCXA144_DFP,26.06.00,https://mcuxpresso.nxp.com/cmsis_pack/repo/NXP.MCXA144_DFP.pdsc,,,2026-08-12T04:05:17.3114066+00:00,,not_selected,,
NXP,MCXA146_DFP,26.06.00,https://mcuxpresso.nxp.com/cmsis_pack/repo/NXP.MCXA146_DFP.pdsc,,,2026-08-12T04:05:17.3114066+00:00,,not_selected,,
NXP,MCXA175_DFP,26.06.00,https://mcuxpresso.nxp.com/cmsis_pack/repo/NXP.MCXA175_DFP.pdsc,,,2026-08-12T04:05:17.3114066+00:00,,not_selected,,
NXP,MIMXRT1046_DFP,26.06.00,https://mcuxpresso.nxp.com/cmsis_pack/repo/NXP.MIMXRT1046_DFP.pdsc,,,2026-08-12T04:05:17.3114066+00:00,,not_selected,,
NXP,MCXA176_DFP,26.06.00,https://mcuxpresso.nxp.com/cmsis_pack/repo/NXP.MCXA176_DFP.pdsc,,,2026-08-12T04:05:17.3114066+00:00,,not_selected,,
NXP,MCXA132_DFP,26.06.00,https://mcuxpresso.nxp.com/cmsis_pack/repo/NXP.MCXA132_DFP.pdsc,,,2026-08-12T04:05:17.3114066+00:00,,not_selected,,
NXP,MCXA133_DFP,26.06.00,https://mcuxpresso.nxp.com/cmsis_pack/repo/NXP.MCXA133_DFP.pdsc,,,2026-08-12T04:05:17.3114066+00:00,,not_selected,,
NXP,MCXE245_DFP,26.06.00,https://mcuxpresso.nxp.com/cmsis_pack/repo/NXP.MCXE245_DFP.pdsc,,,2026-08-12T04:05:17.3114066+00:00,,not_selected,,
NXP,MCXA346_DFP,26.06.00,https://mcuxpresso.nxp.com/cmsis_pack/repo/NXP.MCXA346_DFP.pdsc,,,2026-08-12T04:05:17.3114066+00:00,,not_selected,,
NXP,MCXE246_DFP,26.06.00,https://mcuxpresso.nxp.com/cmsis_pack/repo/NXP.MCXE246_DFP.pdsc,,,2026-08-12T04:05:17.3114066+00:00,,not_selected,,
NXP,MIMXRT1186_DFP,26.06.00,https://mcuxpresso.nxp.com/cmsis_pack/repo/NXP.MIMXRT1186_DFP.pdsc,,,2026-08-12T04:05:17.3114066+00:00,,not_selected,,
NXP,MCXE317_DFP,26.06.00,https://mcuxpresso.nxp.com/cmsis_pack/repo/NXP.MCXE317_DFP.pdsc,,,2026-08-12T04:05:17.3114066+00:00,,not_selected,,
NXP,MCXE31B_DFP,26.06.00,https://mcuxpresso.nxp.com/cmsis_pack/repo/NXP.MCXE31B_DFP.pdsc,,,2026-08-12T04:05:17.3114066+00:00,,not_selected,,
NXP,MCXE316_DFP,26.06.00,https://mcuxpresso.nxp.com/cmsis_pack/repo/NXP.MCXE316_DFP.pdsc,,,2026-08-12T04:05:17.3114066+00:00,,not_selected,,
NXP,MCXN247_DFP,26.06.00,https://mcuxpresso.nxp.com/cmsis_pack/repo/NXP.MCXN247_DFP.pdsc,,,2026-08-12T04:05:17.3114066+00:00,,not_selected,,
NXP,MCXN527_DFP,26.06.00,https://mcuxpresso.nxp.com/cmsis_pack/repo/NXP.MCXN527_DFP.pdsc,,,2026-08-12T04:05:17.3114066+00:00,,not_selected,,
NXP,MCXN526_DFP,26.06.00,https://mcuxpresso.nxp.com/cmsis_pack/repo/NXP.MCXN526_DFP.pdsc,,,2026-08-12T04:05:17.3114066+00:00,,not_selected,,
NXP,MCXN536_DFP,26.06.00,https://mcuxpresso.nxp.com/cmsis_pack/repo/NXP.MCXN536_DFP.pdsc,,,2026-08-12T04:05:17.3114066+00:00,,not_selected,,
NXP,MCXN557S_DFP,26.06.00,https://mcuxpresso.nxp.com/cmsis_pack/repo/NXP.MCXN557S_DFP.pdsc,,,2026-08-12T04:05:17.3114066+00:00,,not_selected,,
NXP,MCXA456_DFP,26.06.00,https://mcuxpresso.nxp.com/cmsis_pack/repo/NXP.MCXA456_DFP.pdsc,,,2026-08-12T04:05:17.3114066+00:00,,not_selected,,
NXP,MCXA566_DFP,26.06.00,https://mcuxpresso.nxp.com/cmsis_pack/repo/NXP.MCXA566_DFP.pdsc,,,2026-08-12T04:05:17.3114066+00:00,,not_selected,,
NXP,MIMXRT118C_DFP,26.06.00,https://mcuxpresso.nxp.com/cmsis_pack/repo/NXP.MIMXRT118C_DFP.pdsc,,,2026-08-12T04:05:17.3114066+00:00,,not_selected,,
NXP,MIMXRT1021_DFP,26.06.00,https://mcuxpresso.nxp.com/cmsis_pack/repo/NXP.MIMXRT1021_DFP.pdsc,,,2026-08-12T04:05:17.3114066+00:00,,not_selected,,
NXP,LPC822_DFP,26.06.00,https://mcuxpresso.nxp.com/cmsis_pack/repo/NXP.LPC822_DFP.pdsc,,,2026-08-12T04:05:17.3114066+00:00,,not_selected,,
NXP,LPC824_DFP,26.06.00,https://mcuxpresso.nxp.com/cmsis_pack/repo/NXP.LPC824_DFP.pdsc,,,2026-08-12T04:05:17.3114066+00:00,,not_selected,,
NXP,LPC832_DFP,26.06.00,https://mcuxpresso.nxp.com/cmsis_pack/repo/NXP.LPC832_DFP.pdsc,,,2026-08-12T04:05:17.3114066+00:00,,not_selected,,
NXP,LPC834_DFP,26.06.00,https://mcuxpresso.nxp.com/cmsis_pack/repo/NXP.LPC834_DFP.pdsc,,,2026-08-12T04:05:17.3114066+00:00,,not_selected,,
NXP,LPC844_DFP,26.06.00,https://mcuxpresso.nxp.com/cmsis_pack/repo/NXP.LPC844_DFP.pdsc,,,2026-08-12T04:05:17.3114066+00:00,,not_selected,,
NXP,LPC54016_DFP,26.06.00,https://mcuxpresso.nxp.com/cmsis_pack/repo/NXP.LPC54016_DFP.pdsc,,,2026-08-12T04:05:17.3114066+00:00,,not_selected,,
NXP,LPC54018_DFP,26.06.00,https://mcuxpresso.nxp.com/cmsis_pack/repo/NXP.LPC54018_DFP.pdsc,,,2026-08-12T04:05:17.3114066+00:00,,not_selected,,
NXP,LPC54605_DFP,26.06.00,https://mcuxpresso.nxp.com/cmsis_pack/repo/NXP.LPC54605_DFP.pdsc,,,2026-08-12T04:05:17.3114066+00:00,,not_selected,,
NXP,LPC54606_DFP,26.06.00,https://mcuxpresso.nxp.com/cmsis_pack/repo/NXP.LPC54606_DFP.pdsc,,,2026-08-12T04:05:17.3114066+00:00,,not_selected,,
NXP,LPC54608_DFP,26.06.00,https://mcuxpresso.nxp.com/cmsis_pack/repo/NXP.LPC54608_DFP.pdsc,,,2026-08-12T04:05:17.3114066+00:00,,not_selected,,
NXP,LPC54616_DFP,26.06.00,https://mcuxpresso.nxp.com/cmsis_pack/repo/NXP.LPC54616_DFP.pdsc,,,2026-08-12T04:05:17.3114066+00:00,,not_selected,,
NXP,LPC54618_DFP,26.06.00,https://mcuxpresso.nxp.com/cmsis_pack/repo/NXP.LPC54618_DFP.pdsc,,,2026-08-12T04:05:17.3114066+00:00,,not_selected,,
NXP,LPC54628_DFP,26.06.00,https://mcuxpresso.nxp.com/cmsis_pack/repo/NXP.LPC54628_DFP.pdsc,,,2026-08-12T04:05:17.3114066+00:00,,not_selected,,
NXP,LPC802_DFP,26.06.00,https://mcuxpresso.nxp.com/cmsis_pack/repo/NXP.LPC802_DFP.pdsc,,,2026-08-12T04:05:17.3114066+00:00,,not_selected,,
NXP,LPC804_DFP,26.06.00,https://mcuxpresso.nxp.com/cmsis_pack/repo/NXP.LPC804_DFP.pdsc,,,2026-08-12T04:05:17.3114066+00:00,,not_selected,,
NXP,MIMXRT1051_DFP,26.06.00,https://mcuxpresso.nxp.com/cmsis_pack/repo/NXP.MIMXRT1051_DFP.pdsc,,,2026-08-12T04:05:17.3114066+00:00,,not_selected,,
NXP,MKE02Z4_DFP,26.06.00,https://mcuxpresso.nxp.com/cmsis_pack/repo/NXP.MKE02Z4_DFP.pdsc,,,2026-08-12T04:05:17.3114066+00:00,,not_selected,,
NXP,MKE15Z7_DFP,26.06.00,https://mcuxpresso.nxp.com/cmsis_pack/repo/NXP.MKE15Z7_DFP.pdsc,,,2026-08-12T04:05:17.3114066+00:00,,not_selected,,
NXP,LPC54S005_DFP,26.06.00,https://mcuxpresso.nxp.com/cmsis_pack/repo/NXP.LPC54S005_DFP.pdsc,,,2026-08-12T04:05:17.3114066+00:00,,not_selected,,
NXP,LPC54S016_DFP,26.06.00,https://mcuxpresso.nxp.com/cmsis_pack/repo/NXP.LPC54S016_DFP.pdsc,,,2026-08-12T04:05:17.3114066+00:00,,not_selected,,
NXP,LPC54S018_DFP,26.06.00,https://mcuxpresso.nxp.com/cmsis_pack/repo/NXP.LPC54S018_DFP.pdsc,,,2026-08-12T04:05:17.3114066+00:00,,not_selected,,
NXP,LPC54S018M_DFP,26.06.00,https://mcuxpresso.nxp.com/cmsis_pack/repo/NXP.LPC54S018M_DFP.pdsc,,,2026-08-12T04:05:17.3114066+00:00,,not_selected,,
NXP,LPC54018M_DFP,26.06.00,https://mcuxpresso.nxp.com/cmsis_pack/repo/NXP.LPC54018M_DFP.pdsc,,,2026-08-12T04:05:17.3114066+00:00,,not_selected,,
NXP,MIMXRT1015_DFP,26.06.00,https://mcuxpresso.nxp.com/cmsis_pack/repo/NXP.MIMXRT1015_DFP.pdsc,,,2026-08-12T04:05:17.3114066+00:00,,not_selected,,
NXP,MIMXRT1011_DFP,26.06.00,https://mcuxpresso.nxp.com/cmsis_pack/repo/NXP.MIMXRT1011_DFP.pdsc,,,2026-08-12T04:05:17.3114066+00:00,,not_selected,,
NXP,LPC5528_DFP,26.06.00,https://mcuxpresso.nxp.com/cmsis_pack/repo/NXP.LPC5528_DFP.pdsc,,,2026-08-12T04:05:17.3114066+00:00,,not_selected,,
NXP,LPC55S14_DFP,26.06.00,https://mcuxpresso.nxp.com/cmsis_pack/repo/NXP.LPC55S14_DFP.pdsc,,,2026-08-12T04:05:17.3114066+00:00,,not_selected,,
NXP,LPC55S16_DFP,26.06.00,https://mcuxpresso.nxp.com/cmsis_pack/repo/NXP.LPC55S16_DFP.pdsc,,,2026-08-12T04:05:17.3114066+00:00,,not_selected,,
NXP,LPC55S04_DFP,26.06.00,https://mcuxpresso.nxp.com/cmsis_pack/repo/NXP.LPC55S04_DFP.pdsc,,,2026-08-12T04:05:17.3114066+00:00,,not_selected,,
NXP,MIMXRT1175_DFP,26.06.00,https://mcuxpresso.nxp.com/cmsis_pack/repo/NXP.MIMXRT1175_DFP.pdsc,,,2026-08-12T04:05:17.3114066+00:00,,not_selected,,
NXP,MIMXRT1176_DFP,26.06.00,https://mcuxpresso.nxp.com/cmsis_pack/repo/NXP.MIMXRT1176_DFP.pdsc,,,2026-08-12T04:05:17.3114066+00:00,,not_selected,,
NXP,MKM34Z7_DFP,26.06.00,https://mcuxpresso.nxp.com/cmsis_pack/repo/NXP.MKM34Z7_DFP.pdsc,,,2026-08-12T04:05:17.3114066+00:00,,not_selected,,
NXP,MKM34ZA5_DFP,26.06.00,https://mcuxpresso.nxp.com/cmsis_pack/repo/NXP.MKM34ZA5_DFP.pdsc,,,2026-08-12T04:05:17.3114066+00:00,,not_selected,,
NXP,MIMXRT1042_DFP,26.06.00,https://mcuxpresso.nxp.com/cmsis_pack/repo/NXP.MIMXRT1042_DFP.pdsc,,,2026-08-12T04:05:17.3114066+00:00,,not_selected,,
NXP,MCXN546_DFP,26.06.00,https://mcuxpresso.nxp.com/cmsis_pack/repo/NXP.MCXN546_DFP.pdsc,,,2026-08-12T04:05:17.3114066+00:00,,not_selected,,
NXP,MIMXRT1189_DFP,26.06.00,https://mcuxpresso.nxp.com/cmsis_pack/repo/NXP.MIMXRT1189_DFP.pdsc,,,2026-08-12T04:05:17.3114066+00:00,,not_selected,,
NXP,MKE17Z9_DFP,26.06.00,https://mcuxpresso.nxp.com/cmsis_pack/repo/NXP.MKE17Z9_DFP.pdsc,,,2026-08-12T04:05:17.3114066+00:00,,not_selected,,
NXP,MCXC242_DFP,26.06.00,https://mcuxpresso.nxp.com/cmsis_pack/repo/NXP.MCXC242_DFP.pdsc,,,2026-08-12T04:05:17.3114066+00:00,,not_selected,,
NXP,MCXC041_DFP,26.06.00,https://mcuxpresso.nxp.com/cmsis_pack/repo/NXP.MCXC041_DFP.pdsc,,,2026-08-12T04:05:17.3114066+00:00,,not_selected,,
NXP,MIMXRT1043_DFP,26.06.00,https://mcuxpresso.nxp.com/cmsis_pack/repo/NXP.MIMXRT1043_DFP.pdsc,,,2026-08-12T04:05:17.3114066+00:00,,not_selected,,
NXP,MCXA345_DFP,26.06.00,https://mcuxpresso.nxp.com/cmsis_pack/repo/NXP.MCXA345_DFP.pdsc,,,2026-08-12T04:05:17.3114066+00:00,,not_selected,,
NXP,MCXE247_DFP,26.06.00,https://mcuxpresso.nxp.com/cmsis_pack/repo/NXP.MCXE247_DFP.pdsc,,,2026-08-12T04:05:17.3114066+00:00,,not_selected,,
NXP,MCXE315_DFP,26.06.00,https://mcuxpresso.nxp.com/cmsis_pack/repo/NXP.MCXE315_DFP.pdsc,,,2026-08-12T04:05:17.3114066+00:00,,not_selected,,
NXP,MCXA343_DFP,26.06.00,https://mcuxpresso.nxp.com/cmsis_pack/repo/NXP.MCXA343_DFP.pdsc,,,2026-08-12T04:05:17.3114066+00:00,,not_selected,,
NXP,MCXA265_DFP,26.06.00,https://mcuxpresso.nxp.com/cmsis_pack/repo/NXP.MCXA265_DFP.pdsc,,,2026-08-12T04:05:17.3114066+00:00,,not_selected,,
NXP,MCXA255_DFP,26.06.00,https://mcuxpresso.nxp.com/cmsis_pack/repo/NXP.MCXA255_DFP.pdsc,,,2026-08-12T04:05:17.3114066+00:00,,not_selected,,
NXP,MCXN537_DFP,26.06.00,https://mcuxpresso.nxp.com/cmsis_pack/repo/NXP.MCXN537_DFP.pdsc,,,2026-08-12T04:05:17.3114066+00:00,,not_selected,,
NXP,MCXA355_DFP,26.06.00,https://mcuxpresso.nxp.com/cmsis_pack/repo/NXP.MCXA355_DFP.pdsc,,,2026-08-12T04:05:17.3114066+00:00,,not_selected,,
NXP,MCXN556S_DFP,26.06.00,https://mcuxpresso.nxp.com/cmsis_pack/repo/NXP.MCXN556S_DFP.pdsc,,,2026-08-12T04:05:17.3114066+00:00,,not_selected,,
NXP,MCXA344_DFP,26.06.00,https://mcuxpresso.nxp.com/cmsis_pack/repo/NXP.MCXA344_DFP.pdsc,,,2026-08-12T04:05:17.3114066+00:00,,not_selected,,
NXP,MCXA186_DFP,26.06.00,https://mcuxpresso.nxp.com/cmsis_pack/repo/NXP.MCXA186_DFP.pdsc,,,2026-08-12T04:05:17.3114066+00:00,,not_selected,,
NXP,MCXA256_DFP,26.06.00,https://mcuxpresso.nxp.com/cmsis_pack/repo/NXP.MCXA256_DFP.pdsc,,,2026-08-12T04:05:17.3114066+00:00,,not_selected,,
NXP,MCXA356_DFP,26.06.00,https://mcuxpresso.nxp.com/cmsis_pack/repo/NXP.MCXA356_DFP.pdsc,,,2026-08-12T04:05:17.3114066+00:00,,not_selected,,
NXP,MCXA185_DFP,26.06.00,https://mcuxpresso.nxp.com/cmsis_pack/repo/NXP.MCXA185_DFP.pdsc,,,2026-08-12T04:05:17.3114066+00:00,,not_selected,,
NXP,MCXA366_DFP,26.06.00,https://mcuxpresso.nxp.com/cmsis_pack/repo/NXP.MCXA366_DFP.pdsc,,,2026-08-12T04:05:17.3114066+00:00,,not_selected,,
NXP,MCXA266_DFP,26.06.00,https://mcuxpresso.nxp.com/cmsis_pack/repo/NXP.MCXA266_DFP.pdsc,,,2026-08-12T04:05:17.3114066+00:00,,not_selected,,
NXP,MCXA365_DFP,26.06.00,https://mcuxpresso.nxp.com/cmsis_pack/repo/NXP.MCXA365_DFP.pdsc,,,2026-08-12T04:05:17.3114066+00:00,,not_selected,,
NXP,MCXA173_DFP,26.06.00,https://mcuxpresso.nxp.com/cmsis_pack/repo/NXP.MCXA173_DFP.pdsc,,,2026-08-12T04:05:17.3114066+00:00,,not_selected,,
NXP,MCXA174_DFP,26.06.00,https://mcuxpresso.nxp.com/cmsis_pack/repo/NXP.MCXA174_DFP.pdsc,,,2026-08-12T04:05:17.3114066+00:00,,not_selected,,
NXP,MCXA537_DFP,26.06.00,https://mcuxpresso.nxp.com/cmsis_pack/repo/NXP.MCXA537_DFP.pdsc,,,2026-08-12T04:05:17.3114066+00:00,,not_selected,,
NXP,MCXA567_DFP,26.06.00,https://mcuxpresso.nxp.com/cmsis_pack/repo/NXP.MCXA567_DFP.pdsc,,,2026-08-12T04:05:17.3114066+00:00,,not_selected,,
NXP,MIMXRT1185_DFP,26.06.00,https://mcuxpresso.nxp.com/cmsis_pack/repo/NXP.MIMXRT1185_DFP.pdsc,,,2026-08-12T04:05:17.3114066+00:00,,not_selected,,
NXP,MCXA286_DFP,26.06.00,https://mcuxpresso.nxp.com/cmsis_pack/repo/NXP.MCXA286_DFP.pdsc,,,2026-08-12T04:05:17.3114066+00:00,,not_selected,,
NXP,MCXA457_DFP,26.06.00,https://mcuxpresso.nxp.com/cmsis_pack/repo/NXP.MCXA457_DFP.pdsc,,,2026-08-12T04:05:17.3114066+00:00,,not_selected,,
NXP,MCXC161_DFP,26.06.00,https://mcuxpresso.nxp.com/cmsis_pack/repo/NXP.MCXC161_DFP.pdsc,,,2026-08-12T04:05:17.3114066+00:00,,not_selected,,
NXP,MCXC151_DFP,26.06.00,https://mcuxpresso.nxp.com/cmsis_pack/repo/NXP.MCXC151_DFP.pdsc,,,2026-08-12T04:05:17.3114066+00:00,,not_selected,,
NXP,MCXA556_DFP,26.06.00,https://mcuxpresso.nxp.com/cmsis_pack/repo/NXP.MCXA556_DFP.pdsc,,,2026-08-12T04:05:17.3114066+00:00,,not_selected,,
NXP,MCXA287_DFP,26.06.00,https://mcuxpresso.nxp.com/cmsis_pack/repo/NXP.MCXA287_DFP.pdsc,,,2026-08-12T04:05:17.3114066+00:00,,not_selected,,
NXP,MCXA536_DFP,26.06.00,https://mcuxpresso.nxp.com/cmsis_pack/repo/NXP.MCXA536_DFP.pdsc,,,2026-08-12T04:05:17.3114066+00:00,,not_selected,,
NXP,MCXA577_DFP,26.06.00,https://mcuxpresso.nxp.com/cmsis_pack/repo/NXP.MCXA577_DFP.pdsc,,,2026-08-12T04:05:17.3114066+00:00,,not_selected,,
NXP,MCXC162_DFP,26.06.00,https://mcuxpresso.nxp.com/cmsis_pack/repo/NXP.MCXC162_DFP.pdsc,,,2026-08-12T04:05:17.3114066+00:00,,not_selected,,
NXP,MCXN246T_DFP,26.06.00,https://mcuxpresso.nxp.com/cmsis_pack/repo/NXP.MCXN246T_DFP.pdsc,,,2026-08-12T04:05:17.3114066+00:00,,not_selected,,
NXP,MCXN556T_DFP,26.06.00,https://mcuxpresso.nxp.com/cmsis_pack/repo/NXP.MCXN556T_DFP.pdsc,,,2026-08-12T04:05:17.3114066+00:00,,not_selected,,
NXP,MCXN947T_DFP,26.06.00,https://mcuxpresso.nxp.com/cmsis_pack/repo/NXP.MCXN947T_DFP.pdsc,,,2026-08-12T04:05:17.3114066+00:00,,not_selected,,
NXP,MCXN247T_DFP,26.06.00,https://mcuxpresso.nxp.com/cmsis_pack/repo/NXP.MCXN247T_DFP.pdsc,,,2026-08-12T04:05:17.3114066+00:00,,not_selected,,
NXP,MCXN246_DFP,26.06.00,https://mcuxpresso.nxp.com/cmsis_pack/repo/NXP.MCXN246_DFP.pdsc,,,2026-08-12T04:05:17.3114066+00:00,,not_selected,,
NXP,MCXN536T_DFP,26.06.00,https://mcuxpresso.nxp.com/cmsis_pack/repo/NXP.MCXN536T_DFP.pdsc,,,2026-08-12T04:05:17.3114066+00:00,,not_selected,,
NXP,MCXN527T_DFP,26.06.00,https://mcuxpresso.nxp.com/cmsis_pack/repo/NXP.MCXN527T_DFP.pdsc,,,2026-08-12T04:05:17.3114066+00:00,,not_selected,,
NXP,MCXN546T_DFP,26.06.00,https://mcuxpresso.nxp.com/cmsis_pack/repo/NXP.MCXN546T_DFP.pdsc,,,2026-08-12T04:05:17.3114066+00:00,,not_selected,,
NXP,MCXN946T_DFP,26.06.00,https://mcuxpresso.nxp.com/cmsis_pack/repo/NXP.MCXN946T_DFP.pdsc,,,2026-08-12T04:05:17.3114066+00:00,,not_selected,,
NXP,MCXA557_DFP,26.06.00,https://mcuxpresso.nxp.com/cmsis_pack/repo/NXP.MCXA557_DFP.pdsc,,,2026-08-12T04:05:17.3114066+00:00,,not_selected,,
NXP,MCXN557T_DFP,26.06.00,https://mcuxpresso.nxp.com/cmsis_pack/repo/NXP.MCXN557T_DFP.pdsc,,,2026-08-12T04:05:17.3114066+00:00,,not_selected,,
NXP,MCXN547T_DFP,26.06.00,https://mcuxpresso.nxp.com/cmsis_pack/repo/NXP.MCXN547T_DFP.pdsc,,,2026-08-12T04:05:17.3114066+00:00,,not_selected,,
NXP,MCXN537T_DFP,26.06.00,https://mcuxpresso.nxp.com/cmsis_pack/repo/NXP.MCXN537T_DFP.pdsc,,,2026-08-12T04:05:17.3114066+00:00,,not_selected,,
Keil,STM32U3xx_DFP,1.3.0,https://www.keil.com/pack/Keil.STM32U3xx_DFP.pdsc,,,2026-08-12T04:05:17.3114066+00:00,yes,ok,171,
Nuvoton,NuMicroM33_DFP,1.0.4,https://github.com/OpenNuvoton/cmsis-packs/raw/master/Nuvoton_DFP/Nuvoton.NuMicroM33_DFP.pdsc,,,2026-08-12T04:05:17.3114066+00:00,,not_selected,,
Microchip,PIC32CX-BZ3_DFP,1.4.259,https://packs.download.microchip.com/Microchip.PIC32CX-BZ3_DFP.pdsc,,,2026-08-12T04:05:17.3114066+00:00,,not_selected,,
Nuvoton,NuMicroM33_DFP,1.0.4,https://github.com/OpenNuvoton/cmsis-packs/raw/master/Nuvoton_DFP/Nuvoton.NuMicroM33_DFP.pdsc,,,2026-08-12T04:05:17.3114066+00:00,,not_selected,,
Megawin,CM0_DFP,6.1.0,https://www.megawin.com.tw/files/Download/megawinDFP/Megawin.CM0_DFP.pdsc,,,2026-08-12T04:05:17.3114066+00:00,,not_selected,,
Geehy,G32M3101_DFP,1.0.4,https://global.geehy.com/design/software/Geehy.G32M3101_DFP.pdsc,,,2026-08-12T04:05:17.3114066+00:00,,not_selected,,
TexasInstruments,MSPM33C321A_DFP,1.0.0,https://software-dl.ti.com/msp430/esd/MSPM0-CMSIS/MSPM33C321A/latest/exports/TexasInstruments.MSPM33C321A_DFP.pdsc,,,2026-08-12T04:05:17.3114066+00:00,,not_selected,,
Holtek,HT32_DFP,1.0.79,https://mcu.holtek.com.tw/pack/Holtek.HT32_DFP.pdsc,,,2026-08-12T04:05:17.3114066+00:00,,not_selected,,
Microchip,PIC32CM-MC_DFP,1.5.244,https://packs.download.microchip.com/Microchip.PIC32CM-MC_DFP.pdsc,,,2026-08-12T04:05:17.3114066+00:00,,not_selected,,
Microchip,SAML10_DFP,3.11.262,https://packs.download.microchip.com/Microchip.SAML10_DFP.pdsc,,,2026-08-12T04:05:17.3114066+00:00,,not_selected,,
Toshiba,TXZ4Eplus-M4L1_DFP,1.0.1,https://toshiba.semicon-storage.com/content/dam/toshiba-ss-v3/master/en/semiconductor/product/dl/device-family-pack/Toshiba.TXZ4Eplus-M4L1_DFP.pdsc,,,2026-08-12T04:05:17.3114066+00:00,,not_selected,,
Microchip,PIC32CM-GV_DFP,1.3.47,https://packs.download.microchip.com/Microchip.PIC32CM-GV_DFP.pdsc,,,2026-08-12T04:05:17.3114066+00:00,,not_selected,,
Microchip,PIC32CM-PL_DFP,1.5.437,https://packs.download.microchip.com/Microchip.PIC32CM-PL_DFP.pdsc,,,2026-08-12T04:05:17.3114066+00:00,,not_selected,,
Microchip,PIC32CM-PL_DFP,1.5.437,https://packs.download.microchip.com/Microchip.PIC32CM-PL_DFP.pdsc,,,2026-08-12T04:05:17.3114066+00:00,,not_selected,,
TexasInstruments,AM13E230X_DFP,1.0.0,https://software-dl.ti.com/msp430/esd/MSPM0-CMSIS/AM13E230X/latest/exports/TexasInstruments.AM13E230X_DFP.pdsc,,,2026-08-12T04:05:17.3114066+00:00,,not_selected,,
Keil,STM32H5xx_DFP,2.3.1,https://www.keil.com/pack/Keil.STM32H5xx_DFP.pdsc,,,2026-08-12T04:05:17.3114066+00:00,yes,ok,151,
Keil,SAM4_DFP,1.6.2,https://www.keil.com/pack/Keil.SAM4_DFP.pdsc,2023-09-04,,2026-08-12T04:05:17.3114066+00:00,,not_selected,,
Infineon,IMC300A_DFP,2.0.6,https://itools.infineon.com/cmsis_packs/IMC300A/Infineon.IMC300A_DFP.pdsc,,,2026-08-12T04:05:17.3114066+00:00,,not_selected,,
NXP,MCXL253_DFP,26.09.00-pvw1,https://mcuxpresso.nxp.com/cmsis_pack/repo/NXP.MCXL253_DFP.pdsc,,,2026-08-12T04:05:17.3114066+00:00,,not_selected,,
NXP,MCXL255_DFP,26.09.00-pvw1,https://mcuxpresso.nxp.com/cmsis_pack/repo/NXP.MCXL255_DFP.pdsc,,,2026-08-12T04:05:17.3114066+00:00,,not_selected,,
NXP,MCXL254_DFP,26.09.00-pvw1,https://mcuxpresso.nxp.com/cmsis_pack/repo/NXP.MCXL254_DFP.pdsc,,,2026-08-12T04:05:17.3114066+00:00,,not_selected,,
NXP,MCXL143_DFP,26.09.00-pvw1,https://mcuxpresso.nxp.com/cmsis_pack/repo/NXP.MCXL143_DFP.pdsc,,,2026-08-12T04:05:17.3114066+00:00,,not_selected,,
NXP,MCXL142_DFP,26.09.00-pvw1,https://mcuxpresso.nxp.com/cmsis_pack/repo/NXP.MCXL142_DFP.pdsc,,,2026-08-12T04:05:17.3114066+00:00,,not_selected,,
NXP,MCXL144_DFP,26.09.00-pvw1,https://mcuxpresso.nxp.com/cmsis_pack/repo/NXP.MCXL144_DFP.pdsc,,,2026-08-12T04:05:17.3114066+00:00,,not_selected,,
NXP,MCXE32B_DFP,26.09.00-pvw1,https://mcuxpresso.nxp.com/cmsis_pack/repo/NXP.MCXE32B_DFP.pdsc,,,2026-08-12T04:05:17.3114066+00:00,,not_selected,,
NXP,MCXE327_DFP,26.09.00-pvw1,https://mcuxpresso.nxp.com/cmsis_pack/repo/NXP.MCXE327_DFP.pdsc,,,2026-08-12T04:05:17.3114066+00:00,,not_selected,,
AmbiqMicro,Apollo_DFP,1.6.0,https://download.ambiq.com/packs/AmbiqMicro.Apollo_DFP.pdsc,,,2026-08-12T04:05:17.3114066+00:00,,not_selected,,
Megawin,CM3_DFP,1.5.0,https://www.megawin.com.tw/files/Download/megawinDFP/Megawin.CM3_DFP.pdsc,,,2026-08-12T04:05:17.3114066+00:00,,not_selected,,
Megawin,CM0Plus_DFP,1.4.0,https://www.megawin.com.tw/files/Download/megawinDFP/Megawin.CM0Plus_DFP.pdsc,,,2026-08-12T04:05:17.3114066+00:00,,not_selected,,
Nuvoton,NuMicroM55_DFP,3.1.4-rc.5,https://github.com/OpenNuvoton/cmsis-packs/raw/master/Nuvoton_DFP/Nuvoton.NuMicroM55_DFP.pdsc,,,2026-08-12T04:05:17.3114066+00:00,,not_selected,,
ABOV,A31xxxx_DFP,1.0.13,https://www.abov.co.kr/data/mds/PACK/ABOV.A31xxxx_DFP.pdsc,,,2026-08-12T04:05:17.3114066+00:00,,not_selected,,
ABOV,A33xxxx_DFP,1.0.13,https://www.abov.co.kr/data/mds/PACK/ABOV.A33xxxx_DFP.pdsc,,,2026-08-12T04:05:17.3114066+00:00,,not_selected,,
ABOV,A34xxxx_DFP,1.0.13,https://www.abov.co.kr/data/mds/PACK/ABOV.A34xxxx_DFP.pdsc,,,2026-08-12T04:05:17.3114066+00:00,,not_selected,,
Keil,STM32WL4x_DFP,1.0.0,https://www.keil.com/pack/Keil.STM32WL4x_DFP.pdsc,,,2026-08-12T04:05:17.3114066+00:00,yes,ok,4,
Toshiba,TXZ3Aplus-M3H1_DFP,1.0.3,https://toshiba.semicon-storage.com/content/dam/toshiba-ss/shared/docs/product/micro/device-family-Pack/Toshiba.TXZ3Aplus-M3H1_DFP.pdsc,2026-07-31,Toshiba.TXZplus3A-M3H1_DFP,2026-08-12T04:05:17.3114066+00:00,,not_selected,,
Toshiba,TXZ4Aplus-M4K2_DFP,1.0.2,https://toshiba.semicon-storage.com/content/dam/toshiba-ss/shared/docs/product/micro/device-family-Pack/Toshiba.TXZ4Aplus-M4K2_DFP.pdsc,2026-07-31,Toshiba.TXZplus4A-M4K2_DFP,2026-08-12T04:05:17.3114066+00:00,,not_selected,,
Toshiba,TXZ4Aplus-M4M1_DFP,1.0.2,https://toshiba.semicon-storage.com/content/dam/toshiba-ss/shared/docs/product/micro/device-family-Pack/Toshiba.TXZ4Aplus-M4M1_DFP.pdsc,2026-07-31,Toshiba.TXZplus4A-M4M1_DFP,2026-08-12T04:05:17.3114066+00:00,,not_selected,,
Infineon,TLD40xx_DFP,3.3.1-announcement,https://itools.infineon.com/cmsis_packs/TLD40xx/Infineon.TLD40xx_DFP.pdsc,,,2026-08-12T04:05:17.3114066+00:00,,not_selected,,
AnalogDevices,ADuCM355_DFP,2.0.0,https://www.analog.com/en/support.html/AnalogDevices.ADuCM355_DFP.pdsc,,,2026-08-12T04:05:17.3114066+00:00,,not_selected,,
Toshiba,TXZplus4E-M4L1_DFP,1.0.1,https://toshiba.semicon-storage.com/content/dam/toshiba-ss-v3/master/en/semiconductor/product/dl/device-family-pack/Toshiba.TXZplus4E-M4L1_DFP.pdsc,,,2026-08-12T04:05:17.3114066+00:00,,not_selected,,
Toshiba,SmartMCD-TB9M040_DFP,1.0.0,https://toshiba.semicon-storage.com/content/dam/toshiba-ss-v3/master/en/semiconductor/product/dl/device-family-pack/Toshiba.SmartMCD-TB9M040_DFP.pdsc,,,2026-08-12T04:05:17.3114066+00:00,,not_selected,,
Toshiba,TXZplus3A-M3H2_DFP,2.0.0,https://toshiba.semicon-storage.com/content/dam/toshiba-ss-v3/master/en/semiconductor/product/dl/device-family-pack/Toshiba.TXZplus3A-M3H2_DFP.pdsc,,,2026-08-12T04:05:17.3114066+00:00,,not_selected,,
Toshiba,TXZplus3A-M3H1_DFP,2.0.0,https://toshiba.semicon-storage.com/content/dam/toshiba-ss-v3/master/en/semiconductor/product/dl/device-family-pack/Toshiba.TXZplus3A-M3H1_DFP.pdsc,,,2026-08-12T04:05:17.3114066+00:00,,not_selected,,
Toshiba,TXZplus4A-M4K2_DFP,2.0.0,https://toshiba.semicon-storage.com/content/dam/toshiba-ss-v3/master/en/semiconductor/product/dl/device-family-pack/Toshiba.TXZplus4A-M4K2_DFP.pdsc,,,2026-08-12T04:05:17.3114066+00:00,,not_selected,,
Toshiba,TXZplus4A-M4M1_DFP,2.0.0,https://toshiba.semicon-storage.com/content/dam/toshiba-ss-v3/master/en/semiconductor/product/dl/device-family-pack/Toshiba.TXZplus4A-M4M1_DFP.pdsc,,,2026-08-12T04:05:17.3114066+00:00,,not_selected,,
Sinowealth,SH3xF2xx_DFP,2.6.0,https://www.sinowealth.com/Tools/ARM32/Sinowealth.SH3xF2xx_DFP.pdsc,,,2026-08-12T04:05:17.3114066+00:00,,not_selected,,
Sinowealth,SH3xF9xx_DFP,2.6.2,https://www.sinowealth.com/Tools/ARM32/Sinowealth.SH3xF9xx_DFP.pdsc,,,2026-08-12T04:05:17.3114066+00:00,,not_selected,,
NXP,MIMXRT735S_DFP,26.09.00-pvw2,https://mcuxpresso.nxp.com/cmsis_pack/repo/NXP.MIMXRT735S_DFP.pdsc,,,2026-08-12T04:05:17.3114066+00:00,,not_selected,,
NXP,MIMXRT758S_DFP,26.09.00-pvw2,https://mcuxpresso.nxp.com/cmsis_pack/repo/NXP.MIMXRT758S_DFP.pdsc,,,2026-08-12T04:05:17.3114066+00:00,,not_selected,,
NXP,MIMXRT798S_DFP,26.09.00-pvw2,https://mcuxpresso.nxp.com/cmsis_pack/repo/NXP.MIMXRT798S_DFP.pdsc,,,2026-08-12T04:05:17.3114066+00:00,,not_selected,,
NXP,MIMXRT1151_DFP,26.09.00-pvw2,https://mcuxpresso.nxp.com/cmsis_pack/repo/NXP.MIMXRT1151_DFP.pdsc,,,2026-08-12T04:05:17.3114066+00:00,,not_selected,,
NXP,MIMXRT1152_DFP,26.09.00-pvw2,https://mcuxpresso.nxp.com/cmsis_pack/repo/NXP.MIMXRT1152_DFP.pdsc,,,2026-08-12T04:05:17.3114066+00:00,,not_selected,,
