source_path,sha256,matched_device_count
C:\Users\confl\AppData\Local\Programs\STM32CubeMX\db\mcu\families.xml,5b1adec8e1d7b2c58f117f3b10933e2aff5d3d696768d1fb303da46b4b5a513c,2562
C:\Users\confl\AppData\Local\Programs\STM32CubeMX\db\package.xml,8978ee38ea4cd8303074a59a7370e22d39e757c0660aad1d431a1b8e02a80a93,2562
C:\Users\confl\AppData\Local\Programs\STM32CubeMX\db\mcu\STM32C011D6Yx.xml,9b753cb79e6b9afa1ce704572d37081ab2c0287fc36bcec48bf38292cf3ad71f,1
C:\Users\confl\AppData\Local\Programs\STM32CubeMX\db\mcu\STM32C011F(4-6)Px.xml,b32eb93dfb4a084e6f6d2a836ba93b072391fcfdac7a1a4293f65d9525b931e9,2
C:\Users\confl\AppData\Local\Programs\STM32CubeMX\db\mcu\STM32C011F(4-6)Ux.xml,342dd8ba2cedbf3e5fbd6abe6e5d6f4238d8fa1ddbc354562af79725efbd6772,4
C:\Users\confl\AppData\Local\Programs\STM32CubeMX\db\mcu\STM32C011J(4-6)Mx.xml,c0c63f8aeda8e26f213a153c2aafcf36fb7f3108e746ebb857c14d0f971fedfb,2
C:\Users\confl\AppData\Local\Programs\STM32CubeMX\db\mcu\STM32C031C(4-6)Tx.xml,6ea06b422b725e654cc5d0faca684f36c36c0e8fdf55184177e6e0cb36765562,2
C:\Users\confl\AppData\Local\Programs\STM32CubeMX\db\mcu\STM32C031C(4-6)Ux.xml,6ab7470ba66ebfac8ec8fd2d308d5f7edd300cfc74d4213e93f1ddd803d647d8,2
C:\Users\confl\AppData\Local\Programs\STM32CubeMX\db\mcu\STM32C031F(4-6)Px.xml,e913b57ee763e88b9b8c7bb67d79742c144bab49ccd1de52b4f8f3850e2db69e,2
C:\Users\confl\AppData\Local\Programs\STM32CubeMX\db\mcu\STM32C031G(4-6)Ux.xml,8504bc2fca2eebfc7eb59f9ba78040597df2c9a132962b783670195b311f904a,2
C:\Users\confl\AppData\Local\Programs\STM32CubeMX\db\mcu\STM32C031K(4-6)Tx.xml,91162bcb299781389b13d24b4129008b1201eebeb1443b7ea434f5503e4e00e8,2
C:\Users\confl\AppData\Local\Programs\STM32CubeMX\db\mcu\STM32C031K(4-6)Ux.xml,23b5fa4a24898edb534aa64a645e94a98d2237d8f503f23fdc05369b8d7cc945,2
C:\Users\confl\AppData\Local\Programs\STM32CubeMX\db\mcu\STM32C051C6Tx.xml,4b41cd1962b3226391a442010b731ae5420a7dc853ec238bcdeed46e9784e428,1
C:\Users\confl\AppData\Local\Programs\STM32CubeMX\db\mcu\STM32C051C6Ux.xml,556c0f3690fa824be494ef689f473693564d5144fdcb6ad2351bc2319ec3f9b2,1
C:\Users\confl\AppData\Local\Programs\STM32CubeMX\db\mcu\STM32C051C8Tx.xml,b65a4996e1f7271f9bc210e8172a119bddf30fa2129fe9ed734fcbae4b405469,1
C:\Users\confl\AppData\Local\Programs\STM32CubeMX\db\mcu\STM32C051C8Ux.xml,90c4ea29bfe9a409ab52f21800cb1fc7c8f9bab3d01d9b1076d9b2782f4ac7ae,1
C:\Users\confl\AppData\Local\Programs\STM32CubeMX\db\mcu\STM32C051D8Yx.xml,d95132e920db474be1e14bf23090c6acb5d5446897e6e737c9d53d46d01096ad,1
C:\Users\confl\AppData\Local\Programs\STM32CubeMX\db\mcu\STM32C051F6Px.xml,45ba58609357ea9616392eb8d6ea50a0d923243933468836576e1c973021b918,1
C:\Users\confl\AppData\Local\Programs\STM32CubeMX\db\mcu\STM32C051F8Px.xml,d9bf029b5c759040abcd7ce48ba4df508504c951dd3e21e809672e82cfb36eb0,1
C:\Users\confl\AppData\Local\Programs\STM32CubeMX\db\mcu\STM32C051G6Ux.xml,413f53570325b00758552b490393e3ce22c5d7605c738c7d0a2034b51da75411,1
C:\Users\confl\AppData\Local\Programs\STM32CubeMX\db\mcu\STM32C051G8Ux.xml,4f36e9de145f29153547e030576b245a676fea1956c497036e9e9b61c2e76935,1
C:\Users\confl\AppData\Local\Programs\STM32CubeMX\db\mcu\STM32C051K6Tx.xml,b5c23e059c9c772ea7b0ad617756e299ef1b8cf95f213da39e3895adea2cd0aa,1
C:\Users\confl\AppData\Local\Programs\STM32CubeMX\db\mcu\STM32C051K6Ux.xml,f7a2a373673c640b951c8154e86a5aa9bb6ad6fa63232ef021da0f29ffcd2091,1
C:\Users\confl\AppData\Local\Programs\STM32CubeMX\db\mcu\STM32C051K8Tx.xml,d9ea920c7fa8bf55bfd45c18257947376534f1de28af7ee6309e94a569b0cb0f,1
C:\Users\confl\AppData\Local\Programs\STM32CubeMX\db\mcu\STM32C071C8Tx.xml,9150c0c62697dee62cfe62af3bb4b0e5233e25c76a860dd98ea5772314ea429e,1
C:\Users\confl\AppData\Local\Programs\STM32CubeMX\db\mcu\STM32C071C8TxN.xml,2ba65150fff6261029096f5cf924cb12bd1720ca836928e60aa5965b88f5d119,1
C:\Users\confl\AppData\Local\Programs\STM32CubeMX\db\mcu\STM32C071C8Ux.xml,fa31b9168d8dbbda9f6f5844c6d626ce1838f3e52cc14dd19958877673e3c50d,1
C:\Users\confl\AppData\Local\Programs\STM32CubeMX\db\mcu\STM32C071C8UxN.xml,b31521c9202328148204460e21b4cf670974753f0648b7253e1c85e7213ef373,1
C:\Users\confl\AppData\Local\Programs\STM32CubeMX\db\mcu\STM32C071CBTx.xml,db3a3b60658db32806ce5772c7d797b50cb7de16b200677863e100ce053748bb,1
C:\Users\confl\AppData\Local\Programs\STM32CubeMX\db\mcu\STM32C071CBTxN.xml,9f7c2c437605fb7277e9253ce26950f0d29429a97f7d5b9d9f6e6889c1d95c61,1
C:\Users\confl\AppData\Local\Programs\STM32CubeMX\db\mcu\STM32C071CBUx.xml,6151f5d0b16da905f2981b89f97c73cbd3c69eb03383f09e45c59355f66e62ca,1
C:\Users\confl\AppData\Local\Programs\STM32CubeMX\db\mcu\STM32C071CBUxN.xml,a7c8e89db75e046528c058d3e656b14848347b0d08dba75d7eddc96c562619c3,1
C:\Users\confl\AppData\Local\Programs\STM32CubeMX\db\mcu\STM32C071F8Px.xml,3705b92d9cf5e7233f4bd1aa0f127ddd178258d085553014cab13b2ebd3e44b3,1
C:\Users\confl\AppData\Local\Programs\STM32CubeMX\db\mcu\STM32C071F8PxN.xml,359a3a8211ce7f4c0aa3b0a788d0866f17340ea3966915b767a48d248800b7f6,1
C:\Users\confl\AppData\Local\Programs\STM32CubeMX\db\mcu\STM32C071FBPx.xml,8af858967d38f06747a97e71fe54b02da51d6938b3c0d50798b8ccb5af8c8b19,1
C:\Users\confl\AppData\Local\Programs\STM32CubeMX\db\mcu\STM32C071FBPxN.xml,9b336c823eed3b28037d039519752a932795b1860198f527aaa8c171e795a984,1
C:\Users\confl\AppData\Local\Programs\STM32CubeMX\db\mcu\STM32C071FBYx.xml,e9325ad0a814e7671f4b1ad9187cc887ab80de3897b9fdc7cf5dbcef6ccd138b,1
C:\Users\confl\AppData\Local\Programs\STM32CubeMX\db\mcu\STM32C071G8Ux.xml,43cc1297a0a47a09f6c5d840006288758a6b17cf2b1d768589443d685bb16f17,1
C:\Users\confl\AppData\Local\Programs\STM32CubeMX\db\mcu\STM32C071G8UxN.xml,d89cac545450efce94a3891502b6e6b4ea5d13c798335a3f9ce3fc636cc59021,1
C:\Users\confl\AppData\Local\Programs\STM32CubeMX\db\mcu\STM32C071GBUx.xml,80b88b3b65b8787cd80b363aad838e9d8281861637e912ba813eb2de70c83fbe,1
C:\Users\confl\AppData\Local\Programs\STM32CubeMX\db\mcu\STM32C071GBUxN.xml,7bb46444cf44df0762308b60bb1271a296831fafa35c1befbc6240c2a40a773f,1
C:\Users\confl\AppData\Local\Programs\STM32CubeMX\db\mcu\STM32C071K8Tx.xml,9b178e9808bb076a2edc320e34a259c5db7c2563fb42f5476d16009a65d287e6,1
C:\Users\confl\AppData\Local\Programs\STM32CubeMX\db\mcu\STM32C071K8TxN.xml,bd573079305f077ec36c3d5541aa457a2c0731733fc6cb1d2d52b40ebf78c5bb,1
C:\Users\confl\AppData\Local\Programs\STM32CubeMX\db\mcu\STM32C071K8Ux.xml,a3e5df116c99eab8981e6f390727f8f9e237290dc6558ca333d88da223be8f32,1
C:\Users\confl\AppData\Local\Programs\STM32CubeMX\db\mcu\STM32C071K8UxN.xml,b3de3199e38d3a5cd8131dd7385a8072f423471cfe275e6d160573761e38b01a,1
C:\Users\confl\AppData\Local\Programs\STM32CubeMX\db\mcu\STM32C071KBTx.xml,9f849ac99d99edeb3b47745e5502040b980f295d4cb4eefe0e4cea95c862ec40,1
C:\Users\confl\AppData\Local\Programs\STM32CubeMX\db\mcu\STM32C071KBTxN.xml,52e66d66eb643dfdb7585c949cab24a47137d9ba9258d24e787d7d4d16a8a726,1
C:\Users\confl\AppData\Local\Programs\STM32CubeMX\db\mcu\STM32C071KBUx.xml,c060c2365ad54ee5686f7746733cd904f211b951d8fa97c3c818fb085b20dcd7,1
C:\Users\confl\AppData\Local\Programs\STM32CubeMX\db\mcu\STM32C071KBUxN.xml,e32ac60e1f390f393d17063773176ccc438ffc309d4237579d18c85d8df28291,1
C:\Users\confl\AppData\Local\Programs\STM32CubeMX\db\mcu\STM32C071R8Tx.xml,c28efd2a65d95ac0372b687bf0ef6320aae0f1af1c15c5a2876c11fe9fd96115,1
C:\Users\confl\AppData\Local\Programs\STM32CubeMX\db\mcu\STM32C071R8TxN.xml,423994dd39119cdeab41da1faadb21f55481ecee8303e2e134c91a3968a12e51,1
C:\Users\confl\AppData\Local\Programs\STM32CubeMX\db\mcu\STM32C071RBIxN.xml,53a39b31a71b981e70139590965bfc567f3c557e4742e4af357d0788a47fedb8,1
C:\Users\confl\AppData\Local\Programs\STM32CubeMX\db\mcu\STM32C071RBTx.xml,339d71cf0c5fe89ec456606d64d5f907fc58b59a79b496025c3a20bed4967870,1
C:\Users\confl\AppData\Local\Programs\STM32CubeMX\db\mcu\STM32C071RBTxN.xml,b3e0ac73c2c9f0716457afca71430f68e5e2a6d44cb7e6f7f0a9b670d6651495,1
C:\Users\confl\AppData\Local\Programs\STM32CubeMX\db\mcu\STM32C091CBTx.xml,ed3a66866e7194894a69a6b9064587420828496b2e4ab1ab1e6479ab1ce4a96f,1
C:\Users\confl\AppData\Local\Programs\STM32CubeMX\db\mcu\STM32C091CBUx.xml,cb0deb2c87d7feab75b98db7a853318ae99969924785ea68b197499f19a01d3c,1
C:\Users\confl\AppData\Local\Programs\STM32CubeMX\db\mcu\STM32C091CCTx.xml,aa0c296921d49d099cb0acbc07e119f308bcf93043ceb85a87ac459c1b3b90b6,1
C:\Users\confl\AppData\Local\Programs\STM32CubeMX\db\mcu\STM32C091CCUx.xml,3432ec39665e1e1348a869500d0fdf808400b5d6a3391b9c5bfad94e809ffbcf,1
C:\Users\confl\AppData\Local\Programs\STM32CubeMX\db\mcu\STM32C091ECYx.xml,92a630f6590ba7748a63b914dc56e408e62c273ea7ce8082a78b5d57356813f7,1
C:\Users\confl\AppData\Local\Programs\STM32CubeMX\db\mcu\STM32C091FBPx.xml,61cca79ba034de6e667b6b234816bf2544ae985cf2bba7830eb2da77506e032f,1
C:\Users\confl\AppData\Local\Programs\STM32CubeMX\db\mcu\STM32C091FCPx.xml,680a5821b6101f1e80d0f42ef2940e2c37458698fd66725ccfcb9b45436ee2ec,1
C:\Users\confl\AppData\Local\Programs\STM32CubeMX\db\mcu\STM32C091GBUx.xml,3fa68f17665e16d59df823d91e4bda8662e3a8429e06b433c3630a63c05850a0,1
C:\Users\confl\AppData\Local\Programs\STM32CubeMX\db\mcu\STM32C091GCUx.xml,166b25e1986e4f5d2356da6eef5a8f7dc8894d73b14994858be6045435126956,1
C:\Users\confl\AppData\Local\Programs\STM32CubeMX\db\mcu\STM32C091KBTx.xml,5ca40d165878f3ff427618e9e2b8be3fb9fc44d3190bd64eb0f29e95d8164fae,1
C:\Users\confl\AppData\Local\Programs\STM32CubeMX\db\mcu\STM32C091KBUx.xml,599d86e6d7e5b5310cd72d1956e4b2903cac84ab35991f72a47d39e2f7474975,1
C:\Users\confl\AppData\Local\Programs\STM32CubeMX\db\mcu\STM32C091KCTx.xml,be17cfb8c6c7d30a7436ef9ff84eb51c4e12bfcd5c8eb7b686ff5e811c74687b,1
C:\Users\confl\AppData\Local\Programs\STM32CubeMX\db\mcu\STM32C091KCUx.xml,047d921a0d5c2ac491cddea9c69e6b12a6ddae217563c2e8f77d94eaaba8d643,1
C:\Users\confl\AppData\Local\Programs\STM32CubeMX\db\mcu\STM32C091RBTx.xml,e05d973341d15faaadb0c547b9246829519ddb62deb83e4f40f98eee45f9db45,1
C:\Users\confl\AppData\Local\Programs\STM32CubeMX\db\mcu\STM32C091RCIx.xml,29ffbaa082732ba63e23f86ad7277e59c81c681d49e10f76409df5c2cd196caa,1
C:\Users\confl\AppData\Local\Programs\STM32CubeMX\db\mcu\STM32C091RCTx.xml,fafb310d6c824b7e829c4a1ab505e3e0aa755cb3e8ecd8735557a142543d941a,1
C:\Users\confl\AppData\Local\Programs\STM32CubeMX\db\mcu\STM32C092CBTx.xml,891ad5a5d4ed5eee8bf64357a5df2a5d5112fbe52adba1489141c30284548afc,1
C:\Users\confl\AppData\Local\Programs\STM32CubeMX\db\mcu\STM32C092CBUx.xml,91bbd8242e766cc0f499ee7f2161795be68790544c9bb45ca5fc927679f10bff,1
C:\Users\confl\AppData\Local\Programs\STM32CubeMX\db\mcu\STM32C092CCTx.xml,fe1559f448d20336496d65c19fcff6005b0d1550325a3d4f04000abb2f847b05,1
C:\Users\confl\AppData\Local\Programs\STM32CubeMX\db\mcu\STM32C092CCUx.xml,b393e0aa39fe3e90a9f9b8a4810da3cfa0d9362f98bfa34af65f7419fff956b5,1
C:\Users\confl\AppData\Local\Programs\STM32CubeMX\db\mcu\STM32C092ECYx.xml,a6d387575bba7c9ff8b1a4032260c04f76e58b2e28d56e705fa4a60646801cea,1
C:\Users\confl\AppData\Local\Programs\STM32CubeMX\db\mcu\STM32C092FBPx.xml,6738866037e40a77810c366752500c3390bd29de241be7a3333089a4697a720e,1
C:\Users\confl\AppData\Local\Programs\STM32CubeMX\db\mcu\STM32C092FCPx.xml,d29be3f7540fc9e8448d9c0de64e082f4f33b69827eb8595f4478fec82ec1b8a,1
C:\Users\confl\AppData\Local\Programs\STM32CubeMX\db\mcu\STM32C092GBUx.xml,fff2c253d33bd1d61dae80b2f2e546f78ba3097fe050af7557331d74213f3ee9,1
C:\Users\confl\AppData\Local\Programs\STM32CubeMX\db\mcu\STM32C092GCUx.xml,5fcad9238105b1fd894a601d0f6dce94a0e50795b234644578471f15e12efb79,1
C:\Users\confl\AppData\Local\Programs\STM32CubeMX\db\mcu\STM32C092KBTx.xml,089b8778b9778a8e47639f4518cdbaed4d214f2de4f3efa87055a17590d52dc2,1
C:\Users\confl\AppData\Local\Programs\STM32CubeMX\db\mcu\STM32C092KBUx.xml,d26ef6bc2217238b1d700ced1ee2bc806d31d4bd039db1efa51857c72ddbaf95,1
C:\Users\confl\AppData\Local\Programs\STM32CubeMX\db\mcu\STM32C092KCTx.xml,8cdf958aa04a1cebf3580ad158820e99f91e5488c48251f78dfc8ab548438f99,1
C:\Users\confl\AppData\Local\Programs\STM32CubeMX\db\mcu\STM32C092KCUx.xml,5051348d093ef86b7ea127ca17d6b3680c6d720591c3ddd12e5ac35930670443,1
C:\Users\confl\AppData\Local\Programs\STM32CubeMX\db\mcu\STM32C092RBTx.xml,a8da01fd496d249e2d067732d006dc7f2d46993e4c1d8db1ac32d0bc34a1a53a,1
C:\Users\confl\AppData\Local\Programs\STM32CubeMX\db\mcu\STM32C092RCIx.xml,8040745ce6ff940564c24a9aca943bc8b2d33a70922658d5121d5247dcc2efc2,1
C:\Users\confl\AppData\Local\Programs\STM32CubeMX\db\mcu\STM32C092RCTx.xml,87234df9698a64faa380715fa94eba8408b4da9ce97acebbf4d3d24bb6b6939b,1
C:\Users\confl\AppData\Local\Programs\STM32CubeMX\db\mcu\STM32F030C6Tx.xml,022a7044fd577d2663c1ae3abb70c51de2e6191bb274c35f1493f5f4e3da7ac3,1
C:\Users\confl\AppData\Local\Programs\STM32CubeMX\db\mcu\STM32F030C8Tx.xml,59ede9d8d1efdf93f95608a9c0d55c3a4e875c9ab55cdb9b2c369c33201eeabe,1
C:\Users\confl\AppData\Local\Programs\STM32CubeMX\db\mcu\STM32F030CCTx.xml,b4a74efddecb4fc12698272517362b5c351ab5d2de72cdb88cff4cd2b4712970,1
C:\Users\confl\AppData\Local\Programs\STM32CubeMX\db\mcu\STM32F030F4Px.xml,ff57b0da0c450360e5c1f5089180db74c6693bd802186e499291e12f48b18099,1
C:\Users\confl\AppData\Local\Programs\STM32CubeMX\db\mcu\STM32F030K6Tx.xml,605d6693126fe4b9f75d9e2e09d88cdca57029573a3973a598128220d92d4175,1
C:\Users\confl\AppData\Local\Programs\STM32CubeMX\db\mcu\STM32F030R8Tx.xml,0cb4f498cb13d0bf1afa46fb174dc718b884fa8c88179ca873d197527902f1c5,1
C:\Users\confl\AppData\Local\Programs\STM32CubeMX\db\mcu\STM32F030RCTx.xml,05310ff600045ff7b6b75855517ba044e2b4e6edb5a8c4f38736a274897cf7c5,1
C:\Users\confl\AppData\Local\Programs\STM32CubeMX\db\mcu\STM32F031C(4-6)Tx.xml,1098986a0d34beec4ccf833fe44c9aa37a3380758a1b2d7b73a417dc589849e1,2
C:\Users\confl\AppData\Local\Programs\STM32CubeMX\db\mcu\STM32F031E6Yx.xml,73ce1ab0a18917ae7d907f71e22dd47ca5277a7c500f4754a6ae368a55419d78,1
C:\Users\confl\AppData\Local\Programs\STM32CubeMX\db\mcu\STM32F031F(4-6)Px.xml,92560e7ec9b8cac428c21d6182bd397dc84afd49d9524c33d41ddbdbf328ee28,2
C:\Users\confl\AppData\Local\Programs\STM32CubeMX\db\mcu\STM32F031G(4-6)Ux.xml,5a99046d5dce62ac9b07ccfdfa180b85452a0898c3dae65bd2870b2bada06b54,2
C:\Users\confl\AppData\Local\Programs\STM32CubeMX\db\mcu\STM32F031K(4-6)Ux.xml,837b68b307954592fa66db3904878dc3d44dd640e39b7cdcf38332974fb83aa5,2
C:\Users\confl\AppData\Local\Programs\STM32CubeMX\db\mcu\STM32F031K6Tx.xml,212d0ae99651dd145d2086767bae7d5b13141d4270b9b2a1bee9ed876a44fbb0,1
C:\Users\confl\AppData\Local\Programs\STM32CubeMX\db\mcu\STM32F038C6Tx.xml,8ba04282a0e5eaf3bc7c61c8da480bd1f34b1892ae69628e6e75f885fdb433aa,1
C:\Users\confl\AppData\Local\Programs\STM32CubeMX\db\mcu\STM32F038E6Yx.xml,73d2320fb70ca4b37ffd30ef22ebfd9a98af15dedf2dc6760a1ff3529de58c46,1
C:\Users\confl\AppData\Local\Programs\STM32CubeMX\db\mcu\STM32F038F6Px.xml,495ccb801eaeb7d8013a29f37bc455c6df51e76f2f89779a55c8c63cc87779ef,1
C:\Users\confl\AppData\Local\Programs\STM32CubeMX\db\mcu\STM32F038G6Ux.xml,6f37e725af143bfdc3c963a676cec64afc0157ba6f2b334c7d81b1499bec7850,1
C:\Users\confl\AppData\Local\Programs\STM32CubeMX\db\mcu\STM32F038K6Ux.xml,1ee5803dcab14df2f3315683ec1715b828a320ea1c7000fb123b370161183cce,1
C:\Users\confl\AppData\Local\Programs\STM32CubeMX\db\mcu\STM32F042C(4-6)Tx.xml,5c87f890747569aff684f00532d8fd3abfd79feff54f467b9ec818e3cd5262f3,2
C:\Users\confl\AppData\Local\Programs\STM32CubeMX\db\mcu\STM32F042C(4-6)Ux.xml,ef2cdbe8178c0a7859594d9968747fb2bd7b3ae8a18bcc7ed88fcbefea4da5f3,2
C:\Users\confl\AppData\Local\Programs\STM32CubeMX\db\mcu\STM32F042F4Px.xml,0eb7a310f527d7f19c4a1f07572d7aca100c7b6c9d79e404879c4fb8818a93e4,1
C:\Users\confl\AppData\Local\Programs\STM32CubeMX\db\mcu\STM32F042F6Px.xml,80f8bd9470ba28b9840aa57ac4fc47c48863569400364d9280b6a3066cb97707,1
C:\Users\confl\AppData\Local\Programs\STM32CubeMX\db\mcu\STM32F042G(4-6)Ux.xml,54e9bdbed0a886cc17126f90bfcb728265c3c46855ccef3edfa5ef365c34d586,2
C:\Users\confl\AppData\Local\Programs\STM32CubeMX\db\mcu\STM32F042K(4-6)Tx.xml,c8390e3f276481d9d1bde797e77e4e7a0515e5e32c1bc6eb3bb025aade10a9e7,2
C:\Users\confl\AppData\Local\Programs\STM32CubeMX\db\mcu\STM32F042K(4-6)Ux.xml,7548cd13a2dd7736c8ab395ada01de6da606bbc5fb6596180a37143b9f9dfc65,2
C:\Users\confl\AppData\Local\Programs\STM32CubeMX\db\mcu\STM32F042T6Yx.xml,a4e0d7eb9f8d477a7c0cca2386f7782871edfdb45f1793617822cd7590f49110,1
C:\Users\confl\AppData\Local\Programs\STM32CubeMX\db\mcu\STM32F048C6Ux.xml,2be07b3bf79cff38b4a694e08b01fbaa6f26baa65492fc1b4af130802803ebde,1
C:\Users\confl\AppData\Local\Programs\STM32CubeMX\db\mcu\STM32F048G6Ux.xml,a61602c10e839b1f9dcbc41317c60921c2654734522d152e80b360322a240fb8,1
C:\Users\confl\AppData\Local\Programs\STM32CubeMX\db\mcu\STM32F048T6Yx.xml,abadf4f41c7d14af3464b85e68073b67724c29b24c0c79e45da1c467c0d4d408,1
C:\Users\confl\AppData\Local\Programs\STM32CubeMX\db\mcu\STM32F051C4Tx.xml,c2c321b2b8d475bb897a7ca58cf946e2a7bde3e7625f71f2944cbd24f1e9a85e,1
C:\Users\confl\AppData\Local\Programs\STM32CubeMX\db\mcu\STM32F051C4Ux.xml,fad884c93314336afba721f7833149a8a83a4a149b44bdc09ff65aba362b386f,1
C:\Users\confl\AppData\Local\Programs\STM32CubeMX\db\mcu\STM32F051C6Tx.xml,d6acccc63434236cdffee940698aba0d9f48dda0941aff267ce439800a3337f8,1
C:\Users\confl\AppData\Local\Programs\STM32CubeMX\db\mcu\STM32F051C6Ux.xml,de1c02562ca14640e98b78f88c35fbf387e3e7eac73d005e1da4b3153271e05c,1
C:\Users\confl\AppData\Local\Programs\STM32CubeMX\db\mcu\STM32F051C8Tx.xml,8c77711e9d02579ec16d0ccb3babda79bfd51677eb8669077352a299582e3c4d,1
C:\Users\confl\AppData\Local\Programs\STM32CubeMX\db\mcu\STM32F051C8Ux.xml,d083a40e828f9e9490d755dd7c032d141b580ee29e34455c10b4c050d1033374,1
C:\Users\confl\AppData\Local\Programs\STM32CubeMX\db\mcu\STM32F051K4Tx.xml,4ec5d8e23f69078e220e4f602cdf198d97198a6ce39cf41296cd0a3e65177237,1
C:\Users\confl\AppData\Local\Programs\STM32CubeMX\db\mcu\STM32F051K4Ux.xml,770f2143899f3bf16548d6822bc8437c11dbcf1cdabf40ded0d44c1ad4fdbdc1,1
C:\Users\confl\AppData\Local\Programs\STM32CubeMX\db\mcu\STM32F051K6Tx.xml,10202f4604818fb0946014193e06649a197e02765ebd28aa9dcb1cb6b27f4447,1
C:\Users\confl\AppData\Local\Programs\STM32CubeMX\db\mcu\STM32F051K6Ux.xml,d1ea8633be98e69421dd24f0f471b42a595d3ebb56d0376d490a74eede1dadf6,1
C:\Users\confl\AppData\Local\Programs\STM32CubeMX\db\mcu\STM32F051K8Tx.xml,37b2c7416c2352d1b06fa5cc88809114fa37e4263e9b976c50aa1104ac9c7525,1
C:\Users\confl\AppData\Local\Programs\STM32CubeMX\db\mcu\STM32F051K8Ux.xml,89192966334a7f877ab4fb94657e20cbbbdc7df1509cb35f640c4e8a868131ce,1
C:\Users\confl\AppData\Local\Programs\STM32CubeMX\db\mcu\STM32F051R4Tx.xml,d2cfbea9a6f4fc3a08473d1866886c7927a9454c5c3bf5064a23f89d87ed7a9d,1
C:\Users\confl\AppData\Local\Programs\STM32CubeMX\db\mcu\STM32F051R6Tx.xml,a96a3dbfd19d7934a0b5df8cf3e5f90664651e5abaec2fb782f0b7115f56524e,1
C:\Users\confl\AppData\Local\Programs\STM32CubeMX\db\mcu\STM32F051R8Hx.xml,98ecd2e000e9124b5f52554d016c12075ed51c9539e0db841b00cd0caea71815,1
C:\Users\confl\AppData\Local\Programs\STM32CubeMX\db\mcu\STM32F051R8Tx.xml,39d8904cb9d859ff4f6c38b17b9358f260993542c70d5434172061dfb432d36a,1
C:\Users\confl\AppData\Local\Programs\STM32CubeMX\db\mcu\STM32F051T8Yx.xml,e4447cc0b6fa64f01281853d901e71965b269d170add9227a9525861bdadd8a4,1
C:\Users\confl\AppData\Local\Programs\STM32CubeMX\db\mcu\STM32F058C8Ux.xml,d2926da093a5121fc4ab1c625d98b46305c902bd59536894513e5b18ce2234a3,1
C:\Users\confl\AppData\Local\Programs\STM32CubeMX\db\mcu\STM32F058R8Hx.xml,54e75b35e0fdd63bda4a9870790c97bca8af1ad27a56b16d8065c16a214f409d,1
C:\Users\confl\AppData\Local\Programs\STM32CubeMX\db\mcu\STM32F058R8Tx.xml,9a5975ac1c3267bb556a169f92e2e9ec3e19e41dca84f58c094d39bdeb5ec550,1
C:\Users\confl\AppData\Local\Programs\STM32CubeMX\db\mcu\STM32F058T8Yx.xml,acdd3c3466a0091e724550a5fb16a4f1bdcdc1cdd1540acbd71dab73b9c15247,1
C:\Users\confl\AppData\Local\Programs\STM32CubeMX\db\mcu\STM32F070C6Tx.xml,b5aa068cf39917a23196fba2a3181df69d8864c03b9a19164543a20146b38316,1
C:\Users\confl\AppData\Local\Programs\STM32CubeMX\db\mcu\STM32F070CBTx.xml,8bf7a0f7f765496e56284fb4e0872bdf9adc0281296109d9fa8c4f05094d0b1a,1
C:\Users\confl\AppData\Local\Programs\STM32CubeMX\db\mcu\STM32F070F6Px.xml,05a7e54359e6a2cefa079e0e38f20066e7e2428200c47d38a304e17cbfc5ee85,1
C:\Users\confl\AppData\Local\Programs\STM32CubeMX\db\mcu\STM32F070RBTx.xml,dabcfb839b1f82d7ebfe6bc19453d2f81f566378a3e2b1189500a727eb193fb5,1
C:\Users\confl\AppData\Local\Programs\STM32CubeMX\db\mcu\STM32F071C(8-B)Tx.xml,91d4ba03a1b34a265e787f2812631c42905d9b947f8ef3c414d92873285e450b,2
C:\Users\confl\AppData\Local\Programs\STM32CubeMX\db\mcu\STM32F071C(8-B)Ux.xml,b13412ecac113ac256e480901df4ca97afbbf8b408ee5ea652126d6542a93fe7,2
C:\Users\confl\AppData\Local\Programs\STM32CubeMX\db\mcu\STM32F071CBYx.xml,c5109f9bfa3ab2f5c7d70eda28c93306b1fe1a7012d693416d2f57ea497d15d5,1
C:\Users\confl\AppData\Local\Programs\STM32CubeMX\db\mcu\STM32F071RBTx.xml,c03052f4f3ccea7955c8bcf95ba2e806a924031d652bf5ef0391cb18196670e9,1
C:\Users\confl\AppData\Local\Programs\STM32CubeMX\db\mcu\STM32F071V(8-B)Hx.xml,93420faa650b84c830d96d91c919095beca2c00b5d6cf79c0ca199cc8ae0149e,2
C:\Users\confl\AppData\Local\Programs\STM32CubeMX\db\mcu\STM32F071V(8-B)Tx.xml,2513180a4e4bccb206f69b0c6f3bebe286035291d84b2f608367fdf79072845b,2
C:\Users\confl\AppData\Local\Programs\STM32CubeMX\db\mcu\STM32F072C(8-B)Tx.xml,1b6528b29db80c059aa1499cb32dba7b0484554158978188000704b317a1838b,2
C:\Users\confl\AppData\Local\Programs\STM32CubeMX\db\mcu\STM32F072C(8-B)Ux.xml,b5b17e8d6575f8be450d612dc8c2d5f94694cb3e44518a664ab226225bb640c7,2
C:\Users\confl\AppData\Local\Programs\STM32CubeMX\db\mcu\STM32F072CBYx.xml,bdd1ab0518505767f065f5d60d51537bf5ce199fe84e49e019e35e2fa358d8d7,1
C:\Users\confl\AppData\Local\Programs\STM32CubeMX\db\mcu\STM32F072R(8-B)Tx.xml,c7acada0997c74cf131648ba259f8bce3b1207b2cfc08b02c9506073eadb3e5f,2
C:\Users\confl\AppData\Local\Programs\STM32CubeMX\db\mcu\STM32F072RBHx.xml,aa55a7cb539012bd32eba2cc3e60ed98ec70455641449631d5d90e57011f22d6,1
C:\Users\confl\AppData\Local\Programs\STM32CubeMX\db\mcu\STM32F072RBIx.xml,8df37d15f4ada4272c19739b577a4aec094ba1263053737e823442e84185c377,1
C:\Users\confl\AppData\Local\Programs\STM32CubeMX\db\mcu\STM32F072V(8-B)Hx.xml,d91d5fd545cab36bfb0e4e9125db4e80981fe151d992044c34d9b5952e3a85d8,2
C:\Users\confl\AppData\Local\Programs\STM32CubeMX\db\mcu\STM32F072V(8-B)Tx.xml,999647b153b8925a4982008be4fefda50fccf32ad183117e34e1d40a44a28fdf,2
C:\Users\confl\AppData\Local\Programs\STM32CubeMX\db\mcu\STM32F078CBTx.xml,28f16dbb02c32560d1ac975c805b7a6a88431736f941378c3725fad7331d3e0a,1
C:\Users\confl\AppData\Local\Programs\STM32CubeMX\db\mcu\STM32F078CBUx.xml,5fb3a15a30c08e7622bddf76c4418264ba9c55a830910116a4e44afed55cb9d0,1
C:\Users\confl\AppData\Local\Programs\STM32CubeMX\db\mcu\STM32F078CBYx.xml,13a54c1024f44e8711b9cfd24e8e59576f035465a3392958c080ef79906d08a3,1
C:\Users\confl\AppData\Local\Programs\STM32CubeMX\db\mcu\STM32F078RBHx.xml,1b95b976c580b9cad2604f2bc9fddad30e6292bdb0c56d667b9996a11b28c826,1
C:\Users\confl\AppData\Local\Programs\STM32CubeMX\db\mcu\STM32F078RBTx.xml,dce570b6ca79ac7989fc1e95d50fd14f5b3a23935061adba9b19304db28271f4,1
C:\Users\confl\AppData\Local\Programs\STM32CubeMX\db\mcu\STM32F078VBHx.xml,1f585a8d284cccad78b8f61be87a4485387d9f347d0f6a979733f428226452f4,1
C:\Users\confl\AppData\Local\Programs\STM32CubeMX\db\mcu\STM32F078VBTx.xml,37b1ea8183cd6c20793faedce594ffa0a13200c9d52e652bd1ff4b1120b3d53c,1
C:\Users\confl\AppData\Local\Programs\STM32CubeMX\db\mcu\STM32F091C(B-C)Tx.xml,ceb3644de3c491935cbc78e267341787c46b4347ca646226985d3be7cd586e34,2
C:\Users\confl\AppData\Local\Programs\STM32CubeMX\db\mcu\STM32F091C(B-C)Ux.xml,78e98e8878be34f520dcf581c2639515c59f91f18145e2daa690adbdc0a91d19,2
C:\Users\confl\AppData\Local\Programs\STM32CubeMX\db\mcu\STM32F091R(B-C)Tx.xml,bfa2bae4998259aee3791121d463997d2cf51815897ed4f23c631a892c6b493e,2
C:\Users\confl\AppData\Local\Programs\STM32CubeMX\db\mcu\STM32F091RCHx.xml,c9e37b6b0aed825c8140ac1fad555b7b3d0d02270372a4324c56c2df4bdca245,1
C:\Users\confl\AppData\Local\Programs\STM32CubeMX\db\mcu\STM32F091RCYx.xml,476bd738ec05375cde027a615255f0bf7dc953a9604a9fb68d196ba8c08b2fe6,1
C:\Users\confl\AppData\Local\Programs\STM32CubeMX\db\mcu\STM32F091V(B-C)Tx.xml,e541574b3d063df1471109c3f673d9220386d2afeeb2d2d5cd7a5c13e98ee30f,2
C:\Users\confl\AppData\Local\Programs\STM32CubeMX\db\mcu\STM32F091VCHx.xml,8e04ad4d0e5bc1a1041f33c33b4654c6388fcd5e7c88eb09a512d64b68172c55,1
C:\Users\confl\AppData\Local\Programs\STM32CubeMX\db\mcu\STM32F098CCTx.xml,e236c05dcba42836902297dcb9aaff3ae5007b916003fff01e6abe0f18d30cd7,1
C:\Users\confl\AppData\Local\Programs\STM32CubeMX\db\mcu\STM32F098CCUx.xml,b3b4f9a639aba3cdb6e59d9c35744071c80d62b080ac36bef18c9bcc251b3899,1
C:\Users\confl\AppData\Local\Programs\STM32CubeMX\db\mcu\STM32F098RCHx.xml,35e08eb7cf532a6a9495b3137bf48b9d9e26124c816e7d12415acd5be4860eec,1
C:\Users\confl\AppData\Local\Programs\STM32CubeMX\db\mcu\STM32F098RCTx.xml,618b107aebfd07f411b4f438e6f329a26979ec47ef27dbcbaa98c093c17a51fe,1
C:\Users\confl\AppData\Local\Programs\STM32CubeMX\db\mcu\STM32F098RCYx.xml,bfc822edfaa09d47c2f154a35a5361dcacd97cd3391b29910a89f65eb2e36a9d,1
C:\Users\confl\AppData\Local\Programs\STM32CubeMX\db\mcu\STM32F098VCHx.xml,d5cf05490bfa14af38490241aa234eeba4af331c247c18cac3cd394da5e73a4e,1
C:\Users\confl\AppData\Local\Programs\STM32CubeMX\db\mcu\STM32F098VCTx.xml,3c4c6c3d0036b38fd53cf10840845439bee86d384b3df1016132c1f16a0f3491,1
C:\Users\confl\AppData\Local\Programs\STM32CubeMX\db\mcu\STM32F100C(4-6)Tx.xml,bf3c7c4748b251c5458699da80efd76af44c72fdd7dafb2866b1eca64d0bf5a7,2
C:\Users\confl\AppData\Local\Programs\STM32CubeMX\db\mcu\STM32F100C(8-B)Tx.xml,06755f74729194437805bcfe321e25d6abc07cfc3e122ecb42620abef6453e3b,2
C:\Users\confl\AppData\Local\Programs\STM32CubeMX\db\mcu\STM32F100R(C-D-E)Tx.xml,7918f8e61e04e55f04c829b01789c8b5bb37598f9224354c7614e23d62897ec3,3
C:\Users\confl\AppData\Local\Programs\STM32CubeMX\db\mcu\STM32F100V(8-B)Tx.xml,04398bc26c5daf1e93d9bc1500daaff4eff951b72f82a536c87248414f80087e,2
C:\Users\confl\AppData\Local\Programs\STM32CubeMX\db\mcu\STM32F100V(C-D-E)Tx.xml,a9a4961e86d7ec9171004daeb7981d93e74326bce1b1fc06ef5f9170241e20a0,3
C:\Users\confl\AppData\Local\Programs\STM32CubeMX\db\mcu\STM32F100Z(C-D-E)Tx.xml,aa51cd6505660b327478dea4bc57949bc66d4c42e0a5ce51affec505eaa92938,3
C:\Users\confl\AppData\Local\Programs\STM32CubeMX\db\mcu\STM32F101C(4-6)Tx.xml,d63570e74e2546b96a219bbd99d3ea0591c81b02909186a37b1f813b2f33a4a3,2
C:\Users\confl\AppData\Local\Programs\STM32CubeMX\db\mcu\STM32F101R(4-6)Tx.xml,b5704c31838161b8408da0d742a00904852816c9c9a45e5a1a34044c5b2f97e9,2
C:\Users\confl\AppData\Local\Programs\STM32CubeMX\db\mcu\STM32F101R(8-B)Tx.xml,6e21b077f3e9b1e8c093f05cde7866480d33e67f9f2e5f4613297ee0fc435c3d,1
C:\Users\confl\AppData\Local\Programs\STM32CubeMX\db\mcu\STM32F101R(C-D-E)Tx.xml,137520cb4246d5abea7480ce3d44dcdd0ac04c477e5f9193ae82ed4400cc4f41,3
C:\Users\confl\AppData\Local\Programs\STM32CubeMX\db\mcu\STM32F101R(F-G)Tx.xml,456a08d67335945071870f062c7f54b8f6b438125380114332534b17fb0c18d4,2
C:\Users\confl\AppData\Local\Programs\STM32CubeMX\db\mcu\STM32F101T(4-6)Ux.xml,30cbc891bb9e8444b04ae4a70c14483cb974772fb6a1c7e181585ee34c1c8f05,2
C:\Users\confl\AppData\Local\Programs\STM32CubeMX\db\mcu\STM32F101T(8-B)Ux.xml,5156256daccb413640d9483b6c088d02b9f35a399fbafeef5a23fbb8a847f947,2
C:\Users\confl\AppData\Local\Programs\STM32CubeMX\db\mcu\STM32F101V(8-B)Tx.xml,b43ba4de376b8032641b37a6bc6c59b415d21dd4682a13fedfa19bc2fd71e430,2
C:\Users\confl\AppData\Local\Programs\STM32CubeMX\db\mcu\STM32F101V(C-D-E)Tx.xml,d6e0180de5a75e4da2e190554cf8a62f8250d0d5ee15ac4496bcd7e7a97087a2,3
C:\Users\confl\AppData\Local\Programs\STM32CubeMX\db\mcu\STM32F101V(F-G)Tx.xml,8b039965d267f56ff897870103e9339d8a0c190ff16c2f44f24c20b612182d98,2
C:\Users\confl\AppData\Local\Programs\STM32CubeMX\db\mcu\STM32F101Z(C-D-E)Tx.xml,0e627b517a45ce4011f21d33b2c52a46cedf1c70d763d77e299567e8de6b0e28,3
C:\Users\confl\AppData\Local\Programs\STM32CubeMX\db\mcu\STM32F101Z(F-G)Tx.xml,3f2be91a4a1780bc1cd1c0d00bfa7ce948e10d910113d30267fa5a73d1ac82e0,2
C:\Users\confl\AppData\Local\Programs\STM32CubeMX\db\mcu\STM32F102C(4-6)Tx.xml,243b5755fb320eafc4f017656a7b0c523ac65b8795b62a59b29863e81d5d87be,2
C:\Users\confl\AppData\Local\Programs\STM32CubeMX\db\mcu\STM32F102C(8-B)Tx.xml,ac173e5a6d30bd9b9f042ea4b57d1f0aebb23b81c6e12d9fe0f1cdabe1fc11b4,2
C:\Users\confl\AppData\Local\Programs\STM32CubeMX\db\mcu\STM32F102R(4-6)Tx.xml,7a5f871914ad5e1b3f6bd4aff620ab428117a4f87f163ed282cc94fabc362c58,2
C:\Users\confl\AppData\Local\Programs\STM32CubeMX\db\mcu\STM32F102R(8-B)Tx.xml,c07840d3c827e7db99b626e1bb88c297fcaa95bc96bac56c23ceb1551f9cbd9b,2
C:\Users\confl\AppData\Local\Programs\STM32CubeMX\db\mcu\STM32F103C(4-6)Tx.xml,189900f6b4419449e921bf2dd2b208292ea73a2beafe8cba89912e2c2846ff8a,1
C:\Users\confl\AppData\Local\Programs\STM32CubeMX\db\mcu\STM32F103C(8-B)Tx.xml,cceb8815f7d2f4f8264a348a4686518f2d37b2bd8de91b9caff9650a8f210a75,1
C:\Users\confl\AppData\Local\Programs\STM32CubeMX\db\mcu\STM32F103R(F-G)Tx.xml,dafe5547f00082cab3b78865200663152516c500e0522a4307dc1751a4dfb4b1,2
C:\Users\confl\AppData\Local\Programs\STM32CubeMX\db\mcu\STM32F103T(4-6)Ux.xml,a7af3e522ed2b644982f4ef540fc86a03a7db9145e0854c5fa7cadae78cf0ad1,2
C:\Users\confl\AppData\Local\Programs\STM32CubeMX\db\mcu\STM32F103T(8-B)Ux.xml,df22fedb10c1f0b820df9012fe5dac15e5a0a6ae4ba93d9613c23fcc2157027d,2
C:\Users\confl\AppData\Local\Programs\STM32CubeMX\db\mcu\STM32F103V(F-G)Tx.xml,5e13bd88683924732f95a4f606215b01fdbd3306b0e7aa2fd7514e565ce231e7,2
C:\Users\confl\AppData\Local\Programs\STM32CubeMX\db\mcu\STM32F105R(8-B-C)Tx.xml,a218c30b4fd08ccbcaeec1b2a7eb5e9e4b098c12f04ab81cb14af042a541e672,3
C:\Users\confl\AppData\Local\Programs\STM32CubeMX\db\mcu\STM32F105V(8-B-C)Tx.xml,7cf36fc0a8f2ccb84c7b03dece3b329887911c78c2cdc7bfc053fcaef26aefa1,1
C:\Users\confl\AppData\Local\Programs\STM32CubeMX\db\mcu\STM32F107R(B-C)Tx.xml,3a89702f1a86fab40293257fb4255a3151e2d21a27d5604dc97d2d48b5271951,2
C:\Users\confl\AppData\Local\Programs\STM32CubeMX\db\mcu\STM32F107V(B-C)Tx.xml,be6c6c96b0328345f3b71768b342bc3742edb780abc9c25a5f0035a09c11518a,1
C:\Users\confl\AppData\Local\Programs\STM32CubeMX\db\mcu\STM32F205R(B-C-E-F-G)Tx.xml,d3d1382bbcc2d9d3a1fbdd68492425453e00c446a5f877f62770847c0675ef7f,5
C:\Users\confl\AppData\Local\Programs\STM32CubeMX\db\mcu\STM32F205R(E-G)Yx.xml,f963db3eab7c4a4029150aa948ee456e7f3476fa8ba4675fe945dc2c6adbd393,2
C:\Users\confl\AppData\Local\Programs\STM32CubeMX\db\mcu\STM32F205RGEx.xml,e8610332434707c8927db4abd4bbc98e1731f953ae3d5b776e2820133af80d00,1
C:\Users\confl\AppData\Local\Programs\STM32CubeMX\db\mcu\STM32F205V(B-C-E-F-G)Tx.xml,3307ff344d24ffe39aa69d6e41f903d0f9ec3b09f24b9d69bb5512389614db4e,5
C:\Users\confl\AppData\Local\Programs\STM32CubeMX\db\mcu\STM32F205Z(C-E-F-G)Tx.xml,60ba65b5ec09c5a49761e4af98d5e2ece054959ab4937f768c3b23c2b22f18d9,4
C:\Users\confl\AppData\Local\Programs\STM32CubeMX\db\mcu\STM32F207I(C-E-F-G)Hx.xml,a28102dc511159a9fb7c5d6269f404bf2293b24f9861f905180cedf9eec24342,4
C:\Users\confl\AppData\Local\Programs\STM32CubeMX\db\mcu\STM32F207I(C-E-F-G)Tx.xml,594a2de13977a924e212eeeaab36911b582c6a07371c48e8652fbc6b27ab66cd,4
C:\Users\confl\AppData\Local\Programs\STM32CubeMX\db\mcu\STM32F207V(C-E-F-G)Tx.xml,cb7d33e0d2a8b70f9358ae6d209030e89d7e020a6c4a81557469311993c4336a,4
C:\Users\confl\AppData\Local\Programs\STM32CubeMX\db\mcu\STM32F207Z(C-E-F-G)Tx.xml,045a02fdd70de6f81932aa5bfb2070fc8161a5e6c351056bf0aca862467b1409,4
C:\Users\confl\AppData\Local\Programs\STM32CubeMX\db\mcu\STM32F215R(E-G)Tx.xml,3a6c51a0bc8faa553afe75c28e925c9703d323c7ef82f887b99dbd04b63f8ebe,2
C:\Users\confl\AppData\Local\Programs\STM32CubeMX\db\mcu\STM32F215V(E-G)Tx.xml,6198d8ab7591e3cbfba416a4d2b2ae2298ea177ade1d5a39bb9b1ba8e2294f6b,2
C:\Users\confl\AppData\Local\Programs\STM32CubeMX\db\mcu\STM32F215Z(E-G)Tx.xml,cd69c27e03ab7c11003ea7d25464e2adae564a9931eb0fd78b6bcf5265ef173f,2
C:\Users\confl\AppData\Local\Programs\STM32CubeMX\db\mcu\STM32F217I(E-G)Hx.xml,999798cf033a9b255ebcb3883bde30d0a8d5cdacf566a8b824a43038549db768,2
C:\Users\confl\AppData\Local\Programs\STM32CubeMX\db\mcu\STM32F217I(E-G)Tx.xml,2d8396aa926f56a6493280f2ce616dce169c3578de519705f6783ee9aaf7f00d,2
C:\Users\confl\AppData\Local\Programs\STM32CubeMX\db\mcu\STM32F217V(E-G)Tx.xml,f6dca98220de2608f4279a96ddcc6a689b570a446dd8f99bfe682b6d4ce78c80,2
C:\Users\confl\AppData\Local\Programs\STM32CubeMX\db\mcu\STM32F217Z(E-G)Tx.xml,cc328723ee4f1d562afe5b93ff39b47fa41bb76338c19c991c752e680bba1835,2
C:\Users\confl\AppData\Local\Programs\STM32CubeMX\db\mcu\STM32F301C(6-8)Tx.xml,de476db037676ee8909017f9c5c3546168ee2a4676343f32132f78f24bf8b053,2
C:\Users\confl\AppData\Local\Programs\STM32CubeMX\db\mcu\STM32F301C8Yx.xml,22860cbe0b021495a2e863a0203ce8a3dc2055e72baade39de1f4b2ca63b815b,1
C:\Users\confl\AppData\Local\Programs\STM32CubeMX\db\mcu\STM32F301K(6-8)Tx.xml,bce38d423997fe5642f27e0768f3f1a10c3af9f4e7b356059a7640117d099ea3,1
C:\Users\confl\AppData\Local\Programs\STM32CubeMX\db\mcu\STM32F301K(6-8)Ux.xml,57b99f533c6fe45d89a6ecf5d5bbc6bf06e06b2f2d3bf7174780f905e5b6fd21,2
C:\Users\confl\AppData\Local\Programs\STM32CubeMX\db\mcu\STM32F301R(6-8)Tx.xml,12a22f9667dc4353205df60cf5d952c613c655e67e85479a94a3a772a7d09f0b,2
C:\Users\confl\AppData\Local\Programs\STM32CubeMX\db\mcu\STM32F302C(6-8)Tx.xml,c917d96c23250a04cb123537e057e790e74f947eac52d3ff1f4c1a2777fc5853,2
C:\Users\confl\AppData\Local\Programs\STM32CubeMX\db\mcu\STM32F302C(B-C)Tx.xml,4f2d701377969bc094d78931b4f244d9903d49b05a2072ac45d5819f885a92bc,2
C:\Users\confl\AppData\Local\Programs\STM32CubeMX\db\mcu\STM32F302C8Yx.xml,c28c4f0104335cd260469c3602912753b156f1f24be23933bca501fb72b34511,1
C:\Users\confl\AppData\Local\Programs\STM32CubeMX\db\mcu\STM32F302K(6-8)Ux.xml,a1980aa47c998529ce54ae55d4e57ce6bde77a397250054a57ada41890c650e5,2
C:\Users\confl\AppData\Local\Programs\STM32CubeMX\db\mcu\STM32F302R(6-8)Tx.xml,bdf66c8c152558fce30cb1021a3c2da72d52d0ca41824ed9602df2589714867f,2
C:\Users\confl\AppData\Local\Programs\STM32CubeMX\db\mcu\STM32F302R(B-C)Tx.xml,0794a3782c97569ef34e26114fcb183340f19ba8ac2cfd686109109993ea448e,2
C:\Users\confl\AppData\Local\Programs\STM32CubeMX\db\mcu\STM32F302R(D-E)Tx.xml,85b48377fd8525f38577b9e7b1ccfb9c386e0c4069aa81045f743dac6d54e77f,2
C:\Users\confl\AppData\Local\Programs\STM32CubeMX\db\mcu\STM32F302V(B-C)Tx.xml,877c89e0989fc07b7b609549a5a9aacc79a1e70e98577699c4e840b20a3ef2e7,2
C:\Users\confl\AppData\Local\Programs\STM32CubeMX\db\mcu\STM32F302V(D-E)Hx.xml,546fed03216a69d50742d435b9b4deb6cb4863b98fdbe20e3e4c080bff827417,2
C:\Users\confl\AppData\Local\Programs\STM32CubeMX\db\mcu\STM32F302V(D-E)Tx.xml,6f2f203ec8a79225781d87e13780af67d9b3a3ae07e378cb7d38e55952422074,2
C:\Users\confl\AppData\Local\Programs\STM32CubeMX\db\mcu\STM32F302VCYx.xml,f05b5ad79049a5fd671fd0fb590333ccbdc5a8b3e639a59143121c4dbde05746,1
C:\Users\confl\AppData\Local\Programs\STM32CubeMX\db\mcu\STM32F302Z(D-E)Tx.xml,2ab9253ed48f26b668146980e09cab18c0ef5bd04cc78df7d9751cb8f83b01de,2
C:\Users\confl\AppData\Local\Programs\STM32CubeMX\db\mcu\STM32F303C(6-8)Tx.xml,163a96e7149ec651b39b7255731d611435648f368b184fe8be7eddee158b524b,2
C:\Users\confl\AppData\Local\Programs\STM32CubeMX\db\mcu\STM32F303C(B-C)Tx.xml,f062ffe564c7def9af7851bfeccee94757c6caf0fb8fe431062f075f70131583,2
C:\Users\confl\AppData\Local\Programs\STM32CubeMX\db\mcu\STM32F303K(6-8)Tx.xml,55f056f8ee6673a2e842c77e3cf2b38d09db679a1824170b5c73037724dd81ff,2
C:\Users\confl\AppData\Local\Programs\STM32CubeMX\db\mcu\STM32F303K(6-8)Ux.xml,710142e5e2a72a8f03d3cfd1a9b030d4065e0aee7732f7329dc2d1bf1c69b17c,2
C:\Users\confl\AppData\Local\Programs\STM32CubeMX\db\mcu\STM32F303R(6-8)Tx.xml,78914263d4d05518bcfedf10997912c24cbfaf8c1ec4ec8e616d861e733a4c31,2
C:\Users\confl\AppData\Local\Programs\STM32CubeMX\db\mcu\STM32F303R(B-C)Tx.xml,865d16e0962d1de65cf82d0bf5fcd3365b1dab4c75f7d37c44f0cd57acec03d5,2
C:\Users\confl\AppData\Local\Programs\STM32CubeMX\db\mcu\STM32F303R(D-E)Tx.xml,184329b60280e20829b2da4f2969ee70cbd5af4dd2ca7e115a8c3ddf7ca45cde,2
C:\Users\confl\AppData\Local\Programs\STM32CubeMX\db\mcu\STM32F303V(B-C)Tx.xml,3ac53aee4d18ba14b2abe1f02f86545e048a7661ba7136cd429b82a043b1b4eb,2
C:\Users\confl\AppData\Local\Programs\STM32CubeMX\db\mcu\STM32F303V(D-E)Hx.xml,9238421bdd3bf7774451591cafabb2b173922a17d61a01c35a92ef8f87a757ab,2
C:\Users\confl\AppData\Local\Programs\STM32CubeMX\db\mcu\STM32F303V(D-E)Tx.xml,46f74c07a2035c8192823282ea199dad1a85f5de210ca588d6384629de44515e,2
C:\Users\confl\AppData\Local\Programs\STM32CubeMX\db\mcu\STM32F303VCYx.xml,855c201771d1fb3009888c15e673946d1b89d89183b01b26038948a50c2f461a,1
C:\Users\confl\AppData\Local\Programs\STM32CubeMX\db\mcu\STM32F303VEYx.xml,0988c4e5bc9154e83290a21173654c55bf6b02e8da05ba7ca63686817f427a2b,1
C:\Users\confl\AppData\Local\Programs\STM32CubeMX\db\mcu\STM32F303Z(D-E)Tx.xml,d5ef06f5a83c5dae3b2567a3789ca6bc7a109af7381eba8fe5aebbc50621e125,2
C:\Users\confl\AppData\Local\Programs\STM32CubeMX\db\mcu\STM32F318C8Tx.xml,4e20a798650212fb101716d83d70f593043387d49f2e638e25fea40e9b7631b9,1
C:\Users\confl\AppData\Local\Programs\STM32CubeMX\db\mcu\STM32F318C8Yx.xml,66417f3d2a6509f673a46cf804b3b90f793224f62ba725f4a00b520647e209f4,1
C:\Users\confl\AppData\Local\Programs\STM32CubeMX\db\mcu\STM32F318K8Ux.xml,68a7fc5b1f8d8a6ad5895d7043beab7a13fe72d637e0adb79cf4d5623d248870,1
C:\Users\confl\AppData\Local\Programs\STM32CubeMX\db\mcu\STM32F328C8Tx.xml,4dcdfc6cdfe735b76c30b5d17afab19402a68faf78ed4b717c65bd43ebf5b0d3,1
C:\Users\confl\AppData\Local\Programs\STM32CubeMX\db\mcu\STM32F334C(4-6-8)Tx.xml,51ba97ef823b9ae5134e3030503373706eb0ea0cb5a3f10d9cc9f7f7281f174a,3
C:\Users\confl\AppData\Local\Programs\STM32CubeMX\db\mcu\STM32F334C8Yx.xml,f46066a71994a6f2494458e78bc98337c6070b4b89c9f048913f016c7d128134,1
C:\Users\confl\AppData\Local\Programs\STM32CubeMX\db\mcu\STM32F334K(4-6-8)Tx.xml,fcfdd107381fa8b9a30e2fd0a0af42fccc1e7776cde987a17134c41664689830,3
C:\Users\confl\AppData\Local\Programs\STM32CubeMX\db\mcu\STM32F334K(4-6-8)Ux.xml,7bd231bb55c9e2f6f996fd8aa7f426f52aaa9de3c4770c0e4f57c8e0af104ae8,3
C:\Users\confl\AppData\Local\Programs\STM32CubeMX\db\mcu\STM32F334R(6-8)Tx.xml,13a0a7495b18bf1e5e0d1523f7fe2286296223c49a733aba25ca5d2af2613a83,2
C:\Users\confl\AppData\Local\Programs\STM32CubeMX\db\mcu\STM32F358CCTx.xml,df444c7d515eaf6bec6edcf781b06d833a87ba4588d35695c8bdd421ce3d2e16,1
C:\Users\confl\AppData\Local\Programs\STM32CubeMX\db\mcu\STM32F358RCTx.xml,3e2b9ce57652e122071d2d127567ed48b6d34cbf168d6eb468d78e8b411cacc2,1
C:\Users\confl\AppData\Local\Programs\STM32CubeMX\db\mcu\STM32F358VCTx.xml,13fef11c6ec40d4d46e4faa4468e0aaca552a384099591117fef136419c70c65,1
C:\Users\confl\AppData\Local\Programs\STM32CubeMX\db\mcu\STM32F373C(8-B-C)Tx.xml,1372bea3033e3b9ba9aeeecb3158d2e416350dd7660b929a7259fa118fe89853,3
C:\Users\confl\AppData\Local\Programs\STM32CubeMX\db\mcu\STM32F373R(8-B-C)Tx.xml,c18d8714dff377086460744f6d36fbad8c301e6f6f102f872e2c933e4ed4d1ae,3
C:\Users\confl\AppData\Local\Programs\STM32CubeMX\db\mcu\STM32F373V(8-B-C)Hx.xml,e99bb779ba5b61a3a0af937485e33ddf9d5b37de5dfb0fbd6871e36ca7f75c92,3
C:\Users\confl\AppData\Local\Programs\STM32CubeMX\db\mcu\STM32F373V(8-B-C)Tx.xml,e6b83cba54656a0005174cd28b2dca1879fa251e5bb916393f7369568398ab00,3
C:\Users\confl\AppData\Local\Programs\STM32CubeMX\db\mcu\STM32F378CCTx.xml,28fcdbc3e317fcb32739eb1a957874e49064f27466a9a3d348afb492d35d02e0,1
C:\Users\confl\AppData\Local\Programs\STM32CubeMX\db\mcu\STM32F378RCTx.xml,b32fed6b9ed3686d189947e26c82ac3c2bccb941ab090fe13cb64dd52e1762ff,1
C:\Users\confl\AppData\Local\Programs\STM32CubeMX\db\mcu\STM32F378RCYx.xml,ee4b401e4379de912e5d80f41b8c4b06018ac718d5e9aa4cc706f76fb53c6a6e,1
C:\Users\confl\AppData\Local\Programs\STM32CubeMX\db\mcu\STM32F378VCTx.xml,f9fba23d11f2bae462b8f8b86b708c78115de07acebfa8ecf0156a0142bfd6e9,1
C:\Users\confl\AppData\Local\Programs\STM32CubeMX\db\mcu\STM32F398VETx.xml,354772cf75d53fc84f31df9b9dcf81b730b0b033b9f1055f4a2e75fcf85e349c,1
C:\Users\confl\AppData\Local\Programs\STM32CubeMX\db\mcu\STM32F401C(B-C)Ux.xml,906ab2f46f04744daccc1c86296fc3ee3c0d8487dc5c817abfd0d2112f0bf242,2
C:\Users\confl\AppData\Local\Programs\STM32CubeMX\db\mcu\STM32F401C(B-C)Yx.xml,d6697e3bd8056319e1717090eb56512efe0b066049412cdbfbb510a0531b06f9,2
C:\Users\confl\AppData\Local\Programs\STM32CubeMX\db\mcu\STM32F401C(D-E)Ux.xml,961b6b0498c22ba4f0cbae95182f4157e8a3d94ac085b8118b53ac29343aa28f,2
C:\Users\confl\AppData\Local\Programs\STM32CubeMX\db\mcu\STM32F401C(D-E)Yx.xml,ba69edfd9acd9a76bb810fc82abf160f194eaadc3dabe9a62d58e589f23fd5ac,2
C:\Users\confl\AppData\Local\Programs\STM32CubeMX\db\mcu\STM32F401CCFx.xml,03a30f0066d922193c3f309124d94547c3fa7a2928cfc5d77e891e48a7db8e2c,1
C:\Users\confl\AppData\Local\Programs\STM32CubeMX\db\mcu\STM32F401R(B-C)Tx.xml,59ad179c473efdd1004dd055b0c90a351617e9fd6df7b9f992cf89beba0bf7d8,2
C:\Users\confl\AppData\Local\Programs\STM32CubeMX\db\mcu\STM32F401R(D-E)Tx.xml,8530cbef04ae764684b4834cb670a6b7c5f625537ba174b61bda7ce1e6c48db8,2
C:\Users\confl\AppData\Local\Programs\STM32CubeMX\db\mcu\STM32F401V(B-C)Hx.xml,d8abe1d9b9a9af4cd01a30c7f54c367eff1f6786b937d871832d81bfbe141fee,2
C:\Users\confl\AppData\Local\Programs\STM32CubeMX\db\mcu\STM32F401V(B-C)Tx.xml,37e6abcfd1dd28d2ce8ab6ccc8ede506c7156c58b7bb75f0c815e4f327d58e19,2
C:\Users\confl\AppData\Local\Programs\STM32CubeMX\db\mcu\STM32F401V(D-E)Hx.xml,21d71c5a32d6fdd8782221e470385416230de00feeccdebf4e0d6eef244712db,2
C:\Users\confl\AppData\Local\Programs\STM32CubeMX\db\mcu\STM32F401V(D-E)Tx.xml,5456097bac98c3722af31823806dc08d4e9d467e001aaca6151fdc063ca09e45,2
C:\Users\confl\AppData\Local\Programs\STM32CubeMX\db\mcu\STM32F405O(E-G)Yx.xml,809818a6639a863090ef21b06c7410635c65b8e6096edd563dd5ed1c5c69b186,2
C:\Users\confl\AppData\Local\Programs\STM32CubeMX\db\mcu\STM32F405RGTx.xml,efaea1467ff1337f5b642e0fdb8344ed0ad6e14596c8dd6c4d614d87545a689e,1
C:\Users\confl\AppData\Local\Programs\STM32CubeMX\db\mcu\STM32F405VGTx.xml,b40da453985a48dd681711b9673deb205e7d8cd77930cb5eeedd670aabf4d4f4,1
C:\Users\confl\AppData\Local\Programs\STM32CubeMX\db\mcu\STM32F405ZGTx.xml,7991c10952711fa97690d9e2647dfb357524d8236b9a17f278fd6fa439427594,1
C:\Users\confl\AppData\Local\Programs\STM32CubeMX\db\mcu\STM32F407I(E-G)Hx.xml,435cd3a07241327e7e751b2ce3a3c31000cd87afb32d73dda78b11436c9b9c67,2
C:\Users\confl\AppData\Local\Programs\STM32CubeMX\db\mcu\STM32F407I(E-G)Tx.xml,8e465246ca0d897cb321b40eafc4bd955c5f69221b7f79d95b1c1732c2afa026,2
C:\Users\confl\AppData\Local\Programs\STM32CubeMX\db\mcu\STM32F407V(E-G)Tx.xml,7c91ec18811286d38edeb48005a9f47df7bf89c26466ea77c4921eab4934dd8b,2
C:\Users\confl\AppData\Local\Programs\STM32CubeMX\db\mcu\STM32F407Z(E-G)Tx.xml,e583105d95be3b54ea9cb9016a9c812860559e799ab2c6cf6068c9d2cebcbd6b,2
C:\Users\confl\AppData\Local\Programs\STM32CubeMX\db\mcu\STM32F410C(8-B)Tx.xml,e64ebccee30082933d6718e71c895671257952739554d3a64b4c6c9f093589a5,2
C:\Users\confl\AppData\Local\Programs\STM32CubeMX\db\mcu\STM32F410C(8-B)Ux.xml,45b0c7da049d92aab962b7d6a9af2517ef038eb69cc7bf62d274a827b720f767,2
C:\Users\confl\AppData\Local\Programs\STM32CubeMX\db\mcu\STM32F410R(8-B)Ix.xml,389045d530f8d128d32a3be41eace86b65a47bd0319f06e2597475c9386e2c30,2
C:\Users\confl\AppData\Local\Programs\STM32CubeMX\db\mcu\STM32F410R(8-B)Tx.xml,97d4af652674015aa851ebbd25c2a139c680a81ae7de03c63f0ae06f2ab0359d,2
C:\Users\confl\AppData\Local\Programs\STM32CubeMX\db\mcu\STM32F410T(8-B)Yx.xml,0d077935cbe7c36b0929de7cf380132e7211686b42ef23405b5d8c7d59415eb4,2
C:\Users\confl\AppData\Local\Programs\STM32CubeMX\db\mcu\STM32F411C(C-E)Ux.xml,302cfb1fd43ceda56a367a4e9fc56b954f05b985af9e15f25a0200edabe8cf40,2
C:\Users\confl\AppData\Local\Programs\STM32CubeMX\db\mcu\STM32F411C(C-E)Yx.xml,3b751cacbc506a2d77ce6cf288b40ec9b50b998dd002feb044887582f59a1272,2
C:\Users\confl\AppData\Local\Programs\STM32CubeMX\db\mcu\STM32F411R(C-E)Tx.xml,843064fcee25cdc38be4a7dc0d6fc50103cd9409c98fe765aac4ab7b515ef78d,2
C:\Users\confl\AppData\Local\Programs\STM32CubeMX\db\mcu\STM32F411V(C-E)Hx.xml,1e95512405dd2334cf73631dee2950b25a33f8690fd6043c989581a6db056dc1,2
C:\Users\confl\AppData\Local\Programs\STM32CubeMX\db\mcu\STM32F411V(C-E)Tx.xml,54c5e11b2436826ddd9c89d0b92ea59d0abbe52a45a69ec70893165d05b240ce,2
C:\Users\confl\AppData\Local\Programs\STM32CubeMX\db\mcu\STM32F412C(E-G)Ux.xml,2f90db75000096a8642490f7032cc300cdcbba9540d0dd73aaa83d9b9802bf4e,2
C:\Users\confl\AppData\Local\Programs\STM32CubeMX\db\mcu\STM32F412R(E-G)Tx.xml,6cb92e08c6a293dbb3ea55056d75985ed79813cf4ab27a850d37316513757a5f,2
C:\Users\confl\AppData\Local\Programs\STM32CubeMX\db\mcu\STM32F412R(E-G)Yx.xml,70b5c6dc15d6764a48984a57a001835db74b1464c2f6042d39063f923f6f7d1e,2
C:\Users\confl\AppData\Local\Programs\STM32CubeMX\db\mcu\STM32F412R(E-G)YxP.xml,f479b7b65d9a0eb805497249a5a487436ab18d9c2437061157414b8f036e5a68,2
C:\Users\confl\AppData\Local\Programs\STM32CubeMX\db\mcu\STM32F412V(E-G)Hx.xml,9553cc8dd68a87404ec08c0f0dd62b1a69f6bcdc1ffeb731e8212238517d9e99,2
C:\Users\confl\AppData\Local\Programs\STM32CubeMX\db\mcu\STM32F412V(E-G)Tx.xml,d91dd4aa57f815b92052a8ef7bb6eb4d2d85473d3471cb421ea90da2716f7621,2
C:\Users\confl\AppData\Local\Programs\STM32CubeMX\db\mcu\STM32F412Z(E-G)Jx.xml,2fec3eb886f3e8b49a28a5d4ef2fbdbf260549a49fddc54e085c588a8b53c8b2,2
C:\Users\confl\AppData\Local\Programs\STM32CubeMX\db\mcu\STM32F412Z(E-G)Tx.xml,e35ef62fb8db351c2c2565efd2fb86b718ad21c7546527ab24785da354e87dff,2
C:\Users\confl\AppData\Local\Programs\STM32CubeMX\db\mcu\STM32F413C(G-H)Ux.xml,a34a92d2cad99ac7aaec07654ff89f4dff01b08cec1e3624d82b82fc743e4ed4,2
C:\Users\confl\AppData\Local\Programs\STM32CubeMX\db\mcu\STM32F413M(G-H)Yx.xml,1697444f46a4d27fccf15b05f665c89817f991c1da2e1f87c681bc50bd2b17a8,2
C:\Users\confl\AppData\Local\Programs\STM32CubeMX\db\mcu\STM32F413R(G-H)Tx.xml,97f2d68bb4fa441ecf642d1ed123ca6386b4eb2fe9d32e1a8d382cf79e7ad0e7,2
C:\Users\confl\AppData\Local\Programs\STM32CubeMX\db\mcu\STM32F413V(G-H)Hx.xml,596992a668f1483af6faed6e9917731c6ae133afdc94314487cfa0ba6b7bb5ce,2
C:\Users\confl\AppData\Local\Programs\STM32CubeMX\db\mcu\STM32F413V(G-H)Tx.xml,af57887455d644f79aa6ae236cf5c5328a5ae6dd9513201d780d832e3255631d,2
C:\Users\confl\AppData\Local\Programs\STM32CubeMX\db\mcu\STM32F413Z(G-H)Jx.xml,098e68301cfec39c7fae21d20c2b3f387e8d88b92eb2dbda2311db57080bfc3e,2
C:\Users\confl\AppData\Local\Programs\STM32CubeMX\db\mcu\STM32F413Z(G-H)Tx.xml,ee1540d1031e29604bf7f4ca380cb0a8bdc879a9f40a7abe041f8bf1817005c1,2
C:\Users\confl\AppData\Local\Programs\STM32CubeMX\db\mcu\STM32F415OGYx.xml,16feb71e79816ba0e67e366a64e23080ded77cc890954f8fe41b7701bd8aa1e8,1
C:\Users\confl\AppData\Local\Programs\STM32CubeMX\db\mcu\STM32F415RGTx.xml,dc01a686486bee308287a5e12c1ffa98e1757f49931e6178ff9a52ae446308f9,1
C:\Users\confl\AppData\Local\Programs\STM32CubeMX\db\mcu\STM32F415VGTx.xml,e0414f9003c4b07c2fa552747350925517b17f53f2f814a8d4f21768e37f5835,1
C:\Users\confl\AppData\Local\Programs\STM32CubeMX\db\mcu\STM32F415ZGTx.xml,057fed7fa6d55caba6e99c78cd78774b048a4a6b2d4cc65468456eb80c3176c7,1
C:\Users\confl\AppData\Local\Programs\STM32CubeMX\db\mcu\STM32F417I(E-G)Hx.xml,b357e3543e9256cebade1280a621a9d5c247be46d534c2faf3f0a752214458cb,2
C:\Users\confl\AppData\Local\Programs\STM32CubeMX\db\mcu\STM32F417I(E-G)Tx.xml,830cdb650d155502a37a4b012928ed7c001a0901cd1d0c24c4fa5fa67f2791dd,2
C:\Users\confl\AppData\Local\Programs\STM32CubeMX\db\mcu\STM32F417V(E-G)Tx.xml,05b984e216fcfb08d3867fa3de933852442c4d95862b1d148b528a4f90794211,2
C:\Users\confl\AppData\Local\Programs\STM32CubeMX\db\mcu\STM32F417Z(E-G)Tx.xml,441dd849f59a9617ba27efaea3677b9dc2d83a2b1a6f016b348b8c9969614068,2
C:\Users\confl\AppData\Local\Programs\STM32CubeMX\db\mcu\STM32F423CHUx.xml,9ad630a90a55d0bebf11c8958d9baf41f83ed9bca37e5d0153769f3d475a259b,1
C:\Users\confl\AppData\Local\Programs\STM32CubeMX\db\mcu\STM32F423MHYx.xml,43e1f10410156d077bc9da8367f7b9db7078e38ca734ea01f284a0c11afc92bf,1
C:\Users\confl\AppData\Local\Programs\STM32CubeMX\db\mcu\STM32F423RHTx.xml,937acb4b408a6b4852f74687c3c8241619f9ad6fc03bb910e108bc4f2489e44c,1
C:\Users\confl\AppData\Local\Programs\STM32CubeMX\db\mcu\STM32F423VHHx.xml,6fc2ecb7128af477ce8113e318ed739281ef1183d30889b18a625b0e61f878dd,1
C:\Users\confl\AppData\Local\Programs\STM32CubeMX\db\mcu\STM32F423VHTx.xml,0a350983cfacd198cf77a9742a73214649a38fcb6d9d599640fec8e96a942b30,1
C:\Users\confl\AppData\Local\Programs\STM32CubeMX\db\mcu\STM32F423ZHJx.xml,e2a1053879da62958138e5828abb2e755ae51359a0027423b54399b3cad36683,1
C:\Users\confl\AppData\Local\Programs\STM32CubeMX\db\mcu\STM32F423ZHTx.xml,d5634d94e8aade9d33655c3b6f6f69f6e0c79968791633eb35ca9e42323663da,1
C:\Users\confl\AppData\Local\Programs\STM32CubeMX\db\mcu\STM32F427A(G-I)Hx.xml,e63b03ad82099cb7cdef0234d358befec6b348848c811a17a763c7ada20db588,2
C:\Users\confl\AppData\Local\Programs\STM32CubeMX\db\mcu\STM32F427I(G-I)Hx.xml,1c1cacb4efdf148738f206dd01317d8938fb42864a547c3c1ecd2c95160ae18b,2
C:\Users\confl\AppData\Local\Programs\STM32CubeMX\db\mcu\STM32F427I(G-I)Tx.xml,747cb202106b571618ad5337f5199688c2ddfe0582ca035825229b7db2d70b55,2
C:\Users\confl\AppData\Local\Programs\STM32CubeMX\db\mcu\STM32F427V(G-I)Tx.xml,e42da2d20715441da67dbac8eaf81ca8e105fdf8695b526638edb5c28c41833b,2
C:\Users\confl\AppData\Local\Programs\STM32CubeMX\db\mcu\STM32F427Z(G-I)Tx.xml,a10dab9c3d7ccc018b30742ebf7f7c78ee6035bb8f98d71d477af3a6df32fba7,2
C:\Users\confl\AppData\Local\Programs\STM32CubeMX\db\mcu\STM32F429A(G-I)Hx.xml,4a406c0a4a67b580ac0b6d54720d53f3cb0cb2fd6424d27e88ce461992f6f00c,2
C:\Users\confl\AppData\Local\Programs\STM32CubeMX\db\mcu\STM32F429B(E-G-I)Tx.xml,25a0a850f81e3fcb3836d2a80f7d3859c5e330800ae89c006e8258e767e0b36b,3
C:\Users\confl\AppData\Local\Programs\STM32CubeMX\db\mcu\STM32F429I(E-G)Tx.xml,7bb3d056e1a3ea9b11f148f1558248166f625733e30c92ceddbf39fe652641de,2
C:\Users\confl\AppData\Local\Programs\STM32CubeMX\db\mcu\STM32F429I(E-G-I)Hx.xml,d77638f602b9424f1bd4c11fd446d7265b73cc288e11937b4a4402973b6ed803,3
C:\Users\confl\AppData\Local\Programs\STM32CubeMX\db\mcu\STM32F429IITx.xml,a1beb6f897f253d57f8e197c6db5e257555bb24020f7f2c4d4ddd4db5d541484,1
C:\Users\confl\AppData\Local\Programs\STM32CubeMX\db\mcu\STM32F429N(E-G)Hx.xml,a4e30c5949880577a94475f7cf93f9227748e78cd5207067479688c88eedb98a,2
C:\Users\confl\AppData\Local\Programs\STM32CubeMX\db\mcu\STM32F429NIHx.xml,83cfe2be59717669aab5db8793edcae88e6e86e9ee4fc2276710bbb3222b512b,1
C:\Users\confl\AppData\Local\Programs\STM32CubeMX\db\mcu\STM32F429V(E-G)Tx.xml,4a685d3bbecadc06f7edd702d8340a48d3a8595688ba91aaa1a40064bef70da5,2
C:\Users\confl\AppData\Local\Programs\STM32CubeMX\db\mcu\STM32F429VITx.xml,6ad6d22814bd68c7d57ac5c2dfe13f8dcd3564b09ee94353025e4f0a3a32f78d,1
C:\Users\confl\AppData\Local\Programs\STM32CubeMX\db\mcu\STM32F429Z(E-G)Tx.xml,e0504d02c857288cdd5ece24d1423aa58e1cd94f6667f75aceb8ff952b18bf13,2
C:\Users\confl\AppData\Local\Programs\STM32CubeMX\db\mcu\STM32F429ZGYx.xml,941c35296b7af30e674fbb4ddf1d20b3c44bc2767426c146ef7699130d3e61c0,1
C:\Users\confl\AppData\Local\Programs\STM32CubeMX\db\mcu\STM32F429ZITx.xml,8eda88b48f47b87a9fcfe682ae9c65b8700f4d51b137ee4427c79dffdd2de993,1
C:\Users\confl\AppData\Local\Programs\STM32CubeMX\db\mcu\STM32F429ZIYx.xml,2be023b1d3b26613086515a6c9954c06fb7de49e30c4a4e4f8d9008c493afd6f,1
C:\Users\confl\AppData\Local\Programs\STM32CubeMX\db\mcu\STM32F437AIHx.xml,381b869115190bebb1a097cca814173b1db288f5f6561a01a97abec04671838e,1
C:\Users\confl\AppData\Local\Programs\STM32CubeMX\db\mcu\STM32F437I(G-I)Hx.xml,d8c12263bbad08e94f73ed42de84fdb4dad711325229a9af86582f0557165518,2
C:\Users\confl\AppData\Local\Programs\STM32CubeMX\db\mcu\STM32F437I(G-I)Tx.xml,0df5f6b1e3c006f193137645bf35105be2f11483918fa7369a2807a8973e5492,2
C:\Users\confl\AppData\Local\Programs\STM32CubeMX\db\mcu\STM32F437V(G-I)Tx.xml,58c7ff1ba23218ab30304e2701b9cad3f49a7507da926f398baf44d0827fa1a2,2
C:\Users\confl\AppData\Local\Programs\STM32CubeMX\db\mcu\STM32F437Z(G-I)Tx.xml,e71357ddeeb21b4f4991ff5fc297830be7626b1492a341f10dd1216a57b7bc54,2
C:\Users\confl\AppData\Local\Programs\STM32CubeMX\db\mcu\STM32F439AIHx.xml,50bee091f8880dd6d9cdcbcd306f192175945ed9b2bd60937257e4ac38860172,1
C:\Users\confl\AppData\Local\Programs\STM32CubeMX\db\mcu\STM32F439B(G-I)Tx.xml,29c0b2785762f26d01e9c2674b022109e6b024ef4b3959bb87ca3a1cf3b9a95b,2
C:\Users\confl\AppData\Local\Programs\STM32CubeMX\db\mcu\STM32F439I(G-I)Hx.xml,2b921e8984b48c2f9ae4f3ef1f92e4f8c449f70df262ae020146ec0a01d3266a,2
C:\Users\confl\AppData\Local\Programs\STM32CubeMX\db\mcu\STM32F439I(G-I)Tx.xml,d09e47bd29bbdb549ebf36dad9eba38e9bd83aa663af566b326e1adf03e5d424,2
C:\Users\confl\AppData\Local\Programs\STM32CubeMX\db\mcu\STM32F439N(G-I)Hx.xml,3424346d65d05035d28e4289fc1a32fec9b9a09064e3dcb25d8f357ea580bdb6,2
C:\Users\confl\AppData\Local\Programs\STM32CubeMX\db\mcu\STM32F439V(G-I)Tx.xml,269e93c21c52bb7c264caf8531818926096444e1143550df76a77f77e181e7d6,2
C:\Users\confl\AppData\Local\Programs\STM32CubeMX\db\mcu\STM32F439Z(G-I)Tx.xml,8c987ab85cf74eb484cfa2acc220db6963e3a790961201ee255f6ac27ad69f27,2
C:\Users\confl\AppData\Local\Programs\STM32CubeMX\db\mcu\STM32F439Z(G-I)Yx.xml,d1d6c571bc56079741821fd37c92f3419f1b6fe78e46e3fe4f1ce41993c754b2,2
C:\Users\confl\AppData\Local\Programs\STM32CubeMX\db\mcu\STM32F446M(C-E)Yx.xml,2008092d266f5578fe386eaf2256f86773a5a73fe48be99217fd60e8da702b4c,2
C:\Users\confl\AppData\Local\Programs\STM32CubeMX\db\mcu\STM32F446R(C-E)Tx.xml,94e2b0c14a2e5fe66922b7ac870b46c8bf4f960691c388ef3f21f92eff97f1bb,2
C:\Users\confl\AppData\Local\Programs\STM32CubeMX\db\mcu\STM32F446V(C-E)Tx.xml,46802de8b657c1dcd107ef33b36afbaecd5fdc45ce7ab8bc295fd1087b29a506,2
C:\Users\confl\AppData\Local\Programs\STM32CubeMX\db\mcu\STM32F446Z(C-E)Hx.xml,834628dfe5111cb4ea6df037a46b057b39b064c8ddaffbc44b1df61aa5cbe234,2
C:\Users\confl\AppData\Local\Programs\STM32CubeMX\db\mcu\STM32F446Z(C-E)Jx.xml,ad0227fc916f24d787007c527528c5f2bed229df0bd5234f1c7ddd328c991eb0,2
C:\Users\confl\AppData\Local\Programs\STM32CubeMX\db\mcu\STM32F446Z(C-E)Tx.xml,b0beb40147191ea510ddd7da15588d2f718c932fa7a0430210719da5cf53cdc5,2
C:\Users\confl\AppData\Local\Programs\STM32CubeMX\db\mcu\STM32F469A(E-G-I)Hx.xml,343f03482cec64c009cec5c319dd7f7fd016823ec3711ded9a24154aa8257411,3
C:\Users\confl\AppData\Local\Programs\STM32CubeMX\db\mcu\STM32F469A(E-G-I)Yx.xml,8d2779b0350ed26f0cae7245160468a0350277f6c397c2cc045801d4825279ba,3
C:\Users\confl\AppData\Local\Programs\STM32CubeMX\db\mcu\STM32F469B(E-G-I)Tx.xml,dd212d0aa2c8881000894980424608a2100faf50a34ea252254af7c6b9bb7531,3
C:\Users\confl\AppData\Local\Programs\STM32CubeMX\db\mcu\STM32F469I(E-G)Tx.xml,9deccc2873a6f03e5f57f65aa2317588996517a5ac333830e670044a19303eb5,2
C:\Users\confl\AppData\Local\Programs\STM32CubeMX\db\mcu\STM32F469I(E-G-I)Hx.xml,d814267e0402b17780a9d73809f2fa4f398ca287166ad89dace421539450b7ea,3
C:\Users\confl\AppData\Local\Programs\STM32CubeMX\db\mcu\STM32F469IITx.xml,62e18dac426ae9acb2d8021b77f53aca30703439133f60861f5e22ecfc6faf79,1
C:\Users\confl\AppData\Local\Programs\STM32CubeMX\db\mcu\STM32F469N(E-G)Hx.xml,e12b8e46a18066781eec6d681d74ac4113feb8c4419d50ce22c4dd8dbc13515b,2
C:\Users\confl\AppData\Local\Programs\STM32CubeMX\db\mcu\STM32F469NIHx.xml,4bbdd7c9e45d7e1ad48d02a7a006a93a928f5caf27745e9ec7eaaa92840d3293,1
C:\Users\confl\AppData\Local\Programs\STM32CubeMX\db\mcu\STM32F469V(E-G)Tx.xml,b74b69f99e522a985c0464e76319695f05ef5852c10529d1c90ee90d30e96f59,2
C:\Users\confl\AppData\Local\Programs\STM32CubeMX\db\mcu\STM32F469VITx.xml,a405cb65e3de2687a034ab81a84711e06801d9b490b357a049bae91f658f1ae8,1
C:\Users\confl\AppData\Local\Programs\STM32CubeMX\db\mcu\STM32F469Z(E-G)Tx.xml,d8ba1868fc457732054607cc95888be28c13b15f1f581b3d4418d267f8450c22,2
C:\Users\confl\AppData\Local\Programs\STM32CubeMX\db\mcu\STM32F469ZITx.xml,3078559baa1022c8a787d5ba752c4f251a0d9910981bae5ce0f38009c3449313,1
C:\Users\confl\AppData\Local\Programs\STM32CubeMX\db\mcu\STM32F479A(G-I)Hx.xml,f8a2f33b8820bc7ffd6c0f9db841754b8f1748020ff4128113b3e46179bf697e,2
C:\Users\confl\AppData\Local\Programs\STM32CubeMX\db\mcu\STM32F479A(G-I)Yx.xml,2c149f3934e4610d8f8651239c1c27266fc0dfadddcc85670ddd009c64033881,2
C:\Users\confl\AppData\Local\Programs\STM32CubeMX\db\mcu\STM32F479B(G-I)Tx.xml,f55be7c2b1ef6fd3e1cb192ec6ad3c14a4292227f2553ba6eb7b1590e8353ac7,2
C:\Users\confl\AppData\Local\Programs\STM32CubeMX\db\mcu\STM32F479I(G-I)Hx.xml,4a52fd50a06714336c07b32f06e100731acc66ac8670ab98575de14a6770194e,2
C:\Users\confl\AppData\Local\Programs\STM32CubeMX\db\mcu\STM32F479I(G-I)Tx.xml,ac18469a0ad4f1152ac5dc43acd8e46fade1e6ac84de7f5f9081263b647f806e,2
C:\Users\confl\AppData\Local\Programs\STM32CubeMX\db\mcu\STM32F479N(G-I)Hx.xml,00eb505205597c45043071f4cfab74b77993d7c871a490dae09690d223fe725d,2
C:\Users\confl\AppData\Local\Programs\STM32CubeMX\db\mcu\STM32F479V(G-I)Tx.xml,7b9aaad4d20cc4b61b75d493453d50884e4ddd3ae78d62af02c08c40be0b4d77,2
C:\Users\confl\AppData\Local\Programs\STM32CubeMX\db\mcu\STM32F479Z(G-I)Tx.xml,959be2f7ec412813c17f577ea28433ff3af5610c1bbb36af368ef89aa05115db,2
C:\Users\confl\AppData\Local\Programs\STM32CubeMX\db\mcu\STM32F722I(C-E)Kx.xml,d1eff22dad66f9680cc4c73890dbcf3969e54a3c69ed05b32a3cc29e50fb9097,2
C:\Users\confl\AppData\Local\Programs\STM32CubeMX\db\mcu\STM32F722I(C-E)Tx.xml,4a75d925feb165cf7fd34fb28df87b43170eb8393f6f402275d76c60e1b5f615,2
C:\Users\confl\AppData\Local\Programs\STM32CubeMX\db\mcu\STM32F722R(C-E)Tx.xml,2fa805c875f00a9aa883f2a73874fc1ab868754f22737f0fd57122ced4354a26,2
C:\Users\confl\AppData\Local\Programs\STM32CubeMX\db\mcu\STM32F722V(C-E)Tx.xml,2491b46e85362b75d98bdd178dad0ef7b693214d87de1b6d9c46b7265c222d59,2
C:\Users\confl\AppData\Local\Programs\STM32CubeMX\db\mcu\STM32F722Z(C-E)Tx.xml,86482a22821b1c587cafe99fbcf46a0cb4775c3396a7f06126f4c739bd5bcc46,2
C:\Users\confl\AppData\Local\Programs\STM32CubeMX\db\mcu\STM32F723I(C-E)Kx.xml,8fda2e581bc5ac89189430bfbc4e6afe5096c15067d790920199eb02d785d0cb,2
C:\Users\confl\AppData\Local\Programs\STM32CubeMX\db\mcu\STM32F723I(C-E)Tx.xml,9d6f201268d491d480b873c3d17b8d0b3caa87721e00bdfc8918f1991a3360fc,2
C:\Users\confl\AppData\Local\Programs\STM32CubeMX\db\mcu\STM32F723V(C-E)Tx.xml,b0527209cb373d0a7a9ebe7b9629f47033ddf8276ce1c8172be72120f1065976,2
C:\Users\confl\AppData\Local\Programs\STM32CubeMX\db\mcu\STM32F723V(C-E)Yx.xml,a4dcf227a90239fefd96e3d6f427e11e92fd60e511557ed0f0b7e30c5e40a00a,2
C:\Users\confl\AppData\Local\Programs\STM32CubeMX\db\mcu\STM32F723Z(C-E)Ix.xml,3661fc239825eff2a01658721826df861613bf3c9a61bae11c471d42a0e835c5,2
C:\Users\confl\AppData\Local\Programs\STM32CubeMX\db\mcu\STM32F723Z(C-E)Tx.xml,98246e0620718853225b9a5bf56f07f355d90f37e528a3f2b7ad00cab556c207,2
C:\Users\confl\AppData\Local\Programs\STM32CubeMX\db\mcu\STM32F730I8Kx.xml,51a4b84883457a306691246e083a0a4831abc051710ebef1780b728a504d1469,1
C:\Users\confl\AppData\Local\Programs\STM32CubeMX\db\mcu\STM32F730R8Tx.xml,26513d628b804a9f376799f842a9b5ab3390e97a4e4020fb90d9fb3238cba67a,1
C:\Users\confl\AppData\Local\Programs\STM32CubeMX\db\mcu\STM32F730V8Tx.xml,9702331f6723ac523b35e0042ab958d21a21a0546f5010c7253415c62d32cc60,1
C:\Users\confl\AppData\Local\Programs\STM32CubeMX\db\mcu\STM32F730Z8Tx.xml,79627f4019a20fbf39e21620c73daf028622f6d2a4ff532272c4de2bbc02b5e2,1
C:\Users\confl\AppData\Local\Programs\STM32CubeMX\db\mcu\STM32F732IEKx.xml,f7bb557369f281b0595e7f664b6014a4daa6d02237eba5209b1b08984d438a4c,1
C:\Users\confl\AppData\Local\Programs\STM32CubeMX\db\mcu\STM32F732IETx.xml,4f7441d2152c6fd8ca2771b2b88858470785fe9ebf8c8683ff319248d5f5214d,1
C:\Users\confl\AppData\Local\Programs\STM32CubeMX\db\mcu\STM32F732RETx.xml,e4f5234da17a86afc7fc4211c521845a1938b282931ded82dd38a86d02275555,1
C:\Users\confl\AppData\Local\Programs\STM32CubeMX\db\mcu\STM32F732VETx.xml,48d887eeee9493e2703811d551d97be2f0ba3c9b42003e62ee507f8f6f0346eb,1
C:\Users\confl\AppData\Local\Programs\STM32CubeMX\db\mcu\STM32F732ZETx.xml,dfc7f0bc27eb58c34f7020edb205e1d70e4d8f1f8edd604f887f46ce79accafa,1
C:\Users\confl\AppData\Local\Programs\STM32CubeMX\db\mcu\STM32F733IEKx.xml,25d7c476ab6a2c39407f5dfa0363af4c2e56a10af36b0250d61863ad7b58f9cf,1
C:\Users\confl\AppData\Local\Programs\STM32CubeMX\db\mcu\STM32F733IETx.xml,2eb84837318101796d2483fba2384d20e2c9e504a7cbf46e3e84f7eaa037e480,1
C:\Users\confl\AppData\Local\Programs\STM32CubeMX\db\mcu\STM32F733VETx.xml,e9cef66681adbb1b779c5c7cb6d7e869900615ee3b4247bf7669cd618a449d70,1
C:\Users\confl\AppData\Local\Programs\STM32CubeMX\db\mcu\STM32F733VEYx.xml,9c79821a102b78658f78c9ee0e279f643fa881069900295b7902dfd01332275e,1
C:\Users\confl\AppData\Local\Programs\STM32CubeMX\db\mcu\STM32F733ZEIx.xml,3aff22f7aa1740ec297f3373953f2d0b71641b3690ba3e27f4321b8cd525bca7,1
C:\Users\confl\AppData\Local\Programs\STM32CubeMX\db\mcu\STM32F733ZETx.xml,54d9a783f27f18ef6223580c5c330b9204da229d7151e4c34b71a12a138dd2b4,1
C:\Users\confl\AppData\Local\Programs\STM32CubeMX\db\mcu\STM32F745I(E-G)Kx.xml,a8baceb1f14ec8e5da26d748a5b0bd4ff1012d852f924bf6f4e2850f45e6c49a,2
C:\Users\confl\AppData\Local\Programs\STM32CubeMX\db\mcu\STM32F745I(E-G)Tx.xml,5515c46c9b9b72fe1f6cda4927bbcdb2dad2f2fe92e8a8a7f1705f5c4ea1584d,2
C:\Users\confl\AppData\Local\Programs\STM32CubeMX\db\mcu\STM32F745V(E-G)Hx.xml,dc5bfa62003473d3c01c7a3a4b11b294988ccfafbfc847e8aff3bf1900613f28,2
C:\Users\confl\AppData\Local\Programs\STM32CubeMX\db\mcu\STM32F745V(E-G)Tx.xml,acae67faa6bfd1615380ab24ca9a1da28fb617efc3ebb4e7c26ab5fbfcab4c38,2
C:\Users\confl\AppData\Local\Programs\STM32CubeMX\db\mcu\STM32F745Z(E-G)Tx.xml,7ab38f806a711225f10eff544741e0e7476f8574917dbb773d6dc77e43171494,2
C:\Users\confl\AppData\Local\Programs\STM32CubeMX\db\mcu\STM32F746B(E-G)Tx.xml,88cdc182777495eb20e14564746c12128eccba1d743a95a240bb768159e654dd,2
C:\Users\confl\AppData\Local\Programs\STM32CubeMX\db\mcu\STM32F746I(E-G)Kx.xml,2ea8e1597ad65eaaf2ed7e492860dd86861f24180cc12e1f1be4b995d6a7ea75,2
C:\Users\confl\AppData\Local\Programs\STM32CubeMX\db\mcu\STM32F746IETx.xml,ffa7b263a8e8c29dcd6e66b70420a54ac0c7dd46ad846f6005bd4a260dda588c,1
C:\Users\confl\AppData\Local\Programs\STM32CubeMX\db\mcu\STM32F746IGTx.xml,f02a5915418523a1cdb10015ab3d567f2a8d179df5f2a9ee6354fce299de4b4e,1
C:\Users\confl\AppData\Local\Programs\STM32CubeMX\db\mcu\STM32F746NEHx.xml,42c44f81487f5682b56111526f871a1d04590cf3ee3bde85151e978620f77e7f,1
C:\Users\confl\AppData\Local\Programs\STM32CubeMX\db\mcu\STM32F746NGHx.xml,4791f72c402ff8b4c5bd08cf88d8d9afc9da942e7a8af24572dc38e38e1a43f8,1
C:\Users\confl\AppData\Local\Programs\STM32CubeMX\db\mcu\STM32F746V(E-G)Hx.xml,70ac38ff7e3f6d685d67fa8d41cc117a22160276558488e307cc8e631ee991e2,2
C:\Users\confl\AppData\Local\Programs\STM32CubeMX\db\mcu\STM32F746VETx.xml,d27a8f3a1730e35e4972eddff0000ae5469abce19ca2d5e79ef9cb035fd43e47,1
C:\Users\confl\AppData\Local\Programs\STM32CubeMX\db\mcu\STM32F746VGTx.xml,899bb451579d5b9712a3d9df5c8d16ce06ebdd326ecd0c9a1eac11c8b5f71b03,1
C:\Users\confl\AppData\Local\Programs\STM32CubeMX\db\mcu\STM32F746Z(E-G)Yx.xml,7f4f3a27242caa5c7b4ce2141a863816c41d94ae29f32d5b79fc47f3ba2d91dd,2
C:\Users\confl\AppData\Local\Programs\STM32CubeMX\db\mcu\STM32F746ZETx.xml,e3ab2ae434df63343d27a1098f51414b9331641d2add30cb20bbe52e717354cc,1
C:\Users\confl\AppData\Local\Programs\STM32CubeMX\db\mcu\STM32F746ZGTx.xml,f74085614c318e460d18880ae2395e6fc52fc738a9213a5579f6e315e1f2192d,1
C:\Users\confl\AppData\Local\Programs\STM32CubeMX\db\mcu\STM32F750N8Hx.xml,6921f97a47d3f810ae5353393b6e57d0427208f4084de4a829f1730e6981ce62,1
C:\Users\confl\AppData\Local\Programs\STM32CubeMX\db\mcu\STM32F750V8Tx.xml,278dde29b3a8e9991d860af0a72b3cb08e69464237023a23d31a65a558065887,1
C:\Users\confl\AppData\Local\Programs\STM32CubeMX\db\mcu\STM32F750Z8Tx.xml,e697b9e2f56fc6b0110685d96d8faff8df2e7073b7979b89c4c4151f36cac4ef,1
C:\Users\confl\AppData\Local\Programs\STM32CubeMX\db\mcu\STM32F756BGTx.xml,7933e5bb89c560bbb8daba0e92a1e01a6c386ea2f5e48085c7b46256f289fa00,1
C:\Users\confl\AppData\Local\Programs\STM32CubeMX\db\mcu\STM32F756IGKx.xml,d6f3c8f718513e1731ceb501faef8811b20782ec6b9577c0bb26bc6b6146d8c9,1
C:\Users\confl\AppData\Local\Programs\STM32CubeMX\db\mcu\STM32F756IGTx.xml,19e7bb78f2856bc32f1c2bc867fcccca5525e6538394e5d1df0b7a0dbc25a5a5,1
C:\Users\confl\AppData\Local\Programs\STM32CubeMX\db\mcu\STM32F756NGHx.xml,79df3edc587fe491f0eba24bb51b5cdb3dd03be7182ea997508a5d3a1a4b4f01,1
C:\Users\confl\AppData\Local\Programs\STM32CubeMX\db\mcu\STM32F756VGHx.xml,55e307d5944930ac7588aa0359b678499e9a43cfd6657836e4eb82d8e8b8f9fb,1
C:\Users\confl\AppData\Local\Programs\STM32CubeMX\db\mcu\STM32F756VGTx.xml,060e2d1ee5be7ba8ba6c07cb5e4f46b55444d6d35dc41b7d463c3f17e1602153,1
C:\Users\confl\AppData\Local\Programs\STM32CubeMX\db\mcu\STM32F756ZGTx.xml,2a234cf487e20fda3021bc3432382b531bcfefedc052eaaa68c95a3947b61a54,1
C:\Users\confl\AppData\Local\Programs\STM32CubeMX\db\mcu\STM32F756ZGYx.xml,5a709ed3c809ba9d98910fb932051373233bf045fdbabdd507f166c4830089bc,1
C:\Users\confl\AppData\Local\Programs\STM32CubeMX\db\mcu\STM32F765B(G-I)Tx.xml,d3224395049c29e6033ac256df8064b796449f0521afc06c4e2b8788499ae263,2
C:\Users\confl\AppData\Local\Programs\STM32CubeMX\db\mcu\STM32F765I(G-I)Kx.xml,854b308709855c4b6ba86e793394e6047db74f464e527296ba947cb44fdc8952,2
C:\Users\confl\AppData\Local\Programs\STM32CubeMX\db\mcu\STM32F765I(G-I)Tx.xml,d0e4480d27de1fa9457e37f6a28a2fa5d65710341be3f16489285b87eb1b6a0e,2
C:\Users\confl\AppData\Local\Programs\STM32CubeMX\db\mcu\STM32F765N(G-I)Hx.xml,2e06e080f8ba4c590fdbc9a8d60b31f63a986fd9314e18aa03276dcbe3b330dd,2
C:\Users\confl\AppData\Local\Programs\STM32CubeMX\db\mcu\STM32F765V(G-I)Hx.xml,d13c17f7674bf91b2ee7526677780976ef99c7fa9e33a4b63c72c33fdb0bac70,2
C:\Users\confl\AppData\Local\Programs\STM32CubeMX\db\mcu\STM32F765V(G-I)Tx.xml,b2b378de2bfe36ae52586d573f09e9d38c098dc61231bccc94bc1c3781278a37,2
C:\Users\confl\AppData\Local\Programs\STM32CubeMX\db\mcu\STM32F765Z(G-I)Tx.xml,36f4fab8c34edfec7df6ebc82f344adc0af5994291bdab0a74b0aee3482a018b,2
C:\Users\confl\AppData\Local\Programs\STM32CubeMX\db\mcu\STM32F767B(G-I)Tx.xml,0ba3a47b94e84c292a7e4b5dfd9cc156270a2c12187e5fc38c6cf436daf7aba8,2
C:\Users\confl\AppData\Local\Programs\STM32CubeMX\db\mcu\STM32F767I(G-I)Kx.xml,029be20f1862352bdf60004b64acee13a0600fefdab023ac6ddd23afddea8d7e,2
C:\Users\confl\AppData\Local\Programs\STM32CubeMX\db\mcu\STM32F767I(G-I)Tx.xml,4e87a0dbf415dd5090a566e0716dca43b63a0c007a36c2a2d0c1b72c80e87998,2
C:\Users\confl\AppData\Local\Programs\STM32CubeMX\db\mcu\STM32F767N(G-I)Hx.xml,d8555f6416cc5380a54870ad5ad9e086e061de4e86166fb502445b5f5d2ea559,2
C:\Users\confl\AppData\Local\Programs\STM32CubeMX\db\mcu\STM32F767VGHx.xml,bcd75628dbe9ef01c7a97c4260cda320c1d2ef7fa8af3bbfb0d615d91be6e140,1
C:\Users\confl\AppData\Local\Programs\STM32CubeMX\db\mcu\STM32F767VGTx.xml,6d2ea16242aeadcf8bac46d87a3d669a6cddc6f81eac6460830bab51ddb8e8ec,1
C:\Users\confl\AppData\Local\Programs\STM32CubeMX\db\mcu\STM32F767VIHx.xml,cef8d88bfc247710e922dac246492be2d52ffd315f217aaff2a727c27652d303,1
C:\Users\confl\AppData\Local\Programs\STM32CubeMX\db\mcu\STM32F767VITx.xml,a1ff699beb0126fd2ea8b0b4f5d185f7fb77cef5224fd7755118dbd04750a95e,1
C:\Users\confl\AppData\Local\Programs\STM32CubeMX\db\mcu\STM32F767ZGTx.xml,b02f7edf5e04ca1a05c6ea7bdfbf78bd2b191ad5a5ba6598e20ec6a02cc687d1,1
C:\Users\confl\AppData\Local\Programs\STM32CubeMX\db\mcu\STM32F767ZITx.xml,0dd11d8d98dfdd7b0aba38f8061cc0285d5eb12dec3cc7b625e181cd5401ef00,1
C:\Users\confl\AppData\Local\Programs\STM32CubeMX\db\mcu\STM32F768AIYx.xml,2571d8df55e7de200ce8abe756ac460d9d21dbf630b5dbbcd5df3fc741bd35c0,1
C:\Users\confl\AppData\Local\Programs\STM32CubeMX\db\mcu\STM32F769A(G-I)Yx.xml,abd638b46fb2fb2d142aa5ad756f504d6dc29501f6e1df5773fc2ad65a06d162,2
C:\Users\confl\AppData\Local\Programs\STM32CubeMX\db\mcu\STM32F769B(G-I)Tx.xml,1d8bc2593fa5cd6bd9e2e325ffcacdba4ddb18f026ae1564c8ce8427030ff8af,2
C:\Users\confl\AppData\Local\Programs\STM32CubeMX\db\mcu\STM32F769IGTx.xml,de2ade7b606fdd089250dca509fcbd636cde16d327dc8f34ea82ea8f2234c876,1
C:\Users\confl\AppData\Local\Programs\STM32CubeMX\db\mcu\STM32F769IITx.xml,e20405e3a7834b4ac1b2ef05f7932e27e0377ffb88adb85a8e80da38bda68f08,1
C:\Users\confl\AppData\Local\Programs\STM32CubeMX\db\mcu\STM32F769NGHx.xml,b432da01cf886e231bdc2eea06bd51a99eb51b5cc968ef597d66b3037b6a15e3,1
C:\Users\confl\AppData\Local\Programs\STM32CubeMX\db\mcu\STM32F769NIHx.xml,43b71109da86d5726327981b2c88ce3071f1079351c5bbf11596444e591b215d,1
C:\Users\confl\AppData\Local\Programs\STM32CubeMX\db\mcu\STM32F777BITx.xml,a594a06d70cdf481972993c6d079f9acc50c3c17ad654c2bc3fe7b3c344349ce,1
C:\Users\confl\AppData\Local\Programs\STM32CubeMX\db\mcu\STM32F777IIKx.xml,6b68fb72ff3e376acaebb00545d77e7dfc2449be4af5d27447cf93b1f5a0e8b7,1
C:\Users\confl\AppData\Local\Programs\STM32CubeMX\db\mcu\STM32F777IITx.xml,3352e92553b19ff380433559741d91a3c0793cb66131aa78fa9c045633365746,1
C:\Users\confl\AppData\Local\Programs\STM32CubeMX\db\mcu\STM32F777NIHx.xml,23c422564516ae1d4fc28863d20b342f26362545ad92c66ffdf42805884a787d,1
C:\Users\confl\AppData\Local\Programs\STM32CubeMX\db\mcu\STM32F777VIHx.xml,d592708ba5233d3c22ea1ec45c818275637e80efd73de1cf81f16a2cac334d58,1
C:\Users\confl\AppData\Local\Programs\STM32CubeMX\db\mcu\STM32F777VITx.xml,aed7e1bfa368269e47f2cfbf6348b443d11254afaf448bfce9c3e611445057ce,1
C:\Users\confl\AppData\Local\Programs\STM32CubeMX\db\mcu\STM32F777ZITx.xml,c1edf424676b4ca2aa68a3f33a6f7fdbdb93d08cd4686eaf093949b6ccd7c6a0,1
C:\Users\confl\AppData\Local\Programs\STM32CubeMX\db\mcu\STM32F778AIYx.xml,6bc70735dceb105d8ce229775401210feb566d060e08ef9429bc0b26f37658da,1
C:\Users\confl\AppData\Local\Programs\STM32CubeMX\db\mcu\STM32F779AIYx.xml,40636eb892c080fc8d2c7d1f7319e5b1ec381dc5521bfe838e643db99b218371,1
C:\Users\confl\AppData\Local\Programs\STM32CubeMX\db\mcu\STM32F779BITx.xml,b534f94a1d132b6d111293065ce609eb6c6037ff62db159deaae11be7e04443a,1
C:\Users\confl\AppData\Local\Programs\STM32CubeMX\db\mcu\STM32F779IITx.xml,aa986c1d015a20a532256f401b05a5af08dfa1025a3464cc1c292d716c9346b1,1
C:\Users\confl\AppData\Local\Programs\STM32CubeMX\db\mcu\STM32F779NIHx.xml,5379b631f138d85eb18c89f2a61bf8be5ad7f76c3e67e41fb482ec4762c0b600,1
C:\Users\confl\AppData\Local\Programs\STM32CubeMX\db\mcu\STM32G030C(6-8)Tx.xml,e60a23d9f567103b0f073f9f7e52624a34531ead75c17bcf7717e8c015d1ba8a,2
C:\Users\confl\AppData\Local\Programs\STM32CubeMX\db\mcu\STM32G030F6Px.xml,767aff510224093f4c748799f0e45eebc5503cd9a471ed8ed79c5b5064d77a7e,1
C:\Users\confl\AppData\Local\Programs\STM32CubeMX\db\mcu\STM32G030J6Mx.xml,857704c553a88cbbdf2c0ce1ddcdcd80fc0b81ce278c023deb76577045d2b451,1
C:\Users\confl\AppData\Local\Programs\STM32CubeMX\db\mcu\STM32G030K(6-8)Tx.xml,a4e794a051322d098858ab5676aea8a3e80a83df321f452d5bfcdfb404fc41e2,2
C:\Users\confl\AppData\Local\Programs\STM32CubeMX\db\mcu\STM32G031C(4-6-8)Tx.xml,2d8be70944637b7a634c3f4268c526f711233f2aab9ded3734c49bace99c99b0,3
C:\Users\confl\AppData\Local\Programs\STM32CubeMX\db\mcu\STM32G031C(4-6-8)Ux.xml,d3d211281521a4bc673535d2d7927bc312c3ce87bb15cd70ff6dc3db28be4367,3
C:\Users\confl\AppData\Local\Programs\STM32CubeMX\db\mcu\STM32G031F(4-6-8)Px.xml,7eb9c806e46e9576859f08a8f832f15625edd593ffd62575341a78fd19b45cc6,3
C:\Users\confl\AppData\Local\Programs\STM32CubeMX\db\mcu\STM32G031G(4-6-8)Ux.xml,0e8f523322cbc747169a3e3f56f8cc99c662db7adb55d687bb2e85f8020ee708,3
C:\Users\confl\AppData\Local\Programs\STM32CubeMX\db\mcu\STM32G031J(4-6)Mx.xml,92f904572561f35aefd47aaffe57f7361cf5ece27da28c7f94252ced553b0d9e,2
C:\Users\confl\AppData\Local\Programs\STM32CubeMX\db\mcu\STM32G031K(4-6-8)Tx.xml,7575b9cb1c289c4bf456659b12a539206e3902bb6e4a3e0a177b6955ef2faae8,3
C:\Users\confl\AppData\Local\Programs\STM32CubeMX\db\mcu\STM32G031K(4-6-8)Ux.xml,f014c3e7010a6c32b9d194a4adea35a9cbec54e1d95ef904e9fe9874380b0b28,3
C:\Users\confl\AppData\Local\Programs\STM32CubeMX\db\mcu\STM32G031Y8Yx.xml,303990379a8ff87cdd5182853ab4418aa4b973d4a9092602cb45fd8b4db06a84,1
C:\Users\confl\AppData\Local\Programs\STM32CubeMX\db\mcu\STM32G041C(6-8)Tx.xml,b92f1997b49b9236cce052d130103c068aa90de6797cb882f1951d25d8993a64,2
C:\Users\confl\AppData\Local\Programs\STM32CubeMX\db\mcu\STM32G041C(6-8)Ux.xml,5cd082844e2962c6c6d03d18549d9b8f0ab16be960e7d32d4e97c85cb73d78d3,2
C:\Users\confl\AppData\Local\Programs\STM32CubeMX\db\mcu\STM32G041F(6-8)Px.xml,d11f0bc517d4d59f8b735d790b9eccd6ec14078f11d9430cf353cf9de2a05117,2
C:\Users\confl\AppData\Local\Programs\STM32CubeMX\db\mcu\STM32G041G(6-8)Ux.xml,69e3ddba5510b2a52d0d35500d2eb20472653853577a52a8c3f77a19524302a5,2
C:\Users\confl\AppData\Local\Programs\STM32CubeMX\db\mcu\STM32G041J6Mx.xml,b186ce1483080e85ae5108ad7e60eac0bd53f3b73f74c64fbfc96ba0493fc947,1
C:\Users\confl\AppData\Local\Programs\STM32CubeMX\db\mcu\STM32G041K(6-8)Tx.xml,fd72884dd3000830971f49c5769e556b2722aba2245a72cd338fc7ef09b9c8b3,2
C:\Users\confl\AppData\Local\Programs\STM32CubeMX\db\mcu\STM32G041K(6-8)Ux.xml,d44b7347e654923d3e541ff54c9df15852ed10967f69a4b1efc60edc298dbc75,2
C:\Users\confl\AppData\Local\Programs\STM32CubeMX\db\mcu\STM32G041Y8Yx.xml,40577be4c1cd64b4f0b2054054349a0d29674debb32e9a32aafcd6671137ed3a,1
C:\Users\confl\AppData\Local\Programs\STM32CubeMX\db\mcu\STM32G050C6Tx.xml,d9060de716bcbee8fd83ad5317860907e35c716309e53ee26cbd16bffc3017c8,1
C:\Users\confl\AppData\Local\Programs\STM32CubeMX\db\mcu\STM32G050C8Tx.xml,9733b65b7775a98b02bd9b025beaf3c7d644b65aaa0ba3a2e43d5114ef66255d,1
C:\Users\confl\AppData\Local\Programs\STM32CubeMX\db\mcu\STM32G050F6Px.xml,47f31197cfe1c348798a8c8600ee98212fdbb8032e204c981624e384ffc25e03,1
C:\Users\confl\AppData\Local\Programs\STM32CubeMX\db\mcu\STM32G050K6Tx.xml,cd527ef1359760e5fde824f5a37c420bcd11b9be0aaa873d359bee9a344b12bb,1
C:\Users\confl\AppData\Local\Programs\STM32CubeMX\db\mcu\STM32G050K8Tx.xml,6fa1572e23bcc35299339c12995545aa2609169571efc990f31493df6c4186e5,1
C:\Users\confl\AppData\Local\Programs\STM32CubeMX\db\mcu\STM32G051C(6-8)Tx.xml,2b27e0b56db83963e48ac291ee665b11f5dfc7f21d08cdd3d2d6e451fd589c9a,2
C:\Users\confl\AppData\Local\Programs\STM32CubeMX\db\mcu\STM32G051C(6-8)Ux.xml,11836a9c75a54a75d1ace033135453f2356bdd2d1f2c5af0fe6b7d719f1481b8,2
C:\Users\confl\AppData\Local\Programs\STM32CubeMX\db\mcu\STM32G051F(6-8)Px.xml,b70dc8eaa9e61435969003ebf8f2b91993674eadf1e786d62158d83b8e322ab5,2
C:\Users\confl\AppData\Local\Programs\STM32CubeMX\db\mcu\STM32G051F8Yx.xml,94d7140ec0fbd7d2b5cc97873ea83a877693dc933993292fcead41f8b83b7b2b,1
C:\Users\confl\AppData\Local\Programs\STM32CubeMX\db\mcu\STM32G051G(6-8)Ux.xml,cef3629530cf91399d38a8f165a89c6b44d45393872352969c283f04b546c95c,2
C:\Users\confl\AppData\Local\Programs\STM32CubeMX\db\mcu\STM32G051K(6-8)Tx.xml,4f6250e335e5d5ef22370b1ef36ae2a4fdde18b6d8676c8eb6d70a1c49502e75,2
C:\Users\confl\AppData\Local\Programs\STM32CubeMX\db\mcu\STM32G051K(6-8)Ux.xml,1511c4dbd0d5d9a9e9c45864424bb5a553f578f69c74fd7423a56f31f6cf3e17,2
C:\Users\confl\AppData\Local\Programs\STM32CubeMX\db\mcu\STM32G061C(6-8)Tx.xml,79bcef332401a761e2a7afdeb2ab7aca27793c158e532441239c3fe59e8df5e1,2
C:\Users\confl\AppData\Local\Programs\STM32CubeMX\db\mcu\STM32G061C(6-8)Ux.xml,df73061b4ace28b0e1936fa5e3f94d67f4d895d515f4e0a14ca8986568ddded0,2
C:\Users\confl\AppData\Local\Programs\STM32CubeMX\db\mcu\STM32G061F(6-8)Px.xml,4480cebf45fa2b3089f06993c95a74390b12c00cc9443793eb122f9f5dec2dae,2
C:\Users\confl\AppData\Local\Programs\STM32CubeMX\db\mcu\STM32G061F8Yx.xml,8d708548940881864fe6a22c39f2cddd208066078fa888b0250c8d34b701d386,1
C:\Users\confl\AppData\Local\Programs\STM32CubeMX\db\mcu\STM32G061G(6-8)Ux.xml,99929125aaaa67648f718a187c0c72e3a3cb8147a4b8874c68ec7f9fb1b7f8a4,2
C:\Users\confl\AppData\Local\Programs\STM32CubeMX\db\mcu\STM32G061K(6-8)Tx.xml,77346faceaf4ed1889221d9204824f167fd1c24d2a7ebf4926a0b65598f64e2e,2
C:\Users\confl\AppData\Local\Programs\STM32CubeMX\db\mcu\STM32G061K(6-8)Ux.xml,9ba0a2b30f4fde65a88338997becacf239aa58f626710123d9b8f3e9f13fe1c1,2
C:\Users\confl\AppData\Local\Programs\STM32CubeMX\db\mcu\STM32G070CBTx.xml,f8f96605fd3ac6301ac4c2f5c9b74153f02976f3a682adea9c3d60c9e043f2bc,1
C:\Users\confl\AppData\Local\Programs\STM32CubeMX\db\mcu\STM32G070KBTx.xml,68db49980dd2bf244e0447aaa2d419e78e0cef9dac4765964bec1a6ffc08a5b7,1
C:\Users\confl\AppData\Local\Programs\STM32CubeMX\db\mcu\STM32G070RBTx.xml,28281cf48f38b3d0a57ce441a4827f7aa38fa702f84862215fd9f27d7e628d6b,1
C:\Users\confl\AppData\Local\Programs\STM32CubeMX\db\mcu\STM32G071C(6-8-B)Tx.xml,f0687dc8df47bc70e979c9da4ab5d218827072efd0ee3632861d7bdb6c6b6fc8,2
C:\Users\confl\AppData\Local\Programs\STM32CubeMX\db\mcu\STM32G071C(6-8-B)Ux.xml,7fcaea8a972b31de47abdd1ea97c32ba8ab8be2c65dd970f3295a29d3ca1fca7,2
C:\Users\confl\AppData\Local\Programs\STM32CubeMX\db\mcu\STM32G071EBYx.xml,78ddf209ce18096d9d26258d2c37909ece4bc022e7bc499a42fa052c24dfb9e3,1
C:\Users\confl\AppData\Local\Programs\STM32CubeMX\db\mcu\STM32G071G(6-8-B)Ux.xml,202a44e1fbfaacca51e20d2bbb0a9638a8f77db3499fe78bf0e7bc27336509d0,2
C:\Users\confl\AppData\Local\Programs\STM32CubeMX\db\mcu\STM32G071G(8-B)UxN.xml,1f4999f69495753d35a92a865fe72b890d0de906b6a5828633314a03c0a9055f,2
C:\Users\confl\AppData\Local\Programs\STM32CubeMX\db\mcu\STM32G071K(6-8-B)Tx.xml,785d7d2ad1e2ce39f8a982b2b54b3f077000f46006047c4d7c305907537fa934,2
C:\Users\confl\AppData\Local\Programs\STM32CubeMX\db\mcu\STM32G071K(6-8-B)Ux.xml,e0fac554c9872679cd64f880c40feec6c5a671152ab27d62a65450cc4ebd784d,2
C:\Users\confl\AppData\Local\Programs\STM32CubeMX\db\mcu\STM32G071K(8-B)TxN.xml,5595c64e1ed84f11692b0e89ea8df2a52555d4e425b71a34fd5a198c336fd345,2
C:\Users\confl\AppData\Local\Programs\STM32CubeMX\db\mcu\STM32G071K(8-B)UxN.xml,1ded32bdcd67572d0b359e0e081da9e7797e173e3e358892d16bcfd236c49c44,2
C:\Users\confl\AppData\Local\Programs\STM32CubeMX\db\mcu\STM32G071R(6-8-B)Tx.xml,41c8bc2cde663592ca80fd7375dc648a601c66ddca64118815d42232fda29da0,2
C:\Users\confl\AppData\Local\Programs\STM32CubeMX\db\mcu\STM32G071RBIx.xml,8ca05581a556e76f6f25ce0f83e92c129910a87af022f1d75def685d12e6aecf,1
C:\Users\confl\AppData\Local\Programs\STM32CubeMX\db\mcu\STM32G081CBTx.xml,5e8c873e3067133dd0b0531808e09f19ffa382e8ec5b5cbdaeb6f45db1ef19a6,1
C:\Users\confl\AppData\Local\Programs\STM32CubeMX\db\mcu\STM32G081CBUx.xml,fd83bfe95291bc7170b93db4891666a24caae76cca0244aa9ac46337729c91cb,1
C:\Users\confl\AppData\Local\Programs\STM32CubeMX\db\mcu\STM32G081EBYx.xml,119c999f6b66e82d5649037a5fa3d2a36baebb1dc56a5ddf711f3a214b915f66,1
C:\Users\confl\AppData\Local\Programs\STM32CubeMX\db\mcu\STM32G081GBUx.xml,05097fedb485177750d2d7eee07a94a43c9c5f3d175c5cc7a2e20733e6c3246a,1
C:\Users\confl\AppData\Local\Programs\STM32CubeMX\db\mcu\STM32G081GBUxN.xml,7ca58ea00c03ebe800029561e1d62184a30b876392d1921931a9c21504b31513,1
C:\Users\confl\AppData\Local\Programs\STM32CubeMX\db\mcu\STM32G081KBTx.xml,c42a7b03aa9ddbd594f5a31f04ff3adef9749a4211ba1864a2f5bace7a9a236e,1
C:\Users\confl\AppData\Local\Programs\STM32CubeMX\db\mcu\STM32G081KBTxN.xml,08d7e2badf1016ff399e34f7d8774854889e3a085ff2a2e67c5d3740d8d800ae,1
C:\Users\confl\AppData\Local\Programs\STM32CubeMX\db\mcu\STM32G081KBUx.xml,16424875a2b3958d3df5fb9f9e5fde9b07af7ed510914fb54223fe7b2ccc8e53,1
C:\Users\confl\AppData\Local\Programs\STM32CubeMX\db\mcu\STM32G081KBUxN.xml,95aa8a16e808e9959897fa147919f2033428fce3617fba0f7a55becc8135c101,1
C:\Users\confl\AppData\Local\Programs\STM32CubeMX\db\mcu\STM32G081RBIx.xml,4a904a5ffd6d9ee5e3852a97c1258d723fc3917501de7e6224a270e1748ae5a4,1
C:\Users\confl\AppData\Local\Programs\STM32CubeMX\db\mcu\STM32G081RBTx.xml,ca6cea2103e3f106df72694f8b1315e9ebb10d3fc201d2203b57508b12380a8c,1
C:\Users\confl\AppData\Local\Programs\STM32CubeMX\db\mcu\STM32G0B0CETx.xml,9c6f26ccaeac50539071aac502b9750330cd1c9c9deef5f6f6265b957f7695ac,1
C:\Users\confl\AppData\Local\Programs\STM32CubeMX\db\mcu\STM32G0B0KETx.xml,9ff1b079218a67a330035f3cef88ebca9cea36642a15fc70c86208c275e2c18d,1
C:\Users\confl\AppData\Local\Programs\STM32CubeMX\db\mcu\STM32G0B0RETx.xml,d22d0b9e8cfe90010eb1c6cabbb6a5713d3420c368e6afbe0687b98850f53519,1
C:\Users\confl\AppData\Local\Programs\STM32CubeMX\db\mcu\STM32G0B0VETx.xml,7597a59053523c0e58c2a46a6dacca3b7c271856a689b57769eb227ff5426573,1
C:\Users\confl\AppData\Local\Programs\STM32CubeMX\db\mcu\STM32G0B1C(B-C-E)Tx.xml,ea4d04ab089b3d944fa89abc35b23a0fc0dc8447d526aaae307ddda81b60aa0e,3
C:\Users\confl\AppData\Local\Programs\STM32CubeMX\db\mcu\STM32G0B1C(B-C-E)TxN.xml,48e2d77e08a5ca9abb60d2ff01cb39cb31b20c01583f6f4a949781d00076207d,3
C:\Users\confl\AppData\Local\Programs\STM32CubeMX\db\mcu\STM32G0B1C(B-C-E)Ux.xml,5269da8a890a8e6b287cda80d7a38bb6754cecc6c5d56a2a7c56b1e84bae1d44,3
C:\Users\confl\AppData\Local\Programs\STM32CubeMX\db\mcu\STM32G0B1C(B-C-E)UxN.xml,1bcd33b0be1b056a26f9d5b3d2fd967cea0e710e91d15b0f20c4c52f675fc3ea,3
C:\Users\confl\AppData\Local\Programs\STM32CubeMX\db\mcu\STM32G0B1K(B-C-E)Tx.xml,818a83d597c87e5a6e42bf8277d9ef02557b703738a16d0cdbf27a60b428d759,3
C:\Users\confl\AppData\Local\Programs\STM32CubeMX\db\mcu\STM32G0B1K(B-C-E)TxN.xml,d0edbe895cdf504bb624a7da5b095c3f741635da1c5d05a2a5839bbf7afd5868,3
C:\Users\confl\AppData\Local\Programs\STM32CubeMX\db\mcu\STM32G0B1K(B-C-E)Ux.xml,572ff4261e839709174ad8d75f8a28af8e7dfe7fced230477c1245f95a5f2cca,3
C:\Users\confl\AppData\Local\Programs\STM32CubeMX\db\mcu\STM32G0B1K(B-C-E)UxN.xml,857b89c42dca2e2cb449b3d5560b1e0ef4a2bb223bab9bc3087049cd66a8f178,3
C:\Users\confl\AppData\Local\Programs\STM32CubeMX\db\mcu\STM32G0B1M(B-C-E)Tx.xml,c639c1d675f28a805e64bdc698da5387bd152104b3e7db76531ba91fdad6135d,3
C:\Users\confl\AppData\Local\Programs\STM32CubeMX\db\mcu\STM32G0B1NEYx.xml,a7e2d732418ef9a566985a8a1c6bd55e12041d7fe8d938d1fd77d75f6e1191cf,1
C:\Users\confl\AppData\Local\Programs\STM32CubeMX\db\mcu\STM32G0B1R(B-C-E)IxN.xml,c95a3c171e81aa9a4ddd679686fb8e510da81c95bb783f8d651364d0781e5bf2,3
C:\Users\confl\AppData\Local\Programs\STM32CubeMX\db\mcu\STM32G0B1R(B-C-E)Tx.xml,1eaa131bea70c2a9e4f0db7fe2e381befe904e01fc2b2c9f52f6a2f9777522af,3
C:\Users\confl\AppData\Local\Programs\STM32CubeMX\db\mcu\STM32G0B1R(B-C-E)TxN.xml,4a50e02b9c27fccfa1b59582151eb8747d548a4dd3b53b0616e6a60cb20abaa2,3
C:\Users\confl\AppData\Local\Programs\STM32CubeMX\db\mcu\STM32G0B1V(B-C-E)Ix.xml,eb78ea1680d538538803405bfa6b45033daec18541e9f27adba58266883b8424,3
C:\Users\confl\AppData\Local\Programs\STM32CubeMX\db\mcu\STM32G0B1V(B-C-E)Tx.xml,f82b967395bf8e16066f5341dd3125dfacabfa583cb7e279378c4d0e9df758fc,3
C:\Users\confl\AppData\Local\Programs\STM32CubeMX\db\mcu\STM32G0C1C(C-E)Tx.xml,2c5a0caff1b01d8cb86e72dee57f9e3c615a41d332adc6d570827733170b6f64,2
C:\Users\confl\AppData\Local\Programs\STM32CubeMX\db\mcu\STM32G0C1C(C-E)TxN.xml,09c4b57a15ebbdd7fe61b8e0116a35737e03f06a4a6c193935530297bc473687,2
C:\Users\confl\AppData\Local\Programs\STM32CubeMX\db\mcu\STM32G0C1C(C-E)Ux.xml,004c8aa956bb9191593edb16a80c35fb815ead9595bdb913901c75f482034f0b,2
C:\Users\confl\AppData\Local\Programs\STM32CubeMX\db\mcu\STM32G0C1C(C-E)UxN.xml,2a61ea2f923d7900e782cf2e4d066f53882375f21ab5af032de3ff5a572924b9,2
C:\Users\confl\AppData\Local\Programs\STM32CubeMX\db\mcu\STM32G0C1K(C-E)Tx.xml,d5334e36b49d0c2d1f8ab0374b3b79ea6235ccf946fdf2e74e0c67d789a2efa4,2
C:\Users\confl\AppData\Local\Programs\STM32CubeMX\db\mcu\STM32G0C1K(C-E)TxN.xml,24ba37e2cb5ffdbcdeb6ff8cb2e11213297006d363afd338f4e6e0bbdc4626a7,2
C:\Users\confl\AppData\Local\Programs\STM32CubeMX\db\mcu\STM32G0C1K(C-E)Ux.xml,c1faa43df9e66da670bc05fd627247b319ab8be6d11a681e603610aa2790a612,2
C:\Users\confl\AppData\Local\Programs\STM32CubeMX\db\mcu\STM32G0C1K(C-E)UxN.xml,fcaf3df5ab0db25f44e2b094aecd3ccea22202215c4b2a2e9f19761b33dae679,2
C:\Users\confl\AppData\Local\Programs\STM32CubeMX\db\mcu\STM32G0C1M(C-E)Tx.xml,77bbabb051650cd8c8b91b21efda266162a410ae650342520828dcca25ae2282,2
C:\Users\confl\AppData\Local\Programs\STM32CubeMX\db\mcu\STM32G0C1NEYx.xml,e523da212c63df6d982a1a7488580af0e5cf92265fc76b4fea6a9914b0679bba,1
C:\Users\confl\AppData\Local\Programs\STM32CubeMX\db\mcu\STM32G0C1R(C-E)IxN.xml,e66e2ea4ec086ddaac7652dc97c98d7343ca02e661f6a092ad02a65bf24623c0,2
C:\Users\confl\AppData\Local\Programs\STM32CubeMX\db\mcu\STM32G0C1R(C-E)Tx.xml,18d93825199114015dbc3e9a449067a1394038fa87b026a9fc6d853b44456cc1,2
C:\Users\confl\AppData\Local\Programs\STM32CubeMX\db\mcu\STM32G0C1R(C-E)TxN.xml,b22fabb1841f3e89aa5dda30e54981cd83082e07cddfa74484ebb9c2d75d5ef3,2
C:\Users\confl\AppData\Local\Programs\STM32CubeMX\db\mcu\STM32G0C1V(C-E)Ix.xml,97e3664649d271ad0f93d2de1c4edb51ce5593708809a9403ee26990b216c471,2
C:\Users\confl\AppData\Local\Programs\STM32CubeMX\db\mcu\STM32G0C1V(C-E)Tx.xml,ddf8d979096d4571a74505f1fbd058578354665be96ab911e94e344116dd8409,2
C:\Users\confl\AppData\Local\Programs\STM32CubeMX\db\mcu\STM32G411C6Tx.xml,c8b6f74b3653b8b78b2b2390813e72c0577cdf43bdea3b088722910d5e50987d,1
C:\Users\confl\AppData\Local\Programs\STM32CubeMX\db\mcu\STM32G411C6Ux.xml,ef21fbbfcbd3c5bf2efd96e7c4eaaa7a125a3a15a41a01911d035471089592d4,1
C:\Users\confl\AppData\Local\Programs\STM32CubeMX\db\mcu\STM32G411C8Tx.xml,23f45c70294b6c0e41e4da6bd4a6d3f8a8538bd02cc5cff8c95596d69804c115,1
C:\Users\confl\AppData\Local\Programs\STM32CubeMX\db\mcu\STM32G411C8Ux.xml,59fdbc0e6a31c5b33bc947472a5bf3e792522fcab117f37b2b2e0fea6df5fbc5,1
C:\Users\confl\AppData\Local\Programs\STM32CubeMX\db\mcu\STM32G411CBTx.xml,db546fee27974674cf43203403b39d96bb81b01b2da93d997d34c1605b6b5193,1
C:\Users\confl\AppData\Local\Programs\STM32CubeMX\db\mcu\STM32G411CBUx.xml,98b46ecd6592d2f62f5fd8be40b497af9628e07ff066b66e8984970c6a59c53b,1
C:\Users\confl\AppData\Local\Programs\STM32CubeMX\db\mcu\STM32G411CCTx.xml,34331557a13b8986916484d8951689a10056c93b1b469a3b732d582536aeebba,1
C:\Users\confl\AppData\Local\Programs\STM32CubeMX\db\mcu\STM32G411CCUx.xml,cbc77ae2ba1df85972b048782d873f0dd7f5756c394ef9a0bea32ad102f1a429,1
C:\Users\confl\AppData\Local\Programs\STM32CubeMX\db\mcu\STM32G411K6Tx.xml,db4914c258cb986910e93e1c3dbc9aa2bfa316d2701c9f2be2748c118b58d8a9,1
C:\Users\confl\AppData\Local\Programs\STM32CubeMX\db\mcu\STM32G411K6Ux.xml,0e07a0c3da9c5e04ef148401a80a361f1568e88eb424c7950fe015b5ad8559d0,1
C:\Users\confl\AppData\Local\Programs\STM32CubeMX\db\mcu\STM32G411K8Tx.xml,a09295dff7e37dbd882b632bde1870f3230c6d5cb697badeb62b9ad8d8fc4c82,1
C:\Users\confl\AppData\Local\Programs\STM32CubeMX\db\mcu\STM32G411K8Ux.xml,e07a6dbf446c5baa91eed52513e7558e427dda2849b059d0c160fa7e4c8ba728,1
C:\Users\confl\AppData\Local\Programs\STM32CubeMX\db\mcu\STM32G411KBTx.xml,2160d1ccb4843485078a21edfe3e70bac38a222a29f1b11b0948dfef54a93070,1
C:\Users\confl\AppData\Local\Programs\STM32CubeMX\db\mcu\STM32G411KBUx.xml,4637378c31ffd51f24c7669cb90562b4efd70c1bed35c8514c45d13ec2988313,1
C:\Users\confl\AppData\Local\Programs\STM32CubeMX\db\mcu\STM32G411M6Tx.xml,9dae0cdaa1ee64ed4e91f46d1bc2c38bf43572d642cc68ab1a01d4a888e9ee8f,1
C:\Users\confl\AppData\Local\Programs\STM32CubeMX\db\mcu\STM32G411M8Tx.xml,b076760dd4570783b7679ce2c147682ef575abe57497efa62f7c293a2110f4d0,1
C:\Users\confl\AppData\Local\Programs\STM32CubeMX\db\mcu\STM32G411MBTx.xml,e6dfff67159e2a6916212ba96a639ec16ef844ea653f586fcd89dcccd696b254,1
C:\Users\confl\AppData\Local\Programs\STM32CubeMX\db\mcu\STM32G411MCTx.xml,e96b763f8b6ba549385c5d14e607fd8c24a40bb7e73995123652572fc57117b4,1
C:\Users\confl\AppData\Local\Programs\STM32CubeMX\db\mcu\STM32G411R6Tx.xml,33f0267eff21b2664c98e60a0586356c1d85781b75a4dc28659e7e04476a276b,1
C:\Users\confl\AppData\Local\Programs\STM32CubeMX\db\mcu\STM32G411R8Tx.xml,4d776aa35863cf6be0e8f2345973b927fff10de2b8ebe7a699d0204c7ef54a44,1
C:\Users\confl\AppData\Local\Programs\STM32CubeMX\db\mcu\STM32G411RBTx.xml,f405aa40d209a3add91702fa32970005f894d11c373bf2ceaa1c84ad075e427c,1
C:\Users\confl\AppData\Local\Programs\STM32CubeMX\db\mcu\STM32G411RCTx.xml,10e82cd3381db4fbba57d089f3c12b673fe82fc0123b38c95609204a36344f1c,1
C:\Users\confl\AppData\Local\Programs\STM32CubeMX\db\mcu\STM32G414CBTx.xml,95cfdfed85d76efe2dbee4d9d78bd71116d9771edaf5d6b941cb694c02e333d7,1
C:\Users\confl\AppData\Local\Programs\STM32CubeMX\db\mcu\STM32G414CBUx.xml,ba593edf26e5ec5852ffe3156a320ac8931d41944170b56a3275c6d1118d19ba,1
C:\Users\confl\AppData\Local\Programs\STM32CubeMX\db\mcu\STM32G414CCTx.xml,d3a48c4ac0b0ac9157aaab34152536f326df37f0428cb673554113838ae45c85,1
C:\Users\confl\AppData\Local\Programs\STM32CubeMX\db\mcu\STM32G414CCUx.xml,47b08184a813e7e5b1c2091474bd9a4da0e6618d160a526e6ebf926b72a5572a,1
C:\Users\confl\AppData\Local\Programs\STM32CubeMX\db\mcu\STM32G414MBTx.xml,165417400c607b611e91bd245c967e7374116d0e64cad41112a4e55927faedd2,1
C:\Users\confl\AppData\Local\Programs\STM32CubeMX\db\mcu\STM32G414MCTx.xml,55b82d1103e44a4d82d8fd4dbac5b7a3f3c41bd94207cad3bb0b52dcbb9e8aca,1
C:\Users\confl\AppData\Local\Programs\STM32CubeMX\db\mcu\STM32G414RBTx.xml,68ff1d47538cd5195a959199029f80c85cefac3b9e353238c6f13dbf287887ec,1
C:\Users\confl\AppData\Local\Programs\STM32CubeMX\db\mcu\STM32G414RCTx.xml,fa19eea3c74c7444b39ff0441d7ff86b4d430f82ad6892524adbf6bd3bbb9c14,1
C:\Users\confl\AppData\Local\Programs\STM32CubeMX\db\mcu\STM32G414VBTx.xml,91e6a0c7ef4d186336f964fc78dc388058729d7c3fb1fdc06ea16c4be5ee4cdf,1
C:\Users\confl\AppData\Local\Programs\STM32CubeMX\db\mcu\STM32G414VCTx.xml,76919dba2a3408d2448944638e556120ba24b583e0559fedd2c3b72e7fb57c38,1
C:\Users\confl\AppData\Local\Programs\STM32CubeMX\db\mcu\STM32G431C(6-8-B)Tx.xml,b237d8e12af4f8894b3f9d2e45b792659903f0307d1c03a7ef3ff51536db59c0,3
C:\Users\confl\AppData\Local\Programs\STM32CubeMX\db\mcu\STM32G431C(6-8-B)Ux.xml,6b2a70e28088bd47e57aa3817acccf741d5dc71a4e4af277e5d290afa182ef92,3
C:\Users\confl\AppData\Local\Programs\STM32CubeMX\db\mcu\STM32G431CBTxZ.xml,fc58723ae17fbe10878b711c8ee09953f9d01ea7e8ebbb8750ea6b80692b1983,1
C:\Users\confl\AppData\Local\Programs\STM32CubeMX\db\mcu\STM32G431CBYx.xml,8f4da897619d5ffc4ad583c6c127bd8892114959d2d87df23b6ffa2cb6298ada,1
C:\Users\confl\AppData\Local\Programs\STM32CubeMX\db\mcu\STM32G431K(6-8-B)Tx.xml,a2a68f6248c80da6d21a5be755f9f369a685f936722a7df674029fb6407870db,3
C:\Users\confl\AppData\Local\Programs\STM32CubeMX\db\mcu\STM32G431K(6-8-B)Ux.xml,2754c8fa9a562f6c9c27b65cfe3b6d545ac9bef2bfb9ecd2a485857f13246985,3
C:\Users\confl\AppData\Local\Programs\STM32CubeMX\db\mcu\STM32G431M(6-8-B)Tx.xml,68f8ba14383c7ea9ef9222a21c36baac285a1b0c1c811e6d36270ba55532334e,3
C:\Users\confl\AppData\Local\Programs\STM32CubeMX\db\mcu\STM32G431R(6-8-B)Ix.xml,2f75abdcd3cfdcac75e1f77731e26ceffda344eb42d1de40be80d484f70d14d2,3
C:\Users\confl\AppData\Local\Programs\STM32CubeMX\db\mcu\STM32G431R(6-8-B)Tx.xml,4d3522ea2360bc3a7fdc4e84de3c49964f5b134f5b83064d0d478e54afef6bb2,3
C:\Users\confl\AppData\Local\Programs\STM32CubeMX\db\mcu\STM32G431RBTxZ.xml,e348c806d840cdd05f13fd7095a2bc65398200d5691ebc4ed09037edcb281bb8,1
C:\Users\confl\AppData\Local\Programs\STM32CubeMX\db\mcu\STM32G431V(6-8-B)Tx.xml,6862f4a4895317f87b31b67ea5985c5959f2227ad27e36d0478e211f0c04f3ff,3
C:\Users\confl\AppData\Local\Programs\STM32CubeMX\db\mcu\STM32G441CBTx.xml,4c2e45d4ed319e0a38b94033f6fc2df49c9e7886934aa4cefc933cb966c957c8,1
C:\Users\confl\AppData\Local\Programs\STM32CubeMX\db\mcu\STM32G441CBUx.xml,cf0066ffe4191936f3dc345597b02dd45f1c74c97c58faba9c4844ce2f0ee150,1
C:\Users\confl\AppData\Local\Programs\STM32CubeMX\db\mcu\STM32G441CBYx.xml,54cd3c14ee3259c11f30a5594d33c4e68780cd32c4a3ac47d2920564c9ba9cd4,1
C:\Users\confl\AppData\Local\Programs\STM32CubeMX\db\mcu\STM32G441KBTx.xml,853e83debddf952483e2390b9343e191269482caaced87647b3942af16b64517,1
C:\Users\confl\AppData\Local\Programs\STM32CubeMX\db\mcu\STM32G441KBUx.xml,49a24f8ff2e6a3ffb6e39be97d599aaf907d73802693acfb3ccc42bf15e790e7,1
C:\Users\confl\AppData\Local\Programs\STM32CubeMX\db\mcu\STM32G441MBTx.xml,bd77efdea0a3b658d3797db13e7fca507b99808160a029aa5e2ffb031228daa9,1
C:\Users\confl\AppData\Local\Programs\STM32CubeMX\db\mcu\STM32G441RBIx.xml,205e6b33e285c43c93ab2fe3a9688a7d007133fe92d6f82d4b36835d2815ac8f,1
C:\Users\confl\AppData\Local\Programs\STM32CubeMX\db\mcu\STM32G441RBTx.xml,7a300789bc8901e94df841c495b829e560039c05391ef7359e06af7741fe275f,1
C:\Users\confl\AppData\Local\Programs\STM32CubeMX\db\mcu\STM32G441VBTx.xml,8611018f136397d9dacfb5da0b1c072ff30ae268dc75d0b1369a7f3f13d4da71,1
C:\Users\confl\AppData\Local\Programs\STM32CubeMX\db\mcu\STM32G471C(C-E)Tx.xml,2ea0511857543290e781b307e9879b56b5f46e9d03b7f56592e6f089db8a7574,2
C:\Users\confl\AppData\Local\Programs\STM32CubeMX\db\mcu\STM32G471C(C-E)Ux.xml,85eab199a80243dac8bbbf5d6172a2da274c456c5e01a6fa78c379927b9efdd3,2
C:\Users\confl\AppData\Local\Programs\STM32CubeMX\db\mcu\STM32G471M(C-E)Tx.xml,6a63888985a81866ec25e4f48fb45bfd668992942b66a72cc9c9ee59c05ec189,2
C:\Users\confl\AppData\Local\Programs\STM32CubeMX\db\mcu\STM32G471MEYx.xml,391d6de2a01df3308dbffbbc333fe5219001c69ffbd6ef871e1c3f558484d39d,1
C:\Users\confl\AppData\Local\Programs\STM32CubeMX\db\mcu\STM32G471Q(C-E)Tx.xml,9d350654fd8243583f20ce3286098ec7918b42438aad82212e8fc36d718c7ae0,2
C:\Users\confl\AppData\Local\Programs\STM32CubeMX\db\mcu\STM32G471R(C-E)Tx.xml,c1143b255603bcb667bdaf19c7bf314209b4421e7a9d0d017210044dae36a217,2
C:\Users\confl\AppData\Local\Programs\STM32CubeMX\db\mcu\STM32G471V(C-E)Hx.xml,a259bb200ade9efc6567eab98913ece1647558c1cf06690a74c8c74aa1d7502f,2
C:\Users\confl\AppData\Local\Programs\STM32CubeMX\db\mcu\STM32G471V(C-E)Ix.xml,da29d79d12598847ef5db5bc399925cae44f353ab22f1f0e7c5bf827f5b96224,2
C:\Users\confl\AppData\Local\Programs\STM32CubeMX\db\mcu\STM32G471V(C-E)Tx.xml,49e584b24f5d82178e6bf5dde64091f6c6472895a3207e227402b4600f48df0c,2
C:\Users\confl\AppData\Local\Programs\STM32CubeMX\db\mcu\STM32G473C(B-C-E)Tx.xml,8dfdd211bff85dd79f41f6907b5033c266ef1526f00db3c779a9ff079254b49e,3
C:\Users\confl\AppData\Local\Programs\STM32CubeMX\db\mcu\STM32G473C(B-C-E)Ux.xml,d4f24e27e33cd954126b39e7c325a4c3bc46580835125f0cd138f48a733acc2b,3
C:\Users\confl\AppData\Local\Programs\STM32CubeMX\db\mcu\STM32G473M(B-C-E)Tx.xml,4b6c75180b3384f1e9fb6ca8f50db3c914db4c506dcc0b7ecdd680fbee05ec32,3
C:\Users\confl\AppData\Local\Programs\STM32CubeMX\db\mcu\STM32G473MEYx.xml,b57c087697bdf990c7cd16cc42052b4d7b59c57dbfabb354d7c5c419165b554a,1
C:\Users\confl\AppData\Local\Programs\STM32CubeMX\db\mcu\STM32G473P(B-C-E)Ix.xml,77c931cbc95a31f74061482e67574b090318b92b701eca84081b59aa067d71c2,3
C:\Users\confl\AppData\Local\Programs\STM32CubeMX\db\mcu\STM32G473Q(B-C-E)Tx.xml,ac4a122ee1fc0027a928d04542f6bf29c8080372aadf2ba51c1f8f957c7f0acf,3
C:\Users\confl\AppData\Local\Programs\STM32CubeMX\db\mcu\STM32G473QETxZ.xml,7864042631e2b334bf4217239f1cf40774e3da8f2689f0789cad318a2b9e758f,1
C:\Users\confl\AppData\Local\Programs\STM32CubeMX\db\mcu\STM32G473R(B-C-E)Tx.xml,262eb6616500ec27f624b9381ea91dc44a94dc6d59a949a3fc5cac4935450bc0,3
C:\Users\confl\AppData\Local\Programs\STM32CubeMX\db\mcu\STM32G473RETxZ.xml,bffa7b580354ba2e17d761651d9e1344068ffb910981223e274c7cd0477f99f4,1
C:\Users\confl\AppData\Local\Programs\STM32CubeMX\db\mcu\STM32G473V(B-C-E)Hx.xml,567be33bb924ba2f67a3f63b38580db6912ddfa600a92fd3806da62def76f3d2,3
C:\Users\confl\AppData\Local\Programs\STM32CubeMX\db\mcu\STM32G473V(B-C-E)Tx.xml,841f4d532130b34f7733cb6e8cdfe32c1bc4f39c3b013ab9db9995c65238cfcf,3
C:\Users\confl\AppData\Local\Programs\STM32CubeMX\db\mcu\STM32G474C(B-C-E)Tx.xml,8805d5119da014d21eaf3e0ca59fc63d7088e341a46729ec1736b5f383222b16,3
C:\Users\confl\AppData\Local\Programs\STM32CubeMX\db\mcu\STM32G474C(B-C-E)Ux.xml,3c6d5e1e86c0cff6bfe19c284dd3353ba530a8c41552bfc0f747e5cb69a7ce99,3
C:\Users\confl\AppData\Local\Programs\STM32CubeMX\db\mcu\STM32G474M(B-C-E)Tx.xml,750157c1a0f9e0cf6380950471bebf39478a17602cf1114351536632516320d1,3
C:\Users\confl\AppData\Local\Programs\STM32CubeMX\db\mcu\STM32G474MEYx.xml,c6ab28db7ae5dd822aa7cede56974f60c5d6ee5e8a6dce37ec78b20b4f509169,1
C:\Users\confl\AppData\Local\Programs\STM32CubeMX\db\mcu\STM32G474P(B-C-E)Ix.xml,06c31ee260b9ec4d9d0c8bd29cc986b207caa66745954ab9a6b2cb6d89786cf5,3
C:\Users\confl\AppData\Local\Programs\STM32CubeMX\db\mcu\STM32G474Q(B-C-E)Tx.xml,0eae6306aed7b891915d0518af30ea559183fbfb8a81040adfca5488f082142d,3
C:\Users\confl\AppData\Local\Programs\STM32CubeMX\db\mcu\STM32G474R(B-C-E)Tx.xml,f6a40cd207e9ca77e1a950233cc5e46fc1c02417153a7bc4874d54fb66e572a7,3
C:\Users\confl\AppData\Local\Programs\STM32CubeMX\db\mcu\STM32G474V(B-C-E)Hx.xml,0360e0f97493c52a2c16cd6306059353923542aa1f9c59a00b581312b09a0ef0,3
C:\Users\confl\AppData\Local\Programs\STM32CubeMX\db\mcu\STM32G474V(B-C-E)Tx.xml,509c5f8ed125814bfc7b71c0287d13dc1366b9075ef03c06fb42bdabe2cb3508,3
C:\Users\confl\AppData\Local\Programs\STM32CubeMX\db\mcu\STM32G483CETx.xml,9cea35c57dd5d8b90b2b20164b03e735b1b58eb5c660fa6108a8783a4f196bfd,1
C:\Users\confl\AppData\Local\Programs\STM32CubeMX\db\mcu\STM32G483CEUx.xml,3b911dceda23edb7ed5ff5c146f944f17720db96c194c622d2648c32143a4c0b,1
C:\Users\confl\AppData\Local\Programs\STM32CubeMX\db\mcu\STM32G483METx.xml,a31ae535f17314010589d44bd390c79f20682b0a68c40539cdc9bad94a1ade5c,1
C:\Users\confl\AppData\Local\Programs\STM32CubeMX\db\mcu\STM32G483MEYx.xml,70820c2085eeb4f8cc4c5a638977c74a9f121dd098c4ff72cf1ebaf9e9211e55,1
C:\Users\confl\AppData\Local\Programs\STM32CubeMX\db\mcu\STM32G483PEIx.xml,0af1ecd333c0f78b43f1597254d1d454768d925287830669b8518ec76acdc01b,1
C:\Users\confl\AppData\Local\Programs\STM32CubeMX\db\mcu\STM32G483QETx.xml,c38c6734bd59c0047068955e78b75a97bfad131a7543636b8e6be91d6c9e1a4b,1
C:\Users\confl\AppData\Local\Programs\STM32CubeMX\db\mcu\STM32G483RETx.xml,2b24f60a4d0efab7c0194c455f7d64d805a08d4d0d78a0e1a4ca468169424855,1
C:\Users\confl\AppData\Local\Programs\STM32CubeMX\db\mcu\STM32G483VEHx.xml,8b1aa20f10e3cc00474638895cdd8d16e89254b95165d76163bdbf4ad3745d91,1
C:\Users\confl\AppData\Local\Programs\STM32CubeMX\db\mcu\STM32G483VETx.xml,6c61a2ec8bc6edfb73a3323c3d3f532e2acefeabceffb6cc7dc08d3b4b3d6975,1
C:\Users\confl\AppData\Local\Programs\STM32CubeMX\db\mcu\STM32G484CETx.xml,0816057742778de02bc302b53b2ba26709cd72b32cad5e710a2bcea0928c6686,1
C:\Users\confl\AppData\Local\Programs\STM32CubeMX\db\mcu\STM32G484CEUx.xml,4c06cd38ccf16bf781c7c32d812aaa56ba3acc00a4cd7bde068efd4b0770ead6,1
C:\Users\confl\AppData\Local\Programs\STM32CubeMX\db\mcu\STM32G484METx.xml,0bc1cf6bc5d435a6f3fa07d6874adddb54f3af5bf216e01c83d7e8c61f3fa7e7,1
C:\Users\confl\AppData\Local\Programs\STM32CubeMX\db\mcu\STM32G484MEYx.xml,0add829f25b0221fc5d34674a006e1a543c5f9209f0fe80c1303730521906c82,1
C:\Users\confl\AppData\Local\Programs\STM32CubeMX\db\mcu\STM32G484PEIx.xml,203bb1dfc70e9442fe115015dd9b4927650b55dae6a5e388b4f3a8319b813abe,1
C:\Users\confl\AppData\Local\Programs\STM32CubeMX\db\mcu\STM32G484QETx.xml,994845a818a22ee7a0cd545b3a1f98d9e7a550bcaf1656fe92a6c78cc4cce5b1,1
C:\Users\confl\AppData\Local\Programs\STM32CubeMX\db\mcu\STM32G484RETx.xml,95a5df5b46b76fe6680d78c85955a512392823e50245272b46432c5f7d7d6ae6,1
C:\Users\confl\AppData\Local\Programs\STM32CubeMX\db\mcu\STM32G484VEHx.xml,d7aa1bd23b82be0e34441e499eb1ecbe8e6e968706587c85c9701ea09b010b9d,1
C:\Users\confl\AppData\Local\Programs\STM32CubeMX\db\mcu\STM32G484VETx.xml,84968f68307c259a6c81d339a9038b1b1a20ded70d8ae2fb551f423fccec6070,1
C:\Users\confl\AppData\Local\Programs\STM32CubeMX\db\mcu\STM32G491C(C-E)Tx.xml,f3bbce3dd81da56c7905598e31ed22e41b3f7267456ac7bd0833f69cca05aaf2,2
C:\Users\confl\AppData\Local\Programs\STM32CubeMX\db\mcu\STM32G491C(C-E)Ux.xml,f1bef46545cf8ec08aa44bea334df96e880f13b9a815bee1daf9f58d482bcf70,2
C:\Users\confl\AppData\Local\Programs\STM32CubeMX\db\mcu\STM32G491K(C-E)Ux.xml,8808ad3cd2d69dd605dd8f55f4f2beaabc4ac9d94932fb6be311d1a627ae9fba,2
C:\Users\confl\AppData\Local\Programs\STM32CubeMX\db\mcu\STM32G491M(C-E)Sx.xml,e30e3ae19abc679a322c75092f72baa66802413c967624ede5e60f9cdaa770e0,2
C:\Users\confl\AppData\Local\Programs\STM32CubeMX\db\mcu\STM32G491M(C-E)Tx.xml,fd42c6d9953a18246367a9c86d5189c62bb5f7cef87e846e3265f4541d64247a,2
C:\Users\confl\AppData\Local\Programs\STM32CubeMX\db\mcu\STM32G491R(C-E)Ix.xml,ac0da758e5a25ed947cea82cc479ed369c37f1adb61cfb34ceb0dedcc40665da,2
C:\Users\confl\AppData\Local\Programs\STM32CubeMX\db\mcu\STM32G491R(C-E)Tx.xml,48dd6cf6465370822b3c86f5b4b482c200772b5ee977cc25811a5f12585d640a,2
C:\Users\confl\AppData\Local\Programs\STM32CubeMX\db\mcu\STM32G491RETxZ.xml,a7cc2b80f407b1eb1d69aa2377c2f9822c3660b961021495b944096e94b81788,1
C:\Users\confl\AppData\Local\Programs\STM32CubeMX\db\mcu\STM32G491REYx.xml,a5ab033e4f6b0ce8677c6fe1a2ff036435ffc5091623d6d34847f8cb2c5495ff,1
C:\Users\confl\AppData\Local\Programs\STM32CubeMX\db\mcu\STM32G491V(C-E)Tx.xml,d1cc67fc80e083ff9bebb9dcb2be1deabcb3450f11684e629352ae10ddb9073d,2
C:\Users\confl\AppData\Local\Programs\STM32CubeMX\db\mcu\STM32G4A1CETx.xml,2ef3c7f3165574bc00da2270fa17feaa6cb08a199339b416520f817173eca129,1
C:\Users\confl\AppData\Local\Programs\STM32CubeMX\db\mcu\STM32G4A1CEUx.xml,2465befab26eb2286a493fd150b66c667836029a63c1fa07ec83e885f8d1ca1c,1
C:\Users\confl\AppData\Local\Programs\STM32CubeMX\db\mcu\STM32G4A1KEUx.xml,985c8205b11ac318348dffc1bdad478e7a123f06013a100c41fdc3abbc1a075a,1
C:\Users\confl\AppData\Local\Programs\STM32CubeMX\db\mcu\STM32G4A1MESx.xml,a1cc3e1fef3f2216dfcd4e5ae305b81527e608a6bdbf38c1a24a0ff74fe15cc1,1
C:\Users\confl\AppData\Local\Programs\STM32CubeMX\db\mcu\STM32G4A1METx.xml,12c02f90f3c9d3476bed68f79c60813c4ce2089e27aa6ef4c0ba59dfe1a810c3,1
C:\Users\confl\AppData\Local\Programs\STM32CubeMX\db\mcu\STM32G4A1REIx.xml,44631a13b3709b8edd3efcb8e1121ef865365a2cb0603beff70365f92be68d55,1
C:\Users\confl\AppData\Local\Programs\STM32CubeMX\db\mcu\STM32G4A1RETx.xml,ec489ebf1dd15d4a4b62ee9460e7231c37a599c03fcf6ea62a4a4f6bb77000cc,1
C:\Users\confl\AppData\Local\Programs\STM32CubeMX\db\mcu\STM32G4A1REYx.xml,95402af6e0a9d37ac4aa1fa1493cd48533b710e95df438b86aff5ea1b98bd239,1
C:\Users\confl\AppData\Local\Programs\STM32CubeMX\db\mcu\STM32G4A1VETx.xml,e44ec64a658ecf4d6dc57f48a46f85e66e2fa15f69b6fe6c33a0e8c94022c909,1
C:\Users\confl\AppData\Local\Programs\STM32CubeMX\db\mcu\STM32H503CBTx.xml,df27c71a6b78b0084bedd758a8ce2add28f0b128cd057875042441297e3003c2,1
C:\Users\confl\AppData\Local\Programs\STM32CubeMX\db\mcu\STM32H503CBUx.xml,5d0b5c735b0bdfb3e691267a19db655fd05652ef0a8fc77815491d387753bef7,1
C:\Users\confl\AppData\Local\Programs\STM32CubeMX\db\mcu\STM32H503EBYx.xml,8ddd3ccb40010ac15a5c67f410fc18c7983ba038f3c780d9ebae422cdf4df6f9,1
C:\Users\confl\AppData\Local\Programs\STM32CubeMX\db\mcu\STM32H503KBUx.xml,735009f837a375e6d1cd5a4fdeaa47984c363fa26b92f2a2f637fa0d34ddab99,1
C:\Users\confl\AppData\Local\Programs\STM32CubeMX\db\mcu\STM32H503RBTx.xml,24fb3d57bc71d34c32c0a7f842c0edc712f30c072500b66d3190dc7d90991e3a,1
C:\Users\confl\AppData\Local\Programs\STM32CubeMX\db\mcu\STM32H523CCTx.xml,af302dd83b2f3a0692ae6d80fc977ba73d82e84c0e8aaf7e5431ae6ba16fde15,1
C:\Users\confl\AppData\Local\Programs\STM32CubeMX\db\mcu\STM32H523CCUx.xml,c8b04ffdc9e7c05c917d1c4b73db8c8119347885898ffcbca35fd0bc1c2e446f,1
C:\Users\confl\AppData\Local\Programs\STM32CubeMX\db\mcu\STM32H523CETx.xml,3e2e70feee1f3cea6c1434dd19587229bfe6b2a539d409cb305d25498ada893c,1
C:\Users\confl\AppData\Local\Programs\STM32CubeMX\db\mcu\STM32H523CEUx.xml,ce1424434cf6a920401c4566cc70fd90256107103ae7e917cc7d9ddca854375c,1
C:\Users\confl\AppData\Local\Programs\STM32CubeMX\db\mcu\STM32H523HEYx.xml,854177449cc95efec3d0a4d8ede62ab9a7dee10932cb5c4adf16d7eb73289cb2,1
C:\Users\confl\AppData\Local\Programs\STM32CubeMX\db\mcu\STM32H523RCTx.xml,c031b192a93f50988d127bc1784d6f06f135160aa77bfc0b0f551f406ac78214,1
C:\Users\confl\AppData\Local\Programs\STM32CubeMX\db\mcu\STM32H523RETx.xml,e4903425b6c936a813a2e6f7a4421d8cf165c424dc654d35294175a4e5c073b9,1
C:\Users\confl\AppData\Local\Programs\STM32CubeMX\db\mcu\STM32H523VCIx.xml,bcf9c1cab9e78bfe6eaff160bc1bf053d32ce0e88311cdbd77ea6ca93ed521f6,1
C:\Users\confl\AppData\Local\Programs\STM32CubeMX\db\mcu\STM32H523VCTx.xml,6c526ab28494f38ce3931327068f3300f4046a336efd1af3bada9c1a3b7abc2f,1
C:\Users\confl\AppData\Local\Programs\STM32CubeMX\db\mcu\STM32H523VEIx.xml,7457ad6a41ba3037a3f23c225e3103b8f996fcc8253eb6eabbf6ae76c21812a8,1
C:\Users\confl\AppData\Local\Programs\STM32CubeMX\db\mcu\STM32H523VETx.xml,9394f199fb7ea3f415cbafcd1f76381d911b52bc188cd7afd766178d80480155,1
C:\Users\confl\AppData\Local\Programs\STM32CubeMX\db\mcu\STM32H523ZCJx.xml,4a7c0336d4308b1aabb1b198ddbf2cea7c3dc1e9d529fb4209198418cfde18f6,1
C:\Users\confl\AppData\Local\Programs\STM32CubeMX\db\mcu\STM32H523ZCTx.xml,8dc00432ed3fbd6ea25efaa71f0c871527c44a526bf7e4d53370bad423e618cc,1
C:\Users\confl\AppData\Local\Programs\STM32CubeMX\db\mcu\STM32H523ZEJx.xml,1534211cb91659043be60d4ca7c1fe8137ab34241c0eaa5447f943bd5a56abe4,1
C:\Users\confl\AppData\Local\Programs\STM32CubeMX\db\mcu\STM32H523ZETx.xml,f8c3bff551b60b1eddf92feef76d8f87f9c60869434c074df8520ff2e19d2231,1
C:\Users\confl\AppData\Local\Programs\STM32CubeMX\db\mcu\STM32H533CETx.xml,e6c801db2de54db3af188ba02b911390ffd490c27da67cb3f8cc43c2512d61be,1
C:\Users\confl\AppData\Local\Programs\STM32CubeMX\db\mcu\STM32H533CEUx.xml,7d684975e19e472d204ac40ea7e912853990c091cf7abc6aab24ae18cbe221bf,1
C:\Users\confl\AppData\Local\Programs\STM32CubeMX\db\mcu\STM32H533HEYx.xml,8eb4221bccf932e5a1deee7a45a40a981052906596d00b6dc268928795d5ac83,1
C:\Users\confl\AppData\Local\Programs\STM32CubeMX\db\mcu\STM32H533RETx.xml,e130637afa0011ab3dc3e9f87266ce56dd017721ae7679f17e7e3a85ca125041,1
C:\Users\confl\AppData\Local\Programs\STM32CubeMX\db\mcu\STM32H533VEIx.xml,90640f5e4d458eca444dabda9600597a631dc1baca048b80ce1bf119eb001c31,1
C:\Users\confl\AppData\Local\Programs\STM32CubeMX\db\mcu\STM32H533VETx.xml,b5256e479d34e07512b80a8156517a9adc1d2c496d4cecaecdbdf46eea95e2aa,1
C:\Users\confl\AppData\Local\Programs\STM32CubeMX\db\mcu\STM32H533ZEJx.xml,56d914089c1f40f50831224c24d099110721aee49303eedb328fa04153e28724,1
C:\Users\confl\AppData\Local\Programs\STM32CubeMX\db\mcu\STM32H533ZETx.xml,b2c4a2be50f85e101abe3ddbb544fc30650591a375a43ea8ed060275276938cd,1
C:\Users\confl\AppData\Local\Programs\STM32CubeMX\db\mcu\STM32H543CETx.xml,57cb3efcb4784f7d79cef0cb7e200718fa56c7cb30856083353bef8da19f4335,1
C:\Users\confl\AppData\Local\Programs\STM32CubeMX\db\mcu\STM32H543CEUx.xml,42a3374c5d271b6a6f4652e5b930aa5cb759b024100cd65e80d3b43166d7494a,1
C:\Users\confl\AppData\Local\Programs\STM32CubeMX\db\mcu\STM32H543CGTx.xml,fe5c658c149916041216dafb28489476fbd49e21740f5db54192d651d06b8fc6,1
C:\Users\confl\AppData\Local\Programs\STM32CubeMX\db\mcu\STM32H543CGUx.xml,dc11aec8f9abcf802f82b1a9ec999adb8c86ddf5ba052726d93b823e070e1c0f,1
C:\Users\confl\AppData\Local\Programs\STM32CubeMX\db\mcu\STM32H543RETx.xml,096e5fc14cc720a670d819e4d6c646a88ef70d42dd283d8308a0c7f28822a9c5,1
C:\Users\confl\AppData\Local\Programs\STM32CubeMX\db\mcu\STM32H543RGTx.xml,32f790424424f238f804d85c7a2de31776d96f39ced4924637b4f64adda139a1,1
C:\Users\confl\AppData\Local\Programs\STM32CubeMX\db\mcu\STM32H543UGYx.xml,a9d98d833307815370a28e2bf736b21283ab8cb9802d16d348372e960bb4e3c3,1
C:\Users\confl\AppData\Local\Programs\STM32CubeMX\db\mcu\STM32H543VEIx.xml,6b359b2b1be47bd01acf9c444585be23e1f130c904c86d6cb2f60cfd61347913,1
C:\Users\confl\AppData\Local\Programs\STM32CubeMX\db\mcu\STM32H543VETx.xml,844edbe3db391b544ed3904f6057c11c9f969955334551729669250ef19304bd,1
C:\Users\confl\AppData\Local\Programs\STM32CubeMX\db\mcu\STM32H543VEZx.xml,489be4b2d7dd20f6f98eae67222a7a90ffffc5d0d2bfee0336f7e4eac2cde610,1
C:\Users\confl\AppData\Local\Programs\STM32CubeMX\db\mcu\STM32H543VGIx.xml,e84bf169f541cda36651fe16fd8fc83228a518c588c700eabd5862019c24b9d1,1
C:\Users\confl\AppData\Local\Programs\STM32CubeMX\db\mcu\STM32H543VGTx.xml,fa71837d80c9df0c0c5ad2af28c50893ea153a2ef0b63618447f475e76895217,1
C:\Users\confl\AppData\Local\Programs\STM32CubeMX\db\mcu\STM32H543VGZx.xml,6c97210b25e88b697522758567af9dbe7a60eb5b7336279d6b6e3a0ce2f104dd,1
C:\Users\confl\AppData\Local\Programs\STM32CubeMX\db\mcu\STM32H543ZEJx.xml,f9f2bb2a3be494ee31f80d493cdf145c287989ae4eb7d628f0047abb5bbd41b4,1
C:\Users\confl\AppData\Local\Programs\STM32CubeMX\db\mcu\STM32H543ZETx.xml,5b5e68463e21e073638cbbbcd77a9d701e0566bfbf6240006fe2e34b78950752,1
C:\Users\confl\AppData\Local\Programs\STM32CubeMX\db\mcu\STM32H543ZEZx.xml,be64efc04acb1c0307d1bd836bf4e307e31c62100ee94b5fecb2c1d95ce3ceb0,1
C:\Users\confl\AppData\Local\Programs\STM32CubeMX\db\mcu\STM32H543ZGJx.xml,ba504d54d3bdb474a8b16e69d7914a839a9dfbcf6df74bf545290a12499d30ea,1
C:\Users\confl\AppData\Local\Programs\STM32CubeMX\db\mcu\STM32H543ZGTx.xml,e416c7801c768cb57d8edbca8d1a36a5325d04f134f2c9feaf9266baa300b297,1
C:\Users\confl\AppData\Local\Programs\STM32CubeMX\db\mcu\STM32H543ZGZx.xml,5963c096a457d49245f7ec969250e0a69ae9957b4cf613f66a0a0a32dd2987bd,1
C:\Users\confl\AppData\Local\Programs\STM32CubeMX\db\mcu\STM32H553CGTx.xml,f84671004415f0251b8da349ff59ab7e3af37045c1e7928bea5847d4a7e3123e,1
C:\Users\confl\AppData\Local\Programs\STM32CubeMX\db\mcu\STM32H553CGUx.xml,bd51dec826fdf6ec1f32475d89e8318866c164abfc77d288bfb4874215dc08e9,1
C:\Users\confl\AppData\Local\Programs\STM32CubeMX\db\mcu\STM32H553RGTx.xml,31d7bebf013955b1d12480e25c3fc0ffa509c16ba40d3dd4ab1f73887a3eee18,1
C:\Users\confl\AppData\Local\Programs\STM32CubeMX\db\mcu\STM32H553UGYx.xml,819167a1abfd48f2f0e654f791ca9523f654b2cf3380e76165ad4e3a50cc5b3f,1
C:\Users\confl\AppData\Local\Programs\STM32CubeMX\db\mcu\STM32H553VGIx.xml,d1200c7dde6e154b2ed2f939272db7a2922ecfc2d4ca59be702e0be257823716,1
C:\Users\confl\AppData\Local\Programs\STM32CubeMX\db\mcu\STM32H553VGTx.xml,7a1d0f474c5e0567a0498019dd9f8df8552a0ed8e8e1fb1c0a671b31130dce87,1
C:\Users\confl\AppData\Local\Programs\STM32CubeMX\db\mcu\STM32H553VGZx.xml,54cba01c73038d3e812ca8b58b92f1219706e9830dc8fc13086d488b23d229d5,1
C:\Users\confl\AppData\Local\Programs\STM32CubeMX\db\mcu\STM32H553ZGJx.xml,4499493d467be8268b73d74ec38aed654f4c36371ac7b87fe710531b65e7d0cc,1
C:\Users\confl\AppData\Local\Programs\STM32CubeMX\db\mcu\STM32H553ZGTx.xml,035f4e2f780dd58c28969a572640d571984f103dc1a72c14b39c8732735d2366,1
C:\Users\confl\AppData\Local\Programs\STM32CubeMX\db\mcu\STM32H553ZGZx.xml,8b58810df858796d65e5ebc2c142e0b5b28d2004681809b05a3b54f4adf1239c,1
C:\Users\confl\AppData\Local\Programs\STM32CubeMX\db\mcu\STM32H562AGIx.xml,2d35e56859d2fe786d38a980fc01b913e207ac261366fad73e2772f8c445c2f4,1
C:\Users\confl\AppData\Local\Programs\STM32CubeMX\db\mcu\STM32H562AIIx.xml,6626c110594a5320a3e0efcd0fa1b6e54a45bec43ef77e32739a9cde2e09eff4,1
C:\Users\confl\AppData\Local\Programs\STM32CubeMX\db\mcu\STM32H562IGKx.xml,ed12f6c4b852744194499babbf9ab3b059bee1f3c85212c603de35341f51ccd2,1
C:\Users\confl\AppData\Local\Programs\STM32CubeMX\db\mcu\STM32H562IGTx.xml,72ee103af91f63eaa44bce785ae7d43a971bf705a06927c526478618eac673d4,1
C:\Users\confl\AppData\Local\Programs\STM32CubeMX\db\mcu\STM32H562IIKx.xml,328af325d46f7122962b89a1546416232cdfb9ea8f9787dd84426a493c80f8ea,1
C:\Users\confl\AppData\Local\Programs\STM32CubeMX\db\mcu\STM32H562IITx.xml,7a2dcb304e1e96dfe91a7af20ee7503dcbc41724d8675b2017b459d7dc244f14,1
C:\Users\confl\AppData\Local\Programs\STM32CubeMX\db\mcu\STM32H562RGTx.xml,1bf63dad7f5ac37cfe27233a7c47e2fcef7f8d085bc56dd770d3f559837d7f55,1
C:\Users\confl\AppData\Local\Programs\STM32CubeMX\db\mcu\STM32H562RGVx.xml,e41e2a8709d28d4ef691799ee076b9a5cf148c0f1a9bd9cd0df5f2960ea2dfb1,1
C:\Users\confl\AppData\Local\Programs\STM32CubeMX\db\mcu\STM32H562RITx.xml,30c94d04506c655a6d51e2d6ef6b4aff0b01a880296305c569ff50743a8ae1ef,1
C:\Users\confl\AppData\Local\Programs\STM32CubeMX\db\mcu\STM32H562RIVx.xml,76f1e638e02c60cf505c1c0dcf10a1cf0e855efd2e77b905f8bc5f23a5d78884,1
C:\Users\confl\AppData\Local\Programs\STM32CubeMX\db\mcu\STM32H562VGTx.xml,5da49343c35dc4854feefeb4d7e4b339c79e6de0a893339f8bc028e04ef17d52,1
C:\Users\confl\AppData\Local\Programs\STM32CubeMX\db\mcu\STM32H562VITx.xml,0c118b49f8fd8ead684b59f5bc81282fd5fd309cefa4ec14f1ee8bb0ffe6fe57,1
C:\Users\confl\AppData\Local\Programs\STM32CubeMX\db\mcu\STM32H562ZGTx.xml,cce3f6a6939eb704bc5fa93ef2a3dd434734bf0f72e3db3f7e0cf271df3a9ab0,1
C:\Users\confl\AppData\Local\Programs\STM32CubeMX\db\mcu\STM32H562ZITx.xml,5e4d710b211b4cb259d273b733ee8e6b5fe93e4a3d1b4dd6f6f141486d38c9e0,1
C:\Users\confl\AppData\Local\Programs\STM32CubeMX\db\mcu\STM32H563AGIx.xml,e345a71aea82af8f2de03b4b7a9b138cf98b7a0c525c63217ebdddca23a8fc90,1
C:\Users\confl\AppData\Local\Programs\STM32CubeMX\db\mcu\STM32H563AIIx.xml,77606671ef66f8582a5bd1fcbdfd2248f6dc0fca01377a5b0cc161c1b87c7977,1
C:\Users\confl\AppData\Local\Programs\STM32CubeMX\db\mcu\STM32H563AIIxQ.xml,e3b5570c6f271f2a5217743347abb65d8d5350175b84cf92963d5fdca847f831,1
C:\Users\confl\AppData\Local\Programs\STM32CubeMX\db\mcu\STM32H563IGKx.xml,6de6bfc37b2c5a168c346b3cf620c479d3b3b13a2fffa1998947b9fb52c98fee,1
C:\Users\confl\AppData\Local\Programs\STM32CubeMX\db\mcu\STM32H563IGTx.xml,7511553d33ea7b60b3aa28d2b30b593d167352dfff79c9be5c3c28965f5fe053,1
C:\Users\confl\AppData\Local\Programs\STM32CubeMX\db\mcu\STM32H563IIKx.xml,d3fd5bcb3f86d9d57d631d9fd59b4bc0741f88e2de2b0d05a627a15805044888,1
C:\Users\confl\AppData\Local\Programs\STM32CubeMX\db\mcu\STM32H563IIKxQ.xml,019baec7f2557f2ec677dc47c9d4ca31e5f052c4b314b6525d6fd83346062d1f,1
C:\Users\confl\AppData\Local\Programs\STM32CubeMX\db\mcu\STM32H563IITx.xml,202f911fb8a4100e27a6facc4bcc5567b4a00e8345363e960034eab189caf0d5,1
C:\Users\confl\AppData\Local\Programs\STM32CubeMX\db\mcu\STM32H563IITxQ.xml,246b1dbaddec2d2cd5ba44e6878aee10df13b9961ad64ebd5205687db32b4057,1
C:\Users\confl\AppData\Local\Programs\STM32CubeMX\db\mcu\STM32H563LIHxQ.xml,d82c1576ff469a05b8a68778afdee82615e4320723245ff4433258c77b63aa9f,1
C:\Users\confl\AppData\Local\Programs\STM32CubeMX\db\mcu\STM32H563MIYxQ.xml,9a802db49e5e16dd0a382b03f4e883b9a31a4829986c2c4cf98851f0f08c19e9,1
C:\Users\confl\AppData\Local\Programs\STM32CubeMX\db\mcu\STM32H563RGTx.xml,da2a29435ddbfea5d77d7e0c5e1b1a9224a495065e2235879cc58bd2f43633b3,1
C:\Users\confl\AppData\Local\Programs\STM32CubeMX\db\mcu\STM32H563RGVx.xml,614442f1077798d73ff7468177720410ef367714fb2304dcb849dbbadec2dbc3,1
C:\Users\confl\AppData\Local\Programs\STM32CubeMX\db\mcu\STM32H563RITx.xml,fc14d76f4c30d215239a4e5c864bf7b346b65a658716da96974f479634af465c,1
C:\Users\confl\AppData\Local\Programs\STM32CubeMX\db\mcu\STM32H563RIVx.xml,a1cdd4e26412eef9d6871e990aead30b57761f19b1bb616b1e7923493211b443,1
C:\Users\confl\AppData\Local\Programs\STM32CubeMX\db\mcu\STM32H563VGTx.xml,8d199514c8572b79523c0d4e0b789e8ff5bfd42164c555843fb761685a94d715,1
C:\Users\confl\AppData\Local\Programs\STM32CubeMX\db\mcu\STM32H563VITx.xml,447fc1ac5cf43449b00ed46bcbc359e85030c1bcbcfd1757ff784122f444ca53,1
C:\Users\confl\AppData\Local\Programs\STM32CubeMX\db\mcu\STM32H563VITxQ.xml,36d7775b319fbd46c117681d70690369bbf230514e5a71194af328ebe86bbcd8,1
C:\Users\confl\AppData\Local\Programs\STM32CubeMX\db\mcu\STM32H563ZGTx.xml,b872af2ce8b2285fa9bd9730a97aa6d2eeb06ef319f809d92c742f995d46c7c7,1
C:\Users\confl\AppData\Local\Programs\STM32CubeMX\db\mcu\STM32H563ZITx.xml,b098bee5c9a47488ea308e6aff56d6c909515f4ccc47fb949431f28b9a0d59ed,1
C:\Users\confl\AppData\Local\Programs\STM32CubeMX\db\mcu\STM32H563ZITxQ.xml,1f2003892de58bd61ed937f5587989e3ab23dc67ab45030ac1765cafa71b5870,1
C:\Users\confl\AppData\Local\Programs\STM32CubeMX\db\mcu\STM32H573AIIx.xml,bab68805f7caf6dfc22b515f2d954f496be15bd226cb32f508b7b1e77400b47b,1
C:\Users\confl\AppData\Local\Programs\STM32CubeMX\db\mcu\STM32H573AIIxQ.xml,07fdf58cd841d1acdaeab562e2e359bd8313c94f8589087991b4d501669d8941,1
C:\Users\confl\AppData\Local\Programs\STM32CubeMX\db\mcu\STM32H573IIKx.xml,ab909d819faa5e6bd499c40871a31505f9d76ce73bcefe72877f416d925b5309,1
C:\Users\confl\AppData\Local\Programs\STM32CubeMX\db\mcu\STM32H573IIKxQ.xml,c8986f3635f49b6814b5a57c094c063013275924fc498c61e2ba556339a6f00b,1
C:\Users\confl\AppData\Local\Programs\STM32CubeMX\db\mcu\STM32H573IITx.xml,9fd4b016b9f741a7648558aca750855673969469f044afcb00e3611454e65035,1
C:\Users\confl\AppData\Local\Programs\STM32CubeMX\db\mcu\STM32H573IITxQ.xml,d4712c34896ac850e34c63298b258739c7f7c855f1030c3a845696cb08da0203,1
C:\Users\confl\AppData\Local\Programs\STM32CubeMX\db\mcu\STM32H573LIHxQ.xml,ed1c7e8bab771428581d42e9f4704af1a7065afb5cd4dc7a392056218e835a13,1
C:\Users\confl\AppData\Local\Programs\STM32CubeMX\db\mcu\STM32H573MIYxQ.xml,0c9bafccfc258e5db5d4a17950d34e1905dbe309634697a099c4e4d927d2f225,1
C:\Users\confl\AppData\Local\Programs\STM32CubeMX\db\mcu\STM32H573RITx.xml,b412b1aabd01388e55c1d7e51b6c32e6520adec69c02220cf0088c524fdb496f,1
C:\Users\confl\AppData\Local\Programs\STM32CubeMX\db\mcu\STM32H573RIVx.xml,6252cd2203346c8f8dffa3963f3f1566fb7c832a01ff957629e902350ce4a4c2,1
C:\Users\confl\AppData\Local\Programs\STM32CubeMX\db\mcu\STM32H573VITx.xml,640b5b0b1b7ec75bdee4890783bd4998552a9aee22edcec1cb64e6cf36ce2f88,1
C:\Users\confl\AppData\Local\Programs\STM32CubeMX\db\mcu\STM32H573VITxQ.xml,aca29a61cd38a189c9d0b0de908eaf82de883163f6e7f12a7c4d41659ad75783,1
C:\Users\confl\AppData\Local\Programs\STM32CubeMX\db\mcu\STM32H573ZITx.xml,0d60b62a5d61d8cf2e788d19eb57792b2f62faf34046ec38fc127018b6115823,1
C:\Users\confl\AppData\Local\Programs\STM32CubeMX\db\mcu\STM32H573ZITxQ.xml,e178bf709baea02e929a0245b0194b444bb4fd7d3a0823c36b835d6cd5cb3a50,1
C:\Users\confl\AppData\Local\Programs\STM32CubeMX\db\mcu\STM32H5E4AJIx.xml,dd48ef8a0281a0a2b6cc619ee37fa60807e13e2d5b505681111330d903a0b783,1
C:\Users\confl\AppData\Local\Programs\STM32CubeMX\db\mcu\STM32H5E4AJIxQ.xml,818e786f76822f98c9a890e9ceef563887e4aa7b50b2cfd940794706ef9b8561,1
C:\Users\confl\AppData\Local\Programs\STM32CubeMX\db\mcu\STM32H5E4AKIx.xml,34dc5b1faf2b814cb3b5516dfc53232f19dbca5e90ae4cf02ceaf12c502c3eb6,1
C:\Users\confl\AppData\Local\Programs\STM32CubeMX\db\mcu\STM32H5E4IJKx.xml,893cfd0dfdaded45f3a850bfc68918af4f49c592505cb6377ed268722891df7f,1
C:\Users\confl\AppData\Local\Programs\STM32CubeMX\db\mcu\STM32H5E4IJKxQ.xml,d3d42f49a1f936e9c88e0fd453bcdeb54105b8fa6e51d702caa6802f0f8b9cee,1
C:\Users\confl\AppData\Local\Programs\STM32CubeMX\db\mcu\STM32H5E4IJTx.xml,084f9b3a25afcf87e500457f9748723e2b773f5ed46a62ca3ffe22df4b372ab0,1
C:\Users\confl\AppData\Local\Programs\STM32CubeMX\db\mcu\STM32H5E4IJTxQ.xml,bbdf39f91ef99d0963a21b2f07d1427b9fd7ed8a7a1779414b035a1097aa5002,1
C:\Users\confl\AppData\Local\Programs\STM32CubeMX\db\mcu\STM32H5E4IKKx.xml,fc86cb4a231fc66df3348b4681913f6f662722b454695f97c446e2887d762b8f,1
C:\Users\confl\AppData\Local\Programs\STM32CubeMX\db\mcu\STM32H5E4IKTx.xml,b0a246fbff8dcb92596edede6867f0740256db8228b4af37d96db889365a0373,1
C:\Users\confl\AppData\Local\Programs\STM32CubeMX\db\mcu\STM32H5E4VJTx.xml,ab6815dfa5c2762f01fdd8aeba3a09dc79901a1776a695d4873448746ee633aa,1
C:\Users\confl\AppData\Local\Programs\STM32CubeMX\db\mcu\STM32H5E4VJTxQ.xml,0accd70972022186a7010e3f6eba5f798a8bb52fa47f29b857042bd41df7e2f4,1
C:\Users\confl\AppData\Local\Programs\STM32CubeMX\db\mcu\STM32H5E4VKTx.xml,4ca4efa5508a2cd4dcff6d06c59ccde9130ce79d7837d17cbf46f6ced59b1c1c,1
C:\Users\confl\AppData\Local\Programs\STM32CubeMX\db\mcu\STM32H5E4ZJJx.xml,9f47db575b0f745cefda8788a2731db353f79445ae008ef5c14f6151398c91d9,1
C:\Users\confl\AppData\Local\Programs\STM32CubeMX\db\mcu\STM32H5E4ZJJxQ.xml,d87530db9f076d52b3d5d429b3d4c2f81af9ab7bff78aa33f958f1473dd52364,1
C:\Users\confl\AppData\Local\Programs\STM32CubeMX\db\mcu\STM32H5E4ZJTx.xml,2ed2e825d4aba4eaf8cfc779a003b6679c31ecf5f5ce2f085e2526df49a8f644,1
C:\Users\confl\AppData\Local\Programs\STM32CubeMX\db\mcu\STM32H5E4ZJTxQ.xml,94dccbab9e3b12be5f70501bfa2c9285e9f0101d86b39e26e499111754dffdec,1
C:\Users\confl\AppData\Local\Programs\STM32CubeMX\db\mcu\STM32H5E4ZKJx.xml,ad1bb56a272358761cfa1a7667b04008f70098f2927fc3298b0fcd1034dd382b,1
C:\Users\confl\AppData\Local\Programs\STM32CubeMX\db\mcu\STM32H5E4ZKTx.xml,f0751552a099c8b13860dccf8b6b90cd8c6f9c20af42b300e9e0ef27206a7cc6,1
C:\Users\confl\AppData\Local\Programs\STM32CubeMX\db\mcu\STM32H5E5IJKxQ.xml,fb206a8f8b1d3d8288250e79ecc3d2eb59b8f7c58a5dd3136c92408afb6e1a9e,1
C:\Users\confl\AppData\Local\Programs\STM32CubeMX\db\mcu\STM32H5E5IJTxQ.xml,8ebfe7e0ff5545ee14cab888fbef9dace55c2dfcb6070f00c4729a1359b1cf3f,1
C:\Users\confl\AppData\Local\Programs\STM32CubeMX\db\mcu\STM32H5E5IKKxQ.xml,eef5e8ad4494d3b58ca61445e69bc6cc9550251982a2ea341462f6ea24784098,1
C:\Users\confl\AppData\Local\Programs\STM32CubeMX\db\mcu\STM32H5E5IKTxQ.xml,1e4ea868833583c7ae6dc83905a15b8b40f83c2487a6275df212279a34674e24,1
C:\Users\confl\AppData\Local\Programs\STM32CubeMX\db\mcu\STM32H5E5LJHxQ.xml,91338bb2cba62fe32b711244f6d0822a6ca18dcc58d664f03090d6a00b10f63a,1
C:\Users\confl\AppData\Local\Programs\STM32CubeMX\db\mcu\STM32H5E5LKHxQ.xml,c853e7bb60120f38fce36a0a5055db4c93d83eba0a051eb328d9025f7e2919e3,1
C:\Users\confl\AppData\Local\Programs\STM32CubeMX\db\mcu\STM32H5E5VJYxQ.xml,c31a9621c2f6cfcc80dd1ebdce2a6619b4fd27824d3353ded7dad45f67aa37ce,1
C:\Users\confl\AppData\Local\Programs\STM32CubeMX\db\mcu\STM32H5E5VKYxQ.xml,256363461d8808e4570cd843dddf03157362e21e9fcffa9dac639fc0ad90da7b,1
C:\Users\confl\AppData\Local\Programs\STM32CubeMX\db\mcu\STM32H5E5ZJTx.xml,31271475764ed35cd95157fbc2e474fce5fb2f9b36e5c259092f2ee8a7a7b087,1
C:\Users\confl\AppData\Local\Programs\STM32CubeMX\db\mcu\STM32H5E5ZKTx.xml,a36612343a43f39debbbcf8254534b2617ff7f779aa5b84bbe3de9da490fd586,1
C:\Users\confl\AppData\Local\Programs\STM32CubeMX\db\mcu\STM32H5F4AJIx.xml,56a16090855f000f885836a21a6d4c996912676e2c965b58d0d7d5a9b20707fe,1
C:\Users\confl\AppData\Local\Programs\STM32CubeMX\db\mcu\STM32H5F4AJIxQ.xml,ea0164868d8ec225a38e2ef1fb5d2d5013e3da1b6b88b481063289fef20bafd0,1
C:\Users\confl\AppData\Local\Programs\STM32CubeMX\db\mcu\STM32H5F4IJKx.xml,ad20a2cdba0de96404fd87d7e8fe2b4e93167c95a170e3548b7a285f7d88467c,1
C:\Users\confl\AppData\Local\Programs\STM32CubeMX\db\mcu\STM32H5F4IJKxQ.xml,f85b123876196cac1258dbd58ba969546011c45a0e3604f513ec86f0b65fee25,1
C:\Users\confl\AppData\Local\Programs\STM32CubeMX\db\mcu\STM32H5F4IJTx.xml,ba03af1940f6a239d9bdb4acfa13aa0f59288c3d97aca270865f8bdb83e53baa,1
C:\Users\confl\AppData\Local\Programs\STM32CubeMX\db\mcu\STM32H5F4IJTxQ.xml,3e412b7a4f9a56205b17d1dc688fbd13d4d48fb8a06eb6cbc867762a876b3c61,1
C:\Users\confl\AppData\Local\Programs\STM32CubeMX\db\mcu\STM32H5F4VJTx.xml,19e12b793a8eff4f7b2fcffb358f5fb772da5ff167631653b65aacfd30d8ded2,1
C:\Users\confl\AppData\Local\Programs\STM32CubeMX\db\mcu\STM32H5F4VJTxQ.xml,79ad5e9723ed9900cb95d84ca564e824e8e19147200eab53ba02cf885b0b9327,1
C:\Users\confl\AppData\Local\Programs\STM32CubeMX\db\mcu\STM32H5F4ZJJx.xml,dfcc60af9ef8fa78632ec26b89ca16a4a644101a732fe73fbf7d0412b43b1b79,1
C:\Users\confl\AppData\Local\Programs\STM32CubeMX\db\mcu\STM32H5F4ZJJxQ.xml,73813a832651998ed10f81bab6943dddda73d0fc88b275da6a64a3859e1b890c,1
C:\Users\confl\AppData\Local\Programs\STM32CubeMX\db\mcu\STM32H5F4ZJTx.xml,055e7437c8e07e98c809b21d93de77675f1fd11bf7dcc36babd0a192852a3aeb,1
C:\Users\confl\AppData\Local\Programs\STM32CubeMX\db\mcu\STM32H5F4ZJTxQ.xml,560f8916690fbc035dec8d1214f98ae769cb9cdf07ee13a7cff557b6e560d119,1
C:\Users\confl\AppData\Local\Programs\STM32CubeMX\db\mcu\STM32H5F5IJKxQ.xml,fdd19a2604b5f2eae6b2ddc76005a8c07d8ea052d8c100b13a8bf36363816302,1
C:\Users\confl\AppData\Local\Programs\STM32CubeMX\db\mcu\STM32H5F5IJTxQ.xml,1e6d31fa189b52e7bf24c7ec84f9242f234ff87a6dc1168ea30e6ebe5910338c,1
C:\Users\confl\AppData\Local\Programs\STM32CubeMX\db\mcu\STM32H5F5LJHxQ.xml,2c4b62051e2357ac2e38f880eff0ed820d85ba1e54f31552a14ea16d2f534457,1
C:\Users\confl\AppData\Local\Programs\STM32CubeMX\db\mcu\STM32H5F5VJYxQ.xml,1c2464618ec2f349f61e3bd72845a3736e48f3813f018cb388e8698c2b416607,1
C:\Users\confl\AppData\Local\Programs\STM32CubeMX\db\mcu\STM32H5F5ZJTx.xml,10dc6d3c824a763d33931287b60829497b0c4dd3c1103227e7ee1a97e4d419f7,1
C:\Users\confl\AppData\Local\Programs\STM32CubeMX\db\mcu\STM32H723VEHx.xml,708c6cf2c723b4a865e173dc6e243c5fd48703bf0d6e6e127737cd1903de4c4c,1
C:\Users\confl\AppData\Local\Programs\STM32CubeMX\db\mcu\STM32H723VETx.xml,fec0c9b1dae9a9039e41e644f55d9b935677df86ed497d73cdc5a7a0efd1e2b0,1
C:\Users\confl\AppData\Local\Programs\STM32CubeMX\db\mcu\STM32H723VGHx.xml,0c7f53baecc4133ebc6458135d1e5d31e360f016bbcdfa1894f73dbdf4f9a058,1
C:\Users\confl\AppData\Local\Programs\STM32CubeMX\db\mcu\STM32H723VGTx.xml,cb1549cbfa8008a2202bf97b0da989f1e5522e7913575619a6605e1e91e51f99,1
C:\Users\confl\AppData\Local\Programs\STM32CubeMX\db\mcu\STM32H723ZEIx.xml,33cb32a44f2f0da1e9e531b4112927899af6243706d9384e3ec727387921da2e,1
C:\Users\confl\AppData\Local\Programs\STM32CubeMX\db\mcu\STM32H723ZETx.xml,56aad3ed203060155a2e691467a681a9a7289f4f038a5230de0a4777d05dd182,1
C:\Users\confl\AppData\Local\Programs\STM32CubeMX\db\mcu\STM32H723ZGIx.xml,01019a1bc06ca636619cbf073f7668cb75b5acf0d3b7d694a633356b57de433d,1
C:\Users\confl\AppData\Local\Programs\STM32CubeMX\db\mcu\STM32H723ZGTx.xml,2e5c0b31c971147efeca7fddacf2a4dcfb2b2071f45a3ca2e519f5b53c5e6949,1
C:\Users\confl\AppData\Local\Programs\STM32CubeMX\db\mcu\STM32H725AEIx.xml,23510577850ea15da2fc0e2585b4fd275cca822b6d0550c9393cc04ebb9f60d5,1
C:\Users\confl\AppData\Local\Programs\STM32CubeMX\db\mcu\STM32H725AGIx.xml,8fa79abcf02467960d795db6f6507713902d6d0e36ee4f076811cf7fc667996c,1
C:\Users\confl\AppData\Local\Programs\STM32CubeMX\db\mcu\STM32H725IEKx.xml,36c222ee2a15c14e9b2249e52ffb8b389e74a2721a1c8f86fec51be0f3ffa119,1
C:\Users\confl\AppData\Local\Programs\STM32CubeMX\db\mcu\STM32H725IETx.xml,b30350113d2ae6dfb90383edd2d56d27f9222df8b2084e1ef0cdc610d33a6adf,1
C:\Users\confl\AppData\Local\Programs\STM32CubeMX\db\mcu\STM32H725IGKx.xml,01d8820a2251f8cb893268f88229b3b4df581565746f0cab058c6aca24ec122d,1
C:\Users\confl\AppData\Local\Programs\STM32CubeMX\db\mcu\STM32H725IGTx.xml,760a831a00887a6d90ea51b387e672ef58eba871399da2273d8a70f4668cad2b,1
C:\Users\confl\AppData\Local\Programs\STM32CubeMX\db\mcu\STM32H725REVx.xml,2531cbf65e72e49010cb55f0e95737ebe924904e29d9311e655bc1f55b2d7ba1,1
C:\Users\confl\AppData\Local\Programs\STM32CubeMX\db\mcu\STM32H725RGVx.xml,38ee8c0a0758d4ba649009a3c9b4e9181d1f6da0519906f9e71318b415ccd5a8,1
C:\Users\confl\AppData\Local\Programs\STM32CubeMX\db\mcu\STM32H725VEHx.xml,f619993699fffaf72fe22fcefddc98ace07c974fedf4f2214347cd32aaab8a8d,1
C:\Users\confl\AppData\Local\Programs\STM32CubeMX\db\mcu\STM32H725VETx.xml,62642ebffef9e2ca5404363bf4f95ddaa24e3eda65668b090d4b1a56da22a0d7,1
C:\Users\confl\AppData\Local\Programs\STM32CubeMX\db\mcu\STM32H725VGHx.xml,2c09a90d08f6e0cc10fbfc453e56f9366bbf0b540e384fb27330102a8fc53dac,1
C:\Users\confl\AppData\Local\Programs\STM32CubeMX\db\mcu\STM32H725VGTx.xml,4396b4c90cd385947ead706aa0051823f73d882ef33c2aa5c6d8690f7e610508,1
C:\Users\confl\AppData\Local\Programs\STM32CubeMX\db\mcu\STM32H725VGYx.xml,c528fc4239ee3a1148919a78e248e01b1eb8a8834cec25733c77ac602d44efbd,1
C:\Users\confl\AppData\Local\Programs\STM32CubeMX\db\mcu\STM32H725ZETx.xml,72c2f7bd94a2691b78ba28391d065f51ad54cb2df4a8a5bf96889ad0622d90b4,1
C:\Users\confl\AppData\Local\Programs\STM32CubeMX\db\mcu\STM32H725ZGTx.xml,19fd98a13b82fef55c69f012210003ba75027384a98c7712e1a4142f8e9c3d45,1
C:\Users\confl\AppData\Local\Programs\STM32CubeMX\db\mcu\STM32H730ABIxQ.xml,8b9f5f9bc06dd4f33b49d6ce9229321fc4d402706092499f8e1b840fcb3a34a7,1
C:\Users\confl\AppData\Local\Programs\STM32CubeMX\db\mcu\STM32H730IBKxQ.xml,10855b16200f4764b83380044407f2849a990a85d748d5805b0ef9714854e3bd,1
C:\Users\confl\AppData\Local\Programs\STM32CubeMX\db\mcu\STM32H730IBTxQ.xml,396c7c527017d388912be78cf8f8e846f92ac07f2950b1b12c80b06dfa3b55ed,1
C:\Users\confl\AppData\Local\Programs\STM32CubeMX\db\mcu\STM32H730VBHx.xml,63d24f1e54e81cfe47be8b9ba1d8454983b915e51b7698eef398b78f1f1ddbfa,1
C:\Users\confl\AppData\Local\Programs\STM32CubeMX\db\mcu\STM32H730VBTx.xml,1f7b2e684ae22e32780c6f91b5642131de07a2ce68a14afd4d363cf2a6dcb317,1
C:\Users\confl\AppData\Local\Programs\STM32CubeMX\db\mcu\STM32H730ZBIx.xml,af38c427ec55887cb10f7959a65abce861f303df62ca7440d4cc26016dc5a558,1
C:\Users\confl\AppData\Local\Programs\STM32CubeMX\db\mcu\STM32H730ZBTx.xml,ff477a0d66ac4e1eaa6583e34445148690757245b4fe320a5535437ebe2dd97a,1
C:\Users\confl\AppData\Local\Programs\STM32CubeMX\db\mcu\STM32H733VGHx.xml,605ccff854c46ef6191abf18b1c89ced1bb629e6d0fc187848169df6d3c29a7f,1
C:\Users\confl\AppData\Local\Programs\STM32CubeMX\db\mcu\STM32H733VGTx.xml,b3ecc7322270766eaf7abe967a559880ca9da477ffb54ea956534bda2adc502c,1
C:\Users\confl\AppData\Local\Programs\STM32CubeMX\db\mcu\STM32H733ZGIx.xml,bc1b20884c45d09ebfd9ea08502f80665dfd1a496a97324543aa59b8ada465a5,1
C:\Users\confl\AppData\Local\Programs\STM32CubeMX\db\mcu\STM32H733ZGTx.xml,451d72eba50808767c5e048df340285ab4e3b2404a0972b3acd4a8af696ce447,1
C:\Users\confl\AppData\Local\Programs\STM32CubeMX\db\mcu\STM32H735AGIx.xml,4271ee897ae4ffd8810d269d7645a3bc2efd928f50a75a1a41cc926d4cab0cec,1
C:\Users\confl\AppData\Local\Programs\STM32CubeMX\db\mcu\STM32H735IGKx.xml,0cd2217c3ba7b86253fc5f1a5f16ca8a2eb22242df48d4a6ae91a0ff4f1bb3c3,1
C:\Users\confl\AppData\Local\Programs\STM32CubeMX\db\mcu\STM32H735IGTx.xml,4668317d27e1274dc45fb072e6e2671a0fb03dd5a1f00880a27bee5038892210,1
C:\Users\confl\AppData\Local\Programs\STM32CubeMX\db\mcu\STM32H735RGVx.xml,b8904e3ff4e34327a3f50cc0b5d2b4853a34223c355c967a32ece66f0c65b287,1
C:\Users\confl\AppData\Local\Programs\STM32CubeMX\db\mcu\STM32H735VGHx.xml,147b22aa74d5db0e727b2e78d0c29b16241418e34c5ba39ff5ece093cee3c235,1
C:\Users\confl\AppData\Local\Programs\STM32CubeMX\db\mcu\STM32H735VGTx.xml,90e7e436b75afb787abbafa75fe2a8f0f1bf1e9db23da393ba9bd2522cfbcee3,1
C:\Users\confl\AppData\Local\Programs\STM32CubeMX\db\mcu\STM32H735VGYx.xml,1125d5370113bc2a92b6c19c49c76bbeb44be5cc8a769dbeeb1014fe320c1c3f,1
C:\Users\confl\AppData\Local\Programs\STM32CubeMX\db\mcu\STM32H735ZGTx.xml,7b141f35a832af521d2d6c19d4b9a501a15871a143cb3c3365d2e17710879400,1
C:\Users\confl\AppData\Local\Programs\STM32CubeMX\db\mcu\STM32H742A(G-I)Ix.xml,e93519816cf652717a82a6268647cab9fa5aee08af75fcd0cd186e1f375e3cc0,2
C:\Users\confl\AppData\Local\Programs\STM32CubeMX\db\mcu\STM32H742B(G-I)Tx.xml,77b3bcaac15b64ee4b4873946d3b6dd699cbf6f216114020a9c9b9c981a4c158,2
C:\Users\confl\AppData\Local\Programs\STM32CubeMX\db\mcu\STM32H742I(G-I)Kx.xml,6d3bfc663ef8684ef0c5c05f39215c928fbb05be3fca0a4b8a651daca79e1674,2
C:\Users\confl\AppData\Local\Programs\STM32CubeMX\db\mcu\STM32H742I(G-I)Tx.xml,e7f34c129bc9c5af7d01cc88d27eafc6b6ac86fcbd630af5ed6ba69dae35e7bc,2
C:\Users\confl\AppData\Local\Programs\STM32CubeMX\db\mcu\STM32H742V(G-I)Hx.xml,292c236bce4813585f8d9dd756e9569e5f69ab4adc394c98897a0d97d871aa6b,2
C:\Users\confl\AppData\Local\Programs\STM32CubeMX\db\mcu\STM32H742V(G-I)Tx.xml,fabe21e67923cf3961a2edca9863265af7b957ab26e42f74e5ccfc807232b3f8,2
C:\Users\confl\AppData\Local\Programs\STM32CubeMX\db\mcu\STM32H742X(G-I)Hx.xml,8c77f7c8c403357bb2bb33fcf53538a56f860e901e045fc44292ae1eee38843e,2
C:\Users\confl\AppData\Local\Programs\STM32CubeMX\db\mcu\STM32H742Z(G-I)Tx.xml,bb1d82051c98ab9b891f42403a865125c8c4cba6250a4f1813e808a6e3cfcd39,2
C:\Users\confl\AppData\Local\Programs\STM32CubeMX\db\mcu\STM32H743A(G-I)Ix.xml,d9dd50bb593a1d6d7db53fc5617ff1f99a140f0a94f9e74aedfe0cb7dd74d474,2
C:\Users\confl\AppData\Local\Programs\STM32CubeMX\db\mcu\STM32H743BGTx.xml,ec04190d232806c34422852478be90688cf2de5e1198ed838959f3377096e311,1
C:\Users\confl\AppData\Local\Programs\STM32CubeMX\db\mcu\STM32H743BITx.xml,c894bdbabf5a7253aee3d002cb8d1f5ac0fdbfcaf650a5119410f0042d8e05f2,1
C:\Users\confl\AppData\Local\Programs\STM32CubeMX\db\mcu\STM32H743IGKx.xml,65ace6ad39a8c715a530d6a175e7234bafb1b14558189ddd4ecbb1f53818448a,1
C:\Users\confl\AppData\Local\Programs\STM32CubeMX\db\mcu\STM32H743IGTx.xml,c3c6b373104e7153cfa8fe7055b2ce658dcf8653df13095269b1226c7d723097,1
C:\Users\confl\AppData\Local\Programs\STM32CubeMX\db\mcu\STM32H743IIKx.xml,8fb15613e0b6d7387baf316d3fc4b26bb43af8d8371852878a5e888aec733330,1
C:\Users\confl\AppData\Local\Programs\STM32CubeMX\db\mcu\STM32H743IITx.xml,f6e88817480a236107c6d670f34bbc0c00f08b3edf29ef3145973423f3c7c372,1
C:\Users\confl\AppData\Local\Programs\STM32CubeMX\db\mcu\STM32H743V(G-I)Hx.xml,e002eb32425aafc60e47a47ab55124374c10a97afe87a06d3ff1a0d3ed2b0194,2
C:\Users\confl\AppData\Local\Programs\STM32CubeMX\db\mcu\STM32H743VGTx.xml,2d9e910d99c26643382598a93aeaf12174c5adc1714037fb028860b0f0a97062,1
C:\Users\confl\AppData\Local\Programs\STM32CubeMX\db\mcu\STM32H743VITx.xml,a88766a0a7719af36489d3706c9a4c23929ea054ff10a039ab5a7b349bf8f495,1
C:\Users\confl\AppData\Local\Programs\STM32CubeMX\db\mcu\STM32H743XGHx.xml,2cfe7ba25fd6fb328c1fea86b0f4d163c4122894da01e1aac3b3cc147951364e,1
C:\Users\confl\AppData\Local\Programs\STM32CubeMX\db\mcu\STM32H743XIHx.xml,0e5139b326ac2e53bdea363484d00effbce16e915faf9d7700c04310f3145a1e,1
C:\Users\confl\AppData\Local\Programs\STM32CubeMX\db\mcu\STM32H743ZGTx.xml,f932d834da2f1a913e3f09e1918668644be94d9819a7c042718d762ce8050ee2,1
C:\Users\confl\AppData\Local\Programs\STM32CubeMX\db\mcu\STM32H743ZITx.xml,d16dbb8be2908aba6a7e87671fef17a7912436c676f4f4ab68ada618066a63a8,1
C:\Users\confl\AppData\Local\Programs\STM32CubeMX\db\mcu\STM32H745BGTx.xml,b9887a9f6362cb4380cb2d1d4a921b896d0e886581733fc37730f3da91cfea7d,1
C:\Users\confl\AppData\Local\Programs\STM32CubeMX\db\mcu\STM32H745BITx.xml,320fdef0da08da8414f2057fc43dbf16d66720a084b3fd424ae65a54f52a5243,1
C:\Users\confl\AppData\Local\Programs\STM32CubeMX\db\mcu\STM32H745IGKx.xml,b268cf5293fe6d6a9f21b38aad85c57039ae63441165a7e5da1afbf05fdf64bc,1
C:\Users\confl\AppData\Local\Programs\STM32CubeMX\db\mcu\STM32H745IGTx.xml,5ef7f8e0d3115f9c105929fc944f0f143d7571a83866715cc0de494e3d7a0696,1
C:\Users\confl\AppData\Local\Programs\STM32CubeMX\db\mcu\STM32H745IIKx.xml,d59f6876c2252ceeed9e333bd7ccd55909b8011dddd703f7a9f25911f8752f58,1
C:\Users\confl\AppData\Local\Programs\STM32CubeMX\db\mcu\STM32H745IITx.xml,a51e3c241fd019e6fe9f0824509afcec0a07777f3fc40d5e4d26f4e03ccbc3f3,1
C:\Users\confl\AppData\Local\Programs\STM32CubeMX\db\mcu\STM32H745XGHx.xml,08ff0e464d8ced3007aa79e31e47174a7e00d22f1b4b239ec6928019f2dab2b5,1
C:\Users\confl\AppData\Local\Programs\STM32CubeMX\db\mcu\STM32H745XIHx.xml,f4e661a2a6e0dfac708fcf5bb44bbc447d0d4b07841e962d6be49c81383fb2c0,1
C:\Users\confl\AppData\Local\Programs\STM32CubeMX\db\mcu\STM32H745ZGTx.xml,9baad7f32468c166c51097e421e9e57f664c77df97eed250bbd84aaebd28fbb7,1
C:\Users\confl\AppData\Local\Programs\STM32CubeMX\db\mcu\STM32H745ZITx.xml,4549534c3eae90a8549ed79df31f3792f9f53e913f910d5e5618c439e14e7b01,1
C:\Users\confl\AppData\Local\Programs\STM32CubeMX\db\mcu\STM32H747A(G-I)Ix.xml,83c456780de3ddbb3930ea7cad126bf8b16c1a957d1226db0b71e3893e147455,2
C:\Users\confl\AppData\Local\Programs\STM32CubeMX\db\mcu\STM32H747BGTx.xml,5d03df0fd22ddf8f3549e8229f0017a958afbccf98dc33b8c9e69a45079507dd,1
C:\Users\confl\AppData\Local\Programs\STM32CubeMX\db\mcu\STM32H747BITx.xml,ff304621af5b232b962dce967c3726c03373343034af3fbb1b2bfae6574aafb6,1
C:\Users\confl\AppData\Local\Programs\STM32CubeMX\db\mcu\STM32H747IGTx.xml,c8bc5be34dd297ce50233608d911bca6e8fa68f4a5bc37d3e1188a2f04c08e95,1
C:\Users\confl\AppData\Local\Programs\STM32CubeMX\db\mcu\STM32H747IITx.xml,5aef1d81b7530141d91ef19a86da08d0dfe1b222273b854704b665d0f50800ad,1
C:\Users\confl\AppData\Local\Programs\STM32CubeMX\db\mcu\STM32H747XGHx.xml,36e64b5e24b016d8bff9719a34d57fd0470e7b42a3d3219319f8a950148a3ec6,1
C:\Users\confl\AppData\Local\Programs\STM32CubeMX\db\mcu\STM32H747XIHx.xml,db031b5654b702e9e2e28522469b0bb46616854e91b9f00efc3ab673d5f180b4,1
C:\Users\confl\AppData\Local\Programs\STM32CubeMX\db\mcu\STM32H747ZIYx.xml,206bbb930135214ed994596f82a07e6d02830ea83acdb4de27cbc323d181ef92,1
C:\Users\confl\AppData\Local\Programs\STM32CubeMX\db\mcu\STM32H750IBKx.xml,e19afe02e85c1058ade618d1205e214775ac3f4ec18b9435926f06b982c739b7,1
C:\Users\confl\AppData\Local\Programs\STM32CubeMX\db\mcu\STM32H750IBTx.xml,86e319b230f2151c717534ad5f08df267b1121caa68501b7e8bbe418c56aa820,1
C:\Users\confl\AppData\Local\Programs\STM32CubeMX\db\mcu\STM32H750VBTx.xml,594580593b1786007e0776e0ea4f7aefb6e2547a9ade1789868a076262cc2417,1
C:\Users\confl\AppData\Local\Programs\STM32CubeMX\db\mcu\STM32H750XBHx.xml,d00776313151bd498e5e6951b77aa6f087376b0b81cf0724da48039db326d52b,1
C:\Users\confl\AppData\Local\Programs\STM32CubeMX\db\mcu\STM32H750ZBTx.xml,edff11edb3adae6e7ac773d0549a653c12efdfc52f1d3c9f016db5961a027130,1
C:\Users\confl\AppData\Local\Programs\STM32CubeMX\db\mcu\STM32H753AIIx.xml,d81b4e531a0a2cb342d86af5a4d11df1c0dc6a856ada048faa6a7bff18f0c158,1
C:\Users\confl\AppData\Local\Programs\STM32CubeMX\db\mcu\STM32H753BITx.xml,17d6a5283bbe8fff4f76cd62570de7802268071f7e5b370230043fc34554f642,1
C:\Users\confl\AppData\Local\Programs\STM32CubeMX\db\mcu\STM32H753IIKx.xml,47242a2708d488e4777f309bf9f4f01f80f9180fc3f1ff486ca459d90d2e0bad,1
C:\Users\confl\AppData\Local\Programs\STM32CubeMX\db\mcu\STM32H753IITx.xml,4fd0acc3ee1ff20127b4173123bf1dcde31a8f77b7071886f854a7fc5f558509,1
C:\Users\confl\AppData\Local\Programs\STM32CubeMX\db\mcu\STM32H753VIHx.xml,3fc8f8bdf98ca13e74b8e5341e3ba58d8bd8b081f7e676ba20a77869c7944a33,1
C:\Users\confl\AppData\Local\Programs\STM32CubeMX\db\mcu\STM32H753VITx.xml,445ba53d66e6cb812e19cb892030c186c007b1c7fbcb1e8a6a76dc60407e98a3,1
C:\Users\confl\AppData\Local\Programs\STM32CubeMX\db\mcu\STM32H753XIHx.xml,8b01dbdf73d60763d05ec8086c62662496734cd97259457a7ba4dea0313676a7,1
C:\Users\confl\AppData\Local\Programs\STM32CubeMX\db\mcu\STM32H753ZITx.xml,d12202c6e695f328eb496188ab23d1c40efb41b420a937258549c5de5eea2b09,1
C:\Users\confl\AppData\Local\Programs\STM32CubeMX\db\mcu\STM32H755BITx.xml,7296db941e8e0cb98d75dd56d65bcc0ddaba1efbdeb592deb8c2302df2c2708d,1
C:\Users\confl\AppData\Local\Programs\STM32CubeMX\db\mcu\STM32H755IIKx.xml,3bd335c08c24d8b18879378a4fd2c6e32b9987104c49a832f04662bea8e589db,1
C:\Users\confl\AppData\Local\Programs\STM32CubeMX\db\mcu\STM32H755IITx.xml,c5d8f74bfe56a3586126472939bb3aa33688f6aba9a2146f736f4764285cad4f,1
C:\Users\confl\AppData\Local\Programs\STM32CubeMX\db\mcu\STM32H755XIHx.xml,b91d2a82ada26a38453161bf54684b4102dd37f1bb2ff821e6dfc9125af54779,1
C:\Users\confl\AppData\Local\Programs\STM32CubeMX\db\mcu\STM32H755ZITx.xml,5d6c29b15541c3a71327b9decde00405d4b2e1858e81685023d8cd1340e7b59e,1
C:\Users\confl\AppData\Local\Programs\STM32CubeMX\db\mcu\STM32H757AIIx.xml,17a27ee27d82e266c493eaa5667783db6e676faa702e130f514a7f781eb09d5d,1
C:\Users\confl\AppData\Local\Programs\STM32CubeMX\db\mcu\STM32H757BITx.xml,081ff759332e4edd7fc41976bcb049401bf2f99faf616c2ec4b3b5912b998dd2,1
C:\Users\confl\AppData\Local\Programs\STM32CubeMX\db\mcu\STM32H757IITx.xml,227a3823b8fc551dc03b0a299c148f7f22c165ff2b31cab860063f4db0d2baa8,1
C:\Users\confl\AppData\Local\Programs\STM32CubeMX\db\mcu\STM32H757XIHx.xml,8ee52fac04b262d2da10ae1acb26baa49d65360fe53b6c833826071610200581,1
C:\Users\confl\AppData\Local\Programs\STM32CubeMX\db\mcu\STM32H757ZIYx.xml,da325bc8ce270e1fcefb0623e0485f17d7c8ce3a07a0a49bae53ae2eaefaf94d,1
C:\Users\confl\AppData\Local\Programs\STM32CubeMX\db\mcu\STM32H7A3A(G-I)IxQ.xml,71ca996e14237bd747ad61894afaf40ce8d7efb94daadae30660bb20ca408352,2
C:\Users\confl\AppData\Local\Programs\STM32CubeMX\db\mcu\STM32H7A3I(G-I)Kx.xml,99a26e3556eec51f8861578c8dcabba6332dcff22c773455e1d6519bb0a69395,2
C:\Users\confl\AppData\Local\Programs\STM32CubeMX\db\mcu\STM32H7A3I(G-I)KxQ.xml,fd24698bb409c5cda82d933688e46a816a525c63ea92f8a1c01164fd535ffb84,2
C:\Users\confl\AppData\Local\Programs\STM32CubeMX\db\mcu\STM32H7A3I(G-I)Tx.xml,f8c1ea324308b670a52fa70c8374537730551c921da8af50c882ece66acb8574,2
C:\Users\confl\AppData\Local\Programs\STM32CubeMX\db\mcu\STM32H7A3I(G-I)TxQ.xml,36525ec4b749650001ea92fbb29c3ea9a66f10219dab617b3c01abb54f30785a,2
C:\Users\confl\AppData\Local\Programs\STM32CubeMX\db\mcu\STM32H7A3L(G-I)HxQ.xml,1fd36737960ce2a6248eed83b3cbaaf44f7355beb864f26b63a0de7c7ebc79ee,2
C:\Users\confl\AppData\Local\Programs\STM32CubeMX\db\mcu\STM32H7A3N(G-I)Hx.xml,695d97a5d4ca9a2b4d23584401edff3c70e8baef901954c47ae352d145c77cf9,2
C:\Users\confl\AppData\Local\Programs\STM32CubeMX\db\mcu\STM32H7A3QIYxQ.xml,550cb38fe99fb232209424cbedcd6589105c4f5987d039623d4c07952548952f,1
C:\Users\confl\AppData\Local\Programs\STM32CubeMX\db\mcu\STM32H7A3R(G-I)Tx.xml,54771d455324efb4939bad6ac10cb3a63fb141a5940a5714edf1b4b8a45e8985,2
C:\Users\confl\AppData\Local\Programs\STM32CubeMX\db\mcu\STM32H7A3V(G-I)Hx.xml,2b5be12de91503cc2365a0d7f0c55e2adce10c00e38b811d4af4bfc74fd6e7cf,2
C:\Users\confl\AppData\Local\Programs\STM32CubeMX\db\mcu\STM32H7A3V(G-I)HxQ.xml,6a7e20a911101dfae7f416dfe7992a0647fe97c9c8f92dd02dce2be393847e4f,2
C:\Users\confl\AppData\Local\Programs\STM32CubeMX\db\mcu\STM32H7A3V(G-I)Tx.xml,9bf63ad0cb6aaad06994ae39bee4711bacafb0a816e7cab39df1364a96dde5a6,2
C:\Users\confl\AppData\Local\Programs\STM32CubeMX\db\mcu\STM32H7A3V(G-I)TxQ.xml,96dfc17b0a46ca4fba8ca4c399df560bbd5d4622901ca229428bcdde65357416,2
C:\Users\confl\AppData\Local\Programs\STM32CubeMX\db\mcu\STM32H7A3Z(G-I)Tx.xml,c26ad2f5e1efd47709164801b6e308cdc8c920acedbc2c8042c45916d0344ffb,2
C:\Users\confl\AppData\Local\Programs\STM32CubeMX\db\mcu\STM32H7A3Z(G-I)TxQ.xml,6a0a2cc0cfc5a5d1d661ea2c295deaa46a31447a7883a848a1f5e3f72b27d2b9,2
C:\Users\confl\AppData\Local\Programs\STM32CubeMX\db\mcu\STM32H7B0ABIxQ.xml,96edeb3408b986ab22118fde6308f877a7d19c3b939074e14bcbb56d5c76165d,1
C:\Users\confl\AppData\Local\Programs\STM32CubeMX\db\mcu\STM32H7B0IBKxQ.xml,01d52cd38b653520aa936e0d78ca32976e08017ecbb1cb7a163e22037475a8e5,1
C:\Users\confl\AppData\Local\Programs\STM32CubeMX\db\mcu\STM32H7B0IBTx.xml,2036e39239cf1de25a8f57a0b6bda8f1a30b94e474e3e92fc2d8a32d160c9f39,1
C:\Users\confl\AppData\Local\Programs\STM32CubeMX\db\mcu\STM32H7B0RBTx.xml,400aa371d06cd51aa570032281c1cb3fe067d08e17decf3c190b97aba5a95348,1
C:\Users\confl\AppData\Local\Programs\STM32CubeMX\db\mcu\STM32H7B0VBTx.xml,db542b7a832b100b871b8884181df861184ddb9aea9996bd746bc9db219810cd,1
C:\Users\confl\AppData\Local\Programs\STM32CubeMX\db\mcu\STM32H7B0ZBTx.xml,7e3beadd866ef645ef1ba2fcbf12d004ff92e4045a76451d15cc0dabf00500b6,1
C:\Users\confl\AppData\Local\Programs\STM32CubeMX\db\mcu\STM32H7B3AIIxQ.xml,894b6520cdd44a944d936e33b459ce3d0fc82d33f4827144b657514c826a35da,1
C:\Users\confl\AppData\Local\Programs\STM32CubeMX\db\mcu\STM32H7B3IIKx.xml,d01825e0c965606458401abcd7b8b0484f30ac4ec94cf034e3254725b1285e70,1
C:\Users\confl\AppData\Local\Programs\STM32CubeMX\db\mcu\STM32H7B3IIKxQ.xml,758669088497008b5dab7c0c8272b686ba0f2d6b7112341b3aab326bd5d0a366,1
C:\Users\confl\AppData\Local\Programs\STM32CubeMX\db\mcu\STM32H7B3IITx.xml,bb1db453d81fe273b8ce7754207382de9f876b432a8c5e15dbe4a021f302009a,1
C:\Users\confl\AppData\Local\Programs\STM32CubeMX\db\mcu\STM32H7B3IITxQ.xml,a917f53266d6195eb6088e158d98f075edef47f5672376dcdf343ebe487fd7bc,1
C:\Users\confl\AppData\Local\Programs\STM32CubeMX\db\mcu\STM32H7B3LIHxQ.xml,298ed58848df3c5682f96f9358364a8e27f5b619c4f7dae34b6dd1327884f197,1
C:\Users\confl\AppData\Local\Programs\STM32CubeMX\db\mcu\STM32H7B3NIHx.xml,87a91152a3f185fc9c096b14c3071a650e27d96b20e3806de70dc8aaf3424995,1
C:\Users\confl\AppData\Local\Programs\STM32CubeMX\db\mcu\STM32H7B3QIYxQ.xml,3c67af3042514ee4cacd3a4fd790da8c7b0e8c64552635dfb395b2504a5ca59b,1
C:\Users\confl\AppData\Local\Programs\STM32CubeMX\db\mcu\STM32H7B3RITx.xml,394c8b06663ee3b56789c8c46d727587cd1ddc45bd90f6ce2811eb6778c99711,1
C:\Users\confl\AppData\Local\Programs\STM32CubeMX\db\mcu\STM32H7B3VIHx.xml,2ef24fbabe5feb8b17da196f4ce4955649b0da0d363c3ceec55ea567c50c58b4,1
C:\Users\confl\AppData\Local\Programs\STM32CubeMX\db\mcu\STM32H7B3VIHxQ.xml,0e872f2bdd71dc5bc91def5f4a5c873fb58852e4774286933843b73c7da20569,1
C:\Users\confl\AppData\Local\Programs\STM32CubeMX\db\mcu\STM32H7B3VITx.xml,b9c5c823eb29f56622d0d7b70a0021bb3184a164f62cec1db9d10eabda8a95fd,1
C:\Users\confl\AppData\Local\Programs\STM32CubeMX\db\mcu\STM32H7B3VITxQ.xml,4eb1aac24bd2b20872a8a1983a80aed2a4354a62392bc9648ad6d5b92c5d5088,1
C:\Users\confl\AppData\Local\Programs\STM32CubeMX\db\mcu\STM32H7B3ZITx.xml,7dc7fc80a0b95a6da0baa7791242836af5e88a784262bb0c3289b89320a209e9,1
C:\Users\confl\AppData\Local\Programs\STM32CubeMX\db\mcu\STM32H7B3ZITxQ.xml,d7aab4b341a1d1f8916fbb0f1db399ed95017179fa77059795fe8f01d28d13c8,1
C:\Users\confl\AppData\Local\Programs\STM32CubeMX\db\mcu\STM32H7R3A8Ix.xml,f598a11b181198c44cc2480dff63c53d8e6a6cdccec85349a479924685d41fb9,1
C:\Users\confl\AppData\Local\Programs\STM32CubeMX\db\mcu\STM32H7R3I8Kx.xml,10ffc18f04e7e2b98b196daddae91ac7db094394e035c956f6cdd323891d4e25,1
C:\Users\confl\AppData\Local\Programs\STM32CubeMX\db\mcu\STM32H7R3I8Tx.xml,3b3b48fe1a196b275efbb34dd8fb70ab4c958b88eceedac861e4643eec16448d,1
C:\Users\confl\AppData\Local\Programs\STM32CubeMX\db\mcu\STM32H7R3L8Hx.xml,32138d181943c08c891c9fa7d7aa591d4ee2535ca5c7b0c91de7fe36847ee2a5,1
C:\Users\confl\AppData\Local\Programs\STM32CubeMX\db\mcu\STM32H7R3L8HxH.xml,1b72faf677b52aff2b15ae8956fc93ca229785041b004c101970c0e11b517920,1
C:\Users\confl\AppData\Local\Programs\STM32CubeMX\db\mcu\STM32H7R3R8Vx.xml,8d710cca6a7cf5dee54e65688a088decee05003aaa95d60d9e697611757007e1,1
C:\Users\confl\AppData\Local\Programs\STM32CubeMX\db\mcu\STM32H7R3V8Hx.xml,529d622c1080ed59d78652f8d265c2a9ab1700bded8921c00a28508c951c9544,1
C:\Users\confl\AppData\Local\Programs\STM32CubeMX\db\mcu\STM32H7R3V8Tx.xml,fa7483e90f045dd625b14976105b347cedcda2f6f9cd4922c3a2ca134aac5b24,1
C:\Users\confl\AppData\Local\Programs\STM32CubeMX\db\mcu\STM32H7R3V8Yx.xml,7d70848a7688e8a631ccd87b6ee40d4861926b026cc37803c57dfbde81cae4d6,1
C:\Users\confl\AppData\Local\Programs\STM32CubeMX\db\mcu\STM32H7R3Z8Jx.xml,d2e95e9931b755fadfb3342ab786056bcdde4cd4a353580d9750dce6e8947dd3,1
C:\Users\confl\AppData\Local\Programs\STM32CubeMX\db\mcu\STM32H7R3Z8Tx.xml,5c1be0e764a979b7b9d7719451d2ab0b6db0bc34de1e4319ab69987f298979e0,1
C:\Users\confl\AppData\Local\Programs\STM32CubeMX\db\mcu\STM32H7R7A8Ix.xml,d90e8a321cd683d62d71133572f3baadaea99fd5ced2890b3b39e10fedf36804,1
C:\Users\confl\AppData\Local\Programs\STM32CubeMX\db\mcu\STM32H7R7I8Kx.xml,b2a57df982422356f0a406552723e4ba540c88775706ad6a7d59c12248904dcd,1
C:\Users\confl\AppData\Local\Programs\STM32CubeMX\db\mcu\STM32H7R7I8Tx.xml,eeef431204ed411924d0c27e6ccb0b7a4be50cf572ffe3bc852cc3f780c502f7,1
C:\Users\confl\AppData\Local\Programs\STM32CubeMX\db\mcu\STM32H7R7L8Hx.xml,80633196d73ca4078f627192f95dcc62bf25aa47591c6ac4208ec17e80b2d769,1
C:\Users\confl\AppData\Local\Programs\STM32CubeMX\db\mcu\STM32H7R7L8HxH.xml,ab4cc88f801f753258df5b4e8da746093259c486bddddb7bfa5dc8648741c8a9,1
C:\Users\confl\AppData\Local\Programs\STM32CubeMX\db\mcu\STM32H7R7Z8Jx.xml,c82e8872d88326f00df554656e922753dbd3588d0f2d5995f5fdf1730fa637f9,1
C:\Users\confl\AppData\Local\Programs\STM32CubeMX\db\mcu\STM32H7S3A8Ix.xml,6624177d7735af05f1fb59ccd51d4acbfbc0b3e627bf360b7fe22ce24f2b2675,1
C:\Users\confl\AppData\Local\Programs\STM32CubeMX\db\mcu\STM32H7S3I8Kx.xml,99dd3954a0d7e59baa2e5bdd2bfebde215e6ab473793c4fe3ea76492c00df2c2,1
C:\Users\confl\AppData\Local\Programs\STM32CubeMX\db\mcu\STM32H7S3I8Tx.xml,719971d763330d02a661cb11bbe276283e7b63eab63d401012da312cf5ed28f5,1
C:\Users\confl\AppData\Local\Programs\STM32CubeMX\db\mcu\STM32H7S3L8Hx.xml,97ea201a199748fedf1ce0ff0fbeb6c26a986b69b45b10ba042ce22eba7654c7,1
C:\Users\confl\AppData\Local\Programs\STM32CubeMX\db\mcu\STM32H7S3L8HxH.xml,7de76553f7149b835f121e47ff97d58340059a9977baa917a82127fef8cb932f,1
C:\Users\confl\AppData\Local\Programs\STM32CubeMX\db\mcu\STM32H7S3R8Vx.xml,f511f291e5f1ac5b149aaae5202794fcfcfc2e6f66244cbd2694d9587f4cdb9c,1
C:\Users\confl\AppData\Local\Programs\STM32CubeMX\db\mcu\STM32H7S3V8Hx.xml,09c67df48a43fbeda0831e7633227efa62e771e2a1d5a6cbd0254ea346231db5,1
C:\Users\confl\AppData\Local\Programs\STM32CubeMX\db\mcu\STM32H7S3V8Tx.xml,06a02740b70a2cf061e6ea654496a36e2422464a7c5c89d00f68f92069b8cdfe,1
C:\Users\confl\AppData\Local\Programs\STM32CubeMX\db\mcu\STM32H7S3V8Yx.xml,651bbb8ab32f998e008f0b971dc8d019698dfe93d0bbbd67419b89f21bb639cc,1
C:\Users\confl\AppData\Local\Programs\STM32CubeMX\db\mcu\STM32H7S3Z8Jx.xml,26d64eb9b626b7982226bdce800c4ef5f1682e3c2157e22bc2829fae215e749d,1
C:\Users\confl\AppData\Local\Programs\STM32CubeMX\db\mcu\STM32H7S3Z8Tx.xml,2e661a1c1e479ab4638f95e21207016542e2eb6088a5444cb2f6e1257b3d4479,1
C:\Users\confl\AppData\Local\Programs\STM32CubeMX\db\mcu\STM32H7S7A8Ix.xml,115fa51772af448ebe09680b0aed66a995d727c64f847b1b3d35c41f22984d7b,1
C:\Users\confl\AppData\Local\Programs\STM32CubeMX\db\mcu\STM32H7S7I8Kx.xml,87a5783843758d06b86cc4f5398d668c9040df8f06b5e7993ce28e905778beb1,1
C:\Users\confl\AppData\Local\Programs\STM32CubeMX\db\mcu\STM32H7S7I8Tx.xml,ea09630b5135b9dfaf71771e46e24b3ab4d19fe8bfdeb1be853e9939c73721bb,1
C:\Users\confl\AppData\Local\Programs\STM32CubeMX\db\mcu\STM32H7S7L8Hx.xml,03df17085540ac73b79bdf17ea985b5aa6692d7a74361b22606a41a3c77c6ac6,1
C:\Users\confl\AppData\Local\Programs\STM32CubeMX\db\mcu\STM32H7S7L8HxH.xml,9549e35a10df0af32bf8c60d6b6dbb09ddf21d57ec792b74272016cd652163c3,1
C:\Users\confl\AppData\Local\Programs\STM32CubeMX\db\mcu\STM32H7S7Z8Jx.xml,c74c2205d06a1798ea54674188eaad4a5e8d62bc4b5586d809265ca18db269ec,1
C:\Users\confl\AppData\Local\Programs\STM32CubeMX\db\mcu\STM32L010C6Tx.xml,d7504c61a7fe3943d1ee39f95daca57eb20e453b9ac6e40107dddb4c2260604c,1
C:\Users\confl\AppData\Local\Programs\STM32CubeMX\db\mcu\STM32L010F4Px.xml,a47bc5e4ed06edf34ef32d107d308ffa55f0271d7cbdca0b2b54572ec0fa60b7,1
C:\Users\confl\AppData\Local\Programs\STM32CubeMX\db\mcu\STM32L010K4Tx.xml,5d437703e34cc0411d92748e502a4f46169dee0516480c47146c4a3c9d5d77fa,1
C:\Users\confl\AppData\Local\Programs\STM32CubeMX\db\mcu\STM32L010K8Tx.xml,50789e7fd2848527f27ccd99efb12817f48d331c48e0b62025ee696b28a68275,1
C:\Users\confl\AppData\Local\Programs\STM32CubeMX\db\mcu\STM32L010R8Tx.xml,eb53c8ffea7493b2870e7366121aa0ab40ff00006c27bacccb099c70e523c3af,1
C:\Users\confl\AppData\Local\Programs\STM32CubeMX\db\mcu\STM32L010RBTx.xml,b76f8b3483365c4d546c0600c174de02638169ed6489fb0b595f7bfbab78fd98,1
C:\Users\confl\AppData\Local\Programs\STM32CubeMX\db\mcu\STM32L011D(3-4)Px.xml,816896c01dfc9ee2b392700885c4f79150eeaddfc795a4d96551ef4ce21d1298,2
C:\Users\confl\AppData\Local\Programs\STM32CubeMX\db\mcu\STM32L011E(3-4)Yx.xml,9199b3a8f590995c71d2b28c8349f52b74ac2834819a3a5664cc75f63ca84da5,2
C:\Users\confl\AppData\Local\Programs\STM32CubeMX\db\mcu\STM32L011F(3-4)Px.xml,f85444a6213976e912e00fffc286697b6ced12717e8e964b000e91745d928bc1,2
C:\Users\confl\AppData\Local\Programs\STM32CubeMX\db\mcu\STM32L011F(3-4)Ux.xml,479053a3e0593d25696be73a9175e2239ad963b70df867667238346ab5de0d5c,2
C:\Users\confl\AppData\Local\Programs\STM32CubeMX\db\mcu\STM32L011G(3-4)Ux.xml,cedff933b9701ea24c41bf0f465d3c51472b3921e9d02b3879df498c7903fda2,2
C:\Users\confl\AppData\Local\Programs\STM32CubeMX\db\mcu\STM32L011K(3-4)Tx.xml,8552bd4e4f2adc81e44b8257f8b80484d28c5da2ee1c28967e36e086c7f450c3,2
C:\Users\confl\AppData\Local\Programs\STM32CubeMX\db\mcu\STM32L011K(3-4)Ux.xml,9b90a22464793148eb49f5964aea3cd190982ab99bf873c478d38f34c1ca1e16,2
C:\Users\confl\AppData\Local\Programs\STM32CubeMX\db\mcu\STM32L021D4Px.xml,f440db24498a5352703d7e76e0565c75091243eacd0ada6a0403a3c5b06dd674,1
C:\Users\confl\AppData\Local\Programs\STM32CubeMX\db\mcu\STM32L021F4Ux.xml,7726fd0389e5d1da849a04f7c07924d5b997962402d98f63ecb7b57cacd6040d,1
C:\Users\confl\AppData\Local\Programs\STM32CubeMX\db\mcu\STM32L021G4Ux.xml,374392efa12b1938808c3c6db6da1a98b0b206d3138c46d0b9277febad0c5e1a,1
C:\Users\confl\AppData\Local\Programs\STM32CubeMX\db\mcu\STM32L021K4Tx.xml,d429269df5b6f303161ccd8bb85c931a15d62172a5dea63e9a7b0c28e2dcab05,1
C:\Users\confl\AppData\Local\Programs\STM32CubeMX\db\mcu\STM32L031C(4-6)Tx.xml,628417dac50ea43d7598b0a38042d7f00b96a31f72eb1f01ffd903b140b086c0,2
C:\Users\confl\AppData\Local\Programs\STM32CubeMX\db\mcu\STM32L031C(4-6)Ux.xml,021898a0dc3039e8fbb82ae7eb70e85c8722e91981d6664373ba618e2eab960a,2
C:\Users\confl\AppData\Local\Programs\STM32CubeMX\db\mcu\STM32L031E(4-6)Yx.xml,6b8ab891897deb2a30dcd267716ca1ad339aeffc94e390bfaccde5766773b03f,2
C:\Users\confl\AppData\Local\Programs\STM32CubeMX\db\mcu\STM32L031F(4-6)Px.xml,e9c291e85d2b63dc3a0104cf14ef8e31ff40e11e7170ae298ea39632e3158ee6,2
C:\Users\confl\AppData\Local\Programs\STM32CubeMX\db\mcu\STM32L031G(4-6)Ux.xml,3473c96bd8e42e496a6851f879d89b3fc15fd7b2b84df9973844e3f710fa4d93,2
C:\Users\confl\AppData\Local\Programs\STM32CubeMX\db\mcu\STM32L031G6UxS.xml,3571e359ce19268aa8554b56bde01069d785c768203f5821a015d72887ffb8b1,1
C:\Users\confl\AppData\Local\Programs\STM32CubeMX\db\mcu\STM32L031K(4-6)Tx.xml,f84bcf21df99b6b6472794e0820b3a6271880b8a6b660d97afa37e3913c3e1d7,1
C:\Users\confl\AppData\Local\Programs\STM32CubeMX\db\mcu\STM32L031K(4-6)Ux.xml,5c610b286d8ee2e22c29547a3f19eae76f4bf784e1ebdbca026120631b470e42,2
C:\Users\confl\AppData\Local\Programs\STM32CubeMX\db\mcu\STM32L041C(4-6)Tx.xml,ff9e014d20007db90a94803b5eee8d20010c4bd9ed64cc9eb9061465a3566f23,1
C:\Users\confl\AppData\Local\Programs\STM32CubeMX\db\mcu\STM32L041C6Ux.xml,b4eb5fb076187c31acae3dc2af636938cdeef04d204dc1dcf8653327dbe8e8d3,1
C:\Users\confl\AppData\Local\Programs\STM32CubeMX\db\mcu\STM32L041E6Yx.xml,0422c73b0922ae6072cc7a98253056bdd2cca5d65e36f5467ee71e0dcb2a77eb,1
C:\Users\confl\AppData\Local\Programs\STM32CubeMX\db\mcu\STM32L041F6Px.xml,fdad93541a953c52db1c7511565f7e16c7321f5ce59bb39163e1349938ab9df5,1
C:\Users\confl\AppData\Local\Programs\STM32CubeMX\db\mcu\STM32L041G6Ux.xml,222eccbd4acc04938d9820ce847ae132144cb51e30149b042a746b42249fd266,1
C:\Users\confl\AppData\Local\Programs\STM32CubeMX\db\mcu\STM32L041G6UxS.xml,215536612e3f439e5b43e2b940dd110b7f4db9e14efd6bc847cbe3048eb445ef,1
C:\Users\confl\AppData\Local\Programs\STM32CubeMX\db\mcu\STM32L041K6Tx.xml,0331cb963a4f8d9b0ea4ddbb1f31edb0b61184e1ed3b3888178c4e752b626d96,1
C:\Users\confl\AppData\Local\Programs\STM32CubeMX\db\mcu\STM32L041K6Ux.xml,7a71d0ce281f3fb885b7dbe7586ac0a49a7fbd6260860e46e7d07f54722fd397,1
C:\Users\confl\AppData\Local\Programs\STM32CubeMX\db\mcu\STM32L051C(6-8)Tx.xml,6047d83fbd6243adf4b06fa7d6b572a24df3db4f87a049eb9057611d33781536,2
C:\Users\confl\AppData\Local\Programs\STM32CubeMX\db\mcu\STM32L051C(6-8)Ux.xml,58325d3d4ae792dd04b7d8e12ec67035046e1426c6a2a3a0a8e2f370ac37c2a9,2
C:\Users\confl\AppData\Local\Programs\STM32CubeMX\db\mcu\STM32L051K(6-8)Tx.xml,8f95326bc7cc8ed3684174f6d5cceffb221a58bdd7226095b07f80e9a0f43cdc,2
C:\Users\confl\AppData\Local\Programs\STM32CubeMX\db\mcu\STM32L051K(6-8)Ux.xml,2a82287ce20e8bcae88ebcedb2285aeb85fe001ba0f482d5f6f02032c0c0b483,2
C:\Users\confl\AppData\Local\Programs\STM32CubeMX\db\mcu\STM32L051R(6-8)Hx.xml,073b18cdc0c652eda7c73a38f6a071251b78be9a431d88857021a4cfee16959d,2
C:\Users\confl\AppData\Local\Programs\STM32CubeMX\db\mcu\STM32L051R(6-8)Tx.xml,d042a52f7f0472800c826a7fc42d59951b35c66cf3b71530adcef76830f7ca67,2
C:\Users\confl\AppData\Local\Programs\STM32CubeMX\db\mcu\STM32L051T(6-8)Yx.xml,0c9d7d9957cc959040e2b3035baa22217acc3a1af22d9084743ba9a3fe53f8e1,2
C:\Users\confl\AppData\Local\Programs\STM32CubeMX\db\mcu\STM32L052C(6-8)Tx.xml,fe2864fcd449b8ab30a238c201a9a88fa3a886079ae7c9dd61bb6805cb1405b4,2
C:\Users\confl\AppData\Local\Programs\STM32CubeMX\db\mcu\STM32L052C(6-8)Ux.xml,0814e53fce6405bc2b5495ec9906be6a378fe828e35d8b2de1d92aa5bbed5414,2
C:\Users\confl\AppData\Local\Programs\STM32CubeMX\db\mcu\STM32L052K(6-8)Tx.xml,32df78ebaa52c2ffd57f84b4fb7a0250487d5166588f35f48375c9882e76023c,2
C:\Users\confl\AppData\Local\Programs\STM32CubeMX\db\mcu\STM32L052K(6-8)Ux.xml,755374f7a00e2779a37785f22ed4da5b30bd0d68aaeef80d1dda33e17993ca5a,2
C:\Users\confl\AppData\Local\Programs\STM32CubeMX\db\mcu\STM32L052R(6-8)Hx.xml,4aded5b418eefeaa7c193a443547d6018dee783931ebac8dc0b4624f2b95e82f,2
C:\Users\confl\AppData\Local\Programs\STM32CubeMX\db\mcu\STM32L052R(6-8)Tx.xml,d2caa3edb59b057f488a3abf17b00459e55ac30c3a9a8a4b00d3e4af1c429a3d,2
C:\Users\confl\AppData\Local\Programs\STM32CubeMX\db\mcu\STM32L052T(6-8)Yx.xml,7ef58d7f83bbaac192c107d82fb688682ce0b84862562794417fb1309fd8dc12,2
C:\Users\confl\AppData\Local\Programs\STM32CubeMX\db\mcu\STM32L052T8Fx.xml,ef23eb27086e9094fd44cccbcf9431cd41b7de293bc7166a68a719c428c9c7da,1
C:\Users\confl\AppData\Local\Programs\STM32CubeMX\db\mcu\STM32L053C(6-8)Tx.xml,ce3e1c6165d3581141918fd114268c55b85ce248064373651dd191d45d11954c,2
C:\Users\confl\AppData\Local\Programs\STM32CubeMX\db\mcu\STM32L053C(6-8)Ux.xml,73f676369c576e10dd5f33bc6e6005c7137508fd343878631566ffc60f8d9c68,2
C:\Users\confl\AppData\Local\Programs\STM32CubeMX\db\mcu\STM32L053R(6-8)Hx.xml,64432d4e04bfc2f3749c659181ee1f519f016e54c4f09ef6f85edfb1547206c6,2
C:\Users\confl\AppData\Local\Programs\STM32CubeMX\db\mcu\STM32L053R(6-8)Tx.xml,4c14e8f17de815f7439b4275b980252324cdf44f3e1c32ae1aed2ccdded636a0,2
C:\Users\confl\AppData\Local\Programs\STM32CubeMX\db\mcu\STM32L062C8Ux.xml,0825da9f3cd386ee1bfb38416d50ce4cff3b5174753e3ab7aa5c910a15d446c2,1
C:\Users\confl\AppData\Local\Programs\STM32CubeMX\db\mcu\STM32L062K8Tx.xml,5a4eac4ed855a2ee5035e9658bf9fd2716b0dd6fe2e3f6244de812f319c8d3cc,1
C:\Users\confl\AppData\Local\Programs\STM32CubeMX\db\mcu\STM32L062K8Ux.xml,c19ae04261fd858b173c8badec377ee274e5dff837a7e68a83e9c87acbcdbc77,1
C:\Users\confl\AppData\Local\Programs\STM32CubeMX\db\mcu\STM32L063C8Tx.xml,6ff1c371f1ef40b839921ca953957a3b17485dc0601693a01f05c5fe67f05041,1
C:\Users\confl\AppData\Local\Programs\STM32CubeMX\db\mcu\STM32L063C8Ux.xml,5232a6c1681ed0d63d8b40362d88766408198310b9c8254009c6e972e05ade97,1
C:\Users\confl\AppData\Local\Programs\STM32CubeMX\db\mcu\STM32L063R8Tx.xml,a1cb1e0f82c2f1c02f34f765614a96c666aa2ec487ff6bd3cc7094eef15ccb18,1
C:\Users\confl\AppData\Local\Programs\STM32CubeMX\db\mcu\STM32L071C(B-Z)Tx.xml,b55b37cffaa1ef56ce42e11b82a26ac4a1be3fa424971676dd11962daa197770,2
C:\Users\confl\AppData\Local\Programs\STM32CubeMX\db\mcu\STM32L071C(B-Z)Ux.xml,33494723a3fb982ca4d75d9d3f6ad6a87029eeee1687af039f15a87d457fde85,2
C:\Users\confl\AppData\Local\Programs\STM32CubeMX\db\mcu\STM32L071C(B-Z)Yx.xml,0ccb79fe57525b09bb2ec38eaa2545ba22748bf9b922e200d6de4dcd813eb93d,2
C:\Users\confl\AppData\Local\Programs\STM32CubeMX\db\mcu\STM32L071C8Tx.xml,9e8c96bd8502e4a67b832fc51ba780c7530fafb4fbd7dc77f06382324506c3aa,1
C:\Users\confl\AppData\Local\Programs\STM32CubeMX\db\mcu\STM32L071C8Ux.xml,972607a496c7b8c33f870ac4f0b1227219b31277c9390925eadc5aeecb43b1a8,1
C:\Users\confl\AppData\Local\Programs\STM32CubeMX\db\mcu\STM32L071K(B-Z)Tx.xml,f4223e802d1304eb6ae0e3d4ee765a8f6a07d19eede15586ecfc13c5966a2b72,2
C:\Users\confl\AppData\Local\Programs\STM32CubeMX\db\mcu\STM32L071K(B-Z)Ux.xml,dc43bfbe107ac6ab2396a582312e1cf5336118a433b68b0b8b4caa7b85b1d742,2
C:\Users\confl\AppData\Local\Programs\STM32CubeMX\db\mcu\STM32L071K8Ux.xml,a0d6cc69a1d736ba966dfce8a56f3190f805bebff5fa0b4faf4c55ac8e0be98b,1
C:\Users\confl\AppData\Local\Programs\STM32CubeMX\db\mcu\STM32L071R(B-Z)Hx.xml,fbfc2dc9097c9d25696874145a0b29970478e73aad7db03b351a73338f0dd5a0,2
C:\Users\confl\AppData\Local\Programs\STM32CubeMX\db\mcu\STM32L071R(B-Z)Tx.xml,23bc33d68cf3cd06d7791d3c1bce3b57699ef76443e76392cbba4406313623f8,2
C:\Users\confl\AppData\Local\Programs\STM32CubeMX\db\mcu\STM32L071V(B-Z)Tx.xml,07a86cf62e50f231a635ed5822cd1e72e4d94c89f24d27b73eafde22f3fa9fa7,2
C:\Users\confl\AppData\Local\Programs\STM32CubeMX\db\mcu\STM32L071V8Tx.xml,29ecdd62bc7a88c81ca791357b32964244bf6a470c540ca604fda422e2d03b12,1
C:\Users\confl\AppData\Local\Programs\STM32CubeMX\db\mcu\STM32L072C(B-Z)Tx.xml,2fc5bc4922d4cbf64fa14cda294d3c590d7dc15e1f5bb9772c1279ec36e7e9cd,2
C:\Users\confl\AppData\Local\Programs\STM32CubeMX\db\mcu\STM32L072C(B-Z)Ux.xml,ea6d21eaef0cad63871e462a117107d2b3fddf4cc215465ca34346288389d267,2
C:\Users\confl\AppData\Local\Programs\STM32CubeMX\db\mcu\STM32L072C(B-Z)Yx.xml,3a97a8e53ac42a3fa20aad94792b3d1de1470c2dfe10a820b84cb13a3d6a931a,2
C:\Users\confl\AppData\Local\Programs\STM32CubeMX\db\mcu\STM32L072CZEx.xml,2ef273c8c7ce997e11a326fc8780ae32b18ad39cd8ccf87104f8d1d31f21188d,1
C:\Users\confl\AppData\Local\Programs\STM32CubeMX\db\mcu\STM32L072K(B-Z)Tx.xml,857b4a06df778396693a169cfe9fb230d4b6218566ffe3cc79902c186995f99c,1
C:\Users\confl\AppData\Local\Programs\STM32CubeMX\db\mcu\STM32L072K(B-Z)Ux.xml,3325f6b592429761241d3532814aaff0085dd752d55be8cc20442a63f541a046,2
C:\Users\confl\AppData\Local\Programs\STM32CubeMX\db\mcu\STM32L072R(B-Z)Hx.xml,5d15520bdb48e45fdfcd71d2713e43dc42466a9357a69a01bb3fb5bdb49df290,2
C:\Users\confl\AppData\Local\Programs\STM32CubeMX\db\mcu\STM32L072R(B-Z)Ix.xml,cb2b81c170734ffbf860f73d16d5b7125adb7d1b64948bfa8b8cb6a860c3695c,2
C:\Users\confl\AppData\Local\Programs\STM32CubeMX\db\mcu\STM32L072R(B-Z)Tx.xml,66e8958d59cc61a14b62aba70fa818140d280c36fded6dfd75180a4b36771543,2
C:\Users\confl\AppData\Local\Programs\STM32CubeMX\db\mcu\STM32L072V(B-Z)Ix.xml,155cb207cad7747b6910b5b97969c81832856ad6249b557109be363249a253f4,2
C:\Users\confl\AppData\Local\Programs\STM32CubeMX\db\mcu\STM32L072V(B-Z)Tx.xml,f3801ed646b8d8f846d3d9447a025d52d866b0a19340c315f202eae664b7973f,2
C:\Users\confl\AppData\Local\Programs\STM32CubeMX\db\mcu\STM32L072V8Ix.xml,06087000edf2c4caed159d9608575452e86cd4254f57bd325673911b4d80c3d5,1
C:\Users\confl\AppData\Local\Programs\STM32CubeMX\db\mcu\STM32L072V8Tx.xml,d62dfbd5f53485629926c75f2c5ae49eceef2bbe37de51cf269907549d182b80,1
C:\Users\confl\AppData\Local\Programs\STM32CubeMX\db\mcu\STM32L073C(B-Z)Tx.xml,8b00525f6a42e6d83bcc3823ac37d0b1e14ec2516870df71e83e0bebf167aa71,2
C:\Users\confl\AppData\Local\Programs\STM32CubeMX\db\mcu\STM32L073C(B-Z)Ux.xml,414d2bb281764ef6a88f9cb8f04c0ca0c9bb94aa4d38b496e43d215181d82643,2
C:\Users\confl\AppData\Local\Programs\STM32CubeMX\db\mcu\STM32L073CZYx.xml,cdae2964488a5ebb4a20ccd4d5937383a6e0e59f2151d1f1880f9aa803cd665c,1
C:\Users\confl\AppData\Local\Programs\STM32CubeMX\db\mcu\STM32L073R(B-Z)Hx.xml,018576f8a9efb2263793199907ce1a22bed2256651f03026f4db2bf9ea743443,2
C:\Users\confl\AppData\Local\Programs\STM32CubeMX\db\mcu\STM32L073R(B-Z)Tx.xml,02e823f4cc82a116b8fa5f86a34e9abd28405a451187cabcbe97c57106fd6ab7,2
C:\Users\confl\AppData\Local\Programs\STM32CubeMX\db\mcu\STM32L073RZIx.xml,f6e4dfc666630a1527b5f18f837849e63297cb0dc3da106af9df431597f18a47,1
C:\Users\confl\AppData\Local\Programs\STM32CubeMX\db\mcu\STM32L073V(B-Z)Ix.xml,e14dfcaf17473983c4f674a33c1186a1c733ff7fc71131cd173c30d40cc5e276,1
C:\Users\confl\AppData\Local\Programs\STM32CubeMX\db\mcu\STM32L073V(B-Z)Tx.xml,87657308f6c21b35e850ea07f5210922d1b94c8c44343879612e9be1870a6f6b,2
C:\Users\confl\AppData\Local\Programs\STM32CubeMX\db\mcu\STM32L073V8Tx.xml,5c021dbd23afccdcf7eefa255bbe0fe757a53550ed261efbfa296e7f653d2d26,1
C:\Users\confl\AppData\Local\Programs\STM32CubeMX\db\mcu\STM32L081C(B-Z)Tx.xml,46d7d22e6d3b337a4e3278e40fe5d95ed4dd27beb94be925feb72ad1e5532255,2
C:\Users\confl\AppData\Local\Programs\STM32CubeMX\db\mcu\STM32L081CZUx.xml,31c842086352f28604c729d98c3a4c7fe66ca521374c7d75f5b58219906426a3,1
C:\Users\confl\AppData\Local\Programs\STM32CubeMX\db\mcu\STM32L081KZTx.xml,c05f804268027fcc16b5c6b8e1a8a5dcf3d2e63109ba11a79c071c90b7939327,1
C:\Users\confl\AppData\Local\Programs\STM32CubeMX\db\mcu\STM32L081KZUx.xml,3a8bd89c47106f023265f641382b9c7a3258e30c294e46b6b49655927bc12469,1
C:\Users\confl\AppData\Local\Programs\STM32CubeMX\db\mcu\STM32L082CZUx.xml,2016c4db72bfcab166563d4cef3a5deaddb96d933f727a47979f646413cd4af0,1
C:\Users\confl\AppData\Local\Programs\STM32CubeMX\db\mcu\STM32L082CZYx.xml,461cbb9147ad21aa991c0fea85a137a02e56abdac45761cd508f796c99206b70,1
C:\Users\confl\AppData\Local\Programs\STM32CubeMX\db\mcu\STM32L082K(B-Z)Tx.xml,2dc30f5e375d13cf75700317ae70e1a887e095b55f55ac29aeaf3f988b4ba663,1
C:\Users\confl\AppData\Local\Programs\STM32CubeMX\db\mcu\STM32L082K(B-Z)Ux.xml,b39e672b1aada1d63be247d70ee834c99a894c6d512420dee57508f9a82db98e,2
C:\Users\confl\AppData\Local\Programs\STM32CubeMX\db\mcu\STM32L083C(B-Z)Tx.xml,d65bacd0a132544ec24d0b67e2e7426a19841f9e2531bd9b466fd480fe77d8bb,2
C:\Users\confl\AppData\Local\Programs\STM32CubeMX\db\mcu\STM32L083CZUx.xml,978a858b2af68bdae17787c9ced908aecc3dcf86080006c934783d6206fb08ac,1
C:\Users\confl\AppData\Local\Programs\STM32CubeMX\db\mcu\STM32L083R(B-Z)Hx.xml,e6def0a19d8899439a0aaf4cec5610e32e73ba95e111dbb1d449dfc47638115b,2
C:\Users\confl\AppData\Local\Programs\STM32CubeMX\db\mcu\STM32L083R(B-Z)Tx.xml,b7bc4c222fb3876d12ebe807de69d2e7d742b32d0faf02370cd70e129e008dab,2
C:\Users\confl\AppData\Local\Programs\STM32CubeMX\db\mcu\STM32L083V(B-Z)Ix.xml,58415f5e60e6e9601b5894905046cd74542c6014c7687af8a810d1a6cda40163,1
C:\Users\confl\AppData\Local\Programs\STM32CubeMX\db\mcu\STM32L083V(B-Z)Tx.xml,efaf85d56719a57313ab742ac78d08f43eda2309b6ca50888cdfe9c31347708b,2
C:\Users\confl\AppData\Local\Programs\STM32CubeMX\db\mcu\STM32L083V8Tx.xml,934fb9b8cbef9eda3cce8e4ccea8b3dea40722be1b63cb21ff399dcff63b8341,1
C:\Users\confl\AppData\Local\Programs\STM32CubeMX\db\mcu\STM32L100C6Ux.xml,b9d0e0ada786e1317d0f540a25eba42b11e934fe93a030fdc10ebb57226eb120,1
C:\Users\confl\AppData\Local\Programs\STM32CubeMX\db\mcu\STM32L100C6UxA.xml,ff8fc625169e08163a23f959b3e67fd0d5a324f3464feb1f1684ee7973efcfa6,1
C:\Users\confl\AppData\Local\Programs\STM32CubeMX\db\mcu\STM32L100R(8-B)Tx.xml,21ef01118a35a08a064d5c6f08b22cff186293919ddb93567c47c5890e141afe,2
C:\Users\confl\AppData\Local\Programs\STM32CubeMX\db\mcu\STM32L100R(8-B)TxA.xml,203bf5338cffaf5f04c31d6d14bd8ffd18e7f5ff07da7ecbe0258f0f6d8a5756,2
C:\Users\confl\AppData\Local\Programs\STM32CubeMX\db\mcu\STM32L100RCTx.xml,72c6feee10e21d34cdaee35aeca2b94f8c63235f129366836da0c4443c0db1db,1
C:\Users\confl\AppData\Local\Programs\STM32CubeMX\db\mcu\STM32L151C(6-8-B)Tx.xml,e75061ae6c9a04ce0e0360f8284320f482e2e9c3a1f3c5685062743b8a98a095,3
C:\Users\confl\AppData\Local\Programs\STM32CubeMX\db\mcu\STM32L151C(6-8-B)TxA.xml,6f72cf286a177cfdd9470994010e0676e821395a15cf7017f4ab970aa52046cc,3
C:\Users\confl\AppData\Local\Programs\STM32CubeMX\db\mcu\STM32L151C(6-8-B)Ux.xml,84a860607f264a83397e443db857e469dc6aae7ab088554f6f83ebb6a90fe9c7,3
C:\Users\confl\AppData\Local\Programs\STM32CubeMX\db\mcu\STM32L151C(6-8-B)UxA.xml,428c992b89487e08a5e2e58b492042dff407fabde7440812d82f9d7d4b98f3db,3
C:\Users\confl\AppData\Local\Programs\STM32CubeMX\db\mcu\STM32L151CCTx.xml,65cab746b282a14e8a18c520e3f78c73350446893697999874e596d2e3ff1cfe,1
C:\Users\confl\AppData\Local\Programs\STM32CubeMX\db\mcu\STM32L151CCUx.xml,16510f6f46c049ad474b61028c7db1e6df6f088234d39631356e83fe1969d99f,1
C:\Users\confl\AppData\Local\Programs\STM32CubeMX\db\mcu\STM32L151QCHx.xml,3933bde8ea650ac9381a31308ef4f8e55af0a83f23cbdb3809e1084a702a7589,1
C:\Users\confl\AppData\Local\Programs\STM32CubeMX\db\mcu\STM32L151QDHx.xml,df6b5aab2d59ed85fa6b670623bb689c5464f9162ee0052d5564e8e268201f1e,1
C:\Users\confl\AppData\Local\Programs\STM32CubeMX\db\mcu\STM32L151QEHx.xml,6c937cae8962792d4106969d62aeb0aeeab1f4e26e05149b73ac0b187a5d66a0,1
C:\Users\confl\AppData\Local\Programs\STM32CubeMX\db\mcu\STM32L151R(6-8-B)Hx.xml,e7ecb597d99d42871449af7fb9df7cb9560582adb8902564e44cc185001568df,3
C:\Users\confl\AppData\Local\Programs\STM32CubeMX\db\mcu\STM32L151R(6-8-B)HxA.xml,9775bd07739c0a348961be5b4ba678e3fce1cfa0442a1db7b2d4a8c1d2599d20,3
C:\Users\confl\AppData\Local\Programs\STM32CubeMX\db\mcu\STM32L151R(6-8-B)Tx.xml,49b2d7fa1cea9daa836a6e21b1e9c5e1546adaa7ba27aa0000c9bf95f1e36b70,3
C:\Users\confl\AppData\Local\Programs\STM32CubeMX\db\mcu\STM32L151R(6-8-B)TxA.xml,1186bbc9cc624c7882204ac645b940e9e6dced87fee1fd93e08006b8b3117879,3
C:\Users\confl\AppData\Local\Programs\STM32CubeMX\db\mcu\STM32L151RCTx.xml,bbf2c9390afc01187833e7b029be94dc7e156ef90a178d75593ad4f4e7c9b296,1
C:\Users\confl\AppData\Local\Programs\STM32CubeMX\db\mcu\STM32L151RCTxA.xml,939d3b0493398ccb3b20d6728689faa5582ac41bb4ba1a9d11559c09eff4e534,1
C:\Users\confl\AppData\Local\Programs\STM32CubeMX\db\mcu\STM32L151RCYx.xml,28548d65a9bcbcf2c00cc5befcf89e235730ac22765e974ee3b795bdf3a7da2f,1
C:\Users\confl\AppData\Local\Programs\STM32CubeMX\db\mcu\STM32L151RDTx.xml,f52c81949cc980c47841df6b1cfa3cd4ecd2ff7d90705462da8a2d9c60db97ba,1
C:\Users\confl\AppData\Local\Programs\STM32CubeMX\db\mcu\STM32L151RDYx.xml,ce264d840d75149c0f8c137e0a0b3e1230b68acc3af618efb19bd7bade586943,1
C:\Users\confl\AppData\Local\Programs\STM32CubeMX\db\mcu\STM32L151RETx.xml,6a98de9a4d818aa5438aa84e1b3ceefeae1cecf152626689ad16b0a098624fcd,1
C:\Users\confl\AppData\Local\Programs\STM32CubeMX\db\mcu\STM32L151UCYx.xml,700c19e48599f8efb1619af23ded62b946cb2ce5f0e1c4c60d7761d46c2c2400,1
C:\Users\confl\AppData\Local\Programs\STM32CubeMX\db\mcu\STM32L151V(8-B)Hx.xml,468dcbf453585cd1b5033ed43a08dd8e9e0c30cfbaf1f91913c735c2e964421b,2
C:\Users\confl\AppData\Local\Programs\STM32CubeMX\db\mcu\STM32L151V(8-B)HxA.xml,07f849aa76ca7d93fc44270cf7c7a9c1a32a02c9ca05a1710f2f87460b480cd0,2
C:\Users\confl\AppData\Local\Programs\STM32CubeMX\db\mcu\STM32L151V(8-B)Tx.xml,9feda8f1c7f9a4247b6988c40329d5da96120b3252a58310b2c604938dbe91b6,2
C:\Users\confl\AppData\Local\Programs\STM32CubeMX\db\mcu\STM32L151V(8-B)TxA.xml,2a8c71d55472e5eb7531b00850ae6f8eb1a3366cbaedd5d8f19f26cc98de94ac,2
C:\Users\confl\AppData\Local\Programs\STM32CubeMX\db\mcu\STM32L151VCHx.xml,d845306da1df0993693a1f808863a617c7735477ad5be96efb65da9aa48dfce9,1
C:\Users\confl\AppData\Local\Programs\STM32CubeMX\db\mcu\STM32L151VCTx.xml,7fac934b4052b578189a5cbc6f2192b998a3cc27c68900a5b9a9a3be56a13ead,1
C:\Users\confl\AppData\Local\Programs\STM32CubeMX\db\mcu\STM32L151VCTxA.xml,b4474ec89a823b93120c38bad384462e61ca3ea411095365b61da536e1772b7d,1
C:\Users\confl\AppData\Local\Programs\STM32CubeMX\db\mcu\STM32L151VDTx.xml,c1655ac77fc2ccd8f1990120525b74ab6fff941ad9c69bde3db01c29f1150a1c,1
C:\Users\confl\AppData\Local\Programs\STM32CubeMX\db\mcu\STM32L151VDTxX.xml,9b626b70afbd165600250127801839e91e03c0511498b5edcfa60a80214dc630,1
C:\Users\confl\AppData\Local\Programs\STM32CubeMX\db\mcu\STM32L151VDYxX.xml,0175f75a700a39ba2e4341f8c1b167b06c44d1b456dfdf16a2a33066a2cc4bf2,1
C:\Users\confl\AppData\Local\Programs\STM32CubeMX\db\mcu\STM32L151VETx.xml,7caeac63e5b5f49b7669bf3ec2d9d2c8ca2710db74033d36bf96d8bfd85b0214,1
C:\Users\confl\AppData\Local\Programs\STM32CubeMX\db\mcu\STM32L151VEYx.xml,152466fc043b5fd3df326eeaa75f4bb3ff8ac5e3d2c256612a92078f8e2f3cba,1
C:\Users\confl\AppData\Local\Programs\STM32CubeMX\db\mcu\STM32L151ZCTx.xml,8f85b263d8a4b0d702f497e48a31220e94064f57a92ea3547867e4e8c937cf56,1
C:\Users\confl\AppData\Local\Programs\STM32CubeMX\db\mcu\STM32L151ZDTx.xml,7162ff8c2e41ec16e97362df7e28e147b26f91d038bd654c0e64e4e31a525c09,1
C:\Users\confl\AppData\Local\Programs\STM32CubeMX\db\mcu\STM32L151ZETx.xml,0c26ade3077028fa983e70b7a74d855bf0ada53bd805f4b3997c8752f5de2479,1
C:\Users\confl\AppData\Local\Programs\STM32CubeMX\db\mcu\STM32L152C(6-8-B)Tx.xml,c7fb0ec7b432d50d644b1a99550d832475b1369ccc60a481f7cd1cba8b111599,3
C:\Users\confl\AppData\Local\Programs\STM32CubeMX\db\mcu\STM32L152C(6-8-B)TxA.xml,1a52593d2d96159c055bbb96576abc19afce4590cc74166ad88ba6b0f0bed752,3
C:\Users\confl\AppData\Local\Programs\STM32CubeMX\db\mcu\STM32L152C(6-8-B)Ux.xml,8de51c8b530de53d9b4fd2e344c034ae8c271823cf76e16712b8420ec607c784,3
C:\Users\confl\AppData\Local\Programs\STM32CubeMX\db\mcu\STM32L152C(6-8-B)UxA.xml,aa6033f8cc45c0cd33a8799c0404f47d388625bd3e6f232bf8ed8eb305aa0fef,3
C:\Users\confl\AppData\Local\Programs\STM32CubeMX\db\mcu\STM32L152CCTx.xml,35ebeb3853a770a34e835943ff9a9dfe991d144e8d833bcc29e2fd6d36aacb04,1
C:\Users\confl\AppData\Local\Programs\STM32CubeMX\db\mcu\STM32L152CCUx.xml,c6fad1e866d5cb177ec2531569460a90caaad08c5fe9259207bb8a2a9bcd7396,1
C:\Users\confl\AppData\Local\Programs\STM32CubeMX\db\mcu\STM32L152QCHx.xml,7e3a1725d62508b14db84f7fe0032822e096f462601e09006411016482d3b30f,1
C:\Users\confl\AppData\Local\Programs\STM32CubeMX\db\mcu\STM32L152QDHx.xml,56d27722a5421d626286074b9e6afabd5a7ed8098fe51bef8dcad6c8563fce11,1
C:\Users\confl\AppData\Local\Programs\STM32CubeMX\db\mcu\STM32L152QEHx.xml,6b33f80ec36bcae2cd0c2492f74339a006a005c9f282a736cc3f3ebc8200f9a0,1
C:\Users\confl\AppData\Local\Programs\STM32CubeMX\db\mcu\STM32L152R(6-8-B)Hx.xml,6f7285f05f0f1fc7c98c52ab0650130541f2d470e7116875341f95c6eb2fea75,3
C:\Users\confl\AppData\Local\Programs\STM32CubeMX\db\mcu\STM32L152R(6-8-B)HxA.xml,310559f1cfdcfbed4f3ee63f362f553eb5c80e86f71ae47be27f1dbe06989d8b,3
C:\Users\confl\AppData\Local\Programs\STM32CubeMX\db\mcu\STM32L152R(6-8-B)Tx.xml,b6d6c5a77d4dc98a88314ccf9efc6166d8d6dab25035f11c9898b113b44c4b40,3
C:\Users\confl\AppData\Local\Programs\STM32CubeMX\db\mcu\STM32L152R(6-8-B)TxA.xml,a349785a99505712f97134d2e48e24e8dafdcf0ccc5cb07e06c7d595c8a582f6,3
C:\Users\confl\AppData\Local\Programs\STM32CubeMX\db\mcu\STM32L152RCTx.xml,52f3dd9cc65e80003ea8e86dac620f57bc10f7c4129b5ca8bed39a717c1e7692,1
C:\Users\confl\AppData\Local\Programs\STM32CubeMX\db\mcu\STM32L152RCTxA.xml,bba4b2ffff5356b79fb3996eed9e9749b56918b949bd88ccce063a125a27b112,1
C:\Users\confl\AppData\Local\Programs\STM32CubeMX\db\mcu\STM32L152RDTx.xml,e1ca3979aafe6d1a0349416dc33f03963baf57e963798532c000e033650e7830,1
C:\Users\confl\AppData\Local\Programs\STM32CubeMX\db\mcu\STM32L152RDYx.xml,eab88e14c2fb2f93024f972d720da1b756ee4918c96a61aeb4100e7e8647359b,1
C:\Users\confl\AppData\Local\Programs\STM32CubeMX\db\mcu\STM32L152RETx.xml,5c42479c2c993c38c1172401681ab89589f94854c85529600906cf5d1d103085,1
C:\Users\confl\AppData\Local\Programs\STM32CubeMX\db\mcu\STM32L152UCYx.xml,f2d8cda074eb735489deda1744a25901dab69a740f88c9a5637fc1794d05e618,1
C:\Users\confl\AppData\Local\Programs\STM32CubeMX\db\mcu\STM32L152V(8-B)Hx.xml,0736f68d0d072a7b973feff218eb03f40f33095c408298018f309d8ed41a9728,2
C:\Users\confl\AppData\Local\Programs\STM32CubeMX\db\mcu\STM32L152V(8-B)HxA.xml,b6c8a7d57934a9f7220d2d1a2706c2e72f9a08600d01abbfcd49196a96de1e52,2
C:\Users\confl\AppData\Local\Programs\STM32CubeMX\db\mcu\STM32L152V(8-B)Tx.xml,5608c063d0301a391f362d5ac11000d5559d55a642348143b94bfc17646b0fa9,2
C:\Users\confl\AppData\Local\Programs\STM32CubeMX\db\mcu\STM32L152V(8-B)TxA.xml,909a5adcf5319cb4b82b472db1bedaad8a1b5acd95e47d71d2a8fb7cf5c0b3b1,2
C:\Users\confl\AppData\Local\Programs\STM32CubeMX\db\mcu\STM32L152VCHx.xml,19ebabef35b508eac7449b8ed0150abf4b5ffb44d7bda29faf07b483c9894101,1
C:\Users\confl\AppData\Local\Programs\STM32CubeMX\db\mcu\STM32L152VCTx.xml,9c8622fa4b4e9f518a95437942d00b5c51e46f4fd5f28068b50f8e3ac0f11e14,1
C:\Users\confl\AppData\Local\Programs\STM32CubeMX\db\mcu\STM32L152VCTxA.xml,016aeccb572cfb9072f263acd12191e04d05f494f3bf6a45d0c80f1636258a64,1
C:\Users\confl\AppData\Local\Programs\STM32CubeMX\db\mcu\STM32L152VDTx.xml,3c3dbc42fb905c9324175a7c560387726b3f7c296b6ea6f3f7a84d88030b881d,1
C:\Users\confl\AppData\Local\Programs\STM32CubeMX\db\mcu\STM32L152VDTxX.xml,173a4140d992764eac3362d37461d252594f1d60ea6abe21d90b790729709573,1
C:\Users\confl\AppData\Local\Programs\STM32CubeMX\db\mcu\STM32L152VETx.xml,90f15ac9b609217f28a11d4792a719ac88523e6aba87492abf1f24845e2817cf,1
C:\Users\confl\AppData\Local\Programs\STM32CubeMX\db\mcu\STM32L152VEYx.xml,0bc1ef238508faf79427aeef5cd0981bbfb1f8ef1f38530310c4fd314b449379,1
C:\Users\confl\AppData\Local\Programs\STM32CubeMX\db\mcu\STM32L152ZCTx.xml,dc9c349488dea6774f3f6e8103ec07d12e6077b0c4c8bca3e89f67783a5beb71,1
C:\Users\confl\AppData\Local\Programs\STM32CubeMX\db\mcu\STM32L152ZDTx.xml,8262c64568a8289af1a7a35d0587be5548cbda9dab46897314bdef2865b58d61,1
C:\Users\confl\AppData\Local\Programs\STM32CubeMX\db\mcu\STM32L152ZETx.xml,ccfcad4507c81aab3b7ff23eeb6874d90bfc8a2935ba878eb8ddf02b73eebde3,1
C:\Users\confl\AppData\Local\Programs\STM32CubeMX\db\mcu\STM32L162QCHx.xml,94a52f14b6e03933d5c8afe6afc4305c176155c6553b0100a310f0c1f637bee8,1
C:\Users\confl\AppData\Local\Programs\STM32CubeMX\db\mcu\STM32L162QDHx.xml,60407c234f4d7174783506ce4b330daa47c62bb1be8de06554dbde71a7616a6f,1
C:\Users\confl\AppData\Local\Programs\STM32CubeMX\db\mcu\STM32L162RCTx.xml,530926332d9b8775cbaf6e49388ebd5543cd856caa4640086a734094a2c71742,1
C:\Users\confl\AppData\Local\Programs\STM32CubeMX\db\mcu\STM32L162RCTxA.xml,c7eed49152caac00161bc3448a5929c17271116fa319c995e9f33a6da4ac58f3,1
C:\Users\confl\AppData\Local\Programs\STM32CubeMX\db\mcu\STM32L162RDTx.xml,d61997d6ec57886d644aa183e72c546848e3a4eaad17184d2e20cadb57f524d1,1
C:\Users\confl\AppData\Local\Programs\STM32CubeMX\db\mcu\STM32L162RDYx.xml,e886d138a6f2ee19036453ce19348c170ce2965eb18447e695eb87009e71dada,1
C:\Users\confl\AppData\Local\Programs\STM32CubeMX\db\mcu\STM32L162RETx.xml,14c80e019ac369d602b911270a6261a784e8478695bd43523af6d5f9d111d28f,1
C:\Users\confl\AppData\Local\Programs\STM32CubeMX\db\mcu\STM32L162VCHx.xml,66c6e5824bf42cfb7ca321c9453bb70540fafb44a569b0e8f799ec2126ef5eb5,1
C:\Users\confl\AppData\Local\Programs\STM32CubeMX\db\mcu\STM32L162VCTx.xml,9c021dd8651bb27fe9dead3214b2bab7a406ef1dedfbed85a07aae69e7c0f93b,1
C:\Users\confl\AppData\Local\Programs\STM32CubeMX\db\mcu\STM32L162VCTxA.xml,f7407edde8e8040d49911e7fd4e27eb05a72588bd54ab8a4b17345b0b9138238,1
C:\Users\confl\AppData\Local\Programs\STM32CubeMX\db\mcu\STM32L162VDTx.xml,bcdaca2a6f06696b26c7e5842666b40fdc5443c31b335eae5429f3c60c745468,1
C:\Users\confl\AppData\Local\Programs\STM32CubeMX\db\mcu\STM32L162VDYxX.xml,65aeb4c2eb10860658a825ba1455c2e951e75dab10872ed89b14de19633d632f,1
C:\Users\confl\AppData\Local\Programs\STM32CubeMX\db\mcu\STM32L162VETx.xml,08e98df529e28aadf0c2245831bbe7957e85a0470265ab332883758cf45adf12,1
C:\Users\confl\AppData\Local\Programs\STM32CubeMX\db\mcu\STM32L162VEYx.xml,df093fb0eb69d8d80641613103d8c2dbbdd2d53265b05a4e006a7cb17a7a4aa5,1
C:\Users\confl\AppData\Local\Programs\STM32CubeMX\db\mcu\STM32L162ZCTx.xml,31691e5589442344c76b4b13eaba3402f4f028551ae35ceea3fb2a82ca2da305,1
C:\Users\confl\AppData\Local\Programs\STM32CubeMX\db\mcu\STM32L162ZDTx.xml,8a466e8a1a0cc4f29b48181b3906c3ca24093b63380a9cd504aa5c3353b5735a,1
C:\Users\confl\AppData\Local\Programs\STM32CubeMX\db\mcu\STM32L162ZETx.xml,6a3926d64319f8e8f76fa2722776bdeeeb96ae31e051ce284e3d42e551ad2494,1
C:\Users\confl\AppData\Local\Programs\STM32CubeMX\db\mcu\STM32L412C8Tx.xml,8a13e6a68117c94c1bba92b14128bb3a97b4897eebaafd338b53e81d22e1f731,1
C:\Users\confl\AppData\Local\Programs\STM32CubeMX\db\mcu\STM32L412C8Ux.xml,4163c341c0d044f71b75d4253d224dee1de6ccdc32181e61dc5b4fc3ad6ea42a,1
C:\Users\confl\AppData\Local\Programs\STM32CubeMX\db\mcu\STM32L412CBTx.xml,c80ba9d5e778fa59f75414ab37342bc065ce3578e6eaa3e7495c3366b4441146,1
C:\Users\confl\AppData\Local\Programs\STM32CubeMX\db\mcu\STM32L412CBTxP.xml,07949561fd878777e06f0bccfea2254c47b87f46b048167057c102b796bb00d0,1
C:\Users\confl\AppData\Local\Programs\STM32CubeMX\db\mcu\STM32L412CBUx.xml,48840e5141a7fb246f10b83e7ece85dc5f50de43996b64dcba2a7f16c6c2701b,1
C:\Users\confl\AppData\Local\Programs\STM32CubeMX\db\mcu\STM32L412CBUxP.xml,0bc3d4e28e6ac7874ac43e6de5229ff57fcb8417e5c867c279f9822a35ec30a2,1
C:\Users\confl\AppData\Local\Programs\STM32CubeMX\db\mcu\STM32L412K8Tx.xml,49c77122aa00bbfec1515bb58bd442b2603258ebc79d8077312ea3b72c7eedc2,1
C:\Users\confl\AppData\Local\Programs\STM32CubeMX\db\mcu\STM32L412K8Ux.xml,a092d2b23f5556fb8201ecddbe7fab093a01685b58169a7cff32c744e2b1dd74,1
C:\Users\confl\AppData\Local\Programs\STM32CubeMX\db\mcu\STM32L412KBTx.xml,be09726428b175938e95f7f5c39661903612a12d5ad18e4d58f972f01d054e36,1
C:\Users\confl\AppData\Local\Programs\STM32CubeMX\db\mcu\STM32L412KBUx.xml,a50cf8a9f9db18607ffc4de1dfd3122b28a50d937cab1bb7ba3db66112d1efeb,1
C:\Users\confl\AppData\Local\Programs\STM32CubeMX\db\mcu\STM32L412R8Ix.xml,9e7c86ace2407f3eac1405c5fd8e7c3611153e09b82be61cf50b12bd6475d699,1
C:\Users\confl\AppData\Local\Programs\STM32CubeMX\db\mcu\STM32L412R8Tx.xml,a30231919ef3cf61e80e4c5d4b81fe805caaddfbefb227cf1f088a13745500b8,1
C:\Users\confl\AppData\Local\Programs\STM32CubeMX\db\mcu\STM32L412RBIx.xml,338fac9e8d6f69bc1c1da3554e1d4df0ae1dfbfaec74ece789dcf7b4e6ae7371,1
C:\Users\confl\AppData\Local\Programs\STM32CubeMX\db\mcu\STM32L412RBIxP.xml,165e64228180eb1eaf538d0262969037436bdd8ce4b44891c798f6808386e2e3,1
C:\Users\confl\AppData\Local\Programs\STM32CubeMX\db\mcu\STM32L412RBTx.xml,6b4486ba2793448873f58b720d291b900ee04c276d71c06ff622bdcf29daf0a2,1
C:\Users\confl\AppData\Local\Programs\STM32CubeMX\db\mcu\STM32L412RBTxP.xml,a48c165f98ab28c8beba3ecae4b5ede9a2578398eb371abf7ae7ec50f8bc4135,1
C:\Users\confl\AppData\Local\Programs\STM32CubeMX\db\mcu\STM32L412T8Yx.xml,25af2e451685ec16832d7c001535e7c326545d41529bca3daddfeb6f74332636,1
C:\Users\confl\AppData\Local\Programs\STM32CubeMX\db\mcu\STM32L412TBYx.xml,c4e544ffc78cecc3fef00b337dd7ed629da32a9212da4d066e5c9042e79d5a9f,1
C:\Users\confl\AppData\Local\Programs\STM32CubeMX\db\mcu\STM32L412TBYxP.xml,a1a1ced693a3cdb4b338ac8859aa39a08a2cfc56093c214fdacf68d84b0fb442,1
C:\Users\confl\AppData\Local\Programs\STM32CubeMX\db\mcu\STM32L422CBTx.xml,f94e924af25bcb7b887bdfaba68e5cbab3b84bbd79cfec35bfcd09805c5071b9,1
C:\Users\confl\AppData\Local\Programs\STM32CubeMX\db\mcu\STM32L422CBUx.xml,71102f87ea9c8ba5bb78447f9b3102f43b7581d3516834ac4bea3cc303bb9b0c,1
C:\Users\confl\AppData\Local\Programs\STM32CubeMX\db\mcu\STM32L422KBTx.xml,216fc01890899275dc80e0bbbb6210cd755c7d571491f4f2de4033edc251e869,1
C:\Users\confl\AppData\Local\Programs\STM32CubeMX\db\mcu\STM32L422KBUx.xml,1184fb241c7633e359b00e7e57a258182057b8291aa8675243ba658c5c897cfb,1
C:\Users\confl\AppData\Local\Programs\STM32CubeMX\db\mcu\STM32L422RBIx.xml,752f7710f27edc618f6b86a04e4fbd09467f4dfa21f8a3b4569d0ffb4f33466e,1
C:\Users\confl\AppData\Local\Programs\STM32CubeMX\db\mcu\STM32L422RBTx.xml,d8efc8b2e41f1aafde7483ea573367e21117a284a3f4c971fdc915ce2f834e87,1
C:\Users\confl\AppData\Local\Programs\STM32CubeMX\db\mcu\STM32L422TBYx.xml,e683ec2fbfa182d8fd992bff6fcf71d32103e4e69e57f2461c8005ca1a6e0186,1
C:\Users\confl\AppData\Local\Programs\STM32CubeMX\db\mcu\STM32L431C(B-C)Tx.xml,b7b270f525c9987877e944d24a16f074490729934fe63aa7d8d0f08e65a60178,2
C:\Users\confl\AppData\Local\Programs\STM32CubeMX\db\mcu\STM32L431C(B-C)Ux.xml,6b891a57abb562a199cc5af05564057393dee5ee3c1ace4cd0edabfa21c226e8,2
C:\Users\confl\AppData\Local\Programs\STM32CubeMX\db\mcu\STM32L431C(B-C)Yx.xml,9839f0ae5e1ddcc680826f48c9d926e717d76ec78d92f88bf58818794a8022fe,2
C:\Users\confl\AppData\Local\Programs\STM32CubeMX\db\mcu\STM32L431K(B-C)Ux.xml,fbbf9e30213502273dbf83ef85f479a1b0f5995384969883cf12a3708ed140a6,2
C:\Users\confl\AppData\Local\Programs\STM32CubeMX\db\mcu\STM32L431R(B-C)Ix.xml,d3b2d15b5a527c399a4265d12c2cc8e245431962d930f73e0f2aff29a7fd07d8,2
C:\Users\confl\AppData\Local\Programs\STM32CubeMX\db\mcu\STM32L431R(B-C)Tx.xml,501f1306e7f69dc36266b9a9b989bddd0c74337e9638cfc3d965c55dcb66a9a1,2
C:\Users\confl\AppData\Local\Programs\STM32CubeMX\db\mcu\STM32L431R(B-C)Yx.xml,91da7987ee3cd99fc06e23fae91dbdda063a1ce155c8e7e78fd763647201e3a4,2
C:\Users\confl\AppData\Local\Programs\STM32CubeMX\db\mcu\STM32L431VCIx.xml,c06cb60ba80b1fc5a16102f5ba175e46fca4b11d2d1383d164dcab3761efef59,1
C:\Users\confl\AppData\Local\Programs\STM32CubeMX\db\mcu\STM32L431VCTx.xml,32a8555fe7572fdb7f1177009385554e9292074f953eaf3f4e942d92464cd4f3,1
C:\Users\confl\AppData\Local\Programs\STM32CubeMX\db\mcu\STM32L432K(B-C)Ux.xml,4ca7f7089b7287f5e353c05e0ff602dc6307d6eb87143766feffee4d602a3cf5,2
C:\Users\confl\AppData\Local\Programs\STM32CubeMX\db\mcu\STM32L433C(B-C)Tx.xml,9e21933c00f04486063a32e669fc5d32c7e4816662afd9e8ab17b5a639548379,2
C:\Users\confl\AppData\Local\Programs\STM32CubeMX\db\mcu\STM32L433C(B-C)Ux.xml,ed824190eb73da17383355d7af559df5e44ef9c3cfc2a68d10f28d4f8d611931,2
C:\Users\confl\AppData\Local\Programs\STM32CubeMX\db\mcu\STM32L433C(B-C)Yx.xml,5ffb336a082e53a8492b83f0852f18554c32d893d35fff4b6f079eefa3f73878,2
C:\Users\confl\AppData\Local\Programs\STM32CubeMX\db\mcu\STM32L433R(B-C)Ix.xml,2e8e035c64fc7a7b9c562be09a73da61d36246f206deda126704b0c20f2d3e60,2
C:\Users\confl\AppData\Local\Programs\STM32CubeMX\db\mcu\STM32L433R(B-C)Tx.xml,131e9a426f20d10e8038535f282a9fc70ff6a649ebaa128c667580a6ac4ad9ee,2
C:\Users\confl\AppData\Local\Programs\STM32CubeMX\db\mcu\STM32L433R(B-C)Yx.xml,1bc991494188607d620e798f1790f4e2517dbe82cf31e3b87e6097df81edaaad,2
C:\Users\confl\AppData\Local\Programs\STM32CubeMX\db\mcu\STM32L433RCTxP.xml,4a313912d2fa4b4f56e45b9ca1cf87e6da44a8dd28ea9a39774ae611e5d4d347,1
C:\Users\confl\AppData\Local\Programs\STM32CubeMX\db\mcu\STM32L433VCIx.xml,22ed35ac648911494c0400612ea866f810c8c1fa5e2a95395943974e4da4e962,1
C:\Users\confl\AppData\Local\Programs\STM32CubeMX\db\mcu\STM32L433VCTx.xml,d5de44de7a1e438da40d5ae3b577530e9451672111473d40664ba20dbe6e531c,1
C:\Users\confl\AppData\Local\Programs\STM32CubeMX\db\mcu\STM32L442KCUx.xml,947f473a525e005286a35fe08cb243fdc6aa1e5016f8d2dbd1bd840f96f7eeb7,1
C:\Users\confl\AppData\Local\Programs\STM32CubeMX\db\mcu\STM32L443CCFx.xml,39393ecde13f631ff734d51fa76c1f7f391994d787b4fe577daad9507e5dfee5,1
C:\Users\confl\AppData\Local\Programs\STM32CubeMX\db\mcu\STM32L443CCTx.xml,676a6791a56425e8b9be89b95c11dbb33ef957a2e42605524681c7b3f630fb55,1
C:\Users\confl\AppData\Local\Programs\STM32CubeMX\db\mcu\STM32L443CCUx.xml,a4010a981f0d51628c8a7cf2cb07c0930aa92a865bdd5394e27c05b685badfa5,1
C:\Users\confl\AppData\Local\Programs\STM32CubeMX\db\mcu\STM32L443CCYx.xml,8e2669e4810b9719a89ad4292a2ba5db1480d386443d60e8a7a6bd480962c5d4,1
C:\Users\confl\AppData\Local\Programs\STM32CubeMX\db\mcu\STM32L443RCIx.xml,67714c75c19aa860a969b5bd48a6e0a2eba8f0d9a3dae2b21b426f394fb9f690,1
C:\Users\confl\AppData\Local\Programs\STM32CubeMX\db\mcu\STM32L443RCTx.xml,91df04061ea0e1ed7e31b4313dc191b8a0ebb044aea04ef140dd6cf57fa5e881,1
C:\Users\confl\AppData\Local\Programs\STM32CubeMX\db\mcu\STM32L443RCYx.xml,27bae922d74d70a06b0f0c37949b7df38cb33bddbbecbb9dfa64bf910412e119,1
C:\Users\confl\AppData\Local\Programs\STM32CubeMX\db\mcu\STM32L443VCIx.xml,8e9dbe921d6c3781c426b5ab2b21c549431176387129cecba85937d899d87f44,1
C:\Users\confl\AppData\Local\Programs\STM32CubeMX\db\mcu\STM32L443VCTx.xml,df6db5d751c4efb07a7bcdbdadad3089419fdcec24b97dfcc3db7523718c1b01,1
C:\Users\confl\AppData\Local\Programs\STM32CubeMX\db\mcu\STM32L451C(C-E)Ux.xml,0de71f62f1f40bca6326ad393456edea6202060199baf968d8f0ade4d39a779f,2
C:\Users\confl\AppData\Local\Programs\STM32CubeMX\db\mcu\STM32L451CETx.xml,dbc703e2bb25016ea627ad601d16836a8caf3728cf531192223968843a199aee,1
C:\Users\confl\AppData\Local\Programs\STM32CubeMX\db\mcu\STM32L451R(C-E)Ix.xml,057496dc97a2f5c4a1e2fb6587fdc405f7deff70a358628c287f85d53f5dda66,2
C:\Users\confl\AppData\Local\Programs\STM32CubeMX\db\mcu\STM32L451R(C-E)Tx.xml,9f35c38c073b19c5021550d2aa855eb4e35853946862d7f4e0e6c78cb3b235af,2
C:\Users\confl\AppData\Local\Programs\STM32CubeMX\db\mcu\STM32L451R(C-E)Yx.xml,339e31ce2dfa0e4e9f9e97b70971189b274b9696cadeabad61e3f56e61875f46,1
C:\Users\confl\AppData\Local\Programs\STM32CubeMX\db\mcu\STM32L451V(C-E)Ix.xml,467650d0f458a1f3355f76d416eaae37fb361287f4a9bf685b9997b02f28740d,2
C:\Users\confl\AppData\Local\Programs\STM32CubeMX\db\mcu\STM32L451V(C-E)Tx.xml,d19b4c1408a5bae4ca5b0407cca8a8ec67678ffd2ce59d1e1323a20740a84314,2
C:\Users\confl\AppData\Local\Programs\STM32CubeMX\db\mcu\STM32L452C(C-E)Ux.xml,12ccf514fa0bcd8ab81d56caa510b0fb1a4d91d317745c485bca5b9710215ecc,2
C:\Users\confl\AppData\Local\Programs\STM32CubeMX\db\mcu\STM32L452CETx.xml,191ee69a4df4f80466624d047d06142055a383ba05713e2ebae07da5fe15fb56,1
C:\Users\confl\AppData\Local\Programs\STM32CubeMX\db\mcu\STM32L452CETxP.xml,bc3b4ed7c228e3511a03aad29fb5219d9bb969d6a1b1cd19d091b04df44eb7e5,1
C:\Users\confl\AppData\Local\Programs\STM32CubeMX\db\mcu\STM32L452R(C-E)Ix.xml,878925d6bff35b29f8379011ce7101155173300f1f5f7fbab3c2ed79c31f868f,2
C:\Users\confl\AppData\Local\Programs\STM32CubeMX\db\mcu\STM32L452R(C-E)Tx.xml,9cddf82891099ce91e397a6f73e404ef83ddbbe5b202757d5b2d2f0a5ba4bee8,2
C:\Users\confl\AppData\Local\Programs\STM32CubeMX\db\mcu\STM32L452R(C-E)Yx.xml,4dbcd6f0eba8649bdd9547d96dbcc8ed8b3ccefa7d6a84585278979513919174,1
C:\Users\confl\AppData\Local\Programs\STM32CubeMX\db\mcu\STM32L452RETxP.xml,cc31d7aea6d20213fde209ee7be00368b197645ef689f19cec199d91ce221c1b,1
C:\Users\confl\AppData\Local\Programs\STM32CubeMX\db\mcu\STM32L452REYxP.xml,e0ce858ed04ce54dafb4747c370ae2ad82505634b4b425df41929e23631b471e,1
C:\Users\confl\AppData\Local\Programs\STM32CubeMX\db\mcu\STM32L452V(C-E)Ix.xml,173f3b380d0d77b33bcaba0bef2c7dff4e4eaa99be525a1186b87ff4e3c5a446,2
C:\Users\confl\AppData\Local\Programs\STM32CubeMX\db\mcu\STM32L452V(C-E)Tx.xml,ca0b82276129c8a1a8bbbd0e7427421dbe83fdf20ac38fb4e847edc2a924008c,2
C:\Users\confl\AppData\Local\Programs\STM32CubeMX\db\mcu\STM32L462CETx.xml,1c28926bd9378bdbde6c6ee17b0c640b5766d23584d08d046199609cbce8bf93,1
C:\Users\confl\AppData\Local\Programs\STM32CubeMX\db\mcu\STM32L462CEUx.xml,f53986a5d9136c03d62f272faa8e022db7914e92de7832189bab696a06690cc0,1
C:\Users\confl\AppData\Local\Programs\STM32CubeMX\db\mcu\STM32L462REIx.xml,ddc4643c2e9d27deb9ab98d7cb59955a325c783eb8f911e9284e794ec4438d1e,1
C:\Users\confl\AppData\Local\Programs\STM32CubeMX\db\mcu\STM32L462RETx.xml,d640f0ac684d39c019ab98de7df18206bbbe5efe5a0f505d3a2d8f740f0c2c76,1
C:\Users\confl\AppData\Local\Programs\STM32CubeMX\db\mcu\STM32L462REYx.xml,10ad3ec2413d0c02a1b93a611198b0378758223139219b8c7112f6b335fde6e9,1
C:\Users\confl\AppData\Local\Programs\STM32CubeMX\db\mcu\STM32L462VEIx.xml,252cdd2dd774e8580604b7e3eaac1e131bcf78e8873fb1893b9ce998f9569edc,1
C:\Users\confl\AppData\Local\Programs\STM32CubeMX\db\mcu\STM32L462VETx.xml,ae0ff548f5488dd5e702117ab8d10b2a97320fae3eb5295d696f3be40dc45a21,1
C:\Users\confl\AppData\Local\Programs\STM32CubeMX\db\mcu\STM32L471Q(E-G)Ix.xml,8224f033809c2b431569d4fe36b83fc4e80f9fe056b2a4c06c8e8b9a80404134,2
C:\Users\confl\AppData\Local\Programs\STM32CubeMX\db\mcu\STM32L471R(E-G)Tx.xml,230c6f2df55414b6e0e6a1a45a6e2058a9f205c4a5c897355548e8e9a3ce8d4e,2
C:\Users\confl\AppData\Local\Programs\STM32CubeMX\db\mcu\STM32L471V(E-G)Tx.xml,b382ed203b5f20748fa6ad9dbefa309169fb1cfe27036ddb079f1b4496848980,2
C:\Users\confl\AppData\Local\Programs\STM32CubeMX\db\mcu\STM32L471Z(E-G)Jx.xml,10a63a2220b63ba7e40bade1589e1bb2402f94a2508c721818d650e57833b2ca,2
C:\Users\confl\AppData\Local\Programs\STM32CubeMX\db\mcu\STM32L471Z(E-G)Tx.xml,f6a77833564ce262047c1bd5f36610e935f1505c60f13a5a01aae995293faaf2,2
C:\Users\confl\AppData\Local\Programs\STM32CubeMX\db\mcu\STM32L475R(C-E-G)Tx.xml,0402fae4901bf77b13f81160d2faaecc1dfc1019a3df34de6482f3104bdf4963,3
C:\Users\confl\AppData\Local\Programs\STM32CubeMX\db\mcu\STM32L475V(C-E-G)Tx.xml,28cf9057147be534ebc288359e1f5a88a87563555ba93ed7deecf5751305ca03,3
C:\Users\confl\AppData\Local\Programs\STM32CubeMX\db\mcu\STM32L476J(E-G)Yx.xml,0b6cc19a7d8953b01941a5486d56f6772ced864e3821a793485e913eda2088c9,2
C:\Users\confl\AppData\Local\Programs\STM32CubeMX\db\mcu\STM32L476JGYxP.xml,6c5e37e4c3b69bda18f851481448a0998972b53e819448ce5e0961f0d9d1fc29,1
C:\Users\confl\AppData\Local\Programs\STM32CubeMX\db\mcu\STM32L476M(E-G)Yx.xml,5a0768f0694532efab38798f9f09b33ce951a2a0ef621119537d3a0272e63fbd,2
C:\Users\confl\AppData\Local\Programs\STM32CubeMX\db\mcu\STM32L476Q(E-G)Ix.xml,73ebe404c69ff249a74f710a62110ab08c06bef77f49283851f231e69121b29d,2
C:\Users\confl\AppData\Local\Programs\STM32CubeMX\db\mcu\STM32L476QGIxP.xml,d423b2336982c9cac8829e7eac03582052669e707ef440b7a1e66450ba3e6793,1
C:\Users\confl\AppData\Local\Programs\STM32CubeMX\db\mcu\STM32L476R(C-E-G)Tx.xml,40c9ea81db612f69a32e0e038537e6c948b1ff9e57b7159c49452fb926d5551a,3
C:\Users\confl\AppData\Local\Programs\STM32CubeMX\db\mcu\STM32L476V(C-E-G)Tx.xml,7e318d2f7e6e160074d5f810197a18d4dd1ef8dc761de09fb6b66e43ec4061ac,3
C:\Users\confl\AppData\Local\Programs\STM32CubeMX\db\mcu\STM32L476Z(E-G)Tx.xml,f7139c42ac7e74e665406f3a86a5f9e58c0163925da1cbd38dff8dd8a3112cfc,2
C:\Users\confl\AppData\Local\Programs\STM32CubeMX\db\mcu\STM32L476ZGJx.xml,74ee3f7a70859267a7bf8a5d604d6944bc71892a7f19e85c93fe2cd9c461a794,1
C:\Users\confl\AppData\Local\Programs\STM32CubeMX\db\mcu\STM32L476ZGTxP.xml,e0cacc06dd4549eb4634fbd1228ed0a1c1505649a681064f00f9af807d3b4e26,1
C:\Users\confl\AppData\Local\Programs\STM32CubeMX\db\mcu\STM32L486JGYx.xml,da8f1173f0c8b46a5d125c63bc7df04ecc6d135fbed6a74967ffd14e7b07366a,1
C:\Users\confl\AppData\Local\Programs\STM32CubeMX\db\mcu\STM32L486QGIx.xml,c276d0f6cb0b06c04e8d47517beaaece22072957e670f3cd3f217e03861efa5c,1
C:\Users\confl\AppData\Local\Programs\STM32CubeMX\db\mcu\STM32L486RGTx.xml,5a83e0cfd624edd0d55fa0bbf0e494bf7d5435d08e7b3a8b000a0824b9524d61,1
C:\Users\confl\AppData\Local\Programs\STM32CubeMX\db\mcu\STM32L486VGTx.xml,371185ff0ec4ba1e4072321bb2a61131497c2013b737f27281b32156e0e5cbf7,1
C:\Users\confl\AppData\Local\Programs\STM32CubeMX\db\mcu\STM32L486ZGTx.xml,a8c971984c3c128e2b7df9d45c84156cad38c00f1344adf9ef4cc0b91797014c,1
C:\Users\confl\AppData\Local\Programs\STM32CubeMX\db\mcu\STM32L496A(E-G)Ix.xml,934e03a39fa9a254f2b9cf6550f1ea02707fa629c83edadc5591b2c9d42dff2e,2
C:\Users\confl\AppData\Local\Programs\STM32CubeMX\db\mcu\STM32L496AGIxP.xml,c948bbd52ac4dc3acc32f035e2456e096e77dde9514c439a528a6cba8a5ffd10,1
C:\Users\confl\AppData\Local\Programs\STM32CubeMX\db\mcu\STM32L496Q(E-G)Ix.xml,c708160696eaebb5c8a4d4c5da7fed69673e713487607fe0618e1f738fc62ee5,2
C:\Users\confl\AppData\Local\Programs\STM32CubeMX\db\mcu\STM32L496QGIxP.xml,f4124bd9a3af2d2d48b301fe2616d0f35ba2829479ef088f4a9f9904dec0f944,1
C:\Users\confl\AppData\Local\Programs\STM32CubeMX\db\mcu\STM32L496QGIxS.xml,c9844ff4d388f46d6a5706205e39e47f00fb3738b8b674e38d0f352b59883eb0,1
C:\Users\confl\AppData\Local\Programs\STM32CubeMX\db\mcu\STM32L496R(E-G)Tx.xml,71836a30a38e669df6d8568b6d6929b9252930001a41be9380838f36feb757e9,2
C:\Users\confl\AppData\Local\Programs\STM32CubeMX\db\mcu\STM32L496RGTxP.xml,d9018f3bbec45203e02214f71aaa0ff596f07a9b8f62e0d1dfe061170568208b,1
C:\Users\confl\AppData\Local\Programs\STM32CubeMX\db\mcu\STM32L496V(E-G)Tx.xml,c00e9168bdcccb0301d954222bac47510314240f83b818b36f29ae0811f889f0,2
C:\Users\confl\AppData\Local\Programs\STM32CubeMX\db\mcu\STM32L496VGTxP.xml,01a005873835d76282f1c55665949c5d00f9af0be958bf88377de0ac1b69b72b,1
C:\Users\confl\AppData\Local\Programs\STM32CubeMX\db\mcu\STM32L496VGYx.xml,0e4d9181e5bdafc42aa556c56a2e7acc176c3d287fbef5722bc8e38f05aafb58,1
C:\Users\confl\AppData\Local\Programs\STM32CubeMX\db\mcu\STM32L496VGYxP.xml,937f5957bcf4273b5e27603d4031a92a520d8e6f11baf0a7ab1e0780154a00e7,1
C:\Users\confl\AppData\Local\Programs\STM32CubeMX\db\mcu\STM32L496WGYxP.xml,24787cf718e5d08f1585544a3a2e8d3059ea359cb87ee0f6030b9dfdbba23670,1
C:\Users\confl\AppData\Local\Programs\STM32CubeMX\db\mcu\STM32L496Z(E-G)Tx.xml,8291aa04d2bfc63705ecfcd16c96e6e9aa0a4bea47f265a09e8b478e52a92c74,2
C:\Users\confl\AppData\Local\Programs\STM32CubeMX\db\mcu\STM32L496ZGTxP.xml,ef3144cc329ba4f6c9a0b07654f65ef4cf4d8790f622f338994d6f49c809a0d0,1
C:\Users\confl\AppData\Local\Programs\STM32CubeMX\db\mcu\STM32L4A6AGIx.xml,27e3d77bb17a5b5e4190debc6b1f383f341f593a0a40cce52c06764b28e082ed,1
C:\Users\confl\AppData\Local\Programs\STM32CubeMX\db\mcu\STM32L4A6AGIxP.xml,737abef6439d24e5d2ae17c4d75829b32a8b42d35c557d09ede80e9b736a84db,1
C:\Users\confl\AppData\Local\Programs\STM32CubeMX\db\mcu\STM32L4A6QGIx.xml,26f32736615214562a2ea77e1cd854eca20076ed3a1e9ba2763b0203c76e4d47,1
C:\Users\confl\AppData\Local\Programs\STM32CubeMX\db\mcu\STM32L4A6QGIxP.xml,a3ddcd49b00268560eab851c7116206fd796365f9b11ca8ba4421f71167e727e,1
C:\Users\confl\AppData\Local\Programs\STM32CubeMX\db\mcu\STM32L4A6RGTx.xml,80d3f53e5ea6e4c1326789000843618c69ae95b073c15881d4e457719792f6fd,1
C:\Users\confl\AppData\Local\Programs\STM32CubeMX\db\mcu\STM32L4A6RGTxP.xml,934378915433e188a405ce1d770bf6f9c050d01f455792a1c585936ae441f119,1
C:\Users\confl\AppData\Local\Programs\STM32CubeMX\db\mcu\STM32L4A6VGTx.xml,2f56acefb565158691d62aa251601f81b1bc956fdff02409a35e93fc7065dab1,1
C:\Users\confl\AppData\Local\Programs\STM32CubeMX\db\mcu\STM32L4A6VGTxP.xml,f9702e1358cdfe3fe95e27208a2d868923c013ce9e99923d87f39b2ad51d9718,1
C:\Users\confl\AppData\Local\Programs\STM32CubeMX\db\mcu\STM32L4A6VGYx.xml,d9bd59b54abae95b45fc2221a7196e67c27fcde0015295805779190dbe0cfa42,1
C:\Users\confl\AppData\Local\Programs\STM32CubeMX\db\mcu\STM32L4A6VGYxP.xml,16b5bf9a1c746982e594f33275829f85754cb7a4c990f1306d08112a40cec253,1
C:\Users\confl\AppData\Local\Programs\STM32CubeMX\db\mcu\STM32L4A6ZGTx.xml,a5d57a7c5c213919a705e684d914987249e99fe6a147ada4bd0265ab078da5d7,1
C:\Users\confl\AppData\Local\Programs\STM32CubeMX\db\mcu\STM32L4A6ZGTxP.xml,62f5ba93576064c247f9d7f827df84662b6dbb4679a28fdda8369dd78ee156dc,1
C:\Users\confl\AppData\Local\Programs\STM32CubeMX\db\mcu\STM32L4P5A(G-E)Ix.xml,f55960aeda2c643339e58142583bfaacb0ec4ced2fb0ad11bf260da7b6837ff8,2
C:\Users\confl\AppData\Local\Programs\STM32CubeMX\db\mcu\STM32L4P5AGIxP.xml,3eaa5009237a35579af86cc77beb263a739a550f3c0539b0f2d64d942c8963c7,1
C:\Users\confl\AppData\Local\Programs\STM32CubeMX\db\mcu\STM32L4P5C(G-E)Tx.xml,e7bb0d75c2031a3946f8c1163be10e1cd441dafbfb3e09f4dd0f6ae05a4847c5,2
C:\Users\confl\AppData\Local\Programs\STM32CubeMX\db\mcu\STM32L4P5C(G-E)Ux.xml,ede303ff0d68dcd360e388b03d25bc4525970cb44cabdeabf4a065b33c818731,2
C:\Users\confl\AppData\Local\Programs\STM32CubeMX\db\mcu\STM32L4P5CGTxP.xml,1107751bcee2c4cf1bcbfd1b9039a7305784a5595b2617503c2e61977df8e062,1
C:\Users\confl\AppData\Local\Programs\STM32CubeMX\db\mcu\STM32L4P5CGUxP.xml,61c0a91ca6229f83ef8253259d385c0db12ddf94f8161b72d45937c84aaf4110,1
C:\Users\confl\AppData\Local\Programs\STM32CubeMX\db\mcu\STM32L4P5Q(G-E)Ix.xml,accd90de6096e896cab0aa6bfc801f9a4deaefa55af27f7ab5d17ef79fccc72d,2
C:\Users\confl\AppData\Local\Programs\STM32CubeMX\db\mcu\STM32L4P5QGIxP.xml,a0e553b4bcd2222435ace17742df857a5fc87daf7b1cf5a5c1600a6926f99a95,1
C:\Users\confl\AppData\Local\Programs\STM32CubeMX\db\mcu\STM32L4P5QGIxS.xml,d65a822b763b4e42a014eaa6b78db2c306b7fafd31f372cb4a2ec579eed575cd,1
C:\Users\confl\AppData\Local\Programs\STM32CubeMX\db\mcu\STM32L4P5R(G-E)Tx.xml,b8039cf919c5f66462ec7aba90d5a1b041be7cb4f4dfc93a9a2cafe2a0036909,2
C:\Users\confl\AppData\Local\Programs\STM32CubeMX\db\mcu\STM32L4P5RGTxP.xml,c5c1bb363be5d4e9025c1680a95304cfb4c1302131ea02c271477e2999289718,1
C:\Users\confl\AppData\Local\Programs\STM32CubeMX\db\mcu\STM32L4P5V(G-E)Tx.xml,b99eeb5764d1fae117166f101bf658a3dbe7717cf7ef47e4e6989c6ba824a671,2
C:\Users\confl\AppData\Local\Programs\STM32CubeMX\db\mcu\STM32L4P5V(G-E)Yx.xml,aa52991eb6f1d6f5305ca71b4bfff900da8e6c94476b7a76a6b6e472421e01ee,2
C:\Users\confl\AppData\Local\Programs\STM32CubeMX\db\mcu\STM32L4P5VGTxP.xml,b7eb6d9eec786bdf2c63be5dad0a3ca5d35a23710f5822080c213d2cd6d091e6,1
C:\Users\confl\AppData\Local\Programs\STM32CubeMX\db\mcu\STM32L4P5VGYxP.xml,0fb7041b8e97237c46e7bcddb5edbfe346409bc246ac6635b8500d97e06bdf0d,1
C:\Users\confl\AppData\Local\Programs\STM32CubeMX\db\mcu\STM32L4P5Z(G-E)Tx.xml,a6ec8ea562937525ceab94d7dafb250712a7bd7973647e3690d43b30e12e6d49,2
C:\Users\confl\AppData\Local\Programs\STM32CubeMX\db\mcu\STM32L4P5ZGTxP.xml,847557d0f34ddfc3afae59afc64561ab6dc12317867609d2db7663c1d1829388,1
C:\Users\confl\AppData\Local\Programs\STM32CubeMX\db\mcu\STM32L4Q5AGIx.xml,093ef514b6d545b5b94245874f9909c6a5dccd43840dec5f9071363643cd9f37,1
C:\Users\confl\AppData\Local\Programs\STM32CubeMX\db\mcu\STM32L4Q5AGIxP.xml,d0230424021d29b9190dfe14689f1e83993259be9c80f4370fa538f91034fec5,1
C:\Users\confl\AppData\Local\Programs\STM32CubeMX\db\mcu\STM32L4Q5CGTx.xml,620c9bbedd8a22911c617dd57c05ab443870b76d3219e2d973a96979b33f0ac1,1
C:\Users\confl\AppData\Local\Programs\STM32CubeMX\db\mcu\STM32L4Q5CGTxP.xml,c9e21a542d7b21f146425670be145c2bcbb215b9ccd36a92fdeb92b0ad2843f0,1
C:\Users\confl\AppData\Local\Programs\STM32CubeMX\db\mcu\STM32L4Q5CGUx.xml,e7f182ab40b126af6d9a2e8f820d8eac4bd514a99fb3bd8fbf4cb6b19833211a,1
C:\Users\confl\AppData\Local\Programs\STM32CubeMX\db\mcu\STM32L4Q5CGUxP.xml,0dea05c077facc1f8371ba89a35268d87651d99b9f81909fe9b384093ca05cab,1
C:\Users\confl\AppData\Local\Programs\STM32CubeMX\db\mcu\STM32L4Q5QGIx.xml,5bcf7dc9ee75051a0f1422fee1a92c80ba119559ef5c0e9c92fe04f218b6b63d,1
C:\Users\confl\AppData\Local\Programs\STM32CubeMX\db\mcu\STM32L4Q5QGIxP.xml,70a8991820f38e9341966a1603d121533e885547dddaa77fc81da9b411a8017c,1
C:\Users\confl\AppData\Local\Programs\STM32CubeMX\db\mcu\STM32L4Q5RGTx.xml,142b843b91cfc08ced6aff72c8c46759b31c045af2a0554b5498afd824ad0c63,1
C:\Users\confl\AppData\Local\Programs\STM32CubeMX\db\mcu\STM32L4Q5RGTxP.xml,774029e87cc79b4e6d51fdb935ffefd62a07bddbf95b13549fa987d6958a6812,1
C:\Users\confl\AppData\Local\Programs\STM32CubeMX\db\mcu\STM32L4Q5VGTx.xml,77f465285c9323af98e9a5d896238c6398b6ae142c69814ebdadc9df211f9b1d,1
C:\Users\confl\AppData\Local\Programs\STM32CubeMX\db\mcu\STM32L4Q5VGTxP.xml,83c5468dff987eb3c9fd0c12c3339e781657fcfa8420c663e3c82365dcf93c65,1
C:\Users\confl\AppData\Local\Programs\STM32CubeMX\db\mcu\STM32L4Q5VGYx.xml,13febddb59fc5c19e2fa7e6bf826ecf208f6253c0f676f85ed7ddc2f96c1015a,1
C:\Users\confl\AppData\Local\Programs\STM32CubeMX\db\mcu\STM32L4Q5VGYxP.xml,5df792345cf0bb6bef622c9e2cab37706a286dae7f7bf2857559e7d5806d2a56,1
C:\Users\confl\AppData\Local\Programs\STM32CubeMX\db\mcu\STM32L4Q5ZGTx.xml,6f0518f755e49dc38ce969b191f2410c2b098a35e435ba618567affd98da7d5a,1
C:\Users\confl\AppData\Local\Programs\STM32CubeMX\db\mcu\STM32L4Q5ZGTxP.xml,182722a456ea514f4b153ce72befb4dbc9056232130c9dc58233b0a9135a93aa,1
C:\Users\confl\AppData\Local\Programs\STM32CubeMX\db\mcu\STM32L4R5A(G-I)Ix.xml,0db85340db11a9c725fce1efb514d0fec42fbd1107185277e39660b06ceb717c,2
C:\Users\confl\AppData\Local\Programs\STM32CubeMX\db\mcu\STM32L4R5AIIxP.xml,495511a74abf0adb33d08353382c33b2d63f2eed7caf405c443afffed977d44d,1
C:\Users\confl\AppData\Local\Programs\STM32CubeMX\db\mcu\STM32L4R5Q(G-I)Ix.xml,1d2dc6df626359e22c4d6273f233608fd7d959271ec8dbf5c97bfc8f9ed72e89,2
C:\Users\confl\AppData\Local\Programs\STM32CubeMX\db\mcu\STM32L4R5QGIxS.xml,6534ed6f2eb3420339cfc3b34fc3b6e43a386e675d5f773774c3f23ecd604f11,1
C:\Users\confl\AppData\Local\Programs\STM32CubeMX\db\mcu\STM32L4R5QIIxP.xml,1deccff2765192fa321b5cb26f54627849114e62b967b65aa8e09392bafe3466,1
C:\Users\confl\AppData\Local\Programs\STM32CubeMX\db\mcu\STM32L4R5V(G-I)Tx.xml,d77ff76994f076739b3d5c777bef356dd08b7451a753f0cf3c94014d5f3c77fa,2
C:\Users\confl\AppData\Local\Programs\STM32CubeMX\db\mcu\STM32L4R5Z(G-I)Tx.xml,31fb7ca758f23eed5020a3192f2f9e7cae256db0a28a6745efa06dc0b132522d,2
C:\Users\confl\AppData\Local\Programs\STM32CubeMX\db\mcu\STM32L4R5Z(G-I)Yx.xml,39385520a116050aef041f486af6df32900aa31187c248dc9223a5b34be0af75,2
C:\Users\confl\AppData\Local\Programs\STM32CubeMX\db\mcu\STM32L4R5ZITxP.xml,cc4c58262f7b6b2c5ff55e5b166a754b7560dcaeee2a87b50779e68fee9511db,1
C:\Users\confl\AppData\Local\Programs\STM32CubeMX\db\mcu\STM32L4R7AIIx.xml,c37566a435b7e42972bfab37fbd60bd0f4babee6b5164093f17824b1fb93ae8e,1
C:\Users\confl\AppData\Local\Programs\STM32CubeMX\db\mcu\STM32L4R7VITx.xml,2ef0e0be6ce5fa1e655e091e8168b7e1e9d53b3b48f31db4c35e267e158d2381,1
C:\Users\confl\AppData\Local\Programs\STM32CubeMX\db\mcu\STM32L4R7ZITx.xml,b14fa20a1acce412968b94582e86180685d69f4ab97ae3ec7a35344dd2b5ace9,1
C:\Users\confl\AppData\Local\Programs\STM32CubeMX\db\mcu\STM32L4R9A(G-I)Ix.xml,4c810027a8a41c89663e275e0018d78c72f39c8444185b0529281d8829ba778e,2
C:\Users\confl\AppData\Local\Programs\STM32CubeMX\db\mcu\STM32L4R9V(G-I)Tx.xml,f31a55bfef65eac00fdc1b999068e27ed84130175017455f37cb038d6ebff36f,2
C:\Users\confl\AppData\Local\Programs\STM32CubeMX\db\mcu\STM32L4R9Z(G-I)Jx.xml,7eb50a8d69b8d5507284a8fa04d5d28ddcc4d5c4e608323632c41ccb14e8eb13,2
C:\Users\confl\AppData\Local\Programs\STM32CubeMX\db\mcu\STM32L4R9Z(G-I)Tx.xml,5ed81777ed47acdf98754f5343629f6d6c2c2c03682b8e9e44c5c48c60acd03f,2
C:\Users\confl\AppData\Local\Programs\STM32CubeMX\db\mcu\STM32L4R9Z(G-I)Yx.xml,621e7590102608700fea1f5c7d4877a47d4ebfb424e4aa858a376021bdc8887a,2
C:\Users\confl\AppData\Local\Programs\STM32CubeMX\db\mcu\STM32L4R9ZIYxP.xml,009a18bdb001c7e120967561a7239fff133f4eb3c2d8f81c9a2380d94d67860e,1
C:\Users\confl\AppData\Local\Programs\STM32CubeMX\db\mcu\STM32L4S5AIIx.xml,f299608e3dc7848fbd4d155ec8f70b690006f3e3b8d8ab048e33ca3c8f1a094a,1
C:\Users\confl\AppData\Local\Programs\STM32CubeMX\db\mcu\STM32L4S5QIIx.xml,1107431f20c74813408cb308efbd1b06374de024c3b23e2a334069747558f339,1
C:\Users\confl\AppData\Local\Programs\STM32CubeMX\db\mcu\STM32L4S5VITx.xml,964c4e5b9aedf293351f044443b2fa3d4fcdf3c173a74479a54758d05d38a35a,1
C:\Users\confl\AppData\Local\Programs\STM32CubeMX\db\mcu\STM32L4S5ZITx.xml,f4522d473402e3e44da5cd6d5e29ca3382e6cb9b1171aa8daf973bf2b0782ecf,1
C:\Users\confl\AppData\Local\Programs\STM32CubeMX\db\mcu\STM32L4S5ZIYx.xml,db2ef6daf6bfe86c605ff57ec7c559564d7e7eb1a2b46419905499e4d1a2a582,1
C:\Users\confl\AppData\Local\Programs\STM32CubeMX\db\mcu\STM32L4S7AIIx.xml,bad70804ab41dd25384588055510267304e005b2b2fab493fae3ec00e8f111e5,1
C:\Users\confl\AppData\Local\Programs\STM32CubeMX\db\mcu\STM32L4S7VITx.xml,66c301b56bbbbefca74c72e6eae97a1546501343955e587935470b0da3a01737,1
C:\Users\confl\AppData\Local\Programs\STM32CubeMX\db\mcu\STM32L4S7ZITx.xml,9c1e453f4f258e28522fca257c0df1389cd48acb89a815db3bda42e4df23c059,1
C:\Users\confl\AppData\Local\Programs\STM32CubeMX\db\mcu\STM32L4S9AIIx.xml,075f754c1c59d9b53a139f03dfdf18d1be3bd9cb2055d87655b6129450607888,1
C:\Users\confl\AppData\Local\Programs\STM32CubeMX\db\mcu\STM32L4S9VITx.xml,e96024e373c7c9ef7983a9e622e192e13277b60736edb7703426fb9700680fd6,1
C:\Users\confl\AppData\Local\Programs\STM32CubeMX\db\mcu\STM32L4S9ZIJx.xml,44fbfaa86d902fe0ddfdd5b5b5765a328e7af377406fe985088fe3104a42beaf,1
C:\Users\confl\AppData\Local\Programs\STM32CubeMX\db\mcu\STM32L4S9ZITx.xml,5bca1b0ed09a0fb837b8b3bcd90d8ae2e7b4393e82bfadf0ea0651d50a226364,1
C:\Users\confl\AppData\Local\Programs\STM32CubeMX\db\mcu\STM32L4S9ZIYx.xml,dd723db6b72cf3391cb7b2c36e539022c573f06b56b8ab2fc53b81e065de492a,1
C:\Users\confl\AppData\Local\Programs\STM32CubeMX\db\mcu\STM32L552C(C-E)Tx.xml,dd0af4f4b04bd7f9cef9a093716e59793853d0a924722aa59b5b0297e4dc1452,2
C:\Users\confl\AppData\Local\Programs\STM32CubeMX\db\mcu\STM32L552C(C-E)Ux.xml,09a2f63e037728a50aa2526c44ea5e4e5cd5799e06716cd1e11685ddae51e685,2
C:\Users\confl\AppData\Local\Programs\STM32CubeMX\db\mcu\STM32L552CETxP.xml,260536ed41d0c3d18b6d1eda1ef752974521740bdcc3b3147c72de0e6b662fa1,1
C:\Users\confl\AppData\Local\Programs\STM32CubeMX\db\mcu\STM32L552CEUxP.xml,4efb246a540b455589f4ecf33516ddd09efb3644e8f23260e1ed6a9d7580445d,1
C:\Users\confl\AppData\Local\Programs\STM32CubeMX\db\mcu\STM32L552MEYxP.xml,98f4620f76f35b26641eb29af6624108d16180f2261dedb4cd9d9493b76fd164,1
C:\Users\confl\AppData\Local\Programs\STM32CubeMX\db\mcu\STM32L552MEYxQ.xml,c68532febcedbebf4f36e94fcf2c33b832249234f3b11aeef2020725495e7b76,1
C:\Users\confl\AppData\Local\Programs\STM32CubeMX\db\mcu\STM32L552Q(C-E)IxQ.xml,cbab90938376f77a1ed91f3fb504301292d157448357a70d4adbe3d195d4be7c,2
C:\Users\confl\AppData\Local\Programs\STM32CubeMX\db\mcu\STM32L552QEIx.xml,e530f6fddb3d8291bbfe972f768096bf4e8c2a307a73fe6b01ce28931e4cf7ab,1
C:\Users\confl\AppData\Local\Programs\STM32CubeMX\db\mcu\STM32L552QEIxP.xml,35c78e2dde7859f4c0f6bbbb423b28c1072f8df60d4f42c0df4650f29565a1a6,1
C:\Users\confl\AppData\Local\Programs\STM32CubeMX\db\mcu\STM32L552R(C-E)Tx.xml,c4f483163a34794d5aecd7182a42ce3ee00bb1635256877c5b9a91c2c13099c6,2
C:\Users\confl\AppData\Local\Programs\STM32CubeMX\db\mcu\STM32L552RETxP.xml,d2c059c61fac8e904e1f3b7d86e26bee89f641796361908b37eff1e9602be51c,1
C:\Users\confl\AppData\Local\Programs\STM32CubeMX\db\mcu\STM32L552RETxQ.xml,b97eeaba497b84dc7731a70fbf1a54b9e456a798a1a5f9cbc2a996f43244475c,1
C:\Users\confl\AppData\Local\Programs\STM32CubeMX\db\mcu\STM32L552V(C-E)TxQ.xml,5129e8f65de2bbddd0b5d7035b7c6060fa6bf39f44569482692e0856c27f5c46,2
C:\Users\confl\AppData\Local\Programs\STM32CubeMX\db\mcu\STM32L552VETx.xml,5581befb657014b92bd6638d9c7d281eb50dfc56752df04e40b8dbafac601917,1
C:\Users\confl\AppData\Local\Programs\STM32CubeMX\db\mcu\STM32L552Z(C-E)TxQ.xml,9844ec032113c0a29680fb6f17a3c36c568532f471bfa617f6384dd09afc5beb,2
C:\Users\confl\AppData\Local\Programs\STM32CubeMX\db\mcu\STM32L552ZETx.xml,70c75dc8e2c83091309715045e5dd963440e0a716e5c823a6f496e6f9cbb9272,1
C:\Users\confl\AppData\Local\Programs\STM32CubeMX\db\mcu\STM32L562CETx.xml,e81911871cc1d13bc70d56a4672bd6c3cd589b8690febe7fbb54fb7eafd8179a,1
C:\Users\confl\AppData\Local\Programs\STM32CubeMX\db\mcu\STM32L562CETxP.xml,bbd95b7bee20aec7c9fa1c60992739f6987263beb842548df7497433a78c5707,1
C:\Users\confl\AppData\Local\Programs\STM32CubeMX\db\mcu\STM32L562CEUx.xml,da7494fd5c5060b9d0548d8338047115486856b559763e8a2b275b6f21a00c65,1
C:\Users\confl\AppData\Local\Programs\STM32CubeMX\db\mcu\STM32L562CEUxP.xml,2514d1f7b5f8d9d912d6500eb5ae31df523006c781940467ae1d43d1ff992e0a,1
C:\Users\confl\AppData\Local\Programs\STM32CubeMX\db\mcu\STM32L562MEYxP.xml,e49a3cb06be3b8dbafb226817b98ea005a68c446e318365b82ec3dee018cf7f0,1
C:\Users\confl\AppData\Local\Programs\STM32CubeMX\db\mcu\STM32L562MEYxQ.xml,902dceb439dc5d8ab0a9312d1977aa312c95f28adc51175dd46af8a88f715ba7,1
C:\Users\confl\AppData\Local\Programs\STM32CubeMX\db\mcu\STM32L562QEIx.xml,9562beecb49bfc995ee59fd8fb2d903fe140e1d4189362a4cfc4e6a55e4a0da7,1
C:\Users\confl\AppData\Local\Programs\STM32CubeMX\db\mcu\STM32L562QEIxP.xml,c4434134a6dde7dd7d40282499a5c18d6adccd24f97ec0dd493368b471fdc677,1
C:\Users\confl\AppData\Local\Programs\STM32CubeMX\db\mcu\STM32L562QEIxQ.xml,cf0e415f8e1a38f175c58baa0fd11709415fc13a2f3ff9ed5f9e31aa98d95dcd,1
C:\Users\confl\AppData\Local\Programs\STM32CubeMX\db\mcu\STM32L562RETx.xml,8373a0398f16020df9fbb9c5b35ca9e4f0d44a46c8adff55aa2e3fda780d95ac,1
C:\Users\confl\AppData\Local\Programs\STM32CubeMX\db\mcu\STM32L562RETxP.xml,3ea6ca10e6ad58e61aa4b89587a7a04fb5d344f4f5bb66419b83b488bdad9675,1
C:\Users\confl\AppData\Local\Programs\STM32CubeMX\db\mcu\STM32L562RETxQ.xml,e7870dbd2b9564510c5c5f700925b1a70b09026f2d99437532fd450c90459cb9,1
C:\Users\confl\AppData\Local\Programs\STM32CubeMX\db\mcu\STM32L562VETx.xml,93ecb8d6c8a8ada0a48bb7f3c1de1be548246e8180c179bebe3088bee563353c,1
C:\Users\confl\AppData\Local\Programs\STM32CubeMX\db\mcu\STM32L562VETxQ.xml,84134025fa71e715702895e871b1f8899eace47a7694200b1385fec08ee25b64,1
C:\Users\confl\AppData\Local\Programs\STM32CubeMX\db\mcu\STM32L562ZETx.xml,3b0b01092bc7fdd8bdb041fdc2b187f42542e232e54fecb8076ac417d9bcf449,1
C:\Users\confl\AppData\Local\Programs\STM32CubeMX\db\mcu\STM32L562ZETxQ.xml,cf3bdfcbc29b58b1820c17d1a3308eb3b42285607028ccc979ab1f171f97bc7c,1
C:\Users\confl\AppData\Local\Programs\STM32CubeMX\db\mcu\STM32N645A0HxQ.xml,d9197ad8b88ed00dd855cf017c0d207e37372025b4532edb8ed4221c52900dd4,1
C:\Users\confl\AppData\Local\Programs\STM32CubeMX\db\mcu\STM32N645B0HxQ.xml,6eb3fd607ac28fb240dd5639909a93e9216000f26ff4591607da730a21506a30,1
C:\Users\confl\AppData\Local\Programs\STM32CubeMX\db\mcu\STM32N645I0HxQ.xml,2e74d636e18308534f0d77b5d450047f24ad1a32d0b7bfa8eae57bde1a003f51,1
C:\Users\confl\AppData\Local\Programs\STM32CubeMX\db\mcu\STM32N645L0HxQ.xml,9e6f84dfa071b169700dcadb447699110470706382dac7b9c3812e53e19f0993,1
C:\Users\confl\AppData\Local\Programs\STM32CubeMX\db\mcu\STM32N645X0HxQ.xml,ee1add0037a54a762a4b7d2365d8d617f3cb0d39b7c559064080fdfaa9cbdc72,1
C:\Users\confl\AppData\Local\Programs\STM32CubeMX\db\mcu\STM32N645Z0HxQ.xml,8ef568ec0a8931fbd51d8003cb1bf39a6171b1b47a338a6a01568f9b4166670a,1
C:\Users\confl\AppData\Local\Programs\STM32CubeMX\db\mcu\STM32N647A0HxQ.xml,16316ddad8f6abd113100796918112484f03e7a4e2f447979bccc96c002bef0d,1
C:\Users\confl\AppData\Local\Programs\STM32CubeMX\db\mcu\STM32N647B0HxQ.xml,e36cf24673dee5f0eda381f00666065f5fc93fafc47bee35803d446a041dcde2,1
C:\Users\confl\AppData\Local\Programs\STM32CubeMX\db\mcu\STM32N647I0HxQ.xml,075dde5c71869ec69309a1f342da47ea7b4c12cbe847f4e0b23b85558783339a,1
C:\Users\confl\AppData\Local\Programs\STM32CubeMX\db\mcu\STM32N647L0HxQ.xml,f0fd188285f07e412019b49add6fc8490e678ac88404d09fafa948f552ee8221,1
C:\Users\confl\AppData\Local\Programs\STM32CubeMX\db\mcu\STM32N647X0HxQ.xml,3dcf43a3106d0b22b0e36a6f2aa9845ef81a81da59f495b358bb6a7a34d4aa34,1
C:\Users\confl\AppData\Local\Programs\STM32CubeMX\db\mcu\STM32N647Z0HxQ.xml,76e6e9beb73287a87c457d7f24271b7f50cd8bb1f966cfea1cc3e9f114bd3c66,1
C:\Users\confl\AppData\Local\Programs\STM32CubeMX\db\mcu\STM32N655A0HxQ.xml,ce46420562dc748159e59a5584a24d1a2f2870ab0d8ac06ebb596a7dda179d64,1
C:\Users\confl\AppData\Local\Programs\STM32CubeMX\db\mcu\STM32N655B0HxQ.xml,234047e4c7dcb45ff683f688397269f10bbf29abf9797a521005b6fa43b0a569,1
C:\Users\confl\AppData\Local\Programs\STM32CubeMX\db\mcu\STM32N655I0HxQ.xml,2547dc97b0084659c39804bfef4a077c54ee4dff4406b0c0fd3348fb4d92a6df,1
C:\Users\confl\AppData\Local\Programs\STM32CubeMX\db\mcu\STM32N655L0HxQ.xml,b4b6e76eb54e0c7f9bfab254044ecbe70db86d171c72c5568ea5288c2bc22956,1
C:\Users\confl\AppData\Local\Programs\STM32CubeMX\db\mcu\STM32N655X0HxQ.xml,376175c5594a64598b041c8a17dbfb35425b57593dcf61ff329d0a42cea2f084,1
C:\Users\confl\AppData\Local\Programs\STM32CubeMX\db\mcu\STM32N655Z0HxQ.xml,e5a1568623609887856ded4b3e5e62e7306b260ff20cf5f4d299002936577f85,1
C:\Users\confl\AppData\Local\Programs\STM32CubeMX\db\mcu\STM32N657A0HxQ.xml,b0543bb8936857e69ebfa484c4a11abc7f2e57c9acf4078a6781312b9db66f43,1
C:\Users\confl\AppData\Local\Programs\STM32CubeMX\db\mcu\STM32N657B0HxQ.xml,6fdda345c164db7b8079c866503a4119bd4b93175378328f56b168f477b6563c,1
C:\Users\confl\AppData\Local\Programs\STM32CubeMX\db\mcu\STM32N657I0HxQ.xml,1214fe62099e9cb770cf67b369cdcd2eee16fd82258eb4a1b923c546fbbe8962,1
C:\Users\confl\AppData\Local\Programs\STM32CubeMX\db\mcu\STM32N657L0HxQ.xml,ee532010df422ed575384b0d8e5e1db07996cf781346cbbae1e8699eb8569d8d,1
C:\Users\confl\AppData\Local\Programs\STM32CubeMX\db\mcu\STM32N657X0HxQ.xml,071bc1fdebdeeef65aef8c4a136ef0489f1c937ddb5bc0a06f18f2882f130313,1
C:\Users\confl\AppData\Local\Programs\STM32CubeMX\db\mcu\STM32N657Z0HxQ.xml,2822476515d2cfe2bbec048ef98be197f7b073db92d0836e3dc1871ec74431ba,1
C:\Users\confl\AppData\Local\Programs\STM32CubeMX\db\mcu\STM32U031C6Tx.xml,cdee0c165544aac173c77a130e93765cc3e5542cd12fdc893672fcff81612f12,1
C:\Users\confl\AppData\Local\Programs\STM32CubeMX\db\mcu\STM32U031C6Ux.xml,508d248b1392ae285a26d97452492eee913e7ff2644a8eb9d13ee37523d54ea6,1
C:\Users\confl\AppData\Local\Programs\STM32CubeMX\db\mcu\STM32U031C8Tx.xml,9c2d8139c74cf95724e005f2bbf130ab9250062904c8a8a524284547acbfeb15,1
C:\Users\confl\AppData\Local\Programs\STM32CubeMX\db\mcu\STM32U031C8Ux.xml,6e5fdb9ec09252d9721b8a0518827da1d92a34dd1e64a033d1b5e4d62f3feef2,1
C:\Users\confl\AppData\Local\Programs\STM32CubeMX\db\mcu\STM32U031F4Px.xml,4bb5fed141657d4b951062c0d5542691b581d307d4c925c2f9046c0ba7a21768,1
C:\Users\confl\AppData\Local\Programs\STM32CubeMX\db\mcu\STM32U031F6Px.xml,0742623dabefdf41b0ff5dbc374abe5ce774c868b0ebf76a938874509f6a9855,1
C:\Users\confl\AppData\Local\Programs\STM32CubeMX\db\mcu\STM32U031F8Px.xml,30ff78f8aba0fd8d67f9b6ce4a1022d3318a6b14a4ba10cfa179bff18ae58ac2,1
C:\Users\confl\AppData\Local\Programs\STM32CubeMX\db\mcu\STM32U031K4Ux.xml,e37b63aa35ce0427b85bb6c74d2e4a5b08d7ce6615ecdf5c26a36a807d49c2db,1
C:\Users\confl\AppData\Local\Programs\STM32CubeMX\db\mcu\STM32U031K6Ux.xml,7170ba70a620e19a9e1f7f442f36fcd7502ab9406612de77241ea38020d8bead,1
C:\Users\confl\AppData\Local\Programs\STM32CubeMX\db\mcu\STM32U031K8Ux.xml,bfaddb40d431fee99e3bf9f2e9a7d379ec515f846c8858697d234835182f8cc8,1
C:\Users\confl\AppData\Local\Programs\STM32CubeMX\db\mcu\STM32U031R6Ix.xml,31962834e52b9f6bcbc92b907369dd1e1edc750b9abfdc5bcaddde6c1e723357,1
C:\Users\confl\AppData\Local\Programs\STM32CubeMX\db\mcu\STM32U031R6Tx.xml,73ce1efca1575e3577cd09bbf1b0e21329a62cfc96574643185fb4a99df6f37f,1
C:\Users\confl\AppData\Local\Programs\STM32CubeMX\db\mcu\STM32U031R8Ix.xml,e4704742eef2a923d22021a2e826c8b84ae1673cdd6af120a1be2a970d012ef2,1
C:\Users\confl\AppData\Local\Programs\STM32CubeMX\db\mcu\STM32U031R8Tx.xml,1e780e1175699773dc794de8711c4a56f07448d5aeaac185ce12aa3819f0f184,1
C:\Users\confl\AppData\Local\Programs\STM32CubeMX\db\mcu\STM32U073C8Tx.xml,d6bb0c757e42378396c9fe83883941445b01e54dc3b3d5c9e117e741310132a4,1
C:\Users\confl\AppData\Local\Programs\STM32CubeMX\db\mcu\STM32U073C8Ux.xml,b076b0105ebd965261160a2370b7af057209c9bd4f655b40c770c9443c024b7f,1
C:\Users\confl\AppData\Local\Programs\STM32CubeMX\db\mcu\STM32U073CBTx.xml,e5319405aed80f18b803a66c9e4d64b82fe27661ffdfef77518bfb590d8ff36e,1
C:\Users\confl\AppData\Local\Programs\STM32CubeMX\db\mcu\STM32U073CBUx.xml,54ad98b94a9f7c1f01c931740de97bc28bdbb241d8db0e5d2d049982ff46b67c,1
C:\Users\confl\AppData\Local\Programs\STM32CubeMX\db\mcu\STM32U073CCTx.xml,0c964683117054b53f94939e81bb0a00fb515c93d5c3cc314d76112b848b7e9e,1
C:\Users\confl\AppData\Local\Programs\STM32CubeMX\db\mcu\STM32U073CCUx.xml,3893c22e8b977e27fa01877c8c7fcbac3d957d48f98395aa257f71b163c8cf12,1
C:\Users\confl\AppData\Local\Programs\STM32CubeMX\db\mcu\STM32U073K8Ux.xml,91f07fa77611171279892cfe49a61b2cc77ef977ac2a75462908a54e77166c95,1
C:\Users\confl\AppData\Local\Programs\STM32CubeMX\db\mcu\STM32U073KBUx.xml,8adb5d754a081a0825b929f08536384834f0ef6fd0b104b8cf0d2a863a7dd0d8,1
C:\Users\confl\AppData\Local\Programs\STM32CubeMX\db\mcu\STM32U073KCUx.xml,d72177a4e2c092e2c85d84253ad57c66b7318de7be14a9523d75eee23b669b8e,1
C:\Users\confl\AppData\Local\Programs\STM32CubeMX\db\mcu\STM32U073M8Ix.xml,31b264ab4a25f8341673641e5318a00a0711cc2531ca02ba7d2516461e3dcaac,1
C:\Users\confl\AppData\Local\Programs\STM32CubeMX\db\mcu\STM32U073M8Tx.xml,8cb6c7be09d655497810ada92b6947425b6b2cd3e6551de7b5645ebd24878ce4,1
C:\Users\confl\AppData\Local\Programs\STM32CubeMX\db\mcu\STM32U073MBIx.xml,fd63678ccd4c83fdc6ef398600192fe8cc2eb63fbcdc6bfe136c9b9c29fe4f52,1
C:\Users\confl\AppData\Local\Programs\STM32CubeMX\db\mcu\STM32U073MBTx.xml,322f6b1d957529a38e20810003b04654e9906f68ee9f3908b1f750a3e05c1ece,1
C:\Users\confl\AppData\Local\Programs\STM32CubeMX\db\mcu\STM32U073MCIx.xml,cd8759ad4ef432cc3d5c380c9ac6b65c1fe1bf03275e9ce2ed654facb3e673a8,1
C:\Users\confl\AppData\Local\Programs\STM32CubeMX\db\mcu\STM32U073MCTx.xml,37dd72e0f9deed571eca1ee78332fdfbfd85b6180b9f31e95886fda59a9b817e,1
C:\Users\confl\AppData\Local\Programs\STM32CubeMX\db\mcu\STM32U073R8Ix.xml,34383f8aee42535347757673585a473dbfa22ff087e291f26b2ece0848dd4052,1
C:\Users\confl\AppData\Local\Programs\STM32CubeMX\db\mcu\STM32U073R8Tx.xml,f975de87e4982b867b19a3e7f00d812ed229e1ebb6be1f3aacdfedd5c9908edc,1
C:\Users\confl\AppData\Local\Programs\STM32CubeMX\db\mcu\STM32U073RBIx.xml,6e09bfd0018127a3c9a40dc3ac0bd1c0e532cfec0a97542f905cefb33763f56e,1
C:\Users\confl\AppData\Local\Programs\STM32CubeMX\db\mcu\STM32U073RBTx.xml,aed3abe99daa8ae8321ee59d3fb7e89827c12db20ea41334be9fba4ec8387b4a,1
C:\Users\confl\AppData\Local\Programs\STM32CubeMX\db\mcu\STM32U073RCIx.xml,9325d40e8a4e4a63a52d0ad03a1aec2bfd142e758d6fd8ec46f63f88d13417ca,1
C:\Users\confl\AppData\Local\Programs\STM32CubeMX\db\mcu\STM32U073RCTx.xml,ef98de973139cb8f8d66f9c5ae89b415a4c0b822581de9154f1bf1c85ea804d3,1
C:\Users\confl\AppData\Local\Programs\STM32CubeMX\db\mcu\STM32U083CCTx.xml,8ae10afe58fe87023bb854294603611024bccc659acb5c4a1ddcc088f65de5b4,1
C:\Users\confl\AppData\Local\Programs\STM32CubeMX\db\mcu\STM32U083CCUx.xml,8ea5602d6e7a2fdd1da8797ffd60c2ea37ce9f3f53d818a3742a948804e9e859,1
C:\Users\confl\AppData\Local\Programs\STM32CubeMX\db\mcu\STM32U083KCUx.xml,ff34f11750e226738fd0ab01dc5cb72ede58ef1090831f8e4d793439577c347a,1
C:\Users\confl\AppData\Local\Programs\STM32CubeMX\db\mcu\STM32U083MCIx.xml,6ef846cbdb263e4dee51609a4723a115e0d5f78aa191f02b68276a12833d2bec,1
C:\Users\confl\AppData\Local\Programs\STM32CubeMX\db\mcu\STM32U083MCTx.xml,2997eeaeb3130e3277da7f8f85f84136d1faf00dd5d47f03b17c147d934183d7,1
C:\Users\confl\AppData\Local\Programs\STM32CubeMX\db\mcu\STM32U083RCIx.xml,a38f601d406038f3d622d052cf4de64f132b1da0d7ab993e45bcc6702526d14d,1
C:\Users\confl\AppData\Local\Programs\STM32CubeMX\db\mcu\STM32U083RCTx.xml,97ecc712877efe9f5231464902f209cdab4a107f488f3ee6a55020c1fe4ef7b7,1
C:\Users\confl\AppData\Local\Programs\STM32CubeMX\db\mcu\STM32U335CBTx.xml,7b6c725f8866ad8d5746ea9ab7522bde5061f78c98a14055f5cc9bb156109bd8,1
C:\Users\confl\AppData\Local\Programs\STM32CubeMX\db\mcu\STM32U335CBTxQ.xml,9b19a5b6184760b2e18411659c4735080d394d2cc406261b52dd892d0d075c5b,1
C:\Users\confl\AppData\Local\Programs\STM32CubeMX\db\mcu\STM32U335CBUx.xml,7917d550b2804b102314e7fd6ab4f77cddcdde2e0388f2f8a0d5548903b4a47e,1
C:\Users\confl\AppData\Local\Programs\STM32CubeMX\db\mcu\STM32U335CBUxQ.xml,c34538aa69c8b05cb12b5c7c08de2d65ef09df23dfff09a2f970b63c349da87e,1
C:\Users\confl\AppData\Local\Programs\STM32CubeMX\db\mcu\STM32U335CBYxQ.xml,5ea1515cff8ca1666abe42b9fdd870f51b429bdcee64035a5a47e45424184531,1
C:\Users\confl\AppData\Local\Programs\STM32CubeMX\db\mcu\STM32U335CCTx.xml,5fcfa36b31d1fabe984b3bd45d26585bb1949b789f3e58a39da9f505b95371e5,1
C:\Users\confl\AppData\Local\Programs\STM32CubeMX\db\mcu\STM32U335CCTxQ.xml,2c3bf26ad6eafffde7374cd376072528286db1353462a04170b7388385cc16be,1
C:\Users\confl\AppData\Local\Programs\STM32CubeMX\db\mcu\STM32U335CCUx.xml,e078ebe3d61ef4c5a1fb733f98a49ce2e6cf322e89e35589d1d44334f3c18bb2,1
C:\Users\confl\AppData\Local\Programs\STM32CubeMX\db\mcu\STM32U335CCUxQ.xml,52b5d0c71263e95e74dc52010f20ffe4d390051defc877d3c59681aca0a2fb5a,1
C:\Users\confl\AppData\Local\Programs\STM32CubeMX\db\mcu\STM32U335CCYxQ.xml,59c9be0db177a0d00307ec011bb61cbaf558f2eaeb041d643ba230fba3b8ed3b,1
C:\Users\confl\AppData\Local\Programs\STM32CubeMX\db\mcu\STM32U335KBUx.xml,a2da2696abb509be8927f3d4f211d2f4676cdce864884fd60e334dc914f3fa57,1
C:\Users\confl\AppData\Local\Programs\STM32CubeMX\db\mcu\STM32U335KBYxQ.xml,e5274aaa39d8b280ad1e8fd966c6a5105314f1d17c818cd3f9a36693cb4444fd,1
C:\Users\confl\AppData\Local\Programs\STM32CubeMX\db\mcu\STM32U335KCUx.xml,2cc0260175355024507edbd05a631409877acec5d0fd546dfbb4a160c4d1d3de,1
C:\Users\confl\AppData\Local\Programs\STM32CubeMX\db\mcu\STM32U335KCYxQ.xml,dd731b8a5e53939fa52cd7b32c7c5c2474528b80e0eb64c2334b7246e3074339,1
C:\Users\confl\AppData\Local\Programs\STM32CubeMX\db\mcu\STM32U335RBIx.xml,cd76f547112a5d0240d5b255bdd19ece888e4128341797b1e5796fc72729c7a3,1
C:\Users\confl\AppData\Local\Programs\STM32CubeMX\db\mcu\STM32U335RBIxQ.xml,6ba659ecff9a67c822be68a3a5f3fd70495d02469e1084102beb0fe44df81905,1
C:\Users\confl\AppData\Local\Programs\STM32CubeMX\db\mcu\STM32U335RBTx.xml,73daf839be03933fe04b147443018d93bf9d98dbe06f5cdaa9c357bebc060b73,1
C:\Users\confl\AppData\Local\Programs\STM32CubeMX\db\mcu\STM32U335RBTxQ.xml,257d7c876fbe0f4d57036b5865984a0be25efa97be3fef3778e14bcbdc4f919b,1
C:\Users\confl\AppData\Local\Programs\STM32CubeMX\db\mcu\STM32U335RCIx.xml,3dc2c1f4a357c3ae87e689647a6487c9effc8a479bf2d8442446565208fcaf8f,1
C:\Users\confl\AppData\Local\Programs\STM32CubeMX\db\mcu\STM32U335RCIxQ.xml,2d067c581b36214eee3f40b8c371cb52c2e4f9e9bf98136d40cc4f64d9ee64a5,1
C:\Users\confl\AppData\Local\Programs\STM32CubeMX\db\mcu\STM32U335RCTx.xml,bbcbd75089fff52004e9eee1c4a960a78dcba4574bac577c255440ce628ea89d,1
C:\Users\confl\AppData\Local\Programs\STM32CubeMX\db\mcu\STM32U335RCTxQ.xml,49fc74542cb3bb007ed9eed4ca87e3b2c0d41923e446acc9ed5337c933e59be1,1
C:\Users\confl\AppData\Local\Programs\STM32CubeMX\db\mcu\STM32U345CCTx.xml,68c13c27ae85cfdd35d46c4fb8ba63dbdb97b1c3713b7af31dad65816f7c796a,1
C:\Users\confl\AppData\Local\Programs\STM32CubeMX\db\mcu\STM32U345CCTxQ.xml,bd8f9ea8e57071e1c3e2b65f6fe0d68f1a06e36c7bc77c980097279f9b21906e,1
C:\Users\confl\AppData\Local\Programs\STM32CubeMX\db\mcu\STM32U345CCUx.xml,38c0fe5b66149c22a875bd9c938b156d1f8b7833c92b41fc09bd8cb9fbd4def7,1
C:\Users\confl\AppData\Local\Programs\STM32CubeMX\db\mcu\STM32U345CCUxQ.xml,60f1354f87a7e24801f6d1474a8cc6ec01d0b6bab7043a3a5af65bf1661220e8,1
C:\Users\confl\AppData\Local\Programs\STM32CubeMX\db\mcu\STM32U345CCYxQ.xml,df8e6e936fbd77037abca87492397bd6e60c5092fe50609143b65c8ee031c5c2,1
C:\Users\confl\AppData\Local\Programs\STM32CubeMX\db\mcu\STM32U345KCUx.xml,b8395d3bc5d301d0782fad53592a7f642f697c045ba7fee7d58468ac113b4595,1
C:\Users\confl\AppData\Local\Programs\STM32CubeMX\db\mcu\STM32U345KCYxQ.xml,1ab2f48df634c06023a64ef949075aacc3c9cbb2b768b8a01bc6e26770c9ed82,1
C:\Users\confl\AppData\Local\Programs\STM32CubeMX\db\mcu\STM32U345RCIx.xml,7f66a61afd6fd66235c647bd9f14f32d54370e965bb3b26558cf793e6a6f429f,1
C:\Users\confl\AppData\Local\Programs\STM32CubeMX\db\mcu\STM32U345RCIxQ.xml,37add29c979b78963f298e03e8555e1282ac4797d6028cf13b2749fb055503f6,1
C:\Users\confl\AppData\Local\Programs\STM32CubeMX\db\mcu\STM32U345RCTx.xml,3dbd83b0e0b09e985b1501a3833ac36426c33182097a060b079fed9d2d4b0a24,1
C:\Users\confl\AppData\Local\Programs\STM32CubeMX\db\mcu\STM32U345RCTxQ.xml,00bf4eb11a69383dea18a09b72e7c3254a2560df96460e5817bb9bbf9c04c362,1
C:\Users\confl\AppData\Local\Programs\STM32CubeMX\db\mcu\STM32U356CCTx.xml,7ea02c76d11f953e38e231c9d6f93af1e8a987292d2370084f8c99aaaa3adb24,1
C:\Users\confl\AppData\Local\Programs\STM32CubeMX\db\mcu\STM32U356CCTxQ.xml,3390f6ee9d367c229b2d3af02087965ebb95675d43811832234f69d769af5a25,1
C:\Users\confl\AppData\Local\Programs\STM32CubeMX\db\mcu\STM32U356CCUx.xml,bf3b384c41b6c1bc6d97396aeaf3f0bcb4a73bdc408d0f126d1c5887c666b8fb,1
C:\Users\confl\AppData\Local\Programs\STM32CubeMX\db\mcu\STM32U356CCUxQ.xml,901fc9c49f708b8f65c14903a3ad7d615613020dab03ff9fe5184b9d5370bcfc,1
C:\Users\confl\AppData\Local\Programs\STM32CubeMX\db\mcu\STM32U356CCYxQ.xml,01adda75ea99bd61f5472380772f67c9ba5ab5c3f4ac9a3a770ff76eb79b54cf,1
C:\Users\confl\AppData\Local\Programs\STM32CubeMX\db\mcu\STM32U356CETx.xml,0f8a615ae1b896103b6e08da8e193bf272ca6a9f696506f2a5fa2ac380da485f,1
C:\Users\confl\AppData\Local\Programs\STM32CubeMX\db\mcu\STM32U356CETxQ.xml,9870cceebdf01fbe5ce6969ad7cdb504999f9983db0204b048a789094d5a5673,1
C:\Users\confl\AppData\Local\Programs\STM32CubeMX\db\mcu\STM32U356CEUx.xml,fca5160f68e98f95bb39c44b7f75b1e4ca8db7803287937c31e0941bbb439748,1
C:\Users\confl\AppData\Local\Programs\STM32CubeMX\db\mcu\STM32U356CEUxQ.xml,2101fb065453f5a69a0a00f7397f89e43fdff7482841cf2bea8585ec182564d1,1
C:\Users\confl\AppData\Local\Programs\STM32CubeMX\db\mcu\STM32U356CEYxQ.xml,b7bc4190b5d3a01a7756b25b22908acd22db8fa8f2659748540fcf08e84d9e7a,1
C:\Users\confl\AppData\Local\Programs\STM32CubeMX\db\mcu\STM32U356KCUx.xml,2b49ea6d8653e2afa615827b3165bcf7ba7a8de72f51ea2e312c677d0ec01c9f,1
C:\Users\confl\AppData\Local\Programs\STM32CubeMX\db\mcu\STM32U356KEUx.xml,e569759180ad0e5785bc95e87f0734579a4eaac26eb583dd7dc8cd9d816e55ba,1
C:\Users\confl\AppData\Local\Programs\STM32CubeMX\db\mcu\STM32U356RCIx.xml,76f6bcd3d576a41a0b136052c9bcf293239eef8ec73bad65399c49082151a474,1
C:\Users\confl\AppData\Local\Programs\STM32CubeMX\db\mcu\STM32U356RCIxQ.xml,5bb035a5e48028fbfcfa827be0e54c38bd89ddbad974c7cbb1f0ce7b2356019d,1
C:\Users\confl\AppData\Local\Programs\STM32CubeMX\db\mcu\STM32U356RCTx.xml,834512b51fa94c8e470b810a7e66519592d259cc98f9d79ca3f25b75efbe59a2,1
C:\Users\confl\AppData\Local\Programs\STM32CubeMX\db\mcu\STM32U356RCTxQ.xml,6f41417de70518eeae2074f4e147da669e7f3775c0b15ffae1a92a3b60582cca,1
C:\Users\confl\AppData\Local\Programs\STM32CubeMX\db\mcu\STM32U356RCYxQ.xml,b7b61d9487f3059f409b95ec408d17fb5eca8120c9e3496588360934867d1cc8,1
C:\Users\confl\AppData\Local\Programs\STM32CubeMX\db\mcu\STM32U356REIx.xml,8d8792f554fa59ccfcf32712a02a0b6814fcfd13da0f54d8fcafb42a4b107c5d,1
C:\Users\confl\AppData\Local\Programs\STM32CubeMX\db\mcu\STM32U356REIxQ.xml,80bf51da34136a35216fc322eabb8648feb75858dfae050840da0a744898daf7,1
C:\Users\confl\AppData\Local\Programs\STM32CubeMX\db\mcu\STM32U356RETx.xml,961948e0660d00599ee721eeea913a49208f50be59c2cc0fe2380527dcc85142,1
C:\Users\confl\AppData\Local\Programs\STM32CubeMX\db\mcu\STM32U356RETxQ.xml,d2db82dc57eb2d5a3f14ae4d675cf8ff13385270f265fe6b7300fedaca01a9a2,1
C:\Users\confl\AppData\Local\Programs\STM32CubeMX\db\mcu\STM32U356REYxQ.xml,15a1deb9888073a89c0e30d0d1a086fc0307a4f9c5b989280a0b2a475b5782fa,1
C:\Users\confl\AppData\Local\Programs\STM32CubeMX\db\mcu\STM32U356VCIx.xml,23344a0ed96a28dba156deb186aee7618bed7a58889c0b8f5820a1f8e3b3df0c,1
C:\Users\confl\AppData\Local\Programs\STM32CubeMX\db\mcu\STM32U356VCIxQ.xml,d86d4fd1d037688e9520450fd23900a93c4a24f9dcd5faca5fac65e72abbfd9c,1
C:\Users\confl\AppData\Local\Programs\STM32CubeMX\db\mcu\STM32U356VCTx.xml,9b0ec1b8e2a47afee686a953478b1b272a8f80e5ecccd0034bd25819ef073f1d,1
C:\Users\confl\AppData\Local\Programs\STM32CubeMX\db\mcu\STM32U356VCTxQ.xml,d3e5e8cbbc425e62cabc72c3a5e79d7277880a79673f05cca503ae50203c60b2,1
C:\Users\confl\AppData\Local\Programs\STM32CubeMX\db\mcu\STM32U356VEIx.xml,e1135fb68ecf6695b7e713a717455767822d83b8d7cd8307f57debaf6e589ce1,1
C:\Users\confl\AppData\Local\Programs\STM32CubeMX\db\mcu\STM32U356VEIxQ.xml,7b9ce78a0a36106b51b40883200865be1ec6ac1e5d02338a1ed16e05b2b116f1,1
C:\Users\confl\AppData\Local\Programs\STM32CubeMX\db\mcu\STM32U356VETx.xml,9a7d99ddc0503025f8912aa06256438b5ee22e5673d923d6777baa7191540bfe,1
C:\Users\confl\AppData\Local\Programs\STM32CubeMX\db\mcu\STM32U356VETxQ.xml,62d57461c6c8b08dcd42ed166ebe2c18fc8a1d31838c85a1702fea99625f7efd,1
C:\Users\confl\AppData\Local\Programs\STM32CubeMX\db\mcu\STM32U366CETx.xml,c2d565dce70914b8d91b5a4b357b45e70cfdec28dd1de0928ab52707f837c24c,1
C:\Users\confl\AppData\Local\Programs\STM32CubeMX\db\mcu\STM32U366CETxQ.xml,41a1f157d1bbf2e38f26d6fd4ad7c98860a65b3c0a594a5b5b2ce9e36ede3426,1
C:\Users\confl\AppData\Local\Programs\STM32CubeMX\db\mcu\STM32U366CEUx.xml,1b232b08a94315465f37b0cfc8e80928d9020c38165b550bfd896e7b10c3d8b9,1
C:\Users\confl\AppData\Local\Programs\STM32CubeMX\db\mcu\STM32U366CEUxQ.xml,4b69ac89cdfd4e8b655c430fa0c804ff0aff5c49f7bcd0d3ca4862100b67b000,1
C:\Users\confl\AppData\Local\Programs\STM32CubeMX\db\mcu\STM32U366CEYxQ.xml,39c94b354e4a517161faa844f41d660334ca55c176909a97ce63db4c0ff5f228,1
C:\Users\confl\AppData\Local\Programs\STM32CubeMX\db\mcu\STM32U366KEUx.xml,18795d16789db463a7d5b8cd53e4099dff242ecac9e9f30bdde3e72ee0a63e2e,1
C:\Users\confl\AppData\Local\Programs\STM32CubeMX\db\mcu\STM32U366REIx.xml,7751baf8f1b2ebbf6c119e722411cae82c6ae00b8f324b954d00569a30f8d02a,1
C:\Users\confl\AppData\Local\Programs\STM32CubeMX\db\mcu\STM32U366REIxQ.xml,08df153cffd63667d0b7f66617219876c6c91196ef93a0fb7a03d6b7fc197b02,1
C:\Users\confl\AppData\Local\Programs\STM32CubeMX\db\mcu\STM32U366RETx.xml,f0ccdebb966cabecfac744937798aa2b5771cd8a0fcc52cb080f1104d48749ba,1
C:\Users\confl\AppData\Local\Programs\STM32CubeMX\db\mcu\STM32U366RETxQ.xml,8381b1ce5596727951d4ee9a18b5dfdcc2f5c601b83b6d276df9676a3d7d0ff0,1
C:\Users\confl\AppData\Local\Programs\STM32CubeMX\db\mcu\STM32U366REYxQ.xml,a2b6a1b71aecf78e5921ea33f36770212caa3bb47b02a7020ce81b241b906b24,1
C:\Users\confl\AppData\Local\Programs\STM32CubeMX\db\mcu\STM32U366VEIx.xml,625ef58bf5a554ebbf199319c2664958ee22b463d44656b4ed92076c73412d07,1
C:\Users\confl\AppData\Local\Programs\STM32CubeMX\db\mcu\STM32U366VEIxQ.xml,28a15dec8f2f3b85d47a7bd44c25220d12ad25f66837daeffbfa80f77f996a59,1
C:\Users\confl\AppData\Local\Programs\STM32CubeMX\db\mcu\STM32U366VETx.xml,3345f08c6394b0b26b809e91636c2bed14d465792071aec32071f5f8377dfa9c,1
C:\Users\confl\AppData\Local\Programs\STM32CubeMX\db\mcu\STM32U366VETxQ.xml,c35d5e6fd0d629130e20b7534215c3796bee7dcc9f3ad51d22b65d767b8a4b0d,1
C:\Users\confl\AppData\Local\Programs\STM32CubeMX\db\mcu\STM32U375CETx.xml,5e666c48ba928bec8ef2df3c6b3ecf5fa0049bd447ecc4eaf083675b39efaddd,1
C:\Users\confl\AppData\Local\Programs\STM32CubeMX\db\mcu\STM32U375CETxQ.xml,e6059dde4e1d0f8f599ea67b4bd5f94140885a2ff45caf73fd86b69820711603,1
C:\Users\confl\AppData\Local\Programs\STM32CubeMX\db\mcu\STM32U375CEUx.xml,685aa2cb2febc37ce42ad86f6555177702b7618f2e3dd07cdaf2683ebd845c21,1
C:\Users\confl\AppData\Local\Programs\STM32CubeMX\db\mcu\STM32U375CEUxQ.xml,a81800fd3627cf7688bd7ce754a6a0ad7c630253948e63fea51bd927f2148c7c,1
C:\Users\confl\AppData\Local\Programs\STM32CubeMX\db\mcu\STM32U375CEYxQ.xml,874c7dd00fdb86a21b022b1e0f5d39c888b2908050965532792be9e027585564,1
C:\Users\confl\AppData\Local\Programs\STM32CubeMX\db\mcu\STM32U375CGTx.xml,a21eed6455da5f6832aa2fbc738f4b0df80a5562176efe4750c2d2dfc3c39d17,1
C:\Users\confl\AppData\Local\Programs\STM32CubeMX\db\mcu\STM32U375CGTxQ.xml,a7fa41600193c511a322856613403cc2bcd46ddfb2fad7f74ed13a5535539850,1
C:\Users\confl\AppData\Local\Programs\STM32CubeMX\db\mcu\STM32U375CGUx.xml,7be067869eae5ecaa63e15be43ce7805d264b5c885069ac32153cdc427308dc7,1
C:\Users\confl\AppData\Local\Programs\STM32CubeMX\db\mcu\STM32U375CGUxQ.xml,7de65303c1b2e4a893390211e9bd5472dd8675eafb5d1e9b00e367acbde82a3a,1
C:\Users\confl\AppData\Local\Programs\STM32CubeMX\db\mcu\STM32U375CGYxQ.xml,1491c34594694a95552c8ae1cab73565e91efae6cdea67a06009415aaba92dc9,1
C:\Users\confl\AppData\Local\Programs\STM32CubeMX\db\mcu\STM32U375KEUx.xml,246ce04b956e5dc309451a1464434d2feb72a0f1f735bdf1ce6ff64e040112fc,1
C:\Users\confl\AppData\Local\Programs\STM32CubeMX\db\mcu\STM32U375KGUx.xml,9ff7d449a3b96b96058e279dae29f13ff30e89ae222676c5900db4658e3a3065,1
C:\Users\confl\AppData\Local\Programs\STM32CubeMX\db\mcu\STM32U375REIx.xml,8b3ed7b98e64f6e8dd30a3adcd750134fb8e01e103379d580fd237856890bb1c,1
C:\Users\confl\AppData\Local\Programs\STM32CubeMX\db\mcu\STM32U375REIxQ.xml,36044a27b88ce33dcc89ceba694576a1d39aca3f86caa7d9e23fdff7ee9b9265,1
C:\Users\confl\AppData\Local\Programs\STM32CubeMX\db\mcu\STM32U375RETx.xml,0179a7ccb107d92c82b21e609cf6966e12387f3ce6f22991b0c2a9628e18a7ff,1
C:\Users\confl\AppData\Local\Programs\STM32CubeMX\db\mcu\STM32U375RETxQ.xml,1f384635d6c6d18e815f45597729bf10647d2d814dcc8068509845b03fa839d9,1
C:\Users\confl\AppData\Local\Programs\STM32CubeMX\db\mcu\STM32U375REYxG.xml,188ef44b96d33740cca1d687c57426bf554f5e280f6c80086d11192500a609be,1
C:\Users\confl\AppData\Local\Programs\STM32CubeMX\db\mcu\STM32U375REYxQ.xml,9227837fc8f7aabab8edf211608b86046ff324e804f52fff6505662743b5cf88,1
C:\Users\confl\AppData\Local\Programs\STM32CubeMX\db\mcu\STM32U375RGIx.xml,857898cf8c97bcbcc639dff7e4e2c55fd9d9ea57407158e2933fbec2ec95218c,1
C:\Users\confl\AppData\Local\Programs\STM32CubeMX\db\mcu\STM32U375RGIxQ.xml,6ae57ad54ea7fdd8286e8aad54617ac39bf62abfc15e13b5a1d8db98e7815405,1
C:\Users\confl\AppData\Local\Programs\STM32CubeMX\db\mcu\STM32U375RGTx.xml,9b19e85e14d731a03b28fd5aba1a6f4fc2b8009e03f29b8d886590b49e9f7672,1
C:\Users\confl\AppData\Local\Programs\STM32CubeMX\db\mcu\STM32U375RGTxQ.xml,8ebfa905f427f4c74d774c0bc1daded2a4bac38ab4e28f59af38848387f77231,1
C:\Users\confl\AppData\Local\Programs\STM32CubeMX\db\mcu\STM32U375RGYxG.xml,b563b0488b26817f2741c3b34826dbc800b1c8a6761718611b37ac8379879a32,1
C:\Users\confl\AppData\Local\Programs\STM32CubeMX\db\mcu\STM32U375RGYxQ.xml,6f48a090693ca1d575301e8f41e6ec9bcc59f2192186d1fadc8c19e27896b184,1
C:\Users\confl\AppData\Local\Programs\STM32CubeMX\db\mcu\STM32U375VEIx.xml,a3cad29a1aaa420e64d6fcf4abe7b043a00758bf00e00a04ca28ee7b422e7ed6,1
C:\Users\confl\AppData\Local\Programs\STM32CubeMX\db\mcu\STM32U375VEIxQ.xml,6a210cf438ca89c0f9ea1ce891d25fa2cfc32aa6c3f35651108742b050080881,1
C:\Users\confl\AppData\Local\Programs\STM32CubeMX\db\mcu\STM32U375VETx.xml,bb250fe659f72374874b2cee02530ff51aef20607281b906c87b8a1d8484e2a1,1
C:\Users\confl\AppData\Local\Programs\STM32CubeMX\db\mcu\STM32U375VETxQ.xml,770ee549e6e1429f63a6995b87a622e0bdf9a6717f01624ef70d688a7c1e16fa,1
C:\Users\confl\AppData\Local\Programs\STM32CubeMX\db\mcu\STM32U375VGIx.xml,642706510ff19b0618abe569159e65b2a7e3aff3ea725d9558ea8c009fd4e70c,1
C:\Users\confl\AppData\Local\Programs\STM32CubeMX\db\mcu\STM32U375VGIxQ.xml,5e7f1c1332693a05f1a58cbd83a9e30c345d135b6dfc354bc4597bca80e7962d,1
C:\Users\confl\AppData\Local\Programs\STM32CubeMX\db\mcu\STM32U375VGTx.xml,a769910378fc0f82ac1cd8696d997a3d642da078165c3aa4a789009c8cc89d9c,1
C:\Users\confl\AppData\Local\Programs\STM32CubeMX\db\mcu\STM32U375VGTxQ.xml,15e5802710ec11981285cbfef0213f8ef095a11d7656a330928e14237c6008f4,1
C:\Users\confl\AppData\Local\Programs\STM32CubeMX\db\mcu\STM32U385CGTx.xml,f584cf7712d99ca4cbc7f75fd5ab8e07b411c1c4c4f0cf3f649374d313e6d5e6,1
C:\Users\confl\AppData\Local\Programs\STM32CubeMX\db\mcu\STM32U385CGTxQ.xml,d1d00091bcc3479f222dcab16a410ba3f44953be3ad7c445ef67e626994506d7,1
C:\Users\confl\AppData\Local\Programs\STM32CubeMX\db\mcu\STM32U385CGUx.xml,90709f0fa7d6d6f3c396628c1e7168e86f5344a9b8f909dc65c89be38f533167,1
C:\Users\confl\AppData\Local\Programs\STM32CubeMX\db\mcu\STM32U385CGUxQ.xml,774e70eb1441a779618cf4cdb5c36c12c2c02ae3b3a74a5d7aa721a384f50a41,1
C:\Users\confl\AppData\Local\Programs\STM32CubeMX\db\mcu\STM32U385CGYxQ.xml,83f066f692c80df151c0fe84d3652371ea49aea7cecb0db9dfebe2fe29a7e84e,1
C:\Users\confl\AppData\Local\Programs\STM32CubeMX\db\mcu\STM32U385KGUx.xml,dded77f49b15269f8fbb6c106c04f7bfb772bc53455e5709a3d85b55d0d65a95,1
C:\Users\confl\AppData\Local\Programs\STM32CubeMX\db\mcu\STM32U385RGIx.xml,0bff75935a819fd4ea19423fbdae3ac6ad6e19d90033e137c2502d2b018f2d6d,1
C:\Users\confl\AppData\Local\Programs\STM32CubeMX\db\mcu\STM32U385RGIxQ.xml,c08d86e1330fc39bc5e57af062617ef23afb55ae841bf65b2c7b92edfa804c13,1
C:\Users\confl\AppData\Local\Programs\STM32CubeMX\db\mcu\STM32U385RGTx.xml,dbcae7a4a6267cb3fa8a7908c7e965f2776c26332c30e446da063852529b8403,1
C:\Users\confl\AppData\Local\Programs\STM32CubeMX\db\mcu\STM32U385RGTxQ.xml,69074f8cb6100a34afffedef67bf1284975d30afbdcf2ec3b9908f72ebd4184f,1
C:\Users\confl\AppData\Local\Programs\STM32CubeMX\db\mcu\STM32U385RGYxG.xml,d6415885057e8bb45ecd662f736e878874224df567515be972dfd4f9c3293124,1
C:\Users\confl\AppData\Local\Programs\STM32CubeMX\db\mcu\STM32U385RGYxQ.xml,337fb0823a005de0dd230a14d52197becdc4ccc914b71db42f37d4332f775dbe,1
C:\Users\confl\AppData\Local\Programs\STM32CubeMX\db\mcu\STM32U385VGIx.xml,c59ae18300605bf18e196a1debd22b8a91ab01537528c3bd49cc6cffa056d8eb,1
C:\Users\confl\AppData\Local\Programs\STM32CubeMX\db\mcu\STM32U385VGIxQ.xml,6e9a24f028f6410a1eea70ffab00358258c043b885263d2deb558e5c6d0df03e,1
C:\Users\confl\AppData\Local\Programs\STM32CubeMX\db\mcu\STM32U385VGTx.xml,a4180c7c0bdc85f921f34849bb3393ef8c03fbd8cbe7435e8741a037f3583cd8,1
C:\Users\confl\AppData\Local\Programs\STM32CubeMX\db\mcu\STM32U385VGTxQ.xml,ada9a6a074f7290930a678327cb101b6e79a857d69de3e0d13f497a479a01b6a,1
C:\Users\confl\AppData\Local\Programs\STM32CubeMX\db\mcu\STM32U3B5CGTx.xml,c11d3444a185bce8927ec998ee529850e52c866f52a90af6ce589e669cd66f6b,1
C:\Users\confl\AppData\Local\Programs\STM32CubeMX\db\mcu\STM32U3B5CGTxQ.xml,9671778ff9d5387173bff74df40c33201dbd9d9447e08d190980e7a2366026db,1
C:\Users\confl\AppData\Local\Programs\STM32CubeMX\db\mcu\STM32U3B5CGUx.xml,377cb549ebd082417025754ffbbb2408c20952f6e40fc4afb976711acdbafb7e,1
C:\Users\confl\AppData\Local\Programs\STM32CubeMX\db\mcu\STM32U3B5CGUxQ.xml,3b0a472469bf8c44e5174b517247359d8aa97ec06fdeebfbcb5941c2e4cda52b,1
C:\Users\confl\AppData\Local\Programs\STM32CubeMX\db\mcu\STM32U3B5CITx.xml,ac40e412143d4873ae905f34dbf1661e17c72946f133225651903a029dc259c4,1
C:\Users\confl\AppData\Local\Programs\STM32CubeMX\db\mcu\STM32U3B5CITxQ.xml,1e7af7f83050eb853daac3b2c56f2869f47c66c45cb067906db1471cef1a3cb3,1
C:\Users\confl\AppData\Local\Programs\STM32CubeMX\db\mcu\STM32U3B5CIUx.xml,acef0e56ca2b1db43cf8c3d118d578f74451aa525b2ac694d98148afe9512467,1
C:\Users\confl\AppData\Local\Programs\STM32CubeMX\db\mcu\STM32U3B5CIUxQ.xml,9690c26b494d253ce8bf0b3e8d8cb6889b915cdb1983c1e5d5de322cb61135d7,1
C:\Users\confl\AppData\Local\Programs\STM32CubeMX\db\mcu\STM32U3B5JGYxQ.xml,afdbc9febe20604ac5f2c4a75b8389fc403baa725bb22aee93b07336c6bdf65d,1
C:\Users\confl\AppData\Local\Programs\STM32CubeMX\db\mcu\STM32U3B5JIYxQ.xml,92df971f6be6fa1c0550e203e1faf44bf0d573081844445049f764a199e21778,1
C:\Users\confl\AppData\Local\Programs\STM32CubeMX\db\mcu\STM32U3B5QGIx.xml,b842b0ed9a658372e6fc844d4db41fb37fa93905377cca7f08710331a8b4eecd,1
C:\Users\confl\AppData\Local\Programs\STM32CubeMX\db\mcu\STM32U3B5QGIxQ.xml,d239a387a390cbdf459d22ea2a2585f8a292c3b0bf34ec4f10b93b3e95e901ca,1
C:\Users\confl\AppData\Local\Programs\STM32CubeMX\db\mcu\STM32U3B5QIIx.xml,094246d742166a80a6ca79774a641af7044b4220f11cc746bb661bbf605628f4,1
C:\Users\confl\AppData\Local\Programs\STM32CubeMX\db\mcu\STM32U3B5QIIxQ.xml,b0ac4d7aad9725db8f25d7816702ba48d265d573e0ef009510c68feb281d02ba,1
C:\Users\confl\AppData\Local\Programs\STM32CubeMX\db\mcu\STM32U3B5RGTx.xml,430f9254c297db5c4918c27f317f79150f6bd65dcd984863087a835fbe9fe5f8,1
C:\Users\confl\AppData\Local\Programs\STM32CubeMX\db\mcu\STM32U3B5RGTxQ.xml,d6423ed1b9e1dc7aec790deaf0a4fd008ded707955149c728de1df291f3305cb,1
C:\Users\confl\AppData\Local\Programs\STM32CubeMX\db\mcu\STM32U3B5RITx.xml,32430b7863579b6952b1e7f56099c340647fb4fe3018b2f2083c10b2a9f45069,1
C:\Users\confl\AppData\Local\Programs\STM32CubeMX\db\mcu\STM32U3B5RITxQ.xml,d18e09a935b41134453a9e4cfea2d64d090d0d52a7da84e1e228f964658256be,1
C:\Users\confl\AppData\Local\Programs\STM32CubeMX\db\mcu\STM32U3B5VGTx.xml,902613762946bd7129c19fe1f2e7634b803929da1c6d7cb9df783cc935fd212f,1
C:\Users\confl\AppData\Local\Programs\STM32CubeMX\db\mcu\STM32U3B5VGTxQ.xml,d05a3e57de5688ecba9f3e3a8b7bd33d54673817daa20fc477df4c654c659180,1
C:\Users\confl\AppData\Local\Programs\STM32CubeMX\db\mcu\STM32U3B5VGYxQ.xml,a261b5dd84f33e022770f437da51c69ac096d9a771f1f3a7b1134b842b178584,1
C:\Users\confl\AppData\Local\Programs\STM32CubeMX\db\mcu\STM32U3B5VITx.xml,fd12611a10850bc1b2caa42a542ebdcabd8197f03e0ec76b3cc349ca6b14e7cf,1
C:\Users\confl\AppData\Local\Programs\STM32CubeMX\db\mcu\STM32U3B5VITxQ.xml,2a618af41a379b0aea273855783578d47854e4987c8b448f53d1ffe064fab57c,1
C:\Users\confl\AppData\Local\Programs\STM32CubeMX\db\mcu\STM32U3B5VIYxQ.xml,a91d45bdf407c1624d653488ddec524d4824aec33efe123d3c107e3879ccee70,1
C:\Users\confl\AppData\Local\Programs\STM32CubeMX\db\mcu\STM32U3B5WGYxQ.xml,ee654d7b86dbf5bfc6ea2d4436cfd45a94b7112077d766437f11df45907e16d7,1
C:\Users\confl\AppData\Local\Programs\STM32CubeMX\db\mcu\STM32U3B5WIYxQ.xml,33854e9b3411f1fb36be8695d66973c8e3d5bb51256aed2c4b54aeedd931781c,1
C:\Users\confl\AppData\Local\Programs\STM32CubeMX\db\mcu\STM32U3B5ZGTx.xml,f9b0f3e2cc1b7d16c0985732c157775615bc16de7032e96a9c4641c157cccf43,1
C:\Users\confl\AppData\Local\Programs\STM32CubeMX\db\mcu\STM32U3B5ZGTxQ.xml,3816fe4098fcdee03cd5c5ac4eb1aacbd6c48f8d39aff6c3677048bc16a88a4f,1
C:\Users\confl\AppData\Local\Programs\STM32CubeMX\db\mcu\STM32U3B5ZITx.xml,16cbcf9e03a3450ef53438d870c112fdf9acbd61cfe14caefe6b39916cc91aa3,1
C:\Users\confl\AppData\Local\Programs\STM32CubeMX\db\mcu\STM32U3B5ZITxQ.xml,af6cb5312d37ac3000e0ca757069b9d9943bf8eacaefa5a545fcde49eeebf2df,1
C:\Users\confl\AppData\Local\Programs\STM32CubeMX\db\mcu\STM32U3C5CITx.xml,16a83eb5a38f6132532ad2893820e07af94a338164692aba5854c429dfe312ee,1
C:\Users\confl\AppData\Local\Programs\STM32CubeMX\db\mcu\STM32U3C5CITxQ.xml,61e8b841b24a569da19f98e07456259cc1f7e8c43887730d488add0ec06d993b,1
C:\Users\confl\AppData\Local\Programs\STM32CubeMX\db\mcu\STM32U3C5CIUx.xml,51373c3325eb7668d90b07f44b13e09230fb8e906a3344215f8fe9de10c3ca8a,1
C:\Users\confl\AppData\Local\Programs\STM32CubeMX\db\mcu\STM32U3C5CIUxQ.xml,39dcfc7d32c4d6785acc922c3fa26c13de2161a94e9a9c54c7858a479d4a24bb,1
C:\Users\confl\AppData\Local\Programs\STM32CubeMX\db\mcu\STM32U3C5JIYxQ.xml,6cca46c6ea0e0fcc96515ba6ef4a8bec13ebce8ecfb8324a1430569a014bd382,1
C:\Users\confl\AppData\Local\Programs\STM32CubeMX\db\mcu\STM32U3C5QIIx.xml,d98ff15c27d30023447f1da0b85d6ab55ffef9456ad9fb46c0c3b8ddae90ff87,1
C:\Users\confl\AppData\Local\Programs\STM32CubeMX\db\mcu\STM32U3C5QIIxQ.xml,89619ddcb91edb45f825a09635c3531e8f8f6e68d81569b1c6cb53bfa9665a1c,1
C:\Users\confl\AppData\Local\Programs\STM32CubeMX\db\mcu\STM32U3C5RITx.xml,ba5391e82ebe9b39a7ed992dd1136fe44163b5fbb0369cd56396d22c99726104,1
C:\Users\confl\AppData\Local\Programs\STM32CubeMX\db\mcu\STM32U3C5RITxQ.xml,015c2033215605e482c766ee7acafc6be12fa65a9de65ac961787891f2cb4c83,1
C:\Users\confl\AppData\Local\Programs\STM32CubeMX\db\mcu\STM32U3C5VITx.xml,684611e6fb4fcf91085463ac560a3482cf5b5ac40b945db52172dd573c50d290,1
C:\Users\confl\AppData\Local\Programs\STM32CubeMX\db\mcu\STM32U3C5VITxQ.xml,3811dce073f7110d8783fa8fd7dc7189c5ed0a97617879aede7170430f93909b,1
C:\Users\confl\AppData\Local\Programs\STM32CubeMX\db\mcu\STM32U3C5VIYxQ.xml,c048733ecb965bb2cb8c2384976b938253e56ded458a8bc609613ff2c130ce4a,1
C:\Users\confl\AppData\Local\Programs\STM32CubeMX\db\mcu\STM32U3C5WIYxQ.xml,b7f5db65dea6fa7ac163dde10a38449a71a6295f8a7bbea722edc5bfeadaaf95,1
C:\Users\confl\AppData\Local\Programs\STM32CubeMX\db\mcu\STM32U3C5ZITx.xml,9979456bcac2c3f4ebc7d64dec923e79f9dddeb03c8fbce02592817b0feda018,1
C:\Users\confl\AppData\Local\Programs\STM32CubeMX\db\mcu\STM32U3C5ZITxQ.xml,033f55d2d6f2076e61ec0fdba25f0070a82f749d4b940b1d5d59bcbfc7e451b7,1
C:\Users\confl\AppData\Local\Programs\STM32CubeMX\db\mcu\STM32U535CBTx.xml,b6522d7ec7dbe2ed7838da9fe99aa2fb2d23a84cd98cdcdb60c2c9c86a3b56fa,1
C:\Users\confl\AppData\Local\Programs\STM32CubeMX\db\mcu\STM32U535CBTxQ.xml,9055df9f21e83bdcc5f53d2b6b09ab41cc1eb8b62d0832f1531a821b7a8839f3,1
C:\Users\confl\AppData\Local\Programs\STM32CubeMX\db\mcu\STM32U535CBUx.xml,e482b1d077d5e792a9deea9e622eac7c95eb5fcdc6a3fcc5cb80a9dae1264d12,1
C:\Users\confl\AppData\Local\Programs\STM32CubeMX\db\mcu\STM32U535CBUxQ.xml,ff35452802e9fc0161cd190147388e64e28e2ca221056bf806368d907d503a89,1
C:\Users\confl\AppData\Local\Programs\STM32CubeMX\db\mcu\STM32U535CCTx.xml,89240e7cd74a471538e0ce752d1d84e8e51e3d62af05068d7a1ed5f1d62667ce,1
C:\Users\confl\AppData\Local\Programs\STM32CubeMX\db\mcu\STM32U535CCTxQ.xml,3c596681d90d2cbee10d39c3c0119d9485f6848e61b742b9629014c39d54c679,1
C:\Users\confl\AppData\Local\Programs\STM32CubeMX\db\mcu\STM32U535CCUx.xml,aa90efdb5f5ed857747bb70b5c4e4a13e8718b3810639676f594d3417d2a0329,1
C:\Users\confl\AppData\Local\Programs\STM32CubeMX\db\mcu\STM32U535CCUxQ.xml,d284e9a130a5c484a8141ebd792bcfcc693920b2e20425c99b19226d055fbdc7,1
C:\Users\confl\AppData\Local\Programs\STM32CubeMX\db\mcu\STM32U535CETx.xml,3419c54e134ba8c28672008cb0ee1320db2a422ab804340e462ea9579132c383,1
C:\Users\confl\AppData\Local\Programs\STM32CubeMX\db\mcu\STM32U535CETxQ.xml,c2fc23f873e1fcd9a192d613b298683d4006483cb5a75646e3c9b059f9e4b956,1
C:\Users\confl\AppData\Local\Programs\STM32CubeMX\db\mcu\STM32U535CEUx.xml,a8a4e34b0bb6a5a8b7d07f3ff2b1ad46b4e489986d41adfe81eb27c0db001d95,1
C:\Users\confl\AppData\Local\Programs\STM32CubeMX\db\mcu\STM32U535CEUxQ.xml,0a393db8cb58788c31eb439f12f4c6ad0cedeb41a16736a17b8ffba6f0bd0250,1
C:\Users\confl\AppData\Local\Programs\STM32CubeMX\db\mcu\STM32U535JEYxQ.xml,0e56a39c108e2dc743eda31c8649e4bf3ee14715bf5ab05abdadcb61f8600495,1
C:\Users\confl\AppData\Local\Programs\STM32CubeMX\db\mcu\STM32U535NCYxQ.xml,4e4dcb44735c5dd46605466744f999758ce8f77d23b31cfc11a1951ff0022724,1
C:\Users\confl\AppData\Local\Programs\STM32CubeMX\db\mcu\STM32U535NEYxQ.xml,e4de13c2ce926a0102fb2e3ccd3659a0c93308bd8370e6d51ec51e6e3809fd92,1
C:\Users\confl\AppData\Local\Programs\STM32CubeMX\db\mcu\STM32U535RBIx.xml,0097ecf65d1160ef9e2f20f18f0404849fbf484fa9c50d3ffda51c065d063807,1
C:\Users\confl\AppData\Local\Programs\STM32CubeMX\db\mcu\STM32U535RBIxQ.xml,eda2e686d7929fa6451d553ee102e338137b2005a7f0aa7feef41a2a68ce3b29,1
C:\Users\confl\AppData\Local\Programs\STM32CubeMX\db\mcu\STM32U535RBTx.xml,8beed75cd8f579dbab0ef4b6638a67708aeddc82363d0de3df585d4278aeabd3,1
C:\Users\confl\AppData\Local\Programs\STM32CubeMX\db\mcu\STM32U535RBTxQ.xml,d28412b99ca7e251db0c83a63d3e7491822343f2f76d1f785e2d0ad21d27e0e7,1
C:\Users\confl\AppData\Local\Programs\STM32CubeMX\db\mcu\STM32U535RCIx.xml,7bd53078dc9910ca499718450c6f48e5293be4dbef871abaa82dca06b1f6b37d,1
C:\Users\confl\AppData\Local\Programs\STM32CubeMX\db\mcu\STM32U535RCIxQ.xml,1eb12a6ffb550c13a2e8aa6954075c09f561afb478bdf80c518de448cab580e3,1
C:\Users\confl\AppData\Local\Programs\STM32CubeMX\db\mcu\STM32U535RCTx.xml,ab3fcffd4c5381b010144f10ae22198b9f5e63e7e1f79fa3e2715106dbc07f71,1
C:\Users\confl\AppData\Local\Programs\STM32CubeMX\db\mcu\STM32U535RCTxQ.xml,d5972c62fb6cd436205387d08d3221c48f0b56aa3393882339b9ce0168bbf648,1
C:\Users\confl\AppData\Local\Programs\STM32CubeMX\db\mcu\STM32U535REIx.xml,395749c110d7f2d64539f1b58f25d0d64f20d34f17b1e978fdf3a7d1ba7e1a1b,1
C:\Users\confl\AppData\Local\Programs\STM32CubeMX\db\mcu\STM32U535REIxQ.xml,bfdd474c80dbc750d85b853e6a5bb2228bc3299cbefa23721819732f184999c3,1
C:\Users\confl\AppData\Local\Programs\STM32CubeMX\db\mcu\STM32U535RETx.xml,c95f20bb05e3a7eb7726849d5d8ec4fbe12c4edabd287e882744ae5ddc7fdea2,1
C:\Users\confl\AppData\Local\Programs\STM32CubeMX\db\mcu\STM32U535RETxQ.xml,c1a117ec4c2efb0607562bad1ebc3b268b42326768f7e650df924ef6b0682197,1
C:\Users\confl\AppData\Local\Programs\STM32CubeMX\db\mcu\STM32U535VCIx.xml,3e9a5d6f89eb8e8494fe0cc4b33465e1cdf433492da8c99d43f9aca61db1bc81,1
C:\Users\confl\AppData\Local\Programs\STM32CubeMX\db\mcu\STM32U535VCIxQ.xml,b792e99c3a4445c7d7bef67a6f210c0bd2ec4751762ee84dcbed09c043e58b00,1
C:\Users\confl\AppData\Local\Programs\STM32CubeMX\db\mcu\STM32U535VCTx.xml,007390b24c44de7feebaecf7dfc0b7d955eee983e898cd885c5785ba1ba34cd5,1
C:\Users\confl\AppData\Local\Programs\STM32CubeMX\db\mcu\STM32U535VCTxQ.xml,936576e80851edfa0968e871c953a932744eaf0506efd19c59bf1f1cb221fc37,1
C:\Users\confl\AppData\Local\Programs\STM32CubeMX\db\mcu\STM32U535VEIx.xml,be3148222abf14092f397296d485dbe25262d830e954f5af9c6ca747fa16785f,1
C:\Users\confl\AppData\Local\Programs\STM32CubeMX\db\mcu\STM32U535VEIxQ.xml,555e92a1714999d7a911fa9cb0087713fd3210196d452ad29a5fc58ad01b5d7f,1
C:\Users\confl\AppData\Local\Programs\STM32CubeMX\db\mcu\STM32U535VETx.xml,14bd1575d54269330be94857325fe596cf67793719108d5ede3845e180c70a14,1
C:\Users\confl\AppData\Local\Programs\STM32CubeMX\db\mcu\STM32U535VETxQ.xml,9cdd96ccdc2b3b07e2d4baa6cdacaf01456b2b00cc32f22da4087afd93ae8e3d,1
C:\Users\confl\AppData\Local\Programs\STM32CubeMX\db\mcu\STM32U545CETx.xml,5e1c94755d6c1008ecafbfb8372811164547bc11a3738061e0c318d69e847d6e,1
C:\Users\confl\AppData\Local\Programs\STM32CubeMX\db\mcu\STM32U545CETxQ.xml,0622247afd919f513b40524a1fc42513f93b272efc70f64d35f70a8fdab71da8,1
C:\Users\confl\AppData\Local\Programs\STM32CubeMX\db\mcu\STM32U545CEUx.xml,cbc000e4fa2741688b6c607b98da5e8d5a568a55c6d37785b064dc038a4b51d4,1
C:\Users\confl\AppData\Local\Programs\STM32CubeMX\db\mcu\STM32U545CEUxQ.xml,ab6e35b249fc3c3989fccf00c1a54f7c49c7187e608f7f3194f73d8cf85195c3,1
C:\Users\confl\AppData\Local\Programs\STM32CubeMX\db\mcu\STM32U545JEYxQ.xml,5a9c5e0163859b51539a729e733b21bf859911e945bc0c68d116a81dbc4ba9a0,1
C:\Users\confl\AppData\Local\Programs\STM32CubeMX\db\mcu\STM32U545NEYxQ.xml,451fc2feae8b5da8d3c9f79e572ccbc26fb6fda139a3eab861b3978b14ade928,1
C:\Users\confl\AppData\Local\Programs\STM32CubeMX\db\mcu\STM32U545REIx.xml,4ce4c489b21501c8e2ee764a0b3a584848a42b3c2c39419ab9fe9912060b472b,1
C:\Users\confl\AppData\Local\Programs\STM32CubeMX\db\mcu\STM32U545REIxQ.xml,4db2e2e2a928d714f1a87b7356792ff1887e15aeef0d088c32a4eda1959a4aa3,1
C:\Users\confl\AppData\Local\Programs\STM32CubeMX\db\mcu\STM32U545RETx.xml,b502c1e1f42136acaf71d68ba3cbfb310598aca8e63a9d54100797dc9998d0be,1
C:\Users\confl\AppData\Local\Programs\STM32CubeMX\db\mcu\STM32U545RETxQ.xml,def08aa352442c109a14db0f54c716d49ef15e4851bfe2c506d623e13a89f216,1
C:\Users\confl\AppData\Local\Programs\STM32CubeMX\db\mcu\STM32U545VEIx.xml,3c52fa17e4963e70817e9c7278edd855c422acab9bb157263ed90bfba2b81404,1
C:\Users\confl\AppData\Local\Programs\STM32CubeMX\db\mcu\STM32U545VEIxQ.xml,a97500ef9a7b7a144eb74032223d9d6f2516dcac8e605d2d81154091eadfffe6,1
C:\Users\confl\AppData\Local\Programs\STM32CubeMX\db\mcu\STM32U545VETx.xml,a12c28a8e302957d96096ae3bcf77cb15dbd09eedcef2b4c6d0a74299a53ed83,1
C:\Users\confl\AppData\Local\Programs\STM32CubeMX\db\mcu\STM32U545VETxQ.xml,9023f2efd3693daeaad0e98e8a0ce0f6b0c86a0955b3d87850e233927f350db2,1
C:\Users\confl\AppData\Local\Programs\STM32CubeMX\db\mcu\STM32U575AGIx.xml,38816da64de0737f7d892a3aa2b55f171f983091ae24c4bb6ba967e5ff7bc093,1
C:\Users\confl\AppData\Local\Programs\STM32CubeMX\db\mcu\STM32U575AGIxQ.xml,099e3d08ce081666628eebf0fc336aee2a1a35eee19ad1963d73b75532063a1d,1
C:\Users\confl\AppData\Local\Programs\STM32CubeMX\db\mcu\STM32U575AIIx.xml,8fb276d40a879811f34a4b775d9b3ac107d30e0ac9d8d6d004775cfc459be61d,1
C:\Users\confl\AppData\Local\Programs\STM32CubeMX\db\mcu\STM32U575AIIxQ.xml,4f514d557adf6c83f4e6be4527384cbfefee5e43f17c58de050cef99d5bf41d2,1
C:\Users\confl\AppData\Local\Programs\STM32CubeMX\db\mcu\STM32U575CGTx.xml,e1dcd30c10badc8ee382b80970620f018bf754d28a717109d2db9c4ca0b7641a,1
C:\Users\confl\AppData\Local\Programs\STM32CubeMX\db\mcu\STM32U575CGTxQ.xml,f078b5c37084fb86fd714e6b5a6301fed7685a30af9cd2e4ae5a37be6b4dc3f7,1
C:\Users\confl\AppData\Local\Programs\STM32CubeMX\db\mcu\STM32U575CGUx.xml,affc0ca25ea7fe077dea750ca142e73e678e7a7bef4f3c4d86fe8c00c3e51de8,1
C:\Users\confl\AppData\Local\Programs\STM32CubeMX\db\mcu\STM32U575CGUxQ.xml,d2e3449c307eda5d6aaac8f4d9cf52fcd7cab242d9b18e29ef0790622c88e4f9,1
C:\Users\confl\AppData\Local\Programs\STM32CubeMX\db\mcu\STM32U575CITx.xml,0f3869c60626ef575e37ac630fb4e2336b880f92a3c47b19523608c48768154d,1
C:\Users\confl\AppData\Local\Programs\STM32CubeMX\db\mcu\STM32U575CITxQ.xml,af8cd01b46edfdab52aaa1497a3698247d0cfbe1c655bf1d73ef12fdba280f5f,1
C:\Users\confl\AppData\Local\Programs\STM32CubeMX\db\mcu\STM32U575CIUx.xml,1be0b483db35ccfecd72cd8e599af696eafd76afac23d951e9eb6ef6e346c562,1
C:\Users\confl\AppData\Local\Programs\STM32CubeMX\db\mcu\STM32U575CIUxQ.xml,c093b1b44ec1e41511d52d92eb28416b9f9d77c4294aded92102a1c56d46379e,1
C:\Users\confl\AppData\Local\Programs\STM32CubeMX\db\mcu\STM32U575OGYxQ.xml,fea89dddab598bb3f5592f5c8e332665676cbee8040b0f7ac654cb2f9b312f45,1
C:\Users\confl\AppData\Local\Programs\STM32CubeMX\db\mcu\STM32U575OIYxQ.xml,863ed6e21f2a64d20f9745db554b4326cc6ffe160527378c3169624a250d5215,1
C:\Users\confl\AppData\Local\Programs\STM32CubeMX\db\mcu\STM32U575QGIx.xml,7cd169a6e83652499abf3f195281c8329130e30513011eb3b7784e33b191d7ad,1
C:\Users\confl\AppData\Local\Programs\STM32CubeMX\db\mcu\STM32U575QGIxQ.xml,64e2b1e6bf28a4f229c393d9759250fe250684010e540f64cb68bca43ce7115e,1
C:\Users\confl\AppData\Local\Programs\STM32CubeMX\db\mcu\STM32U575QIIx.xml,98626d27b149be7cdcd2fbd8e32eb2861d0d83932a57e43466e6796c51e797eb,1
C:\Users\confl\AppData\Local\Programs\STM32CubeMX\db\mcu\STM32U575QIIxQ.xml,e2d160cbffecdd17deda23ed030a8f2daa967634adae022b4d881ac5aa33b51c,1
C:\Users\confl\AppData\Local\Programs\STM32CubeMX\db\mcu\STM32U575RGTx.xml,1bdcdb66babb45af915f558de4ffd0b2d1e2f8db3a6c33d2fd61f1ce2bfffe7d,1
C:\Users\confl\AppData\Local\Programs\STM32CubeMX\db\mcu\STM32U575RGTxQ.xml,bcfdf9caf09f36ed58d8abbfcdc5828c9c431255ec98d344cb3a28d2dfd8a7f6,1
C:\Users\confl\AppData\Local\Programs\STM32CubeMX\db\mcu\STM32U575RITx.xml,f6631b9909e3bfbf82019d09605737eb92c05039fb46ca58af80cc12275b90ad,1
C:\Users\confl\AppData\Local\Programs\STM32CubeMX\db\mcu\STM32U575RITxQ.xml,2041c1b2c74e5b0f139926860730c6b174bd9423193a28acdf24105e148e6b6f,1
C:\Users\confl\AppData\Local\Programs\STM32CubeMX\db\mcu\STM32U575VGTx.xml,62d40b8d585954761d9e06a91e205cefbbce54cdcd1534fd433a0bddf6fc12b0,1
C:\Users\confl\AppData\Local\Programs\STM32CubeMX\db\mcu\STM32U575VGTxQ.xml,0bfbe670fe308b46ab8a8848f2d9df7440fdb557b692b5569a0c0798f6767bc1,1
C:\Users\confl\AppData\Local\Programs\STM32CubeMX\db\mcu\STM32U575VITx.xml,27fc4db4663a7b9817b534d1fc4abe2c9be26c8ab1e66f4b68f74fe5e023bc2b,1
C:\Users\confl\AppData\Local\Programs\STM32CubeMX\db\mcu\STM32U575VITxQ.xml,a660b7df734c3ed36dc806dc4cced680ca706ec3f5d54e54864f5c5070987e58,1
C:\Users\confl\AppData\Local\Programs\STM32CubeMX\db\mcu\STM32U575ZGTx.xml,d291ff8f124728e6a4ba9c8ed04908eabcc187c3a61f0284bc238ecf52e2700a,1
C:\Users\confl\AppData\Local\Programs\STM32CubeMX\db\mcu\STM32U575ZGTxQ.xml,ca44e92e8524db613afd594f12ae7280f8df7119c61abaed7dbb5d3eaca0e703,1
C:\Users\confl\AppData\Local\Programs\STM32CubeMX\db\mcu\STM32U575ZITx.xml,0d43ab9e50592f78c6188e79bb92fe8510b1c3c59454f6bb07459dba91cb7f4d,1
C:\Users\confl\AppData\Local\Programs\STM32CubeMX\db\mcu\STM32U575ZITxQ.xml,f6991d5824a034836667037f473920b5a1ca38cb0a51919b27d2f0646dd8ca6a,1
C:\Users\confl\AppData\Local\Programs\STM32CubeMX\db\mcu\STM32U585AIIx.xml,948520ec326fcff8ebe40fb1edfc32e19f773b359534fbd8d3b5b822693f562e,1
C:\Users\confl\AppData\Local\Programs\STM32CubeMX\db\mcu\STM32U585AIIxQ.xml,c9c9c179ab57b851800292f4ea3e7f79f71ac914feb5ff2a1b84236b772ab4b9,1
C:\Users\confl\AppData\Local\Programs\STM32CubeMX\db\mcu\STM32U585CITx.xml,f78de90bfde97d260ebe2f82738b176d0b990afee21996d14a1c8b3125b46622,1
C:\Users\confl\AppData\Local\Programs\STM32CubeMX\db\mcu\STM32U585CITxQ.xml,986469cec0537ecb47b4a34f2a10f3add9daa6bf293decc8534fc9927bf73052,1
C:\Users\confl\AppData\Local\Programs\STM32CubeMX\db\mcu\STM32U585CIUx.xml,db81b882e7bca3d5412ee9b764ab0f12310c8f73f8eff98dc4fb0acfcfe00519,1
C:\Users\confl\AppData\Local\Programs\STM32CubeMX\db\mcu\STM32U585CIUxQ.xml,cee3a07ff39022d84b1f07fc36dcded2cd06fad13d9bf8d4014b672be4dcc208,1
C:\Users\confl\AppData\Local\Programs\STM32CubeMX\db\mcu\STM32U585OIYxQ.xml,4754a5bc2f072cd82f80537c52562c00a1af907754b38296f70eb27ab1b19c30,1
C:\Users\confl\AppData\Local\Programs\STM32CubeMX\db\mcu\STM32U585QIIx.xml,e5e55cafd08649f6ae9173720afa01d07a0e273957ea8fe31c08b6d6f007884b,1
C:\Users\confl\AppData\Local\Programs\STM32CubeMX\db\mcu\STM32U585QIIxQ.xml,ea80d8a88574f61832939eb203f7b60ea371f6478b447f9b1358b0b1f80a8a75,1
C:\Users\confl\AppData\Local\Programs\STM32CubeMX\db\mcu\STM32U585RITx.xml,2f4e871ef9694597a66746106225b00b916601d63984df5ca41b55a13bec3f10,1
C:\Users\confl\AppData\Local\Programs\STM32CubeMX\db\mcu\STM32U585RITxQ.xml,15fab255a0c7baa17679bb3012bd68eee1ba8e9f46332042c30954e815444b00,1
C:\Users\confl\AppData\Local\Programs\STM32CubeMX\db\mcu\STM32U585VITx.xml,fc3a612b83f5fee578d21e988d0a1cca00d2498fc9313baf876dfbcff1c4bda9,1
C:\Users\confl\AppData\Local\Programs\STM32CubeMX\db\mcu\STM32U585VITxQ.xml,0bdacf59f95aa0c92ba330ba318dd7eb8bcae2460dc3fd029db59bb444db040c,1
C:\Users\confl\AppData\Local\Programs\STM32CubeMX\db\mcu\STM32U585ZITx.xml,e8d9ad637730ad2ced8052edb03b2726f160c09f3df355ef4a2be80bf6613973,1
C:\Users\confl\AppData\Local\Programs\STM32CubeMX\db\mcu\STM32U585ZITxQ.xml,500af04716e595d3258e52eca2600b493543ba626234047ed356b5620b4ee1a3,1
C:\Users\confl\AppData\Local\Programs\STM32CubeMX\db\mcu\STM32U595AIHx.xml,e9e71054f1e7a8c22a13d026b9f1415152002bb7d7e166664267fbba5d06bec5,1
C:\Users\confl\AppData\Local\Programs\STM32CubeMX\db\mcu\STM32U595AIHxQ.xml,4d20eedcc368cd897fba73453b1d2a2c3da8cc93e009db378ad55bd0b96c8a12,1
C:\Users\confl\AppData\Local\Programs\STM32CubeMX\db\mcu\STM32U595AJHx.xml,10ac31d5318fe37b782fb13424cdfac867780e94bab9cf84b3541e4f464de1dc,1
C:\Users\confl\AppData\Local\Programs\STM32CubeMX\db\mcu\STM32U595AJHxQ.xml,1c375abfce6f8901150f10b7f0dc520efc0e1ae2257a3a1d3a49457095e639be,1
C:\Users\confl\AppData\Local\Programs\STM32CubeMX\db\mcu\STM32U595QIIx.xml,0b509353012240b195da7b0315784996f84704542785a734c81edef2a260b82a,1
C:\Users\confl\AppData\Local\Programs\STM32CubeMX\db\mcu\STM32U595QIIxQ.xml,76be8d0ba62e6a219314216bfdf9f9242b73d78f578de0a14870120c6c86435c,1
C:\Users\confl\AppData\Local\Programs\STM32CubeMX\db\mcu\STM32U595QJIx.xml,5f72daa5f08e6f26e83c7f79e393f84b892800281454e62d4a7d667bd2998371,1
C:\Users\confl\AppData\Local\Programs\STM32CubeMX\db\mcu\STM32U595QJIxQ.xml,fc8692bd1b89b5a0e31b3b0133c024a1f52b9c5f35ecc78572150d0abfcddfdc,1
C:\Users\confl\AppData\Local\Programs\STM32CubeMX\db\mcu\STM32U595RITx.xml,476438a269d828047a1497c35d3276559e0048444bb84dec37db60aedd71a905,1
C:\Users\confl\AppData\Local\Programs\STM32CubeMX\db\mcu\STM32U595RITxQ.xml,101216cc07cd5586fd3a29ecedd365f43feeff8fa267aa1399f6e2742b5a1fab,1
C:\Users\confl\AppData\Local\Programs\STM32CubeMX\db\mcu\STM32U595RJTx.xml,01031c6441e43931196e63116a5471b659aafcea58b6fd13790bd38acfa8412e,1
C:\Users\confl\AppData\Local\Programs\STM32CubeMX\db\mcu\STM32U595RJTxQ.xml,0089113925374fe8a09816557d098b54e03c0a27595dc7dab42eb7eb40beec25,1
C:\Users\confl\AppData\Local\Programs\STM32CubeMX\db\mcu\STM32U595VITx.xml,df5f4c15de6bb2d7ef4b027888d32052f9ff92210f92fc5f3b90254553ecc68c,1
C:\Users\confl\AppData\Local\Programs\STM32CubeMX\db\mcu\STM32U595VITxQ.xml,19fc671bca7c3dc6fc2319363cd249e0666d0d3b344a7d9e76eeaba1bedc228c,1
C:\Users\confl\AppData\Local\Programs\STM32CubeMX\db\mcu\STM32U595VJTx.xml,abbda39188e2ab2dc265aa4dc29700a73433ade802c752abbb016ee2459496ae,1
C:\Users\confl\AppData\Local\Programs\STM32CubeMX\db\mcu\STM32U595VJTxQ.xml,b974029ad157b58457549d495b259dd956cb2600cb8dff02d861ee790801c850,1
C:\Users\confl\AppData\Local\Programs\STM32CubeMX\db\mcu\STM32U595ZITx.xml,506b0753bc2e451877c17a49bff40af8dd86a1a1c716b50723b7a8f6bc9e65c7,1
C:\Users\confl\AppData\Local\Programs\STM32CubeMX\db\mcu\STM32U595ZITxQ.xml,e11ba3087583e20f5c987eadf261ba787622a9cfd06aa77221e841eaabef0043,1
C:\Users\confl\AppData\Local\Programs\STM32CubeMX\db\mcu\STM32U595ZIYxQ.xml,6d68832bc7f37cca8016d2dc9dbc157ed589581cf55b291c583564bad135d62a,1
C:\Users\confl\AppData\Local\Programs\STM32CubeMX\db\mcu\STM32U595ZJTx.xml,e62d78a5a973ae6ddcdfda63c8309fe0025e6d1fc3dc2f13a1efaa8cce65ed6b,1
C:\Users\confl\AppData\Local\Programs\STM32CubeMX\db\mcu\STM32U595ZJTxQ.xml,275906fbcf565abadf98f90c4240b1c864afa43418601283b654d1ef101e197a,1
C:\Users\confl\AppData\Local\Programs\STM32CubeMX\db\mcu\STM32U595ZJYxQ.xml,0c711b614f1002741ad4e2a6f7f5d8308add32d3e829c7e34f155a29daa33bf1,1
C:\Users\confl\AppData\Local\Programs\STM32CubeMX\db\mcu\STM32U599BJYxQ.xml,76ae2c3afe04e97c560d9e76c8d33c9843e737f8f9148f366fcf2d54c1646a9a,1
C:\Users\confl\AppData\Local\Programs\STM32CubeMX\db\mcu\STM32U599NIHxQ.xml,a4fb3fed6cc3ef5707f82f3ec5266b13eb585bb955eab537e2775640273e8b7a,1
C:\Users\confl\AppData\Local\Programs\STM32CubeMX\db\mcu\STM32U599NJHxQ.xml,16416253e19a4c8f2136aaacc30a6f8d163d17a12b90e96ed4862abc4754f1eb,1
C:\Users\confl\AppData\Local\Programs\STM32CubeMX\db\mcu\STM32U599VITxQ.xml,c686e645af9a33205f4f5188383a66c266d852d50def57a6b3119751bacc8cfe,1
C:\Users\confl\AppData\Local\Programs\STM32CubeMX\db\mcu\STM32U599VJTx.xml,96a248dc19a3181bb42245037d4d7a8fd1c193d144b4db7409a46c9ae1457e2d,1
C:\Users\confl\AppData\Local\Programs\STM32CubeMX\db\mcu\STM32U599VJTxQ.xml,32188de8809e3906bc36980a26af5b5a1321a78e5c0d66b7c14b1ec1b2e02d70,1
C:\Users\confl\AppData\Local\Programs\STM32CubeMX\db\mcu\STM32U599ZITxQ.xml,876eed17c150db5c43e16b83d830a8952cdc638468b566382b5cb0b837dbd4a5,1
C:\Users\confl\AppData\Local\Programs\STM32CubeMX\db\mcu\STM32U599ZIYxQ.xml,1796128df07243af8f396e17a59b0b038b2cae62339f68cda1cd737a956cd239,1
C:\Users\confl\AppData\Local\Programs\STM32CubeMX\db\mcu\STM32U599ZJTxQ.xml,799650e195011a126ecf4503a9b7fb1c11d0fe2543f78b5fb58192027921e972,1
C:\Users\confl\AppData\Local\Programs\STM32CubeMX\db\mcu\STM32U599ZJYxQ.xml,5ff79e25fa91e1cf3cfd2b039343d11b594e2483a552a2836f22f22ab0188484,1
C:\Users\confl\AppData\Local\Programs\STM32CubeMX\db\mcu\STM32U5A5AJHx.xml,6bacf9424e7598bc9f4881600192115a897f814c159c24455a832e422bb05c79,1
C:\Users\confl\AppData\Local\Programs\STM32CubeMX\db\mcu\STM32U5A5AJHxQ.xml,68b2763aee2d4bce9dc7b0b99c93a24a6aa01824f215a3413a28a9c88b874129,1
C:\Users\confl\AppData\Local\Programs\STM32CubeMX\db\mcu\STM32U5A5QJIx.xml,44172020d4e72cdb5fb9ac9a00392f9b46e8b3818e413ed20ed65667d283765b,1
C:\Users\confl\AppData\Local\Programs\STM32CubeMX\db\mcu\STM32U5A5QJIxQ.xml,d316d2b0bd72f2e73a36cbfb7aebb9d0aff516b27a89cbbdf72ebdbfc0e345b3,1
C:\Users\confl\AppData\Local\Programs\STM32CubeMX\db\mcu\STM32U5A5RJTx.xml,a3a0a6af1cf5412bbbf049ca99cf52dcb5638f6d8f99985dda7f028ca5eccb22,1
C:\Users\confl\AppData\Local\Programs\STM32CubeMX\db\mcu\STM32U5A5RJTxQ.xml,f212a0183654347f39acaa99506e1128d252924a8b5031b523e44a290a2b41d5,1
C:\Users\confl\AppData\Local\Programs\STM32CubeMX\db\mcu\STM32U5A5VJTx.xml,8ec3b121b59b5bfe11875aae81a77058c186234dcd23f5cf4c7b5d228f6bc732,1
C:\Users\confl\AppData\Local\Programs\STM32CubeMX\db\mcu\STM32U5A5VJTxQ.xml,2d5d6a9bd7c74c4cea8b13ebe8cec27e07d851b0ec0f677df0b5f13ac2c4709f,1
C:\Users\confl\AppData\Local\Programs\STM32CubeMX\db\mcu\STM32U5A5ZJTx.xml,e9894e795ce551ff0a01d0b511cb585519149a722300386c9e623c5fed61044f,1
C:\Users\confl\AppData\Local\Programs\STM32CubeMX\db\mcu\STM32U5A5ZJTxQ.xml,628e5a24a84a07d6cbeed507f150076cf054e8b1110693e66ded5828c832fde8,1
C:\Users\confl\AppData\Local\Programs\STM32CubeMX\db\mcu\STM32U5A5ZJYxQ.xml,d18ba4254819da272c2262c6457fa3ebf1a43b72c3799fb7d2f6564dfc923ccb,1
C:\Users\confl\AppData\Local\Programs\STM32CubeMX\db\mcu\STM32U5A9BJYxQ.xml,945c6da4b5dd9dedb0bc2060c91624214480689977e0a3df54a28da2a8892a50,1
C:\Users\confl\AppData\Local\Programs\STM32CubeMX\db\mcu\STM32U5A9NJHxQ.xml,42cdea6673feb0a09e8d08562104cdccdd69ec526ca594c9d4ad3109ca9214a7,1
C:\Users\confl\AppData\Local\Programs\STM32CubeMX\db\mcu\STM32U5A9VJTxQ.xml,4c3b358cc7b9a5a88d35bb056075f216d68ec4a71bb534fcb9c651c8c5031f13,1
C:\Users\confl\AppData\Local\Programs\STM32CubeMX\db\mcu\STM32U5A9ZJTxQ.xml,d331913ab8d8b2cbb37591706b70bcd36be6ef0b3f0dae8d3d2e1545791792d6,1
C:\Users\confl\AppData\Local\Programs\STM32CubeMX\db\mcu\STM32U5A9ZJYxQ.xml,b922fa37ccada87d0a2bd8053a2a17c0d04dbfee881036ab19034206a7959779,1
C:\Users\confl\AppData\Local\Programs\STM32CubeMX\db\mcu\STM32U5F7VITx.xml,53563d8b79a9b4dd7711bbb2510193032d530e9cdb709a63a1ddb37ffa7d3426,1
C:\Users\confl\AppData\Local\Programs\STM32CubeMX\db\mcu\STM32U5F7VITxQ.xml,70943e38c175692790c2564ceaf71c4cf8fbb89fd354056015ae9a2e4fb3a0c0,1
C:\Users\confl\AppData\Local\Programs\STM32CubeMX\db\mcu\STM32U5F7VJTx.xml,7e3c6f59c94eaf3273e1316cf95c4fe6e24a7e7d8c14ba508d337e9b3d8e3e86,1
C:\Users\confl\AppData\Local\Programs\STM32CubeMX\db\mcu\STM32U5F7VJTxQ.xml,36163040aa76f3623c3e2c2f510bead1feb7fafb63305b23bff4798bbe425e1d,1
C:\Users\confl\AppData\Local\Programs\STM32CubeMX\db\mcu\STM32U5F9BJYxQ.xml,26884d02505c45ef240fb66365608c964c7dc9ab0b07611f8cdb913ca7fb87fb,1
C:\Users\confl\AppData\Local\Programs\STM32CubeMX\db\mcu\STM32U5F9NJHxQ.xml,3186215d14f727326181fe8b45d8475c6f1d4eed1bdb2230ff711952c7c3f799,1
C:\Users\confl\AppData\Local\Programs\STM32CubeMX\db\mcu\STM32U5F9VITxQ.xml,81fd4ebbc2b5ee87541ebdf25ede6ee3f53403aa701e83c41c946a79899be9c5,1
C:\Users\confl\AppData\Local\Programs\STM32CubeMX\db\mcu\STM32U5F9VJTxQ.xml,2959b236e7017c7f55430c8334e96251df457e369ff04f81b93d2c59538a4407,1
C:\Users\confl\AppData\Local\Programs\STM32CubeMX\db\mcu\STM32U5F9ZIJxQ.xml,c0860583ae5df8cafb35c3e204b24a959e64da1b4afc0c0075a656dd6056847f,1
C:\Users\confl\AppData\Local\Programs\STM32CubeMX\db\mcu\STM32U5F9ZITxQ.xml,89eeef286d16705add9330f0635cd6f9ddb5d4cf8e18d2406c7ad8d7e4e22c45,1
C:\Users\confl\AppData\Local\Programs\STM32CubeMX\db\mcu\STM32U5F9ZJJxQ.xml,d8a3d5812fd8ebd2be79cc8c5ca8c691e1ceac2ebe85a105c4ec38569866ee58,1
C:\Users\confl\AppData\Local\Programs\STM32CubeMX\db\mcu\STM32U5F9ZJTxQ.xml,2d21212a9036f082033065528ad18741ba86f3df459625b406ab6b91069ba0b2,1
C:\Users\confl\AppData\Local\Programs\STM32CubeMX\db\mcu\STM32U5G7VJTx.xml,7b27d54eb1461843a4dfb8ca3547f086667fb740811da25b5bb40cdd7dc9d333,1
C:\Users\confl\AppData\Local\Programs\STM32CubeMX\db\mcu\STM32U5G7VJTxQ.xml,86fadc4613dda7957577a27cd66ce7a8e5507d491e2d2e1d9544c062b0528401,1
C:\Users\confl\AppData\Local\Programs\STM32CubeMX\db\mcu\STM32U5G9BJYxQ.xml,c130c33ffea7e45524e230e8b410e047e192df47c5608b67e535c42351010b69,1
C:\Users\confl\AppData\Local\Programs\STM32CubeMX\db\mcu\STM32U5G9NJHxQ.xml,551886ab84e3ddb41c4ac859fa0e48e5f1deb15f1ac9064f030a6cf6334ba88d,1
C:\Users\confl\AppData\Local\Programs\STM32CubeMX\db\mcu\STM32U5G9VJTxQ.xml,47561e3c9ef31609c7e5f4b428af24b9cb6fd9afb7a02c0e270d0c4927a730da,1
C:\Users\confl\AppData\Local\Programs\STM32CubeMX\db\mcu\STM32U5G9ZJJxQ.xml,d613db3ea6d3bb60fdb35952652ce8879176e83a386be73a7ef19d60936bd3d6,1
C:\Users\confl\AppData\Local\Programs\STM32CubeMX\db\mcu\STM32U5G9ZJTxQ.xml,e4a1f7d5651b3574b5c2154962bad7a2ab2172b526653b27f1f25d3a35329ee8,1
C:\Users\confl\AppData\Local\Programs\STM32CubeMX\db\mcu\STM32WB05KZVx.xml,d9656fe52d115ef75e7747a9a3e6de2c6b0ae0142f18a2cf64ef6905716c3888,1
C:\Users\confl\AppData\Local\Programs\STM32CubeMX\db\mcu\STM32WB05TZFx.xml,2975d23ef978e4c92d2882edf078cd591dcb38cb13324d402574f965c1e2a6b1,1
C:\Users\confl\AppData\Local\Programs\STM32CubeMX\db\mcu\STM32WB06CCFx.xml,ac70e11a11a16de0b991cceafaf94d5d47961800a543ca9f3892b7b0c9689eef,1
C:\Users\confl\AppData\Local\Programs\STM32CubeMX\db\mcu\STM32WB06CCVx.xml,06e05808cd53ead0d8473277c3a53d5bd190383f47234ed5f730edc246f851e7,1
C:\Users\confl\AppData\Local\Programs\STM32CubeMX\db\mcu\STM32WB06KCVx.xml,f906795b874b5d08e117794e3dadd36e798f0607f5331e32af5c78cf68517a29,1
C:\Users\confl\AppData\Local\Programs\STM32CubeMX\db\mcu\STM32WB07CCFx.xml,72b7d4c6efa2f2ddfc588361c099a28be9542d1a98215f48835ea6ba19093b7d,1
C:\Users\confl\AppData\Local\Programs\STM32CubeMX\db\mcu\STM32WB07CCVx.xml,ed4cfcb5f4217795e5f6d4af0843dedd4d479510643347864500538ba5ccbf59,1
C:\Users\confl\AppData\Local\Programs\STM32CubeMX\db\mcu\STM32WB07KCVx.xml,4c5934c3ffa9f162f0533b65ca989583fdae1f564afc8b448cdfe9c80845f3e5,1
C:\Users\confl\AppData\Local\Programs\STM32CubeMX\db\mcu\STM32WB09KEVx.xml,8446a5a4be6993b12704858cef1c30d402e4f4c84642080beb27a0faa3ce3988,1
C:\Users\confl\AppData\Local\Programs\STM32CubeMX\db\mcu\STM32WB09TEFx.xml,739e5e100c553e094cb7b1c5be0065b53d4cc3f205ea7607ec287a7c7bba7665,1
C:\Users\confl\AppData\Local\Programs\STM32CubeMX\db\mcu\STM32WB10CCUx.xml,ae544575fb4b16c811993c279d9f76aafa679bcdf811fd3ab8d88300c8b7eb2a,1
C:\Users\confl\AppData\Local\Programs\STM32CubeMX\db\mcu\STM32WB15CCUx.xml,b01b0fd00649b54f8500e49fe79154a66c8cd9a48d9c71c89452edcd653c34bd,1
C:\Users\confl\AppData\Local\Programs\STM32CubeMX\db\mcu\STM32WB15CCUxE.xml,4e6587417bc1e81f66f26b6d29e952684160a257a8516e1b515d2ea6bfa59426,1
C:\Users\confl\AppData\Local\Programs\STM32CubeMX\db\mcu\STM32WB15CCYx.xml,b13ef85a92cce498b65f31b04aaaf061439631fa131f801f97c3398c02aacdfe,1
C:\Users\confl\AppData\Local\Programs\STM32CubeMX\db\mcu\STM32WB1MMCHx.xml,ed4392d21ebf3fc094598bfd85f0734f1bbc8c12de099c1fb235e3b1aa838e89,1
C:\Users\confl\AppData\Local\Programs\STM32CubeMX\db\mcu\STM32WB30CEUxA.xml,3bf966ccd06ae99c84f128eb13d97222d72301427705db5098e98cd3a42d66fe,1
C:\Users\confl\AppData\Local\Programs\STM32CubeMX\db\mcu\STM32WB35C(C-E)UxA.xml,186870b54379d56114ea359d77b00cc27c18c2470e86ccdadc6a7007def906d8,2
C:\Users\confl\AppData\Local\Programs\STM32CubeMX\db\mcu\STM32WB50CGUx.xml,d4d775923d43d801d29e8ef32df0f7a34269fa256be27f641f28e1a5a49cd43b,1
C:\Users\confl\AppData\Local\Programs\STM32CubeMX\db\mcu\STM32WB55CCUx.xml,1be9b826a0d12162f4e79c37dc0e0e389ef1caeb48900ed6111bc97e5ccb0675,1
C:\Users\confl\AppData\Local\Programs\STM32CubeMX\db\mcu\STM32WB55CEUx.xml,6bf27ff6b55ce2a3aad5dace0fb4ca90c98c1cb382bf24c6b493b6faae61e899,1
C:\Users\confl\AppData\Local\Programs\STM32CubeMX\db\mcu\STM32WB55CGUx.xml,e6bf85779bebef022b17174ef0fad219b1a12788379ea64a8b0b7288801cc20d,1
C:\Users\confl\AppData\Local\Programs\STM32CubeMX\db\mcu\STM32WB55RCVx.xml,8fad441adb1de45cb8e67e8b019d3a7ab4d8e144bcc6a643edf160f525204930,1
C:\Users\confl\AppData\Local\Programs\STM32CubeMX\db\mcu\STM32WB55REVx.xml,5c5ef1c34d7dff5d0e2dcb8b3f83f1f3a04ebb8a41164a78701264c556427f67,1
C:\Users\confl\AppData\Local\Programs\STM32CubeMX\db\mcu\STM32WB55RGVx.xml,7f995bf5022776716d2dd0461303fe98d280292a6d57ccf62c88a7eefc8775fb,1
C:\Users\confl\AppData\Local\Programs\STM32CubeMX\db\mcu\STM32WB55VCQx.xml,72bef1a89727961f1ebc62051ca0c1d1129352419077b39f9a68395c913a63a8,1
C:\Users\confl\AppData\Local\Programs\STM32CubeMX\db\mcu\STM32WB55VCYx.xml,6dc77fa34b10326388b022bd03928b949875118f1e45677c5d42e312e4582c22,1
C:\Users\confl\AppData\Local\Programs\STM32CubeMX\db\mcu\STM32WB55VEQx.xml,c09d65468bca4829aa8e216345a41a469527b3f0d262ec7262e4f2a892ca008d,1
C:\Users\confl\AppData\Local\Programs\STM32CubeMX\db\mcu\STM32WB55VEYx.xml,84e2e83c95e62a816b444b5ff976c44dbbceed139282aaaf9eb8188309b1d6a5,1
C:\Users\confl\AppData\Local\Programs\STM32CubeMX\db\mcu\STM32WB55VGQx.xml,789083ff64f4462f12286dd6ec0fb7b7f1b6fc03622d8f79a0a8978303533415,1
C:\Users\confl\AppData\Local\Programs\STM32CubeMX\db\mcu\STM32WB55VGYx.xml,2eaae4fce7c272fe5784b3e1edc81518bf52ec509e2d90558e3a95c82322c91b,1
C:\Users\confl\AppData\Local\Programs\STM32CubeMX\db\mcu\STM32WB55VYYx.xml,a9f0190b54b23d13833c53d14baa050fca2b8c32a1f8c0c9f3b43510c8c9e80d,1
C:\Users\confl\AppData\Local\Programs\STM32CubeMX\db\mcu\STM32WB5MMGHx.xml,6be3d54c7731528b0aa74f14220d6bff05d760efa53570457809eae07cbf01a3,1
C:\Users\confl\AppData\Local\Programs\STM32CubeMX\db\mcu\STM32WBA23CEUx.xml,0616c6418aff2c359e99f81771046f6e0c16db2dd1963808450d72513bf04414,1
C:\Users\confl\AppData\Local\Programs\STM32CubeMX\db\mcu\STM32WBA23KEUx.xml,cc709743b330d2723ae71c8b91f2514dda7cdcdd75ff316333ddbb0d060ab70a,1
C:\Users\confl\AppData\Local\Programs\STM32CubeMX\db\mcu\STM32WBA25CEUx.xml,9135cb51d7b5ad42bf13b4add1d76dc406d28ce24f4ff5db6ef5fcfb8d857041,1
C:\Users\confl\AppData\Local\Programs\STM32CubeMX\db\mcu\STM32WBA25HEFx.xml,51c828cecb667d44f333988087b46ca6c91bd53865a28d494989c0b90a078c19,1
C:\Users\confl\AppData\Local\Programs\STM32CubeMX\db\mcu\STM32WBA50KGUx.xml,b64233ca2b99ac8bf867bf0997b95d984935486529e5948afe44720276164851,1
C:\Users\confl\AppData\Local\Programs\STM32CubeMX\db\mcu\STM32WBA52CEUx.xml,1179006d2274572defc7724d71fe19a09f2caab0d09ae132b62af5da311d75ef,1
C:\Users\confl\AppData\Local\Programs\STM32CubeMX\db\mcu\STM32WBA52CGUx.xml,4a09bfa05c71d13d76e8d54720a4d744754db17acb17e398746bb9714f4b54a1,1
C:\Users\confl\AppData\Local\Programs\STM32CubeMX\db\mcu\STM32WBA52KEUx.xml,127f3957110c0bd47be4e395998d1cf6572936024c059c2181097149e8f23fa4,1
C:\Users\confl\AppData\Local\Programs\STM32CubeMX\db\mcu\STM32WBA52KGUx.xml,3a67fc6079b96bd142dd6201fe44a22d39946086ebaecc000c7ae302bc639302,1
C:\Users\confl\AppData\Local\Programs\STM32CubeMX\db\mcu\STM32WBA54CEUx.xml,37b434b77a65cad41321b7f90480770be3a62763e700464b4b00e70774516eff,1
C:\Users\confl\AppData\Local\Programs\STM32CubeMX\db\mcu\STM32WBA54CGUx.xml,8660a6d00042b5a49419fa395fb9c3022ff008a06551650a6f79d76ea3a510aa,1
C:\Users\confl\AppData\Local\Programs\STM32CubeMX\db\mcu\STM32WBA54KEUx.xml,4b5c2bf8472ba0d7507b7df8ba16f998da28f781fc99283799a263b44605c356,1
C:\Users\confl\AppData\Local\Programs\STM32CubeMX\db\mcu\STM32WBA54KGUx.xml,a941f55e698412ecaeaeaad6872ab41d37a645fe561db86bc100ec8d80b2d0c6,1
C:\Users\confl\AppData\Local\Programs\STM32CubeMX\db\mcu\STM32WBA55CEUx.xml,88c2a29b4d97336449b99112aacdf1bf5ff46ab79d3d01e5047d21ae7a52e9ef,1
C:\Users\confl\AppData\Local\Programs\STM32CubeMX\db\mcu\STM32WBA55CGUx.xml,ad7828b3965e72d2da7d811b6583060c2a2d92e9dbf39f8226020f5e43b05a1f,1
C:\Users\confl\AppData\Local\Programs\STM32CubeMX\db\mcu\STM32WBA55HEFx.xml,a3d9a30fe1f90d0991af7c323e1e7a8ff8d89983a763325af70584ccaa33ff57,1
C:\Users\confl\AppData\Local\Programs\STM32CubeMX\db\mcu\STM32WBA55HGFx.xml,c33c2dded3349cfe0929c3792a78238d4473654b23734cddf0d3e26ada77ea18,1
C:\Users\confl\AppData\Local\Programs\STM32CubeMX\db\mcu\STM32WBA55UEIx.xml,ee2445a529ff39ee8ea99fe1272ef76e6ad9d5ae468fc322d0b61e3c507bc5f3,1
C:\Users\confl\AppData\Local\Programs\STM32CubeMX\db\mcu\STM32WBA55UGIx.xml,514553ce8d8770706d9e0f163a3c20f2ed445d0896bd7196a0344871eefd3bfa,1
C:\Users\confl\AppData\Local\Programs\STM32CubeMX\db\mcu\STM32WBA5MMGHx.xml,1002741748f24eafe4cee11d15918a8040a59bf70b6c2c3818bf57f93b3e02a6,1
C:\Users\confl\AppData\Local\Programs\STM32CubeMX\db\mcu\STM32WBA62CGUx.xml,9f06e6de31a611953058967308f3a6a3768f8a2ad9cbf112622fb0297c3eaa68,1
C:\Users\confl\AppData\Local\Programs\STM32CubeMX\db\mcu\STM32WBA62CIUx.xml,d206cfa56b29f8d7867278cd07a6d252453734c5029d288bf303dd1283b40a2f,1
C:\Users\confl\AppData\Local\Programs\STM32CubeMX\db\mcu\STM32WBA62MGFx.xml,21e2245ef2aa2c7df3ad6da56a933c46312a86153f064ebd88350a4a7e84fa4a,1
C:\Users\confl\AppData\Local\Programs\STM32CubeMX\db\mcu\STM32WBA62MIFx.xml,c4e449865694e52315ed40d9d7929471a3a6e44daea74e06436ff172b2798ae3,1
C:\Users\confl\AppData\Local\Programs\STM32CubeMX\db\mcu\STM32WBA62PGIx.xml,db579e7aca22daa70f07b4104cb1f92145168efa1547a9ad61f4bbd4c5d8cdf5,1
C:\Users\confl\AppData\Local\Programs\STM32CubeMX\db\mcu\STM32WBA62PIIx.xml,f2d856a2b2f0a6804e15190b97bc524a9b31f023ec47499071ade9ee21116e86,1
C:\Users\confl\AppData\Local\Programs\STM32CubeMX\db\mcu\STM32WBA63CGUx.xml,2a7aa1ffeb9add6fa137febc3d2dcc1947c6401d8ac1a7c8aa90875540e3dc5d,1
C:\Users\confl\AppData\Local\Programs\STM32CubeMX\db\mcu\STM32WBA63CIUx.xml,ed6f24e9011e86e6d2796132a366b9817d5fadc6c0754420efff960431a5c44c,1
C:\Users\confl\AppData\Local\Programs\STM32CubeMX\db\mcu\STM32WBA64CGUx.xml,1acc0db14b9113f1a92f676c2684ae0cceaa69a34249d965be78b69fe4e54c7e,1
C:\Users\confl\AppData\Local\Programs\STM32CubeMX\db\mcu\STM32WBA64CIUx.xml,c4feb204b77910db777aa79b7cf356b0af918e8c7f4cb6a93c29c48fa2c64843,1
C:\Users\confl\AppData\Local\Programs\STM32CubeMX\db\mcu\STM32WBA65CGUx.xml,f97261c03ec824f2e8e5b1c9343745684fbaab3b00ea150dd9bf0623f942d2e7,1
C:\Users\confl\AppData\Local\Programs\STM32CubeMX\db\mcu\STM32WBA65CIUx.xml,d2fa21d0d34a41c21c709722b60aba66dad270433b25df2fcbff298d2e412ce4,1
C:\Users\confl\AppData\Local\Programs\STM32CubeMX\db\mcu\STM32WBA65MGFx.xml,ab7db85d0e14a8a4c295ba2c5ab624a42ff43aee5589ede91c6aa3841f8db9f1,1
C:\Users\confl\AppData\Local\Programs\STM32CubeMX\db\mcu\STM32WBA65MIFx.xml,104198ae5b5bf47b9b83c1d96632a8b57ce0219072d3bb3851637cbb36c1ad75,1
C:\Users\confl\AppData\Local\Programs\STM32CubeMX\db\mcu\STM32WBA65PGIx.xml,d208cee20ffb51a958a8bdfc9baf79550126009c78ae349066adb7e51124ef7c,1
C:\Users\confl\AppData\Local\Programs\STM32CubeMX\db\mcu\STM32WBA65PIIx.xml,ea5c7df6ecff55a8bebe6620271b63b841f6a40d9b6b46e142804264b9c11588,1
C:\Users\confl\AppData\Local\Programs\STM32CubeMX\db\mcu\STM32WBA65RGVx.xml,1bfd97ddf27a1db54e7a45bbaeaec069cc161b73f7631a4666b586fc018d1304,1
C:\Users\confl\AppData\Local\Programs\STM32CubeMX\db\mcu\STM32WBA65RIVx.xml,6c55854db9e1c3bc5a492b4f787735fd695b4a942276bad533771480dda4f27f,1
C:\Users\confl\AppData\Local\Programs\STM32CubeMX\db\mcu\STM32WBA6MOIHx.xml,188b6d9d700134fc17bb2499b917204ff840de513229f5c3a1aed349333a8a39,1
C:\Users\confl\AppData\Local\Programs\STM32CubeMX\db\mcu\STM32WL30K8Vx.xml,fcc187584d57286222139225926890bef8be3cec633959bd6654f87681d22d6b,1
C:\Users\confl\AppData\Local\Programs\STM32CubeMX\db\mcu\STM32WL30KBVx.xml,80aee3b548b3d4c7efadee35899df65ad943852463d9d85da6b04878b17b8f2e,1
C:\Users\confl\AppData\Local\Programs\STM32CubeMX\db\mcu\STM32WL31C8Vx.xml,0cdc84c86493ee3140221e608bce04bbe484cf69558aa45ea9ca822f61179f36,1
C:\Users\confl\AppData\Local\Programs\STM32CubeMX\db\mcu\STM32WL31CBVx.xml,75bdfd2f08f942d5105c657db43d908829d59218b5272f2ad54017c81eaf1b35,1
C:\Users\confl\AppData\Local\Programs\STM32CubeMX\db\mcu\STM32WL31K8Vx.xml,9a10b3c8db37881fcf5708cca3508643c4027b1e7baa56725f948839305b251c,1
C:\Users\confl\AppData\Local\Programs\STM32CubeMX\db\mcu\STM32WL31KBVx.xml,331e4a788c42c79878dabc2faad053ab2cdc40f258be813e7b7d72f19c5b5498,1
C:\Users\confl\AppData\Local\Programs\STM32CubeMX\db\mcu\STM32WL33C8Vx.xml,831c958bf0c3f5bba04c6ec1c52ada8d4624099861ef57f2e313330965be5b47,1
C:\Users\confl\AppData\Local\Programs\STM32CubeMX\db\mcu\STM32WL33C8VxX.xml,044babcd5f0a3ed43ac068be89b3645a8d050624bd29ef481eb12c3cf343b578,1
C:\Users\confl\AppData\Local\Programs\STM32CubeMX\db\mcu\STM32WL33CBVx.xml,83c29de4b0526a83f862eb376ed14b7747e3beec6edc46d8369d0209d399b37d,1
C:\Users\confl\AppData\Local\Programs\STM32CubeMX\db\mcu\STM32WL33CBVxX.xml,a83d0b8eed94d4cb3aa176049be0772a1ffd6f36f1b7639ecc38b9cdc1e518a0,1
C:\Users\confl\AppData\Local\Programs\STM32CubeMX\db\mcu\STM32WL33CCVx.xml,1cd2f19c6ef989e711fc47516dfc77a976fde9225ff8a88198cccf4b872ed531,1
C:\Users\confl\AppData\Local\Programs\STM32CubeMX\db\mcu\STM32WL33CCVxX.xml,eb88b1b0398e9abf18fba4d45c3232d4f75f32355d05836b00dfc6b35f94b089,1
C:\Users\confl\AppData\Local\Programs\STM32CubeMX\db\mcu\STM32WL33K8Vx.xml,fded635770bf269b506c282014164870e42c2d965cbbd34726f422f080ed58f4,1
C:\Users\confl\AppData\Local\Programs\STM32CubeMX\db\mcu\STM32WL33K8VxX.xml,4c871d92273b7e2669dcb1779ff824cb3d97b924a2603407a842fc0bf678f614,1
C:\Users\confl\AppData\Local\Programs\STM32CubeMX\db\mcu\STM32WL33KBVx.xml,79d64b09ebc972da8574a77593aa1862f9640f95505f14ef2a5123fa3eda7e25,1
C:\Users\confl\AppData\Local\Programs\STM32CubeMX\db\mcu\STM32WL33KBVxX.xml,ebc915225555066ac8bcf142c21439cc42c1107f6e44e226d4052633d00110b1,1
C:\Users\confl\AppData\Local\Programs\STM32CubeMX\db\mcu\STM32WL33KCVx.xml,5b0e945fe6b331064e9a6cb686d0f9d619e4e8c027021d1d9a6b1075cfbcf0b0,1
C:\Users\confl\AppData\Local\Programs\STM32CubeMX\db\mcu\STM32WL33KCVxX.xml,a26ea116849f2e6cb1c3804d2bc6250ed3668233d287fa4769867a22796c4709,1
C:\Users\confl\AppData\Local\Programs\STM32CubeMX\db\mcu\STM32WL3RK8Vx.xml,8d022cfb474144abeab17ec95a9bc4edc3149825028a3e0fd6f9ff5b6d00f01d,1
C:\Users\confl\AppData\Local\Programs\STM32CubeMX\db\mcu\STM32WL3RK8VxX.xml,37cabe4b7b823caa6e10b31e882e273d346e8bc3214c5c246fe95a4fe7aff8cb,1
C:\Users\confl\AppData\Local\Programs\STM32CubeMX\db\mcu\STM32WL3RKBVx.xml,343901ed75d378829737ddf52ae843469f218fac77fe270800c68c82bbdda9be,1
C:\Users\confl\AppData\Local\Programs\STM32CubeMX\db\mcu\STM32WL3RKBVxX.xml,70b035323c7a808f38765d6c84bcd93fed25b08f32c42300f852254374ed4ec4,1
C:\Users\confl\AppData\Local\Programs\STM32CubeMX\db\mcu\STM32WL43CCVx.xml,c67c93cd066e34eea3292bb21a325281734fe9f793b58effcf97f61492c04e6c,1
C:\Users\confl\AppData\Local\Programs\STM32CubeMX\db\mcu\STM32WL43CEVx.xml,d0f98fba7b90fd48063de03d9f440bd35e7edae656deb097e0163ae89e9c3a3d,1
C:\Users\confl\AppData\Local\Programs\STM32CubeMX\db\mcu\STM32WL43RCVx.xml,4a6383be01c81840c4e1cb88d625638c44f825cfac219dc0a99cc85d3349138e,1
C:\Users\confl\AppData\Local\Programs\STM32CubeMX\db\mcu\STM32WL43REVx.xml,153e82b066b435a9e9dd4dfec514bb3f90bad9aad070385cc8a082d48745da59,1
C:\Users\confl\AppData\Local\Programs\STM32CubeMX\db\mcu\STM32WL54CCUx.xml,8ef7cbb9b99a5262418c672e7c9d25a21b8554c56dcf797f4f640b13fc585748,1
C:\Users\confl\AppData\Local\Programs\STM32CubeMX\db\mcu\STM32WL54JCIx.xml,aae03c5f9f83eea20dd419f34d892790169c1ffc0edf86dacd2c236a83855d35,1
C:\Users\confl\AppData\Local\Programs\STM32CubeMX\db\mcu\STM32WL55CCUx.xml,8494792e7d1643ef5f2baff40159677e1903bd1002d1a6d63d018a3e4d4d503f,1
C:\Users\confl\AppData\Local\Programs\STM32CubeMX\db\mcu\STM32WL55JCIx.xml,ae6cafa15b8adac3c07fd2c259beabd9326e9775b658cd8a7f0c41ae273fad20,1
C:\Users\confl\AppData\Local\Programs\STM32CubeMX\db\mcu\STM32WL5MOCHx.xml,09830c239f284dbbd28c0100c791555b87ed59be10e02b23f611a68f168e706b,1
C:\Users\confl\AppData\Local\Programs\STM32CubeMX\db\mcu\STM32WLE4C8Ux.xml,8afda06f9fc8e507ae30a518ae42f4de82727dab68b76bf736f2ec515d1ff8d2,1
C:\Users\confl\AppData\Local\Programs\STM32CubeMX\db\mcu\STM32WLE4CBUx.xml,e983baff2516dee6626aec413c4179b72bb0ed425da85f255106ad8f7054c148,1
C:\Users\confl\AppData\Local\Programs\STM32CubeMX\db\mcu\STM32WLE4CCUx.xml,10bfc0e1c62dc0edec532f8e89b0a2f70501a07bf5731fd55bdd835393f77723,1
C:\Users\confl\AppData\Local\Programs\STM32CubeMX\db\mcu\STM32WLE4J8Ix.xml,1e36a94cb49c82a696dfb2dd65a40fabe31ee059dd21d6cbf107b0670650851a,1
C:\Users\confl\AppData\Local\Programs\STM32CubeMX\db\mcu\STM32WLE4JBIx.xml,e152e6c859ae4797d62d3ec94c0402af81402b663b38c244d29e2772ece093e6,1
C:\Users\confl\AppData\Local\Programs\STM32CubeMX\db\mcu\STM32WLE4JCIx.xml,1c00a4d1d610783ff6a0fcb7575dbd3765da83f2c57301a9cf179b4cdd3b6dda,1
C:\Users\confl\AppData\Local\Programs\STM32CubeMX\db\mcu\STM32WLE5C8Ux.xml,4066306f6d79bee8a39159647e84d7fd63aa4a68f3888bcbf020376c3a29af38,1
C:\Users\confl\AppData\Local\Programs\STM32CubeMX\db\mcu\STM32WLE5CBUx.xml,23c0f11bc2e195a1d7f743162db67df6e5fd9174dfe38499fbacb73d0b0b0fb8,1
C:\Users\confl\AppData\Local\Programs\STM32CubeMX\db\mcu\STM32WLE5CCUx.xml,e618e05a49938e76b10a37e3a65f8e7a8359ccc16fa1218b2b60990fff63e37b,1
C:\Users\confl\AppData\Local\Programs\STM32CubeMX\db\mcu\STM32WLE5J8Ix.xml,e18ccd9f30ad26aee3b22e24112cdd238153d7b904a03a72c87a8381431bb6ce,1
C:\Users\confl\AppData\Local\Programs\STM32CubeMX\db\mcu\STM32WLE5JBIx.xml,0004a0dac3d6088b3ca4e0981491f99910f766f712f5cc3b50eb1a52135bcf55,1
C:\Users\confl\AppData\Local\Programs\STM32CubeMX\db\mcu\STM32WLE5JCIx.xml,37759418474747193f8ece05ce73e66750a3c9255e04c5755f5b4eab3e78c08d,1
