orderable_part_id,device_id,manufacturer,family,series,product_line,device_name,part_number,manufacturer_suffix,package_code,temperature_grade_code,packing_code,package_name,temperature_range,packing_form,lifecycle,source_id,source_url,observed_at,verification_status,decode_status
infineon::cy8c4024axi-s402,infineon::cy8c4024axi-s402,Infineon,PSOC 4000S,PSOC 4000S,PSOC 4000S (CY8C40x4xxx-S4xx),CY8C4024AXI-S402,CY8C4024AXI-S402,,,,,32-TQFP,-40..85 °C,,active,infineon-device-db:1e7589fe5ce5,https://github.com/Infineon/device-db/tree/1e7589fe5ce5c25b68a5d8866c22c142df9b7555,2026-08-12T10:06:32+00:00,manufacturer_device_database,official_device_db_part_record
infineon::cy8c4024axi-s412,infineon::cy8c4024axi-s412,Infineon,PSOC 4000S,PSOC 4000S,PSOC 4000S (CY8C40x4xxx-S4xx),CY8C4024AXI-S412,CY8C4024AXI-S412,,,,,32-TQFP,-40..85 °C,,active,infineon-device-db:1e7589fe5ce5,https://github.com/Infineon/device-db/tree/1e7589fe5ce5c25b68a5d8866c22c142df9b7555,2026-08-12T10:06:32+00:00,manufacturer_device_database,official_device_db_part_record
infineon::cy8c4024azi-s403,infineon::cy8c4024azi-s403,Infineon,PSOC 4000S,PSOC 4000S,PSOC 4000S (CY8C40x4xxx-S4xx),CY8C4024AZI-S403,CY8C4024AZI-S403,,,,,48-TQFP,-40..85 °C,,active,infineon-device-db:1e7589fe5ce5,https://github.com/Infineon/device-db/tree/1e7589fe5ce5c25b68a5d8866c22c142df9b7555,2026-08-12T10:06:32+00:00,manufacturer_device_database,official_device_db_part_record
infineon::cy8c4024azi-s413,infineon::cy8c4024azi-s413,Infineon,PSOC 4000S,PSOC 4000S,PSOC 4000S (CY8C40x4xxx-S4xx),CY8C4024AZI-S413,CY8C4024AZI-S413,,,,,48-TQFP,-40..85 °C,,active,infineon-device-db:1e7589fe5ce5,https://github.com/Infineon/device-db/tree/1e7589fe5ce5c25b68a5d8866c22c142df9b7555,2026-08-12T10:06:32+00:00,manufacturer_device_database,official_device_db_part_record
infineon::cy8c4024azq-s413,infineon::cy8c4024azq-s413,Infineon,PSOC 4000S,PSOC 4000S,PSOC 4000S (CY8C40x4xxx-S4xx),CY8C4024AZQ-S413,CY8C4024AZQ-S413,,,,,48-TQFP,-40..105 °C,,active,infineon-device-db:1e7589fe5ce5,https://github.com/Infineon/device-db/tree/1e7589fe5ce5c25b68a5d8866c22c142df9b7555,2026-08-12T10:06:32+00:00,manufacturer_device_database,official_device_db_part_record
infineon::cy8c4024fni-s402,infineon::cy8c4024fni-s402,Infineon,PSOC 4000S,PSOC 4000S,PSOC 4000S (CY8C40x4xxx-S4xx),CY8C4024FNI-S402,CY8C4024FNI-S402,,,,,25-WLCSP,-40..85 °C,,active,infineon-device-db:1e7589fe5ce5,https://github.com/Infineon/device-db/tree/1e7589fe5ce5c25b68a5d8866c22c142df9b7555,2026-08-12T10:06:32+00:00,manufacturer_device_database,official_device_db_part_record
infineon::cy8c4024fni-s412,infineon::cy8c4024fni-s412,Infineon,PSOC 4000S,PSOC 4000S,PSOC 4000S (CY8C40x4xxx-S4xx),CY8C4024FNI-S412,CY8C4024FNI-S412,,,,,25-WLCSP,-40..85 °C,,active,infineon-device-db:1e7589fe5ce5,https://github.com/Infineon/device-db/tree/1e7589fe5ce5c25b68a5d8866c22c142df9b7555,2026-08-12T10:06:32+00:00,manufacturer_device_database,official_device_db_part_record
infineon::cy8c4024lqa-s411,infineon::cy8c4024lqa-s411,Infineon,PSOC 4000S,PSOC 4000S,PSOC 4000S (CY8C40x4xxx-S4xx),CY8C4024LQA-S411,CY8C4024LQA-S411,,,,,24-QFN,-40..85 °C,,active,infineon-device-db:1e7589fe5ce5,https://github.com/Infineon/device-db/tree/1e7589fe5ce5c25b68a5d8866c22c142df9b7555,2026-08-12T10:06:32+00:00,manufacturer_device_database,official_device_db_part_record
infineon::cy8c4024lqa-s413,infineon::cy8c4024lqa-s413,Infineon,PSOC 4000S,PSOC 4000S,PSOC 4000S (CY8C40x4xxx-S4xx),CY8C4024LQA-S413,CY8C4024LQA-S413,,,,,40-QFN-AUTO,-40..85 °C,,active,infineon-device-db:1e7589fe5ce5,https://github.com/Infineon/device-db/tree/1e7589fe5ce5c25b68a5d8866c22c142df9b7555,2026-08-12T10:06:32+00:00,manufacturer_device_database,official_device_db_part_record
infineon::cy8c4024lqi-s401,infineon::cy8c4024lqi-s401,Infineon,PSOC 4000S,PSOC 4000S,PSOC 4000S (CY8C40x4xxx-S4xx),CY8C4024LQI-S401,CY8C4024LQI-S401,,,,,24-QFN,-40..85 °C,,active,infineon-device-db:1e7589fe5ce5,https://github.com/Infineon/device-db/tree/1e7589fe5ce5c25b68a5d8866c22c142df9b7555,2026-08-12T10:06:32+00:00,manufacturer_device_database,official_device_db_part_record
infineon::cy8c4024lqi-s402,infineon::cy8c4024lqi-s402,Infineon,PSOC 4000S,PSOC 4000S,PSOC 4000S (CY8C40x4xxx-S4xx),CY8C4024LQI-S402,CY8C4024LQI-S402,,,,,32-QFN,-40..85 °C,,active,infineon-device-db:1e7589fe5ce5,https://github.com/Infineon/device-db/tree/1e7589fe5ce5c25b68a5d8866c22c142df9b7555,2026-08-12T10:06:32+00:00,manufacturer_device_database,official_device_db_part_record
infineon::cy8c4024lqi-s403,infineon::cy8c4024lqi-s403,Infineon,PSOC 4000S,PSOC 4000S,PSOC 4000S (CY8C40x4xxx-S4xx),CY8C4024LQI-S403,CY8C4024LQI-S403,,,,,40-QFN,-40..85 °C,,active,infineon-device-db:1e7589fe5ce5,https://github.com/Infineon/device-db/tree/1e7589fe5ce5c25b68a5d8866c22c142df9b7555,2026-08-12T10:06:32+00:00,manufacturer_device_database,official_device_db_part_record
infineon::cy8c4024lqi-s411,infineon::cy8c4024lqi-s411,Infineon,PSOC 4000S,PSOC 4000S,PSOC 4000S (CY8C40x4xxx-S4xx),CY8C4024LQI-S411,CY8C4024LQI-S411,,,,,24-QFN,-40..85 °C,,active,infineon-device-db:1e7589fe5ce5,https://github.com/Infineon/device-db/tree/1e7589fe5ce5c25b68a5d8866c22c142df9b7555,2026-08-12T10:06:32+00:00,manufacturer_device_database,official_device_db_part_record
infineon::cy8c4024lqi-s412,infineon::cy8c4024lqi-s412,Infineon,PSOC 4000S,PSOC 4000S,PSOC 4000S (CY8C40x4xxx-S4xx),CY8C4024LQI-S412,CY8C4024LQI-S412,,,,,32-QFN,-40..85 °C,,active,infineon-device-db:1e7589fe5ce5,https://github.com/Infineon/device-db/tree/1e7589fe5ce5c25b68a5d8866c22c142df9b7555,2026-08-12T10:06:32+00:00,manufacturer_device_database,official_device_db_part_record
infineon::cy8c4024lqi-s413,infineon::cy8c4024lqi-s413,Infineon,PSOC 4000S,PSOC 4000S,PSOC 4000S (CY8C40x4xxx-S4xx),CY8C4024LQI-S413,CY8C4024LQI-S413,,,,,40-QFN,-40..85 °C,,active,infineon-device-db:1e7589fe5ce5,https://github.com/Infineon/device-db/tree/1e7589fe5ce5c25b68a5d8866c22c142df9b7555,2026-08-12T10:06:32+00:00,manufacturer_device_database,official_device_db_part_record
infineon::cy8c4024lqs-s411,infineon::cy8c4024lqs-s411,Infineon,PSOC 4000S,PSOC 4000S,PSOC 4000S (CY8C40x4xxx-S4xx),CY8C4024LQS-S411,CY8C4024LQS-S411,,,,,24-QFN,-40..105 °C,,active,infineon-device-db:1e7589fe5ce5,https://github.com/Infineon/device-db/tree/1e7589fe5ce5c25b68a5d8866c22c142df9b7555,2026-08-12T10:06:32+00:00,manufacturer_device_database,official_device_db_part_record
infineon::cy8c4024lqs-s413,infineon::cy8c4024lqs-s413,Infineon,PSOC 4000S,PSOC 4000S,PSOC 4000S (CY8C40x4xxx-S4xx),CY8C4024LQS-S413,CY8C4024LQS-S413,,,,,40-QFN-AUTO,-40..105 °C,,active,infineon-device-db:1e7589fe5ce5,https://github.com/Infineon/device-db/tree/1e7589fe5ce5c25b68a5d8866c22c142df9b7555,2026-08-12T10:06:32+00:00,manufacturer_device_database,official_device_db_part_record
infineon::cy8c4024pva-s411,infineon::cy8c4024pva-s411,Infineon,PSOC 4000S,PSOC 4000S,PSOC 4000S (CY8C40x4xxx-S4xx),CY8C4024PVA-S411,CY8C4024PVA-S411,,,,,20-SSOP,-40..85 °C,,active,infineon-device-db:1e7589fe5ce5,https://github.com/Infineon/device-db/tree/1e7589fe5ce5c25b68a5d8866c22c142df9b7555,2026-08-12T10:06:32+00:00,manufacturer_device_database,official_device_db_part_record
infineon::cy8c4024pva-s412,infineon::cy8c4024pva-s412,Infineon,PSOC 4000S,PSOC 4000S,PSOC 4000S (CY8C40x4xxx-S4xx),CY8C4024PVA-S412,CY8C4024PVA-S412,,,,,28-SSOP-AUTO,-40..85 °C,,active,infineon-device-db:1e7589fe5ce5,https://github.com/Infineon/device-db/tree/1e7589fe5ce5c25b68a5d8866c22c142df9b7555,2026-08-12T10:06:32+00:00,manufacturer_device_database,official_device_db_part_record
infineon::cy8c4024pvs-s411,infineon::cy8c4024pvs-s411,Infineon,PSOC 4000S,PSOC 4000S,PSOC 4000S (CY8C40x4xxx-S4xx),CY8C4024PVS-S411,CY8C4024PVS-S411,,,,,20-SSOP,-40..105 °C,,active,infineon-device-db:1e7589fe5ce5,https://github.com/Infineon/device-db/tree/1e7589fe5ce5c25b68a5d8866c22c142df9b7555,2026-08-12T10:06:32+00:00,manufacturer_device_database,official_device_db_part_record
infineon::cy8c4024pvs-s412,infineon::cy8c4024pvs-s412,Infineon,PSOC 4000S,PSOC 4000S,PSOC 4000S (CY8C40x4xxx-S4xx),CY8C4024PVS-S412,CY8C4024PVS-S412,,,,,28-SSOP-AUTO,-40..105 °C,,active,infineon-device-db:1e7589fe5ce5,https://github.com/Infineon/device-db/tree/1e7589fe5ce5c25b68a5d8866c22c142df9b7555,2026-08-12T10:06:32+00:00,manufacturer_device_database,official_device_db_part_record
infineon::cy8c4025axi-s402,infineon::cy8c4025axi-s402,Infineon,PSOC 4000S,PSOC 4000S,PSOC 4000S (CY8C40x5xxx-S4xx),CY8C4025AXI-S402,CY8C4025AXI-S402,,,,,32-TQFP,-40..85 °C,,active,infineon-device-db:1e7589fe5ce5,https://github.com/Infineon/device-db/tree/1e7589fe5ce5c25b68a5d8866c22c142df9b7555,2026-08-12T10:06:32+00:00,manufacturer_device_database,official_device_db_part_record
infineon::cy8c4025axi-s412,infineon::cy8c4025axi-s412,Infineon,PSOC 4000S,PSOC 4000S,PSOC 4000S (CY8C40x5xxx-S4xx),CY8C4025AXI-S412,CY8C4025AXI-S412,,,,,32-TQFP,-40..85 °C,,active,infineon-device-db:1e7589fe5ce5,https://github.com/Infineon/device-db/tree/1e7589fe5ce5c25b68a5d8866c22c142df9b7555,2026-08-12T10:06:32+00:00,manufacturer_device_database,official_device_db_part_record
infineon::cy8c4025azi-s403,infineon::cy8c4025azi-s403,Infineon,PSOC 4000S,PSOC 4000S,PSOC 4000S (CY8C40x5xxx-S4xx),CY8C4025AZI-S403,CY8C4025AZI-S403,,,,,48-TQFP,-40..85 °C,,active,infineon-device-db:1e7589fe5ce5,https://github.com/Infineon/device-db/tree/1e7589fe5ce5c25b68a5d8866c22c142df9b7555,2026-08-12T10:06:32+00:00,manufacturer_device_database,official_device_db_part_record
infineon::cy8c4025azi-s413,infineon::cy8c4025azi-s413,Infineon,PSOC 4000S,PSOC 4000S,PSOC 4000S (CY8C40x5xxx-S4xx),CY8C4025AZI-S413,CY8C4025AZI-S413,,,,,48-TQFP,-40..85 °C,,active,infineon-device-db:1e7589fe5ce5,https://github.com/Infineon/device-db/tree/1e7589fe5ce5c25b68a5d8866c22c142df9b7555,2026-08-12T10:06:32+00:00,manufacturer_device_database,official_device_db_part_record
infineon::cy8c4025azq-s403,infineon::cy8c4025azq-s403,Infineon,PSOC 4000S,PSOC 4000S,PSOC 4000S (CY8C40x5xxx-S4xx),CY8C4025AZQ-S403,CY8C4025AZQ-S403,,,,,48-TQFP,-40..105 °C,,active,infineon-device-db:1e7589fe5ce5,https://github.com/Infineon/device-db/tree/1e7589fe5ce5c25b68a5d8866c22c142df9b7555,2026-08-12T10:06:32+00:00,manufacturer_device_database,official_device_db_part_record
infineon::cy8c4025azq-s413,infineon::cy8c4025azq-s413,Infineon,PSOC 4000S,PSOC 4000S,PSOC 4000S (CY8C40x5xxx-S4xx),CY8C4025AZQ-S413,CY8C4025AZQ-S413,,,,,48-TQFP,-40..105 °C,,active,infineon-device-db:1e7589fe5ce5,https://github.com/Infineon/device-db/tree/1e7589fe5ce5c25b68a5d8866c22c142df9b7555,2026-08-12T10:06:32+00:00,manufacturer_device_database,official_device_db_part_record
infineon::cy8c4025fni-s402,infineon::cy8c4025fni-s402,Infineon,PSOC 4000S,PSOC 4000S,PSOC 4000S (CY8C40x5xxx-S4xx),CY8C4025FNI-S402,CY8C4025FNI-S402,,,,,25-WLCSP,-40..85 °C,,active,infineon-device-db:1e7589fe5ce5,https://github.com/Infineon/device-db/tree/1e7589fe5ce5c25b68a5d8866c22c142df9b7555,2026-08-12T10:06:32+00:00,manufacturer_device_database,official_device_db_part_record
infineon::cy8c4025fni-s412,infineon::cy8c4025fni-s412,Infineon,PSOC 4000S,PSOC 4000S,PSOC 4000S (CY8C40x5xxx-S4xx),CY8C4025FNI-S412,CY8C4025FNI-S412,,,,,25-WLCSP,-40..85 °C,,active,infineon-device-db:1e7589fe5ce5,https://github.com/Infineon/device-db/tree/1e7589fe5ce5c25b68a5d8866c22c142df9b7555,2026-08-12T10:06:32+00:00,manufacturer_device_database,official_device_db_part_record
infineon::cy8c4025fni-t412,infineon::cy8c4025fni-t412,Infineon,PSOC 4000T,PSOC 4000T,PSOC 4000T (CY8C40x5xxx-Txxx),CY8C4025FNI-T412,CY8C4025FNI-T412,,,,,25-WLCSP,-40..85 °C,,active,infineon-device-db:1e7589fe5ce5,https://github.com/Infineon/device-db/tree/1e7589fe5ce5c25b68a5d8866c22c142df9b7555,2026-08-12T10:06:32+00:00,manufacturer_device_database,official_device_db_part_record
infineon::cy8c4025fni-t442,infineon::cy8c4025fni-t442,Infineon,PSOC 4000T,PSOC 4000T,PSOC 4000T (CY8C40x5xxx-Txxx),CY8C4025FNI-T442,CY8C4025FNI-T442,,,,,25-WLCSP,-40..85 °C,,active,infineon-device-db:1e7589fe5ce5,https://github.com/Infineon/device-db/tree/1e7589fe5ce5c25b68a5d8866c22c142df9b7555,2026-08-12T10:06:32+00:00,manufacturer_device_database,official_device_db_part_record
infineon::cy8c4025fni-t452,infineon::cy8c4025fni-t452,Infineon,PSOC 4000T,PSOC 4000T,PSOC 4000T (CY8C40x5xxx-Txxx),CY8C4025FNI-T452,CY8C4025FNI-T452,,,,,25-WLCSP,-40..85 °C,,active,infineon-device-db:1e7589fe5ce5,https://github.com/Infineon/device-db/tree/1e7589fe5ce5c25b68a5d8866c22c142df9b7555,2026-08-12T10:06:32+00:00,manufacturer_device_database,official_device_db_part_record
infineon::cy8c4025lqa-s411,infineon::cy8c4025lqa-s411,Infineon,PSOC 4000S,PSOC 4000S,PSOC 4000S (CY8C40x5xxx-S4xx),CY8C4025LQA-S411,CY8C4025LQA-S411,,,,,24-QFN,-40..85 °C,,active,infineon-device-db:1e7589fe5ce5,https://github.com/Infineon/device-db/tree/1e7589fe5ce5c25b68a5d8866c22c142df9b7555,2026-08-12T10:06:32+00:00,manufacturer_device_database,official_device_db_part_record
infineon::cy8c4025lqa-s413,infineon::cy8c4025lqa-s413,Infineon,PSOC 4000S,PSOC 4000S,PSOC 4000S (CY8C40x5xxx-S4xx),CY8C4025LQA-S413,CY8C4025LQA-S413,,,,,40-QFN-AUTO,-40..85 °C,,active,infineon-device-db:1e7589fe5ce5,https://github.com/Infineon/device-db/tree/1e7589fe5ce5c25b68a5d8866c22c142df9b7555,2026-08-12T10:06:32+00:00,manufacturer_device_database,official_device_db_part_record
infineon::cy8c4025lqi-s401,infineon::cy8c4025lqi-s401,Infineon,PSOC 4000S,PSOC 4000S,PSOC 4000S (CY8C40x5xxx-S4xx),CY8C4025LQI-S401,CY8C4025LQI-S401,,,,,24-QFN,-40..85 °C,,active,infineon-device-db:1e7589fe5ce5,https://github.com/Infineon/device-db/tree/1e7589fe5ce5c25b68a5d8866c22c142df9b7555,2026-08-12T10:06:32+00:00,manufacturer_device_database,official_device_db_part_record
infineon::cy8c4025lqi-s402,infineon::cy8c4025lqi-s402,Infineon,PSOC 4000S,PSOC 4000S,PSOC 4000S (CY8C40x5xxx-S4xx),CY8C4025LQI-S402,CY8C4025LQI-S402,,,,,32-QFN,-40..85 °C,,active,infineon-device-db:1e7589fe5ce5,https://github.com/Infineon/device-db/tree/1e7589fe5ce5c25b68a5d8866c22c142df9b7555,2026-08-12T10:06:32+00:00,manufacturer_device_database,official_device_db_part_record
infineon::cy8c4025lqi-s403,infineon::cy8c4025lqi-s403,Infineon,PSOC 4000S,PSOC 4000S,PSOC 4000S (CY8C40x5xxx-S4xx),CY8C4025LQI-S403,CY8C4025LQI-S403,,,,,40-QFN,-40..85 °C,,active,infineon-device-db:1e7589fe5ce5,https://github.com/Infineon/device-db/tree/1e7589fe5ce5c25b68a5d8866c22c142df9b7555,2026-08-12T10:06:32+00:00,manufacturer_device_database,official_device_db_part_record
infineon::cy8c4025lqi-s411,infineon::cy8c4025lqi-s411,Infineon,PSOC 4000S,PSOC 4000S,PSOC 4000S (CY8C40x5xxx-S4xx),CY8C4025LQI-S411,CY8C4025LQI-S411,,,,,24-QFN,-40..85 °C,,active,infineon-device-db:1e7589fe5ce5,https://github.com/Infineon/device-db/tree/1e7589fe5ce5c25b68a5d8866c22c142df9b7555,2026-08-12T10:06:32+00:00,manufacturer_device_database,official_device_db_part_record
infineon::cy8c4025lqi-s412,infineon::cy8c4025lqi-s412,Infineon,PSOC 4000S,PSOC 4000S,PSOC 4000S (CY8C40x5xxx-S4xx),CY8C4025LQI-S412,CY8C4025LQI-S412,,,,,32-QFN,-40..85 °C,,active,infineon-device-db:1e7589fe5ce5,https://github.com/Infineon/device-db/tree/1e7589fe5ce5c25b68a5d8866c22c142df9b7555,2026-08-12T10:06:32+00:00,manufacturer_device_database,official_device_db_part_record
infineon::cy8c4025lqi-s413,infineon::cy8c4025lqi-s413,Infineon,PSOC 4000S,PSOC 4000S,PSOC 4000S (CY8C40x5xxx-S4xx),CY8C4025LQI-S413,CY8C4025LQI-S413,,,,,40-QFN,-40..85 °C,,active,infineon-device-db:1e7589fe5ce5,https://github.com/Infineon/device-db/tree/1e7589fe5ce5c25b68a5d8866c22c142df9b7555,2026-08-12T10:06:32+00:00,manufacturer_device_database,official_device_db_part_record
infineon::cy8c4025lqi-t411,infineon::cy8c4025lqi-t411,Infineon,PSOC 4000T,PSOC 4000T,PSOC 4000T (CY8C40x5xxx-Txxx),CY8C4025LQI-T411,CY8C4025LQI-T411,,,,,16-QFN,-40..85 °C,,active,infineon-device-db:1e7589fe5ce5,https://github.com/Infineon/device-db/tree/1e7589fe5ce5c25b68a5d8866c22c142df9b7555,2026-08-12T10:06:32+00:00,manufacturer_device_database,official_device_db_part_record
infineon::cy8c4025lqi-t412,infineon::cy8c4025lqi-t412,Infineon,PSOC 4000T,PSOC 4000T,PSOC 4000T (CY8C40x5xxx-Txxx),CY8C4025LQI-T412,CY8C4025LQI-T412,,,,,24-QFN,-40..85 °C,,active,infineon-device-db:1e7589fe5ce5,https://github.com/Infineon/device-db/tree/1e7589fe5ce5c25b68a5d8866c22c142df9b7555,2026-08-12T10:06:32+00:00,manufacturer_device_database,official_device_db_part_record
infineon::cy8c4025lqi-t441,infineon::cy8c4025lqi-t441,Infineon,PSOC 4000T,PSOC 4000T,PSOC 4000T (CY8C40x5xxx-Txxx),CY8C4025LQI-T441,CY8C4025LQI-T441,,,,,16-QFN,-40..85 °C,,active,infineon-device-db:1e7589fe5ce5,https://github.com/Infineon/device-db/tree/1e7589fe5ce5c25b68a5d8866c22c142df9b7555,2026-08-12T10:06:32+00:00,manufacturer_device_database,official_device_db_part_record
infineon::cy8c4025lqi-t442,infineon::cy8c4025lqi-t442,Infineon,PSOC 4000T,PSOC 4000T,PSOC 4000T (CY8C40x5xxx-Txxx),CY8C4025LQI-T442,CY8C4025LQI-T442,,,,,24-QFN,-40..85 °C,,active,infineon-device-db:1e7589fe5ce5,https://github.com/Infineon/device-db/tree/1e7589fe5ce5c25b68a5d8866c22c142df9b7555,2026-08-12T10:06:32+00:00,manufacturer_device_database,official_device_db_part_record
infineon::cy8c4025lqi-t451,infineon::cy8c4025lqi-t451,Infineon,PSOC 4000T,PSOC 4000T,PSOC 4000T (CY8C40x5xxx-Txxx),CY8C4025LQI-T451,CY8C4025LQI-T451,,,,,16-QFN,-40..85 °C,,active,infineon-device-db:1e7589fe5ce5,https://github.com/Infineon/device-db/tree/1e7589fe5ce5c25b68a5d8866c22c142df9b7555,2026-08-12T10:06:32+00:00,manufacturer_device_database,official_device_db_part_record
infineon::cy8c4025lqi-t452,infineon::cy8c4025lqi-t452,Infineon,PSOC 4000T,PSOC 4000T,PSOC 4000T (CY8C40x5xxx-Txxx),CY8C4025LQI-T452,CY8C4025LQI-T452,,,,,24-QFN,-40..85 °C,,active,infineon-device-db:1e7589fe5ce5,https://github.com/Infineon/device-db/tree/1e7589fe5ce5c25b68a5d8866c22c142df9b7555,2026-08-12T10:06:32+00:00,manufacturer_device_database,official_device_db_part_record
infineon::cy8c4025lqs-s411,infineon::cy8c4025lqs-s411,Infineon,PSOC 4000S,PSOC 4000S,PSOC 4000S (CY8C40x5xxx-S4xx),CY8C4025LQS-S411,CY8C4025LQS-S411,,,,,24-QFN,-40..105 °C,,active,infineon-device-db:1e7589fe5ce5,https://github.com/Infineon/device-db/tree/1e7589fe5ce5c25b68a5d8866c22c142df9b7555,2026-08-12T10:06:32+00:00,manufacturer_device_database,official_device_db_part_record
infineon::cy8c4025lqs-s413,infineon::cy8c4025lqs-s413,Infineon,PSOC 4000S,PSOC 4000S,PSOC 4000S (CY8C40x5xxx-S4xx),CY8C4025LQS-S413,CY8C4025LQS-S413,,,,,40-QFN-AUTO,-40..105 °C,,active,infineon-device-db:1e7589fe5ce5,https://github.com/Infineon/device-db/tree/1e7589fe5ce5c25b68a5d8866c22c142df9b7555,2026-08-12T10:06:32+00:00,manufacturer_device_database,official_device_db_part_record
infineon::cy8c4025pva-s411,infineon::cy8c4025pva-s411,Infineon,PSOC 4000S,PSOC 4000S,PSOC 4000S (CY8C40x5xxx-S4xx),CY8C4025PVA-S411,CY8C4025PVA-S411,,,,,20-SSOP,-40..85 °C,,active,infineon-device-db:1e7589fe5ce5,https://github.com/Infineon/device-db/tree/1e7589fe5ce5c25b68a5d8866c22c142df9b7555,2026-08-12T10:06:32+00:00,manufacturer_device_database,official_device_db_part_record
infineon::cy8c4025pva-s412,infineon::cy8c4025pva-s412,Infineon,PSOC 4000S,PSOC 4000S,PSOC 4000S (CY8C40x5xxx-S4xx),CY8C4025PVA-S412,CY8C4025PVA-S412,,,,,28-SSOP-AUTO,-40..85 °C,,active,infineon-device-db:1e7589fe5ce5,https://github.com/Infineon/device-db/tree/1e7589fe5ce5c25b68a5d8866c22c142df9b7555,2026-08-12T10:06:32+00:00,manufacturer_device_database,official_device_db_part_record
infineon::cy8c4025pvs-s411,infineon::cy8c4025pvs-s411,Infineon,PSOC 4000S,PSOC 4000S,PSOC 4000S (CY8C40x5xxx-S4xx),CY8C4025PVS-S411,CY8C4025PVS-S411,,,,,20-SSOP,-40..105 °C,,active,infineon-device-db:1e7589fe5ce5,https://github.com/Infineon/device-db/tree/1e7589fe5ce5c25b68a5d8866c22c142df9b7555,2026-08-12T10:06:32+00:00,manufacturer_device_database,official_device_db_part_record
infineon::cy8c4025pvs-s412,infineon::cy8c4025pvs-s412,Infineon,PSOC 4000S,PSOC 4000S,PSOC 4000S (CY8C40x5xxx-S4xx),CY8C4025PVS-S412,CY8C4025PVS-S412,,,,,28-SSOP-AUTO,-40..105 °C,,active,infineon-device-db:1e7589fe5ce5,https://github.com/Infineon/device-db/tree/1e7589fe5ce5c25b68a5d8866c22c142df9b7555,2026-08-12T10:06:32+00:00,manufacturer_device_database,official_device_db_part_record
infineon::cy8c4026fni-t412,infineon::cy8c4026fni-t412,Infineon,PSOC 4000T,PSOC 4000T,PSOC 4000T (CY8C40x6xxx-Txxx),CY8C4026FNI-T412,CY8C4026FNI-T412,,,,,25-WLCSP,-40..85 °C,,active,infineon-device-db:1e7589fe5ce5,https://github.com/Infineon/device-db/tree/1e7589fe5ce5c25b68a5d8866c22c142df9b7555,2026-08-12T10:06:32+00:00,manufacturer_device_database,official_device_db_part_record
infineon::cy8c4026fni-t442,infineon::cy8c4026fni-t442,Infineon,PSOC 4000T,PSOC 4000T,PSOC 4000T (CY8C40x6xxx-Txxx),CY8C4026FNI-T442,CY8C4026FNI-T442,,,,,25-WLCSP,-40..85 °C,,active,infineon-device-db:1e7589fe5ce5,https://github.com/Infineon/device-db/tree/1e7589fe5ce5c25b68a5d8866c22c142df9b7555,2026-08-12T10:06:32+00:00,manufacturer_device_database,official_device_db_part_record
infineon::cy8c4026lqi-t411,infineon::cy8c4026lqi-t411,Infineon,PSOC 4000T,PSOC 4000T,PSOC 4000T (CY8C40x6xxx-Txxx),CY8C4026LQI-T411,CY8C4026LQI-T411,,,,,16-QFN,-40..85 °C,,active,infineon-device-db:1e7589fe5ce5,https://github.com/Infineon/device-db/tree/1e7589fe5ce5c25b68a5d8866c22c142df9b7555,2026-08-12T10:06:32+00:00,manufacturer_device_database,official_device_db_part_record
infineon::cy8c4026lqi-t412,infineon::cy8c4026lqi-t412,Infineon,PSOC 4000T,PSOC 4000T,PSOC 4000T (CY8C40x6xxx-Txxx),CY8C4026LQI-T412,CY8C4026LQI-T412,,,,,24-QFN,-40..85 °C,,active,infineon-device-db:1e7589fe5ce5,https://github.com/Infineon/device-db/tree/1e7589fe5ce5c25b68a5d8866c22c142df9b7555,2026-08-12T10:06:32+00:00,manufacturer_device_database,official_device_db_part_record
infineon::cy8c4026lqi-t441,infineon::cy8c4026lqi-t441,Infineon,PSOC 4000T,PSOC 4000T,PSOC 4000T (CY8C40x6xxx-Txxx),CY8C4026LQI-T441,CY8C4026LQI-T441,,,,,16-QFN,-40..85 °C,,active,infineon-device-db:1e7589fe5ce5,https://github.com/Infineon/device-db/tree/1e7589fe5ce5c25b68a5d8866c22c142df9b7555,2026-08-12T10:06:32+00:00,manufacturer_device_database,official_device_db_part_record
infineon::cy8c4026lqi-t442,infineon::cy8c4026lqi-t442,Infineon,PSOC 4000T,PSOC 4000T,PSOC 4000T (CY8C40x6xxx-Txxx),CY8C4026LQI-T442,CY8C4026LQI-T442,,,,,24-QFN,-40..85 °C,,active,infineon-device-db:1e7589fe5ce5,https://github.com/Infineon/device-db/tree/1e7589fe5ce5c25b68a5d8866c22c142df9b7555,2026-08-12T10:06:32+00:00,manufacturer_device_database,official_device_db_part_record
infineon::cy8c4045axi-s412,infineon::cy8c4045axi-s412,Infineon,PSOC 4000S,PSOC 4000S,PSOC 4000S (CY8C40x5xxx-S4xx),CY8C4045AXI-S412,CY8C4045AXI-S412,,,,,32-TQFP,-40..85 °C,,active,infineon-device-db:1e7589fe5ce5,https://github.com/Infineon/device-db/tree/1e7589fe5ce5c25b68a5d8866c22c142df9b7555,2026-08-12T10:06:32+00:00,manufacturer_device_database,official_device_db_part_record
infineon::cy8c4045azi-s413,infineon::cy8c4045azi-s413,Infineon,PSOC 4000S,PSOC 4000S,PSOC 4000S (CY8C40x5xxx-S4xx),CY8C4045AZI-S413,CY8C4045AZI-S413,,,,,48-TQFP,-40..85 °C,,active,infineon-device-db:1e7589fe5ce5,https://github.com/Infineon/device-db/tree/1e7589fe5ce5c25b68a5d8866c22c142df9b7555,2026-08-12T10:06:32+00:00,manufacturer_device_database,official_device_db_part_record
infineon::cy8c4045azq-s413,infineon::cy8c4045azq-s413,Infineon,PSOC 4000S,PSOC 4000S,PSOC 4000S (CY8C40x5xxx-S4xx),CY8C4045AZQ-S413,CY8C4045AZQ-S413,,,,,48-TQFP,-40..105 °C,,active,infineon-device-db:1e7589fe5ce5,https://github.com/Infineon/device-db/tree/1e7589fe5ce5c25b68a5d8866c22c142df9b7555,2026-08-12T10:06:32+00:00,manufacturer_device_database,official_device_db_part_record
infineon::cy8c4045fni-s412,infineon::cy8c4045fni-s412,Infineon,PSOC 4000S,PSOC 4000S,PSOC 4000S (CY8C40x5xxx-S4xx),CY8C4045FNI-S412,CY8C4045FNI-S412,,,,,25-WLCSP,-40..85 °C,,active,infineon-device-db:1e7589fe5ce5,https://github.com/Infineon/device-db/tree/1e7589fe5ce5c25b68a5d8866c22c142df9b7555,2026-08-12T10:06:32+00:00,manufacturer_device_database,official_device_db_part_record
infineon::cy8c4045fni-t412,infineon::cy8c4045fni-t412,Infineon,PSOC 4000T,PSOC 4000T,PSOC 4000T (CY8C40x5xxx-Txxx),CY8C4045FNI-T412,CY8C4045FNI-T412,,,,,25-WLCSP,-40..85 °C,,active,infineon-device-db:1e7589fe5ce5,https://github.com/Infineon/device-db/tree/1e7589fe5ce5c25b68a5d8866c22c142df9b7555,2026-08-12T10:06:32+00:00,manufacturer_device_database,official_device_db_part_record
infineon::cy8c4045fni-t442,infineon::cy8c4045fni-t442,Infineon,PSOC 4000T,PSOC 4000T,PSOC 4000T (CY8C40x5xxx-Txxx),CY8C4045FNI-T442,CY8C4045FNI-T442,,,,,25-WLCSP,-40..85 °C,,active,infineon-device-db:1e7589fe5ce5,https://github.com/Infineon/device-db/tree/1e7589fe5ce5c25b68a5d8866c22c142df9b7555,2026-08-12T10:06:32+00:00,manufacturer_device_database,official_device_db_part_record
infineon::cy8c4045fni-t452,infineon::cy8c4045fni-t452,Infineon,PSOC 4000T,PSOC 4000T,PSOC 4000T (CY8C40x5xxx-Txxx),CY8C4045FNI-T452,CY8C4045FNI-T452,,,,,25-WLCSP,-40..85 °C,,active,infineon-device-db:1e7589fe5ce5,https://github.com/Infineon/device-db/tree/1e7589fe5ce5c25b68a5d8866c22c142df9b7555,2026-08-12T10:06:32+00:00,manufacturer_device_database,official_device_db_part_record
infineon::cy8c4045lqa-s411,infineon::cy8c4045lqa-s411,Infineon,PSOC 4000S,PSOC 4000S,PSOC 4000S (CY8C40x5xxx-S4xx),CY8C4045LQA-S411,CY8C4045LQA-S411,,,,,24-QFN,-40..85 °C,,active,infineon-device-db:1e7589fe5ce5,https://github.com/Infineon/device-db/tree/1e7589fe5ce5c25b68a5d8866c22c142df9b7555,2026-08-12T10:06:32+00:00,manufacturer_device_database,official_device_db_part_record
infineon::cy8c4045lqa-s413,infineon::cy8c4045lqa-s413,Infineon,PSOC 4000S,PSOC 4000S,PSOC 4000S (CY8C40x5xxx-S4xx),CY8C4045LQA-S413,CY8C4045LQA-S413,,,,,40-QFN-AUTO,-40..85 °C,,active,infineon-device-db:1e7589fe5ce5,https://github.com/Infineon/device-db/tree/1e7589fe5ce5c25b68a5d8866c22c142df9b7555,2026-08-12T10:06:32+00:00,manufacturer_device_database,official_device_db_part_record
infineon::cy8c4045lqe-t1,infineon::cy8c4045lqe-t1,Infineon,PSOC 4000T,PSOC 4000T,PSOC 4000T (CY8C40x5xxx-Txxx),CY8C4045LQE-T1,CY8C4045LQE-T1,,,,,24-QFN,-40..125 °C,,active,infineon-device-db:1e7589fe5ce5,https://github.com/Infineon/device-db/tree/1e7589fe5ce5c25b68a5d8866c22c142df9b7555,2026-08-12T10:06:32+00:00,manufacturer_device_database,official_device_db_part_record
infineon::cy8c4045lqi-s411,infineon::cy8c4045lqi-s411,Infineon,PSOC 4000S,PSOC 4000S,PSOC 4000S (CY8C40x5xxx-S4xx),CY8C4045LQI-S411,CY8C4045LQI-S411,,,,,24-QFN,-40..85 °C,,active,infineon-device-db:1e7589fe5ce5,https://github.com/Infineon/device-db/tree/1e7589fe5ce5c25b68a5d8866c22c142df9b7555,2026-08-12T10:06:32+00:00,manufacturer_device_database,official_device_db_part_record
infineon::cy8c4045lqi-s412,infineon::cy8c4045lqi-s412,Infineon,PSOC 4000S,PSOC 4000S,PSOC 4000S (CY8C40x5xxx-S4xx),CY8C4045LQI-S412,CY8C4045LQI-S412,,,,,32-QFN,-40..85 °C,,active,infineon-device-db:1e7589fe5ce5,https://github.com/Infineon/device-db/tree/1e7589fe5ce5c25b68a5d8866c22c142df9b7555,2026-08-12T10:06:32+00:00,manufacturer_device_database,official_device_db_part_record
infineon::cy8c4045lqi-s413,infineon::cy8c4045lqi-s413,Infineon,PSOC 4000S,PSOC 4000S,PSOC 4000S (CY8C40x5xxx-S4xx),CY8C4045LQI-S413,CY8C4045LQI-S413,,,,,40-QFN,-40..85 °C,,active,infineon-device-db:1e7589fe5ce5,https://github.com/Infineon/device-db/tree/1e7589fe5ce5c25b68a5d8866c22c142df9b7555,2026-08-12T10:06:32+00:00,manufacturer_device_database,official_device_db_part_record
infineon::cy8c4045lqi-t411,infineon::cy8c4045lqi-t411,Infineon,PSOC 4000T,PSOC 4000T,PSOC 4000T (CY8C40x5xxx-Txxx),CY8C4045LQI-T411,CY8C4045LQI-T411,,,,,16-QFN,-40..85 °C,,active,infineon-device-db:1e7589fe5ce5,https://github.com/Infineon/device-db/tree/1e7589fe5ce5c25b68a5d8866c22c142df9b7555,2026-08-12T10:06:32+00:00,manufacturer_device_database,official_device_db_part_record
infineon::cy8c4045lqi-t412,infineon::cy8c4045lqi-t412,Infineon,PSOC 4000T,PSOC 4000T,PSOC 4000T (CY8C40x5xxx-Txxx),CY8C4045LQI-T412,CY8C4045LQI-T412,,,,,24-QFN,-40..85 °C,,active,infineon-device-db:1e7589fe5ce5,https://github.com/Infineon/device-db/tree/1e7589fe5ce5c25b68a5d8866c22c142df9b7555,2026-08-12T10:06:32+00:00,manufacturer_device_database,official_device_db_part_record
infineon::cy8c4045lqi-t441,infineon::cy8c4045lqi-t441,Infineon,PSOC 4000T,PSOC 4000T,PSOC 4000T (CY8C40x5xxx-Txxx),CY8C4045LQI-T441,CY8C4045LQI-T441,,,,,16-QFN,-40..85 °C,,active,infineon-device-db:1e7589fe5ce5,https://github.com/Infineon/device-db/tree/1e7589fe5ce5c25b68a5d8866c22c142df9b7555,2026-08-12T10:06:32+00:00,manufacturer_device_database,official_device_db_part_record
infineon::cy8c4045lqi-t442,infineon::cy8c4045lqi-t442,Infineon,PSOC 4000T,PSOC 4000T,PSOC 4000T (CY8C40x5xxx-Txxx),CY8C4045LQI-T442,CY8C4045LQI-T442,,,,,24-QFN,-40..85 °C,,active,infineon-device-db:1e7589fe5ce5,https://github.com/Infineon/device-db/tree/1e7589fe5ce5c25b68a5d8866c22c142df9b7555,2026-08-12T10:06:32+00:00,manufacturer_device_database,official_device_db_part_record
infineon::cy8c4045lqi-t451,infineon::cy8c4045lqi-t451,Infineon,PSOC 4000T,PSOC 4000T,PSOC 4000T (CY8C40x5xxx-Txxx),CY8C4045LQI-T451,CY8C4045LQI-T451,,,,,16-QFN,-40..85 °C,,active,infineon-device-db:1e7589fe5ce5,https://github.com/Infineon/device-db/tree/1e7589fe5ce5c25b68a5d8866c22c142df9b7555,2026-08-12T10:06:32+00:00,manufacturer_device_database,official_device_db_part_record
infineon::cy8c4045lqi-t452,infineon::cy8c4045lqi-t452,Infineon,PSOC 4000T,PSOC 4000T,PSOC 4000T (CY8C40x5xxx-Txxx),CY8C4045LQI-T452,CY8C4045LQI-T452,,,,,24-QFN,-40..85 °C,,active,infineon-device-db:1e7589fe5ce5,https://github.com/Infineon/device-db/tree/1e7589fe5ce5c25b68a5d8866c22c142df9b7555,2026-08-12T10:06:32+00:00,manufacturer_device_database,official_device_db_part_record
infineon::cy8c4045lqs-s411,infineon::cy8c4045lqs-s411,Infineon,PSOC 4000S,PSOC 4000S,PSOC 4000S (CY8C40x5xxx-S4xx),CY8C4045LQS-S411,CY8C4045LQS-S411,,,,,24-QFN,-40..105 °C,,active,infineon-device-db:1e7589fe5ce5,https://github.com/Infineon/device-db/tree/1e7589fe5ce5c25b68a5d8866c22c142df9b7555,2026-08-12T10:06:32+00:00,manufacturer_device_database,official_device_db_part_record
infineon::cy8c4045lqs-s413,infineon::cy8c4045lqs-s413,Infineon,PSOC 4000S,PSOC 4000S,PSOC 4000S (CY8C40x5xxx-S4xx),CY8C4045LQS-S413,CY8C4045LQS-S413,,,,,40-QFN-AUTO,-40..105 °C,,active,infineon-device-db:1e7589fe5ce5,https://github.com/Infineon/device-db/tree/1e7589fe5ce5c25b68a5d8866c22c142df9b7555,2026-08-12T10:06:32+00:00,manufacturer_device_database,official_device_db_part_record
infineon::cy8c4045lqs-t1,infineon::cy8c4045lqs-t1,Infineon,PSOC 4000T,PSOC 4000T,PSOC 4000T (CY8C40x5xxx-Txxx),CY8C4045LQS-T1,CY8C4045LQS-T1,,,,,24-QFN,-40..105 °C,,active,infineon-device-db:1e7589fe5ce5,https://github.com/Infineon/device-db/tree/1e7589fe5ce5c25b68a5d8866c22c142df9b7555,2026-08-12T10:06:32+00:00,manufacturer_device_database,official_device_db_part_record
infineon::cy8c4045pva-s411,infineon::cy8c4045pva-s411,Infineon,PSOC 4000S,PSOC 4000S,PSOC 4000S (CY8C40x5xxx-S4xx),CY8C4045PVA-S411,CY8C4045PVA-S411,,,,,20-SSOP,-40..85 °C,,active,infineon-device-db:1e7589fe5ce5,https://github.com/Infineon/device-db/tree/1e7589fe5ce5c25b68a5d8866c22c142df9b7555,2026-08-12T10:06:32+00:00,manufacturer_device_database,official_device_db_part_record
infineon::cy8c4045pva-s412,infineon::cy8c4045pva-s412,Infineon,PSOC 4000S,PSOC 4000S,PSOC 4000S (CY8C40x5xxx-S4xx),CY8C4045PVA-S412,CY8C4045PVA-S412,,,,,28-SSOP-AUTO,-40..85 °C,,active,infineon-device-db:1e7589fe5ce5,https://github.com/Infineon/device-db/tree/1e7589fe5ce5c25b68a5d8866c22c142df9b7555,2026-08-12T10:06:32+00:00,manufacturer_device_database,official_device_db_part_record
infineon::cy8c4045pvs-s411,infineon::cy8c4045pvs-s411,Infineon,PSOC 4000S,PSOC 4000S,PSOC 4000S (CY8C40x5xxx-S4xx),CY8C4045PVS-S411,CY8C4045PVS-S411,,,,,20-SSOP,-40..105 °C,,active,infineon-device-db:1e7589fe5ce5,https://github.com/Infineon/device-db/tree/1e7589fe5ce5c25b68a5d8866c22c142df9b7555,2026-08-12T10:06:32+00:00,manufacturer_device_database,official_device_db_part_record
infineon::cy8c4045pvs-s412,infineon::cy8c4045pvs-s412,Infineon,PSOC 4000S,PSOC 4000S,PSOC 4000S (CY8C40x5xxx-S4xx),CY8C4045PVS-S412,CY8C4045PVS-S412,,,,,28-SSOP-AUTO,-40..105 °C,,active,infineon-device-db:1e7589fe5ce5,https://github.com/Infineon/device-db/tree/1e7589fe5ce5c25b68a5d8866c22c142df9b7555,2026-08-12T10:06:32+00:00,manufacturer_device_database,official_device_db_part_record
infineon::cy8c4046fni-t412,infineon::cy8c4046fni-t412,Infineon,PSOC 4000T,PSOC 4000T,PSOC 4000T (CY8C40x6xxx-Txxx),CY8C4046FNI-T412,CY8C4046FNI-T412,,,,,25-WLCSP,-40..85 °C,,active,infineon-device-db:1e7589fe5ce5,https://github.com/Infineon/device-db/tree/1e7589fe5ce5c25b68a5d8866c22c142df9b7555,2026-08-12T10:06:32+00:00,manufacturer_device_database,official_device_db_part_record
infineon::cy8c4046fni-t412b,infineon::cy8c4046fni-t412b,Infineon,PSOC 4000T,PSOC 4000T,PSOC 4000T (CY8C40x6xxx-Txxx),CY8C4046FNI-T412B,CY8C4046FNI-T412B,,,,,25-WLCSP,-40..85 °C,,active,infineon-device-db:1e7589fe5ce5,https://github.com/Infineon/device-db/tree/1e7589fe5ce5c25b68a5d8866c22c142df9b7555,2026-08-12T10:06:32+00:00,manufacturer_device_database,official_device_db_part_record
infineon::cy8c4046fni-t442,infineon::cy8c4046fni-t442,Infineon,PSOC 4000T,PSOC 4000T,PSOC 4000T (CY8C40x6xxx-Txxx),CY8C4046FNI-T442,CY8C4046FNI-T442,,,,,25-WLCSP,-40..85 °C,,active,infineon-device-db:1e7589fe5ce5,https://github.com/Infineon/device-db/tree/1e7589fe5ce5c25b68a5d8866c22c142df9b7555,2026-08-12T10:06:32+00:00,manufacturer_device_database,official_device_db_part_record
infineon::cy8c4046fni-t452,infineon::cy8c4046fni-t452,Infineon,PSOC 4000T,PSOC 4000T,PSOC 4000T (CY8C40x6xxx-Txxx),CY8C4046FNI-T452,CY8C4046FNI-T452,,,,,25-WLCSP,-40..85 °C,,active,infineon-device-db:1e7589fe5ce5,https://github.com/Infineon/device-db/tree/1e7589fe5ce5c25b68a5d8866c22c142df9b7555,2026-08-12T10:06:32+00:00,manufacturer_device_database,official_device_db_part_record
infineon::cy8c4046lqe-t1,infineon::cy8c4046lqe-t1,Infineon,PSOC 4000T,PSOC 4000T,PSOC 4000T (CY8C40x6xxx-Txxx),CY8C4046LQE-T1,CY8C4046LQE-T1,,,,,24-QFN,-40..125 °C,,active,infineon-device-db:1e7589fe5ce5,https://github.com/Infineon/device-db/tree/1e7589fe5ce5c25b68a5d8866c22c142df9b7555,2026-08-12T10:06:32+00:00,manufacturer_device_database,official_device_db_part_record
infineon::cy8c4046lqi-t411,infineon::cy8c4046lqi-t411,Infineon,PSOC 4000T,PSOC 4000T,PSOC 4000T (CY8C40x6xxx-Txxx),CY8C4046LQI-T411,CY8C4046LQI-T411,,,,,16-QFN,-40..85 °C,,active,infineon-device-db:1e7589fe5ce5,https://github.com/Infineon/device-db/tree/1e7589fe5ce5c25b68a5d8866c22c142df9b7555,2026-08-12T10:06:32+00:00,manufacturer_device_database,official_device_db_part_record
infineon::cy8c4046lqi-t412,infineon::cy8c4046lqi-t412,Infineon,PSOC 4000T,PSOC 4000T,PSOC 4000T (CY8C40x6xxx-Txxx),CY8C4046LQI-T412,CY8C4046LQI-T412,,,,,24-QFN,-40..85 °C,,active,infineon-device-db:1e7589fe5ce5,https://github.com/Infineon/device-db/tree/1e7589fe5ce5c25b68a5d8866c22c142df9b7555,2026-08-12T10:06:32+00:00,manufacturer_device_database,official_device_db_part_record
infineon::cy8c4046lqi-t441,infineon::cy8c4046lqi-t441,Infineon,PSOC 4000T,PSOC 4000T,PSOC 4000T (CY8C40x6xxx-Txxx),CY8C4046LQI-T441,CY8C4046LQI-T441,,,,,16-QFN,-40..85 °C,,active,infineon-device-db:1e7589fe5ce5,https://github.com/Infineon/device-db/tree/1e7589fe5ce5c25b68a5d8866c22c142df9b7555,2026-08-12T10:06:32+00:00,manufacturer_device_database,official_device_db_part_record
infineon::cy8c4046lqi-t442,infineon::cy8c4046lqi-t442,Infineon,PSOC 4000T,PSOC 4000T,PSOC 4000T (CY8C40x6xxx-Txxx),CY8C4046LQI-T442,CY8C4046LQI-T442,,,,,24-QFN,-40..85 °C,,active,infineon-device-db:1e7589fe5ce5,https://github.com/Infineon/device-db/tree/1e7589fe5ce5c25b68a5d8866c22c142df9b7555,2026-08-12T10:06:32+00:00,manufacturer_device_database,official_device_db_part_record
infineon::cy8c4046lqi-t451,infineon::cy8c4046lqi-t451,Infineon,PSOC 4000T,PSOC 4000T,PSOC 4000T (CY8C40x6xxx-Txxx),CY8C4046LQI-T451,CY8C4046LQI-T451,,,,,16-QFN,-40..85 °C,,active,infineon-device-db:1e7589fe5ce5,https://github.com/Infineon/device-db/tree/1e7589fe5ce5c25b68a5d8866c22c142df9b7555,2026-08-12T10:06:32+00:00,manufacturer_device_database,official_device_db_part_record
infineon::cy8c4046lqi-t452,infineon::cy8c4046lqi-t452,Infineon,PSOC 4000T,PSOC 4000T,PSOC 4000T (CY8C40x6xxx-Txxx),CY8C4046LQI-T452,CY8C4046LQI-T452,,,,,24-QFN,-40..85 °C,,active,infineon-device-db:1e7589fe5ce5,https://github.com/Infineon/device-db/tree/1e7589fe5ce5c25b68a5d8866c22c142df9b7555,2026-08-12T10:06:32+00:00,manufacturer_device_database,official_device_db_part_record
infineon::cy8c4046lqq-t412,infineon::cy8c4046lqq-t412,Infineon,PSOC 4000T,PSOC 4000T,PSOC 4000T (CY8C40x6xxx-Txxx),CY8C4046LQQ-T412,CY8C4046LQQ-T412,,,,,24-QFN,-40..105 °C,,active,infineon-device-db:1e7589fe5ce5,https://github.com/Infineon/device-db/tree/1e7589fe5ce5c25b68a5d8866c22c142df9b7555,2026-08-12T10:06:32+00:00,manufacturer_device_database,official_device_db_part_record
infineon::cy8c4046lqs-t1,infineon::cy8c4046lqs-t1,Infineon,PSOC 4000T,PSOC 4000T,PSOC 4000T (CY8C40x6xxx-Txxx),CY8C4046LQS-T1,CY8C4046LQS-T1,,,,,24-QFN,-40..105 °C,,active,infineon-device-db:1e7589fe5ce5,https://github.com/Infineon/device-db/tree/1e7589fe5ce5c25b68a5d8866c22c142df9b7555,2026-08-12T10:06:32+00:00,manufacturer_device_database,official_device_db_part_record
infineon::cy8c4046zzi-t411,infineon::cy8c4046zzi-t411,Infineon,PSOC 4000T,PSOC 4000T,PSOC 4000T (CY8C40x6xxx-Txxx),CY8C4046ZZI-T411,CY8C4046ZZI-T411,,,,,20-TSSOP,-40..85 °C,,active,infineon-device-db:1e7589fe5ce5,https://github.com/Infineon/device-db/tree/1e7589fe5ce5c25b68a5d8866c22c142df9b7555,2026-08-12T10:06:32+00:00,manufacturer_device_database,official_device_db_part_record
infineon::cy8c4046zzi-t451,infineon::cy8c4046zzi-t451,Infineon,PSOC 4000T,PSOC 4000T,PSOC 4000T (CY8C40x6xxx-Txxx),CY8C4046ZZI-T451,CY8C4046ZZI-T451,,,,,20-TSSOP,-40..85 °C,,active,infineon-device-db:1e7589fe5ce5,https://github.com/Infineon/device-db/tree/1e7589fe5ce5c25b68a5d8866c22c142df9b7555,2026-08-12T10:06:32+00:00,manufacturer_device_database,official_device_db_part_record
infineon::cy8c4046zzq-t411,infineon::cy8c4046zzq-t411,Infineon,PSOC 4000T,PSOC 4000T,PSOC 4000T (CY8C40x6xxx-Txxx),CY8C4046ZZQ-T411,CY8C4046ZZQ-T411,,,,,20-TSSOP,-40..105 °C,,active,infineon-device-db:1e7589fe5ce5,https://github.com/Infineon/device-db/tree/1e7589fe5ce5c25b68a5d8866c22c142df9b7555,2026-08-12T10:06:32+00:00,manufacturer_device_database,official_device_db_part_record
infineon::cy8c4046zzq-t451,infineon::cy8c4046zzq-t451,Infineon,PSOC 4000T,PSOC 4000T,PSOC 4000T (CY8C40x6xxx-Txxx),CY8C4046ZZQ-T451,CY8C4046ZZQ-T451,,,,,20-TSSOP,-40..105 °C,,active,infineon-device-db:1e7589fe5ce5,https://github.com/Infineon/device-db/tree/1e7589fe5ce5c25b68a5d8866c22c142df9b7555,2026-08-12T10:06:32+00:00,manufacturer_device_database,official_device_db_part_record
infineon::cy8c4124azi-s413,infineon::cy8c4124azi-s413,Infineon,PSOC 4100S,PSOC 4100S,PSOC 4100S (CY8C41x4xxx-Sxxx),CY8C4124AZI-S413,CY8C4124AZI-S413,,,,,48-TQFP,-40..85 °C,,active,infineon-device-db:1e7589fe5ce5,https://github.com/Infineon/device-db/tree/1e7589fe5ce5c25b68a5d8866c22c142df9b7555,2026-08-12T10:06:32+00:00,manufacturer_device_database,official_device_db_part_record
infineon::cy8c4124azi-s433,infineon::cy8c4124azi-s433,Infineon,PSOC 4100S,PSOC 4100S,PSOC 4100S (CY8C41x4xxx-Sxxx),CY8C4124AZI-S433,CY8C4124AZI-S433,,,,,48-TQFP,-40..85 °C,,active,infineon-device-db:1e7589fe5ce5,https://github.com/Infineon/device-db/tree/1e7589fe5ce5c25b68a5d8866c22c142df9b7555,2026-08-12T10:06:32+00:00,manufacturer_device_database,official_device_db_part_record
infineon::cy8c4124fni-s403,infineon::cy8c4124fni-s403,Infineon,PSOC 4100S,PSOC 4100S,PSOC 4100S (CY8C41x4xxx-Sxxx),CY8C4124FNI-S403,CY8C4124FNI-S403,,,,,35-WLCSP,-40..85 °C,,active,infineon-device-db:1e7589fe5ce5,https://github.com/Infineon/device-db/tree/1e7589fe5ce5c25b68a5d8866c22c142df9b7555,2026-08-12T10:06:32+00:00,manufacturer_device_database,official_device_db_part_record
infineon::cy8c4124fni-s413,infineon::cy8c4124fni-s413,Infineon,PSOC 4100S,PSOC 4100S,PSOC 4100S (CY8C41x4xxx-Sxxx),CY8C4124FNI-S413,CY8C4124FNI-S413,,,,,35-WLCSP,-40..85 °C,,active,infineon-device-db:1e7589fe5ce5,https://github.com/Infineon/device-db/tree/1e7589fe5ce5c25b68a5d8866c22c142df9b7555,2026-08-12T10:06:32+00:00,manufacturer_device_database,official_device_db_part_record
infineon::cy8c4124fni-s433,infineon::cy8c4124fni-s433,Infineon,PSOC 4100S,PSOC 4100S,PSOC 4100S (CY8C41x4xxx-Sxxx),CY8C4124FNI-S433,CY8C4124FNI-S433,,,,,35-WLCSP,-40..85 °C,,active,infineon-device-db:1e7589fe5ce5,https://github.com/Infineon/device-db/tree/1e7589fe5ce5c25b68a5d8866c22c142df9b7555,2026-08-12T10:06:32+00:00,manufacturer_device_database,official_device_db_part_record
infineon::cy8c4124fnq-s433,infineon::cy8c4124fnq-s433,Infineon,PSOC 4100S,PSOC 4100S,PSOC 4100S (CY8C41x4xxx-Sxxx),CY8C4124FNQ-S433,CY8C4124FNQ-S433,,,,,35-WLCSP,-40..105 °C,,active,infineon-device-db:1e7589fe5ce5,https://github.com/Infineon/device-db/tree/1e7589fe5ce5c25b68a5d8866c22c142df9b7555,2026-08-12T10:06:32+00:00,manufacturer_device_database,official_device_db_part_record
infineon::cy8c4124lqa-s413,infineon::cy8c4124lqa-s413,Infineon,PSOC 4100S,PSOC 4100S,PSOC 4100S (CY8C41x4xxx-Sxxx),CY8C4124LQA-S413,CY8C4124LQA-S413,,,,,40-QFN-AUTO,-40..85 °C,,active,infineon-device-db:1e7589fe5ce5,https://github.com/Infineon/device-db/tree/1e7589fe5ce5c25b68a5d8866c22c142df9b7555,2026-08-12T10:06:32+00:00,manufacturer_device_database,official_device_db_part_record
infineon::cy8c4124lqa-s423,infineon::cy8c4124lqa-s423,Infineon,PSOC 4100S,PSOC 4100S,PSOC 4100S (CY8C41x4xxx-Sxxx),CY8C4124LQA-S423,CY8C4124LQA-S423,,,,,40-QFN-AUTO,-40..85 °C,,active,infineon-device-db:1e7589fe5ce5,https://github.com/Infineon/device-db/tree/1e7589fe5ce5c25b68a5d8866c22c142df9b7555,2026-08-12T10:06:32+00:00,manufacturer_device_database,official_device_db_part_record
infineon::cy8c4124lqa-s433,infineon::cy8c4124lqa-s433,Infineon,PSOC 4100S,PSOC 4100S,PSOC 4100S (CY8C41x4xxx-Sxxx),CY8C4124LQA-S433,CY8C4124LQA-S433,,,,,40-QFN-AUTO,-40..85 °C,,active,infineon-device-db:1e7589fe5ce5,https://github.com/Infineon/device-db/tree/1e7589fe5ce5c25b68a5d8866c22c142df9b7555,2026-08-12T10:06:32+00:00,manufacturer_device_database,official_device_db_part_record
infineon::cy8c4124lqe-s413,infineon::cy8c4124lqe-s413,Infineon,PSOC 4100S,PSOC 4100S,PSOC 4100S (CY8C41x4xxx-Sxxx),CY8C4124LQE-S413,CY8C4124LQE-S413,,,,,40-QFN-AUTO,-40..125 °C,,active,infineon-device-db:1e7589fe5ce5,https://github.com/Infineon/device-db/tree/1e7589fe5ce5c25b68a5d8866c22c142df9b7555,2026-08-12T10:06:32+00:00,manufacturer_device_database,official_device_db_part_record
infineon::cy8c4124lqe-s423,infineon::cy8c4124lqe-s423,Infineon,PSOC 4100S,PSOC 4100S,PSOC 4100S (CY8C41x4xxx-Sxxx),CY8C4124LQE-S423,CY8C4124LQE-S423,,,,,40-QFN-AUTO,-40..125 °C,,active,infineon-device-db:1e7589fe5ce5,https://github.com/Infineon/device-db/tree/1e7589fe5ce5c25b68a5d8866c22c142df9b7555,2026-08-12T10:06:32+00:00,manufacturer_device_database,official_device_db_part_record
infineon::cy8c4124lqe-s433,infineon::cy8c4124lqe-s433,Infineon,PSOC 4100S,PSOC 4100S,PSOC 4100S (CY8C41x4xxx-Sxxx),CY8C4124LQE-S433,CY8C4124LQE-S433,,,,,40-QFN-AUTO,-40..125 °C,,active,infineon-device-db:1e7589fe5ce5,https://github.com/Infineon/device-db/tree/1e7589fe5ce5c25b68a5d8866c22c142df9b7555,2026-08-12T10:06:32+00:00,manufacturer_device_database,official_device_db_part_record
infineon::cy8c4124lqi-s412,infineon::cy8c4124lqi-s412,Infineon,PSOC 4100S,PSOC 4100S,PSOC 4100S (CY8C41x4xxx-Sxxx),CY8C4124LQI-S412,CY8C4124LQI-S412,,,,,32-QFN,-40..85 °C,,active,infineon-device-db:1e7589fe5ce5,https://github.com/Infineon/device-db/tree/1e7589fe5ce5c25b68a5d8866c22c142df9b7555,2026-08-12T10:06:32+00:00,manufacturer_device_database,official_device_db_part_record
infineon::cy8c4124lqi-s413,infineon::cy8c4124lqi-s413,Infineon,PSOC 4100S,PSOC 4100S,PSOC 4100S (CY8C41x4xxx-Sxxx),CY8C4124LQI-S413,CY8C4124LQI-S413,,,,,40-QFN,-40..85 °C,,active,infineon-device-db:1e7589fe5ce5,https://github.com/Infineon/device-db/tree/1e7589fe5ce5c25b68a5d8866c22c142df9b7555,2026-08-12T10:06:32+00:00,manufacturer_device_database,official_device_db_part_record
infineon::cy8c4124lqi-s432,infineon::cy8c4124lqi-s432,Infineon,PSOC 4100S,PSOC 4100S,PSOC 4100S (CY8C41x4xxx-Sxxx),CY8C4124LQI-S432,CY8C4124LQI-S432,,,,,32-QFN,-40..85 °C,,active,infineon-device-db:1e7589fe5ce5,https://github.com/Infineon/device-db/tree/1e7589fe5ce5c25b68a5d8866c22c142df9b7555,2026-08-12T10:06:32+00:00,manufacturer_device_database,official_device_db_part_record
infineon::cy8c4124lqi-s433,infineon::cy8c4124lqi-s433,Infineon,PSOC 4100S,PSOC 4100S,PSOC 4100S (CY8C41x4xxx-Sxxx),CY8C4124LQI-S433,CY8C4124LQI-S433,,,,,40-QFN,-40..85 °C,,active,infineon-device-db:1e7589fe5ce5,https://github.com/Infineon/device-db/tree/1e7589fe5ce5c25b68a5d8866c22c142df9b7555,2026-08-12T10:06:32+00:00,manufacturer_device_database,official_device_db_part_record
infineon::cy8c4124lqs-s413,infineon::cy8c4124lqs-s413,Infineon,PSOC 4100S,PSOC 4100S,PSOC 4100S (CY8C41x4xxx-Sxxx),CY8C4124LQS-S413,CY8C4124LQS-S413,,,,,40-QFN-AUTO,-40..105 °C,,active,infineon-device-db:1e7589fe5ce5,https://github.com/Infineon/device-db/tree/1e7589fe5ce5c25b68a5d8866c22c142df9b7555,2026-08-12T10:06:32+00:00,manufacturer_device_database,official_device_db_part_record
infineon::cy8c4124lqs-s423,infineon::cy8c4124lqs-s423,Infineon,PSOC 4100S,PSOC 4100S,PSOC 4100S (CY8C41x4xxx-Sxxx),CY8C4124LQS-S423,CY8C4124LQS-S423,,,,,40-QFN-AUTO,-40..105 °C,,active,infineon-device-db:1e7589fe5ce5,https://github.com/Infineon/device-db/tree/1e7589fe5ce5c25b68a5d8866c22c142df9b7555,2026-08-12T10:06:32+00:00,manufacturer_device_database,official_device_db_part_record
infineon::cy8c4124lqs-s433,infineon::cy8c4124lqs-s433,Infineon,PSOC 4100S,PSOC 4100S,PSOC 4100S (CY8C41x4xxx-Sxxx),CY8C4124LQS-S433,CY8C4124LQS-S433,,,,,40-QFN-AUTO,-40..105 °C,,active,infineon-device-db:1e7589fe5ce5,https://github.com/Infineon/device-db/tree/1e7589fe5ce5c25b68a5d8866c22c142df9b7555,2026-08-12T10:06:32+00:00,manufacturer_device_database,official_device_db_part_record
infineon::cy8c4124pva-s412,infineon::cy8c4124pva-s412,Infineon,PSOC 4100S,PSOC 4100S,PSOC 4100S (CY8C41x4xxx-Sxxx),CY8C4124PVA-S412,CY8C4124PVA-S412,,,,,28-SSOP-AUTO,-40..85 °C,,active,infineon-device-db:1e7589fe5ce5,https://github.com/Infineon/device-db/tree/1e7589fe5ce5c25b68a5d8866c22c142df9b7555,2026-08-12T10:06:32+00:00,manufacturer_device_database,official_device_db_part_record
infineon::cy8c4124pva-s422,infineon::cy8c4124pva-s422,Infineon,PSOC 4100S,PSOC 4100S,PSOC 4100S (CY8C41x4xxx-Sxxx),CY8C4124PVA-S422,CY8C4124PVA-S422,,,,,28-SSOP-AUTO,-40..85 °C,,active,infineon-device-db:1e7589fe5ce5,https://github.com/Infineon/device-db/tree/1e7589fe5ce5c25b68a5d8866c22c142df9b7555,2026-08-12T10:06:32+00:00,manufacturer_device_database,official_device_db_part_record
infineon::cy8c4124pva-s432,infineon::cy8c4124pva-s432,Infineon,PSOC 4100S,PSOC 4100S,PSOC 4100S (CY8C41x4xxx-Sxxx),CY8C4124PVA-S432,CY8C4124PVA-S432,,,,,28-SSOP-AUTO,-40..85 °C,,active,infineon-device-db:1e7589fe5ce5,https://github.com/Infineon/device-db/tree/1e7589fe5ce5c25b68a5d8866c22c142df9b7555,2026-08-12T10:06:32+00:00,manufacturer_device_database,official_device_db_part_record
infineon::cy8c4124pve-s412,infineon::cy8c4124pve-s412,Infineon,PSOC 4100S,PSOC 4100S,PSOC 4100S (CY8C41x4xxx-Sxxx),CY8C4124PVE-S412,CY8C4124PVE-S412,,,,,28-SSOP-AUTO,-40..125 °C,,active,infineon-device-db:1e7589fe5ce5,https://github.com/Infineon/device-db/tree/1e7589fe5ce5c25b68a5d8866c22c142df9b7555,2026-08-12T10:06:32+00:00,manufacturer_device_database,official_device_db_part_record
infineon::cy8c4124pve-s422,infineon::cy8c4124pve-s422,Infineon,PSOC 4100S,PSOC 4100S,PSOC 4100S (CY8C41x4xxx-Sxxx),CY8C4124PVE-S422,CY8C4124PVE-S422,,,,,28-SSOP-AUTO,-40..125 °C,,active,infineon-device-db:1e7589fe5ce5,https://github.com/Infineon/device-db/tree/1e7589fe5ce5c25b68a5d8866c22c142df9b7555,2026-08-12T10:06:32+00:00,manufacturer_device_database,official_device_db_part_record
infineon::cy8c4124pve-s432,infineon::cy8c4124pve-s432,Infineon,PSOC 4100S,PSOC 4100S,PSOC 4100S (CY8C41x4xxx-Sxxx),CY8C4124PVE-S432,CY8C4124PVE-S432,,,,,28-SSOP-AUTO,-40..125 °C,,active,infineon-device-db:1e7589fe5ce5,https://github.com/Infineon/device-db/tree/1e7589fe5ce5c25b68a5d8866c22c142df9b7555,2026-08-12T10:06:32+00:00,manufacturer_device_database,official_device_db_part_record
infineon::cy8c4124pvs-s412,infineon::cy8c4124pvs-s412,Infineon,PSOC 4100S,PSOC 4100S,PSOC 4100S (CY8C41x4xxx-Sxxx),CY8C4124PVS-S412,CY8C4124PVS-S412,,,,,28-SSOP-AUTO,-40..105 °C,,active,infineon-device-db:1e7589fe5ce5,https://github.com/Infineon/device-db/tree/1e7589fe5ce5c25b68a5d8866c22c142df9b7555,2026-08-12T10:06:32+00:00,manufacturer_device_database,official_device_db_part_record
infineon::cy8c4124pvs-s422,infineon::cy8c4124pvs-s422,Infineon,PSOC 4100S,PSOC 4100S,PSOC 4100S (CY8C41x4xxx-Sxxx),CY8C4124PVS-S422,CY8C4124PVS-S422,,,,,28-SSOP-AUTO,-40..105 °C,,active,infineon-device-db:1e7589fe5ce5,https://github.com/Infineon/device-db/tree/1e7589fe5ce5c25b68a5d8866c22c142df9b7555,2026-08-12T10:06:32+00:00,manufacturer_device_database,official_device_db_part_record
infineon::cy8c4124pvs-s432,infineon::cy8c4124pvs-s432,Infineon,PSOC 4100S,PSOC 4100S,PSOC 4100S (CY8C41x4xxx-Sxxx),CY8C4124PVS-S432,CY8C4124PVS-S432,,,,,28-SSOP-AUTO,-40..105 °C,,active,infineon-device-db:1e7589fe5ce5,https://github.com/Infineon/device-db/tree/1e7589fe5ce5c25b68a5d8866c22c142df9b7555,2026-08-12T10:06:32+00:00,manufacturer_device_database,official_device_db_part_record
infineon::cy8c4125axi-s423,infineon::cy8c4125axi-s423,Infineon,PSOC 4100S,PSOC 4100S,PSOC 4100S (CY8C41x5xxx-Sxxx),CY8C4125AXI-S423,CY8C4125AXI-S423,,,,,44-TQFP,-40..85 °C,,active,infineon-device-db:1e7589fe5ce5,https://github.com/Infineon/device-db/tree/1e7589fe5ce5c25b68a5d8866c22c142df9b7555,2026-08-12T10:06:32+00:00,manufacturer_device_database,official_device_db_part_record
infineon::cy8c4125axi-s433,infineon::cy8c4125axi-s433,Infineon,PSOC 4100S,PSOC 4100S,PSOC 4100S (CY8C41x5xxx-Sxxx),CY8C4125AXI-S433,CY8C4125AXI-S433,,,,,44-TQFP,-40..85 °C,,active,infineon-device-db:1e7589fe5ce5,https://github.com/Infineon/device-db/tree/1e7589fe5ce5c25b68a5d8866c22c142df9b7555,2026-08-12T10:06:32+00:00,manufacturer_device_database,official_device_db_part_record
infineon::cy8c4125azi-s413,infineon::cy8c4125azi-s413,Infineon,PSOC 4100S,PSOC 4100S,PSOC 4100S (CY8C41x5xxx-Sxxx),CY8C4125AZI-S413,CY8C4125AZI-S413,,,,,48-TQFP,-40..85 °C,,active,infineon-device-db:1e7589fe5ce5,https://github.com/Infineon/device-db/tree/1e7589fe5ce5c25b68a5d8866c22c142df9b7555,2026-08-12T10:06:32+00:00,manufacturer_device_database,official_device_db_part_record
infineon::cy8c4125azi-s423,infineon::cy8c4125azi-s423,Infineon,PSOC 4100S,PSOC 4100S,PSOC 4100S (CY8C41x5xxx-Sxxx),CY8C4125AZI-S423,CY8C4125AZI-S423,,,,,48-TQFP,-40..85 °C,,active,infineon-device-db:1e7589fe5ce5,https://github.com/Infineon/device-db/tree/1e7589fe5ce5c25b68a5d8866c22c142df9b7555,2026-08-12T10:06:32+00:00,manufacturer_device_database,official_device_db_part_record
infineon::cy8c4125azi-s433,infineon::cy8c4125azi-s433,Infineon,PSOC 4100S,PSOC 4100S,PSOC 4100S (CY8C41x5xxx-Sxxx),CY8C4125AZI-S433,CY8C4125AZI-S433,,,,,48-TQFP,-40..85 °C,,active,infineon-device-db:1e7589fe5ce5,https://github.com/Infineon/device-db/tree/1e7589fe5ce5c25b68a5d8866c22c142df9b7555,2026-08-12T10:06:32+00:00,manufacturer_device_database,official_device_db_part_record
infineon::cy8c4125azq-s433,infineon::cy8c4125azq-s433,Infineon,PSOC 4100S,PSOC 4100S,PSOC 4100S (CY8C41x5xxx-Sxxx),CY8C4125AZQ-S433,CY8C4125AZQ-S433,,,,,48-TQFP,-40..105 °C,,active,infineon-device-db:1e7589fe5ce5,https://github.com/Infineon/device-db/tree/1e7589fe5ce5c25b68a5d8866c22c142df9b7555,2026-08-12T10:06:32+00:00,manufacturer_device_database,official_device_db_part_record
infineon::cy8c4125fni-s413,infineon::cy8c4125fni-s413,Infineon,PSOC 4100S,PSOC 4100S,PSOC 4100S (CY8C41x5xxx-Sxxx),CY8C4125FNI-S413,CY8C4125FNI-S413,,,,,35-WLCSP,-40..85 °C,,active,infineon-device-db:1e7589fe5ce5,https://github.com/Infineon/device-db/tree/1e7589fe5ce5c25b68a5d8866c22c142df9b7555,2026-08-12T10:06:32+00:00,manufacturer_device_database,official_device_db_part_record
infineon::cy8c4125fni-s423,infineon::cy8c4125fni-s423,Infineon,PSOC 4100S,PSOC 4100S,PSOC 4100S (CY8C41x5xxx-Sxxx),CY8C4125FNI-S423,CY8C4125FNI-S423,,,,,35-WLCSP,-40..85 °C,,active,infineon-device-db:1e7589fe5ce5,https://github.com/Infineon/device-db/tree/1e7589fe5ce5c25b68a5d8866c22c142df9b7555,2026-08-12T10:06:32+00:00,manufacturer_device_database,official_device_db_part_record
infineon::cy8c4125fni-s433,infineon::cy8c4125fni-s433,Infineon,PSOC 4100S,PSOC 4100S,PSOC 4100S (CY8C41x5xxx-Sxxx),CY8C4125FNI-S433,CY8C4125FNI-S433,,,,,35-WLCSP,-40..85 °C,,active,infineon-device-db:1e7589fe5ce5,https://github.com/Infineon/device-db/tree/1e7589fe5ce5c25b68a5d8866c22c142df9b7555,2026-08-12T10:06:32+00:00,manufacturer_device_database,official_device_db_part_record
infineon::cy8c4125fnq-s433,infineon::cy8c4125fnq-s433,Infineon,PSOC 4100S,PSOC 4100S,PSOC 4100S (CY8C41x5xxx-Sxxx),CY8C4125FNQ-S433,CY8C4125FNQ-S433,,,,,35-WLCSP,-40..105 °C,,active,infineon-device-db:1e7589fe5ce5,https://github.com/Infineon/device-db/tree/1e7589fe5ce5c25b68a5d8866c22c142df9b7555,2026-08-12T10:06:32+00:00,manufacturer_device_database,official_device_db_part_record
infineon::cy8c4125lce-hvs003,infineon::cy8c4125lce-hvs003,Infineon,PSOC 4 HVMS,PSOC 4 HVMS,PSOC 4 HVMS (CY8C4125xxx-HVSxxx),CY8C4125LCE-HVS003,CY8C4125LCE-HVS003,,,,,32-QFN,-40..125 °C,,active,infineon-device-db:1e7589fe5ce5,https://github.com/Infineon/device-db/tree/1e7589fe5ce5c25b68a5d8866c22c142df9b7555,2026-08-12T10:06:32+00:00,manufacturer_device_database,official_device_db_part_record
infineon::cy8c4125lce-hvs013,infineon::cy8c4125lce-hvs013,Infineon,PSOC 4 HVMS,PSOC 4 HVMS,PSOC 4 HVMS (CY8C4125xxx-HVSxxx),CY8C4125LCE-HVS013,CY8C4125LCE-HVS013,,,,,32-QFN,-40..125 °C,,active,infineon-device-db:1e7589fe5ce5,https://github.com/Infineon/device-db/tree/1e7589fe5ce5c25b68a5d8866c22c142df9b7555,2026-08-12T10:06:32+00:00,manufacturer_device_database,official_device_db_part_record
infineon::cy8c4125lce-hvs103,infineon::cy8c4125lce-hvs103,Infineon,PSOC 4 HVMS,PSOC 4 HVMS,PSOC 4 HVMS (CY8C4125xxx-HVSxxx),CY8C4125LCE-HVS103,CY8C4125LCE-HVS103,,,,,32-QFN,-40..125 °C,,active,infineon-device-db:1e7589fe5ce5,https://github.com/Infineon/device-db/tree/1e7589fe5ce5c25b68a5d8866c22c142df9b7555,2026-08-12T10:06:32+00:00,manufacturer_device_database,official_device_db_part_record
infineon::cy8c4125lce-hvs113,infineon::cy8c4125lce-hvs113,Infineon,PSOC 4 HVMS,PSOC 4 HVMS,PSOC 4 HVMS (CY8C4125xxx-HVSxxx),CY8C4125LCE-HVS113,CY8C4125LCE-HVS113,,,,,32-QFN,-40..125 °C,,active,infineon-device-db:1e7589fe5ce5,https://github.com/Infineon/device-db/tree/1e7589fe5ce5c25b68a5d8866c22c142df9b7555,2026-08-12T10:06:32+00:00,manufacturer_device_database,official_device_db_part_record
infineon::cy8c4125lde-hvs004,infineon::cy8c4125lde-hvs004,Infineon,PSOC 4 HVMS,PSOC 4 HVMS,PSOC 4 HVMS (CY8C4125xxx-HVSxxx),CY8C4125LDE-HVS004,CY8C4125LDE-HVS004,,,,,48-QFN,-40..125 °C,,active,infineon-device-db:1e7589fe5ce5,https://github.com/Infineon/device-db/tree/1e7589fe5ce5c25b68a5d8866c22c142df9b7555,2026-08-12T10:06:32+00:00,manufacturer_device_database,official_device_db_part_record
infineon::cy8c4125lde-hvs014,infineon::cy8c4125lde-hvs014,Infineon,PSOC 4 HVMS,PSOC 4 HVMS,PSOC 4 HVMS (CY8C4125xxx-HVSxxx),CY8C4125LDE-HVS014,CY8C4125LDE-HVS014,,,,,48-QFN,-40..125 °C,,active,infineon-device-db:1e7589fe5ce5,https://github.com/Infineon/device-db/tree/1e7589fe5ce5c25b68a5d8866c22c142df9b7555,2026-08-12T10:06:32+00:00,manufacturer_device_database,official_device_db_part_record
infineon::cy8c4125lde-hvs104,infineon::cy8c4125lde-hvs104,Infineon,PSOC 4 HVMS,PSOC 4 HVMS,PSOC 4 HVMS (CY8C4125xxx-HVSxxx),CY8C4125LDE-HVS104,CY8C4125LDE-HVS104,,,,,48-QFN,-40..125 °C,,active,infineon-device-db:1e7589fe5ce5,https://github.com/Infineon/device-db/tree/1e7589fe5ce5c25b68a5d8866c22c142df9b7555,2026-08-12T10:06:32+00:00,manufacturer_device_database,official_device_db_part_record
infineon::cy8c4125lde-hvs114,infineon::cy8c4125lde-hvs114,Infineon,PSOC 4 HVMS,PSOC 4 HVMS,PSOC 4 HVMS (CY8C4125xxx-HVSxxx),CY8C4125LDE-HVS114,CY8C4125LDE-HVS114,,,,,48-QFN,-40..125 °C,,active,infineon-device-db:1e7589fe5ce5,https://github.com/Infineon/device-db/tree/1e7589fe5ce5c25b68a5d8866c22c142df9b7555,2026-08-12T10:06:32+00:00,manufacturer_device_database,official_device_db_part_record
infineon::cy8c4125lqa-s413,infineon::cy8c4125lqa-s413,Infineon,PSOC 4100S,PSOC 4100S,PSOC 4100S (CY8C41x5xxx-Sxxx),CY8C4125LQA-S413,CY8C4125LQA-S413,,,,,40-QFN-AUTO,-40..85 °C,,active,infineon-device-db:1e7589fe5ce5,https://github.com/Infineon/device-db/tree/1e7589fe5ce5c25b68a5d8866c22c142df9b7555,2026-08-12T10:06:32+00:00,manufacturer_device_database,official_device_db_part_record
infineon::cy8c4125lqa-s423,infineon::cy8c4125lqa-s423,Infineon,PSOC 4100S,PSOC 4100S,PSOC 4100S (CY8C41x5xxx-Sxxx),CY8C4125LQA-S423,CY8C4125LQA-S423,,,,,40-QFN-AUTO,-40..85 °C,,active,infineon-device-db:1e7589fe5ce5,https://github.com/Infineon/device-db/tree/1e7589fe5ce5c25b68a5d8866c22c142df9b7555,2026-08-12T10:06:32+00:00,manufacturer_device_database,official_device_db_part_record
infineon::cy8c4125lqa-s433,infineon::cy8c4125lqa-s433,Infineon,PSOC 4100S,PSOC 4100S,PSOC 4100S (CY8C41x5xxx-Sxxx),CY8C4125LQA-S433,CY8C4125LQA-S433,,,,,40-QFN-AUTO,-40..85 °C,,active,infineon-device-db:1e7589fe5ce5,https://github.com/Infineon/device-db/tree/1e7589fe5ce5c25b68a5d8866c22c142df9b7555,2026-08-12T10:06:32+00:00,manufacturer_device_database,official_device_db_part_record
infineon::cy8c4125lqe-s413,infineon::cy8c4125lqe-s413,Infineon,PSOC 4100S,PSOC 4100S,PSOC 4100S (CY8C41x5xxx-Sxxx),CY8C4125LQE-S413,CY8C4125LQE-S413,,,,,40-QFN-AUTO,-40..125 °C,,active,infineon-device-db:1e7589fe5ce5,https://github.com/Infineon/device-db/tree/1e7589fe5ce5c25b68a5d8866c22c142df9b7555,2026-08-12T10:06:32+00:00,manufacturer_device_database,official_device_db_part_record
infineon::cy8c4125lqe-s423,infineon::cy8c4125lqe-s423,Infineon,PSOC 4100S,PSOC 4100S,PSOC 4100S (CY8C41x5xxx-Sxxx),CY8C4125LQE-S423,CY8C4125LQE-S423,,,,,40-QFN-AUTO,-40..125 °C,,active,infineon-device-db:1e7589fe5ce5,https://github.com/Infineon/device-db/tree/1e7589fe5ce5c25b68a5d8866c22c142df9b7555,2026-08-12T10:06:32+00:00,manufacturer_device_database,official_device_db_part_record
infineon::cy8c4125lqe-s433,infineon::cy8c4125lqe-s433,Infineon,PSOC 4100S,PSOC 4100S,PSOC 4100S (CY8C41x5xxx-Sxxx),CY8C4125LQE-S433,CY8C4125LQE-S433,,,,,40-QFN-AUTO,-40..125 °C,,active,infineon-device-db:1e7589fe5ce5,https://github.com/Infineon/device-db/tree/1e7589fe5ce5c25b68a5d8866c22c142df9b7555,2026-08-12T10:06:32+00:00,manufacturer_device_database,official_device_db_part_record
infineon::cy8c4125lqi-s412,infineon::cy8c4125lqi-s412,Infineon,PSOC 4100S,PSOC 4100S,PSOC 4100S (CY8C41x5xxx-Sxxx),CY8C4125LQI-S412,CY8C4125LQI-S412,,,,,32-QFN,-40..85 °C,,active,infineon-device-db:1e7589fe5ce5,https://github.com/Infineon/device-db/tree/1e7589fe5ce5c25b68a5d8866c22c142df9b7555,2026-08-12T10:06:32+00:00,manufacturer_device_database,official_device_db_part_record
infineon::cy8c4125lqi-s413,infineon::cy8c4125lqi-s413,Infineon,PSOC 4100S,PSOC 4100S,PSOC 4100S (CY8C41x5xxx-Sxxx),CY8C4125LQI-S413,CY8C4125LQI-S413,,,,,40-QFN,-40..85 °C,,active,infineon-device-db:1e7589fe5ce5,https://github.com/Infineon/device-db/tree/1e7589fe5ce5c25b68a5d8866c22c142df9b7555,2026-08-12T10:06:32+00:00,manufacturer_device_database,official_device_db_part_record
infineon::cy8c4125lqi-s422,infineon::cy8c4125lqi-s422,Infineon,PSOC 4100S,PSOC 4100S,PSOC 4100S (CY8C41x5xxx-Sxxx),CY8C4125LQI-S422,CY8C4125LQI-S422,,,,,32-QFN,-40..85 °C,,active,infineon-device-db:1e7589fe5ce5,https://github.com/Infineon/device-db/tree/1e7589fe5ce5c25b68a5d8866c22c142df9b7555,2026-08-12T10:06:32+00:00,manufacturer_device_database,official_device_db_part_record
infineon::cy8c4125lqi-s423,infineon::cy8c4125lqi-s423,Infineon,PSOC 4100S,PSOC 4100S,PSOC 4100S (CY8C41x5xxx-Sxxx),CY8C4125LQI-S423,CY8C4125LQI-S423,,,,,40-QFN,-40..85 °C,,active,infineon-device-db:1e7589fe5ce5,https://github.com/Infineon/device-db/tree/1e7589fe5ce5c25b68a5d8866c22c142df9b7555,2026-08-12T10:06:32+00:00,manufacturer_device_database,official_device_db_part_record
infineon::cy8c4125lqi-s432,infineon::cy8c4125lqi-s432,Infineon,PSOC 4100S,PSOC 4100S,PSOC 4100S (CY8C41x5xxx-Sxxx),CY8C4125LQI-S432,CY8C4125LQI-S432,,,,,32-QFN,-40..85 °C,,active,infineon-device-db:1e7589fe5ce5,https://github.com/Infineon/device-db/tree/1e7589fe5ce5c25b68a5d8866c22c142df9b7555,2026-08-12T10:06:32+00:00,manufacturer_device_database,official_device_db_part_record
infineon::cy8c4125lqi-s433,infineon::cy8c4125lqi-s433,Infineon,PSOC 4100S,PSOC 4100S,PSOC 4100S (CY8C41x5xxx-Sxxx),CY8C4125LQI-S433,CY8C4125LQI-S433,,,,,40-QFN,-40..85 °C,,active,infineon-device-db:1e7589fe5ce5,https://github.com/Infineon/device-db/tree/1e7589fe5ce5c25b68a5d8866c22c142df9b7555,2026-08-12T10:06:32+00:00,manufacturer_device_database,official_device_db_part_record
infineon::cy8c4125lqq-s432,infineon::cy8c4125lqq-s432,Infineon,PSOC 4100S,PSOC 4100S,PSOC 4100S (CY8C41x5xxx-Sxxx),CY8C4125LQQ-S432,CY8C4125LQQ-S432,,,,,32-QFN,-40..105 °C,,active,infineon-device-db:1e7589fe5ce5,https://github.com/Infineon/device-db/tree/1e7589fe5ce5c25b68a5d8866c22c142df9b7555,2026-08-12T10:06:32+00:00,manufacturer_device_database,official_device_db_part_record
infineon::cy8c4125lqs-s413,infineon::cy8c4125lqs-s413,Infineon,PSOC 4100S,PSOC 4100S,PSOC 4100S (CY8C41x5xxx-Sxxx),CY8C4125LQS-S413,CY8C4125LQS-S413,,,,,40-QFN-AUTO,-40..105 °C,,active,infineon-device-db:1e7589fe5ce5,https://github.com/Infineon/device-db/tree/1e7589fe5ce5c25b68a5d8866c22c142df9b7555,2026-08-12T10:06:32+00:00,manufacturer_device_database,official_device_db_part_record
infineon::cy8c4125lqs-s423,infineon::cy8c4125lqs-s423,Infineon,PSOC 4100S,PSOC 4100S,PSOC 4100S (CY8C41x5xxx-Sxxx),CY8C4125LQS-S423,CY8C4125LQS-S423,,,,,40-QFN-AUTO,-40..105 °C,,active,infineon-device-db:1e7589fe5ce5,https://github.com/Infineon/device-db/tree/1e7589fe5ce5c25b68a5d8866c22c142df9b7555,2026-08-12T10:06:32+00:00,manufacturer_device_database,official_device_db_part_record
infineon::cy8c4125lqs-s433,infineon::cy8c4125lqs-s433,Infineon,PSOC 4100S,PSOC 4100S,PSOC 4100S (CY8C41x5xxx-Sxxx),CY8C4125LQS-S433,CY8C4125LQS-S433,,,,,40-QFN-AUTO,-40..105 °C,,active,infineon-device-db:1e7589fe5ce5,https://github.com/Infineon/device-db/tree/1e7589fe5ce5c25b68a5d8866c22c142df9b7555,2026-08-12T10:06:32+00:00,manufacturer_device_database,official_device_db_part_record
infineon::cy8c4125lwe-hvs005,infineon::cy8c4125lwe-hvs005,Infineon,PSOC 4 HVMS,PSOC 4 HVMS,PSOC 4 HVMS (CY8C4125xxx-HVSxxx),CY8C4125LWE-HVS005,CY8C4125LWE-HVS005,,,,,56-QFN,-40..125 °C,,active,infineon-device-db:1e7589fe5ce5,https://github.com/Infineon/device-db/tree/1e7589fe5ce5c25b68a5d8866c22c142df9b7555,2026-08-12T10:06:32+00:00,manufacturer_device_database,official_device_db_part_record
infineon::cy8c4125lwe-hvs015,infineon::cy8c4125lwe-hvs015,Infineon,PSOC 4 HVMS,PSOC 4 HVMS,PSOC 4 HVMS (CY8C4125xxx-HVSxxx),CY8C4125LWE-HVS015,CY8C4125LWE-HVS015,,,,,56-QFN,-40..125 °C,,active,infineon-device-db:1e7589fe5ce5,https://github.com/Infineon/device-db/tree/1e7589fe5ce5c25b68a5d8866c22c142df9b7555,2026-08-12T10:06:32+00:00,manufacturer_device_database,official_device_db_part_record
infineon::cy8c4125lwe-hvs105,infineon::cy8c4125lwe-hvs105,Infineon,PSOC 4 HVMS,PSOC 4 HVMS,PSOC 4 HVMS (CY8C4125xxx-HVSxxx),CY8C4125LWE-HVS105,CY8C4125LWE-HVS105,,,,,56-QFN,-40..125 °C,,active,infineon-device-db:1e7589fe5ce5,https://github.com/Infineon/device-db/tree/1e7589fe5ce5c25b68a5d8866c22c142df9b7555,2026-08-12T10:06:32+00:00,manufacturer_device_database,official_device_db_part_record
infineon::cy8c4125lwe-hvs115,infineon::cy8c4125lwe-hvs115,Infineon,PSOC 4 HVMS,PSOC 4 HVMS,PSOC 4 HVMS (CY8C4125xxx-HVSxxx),CY8C4125LWE-HVS115,CY8C4125LWE-HVS115,,,,,56-QFN,-40..125 °C,,active,infineon-device-db:1e7589fe5ce5,https://github.com/Infineon/device-db/tree/1e7589fe5ce5c25b68a5d8866c22c142df9b7555,2026-08-12T10:06:32+00:00,manufacturer_device_database,official_device_db_part_record
infineon::cy8c4125pva-s412,infineon::cy8c4125pva-s412,Infineon,PSOC 4100S,PSOC 4100S,PSOC 4100S (CY8C41x5xxx-Sxxx),CY8C4125PVA-S412,CY8C4125PVA-S412,,,,,28-SSOP-AUTO,-40..85 °C,,active,infineon-device-db:1e7589fe5ce5,https://github.com/Infineon/device-db/tree/1e7589fe5ce5c25b68a5d8866c22c142df9b7555,2026-08-12T10:06:32+00:00,manufacturer_device_database,official_device_db_part_record
infineon::cy8c4125pva-s422,infineon::cy8c4125pva-s422,Infineon,PSOC 4100S,PSOC 4100S,PSOC 4100S (CY8C41x5xxx-Sxxx),CY8C4125PVA-S422,CY8C4125PVA-S422,,,,,28-SSOP-AUTO,-40..85 °C,,active,infineon-device-db:1e7589fe5ce5,https://github.com/Infineon/device-db/tree/1e7589fe5ce5c25b68a5d8866c22c142df9b7555,2026-08-12T10:06:32+00:00,manufacturer_device_database,official_device_db_part_record
infineon::cy8c4125pva-s432,infineon::cy8c4125pva-s432,Infineon,PSOC 4100S,PSOC 4100S,PSOC 4100S (CY8C41x5xxx-Sxxx),CY8C4125PVA-S432,CY8C4125PVA-S432,,,,,28-SSOP-AUTO,-40..85 °C,,active,infineon-device-db:1e7589fe5ce5,https://github.com/Infineon/device-db/tree/1e7589fe5ce5c25b68a5d8866c22c142df9b7555,2026-08-12T10:06:32+00:00,manufacturer_device_database,official_device_db_part_record
infineon::cy8c4125pve-s412,infineon::cy8c4125pve-s412,Infineon,PSOC 4100S,PSOC 4100S,PSOC 4100S (CY8C41x5xxx-Sxxx),CY8C4125PVE-S412,CY8C4125PVE-S412,,,,,28-SSOP-AUTO,-40..125 °C,,active,infineon-device-db:1e7589fe5ce5,https://github.com/Infineon/device-db/tree/1e7589fe5ce5c25b68a5d8866c22c142df9b7555,2026-08-12T10:06:32+00:00,manufacturer_device_database,official_device_db_part_record
infineon::cy8c4125pve-s422,infineon::cy8c4125pve-s422,Infineon,PSOC 4100S,PSOC 4100S,PSOC 4100S (CY8C41x5xxx-Sxxx),CY8C4125PVE-S422,CY8C4125PVE-S422,,,,,28-SSOP-AUTO,-40..125 °C,,active,infineon-device-db:1e7589fe5ce5,https://github.com/Infineon/device-db/tree/1e7589fe5ce5c25b68a5d8866c22c142df9b7555,2026-08-12T10:06:32+00:00,manufacturer_device_database,official_device_db_part_record
infineon::cy8c4125pve-s432,infineon::cy8c4125pve-s432,Infineon,PSOC 4100S,PSOC 4100S,PSOC 4100S (CY8C41x5xxx-Sxxx),CY8C4125PVE-S432,CY8C4125PVE-S432,,,,,28-SSOP-AUTO,-40..125 °C,,active,infineon-device-db:1e7589fe5ce5,https://github.com/Infineon/device-db/tree/1e7589fe5ce5c25b68a5d8866c22c142df9b7555,2026-08-12T10:06:32+00:00,manufacturer_device_database,official_device_db_part_record
infineon::cy8c4125pvs-s412,infineon::cy8c4125pvs-s412,Infineon,PSOC 4100S,PSOC 4100S,PSOC 4100S (CY8C41x5xxx-Sxxx),CY8C4125PVS-S412,CY8C4125PVS-S412,,,,,28-SSOP-AUTO,-40..105 °C,,active,infineon-device-db:1e7589fe5ce5,https://github.com/Infineon/device-db/tree/1e7589fe5ce5c25b68a5d8866c22c142df9b7555,2026-08-12T10:06:32+00:00,manufacturer_device_database,official_device_db_part_record
infineon::cy8c4125pvs-s422,infineon::cy8c4125pvs-s422,Infineon,PSOC 4100S,PSOC 4100S,PSOC 4100S (CY8C41x5xxx-Sxxx),CY8C4125PVS-S422,CY8C4125PVS-S422,,,,,28-SSOP-AUTO,-40..105 °C,,active,infineon-device-db:1e7589fe5ce5,https://github.com/Infineon/device-db/tree/1e7589fe5ce5c25b68a5d8866c22c142df9b7555,2026-08-12T10:06:32+00:00,manufacturer_device_database,official_device_db_part_record
infineon::cy8c4125pvs-s432,infineon::cy8c4125pvs-s432,Infineon,PSOC 4100S,PSOC 4100S,PSOC 4100S (CY8C41x5xxx-Sxxx),CY8C4125PVS-S432,CY8C4125PVS-S432,,,,,28-SSOP-AUTO,-40..105 °C,,active,infineon-device-db:1e7589fe5ce5,https://github.com/Infineon/device-db/tree/1e7589fe5ce5c25b68a5d8866c22c142df9b7555,2026-08-12T10:06:32+00:00,manufacturer_device_database,official_device_db_part_record
infineon::cy8c4126axi-s423,infineon::cy8c4126axi-s423,Infineon,PSOC 4100S,PSOC 4100S,PSOC 4100S (CY8C41x6xxx-Sxxx),CY8C4126AXI-S423,CY8C4126AXI-S423,,,,,44-TQFP,-40..85 °C,,active,infineon-device-db:1e7589fe5ce5,https://github.com/Infineon/device-db/tree/1e7589fe5ce5c25b68a5d8866c22c142df9b7555,2026-08-12T10:06:32+00:00,manufacturer_device_database,official_device_db_part_record
infineon::cy8c4126axi-s433,infineon::cy8c4126axi-s433,Infineon,PSOC 4100S,PSOC 4100S,PSOC 4100S (CY8C41x6xxx-Sxxx),CY8C4126AXI-S433,CY8C4126AXI-S433,,,,,44-TQFP,-40..85 °C,,active,infineon-device-db:1e7589fe5ce5,https://github.com/Infineon/device-db/tree/1e7589fe5ce5c25b68a5d8866c22c142df9b7555,2026-08-12T10:06:32+00:00,manufacturer_device_database,official_device_db_part_record
infineon::cy8c4126axi-s443,infineon::cy8c4126axi-s443,Infineon,PSOC 4100S Plus,PSOC 4100S Plus,PSOC 4100S Plus (CY8C41x6xxx-Sxxx),CY8C4126AXI-S443,CY8C4126AXI-S443,,,,,44-TQFP,-40..85 °C,,active,infineon-device-db:1e7589fe5ce5,https://github.com/Infineon/device-db/tree/1e7589fe5ce5c25b68a5d8866c22c142df9b7555,2026-08-12T10:06:32+00:00,manufacturer_device_database,official_device_db_part_record
infineon::cy8c4126axi-s445,infineon::cy8c4126axi-s445,Infineon,PSOC 4100S Plus,PSOC 4100S Plus,PSOC 4100S Plus (CY8C41x6xxx-Sxxx),CY8C4126AXI-S445,CY8C4126AXI-S445,,,,,64-TQFP,-40..85 °C,,active,infineon-device-db:1e7589fe5ce5,https://github.com/Infineon/device-db/tree/1e7589fe5ce5c25b68a5d8866c22c142df9b7555,2026-08-12T10:06:32+00:00,manufacturer_device_database,official_device_db_part_record
infineon::cy8c4126axi-s455,infineon::cy8c4126axi-s455,Infineon,PSOC 4100S Plus,PSOC 4100S Plus,PSOC 4100S Plus (CY8C41x6xxx-Sxxx),CY8C4126AXI-S455,CY8C4126AXI-S455,,,,,64-TQFP,-40..85 °C,,active,infineon-device-db:1e7589fe5ce5,https://github.com/Infineon/device-db/tree/1e7589fe5ce5c25b68a5d8866c22c142df9b7555,2026-08-12T10:06:32+00:00,manufacturer_device_database,official_device_db_part_record
infineon::cy8c4126axq-s433,infineon::cy8c4126axq-s433,Infineon,PSOC 4100S,PSOC 4100S,PSOC 4100S (CY8C41x6xxx-Sxxx),CY8C4126AXQ-S433,CY8C4126AXQ-S433,,,,,44-TQFP,-40..105 °C,,active,infineon-device-db:1e7589fe5ce5,https://github.com/Infineon/device-db/tree/1e7589fe5ce5c25b68a5d8866c22c142df9b7555,2026-08-12T10:06:32+00:00,manufacturer_device_database,official_device_db_part_record
infineon::cy8c4126aza-s455,infineon::cy8c4126aza-s455,Infineon,PSOC 4100S Plus,PSOC 4100S Plus,PSOC 4100S Plus (CY8C41x6xxx-Sxxx),CY8C4126AZA-S455,CY8C4126AZA-S455,,,,,64-TQFP,-40..85 °C,,active,infineon-device-db:1e7589fe5ce5,https://github.com/Infineon/device-db/tree/1e7589fe5ce5c25b68a5d8866c22c142df9b7555,2026-08-12T10:06:32+00:00,manufacturer_device_database,official_device_db_part_record
infineon::cy8c4126aze-s455,infineon::cy8c4126aze-s455,Infineon,PSOC 4100S Plus,PSOC 4100S Plus,PSOC 4100S Plus (CY8C41x6xxx-Sxxx),CY8C4126AZE-S455,CY8C4126AZE-S455,,,,,64-TQFP,-40..125 °C,,active,infineon-device-db:1e7589fe5ce5,https://github.com/Infineon/device-db/tree/1e7589fe5ce5c25b68a5d8866c22c142df9b7555,2026-08-12T10:06:32+00:00,manufacturer_device_database,official_device_db_part_record
infineon::cy8c4126azi-s423,infineon::cy8c4126azi-s423,Infineon,PSOC 4100S,PSOC 4100S,PSOC 4100S (CY8C41x6xxx-Sxxx),CY8C4126AZI-S423,CY8C4126AZI-S423,,,,,48-TQFP,-40..85 °C,,active,infineon-device-db:1e7589fe5ce5,https://github.com/Infineon/device-db/tree/1e7589fe5ce5c25b68a5d8866c22c142df9b7555,2026-08-12T10:06:32+00:00,manufacturer_device_database,official_device_db_part_record
infineon::cy8c4126azi-s433,infineon::cy8c4126azi-s433,Infineon,PSOC 4100S,PSOC 4100S,PSOC 4100S (CY8C41x6xxx-Sxxx),CY8C4126AZI-S433,CY8C4126AZI-S433,,,,,48-TQFP,-40..85 °C,,active,infineon-device-db:1e7589fe5ce5,https://github.com/Infineon/device-db/tree/1e7589fe5ce5c25b68a5d8866c22c142df9b7555,2026-08-12T10:06:32+00:00,manufacturer_device_database,official_device_db_part_record
infineon::cy8c4126azi-s445,infineon::cy8c4126azi-s445,Infineon,PSOC 4100S Plus,PSOC 4100S Plus,PSOC 4100S Plus (CY8C41x6xxx-Sxxx),CY8C4126AZI-S445,CY8C4126AZI-S445,,,,,64-TQFP,-40..85 °C,,active,infineon-device-db:1e7589fe5ce5,https://github.com/Infineon/device-db/tree/1e7589fe5ce5c25b68a5d8866c22c142df9b7555,2026-08-12T10:06:32+00:00,manufacturer_device_database,official_device_db_part_record
infineon::cy8c4126azi-s455,infineon::cy8c4126azi-s455,Infineon,PSOC 4100S Plus,PSOC 4100S Plus,PSOC 4100S Plus (CY8C41x6xxx-Sxxx),CY8C4126AZI-S455,CY8C4126AZI-S455,,,,,64-TQFP,-40..85 °C,,active,infineon-device-db:1e7589fe5ce5,https://github.com/Infineon/device-db/tree/1e7589fe5ce5c25b68a5d8866c22c142df9b7555,2026-08-12T10:06:32+00:00,manufacturer_device_database,official_device_db_part_record
infineon::cy8c4126azq-s423,infineon::cy8c4126azq-s423,Infineon,PSOC 4100S,PSOC 4100S,PSOC 4100S (CY8C41x6xxx-Sxxx),CY8C4126AZQ-S423,CY8C4126AZQ-S423,,,,,48-TQFP,-40..105 °C,,active,infineon-device-db:1e7589fe5ce5,https://github.com/Infineon/device-db/tree/1e7589fe5ce5c25b68a5d8866c22c142df9b7555,2026-08-12T10:06:32+00:00,manufacturer_device_database,official_device_db_part_record
infineon::cy8c4126azq-s433,infineon::cy8c4126azq-s433,Infineon,PSOC 4100S,PSOC 4100S,PSOC 4100S (CY8C41x6xxx-Sxxx),CY8C4126AZQ-S433,CY8C4126AZQ-S433,,,,,48-TQFP,-40..105 °C,,active,infineon-device-db:1e7589fe5ce5,https://github.com/Infineon/device-db/tree/1e7589fe5ce5c25b68a5d8866c22c142df9b7555,2026-08-12T10:06:32+00:00,manufacturer_device_database,official_device_db_part_record
infineon::cy8c4126azs-s455,infineon::cy8c4126azs-s455,Infineon,PSOC 4100S Plus,PSOC 4100S Plus,PSOC 4100S Plus (CY8C41x6xxx-Sxxx),CY8C4126AZS-S455,CY8C4126AZS-S455,,,,,64-TQFP,-40..105 °C,,active,infineon-device-db:1e7589fe5ce5,https://github.com/Infineon/device-db/tree/1e7589fe5ce5c25b68a5d8866c22c142df9b7555,2026-08-12T10:06:32+00:00,manufacturer_device_database,official_device_db_part_record
infineon::cy8c4126lce-hv403,infineon::cy8c4126lce-hv403,Infineon,PSOC 4 HVPA,PSOC 4 HVPA,PSOC 4 HVPA 144k (CY8C4126xxx-HVxxx),CY8C4126LCE-HV403,CY8C4126LCE-HV403,,,,,32-QFN,-40..125 °C,,active,infineon-device-db:1e7589fe5ce5,https://github.com/Infineon/device-db/tree/1e7589fe5ce5c25b68a5d8866c22c142df9b7555,2026-08-12T10:06:32+00:00,manufacturer_device_database,official_device_db_part_record
infineon::cy8c4126lce-hv413,infineon::cy8c4126lce-hv413,Infineon,PSOC 4 HVPA,PSOC 4 HVPA,PSOC 4 HVPA 144k (CY8C4126xxx-HVxxx),CY8C4126LCE-HV413,CY8C4126LCE-HV413,,,,,32-QFN,-40..125 °C,,active,infineon-device-db:1e7589fe5ce5,https://github.com/Infineon/device-db/tree/1e7589fe5ce5c25b68a5d8866c22c142df9b7555,2026-08-12T10:06:32+00:00,manufacturer_device_database,official_device_db_part_record
infineon::cy8c4126lce-hv423,infineon::cy8c4126lce-hv423,Infineon,PSOC 4 HVPA,PSOC 4 HVPA,PSOC 4 HVPA 144k (CY8C4126xxx-HVxxx),CY8C4126LCE-HV423,CY8C4126LCE-HV423,,,,,32-QFN,-40..125 °C,,active,infineon-device-db:1e7589fe5ce5,https://github.com/Infineon/device-db/tree/1e7589fe5ce5c25b68a5d8866c22c142df9b7555,2026-08-12T10:06:32+00:00,manufacturer_device_database,official_device_db_part_record
infineon::cy8c4126lce-hvs003,infineon::cy8c4126lce-hvs003,Infineon,PSOC 4 HVMS,PSOC 4 HVMS,PSOC 4 HVMS (CY8C4126xxx-HVSxxx),CY8C4126LCE-HVS003,CY8C4126LCE-HVS003,,,,,32-QFN,-40..125 °C,,active,infineon-device-db:1e7589fe5ce5,https://github.com/Infineon/device-db/tree/1e7589fe5ce5c25b68a5d8866c22c142df9b7555,2026-08-12T10:06:32+00:00,manufacturer_device_database,official_device_db_part_record
infineon::cy8c4126lce-hvs013,infineon::cy8c4126lce-hvs013,Infineon,PSOC 4 HVMS,PSOC 4 HVMS,PSOC 4 HVMS (CY8C4126xxx-HVSxxx),CY8C4126LCE-HVS013,CY8C4126LCE-HVS013,,,,,32-QFN,-40..125 °C,,active,infineon-device-db:1e7589fe5ce5,https://github.com/Infineon/device-db/tree/1e7589fe5ce5c25b68a5d8866c22c142df9b7555,2026-08-12T10:06:32+00:00,manufacturer_device_database,official_device_db_part_record
infineon::cy8c4126lce-hvs103,infineon::cy8c4126lce-hvs103,Infineon,PSOC 4 HVMS,PSOC 4 HVMS,PSOC 4 HVMS (CY8C4126xxx-HVSxxx),CY8C4126LCE-HVS103,CY8C4126LCE-HVS103,,,,,32-QFN,-40..125 °C,,active,infineon-device-db:1e7589fe5ce5,https://github.com/Infineon/device-db/tree/1e7589fe5ce5c25b68a5d8866c22c142df9b7555,2026-08-12T10:06:32+00:00,manufacturer_device_database,official_device_db_part_record
infineon::cy8c4126lce-hvs113,infineon::cy8c4126lce-hvs113,Infineon,PSOC 4 HVMS,PSOC 4 HVMS,PSOC 4 HVMS (CY8C4126xxx-HVSxxx),CY8C4126LCE-HVS113,CY8C4126LCE-HVS113,,,,,32-QFN,-40..125 °C,,active,infineon-device-db:1e7589fe5ce5,https://github.com/Infineon/device-db/tree/1e7589fe5ce5c25b68a5d8866c22c142df9b7555,2026-08-12T10:06:32+00:00,manufacturer_device_database,official_device_db_part_record
infineon::cy8c4126lda-s453,infineon::cy8c4126lda-s453,Infineon,PSOC 4100S Plus,PSOC 4100S Plus,PSOC 4100S Plus (CY8C41x6xxx-Sxxx),CY8C4126LDA-S453,CY8C4126LDA-S453,,,,,48-QFN-AUTO,-40..85 °C,,active,infineon-device-db:1e7589fe5ce5,https://github.com/Infineon/device-db/tree/1e7589fe5ce5c25b68a5d8866c22c142df9b7555,2026-08-12T10:06:32+00:00,manufacturer_device_database,official_device_db_part_record
infineon::cy8c4126lde-hvs004,infineon::cy8c4126lde-hvs004,Infineon,PSOC 4 HVMS,PSOC 4 HVMS,PSOC 4 HVMS (CY8C4126xxx-HVSxxx),CY8C4126LDE-HVS004,CY8C4126LDE-HVS004,,,,,48-QFN,-40..125 °C,,active,infineon-device-db:1e7589fe5ce5,https://github.com/Infineon/device-db/tree/1e7589fe5ce5c25b68a5d8866c22c142df9b7555,2026-08-12T10:06:32+00:00,manufacturer_device_database,official_device_db_part_record
infineon::cy8c4126lde-hvs014,infineon::cy8c4126lde-hvs014,Infineon,PSOC 4 HVMS,PSOC 4 HVMS,PSOC 4 HVMS (CY8C4126xxx-HVSxxx),CY8C4126LDE-HVS014,CY8C4126LDE-HVS014,,,,,48-QFN,-40..125 °C,,active,infineon-device-db:1e7589fe5ce5,https://github.com/Infineon/device-db/tree/1e7589fe5ce5c25b68a5d8866c22c142df9b7555,2026-08-12T10:06:32+00:00,manufacturer_device_database,official_device_db_part_record
infineon::cy8c4126lde-hvs104,infineon::cy8c4126lde-hvs104,Infineon,PSOC 4 HVMS,PSOC 4 HVMS,PSOC 4 HVMS (CY8C4126xxx-HVSxxx),CY8C4126LDE-HVS104,CY8C4126LDE-HVS104,,,,,48-QFN,-40..125 °C,,active,infineon-device-db:1e7589fe5ce5,https://github.com/Infineon/device-db/tree/1e7589fe5ce5c25b68a5d8866c22c142df9b7555,2026-08-12T10:06:32+00:00,manufacturer_device_database,official_device_db_part_record
infineon::cy8c4126lde-hvs114,infineon::cy8c4126lde-hvs114,Infineon,PSOC 4 HVMS,PSOC 4 HVMS,PSOC 4 HVMS (CY8C4126xxx-HVSxxx),CY8C4126LDE-HVS114,CY8C4126LDE-HVS114,,,,,48-QFN,-40..125 °C,,active,infineon-device-db:1e7589fe5ce5,https://github.com/Infineon/device-db/tree/1e7589fe5ce5c25b68a5d8866c22c142df9b7555,2026-08-12T10:06:32+00:00,manufacturer_device_database,official_device_db_part_record
infineon::cy8c4126lde-s453,infineon::cy8c4126lde-s453,Infineon,PSOC 4100S Plus,PSOC 4100S Plus,PSOC 4100S Plus (CY8C41x6xxx-Sxxx),CY8C4126LDE-S453,CY8C4126LDE-S453,,,,,48-QFN-AUTO,-40..125 °C,,active,infineon-device-db:1e7589fe5ce5,https://github.com/Infineon/device-db/tree/1e7589fe5ce5c25b68a5d8866c22c142df9b7555,2026-08-12T10:06:32+00:00,manufacturer_device_database,official_device_db_part_record
infineon::cy8c4126lds-s453,infineon::cy8c4126lds-s453,Infineon,PSOC 4100S Plus,PSOC 4100S Plus,PSOC 4100S Plus (CY8C41x6xxx-Sxxx),CY8C4126LDS-S453,CY8C4126LDS-S453,,,,,48-QFN-AUTO,-40..105 °C,,active,infineon-device-db:1e7589fe5ce5,https://github.com/Infineon/device-db/tree/1e7589fe5ce5c25b68a5d8866c22c142df9b7555,2026-08-12T10:06:32+00:00,manufacturer_device_database,official_device_db_part_record
infineon::cy8c4126lqa-s453,infineon::cy8c4126lqa-s453,Infineon,PSOC 4100S Plus,PSOC 4100S Plus,PSOC 4100S Plus (CY8C41x6xxx-Sxxx),CY8C4126LQA-S453,CY8C4126LQA-S453,,,,,40-QFN-2,-40..85 °C,,active,infineon-device-db:1e7589fe5ce5,https://github.com/Infineon/device-db/tree/1e7589fe5ce5c25b68a5d8866c22c142df9b7555,2026-08-12T10:06:32+00:00,manufacturer_device_database,official_device_db_part_record
infineon::cy8c4126lqa-s455,infineon::cy8c4126lqa-s455,Infineon,PSOC 4100S Plus,PSOC 4100S Plus,PSOC 4100S Plus (CY8C41x6xxx-Sxxx),CY8C4126LQA-S455,CY8C4126LQA-S455,,,,,64-QFN,-40..85 °C,,active,infineon-device-db:1e7589fe5ce5,https://github.com/Infineon/device-db/tree/1e7589fe5ce5c25b68a5d8866c22c142df9b7555,2026-08-12T10:06:32+00:00,manufacturer_device_database,official_device_db_part_record
infineon::cy8c4126lqe-s453,infineon::cy8c4126lqe-s453,Infineon,PSOC 4100S Plus,PSOC 4100S Plus,PSOC 4100S Plus (CY8C41x6xxx-Sxxx),CY8C4126LQE-S453,CY8C4126LQE-S453,,,,,40-QFN-2,-40..125 °C,,active,infineon-device-db:1e7589fe5ce5,https://github.com/Infineon/device-db/tree/1e7589fe5ce5c25b68a5d8866c22c142df9b7555,2026-08-12T10:06:32+00:00,manufacturer_device_database,official_device_db_part_record
infineon::cy8c4126lqe-s455,infineon::cy8c4126lqe-s455,Infineon,PSOC 4100S Plus,PSOC 4100S Plus,PSOC 4100S Plus (CY8C41x6xxx-Sxxx),CY8C4126LQE-S455,CY8C4126LQE-S455,,,,,64-QFN,-40..125 °C,,active,infineon-device-db:1e7589fe5ce5,https://github.com/Infineon/device-db/tree/1e7589fe5ce5c25b68a5d8866c22c142df9b7555,2026-08-12T10:06:32+00:00,manufacturer_device_database,official_device_db_part_record
infineon::cy8c4126lqs-s453,infineon::cy8c4126lqs-s453,Infineon,PSOC 4100S Plus,PSOC 4100S Plus,PSOC 4100S Plus (CY8C41x6xxx-Sxxx),CY8C4126LQS-S453,CY8C4126LQS-S453,,,,,40-QFN-2,-40..105 °C,,active,infineon-device-db:1e7589fe5ce5,https://github.com/Infineon/device-db/tree/1e7589fe5ce5c25b68a5d8866c22c142df9b7555,2026-08-12T10:06:32+00:00,manufacturer_device_database,official_device_db_part_record
infineon::cy8c4126lqs-s455,infineon::cy8c4126lqs-s455,Infineon,PSOC 4100S Plus,PSOC 4100S Plus,PSOC 4100S Plus (CY8C41x6xxx-Sxxx),CY8C4126LQS-S455,CY8C4126LQS-S455,,,,,64-QFN,-40..105 °C,,active,infineon-device-db:1e7589fe5ce5,https://github.com/Infineon/device-db/tree/1e7589fe5ce5c25b68a5d8866c22c142df9b7555,2026-08-12T10:06:32+00:00,manufacturer_device_database,official_device_db_part_record
infineon::cy8c4126lwe-hvs005,infineon::cy8c4126lwe-hvs005,Infineon,PSOC 4 HVMS,PSOC 4 HVMS,PSOC 4 HVMS (CY8C4126xxx-HVSxxx),CY8C4126LWE-HVS005,CY8C4126LWE-HVS005,,,,,56-QFN,-40..125 °C,,active,infineon-device-db:1e7589fe5ce5,https://github.com/Infineon/device-db/tree/1e7589fe5ce5c25b68a5d8866c22c142df9b7555,2026-08-12T10:06:32+00:00,manufacturer_device_database,official_device_db_part_record
infineon::cy8c4126lwe-hvs015,infineon::cy8c4126lwe-hvs015,Infineon,PSOC 4 HVMS,PSOC 4 HVMS,PSOC 4 HVMS (CY8C4126xxx-HVSxxx),CY8C4126LWE-HVS015,CY8C4126LWE-HVS015,,,,,56-QFN,-40..125 °C,,active,infineon-device-db:1e7589fe5ce5,https://github.com/Infineon/device-db/tree/1e7589fe5ce5c25b68a5d8866c22c142df9b7555,2026-08-12T10:06:32+00:00,manufacturer_device_database,official_device_db_part_record
infineon::cy8c4126lwe-hvs105,infineon::cy8c4126lwe-hvs105,Infineon,PSOC 4 HVMS,PSOC 4 HVMS,PSOC 4 HVMS (CY8C4126xxx-HVSxxx),CY8C4126LWE-HVS105,CY8C4126LWE-HVS105,,,,,56-QFN,-40..125 °C,,active,infineon-device-db:1e7589fe5ce5,https://github.com/Infineon/device-db/tree/1e7589fe5ce5c25b68a5d8866c22c142df9b7555,2026-08-12T10:06:32+00:00,manufacturer_device_database,official_device_db_part_record
infineon::cy8c4126lwe-hvs115,infineon::cy8c4126lwe-hvs115,Infineon,PSOC 4 HVMS,PSOC 4 HVMS,PSOC 4 HVMS (CY8C4126xxx-HVSxxx),CY8C4126LWE-HVS115,CY8C4126LWE-HVS115,,,,,56-QFN,-40..125 °C,,active,infineon-device-db:1e7589fe5ce5,https://github.com/Infineon/device-db/tree/1e7589fe5ce5c25b68a5d8866c22c142df9b7555,2026-08-12T10:06:32+00:00,manufacturer_device_database,official_device_db_part_record
infineon::cy8c4127axi-s443,infineon::cy8c4127axi-s443,Infineon,PSOC 4100S Plus,PSOC 4100S Plus,PSOC 4100S Plus (CY8C41x7xxx-Sxxx),CY8C4127AXI-S443,CY8C4127AXI-S443,,,,,44-TQFP,-40..85 °C,,active,infineon-device-db:1e7589fe5ce5,https://github.com/Infineon/device-db/tree/1e7589fe5ce5c25b68a5d8866c22c142df9b7555,2026-08-12T10:06:32+00:00,manufacturer_device_database,official_device_db_part_record
infineon::cy8c4127axi-s445,infineon::cy8c4127axi-s445,Infineon,PSOC 4100S Plus,PSOC 4100S Plus,PSOC 4100S Plus (CY8C41x7xxx-Sxxx),CY8C4127AXI-S445,CY8C4127AXI-S445,,,,,64-TQFP,-40..85 °C,,active,infineon-device-db:1e7589fe5ce5,https://github.com/Infineon/device-db/tree/1e7589fe5ce5c25b68a5d8866c22c142df9b7555,2026-08-12T10:06:32+00:00,manufacturer_device_database,official_device_db_part_record
infineon::cy8c4127axi-s453,infineon::cy8c4127axi-s453,Infineon,PSOC 4100S Plus,PSOC 4100S Plus,PSOC 4100S Plus (CY8C41x7xxx-Sxxx),CY8C4127AXI-S453,CY8C4127AXI-S453,,,,,44-TQFP,-40..85 °C,,active,infineon-device-db:1e7589fe5ce5,https://github.com/Infineon/device-db/tree/1e7589fe5ce5c25b68a5d8866c22c142df9b7555,2026-08-12T10:06:32+00:00,manufacturer_device_database,official_device_db_part_record
infineon::cy8c4127axi-s455,infineon::cy8c4127axi-s455,Infineon,PSOC 4100S Plus,PSOC 4100S Plus,PSOC 4100S Plus (CY8C41x7xxx-Sxxx),CY8C4127AXI-S455,CY8C4127AXI-S455,,,,,64-TQFP,-40..85 °C,,active,infineon-device-db:1e7589fe5ce5,https://github.com/Infineon/device-db/tree/1e7589fe5ce5c25b68a5d8866c22c142df9b7555,2026-08-12T10:06:32+00:00,manufacturer_device_database,official_device_db_part_record
infineon::cy8c4127aza-s445,infineon::cy8c4127aza-s445,Infineon,PSOC 4100S Plus,PSOC 4100S Plus,PSOC 4100S Plus (CY8C41x7xxx-Sxxx),CY8C4127AZA-S445,CY8C4127AZA-S445,,,,,64-TQFP,-40..85 °C,,active,infineon-device-db:1e7589fe5ce5,https://github.com/Infineon/device-db/tree/1e7589fe5ce5c25b68a5d8866c22c142df9b7555,2026-08-12T10:06:32+00:00,manufacturer_device_database,official_device_db_part_record
infineon::cy8c4127aza-s455,infineon::cy8c4127aza-s455,Infineon,PSOC 4100S Plus,PSOC 4100S Plus,PSOC 4100S Plus (CY8C41x7xxx-Sxxx),CY8C4127AZA-S455,CY8C4127AZA-S455,,,,,64-TQFP,-40..85 °C,,active,infineon-device-db:1e7589fe5ce5,https://github.com/Infineon/device-db/tree/1e7589fe5ce5c25b68a5d8866c22c142df9b7555,2026-08-12T10:06:32+00:00,manufacturer_device_database,official_device_db_part_record
infineon::cy8c4127aze-s445,infineon::cy8c4127aze-s445,Infineon,PSOC 4100S Plus,PSOC 4100S Plus,PSOC 4100S Plus (CY8C41x7xxx-Sxxx),CY8C4127AZE-S445,CY8C4127AZE-S445,,,,,64-TQFP,-40..125 °C,,active,infineon-device-db:1e7589fe5ce5,https://github.com/Infineon/device-db/tree/1e7589fe5ce5c25b68a5d8866c22c142df9b7555,2026-08-12T10:06:32+00:00,manufacturer_device_database,official_device_db_part_record
infineon::cy8c4127aze-s455,infineon::cy8c4127aze-s455,Infineon,PSOC 4100S Plus,PSOC 4100S Plus,PSOC 4100S Plus (CY8C41x7xxx-Sxxx),CY8C4127AZE-S455,CY8C4127AZE-S455,,,,,64-TQFP,-40..125 °C,,active,infineon-device-db:1e7589fe5ce5,https://github.com/Infineon/device-db/tree/1e7589fe5ce5c25b68a5d8866c22c142df9b7555,2026-08-12T10:06:32+00:00,manufacturer_device_database,official_device_db_part_record
infineon::cy8c4127azi-s443,infineon::cy8c4127azi-s443,Infineon,PSOC 4100S Plus,PSOC 4100S Plus,PSOC 4100S Plus (CY8C41x7xxx-Sxxx),CY8C4127AZI-S443,CY8C4127AZI-S443,,,,,48-TQFP,-40..85 °C,,active,infineon-device-db:1e7589fe5ce5,https://github.com/Infineon/device-db/tree/1e7589fe5ce5c25b68a5d8866c22c142df9b7555,2026-08-12T10:06:32+00:00,manufacturer_device_database,official_device_db_part_record
infineon::cy8c4127azi-s445,infineon::cy8c4127azi-s445,Infineon,PSOC 4100S Plus,PSOC 4100S Plus,PSOC 4100S Plus (CY8C41x7xxx-Sxxx),CY8C4127AZI-S445,CY8C4127AZI-S445,,,,,64-TQFP,-40..85 °C,,active,infineon-device-db:1e7589fe5ce5,https://github.com/Infineon/device-db/tree/1e7589fe5ce5c25b68a5d8866c22c142df9b7555,2026-08-12T10:06:32+00:00,manufacturer_device_database,official_device_db_part_record
infineon::cy8c4127azi-s453,infineon::cy8c4127azi-s453,Infineon,PSOC 4100S Plus,PSOC 4100S Plus,PSOC 4100S Plus (CY8C41x7xxx-Sxxx),CY8C4127AZI-S453,CY8C4127AZI-S453,,,,,48-TQFP,-40..85 °C,,active,infineon-device-db:1e7589fe5ce5,https://github.com/Infineon/device-db/tree/1e7589fe5ce5c25b68a5d8866c22c142df9b7555,2026-08-12T10:06:32+00:00,manufacturer_device_database,official_device_db_part_record
infineon::cy8c4127azi-s455,infineon::cy8c4127azi-s455,Infineon,PSOC 4100S Plus,PSOC 4100S Plus,PSOC 4100S Plus (CY8C41x7xxx-Sxxx),CY8C4127AZI-S455,CY8C4127AZI-S455,,,,,64-TQFP,-40..85 °C,,active,infineon-device-db:1e7589fe5ce5,https://github.com/Infineon/device-db/tree/1e7589fe5ce5c25b68a5d8866c22c142df9b7555,2026-08-12T10:06:32+00:00,manufacturer_device_database,official_device_db_part_record
infineon::cy8c4127azq-s445,infineon::cy8c4127azq-s445,Infineon,PSOC 4100S Plus,PSOC 4100S Plus,PSOC 4100S Plus (CY8C41x7xxx-Sxxx),CY8C4127AZQ-S445,CY8C4127AZQ-S445,,,,,64-TQFP,-40..105 °C,,active,infineon-device-db:1e7589fe5ce5,https://github.com/Infineon/device-db/tree/1e7589fe5ce5c25b68a5d8866c22c142df9b7555,2026-08-12T10:06:32+00:00,manufacturer_device_database,official_device_db_part_record
infineon::cy8c4127azq-s455,infineon::cy8c4127azq-s455,Infineon,PSOC 4100S Plus,PSOC 4100S Plus,PSOC 4100S Plus (CY8C41x7xxx-Sxxx),CY8C4127AZQ-S455,CY8C4127AZQ-S455,,,,,64-TQFP,-40..105 °C,,active,infineon-device-db:1e7589fe5ce5,https://github.com/Infineon/device-db/tree/1e7589fe5ce5c25b68a5d8866c22c142df9b7555,2026-08-12T10:06:32+00:00,manufacturer_device_database,official_device_db_part_record
infineon::cy8c4127azs-s445,infineon::cy8c4127azs-s445,Infineon,PSOC 4100S Plus,PSOC 4100S Plus,PSOC 4100S Plus (CY8C41x7xxx-Sxxx),CY8C4127AZS-S445,CY8C4127AZS-S445,,,,,64-TQFP,-40..105 °C,,active,infineon-device-db:1e7589fe5ce5,https://github.com/Infineon/device-db/tree/1e7589fe5ce5c25b68a5d8866c22c142df9b7555,2026-08-12T10:06:32+00:00,manufacturer_device_database,official_device_db_part_record
infineon::cy8c4127azs-s455,infineon::cy8c4127azs-s455,Infineon,PSOC 4100S Plus,PSOC 4100S Plus,PSOC 4100S Plus (CY8C41x7xxx-Sxxx),CY8C4127AZS-S455,CY8C4127AZS-S455,,,,,64-TQFP,-40..105 °C,,active,infineon-device-db:1e7589fe5ce5,https://github.com/Infineon/device-db/tree/1e7589fe5ce5c25b68a5d8866c22c142df9b7555,2026-08-12T10:06:32+00:00,manufacturer_device_database,official_device_db_part_record
infineon::cy8c4127lce-hv403,infineon::cy8c4127lce-hv403,Infineon,PSOC 4 HVPA,PSOC 4 HVPA,PSOC 4 HVPA 144k (CY8C4127xxx-HVxxx),CY8C4127LCE-HV403,CY8C4127LCE-HV403,,,,,32-QFN,-40..125 °C,,active,infineon-device-db:1e7589fe5ce5,https://github.com/Infineon/device-db/tree/1e7589fe5ce5c25b68a5d8866c22c142df9b7555,2026-08-12T10:06:32+00:00,manufacturer_device_database,official_device_db_part_record
infineon::cy8c4127lce-hv413,infineon::cy8c4127lce-hv413,Infineon,PSOC 4 HVPA,PSOC 4 HVPA,PSOC 4 HVPA 144k (CY8C4127xxx-HVxxx),CY8C4127LCE-HV413,CY8C4127LCE-HV413,,,,,32-QFN,-40..125 °C,,active,infineon-device-db:1e7589fe5ce5,https://github.com/Infineon/device-db/tree/1e7589fe5ce5c25b68a5d8866c22c142df9b7555,2026-08-12T10:06:32+00:00,manufacturer_device_database,official_device_db_part_record
infineon::cy8c4127lce-hv423,infineon::cy8c4127lce-hv423,Infineon,PSOC 4 HVPA,PSOC 4 HVPA,PSOC 4 HVPA 144k (CY8C4127xxx-HVxxx),CY8C4127LCE-HV423,CY8C4127LCE-HV423,,,,,32-QFN,-40..125 °C,,active,infineon-device-db:1e7589fe5ce5,https://github.com/Infineon/device-db/tree/1e7589fe5ce5c25b68a5d8866c22c142df9b7555,2026-08-12T10:06:32+00:00,manufacturer_device_database,official_device_db_part_record
infineon::cy8c4127lce-hvs003,infineon::cy8c4127lce-hvs003,Infineon,PSOC 4 HVMS,PSOC 4 HVMS,PSOC 4 HVMS (CY8C4127xxx-HVSxxx),CY8C4127LCE-HVS003,CY8C4127LCE-HVS003,,,,,32-QFN,-40..125 °C,,active,infineon-device-db:1e7589fe5ce5,https://github.com/Infineon/device-db/tree/1e7589fe5ce5c25b68a5d8866c22c142df9b7555,2026-08-12T10:06:32+00:00,manufacturer_device_database,official_device_db_part_record
infineon::cy8c4127lce-hvs013,infineon::cy8c4127lce-hvs013,Infineon,PSOC 4 HVMS,PSOC 4 HVMS,PSOC 4 HVMS (CY8C4127xxx-HVSxxx),CY8C4127LCE-HVS013,CY8C4127LCE-HVS013,,,,,32-QFN,-40..125 °C,,active,infineon-device-db:1e7589fe5ce5,https://github.com/Infineon/device-db/tree/1e7589fe5ce5c25b68a5d8866c22c142df9b7555,2026-08-12T10:06:32+00:00,manufacturer_device_database,official_device_db_part_record
infineon::cy8c4127lce-hvs103,infineon::cy8c4127lce-hvs103,Infineon,PSOC 4 HVMS,PSOC 4 HVMS,PSOC 4 HVMS (CY8C4127xxx-HVSxxx),CY8C4127LCE-HVS103,CY8C4127LCE-HVS103,,,,,32-QFN,-40..125 °C,,active,infineon-device-db:1e7589fe5ce5,https://github.com/Infineon/device-db/tree/1e7589fe5ce5c25b68a5d8866c22c142df9b7555,2026-08-12T10:06:32+00:00,manufacturer_device_database,official_device_db_part_record
infineon::cy8c4127lce-hvs113,infineon::cy8c4127lce-hvs113,Infineon,PSOC 4 HVMS,PSOC 4 HVMS,PSOC 4 HVMS (CY8C4127xxx-HVSxxx),CY8C4127LCE-HVS113,CY8C4127LCE-HVS113,,,,,32-QFN,-40..125 °C,,active,infineon-device-db:1e7589fe5ce5,https://github.com/Infineon/device-db/tree/1e7589fe5ce5c25b68a5d8866c22c142df9b7555,2026-08-12T10:06:32+00:00,manufacturer_device_database,official_device_db_part_record
infineon::cy8c4127lda-s443,infineon::cy8c4127lda-s443,Infineon,PSOC 4100S Plus,PSOC 4100S Plus,PSOC 4100S Plus (CY8C41x7xxx-Sxxx),CY8C4127LDA-S443,CY8C4127LDA-S443,,,,,48-QFN-AUTO,-40..85 °C,,active,infineon-device-db:1e7589fe5ce5,https://github.com/Infineon/device-db/tree/1e7589fe5ce5c25b68a5d8866c22c142df9b7555,2026-08-12T10:06:32+00:00,manufacturer_device_database,official_device_db_part_record
infineon::cy8c4127lda-s453,infineon::cy8c4127lda-s453,Infineon,PSOC 4100S Plus,PSOC 4100S Plus,PSOC 4100S Plus (CY8C41x7xxx-Sxxx),CY8C4127LDA-S453,CY8C4127LDA-S453,,,,,48-QFN-AUTO,-40..85 °C,,active,infineon-device-db:1e7589fe5ce5,https://github.com/Infineon/device-db/tree/1e7589fe5ce5c25b68a5d8866c22c142df9b7555,2026-08-12T10:06:32+00:00,manufacturer_device_database,official_device_db_part_record
infineon::cy8c4127lde-hvs004,infineon::cy8c4127lde-hvs004,Infineon,PSOC 4 HVMS,PSOC 4 HVMS,PSOC 4 HVMS (CY8C4127xxx-HVSxxx),CY8C4127LDE-HVS004,CY8C4127LDE-HVS004,,,,,48-QFN,-40..125 °C,,active,infineon-device-db:1e7589fe5ce5,https://github.com/Infineon/device-db/tree/1e7589fe5ce5c25b68a5d8866c22c142df9b7555,2026-08-12T10:06:32+00:00,manufacturer_device_database,official_device_db_part_record
infineon::cy8c4127lde-hvs014,infineon::cy8c4127lde-hvs014,Infineon,PSOC 4 HVMS,PSOC 4 HVMS,PSOC 4 HVMS (CY8C4127xxx-HVSxxx),CY8C4127LDE-HVS014,CY8C4127LDE-HVS014,,,,,48-QFN,-40..125 °C,,active,infineon-device-db:1e7589fe5ce5,https://github.com/Infineon/device-db/tree/1e7589fe5ce5c25b68a5d8866c22c142df9b7555,2026-08-12T10:06:32+00:00,manufacturer_device_database,official_device_db_part_record
infineon::cy8c4127lde-hvs104,infineon::cy8c4127lde-hvs104,Infineon,PSOC 4 HVMS,PSOC 4 HVMS,PSOC 4 HVMS (CY8C4127xxx-HVSxxx),CY8C4127LDE-HVS104,CY8C4127LDE-HVS104,,,,,48-QFN,-40..125 °C,,active,infineon-device-db:1e7589fe5ce5,https://github.com/Infineon/device-db/tree/1e7589fe5ce5c25b68a5d8866c22c142df9b7555,2026-08-12T10:06:32+00:00,manufacturer_device_database,official_device_db_part_record
infineon::cy8c4127lde-hvs114,infineon::cy8c4127lde-hvs114,Infineon,PSOC 4 HVMS,PSOC 4 HVMS,PSOC 4 HVMS (CY8C4127xxx-HVSxxx),CY8C4127LDE-HVS114,CY8C4127LDE-HVS114,,,,,48-QFN,-40..125 °C,,active,infineon-device-db:1e7589fe5ce5,https://github.com/Infineon/device-db/tree/1e7589fe5ce5c25b68a5d8866c22c142df9b7555,2026-08-12T10:06:32+00:00,manufacturer_device_database,official_device_db_part_record
infineon::cy8c4127lde-s443,infineon::cy8c4127lde-s443,Infineon,PSOC 4100S Plus,PSOC 4100S Plus,PSOC 4100S Plus (CY8C41x7xxx-Sxxx),CY8C4127LDE-S443,CY8C4127LDE-S443,,,,,48-QFN-AUTO,-40..125 °C,,active,infineon-device-db:1e7589fe5ce5,https://github.com/Infineon/device-db/tree/1e7589fe5ce5c25b68a5d8866c22c142df9b7555,2026-08-12T10:06:32+00:00,manufacturer_device_database,official_device_db_part_record
infineon::cy8c4127lde-s453,infineon::cy8c4127lde-s453,Infineon,PSOC 4100S Plus,PSOC 4100S Plus,PSOC 4100S Plus (CY8C41x7xxx-Sxxx),CY8C4127LDE-S453,CY8C4127LDE-S453,,,,,48-QFN-AUTO,-40..125 °C,,active,infineon-device-db:1e7589fe5ce5,https://github.com/Infineon/device-db/tree/1e7589fe5ce5c25b68a5d8866c22c142df9b7555,2026-08-12T10:06:32+00:00,manufacturer_device_database,official_device_db_part_record
infineon::cy8c4127lds-s443,infineon::cy8c4127lds-s443,Infineon,PSOC 4100S Plus,PSOC 4100S Plus,PSOC 4100S Plus (CY8C41x7xxx-Sxxx),CY8C4127LDS-S443,CY8C4127LDS-S443,,,,,48-QFN-AUTO,-40..105 °C,,active,infineon-device-db:1e7589fe5ce5,https://github.com/Infineon/device-db/tree/1e7589fe5ce5c25b68a5d8866c22c142df9b7555,2026-08-12T10:06:32+00:00,manufacturer_device_database,official_device_db_part_record
infineon::cy8c4127lds-s453,infineon::cy8c4127lds-s453,Infineon,PSOC 4100S Plus,PSOC 4100S Plus,PSOC 4100S Plus (CY8C41x7xxx-Sxxx),CY8C4127LDS-S453,CY8C4127LDS-S453,,,,,48-QFN-AUTO,-40..105 °C,,active,infineon-device-db:1e7589fe5ce5,https://github.com/Infineon/device-db/tree/1e7589fe5ce5c25b68a5d8866c22c142df9b7555,2026-08-12T10:06:32+00:00,manufacturer_device_database,official_device_db_part_record
infineon::cy8c4127lqa-s443,infineon::cy8c4127lqa-s443,Infineon,PSOC 4100S Plus,PSOC 4100S Plus,PSOC 4100S Plus (CY8C41x7xxx-Sxxx),CY8C4127LQA-S443,CY8C4127LQA-S443,,,,,40-QFN-2,-40..85 °C,,active,infineon-device-db:1e7589fe5ce5,https://github.com/Infineon/device-db/tree/1e7589fe5ce5c25b68a5d8866c22c142df9b7555,2026-08-12T10:06:32+00:00,manufacturer_device_database,official_device_db_part_record
infineon::cy8c4127lqa-s445,infineon::cy8c4127lqa-s445,Infineon,PSOC 4100S Plus,PSOC 4100S Plus,PSOC 4100S Plus (CY8C41x7xxx-Sxxx),CY8C4127LQA-S445,CY8C4127LQA-S445,,,,,64-QFN,-40..85 °C,,active,infineon-device-db:1e7589fe5ce5,https://github.com/Infineon/device-db/tree/1e7589fe5ce5c25b68a5d8866c22c142df9b7555,2026-08-12T10:06:32+00:00,manufacturer_device_database,official_device_db_part_record
infineon::cy8c4127lqa-s453,infineon::cy8c4127lqa-s453,Infineon,PSOC 4100S Plus,PSOC 4100S Plus,PSOC 4100S Plus (CY8C41x7xxx-Sxxx),CY8C4127LQA-S453,CY8C4127LQA-S453,,,,,40-QFN-2,-40..85 °C,,active,infineon-device-db:1e7589fe5ce5,https://github.com/Infineon/device-db/tree/1e7589fe5ce5c25b68a5d8866c22c142df9b7555,2026-08-12T10:06:32+00:00,manufacturer_device_database,official_device_db_part_record
infineon::cy8c4127lqa-s455,infineon::cy8c4127lqa-s455,Infineon,PSOC 4100S Plus,PSOC 4100S Plus,PSOC 4100S Plus (CY8C41x7xxx-Sxxx),CY8C4127LQA-S455,CY8C4127LQA-S455,,,,,64-QFN,-40..85 °C,,active,infineon-device-db:1e7589fe5ce5,https://github.com/Infineon/device-db/tree/1e7589fe5ce5c25b68a5d8866c22c142df9b7555,2026-08-12T10:06:32+00:00,manufacturer_device_database,official_device_db_part_record
infineon::cy8c4127lqe-hvs006,infineon::cy8c4127lqe-hvs006,Infineon,PSOC 4 HVMS,PSOC 4 HVMS,PSOC 4 HVMS (CY8C4127xxx-HVSxxx),CY8C4127LQE-HVS006,CY8C4127LQE-HVS006,,,,,64-QFN,-40..125 °C,,active,infineon-device-db:1e7589fe5ce5,https://github.com/Infineon/device-db/tree/1e7589fe5ce5c25b68a5d8866c22c142df9b7555,2026-08-12T10:06:32+00:00,manufacturer_device_database,official_device_db_part_record
infineon::cy8c4127lqe-hvs016,infineon::cy8c4127lqe-hvs016,Infineon,PSOC 4 HVMS,PSOC 4 HVMS,PSOC 4 HVMS (CY8C4127xxx-HVSxxx),CY8C4127LQE-HVS016,CY8C4127LQE-HVS016,,,,,64-QFN,-40..125 °C,,active,infineon-device-db:1e7589fe5ce5,https://github.com/Infineon/device-db/tree/1e7589fe5ce5c25b68a5d8866c22c142df9b7555,2026-08-12T10:06:32+00:00,manufacturer_device_database,official_device_db_part_record
infineon::cy8c4127lqe-hvs106,infineon::cy8c4127lqe-hvs106,Infineon,PSOC 4 HVMS,PSOC 4 HVMS,PSOC 4 HVMS (CY8C4127xxx-HVSxxx),CY8C4127LQE-HVS106,CY8C4127LQE-HVS106,,,,,64-QFN,-40..125 °C,,active,infineon-device-db:1e7589fe5ce5,https://github.com/Infineon/device-db/tree/1e7589fe5ce5c25b68a5d8866c22c142df9b7555,2026-08-12T10:06:32+00:00,manufacturer_device_database,official_device_db_part_record
infineon::cy8c4127lqe-hvs116,infineon::cy8c4127lqe-hvs116,Infineon,PSOC 4 HVMS,PSOC 4 HVMS,PSOC 4 HVMS (CY8C4127xxx-HVSxxx),CY8C4127LQE-HVS116,CY8C4127LQE-HVS116,,,,,64-QFN,-40..125 °C,,active,infineon-device-db:1e7589fe5ce5,https://github.com/Infineon/device-db/tree/1e7589fe5ce5c25b68a5d8866c22c142df9b7555,2026-08-12T10:06:32+00:00,manufacturer_device_database,official_device_db_part_record
infineon::cy8c4127lqe-s443,infineon::cy8c4127lqe-s443,Infineon,PSOC 4100S Plus,PSOC 4100S Plus,PSOC 4100S Plus (CY8C41x7xxx-Sxxx),CY8C4127LQE-S443,CY8C4127LQE-S443,,,,,40-QFN-2,-40..125 °C,,active,infineon-device-db:1e7589fe5ce5,https://github.com/Infineon/device-db/tree/1e7589fe5ce5c25b68a5d8866c22c142df9b7555,2026-08-12T10:06:32+00:00,manufacturer_device_database,official_device_db_part_record
infineon::cy8c4127lqe-s445,infineon::cy8c4127lqe-s445,Infineon,PSOC 4100S Plus,PSOC 4100S Plus,PSOC 4100S Plus (CY8C41x7xxx-Sxxx),CY8C4127LQE-S445,CY8C4127LQE-S445,,,,,64-QFN,-40..125 °C,,active,infineon-device-db:1e7589fe5ce5,https://github.com/Infineon/device-db/tree/1e7589fe5ce5c25b68a5d8866c22c142df9b7555,2026-08-12T10:06:32+00:00,manufacturer_device_database,official_device_db_part_record
infineon::cy8c4127lqe-s453,infineon::cy8c4127lqe-s453,Infineon,PSOC 4100S Plus,PSOC 4100S Plus,PSOC 4100S Plus (CY8C41x7xxx-Sxxx),CY8C4127LQE-S453,CY8C4127LQE-S453,,,,,40-QFN-2,-40..125 °C,,active,infineon-device-db:1e7589fe5ce5,https://github.com/Infineon/device-db/tree/1e7589fe5ce5c25b68a5d8866c22c142df9b7555,2026-08-12T10:06:32+00:00,manufacturer_device_database,official_device_db_part_record
infineon::cy8c4127lqe-s455,infineon::cy8c4127lqe-s455,Infineon,PSOC 4100S Plus,PSOC 4100S Plus,PSOC 4100S Plus (CY8C41x7xxx-Sxxx),CY8C4127LQE-S455,CY8C4127LQE-S455,,,,,64-QFN,-40..125 °C,,active,infineon-device-db:1e7589fe5ce5,https://github.com/Infineon/device-db/tree/1e7589fe5ce5c25b68a5d8866c22c142df9b7555,2026-08-12T10:06:32+00:00,manufacturer_device_database,official_device_db_part_record
infineon::cy8c4127lqs-s443,infineon::cy8c4127lqs-s443,Infineon,PSOC 4100S Plus,PSOC 4100S Plus,PSOC 4100S Plus (CY8C41x7xxx-Sxxx),CY8C4127LQS-S443,CY8C4127LQS-S443,,,,,40-QFN-2,-40..105 °C,,active,infineon-device-db:1e7589fe5ce5,https://github.com/Infineon/device-db/tree/1e7589fe5ce5c25b68a5d8866c22c142df9b7555,2026-08-12T10:06:32+00:00,manufacturer_device_database,official_device_db_part_record
infineon::cy8c4127lqs-s445,infineon::cy8c4127lqs-s445,Infineon,PSOC 4100S Plus,PSOC 4100S Plus,PSOC 4100S Plus (CY8C41x7xxx-Sxxx),CY8C4127LQS-S445,CY8C4127LQS-S445,,,,,64-QFN,-40..105 °C,,active,infineon-device-db:1e7589fe5ce5,https://github.com/Infineon/device-db/tree/1e7589fe5ce5c25b68a5d8866c22c142df9b7555,2026-08-12T10:06:32+00:00,manufacturer_device_database,official_device_db_part_record
infineon::cy8c4127lqs-s453,infineon::cy8c4127lqs-s453,Infineon,PSOC 4100S Plus,PSOC 4100S Plus,PSOC 4100S Plus (CY8C41x7xxx-Sxxx),CY8C4127LQS-S453,CY8C4127LQS-S453,,,,,40-QFN-2,-40..105 °C,,active,infineon-device-db:1e7589fe5ce5,https://github.com/Infineon/device-db/tree/1e7589fe5ce5c25b68a5d8866c22c142df9b7555,2026-08-12T10:06:32+00:00,manufacturer_device_database,official_device_db_part_record
infineon::cy8c4127lqs-s455,infineon::cy8c4127lqs-s455,Infineon,PSOC 4100S Plus,PSOC 4100S Plus,PSOC 4100S Plus (CY8C41x7xxx-Sxxx),CY8C4127LQS-S455,CY8C4127LQS-S455,,,,,64-QFN,-40..105 °C,,active,infineon-device-db:1e7589fe5ce5,https://github.com/Infineon/device-db/tree/1e7589fe5ce5c25b68a5d8866c22c142df9b7555,2026-08-12T10:06:32+00:00,manufacturer_device_database,official_device_db_part_record
infineon::cy8c4127lwe-hvs005,infineon::cy8c4127lwe-hvs005,Infineon,PSOC 4 HVMS,PSOC 4 HVMS,PSOC 4 HVMS (CY8C4127xxx-HVSxxx),CY8C4127LWE-HVS005,CY8C4127LWE-HVS005,,,,,56-QFN,-40..125 °C,,active,infineon-device-db:1e7589fe5ce5,https://github.com/Infineon/device-db/tree/1e7589fe5ce5c25b68a5d8866c22c142df9b7555,2026-08-12T10:06:32+00:00,manufacturer_device_database,official_device_db_part_record
infineon::cy8c4127lwe-hvs015,infineon::cy8c4127lwe-hvs015,Infineon,PSOC 4 HVMS,PSOC 4 HVMS,PSOC 4 HVMS (CY8C4127xxx-HVSxxx),CY8C4127LWE-HVS015,CY8C4127LWE-HVS015,,,,,56-QFN,-40..125 °C,,active,infineon-device-db:1e7589fe5ce5,https://github.com/Infineon/device-db/tree/1e7589fe5ce5c25b68a5d8866c22c142df9b7555,2026-08-12T10:06:32+00:00,manufacturer_device_database,official_device_db_part_record
infineon::cy8c4127lwe-hvs105,infineon::cy8c4127lwe-hvs105,Infineon,PSOC 4 HVMS,PSOC 4 HVMS,PSOC 4 HVMS (CY8C4127xxx-HVSxxx),CY8C4127LWE-HVS105,CY8C4127LWE-HVS105,,,,,56-QFN,-40..125 °C,,active,infineon-device-db:1e7589fe5ce5,https://github.com/Infineon/device-db/tree/1e7589fe5ce5c25b68a5d8866c22c142df9b7555,2026-08-12T10:06:32+00:00,manufacturer_device_database,official_device_db_part_record
infineon::cy8c4127lwe-hvs115,infineon::cy8c4127lwe-hvs115,Infineon,PSOC 4 HVMS,PSOC 4 HVMS,PSOC 4 HVMS (CY8C4127xxx-HVSxxx),CY8C4127LWE-HVS115,CY8C4127LWE-HVS115,,,,,56-QFN,-40..125 °C,,active,infineon-device-db:1e7589fe5ce5,https://github.com/Infineon/device-db/tree/1e7589fe5ce5c25b68a5d8866c22c142df9b7555,2026-08-12T10:06:32+00:00,manufacturer_device_database,official_device_db_part_record
infineon::cy8c4128axi-s445,infineon::cy8c4128axi-s445,Infineon,PSOC 4100S Plus 256KB,PSOC 4100S Plus 256KB,PSOC 4100S Plus (CY8C41x8xxx-Sxxx),CY8C4128AXI-S445,CY8C4128AXI-S445,,,,,64-TQFP,-40..85 °C,,active,infineon-device-db:1e7589fe5ce5,https://github.com/Infineon/device-db/tree/1e7589fe5ce5c25b68a5d8866c22c142df9b7555,2026-08-12T10:06:32+00:00,manufacturer_device_database,official_device_db_part_record
infineon::cy8c4128axi-s455,infineon::cy8c4128axi-s455,Infineon,PSOC 4100S Plus 256KB,PSOC 4100S Plus 256KB,PSOC 4100S Plus (CY8C41x8xxx-Sxxx),CY8C4128AXI-S455,CY8C4128AXI-S455,,,,,64-TQFP,-40..85 °C,,active,infineon-device-db:1e7589fe5ce5,https://github.com/Infineon/device-db/tree/1e7589fe5ce5c25b68a5d8866c22c142df9b7555,2026-08-12T10:06:32+00:00,manufacturer_device_database,official_device_db_part_record
infineon::cy8c4128azi-s443,infineon::cy8c4128azi-s443,Infineon,PSOC 4100S Plus 256KB,PSOC 4100S Plus 256KB,PSOC 4100S Plus (CY8C41x8xxx-Sxxx),CY8C4128AZI-S443,CY8C4128AZI-S443,,,,,48-TQFP,-40..85 °C,,active,infineon-device-db:1e7589fe5ce5,https://github.com/Infineon/device-db/tree/1e7589fe5ce5c25b68a5d8866c22c142df9b7555,2026-08-12T10:06:32+00:00,manufacturer_device_database,official_device_db_part_record
infineon::cy8c4128azi-s445,infineon::cy8c4128azi-s445,Infineon,PSOC 4100S Plus 256KB,PSOC 4100S Plus 256KB,PSOC 4100S Plus (CY8C41x8xxx-Sxxx),CY8C4128AZI-S445,CY8C4128AZI-S445,,,,,64-TQFP,-40..85 °C,,active,infineon-device-db:1e7589fe5ce5,https://github.com/Infineon/device-db/tree/1e7589fe5ce5c25b68a5d8866c22c142df9b7555,2026-08-12T10:06:32+00:00,manufacturer_device_database,official_device_db_part_record
infineon::cy8c4128azi-s453,infineon::cy8c4128azi-s453,Infineon,PSOC 4100S Plus 256KB,PSOC 4100S Plus 256KB,PSOC 4100S Plus (CY8C41x8xxx-Sxxx),CY8C4128AZI-S453,CY8C4128AZI-S453,,,,,48-TQFP,-40..85 °C,,active,infineon-device-db:1e7589fe5ce5,https://github.com/Infineon/device-db/tree/1e7589fe5ce5c25b68a5d8866c22c142df9b7555,2026-08-12T10:06:32+00:00,manufacturer_device_database,official_device_db_part_record
infineon::cy8c4128azi-s455,infineon::cy8c4128azi-s455,Infineon,PSOC 4100S Plus 256KB,PSOC 4100S Plus 256KB,PSOC 4100S Plus (CY8C41x8xxx-Sxxx),CY8C4128AZI-S455,CY8C4128AZI-S455,,,,,64-TQFP,-40..85 °C,,active,infineon-device-db:1e7589fe5ce5,https://github.com/Infineon/device-db/tree/1e7589fe5ce5c25b68a5d8866c22c142df9b7555,2026-08-12T10:06:32+00:00,manufacturer_device_database,official_device_db_part_record
infineon::cy8c4128lqi-s446,infineon::cy8c4128lqi-s446,Infineon,PSOC 4100S Plus 256KB,PSOC 4100S Plus 256KB,PSOC 4100S Plus (CY8C41x8xxx-Sxxx),CY8C4128LQI-S446,CY8C4128LQI-S446,,,,,68-QFN,-40..85 °C,,active,infineon-device-db:1e7589fe5ce5,https://github.com/Infineon/device-db/tree/1e7589fe5ce5c25b68a5d8866c22c142df9b7555,2026-08-12T10:06:32+00:00,manufacturer_device_database,official_device_db_part_record
infineon::cy8c4128lqq-s456,infineon::cy8c4128lqq-s456,Infineon,PSOC 4100S Plus 256KB,PSOC 4100S Plus 256KB,PSOC 4100S Plus (CY8C41x8xxx-Sxxx),CY8C4128LQQ-S456,CY8C4128LQQ-S456,,,,,68-QFN,-40..105 °C,,active,infineon-device-db:1e7589fe5ce5,https://github.com/Infineon/device-db/tree/1e7589fe5ce5c25b68a5d8866c22c142df9b7555,2026-08-12T10:06:32+00:00,manufacturer_device_database,official_device_db_part_record
infineon::cy8c4145axi-s423,infineon::cy8c4145axi-s423,Infineon,PSOC 4100S,PSOC 4100S,PSOC 4100S (CY8C41x5xxx-Sxxx),CY8C4145AXI-S423,CY8C4145AXI-S423,,,,,44-TQFP,-40..85 °C,,active,infineon-device-db:1e7589fe5ce5,https://github.com/Infineon/device-db/tree/1e7589fe5ce5c25b68a5d8866c22c142df9b7555,2026-08-12T10:06:32+00:00,manufacturer_device_database,official_device_db_part_record
infineon::cy8c4145axi-s433,infineon::cy8c4145axi-s433,Infineon,PSOC 4100S,PSOC 4100S,PSOC 4100S (CY8C41x5xxx-Sxxx),CY8C4145AXI-S433,CY8C4145AXI-S433,,,,,44-TQFP,-40..85 °C,,active,infineon-device-db:1e7589fe5ce5,https://github.com/Infineon/device-db/tree/1e7589fe5ce5c25b68a5d8866c22c142df9b7555,2026-08-12T10:06:32+00:00,manufacturer_device_database,official_device_db_part_record
infineon::cy8c4145axq-s433,infineon::cy8c4145axq-s433,Infineon,PSOC 4100S,PSOC 4100S,PSOC 4100S (CY8C41x5xxx-Sxxx),CY8C4145AXQ-S433,CY8C4145AXQ-S433,,,,,44-TQFP,-40..105 °C,,active,infineon-device-db:1e7589fe5ce5,https://github.com/Infineon/device-db/tree/1e7589fe5ce5c25b68a5d8866c22c142df9b7555,2026-08-12T10:06:32+00:00,manufacturer_device_database,official_device_db_part_record
infineon::cy8c4145azi-s423,infineon::cy8c4145azi-s423,Infineon,PSOC 4100S,PSOC 4100S,PSOC 4100S (CY8C41x5xxx-Sxxx),CY8C4145AZI-S423,CY8C4145AZI-S423,,,,,48-TQFP,-40..85 °C,,active,infineon-device-db:1e7589fe5ce5,https://github.com/Infineon/device-db/tree/1e7589fe5ce5c25b68a5d8866c22c142df9b7555,2026-08-12T10:06:32+00:00,manufacturer_device_database,official_device_db_part_record
infineon::cy8c4145azq-s433,infineon::cy8c4145azq-s433,Infineon,PSOC 4100S,PSOC 4100S,PSOC 4100S (CY8C41x5xxx-Sxxx),CY8C4145AZQ-S433,CY8C4145AZQ-S433,,,,,48-TQFP,-40..105 °C,,active,infineon-device-db:1e7589fe5ce5,https://github.com/Infineon/device-db/tree/1e7589fe5ce5c25b68a5d8866c22c142df9b7555,2026-08-12T10:06:32+00:00,manufacturer_device_database,official_device_db_part_record
infineon::cy8c4146axi-s423,infineon::cy8c4146axi-s423,Infineon,PSOC 4100S,PSOC 4100S,PSOC 4100S (CY8C41x6xxx-Sxxx),CY8C4146AXI-S423,CY8C4146AXI-S423,,,,,44-TQFP,-40..85 °C,,active,infineon-device-db:1e7589fe5ce5,https://github.com/Infineon/device-db/tree/1e7589fe5ce5c25b68a5d8866c22c142df9b7555,2026-08-12T10:06:32+00:00,manufacturer_device_database,official_device_db_part_record
infineon::cy8c4146axi-s433,infineon::cy8c4146axi-s433,Infineon,PSOC 4100S,PSOC 4100S,PSOC 4100S (CY8C41x6xxx-Sxxx),CY8C4146AXI-S433,CY8C4146AXI-S433,,,,,44-TQFP,-40..85 °C,,active,infineon-device-db:1e7589fe5ce5,https://github.com/Infineon/device-db/tree/1e7589fe5ce5c25b68a5d8866c22c142df9b7555,2026-08-12T10:06:32+00:00,manufacturer_device_database,official_device_db_part_record
infineon::cy8c4146axi-s443,infineon::cy8c4146axi-s443,Infineon,PSOC 4100S Plus,PSOC 4100S Plus,PSOC 4100S Plus (CY8C41x6xxx-Sxxx),CY8C4146AXI-S443,CY8C4146AXI-S443,,,,,44-TQFP,-40..85 °C,,active,infineon-device-db:1e7589fe5ce5,https://github.com/Infineon/device-db/tree/1e7589fe5ce5c25b68a5d8866c22c142df9b7555,2026-08-12T10:06:32+00:00,manufacturer_device_database,official_device_db_part_record
infineon::cy8c4146axi-s445,infineon::cy8c4146axi-s445,Infineon,PSOC 4100S Plus,PSOC 4100S Plus,PSOC 4100S Plus (CY8C41x6xxx-Sxxx),CY8C4146AXI-S445,CY8C4146AXI-S445,,,,,64-TQFP,-40..85 °C,,active,infineon-device-db:1e7589fe5ce5,https://github.com/Infineon/device-db/tree/1e7589fe5ce5c25b68a5d8866c22c142df9b7555,2026-08-12T10:06:32+00:00,manufacturer_device_database,official_device_db_part_record
infineon::cy8c4146axi-s453,infineon::cy8c4146axi-s453,Infineon,PSOC 4100S Plus,PSOC 4100S Plus,PSOC 4100S Plus (CY8C41x6xxx-Sxxx),CY8C4146AXI-S453,CY8C4146AXI-S453,,,,,44-TQFP,-40..85 °C,,active,infineon-device-db:1e7589fe5ce5,https://github.com/Infineon/device-db/tree/1e7589fe5ce5c25b68a5d8866c22c142df9b7555,2026-08-12T10:06:32+00:00,manufacturer_device_database,official_device_db_part_record
infineon::cy8c4146axi-s455,infineon::cy8c4146axi-s455,Infineon,PSOC 4100S Plus,PSOC 4100S Plus,PSOC 4100S Plus (CY8C41x6xxx-Sxxx),CY8C4146AXI-S455,CY8C4146AXI-S455,,,,,64-TQFP,-40..85 °C,,active,infineon-device-db:1e7589fe5ce5,https://github.com/Infineon/device-db/tree/1e7589fe5ce5c25b68a5d8866c22c142df9b7555,2026-08-12T10:06:32+00:00,manufacturer_device_database,official_device_db_part_record
infineon::cy8c4146axi-t403,infineon::cy8c4146axi-t403,Infineon,PSOC 4100T Plus,PSOC 4100T Plus,PSOC 4100T Plus (CY8C4146xxx-Txxx),CY8C4146AXI-T403,CY8C4146AXI-T403,,,,,44-TQFP,-40..85 °C,,active,infineon-device-db:1e7589fe5ce5,https://github.com/Infineon/device-db/tree/1e7589fe5ce5c25b68a5d8866c22c142df9b7555,2026-08-12T10:06:32+00:00,manufacturer_device_database,official_device_db_part_record
infineon::cy8c4146axi-t413,infineon::cy8c4146axi-t413,Infineon,PSOC 4100T Plus,PSOC 4100T Plus,PSOC 4100T Plus (CY8C4146xxx-Txxx),CY8C4146AXI-T413,CY8C4146AXI-T413,,,,,44-TQFP,-40..85 °C,,active,infineon-device-db:1e7589fe5ce5,https://github.com/Infineon/device-db/tree/1e7589fe5ce5c25b68a5d8866c22c142df9b7555,2026-08-12T10:06:32+00:00,manufacturer_device_database,official_device_db_part_record
infineon::cy8c4146axi-t453,infineon::cy8c4146axi-t453,Infineon,PSOC 4100T Plus,PSOC 4100T Plus,PSOC 4100T Plus (CY8C4146xxx-Txxx),CY8C4146AXI-T453,CY8C4146AXI-T453,,,,,44-TQFP,-40..85 °C,,active,infineon-device-db:1e7589fe5ce5,https://github.com/Infineon/device-db/tree/1e7589fe5ce5c25b68a5d8866c22c142df9b7555,2026-08-12T10:06:32+00:00,manufacturer_device_database,official_device_db_part_record
infineon::cy8c4146axq-s423,infineon::cy8c4146axq-s423,Infineon,PSOC 4100S,PSOC 4100S,PSOC 4100S (CY8C41x6xxx-Sxxx),CY8C4146AXQ-S423,CY8C4146AXQ-S423,,,,,44-TQFP,-40..105 °C,,active,infineon-device-db:1e7589fe5ce5,https://github.com/Infineon/device-db/tree/1e7589fe5ce5c25b68a5d8866c22c142df9b7555,2026-08-12T10:06:32+00:00,manufacturer_device_database,official_device_db_part_record
infineon::cy8c4146axq-s433,infineon::cy8c4146axq-s433,Infineon,PSOC 4100S,PSOC 4100S,PSOC 4100S (CY8C41x6xxx-Sxxx),CY8C4146AXQ-S433,CY8C4146AXQ-S433,,,,,44-TQFP,-40..105 °C,,active,infineon-device-db:1e7589fe5ce5,https://github.com/Infineon/device-db/tree/1e7589fe5ce5c25b68a5d8866c22c142df9b7555,2026-08-12T10:06:32+00:00,manufacturer_device_database,official_device_db_part_record
infineon::cy8c4146aza-s245,infineon::cy8c4146aza-s245,Infineon,PSOC 4100S Plus,PSOC 4100S Plus,PSOC 4100S Plus (CY8C41x6xxx-Sxxx),CY8C4146AZA-S245,CY8C4146AZA-S245,,,,,64-TQFP,-40..85 °C,,active,infineon-device-db:1e7589fe5ce5,https://github.com/Infineon/device-db/tree/1e7589fe5ce5c25b68a5d8866c22c142df9b7555,2026-08-12T10:06:32+00:00,manufacturer_device_database,official_device_db_part_record
infineon::cy8c4146aza-s255,infineon::cy8c4146aza-s255,Infineon,PSOC 4100S Plus,PSOC 4100S Plus,PSOC 4100S Plus (CY8C41x6xxx-Sxxx),CY8C4146AZA-S255,CY8C4146AZA-S255,,,,,64-TQFP,-40..85 °C,,active,infineon-device-db:1e7589fe5ce5,https://github.com/Infineon/device-db/tree/1e7589fe5ce5c25b68a5d8866c22c142df9b7555,2026-08-12T10:06:32+00:00,manufacturer_device_database,official_device_db_part_record
infineon::cy8c4146aza-s265,infineon::cy8c4146aza-s265,Infineon,PSOC 4100S Plus,PSOC 4100S Plus,PSOC 4100S Plus (CY8C41x6xxx-Sxxx),CY8C4146AZA-S265,CY8C4146AZA-S265,,,,,64-TQFP,-40..85 °C,,active,infineon-device-db:1e7589fe5ce5,https://github.com/Infineon/device-db/tree/1e7589fe5ce5c25b68a5d8866c22c142df9b7555,2026-08-12T10:06:32+00:00,manufacturer_device_database,official_device_db_part_record
infineon::cy8c4146aza-s275,infineon::cy8c4146aza-s275,Infineon,PSOC 4100S Plus,PSOC 4100S Plus,PSOC 4100S Plus (CY8C41x6xxx-Sxxx),CY8C4146AZA-S275,CY8C4146AZA-S275,,,,,64-TQFP,-40..85 °C,,active,infineon-device-db:1e7589fe5ce5,https://github.com/Infineon/device-db/tree/1e7589fe5ce5c25b68a5d8866c22c142df9b7555,2026-08-12T10:06:32+00:00,manufacturer_device_database,official_device_db_part_record
infineon::cy8c4146aza-s455,infineon::cy8c4146aza-s455,Infineon,PSOC 4100S Plus,PSOC 4100S Plus,PSOC 4100S Plus (CY8C41x6xxx-Sxxx),CY8C4146AZA-S455,CY8C4146AZA-S455,,,,,64-TQFP,-40..85 °C,,active,infineon-device-db:1e7589fe5ce5,https://github.com/Infineon/device-db/tree/1e7589fe5ce5c25b68a5d8866c22c142df9b7555,2026-08-12T10:06:32+00:00,manufacturer_device_database,official_device_db_part_record
infineon::cy8c4146aze-s245,infineon::cy8c4146aze-s245,Infineon,PSOC 4100S Plus,PSOC 4100S Plus,PSOC 4100S Plus (CY8C41x6xxx-Sxxx),CY8C4146AZE-S245,CY8C4146AZE-S245,,,,,64-TQFP,-40..125 °C,,active,infineon-device-db:1e7589fe5ce5,https://github.com/Infineon/device-db/tree/1e7589fe5ce5c25b68a5d8866c22c142df9b7555,2026-08-12T10:06:32+00:00,manufacturer_device_database,official_device_db_part_record
infineon::cy8c4146aze-s255,infineon::cy8c4146aze-s255,Infineon,PSOC 4100S Plus,PSOC 4100S Plus,PSOC 4100S Plus (CY8C41x6xxx-Sxxx),CY8C4146AZE-S255,CY8C4146AZE-S255,,,,,64-TQFP,-40..125 °C,,active,infineon-device-db:1e7589fe5ce5,https://github.com/Infineon/device-db/tree/1e7589fe5ce5c25b68a5d8866c22c142df9b7555,2026-08-12T10:06:32+00:00,manufacturer_device_database,official_device_db_part_record
infineon::cy8c4146aze-s265,infineon::cy8c4146aze-s265,Infineon,PSOC 4100S Plus,PSOC 4100S Plus,PSOC 4100S Plus (CY8C41x6xxx-Sxxx),CY8C4146AZE-S265,CY8C4146AZE-S265,,,,,64-TQFP,-40..125 °C,,active,infineon-device-db:1e7589fe5ce5,https://github.com/Infineon/device-db/tree/1e7589fe5ce5c25b68a5d8866c22c142df9b7555,2026-08-12T10:06:32+00:00,manufacturer_device_database,official_device_db_part_record
infineon::cy8c4146aze-s275,infineon::cy8c4146aze-s275,Infineon,PSOC 4100S Plus,PSOC 4100S Plus,PSOC 4100S Plus (CY8C41x6xxx-Sxxx),CY8C4146AZE-S275,CY8C4146AZE-S275,,,,,64-TQFP,-40..125 °C,,active,infineon-device-db:1e7589fe5ce5,https://github.com/Infineon/device-db/tree/1e7589fe5ce5c25b68a5d8866c22c142df9b7555,2026-08-12T10:06:32+00:00,manufacturer_device_database,official_device_db_part_record
infineon::cy8c4146aze-s455,infineon::cy8c4146aze-s455,Infineon,PSOC 4100S Plus,PSOC 4100S Plus,PSOC 4100S Plus (CY8C41x6xxx-Sxxx),CY8C4146AZE-S455,CY8C4146AZE-S455,,,,,64-TQFP,-40..125 °C,,active,infineon-device-db:1e7589fe5ce5,https://github.com/Infineon/device-db/tree/1e7589fe5ce5c25b68a5d8866c22c142df9b7555,2026-08-12T10:06:32+00:00,manufacturer_device_database,official_device_db_part_record
infineon::cy8c4146azi-s423,infineon::cy8c4146azi-s423,Infineon,PSOC 4100S,PSOC 4100S,PSOC 4100S (CY8C41x6xxx-Sxxx),CY8C4146AZI-S423,CY8C4146AZI-S423,,,,,48-TQFP,-40..85 °C,,active,infineon-device-db:1e7589fe5ce5,https://github.com/Infineon/device-db/tree/1e7589fe5ce5c25b68a5d8866c22c142df9b7555,2026-08-12T10:06:32+00:00,manufacturer_device_database,official_device_db_part_record
infineon::cy8c4146azi-s433,infineon::cy8c4146azi-s433,Infineon,PSOC 4100S,PSOC 4100S,PSOC 4100S (CY8C41x6xxx-Sxxx),CY8C4146AZI-S433,CY8C4146AZI-S433,,,,,48-TQFP,-40..85 °C,,active,infineon-device-db:1e7589fe5ce5,https://github.com/Infineon/device-db/tree/1e7589fe5ce5c25b68a5d8866c22c142df9b7555,2026-08-12T10:06:32+00:00,manufacturer_device_database,official_device_db_part_record
infineon::cy8c4146azi-s443,infineon::cy8c4146azi-s443,Infineon,PSOC 4100S Plus,PSOC 4100S Plus,PSOC 4100S Plus (CY8C41x6xxx-Sxxx),CY8C4146AZI-S443,CY8C4146AZI-S443,,,,,48-TQFP,-40..85 °C,,active,infineon-device-db:1e7589fe5ce5,https://github.com/Infineon/device-db/tree/1e7589fe5ce5c25b68a5d8866c22c142df9b7555,2026-08-12T10:06:32+00:00,manufacturer_device_database,official_device_db_part_record
infineon::cy8c4146azi-s445,infineon::cy8c4146azi-s445,Infineon,PSOC 4100S Plus,PSOC 4100S Plus,PSOC 4100S Plus (CY8C41x6xxx-Sxxx),CY8C4146AZI-S445,CY8C4146AZI-S445,,,,,64-TQFP,-40..85 °C,,active,infineon-device-db:1e7589fe5ce5,https://github.com/Infineon/device-db/tree/1e7589fe5ce5c25b68a5d8866c22c142df9b7555,2026-08-12T10:06:32+00:00,manufacturer_device_database,official_device_db_part_record
infineon::cy8c4146azi-s453,infineon::cy8c4146azi-s453,Infineon,PSOC 4100S Plus,PSOC 4100S Plus,PSOC 4100S Plus (CY8C41x6xxx-Sxxx),CY8C4146AZI-S453,CY8C4146AZI-S453,,,,,48-TQFP,-40..85 °C,,active,infineon-device-db:1e7589fe5ce5,https://github.com/Infineon/device-db/tree/1e7589fe5ce5c25b68a5d8866c22c142df9b7555,2026-08-12T10:06:32+00:00,manufacturer_device_database,official_device_db_part_record
infineon::cy8c4146azi-s455,infineon::cy8c4146azi-s455,Infineon,PSOC 4100S Plus,PSOC 4100S Plus,PSOC 4100S Plus (CY8C41x6xxx-Sxxx),CY8C4146AZI-S455,CY8C4146AZI-S455,,,,,64-TQFP,-40..85 °C,,active,infineon-device-db:1e7589fe5ce5,https://github.com/Infineon/device-db/tree/1e7589fe5ce5c25b68a5d8866c22c142df9b7555,2026-08-12T10:06:32+00:00,manufacturer_device_database,official_device_db_part_record
infineon::cy8c4146azi-s463,infineon::cy8c4146azi-s463,Infineon,PSOC 4100S Plus,PSOC 4100S Plus,PSOC 4100S Plus (CY8C41x6xxx-Sxxx),CY8C4146AZI-S463,CY8C4146AZI-S463,,,,,48-TQFP,-40..85 °C,,active,infineon-device-db:1e7589fe5ce5,https://github.com/Infineon/device-db/tree/1e7589fe5ce5c25b68a5d8866c22c142df9b7555,2026-08-12T10:06:32+00:00,manufacturer_device_database,official_device_db_part_record
infineon::cy8c4146azi-t403,infineon::cy8c4146azi-t403,Infineon,PSOC 4100T Plus,PSOC 4100T Plus,PSOC 4100T Plus (CY8C4146xxx-Txxx),CY8C4146AZI-T403,CY8C4146AZI-T403,,,,,48-TQFP,-40..85 °C,,active,infineon-device-db:1e7589fe5ce5,https://github.com/Infineon/device-db/tree/1e7589fe5ce5c25b68a5d8866c22c142df9b7555,2026-08-12T10:06:32+00:00,manufacturer_device_database,official_device_db_part_record
infineon::cy8c4146azi-t405,infineon::cy8c4146azi-t405,Infineon,PSOC 4100T Plus,PSOC 4100T Plus,PSOC 4100T Plus (CY8C4146xxx-Txxx),CY8C4146AZI-T405,CY8C4146AZI-T405,,,,,64-TQFP,-40..85 °C,,active,infineon-device-db:1e7589fe5ce5,https://github.com/Infineon/device-db/tree/1e7589fe5ce5c25b68a5d8866c22c142df9b7555,2026-08-12T10:06:32+00:00,manufacturer_device_database,official_device_db_part_record
infineon::cy8c4146azi-t413,infineon::cy8c4146azi-t413,Infineon,PSOC 4100T Plus,PSOC 4100T Plus,PSOC 4100T Plus (CY8C4146xxx-Txxx),CY8C4146AZI-T413,CY8C4146AZI-T413,,,,,48-TQFP,-40..85 °C,,active,infineon-device-db:1e7589fe5ce5,https://github.com/Infineon/device-db/tree/1e7589fe5ce5c25b68a5d8866c22c142df9b7555,2026-08-12T10:06:32+00:00,manufacturer_device_database,official_device_db_part_record
infineon::cy8c4146azi-t415,infineon::cy8c4146azi-t415,Infineon,PSOC 4100T Plus,PSOC 4100T Plus,PSOC 4100T Plus (CY8C4146xxx-Txxx),CY8C4146AZI-T415,CY8C4146AZI-T415,,,,,64-TQFP,-40..85 °C,,active,infineon-device-db:1e7589fe5ce5,https://github.com/Infineon/device-db/tree/1e7589fe5ce5c25b68a5d8866c22c142df9b7555,2026-08-12T10:06:32+00:00,manufacturer_device_database,official_device_db_part_record
infineon::cy8c4146azi-t453,infineon::cy8c4146azi-t453,Infineon,PSOC 4100T Plus,PSOC 4100T Plus,PSOC 4100T Plus (CY8C4146xxx-Txxx),CY8C4146AZI-T453,CY8C4146AZI-T453,,,,,48-TQFP,-40..85 °C,,active,infineon-device-db:1e7589fe5ce5,https://github.com/Infineon/device-db/tree/1e7589fe5ce5c25b68a5d8866c22c142df9b7555,2026-08-12T10:06:32+00:00,manufacturer_device_database,official_device_db_part_record
infineon::cy8c4146azi-t455,infineon::cy8c4146azi-t455,Infineon,PSOC 4100T Plus,PSOC 4100T Plus,PSOC 4100T Plus (CY8C4146xxx-Txxx),CY8C4146AZI-T455,CY8C4146AZI-T455,,,,,64-TQFP,-40..85 °C,,active,infineon-device-db:1e7589fe5ce5,https://github.com/Infineon/device-db/tree/1e7589fe5ce5c25b68a5d8866c22c142df9b7555,2026-08-12T10:06:32+00:00,manufacturer_device_database,official_device_db_part_record
infineon::cy8c4146azq-s423,infineon::cy8c4146azq-s423,Infineon,PSOC 4100S,PSOC 4100S,PSOC 4100S (CY8C41x6xxx-Sxxx),CY8C4146AZQ-S423,CY8C4146AZQ-S423,,,,,48-TQFP,-40..105 °C,,active,infineon-device-db:1e7589fe5ce5,https://github.com/Infineon/device-db/tree/1e7589fe5ce5c25b68a5d8866c22c142df9b7555,2026-08-12T10:06:32+00:00,manufacturer_device_database,official_device_db_part_record
infineon::cy8c4146azq-s433,infineon::cy8c4146azq-s433,Infineon,PSOC 4100S,PSOC 4100S,PSOC 4100S (CY8C41x6xxx-Sxxx),CY8C4146AZQ-S433,CY8C4146AZQ-S433,,,,,48-TQFP,-40..105 °C,,active,infineon-device-db:1e7589fe5ce5,https://github.com/Infineon/device-db/tree/1e7589fe5ce5c25b68a5d8866c22c142df9b7555,2026-08-12T10:06:32+00:00,manufacturer_device_database,official_device_db_part_record
infineon::cy8c4146azq-s445,infineon::cy8c4146azq-s445,Infineon,PSOC 4100S Plus,PSOC 4100S Plus,PSOC 4100S Plus (CY8C41x6xxx-Sxxx),CY8C4146AZQ-S445,CY8C4146AZQ-S445,,,,,64-TQFP,-40..105 °C,,active,infineon-device-db:1e7589fe5ce5,https://github.com/Infineon/device-db/tree/1e7589fe5ce5c25b68a5d8866c22c142df9b7555,2026-08-12T10:06:32+00:00,manufacturer_device_database,official_device_db_part_record
infineon::cy8c4146azq-s455,infineon::cy8c4146azq-s455,Infineon,PSOC 4100S Plus,PSOC 4100S Plus,PSOC 4100S Plus (CY8C41x6xxx-Sxxx),CY8C4146AZQ-S455,CY8C4146AZQ-S455,,,,,64-TQFP,-40..105 °C,,active,infineon-device-db:1e7589fe5ce5,https://github.com/Infineon/device-db/tree/1e7589fe5ce5c25b68a5d8866c22c142df9b7555,2026-08-12T10:06:32+00:00,manufacturer_device_database,official_device_db_part_record
infineon::cy8c4146azq-t413,infineon::cy8c4146azq-t413,Infineon,PSOC 4100T Plus,PSOC 4100T Plus,PSOC 4100T Plus (CY8C4146xxx-Txxx),CY8C4146AZQ-T413,CY8C4146AZQ-T413,,,,,48-TQFP,-40..105 °C,,active,infineon-device-db:1e7589fe5ce5,https://github.com/Infineon/device-db/tree/1e7589fe5ce5c25b68a5d8866c22c142df9b7555,2026-08-12T10:06:32+00:00,manufacturer_device_database,official_device_db_part_record
infineon::cy8c4146azq-t453,infineon::cy8c4146azq-t453,Infineon,PSOC 4100T Plus,PSOC 4100T Plus,PSOC 4100T Plus (CY8C4146xxx-Txxx),CY8C4146AZQ-T453,CY8C4146AZQ-T453,,,,,48-TQFP,-40..105 °C,,active,infineon-device-db:1e7589fe5ce5,https://github.com/Infineon/device-db/tree/1e7589fe5ce5c25b68a5d8866c22c142df9b7555,2026-08-12T10:06:32+00:00,manufacturer_device_database,official_device_db_part_record
infineon::cy8c4146azs-s245,infineon::cy8c4146azs-s245,Infineon,PSOC 4100S Plus,PSOC 4100S Plus,PSOC 4100S Plus (CY8C41x6xxx-Sxxx),CY8C4146AZS-S245,CY8C4146AZS-S245,,,,,64-TQFP,-40..105 °C,,active,infineon-device-db:1e7589fe5ce5,https://github.com/Infineon/device-db/tree/1e7589fe5ce5c25b68a5d8866c22c142df9b7555,2026-08-12T10:06:32+00:00,manufacturer_device_database,official_device_db_part_record
infineon::cy8c4146azs-s255,infineon::cy8c4146azs-s255,Infineon,PSOC 4100S Plus,PSOC 4100S Plus,PSOC 4100S Plus (CY8C41x6xxx-Sxxx),CY8C4146AZS-S255,CY8C4146AZS-S255,,,,,64-TQFP,-40..105 °C,,active,infineon-device-db:1e7589fe5ce5,https://github.com/Infineon/device-db/tree/1e7589fe5ce5c25b68a5d8866c22c142df9b7555,2026-08-12T10:06:32+00:00,manufacturer_device_database,official_device_db_part_record
infineon::cy8c4146azs-s265,infineon::cy8c4146azs-s265,Infineon,PSOC 4100S Plus,PSOC 4100S Plus,PSOC 4100S Plus (CY8C41x6xxx-Sxxx),CY8C4146AZS-S265,CY8C4146AZS-S265,,,,,64-TQFP,-40..105 °C,,active,infineon-device-db:1e7589fe5ce5,https://github.com/Infineon/device-db/tree/1e7589fe5ce5c25b68a5d8866c22c142df9b7555,2026-08-12T10:06:32+00:00,manufacturer_device_database,official_device_db_part_record
infineon::cy8c4146azs-s275,infineon::cy8c4146azs-s275,Infineon,PSOC 4100S Plus,PSOC 4100S Plus,PSOC 4100S Plus (CY8C41x6xxx-Sxxx),CY8C4146AZS-S275,CY8C4146AZS-S275,,,,,64-TQFP,-40..105 °C,,active,infineon-device-db:1e7589fe5ce5,https://github.com/Infineon/device-db/tree/1e7589fe5ce5c25b68a5d8866c22c142df9b7555,2026-08-12T10:06:32+00:00,manufacturer_device_database,official_device_db_part_record
infineon::cy8c4146azs-s455,infineon::cy8c4146azs-s455,Infineon,PSOC 4100S Plus,PSOC 4100S Plus,PSOC 4100S Plus (CY8C41x6xxx-Sxxx),CY8C4146AZS-S455,CY8C4146AZS-S455,,,,,64-TQFP,-40..105 °C,,active,infineon-device-db:1e7589fe5ce5,https://github.com/Infineon/device-db/tree/1e7589fe5ce5c25b68a5d8866c22c142df9b7555,2026-08-12T10:06:32+00:00,manufacturer_device_database,official_device_db_part_record
infineon::cy8c4146fni-s423,infineon::cy8c4146fni-s423,Infineon,PSOC 4100S,PSOC 4100S,PSOC 4100S (CY8C41x6xxx-Sxxx),CY8C4146FNI-S423,CY8C4146FNI-S423,,,,,35-WLCSP,-40..85 °C,,active,infineon-device-db:1e7589fe5ce5,https://github.com/Infineon/device-db/tree/1e7589fe5ce5c25b68a5d8866c22c142df9b7555,2026-08-12T10:06:32+00:00,manufacturer_device_database,official_device_db_part_record
infineon::cy8c4146fni-s433,infineon::cy8c4146fni-s433,Infineon,PSOC 4100S,PSOC 4100S,PSOC 4100S (CY8C41x6xxx-Sxxx),CY8C4146FNI-S433,CY8C4146FNI-S433,,,,,35-WLCSP,-40..85 °C,,active,infineon-device-db:1e7589fe5ce5,https://github.com/Infineon/device-db/tree/1e7589fe5ce5c25b68a5d8866c22c142df9b7555,2026-08-12T10:06:32+00:00,manufacturer_device_database,official_device_db_part_record
infineon::cy8c4146fni-s443,infineon::cy8c4146fni-s443,Infineon,PSOC 4100S,PSOC 4100S,PSOC 4100S (CY8C41x6xxx-Sxxx),CY8C4146FNI-S443,CY8C4146FNI-S443,,,,,35-WLCSP-2,-40..85 °C,,active,infineon-device-db:1e7589fe5ce5,https://github.com/Infineon/device-db/tree/1e7589fe5ce5c25b68a5d8866c22c142df9b7555,2026-08-12T10:06:32+00:00,manufacturer_device_database,official_device_db_part_record
infineon::cy8c4146fnq-s433,infineon::cy8c4146fnq-s433,Infineon,PSOC 4100S,PSOC 4100S,PSOC 4100S (CY8C41x6xxx-Sxxx),CY8C4146FNQ-S433,CY8C4146FNQ-S433,,,,,35-WLCSP,-40..105 °C,,active,infineon-device-db:1e7589fe5ce5,https://github.com/Infineon/device-db/tree/1e7589fe5ce5c25b68a5d8866c22c142df9b7555,2026-08-12T10:06:32+00:00,manufacturer_device_database,official_device_db_part_record
infineon::cy8c4146lce-hvs003,infineon::cy8c4146lce-hvs003,Infineon,PSOC 4 HVMS,PSOC 4 HVMS,PSOC 4 HVMS (CY8C4146xxx-HVSxxx),CY8C4146LCE-HVS003,CY8C4146LCE-HVS003,,,,,32-QFN,-40..125 °C,,active,infineon-device-db:1e7589fe5ce5,https://github.com/Infineon/device-db/tree/1e7589fe5ce5c25b68a5d8866c22c142df9b7555,2026-08-12T10:06:32+00:00,manufacturer_device_database,official_device_db_part_record
infineon::cy8c4146lce-hvs003x,infineon::cy8c4146lce-hvs003x,Infineon,PSOC 4 HVMS,PSOC 4 HVMS,PSOC 4 HVMS (CY8C4146xxx-HVSxxx),CY8C4146LCE-HVS003X,CY8C4146LCE-HVS003X,,,,,32-QFN,-40..125 °C,,active,infineon-device-db:1e7589fe5ce5,https://github.com/Infineon/device-db/tree/1e7589fe5ce5c25b68a5d8866c22c142df9b7555,2026-08-12T10:06:32+00:00,manufacturer_device_database,official_device_db_part_record
infineon::cy8c4146lce-hvs013,infineon::cy8c4146lce-hvs013,Infineon,PSOC 4 HVMS,PSOC 4 HVMS,PSOC 4 HVMS (CY8C4146xxx-HVSxxx),CY8C4146LCE-HVS013,CY8C4146LCE-HVS013,,,,,32-QFN,-40..125 °C,,active,infineon-device-db:1e7589fe5ce5,https://github.com/Infineon/device-db/tree/1e7589fe5ce5c25b68a5d8866c22c142df9b7555,2026-08-12T10:06:32+00:00,manufacturer_device_database,official_device_db_part_record
infineon::cy8c4146lce-hvs013x,infineon::cy8c4146lce-hvs013x,Infineon,PSOC 4 HVMS,PSOC 4 HVMS,PSOC 4 HVMS (CY8C4146xxx-HVSxxx),CY8C4146LCE-HVS013X,CY8C4146LCE-HVS013X,,,,,32-QFN,-40..125 °C,,active,infineon-device-db:1e7589fe5ce5,https://github.com/Infineon/device-db/tree/1e7589fe5ce5c25b68a5d8866c22c142df9b7555,2026-08-12T10:06:32+00:00,manufacturer_device_database,official_device_db_part_record
infineon::cy8c4146lce-hvs103,infineon::cy8c4146lce-hvs103,Infineon,PSOC 4 HVMS,PSOC 4 HVMS,PSOC 4 HVMS (CY8C4146xxx-HVSxxx),CY8C4146LCE-HVS103,CY8C4146LCE-HVS103,,,,,32-QFN,-40..125 °C,,active,infineon-device-db:1e7589fe5ce5,https://github.com/Infineon/device-db/tree/1e7589fe5ce5c25b68a5d8866c22c142df9b7555,2026-08-12T10:06:32+00:00,manufacturer_device_database,official_device_db_part_record
infineon::cy8c4146lce-hvs103x,infineon::cy8c4146lce-hvs103x,Infineon,PSOC 4 HVMS,PSOC 4 HVMS,PSOC 4 HVMS (CY8C4146xxx-HVSxxx),CY8C4146LCE-HVS103X,CY8C4146LCE-HVS103X,,,,,32-QFN,-40..125 °C,,active,infineon-device-db:1e7589fe5ce5,https://github.com/Infineon/device-db/tree/1e7589fe5ce5c25b68a5d8866c22c142df9b7555,2026-08-12T10:06:32+00:00,manufacturer_device_database,official_device_db_part_record
infineon::cy8c4146lce-hvs113,infineon::cy8c4146lce-hvs113,Infineon,PSOC 4 HVMS,PSOC 4 HVMS,PSOC 4 HVMS (CY8C4146xxx-HVSxxx),CY8C4146LCE-HVS113,CY8C4146LCE-HVS113,,,,,32-QFN,-40..125 °C,,active,infineon-device-db:1e7589fe5ce5,https://github.com/Infineon/device-db/tree/1e7589fe5ce5c25b68a5d8866c22c142df9b7555,2026-08-12T10:06:32+00:00,manufacturer_device_database,official_device_db_part_record
infineon::cy8c4146lce-hvs113x,infineon::cy8c4146lce-hvs113x,Infineon,PSOC 4 HVMS,PSOC 4 HVMS,PSOC 4 HVMS (CY8C4146xxx-HVSxxx),CY8C4146LCE-HVS113X,CY8C4146LCE-HVS113X,,,,,32-QFN,-40..125 °C,,active,infineon-device-db:1e7589fe5ce5,https://github.com/Infineon/device-db/tree/1e7589fe5ce5c25b68a5d8866c22c142df9b7555,2026-08-12T10:06:32+00:00,manufacturer_device_database,official_device_db_part_record
infineon::cy8c4146lda-s243,infineon::cy8c4146lda-s243,Infineon,PSOC 4100S Plus,PSOC 4100S Plus,PSOC 4100S Plus (CY8C41x6xxx-Sxxx),CY8C4146LDA-S243,CY8C4146LDA-S243,,,,,48-QFN-AUTO,-40..85 °C,,active,infineon-device-db:1e7589fe5ce5,https://github.com/Infineon/device-db/tree/1e7589fe5ce5c25b68a5d8866c22c142df9b7555,2026-08-12T10:06:32+00:00,manufacturer_device_database,official_device_db_part_record
infineon::cy8c4146lda-s253,infineon::cy8c4146lda-s253,Infineon,PSOC 4100S Plus,PSOC 4100S Plus,PSOC 4100S Plus (CY8C41x6xxx-Sxxx),CY8C4146LDA-S253,CY8C4146LDA-S253,,,,,48-QFN-AUTO,-40..85 °C,,active,infineon-device-db:1e7589fe5ce5,https://github.com/Infineon/device-db/tree/1e7589fe5ce5c25b68a5d8866c22c142df9b7555,2026-08-12T10:06:32+00:00,manufacturer_device_database,official_device_db_part_record
infineon::cy8c4146lda-s263,infineon::cy8c4146lda-s263,Infineon,PSOC 4100S Plus,PSOC 4100S Plus,PSOC 4100S Plus (CY8C41x6xxx-Sxxx),CY8C4146LDA-S263,CY8C4146LDA-S263,,,,,48-QFN-AUTO,-40..85 °C,,active,infineon-device-db:1e7589fe5ce5,https://github.com/Infineon/device-db/tree/1e7589fe5ce5c25b68a5d8866c22c142df9b7555,2026-08-12T10:06:32+00:00,manufacturer_device_database,official_device_db_part_record
infineon::cy8c4146lda-s273,infineon::cy8c4146lda-s273,Infineon,PSOC 4100S Plus,PSOC 4100S Plus,PSOC 4100S Plus (CY8C41x6xxx-Sxxx),CY8C4146LDA-S273,CY8C4146LDA-S273,,,,,48-QFN-AUTO,-40..85 °C,,active,infineon-device-db:1e7589fe5ce5,https://github.com/Infineon/device-db/tree/1e7589fe5ce5c25b68a5d8866c22c142df9b7555,2026-08-12T10:06:32+00:00,manufacturer_device_database,official_device_db_part_record
infineon::cy8c4146lda-s453,infineon::cy8c4146lda-s453,Infineon,PSOC 4100S Plus,PSOC 4100S Plus,PSOC 4100S Plus (CY8C41x6xxx-Sxxx),CY8C4146LDA-S453,CY8C4146LDA-S453,,,,,48-QFN-AUTO,-40..85 °C,,active,infineon-device-db:1e7589fe5ce5,https://github.com/Infineon/device-db/tree/1e7589fe5ce5c25b68a5d8866c22c142df9b7555,2026-08-12T10:06:32+00:00,manufacturer_device_database,official_device_db_part_record
infineon::cy8c4146lde-hvs004,infineon::cy8c4146lde-hvs004,Infineon,PSOC 4 HVMS,PSOC 4 HVMS,PSOC 4 HVMS (CY8C4146xxx-HVSxxx),CY8C4146LDE-HVS004,CY8C4146LDE-HVS004,,,,,48-QFN,-40..125 °C,,active,infineon-device-db:1e7589fe5ce5,https://github.com/Infineon/device-db/tree/1e7589fe5ce5c25b68a5d8866c22c142df9b7555,2026-08-12T10:06:32+00:00,manufacturer_device_database,official_device_db_part_record
infineon::cy8c4146lde-hvs004x,infineon::cy8c4146lde-hvs004x,Infineon,PSOC 4 HVMS,PSOC 4 HVMS,PSOC 4 HVMS (CY8C4146xxx-HVSxxx),CY8C4146LDE-HVS004X,CY8C4146LDE-HVS004X,,,,,48-QFN,-40..125 °C,,active,infineon-device-db:1e7589fe5ce5,https://github.com/Infineon/device-db/tree/1e7589fe5ce5c25b68a5d8866c22c142df9b7555,2026-08-12T10:06:32+00:00,manufacturer_device_database,official_device_db_part_record
infineon::cy8c4146lde-hvs014,infineon::cy8c4146lde-hvs014,Infineon,PSOC 4 HVMS,PSOC 4 HVMS,PSOC 4 HVMS (CY8C4146xxx-HVSxxx),CY8C4146LDE-HVS014,CY8C4146LDE-HVS014,,,,,48-QFN,-40..125 °C,,active,infineon-device-db:1e7589fe5ce5,https://github.com/Infineon/device-db/tree/1e7589fe5ce5c25b68a5d8866c22c142df9b7555,2026-08-12T10:06:32+00:00,manufacturer_device_database,official_device_db_part_record
infineon::cy8c4146lde-hvs014x,infineon::cy8c4146lde-hvs014x,Infineon,PSOC 4 HVMS,PSOC 4 HVMS,PSOC 4 HVMS (CY8C4146xxx-HVSxxx),CY8C4146LDE-HVS014X,CY8C4146LDE-HVS014X,,,,,48-QFN,-40..125 °C,,active,infineon-device-db:1e7589fe5ce5,https://github.com/Infineon/device-db/tree/1e7589fe5ce5c25b68a5d8866c22c142df9b7555,2026-08-12T10:06:32+00:00,manufacturer_device_database,official_device_db_part_record
infineon::cy8c4146lde-hvs104,infineon::cy8c4146lde-hvs104,Infineon,PSOC 4 HVMS,PSOC 4 HVMS,PSOC 4 HVMS (CY8C4146xxx-HVSxxx),CY8C4146LDE-HVS104,CY8C4146LDE-HVS104,,,,,48-QFN,-40..125 °C,,active,infineon-device-db:1e7589fe5ce5,https://github.com/Infineon/device-db/tree/1e7589fe5ce5c25b68a5d8866c22c142df9b7555,2026-08-12T10:06:32+00:00,manufacturer_device_database,official_device_db_part_record
infineon::cy8c4146lde-hvs104x,infineon::cy8c4146lde-hvs104x,Infineon,PSOC 4 HVMS,PSOC 4 HVMS,PSOC 4 HVMS (CY8C4146xxx-HVSxxx),CY8C4146LDE-HVS104X,CY8C4146LDE-HVS104X,,,,,48-QFN,-40..125 °C,,active,infineon-device-db:1e7589fe5ce5,https://github.com/Infineon/device-db/tree/1e7589fe5ce5c25b68a5d8866c22c142df9b7555,2026-08-12T10:06:32+00:00,manufacturer_device_database,official_device_db_part_record
infineon::cy8c4146lde-hvs114,infineon::cy8c4146lde-hvs114,Infineon,PSOC 4 HVMS,PSOC 4 HVMS,PSOC 4 HVMS (CY8C4146xxx-HVSxxx),CY8C4146LDE-HVS114,CY8C4146LDE-HVS114,,,,,48-QFN,-40..125 °C,,active,infineon-device-db:1e7589fe5ce5,https://github.com/Infineon/device-db/tree/1e7589fe5ce5c25b68a5d8866c22c142df9b7555,2026-08-12T10:06:32+00:00,manufacturer_device_database,official_device_db_part_record
infineon::cy8c4146lde-hvs114x,infineon::cy8c4146lde-hvs114x,Infineon,PSOC 4 HVMS,PSOC 4 HVMS,PSOC 4 HVMS (CY8C4146xxx-HVSxxx),CY8C4146LDE-HVS114X,CY8C4146LDE-HVS114X,,,,,48-QFN,-40..125 °C,,active,infineon-device-db:1e7589fe5ce5,https://github.com/Infineon/device-db/tree/1e7589fe5ce5c25b68a5d8866c22c142df9b7555,2026-08-12T10:06:32+00:00,manufacturer_device_database,official_device_db_part_record
infineon::cy8c4146lde-s243,infineon::cy8c4146lde-s243,Infineon,PSOC 4100S Plus,PSOC 4100S Plus,PSOC 4100S Plus (CY8C41x6xxx-Sxxx),CY8C4146LDE-S243,CY8C4146LDE-S243,,,,,48-QFN-AUTO,-40..125 °C,,active,infineon-device-db:1e7589fe5ce5,https://github.com/Infineon/device-db/tree/1e7589fe5ce5c25b68a5d8866c22c142df9b7555,2026-08-12T10:06:32+00:00,manufacturer_device_database,official_device_db_part_record
infineon::cy8c4146lde-s253,infineon::cy8c4146lde-s253,Infineon,PSOC 4100S Plus,PSOC 4100S Plus,PSOC 4100S Plus (CY8C41x6xxx-Sxxx),CY8C4146LDE-S253,CY8C4146LDE-S253,,,,,48-QFN-AUTO,-40..125 °C,,active,infineon-device-db:1e7589fe5ce5,https://github.com/Infineon/device-db/tree/1e7589fe5ce5c25b68a5d8866c22c142df9b7555,2026-08-12T10:06:32+00:00,manufacturer_device_database,official_device_db_part_record
infineon::cy8c4146lde-s263,infineon::cy8c4146lde-s263,Infineon,PSOC 4100S Plus,PSOC 4100S Plus,PSOC 4100S Plus (CY8C41x6xxx-Sxxx),CY8C4146LDE-S263,CY8C4146LDE-S263,,,,,48-QFN-AUTO,-40..125 °C,,active,infineon-device-db:1e7589fe5ce5,https://github.com/Infineon/device-db/tree/1e7589fe5ce5c25b68a5d8866c22c142df9b7555,2026-08-12T10:06:32+00:00,manufacturer_device_database,official_device_db_part_record
infineon::cy8c4146lde-s273,infineon::cy8c4146lde-s273,Infineon,PSOC 4100S Plus,PSOC 4100S Plus,PSOC 4100S Plus (CY8C41x6xxx-Sxxx),CY8C4146LDE-S273,CY8C4146LDE-S273,,,,,48-QFN-AUTO,-40..125 °C,,active,infineon-device-db:1e7589fe5ce5,https://github.com/Infineon/device-db/tree/1e7589fe5ce5c25b68a5d8866c22c142df9b7555,2026-08-12T10:06:32+00:00,manufacturer_device_database,official_device_db_part_record
infineon::cy8c4146lde-s453,infineon::cy8c4146lde-s453,Infineon,PSOC 4100S Plus,PSOC 4100S Plus,PSOC 4100S Plus (CY8C41x6xxx-Sxxx),CY8C4146LDE-S453,CY8C4146LDE-S453,,,,,48-QFN-AUTO,-40..125 °C,,active,infineon-device-db:1e7589fe5ce5,https://github.com/Infineon/device-db/tree/1e7589fe5ce5c25b68a5d8866c22c142df9b7555,2026-08-12T10:06:32+00:00,manufacturer_device_database,official_device_db_part_record
infineon::cy8c4146lds-s243,infineon::cy8c4146lds-s243,Infineon,PSOC 4100S Plus,PSOC 4100S Plus,PSOC 4100S Plus (CY8C41x6xxx-Sxxx),CY8C4146LDS-S243,CY8C4146LDS-S243,,,,,48-QFN-AUTO,-40..105 °C,,active,infineon-device-db:1e7589fe5ce5,https://github.com/Infineon/device-db/tree/1e7589fe5ce5c25b68a5d8866c22c142df9b7555,2026-08-12T10:06:32+00:00,manufacturer_device_database,official_device_db_part_record
infineon::cy8c4146lds-s253,infineon::cy8c4146lds-s253,Infineon,PSOC 4100S Plus,PSOC 4100S Plus,PSOC 4100S Plus (CY8C41x6xxx-Sxxx),CY8C4146LDS-S253,CY8C4146LDS-S253,,,,,48-QFN-AUTO,-40..105 °C,,active,infineon-device-db:1e7589fe5ce5,https://github.com/Infineon/device-db/tree/1e7589fe5ce5c25b68a5d8866c22c142df9b7555,2026-08-12T10:06:32+00:00,manufacturer_device_database,official_device_db_part_record
infineon::cy8c4146lds-s263,infineon::cy8c4146lds-s263,Infineon,PSOC 4100S Plus,PSOC 4100S Plus,PSOC 4100S Plus (CY8C41x6xxx-Sxxx),CY8C4146LDS-S263,CY8C4146LDS-S263,,,,,48-QFN-AUTO,-40..105 °C,,active,infineon-device-db:1e7589fe5ce5,https://github.com/Infineon/device-db/tree/1e7589fe5ce5c25b68a5d8866c22c142df9b7555,2026-08-12T10:06:32+00:00,manufacturer_device_database,official_device_db_part_record
infineon::cy8c4146lds-s273,infineon::cy8c4146lds-s273,Infineon,PSOC 4100S Plus,PSOC 4100S Plus,PSOC 4100S Plus (CY8C41x6xxx-Sxxx),CY8C4146LDS-S273,CY8C4146LDS-S273,,,,,48-QFN-AUTO,-40..105 °C,,active,infineon-device-db:1e7589fe5ce5,https://github.com/Infineon/device-db/tree/1e7589fe5ce5c25b68a5d8866c22c142df9b7555,2026-08-12T10:06:32+00:00,manufacturer_device_database,official_device_db_part_record
infineon::cy8c4146lds-s453,infineon::cy8c4146lds-s453,Infineon,PSOC 4100S Plus,PSOC 4100S Plus,PSOC 4100S Plus (CY8C41x6xxx-Sxxx),CY8C4146LDS-S453,CY8C4146LDS-S453,,,,,48-QFN-AUTO,-40..105 °C,,active,infineon-device-db:1e7589fe5ce5,https://github.com/Infineon/device-db/tree/1e7589fe5ce5c25b68a5d8866c22c142df9b7555,2026-08-12T10:06:32+00:00,manufacturer_device_database,official_device_db_part_record
infineon::cy8c4146lqa-s243,infineon::cy8c4146lqa-s243,Infineon,PSOC 4100S Plus,PSOC 4100S Plus,PSOC 4100S Plus (CY8C41x6xxx-Sxxx),CY8C4146LQA-S243,CY8C4146LQA-S243,,,,,40-QFN-2,-40..85 °C,,active,infineon-device-db:1e7589fe5ce5,https://github.com/Infineon/device-db/tree/1e7589fe5ce5c25b68a5d8866c22c142df9b7555,2026-08-12T10:06:32+00:00,manufacturer_device_database,official_device_db_part_record
infineon::cy8c4146lqa-s245,infineon::cy8c4146lqa-s245,Infineon,PSOC 4100S Plus,PSOC 4100S Plus,PSOC 4100S Plus (CY8C41x6xxx-Sxxx),CY8C4146LQA-S245,CY8C4146LQA-S245,,,,,64-QFN,-40..85 °C,,active,infineon-device-db:1e7589fe5ce5,https://github.com/Infineon/device-db/tree/1e7589fe5ce5c25b68a5d8866c22c142df9b7555,2026-08-12T10:06:32+00:00,manufacturer_device_database,official_device_db_part_record
infineon::cy8c4146lqa-s253,infineon::cy8c4146lqa-s253,Infineon,PSOC 4100S Plus,PSOC 4100S Plus,PSOC 4100S Plus (CY8C41x6xxx-Sxxx),CY8C4146LQA-S253,CY8C4146LQA-S253,,,,,40-QFN-2,-40..85 °C,,active,infineon-device-db:1e7589fe5ce5,https://github.com/Infineon/device-db/tree/1e7589fe5ce5c25b68a5d8866c22c142df9b7555,2026-08-12T10:06:32+00:00,manufacturer_device_database,official_device_db_part_record
infineon::cy8c4146lqa-s255,infineon::cy8c4146lqa-s255,Infineon,PSOC 4100S Plus,PSOC 4100S Plus,PSOC 4100S Plus (CY8C41x6xxx-Sxxx),CY8C4146LQA-S255,CY8C4146LQA-S255,,,,,64-QFN,-40..85 °C,,active,infineon-device-db:1e7589fe5ce5,https://github.com/Infineon/device-db/tree/1e7589fe5ce5c25b68a5d8866c22c142df9b7555,2026-08-12T10:06:32+00:00,manufacturer_device_database,official_device_db_part_record
infineon::cy8c4146lqa-s263,infineon::cy8c4146lqa-s263,Infineon,PSOC 4100S Plus,PSOC 4100S Plus,PSOC 4100S Plus (CY8C41x6xxx-Sxxx),CY8C4146LQA-S263,CY8C4146LQA-S263,,,,,40-QFN-2,-40..85 °C,,active,infineon-device-db:1e7589fe5ce5,https://github.com/Infineon/device-db/tree/1e7589fe5ce5c25b68a5d8866c22c142df9b7555,2026-08-12T10:06:32+00:00,manufacturer_device_database,official_device_db_part_record
infineon::cy8c4146lqa-s265,infineon::cy8c4146lqa-s265,Infineon,PSOC 4100S Plus,PSOC 4100S Plus,PSOC 4100S Plus (CY8C41x6xxx-Sxxx),CY8C4146LQA-S265,CY8C4146LQA-S265,,,,,64-QFN,-40..85 °C,,active,infineon-device-db:1e7589fe5ce5,https://github.com/Infineon/device-db/tree/1e7589fe5ce5c25b68a5d8866c22c142df9b7555,2026-08-12T10:06:32+00:00,manufacturer_device_database,official_device_db_part_record
infineon::cy8c4146lqa-s273,infineon::cy8c4146lqa-s273,Infineon,PSOC 4100S Plus,PSOC 4100S Plus,PSOC 4100S Plus (CY8C41x6xxx-Sxxx),CY8C4146LQA-S273,CY8C4146LQA-S273,,,,,40-QFN-2,-40..85 °C,,active,infineon-device-db:1e7589fe5ce5,https://github.com/Infineon/device-db/tree/1e7589fe5ce5c25b68a5d8866c22c142df9b7555,2026-08-12T10:06:32+00:00,manufacturer_device_database,official_device_db_part_record
infineon::cy8c4146lqa-s275,infineon::cy8c4146lqa-s275,Infineon,PSOC 4100S Plus,PSOC 4100S Plus,PSOC 4100S Plus (CY8C41x6xxx-Sxxx),CY8C4146LQA-S275,CY8C4146LQA-S275,,,,,64-QFN,-40..85 °C,,active,infineon-device-db:1e7589fe5ce5,https://github.com/Infineon/device-db/tree/1e7589fe5ce5c25b68a5d8866c22c142df9b7555,2026-08-12T10:06:32+00:00,manufacturer_device_database,official_device_db_part_record
infineon::cy8c4146lqa-s423,infineon::cy8c4146lqa-s423,Infineon,PSOC 4100S,PSOC 4100S,PSOC 4100S (CY8C41x6xxx-Sxxx),CY8C4146LQA-S423,CY8C4146LQA-S423,,,,,40-QFN-AUTO,-40..85 °C,,active,infineon-device-db:1e7589fe5ce5,https://github.com/Infineon/device-db/tree/1e7589fe5ce5c25b68a5d8866c22c142df9b7555,2026-08-12T10:06:32+00:00,manufacturer_device_database,official_device_db_part_record
infineon::cy8c4146lqa-s433,infineon::cy8c4146lqa-s433,Infineon,PSOC 4100S,PSOC 4100S,PSOC 4100S (CY8C41x6xxx-Sxxx),CY8C4146LQA-S433,CY8C4146LQA-S433,,,,,40-QFN-AUTO,-40..85 °C,,active,infineon-device-db:1e7589fe5ce5,https://github.com/Infineon/device-db/tree/1e7589fe5ce5c25b68a5d8866c22c142df9b7555,2026-08-12T10:06:32+00:00,manufacturer_device_database,official_device_db_part_record
infineon::cy8c4146lqa-s453,infineon::cy8c4146lqa-s453,Infineon,PSOC 4100S Plus,PSOC 4100S Plus,PSOC 4100S Plus (CY8C41x6xxx-Sxxx),CY8C4146LQA-S453,CY8C4146LQA-S453,,,,,40-QFN-2,-40..85 °C,,active,infineon-device-db:1e7589fe5ce5,https://github.com/Infineon/device-db/tree/1e7589fe5ce5c25b68a5d8866c22c142df9b7555,2026-08-12T10:06:32+00:00,manufacturer_device_database,official_device_db_part_record
infineon::cy8c4146lqa-s455,infineon::cy8c4146lqa-s455,Infineon,PSOC 4100S Plus,PSOC 4100S Plus,PSOC 4100S Plus (CY8C41x6xxx-Sxxx),CY8C4146LQA-S455,CY8C4146LQA-S455,,,,,64-QFN,-40..85 °C,,active,infineon-device-db:1e7589fe5ce5,https://github.com/Infineon/device-db/tree/1e7589fe5ce5c25b68a5d8866c22c142df9b7555,2026-08-12T10:06:32+00:00,manufacturer_device_database,official_device_db_part_record
infineon::cy8c4146lqe-s243,infineon::cy8c4146lqe-s243,Infineon,PSOC 4100S Plus,PSOC 4100S Plus,PSOC 4100S Plus (CY8C41x6xxx-Sxxx),CY8C4146LQE-S243,CY8C4146LQE-S243,,,,,40-QFN-2,-40..125 °C,,active,infineon-device-db:1e7589fe5ce5,https://github.com/Infineon/device-db/tree/1e7589fe5ce5c25b68a5d8866c22c142df9b7555,2026-08-12T10:06:32+00:00,manufacturer_device_database,official_device_db_part_record
infineon::cy8c4146lqe-s245,infineon::cy8c4146lqe-s245,Infineon,PSOC 4100S Plus,PSOC 4100S Plus,PSOC 4100S Plus (CY8C41x6xxx-Sxxx),CY8C4146LQE-S245,CY8C4146LQE-S245,,,,,64-QFN,-40..125 °C,,active,infineon-device-db:1e7589fe5ce5,https://github.com/Infineon/device-db/tree/1e7589fe5ce5c25b68a5d8866c22c142df9b7555,2026-08-12T10:06:32+00:00,manufacturer_device_database,official_device_db_part_record
infineon::cy8c4146lqe-s253,infineon::cy8c4146lqe-s253,Infineon,PSOC 4100S Plus,PSOC 4100S Plus,PSOC 4100S Plus (CY8C41x6xxx-Sxxx),CY8C4146LQE-S253,CY8C4146LQE-S253,,,,,40-QFN-2,-40..125 °C,,active,infineon-device-db:1e7589fe5ce5,https://github.com/Infineon/device-db/tree/1e7589fe5ce5c25b68a5d8866c22c142df9b7555,2026-08-12T10:06:32+00:00,manufacturer_device_database,official_device_db_part_record
infineon::cy8c4146lqe-s255,infineon::cy8c4146lqe-s255,Infineon,PSOC 4100S Plus,PSOC 4100S Plus,PSOC 4100S Plus (CY8C41x6xxx-Sxxx),CY8C4146LQE-S255,CY8C4146LQE-S255,,,,,64-QFN,-40..125 °C,,active,infineon-device-db:1e7589fe5ce5,https://github.com/Infineon/device-db/tree/1e7589fe5ce5c25b68a5d8866c22c142df9b7555,2026-08-12T10:06:32+00:00,manufacturer_device_database,official_device_db_part_record
infineon::cy8c4146lqe-s263,infineon::cy8c4146lqe-s263,Infineon,PSOC 4100S Plus,PSOC 4100S Plus,PSOC 4100S Plus (CY8C41x6xxx-Sxxx),CY8C4146LQE-S263,CY8C4146LQE-S263,,,,,40-QFN-2,-40..125 °C,,active,infineon-device-db:1e7589fe5ce5,https://github.com/Infineon/device-db/tree/1e7589fe5ce5c25b68a5d8866c22c142df9b7555,2026-08-12T10:06:32+00:00,manufacturer_device_database,official_device_db_part_record
infineon::cy8c4146lqe-s265,infineon::cy8c4146lqe-s265,Infineon,PSOC 4100S Plus,PSOC 4100S Plus,PSOC 4100S Plus (CY8C41x6xxx-Sxxx),CY8C4146LQE-S265,CY8C4146LQE-S265,,,,,64-QFN,-40..125 °C,,active,infineon-device-db:1e7589fe5ce5,https://github.com/Infineon/device-db/tree/1e7589fe5ce5c25b68a5d8866c22c142df9b7555,2026-08-12T10:06:32+00:00,manufacturer_device_database,official_device_db_part_record
infineon::cy8c4146lqe-s273,infineon::cy8c4146lqe-s273,Infineon,PSOC 4100S Plus,PSOC 4100S Plus,PSOC 4100S Plus (CY8C41x6xxx-Sxxx),CY8C4146LQE-S273,CY8C4146LQE-S273,,,,,40-QFN-2,-40..125 °C,,active,infineon-device-db:1e7589fe5ce5,https://github.com/Infineon/device-db/tree/1e7589fe5ce5c25b68a5d8866c22c142df9b7555,2026-08-12T10:06:32+00:00,manufacturer_device_database,official_device_db_part_record
infineon::cy8c4146lqe-s275,infineon::cy8c4146lqe-s275,Infineon,PSOC 4100S Plus,PSOC 4100S Plus,PSOC 4100S Plus (CY8C41x6xxx-Sxxx),CY8C4146LQE-S275,CY8C4146LQE-S275,,,,,64-QFN,-40..125 °C,,active,infineon-device-db:1e7589fe5ce5,https://github.com/Infineon/device-db/tree/1e7589fe5ce5c25b68a5d8866c22c142df9b7555,2026-08-12T10:06:32+00:00,manufacturer_device_database,official_device_db_part_record
infineon::cy8c4146lqe-s423,infineon::cy8c4146lqe-s423,Infineon,PSOC 4100S,PSOC 4100S,PSOC 4100S (CY8C41x6xxx-Sxxx),CY8C4146LQE-S423,CY8C4146LQE-S423,,,,,40-QFN-AUTO,-40..125 °C,,active,infineon-device-db:1e7589fe5ce5,https://github.com/Infineon/device-db/tree/1e7589fe5ce5c25b68a5d8866c22c142df9b7555,2026-08-12T10:06:32+00:00,manufacturer_device_database,official_device_db_part_record
infineon::cy8c4146lqe-s433,infineon::cy8c4146lqe-s433,Infineon,PSOC 4100S,PSOC 4100S,PSOC 4100S (CY8C41x6xxx-Sxxx),CY8C4146LQE-S433,CY8C4146LQE-S433,,,,,40-QFN-AUTO,-40..125 °C,,active,infineon-device-db:1e7589fe5ce5,https://github.com/Infineon/device-db/tree/1e7589fe5ce5c25b68a5d8866c22c142df9b7555,2026-08-12T10:06:32+00:00,manufacturer_device_database,official_device_db_part_record
infineon::cy8c4146lqe-s453,infineon::cy8c4146lqe-s453,Infineon,PSOC 4100S Plus,PSOC 4100S Plus,PSOC 4100S Plus (CY8C41x6xxx-Sxxx),CY8C4146LQE-S453,CY8C4146LQE-S453,,,,,40-QFN-2,-40..125 °C,,active,infineon-device-db:1e7589fe5ce5,https://github.com/Infineon/device-db/tree/1e7589fe5ce5c25b68a5d8866c22c142df9b7555,2026-08-12T10:06:32+00:00,manufacturer_device_database,official_device_db_part_record
infineon::cy8c4146lqe-s455,infineon::cy8c4146lqe-s455,Infineon,PSOC 4100S Plus,PSOC 4100S Plus,PSOC 4100S Plus (CY8C41x6xxx-Sxxx),CY8C4146LQE-S455,CY8C4146LQE-S455,,,,,64-QFN,-40..125 °C,,active,infineon-device-db:1e7589fe5ce5,https://github.com/Infineon/device-db/tree/1e7589fe5ce5c25b68a5d8866c22c142df9b7555,2026-08-12T10:06:32+00:00,manufacturer_device_database,official_device_db_part_record
infineon::cy8c4146lqi-s422,infineon::cy8c4146lqi-s422,Infineon,PSOC 4100S,PSOC 4100S,PSOC 4100S (CY8C41x6xxx-Sxxx),CY8C4146LQI-S422,CY8C4146LQI-S422,,,,,32-QFN,-40..85 °C,,active,infineon-device-db:1e7589fe5ce5,https://github.com/Infineon/device-db/tree/1e7589fe5ce5c25b68a5d8866c22c142df9b7555,2026-08-12T10:06:32+00:00,manufacturer_device_database,official_device_db_part_record
infineon::cy8c4146lqi-s423,infineon::cy8c4146lqi-s423,Infineon,PSOC 4100S,PSOC 4100S,PSOC 4100S (CY8C41x6xxx-Sxxx),CY8C4146LQI-S423,CY8C4146LQI-S423,,,,,40-QFN,-40..85 °C,,active,infineon-device-db:1e7589fe5ce5,https://github.com/Infineon/device-db/tree/1e7589fe5ce5c25b68a5d8866c22c142df9b7555,2026-08-12T10:06:32+00:00,manufacturer_device_database,official_device_db_part_record
infineon::cy8c4146lqi-s432,infineon::cy8c4146lqi-s432,Infineon,PSOC 4100S,PSOC 4100S,PSOC 4100S (CY8C41x6xxx-Sxxx),CY8C4146LQI-S432,CY8C4146LQI-S432,,,,,32-QFN,-40..85 °C,,active,infineon-device-db:1e7589fe5ce5,https://github.com/Infineon/device-db/tree/1e7589fe5ce5c25b68a5d8866c22c142df9b7555,2026-08-12T10:06:32+00:00,manufacturer_device_database,official_device_db_part_record
infineon::cy8c4146lqi-s433,infineon::cy8c4146lqi-s433,Infineon,PSOC 4100S,PSOC 4100S,PSOC 4100S (CY8C41x6xxx-Sxxx),CY8C4146LQI-S433,CY8C4146LQI-S433,,,,,40-QFN,-40..85 °C,,active,infineon-device-db:1e7589fe5ce5,https://github.com/Infineon/device-db/tree/1e7589fe5ce5c25b68a5d8866c22c142df9b7555,2026-08-12T10:06:32+00:00,manufacturer_device_database,official_device_db_part_record
infineon::cy8c4146lqi-t403,infineon::cy8c4146lqi-t403,Infineon,PSOC 4100T Plus,PSOC 4100T Plus,PSOC 4100T Plus (CY8C4146xxx-Txxx),CY8C4146LQI-T403,CY8C4146LQI-T403,,,,,48-QFN,-40..85 °C,,active,infineon-device-db:1e7589fe5ce5,https://github.com/Infineon/device-db/tree/1e7589fe5ce5c25b68a5d8866c22c142df9b7555,2026-08-12T10:06:32+00:00,manufacturer_device_database,official_device_db_part_record
infineon::cy8c4146lqi-t413,infineon::cy8c4146lqi-t413,Infineon,PSOC 4100T Plus,PSOC 4100T Plus,PSOC 4100T Plus (CY8C4146xxx-Txxx),CY8C4146LQI-T413,CY8C4146LQI-T413,,,,,48-QFN,-40..85 °C,,active,infineon-device-db:1e7589fe5ce5,https://github.com/Infineon/device-db/tree/1e7589fe5ce5c25b68a5d8866c22c142df9b7555,2026-08-12T10:06:32+00:00,manufacturer_device_database,official_device_db_part_record
infineon::cy8c4146lqi-t453,infineon::cy8c4146lqi-t453,Infineon,PSOC 4100T Plus,PSOC 4100T Plus,PSOC 4100T Plus (CY8C4146xxx-Txxx),CY8C4146LQI-T453,CY8C4146LQI-T453,,,,,48-QFN,-40..85 °C,,active,infineon-device-db:1e7589fe5ce5,https://github.com/Infineon/device-db/tree/1e7589fe5ce5c25b68a5d8866c22c142df9b7555,2026-08-12T10:06:32+00:00,manufacturer_device_database,official_device_db_part_record
infineon::cy8c4146lqq-s422,infineon::cy8c4146lqq-s422,Infineon,PSOC 4100S,PSOC 4100S,PSOC 4100S (CY8C41x6xxx-Sxxx),CY8C4146LQQ-S422,CY8C4146LQQ-S422,,,,,32-QFN,-40..105 °C,,active,infineon-device-db:1e7589fe5ce5,https://github.com/Infineon/device-db/tree/1e7589fe5ce5c25b68a5d8866c22c142df9b7555,2026-08-12T10:06:32+00:00,manufacturer_device_database,official_device_db_part_record
infineon::cy8c4146lqq-s432,infineon::cy8c4146lqq-s432,Infineon,PSOC 4100S,PSOC 4100S,PSOC 4100S (CY8C41x6xxx-Sxxx),CY8C4146LQQ-S432,CY8C4146LQQ-S432,,,,,32-QFN,-40..105 °C,,active,infineon-device-db:1e7589fe5ce5,https://github.com/Infineon/device-db/tree/1e7589fe5ce5c25b68a5d8866c22c142df9b7555,2026-08-12T10:06:32+00:00,manufacturer_device_database,official_device_db_part_record
infineon::cy8c4146lqs-s243,infineon::cy8c4146lqs-s243,Infineon,PSOC 4100S Plus,PSOC 4100S Plus,PSOC 4100S Plus (CY8C41x6xxx-Sxxx),CY8C4146LQS-S243,CY8C4146LQS-S243,,,,,40-QFN-2,-40..105 °C,,active,infineon-device-db:1e7589fe5ce5,https://github.com/Infineon/device-db/tree/1e7589fe5ce5c25b68a5d8866c22c142df9b7555,2026-08-12T10:06:32+00:00,manufacturer_device_database,official_device_db_part_record
infineon::cy8c4146lqs-s245,infineon::cy8c4146lqs-s245,Infineon,PSOC 4100S Plus,PSOC 4100S Plus,PSOC 4100S Plus (CY8C41x6xxx-Sxxx),CY8C4146LQS-S245,CY8C4146LQS-S245,,,,,64-QFN,-40..105 °C,,active,infineon-device-db:1e7589fe5ce5,https://github.com/Infineon/device-db/tree/1e7589fe5ce5c25b68a5d8866c22c142df9b7555,2026-08-12T10:06:32+00:00,manufacturer_device_database,official_device_db_part_record
infineon::cy8c4146lqs-s253,infineon::cy8c4146lqs-s253,Infineon,PSOC 4100S Plus,PSOC 4100S Plus,PSOC 4100S Plus (CY8C41x6xxx-Sxxx),CY8C4146LQS-S253,CY8C4146LQS-S253,,,,,40-QFN-2,-40..105 °C,,active,infineon-device-db:1e7589fe5ce5,https://github.com/Infineon/device-db/tree/1e7589fe5ce5c25b68a5d8866c22c142df9b7555,2026-08-12T10:06:32+00:00,manufacturer_device_database,official_device_db_part_record
infineon::cy8c4146lqs-s255,infineon::cy8c4146lqs-s255,Infineon,PSOC 4100S Plus,PSOC 4100S Plus,PSOC 4100S Plus (CY8C41x6xxx-Sxxx),CY8C4146LQS-S255,CY8C4146LQS-S255,,,,,64-QFN,-40..105 °C,,active,infineon-device-db:1e7589fe5ce5,https://github.com/Infineon/device-db/tree/1e7589fe5ce5c25b68a5d8866c22c142df9b7555,2026-08-12T10:06:32+00:00,manufacturer_device_database,official_device_db_part_record
infineon::cy8c4146lqs-s263,infineon::cy8c4146lqs-s263,Infineon,PSOC 4100S Plus,PSOC 4100S Plus,PSOC 4100S Plus (CY8C41x6xxx-Sxxx),CY8C4146LQS-S263,CY8C4146LQS-S263,,,,,40-QFN-2,-40..105 °C,,active,infineon-device-db:1e7589fe5ce5,https://github.com/Infineon/device-db/tree/1e7589fe5ce5c25b68a5d8866c22c142df9b7555,2026-08-12T10:06:32+00:00,manufacturer_device_database,official_device_db_part_record
infineon::cy8c4146lqs-s265,infineon::cy8c4146lqs-s265,Infineon,PSOC 4100S Plus,PSOC 4100S Plus,PSOC 4100S Plus (CY8C41x6xxx-Sxxx),CY8C4146LQS-S265,CY8C4146LQS-S265,,,,,64-QFN,-40..105 °C,,active,infineon-device-db:1e7589fe5ce5,https://github.com/Infineon/device-db/tree/1e7589fe5ce5c25b68a5d8866c22c142df9b7555,2026-08-12T10:06:32+00:00,manufacturer_device_database,official_device_db_part_record
infineon::cy8c4146lqs-s273,infineon::cy8c4146lqs-s273,Infineon,PSOC 4100S Plus,PSOC 4100S Plus,PSOC 4100S Plus (CY8C41x6xxx-Sxxx),CY8C4146LQS-S273,CY8C4146LQS-S273,,,,,40-QFN-2,-40..105 °C,,active,infineon-device-db:1e7589fe5ce5,https://github.com/Infineon/device-db/tree/1e7589fe5ce5c25b68a5d8866c22c142df9b7555,2026-08-12T10:06:32+00:00,manufacturer_device_database,official_device_db_part_record
infineon::cy8c4146lqs-s275,infineon::cy8c4146lqs-s275,Infineon,PSOC 4100S Plus,PSOC 4100S Plus,PSOC 4100S Plus (CY8C41x6xxx-Sxxx),CY8C4146LQS-S275,CY8C4146LQS-S275,,,,,64-QFN,-40..105 °C,,active,infineon-device-db:1e7589fe5ce5,https://github.com/Infineon/device-db/tree/1e7589fe5ce5c25b68a5d8866c22c142df9b7555,2026-08-12T10:06:32+00:00,manufacturer_device_database,official_device_db_part_record
infineon::cy8c4146lqs-s423,infineon::cy8c4146lqs-s423,Infineon,PSOC 4100S,PSOC 4100S,PSOC 4100S (CY8C41x6xxx-Sxxx),CY8C4146LQS-S423,CY8C4146LQS-S423,,,,,40-QFN-AUTO,-40..105 °C,,active,infineon-device-db:1e7589fe5ce5,https://github.com/Infineon/device-db/tree/1e7589fe5ce5c25b68a5d8866c22c142df9b7555,2026-08-12T10:06:32+00:00,manufacturer_device_database,official_device_db_part_record
infineon::cy8c4146lqs-s433,infineon::cy8c4146lqs-s433,Infineon,PSOC 4100S,PSOC 4100S,PSOC 4100S (CY8C41x6xxx-Sxxx),CY8C4146LQS-S433,CY8C4146LQS-S433,,,,,40-QFN-AUTO,-40..105 °C,,active,infineon-device-db:1e7589fe5ce5,https://github.com/Infineon/device-db/tree/1e7589fe5ce5c25b68a5d8866c22c142df9b7555,2026-08-12T10:06:32+00:00,manufacturer_device_database,official_device_db_part_record
infineon::cy8c4146lqs-s453,infineon::cy8c4146lqs-s453,Infineon,PSOC 4100S Plus,PSOC 4100S Plus,PSOC 4100S Plus (CY8C41x6xxx-Sxxx),CY8C4146LQS-S453,CY8C4146LQS-S453,,,,,40-QFN-2,-40..105 °C,,active,infineon-device-db:1e7589fe5ce5,https://github.com/Infineon/device-db/tree/1e7589fe5ce5c25b68a5d8866c22c142df9b7555,2026-08-12T10:06:32+00:00,manufacturer_device_database,official_device_db_part_record
infineon::cy8c4146lqs-s455,infineon::cy8c4146lqs-s455,Infineon,PSOC 4100S Plus,PSOC 4100S Plus,PSOC 4100S Plus (CY8C41x6xxx-Sxxx),CY8C4146LQS-S455,CY8C4146LQS-S455,,,,,64-QFN,-40..105 °C,,active,infineon-device-db:1e7589fe5ce5,https://github.com/Infineon/device-db/tree/1e7589fe5ce5c25b68a5d8866c22c142df9b7555,2026-08-12T10:06:32+00:00,manufacturer_device_database,official_device_db_part_record
infineon::cy8c4146lwe-hvs005,infineon::cy8c4146lwe-hvs005,Infineon,PSOC 4 HVMS,PSOC 4 HVMS,PSOC 4 HVMS (CY8C4146xxx-HVSxxx),CY8C4146LWE-HVS005,CY8C4146LWE-HVS005,,,,,56-QFN,-40..125 °C,,active,infineon-device-db:1e7589fe5ce5,https://github.com/Infineon/device-db/tree/1e7589fe5ce5c25b68a5d8866c22c142df9b7555,2026-08-12T10:06:32+00:00,manufacturer_device_database,official_device_db_part_record
infineon::cy8c4146lwe-hvs005x,infineon::cy8c4146lwe-hvs005x,Infineon,PSOC 4 HVMS,PSOC 4 HVMS,PSOC 4 HVMS (CY8C4146xxx-HVSxxx),CY8C4146LWE-HVS005X,CY8C4146LWE-HVS005X,,,,,56-QFN,-40..125 °C,,active,infineon-device-db:1e7589fe5ce5,https://github.com/Infineon/device-db/tree/1e7589fe5ce5c25b68a5d8866c22c142df9b7555,2026-08-12T10:06:32+00:00,manufacturer_device_database,official_device_db_part_record
infineon::cy8c4146lwe-hvs015,infineon::cy8c4146lwe-hvs015,Infineon,PSOC 4 HVMS,PSOC 4 HVMS,PSOC 4 HVMS (CY8C4146xxx-HVSxxx),CY8C4146LWE-HVS015,CY8C4146LWE-HVS015,,,,,56-QFN,-40..125 °C,,active,infineon-device-db:1e7589fe5ce5,https://github.com/Infineon/device-db/tree/1e7589fe5ce5c25b68a5d8866c22c142df9b7555,2026-08-12T10:06:32+00:00,manufacturer_device_database,official_device_db_part_record
infineon::cy8c4146lwe-hvs015x,infineon::cy8c4146lwe-hvs015x,Infineon,PSOC 4 HVMS,PSOC 4 HVMS,PSOC 4 HVMS (CY8C4146xxx-HVSxxx),CY8C4146LWE-HVS015X,CY8C4146LWE-HVS015X,,,,,56-QFN,-40..125 °C,,active,infineon-device-db:1e7589fe5ce5,https://github.com/Infineon/device-db/tree/1e7589fe5ce5c25b68a5d8866c22c142df9b7555,2026-08-12T10:06:32+00:00,manufacturer_device_database,official_device_db_part_record
infineon::cy8c4146lwe-hvs105,infineon::cy8c4146lwe-hvs105,Infineon,PSOC 4 HVMS,PSOC 4 HVMS,PSOC 4 HVMS (CY8C4146xxx-HVSxxx),CY8C4146LWE-HVS105,CY8C4146LWE-HVS105,,,,,56-QFN,-40..125 °C,,active,infineon-device-db:1e7589fe5ce5,https://github.com/Infineon/device-db/tree/1e7589fe5ce5c25b68a5d8866c22c142df9b7555,2026-08-12T10:06:32+00:00,manufacturer_device_database,official_device_db_part_record
infineon::cy8c4146lwe-hvs105x,infineon::cy8c4146lwe-hvs105x,Infineon,PSOC 4 HVMS,PSOC 4 HVMS,PSOC 4 HVMS (CY8C4146xxx-HVSxxx),CY8C4146LWE-HVS105X,CY8C4146LWE-HVS105X,,,,,56-QFN,-40..125 °C,,active,infineon-device-db:1e7589fe5ce5,https://github.com/Infineon/device-db/tree/1e7589fe5ce5c25b68a5d8866c22c142df9b7555,2026-08-12T10:06:32+00:00,manufacturer_device_database,official_device_db_part_record
infineon::cy8c4146lwe-hvs115,infineon::cy8c4146lwe-hvs115,Infineon,PSOC 4 HVMS,PSOC 4 HVMS,PSOC 4 HVMS (CY8C4146xxx-HVSxxx),CY8C4146LWE-HVS115,CY8C4146LWE-HVS115,,,,,56-QFN,-40..125 °C,,active,infineon-device-db:1e7589fe5ce5,https://github.com/Infineon/device-db/tree/1e7589fe5ce5c25b68a5d8866c22c142df9b7555,2026-08-12T10:06:32+00:00,manufacturer_device_database,official_device_db_part_record
infineon::cy8c4146lwe-hvs115x,infineon::cy8c4146lwe-hvs115x,Infineon,PSOC 4 HVMS,PSOC 4 HVMS,PSOC 4 HVMS (CY8C4146xxx-HVSxxx),CY8C4146LWE-HVS115X,CY8C4146LWE-HVS115X,,,,,56-QFN,-40..125 °C,,active,infineon-device-db:1e7589fe5ce5,https://github.com/Infineon/device-db/tree/1e7589fe5ce5c25b68a5d8866c22c142df9b7555,2026-08-12T10:06:32+00:00,manufacturer_device_database,official_device_db_part_record
infineon::cy8c4146pva-s422,infineon::cy8c4146pva-s422,Infineon,PSOC 4100S,PSOC 4100S,PSOC 4100S (CY8C41x6xxx-Sxxx),CY8C4146PVA-S422,CY8C4146PVA-S422,,,,,28-SSOP-AUTO,-40..85 °C,,active,infineon-device-db:1e7589fe5ce5,https://github.com/Infineon/device-db/tree/1e7589fe5ce5c25b68a5d8866c22c142df9b7555,2026-08-12T10:06:32+00:00,manufacturer_device_database,official_device_db_part_record
infineon::cy8c4146pva-s432,infineon::cy8c4146pva-s432,Infineon,PSOC 4100S,PSOC 4100S,PSOC 4100S (CY8C41x6xxx-Sxxx),CY8C4146PVA-S432,CY8C4146PVA-S432,,,,,28-SSOP-AUTO,-40..85 °C,,active,infineon-device-db:1e7589fe5ce5,https://github.com/Infineon/device-db/tree/1e7589fe5ce5c25b68a5d8866c22c142df9b7555,2026-08-12T10:06:32+00:00,manufacturer_device_database,official_device_db_part_record
infineon::cy8c4146pve-s422,infineon::cy8c4146pve-s422,Infineon,PSOC 4100S,PSOC 4100S,PSOC 4100S (CY8C41x6xxx-Sxxx),CY8C4146PVE-S422,CY8C4146PVE-S422,,,,,28-SSOP-AUTO,-40..125 °C,,active,infineon-device-db:1e7589fe5ce5,https://github.com/Infineon/device-db/tree/1e7589fe5ce5c25b68a5d8866c22c142df9b7555,2026-08-12T10:06:32+00:00,manufacturer_device_database,official_device_db_part_record
infineon::cy8c4146pve-s432,infineon::cy8c4146pve-s432,Infineon,PSOC 4100S,PSOC 4100S,PSOC 4100S (CY8C41x6xxx-Sxxx),CY8C4146PVE-S432,CY8C4146PVE-S432,,,,,28-SSOP-AUTO,-40..125 °C,,active,infineon-device-db:1e7589fe5ce5,https://github.com/Infineon/device-db/tree/1e7589fe5ce5c25b68a5d8866c22c142df9b7555,2026-08-12T10:06:32+00:00,manufacturer_device_database,official_device_db_part_record
infineon::cy8c4146pvs-s422,infineon::cy8c4146pvs-s422,Infineon,PSOC 4100S,PSOC 4100S,PSOC 4100S (CY8C41x6xxx-Sxxx),CY8C4146PVS-S422,CY8C4146PVS-S422,,,,,28-SSOP-AUTO,-40..105 °C,,active,infineon-device-db:1e7589fe5ce5,https://github.com/Infineon/device-db/tree/1e7589fe5ce5c25b68a5d8866c22c142df9b7555,2026-08-12T10:06:32+00:00,manufacturer_device_database,official_device_db_part_record
infineon::cy8c4146pvs-s432,infineon::cy8c4146pvs-s432,Infineon,PSOC 4100S,PSOC 4100S,PSOC 4100S (CY8C41x6xxx-Sxxx),CY8C4146PVS-S432,CY8C4146PVS-S432,,,,,28-SSOP-AUTO,-40..105 °C,,active,infineon-device-db:1e7589fe5ce5,https://github.com/Infineon/device-db/tree/1e7589fe5ce5c25b68a5d8866c22c142df9b7555,2026-08-12T10:06:32+00:00,manufacturer_device_database,official_device_db_part_record
infineon::cy8c4147axi-s443,infineon::cy8c4147axi-s443,Infineon,PSOC 4100S Plus,PSOC 4100S Plus,PSOC 4100S Plus (CY8C41x7xxx-Sxxx),CY8C4147AXI-S443,CY8C4147AXI-S443,,,,,44-TQFP,-40..85 °C,,active,infineon-device-db:1e7589fe5ce5,https://github.com/Infineon/device-db/tree/1e7589fe5ce5c25b68a5d8866c22c142df9b7555,2026-08-12T10:06:32+00:00,manufacturer_device_database,official_device_db_part_record
infineon::cy8c4147axi-s445,infineon::cy8c4147axi-s445,Infineon,PSOC 4100S Plus,PSOC 4100S Plus,PSOC 4100S Plus (CY8C41x7xxx-Sxxx),CY8C4147AXI-S445,CY8C4147AXI-S445,,,,,64-TQFP,-40..85 °C,,active,infineon-device-db:1e7589fe5ce5,https://github.com/Infineon/device-db/tree/1e7589fe5ce5c25b68a5d8866c22c142df9b7555,2026-08-12T10:06:32+00:00,manufacturer_device_database,official_device_db_part_record
infineon::cy8c4147axi-s453,infineon::cy8c4147axi-s453,Infineon,PSOC 4100S Plus,PSOC 4100S Plus,PSOC 4100S Plus (CY8C41x7xxx-Sxxx),CY8C4147AXI-S453,CY8C4147AXI-S453,,,,,44-TQFP,-40..85 °C,,active,infineon-device-db:1e7589fe5ce5,https://github.com/Infineon/device-db/tree/1e7589fe5ce5c25b68a5d8866c22c142df9b7555,2026-08-12T10:06:32+00:00,manufacturer_device_database,official_device_db_part_record
infineon::cy8c4147axi-s455,infineon::cy8c4147axi-s455,Infineon,PSOC 4100S Plus,PSOC 4100S Plus,PSOC 4100S Plus (CY8C41x7xxx-Sxxx),CY8C4147AXI-S455,CY8C4147AXI-S455,,,,,64-TQFP,-40..85 °C,,active,infineon-device-db:1e7589fe5ce5,https://github.com/Infineon/device-db/tree/1e7589fe5ce5c25b68a5d8866c22c142df9b7555,2026-08-12T10:06:32+00:00,manufacturer_device_database,official_device_db_part_record
infineon::cy8c4147axi-s465,infineon::cy8c4147axi-s465,Infineon,PSOC 4100S Plus,PSOC 4100S Plus,PSOC 4100S Plus (CY8C41x7xxx-Sxxx),CY8C4147AXI-S465,CY8C4147AXI-S465,,,,,64-TQFP,-40..85 °C,,active,infineon-device-db:1e7589fe5ce5,https://github.com/Infineon/device-db/tree/1e7589fe5ce5c25b68a5d8866c22c142df9b7555,2026-08-12T10:06:32+00:00,manufacturer_device_database,official_device_db_part_record
infineon::cy8c4147axi-s475,infineon::cy8c4147axi-s475,Infineon,PSOC 4100S Plus,PSOC 4100S Plus,PSOC 4100S Plus (CY8C41x7xxx-Sxxx),CY8C4147AXI-S475,CY8C4147AXI-S475,,,,,64-TQFP,-40..85 °C,,active,infineon-device-db:1e7589fe5ce5,https://github.com/Infineon/device-db/tree/1e7589fe5ce5c25b68a5d8866c22c142df9b7555,2026-08-12T10:06:32+00:00,manufacturer_device_database,official_device_db_part_record
infineon::cy8c4147axi-t403,infineon::cy8c4147axi-t403,Infineon,PSOC 4100T Plus,PSOC 4100T Plus,PSOC 4100T Plus (CY8C4147xxx-Txxx) 16KB SRAM,CY8C4147AXI-T403,CY8C4147AXI-T403,,,,,44-TQFP,-40..85 °C,,active,infineon-device-db:1e7589fe5ce5,https://github.com/Infineon/device-db/tree/1e7589fe5ce5c25b68a5d8866c22c142df9b7555,2026-08-12T10:06:32+00:00,manufacturer_device_database,official_device_db_part_record
infineon::cy8c4147axi-t413,infineon::cy8c4147axi-t413,Infineon,PSOC 4100T Plus,PSOC 4100T Plus,PSOC 4100T Plus (CY8C4147xxx-Txxx) 16KB SRAM,CY8C4147AXI-T413,CY8C4147AXI-T413,,,,,44-TQFP,-40..85 °C,,active,infineon-device-db:1e7589fe5ce5,https://github.com/Infineon/device-db/tree/1e7589fe5ce5c25b68a5d8866c22c142df9b7555,2026-08-12T10:06:32+00:00,manufacturer_device_database,official_device_db_part_record
infineon::cy8c4147axi-t453,infineon::cy8c4147axi-t453,Infineon,PSOC 4100T Plus,PSOC 4100T Plus,PSOC 4100T Plus (CY8C4147xxx-Txxx) 16KB SRAM,CY8C4147AXI-T453,CY8C4147AXI-T453,,,,,44-TQFP,-40..85 °C,,active,infineon-device-db:1e7589fe5ce5,https://github.com/Infineon/device-db/tree/1e7589fe5ce5c25b68a5d8866c22c142df9b7555,2026-08-12T10:06:32+00:00,manufacturer_device_database,official_device_db_part_record
infineon::cy8c4147axi-t463,infineon::cy8c4147axi-t463,Infineon,PSOC 4100T Plus,PSOC 4100T Plus,PSOC 4100T Plus (CY8C4147xxx-Txxx) 32KB SRAM,CY8C4147AXI-T463,CY8C4147AXI-T463,,,,,44-TQFP,-40..85 °C,,active,infineon-device-db:1e7589fe5ce5,https://github.com/Infineon/device-db/tree/1e7589fe5ce5c25b68a5d8866c22c142df9b7555,2026-08-12T10:06:32+00:00,manufacturer_device_database,official_device_db_part_record
infineon::cy8c4147axi-t473,infineon::cy8c4147axi-t473,Infineon,PSOC 4100T Plus,PSOC 4100T Plus,PSOC 4100T Plus (CY8C4147xxx-Txxx) 32KB SRAM,CY8C4147AXI-T473,CY8C4147AXI-T473,,,,,44-TQFP,-40..85 °C,,active,infineon-device-db:1e7589fe5ce5,https://github.com/Infineon/device-db/tree/1e7589fe5ce5c25b68a5d8866c22c142df9b7555,2026-08-12T10:06:32+00:00,manufacturer_device_database,official_device_db_part_record
infineon::cy8c4147axq-t493,infineon::cy8c4147axq-t493,Infineon,PSOC 4100T Plus,PSOC 4100T Plus,PSOC 4100T Plus (CY8C4147xxx-Txxx) 32KB SRAM,CY8C4147AXQ-T493,CY8C4147AXQ-T493,,,,,44-TQFP,-40..105 °C,,active,infineon-device-db:1e7589fe5ce5,https://github.com/Infineon/device-db/tree/1e7589fe5ce5c25b68a5d8866c22c142df9b7555,2026-08-12T10:06:32+00:00,manufacturer_device_database,official_device_db_part_record
infineon::cy8c4147aza-s245,infineon::cy8c4147aza-s245,Infineon,PSOC 4100S Plus,PSOC 4100S Plus,PSOC 4100S Plus (CY8C41x7xxx-Sxxx),CY8C4147AZA-S245,CY8C4147AZA-S245,,,,,64-TQFP,-40..85 °C,,active,infineon-device-db:1e7589fe5ce5,https://github.com/Infineon/device-db/tree/1e7589fe5ce5c25b68a5d8866c22c142df9b7555,2026-08-12T10:06:32+00:00,manufacturer_device_database,official_device_db_part_record
infineon::cy8c4147aza-s255,infineon::cy8c4147aza-s255,Infineon,PSOC 4100S Plus,PSOC 4100S Plus,PSOC 4100S Plus (CY8C41x7xxx-Sxxx),CY8C4147AZA-S255,CY8C4147AZA-S255,,,,,64-TQFP,-40..85 °C,,active,infineon-device-db:1e7589fe5ce5,https://github.com/Infineon/device-db/tree/1e7589fe5ce5c25b68a5d8866c22c142df9b7555,2026-08-12T10:06:32+00:00,manufacturer_device_database,official_device_db_part_record
infineon::cy8c4147aza-s265,infineon::cy8c4147aza-s265,Infineon,PSOC 4100S Plus,PSOC 4100S Plus,PSOC 4100S Plus (CY8C41x7xxx-Sxxx),CY8C4147AZA-S265,CY8C4147AZA-S265,,,,,64-TQFP,-40..85 °C,,active,infineon-device-db:1e7589fe5ce5,https://github.com/Infineon/device-db/tree/1e7589fe5ce5c25b68a5d8866c22c142df9b7555,2026-08-12T10:06:32+00:00,manufacturer_device_database,official_device_db_part_record
infineon::cy8c4147aza-s275,infineon::cy8c4147aza-s275,Infineon,PSOC 4100S Plus,PSOC 4100S Plus,PSOC 4100S Plus (CY8C41x7xxx-Sxxx),CY8C4147AZA-S275,CY8C4147AZA-S275,,,,,64-TQFP,-40..85 °C,,active,infineon-device-db:1e7589fe5ce5,https://github.com/Infineon/device-db/tree/1e7589fe5ce5c25b68a5d8866c22c142df9b7555,2026-08-12T10:06:32+00:00,manufacturer_device_database,official_device_db_part_record
infineon::cy8c4147aza-s285,infineon::cy8c4147aza-s285,Infineon,PSOC 4100S Plus,PSOC 4100S Plus,PSOC 4100S Plus (CY8C41x7xxx-Sxxx),CY8C4147AZA-S285,CY8C4147AZA-S285,,,,,64-TQFP,-40..85 °C,,active,infineon-device-db:1e7589fe5ce5,https://github.com/Infineon/device-db/tree/1e7589fe5ce5c25b68a5d8866c22c142df9b7555,2026-08-12T10:06:32+00:00,manufacturer_device_database,official_device_db_part_record
infineon::cy8c4147aza-s295,infineon::cy8c4147aza-s295,Infineon,PSOC 4100S Plus,PSOC 4100S Plus,PSOC 4100S Plus (CY8C41x7xxx-Sxxx),CY8C4147AZA-S295,CY8C4147AZA-S295,,,,,64-TQFP,-40..85 °C,,active,infineon-device-db:1e7589fe5ce5,https://github.com/Infineon/device-db/tree/1e7589fe5ce5c25b68a5d8866c22c142df9b7555,2026-08-12T10:06:32+00:00,manufacturer_device_database,official_device_db_part_record
infineon::cy8c4147aza-s445,infineon::cy8c4147aza-s445,Infineon,PSOC 4100S Plus,PSOC 4100S Plus,PSOC 4100S Plus (CY8C41x7xxx-Sxxx),CY8C4147AZA-S445,CY8C4147AZA-S445,,,,,64-TQFP,-40..85 °C,,active,infineon-device-db:1e7589fe5ce5,https://github.com/Infineon/device-db/tree/1e7589fe5ce5c25b68a5d8866c22c142df9b7555,2026-08-12T10:06:32+00:00,manufacturer_device_database,official_device_db_part_record
infineon::cy8c4147aza-s455,infineon::cy8c4147aza-s455,Infineon,PSOC 4100S Plus,PSOC 4100S Plus,PSOC 4100S Plus (CY8C41x7xxx-Sxxx),CY8C4147AZA-S455,CY8C4147AZA-S455,,,,,64-TQFP,-40..85 °C,,active,infineon-device-db:1e7589fe5ce5,https://github.com/Infineon/device-db/tree/1e7589fe5ce5c25b68a5d8866c22c142df9b7555,2026-08-12T10:06:32+00:00,manufacturer_device_database,official_device_db_part_record
infineon::cy8c4147aza-s465,infineon::cy8c4147aza-s465,Infineon,PSOC 4100S Plus,PSOC 4100S Plus,PSOC 4100S Plus (CY8C41x7xxx-Sxxx),CY8C4147AZA-S465,CY8C4147AZA-S465,,,,,64-TQFP,-40..85 °C,,active,infineon-device-db:1e7589fe5ce5,https://github.com/Infineon/device-db/tree/1e7589fe5ce5c25b68a5d8866c22c142df9b7555,2026-08-12T10:06:32+00:00,manufacturer_device_database,official_device_db_part_record
infineon::cy8c4147aza-s475,infineon::cy8c4147aza-s475,Infineon,PSOC 4100S Plus,PSOC 4100S Plus,PSOC 4100S Plus (CY8C41x7xxx-Sxxx),CY8C4147AZA-S475,CY8C4147AZA-S475,,,,,64-TQFP,-40..85 °C,,active,infineon-device-db:1e7589fe5ce5,https://github.com/Infineon/device-db/tree/1e7589fe5ce5c25b68a5d8866c22c142df9b7555,2026-08-12T10:06:32+00:00,manufacturer_device_database,official_device_db_part_record
infineon::cy8c4147aza-s548,infineon::cy8c4147aza-s548,Infineon,PSOC 4100S Max,PSOC 4100S Max,PSOC 4100S Max (CY8C4147xxx-Sxxx),CY8C4147AZA-S548,CY8C4147AZA-S548,,,,,100-TQFP,-40..85 °C,,active,infineon-device-db:1e7589fe5ce5,https://github.com/Infineon/device-db/tree/1e7589fe5ce5c25b68a5d8866c22c142df9b7555,2026-08-12T10:06:32+00:00,manufacturer_device_database,official_device_db_part_record
infineon::cy8c4147aza-s555,infineon::cy8c4147aza-s555,Infineon,PSOC 4100S Max,PSOC 4100S Max,PSOC 4100S Max (CY8C4147xxx-Sxxx),CY8C4147AZA-S555,CY8C4147AZA-S555,,,,,64-TQFP,-40..85 °C,,active,infineon-device-db:1e7589fe5ce5,https://github.com/Infineon/device-db/tree/1e7589fe5ce5c25b68a5d8866c22c142df9b7555,2026-08-12T10:06:32+00:00,manufacturer_device_database,official_device_db_part_record
infineon::cy8c4147aza-s558,infineon::cy8c4147aza-s558,Infineon,PSOC 4100S Max,PSOC 4100S Max,PSOC 4100S Max (CY8C4147xxx-Sxxx),CY8C4147AZA-S558,CY8C4147AZA-S558,,,,,100-TQFP,-40..85 °C,,active,infineon-device-db:1e7589fe5ce5,https://github.com/Infineon/device-db/tree/1e7589fe5ce5c25b68a5d8866c22c142df9b7555,2026-08-12T10:06:32+00:00,manufacturer_device_database,official_device_db_part_record
infineon::cy8c4147aza-s565,infineon::cy8c4147aza-s565,Infineon,PSOC 4100S Max,PSOC 4100S Max,PSOC 4100S Max (CY8C4147xxx-Sxxx),CY8C4147AZA-S565,CY8C4147AZA-S565,,,,,64-TQFP,-40..85 °C,,active,infineon-device-db:1e7589fe5ce5,https://github.com/Infineon/device-db/tree/1e7589fe5ce5c25b68a5d8866c22c142df9b7555,2026-08-12T10:06:32+00:00,manufacturer_device_database,official_device_db_part_record
infineon::cy8c4147aza-s568,infineon::cy8c4147aza-s568,Infineon,PSOC 4100S Max,PSOC 4100S Max,PSOC 4100S Max (CY8C4147xxx-Sxxx),CY8C4147AZA-S568,CY8C4147AZA-S568,,,,,100-TQFP,-40..85 °C,,active,infineon-device-db:1e7589fe5ce5,https://github.com/Infineon/device-db/tree/1e7589fe5ce5c25b68a5d8866c22c142df9b7555,2026-08-12T10:06:32+00:00,manufacturer_device_database,official_device_db_part_record
infineon::cy8c4147aza-s575,infineon::cy8c4147aza-s575,Infineon,PSOC 4100S Max,PSOC 4100S Max,PSOC 4100S Max (CY8C4147xxx-Sxxx),CY8C4147AZA-S575,CY8C4147AZA-S575,,,,,64-TQFP,-40..85 °C,,active,infineon-device-db:1e7589fe5ce5,https://github.com/Infineon/device-db/tree/1e7589fe5ce5c25b68a5d8866c22c142df9b7555,2026-08-12T10:06:32+00:00,manufacturer_device_database,official_device_db_part_record
infineon::cy8c4147aza-s578,infineon::cy8c4147aza-s578,Infineon,PSOC 4100S Max,PSOC 4100S Max,PSOC 4100S Max (CY8C4147xxx-Sxxx),CY8C4147AZA-S578,CY8C4147AZA-S578,,,,,100-TQFP,-40..85 °C,,active,infineon-device-db:1e7589fe5ce5,https://github.com/Infineon/device-db/tree/1e7589fe5ce5c25b68a5d8866c22c142df9b7555,2026-08-12T10:06:32+00:00,manufacturer_device_database,official_device_db_part_record
infineon::cy8c4147aza-s585,infineon::cy8c4147aza-s585,Infineon,PSOC 4100S Max,PSOC 4100S Max,PSOC 4100S Max (CY8C4147xxx-Sxxx),CY8C4147AZA-S585,CY8C4147AZA-S585,,,,,64-TQFP,-40..85 °C,,active,infineon-device-db:1e7589fe5ce5,https://github.com/Infineon/device-db/tree/1e7589fe5ce5c25b68a5d8866c22c142df9b7555,2026-08-12T10:06:32+00:00,manufacturer_device_database,official_device_db_part_record
infineon::cy8c4147aza-s588,infineon::cy8c4147aza-s588,Infineon,PSOC 4100S Max,PSOC 4100S Max,PSOC 4100S Max (CY8C4147xxx-Sxxx),CY8C4147AZA-S588,CY8C4147AZA-S588,,,,,100-TQFP,-40..85 °C,,active,infineon-device-db:1e7589fe5ce5,https://github.com/Infineon/device-db/tree/1e7589fe5ce5c25b68a5d8866c22c142df9b7555,2026-08-12T10:06:32+00:00,manufacturer_device_database,official_device_db_part_record
infineon::cy8c4147aza-s595,infineon::cy8c4147aza-s595,Infineon,PSOC 4100S Max,PSOC 4100S Max,PSOC 4100S Max (CY8C4147xxx-Sxxx),CY8C4147AZA-S595,CY8C4147AZA-S595,,,,,64-TQFP,-40..85 °C,,active,infineon-device-db:1e7589fe5ce5,https://github.com/Infineon/device-db/tree/1e7589fe5ce5c25b68a5d8866c22c142df9b7555,2026-08-12T10:06:32+00:00,manufacturer_device_database,official_device_db_part_record
infineon::cy8c4147aza-s598,infineon::cy8c4147aza-s598,Infineon,PSOC 4100S Max,PSOC 4100S Max,PSOC 4100S Max (CY8C4147xxx-Sxxx),CY8C4147AZA-S598,CY8C4147AZA-S598,,,,,100-TQFP,-40..85 °C,,active,infineon-device-db:1e7589fe5ce5,https://github.com/Infineon/device-db/tree/1e7589fe5ce5c25b68a5d8866c22c142df9b7555,2026-08-12T10:06:32+00:00,manufacturer_device_database,official_device_db_part_record
infineon::cy8c4147aze-s245,infineon::cy8c4147aze-s245,Infineon,PSOC 4100S Plus,PSOC 4100S Plus,PSOC 4100S Plus (CY8C41x7xxx-Sxxx),CY8C4147AZE-S245,CY8C4147AZE-S245,,,,,64-TQFP,-40..125 °C,,active,infineon-device-db:1e7589fe5ce5,https://github.com/Infineon/device-db/tree/1e7589fe5ce5c25b68a5d8866c22c142df9b7555,2026-08-12T10:06:32+00:00,manufacturer_device_database,official_device_db_part_record
infineon::cy8c4147aze-s255,infineon::cy8c4147aze-s255,Infineon,PSOC 4100S Plus,PSOC 4100S Plus,PSOC 4100S Plus (CY8C41x7xxx-Sxxx),CY8C4147AZE-S255,CY8C4147AZE-S255,,,,,64-TQFP,-40..125 °C,,active,infineon-device-db:1e7589fe5ce5,https://github.com/Infineon/device-db/tree/1e7589fe5ce5c25b68a5d8866c22c142df9b7555,2026-08-12T10:06:32+00:00,manufacturer_device_database,official_device_db_part_record
infineon::cy8c4147aze-s265,infineon::cy8c4147aze-s265,Infineon,PSOC 4100S Plus,PSOC 4100S Plus,PSOC 4100S Plus (CY8C41x7xxx-Sxxx),CY8C4147AZE-S265,CY8C4147AZE-S265,,,,,64-TQFP,-40..125 °C,,active,infineon-device-db:1e7589fe5ce5,https://github.com/Infineon/device-db/tree/1e7589fe5ce5c25b68a5d8866c22c142df9b7555,2026-08-12T10:06:32+00:00,manufacturer_device_database,official_device_db_part_record
infineon::cy8c4147aze-s275,infineon::cy8c4147aze-s275,Infineon,PSOC 4100S Plus,PSOC 4100S Plus,PSOC 4100S Plus (CY8C41x7xxx-Sxxx),CY8C4147AZE-S275,CY8C4147AZE-S275,,,,,64-TQFP,-40..125 °C,,active,infineon-device-db:1e7589fe5ce5,https://github.com/Infineon/device-db/tree/1e7589fe5ce5c25b68a5d8866c22c142df9b7555,2026-08-12T10:06:32+00:00,manufacturer_device_database,official_device_db_part_record
infineon::cy8c4147aze-s285,infineon::cy8c4147aze-s285,Infineon,PSOC 4100S Plus,PSOC 4100S Plus,PSOC 4100S Plus (CY8C41x7xxx-Sxxx),CY8C4147AZE-S285,CY8C4147AZE-S285,,,,,64-TQFP,-40..125 °C,,active,infineon-device-db:1e7589fe5ce5,https://github.com/Infineon/device-db/tree/1e7589fe5ce5c25b68a5d8866c22c142df9b7555,2026-08-12T10:06:32+00:00,manufacturer_device_database,official_device_db_part_record
infineon::cy8c4147aze-s295,infineon::cy8c4147aze-s295,Infineon,PSOC 4100S Plus,PSOC 4100S Plus,PSOC 4100S Plus (CY8C41x7xxx-Sxxx),CY8C4147AZE-S295,CY8C4147AZE-S295,,,,,64-TQFP,-40..125 °C,,active,infineon-device-db:1e7589fe5ce5,https://github.com/Infineon/device-db/tree/1e7589fe5ce5c25b68a5d8866c22c142df9b7555,2026-08-12T10:06:32+00:00,manufacturer_device_database,official_device_db_part_record
infineon::cy8c4147aze-s445,infineon::cy8c4147aze-s445,Infineon,PSOC 4100S Plus,PSOC 4100S Plus,PSOC 4100S Plus (CY8C41x7xxx-Sxxx),CY8C4147AZE-S445,CY8C4147AZE-S445,,,,,64-TQFP,-40..125 °C,,active,infineon-device-db:1e7589fe5ce5,https://github.com/Infineon/device-db/tree/1e7589fe5ce5c25b68a5d8866c22c142df9b7555,2026-08-12T10:06:32+00:00,manufacturer_device_database,official_device_db_part_record
infineon::cy8c4147aze-s455,infineon::cy8c4147aze-s455,Infineon,PSOC 4100S Plus,PSOC 4100S Plus,PSOC 4100S Plus (CY8C41x7xxx-Sxxx),CY8C4147AZE-S455,CY8C4147AZE-S455,,,,,64-TQFP,-40..125 °C,,active,infineon-device-db:1e7589fe5ce5,https://github.com/Infineon/device-db/tree/1e7589fe5ce5c25b68a5d8866c22c142df9b7555,2026-08-12T10:06:32+00:00,manufacturer_device_database,official_device_db_part_record
infineon::cy8c4147aze-s465,infineon::cy8c4147aze-s465,Infineon,PSOC 4100S Plus,PSOC 4100S Plus,PSOC 4100S Plus (CY8C41x7xxx-Sxxx),CY8C4147AZE-S465,CY8C4147AZE-S465,,,,,64-TQFP,-40..125 °C,,active,infineon-device-db:1e7589fe5ce5,https://github.com/Infineon/device-db/tree/1e7589fe5ce5c25b68a5d8866c22c142df9b7555,2026-08-12T10:06:32+00:00,manufacturer_device_database,official_device_db_part_record
infineon::cy8c4147aze-s475,infineon::cy8c4147aze-s475,Infineon,PSOC 4100S Plus,PSOC 4100S Plus,PSOC 4100S Plus (CY8C41x7xxx-Sxxx),CY8C4147AZE-S475,CY8C4147AZE-S475,,,,,64-TQFP,-40..125 °C,,active,infineon-device-db:1e7589fe5ce5,https://github.com/Infineon/device-db/tree/1e7589fe5ce5c25b68a5d8866c22c142df9b7555,2026-08-12T10:06:32+00:00,manufacturer_device_database,official_device_db_part_record
infineon::cy8c4147aze-s548,infineon::cy8c4147aze-s548,Infineon,PSOC 4100S Max,PSOC 4100S Max,PSOC 4100S Max (CY8C4147xxx-Sxxx),CY8C4147AZE-S548,CY8C4147AZE-S548,,,,,100-TQFP,-40..125 °C,,active,infineon-device-db:1e7589fe5ce5,https://github.com/Infineon/device-db/tree/1e7589fe5ce5c25b68a5d8866c22c142df9b7555,2026-08-12T10:06:32+00:00,manufacturer_device_database,official_device_db_part_record
infineon::cy8c4147aze-s555,infineon::cy8c4147aze-s555,Infineon,PSOC 4100S Max,PSOC 4100S Max,PSOC 4100S Max (CY8C4147xxx-Sxxx),CY8C4147AZE-S555,CY8C4147AZE-S555,,,,,64-TQFP,-40..125 °C,,active,infineon-device-db:1e7589fe5ce5,https://github.com/Infineon/device-db/tree/1e7589fe5ce5c25b68a5d8866c22c142df9b7555,2026-08-12T10:06:32+00:00,manufacturer_device_database,official_device_db_part_record
infineon::cy8c4147aze-s558,infineon::cy8c4147aze-s558,Infineon,PSOC 4100S Max,PSOC 4100S Max,PSOC 4100S Max (CY8C4147xxx-Sxxx),CY8C4147AZE-S558,CY8C4147AZE-S558,,,,,100-TQFP,-40..125 °C,,active,infineon-device-db:1e7589fe5ce5,https://github.com/Infineon/device-db/tree/1e7589fe5ce5c25b68a5d8866c22c142df9b7555,2026-08-12T10:06:32+00:00,manufacturer_device_database,official_device_db_part_record
infineon::cy8c4147aze-s565,infineon::cy8c4147aze-s565,Infineon,PSOC 4100S Max,PSOC 4100S Max,PSOC 4100S Max (CY8C4147xxx-Sxxx),CY8C4147AZE-S565,CY8C4147AZE-S565,,,,,64-TQFP,-40..125 °C,,active,infineon-device-db:1e7589fe5ce5,https://github.com/Infineon/device-db/tree/1e7589fe5ce5c25b68a5d8866c22c142df9b7555,2026-08-12T10:06:32+00:00,manufacturer_device_database,official_device_db_part_record
infineon::cy8c4147aze-s568,infineon::cy8c4147aze-s568,Infineon,PSOC 4100S Max,PSOC 4100S Max,PSOC 4100S Max (CY8C4147xxx-Sxxx),CY8C4147AZE-S568,CY8C4147AZE-S568,,,,,100-TQFP,-40..125 °C,,active,infineon-device-db:1e7589fe5ce5,https://github.com/Infineon/device-db/tree/1e7589fe5ce5c25b68a5d8866c22c142df9b7555,2026-08-12T10:06:32+00:00,manufacturer_device_database,official_device_db_part_record
infineon::cy8c4147aze-s575,infineon::cy8c4147aze-s575,Infineon,PSOC 4100S Max,PSOC 4100S Max,PSOC 4100S Max (CY8C4147xxx-Sxxx),CY8C4147AZE-S575,CY8C4147AZE-S575,,,,,64-TQFP,-40..125 °C,,active,infineon-device-db:1e7589fe5ce5,https://github.com/Infineon/device-db/tree/1e7589fe5ce5c25b68a5d8866c22c142df9b7555,2026-08-12T10:06:32+00:00,manufacturer_device_database,official_device_db_part_record
infineon::cy8c4147aze-s578,infineon::cy8c4147aze-s578,Infineon,PSOC 4100S Max,PSOC 4100S Max,PSOC 4100S Max (CY8C4147xxx-Sxxx),CY8C4147AZE-S578,CY8C4147AZE-S578,,,,,100-TQFP,-40..125 °C,,active,infineon-device-db:1e7589fe5ce5,https://github.com/Infineon/device-db/tree/1e7589fe5ce5c25b68a5d8866c22c142df9b7555,2026-08-12T10:06:32+00:00,manufacturer_device_database,official_device_db_part_record
infineon::cy8c4147aze-s585,infineon::cy8c4147aze-s585,Infineon,PSOC 4100S Max,PSOC 4100S Max,PSOC 4100S Max (CY8C4147xxx-Sxxx),CY8C4147AZE-S585,CY8C4147AZE-S585,,,,,64-TQFP,-40..125 °C,,active,infineon-device-db:1e7589fe5ce5,https://github.com/Infineon/device-db/tree/1e7589fe5ce5c25b68a5d8866c22c142df9b7555,2026-08-12T10:06:32+00:00,manufacturer_device_database,official_device_db_part_record
infineon::cy8c4147aze-s588,infineon::cy8c4147aze-s588,Infineon,PSOC 4100S Max,PSOC 4100S Max,PSOC 4100S Max (CY8C4147xxx-Sxxx),CY8C4147AZE-S588,CY8C4147AZE-S588,,,,,100-TQFP,-40..125 °C,,active,infineon-device-db:1e7589fe5ce5,https://github.com/Infineon/device-db/tree/1e7589fe5ce5c25b68a5d8866c22c142df9b7555,2026-08-12T10:06:32+00:00,manufacturer_device_database,official_device_db_part_record
infineon::cy8c4147aze-s595,infineon::cy8c4147aze-s595,Infineon,PSOC 4100S Max,PSOC 4100S Max,PSOC 4100S Max (CY8C4147xxx-Sxxx),CY8C4147AZE-S595,CY8C4147AZE-S595,,,,,64-TQFP,-40..125 °C,,active,infineon-device-db:1e7589fe5ce5,https://github.com/Infineon/device-db/tree/1e7589fe5ce5c25b68a5d8866c22c142df9b7555,2026-08-12T10:06:32+00:00,manufacturer_device_database,official_device_db_part_record
infineon::cy8c4147aze-s598,infineon::cy8c4147aze-s598,Infineon,PSOC 4100S Max,PSOC 4100S Max,PSOC 4100S Max (CY8C4147xxx-Sxxx),CY8C4147AZE-S598,CY8C4147AZE-S598,,,,,100-TQFP,-40..125 °C,,active,infineon-device-db:1e7589fe5ce5,https://github.com/Infineon/device-db/tree/1e7589fe5ce5c25b68a5d8866c22c142df9b7555,2026-08-12T10:06:32+00:00,manufacturer_device_database,official_device_db_part_record
infineon::cy8c4147azi-s443,infineon::cy8c4147azi-s443,Infineon,PSOC 4100S Plus,PSOC 4100S Plus,PSOC 4100S Plus (CY8C41x7xxx-Sxxx),CY8C4147AZI-S443,CY8C4147AZI-S443,,,,,48-TQFP,-40..85 °C,,active,infineon-device-db:1e7589fe5ce5,https://github.com/Infineon/device-db/tree/1e7589fe5ce5c25b68a5d8866c22c142df9b7555,2026-08-12T10:06:32+00:00,manufacturer_device_database,official_device_db_part_record
infineon::cy8c4147azi-s445,infineon::cy8c4147azi-s445,Infineon,PSOC 4100S Plus,PSOC 4100S Plus,PSOC 4100S Plus (CY8C41x7xxx-Sxxx),CY8C4147AZI-S445,CY8C4147AZI-S445,,,,,64-TQFP,-40..85 °C,,active,infineon-device-db:1e7589fe5ce5,https://github.com/Infineon/device-db/tree/1e7589fe5ce5c25b68a5d8866c22c142df9b7555,2026-08-12T10:06:32+00:00,manufacturer_device_database,official_device_db_part_record
infineon::cy8c4147azi-s453,infineon::cy8c4147azi-s453,Infineon,PSOC 4100S Plus,PSOC 4100S Plus,PSOC 4100S Plus (CY8C41x7xxx-Sxxx),CY8C4147AZI-S453,CY8C4147AZI-S453,,,,,48-TQFP,-40..85 °C,,active,infineon-device-db:1e7589fe5ce5,https://github.com/Infineon/device-db/tree/1e7589fe5ce5c25b68a5d8866c22c142df9b7555,2026-08-12T10:06:32+00:00,manufacturer_device_database,official_device_db_part_record
infineon::cy8c4147azi-s455,infineon::cy8c4147azi-s455,Infineon,PSOC 4100S Plus,PSOC 4100S Plus,PSOC 4100S Plus (CY8C41x7xxx-Sxxx),CY8C4147AZI-S455,CY8C4147AZI-S455,,,,,64-TQFP,-40..85 °C,,active,infineon-device-db:1e7589fe5ce5,https://github.com/Infineon/device-db/tree/1e7589fe5ce5c25b68a5d8866c22c142df9b7555,2026-08-12T10:06:32+00:00,manufacturer_device_database,official_device_db_part_record
infineon::cy8c4147azi-s463,infineon::cy8c4147azi-s463,Infineon,PSOC 4100S Plus,PSOC 4100S Plus,PSOC 4100S Plus (CY8C41x7xxx-Sxxx),CY8C4147AZI-S463,CY8C4147AZI-S463,,,,,48-TQFP,-40..85 °C,,active,infineon-device-db:1e7589fe5ce5,https://github.com/Infineon/device-db/tree/1e7589fe5ce5c25b68a5d8866c22c142df9b7555,2026-08-12T10:06:32+00:00,manufacturer_device_database,official_device_db_part_record
infineon::cy8c4147azi-s465,infineon::cy8c4147azi-s465,Infineon,PSOC 4100S Plus,PSOC 4100S Plus,PSOC 4100S Plus (CY8C41x7xxx-Sxxx),CY8C4147AZI-S465,CY8C4147AZI-S465,,,,,64-TQFP,-40..85 °C,,active,infineon-device-db:1e7589fe5ce5,https://github.com/Infineon/device-db/tree/1e7589fe5ce5c25b68a5d8866c22c142df9b7555,2026-08-12T10:06:32+00:00,manufacturer_device_database,official_device_db_part_record
infineon::cy8c4147azi-s475,infineon::cy8c4147azi-s475,Infineon,PSOC 4100S Plus,PSOC 4100S Plus,PSOC 4100S Plus (CY8C41x7xxx-Sxxx),CY8C4147AZI-S475,CY8C4147AZI-S475,,,,,64-TQFP,-40..85 °C,,active,infineon-device-db:1e7589fe5ce5,https://github.com/Infineon/device-db/tree/1e7589fe5ce5c25b68a5d8866c22c142df9b7555,2026-08-12T10:06:32+00:00,manufacturer_device_database,official_device_db_part_record
infineon::cy8c4147azi-t403,infineon::cy8c4147azi-t403,Infineon,PSOC 4100T Plus,PSOC 4100T Plus,PSOC 4100T Plus (CY8C4147xxx-Txxx) 16KB SRAM,CY8C4147AZI-T403,CY8C4147AZI-T403,,,,,48-TQFP,-40..85 °C,,active,infineon-device-db:1e7589fe5ce5,https://github.com/Infineon/device-db/tree/1e7589fe5ce5c25b68a5d8866c22c142df9b7555,2026-08-12T10:06:32+00:00,manufacturer_device_database,official_device_db_part_record
infineon::cy8c4147azi-t405,infineon::cy8c4147azi-t405,Infineon,PSOC 4100T Plus,PSOC 4100T Plus,PSOC 4100T Plus (CY8C4147xxx-Txxx) 16KB SRAM,CY8C4147AZI-T405,CY8C4147AZI-T405,,,,,64-TQFP,-40..85 °C,,active,infineon-device-db:1e7589fe5ce5,https://github.com/Infineon/device-db/tree/1e7589fe5ce5c25b68a5d8866c22c142df9b7555,2026-08-12T10:06:32+00:00,manufacturer_device_database,official_device_db_part_record
infineon::cy8c4147azi-t413,infineon::cy8c4147azi-t413,Infineon,PSOC 4100T Plus,PSOC 4100T Plus,PSOC 4100T Plus (CY8C4147xxx-Txxx) 16KB SRAM,CY8C4147AZI-T413,CY8C4147AZI-T413,,,,,48-TQFP,-40..85 °C,,active,infineon-device-db:1e7589fe5ce5,https://github.com/Infineon/device-db/tree/1e7589fe5ce5c25b68a5d8866c22c142df9b7555,2026-08-12T10:06:32+00:00,manufacturer_device_database,official_device_db_part_record
infineon::cy8c4147azi-t415,infineon::cy8c4147azi-t415,Infineon,PSOC 4100T Plus,PSOC 4100T Plus,PSOC 4100T Plus (CY8C4147xxx-Txxx) 16KB SRAM,CY8C4147AZI-T415,CY8C4147AZI-T415,,,,,64-TQFP,-40..85 °C,,active,infineon-device-db:1e7589fe5ce5,https://github.com/Infineon/device-db/tree/1e7589fe5ce5c25b68a5d8866c22c142df9b7555,2026-08-12T10:06:32+00:00,manufacturer_device_database,official_device_db_part_record
infineon::cy8c4147azi-t453,infineon::cy8c4147azi-t453,Infineon,PSOC 4100T Plus,PSOC 4100T Plus,PSOC 4100T Plus (CY8C4147xxx-Txxx) 16KB SRAM,CY8C4147AZI-T453,CY8C4147AZI-T453,,,,,48-TQFP,-40..85 °C,,active,infineon-device-db:1e7589fe5ce5,https://github.com/Infineon/device-db/tree/1e7589fe5ce5c25b68a5d8866c22c142df9b7555,2026-08-12T10:06:32+00:00,manufacturer_device_database,official_device_db_part_record
infineon::cy8c4147azi-t455,infineon::cy8c4147azi-t455,Infineon,PSOC 4100T Plus,PSOC 4100T Plus,PSOC 4100T Plus (CY8C4147xxx-Txxx) 16KB SRAM,CY8C4147AZI-T455,CY8C4147AZI-T455,,,,,64-TQFP,-40..85 °C,,active,infineon-device-db:1e7589fe5ce5,https://github.com/Infineon/device-db/tree/1e7589fe5ce5c25b68a5d8866c22c142df9b7555,2026-08-12T10:06:32+00:00,manufacturer_device_database,official_device_db_part_record
infineon::cy8c4147azi-t463,infineon::cy8c4147azi-t463,Infineon,PSOC 4100T Plus,PSOC 4100T Plus,PSOC 4100T Plus (CY8C4147xxx-Txxx) 32KB SRAM,CY8C4147AZI-T463,CY8C4147AZI-T463,,,,,48-TQFP,-40..85 °C,,active,infineon-device-db:1e7589fe5ce5,https://github.com/Infineon/device-db/tree/1e7589fe5ce5c25b68a5d8866c22c142df9b7555,2026-08-12T10:06:32+00:00,manufacturer_device_database,official_device_db_part_record
infineon::cy8c4147azi-t465,infineon::cy8c4147azi-t465,Infineon,PSOC 4100T Plus,PSOC 4100T Plus,PSOC 4100T Plus (CY8C4147xxx-Txxx) 32KB SRAM,CY8C4147AZI-T465,CY8C4147AZI-T465,,,,,64-TQFP,-40..85 °C,,active,infineon-device-db:1e7589fe5ce5,https://github.com/Infineon/device-db/tree/1e7589fe5ce5c25b68a5d8866c22c142df9b7555,2026-08-12T10:06:32+00:00,manufacturer_device_database,official_device_db_part_record
infineon::cy8c4147azi-t473,infineon::cy8c4147azi-t473,Infineon,PSOC 4100T Plus,PSOC 4100T Plus,PSOC 4100T Plus (CY8C4147xxx-Txxx) 32KB SRAM,CY8C4147AZI-T473,CY8C4147AZI-T473,,,,,48-TQFP,-40..85 °C,,active,infineon-device-db:1e7589fe5ce5,https://github.com/Infineon/device-db/tree/1e7589fe5ce5c25b68a5d8866c22c142df9b7555,2026-08-12T10:06:32+00:00,manufacturer_device_database,official_device_db_part_record
infineon::cy8c4147azi-t475,infineon::cy8c4147azi-t475,Infineon,PSOC 4100T Plus,PSOC 4100T Plus,PSOC 4100T Plus (CY8C4147xxx-Txxx) 32KB SRAM,CY8C4147AZI-T475,CY8C4147AZI-T475,,,,,64-TQFP,-40..85 °C,,active,infineon-device-db:1e7589fe5ce5,https://github.com/Infineon/device-db/tree/1e7589fe5ce5c25b68a5d8866c22c142df9b7555,2026-08-12T10:06:32+00:00,manufacturer_device_database,official_device_db_part_record
infineon::cy8c4147azq-s445,infineon::cy8c4147azq-s445,Infineon,PSOC 4100S Plus,PSOC 4100S Plus,PSOC 4100S Plus (CY8C41x7xxx-Sxxx),CY8C4147AZQ-S445,CY8C4147AZQ-S445,,,,,64-TQFP,-40..105 °C,,active,infineon-device-db:1e7589fe5ce5,https://github.com/Infineon/device-db/tree/1e7589fe5ce5c25b68a5d8866c22c142df9b7555,2026-08-12T10:06:32+00:00,manufacturer_device_database,official_device_db_part_record
infineon::cy8c4147azq-s445i,infineon::cy8c4147azq-s445i,Infineon,PSOC 4100S Plus,PSOC 4100S Plus,PSOC 4100S Plus (CY8C41x7xxx-Sxxx),CY8C4147AZQ-S445I,CY8C4147AZQ-S445I,,,,,64-TQFP,-40..105 °C,,active,infineon-device-db:1e7589fe5ce5,https://github.com/Infineon/device-db/tree/1e7589fe5ce5c25b68a5d8866c22c142df9b7555,2026-08-12T10:06:32+00:00,manufacturer_device_database,official_device_db_part_record
infineon::cy8c4147azq-s453,infineon::cy8c4147azq-s453,Infineon,PSOC 4100S Plus,PSOC 4100S Plus,PSOC 4100S Plus (CY8C41x7xxx-Sxxx),CY8C4147AZQ-S453,CY8C4147AZQ-S453,,,,,48-TQFP,-40..105 °C,,active,infineon-device-db:1e7589fe5ce5,https://github.com/Infineon/device-db/tree/1e7589fe5ce5c25b68a5d8866c22c142df9b7555,2026-08-12T10:06:32+00:00,manufacturer_device_database,official_device_db_part_record
infineon::cy8c4147azq-s455,infineon::cy8c4147azq-s455,Infineon,PSOC 4100S Plus,PSOC 4100S Plus,PSOC 4100S Plus (CY8C41x7xxx-Sxxx),CY8C4147AZQ-S455,CY8C4147AZQ-S455,,,,,64-TQFP,-40..105 °C,,active,infineon-device-db:1e7589fe5ce5,https://github.com/Infineon/device-db/tree/1e7589fe5ce5c25b68a5d8866c22c142df9b7555,2026-08-12T10:06:32+00:00,manufacturer_device_database,official_device_db_part_record
infineon::cy8c4147azq-s455i,infineon::cy8c4147azq-s455i,Infineon,PSOC 4100S Plus,PSOC 4100S Plus,PSOC 4100S Plus (CY8C41x7xxx-Sxxx),CY8C4147AZQ-S455I,CY8C4147AZQ-S455I,,,,,64-TQFP,-40..105 °C,,active,infineon-device-db:1e7589fe5ce5,https://github.com/Infineon/device-db/tree/1e7589fe5ce5c25b68a5d8866c22c142df9b7555,2026-08-12T10:06:32+00:00,manufacturer_device_database,official_device_db_part_record
infineon::cy8c4147azq-s465,infineon::cy8c4147azq-s465,Infineon,PSOC 4100S Plus,PSOC 4100S Plus,PSOC 4100S Plus (CY8C41x7xxx-Sxxx),CY8C4147AZQ-S465,CY8C4147AZQ-S465,,,,,64-TQFP,-40..105 °C,,active,infineon-device-db:1e7589fe5ce5,https://github.com/Infineon/device-db/tree/1e7589fe5ce5c25b68a5d8866c22c142df9b7555,2026-08-12T10:06:32+00:00,manufacturer_device_database,official_device_db_part_record
infineon::cy8c4147azq-s475,infineon::cy8c4147azq-s475,Infineon,PSOC 4100S Plus,PSOC 4100S Plus,PSOC 4100S Plus (CY8C41x7xxx-Sxxx),CY8C4147AZQ-S475,CY8C4147AZQ-S475,,,,,64-TQFP,-40..105 °C,,active,infineon-device-db:1e7589fe5ce5,https://github.com/Infineon/device-db/tree/1e7589fe5ce5c25b68a5d8866c22c142df9b7555,2026-08-12T10:06:32+00:00,manufacturer_device_database,official_device_db_part_record
infineon::cy8c4147azq-t413,infineon::cy8c4147azq-t413,Infineon,PSOC 4100T Plus,PSOC 4100T Plus,PSOC 4100T Plus (CY8C4147xxx-Txxx) 16KB SRAM,CY8C4147AZQ-T413,CY8C4147AZQ-T413,,,,,48-TQFP,-40..105 °C,,active,infineon-device-db:1e7589fe5ce5,https://github.com/Infineon/device-db/tree/1e7589fe5ce5c25b68a5d8866c22c142df9b7555,2026-08-12T10:06:32+00:00,manufacturer_device_database,official_device_db_part_record
infineon::cy8c4147azq-t415,infineon::cy8c4147azq-t415,Infineon,PSOC 4100T Plus,PSOC 4100T Plus,PSOC 4100T Plus (CY8C4147xxx-Txxx) 16KB SRAM,CY8C4147AZQ-T415,CY8C4147AZQ-T415,,,,,64-TQFP,-40..105 °C,,active,infineon-device-db:1e7589fe5ce5,https://github.com/Infineon/device-db/tree/1e7589fe5ce5c25b68a5d8866c22c142df9b7555,2026-08-12T10:06:32+00:00,manufacturer_device_database,official_device_db_part_record
infineon::cy8c4147azq-t455,infineon::cy8c4147azq-t455,Infineon,PSOC 4100T Plus,PSOC 4100T Plus,PSOC 4100T Plus (CY8C4147xxx-Txxx) 16KB SRAM,CY8C4147AZQ-T455,CY8C4147AZQ-T455,,,,,64-TQFP,-40..105 °C,,active,infineon-device-db:1e7589fe5ce5,https://github.com/Infineon/device-db/tree/1e7589fe5ce5c25b68a5d8866c22c142df9b7555,2026-08-12T10:06:32+00:00,manufacturer_device_database,official_device_db_part_record
infineon::cy8c4147azq-t493,infineon::cy8c4147azq-t493,Infineon,PSOC 4100T Plus,PSOC 4100T Plus,PSOC 4100T Plus (CY8C4147xxx-Txxx) 32KB SRAM,CY8C4147AZQ-T493,CY8C4147AZQ-T493,,,,,48-TQFP,-40..105 °C,,active,infineon-device-db:1e7589fe5ce5,https://github.com/Infineon/device-db/tree/1e7589fe5ce5c25b68a5d8866c22c142df9b7555,2026-08-12T10:06:32+00:00,manufacturer_device_database,official_device_db_part_record
infineon::cy8c4147azq-t495,infineon::cy8c4147azq-t495,Infineon,PSOC 4100T Plus,PSOC 4100T Plus,PSOC 4100T Plus (CY8C4147xxx-Txxx) 32KB SRAM,CY8C4147AZQ-T495,CY8C4147AZQ-T495,,,,,64-TQFP,-40..105 °C,,active,infineon-device-db:1e7589fe5ce5,https://github.com/Infineon/device-db/tree/1e7589fe5ce5c25b68a5d8866c22c142df9b7555,2026-08-12T10:06:32+00:00,manufacturer_device_database,official_device_db_part_record
infineon::cy8c4147azs-s245,infineon::cy8c4147azs-s245,Infineon,PSOC 4100S Plus,PSOC 4100S Plus,PSOC 4100S Plus (CY8C41x7xxx-Sxxx),CY8C4147AZS-S245,CY8C4147AZS-S245,,,,,64-TQFP,-40..105 °C,,active,infineon-device-db:1e7589fe5ce5,https://github.com/Infineon/device-db/tree/1e7589fe5ce5c25b68a5d8866c22c142df9b7555,2026-08-12T10:06:32+00:00,manufacturer_device_database,official_device_db_part_record
infineon::cy8c4147azs-s255,infineon::cy8c4147azs-s255,Infineon,PSOC 4100S Plus,PSOC 4100S Plus,PSOC 4100S Plus (CY8C41x7xxx-Sxxx),CY8C4147AZS-S255,CY8C4147AZS-S255,,,,,64-TQFP,-40..105 °C,,active,infineon-device-db:1e7589fe5ce5,https://github.com/Infineon/device-db/tree/1e7589fe5ce5c25b68a5d8866c22c142df9b7555,2026-08-12T10:06:32+00:00,manufacturer_device_database,official_device_db_part_record
infineon::cy8c4147azs-s265,infineon::cy8c4147azs-s265,Infineon,PSOC 4100S Plus,PSOC 4100S Plus,PSOC 4100S Plus (CY8C41x7xxx-Sxxx),CY8C4147AZS-S265,CY8C4147AZS-S265,,,,,64-TQFP,-40..105 °C,,active,infineon-device-db:1e7589fe5ce5,https://github.com/Infineon/device-db/tree/1e7589fe5ce5c25b68a5d8866c22c142df9b7555,2026-08-12T10:06:32+00:00,manufacturer_device_database,official_device_db_part_record
infineon::cy8c4147azs-s275,infineon::cy8c4147azs-s275,Infineon,PSOC 4100S Plus,PSOC 4100S Plus,PSOC 4100S Plus (CY8C41x7xxx-Sxxx),CY8C4147AZS-S275,CY8C4147AZS-S275,,,,,64-TQFP,-40..105 °C,,active,infineon-device-db:1e7589fe5ce5,https://github.com/Infineon/device-db/tree/1e7589fe5ce5c25b68a5d8866c22c142df9b7555,2026-08-12T10:06:32+00:00,manufacturer_device_database,official_device_db_part_record
infineon::cy8c4147azs-s285,infineon::cy8c4147azs-s285,Infineon,PSOC 4100S Plus,PSOC 4100S Plus,PSOC 4100S Plus (CY8C41x7xxx-Sxxx),CY8C4147AZS-S285,CY8C4147AZS-S285,,,,,64-TQFP,-40..105 °C,,active,infineon-device-db:1e7589fe5ce5,https://github.com/Infineon/device-db/tree/1e7589fe5ce5c25b68a5d8866c22c142df9b7555,2026-08-12T10:06:32+00:00,manufacturer_device_database,official_device_db_part_record
infineon::cy8c4147azs-s295,infineon::cy8c4147azs-s295,Infineon,PSOC 4100S Plus,PSOC 4100S Plus,PSOC 4100S Plus (CY8C41x7xxx-Sxxx),CY8C4147AZS-S295,CY8C4147AZS-S295,,,,,64-TQFP,-40..105 °C,,active,infineon-device-db:1e7589fe5ce5,https://github.com/Infineon/device-db/tree/1e7589fe5ce5c25b68a5d8866c22c142df9b7555,2026-08-12T10:06:32+00:00,manufacturer_device_database,official_device_db_part_record
infineon::cy8c4147azs-s445,infineon::cy8c4147azs-s445,Infineon,PSOC 4100S Plus,PSOC 4100S Plus,PSOC 4100S Plus (CY8C41x7xxx-Sxxx),CY8C4147AZS-S445,CY8C4147AZS-S445,,,,,64-TQFP,-40..105 °C,,active,infineon-device-db:1e7589fe5ce5,https://github.com/Infineon/device-db/tree/1e7589fe5ce5c25b68a5d8866c22c142df9b7555,2026-08-12T10:06:32+00:00,manufacturer_device_database,official_device_db_part_record
infineon::cy8c4147azs-s455,infineon::cy8c4147azs-s455,Infineon,PSOC 4100S Plus,PSOC 4100S Plus,PSOC 4100S Plus (CY8C41x7xxx-Sxxx),CY8C4147AZS-S455,CY8C4147AZS-S455,,,,,64-TQFP,-40..105 °C,,active,infineon-device-db:1e7589fe5ce5,https://github.com/Infineon/device-db/tree/1e7589fe5ce5c25b68a5d8866c22c142df9b7555,2026-08-12T10:06:32+00:00,manufacturer_device_database,official_device_db_part_record
infineon::cy8c4147azs-s465,infineon::cy8c4147azs-s465,Infineon,PSOC 4100S Plus,PSOC 4100S Plus,PSOC 4100S Plus (CY8C41x7xxx-Sxxx),CY8C4147AZS-S465,CY8C4147AZS-S465,,,,,64-TQFP,-40..105 °C,,active,infineon-device-db:1e7589fe5ce5,https://github.com/Infineon/device-db/tree/1e7589fe5ce5c25b68a5d8866c22c142df9b7555,2026-08-12T10:06:32+00:00,manufacturer_device_database,official_device_db_part_record
infineon::cy8c4147azs-s475,infineon::cy8c4147azs-s475,Infineon,PSOC 4100S Plus,PSOC 4100S Plus,PSOC 4100S Plus (CY8C41x7xxx-Sxxx),CY8C4147AZS-S475,CY8C4147AZS-S475,,,,,64-TQFP,-40..105 °C,,active,infineon-device-db:1e7589fe5ce5,https://github.com/Infineon/device-db/tree/1e7589fe5ce5c25b68a5d8866c22c142df9b7555,2026-08-12T10:06:32+00:00,manufacturer_device_database,official_device_db_part_record
infineon::cy8c4147azs-s548,infineon::cy8c4147azs-s548,Infineon,PSOC 4100S Max,PSOC 4100S Max,PSOC 4100S Max (CY8C4147xxx-Sxxx),CY8C4147AZS-S548,CY8C4147AZS-S548,,,,,100-TQFP,-40..105 °C,,active,infineon-device-db:1e7589fe5ce5,https://github.com/Infineon/device-db/tree/1e7589fe5ce5c25b68a5d8866c22c142df9b7555,2026-08-12T10:06:32+00:00,manufacturer_device_database,official_device_db_part_record
infineon::cy8c4147azs-s555,infineon::cy8c4147azs-s555,Infineon,PSOC 4100S Max,PSOC 4100S Max,PSOC 4100S Max (CY8C4147xxx-Sxxx),CY8C4147AZS-S555,CY8C4147AZS-S555,,,,,64-TQFP,-40..105 °C,,active,infineon-device-db:1e7589fe5ce5,https://github.com/Infineon/device-db/tree/1e7589fe5ce5c25b68a5d8866c22c142df9b7555,2026-08-12T10:06:32+00:00,manufacturer_device_database,official_device_db_part_record
infineon::cy8c4147azs-s558,infineon::cy8c4147azs-s558,Infineon,PSOC 4100S Max,PSOC 4100S Max,PSOC 4100S Max (CY8C4147xxx-Sxxx),CY8C4147AZS-S558,CY8C4147AZS-S558,,,,,100-TQFP,-40..105 °C,,active,infineon-device-db:1e7589fe5ce5,https://github.com/Infineon/device-db/tree/1e7589fe5ce5c25b68a5d8866c22c142df9b7555,2026-08-12T10:06:32+00:00,manufacturer_device_database,official_device_db_part_record
infineon::cy8c4147azs-s565,infineon::cy8c4147azs-s565,Infineon,PSOC 4100S Max,PSOC 4100S Max,PSOC 4100S Max (CY8C4147xxx-Sxxx),CY8C4147AZS-S565,CY8C4147AZS-S565,,,,,64-TQFP,-40..105 °C,,active,infineon-device-db:1e7589fe5ce5,https://github.com/Infineon/device-db/tree/1e7589fe5ce5c25b68a5d8866c22c142df9b7555,2026-08-12T10:06:32+00:00,manufacturer_device_database,official_device_db_part_record
infineon::cy8c4147azs-s568,infineon::cy8c4147azs-s568,Infineon,PSOC 4100S Max,PSOC 4100S Max,PSOC 4100S Max (CY8C4147xxx-Sxxx),CY8C4147AZS-S568,CY8C4147AZS-S568,,,,,100-TQFP,-40..105 °C,,active,infineon-device-db:1e7589fe5ce5,https://github.com/Infineon/device-db/tree/1e7589fe5ce5c25b68a5d8866c22c142df9b7555,2026-08-12T10:06:32+00:00,manufacturer_device_database,official_device_db_part_record
infineon::cy8c4147azs-s575,infineon::cy8c4147azs-s575,Infineon,PSOC 4100S Max,PSOC 4100S Max,PSOC 4100S Max (CY8C4147xxx-Sxxx),CY8C4147AZS-S575,CY8C4147AZS-S575,,,,,64-TQFP,-40..105 °C,,active,infineon-device-db:1e7589fe5ce5,https://github.com/Infineon/device-db/tree/1e7589fe5ce5c25b68a5d8866c22c142df9b7555,2026-08-12T10:06:32+00:00,manufacturer_device_database,official_device_db_part_record
infineon::cy8c4147azs-s578,infineon::cy8c4147azs-s578,Infineon,PSOC 4100S Max,PSOC 4100S Max,PSOC 4100S Max (CY8C4147xxx-Sxxx),CY8C4147AZS-S578,CY8C4147AZS-S578,,,,,100-TQFP,-40..105 °C,,active,infineon-device-db:1e7589fe5ce5,https://github.com/Infineon/device-db/tree/1e7589fe5ce5c25b68a5d8866c22c142df9b7555,2026-08-12T10:06:32+00:00,manufacturer_device_database,official_device_db_part_record
infineon::cy8c4147azs-s585,infineon::cy8c4147azs-s585,Infineon,PSOC 4100S Max,PSOC 4100S Max,PSOC 4100S Max (CY8C4147xxx-Sxxx),CY8C4147AZS-S585,CY8C4147AZS-S585,,,,,64-TQFP,-40..105 °C,,active,infineon-device-db:1e7589fe5ce5,https://github.com/Infineon/device-db/tree/1e7589fe5ce5c25b68a5d8866c22c142df9b7555,2026-08-12T10:06:32+00:00,manufacturer_device_database,official_device_db_part_record
infineon::cy8c4147azs-s588,infineon::cy8c4147azs-s588,Infineon,PSOC 4100S Max,PSOC 4100S Max,PSOC 4100S Max (CY8C4147xxx-Sxxx),CY8C4147AZS-S588,CY8C4147AZS-S588,,,,,100-TQFP,-40..105 °C,,active,infineon-device-db:1e7589fe5ce5,https://github.com/Infineon/device-db/tree/1e7589fe5ce5c25b68a5d8866c22c142df9b7555,2026-08-12T10:06:32+00:00,manufacturer_device_database,official_device_db_part_record
infineon::cy8c4147azs-s595,infineon::cy8c4147azs-s595,Infineon,PSOC 4100S Max,PSOC 4100S Max,PSOC 4100S Max (CY8C4147xxx-Sxxx),CY8C4147AZS-S595,CY8C4147AZS-S595,,,,,64-TQFP,-40..105 °C,,active,infineon-device-db:1e7589fe5ce5,https://github.com/Infineon/device-db/tree/1e7589fe5ce5c25b68a5d8866c22c142df9b7555,2026-08-12T10:06:32+00:00,manufacturer_device_database,official_device_db_part_record
infineon::cy8c4147azs-s598,infineon::cy8c4147azs-s598,Infineon,PSOC 4100S Max,PSOC 4100S Max,PSOC 4100S Max (CY8C4147xxx-Sxxx),CY8C4147AZS-S598,CY8C4147AZS-S598,,,,,100-TQFP,-40..105 °C,,active,infineon-device-db:1e7589fe5ce5,https://github.com/Infineon/device-db/tree/1e7589fe5ce5c25b68a5d8866c22c142df9b7555,2026-08-12T10:06:32+00:00,manufacturer_device_database,official_device_db_part_record
infineon::cy8c4147lce-hv403,infineon::cy8c4147lce-hv403,Infineon,PSOC 4 HVPA,PSOC 4 HVPA,PSOC 4 HVPA 144k (CY8C4147xxx-HVxxx),CY8C4147LCE-HV403,CY8C4147LCE-HV403,,,,,32-QFN,-40..125 °C,,active,infineon-device-db:1e7589fe5ce5,https://github.com/Infineon/device-db/tree/1e7589fe5ce5c25b68a5d8866c22c142df9b7555,2026-08-12T10:06:32+00:00,manufacturer_device_database,official_device_db_part_record
infineon::cy8c4147lce-hv413,infineon::cy8c4147lce-hv413,Infineon,PSOC 4 HVPA,PSOC 4 HVPA,PSOC 4 HVPA 144k (CY8C4147xxx-HVxxx),CY8C4147LCE-HV413,CY8C4147LCE-HV413,,,,,32-QFN,-40..125 °C,,active,infineon-device-db:1e7589fe5ce5,https://github.com/Infineon/device-db/tree/1e7589fe5ce5c25b68a5d8866c22c142df9b7555,2026-08-12T10:06:32+00:00,manufacturer_device_database,official_device_db_part_record
infineon::cy8c4147lce-hv423,infineon::cy8c4147lce-hv423,Infineon,PSOC 4 HVPA,PSOC 4 HVPA,PSOC 4 HVPA 144k (CY8C4147xxx-HVxxx),CY8C4147LCE-HV423,CY8C4147LCE-HV423,,,,,32-QFN,-40..125 °C,,active,infineon-device-db:1e7589fe5ce5,https://github.com/Infineon/device-db/tree/1e7589fe5ce5c25b68a5d8866c22c142df9b7555,2026-08-12T10:06:32+00:00,manufacturer_device_database,official_device_db_part_record
infineon::cy8c4147lce-hvs003,infineon::cy8c4147lce-hvs003,Infineon,PSOC 4 HVMS,PSOC 4 HVMS,PSOC 4 HVMS (CY8C4147xxx-HVSxxx),CY8C4147LCE-HVS003,CY8C4147LCE-HVS003,,,,,32-QFN,-40..125 °C,,active,infineon-device-db:1e7589fe5ce5,https://github.com/Infineon/device-db/tree/1e7589fe5ce5c25b68a5d8866c22c142df9b7555,2026-08-12T10:06:32+00:00,manufacturer_device_database,official_device_db_part_record
infineon::cy8c4147lce-hvs013,infineon::cy8c4147lce-hvs013,Infineon,PSOC 4 HVMS,PSOC 4 HVMS,PSOC 4 HVMS (CY8C4147xxx-HVSxxx),CY8C4147LCE-HVS013,CY8C4147LCE-HVS013,,,,,32-QFN,-40..125 °C,,active,infineon-device-db:1e7589fe5ce5,https://github.com/Infineon/device-db/tree/1e7589fe5ce5c25b68a5d8866c22c142df9b7555,2026-08-12T10:06:32+00:00,manufacturer_device_database,official_device_db_part_record
infineon::cy8c4147lce-hvs023,infineon::cy8c4147lce-hvs023,Infineon,PSOC 4 HVMS,PSOC 4 HVMS,PSOC 4 HVMS (CY8C4147xxx-HVSxxx),CY8C4147LCE-HVS023,CY8C4147LCE-HVS023,,,,,32-QFN,-40..125 °C,,active,infineon-device-db:1e7589fe5ce5,https://github.com/Infineon/device-db/tree/1e7589fe5ce5c25b68a5d8866c22c142df9b7555,2026-08-12T10:06:32+00:00,manufacturer_device_database,official_device_db_part_record
infineon::cy8c4147lce-hvs023x,infineon::cy8c4147lce-hvs023x,Infineon,PSOC 4 HVMS,PSOC 4 HVMS,PSOC 4 HVMS (CY8C4147xxx-HVSxxx),CY8C4147LCE-HVS023X,CY8C4147LCE-HVS023X,,,,,32-QFN,-40..125 °C,,active,infineon-device-db:1e7589fe5ce5,https://github.com/Infineon/device-db/tree/1e7589fe5ce5c25b68a5d8866c22c142df9b7555,2026-08-12T10:06:32+00:00,manufacturer_device_database,official_device_db_part_record
infineon::cy8c4147lce-hvs033,infineon::cy8c4147lce-hvs033,Infineon,PSOC 4 HVMS,PSOC 4 HVMS,PSOC 4 HVMS (CY8C4147xxx-HVSxxx),CY8C4147LCE-HVS033,CY8C4147LCE-HVS033,,,,,32-QFN,-40..125 °C,,active,infineon-device-db:1e7589fe5ce5,https://github.com/Infineon/device-db/tree/1e7589fe5ce5c25b68a5d8866c22c142df9b7555,2026-08-12T10:06:32+00:00,manufacturer_device_database,official_device_db_part_record
infineon::cy8c4147lce-hvs033x,infineon::cy8c4147lce-hvs033x,Infineon,PSOC 4 HVMS,PSOC 4 HVMS,PSOC 4 HVMS (CY8C4147xxx-HVSxxx),CY8C4147LCE-HVS033X,CY8C4147LCE-HVS033X,,,,,32-QFN,-40..125 °C,,active,infineon-device-db:1e7589fe5ce5,https://github.com/Infineon/device-db/tree/1e7589fe5ce5c25b68a5d8866c22c142df9b7555,2026-08-12T10:06:32+00:00,manufacturer_device_database,official_device_db_part_record
infineon::cy8c4147lce-hvs103,infineon::cy8c4147lce-hvs103,Infineon,PSOC 4 HVMS,PSOC 4 HVMS,PSOC 4 HVMS (CY8C4147xxx-HVSxxx),CY8C4147LCE-HVS103,CY8C4147LCE-HVS103,,,,,32-QFN,-40..125 °C,,active,infineon-device-db:1e7589fe5ce5,https://github.com/Infineon/device-db/tree/1e7589fe5ce5c25b68a5d8866c22c142df9b7555,2026-08-12T10:06:32+00:00,manufacturer_device_database,official_device_db_part_record
infineon::cy8c4147lce-hvs113,infineon::cy8c4147lce-hvs113,Infineon,PSOC 4 HVMS,PSOC 4 HVMS,PSOC 4 HVMS (CY8C4147xxx-HVSxxx),CY8C4147LCE-HVS113,CY8C4147LCE-HVS113,,,,,32-QFN,-40..125 °C,,active,infineon-device-db:1e7589fe5ce5,https://github.com/Infineon/device-db/tree/1e7589fe5ce5c25b68a5d8866c22c142df9b7555,2026-08-12T10:06:32+00:00,manufacturer_device_database,official_device_db_part_record
infineon::cy8c4147lce-hvs123,infineon::cy8c4147lce-hvs123,Infineon,PSOC 4 HVMS,PSOC 4 HVMS,PSOC 4 HVMS (CY8C4147xxx-HVSxxx),CY8C4147LCE-HVS123,CY8C4147LCE-HVS123,,,,,32-QFN,-40..125 °C,,active,infineon-device-db:1e7589fe5ce5,https://github.com/Infineon/device-db/tree/1e7589fe5ce5c25b68a5d8866c22c142df9b7555,2026-08-12T10:06:32+00:00,manufacturer_device_database,official_device_db_part_record
infineon::cy8c4147lce-hvs123x,infineon::cy8c4147lce-hvs123x,Infineon,PSOC 4 HVMS,PSOC 4 HVMS,PSOC 4 HVMS (CY8C4147xxx-HVSxxx),CY8C4147LCE-HVS123X,CY8C4147LCE-HVS123X,,,,,32-QFN,-40..125 °C,,active,infineon-device-db:1e7589fe5ce5,https://github.com/Infineon/device-db/tree/1e7589fe5ce5c25b68a5d8866c22c142df9b7555,2026-08-12T10:06:32+00:00,manufacturer_device_database,official_device_db_part_record
infineon::cy8c4147lce-hvs133,infineon::cy8c4147lce-hvs133,Infineon,PSOC 4 HVMS,PSOC 4 HVMS,PSOC 4 HVMS (CY8C4147xxx-HVSxxx),CY8C4147LCE-HVS133,CY8C4147LCE-HVS133,,,,,32-QFN,-40..125 °C,,active,infineon-device-db:1e7589fe5ce5,https://github.com/Infineon/device-db/tree/1e7589fe5ce5c25b68a5d8866c22c142df9b7555,2026-08-12T10:06:32+00:00,manufacturer_device_database,official_device_db_part_record
infineon::cy8c4147lce-hvs133x,infineon::cy8c4147lce-hvs133x,Infineon,PSOC 4 HVMS,PSOC 4 HVMS,PSOC 4 HVMS (CY8C4147xxx-HVSxxx),CY8C4147LCE-HVS133X,CY8C4147LCE-HVS133X,,,,,32-QFN,-40..125 °C,,active,infineon-device-db:1e7589fe5ce5,https://github.com/Infineon/device-db/tree/1e7589fe5ce5c25b68a5d8866c22c142df9b7555,2026-08-12T10:06:32+00:00,manufacturer_device_database,official_device_db_part_record
infineon::cy8c4147lda-s243,infineon::cy8c4147lda-s243,Infineon,PSOC 4100S Plus,PSOC 4100S Plus,PSOC 4100S Plus (CY8C41x7xxx-Sxxx),CY8C4147LDA-S243,CY8C4147LDA-S243,,,,,48-QFN-AUTO,-40..85 °C,,active,infineon-device-db:1e7589fe5ce5,https://github.com/Infineon/device-db/tree/1e7589fe5ce5c25b68a5d8866c22c142df9b7555,2026-08-12T10:06:32+00:00,manufacturer_device_database,official_device_db_part_record
infineon::cy8c4147lda-s253,infineon::cy8c4147lda-s253,Infineon,PSOC 4100S Plus,PSOC 4100S Plus,PSOC 4100S Plus (CY8C41x7xxx-Sxxx),CY8C4147LDA-S253,CY8C4147LDA-S253,,,,,48-QFN-AUTO,-40..85 °C,,active,infineon-device-db:1e7589fe5ce5,https://github.com/Infineon/device-db/tree/1e7589fe5ce5c25b68a5d8866c22c142df9b7555,2026-08-12T10:06:32+00:00,manufacturer_device_database,official_device_db_part_record
infineon::cy8c4147lda-s263,infineon::cy8c4147lda-s263,Infineon,PSOC 4100S Plus,PSOC 4100S Plus,PSOC 4100S Plus (CY8C41x7xxx-Sxxx),CY8C4147LDA-S263,CY8C4147LDA-S263,,,,,48-QFN-AUTO,-40..85 °C,,active,infineon-device-db:1e7589fe5ce5,https://github.com/Infineon/device-db/tree/1e7589fe5ce5c25b68a5d8866c22c142df9b7555,2026-08-12T10:06:32+00:00,manufacturer_device_database,official_device_db_part_record
infineon::cy8c4147lda-s273,infineon::cy8c4147lda-s273,Infineon,PSOC 4100S Plus,PSOC 4100S Plus,PSOC 4100S Plus (CY8C41x7xxx-Sxxx),CY8C4147LDA-S273,CY8C4147LDA-S273,,,,,48-QFN-AUTO,-40..85 °C,,active,infineon-device-db:1e7589fe5ce5,https://github.com/Infineon/device-db/tree/1e7589fe5ce5c25b68a5d8866c22c142df9b7555,2026-08-12T10:06:32+00:00,manufacturer_device_database,official_device_db_part_record
infineon::cy8c4147lda-s283,infineon::cy8c4147lda-s283,Infineon,PSOC 4100S Plus,PSOC 4100S Plus,PSOC 4100S Plus (CY8C41x7xxx-Sxxx),CY8C4147LDA-S283,CY8C4147LDA-S283,,,,,48-QFN-AUTO,-40..85 °C,,active,infineon-device-db:1e7589fe5ce5,https://github.com/Infineon/device-db/tree/1e7589fe5ce5c25b68a5d8866c22c142df9b7555,2026-08-12T10:06:32+00:00,manufacturer_device_database,official_device_db_part_record
infineon::cy8c4147lda-s293,infineon::cy8c4147lda-s293,Infineon,PSOC 4100S Plus,PSOC 4100S Plus,PSOC 4100S Plus (CY8C41x7xxx-Sxxx),CY8C4147LDA-S293,CY8C4147LDA-S293,,,,,48-QFN-AUTO,-40..85 °C,,active,infineon-device-db:1e7589fe5ce5,https://github.com/Infineon/device-db/tree/1e7589fe5ce5c25b68a5d8866c22c142df9b7555,2026-08-12T10:06:32+00:00,manufacturer_device_database,official_device_db_part_record
infineon::cy8c4147lda-s443,infineon::cy8c4147lda-s443,Infineon,PSOC 4100S Plus,PSOC 4100S Plus,PSOC 4100S Plus (CY8C41x7xxx-Sxxx),CY8C4147LDA-S443,CY8C4147LDA-S443,,,,,48-QFN-AUTO,-40..85 °C,,active,infineon-device-db:1e7589fe5ce5,https://github.com/Infineon/device-db/tree/1e7589fe5ce5c25b68a5d8866c22c142df9b7555,2026-08-12T10:06:32+00:00,manufacturer_device_database,official_device_db_part_record
infineon::cy8c4147lda-s453,infineon::cy8c4147lda-s453,Infineon,PSOC 4100S Plus,PSOC 4100S Plus,PSOC 4100S Plus (CY8C41x7xxx-Sxxx),CY8C4147LDA-S453,CY8C4147LDA-S453,,,,,48-QFN-AUTO,-40..85 °C,,active,infineon-device-db:1e7589fe5ce5,https://github.com/Infineon/device-db/tree/1e7589fe5ce5c25b68a5d8866c22c142df9b7555,2026-08-12T10:06:32+00:00,manufacturer_device_database,official_device_db_part_record
infineon::cy8c4147lda-s463,infineon::cy8c4147lda-s463,Infineon,PSOC 4100S Plus,PSOC 4100S Plus,PSOC 4100S Plus (CY8C41x7xxx-Sxxx),CY8C4147LDA-S463,CY8C4147LDA-S463,,,,,48-QFN-AUTO,-40..85 °C,,active,infineon-device-db:1e7589fe5ce5,https://github.com/Infineon/device-db/tree/1e7589fe5ce5c25b68a5d8866c22c142df9b7555,2026-08-12T10:06:32+00:00,manufacturer_device_database,official_device_db_part_record
infineon::cy8c4147lda-s473,infineon::cy8c4147lda-s473,Infineon,PSOC 4100S Plus,PSOC 4100S Plus,PSOC 4100S Plus (CY8C41x7xxx-Sxxx),CY8C4147LDA-S473,CY8C4147LDA-S473,,,,,48-QFN-AUTO,-40..85 °C,,active,infineon-device-db:1e7589fe5ce5,https://github.com/Infineon/device-db/tree/1e7589fe5ce5c25b68a5d8866c22c142df9b7555,2026-08-12T10:06:32+00:00,manufacturer_device_database,official_device_db_part_record
infineon::cy8c4147lda-s543,infineon::cy8c4147lda-s543,Infineon,PSOC 4100S Max,PSOC 4100S Max,PSOC 4100S Max (CY8C4147xxx-Sxxx),CY8C4147LDA-S543,CY8C4147LDA-S543,,,,,48-QFN-AUTO,-40..85 °C,,active,infineon-device-db:1e7589fe5ce5,https://github.com/Infineon/device-db/tree/1e7589fe5ce5c25b68a5d8866c22c142df9b7555,2026-08-12T10:06:32+00:00,manufacturer_device_database,official_device_db_part_record
infineon::cy8c4147lda-s553,infineon::cy8c4147lda-s553,Infineon,PSOC 4100S Max,PSOC 4100S Max,PSOC 4100S Max (CY8C4147xxx-Sxxx),CY8C4147LDA-S553,CY8C4147LDA-S553,,,,,48-QFN-AUTO,-40..85 °C,,active,infineon-device-db:1e7589fe5ce5,https://github.com/Infineon/device-db/tree/1e7589fe5ce5c25b68a5d8866c22c142df9b7555,2026-08-12T10:06:32+00:00,manufacturer_device_database,official_device_db_part_record
infineon::cy8c4147lda-s563,infineon::cy8c4147lda-s563,Infineon,PSOC 4100S Max,PSOC 4100S Max,PSOC 4100S Max (CY8C4147xxx-Sxxx),CY8C4147LDA-S563,CY8C4147LDA-S563,,,,,48-QFN-AUTO,-40..85 °C,,active,infineon-device-db:1e7589fe5ce5,https://github.com/Infineon/device-db/tree/1e7589fe5ce5c25b68a5d8866c22c142df9b7555,2026-08-12T10:06:32+00:00,manufacturer_device_database,official_device_db_part_record
infineon::cy8c4147lda-s573,infineon::cy8c4147lda-s573,Infineon,PSOC 4100S Max,PSOC 4100S Max,PSOC 4100S Max (CY8C4147xxx-Sxxx),CY8C4147LDA-S573,CY8C4147LDA-S573,,,,,48-QFN-AUTO,-40..85 °C,,active,infineon-device-db:1e7589fe5ce5,https://github.com/Infineon/device-db/tree/1e7589fe5ce5c25b68a5d8866c22c142df9b7555,2026-08-12T10:06:32+00:00,manufacturer_device_database,official_device_db_part_record
infineon::cy8c4147lda-s583,infineon::cy8c4147lda-s583,Infineon,PSOC 4100S Max,PSOC 4100S Max,PSOC 4100S Max (CY8C4147xxx-Sxxx),CY8C4147LDA-S583,CY8C4147LDA-S583,,,,,48-QFN-AUTO,-40..85 °C,,active,infineon-device-db:1e7589fe5ce5,https://github.com/Infineon/device-db/tree/1e7589fe5ce5c25b68a5d8866c22c142df9b7555,2026-08-12T10:06:32+00:00,manufacturer_device_database,official_device_db_part_record
infineon::cy8c4147lda-s593,infineon::cy8c4147lda-s593,Infineon,PSOC 4100S Max,PSOC 4100S Max,PSOC 4100S Max (CY8C4147xxx-Sxxx),CY8C4147LDA-S593,CY8C4147LDA-S593,,,,,48-QFN-AUTO,-40..85 °C,,active,infineon-device-db:1e7589fe5ce5,https://github.com/Infineon/device-db/tree/1e7589fe5ce5c25b68a5d8866c22c142df9b7555,2026-08-12T10:06:32+00:00,manufacturer_device_database,official_device_db_part_record
infineon::cy8c4147lde-hv504,infineon::cy8c4147lde-hv504,Infineon,PSOC 4 HVPA,PSOC 4 HVPA,PSOC 4 HVPA SPM 1.0 (CY8C4147xxx-HVxxx),CY8C4147LDE-HV504,CY8C4147LDE-HV504,,,,,48-QFN,-40..125 °C,,active,infineon-device-db:1e7589fe5ce5,https://github.com/Infineon/device-db/tree/1e7589fe5ce5c25b68a5d8866c22c142df9b7555,2026-08-12T10:06:32+00:00,manufacturer_device_database,official_device_db_part_record
infineon::cy8c4147lde-hv534,infineon::cy8c4147lde-hv534,Infineon,PSOC 4 HVPA,PSOC 4 HVPA,PSOC 4 HVPA SPM 1.0 (CY8C4147xxx-HVxxx),CY8C4147LDE-HV534,CY8C4147LDE-HV534,,,,,48-QFN,-40..125 °C,,active,infineon-device-db:1e7589fe5ce5,https://github.com/Infineon/device-db/tree/1e7589fe5ce5c25b68a5d8866c22c142df9b7555,2026-08-12T10:06:32+00:00,manufacturer_device_database,official_device_db_part_record
infineon::cy8c4147lde-hv604,infineon::cy8c4147lde-hv604,Infineon,PSOC 4 HVPA,PSOC 4 HVPA,PSOC 4 HVPA SPM 1.0 (CY8C4147xxx-HVxxx),CY8C4147LDE-HV604,CY8C4147LDE-HV604,,,,,48-QFN,-40..125 °C,,active,infineon-device-db:1e7589fe5ce5,https://github.com/Infineon/device-db/tree/1e7589fe5ce5c25b68a5d8866c22c142df9b7555,2026-08-12T10:06:32+00:00,manufacturer_device_database,official_device_db_part_record
infineon::cy8c4147lde-hv634,infineon::cy8c4147lde-hv634,Infineon,PSOC 4 HVPA,PSOC 4 HVPA,PSOC 4 HVPA SPM 1.0 (CY8C4147xxx-HVxxx),CY8C4147LDE-HV634,CY8C4147LDE-HV634,,,,,48-QFN,-40..125 °C,,active,infineon-device-db:1e7589fe5ce5,https://github.com/Infineon/device-db/tree/1e7589fe5ce5c25b68a5d8866c22c142df9b7555,2026-08-12T10:06:32+00:00,manufacturer_device_database,official_device_db_part_record
infineon::cy8c4147lde-hv704,infineon::cy8c4147lde-hv704,Infineon,PSOC 4 HVPA,PSOC 4 HVPA,PSOC 4 HVPA SPM 1.0 (CY8C4147xxx-HVxxx),CY8C4147LDE-HV704,CY8C4147LDE-HV704,,,,,48-QFN,-40..125 °C,,active,infineon-device-db:1e7589fe5ce5,https://github.com/Infineon/device-db/tree/1e7589fe5ce5c25b68a5d8866c22c142df9b7555,2026-08-12T10:06:32+00:00,manufacturer_device_database,official_device_db_part_record
infineon::cy8c4147lde-hv734,infineon::cy8c4147lde-hv734,Infineon,PSOC 4 HVPA,PSOC 4 HVPA,PSOC 4 HVPA SPM 1.0 (CY8C4147xxx-HVxxx),CY8C4147LDE-HV734,CY8C4147LDE-HV734,,,,,48-QFN,-40..125 °C,,active,infineon-device-db:1e7589fe5ce5,https://github.com/Infineon/device-db/tree/1e7589fe5ce5c25b68a5d8866c22c142df9b7555,2026-08-12T10:06:32+00:00,manufacturer_device_database,official_device_db_part_record
infineon::cy8c4147lde-hvs004,infineon::cy8c4147lde-hvs004,Infineon,PSOC 4 HVMS,PSOC 4 HVMS,PSOC 4 HVMS (CY8C4147xxx-HVSxxx),CY8C4147LDE-HVS004,CY8C4147LDE-HVS004,,,,,48-QFN,-40..125 °C,,active,infineon-device-db:1e7589fe5ce5,https://github.com/Infineon/device-db/tree/1e7589fe5ce5c25b68a5d8866c22c142df9b7555,2026-08-12T10:06:32+00:00,manufacturer_device_database,official_device_db_part_record
infineon::cy8c4147lde-hvs014,infineon::cy8c4147lde-hvs014,Infineon,PSOC 4 HVMS,PSOC 4 HVMS,PSOC 4 HVMS (CY8C4147xxx-HVSxxx),CY8C4147LDE-HVS014,CY8C4147LDE-HVS014,,,,,48-QFN,-40..125 °C,,active,infineon-device-db:1e7589fe5ce5,https://github.com/Infineon/device-db/tree/1e7589fe5ce5c25b68a5d8866c22c142df9b7555,2026-08-12T10:06:32+00:00,manufacturer_device_database,official_device_db_part_record
infineon::cy8c4147lde-hvs024,infineon::cy8c4147lde-hvs024,Infineon,PSOC 4 HVMS,PSOC 4 HVMS,PSOC 4 HVMS (CY8C4147xxx-HVSxxx),CY8C4147LDE-HVS024,CY8C4147LDE-HVS024,,,,,48-QFN,-40..125 °C,,active,infineon-device-db:1e7589fe5ce5,https://github.com/Infineon/device-db/tree/1e7589fe5ce5c25b68a5d8866c22c142df9b7555,2026-08-12T10:06:32+00:00,manufacturer_device_database,official_device_db_part_record
infineon::cy8c4147lde-hvs024x,infineon::cy8c4147lde-hvs024x,Infineon,PSOC 4 HVMS,PSOC 4 HVMS,PSOC 4 HVMS (CY8C4147xxx-HVSxxx),CY8C4147LDE-HVS024X,CY8C4147LDE-HVS024X,,,,,48-QFN,-40..125 °C,,active,infineon-device-db:1e7589fe5ce5,https://github.com/Infineon/device-db/tree/1e7589fe5ce5c25b68a5d8866c22c142df9b7555,2026-08-12T10:06:32+00:00,manufacturer_device_database,official_device_db_part_record
infineon::cy8c4147lde-hvs034,infineon::cy8c4147lde-hvs034,Infineon,PSOC 4 HVMS,PSOC 4 HVMS,PSOC 4 HVMS (CY8C4147xxx-HVSxxx),CY8C4147LDE-HVS034,CY8C4147LDE-HVS034,,,,,48-QFN,-40..125 °C,,active,infineon-device-db:1e7589fe5ce5,https://github.com/Infineon/device-db/tree/1e7589fe5ce5c25b68a5d8866c22c142df9b7555,2026-08-12T10:06:32+00:00,manufacturer_device_database,official_device_db_part_record
infineon::cy8c4147lde-hvs034x,infineon::cy8c4147lde-hvs034x,Infineon,PSOC 4 HVMS,PSOC 4 HVMS,PSOC 4 HVMS (CY8C4147xxx-HVSxxx),CY8C4147LDE-HVS034X,CY8C4147LDE-HVS034X,,,,,48-QFN,-40..125 °C,,active,infineon-device-db:1e7589fe5ce5,https://github.com/Infineon/device-db/tree/1e7589fe5ce5c25b68a5d8866c22c142df9b7555,2026-08-12T10:06:32+00:00,manufacturer_device_database,official_device_db_part_record
infineon::cy8c4147lde-hvs104,infineon::cy8c4147lde-hvs104,Infineon,PSOC 4 HVMS,PSOC 4 HVMS,PSOC 4 HVMS (CY8C4147xxx-HVSxxx),CY8C4147LDE-HVS104,CY8C4147LDE-HVS104,,,,,48-QFN,-40..125 °C,,active,infineon-device-db:1e7589fe5ce5,https://github.com/Infineon/device-db/tree/1e7589fe5ce5c25b68a5d8866c22c142df9b7555,2026-08-12T10:06:32+00:00,manufacturer_device_database,official_device_db_part_record
infineon::cy8c4147lde-hvs114,infineon::cy8c4147lde-hvs114,Infineon,PSOC 4 HVMS,PSOC 4 HVMS,PSOC 4 HVMS (CY8C4147xxx-HVSxxx),CY8C4147LDE-HVS114,CY8C4147LDE-HVS114,,,,,48-QFN,-40..125 °C,,active,infineon-device-db:1e7589fe5ce5,https://github.com/Infineon/device-db/tree/1e7589fe5ce5c25b68a5d8866c22c142df9b7555,2026-08-12T10:06:32+00:00,manufacturer_device_database,official_device_db_part_record
infineon::cy8c4147lde-hvs124,infineon::cy8c4147lde-hvs124,Infineon,PSOC 4 HVMS,PSOC 4 HVMS,PSOC 4 HVMS (CY8C4147xxx-HVSxxx),CY8C4147LDE-HVS124,CY8C4147LDE-HVS124,,,,,48-QFN,-40..125 °C,,active,infineon-device-db:1e7589fe5ce5,https://github.com/Infineon/device-db/tree/1e7589fe5ce5c25b68a5d8866c22c142df9b7555,2026-08-12T10:06:32+00:00,manufacturer_device_database,official_device_db_part_record
infineon::cy8c4147lde-hvs124x,infineon::cy8c4147lde-hvs124x,Infineon,PSOC 4 HVMS,PSOC 4 HVMS,PSOC 4 HVMS (CY8C4147xxx-HVSxxx),CY8C4147LDE-HVS124X,CY8C4147LDE-HVS124X,,,,,48-QFN,-40..125 °C,,active,infineon-device-db:1e7589fe5ce5,https://github.com/Infineon/device-db/tree/1e7589fe5ce5c25b68a5d8866c22c142df9b7555,2026-08-12T10:06:32+00:00,manufacturer_device_database,official_device_db_part_record
infineon::cy8c4147lde-hvs134,infineon::cy8c4147lde-hvs134,Infineon,PSOC 4 HVMS,PSOC 4 HVMS,PSOC 4 HVMS (CY8C4147xxx-HVSxxx),CY8C4147LDE-HVS134,CY8C4147LDE-HVS134,,,,,48-QFN,-40..125 °C,,active,infineon-device-db:1e7589fe5ce5,https://github.com/Infineon/device-db/tree/1e7589fe5ce5c25b68a5d8866c22c142df9b7555,2026-08-12T10:06:32+00:00,manufacturer_device_database,official_device_db_part_record
infineon::cy8c4147lde-hvs134x,infineon::cy8c4147lde-hvs134x,Infineon,PSOC 4 HVMS,PSOC 4 HVMS,PSOC 4 HVMS (CY8C4147xxx-HVSxxx),CY8C4147LDE-HVS134X,CY8C4147LDE-HVS134X,,,,,48-QFN,-40..125 °C,,active,infineon-device-db:1e7589fe5ce5,https://github.com/Infineon/device-db/tree/1e7589fe5ce5c25b68a5d8866c22c142df9b7555,2026-08-12T10:06:32+00:00,manufacturer_device_database,official_device_db_part_record
infineon::cy8c4147lde-s243,infineon::cy8c4147lde-s243,Infineon,PSOC 4100S Plus,PSOC 4100S Plus,PSOC 4100S Plus (CY8C41x7xxx-Sxxx),CY8C4147LDE-S243,CY8C4147LDE-S243,,,,,48-QFN-AUTO,-40..125 °C,,active,infineon-device-db:1e7589fe5ce5,https://github.com/Infineon/device-db/tree/1e7589fe5ce5c25b68a5d8866c22c142df9b7555,2026-08-12T10:06:32+00:00,manufacturer_device_database,official_device_db_part_record
infineon::cy8c4147lde-s253,infineon::cy8c4147lde-s253,Infineon,PSOC 4100S Plus,PSOC 4100S Plus,PSOC 4100S Plus (CY8C41x7xxx-Sxxx),CY8C4147LDE-S253,CY8C4147LDE-S253,,,,,48-QFN-AUTO,-40..125 °C,,active,infineon-device-db:1e7589fe5ce5,https://github.com/Infineon/device-db/tree/1e7589fe5ce5c25b68a5d8866c22c142df9b7555,2026-08-12T10:06:32+00:00,manufacturer_device_database,official_device_db_part_record
infineon::cy8c4147lde-s263,infineon::cy8c4147lde-s263,Infineon,PSOC 4100S Plus,PSOC 4100S Plus,PSOC 4100S Plus (CY8C41x7xxx-Sxxx),CY8C4147LDE-S263,CY8C4147LDE-S263,,,,,48-QFN-AUTO,-40..125 °C,,active,infineon-device-db:1e7589fe5ce5,https://github.com/Infineon/device-db/tree/1e7589fe5ce5c25b68a5d8866c22c142df9b7555,2026-08-12T10:06:32+00:00,manufacturer_device_database,official_device_db_part_record
infineon::cy8c4147lde-s273,infineon::cy8c4147lde-s273,Infineon,PSOC 4100S Plus,PSOC 4100S Plus,PSOC 4100S Plus (CY8C41x7xxx-Sxxx),CY8C4147LDE-S273,CY8C4147LDE-S273,,,,,48-QFN-AUTO,-40..125 °C,,active,infineon-device-db:1e7589fe5ce5,https://github.com/Infineon/device-db/tree/1e7589fe5ce5c25b68a5d8866c22c142df9b7555,2026-08-12T10:06:32+00:00,manufacturer_device_database,official_device_db_part_record
infineon::cy8c4147lde-s283,infineon::cy8c4147lde-s283,Infineon,PSOC 4100S Plus,PSOC 4100S Plus,PSOC 4100S Plus (CY8C41x7xxx-Sxxx),CY8C4147LDE-S283,CY8C4147LDE-S283,,,,,48-QFN-AUTO,-40..125 °C,,active,infineon-device-db:1e7589fe5ce5,https://github.com/Infineon/device-db/tree/1e7589fe5ce5c25b68a5d8866c22c142df9b7555,2026-08-12T10:06:32+00:00,manufacturer_device_database,official_device_db_part_record
infineon::cy8c4147lde-s293,infineon::cy8c4147lde-s293,Infineon,PSOC 4100S Plus,PSOC 4100S Plus,PSOC 4100S Plus (CY8C41x7xxx-Sxxx),CY8C4147LDE-S293,CY8C4147LDE-S293,,,,,48-QFN-AUTO,-40..125 °C,,active,infineon-device-db:1e7589fe5ce5,https://github.com/Infineon/device-db/tree/1e7589fe5ce5c25b68a5d8866c22c142df9b7555,2026-08-12T10:06:32+00:00,manufacturer_device_database,official_device_db_part_record
infineon::cy8c4147lde-s443,infineon::cy8c4147lde-s443,Infineon,PSOC 4100S Plus,PSOC 4100S Plus,PSOC 4100S Plus (CY8C41x7xxx-Sxxx),CY8C4147LDE-S443,CY8C4147LDE-S443,,,,,48-QFN-AUTO,-40..125 °C,,active,infineon-device-db:1e7589fe5ce5,https://github.com/Infineon/device-db/tree/1e7589fe5ce5c25b68a5d8866c22c142df9b7555,2026-08-12T10:06:32+00:00,manufacturer_device_database,official_device_db_part_record
infineon::cy8c4147lde-s453,infineon::cy8c4147lde-s453,Infineon,PSOC 4100S Plus,PSOC 4100S Plus,PSOC 4100S Plus (CY8C41x7xxx-Sxxx),CY8C4147LDE-S453,CY8C4147LDE-S453,,,,,48-QFN-AUTO,-40..125 °C,,active,infineon-device-db:1e7589fe5ce5,https://github.com/Infineon/device-db/tree/1e7589fe5ce5c25b68a5d8866c22c142df9b7555,2026-08-12T10:06:32+00:00,manufacturer_device_database,official_device_db_part_record
infineon::cy8c4147lde-s463,infineon::cy8c4147lde-s463,Infineon,PSOC 4100S Plus,PSOC 4100S Plus,PSOC 4100S Plus (CY8C41x7xxx-Sxxx),CY8C4147LDE-S463,CY8C4147LDE-S463,,,,,48-QFN-AUTO,-40..125 °C,,active,infineon-device-db:1e7589fe5ce5,https://github.com/Infineon/device-db/tree/1e7589fe5ce5c25b68a5d8866c22c142df9b7555,2026-08-12T10:06:32+00:00,manufacturer_device_database,official_device_db_part_record
infineon::cy8c4147lde-s473,infineon::cy8c4147lde-s473,Infineon,PSOC 4100S Plus,PSOC 4100S Plus,PSOC 4100S Plus (CY8C41x7xxx-Sxxx),CY8C4147LDE-S473,CY8C4147LDE-S473,,,,,48-QFN-AUTO,-40..125 °C,,active,infineon-device-db:1e7589fe5ce5,https://github.com/Infineon/device-db/tree/1e7589fe5ce5c25b68a5d8866c22c142df9b7555,2026-08-12T10:06:32+00:00,manufacturer_device_database,official_device_db_part_record
infineon::cy8c4147lde-s543,infineon::cy8c4147lde-s543,Infineon,PSOC 4100S Max,PSOC 4100S Max,PSOC 4100S Max (CY8C4147xxx-Sxxx),CY8C4147LDE-S543,CY8C4147LDE-S543,,,,,48-QFN-AUTO,-40..125 °C,,active,infineon-device-db:1e7589fe5ce5,https://github.com/Infineon/device-db/tree/1e7589fe5ce5c25b68a5d8866c22c142df9b7555,2026-08-12T10:06:32+00:00,manufacturer_device_database,official_device_db_part_record
infineon::cy8c4147lde-s553,infineon::cy8c4147lde-s553,Infineon,PSOC 4100S Max,PSOC 4100S Max,PSOC 4100S Max (CY8C4147xxx-Sxxx),CY8C4147LDE-S553,CY8C4147LDE-S553,,,,,48-QFN-AUTO,-40..125 °C,,active,infineon-device-db:1e7589fe5ce5,https://github.com/Infineon/device-db/tree/1e7589fe5ce5c25b68a5d8866c22c142df9b7555,2026-08-12T10:06:32+00:00,manufacturer_device_database,official_device_db_part_record
infineon::cy8c4147lde-s563,infineon::cy8c4147lde-s563,Infineon,PSOC 4100S Max,PSOC 4100S Max,PSOC 4100S Max (CY8C4147xxx-Sxxx),CY8C4147LDE-S563,CY8C4147LDE-S563,,,,,48-QFN-AUTO,-40..125 °C,,active,infineon-device-db:1e7589fe5ce5,https://github.com/Infineon/device-db/tree/1e7589fe5ce5c25b68a5d8866c22c142df9b7555,2026-08-12T10:06:32+00:00,manufacturer_device_database,official_device_db_part_record
infineon::cy8c4147lde-s573,infineon::cy8c4147lde-s573,Infineon,PSOC 4100S Max,PSOC 4100S Max,PSOC 4100S Max (CY8C4147xxx-Sxxx),CY8C4147LDE-S573,CY8C4147LDE-S573,,,,,48-QFN-AUTO,-40..125 °C,,active,infineon-device-db:1e7589fe5ce5,https://github.com/Infineon/device-db/tree/1e7589fe5ce5c25b68a5d8866c22c142df9b7555,2026-08-12T10:06:32+00:00,manufacturer_device_database,official_device_db_part_record
infineon::cy8c4147lde-s583,infineon::cy8c4147lde-s583,Infineon,PSOC 4100S Max,PSOC 4100S Max,PSOC 4100S Max (CY8C4147xxx-Sxxx),CY8C4147LDE-S583,CY8C4147LDE-S583,,,,,48-QFN-AUTO,-40..125 °C,,active,infineon-device-db:1e7589fe5ce5,https://github.com/Infineon/device-db/tree/1e7589fe5ce5c25b68a5d8866c22c142df9b7555,2026-08-12T10:06:32+00:00,manufacturer_device_database,official_device_db_part_record
infineon::cy8c4147lde-s593,infineon::cy8c4147lde-s593,Infineon,PSOC 4100S Max,PSOC 4100S Max,PSOC 4100S Max (CY8C4147xxx-Sxxx),CY8C4147LDE-S593,CY8C4147LDE-S593,,,,,48-QFN-AUTO,-40..125 °C,,active,infineon-device-db:1e7589fe5ce5,https://github.com/Infineon/device-db/tree/1e7589fe5ce5c25b68a5d8866c22c142df9b7555,2026-08-12T10:06:32+00:00,manufacturer_device_database,official_device_db_part_record
infineon::cy8c4147lds-s243,infineon::cy8c4147lds-s243,Infineon,PSOC 4100S Plus,PSOC 4100S Plus,PSOC 4100S Plus (CY8C41x7xxx-Sxxx),CY8C4147LDS-S243,CY8C4147LDS-S243,,,,,48-QFN-AUTO,-40..105 °C,,active,infineon-device-db:1e7589fe5ce5,https://github.com/Infineon/device-db/tree/1e7589fe5ce5c25b68a5d8866c22c142df9b7555,2026-08-12T10:06:32+00:00,manufacturer_device_database,official_device_db_part_record
infineon::cy8c4147lds-s253,infineon::cy8c4147lds-s253,Infineon,PSOC 4100S Plus,PSOC 4100S Plus,PSOC 4100S Plus (CY8C41x7xxx-Sxxx),CY8C4147LDS-S253,CY8C4147LDS-S253,,,,,48-QFN-AUTO,-40..105 °C,,active,infineon-device-db:1e7589fe5ce5,https://github.com/Infineon/device-db/tree/1e7589fe5ce5c25b68a5d8866c22c142df9b7555,2026-08-12T10:06:32+00:00,manufacturer_device_database,official_device_db_part_record
infineon::cy8c4147lds-s263,infineon::cy8c4147lds-s263,Infineon,PSOC 4100S Plus,PSOC 4100S Plus,PSOC 4100S Plus (CY8C41x7xxx-Sxxx),CY8C4147LDS-S263,CY8C4147LDS-S263,,,,,48-QFN-AUTO,-40..105 °C,,active,infineon-device-db:1e7589fe5ce5,https://github.com/Infineon/device-db/tree/1e7589fe5ce5c25b68a5d8866c22c142df9b7555,2026-08-12T10:06:32+00:00,manufacturer_device_database,official_device_db_part_record
infineon::cy8c4147lds-s273,infineon::cy8c4147lds-s273,Infineon,PSOC 4100S Plus,PSOC 4100S Plus,PSOC 4100S Plus (CY8C41x7xxx-Sxxx),CY8C4147LDS-S273,CY8C4147LDS-S273,,,,,48-QFN-AUTO,-40..105 °C,,active,infineon-device-db:1e7589fe5ce5,https://github.com/Infineon/device-db/tree/1e7589fe5ce5c25b68a5d8866c22c142df9b7555,2026-08-12T10:06:32+00:00,manufacturer_device_database,official_device_db_part_record
infineon::cy8c4147lds-s283,infineon::cy8c4147lds-s283,Infineon,PSOC 4100S Plus,PSOC 4100S Plus,PSOC 4100S Plus (CY8C41x7xxx-Sxxx),CY8C4147LDS-S283,CY8C4147LDS-S283,,,,,48-QFN-AUTO,-40..105 °C,,active,infineon-device-db:1e7589fe5ce5,https://github.com/Infineon/device-db/tree/1e7589fe5ce5c25b68a5d8866c22c142df9b7555,2026-08-12T10:06:32+00:00,manufacturer_device_database,official_device_db_part_record
infineon::cy8c4147lds-s293,infineon::cy8c4147lds-s293,Infineon,PSOC 4100S Plus,PSOC 4100S Plus,PSOC 4100S Plus (CY8C41x7xxx-Sxxx),CY8C4147LDS-S293,CY8C4147LDS-S293,,,,,48-QFN-AUTO,-40..105 °C,,active,infineon-device-db:1e7589fe5ce5,https://github.com/Infineon/device-db/tree/1e7589fe5ce5c25b68a5d8866c22c142df9b7555,2026-08-12T10:06:32+00:00,manufacturer_device_database,official_device_db_part_record
infineon::cy8c4147lds-s443,infineon::cy8c4147lds-s443,Infineon,PSOC 4100S Plus,PSOC 4100S Plus,PSOC 4100S Plus (CY8C41x7xxx-Sxxx),CY8C4147LDS-S443,CY8C4147LDS-S443,,,,,48-QFN-AUTO,-40..105 °C,,active,infineon-device-db:1e7589fe5ce5,https://github.com/Infineon/device-db/tree/1e7589fe5ce5c25b68a5d8866c22c142df9b7555,2026-08-12T10:06:32+00:00,manufacturer_device_database,official_device_db_part_record
infineon::cy8c4147lds-s453,infineon::cy8c4147lds-s453,Infineon,PSOC 4100S Plus,PSOC 4100S Plus,PSOC 4100S Plus (CY8C41x7xxx-Sxxx),CY8C4147LDS-S453,CY8C4147LDS-S453,,,,,48-QFN-AUTO,-40..105 °C,,active,infineon-device-db:1e7589fe5ce5,https://github.com/Infineon/device-db/tree/1e7589fe5ce5c25b68a5d8866c22c142df9b7555,2026-08-12T10:06:32+00:00,manufacturer_device_database,official_device_db_part_record
infineon::cy8c4147lds-s463,infineon::cy8c4147lds-s463,Infineon,PSOC 4100S Plus,PSOC 4100S Plus,PSOC 4100S Plus (CY8C41x7xxx-Sxxx),CY8C4147LDS-S463,CY8C4147LDS-S463,,,,,48-QFN-AUTO,-40..105 °C,,active,infineon-device-db:1e7589fe5ce5,https://github.com/Infineon/device-db/tree/1e7589fe5ce5c25b68a5d8866c22c142df9b7555,2026-08-12T10:06:32+00:00,manufacturer_device_database,official_device_db_part_record
infineon::cy8c4147lds-s473,infineon::cy8c4147lds-s473,Infineon,PSOC 4100S Plus,PSOC 4100S Plus,PSOC 4100S Plus (CY8C41x7xxx-Sxxx),CY8C4147LDS-S473,CY8C4147LDS-S473,,,,,48-QFN-AUTO,-40..105 °C,,active,infineon-device-db:1e7589fe5ce5,https://github.com/Infineon/device-db/tree/1e7589fe5ce5c25b68a5d8866c22c142df9b7555,2026-08-12T10:06:32+00:00,manufacturer_device_database,official_device_db_part_record
infineon::cy8c4147lds-s543,infineon::cy8c4147lds-s543,Infineon,PSOC 4100S Max,PSOC 4100S Max,PSOC 4100S Max (CY8C4147xxx-Sxxx),CY8C4147LDS-S543,CY8C4147LDS-S543,,,,,48-QFN-AUTO,-40..105 °C,,active,infineon-device-db:1e7589fe5ce5,https://github.com/Infineon/device-db/tree/1e7589fe5ce5c25b68a5d8866c22c142df9b7555,2026-08-12T10:06:32+00:00,manufacturer_device_database,official_device_db_part_record
infineon::cy8c4147lds-s553,infineon::cy8c4147lds-s553,Infineon,PSOC 4100S Max,PSOC 4100S Max,PSOC 4100S Max (CY8C4147xxx-Sxxx),CY8C4147LDS-S553,CY8C4147LDS-S553,,,,,48-QFN-AUTO,-40..105 °C,,active,infineon-device-db:1e7589fe5ce5,https://github.com/Infineon/device-db/tree/1e7589fe5ce5c25b68a5d8866c22c142df9b7555,2026-08-12T10:06:32+00:00,manufacturer_device_database,official_device_db_part_record
infineon::cy8c4147lds-s563,infineon::cy8c4147lds-s563,Infineon,PSOC 4100S Max,PSOC 4100S Max,PSOC 4100S Max (CY8C4147xxx-Sxxx),CY8C4147LDS-S563,CY8C4147LDS-S563,,,,,48-QFN-AUTO,-40..105 °C,,active,infineon-device-db:1e7589fe5ce5,https://github.com/Infineon/device-db/tree/1e7589fe5ce5c25b68a5d8866c22c142df9b7555,2026-08-12T10:06:32+00:00,manufacturer_device_database,official_device_db_part_record
infineon::cy8c4147lds-s573,infineon::cy8c4147lds-s573,Infineon,PSOC 4100S Max,PSOC 4100S Max,PSOC 4100S Max (CY8C4147xxx-Sxxx),CY8C4147LDS-S573,CY8C4147LDS-S573,,,,,48-QFN-AUTO,-40..105 °C,,active,infineon-device-db:1e7589fe5ce5,https://github.com/Infineon/device-db/tree/1e7589fe5ce5c25b68a5d8866c22c142df9b7555,2026-08-12T10:06:32+00:00,manufacturer_device_database,official_device_db_part_record
infineon::cy8c4147lds-s583,infineon::cy8c4147lds-s583,Infineon,PSOC 4100S Max,PSOC 4100S Max,PSOC 4100S Max (CY8C4147xxx-Sxxx),CY8C4147LDS-S583,CY8C4147LDS-S583,,,,,48-QFN-AUTO,-40..105 °C,,active,infineon-device-db:1e7589fe5ce5,https://github.com/Infineon/device-db/tree/1e7589fe5ce5c25b68a5d8866c22c142df9b7555,2026-08-12T10:06:32+00:00,manufacturer_device_database,official_device_db_part_record
infineon::cy8c4147lds-s593,infineon::cy8c4147lds-s593,Infineon,PSOC 4100S Max,PSOC 4100S Max,PSOC 4100S Max (CY8C4147xxx-Sxxx),CY8C4147LDS-S593,CY8C4147LDS-S593,,,,,48-QFN-AUTO,-40..105 °C,,active,infineon-device-db:1e7589fe5ce5,https://github.com/Infineon/device-db/tree/1e7589fe5ce5c25b68a5d8866c22c142df9b7555,2026-08-12T10:06:32+00:00,manufacturer_device_database,official_device_db_part_record
infineon::cy8c4147lqa-s243,infineon::cy8c4147lqa-s243,Infineon,PSOC 4100S Plus,PSOC 4100S Plus,PSOC 4100S Plus (CY8C41x7xxx-Sxxx),CY8C4147LQA-S243,CY8C4147LQA-S243,,,,,40-QFN-2,-40..85 °C,,active,infineon-device-db:1e7589fe5ce5,https://github.com/Infineon/device-db/tree/1e7589fe5ce5c25b68a5d8866c22c142df9b7555,2026-08-12T10:06:32+00:00,manufacturer_device_database,official_device_db_part_record
infineon::cy8c4147lqa-s245,infineon::cy8c4147lqa-s245,Infineon,PSOC 4100S Plus,PSOC 4100S Plus,PSOC 4100S Plus (CY8C41x7xxx-Sxxx),CY8C4147LQA-S245,CY8C4147LQA-S245,,,,,64-QFN,-40..85 °C,,active,infineon-device-db:1e7589fe5ce5,https://github.com/Infineon/device-db/tree/1e7589fe5ce5c25b68a5d8866c22c142df9b7555,2026-08-12T10:06:32+00:00,manufacturer_device_database,official_device_db_part_record
infineon::cy8c4147lqa-s253,infineon::cy8c4147lqa-s253,Infineon,PSOC 4100S Plus,PSOC 4100S Plus,PSOC 4100S Plus (CY8C41x7xxx-Sxxx),CY8C4147LQA-S253,CY8C4147LQA-S253,,,,,40-QFN-2,-40..85 °C,,active,infineon-device-db:1e7589fe5ce5,https://github.com/Infineon/device-db/tree/1e7589fe5ce5c25b68a5d8866c22c142df9b7555,2026-08-12T10:06:32+00:00,manufacturer_device_database,official_device_db_part_record
infineon::cy8c4147lqa-s255,infineon::cy8c4147lqa-s255,Infineon,PSOC 4100S Plus,PSOC 4100S Plus,PSOC 4100S Plus (CY8C41x7xxx-Sxxx),CY8C4147LQA-S255,CY8C4147LQA-S255,,,,,64-QFN,-40..85 °C,,active,infineon-device-db:1e7589fe5ce5,https://github.com/Infineon/device-db/tree/1e7589fe5ce5c25b68a5d8866c22c142df9b7555,2026-08-12T10:06:32+00:00,manufacturer_device_database,official_device_db_part_record
infineon::cy8c4147lqa-s263,infineon::cy8c4147lqa-s263,Infineon,PSOC 4100S Plus,PSOC 4100S Plus,PSOC 4100S Plus (CY8C41x7xxx-Sxxx),CY8C4147LQA-S263,CY8C4147LQA-S263,,,,,40-QFN-2,-40..85 °C,,active,infineon-device-db:1e7589fe5ce5,https://github.com/Infineon/device-db/tree/1e7589fe5ce5c25b68a5d8866c22c142df9b7555,2026-08-12T10:06:32+00:00,manufacturer_device_database,official_device_db_part_record
infineon::cy8c4147lqa-s265,infineon::cy8c4147lqa-s265,Infineon,PSOC 4100S Plus,PSOC 4100S Plus,PSOC 4100S Plus (CY8C41x7xxx-Sxxx),CY8C4147LQA-S265,CY8C4147LQA-S265,,,,,64-QFN,-40..85 °C,,active,infineon-device-db:1e7589fe5ce5,https://github.com/Infineon/device-db/tree/1e7589fe5ce5c25b68a5d8866c22c142df9b7555,2026-08-12T10:06:32+00:00,manufacturer_device_database,official_device_db_part_record
infineon::cy8c4147lqa-s273,infineon::cy8c4147lqa-s273,Infineon,PSOC 4100S Plus,PSOC 4100S Plus,PSOC 4100S Plus (CY8C41x7xxx-Sxxx),CY8C4147LQA-S273,CY8C4147LQA-S273,,,,,40-QFN-2,-40..85 °C,,active,infineon-device-db:1e7589fe5ce5,https://github.com/Infineon/device-db/tree/1e7589fe5ce5c25b68a5d8866c22c142df9b7555,2026-08-12T10:06:32+00:00,manufacturer_device_database,official_device_db_part_record
infineon::cy8c4147lqa-s275,infineon::cy8c4147lqa-s275,Infineon,PSOC 4100S Plus,PSOC 4100S Plus,PSOC 4100S Plus (CY8C41x7xxx-Sxxx),CY8C4147LQA-S275,CY8C4147LQA-S275,,,,,64-QFN,-40..85 °C,,active,infineon-device-db:1e7589fe5ce5,https://github.com/Infineon/device-db/tree/1e7589fe5ce5c25b68a5d8866c22c142df9b7555,2026-08-12T10:06:32+00:00,manufacturer_device_database,official_device_db_part_record
infineon::cy8c4147lqa-s283,infineon::cy8c4147lqa-s283,Infineon,PSOC 4100S Plus,PSOC 4100S Plus,PSOC 4100S Plus (CY8C41x7xxx-Sxxx),CY8C4147LQA-S283,CY8C4147LQA-S283,,,,,40-QFN-2,-40..85 °C,,active,infineon-device-db:1e7589fe5ce5,https://github.com/Infineon/device-db/tree/1e7589fe5ce5c25b68a5d8866c22c142df9b7555,2026-08-12T10:06:32+00:00,manufacturer_device_database,official_device_db_part_record
infineon::cy8c4147lqa-s285,infineon::cy8c4147lqa-s285,Infineon,PSOC 4100S Plus,PSOC 4100S Plus,PSOC 4100S Plus (CY8C41x7xxx-Sxxx),CY8C4147LQA-S285,CY8C4147LQA-S285,,,,,64-QFN,-40..85 °C,,active,infineon-device-db:1e7589fe5ce5,https://github.com/Infineon/device-db/tree/1e7589fe5ce5c25b68a5d8866c22c142df9b7555,2026-08-12T10:06:32+00:00,manufacturer_device_database,official_device_db_part_record
infineon::cy8c4147lqa-s293,infineon::cy8c4147lqa-s293,Infineon,PSOC 4100S Plus,PSOC 4100S Plus,PSOC 4100S Plus (CY8C41x7xxx-Sxxx),CY8C4147LQA-S293,CY8C4147LQA-S293,,,,,40-QFN-2,-40..85 °C,,active,infineon-device-db:1e7589fe5ce5,https://github.com/Infineon/device-db/tree/1e7589fe5ce5c25b68a5d8866c22c142df9b7555,2026-08-12T10:06:32+00:00,manufacturer_device_database,official_device_db_part_record
infineon::cy8c4147lqa-s295,infineon::cy8c4147lqa-s295,Infineon,PSOC 4100S Plus,PSOC 4100S Plus,PSOC 4100S Plus (CY8C41x7xxx-Sxxx),CY8C4147LQA-S295,CY8C4147LQA-S295,,,,,64-QFN,-40..85 °C,,active,infineon-device-db:1e7589fe5ce5,https://github.com/Infineon/device-db/tree/1e7589fe5ce5c25b68a5d8866c22c142df9b7555,2026-08-12T10:06:32+00:00,manufacturer_device_database,official_device_db_part_record
infineon::cy8c4147lqa-s443,infineon::cy8c4147lqa-s443,Infineon,PSOC 4100S Plus,PSOC 4100S Plus,PSOC 4100S Plus (CY8C41x7xxx-Sxxx),CY8C4147LQA-S443,CY8C4147LQA-S443,,,,,40-QFN-2,-40..85 °C,,active,infineon-device-db:1e7589fe5ce5,https://github.com/Infineon/device-db/tree/1e7589fe5ce5c25b68a5d8866c22c142df9b7555,2026-08-12T10:06:32+00:00,manufacturer_device_database,official_device_db_part_record
infineon::cy8c4147lqa-s445,infineon::cy8c4147lqa-s445,Infineon,PSOC 4100S Plus,PSOC 4100S Plus,PSOC 4100S Plus (CY8C41x7xxx-Sxxx),CY8C4147LQA-S445,CY8C4147LQA-S445,,,,,64-QFN,-40..85 °C,,active,infineon-device-db:1e7589fe5ce5,https://github.com/Infineon/device-db/tree/1e7589fe5ce5c25b68a5d8866c22c142df9b7555,2026-08-12T10:06:32+00:00,manufacturer_device_database,official_device_db_part_record
infineon::cy8c4147lqa-s453,infineon::cy8c4147lqa-s453,Infineon,PSOC 4100S Plus,PSOC 4100S Plus,PSOC 4100S Plus (CY8C41x7xxx-Sxxx),CY8C4147LQA-S453,CY8C4147LQA-S453,,,,,40-QFN-2,-40..85 °C,,active,infineon-device-db:1e7589fe5ce5,https://github.com/Infineon/device-db/tree/1e7589fe5ce5c25b68a5d8866c22c142df9b7555,2026-08-12T10:06:32+00:00,manufacturer_device_database,official_device_db_part_record
infineon::cy8c4147lqa-s455,infineon::cy8c4147lqa-s455,Infineon,PSOC 4100S Plus,PSOC 4100S Plus,PSOC 4100S Plus (CY8C41x7xxx-Sxxx),CY8C4147LQA-S455,CY8C4147LQA-S455,,,,,64-QFN,-40..85 °C,,active,infineon-device-db:1e7589fe5ce5,https://github.com/Infineon/device-db/tree/1e7589fe5ce5c25b68a5d8866c22c142df9b7555,2026-08-12T10:06:32+00:00,manufacturer_device_database,official_device_db_part_record
infineon::cy8c4147lqa-s463,infineon::cy8c4147lqa-s463,Infineon,PSOC 4100S Plus,PSOC 4100S Plus,PSOC 4100S Plus (CY8C41x7xxx-Sxxx),CY8C4147LQA-S463,CY8C4147LQA-S463,,,,,40-QFN-2,-40..85 °C,,active,infineon-device-db:1e7589fe5ce5,https://github.com/Infineon/device-db/tree/1e7589fe5ce5c25b68a5d8866c22c142df9b7555,2026-08-12T10:06:32+00:00,manufacturer_device_database,official_device_db_part_record
infineon::cy8c4147lqa-s465,infineon::cy8c4147lqa-s465,Infineon,PSOC 4100S Plus,PSOC 4100S Plus,PSOC 4100S Plus (CY8C41x7xxx-Sxxx),CY8C4147LQA-S465,CY8C4147LQA-S465,,,,,64-QFN,-40..85 °C,,active,infineon-device-db:1e7589fe5ce5,https://github.com/Infineon/device-db/tree/1e7589fe5ce5c25b68a5d8866c22c142df9b7555,2026-08-12T10:06:32+00:00,manufacturer_device_database,official_device_db_part_record
infineon::cy8c4147lqa-s473,infineon::cy8c4147lqa-s473,Infineon,PSOC 4100S Plus,PSOC 4100S Plus,PSOC 4100S Plus (CY8C41x7xxx-Sxxx),CY8C4147LQA-S473,CY8C4147LQA-S473,,,,,40-QFN-2,-40..85 °C,,active,infineon-device-db:1e7589fe5ce5,https://github.com/Infineon/device-db/tree/1e7589fe5ce5c25b68a5d8866c22c142df9b7555,2026-08-12T10:06:32+00:00,manufacturer_device_database,official_device_db_part_record
infineon::cy8c4147lqa-s475,infineon::cy8c4147lqa-s475,Infineon,PSOC 4100S Plus,PSOC 4100S Plus,PSOC 4100S Plus (CY8C41x7xxx-Sxxx),CY8C4147LQA-S475,CY8C4147LQA-S475,,,,,64-QFN,-40..85 °C,,active,infineon-device-db:1e7589fe5ce5,https://github.com/Infineon/device-db/tree/1e7589fe5ce5c25b68a5d8866c22c142df9b7555,2026-08-12T10:06:32+00:00,manufacturer_device_database,official_device_db_part_record
infineon::cy8c4147lqe-hvs006,infineon::cy8c4147lqe-hvs006,Infineon,PSOC 4 HVMS,PSOC 4 HVMS,PSOC 4 HVMS (CY8C4147xxx-HVSxxx),CY8C4147LQE-HVS006,CY8C4147LQE-HVS006,,,,,64-QFN,-40..125 °C,,active,infineon-device-db:1e7589fe5ce5,https://github.com/Infineon/device-db/tree/1e7589fe5ce5c25b68a5d8866c22c142df9b7555,2026-08-12T10:06:32+00:00,manufacturer_device_database,official_device_db_part_record
infineon::cy8c4147lqe-hvs016,infineon::cy8c4147lqe-hvs016,Infineon,PSOC 4 HVMS,PSOC 4 HVMS,PSOC 4 HVMS (CY8C4147xxx-HVSxxx),CY8C4147LQE-HVS016,CY8C4147LQE-HVS016,,,,,64-QFN,-40..125 °C,,active,infineon-device-db:1e7589fe5ce5,https://github.com/Infineon/device-db/tree/1e7589fe5ce5c25b68a5d8866c22c142df9b7555,2026-08-12T10:06:32+00:00,manufacturer_device_database,official_device_db_part_record
infineon::cy8c4147lqe-hvs026,infineon::cy8c4147lqe-hvs026,Infineon,PSOC 4 HVMS,PSOC 4 HVMS,PSOC 4 HVMS (CY8C4147xxx-HVSxxx),CY8C4147LQE-HVS026,CY8C4147LQE-HVS026,,,,,64-QFN,-40..125 °C,,active,infineon-device-db:1e7589fe5ce5,https://github.com/Infineon/device-db/tree/1e7589fe5ce5c25b68a5d8866c22c142df9b7555,2026-08-12T10:06:32+00:00,manufacturer_device_database,official_device_db_part_record
infineon::cy8c4147lqe-hvs026x,infineon::cy8c4147lqe-hvs026x,Infineon,PSOC 4 HVMS,PSOC 4 HVMS,PSOC 4 HVMS (CY8C4147xxx-HVSxxx),CY8C4147LQE-HVS026X,CY8C4147LQE-HVS026X,,,,,64-QFN,-40..125 °C,,active,infineon-device-db:1e7589fe5ce5,https://github.com/Infineon/device-db/tree/1e7589fe5ce5c25b68a5d8866c22c142df9b7555,2026-08-12T10:06:32+00:00,manufacturer_device_database,official_device_db_part_record
infineon::cy8c4147lqe-hvs036,infineon::cy8c4147lqe-hvs036,Infineon,PSOC 4 HVMS,PSOC 4 HVMS,PSOC 4 HVMS (CY8C4147xxx-HVSxxx),CY8C4147LQE-HVS036,CY8C4147LQE-HVS036,,,,,64-QFN,-40..125 °C,,active,infineon-device-db:1e7589fe5ce5,https://github.com/Infineon/device-db/tree/1e7589fe5ce5c25b68a5d8866c22c142df9b7555,2026-08-12T10:06:32+00:00,manufacturer_device_database,official_device_db_part_record
infineon::cy8c4147lqe-hvs036x,infineon::cy8c4147lqe-hvs036x,Infineon,PSOC 4 HVMS,PSOC 4 HVMS,PSOC 4 HVMS (CY8C4147xxx-HVSxxx),CY8C4147LQE-HVS036X,CY8C4147LQE-HVS036X,,,,,64-QFN,-40..125 °C,,active,infineon-device-db:1e7589fe5ce5,https://github.com/Infineon/device-db/tree/1e7589fe5ce5c25b68a5d8866c22c142df9b7555,2026-08-12T10:06:32+00:00,manufacturer_device_database,official_device_db_part_record
infineon::cy8c4147lqe-hvs106,infineon::cy8c4147lqe-hvs106,Infineon,PSOC 4 HVMS,PSOC 4 HVMS,PSOC 4 HVMS (CY8C4147xxx-HVSxxx),CY8C4147LQE-HVS106,CY8C4147LQE-HVS106,,,,,64-QFN,-40..125 °C,,active,infineon-device-db:1e7589fe5ce5,https://github.com/Infineon/device-db/tree/1e7589fe5ce5c25b68a5d8866c22c142df9b7555,2026-08-12T10:06:32+00:00,manufacturer_device_database,official_device_db_part_record
infineon::cy8c4147lqe-hvs116,infineon::cy8c4147lqe-hvs116,Infineon,PSOC 4 HVMS,PSOC 4 HVMS,PSOC 4 HVMS (CY8C4147xxx-HVSxxx),CY8C4147LQE-HVS116,CY8C4147LQE-HVS116,,,,,64-QFN,-40..125 °C,,active,infineon-device-db:1e7589fe5ce5,https://github.com/Infineon/device-db/tree/1e7589fe5ce5c25b68a5d8866c22c142df9b7555,2026-08-12T10:06:32+00:00,manufacturer_device_database,official_device_db_part_record
infineon::cy8c4147lqe-hvs126,infineon::cy8c4147lqe-hvs126,Infineon,PSOC 4 HVMS,PSOC 4 HVMS,PSOC 4 HVMS (CY8C4147xxx-HVSxxx),CY8C4147LQE-HVS126,CY8C4147LQE-HVS126,,,,,64-QFN,-40..125 °C,,active,infineon-device-db:1e7589fe5ce5,https://github.com/Infineon/device-db/tree/1e7589fe5ce5c25b68a5d8866c22c142df9b7555,2026-08-12T10:06:32+00:00,manufacturer_device_database,official_device_db_part_record
infineon::cy8c4147lqe-hvs126x,infineon::cy8c4147lqe-hvs126x,Infineon,PSOC 4 HVMS,PSOC 4 HVMS,PSOC 4 HVMS (CY8C4147xxx-HVSxxx),CY8C4147LQE-HVS126X,CY8C4147LQE-HVS126X,,,,,64-QFN,-40..125 °C,,active,infineon-device-db:1e7589fe5ce5,https://github.com/Infineon/device-db/tree/1e7589fe5ce5c25b68a5d8866c22c142df9b7555,2026-08-12T10:06:32+00:00,manufacturer_device_database,official_device_db_part_record
infineon::cy8c4147lqe-hvs136,infineon::cy8c4147lqe-hvs136,Infineon,PSOC 4 HVMS,PSOC 4 HVMS,PSOC 4 HVMS (CY8C4147xxx-HVSxxx),CY8C4147LQE-HVS136,CY8C4147LQE-HVS136,,,,,64-QFN,-40..125 °C,,active,infineon-device-db:1e7589fe5ce5,https://github.com/Infineon/device-db/tree/1e7589fe5ce5c25b68a5d8866c22c142df9b7555,2026-08-12T10:06:32+00:00,manufacturer_device_database,official_device_db_part_record
infineon::cy8c4147lqe-hvs136x,infineon::cy8c4147lqe-hvs136x,Infineon,PSOC 4 HVMS,PSOC 4 HVMS,PSOC 4 HVMS (CY8C4147xxx-HVSxxx),CY8C4147LQE-HVS136X,CY8C4147LQE-HVS136X,,,,,64-QFN,-40..125 °C,,active,infineon-device-db:1e7589fe5ce5,https://github.com/Infineon/device-db/tree/1e7589fe5ce5c25b68a5d8866c22c142df9b7555,2026-08-12T10:06:32+00:00,manufacturer_device_database,official_device_db_part_record
infineon::cy8c4147lqe-s243,infineon::cy8c4147lqe-s243,Infineon,PSOC 4100S Plus,PSOC 4100S Plus,PSOC 4100S Plus (CY8C41x7xxx-Sxxx),CY8C4147LQE-S243,CY8C4147LQE-S243,,,,,40-QFN-2,-40..125 °C,,active,infineon-device-db:1e7589fe5ce5,https://github.com/Infineon/device-db/tree/1e7589fe5ce5c25b68a5d8866c22c142df9b7555,2026-08-12T10:06:32+00:00,manufacturer_device_database,official_device_db_part_record
infineon::cy8c4147lqe-s245,infineon::cy8c4147lqe-s245,Infineon,PSOC 4100S Plus,PSOC 4100S Plus,PSOC 4100S Plus (CY8C41x7xxx-Sxxx),CY8C4147LQE-S245,CY8C4147LQE-S245,,,,,64-QFN,-40..125 °C,,active,infineon-device-db:1e7589fe5ce5,https://github.com/Infineon/device-db/tree/1e7589fe5ce5c25b68a5d8866c22c142df9b7555,2026-08-12T10:06:32+00:00,manufacturer_device_database,official_device_db_part_record
infineon::cy8c4147lqe-s253,infineon::cy8c4147lqe-s253,Infineon,PSOC 4100S Plus,PSOC 4100S Plus,PSOC 4100S Plus (CY8C41x7xxx-Sxxx),CY8C4147LQE-S253,CY8C4147LQE-S253,,,,,40-QFN-2,-40..125 °C,,active,infineon-device-db:1e7589fe5ce5,https://github.com/Infineon/device-db/tree/1e7589fe5ce5c25b68a5d8866c22c142df9b7555,2026-08-12T10:06:32+00:00,manufacturer_device_database,official_device_db_part_record
infineon::cy8c4147lqe-s255,infineon::cy8c4147lqe-s255,Infineon,PSOC 4100S Plus,PSOC 4100S Plus,PSOC 4100S Plus (CY8C41x7xxx-Sxxx),CY8C4147LQE-S255,CY8C4147LQE-S255,,,,,64-QFN,-40..125 °C,,active,infineon-device-db:1e7589fe5ce5,https://github.com/Infineon/device-db/tree/1e7589fe5ce5c25b68a5d8866c22c142df9b7555,2026-08-12T10:06:32+00:00,manufacturer_device_database,official_device_db_part_record
infineon::cy8c4147lqe-s263,infineon::cy8c4147lqe-s263,Infineon,PSOC 4100S Plus,PSOC 4100S Plus,PSOC 4100S Plus (CY8C41x7xxx-Sxxx),CY8C4147LQE-S263,CY8C4147LQE-S263,,,,,40-QFN-2,-40..125 °C,,active,infineon-device-db:1e7589fe5ce5,https://github.com/Infineon/device-db/tree/1e7589fe5ce5c25b68a5d8866c22c142df9b7555,2026-08-12T10:06:32+00:00,manufacturer_device_database,official_device_db_part_record
infineon::cy8c4147lqe-s265,infineon::cy8c4147lqe-s265,Infineon,PSOC 4100S Plus,PSOC 4100S Plus,PSOC 4100S Plus (CY8C41x7xxx-Sxxx),CY8C4147LQE-S265,CY8C4147LQE-S265,,,,,64-QFN,-40..125 °C,,active,infineon-device-db:1e7589fe5ce5,https://github.com/Infineon/device-db/tree/1e7589fe5ce5c25b68a5d8866c22c142df9b7555,2026-08-12T10:06:32+00:00,manufacturer_device_database,official_device_db_part_record
infineon::cy8c4147lqe-s273,infineon::cy8c4147lqe-s273,Infineon,PSOC 4100S Plus,PSOC 4100S Plus,PSOC 4100S Plus (CY8C41x7xxx-Sxxx),CY8C4147LQE-S273,CY8C4147LQE-S273,,,,,40-QFN-2,-40..125 °C,,active,infineon-device-db:1e7589fe5ce5,https://github.com/Infineon/device-db/tree/1e7589fe5ce5c25b68a5d8866c22c142df9b7555,2026-08-12T10:06:32+00:00,manufacturer_device_database,official_device_db_part_record
infineon::cy8c4147lqe-s275,infineon::cy8c4147lqe-s275,Infineon,PSOC 4100S Plus,PSOC 4100S Plus,PSOC 4100S Plus (CY8C41x7xxx-Sxxx),CY8C4147LQE-S275,CY8C4147LQE-S275,,,,,64-QFN,-40..125 °C,,active,infineon-device-db:1e7589fe5ce5,https://github.com/Infineon/device-db/tree/1e7589fe5ce5c25b68a5d8866c22c142df9b7555,2026-08-12T10:06:32+00:00,manufacturer_device_database,official_device_db_part_record
infineon::cy8c4147lqe-s283,infineon::cy8c4147lqe-s283,Infineon,PSOC 4100S Plus,PSOC 4100S Plus,PSOC 4100S Plus (CY8C41x7xxx-Sxxx),CY8C4147LQE-S283,CY8C4147LQE-S283,,,,,40-QFN-2,-40..125 °C,,active,infineon-device-db:1e7589fe5ce5,https://github.com/Infineon/device-db/tree/1e7589fe5ce5c25b68a5d8866c22c142df9b7555,2026-08-12T10:06:32+00:00,manufacturer_device_database,official_device_db_part_record
infineon::cy8c4147lqe-s285,infineon::cy8c4147lqe-s285,Infineon,PSOC 4100S Plus,PSOC 4100S Plus,PSOC 4100S Plus (CY8C41x7xxx-Sxxx),CY8C4147LQE-S285,CY8C4147LQE-S285,,,,,64-QFN,-40..125 °C,,active,infineon-device-db:1e7589fe5ce5,https://github.com/Infineon/device-db/tree/1e7589fe5ce5c25b68a5d8866c22c142df9b7555,2026-08-12T10:06:32+00:00,manufacturer_device_database,official_device_db_part_record
infineon::cy8c4147lqe-s293,infineon::cy8c4147lqe-s293,Infineon,PSOC 4100S Plus,PSOC 4100S Plus,PSOC 4100S Plus (CY8C41x7xxx-Sxxx),CY8C4147LQE-S293,CY8C4147LQE-S293,,,,,40-QFN-2,-40..125 °C,,active,infineon-device-db:1e7589fe5ce5,https://github.com/Infineon/device-db/tree/1e7589fe5ce5c25b68a5d8866c22c142df9b7555,2026-08-12T10:06:32+00:00,manufacturer_device_database,official_device_db_part_record
infineon::cy8c4147lqe-s295,infineon::cy8c4147lqe-s295,Infineon,PSOC 4100S Plus,PSOC 4100S Plus,PSOC 4100S Plus (CY8C41x7xxx-Sxxx),CY8C4147LQE-S295,CY8C4147LQE-S295,,,,,64-QFN,-40..125 °C,,active,infineon-device-db:1e7589fe5ce5,https://github.com/Infineon/device-db/tree/1e7589fe5ce5c25b68a5d8866c22c142df9b7555,2026-08-12T10:06:32+00:00,manufacturer_device_database,official_device_db_part_record
infineon::cy8c4147lqe-s443,infineon::cy8c4147lqe-s443,Infineon,PSOC 4100S Plus,PSOC 4100S Plus,PSOC 4100S Plus (CY8C41x7xxx-Sxxx),CY8C4147LQE-S443,CY8C4147LQE-S443,,,,,40-QFN-2,-40..125 °C,,active,infineon-device-db:1e7589fe5ce5,https://github.com/Infineon/device-db/tree/1e7589fe5ce5c25b68a5d8866c22c142df9b7555,2026-08-12T10:06:32+00:00,manufacturer_device_database,official_device_db_part_record
infineon::cy8c4147lqe-s445,infineon::cy8c4147lqe-s445,Infineon,PSOC 4100S Plus,PSOC 4100S Plus,PSOC 4100S Plus (CY8C41x7xxx-Sxxx),CY8C4147LQE-S445,CY8C4147LQE-S445,,,,,64-QFN,-40..125 °C,,active,infineon-device-db:1e7589fe5ce5,https://github.com/Infineon/device-db/tree/1e7589fe5ce5c25b68a5d8866c22c142df9b7555,2026-08-12T10:06:32+00:00,manufacturer_device_database,official_device_db_part_record
infineon::cy8c4147lqe-s453,infineon::cy8c4147lqe-s453,Infineon,PSOC 4100S Plus,PSOC 4100S Plus,PSOC 4100S Plus (CY8C41x7xxx-Sxxx),CY8C4147LQE-S453,CY8C4147LQE-S453,,,,,40-QFN-2,-40..125 °C,,active,infineon-device-db:1e7589fe5ce5,https://github.com/Infineon/device-db/tree/1e7589fe5ce5c25b68a5d8866c22c142df9b7555,2026-08-12T10:06:32+00:00,manufacturer_device_database,official_device_db_part_record
infineon::cy8c4147lqe-s455,infineon::cy8c4147lqe-s455,Infineon,PSOC 4100S Plus,PSOC 4100S Plus,PSOC 4100S Plus (CY8C41x7xxx-Sxxx),CY8C4147LQE-S455,CY8C4147LQE-S455,,,,,64-QFN,-40..125 °C,,active,infineon-device-db:1e7589fe5ce5,https://github.com/Infineon/device-db/tree/1e7589fe5ce5c25b68a5d8866c22c142df9b7555,2026-08-12T10:06:32+00:00,manufacturer_device_database,official_device_db_part_record
infineon::cy8c4147lqe-s463,infineon::cy8c4147lqe-s463,Infineon,PSOC 4100S Plus,PSOC 4100S Plus,PSOC 4100S Plus (CY8C41x7xxx-Sxxx),CY8C4147LQE-S463,CY8C4147LQE-S463,,,,,40-QFN-2,-40..125 °C,,active,infineon-device-db:1e7589fe5ce5,https://github.com/Infineon/device-db/tree/1e7589fe5ce5c25b68a5d8866c22c142df9b7555,2026-08-12T10:06:32+00:00,manufacturer_device_database,official_device_db_part_record
infineon::cy8c4147lqe-s465,infineon::cy8c4147lqe-s465,Infineon,PSOC 4100S Plus,PSOC 4100S Plus,PSOC 4100S Plus (CY8C41x7xxx-Sxxx),CY8C4147LQE-S465,CY8C4147LQE-S465,,,,,64-QFN,-40..125 °C,,active,infineon-device-db:1e7589fe5ce5,https://github.com/Infineon/device-db/tree/1e7589fe5ce5c25b68a5d8866c22c142df9b7555,2026-08-12T10:06:32+00:00,manufacturer_device_database,official_device_db_part_record
infineon::cy8c4147lqe-s473,infineon::cy8c4147lqe-s473,Infineon,PSOC 4100S Plus,PSOC 4100S Plus,PSOC 4100S Plus (CY8C41x7xxx-Sxxx),CY8C4147LQE-S473,CY8C4147LQE-S473,,,,,40-QFN-2,-40..125 °C,,active,infineon-device-db:1e7589fe5ce5,https://github.com/Infineon/device-db/tree/1e7589fe5ce5c25b68a5d8866c22c142df9b7555,2026-08-12T10:06:32+00:00,manufacturer_device_database,official_device_db_part_record
infineon::cy8c4147lqe-s475,infineon::cy8c4147lqe-s475,Infineon,PSOC 4100S Plus,PSOC 4100S Plus,PSOC 4100S Plus (CY8C41x7xxx-Sxxx),CY8C4147LQE-S475,CY8C4147LQE-S475,,,,,64-QFN,-40..125 °C,,active,infineon-device-db:1e7589fe5ce5,https://github.com/Infineon/device-db/tree/1e7589fe5ce5c25b68a5d8866c22c142df9b7555,2026-08-12T10:06:32+00:00,manufacturer_device_database,official_device_db_part_record
infineon::cy8c4147lqi-t403,infineon::cy8c4147lqi-t403,Infineon,PSOC 4100T Plus,PSOC 4100T Plus,PSOC 4100T Plus (CY8C4147xxx-Txxx) 16KB SRAM,CY8C4147LQI-T403,CY8C4147LQI-T403,,,,,48-QFN,-40..85 °C,,active,infineon-device-db:1e7589fe5ce5,https://github.com/Infineon/device-db/tree/1e7589fe5ce5c25b68a5d8866c22c142df9b7555,2026-08-12T10:06:32+00:00,manufacturer_device_database,official_device_db_part_record
infineon::cy8c4147lqi-t413,infineon::cy8c4147lqi-t413,Infineon,PSOC 4100T Plus,PSOC 4100T Plus,PSOC 4100T Plus (CY8C4147xxx-Txxx) 16KB SRAM,CY8C4147LQI-T413,CY8C4147LQI-T413,,,,,48-QFN,-40..85 °C,,active,infineon-device-db:1e7589fe5ce5,https://github.com/Infineon/device-db/tree/1e7589fe5ce5c25b68a5d8866c22c142df9b7555,2026-08-12T10:06:32+00:00,manufacturer_device_database,official_device_db_part_record
infineon::cy8c4147lqi-t453,infineon::cy8c4147lqi-t453,Infineon,PSOC 4100T Plus,PSOC 4100T Plus,PSOC 4100T Plus (CY8C4147xxx-Txxx) 16KB SRAM,CY8C4147LQI-T453,CY8C4147LQI-T453,,,,,48-QFN,-40..85 °C,,active,infineon-device-db:1e7589fe5ce5,https://github.com/Infineon/device-db/tree/1e7589fe5ce5c25b68a5d8866c22c142df9b7555,2026-08-12T10:06:32+00:00,manufacturer_device_database,official_device_db_part_record
infineon::cy8c4147lqi-t463,infineon::cy8c4147lqi-t463,Infineon,PSOC 4100T Plus,PSOC 4100T Plus,PSOC 4100T Plus (CY8C4147xxx-Txxx) 32KB SRAM,CY8C4147LQI-T463,CY8C4147LQI-T463,,,,,48-QFN,-40..85 °C,,active,infineon-device-db:1e7589fe5ce5,https://github.com/Infineon/device-db/tree/1e7589fe5ce5c25b68a5d8866c22c142df9b7555,2026-08-12T10:06:32+00:00,manufacturer_device_database,official_device_db_part_record
infineon::cy8c4147lqi-t473,infineon::cy8c4147lqi-t473,Infineon,PSOC 4100T Plus,PSOC 4100T Plus,PSOC 4100T Plus (CY8C4147xxx-Txxx) 32KB SRAM,CY8C4147LQI-T473,CY8C4147LQI-T473,,,,,48-QFN,-40..85 °C,,active,infineon-device-db:1e7589fe5ce5,https://github.com/Infineon/device-db/tree/1e7589fe5ce5c25b68a5d8866c22c142df9b7555,2026-08-12T10:06:32+00:00,manufacturer_device_database,official_device_db_part_record
infineon::cy8c4147lqq-t493,infineon::cy8c4147lqq-t493,Infineon,PSOC 4100T Plus,PSOC 4100T Plus,PSOC 4100T Plus (CY8C4147xxx-Txxx) 32KB SRAM,CY8C4147LQQ-T493,CY8C4147LQQ-T493,,,,,48-QFN,-40..105 °C,,active,infineon-device-db:1e7589fe5ce5,https://github.com/Infineon/device-db/tree/1e7589fe5ce5c25b68a5d8866c22c142df9b7555,2026-08-12T10:06:32+00:00,manufacturer_device_database,official_device_db_part_record
infineon::cy8c4147lqs-s243,infineon::cy8c4147lqs-s243,Infineon,PSOC 4100S Plus,PSOC 4100S Plus,PSOC 4100S Plus (CY8C41x7xxx-Sxxx),CY8C4147LQS-S243,CY8C4147LQS-S243,,,,,40-QFN-2,-40..105 °C,,active,infineon-device-db:1e7589fe5ce5,https://github.com/Infineon/device-db/tree/1e7589fe5ce5c25b68a5d8866c22c142df9b7555,2026-08-12T10:06:32+00:00,manufacturer_device_database,official_device_db_part_record
infineon::cy8c4147lqs-s245,infineon::cy8c4147lqs-s245,Infineon,PSOC 4100S Plus,PSOC 4100S Plus,PSOC 4100S Plus (CY8C41x7xxx-Sxxx),CY8C4147LQS-S245,CY8C4147LQS-S245,,,,,64-QFN,-40..105 °C,,active,infineon-device-db:1e7589fe5ce5,https://github.com/Infineon/device-db/tree/1e7589fe5ce5c25b68a5d8866c22c142df9b7555,2026-08-12T10:06:32+00:00,manufacturer_device_database,official_device_db_part_record
infineon::cy8c4147lqs-s253,infineon::cy8c4147lqs-s253,Infineon,PSOC 4100S Plus,PSOC 4100S Plus,PSOC 4100S Plus (CY8C41x7xxx-Sxxx),CY8C4147LQS-S253,CY8C4147LQS-S253,,,,,40-QFN-2,-40..105 °C,,active,infineon-device-db:1e7589fe5ce5,https://github.com/Infineon/device-db/tree/1e7589fe5ce5c25b68a5d8866c22c142df9b7555,2026-08-12T10:06:32+00:00,manufacturer_device_database,official_device_db_part_record
infineon::cy8c4147lqs-s255,infineon::cy8c4147lqs-s255,Infineon,PSOC 4100S Plus,PSOC 4100S Plus,PSOC 4100S Plus (CY8C41x7xxx-Sxxx),CY8C4147LQS-S255,CY8C4147LQS-S255,,,,,64-QFN,-40..105 °C,,active,infineon-device-db:1e7589fe5ce5,https://github.com/Infineon/device-db/tree/1e7589fe5ce5c25b68a5d8866c22c142df9b7555,2026-08-12T10:06:32+00:00,manufacturer_device_database,official_device_db_part_record
infineon::cy8c4147lqs-s263,infineon::cy8c4147lqs-s263,Infineon,PSOC 4100S Plus,PSOC 4100S Plus,PSOC 4100S Plus (CY8C41x7xxx-Sxxx),CY8C4147LQS-S263,CY8C4147LQS-S263,,,,,40-QFN-2,-40..105 °C,,active,infineon-device-db:1e7589fe5ce5,https://github.com/Infineon/device-db/tree/1e7589fe5ce5c25b68a5d8866c22c142df9b7555,2026-08-12T10:06:32+00:00,manufacturer_device_database,official_device_db_part_record
infineon::cy8c4147lqs-s265,infineon::cy8c4147lqs-s265,Infineon,PSOC 4100S Plus,PSOC 4100S Plus,PSOC 4100S Plus (CY8C41x7xxx-Sxxx),CY8C4147LQS-S265,CY8C4147LQS-S265,,,,,64-QFN,-40..105 °C,,active,infineon-device-db:1e7589fe5ce5,https://github.com/Infineon/device-db/tree/1e7589fe5ce5c25b68a5d8866c22c142df9b7555,2026-08-12T10:06:32+00:00,manufacturer_device_database,official_device_db_part_record
infineon::cy8c4147lqs-s273,infineon::cy8c4147lqs-s273,Infineon,PSOC 4100S Plus,PSOC 4100S Plus,PSOC 4100S Plus (CY8C41x7xxx-Sxxx),CY8C4147LQS-S273,CY8C4147LQS-S273,,,,,40-QFN-2,-40..105 °C,,active,infineon-device-db:1e7589fe5ce5,https://github.com/Infineon/device-db/tree/1e7589fe5ce5c25b68a5d8866c22c142df9b7555,2026-08-12T10:06:32+00:00,manufacturer_device_database,official_device_db_part_record
infineon::cy8c4147lqs-s275,infineon::cy8c4147lqs-s275,Infineon,PSOC 4100S Plus,PSOC 4100S Plus,PSOC 4100S Plus (CY8C41x7xxx-Sxxx),CY8C4147LQS-S275,CY8C4147LQS-S275,,,,,64-QFN,-40..105 °C,,active,infineon-device-db:1e7589fe5ce5,https://github.com/Infineon/device-db/tree/1e7589fe5ce5c25b68a5d8866c22c142df9b7555,2026-08-12T10:06:32+00:00,manufacturer_device_database,official_device_db_part_record
infineon::cy8c4147lqs-s283,infineon::cy8c4147lqs-s283,Infineon,PSOC 4100S Plus,PSOC 4100S Plus,PSOC 4100S Plus (CY8C41x7xxx-Sxxx),CY8C4147LQS-S283,CY8C4147LQS-S283,,,,,40-QFN-2,-40..105 °C,,active,infineon-device-db:1e7589fe5ce5,https://github.com/Infineon/device-db/tree/1e7589fe5ce5c25b68a5d8866c22c142df9b7555,2026-08-12T10:06:32+00:00,manufacturer_device_database,official_device_db_part_record
infineon::cy8c4147lqs-s285,infineon::cy8c4147lqs-s285,Infineon,PSOC 4100S Plus,PSOC 4100S Plus,PSOC 4100S Plus (CY8C41x7xxx-Sxxx),CY8C4147LQS-S285,CY8C4147LQS-S285,,,,,64-QFN,-40..105 °C,,active,infineon-device-db:1e7589fe5ce5,https://github.com/Infineon/device-db/tree/1e7589fe5ce5c25b68a5d8866c22c142df9b7555,2026-08-12T10:06:32+00:00,manufacturer_device_database,official_device_db_part_record
infineon::cy8c4147lqs-s293,infineon::cy8c4147lqs-s293,Infineon,PSOC 4100S Plus,PSOC 4100S Plus,PSOC 4100S Plus (CY8C41x7xxx-Sxxx),CY8C4147LQS-S293,CY8C4147LQS-S293,,,,,40-QFN-2,-40..105 °C,,active,infineon-device-db:1e7589fe5ce5,https://github.com/Infineon/device-db/tree/1e7589fe5ce5c25b68a5d8866c22c142df9b7555,2026-08-12T10:06:32+00:00,manufacturer_device_database,official_device_db_part_record
infineon::cy8c4147lqs-s295,infineon::cy8c4147lqs-s295,Infineon,PSOC 4100S Plus,PSOC 4100S Plus,PSOC 4100S Plus (CY8C41x7xxx-Sxxx),CY8C4147LQS-S295,CY8C4147LQS-S295,,,,,64-QFN,-40..105 °C,,active,infineon-device-db:1e7589fe5ce5,https://github.com/Infineon/device-db/tree/1e7589fe5ce5c25b68a5d8866c22c142df9b7555,2026-08-12T10:06:32+00:00,manufacturer_device_database,official_device_db_part_record
infineon::cy8c4147lqs-s443,infineon::cy8c4147lqs-s443,Infineon,PSOC 4100S Plus,PSOC 4100S Plus,PSOC 4100S Plus (CY8C41x7xxx-Sxxx),CY8C4147LQS-S443,CY8C4147LQS-S443,,,,,40-QFN-2,-40..105 °C,,active,infineon-device-db:1e7589fe5ce5,https://github.com/Infineon/device-db/tree/1e7589fe5ce5c25b68a5d8866c22c142df9b7555,2026-08-12T10:06:32+00:00,manufacturer_device_database,official_device_db_part_record
infineon::cy8c4147lqs-s445,infineon::cy8c4147lqs-s445,Infineon,PSOC 4100S Plus,PSOC 4100S Plus,PSOC 4100S Plus (CY8C41x7xxx-Sxxx),CY8C4147LQS-S445,CY8C4147LQS-S445,,,,,64-QFN,-40..105 °C,,active,infineon-device-db:1e7589fe5ce5,https://github.com/Infineon/device-db/tree/1e7589fe5ce5c25b68a5d8866c22c142df9b7555,2026-08-12T10:06:32+00:00,manufacturer_device_database,official_device_db_part_record
infineon::cy8c4147lqs-s453,infineon::cy8c4147lqs-s453,Infineon,PSOC 4100S Plus,PSOC 4100S Plus,PSOC 4100S Plus (CY8C41x7xxx-Sxxx),CY8C4147LQS-S453,CY8C4147LQS-S453,,,,,40-QFN-2,-40..105 °C,,active,infineon-device-db:1e7589fe5ce5,https://github.com/Infineon/device-db/tree/1e7589fe5ce5c25b68a5d8866c22c142df9b7555,2026-08-12T10:06:32+00:00,manufacturer_device_database,official_device_db_part_record
infineon::cy8c4147lqs-s455,infineon::cy8c4147lqs-s455,Infineon,PSOC 4100S Plus,PSOC 4100S Plus,PSOC 4100S Plus (CY8C41x7xxx-Sxxx),CY8C4147LQS-S455,CY8C4147LQS-S455,,,,,64-QFN,-40..105 °C,,active,infineon-device-db:1e7589fe5ce5,https://github.com/Infineon/device-db/tree/1e7589fe5ce5c25b68a5d8866c22c142df9b7555,2026-08-12T10:06:32+00:00,manufacturer_device_database,official_device_db_part_record
infineon::cy8c4147lqs-s463,infineon::cy8c4147lqs-s463,Infineon,PSOC 4100S Plus,PSOC 4100S Plus,PSOC 4100S Plus (CY8C41x7xxx-Sxxx),CY8C4147LQS-S463,CY8C4147LQS-S463,,,,,40-QFN-2,-40..105 °C,,active,infineon-device-db:1e7589fe5ce5,https://github.com/Infineon/device-db/tree/1e7589fe5ce5c25b68a5d8866c22c142df9b7555,2026-08-12T10:06:32+00:00,manufacturer_device_database,official_device_db_part_record
infineon::cy8c4147lqs-s465,infineon::cy8c4147lqs-s465,Infineon,PSOC 4100S Plus,PSOC 4100S Plus,PSOC 4100S Plus (CY8C41x7xxx-Sxxx),CY8C4147LQS-S465,CY8C4147LQS-S465,,,,,64-QFN,-40..105 °C,,active,infineon-device-db:1e7589fe5ce5,https://github.com/Infineon/device-db/tree/1e7589fe5ce5c25b68a5d8866c22c142df9b7555,2026-08-12T10:06:32+00:00,manufacturer_device_database,official_device_db_part_record
infineon::cy8c4147lqs-s473,infineon::cy8c4147lqs-s473,Infineon,PSOC 4100S Plus,PSOC 4100S Plus,PSOC 4100S Plus (CY8C41x7xxx-Sxxx),CY8C4147LQS-S473,CY8C4147LQS-S473,,,,,40-QFN-2,-40..105 °C,,active,infineon-device-db:1e7589fe5ce5,https://github.com/Infineon/device-db/tree/1e7589fe5ce5c25b68a5d8866c22c142df9b7555,2026-08-12T10:06:32+00:00,manufacturer_device_database,official_device_db_part_record
infineon::cy8c4147lqs-s475,infineon::cy8c4147lqs-s475,Infineon,PSOC 4100S Plus,PSOC 4100S Plus,PSOC 4100S Plus (CY8C41x7xxx-Sxxx),CY8C4147LQS-S475,CY8C4147LQS-S475,,,,,64-QFN,-40..105 °C,,active,infineon-device-db:1e7589fe5ce5,https://github.com/Infineon/device-db/tree/1e7589fe5ce5c25b68a5d8866c22c142df9b7555,2026-08-12T10:06:32+00:00,manufacturer_device_database,official_device_db_part_record
infineon::cy8c4147lwe-hvs005,infineon::cy8c4147lwe-hvs005,Infineon,PSOC 4 HVMS,PSOC 4 HVMS,PSOC 4 HVMS (CY8C4147xxx-HVSxxx),CY8C4147LWE-HVS005,CY8C4147LWE-HVS005,,,,,56-QFN,-40..125 °C,,active,infineon-device-db:1e7589fe5ce5,https://github.com/Infineon/device-db/tree/1e7589fe5ce5c25b68a5d8866c22c142df9b7555,2026-08-12T10:06:32+00:00,manufacturer_device_database,official_device_db_part_record
infineon::cy8c4147lwe-hvs015,infineon::cy8c4147lwe-hvs015,Infineon,PSOC 4 HVMS,PSOC 4 HVMS,PSOC 4 HVMS (CY8C4147xxx-HVSxxx),CY8C4147LWE-HVS015,CY8C4147LWE-HVS015,,,,,56-QFN,-40..125 °C,,active,infineon-device-db:1e7589fe5ce5,https://github.com/Infineon/device-db/tree/1e7589fe5ce5c25b68a5d8866c22c142df9b7555,2026-08-12T10:06:32+00:00,manufacturer_device_database,official_device_db_part_record
infineon::cy8c4147lwe-hvs025,infineon::cy8c4147lwe-hvs025,Infineon,PSOC 4 HVMS,PSOC 4 HVMS,PSOC 4 HVMS (CY8C4147xxx-HVSxxx),CY8C4147LWE-HVS025,CY8C4147LWE-HVS025,,,,,56-QFN,-40..125 °C,,active,infineon-device-db:1e7589fe5ce5,https://github.com/Infineon/device-db/tree/1e7589fe5ce5c25b68a5d8866c22c142df9b7555,2026-08-12T10:06:32+00:00,manufacturer_device_database,official_device_db_part_record
infineon::cy8c4147lwe-hvs025x,infineon::cy8c4147lwe-hvs025x,Infineon,PSOC 4 HVMS,PSOC 4 HVMS,PSOC 4 HVMS (CY8C4147xxx-HVSxxx),CY8C4147LWE-HVS025X,CY8C4147LWE-HVS025X,,,,,56-QFN,-40..125 °C,,active,infineon-device-db:1e7589fe5ce5,https://github.com/Infineon/device-db/tree/1e7589fe5ce5c25b68a5d8866c22c142df9b7555,2026-08-12T10:06:32+00:00,manufacturer_device_database,official_device_db_part_record
infineon::cy8c4147lwe-hvs035,infineon::cy8c4147lwe-hvs035,Infineon,PSOC 4 HVMS,PSOC 4 HVMS,PSOC 4 HVMS (CY8C4147xxx-HVSxxx),CY8C4147LWE-HVS035,CY8C4147LWE-HVS035,,,,,56-QFN,-40..125 °C,,active,infineon-device-db:1e7589fe5ce5,https://github.com/Infineon/device-db/tree/1e7589fe5ce5c25b68a5d8866c22c142df9b7555,2026-08-12T10:06:32+00:00,manufacturer_device_database,official_device_db_part_record
infineon::cy8c4147lwe-hvs035x,infineon::cy8c4147lwe-hvs035x,Infineon,PSOC 4 HVMS,PSOC 4 HVMS,PSOC 4 HVMS (CY8C4147xxx-HVSxxx),CY8C4147LWE-HVS035X,CY8C4147LWE-HVS035X,,,,,56-QFN,-40..125 °C,,active,infineon-device-db:1e7589fe5ce5,https://github.com/Infineon/device-db/tree/1e7589fe5ce5c25b68a5d8866c22c142df9b7555,2026-08-12T10:06:32+00:00,manufacturer_device_database,official_device_db_part_record
infineon::cy8c4147lwe-hvs105,infineon::cy8c4147lwe-hvs105,Infineon,PSOC 4 HVMS,PSOC 4 HVMS,PSOC 4 HVMS (CY8C4147xxx-HVSxxx),CY8C4147LWE-HVS105,CY8C4147LWE-HVS105,,,,,56-QFN,-40..125 °C,,active,infineon-device-db:1e7589fe5ce5,https://github.com/Infineon/device-db/tree/1e7589fe5ce5c25b68a5d8866c22c142df9b7555,2026-08-12T10:06:32+00:00,manufacturer_device_database,official_device_db_part_record
infineon::cy8c4147lwe-hvs115,infineon::cy8c4147lwe-hvs115,Infineon,PSOC 4 HVMS,PSOC 4 HVMS,PSOC 4 HVMS (CY8C4147xxx-HVSxxx),CY8C4147LWE-HVS115,CY8C4147LWE-HVS115,,,,,56-QFN,-40..125 °C,,active,infineon-device-db:1e7589fe5ce5,https://github.com/Infineon/device-db/tree/1e7589fe5ce5c25b68a5d8866c22c142df9b7555,2026-08-12T10:06:32+00:00,manufacturer_device_database,official_device_db_part_record
infineon::cy8c4147lwe-hvs125,infineon::cy8c4147lwe-hvs125,Infineon,PSOC 4 HVMS,PSOC 4 HVMS,PSOC 4 HVMS (CY8C4147xxx-HVSxxx),CY8C4147LWE-HVS125,CY8C4147LWE-HVS125,,,,,56-QFN,-40..125 °C,,active,infineon-device-db:1e7589fe5ce5,https://github.com/Infineon/device-db/tree/1e7589fe5ce5c25b68a5d8866c22c142df9b7555,2026-08-12T10:06:32+00:00,manufacturer_device_database,official_device_db_part_record
infineon::cy8c4147lwe-hvs125x,infineon::cy8c4147lwe-hvs125x,Infineon,PSOC 4 HVMS,PSOC 4 HVMS,PSOC 4 HVMS (CY8C4147xxx-HVSxxx),CY8C4147LWE-HVS125X,CY8C4147LWE-HVS125X,,,,,56-QFN,-40..125 °C,,active,infineon-device-db:1e7589fe5ce5,https://github.com/Infineon/device-db/tree/1e7589fe5ce5c25b68a5d8866c22c142df9b7555,2026-08-12T10:06:32+00:00,manufacturer_device_database,official_device_db_part_record
infineon::cy8c4147lwe-hvs135,infineon::cy8c4147lwe-hvs135,Infineon,PSOC 4 HVMS,PSOC 4 HVMS,PSOC 4 HVMS (CY8C4147xxx-HVSxxx),CY8C4147LWE-HVS135,CY8C4147LWE-HVS135,,,,,56-QFN,-40..125 °C,,active,infineon-device-db:1e7589fe5ce5,https://github.com/Infineon/device-db/tree/1e7589fe5ce5c25b68a5d8866c22c142df9b7555,2026-08-12T10:06:32+00:00,manufacturer_device_database,official_device_db_part_record
infineon::cy8c4147lwe-hvs135x,infineon::cy8c4147lwe-hvs135x,Infineon,PSOC 4 HVMS,PSOC 4 HVMS,PSOC 4 HVMS (CY8C4147xxx-HVSxxx),CY8C4147LWE-HVS135X,CY8C4147LWE-HVS135X,,,,,56-QFN,-40..125 °C,,active,infineon-device-db:1e7589fe5ce5,https://github.com/Infineon/device-db/tree/1e7589fe5ce5c25b68a5d8866c22c142df9b7555,2026-08-12T10:06:32+00:00,manufacturer_device_database,official_device_db_part_record
infineon::cy8c4148axi-s445,infineon::cy8c4148axi-s445,Infineon,PSOC 4100S Plus 256KB,PSOC 4100S Plus 256KB,PSOC 4100S Plus (CY8C41x8xxx-Sxxx),CY8C4148AXI-S445,CY8C4148AXI-S445,,,,,64-TQFP,-40..85 °C,,active,infineon-device-db:1e7589fe5ce5,https://github.com/Infineon/device-db/tree/1e7589fe5ce5c25b68a5d8866c22c142df9b7555,2026-08-12T10:06:32+00:00,manufacturer_device_database,official_device_db_part_record
infineon::cy8c4148axi-s455,infineon::cy8c4148axi-s455,Infineon,PSOC 4100S Plus 256KB,PSOC 4100S Plus 256KB,PSOC 4100S Plus (CY8C41x8xxx-Sxxx),CY8C4148AXI-S455,CY8C4148AXI-S455,,,,,64-TQFP,-40..85 °C,,active,infineon-device-db:1e7589fe5ce5,https://github.com/Infineon/device-db/tree/1e7589fe5ce5c25b68a5d8866c22c142df9b7555,2026-08-12T10:06:32+00:00,manufacturer_device_database,official_device_db_part_record
infineon::cy8c4148axq-s445,infineon::cy8c4148axq-s445,Infineon,PSOC 4100S Plus 256KB,PSOC 4100S Plus 256KB,PSOC 4100S Plus (CY8C41x8xxx-Sxxx),CY8C4148AXQ-S445,CY8C4148AXQ-S445,,,,,64-TQFP,-40..105 °C,,active,infineon-device-db:1e7589fe5ce5,https://github.com/Infineon/device-db/tree/1e7589fe5ce5c25b68a5d8866c22c142df9b7555,2026-08-12T10:06:32+00:00,manufacturer_device_database,official_device_db_part_record
infineon::cy8c4148axq-s455,infineon::cy8c4148axq-s455,Infineon,PSOC 4100S Plus 256KB,PSOC 4100S Plus 256KB,PSOC 4100S Plus (CY8C41x8xxx-Sxxx),CY8C4148AXQ-S455,CY8C4148AXQ-S455,,,,,64-TQFP,-40..105 °C,,active,infineon-device-db:1e7589fe5ce5,https://github.com/Infineon/device-db/tree/1e7589fe5ce5c25b68a5d8866c22c142df9b7555,2026-08-12T10:06:32+00:00,manufacturer_device_database,official_device_db_part_record
infineon::cy8c4148aza-s545,infineon::cy8c4148aza-s545,Infineon,PSOC 4100S Max,PSOC 4100S Max,PSOC 4100S Max (CY8C4148xxx-Sxxx),CY8C4148AZA-S545,CY8C4148AZA-S545,,,,,64-TQFP,-40..85 °C,,active,infineon-device-db:1e7589fe5ce5,https://github.com/Infineon/device-db/tree/1e7589fe5ce5c25b68a5d8866c22c142df9b7555,2026-08-12T10:06:32+00:00,manufacturer_device_database,official_device_db_part_record
infineon::cy8c4148aza-s548,infineon::cy8c4148aza-s548,Infineon,PSOC 4100S Max,PSOC 4100S Max,PSOC 4100S Max (CY8C4148xxx-Sxxx),CY8C4148AZA-S548,CY8C4148AZA-S548,,,,,100-TQFP,-40..85 °C,,active,infineon-device-db:1e7589fe5ce5,https://github.com/Infineon/device-db/tree/1e7589fe5ce5c25b68a5d8866c22c142df9b7555,2026-08-12T10:06:32+00:00,manufacturer_device_database,official_device_db_part_record
infineon::cy8c4148aza-s555,infineon::cy8c4148aza-s555,Infineon,PSOC 4100S Max,PSOC 4100S Max,PSOC 4100S Max (CY8C4148xxx-Sxxx),CY8C4148AZA-S555,CY8C4148AZA-S555,,,,,64-TQFP,-40..85 °C,,active,infineon-device-db:1e7589fe5ce5,https://github.com/Infineon/device-db/tree/1e7589fe5ce5c25b68a5d8866c22c142df9b7555,2026-08-12T10:06:32+00:00,manufacturer_device_database,official_device_db_part_record
infineon::cy8c4148aza-s558,infineon::cy8c4148aza-s558,Infineon,PSOC 4100S Max,PSOC 4100S Max,PSOC 4100S Max (CY8C4148xxx-Sxxx),CY8C4148AZA-S558,CY8C4148AZA-S558,,,,,100-TQFP,-40..85 °C,,active,infineon-device-db:1e7589fe5ce5,https://github.com/Infineon/device-db/tree/1e7589fe5ce5c25b68a5d8866c22c142df9b7555,2026-08-12T10:06:32+00:00,manufacturer_device_database,official_device_db_part_record
infineon::cy8c4148aza-s565,infineon::cy8c4148aza-s565,Infineon,PSOC 4100S Max,PSOC 4100S Max,PSOC 4100S Max (CY8C4148xxx-Sxxx),CY8C4148AZA-S565,CY8C4148AZA-S565,,,,,64-TQFP,-40..85 °C,,active,infineon-device-db:1e7589fe5ce5,https://github.com/Infineon/device-db/tree/1e7589fe5ce5c25b68a5d8866c22c142df9b7555,2026-08-12T10:06:32+00:00,manufacturer_device_database,official_device_db_part_record
infineon::cy8c4148aza-s568,infineon::cy8c4148aza-s568,Infineon,PSOC 4100S Max,PSOC 4100S Max,PSOC 4100S Max (CY8C4148xxx-Sxxx),CY8C4148AZA-S568,CY8C4148AZA-S568,,,,,100-TQFP,-40..85 °C,,active,infineon-device-db:1e7589fe5ce5,https://github.com/Infineon/device-db/tree/1e7589fe5ce5c25b68a5d8866c22c142df9b7555,2026-08-12T10:06:32+00:00,manufacturer_device_database,official_device_db_part_record
infineon::cy8c4148aza-s575,infineon::cy8c4148aza-s575,Infineon,PSOC 4100S Max,PSOC 4100S Max,PSOC 4100S Max (CY8C4148xxx-Sxxx),CY8C4148AZA-S575,CY8C4148AZA-S575,,,,,64-TQFP,-40..85 °C,,active,infineon-device-db:1e7589fe5ce5,https://github.com/Infineon/device-db/tree/1e7589fe5ce5c25b68a5d8866c22c142df9b7555,2026-08-12T10:06:32+00:00,manufacturer_device_database,official_device_db_part_record
infineon::cy8c4148aza-s578,infineon::cy8c4148aza-s578,Infineon,PSOC 4100S Max,PSOC 4100S Max,PSOC 4100S Max (CY8C4148xxx-Sxxx),CY8C4148AZA-S578,CY8C4148AZA-S578,,,,,100-TQFP,-40..85 °C,,active,infineon-device-db:1e7589fe5ce5,https://github.com/Infineon/device-db/tree/1e7589fe5ce5c25b68a5d8866c22c142df9b7555,2026-08-12T10:06:32+00:00,manufacturer_device_database,official_device_db_part_record
infineon::cy8c4148aza-s585,infineon::cy8c4148aza-s585,Infineon,PSOC 4100S Max,PSOC 4100S Max,PSOC 4100S Max (CY8C4148xxx-Sxxx),CY8C4148AZA-S585,CY8C4148AZA-S585,,,,,64-TQFP,-40..85 °C,,active,infineon-device-db:1e7589fe5ce5,https://github.com/Infineon/device-db/tree/1e7589fe5ce5c25b68a5d8866c22c142df9b7555,2026-08-12T10:06:32+00:00,manufacturer_device_database,official_device_db_part_record
infineon::cy8c4148aza-s588,infineon::cy8c4148aza-s588,Infineon,PSOC 4100S Max,PSOC 4100S Max,PSOC 4100S Max (CY8C4148xxx-Sxxx),CY8C4148AZA-S588,CY8C4148AZA-S588,,,,,100-TQFP,-40..85 °C,,active,infineon-device-db:1e7589fe5ce5,https://github.com/Infineon/device-db/tree/1e7589fe5ce5c25b68a5d8866c22c142df9b7555,2026-08-12T10:06:32+00:00,manufacturer_device_database,official_device_db_part_record
infineon::cy8c4148aza-s595,infineon::cy8c4148aza-s595,Infineon,PSOC 4100S Max,PSOC 4100S Max,PSOC 4100S Max (CY8C4148xxx-Sxxx),CY8C4148AZA-S595,CY8C4148AZA-S595,,,,,64-TQFP,-40..85 °C,,active,infineon-device-db:1e7589fe5ce5,https://github.com/Infineon/device-db/tree/1e7589fe5ce5c25b68a5d8866c22c142df9b7555,2026-08-12T10:06:32+00:00,manufacturer_device_database,official_device_db_part_record
infineon::cy8c4148aza-s598,infineon::cy8c4148aza-s598,Infineon,PSOC 4100S Max,PSOC 4100S Max,PSOC 4100S Max (CY8C4148xxx-Sxxx),CY8C4148AZA-S598,CY8C4148AZA-S598,,,,,100-TQFP,-40..85 °C,,active,infineon-device-db:1e7589fe5ce5,https://github.com/Infineon/device-db/tree/1e7589fe5ce5c25b68a5d8866c22c142df9b7555,2026-08-12T10:06:32+00:00,manufacturer_device_database,official_device_db_part_record
infineon::cy8c4148aze-s545,infineon::cy8c4148aze-s545,Infineon,PSOC 4100S Max,PSOC 4100S Max,PSOC 4100S Max (CY8C4148xxx-Sxxx),CY8C4148AZE-S545,CY8C4148AZE-S545,,,,,64-TQFP,-40..125 °C,,active,infineon-device-db:1e7589fe5ce5,https://github.com/Infineon/device-db/tree/1e7589fe5ce5c25b68a5d8866c22c142df9b7555,2026-08-12T10:06:32+00:00,manufacturer_device_database,official_device_db_part_record
infineon::cy8c4148aze-s548,infineon::cy8c4148aze-s548,Infineon,PSOC 4100S Max,PSOC 4100S Max,PSOC 4100S Max (CY8C4148xxx-Sxxx),CY8C4148AZE-S548,CY8C4148AZE-S548,,,,,100-TQFP,-40..125 °C,,active,infineon-device-db:1e7589fe5ce5,https://github.com/Infineon/device-db/tree/1e7589fe5ce5c25b68a5d8866c22c142df9b7555,2026-08-12T10:06:32+00:00,manufacturer_device_database,official_device_db_part_record
infineon::cy8c4148aze-s555,infineon::cy8c4148aze-s555,Infineon,PSOC 4100S Max,PSOC 4100S Max,PSOC 4100S Max (CY8C4148xxx-Sxxx),CY8C4148AZE-S555,CY8C4148AZE-S555,,,,,64-TQFP,-40..125 °C,,active,infineon-device-db:1e7589fe5ce5,https://github.com/Infineon/device-db/tree/1e7589fe5ce5c25b68a5d8866c22c142df9b7555,2026-08-12T10:06:32+00:00,manufacturer_device_database,official_device_db_part_record
infineon::cy8c4148aze-s558,infineon::cy8c4148aze-s558,Infineon,PSOC 4100S Max,PSOC 4100S Max,PSOC 4100S Max (CY8C4148xxx-Sxxx),CY8C4148AZE-S558,CY8C4148AZE-S558,,,,,100-TQFP,-40..125 °C,,active,infineon-device-db:1e7589fe5ce5,https://github.com/Infineon/device-db/tree/1e7589fe5ce5c25b68a5d8866c22c142df9b7555,2026-08-12T10:06:32+00:00,manufacturer_device_database,official_device_db_part_record
infineon::cy8c4148aze-s565,infineon::cy8c4148aze-s565,Infineon,PSOC 4100S Max,PSOC 4100S Max,PSOC 4100S Max (CY8C4148xxx-Sxxx),CY8C4148AZE-S565,CY8C4148AZE-S565,,,,,64-TQFP,-40..125 °C,,active,infineon-device-db:1e7589fe5ce5,https://github.com/Infineon/device-db/tree/1e7589fe5ce5c25b68a5d8866c22c142df9b7555,2026-08-12T10:06:32+00:00,manufacturer_device_database,official_device_db_part_record
infineon::cy8c4148aze-s568,infineon::cy8c4148aze-s568,Infineon,PSOC 4100S Max,PSOC 4100S Max,PSOC 4100S Max (CY8C4148xxx-Sxxx),CY8C4148AZE-S568,CY8C4148AZE-S568,,,,,100-TQFP,-40..125 °C,,active,infineon-device-db:1e7589fe5ce5,https://github.com/Infineon/device-db/tree/1e7589fe5ce5c25b68a5d8866c22c142df9b7555,2026-08-12T10:06:32+00:00,manufacturer_device_database,official_device_db_part_record
infineon::cy8c4148aze-s575,infineon::cy8c4148aze-s575,Infineon,PSOC 4100S Max,PSOC 4100S Max,PSOC 4100S Max (CY8C4148xxx-Sxxx),CY8C4148AZE-S575,CY8C4148AZE-S575,,,,,64-TQFP,-40..125 °C,,active,infineon-device-db:1e7589fe5ce5,https://github.com/Infineon/device-db/tree/1e7589fe5ce5c25b68a5d8866c22c142df9b7555,2026-08-12T10:06:32+00:00,manufacturer_device_database,official_device_db_part_record
infineon::cy8c4148aze-s578,infineon::cy8c4148aze-s578,Infineon,PSOC 4100S Max,PSOC 4100S Max,PSOC 4100S Max (CY8C4148xxx-Sxxx),CY8C4148AZE-S578,CY8C4148AZE-S578,,,,,100-TQFP,-40..125 °C,,active,infineon-device-db:1e7589fe5ce5,https://github.com/Infineon/device-db/tree/1e7589fe5ce5c25b68a5d8866c22c142df9b7555,2026-08-12T10:06:32+00:00,manufacturer_device_database,official_device_db_part_record
infineon::cy8c4148aze-s585,infineon::cy8c4148aze-s585,Infineon,PSOC 4100S Max,PSOC 4100S Max,PSOC 4100S Max (CY8C4148xxx-Sxxx),CY8C4148AZE-S585,CY8C4148AZE-S585,,,,,64-TQFP,-40..125 °C,,active,infineon-device-db:1e7589fe5ce5,https://github.com/Infineon/device-db/tree/1e7589fe5ce5c25b68a5d8866c22c142df9b7555,2026-08-12T10:06:32+00:00,manufacturer_device_database,official_device_db_part_record
infineon::cy8c4148aze-s588,infineon::cy8c4148aze-s588,Infineon,PSOC 4100S Max,PSOC 4100S Max,PSOC 4100S Max (CY8C4148xxx-Sxxx),CY8C4148AZE-S588,CY8C4148AZE-S588,,,,,100-TQFP,-40..125 °C,,active,infineon-device-db:1e7589fe5ce5,https://github.com/Infineon/device-db/tree/1e7589fe5ce5c25b68a5d8866c22c142df9b7555,2026-08-12T10:06:32+00:00,manufacturer_device_database,official_device_db_part_record
infineon::cy8c4148aze-s595,infineon::cy8c4148aze-s595,Infineon,PSOC 4100S Max,PSOC 4100S Max,PSOC 4100S Max (CY8C4148xxx-Sxxx),CY8C4148AZE-S595,CY8C4148AZE-S595,,,,,64-TQFP,-40..125 °C,,active,infineon-device-db:1e7589fe5ce5,https://github.com/Infineon/device-db/tree/1e7589fe5ce5c25b68a5d8866c22c142df9b7555,2026-08-12T10:06:32+00:00,manufacturer_device_database,official_device_db_part_record
infineon::cy8c4148aze-s598,infineon::cy8c4148aze-s598,Infineon,PSOC 4100S Max,PSOC 4100S Max,PSOC 4100S Max (CY8C4148xxx-Sxxx),CY8C4148AZE-S598,CY8C4148AZE-S598,,,,,100-TQFP,-40..125 °C,,active,infineon-device-db:1e7589fe5ce5,https://github.com/Infineon/device-db/tree/1e7589fe5ce5c25b68a5d8866c22c142df9b7555,2026-08-12T10:06:32+00:00,manufacturer_device_database,official_device_db_part_record
infineon::cy8c4148azi-s443,infineon::cy8c4148azi-s443,Infineon,PSOC 4100S Plus 256KB,PSOC 4100S Plus 256KB,PSOC 4100S Plus (CY8C41x8xxx-Sxxx),CY8C4148AZI-S443,CY8C4148AZI-S443,,,,,48-TQFP,-40..85 °C,,active,infineon-device-db:1e7589fe5ce5,https://github.com/Infineon/device-db/tree/1e7589fe5ce5c25b68a5d8866c22c142df9b7555,2026-08-12T10:06:32+00:00,manufacturer_device_database,official_device_db_part_record
infineon::cy8c4148azi-s445,infineon::cy8c4148azi-s445,Infineon,PSOC 4100S Plus 256KB,PSOC 4100S Plus 256KB,PSOC 4100S Plus (CY8C41x8xxx-Sxxx),CY8C4148AZI-S445,CY8C4148AZI-S445,,,,,64-TQFP,-40..85 °C,,active,infineon-device-db:1e7589fe5ce5,https://github.com/Infineon/device-db/tree/1e7589fe5ce5c25b68a5d8866c22c142df9b7555,2026-08-12T10:06:32+00:00,manufacturer_device_database,official_device_db_part_record
infineon::cy8c4148azi-s453,infineon::cy8c4148azi-s453,Infineon,PSOC 4100S Plus 256KB,PSOC 4100S Plus 256KB,PSOC 4100S Plus (CY8C41x8xxx-Sxxx),CY8C4148AZI-S453,CY8C4148AZI-S453,,,,,48-TQFP,-40..85 °C,,active,infineon-device-db:1e7589fe5ce5,https://github.com/Infineon/device-db/tree/1e7589fe5ce5c25b68a5d8866c22c142df9b7555,2026-08-12T10:06:32+00:00,manufacturer_device_database,official_device_db_part_record
infineon::cy8c4148azi-s455,infineon::cy8c4148azi-s455,Infineon,PSOC 4100S Plus 256KB,PSOC 4100S Plus 256KB,PSOC 4100S Plus (CY8C41x8xxx-Sxxx),CY8C4148AZI-S455,CY8C4148AZI-S455,,,,,64-TQFP,-40..85 °C,,active,infineon-device-db:1e7589fe5ce5,https://github.com/Infineon/device-db/tree/1e7589fe5ce5c25b68a5d8866c22c142df9b7555,2026-08-12T10:06:32+00:00,manufacturer_device_database,official_device_db_part_record
infineon::cy8c4148azi-s548,infineon::cy8c4148azi-s548,Infineon,PSOC 4100S Max,PSOC 4100S Max,PSOC 4100S Max (CY8C4148xxx-Sxxx),CY8C4148AZI-S548,CY8C4148AZI-S548,,,,,100-TQFP,-40..85 °C,,active,infineon-device-db:1e7589fe5ce5,https://github.com/Infineon/device-db/tree/1e7589fe5ce5c25b68a5d8866c22c142df9b7555,2026-08-12T10:06:32+00:00,manufacturer_device_database,official_device_db_part_record
infineon::cy8c4148azi-s553,infineon::cy8c4148azi-s553,Infineon,PSOC 4100S Max,PSOC 4100S Max,PSOC 4100S Max (CY8C4148xxx-Sxxx),CY8C4148AZI-S553,CY8C4148AZI-S553,,,,,48-TQFP,-40..85 °C,,active,infineon-device-db:1e7589fe5ce5,https://github.com/Infineon/device-db/tree/1e7589fe5ce5c25b68a5d8866c22c142df9b7555,2026-08-12T10:06:32+00:00,manufacturer_device_database,official_device_db_part_record
infineon::cy8c4148azi-s555,infineon::cy8c4148azi-s555,Infineon,PSOC 4100S Max,PSOC 4100S Max,PSOC 4100S Max (CY8C4148xxx-Sxxx),CY8C4148AZI-S555,CY8C4148AZI-S555,,,,,64-TQFP,-40..85 °C,,active,infineon-device-db:1e7589fe5ce5,https://github.com/Infineon/device-db/tree/1e7589fe5ce5c25b68a5d8866c22c142df9b7555,2026-08-12T10:06:32+00:00,manufacturer_device_database,official_device_db_part_record
infineon::cy8c4148azi-s558,infineon::cy8c4148azi-s558,Infineon,PSOC 4100S Max,PSOC 4100S Max,PSOC 4100S Max (CY8C4148xxx-Sxxx),CY8C4148AZI-S558,CY8C4148AZI-S558,,,,,100-TQFP,-40..85 °C,,active,infineon-device-db:1e7589fe5ce5,https://github.com/Infineon/device-db/tree/1e7589fe5ce5c25b68a5d8866c22c142df9b7555,2026-08-12T10:06:32+00:00,manufacturer_device_database,official_device_db_part_record
infineon::cy8c4148azi-s583,infineon::cy8c4148azi-s583,Infineon,PSOC 4100S Max,PSOC 4100S Max,PSOC 4100S Max (CY8C4148xxx-Sxxx),CY8C4148AZI-S583,CY8C4148AZI-S583,,,,,48-TQFP,-40..85 °C,,active,infineon-device-db:1e7589fe5ce5,https://github.com/Infineon/device-db/tree/1e7589fe5ce5c25b68a5d8866c22c142df9b7555,2026-08-12T10:06:32+00:00,manufacturer_device_database,official_device_db_part_record
infineon::cy8c4148azi-s585,infineon::cy8c4148azi-s585,Infineon,PSOC 4100S Max,PSOC 4100S Max,PSOC 4100S Max (CY8C4148xxx-Sxxx),CY8C4148AZI-S585,CY8C4148AZI-S585,,,,,64-TQFP,-40..85 °C,,active,infineon-device-db:1e7589fe5ce5,https://github.com/Infineon/device-db/tree/1e7589fe5ce5c25b68a5d8866c22c142df9b7555,2026-08-12T10:06:32+00:00,manufacturer_device_database,official_device_db_part_record
infineon::cy8c4148azi-s588,infineon::cy8c4148azi-s588,Infineon,PSOC 4100S Max,PSOC 4100S Max,PSOC 4100S Max (CY8C4148xxx-Sxxx),CY8C4148AZI-S588,CY8C4148AZI-S588,,,,,100-TQFP,-40..85 °C,,active,infineon-device-db:1e7589fe5ce5,https://github.com/Infineon/device-db/tree/1e7589fe5ce5c25b68a5d8866c22c142df9b7555,2026-08-12T10:06:32+00:00,manufacturer_device_database,official_device_db_part_record
infineon::cy8c4148azi-s593,infineon::cy8c4148azi-s593,Infineon,PSOC 4100S Max,PSOC 4100S Max,PSOC 4100S Max (CY8C4148xxx-Sxxx),CY8C4148AZI-S593,CY8C4148AZI-S593,,,,,48-TQFP,-40..85 °C,,active,infineon-device-db:1e7589fe5ce5,https://github.com/Infineon/device-db/tree/1e7589fe5ce5c25b68a5d8866c22c142df9b7555,2026-08-12T10:06:32+00:00,manufacturer_device_database,official_device_db_part_record
infineon::cy8c4148azi-s595,infineon::cy8c4148azi-s595,Infineon,PSOC 4100S Max,PSOC 4100S Max,PSOC 4100S Max (CY8C4148xxx-Sxxx),CY8C4148AZI-S595,CY8C4148AZI-S595,,,,,64-TQFP,-40..85 °C,,active,infineon-device-db:1e7589fe5ce5,https://github.com/Infineon/device-db/tree/1e7589fe5ce5c25b68a5d8866c22c142df9b7555,2026-08-12T10:06:32+00:00,manufacturer_device_database,official_device_db_part_record
infineon::cy8c4148azi-s598,infineon::cy8c4148azi-s598,Infineon,PSOC 4100S Max,PSOC 4100S Max,PSOC 4100S Max (CY8C4148xxx-Sxxx),CY8C4148AZI-S598,CY8C4148AZI-S598,,,,,100-TQFP,-40..85 °C,,active,infineon-device-db:1e7589fe5ce5,https://github.com/Infineon/device-db/tree/1e7589fe5ce5c25b68a5d8866c22c142df9b7555,2026-08-12T10:06:32+00:00,manufacturer_device_database,official_device_db_part_record
infineon::cy8c4148azq-s443,infineon::cy8c4148azq-s443,Infineon,PSOC 4100S Plus 256KB,PSOC 4100S Plus 256KB,PSOC 4100S Plus (CY8C41x8xxx-Sxxx),CY8C4148AZQ-S443,CY8C4148AZQ-S443,,,,,48-TQFP,-40..105 °C,,active,infineon-device-db:1e7589fe5ce5,https://github.com/Infineon/device-db/tree/1e7589fe5ce5c25b68a5d8866c22c142df9b7555,2026-08-12T10:06:32+00:00,manufacturer_device_database,official_device_db_part_record
infineon::cy8c4148azq-s445,infineon::cy8c4148azq-s445,Infineon,PSOC 4100S Plus 256KB,PSOC 4100S Plus 256KB,PSOC 4100S Plus (CY8C41x8xxx-Sxxx),CY8C4148AZQ-S445,CY8C4148AZQ-S445,,,,,64-TQFP,-40..105 °C,,active,infineon-device-db:1e7589fe5ce5,https://github.com/Infineon/device-db/tree/1e7589fe5ce5c25b68a5d8866c22c142df9b7555,2026-08-12T10:06:32+00:00,manufacturer_device_database,official_device_db_part_record
infineon::cy8c4148azq-s453,infineon::cy8c4148azq-s453,Infineon,PSOC 4100S Plus 256KB,PSOC 4100S Plus 256KB,PSOC 4100S Plus (CY8C41x8xxx-Sxxx),CY8C4148AZQ-S453,CY8C4148AZQ-S453,,,,,48-TQFP,-40..105 °C,,active,infineon-device-db:1e7589fe5ce5,https://github.com/Infineon/device-db/tree/1e7589fe5ce5c25b68a5d8866c22c142df9b7555,2026-08-12T10:06:32+00:00,manufacturer_device_database,official_device_db_part_record
infineon::cy8c4148azq-s455,infineon::cy8c4148azq-s455,Infineon,PSOC 4100S Plus 256KB,PSOC 4100S Plus 256KB,PSOC 4100S Plus (CY8C41x8xxx-Sxxx),CY8C4148AZQ-S455,CY8C4148AZQ-S455,,,,,64-TQFP,-40..105 °C,,active,infineon-device-db:1e7589fe5ce5,https://github.com/Infineon/device-db/tree/1e7589fe5ce5c25b68a5d8866c22c142df9b7555,2026-08-12T10:06:32+00:00,manufacturer_device_database,official_device_db_part_record
infineon::cy8c4148azq-s558,infineon::cy8c4148azq-s558,Infineon,PSOC 4100S Max,PSOC 4100S Max,PSOC 4100S Max (CY8C4148xxx-Sxxx),CY8C4148AZQ-S558,CY8C4148AZQ-S558,,,,,100-TQFP,-40..105 °C,,active,infineon-device-db:1e7589fe5ce5,https://github.com/Infineon/device-db/tree/1e7589fe5ce5c25b68a5d8866c22c142df9b7555,2026-08-12T10:06:32+00:00,manufacturer_device_database,official_device_db_part_record
infineon::cy8c4148azq-t513,infineon::cy8c4148azq-t513,Infineon,PSOC 4100T Plus 256KB,PSOC 4100T Plus 256KB,PSOC 4100T Plus 256KB (CY8C4148xxx-Txxx),CY8C4148AZQ-T513,CY8C4148AZQ-T513,,,,,48-TQFP,-40..105 °C,,active,infineon-device-db:1e7589fe5ce5,https://github.com/Infineon/device-db/tree/1e7589fe5ce5c25b68a5d8866c22c142df9b7555,2026-08-12T10:06:32+00:00,manufacturer_device_database,official_device_db_part_record
infineon::cy8c4148azq-t515,infineon::cy8c4148azq-t515,Infineon,PSOC 4100T Plus 256KB,PSOC 4100T Plus 256KB,PSOC 4100T Plus 256KB (CY8C4148xxx-Txxx),CY8C4148AZQ-T515,CY8C4148AZQ-T515,,,,,64-TQFP,-40..105 °C,,active,infineon-device-db:1e7589fe5ce5,https://github.com/Infineon/device-db/tree/1e7589fe5ce5c25b68a5d8866c22c142df9b7555,2026-08-12T10:06:32+00:00,manufacturer_device_database,official_device_db_part_record
infineon::cy8c4148azs-s545,infineon::cy8c4148azs-s545,Infineon,PSOC 4100S Max,PSOC 4100S Max,PSOC 4100S Max (CY8C4148xxx-Sxxx),CY8C4148AZS-S545,CY8C4148AZS-S545,,,,,64-TQFP,-40..105 °C,,active,infineon-device-db:1e7589fe5ce5,https://github.com/Infineon/device-db/tree/1e7589fe5ce5c25b68a5d8866c22c142df9b7555,2026-08-12T10:06:32+00:00,manufacturer_device_database,official_device_db_part_record
infineon::cy8c4148azs-s548,infineon::cy8c4148azs-s548,Infineon,PSOC 4100S Max,PSOC 4100S Max,PSOC 4100S Max (CY8C4148xxx-Sxxx),CY8C4148AZS-S548,CY8C4148AZS-S548,,,,,100-TQFP,-40..105 °C,,active,infineon-device-db:1e7589fe5ce5,https://github.com/Infineon/device-db/tree/1e7589fe5ce5c25b68a5d8866c22c142df9b7555,2026-08-12T10:06:32+00:00,manufacturer_device_database,official_device_db_part_record
infineon::cy8c4148azs-s555,infineon::cy8c4148azs-s555,Infineon,PSOC 4100S Max,PSOC 4100S Max,PSOC 4100S Max (CY8C4148xxx-Sxxx),CY8C4148AZS-S555,CY8C4148AZS-S555,,,,,64-TQFP,-40..105 °C,,active,infineon-device-db:1e7589fe5ce5,https://github.com/Infineon/device-db/tree/1e7589fe5ce5c25b68a5d8866c22c142df9b7555,2026-08-12T10:06:32+00:00,manufacturer_device_database,official_device_db_part_record
infineon::cy8c4148azs-s558,infineon::cy8c4148azs-s558,Infineon,PSOC 4100S Max,PSOC 4100S Max,PSOC 4100S Max (CY8C4148xxx-Sxxx),CY8C4148AZS-S558,CY8C4148AZS-S558,,,,,100-TQFP,-40..105 °C,,active,infineon-device-db:1e7589fe5ce5,https://github.com/Infineon/device-db/tree/1e7589fe5ce5c25b68a5d8866c22c142df9b7555,2026-08-12T10:06:32+00:00,manufacturer_device_database,official_device_db_part_record
infineon::cy8c4148azs-s565,infineon::cy8c4148azs-s565,Infineon,PSOC 4100S Max,PSOC 4100S Max,PSOC 4100S Max (CY8C4148xxx-Sxxx),CY8C4148AZS-S565,CY8C4148AZS-S565,,,,,64-TQFP,-40..105 °C,,active,infineon-device-db:1e7589fe5ce5,https://github.com/Infineon/device-db/tree/1e7589fe5ce5c25b68a5d8866c22c142df9b7555,2026-08-12T10:06:32+00:00,manufacturer_device_database,official_device_db_part_record
infineon::cy8c4148azs-s568,infineon::cy8c4148azs-s568,Infineon,PSOC 4100S Max,PSOC 4100S Max,PSOC 4100S Max (CY8C4148xxx-Sxxx),CY8C4148AZS-S568,CY8C4148AZS-S568,,,,,100-TQFP,-40..105 °C,,active,infineon-device-db:1e7589fe5ce5,https://github.com/Infineon/device-db/tree/1e7589fe5ce5c25b68a5d8866c22c142df9b7555,2026-08-12T10:06:32+00:00,manufacturer_device_database,official_device_db_part_record
infineon::cy8c4148azs-s575,infineon::cy8c4148azs-s575,Infineon,PSOC 4100S Max,PSOC 4100S Max,PSOC 4100S Max (CY8C4148xxx-Sxxx),CY8C4148AZS-S575,CY8C4148AZS-S575,,,,,64-TQFP,-40..105 °C,,active,infineon-device-db:1e7589fe5ce5,https://github.com/Infineon/device-db/tree/1e7589fe5ce5c25b68a5d8866c22c142df9b7555,2026-08-12T10:06:32+00:00,manufacturer_device_database,official_device_db_part_record
infineon::cy8c4148azs-s578,infineon::cy8c4148azs-s578,Infineon,PSOC 4100S Max,PSOC 4100S Max,PSOC 4100S Max (CY8C4148xxx-Sxxx),CY8C4148AZS-S578,CY8C4148AZS-S578,,,,,100-TQFP,-40..105 °C,,active,infineon-device-db:1e7589fe5ce5,https://github.com/Infineon/device-db/tree/1e7589fe5ce5c25b68a5d8866c22c142df9b7555,2026-08-12T10:06:32+00:00,manufacturer_device_database,official_device_db_part_record
infineon::cy8c4148azs-s585,infineon::cy8c4148azs-s585,Infineon,PSOC 4100S Max,PSOC 4100S Max,PSOC 4100S Max (CY8C4148xxx-Sxxx),CY8C4148AZS-S585,CY8C4148AZS-S585,,,,,64-TQFP,-40..105 °C,,active,infineon-device-db:1e7589fe5ce5,https://github.com/Infineon/device-db/tree/1e7589fe5ce5c25b68a5d8866c22c142df9b7555,2026-08-12T10:06:32+00:00,manufacturer_device_database,official_device_db_part_record
infineon::cy8c4148azs-s588,infineon::cy8c4148azs-s588,Infineon,PSOC 4100S Max,PSOC 4100S Max,PSOC 4100S Max (CY8C4148xxx-Sxxx),CY8C4148AZS-S588,CY8C4148AZS-S588,,,,,100-TQFP,-40..105 °C,,active,infineon-device-db:1e7589fe5ce5,https://github.com/Infineon/device-db/tree/1e7589fe5ce5c25b68a5d8866c22c142df9b7555,2026-08-12T10:06:32+00:00,manufacturer_device_database,official_device_db_part_record
infineon::cy8c4148azs-s595,infineon::cy8c4148azs-s595,Infineon,PSOC 4100S Max,PSOC 4100S Max,PSOC 4100S Max (CY8C4148xxx-Sxxx),CY8C4148AZS-S595,CY8C4148AZS-S595,,,,,64-TQFP,-40..105 °C,,active,infineon-device-db:1e7589fe5ce5,https://github.com/Infineon/device-db/tree/1e7589fe5ce5c25b68a5d8866c22c142df9b7555,2026-08-12T10:06:32+00:00,manufacturer_device_database,official_device_db_part_record
infineon::cy8c4148azs-s598,infineon::cy8c4148azs-s598,Infineon,PSOC 4100S Max,PSOC 4100S Max,PSOC 4100S Max (CY8C4148xxx-Sxxx),CY8C4148AZS-S598,CY8C4148AZS-S598,,,,,100-TQFP,-40..105 °C,,active,infineon-device-db:1e7589fe5ce5,https://github.com/Infineon/device-db/tree/1e7589fe5ce5c25b68a5d8866c22c142df9b7555,2026-08-12T10:06:32+00:00,manufacturer_device_database,official_device_db_part_record
infineon::cy8c4148lda-s543,infineon::cy8c4148lda-s543,Infineon,PSOC 4100S Max,PSOC 4100S Max,PSOC 4100S Max (CY8C4148xxx-Sxxx),CY8C4148LDA-S543,CY8C4148LDA-S543,,,,,48-QFN-AUTO,-40..85 °C,,active,infineon-device-db:1e7589fe5ce5,https://github.com/Infineon/device-db/tree/1e7589fe5ce5c25b68a5d8866c22c142df9b7555,2026-08-12T10:06:32+00:00,manufacturer_device_database,official_device_db_part_record
infineon::cy8c4148lda-s553,infineon::cy8c4148lda-s553,Infineon,PSOC 4100S Max,PSOC 4100S Max,PSOC 4100S Max (CY8C4148xxx-Sxxx),CY8C4148LDA-S553,CY8C4148LDA-S553,,,,,48-QFN-AUTO,-40..85 °C,,active,infineon-device-db:1e7589fe5ce5,https://github.com/Infineon/device-db/tree/1e7589fe5ce5c25b68a5d8866c22c142df9b7555,2026-08-12T10:06:32+00:00,manufacturer_device_database,official_device_db_part_record
infineon::cy8c4148lda-s563,infineon::cy8c4148lda-s563,Infineon,PSOC 4100S Max,PSOC 4100S Max,PSOC 4100S Max (CY8C4148xxx-Sxxx),CY8C4148LDA-S563,CY8C4148LDA-S563,,,,,48-QFN-AUTO,-40..85 °C,,active,infineon-device-db:1e7589fe5ce5,https://github.com/Infineon/device-db/tree/1e7589fe5ce5c25b68a5d8866c22c142df9b7555,2026-08-12T10:06:32+00:00,manufacturer_device_database,official_device_db_part_record
infineon::cy8c4148lda-s573,infineon::cy8c4148lda-s573,Infineon,PSOC 4100S Max,PSOC 4100S Max,PSOC 4100S Max (CY8C4148xxx-Sxxx),CY8C4148LDA-S573,CY8C4148LDA-S573,,,,,48-QFN-AUTO,-40..85 °C,,active,infineon-device-db:1e7589fe5ce5,https://github.com/Infineon/device-db/tree/1e7589fe5ce5c25b68a5d8866c22c142df9b7555,2026-08-12T10:06:32+00:00,manufacturer_device_database,official_device_db_part_record
infineon::cy8c4148lda-s583,infineon::cy8c4148lda-s583,Infineon,PSOC 4100S Max,PSOC 4100S Max,PSOC 4100S Max (CY8C4148xxx-Sxxx),CY8C4148LDA-S583,CY8C4148LDA-S583,,,,,48-QFN-AUTO,-40..85 °C,,active,infineon-device-db:1e7589fe5ce5,https://github.com/Infineon/device-db/tree/1e7589fe5ce5c25b68a5d8866c22c142df9b7555,2026-08-12T10:06:32+00:00,manufacturer_device_database,official_device_db_part_record
infineon::cy8c4148lda-s593,infineon::cy8c4148lda-s593,Infineon,PSOC 4100S Max,PSOC 4100S Max,PSOC 4100S Max (CY8C4148xxx-Sxxx),CY8C4148LDA-S593,CY8C4148LDA-S593,,,,,48-QFN-AUTO,-40..85 °C,,active,infineon-device-db:1e7589fe5ce5,https://github.com/Infineon/device-db/tree/1e7589fe5ce5c25b68a5d8866c22c142df9b7555,2026-08-12T10:06:32+00:00,manufacturer_device_database,official_device_db_part_record
infineon::cy8c4148lde-s543,infineon::cy8c4148lde-s543,Infineon,PSOC 4100S Max,PSOC 4100S Max,PSOC 4100S Max (CY8C4148xxx-Sxxx),CY8C4148LDE-S543,CY8C4148LDE-S543,,,,,48-QFN-AUTO,-40..125 °C,,active,infineon-device-db:1e7589fe5ce5,https://github.com/Infineon/device-db/tree/1e7589fe5ce5c25b68a5d8866c22c142df9b7555,2026-08-12T10:06:32+00:00,manufacturer_device_database,official_device_db_part_record
infineon::cy8c4148lde-s553,infineon::cy8c4148lde-s553,Infineon,PSOC 4100S Max,PSOC 4100S Max,PSOC 4100S Max (CY8C4148xxx-Sxxx),CY8C4148LDE-S553,CY8C4148LDE-S553,,,,,48-QFN-AUTO,-40..125 °C,,active,infineon-device-db:1e7589fe5ce5,https://github.com/Infineon/device-db/tree/1e7589fe5ce5c25b68a5d8866c22c142df9b7555,2026-08-12T10:06:32+00:00,manufacturer_device_database,official_device_db_part_record
infineon::cy8c4148lde-s563,infineon::cy8c4148lde-s563,Infineon,PSOC 4100S Max,PSOC 4100S Max,PSOC 4100S Max (CY8C4148xxx-Sxxx),CY8C4148LDE-S563,CY8C4148LDE-S563,,,,,48-QFN-AUTO,-40..125 °C,,active,infineon-device-db:1e7589fe5ce5,https://github.com/Infineon/device-db/tree/1e7589fe5ce5c25b68a5d8866c22c142df9b7555,2026-08-12T10:06:32+00:00,manufacturer_device_database,official_device_db_part_record
infineon::cy8c4148lde-s573,infineon::cy8c4148lde-s573,Infineon,PSOC 4100S Max,PSOC 4100S Max,PSOC 4100S Max (CY8C4148xxx-Sxxx),CY8C4148LDE-S573,CY8C4148LDE-S573,,,,,48-QFN-AUTO,-40..125 °C,,active,infineon-device-db:1e7589fe5ce5,https://github.com/Infineon/device-db/tree/1e7589fe5ce5c25b68a5d8866c22c142df9b7555,2026-08-12T10:06:32+00:00,manufacturer_device_database,official_device_db_part_record
infineon::cy8c4148lde-s583,infineon::cy8c4148lde-s583,Infineon,PSOC 4100S Max,PSOC 4100S Max,PSOC 4100S Max (CY8C4148xxx-Sxxx),CY8C4148LDE-S583,CY8C4148LDE-S583,,,,,48-QFN-AUTO,-40..125 °C,,active,infineon-device-db:1e7589fe5ce5,https://github.com/Infineon/device-db/tree/1e7589fe5ce5c25b68a5d8866c22c142df9b7555,2026-08-12T10:06:32+00:00,manufacturer_device_database,official_device_db_part_record
infineon::cy8c4148lde-s593,infineon::cy8c4148lde-s593,Infineon,PSOC 4100S Max,PSOC 4100S Max,PSOC 4100S Max (CY8C4148xxx-Sxxx),CY8C4148LDE-S593,CY8C4148LDE-S593,,,,,48-QFN-AUTO,-40..125 °C,,active,infineon-device-db:1e7589fe5ce5,https://github.com/Infineon/device-db/tree/1e7589fe5ce5c25b68a5d8866c22c142df9b7555,2026-08-12T10:06:32+00:00,manufacturer_device_database,official_device_db_part_record
infineon::cy8c4148lds-s543,infineon::cy8c4148lds-s543,Infineon,PSOC 4100S Max,PSOC 4100S Max,PSOC 4100S Max (CY8C4148xxx-Sxxx),CY8C4148LDS-S543,CY8C4148LDS-S543,,,,,48-QFN-AUTO,-40..105 °C,,active,infineon-device-db:1e7589fe5ce5,https://github.com/Infineon/device-db/tree/1e7589fe5ce5c25b68a5d8866c22c142df9b7555,2026-08-12T10:06:32+00:00,manufacturer_device_database,official_device_db_part_record
infineon::cy8c4148lds-s553,infineon::cy8c4148lds-s553,Infineon,PSOC 4100S Max,PSOC 4100S Max,PSOC 4100S Max (CY8C4148xxx-Sxxx),CY8C4148LDS-S553,CY8C4148LDS-S553,,,,,48-QFN-AUTO,-40..105 °C,,active,infineon-device-db:1e7589fe5ce5,https://github.com/Infineon/device-db/tree/1e7589fe5ce5c25b68a5d8866c22c142df9b7555,2026-08-12T10:06:32+00:00,manufacturer_device_database,official_device_db_part_record
infineon::cy8c4148lds-s563,infineon::cy8c4148lds-s563,Infineon,PSOC 4100S Max,PSOC 4100S Max,PSOC 4100S Max (CY8C4148xxx-Sxxx),CY8C4148LDS-S563,CY8C4148LDS-S563,,,,,48-QFN-AUTO,-40..105 °C,,active,infineon-device-db:1e7589fe5ce5,https://github.com/Infineon/device-db/tree/1e7589fe5ce5c25b68a5d8866c22c142df9b7555,2026-08-12T10:06:32+00:00,manufacturer_device_database,official_device_db_part_record
infineon::cy8c4148lds-s573,infineon::cy8c4148lds-s573,Infineon,PSOC 4100S Max,PSOC 4100S Max,PSOC 4100S Max (CY8C4148xxx-Sxxx),CY8C4148LDS-S573,CY8C4148LDS-S573,,,,,48-QFN-AUTO,-40..105 °C,,active,infineon-device-db:1e7589fe5ce5,https://github.com/Infineon/device-db/tree/1e7589fe5ce5c25b68a5d8866c22c142df9b7555,2026-08-12T10:06:32+00:00,manufacturer_device_database,official_device_db_part_record
infineon::cy8c4148lds-s583,infineon::cy8c4148lds-s583,Infineon,PSOC 4100S Max,PSOC 4100S Max,PSOC 4100S Max (CY8C4148xxx-Sxxx),CY8C4148LDS-S583,CY8C4148LDS-S583,,,,,48-QFN-AUTO,-40..105 °C,,active,infineon-device-db:1e7589fe5ce5,https://github.com/Infineon/device-db/tree/1e7589fe5ce5c25b68a5d8866c22c142df9b7555,2026-08-12T10:06:32+00:00,manufacturer_device_database,official_device_db_part_record
infineon::cy8c4148lds-s593,infineon::cy8c4148lds-s593,Infineon,PSOC 4100S Max,PSOC 4100S Max,PSOC 4100S Max (CY8C4148xxx-Sxxx),CY8C4148LDS-S593,CY8C4148LDS-S593,,,,,48-QFN-AUTO,-40..105 °C,,active,infineon-device-db:1e7589fe5ce5,https://github.com/Infineon/device-db/tree/1e7589fe5ce5c25b68a5d8866c22c142df9b7555,2026-08-12T10:06:32+00:00,manufacturer_device_database,official_device_db_part_record
infineon::cy8c4148lqi-s446,infineon::cy8c4148lqi-s446,Infineon,PSOC 4100S Plus 256KB,PSOC 4100S Plus 256KB,PSOC 4100S Plus (CY8C41x8xxx-Sxxx),CY8C4148LQI-S446,CY8C4148LQI-S446,,,,,68-QFN,-40..85 °C,,active,infineon-device-db:1e7589fe5ce5,https://github.com/Infineon/device-db/tree/1e7589fe5ce5c25b68a5d8866c22c142df9b7555,2026-08-12T10:06:32+00:00,manufacturer_device_database,official_device_db_part_record
infineon::cy8c4148lqq-s456,infineon::cy8c4148lqq-s456,Infineon,PSOC 4100S Plus 256KB,PSOC 4100S Plus 256KB,PSOC 4100S Plus (CY8C41x8xxx-Sxxx),CY8C4148LQQ-S456,CY8C4148LQQ-S456,,,,,68-QFN,-40..105 °C,,active,infineon-device-db:1e7589fe5ce5,https://github.com/Infineon/device-db/tree/1e7589fe5ce5c25b68a5d8866c22c142df9b7555,2026-08-12T10:06:32+00:00,manufacturer_device_database,official_device_db_part_record
infineon::cy8c4149aza-s545,infineon::cy8c4149aza-s545,Infineon,PSOC 4100S Max,PSOC 4100S Max,PSOC 4100S Max (CY8C4149xxx-Sxxx),CY8C4149AZA-S545,CY8C4149AZA-S545,,,,,64-TQFP,-40..85 °C,,active,infineon-device-db:1e7589fe5ce5,https://github.com/Infineon/device-db/tree/1e7589fe5ce5c25b68a5d8866c22c142df9b7555,2026-08-12T10:06:32+00:00,manufacturer_device_database,official_device_db_part_record
infineon::cy8c4149aza-s548,infineon::cy8c4149aza-s548,Infineon,PSOC 4100S Max,PSOC 4100S Max,PSOC 4100S Max (CY8C4149xxx-Sxxx),CY8C4149AZA-S548,CY8C4149AZA-S548,,,,,100-TQFP,-40..85 °C,,active,infineon-device-db:1e7589fe5ce5,https://github.com/Infineon/device-db/tree/1e7589fe5ce5c25b68a5d8866c22c142df9b7555,2026-08-12T10:06:32+00:00,manufacturer_device_database,official_device_db_part_record
infineon::cy8c4149aza-s555,infineon::cy8c4149aza-s555,Infineon,PSOC 4100S Max,PSOC 4100S Max,PSOC 4100S Max (CY8C4149xxx-Sxxx),CY8C4149AZA-S555,CY8C4149AZA-S555,,,,,64-TQFP,-40..85 °C,,active,infineon-device-db:1e7589fe5ce5,https://github.com/Infineon/device-db/tree/1e7589fe5ce5c25b68a5d8866c22c142df9b7555,2026-08-12T10:06:32+00:00,manufacturer_device_database,official_device_db_part_record
infineon::cy8c4149aza-s558,infineon::cy8c4149aza-s558,Infineon,PSOC 4100S Max,PSOC 4100S Max,PSOC 4100S Max (CY8C4149xxx-Sxxx),CY8C4149AZA-S558,CY8C4149AZA-S558,,,,,100-TQFP,-40..85 °C,,active,infineon-device-db:1e7589fe5ce5,https://github.com/Infineon/device-db/tree/1e7589fe5ce5c25b68a5d8866c22c142df9b7555,2026-08-12T10:06:32+00:00,manufacturer_device_database,official_device_db_part_record
infineon::cy8c4149aza-s565,infineon::cy8c4149aza-s565,Infineon,PSOC 4100S Max,PSOC 4100S Max,PSOC 4100S Max (CY8C4149xxx-Sxxx),CY8C4149AZA-S565,CY8C4149AZA-S565,,,,,64-TQFP,-40..85 °C,,active,infineon-device-db:1e7589fe5ce5,https://github.com/Infineon/device-db/tree/1e7589fe5ce5c25b68a5d8866c22c142df9b7555,2026-08-12T10:06:32+00:00,manufacturer_device_database,official_device_db_part_record
infineon::cy8c4149aza-s568,infineon::cy8c4149aza-s568,Infineon,PSOC 4100S Max,PSOC 4100S Max,PSOC 4100S Max (CY8C4149xxx-Sxxx),CY8C4149AZA-S568,CY8C4149AZA-S568,,,,,100-TQFP,-40..85 °C,,active,infineon-device-db:1e7589fe5ce5,https://github.com/Infineon/device-db/tree/1e7589fe5ce5c25b68a5d8866c22c142df9b7555,2026-08-12T10:06:32+00:00,manufacturer_device_database,official_device_db_part_record
infineon::cy8c4149aza-s575,infineon::cy8c4149aza-s575,Infineon,PSOC 4100S Max,PSOC 4100S Max,PSOC 4100S Max (CY8C4149xxx-Sxxx),CY8C4149AZA-S575,CY8C4149AZA-S575,,,,,64-TQFP,-40..85 °C,,active,infineon-device-db:1e7589fe5ce5,https://github.com/Infineon/device-db/tree/1e7589fe5ce5c25b68a5d8866c22c142df9b7555,2026-08-12T10:06:32+00:00,manufacturer_device_database,official_device_db_part_record
infineon::cy8c4149aza-s578,infineon::cy8c4149aza-s578,Infineon,PSOC 4100S Max,PSOC 4100S Max,PSOC 4100S Max (CY8C4149xxx-Sxxx),CY8C4149AZA-S578,CY8C4149AZA-S578,,,,,100-TQFP,-40..85 °C,,active,infineon-device-db:1e7589fe5ce5,https://github.com/Infineon/device-db/tree/1e7589fe5ce5c25b68a5d8866c22c142df9b7555,2026-08-12T10:06:32+00:00,manufacturer_device_database,official_device_db_part_record
infineon::cy8c4149aza-s585,infineon::cy8c4149aza-s585,Infineon,PSOC 4100S Max,PSOC 4100S Max,PSOC 4100S Max (CY8C4149xxx-Sxxx),CY8C4149AZA-S585,CY8C4149AZA-S585,,,,,64-TQFP,-40..85 °C,,active,infineon-device-db:1e7589fe5ce5,https://github.com/Infineon/device-db/tree/1e7589fe5ce5c25b68a5d8866c22c142df9b7555,2026-08-12T10:06:32+00:00,manufacturer_device_database,official_device_db_part_record
infineon::cy8c4149aza-s588,infineon::cy8c4149aza-s588,Infineon,PSOC 4100S Max,PSOC 4100S Max,PSOC 4100S Max (CY8C4149xxx-Sxxx),CY8C4149AZA-S588,CY8C4149AZA-S588,,,,,100-TQFP,-40..85 °C,,active,infineon-device-db:1e7589fe5ce5,https://github.com/Infineon/device-db/tree/1e7589fe5ce5c25b68a5d8866c22c142df9b7555,2026-08-12T10:06:32+00:00,manufacturer_device_database,official_device_db_part_record
infineon::cy8c4149aza-s595,infineon::cy8c4149aza-s595,Infineon,PSOC 4100S Max,PSOC 4100S Max,PSOC 4100S Max (CY8C4149xxx-Sxxx),CY8C4149AZA-S595,CY8C4149AZA-S595,,,,,64-TQFP,-40..85 °C,,active,infineon-device-db:1e7589fe5ce5,https://github.com/Infineon/device-db/tree/1e7589fe5ce5c25b68a5d8866c22c142df9b7555,2026-08-12T10:06:32+00:00,manufacturer_device_database,official_device_db_part_record
infineon::cy8c4149aza-s598,infineon::cy8c4149aza-s598,Infineon,PSOC 4100S Max,PSOC 4100S Max,PSOC 4100S Max (CY8C4149xxx-Sxxx),CY8C4149AZA-S598,CY8C4149AZA-S598,,,,,100-TQFP,-40..85 °C,,active,infineon-device-db:1e7589fe5ce5,https://github.com/Infineon/device-db/tree/1e7589fe5ce5c25b68a5d8866c22c142df9b7555,2026-08-12T10:06:32+00:00,manufacturer_device_database,official_device_db_part_record
infineon::cy8c4149aze-s545,infineon::cy8c4149aze-s545,Infineon,PSOC 4100S Max,PSOC 4100S Max,PSOC 4100S Max (CY8C4149xxx-Sxxx),CY8C4149AZE-S545,CY8C4149AZE-S545,,,,,64-TQFP,-40..125 °C,,active,infineon-device-db:1e7589fe5ce5,https://github.com/Infineon/device-db/tree/1e7589fe5ce5c25b68a5d8866c22c142df9b7555,2026-08-12T10:06:32+00:00,manufacturer_device_database,official_device_db_part_record
infineon::cy8c4149aze-s548,infineon::cy8c4149aze-s548,Infineon,PSOC 4100S Max,PSOC 4100S Max,PSOC 4100S Max (CY8C4149xxx-Sxxx),CY8C4149AZE-S548,CY8C4149AZE-S548,,,,,100-TQFP,-40..125 °C,,active,infineon-device-db:1e7589fe5ce5,https://github.com/Infineon/device-db/tree/1e7589fe5ce5c25b68a5d8866c22c142df9b7555,2026-08-12T10:06:32+00:00,manufacturer_device_database,official_device_db_part_record
infineon::cy8c4149aze-s555,infineon::cy8c4149aze-s555,Infineon,PSOC 4100S Max,PSOC 4100S Max,PSOC 4100S Max (CY8C4149xxx-Sxxx),CY8C4149AZE-S555,CY8C4149AZE-S555,,,,,64-TQFP,-40..125 °C,,active,infineon-device-db:1e7589fe5ce5,https://github.com/Infineon/device-db/tree/1e7589fe5ce5c25b68a5d8866c22c142df9b7555,2026-08-12T10:06:32+00:00,manufacturer_device_database,official_device_db_part_record
infineon::cy8c4149aze-s558,infineon::cy8c4149aze-s558,Infineon,PSOC 4100S Max,PSOC 4100S Max,PSOC 4100S Max (CY8C4149xxx-Sxxx),CY8C4149AZE-S558,CY8C4149AZE-S558,,,,,100-TQFP,-40..125 °C,,active,infineon-device-db:1e7589fe5ce5,https://github.com/Infineon/device-db/tree/1e7589fe5ce5c25b68a5d8866c22c142df9b7555,2026-08-12T10:06:32+00:00,manufacturer_device_database,official_device_db_part_record
infineon::cy8c4149aze-s565,infineon::cy8c4149aze-s565,Infineon,PSOC 4100S Max,PSOC 4100S Max,PSOC 4100S Max (CY8C4149xxx-Sxxx),CY8C4149AZE-S565,CY8C4149AZE-S565,,,,,64-TQFP,-40..125 °C,,active,infineon-device-db:1e7589fe5ce5,https://github.com/Infineon/device-db/tree/1e7589fe5ce5c25b68a5d8866c22c142df9b7555,2026-08-12T10:06:32+00:00,manufacturer_device_database,official_device_db_part_record
infineon::cy8c4149aze-s568,infineon::cy8c4149aze-s568,Infineon,PSOC 4100S Max,PSOC 4100S Max,PSOC 4100S Max (CY8C4149xxx-Sxxx),CY8C4149AZE-S568,CY8C4149AZE-S568,,,,,100-TQFP,-40..125 °C,,active,infineon-device-db:1e7589fe5ce5,https://github.com/Infineon/device-db/tree/1e7589fe5ce5c25b68a5d8866c22c142df9b7555,2026-08-12T10:06:32+00:00,manufacturer_device_database,official_device_db_part_record
infineon::cy8c4149aze-s575,infineon::cy8c4149aze-s575,Infineon,PSOC 4100S Max,PSOC 4100S Max,PSOC 4100S Max (CY8C4149xxx-Sxxx),CY8C4149AZE-S575,CY8C4149AZE-S575,,,,,64-TQFP,-40..125 °C,,active,infineon-device-db:1e7589fe5ce5,https://github.com/Infineon/device-db/tree/1e7589fe5ce5c25b68a5d8866c22c142df9b7555,2026-08-12T10:06:32+00:00,manufacturer_device_database,official_device_db_part_record
infineon::cy8c4149aze-s578,infineon::cy8c4149aze-s578,Infineon,PSOC 4100S Max,PSOC 4100S Max,PSOC 4100S Max (CY8C4149xxx-Sxxx),CY8C4149AZE-S578,CY8C4149AZE-S578,,,,,100-TQFP,-40..125 °C,,active,infineon-device-db:1e7589fe5ce5,https://github.com/Infineon/device-db/tree/1e7589fe5ce5c25b68a5d8866c22c142df9b7555,2026-08-12T10:06:32+00:00,manufacturer_device_database,official_device_db_part_record
infineon::cy8c4149aze-s585,infineon::cy8c4149aze-s585,Infineon,PSOC 4100S Max,PSOC 4100S Max,PSOC 4100S Max (CY8C4149xxx-Sxxx),CY8C4149AZE-S585,CY8C4149AZE-S585,,,,,64-TQFP,-40..125 °C,,active,infineon-device-db:1e7589fe5ce5,https://github.com/Infineon/device-db/tree/1e7589fe5ce5c25b68a5d8866c22c142df9b7555,2026-08-12T10:06:32+00:00,manufacturer_device_database,official_device_db_part_record
infineon::cy8c4149aze-s588,infineon::cy8c4149aze-s588,Infineon,PSOC 4100S Max,PSOC 4100S Max,PSOC 4100S Max (CY8C4149xxx-Sxxx),CY8C4149AZE-S588,CY8C4149AZE-S588,,,,,100-TQFP,-40..125 °C,,active,infineon-device-db:1e7589fe5ce5,https://github.com/Infineon/device-db/tree/1e7589fe5ce5c25b68a5d8866c22c142df9b7555,2026-08-12T10:06:32+00:00,manufacturer_device_database,official_device_db_part_record
infineon::cy8c4149aze-s595,infineon::cy8c4149aze-s595,Infineon,PSOC 4100S Max,PSOC 4100S Max,PSOC 4100S Max (CY8C4149xxx-Sxxx),CY8C4149AZE-S595,CY8C4149AZE-S595,,,,,64-TQFP,-40..125 °C,,active,infineon-device-db:1e7589fe5ce5,https://github.com/Infineon/device-db/tree/1e7589fe5ce5c25b68a5d8866c22c142df9b7555,2026-08-12T10:06:32+00:00,manufacturer_device_database,official_device_db_part_record
infineon::cy8c4149aze-s598,infineon::cy8c4149aze-s598,Infineon,PSOC 4100S Max,PSOC 4100S Max,PSOC 4100S Max (CY8C4149xxx-Sxxx),CY8C4149AZE-S598,CY8C4149AZE-S598,,,,,100-TQFP,-40..125 °C,,active,infineon-device-db:1e7589fe5ce5,https://github.com/Infineon/device-db/tree/1e7589fe5ce5c25b68a5d8866c22c142df9b7555,2026-08-12T10:06:32+00:00,manufacturer_device_database,official_device_db_part_record
infineon::cy8c4149azi-s543,infineon::cy8c4149azi-s543,Infineon,PSOC 4100S Max,PSOC 4100S Max,PSOC 4100S Max (CY8C4149xxx-Sxxx),CY8C4149AZI-S543,CY8C4149AZI-S543,,,,,48-TQFP,-40..85 °C,,active,infineon-device-db:1e7589fe5ce5,https://github.com/Infineon/device-db/tree/1e7589fe5ce5c25b68a5d8866c22c142df9b7555,2026-08-12T10:06:32+00:00,manufacturer_device_database,official_device_db_part_record
infineon::cy8c4149azi-s545,infineon::cy8c4149azi-s545,Infineon,PSOC 4100S Max,PSOC 4100S Max,PSOC 4100S Max (CY8C4149xxx-Sxxx),CY8C4149AZI-S545,CY8C4149AZI-S545,,,,,64-TQFP,-40..85 °C,,active,infineon-device-db:1e7589fe5ce5,https://github.com/Infineon/device-db/tree/1e7589fe5ce5c25b68a5d8866c22c142df9b7555,2026-08-12T10:06:32+00:00,manufacturer_device_database,official_device_db_part_record
infineon::cy8c4149azi-s548,infineon::cy8c4149azi-s548,Infineon,PSOC 4100S Max,PSOC 4100S Max,PSOC 4100S Max (CY8C4149xxx-Sxxx),CY8C4149AZI-S548,CY8C4149AZI-S548,,,,,100-TQFP,-40..85 °C,,active,infineon-device-db:1e7589fe5ce5,https://github.com/Infineon/device-db/tree/1e7589fe5ce5c25b68a5d8866c22c142df9b7555,2026-08-12T10:06:32+00:00,manufacturer_device_database,official_device_db_part_record
infineon::cy8c4149azi-s553,infineon::cy8c4149azi-s553,Infineon,PSOC 4100S Max,PSOC 4100S Max,PSOC 4100S Max (CY8C4149xxx-Sxxx),CY8C4149AZI-S553,CY8C4149AZI-S553,,,,,48-TQFP,-40..85 °C,,active,infineon-device-db:1e7589fe5ce5,https://github.com/Infineon/device-db/tree/1e7589fe5ce5c25b68a5d8866c22c142df9b7555,2026-08-12T10:06:32+00:00,manufacturer_device_database,official_device_db_part_record
infineon::cy8c4149azi-s555,infineon::cy8c4149azi-s555,Infineon,PSOC 4100S Max,PSOC 4100S Max,PSOC 4100S Max (CY8C4149xxx-Sxxx),CY8C4149AZI-S555,CY8C4149AZI-S555,,,,,64-TQFP,-40..85 °C,,active,infineon-device-db:1e7589fe5ce5,https://github.com/Infineon/device-db/tree/1e7589fe5ce5c25b68a5d8866c22c142df9b7555,2026-08-12T10:06:32+00:00,manufacturer_device_database,official_device_db_part_record
infineon::cy8c4149azi-s558,infineon::cy8c4149azi-s558,Infineon,PSOC 4100S Max,PSOC 4100S Max,PSOC 4100S Max (CY8C4149xxx-Sxxx),CY8C4149AZI-S558,CY8C4149AZI-S558,,,,,100-TQFP,-40..85 °C,,active,infineon-device-db:1e7589fe5ce5,https://github.com/Infineon/device-db/tree/1e7589fe5ce5c25b68a5d8866c22c142df9b7555,2026-08-12T10:06:32+00:00,manufacturer_device_database,official_device_db_part_record
infineon::cy8c4149azi-s565,infineon::cy8c4149azi-s565,Infineon,PSOC 4100S Max,PSOC 4100S Max,PSOC 4100S Max (CY8C4149xxx-Sxxx),CY8C4149AZI-S565,CY8C4149AZI-S565,,,,,64-TQFP,-40..85 °C,,active,infineon-device-db:1e7589fe5ce5,https://github.com/Infineon/device-db/tree/1e7589fe5ce5c25b68a5d8866c22c142df9b7555,2026-08-12T10:06:32+00:00,manufacturer_device_database,official_device_db_part_record
infineon::cy8c4149azi-s568,infineon::cy8c4149azi-s568,Infineon,PSOC 4100S Max,PSOC 4100S Max,PSOC 4100S Max (CY8C4149xxx-Sxxx),CY8C4149AZI-S568,CY8C4149AZI-S568,,,,,100-TQFP,-40..85 °C,,active,infineon-device-db:1e7589fe5ce5,https://github.com/Infineon/device-db/tree/1e7589fe5ce5c25b68a5d8866c22c142df9b7555,2026-08-12T10:06:32+00:00,manufacturer_device_database,official_device_db_part_record
infineon::cy8c4149azi-s575,infineon::cy8c4149azi-s575,Infineon,PSOC 4100S Max,PSOC 4100S Max,PSOC 4100S Max (CY8C4149xxx-Sxxx),CY8C4149AZI-S575,CY8C4149AZI-S575,,,,,64-TQFP,-40..85 °C,,active,infineon-device-db:1e7589fe5ce5,https://github.com/Infineon/device-db/tree/1e7589fe5ce5c25b68a5d8866c22c142df9b7555,2026-08-12T10:06:32+00:00,manufacturer_device_database,official_device_db_part_record
infineon::cy8c4149azi-s578,infineon::cy8c4149azi-s578,Infineon,PSOC 4100S Max,PSOC 4100S Max,PSOC 4100S Max (CY8C4149xxx-Sxxx),CY8C4149AZI-S578,CY8C4149AZI-S578,,,,,100-TQFP,-40..85 °C,,active,infineon-device-db:1e7589fe5ce5,https://github.com/Infineon/device-db/tree/1e7589fe5ce5c25b68a5d8866c22c142df9b7555,2026-08-12T10:06:32+00:00,manufacturer_device_database,official_device_db_part_record
infineon::cy8c4149azi-s583,infineon::cy8c4149azi-s583,Infineon,PSOC 4100S Max,PSOC 4100S Max,PSOC 4100S Max (CY8C4149xxx-Sxxx),CY8C4149AZI-S583,CY8C4149AZI-S583,,,,,48-TQFP,-40..85 °C,,active,infineon-device-db:1e7589fe5ce5,https://github.com/Infineon/device-db/tree/1e7589fe5ce5c25b68a5d8866c22c142df9b7555,2026-08-12T10:06:32+00:00,manufacturer_device_database,official_device_db_part_record
infineon::cy8c4149azi-s585,infineon::cy8c4149azi-s585,Infineon,PSOC 4100S Max,PSOC 4100S Max,PSOC 4100S Max (CY8C4149xxx-Sxxx),CY8C4149AZI-S585,CY8C4149AZI-S585,,,,,64-TQFP,-40..85 °C,,active,infineon-device-db:1e7589fe5ce5,https://github.com/Infineon/device-db/tree/1e7589fe5ce5c25b68a5d8866c22c142df9b7555,2026-08-12T10:06:32+00:00,manufacturer_device_database,official_device_db_part_record
infineon::cy8c4149azi-s588,infineon::cy8c4149azi-s588,Infineon,PSOC 4100S Max,PSOC 4100S Max,PSOC 4100S Max (CY8C4149xxx-Sxxx),CY8C4149AZI-S588,CY8C4149AZI-S588,,,,,100-TQFP,-40..85 °C,,active,infineon-device-db:1e7589fe5ce5,https://github.com/Infineon/device-db/tree/1e7589fe5ce5c25b68a5d8866c22c142df9b7555,2026-08-12T10:06:32+00:00,manufacturer_device_database,official_device_db_part_record
infineon::cy8c4149azi-s593,infineon::cy8c4149azi-s593,Infineon,PSOC 4100S Max,PSOC 4100S Max,PSOC 4100S Max (CY8C4149xxx-Sxxx),CY8C4149AZI-S593,CY8C4149AZI-S593,,,,,48-TQFP,-40..85 °C,,active,infineon-device-db:1e7589fe5ce5,https://github.com/Infineon/device-db/tree/1e7589fe5ce5c25b68a5d8866c22c142df9b7555,2026-08-12T10:06:32+00:00,manufacturer_device_database,official_device_db_part_record
infineon::cy8c4149azi-s595,infineon::cy8c4149azi-s595,Infineon,PSOC 4100S Max,PSOC 4100S Max,PSOC 4100S Max (CY8C4149xxx-Sxxx),CY8C4149AZI-S595,CY8C4149AZI-S595,,,,,64-TQFP,-40..85 °C,,active,infineon-device-db:1e7589fe5ce5,https://github.com/Infineon/device-db/tree/1e7589fe5ce5c25b68a5d8866c22c142df9b7555,2026-08-12T10:06:32+00:00,manufacturer_device_database,official_device_db_part_record
infineon::cy8c4149azi-s598,infineon::cy8c4149azi-s598,Infineon,PSOC 4100S Max,PSOC 4100S Max,PSOC 4100S Max (CY8C4149xxx-Sxxx),CY8C4149AZI-S598,CY8C4149AZI-S598,,,,,100-TQFP,-40..85 °C,,active,infineon-device-db:1e7589fe5ce5,https://github.com/Infineon/device-db/tree/1e7589fe5ce5c25b68a5d8866c22c142df9b7555,2026-08-12T10:06:32+00:00,manufacturer_device_database,official_device_db_part_record
infineon::cy8c4149azq-s545,infineon::cy8c4149azq-s545,Infineon,PSOC 4100S Max,PSOC 4100S Max,PSOC 4100S Max (CY8C4149xxx-Sxxx),CY8C4149AZQ-S545,CY8C4149AZQ-S545,,,,,64-TQFP,-40..105 °C,,active,infineon-device-db:1e7589fe5ce5,https://github.com/Infineon/device-db/tree/1e7589fe5ce5c25b68a5d8866c22c142df9b7555,2026-08-12T10:06:32+00:00,manufacturer_device_database,official_device_db_part_record
infineon::cy8c4149azq-s548,infineon::cy8c4149azq-s548,Infineon,PSOC 4100S Max,PSOC 4100S Max,PSOC 4100S Max (CY8C4149xxx-Sxxx),CY8C4149AZQ-S548,CY8C4149AZQ-S548,,,,,100-TQFP,-40..105 °C,,active,infineon-device-db:1e7589fe5ce5,https://github.com/Infineon/device-db/tree/1e7589fe5ce5c25b68a5d8866c22c142df9b7555,2026-08-12T10:06:32+00:00,manufacturer_device_database,official_device_db_part_record
infineon::cy8c4149azq-s555,infineon::cy8c4149azq-s555,Infineon,PSOC 4100S Max,PSOC 4100S Max,PSOC 4100S Max (CY8C4149xxx-Sxxx),CY8C4149AZQ-S555,CY8C4149AZQ-S555,,,,,64-TQFP,-40..105 °C,,active,infineon-device-db:1e7589fe5ce5,https://github.com/Infineon/device-db/tree/1e7589fe5ce5c25b68a5d8866c22c142df9b7555,2026-08-12T10:06:32+00:00,manufacturer_device_database,official_device_db_part_record
infineon::cy8c4149azq-s558,infineon::cy8c4149azq-s558,Infineon,PSOC 4100S Max,PSOC 4100S Max,PSOC 4100S Max (CY8C4149xxx-Sxxx),CY8C4149AZQ-S558,CY8C4149AZQ-S558,,,,,100-TQFP,-40..105 °C,,active,infineon-device-db:1e7589fe5ce5,https://github.com/Infineon/device-db/tree/1e7589fe5ce5c25b68a5d8866c22c142df9b7555,2026-08-12T10:06:32+00:00,manufacturer_device_database,official_device_db_part_record
infineon::cy8c4149azq-s593,infineon::cy8c4149azq-s593,Infineon,PSOC 4100S Max,PSOC 4100S Max,PSOC 4100S Max (CY8C4149xxx-Sxxx),CY8C4149AZQ-S593,CY8C4149AZQ-S593,,,,,48-TQFP,-40..105 °C,,active,infineon-device-db:1e7589fe5ce5,https://github.com/Infineon/device-db/tree/1e7589fe5ce5c25b68a5d8866c22c142df9b7555,2026-08-12T10:06:32+00:00,manufacturer_device_database,official_device_db_part_record
infineon::cy8c4149azq-s595,infineon::cy8c4149azq-s595,Infineon,PSOC 4100S Max,PSOC 4100S Max,PSOC 4100S Max (CY8C4149xxx-Sxxx),CY8C4149AZQ-S595,CY8C4149AZQ-S595,,,,,64-TQFP,-40..105 °C,,active,infineon-device-db:1e7589fe5ce5,https://github.com/Infineon/device-db/tree/1e7589fe5ce5c25b68a5d8866c22c142df9b7555,2026-08-12T10:06:32+00:00,manufacturer_device_database,official_device_db_part_record
infineon::cy8c4149azq-s598,infineon::cy8c4149azq-s598,Infineon,PSOC 4100S Max,PSOC 4100S Max,PSOC 4100S Max (CY8C4149xxx-Sxxx),CY8C4149AZQ-S598,CY8C4149AZQ-S598,,,,,100-TQFP,-40..105 °C,,active,infineon-device-db:1e7589fe5ce5,https://github.com/Infineon/device-db/tree/1e7589fe5ce5c25b68a5d8866c22c142df9b7555,2026-08-12T10:06:32+00:00,manufacturer_device_database,official_device_db_part_record
infineon::cy8c4149azs-s545,infineon::cy8c4149azs-s545,Infineon,PSOC 4100S Max,PSOC 4100S Max,PSOC 4100S Max (CY8C4149xxx-Sxxx),CY8C4149AZS-S545,CY8C4149AZS-S545,,,,,64-TQFP,-40..105 °C,,active,infineon-device-db:1e7589fe5ce5,https://github.com/Infineon/device-db/tree/1e7589fe5ce5c25b68a5d8866c22c142df9b7555,2026-08-12T10:06:32+00:00,manufacturer_device_database,official_device_db_part_record
infineon::cy8c4149azs-s548,infineon::cy8c4149azs-s548,Infineon,PSOC 4100S Max,PSOC 4100S Max,PSOC 4100S Max (CY8C4149xxx-Sxxx),CY8C4149AZS-S548,CY8C4149AZS-S548,,,,,100-TQFP,-40..105 °C,,active,infineon-device-db:1e7589fe5ce5,https://github.com/Infineon/device-db/tree/1e7589fe5ce5c25b68a5d8866c22c142df9b7555,2026-08-12T10:06:32+00:00,manufacturer_device_database,official_device_db_part_record
infineon::cy8c4149azs-s555,infineon::cy8c4149azs-s555,Infineon,PSOC 4100S Max,PSOC 4100S Max,PSOC 4100S Max (CY8C4149xxx-Sxxx),CY8C4149AZS-S555,CY8C4149AZS-S555,,,,,64-TQFP,-40..105 °C,,active,infineon-device-db:1e7589fe5ce5,https://github.com/Infineon/device-db/tree/1e7589fe5ce5c25b68a5d8866c22c142df9b7555,2026-08-12T10:06:32+00:00,manufacturer_device_database,official_device_db_part_record
infineon::cy8c4149azs-s558,infineon::cy8c4149azs-s558,Infineon,PSOC 4100S Max,PSOC 4100S Max,PSOC 4100S Max (CY8C4149xxx-Sxxx),CY8C4149AZS-S558,CY8C4149AZS-S558,,,,,100-TQFP,-40..105 °C,,active,infineon-device-db:1e7589fe5ce5,https://github.com/Infineon/device-db/tree/1e7589fe5ce5c25b68a5d8866c22c142df9b7555,2026-08-12T10:06:32+00:00,manufacturer_device_database,official_device_db_part_record
infineon::cy8c4149azs-s565,infineon::cy8c4149azs-s565,Infineon,PSOC 4100S Max,PSOC 4100S Max,PSOC 4100S Max (CY8C4149xxx-Sxxx),CY8C4149AZS-S565,CY8C4149AZS-S565,,,,,64-TQFP,-40..105 °C,,active,infineon-device-db:1e7589fe5ce5,https://github.com/Infineon/device-db/tree/1e7589fe5ce5c25b68a5d8866c22c142df9b7555,2026-08-12T10:06:32+00:00,manufacturer_device_database,official_device_db_part_record
infineon::cy8c4149azs-s568,infineon::cy8c4149azs-s568,Infineon,PSOC 4100S Max,PSOC 4100S Max,PSOC 4100S Max (CY8C4149xxx-Sxxx),CY8C4149AZS-S568,CY8C4149AZS-S568,,,,,100-TQFP,-40..105 °C,,active,infineon-device-db:1e7589fe5ce5,https://github.com/Infineon/device-db/tree/1e7589fe5ce5c25b68a5d8866c22c142df9b7555,2026-08-12T10:06:32+00:00,manufacturer_device_database,official_device_db_part_record
infineon::cy8c4149azs-s575,infineon::cy8c4149azs-s575,Infineon,PSOC 4100S Max,PSOC 4100S Max,PSOC 4100S Max (CY8C4149xxx-Sxxx),CY8C4149AZS-S575,CY8C4149AZS-S575,,,,,64-TQFP,-40..105 °C,,active,infineon-device-db:1e7589fe5ce5,https://github.com/Infineon/device-db/tree/1e7589fe5ce5c25b68a5d8866c22c142df9b7555,2026-08-12T10:06:32+00:00,manufacturer_device_database,official_device_db_part_record
infineon::cy8c4149azs-s578,infineon::cy8c4149azs-s578,Infineon,PSOC 4100S Max,PSOC 4100S Max,PSOC 4100S Max (CY8C4149xxx-Sxxx),CY8C4149AZS-S578,CY8C4149AZS-S578,,,,,100-TQFP,-40..105 °C,,active,infineon-device-db:1e7589fe5ce5,https://github.com/Infineon/device-db/tree/1e7589fe5ce5c25b68a5d8866c22c142df9b7555,2026-08-12T10:06:32+00:00,manufacturer_device_database,official_device_db_part_record
infineon::cy8c4149azs-s585,infineon::cy8c4149azs-s585,Infineon,PSOC 4100S Max,PSOC 4100S Max,PSOC 4100S Max (CY8C4149xxx-Sxxx),CY8C4149AZS-S585,CY8C4149AZS-S585,,,,,64-TQFP,-40..105 °C,,active,infineon-device-db:1e7589fe5ce5,https://github.com/Infineon/device-db/tree/1e7589fe5ce5c25b68a5d8866c22c142df9b7555,2026-08-12T10:06:32+00:00,manufacturer_device_database,official_device_db_part_record
infineon::cy8c4149azs-s588,infineon::cy8c4149azs-s588,Infineon,PSOC 4100S Max,PSOC 4100S Max,PSOC 4100S Max (CY8C4149xxx-Sxxx),CY8C4149AZS-S588,CY8C4149AZS-S588,,,,,100-TQFP,-40..105 °C,,active,infineon-device-db:1e7589fe5ce5,https://github.com/Infineon/device-db/tree/1e7589fe5ce5c25b68a5d8866c22c142df9b7555,2026-08-12T10:06:32+00:00,manufacturer_device_database,official_device_db_part_record
infineon::cy8c4149azs-s595,infineon::cy8c4149azs-s595,Infineon,PSOC 4100S Max,PSOC 4100S Max,PSOC 4100S Max (CY8C4149xxx-Sxxx),CY8C4149AZS-S595,CY8C4149AZS-S595,,,,,64-TQFP,-40..105 °C,,active,infineon-device-db:1e7589fe5ce5,https://github.com/Infineon/device-db/tree/1e7589fe5ce5c25b68a5d8866c22c142df9b7555,2026-08-12T10:06:32+00:00,manufacturer_device_database,official_device_db_part_record
infineon::cy8c4149azs-s598,infineon::cy8c4149azs-s598,Infineon,PSOC 4100S Max,PSOC 4100S Max,PSOC 4100S Max (CY8C4149xxx-Sxxx),CY8C4149AZS-S598,CY8C4149AZS-S598,,,,,100-TQFP,-40..105 °C,,active,infineon-device-db:1e7589fe5ce5,https://github.com/Infineon/device-db/tree/1e7589fe5ce5c25b68a5d8866c22c142df9b7555,2026-08-12T10:06:32+00:00,manufacturer_device_database,official_device_db_part_record
infineon::cy8c4149lda-s543,infineon::cy8c4149lda-s543,Infineon,PSOC 4100S Max,PSOC 4100S Max,PSOC 4100S Max (CY8C4149xxx-Sxxx),CY8C4149LDA-S543,CY8C4149LDA-S543,,,,,48-QFN-AUTO,-40..85 °C,,active,infineon-device-db:1e7589fe5ce5,https://github.com/Infineon/device-db/tree/1e7589fe5ce5c25b68a5d8866c22c142df9b7555,2026-08-12T10:06:32+00:00,manufacturer_device_database,official_device_db_part_record
infineon::cy8c4149lda-s553,infineon::cy8c4149lda-s553,Infineon,PSOC 4100S Max,PSOC 4100S Max,PSOC 4100S Max (CY8C4149xxx-Sxxx),CY8C4149LDA-S553,CY8C4149LDA-S553,,,,,48-QFN-AUTO,-40..85 °C,,active,infineon-device-db:1e7589fe5ce5,https://github.com/Infineon/device-db/tree/1e7589fe5ce5c25b68a5d8866c22c142df9b7555,2026-08-12T10:06:32+00:00,manufacturer_device_database,official_device_db_part_record
infineon::cy8c4149lda-s563,infineon::cy8c4149lda-s563,Infineon,PSOC 4100S Max,PSOC 4100S Max,PSOC 4100S Max (CY8C4149xxx-Sxxx),CY8C4149LDA-S563,CY8C4149LDA-S563,,,,,48-QFN-AUTO,-40..85 °C,,active,infineon-device-db:1e7589fe5ce5,https://github.com/Infineon/device-db/tree/1e7589fe5ce5c25b68a5d8866c22c142df9b7555,2026-08-12T10:06:32+00:00,manufacturer_device_database,official_device_db_part_record
infineon::cy8c4149lda-s573,infineon::cy8c4149lda-s573,Infineon,PSOC 4100S Max,PSOC 4100S Max,PSOC 4100S Max (CY8C4149xxx-Sxxx),CY8C4149LDA-S573,CY8C4149LDA-S573,,,,,48-QFN-AUTO,-40..85 °C,,active,infineon-device-db:1e7589fe5ce5,https://github.com/Infineon/device-db/tree/1e7589fe5ce5c25b68a5d8866c22c142df9b7555,2026-08-12T10:06:32+00:00,manufacturer_device_database,official_device_db_part_record
infineon::cy8c4149lda-s583,infineon::cy8c4149lda-s583,Infineon,PSOC 4100S Max,PSOC 4100S Max,PSOC 4100S Max (CY8C4149xxx-Sxxx),CY8C4149LDA-S583,CY8C4149LDA-S583,,,,,48-QFN-AUTO,-40..85 °C,,active,infineon-device-db:1e7589fe5ce5,https://github.com/Infineon/device-db/tree/1e7589fe5ce5c25b68a5d8866c22c142df9b7555,2026-08-12T10:06:32+00:00,manufacturer_device_database,official_device_db_part_record
infineon::cy8c4149lda-s593,infineon::cy8c4149lda-s593,Infineon,PSOC 4100S Max,PSOC 4100S Max,PSOC 4100S Max (CY8C4149xxx-Sxxx),CY8C4149LDA-S593,CY8C4149LDA-S593,,,,,48-QFN-AUTO,-40..85 °C,,active,infineon-device-db:1e7589fe5ce5,https://github.com/Infineon/device-db/tree/1e7589fe5ce5c25b68a5d8866c22c142df9b7555,2026-08-12T10:06:32+00:00,manufacturer_device_database,official_device_db_part_record
infineon::cy8c4149lde-s543,infineon::cy8c4149lde-s543,Infineon,PSOC 4100S Max,PSOC 4100S Max,PSOC 4100S Max (CY8C4149xxx-Sxxx),CY8C4149LDE-S543,CY8C4149LDE-S543,,,,,48-QFN-AUTO,-40..125 °C,,active,infineon-device-db:1e7589fe5ce5,https://github.com/Infineon/device-db/tree/1e7589fe5ce5c25b68a5d8866c22c142df9b7555,2026-08-12T10:06:32+00:00,manufacturer_device_database,official_device_db_part_record
infineon::cy8c4149lde-s553,infineon::cy8c4149lde-s553,Infineon,PSOC 4100S Max,PSOC 4100S Max,PSOC 4100S Max (CY8C4149xxx-Sxxx),CY8C4149LDE-S553,CY8C4149LDE-S553,,,,,48-QFN-AUTO,-40..125 °C,,active,infineon-device-db:1e7589fe5ce5,https://github.com/Infineon/device-db/tree/1e7589fe5ce5c25b68a5d8866c22c142df9b7555,2026-08-12T10:06:32+00:00,manufacturer_device_database,official_device_db_part_record
infineon::cy8c4149lde-s563,infineon::cy8c4149lde-s563,Infineon,PSOC 4100S Max,PSOC 4100S Max,PSOC 4100S Max (CY8C4149xxx-Sxxx),CY8C4149LDE-S563,CY8C4149LDE-S563,,,,,48-QFN-AUTO,-40..125 °C,,active,infineon-device-db:1e7589fe5ce5,https://github.com/Infineon/device-db/tree/1e7589fe5ce5c25b68a5d8866c22c142df9b7555,2026-08-12T10:06:32+00:00,manufacturer_device_database,official_device_db_part_record
infineon::cy8c4149lde-s573,infineon::cy8c4149lde-s573,Infineon,PSOC 4100S Max,PSOC 4100S Max,PSOC 4100S Max (CY8C4149xxx-Sxxx),CY8C4149LDE-S573,CY8C4149LDE-S573,,,,,48-QFN-AUTO,-40..125 °C,,active,infineon-device-db:1e7589fe5ce5,https://github.com/Infineon/device-db/tree/1e7589fe5ce5c25b68a5d8866c22c142df9b7555,2026-08-12T10:06:32+00:00,manufacturer_device_database,official_device_db_part_record
infineon::cy8c4149lde-s583,infineon::cy8c4149lde-s583,Infineon,PSOC 4100S Max,PSOC 4100S Max,PSOC 4100S Max (CY8C4149xxx-Sxxx),CY8C4149LDE-S583,CY8C4149LDE-S583,,,,,48-QFN-AUTO,-40..125 °C,,active,infineon-device-db:1e7589fe5ce5,https://github.com/Infineon/device-db/tree/1e7589fe5ce5c25b68a5d8866c22c142df9b7555,2026-08-12T10:06:32+00:00,manufacturer_device_database,official_device_db_part_record
infineon::cy8c4149lde-s593,infineon::cy8c4149lde-s593,Infineon,PSOC 4100S Max,PSOC 4100S Max,PSOC 4100S Max (CY8C4149xxx-Sxxx),CY8C4149LDE-S593,CY8C4149LDE-S593,,,,,48-QFN-AUTO,-40..125 °C,,active,infineon-device-db:1e7589fe5ce5,https://github.com/Infineon/device-db/tree/1e7589fe5ce5c25b68a5d8866c22c142df9b7555,2026-08-12T10:06:32+00:00,manufacturer_device_database,official_device_db_part_record
infineon::cy8c4149lds-s543,infineon::cy8c4149lds-s543,Infineon,PSOC 4100S Max,PSOC 4100S Max,PSOC 4100S Max (CY8C4149xxx-Sxxx),CY8C4149LDS-S543,CY8C4149LDS-S543,,,,,48-QFN-AUTO,-40..105 °C,,active,infineon-device-db:1e7589fe5ce5,https://github.com/Infineon/device-db/tree/1e7589fe5ce5c25b68a5d8866c22c142df9b7555,2026-08-12T10:06:32+00:00,manufacturer_device_database,official_device_db_part_record
infineon::cy8c4149lds-s553,infineon::cy8c4149lds-s553,Infineon,PSOC 4100S Max,PSOC 4100S Max,PSOC 4100S Max (CY8C4149xxx-Sxxx),CY8C4149LDS-S553,CY8C4149LDS-S553,,,,,48-QFN-AUTO,-40..105 °C,,active,infineon-device-db:1e7589fe5ce5,https://github.com/Infineon/device-db/tree/1e7589fe5ce5c25b68a5d8866c22c142df9b7555,2026-08-12T10:06:32+00:00,manufacturer_device_database,official_device_db_part_record
infineon::cy8c4149lds-s563,infineon::cy8c4149lds-s563,Infineon,PSOC 4100S Max,PSOC 4100S Max,PSOC 4100S Max (CY8C4149xxx-Sxxx),CY8C4149LDS-S563,CY8C4149LDS-S563,,,,,48-QFN-AUTO,-40..105 °C,,active,infineon-device-db:1e7589fe5ce5,https://github.com/Infineon/device-db/tree/1e7589fe5ce5c25b68a5d8866c22c142df9b7555,2026-08-12T10:06:32+00:00,manufacturer_device_database,official_device_db_part_record
infineon::cy8c4149lds-s573,infineon::cy8c4149lds-s573,Infineon,PSOC 4100S Max,PSOC 4100S Max,PSOC 4100S Max (CY8C4149xxx-Sxxx),CY8C4149LDS-S573,CY8C4149LDS-S573,,,,,48-QFN-AUTO,-40..105 °C,,active,infineon-device-db:1e7589fe5ce5,https://github.com/Infineon/device-db/tree/1e7589fe5ce5c25b68a5d8866c22c142df9b7555,2026-08-12T10:06:32+00:00,manufacturer_device_database,official_device_db_part_record
infineon::cy8c4149lds-s583,infineon::cy8c4149lds-s583,Infineon,PSOC 4100S Max,PSOC 4100S Max,PSOC 4100S Max (CY8C4149xxx-Sxxx),CY8C4149LDS-S583,CY8C4149LDS-S583,,,,,48-QFN-AUTO,-40..105 °C,,active,infineon-device-db:1e7589fe5ce5,https://github.com/Infineon/device-db/tree/1e7589fe5ce5c25b68a5d8866c22c142df9b7555,2026-08-12T10:06:32+00:00,manufacturer_device_database,official_device_db_part_record
infineon::cy8c4149lds-s593,infineon::cy8c4149lds-s593,Infineon,PSOC 4100S Max,PSOC 4100S Max,PSOC 4100S Max (CY8C4149xxx-Sxxx),CY8C4149LDS-S593,CY8C4149LDS-S593,,,,,48-QFN-AUTO,-40..105 °C,,active,infineon-device-db:1e7589fe5ce5,https://github.com/Infineon/device-db/tree/1e7589fe5ce5c25b68a5d8866c22c142df9b7555,2026-08-12T10:06:32+00:00,manufacturer_device_database,official_device_db_part_record
infineon::cy8c4546axi-s475,infineon::cy8c4546axi-s475,Infineon,PSOC 4500S,PSOC 4500S,PSOC 4500S (CY8C45x6xxx-Sxxx),CY8C4546AXI-S475,CY8C4546AXI-S475,,,,,64-TQFP-MC,-40..85 °C,,active,infineon-device-db:1e7589fe5ce5,https://github.com/Infineon/device-db/tree/1e7589fe5ce5c25b68a5d8866c22c142df9b7555,2026-08-12T10:06:32+00:00,manufacturer_device_database,official_device_db_part_record
infineon::cy8c4546azi-s473,infineon::cy8c4546azi-s473,Infineon,PSOC 4500S,PSOC 4500S,PSOC 4500S (CY8C45x6xxx-Sxxx),CY8C4546AZI-S473,CY8C4546AZI-S473,,,,,48-TQFP-MC,-40..85 °C,,active,infineon-device-db:1e7589fe5ce5,https://github.com/Infineon/device-db/tree/1e7589fe5ce5c25b68a5d8866c22c142df9b7555,2026-08-12T10:06:32+00:00,manufacturer_device_database,official_device_db_part_record
infineon::cy8c4546azi-s475,infineon::cy8c4546azi-s475,Infineon,PSOC 4500S,PSOC 4500S,PSOC 4500S (CY8C45x6xxx-Sxxx),CY8C4546AZI-S475,CY8C4546AZI-S475,,,,,64-TQFP-MC,-40..85 °C,,active,infineon-device-db:1e7589fe5ce5,https://github.com/Infineon/device-db/tree/1e7589fe5ce5c25b68a5d8866c22c142df9b7555,2026-08-12T10:06:32+00:00,manufacturer_device_database,official_device_db_part_record
infineon::cy8c4546lqi-s476,infineon::cy8c4546lqi-s476,Infineon,PSOC 4500S,PSOC 4500S,PSOC 4500S (CY8C45x6xxx-Sxxx),CY8C4546LQI-S476,CY8C4546LQI-S476,,,,,68-QFN,-40..85 °C,,active,infineon-device-db:1e7589fe5ce5,https://github.com/Infineon/device-db/tree/1e7589fe5ce5c25b68a5d8866c22c142df9b7555,2026-08-12T10:06:32+00:00,manufacturer_device_database,official_device_db_part_record
infineon::cy8c4546lqq-s476,infineon::cy8c4546lqq-s476,Infineon,PSOC 4500S,PSOC 4500S,PSOC 4500S (CY8C45x6xxx-Sxxx),CY8C4546LQQ-S476,CY8C4546LQQ-S476,,,,,68-QFN,-40..105 °C,,active,infineon-device-db:1e7589fe5ce5,https://github.com/Infineon/device-db/tree/1e7589fe5ce5c25b68a5d8866c22c142df9b7555,2026-08-12T10:06:32+00:00,manufacturer_device_database,official_device_db_part_record
infineon::cy8c4547axi-s475,infineon::cy8c4547axi-s475,Infineon,PSOC 4500S,PSOC 4500S,PSOC 4500S (CY8C45x7xxx-Sxxx),CY8C4547AXI-S475,CY8C4547AXI-S475,,,,,64-TQFP-MC,-40..85 °C,,active,infineon-device-db:1e7589fe5ce5,https://github.com/Infineon/device-db/tree/1e7589fe5ce5c25b68a5d8866c22c142df9b7555,2026-08-12T10:06:32+00:00,manufacturer_device_database,official_device_db_part_record
infineon::cy8c4547axq-s475,infineon::cy8c4547axq-s475,Infineon,PSOC 4500S,PSOC 4500S,PSOC 4500S (CY8C45x7xxx-Sxxx),CY8C4547AXQ-S475,CY8C4547AXQ-S475,,,,,64-TQFP-MC,-40..105 °C,,active,infineon-device-db:1e7589fe5ce5,https://github.com/Infineon/device-db/tree/1e7589fe5ce5c25b68a5d8866c22c142df9b7555,2026-08-12T10:06:32+00:00,manufacturer_device_database,official_device_db_part_record
infineon::cy8c4547azi-445,infineon::cy8c4547azi-445,Infineon,PSOC 4100S Plus,PSOC 4100S Plus,PSOC 4100S Plus (CY8C41x7xxx-Sxxx),CY8C4547AZI-445,CY8C4547AZI-445,,,,,64-TQFP,-40..85 °C,,active,infineon-device-db:1e7589fe5ce5,https://github.com/Infineon/device-db/tree/1e7589fe5ce5c25b68a5d8866c22c142df9b7555,2026-08-12T10:06:32+00:00,manufacturer_device_database,official_device_db_part_record
infineon::cy8c4547azi-s453,infineon::cy8c4547azi-s453,Infineon,PSOC 4500S,PSOC 4500S,PSOC 4500S (CY8C45x7xxx-Sxxx),CY8C4547AZI-S453,CY8C4547AZI-S453,,,,,48-TQFP-MC,-40..85 °C,,active,infineon-device-db:1e7589fe5ce5,https://github.com/Infineon/device-db/tree/1e7589fe5ce5c25b68a5d8866c22c142df9b7555,2026-08-12T10:06:32+00:00,manufacturer_device_database,official_device_db_part_record
infineon::cy8c4547azi-s455,infineon::cy8c4547azi-s455,Infineon,PSOC 4500S,PSOC 4500S,PSOC 4500S (CY8C45x7xxx-Sxxx),CY8C4547AZI-S455,CY8C4547AZI-S455,,,,,64-TQFP-MC,-40..85 °C,,active,infineon-device-db:1e7589fe5ce5,https://github.com/Infineon/device-db/tree/1e7589fe5ce5c25b68a5d8866c22c142df9b7555,2026-08-12T10:06:32+00:00,manufacturer_device_database,official_device_db_part_record
infineon::cy8c4547azi-s463,infineon::cy8c4547azi-s463,Infineon,PSOC 4500S,PSOC 4500S,PSOC 4500S (CY8C45x7xxx-Sxxx),CY8C4547AZI-S463,CY8C4547AZI-S463,,,,,48-TQFP-MC,-40..85 °C,,active,infineon-device-db:1e7589fe5ce5,https://github.com/Infineon/device-db/tree/1e7589fe5ce5c25b68a5d8866c22c142df9b7555,2026-08-12T10:06:32+00:00,manufacturer_device_database,official_device_db_part_record
infineon::cy8c4547azi-s465,infineon::cy8c4547azi-s465,Infineon,PSOC 4500S,PSOC 4500S,PSOC 4500S (CY8C45x7xxx-Sxxx),CY8C4547AZI-S465,CY8C4547AZI-S465,,,,,64-TQFP-MC,-40..85 °C,,active,infineon-device-db:1e7589fe5ce5,https://github.com/Infineon/device-db/tree/1e7589fe5ce5c25b68a5d8866c22c142df9b7555,2026-08-12T10:06:32+00:00,manufacturer_device_database,official_device_db_part_record
infineon::cy8c4547azi-s473,infineon::cy8c4547azi-s473,Infineon,PSOC 4500S,PSOC 4500S,PSOC 4500S (CY8C45x7xxx-Sxxx),CY8C4547AZI-S473,CY8C4547AZI-S473,,,,,48-TQFP-MC,-40..85 °C,,active,infineon-device-db:1e7589fe5ce5,https://github.com/Infineon/device-db/tree/1e7589fe5ce5c25b68a5d8866c22c142df9b7555,2026-08-12T10:06:32+00:00,manufacturer_device_database,official_device_db_part_record
infineon::cy8c4547azi-s475,infineon::cy8c4547azi-s475,Infineon,PSOC 4500S,PSOC 4500S,PSOC 4500S (CY8C45x7xxx-Sxxx),CY8C4547AZI-S475,CY8C4547AZI-S475,,,,,64-TQFP-MC,-40..85 °C,,active,infineon-device-db:1e7589fe5ce5,https://github.com/Infineon/device-db/tree/1e7589fe5ce5c25b68a5d8866c22c142df9b7555,2026-08-12T10:06:32+00:00,manufacturer_device_database,official_device_db_part_record
infineon::cy8c4547azq-s453,infineon::cy8c4547azq-s453,Infineon,PSOC 4500S,PSOC 4500S,PSOC 4500S (CY8C45x7xxx-Sxxx),CY8C4547AZQ-S453,CY8C4547AZQ-S453,,,,,48-TQFP-MC,-40..105 °C,,active,infineon-device-db:1e7589fe5ce5,https://github.com/Infineon/device-db/tree/1e7589fe5ce5c25b68a5d8866c22c142df9b7555,2026-08-12T10:06:32+00:00,manufacturer_device_database,official_device_db_part_record
infineon::cy8c4547azq-s455,infineon::cy8c4547azq-s455,Infineon,PSOC 4500S,PSOC 4500S,PSOC 4500S (CY8C45x7xxx-Sxxx),CY8C4547AZQ-S455,CY8C4547AZQ-S455,,,,,64-TQFP-MC,-40..105 °C,,active,infineon-device-db:1e7589fe5ce5,https://github.com/Infineon/device-db/tree/1e7589fe5ce5c25b68a5d8866c22c142df9b7555,2026-08-12T10:06:32+00:00,manufacturer_device_database,official_device_db_part_record
infineon::cy8c4547azq-s473,infineon::cy8c4547azq-s473,Infineon,PSOC 4500S,PSOC 4500S,PSOC 4500S (CY8C45x7xxx-Sxxx),CY8C4547AZQ-S473,CY8C4547AZQ-S473,,,,,48-TQFP-MC,-40..105 °C,,active,infineon-device-db:1e7589fe5ce5,https://github.com/Infineon/device-db/tree/1e7589fe5ce5c25b68a5d8866c22c142df9b7555,2026-08-12T10:06:32+00:00,manufacturer_device_database,official_device_db_part_record
infineon::cy8c4547azq-s475,infineon::cy8c4547azq-s475,Infineon,PSOC 4500S,PSOC 4500S,PSOC 4500S (CY8C45x7xxx-Sxxx),CY8C4547AZQ-S475,CY8C4547AZQ-S475,,,,,64-TQFP-MC,-40..105 °C,,active,infineon-device-db:1e7589fe5ce5,https://github.com/Infineon/device-db/tree/1e7589fe5ce5c25b68a5d8866c22c142df9b7555,2026-08-12T10:06:32+00:00,manufacturer_device_database,official_device_db_part_record
infineon::cy8c4547lqi-s476,infineon::cy8c4547lqi-s476,Infineon,PSOC 4500S,PSOC 4500S,PSOC 4500S (CY8C45x7xxx-Sxxx),CY8C4547LQI-S476,CY8C4547LQI-S476,,,,,68-QFN,-40..85 °C,,active,infineon-device-db:1e7589fe5ce5,https://github.com/Infineon/device-db/tree/1e7589fe5ce5c25b68a5d8866c22c142df9b7555,2026-08-12T10:06:32+00:00,manufacturer_device_database,official_device_db_part_record
infineon::cy8c4547lqq-s476,infineon::cy8c4547lqq-s476,Infineon,PSOC 4500S,PSOC 4500S,PSOC 4500S (CY8C45x7xxx-Sxxx),CY8C4547LQQ-S476,CY8C4547LQQ-S476,,,,,68-QFN,-40..105 °C,,active,infineon-device-db:1e7589fe5ce5,https://github.com/Infineon/device-db/tree/1e7589fe5ce5c25b68a5d8866c22c142df9b7555,2026-08-12T10:06:32+00:00,manufacturer_device_database,official_device_db_part_record
infineon::cy8c4548axi-s475,infineon::cy8c4548axi-s475,Infineon,PSOC 4500S,PSOC 4500S,PSOC 4500S (CY8C45x8xxx-Sxxx),CY8C4548AXI-S475,CY8C4548AXI-S475,,,,,64-TQFP-MC,-40..85 °C,,active,infineon-device-db:1e7589fe5ce5,https://github.com/Infineon/device-db/tree/1e7589fe5ce5c25b68a5d8866c22c142df9b7555,2026-08-12T10:06:32+00:00,manufacturer_device_database,official_device_db_part_record
infineon::cy8c4548axi-s485,infineon::cy8c4548axi-s485,Infineon,PSOC 4500S,PSOC 4500S,PSOC 4500S (CY8C45x8xxx-Sxxx),CY8C4548AXI-S485,CY8C4548AXI-S485,,,,,64-TQFP-MC,-40..85 °C,,active,infineon-device-db:1e7589fe5ce5,https://github.com/Infineon/device-db/tree/1e7589fe5ce5c25b68a5d8866c22c142df9b7555,2026-08-12T10:06:32+00:00,manufacturer_device_database,official_device_db_part_record
infineon::cy8c4548axq-s485,infineon::cy8c4548axq-s485,Infineon,PSOC 4500S,PSOC 4500S,PSOC 4500S (CY8C45x8xxx-Sxxx),CY8C4548AXQ-S485,CY8C4548AXQ-S485,,,,,64-TQFP-MC,-40..105 °C,,active,infineon-device-db:1e7589fe5ce5,https://github.com/Infineon/device-db/tree/1e7589fe5ce5c25b68a5d8866c22c142df9b7555,2026-08-12T10:06:32+00:00,manufacturer_device_database,official_device_db_part_record
infineon::cy8c4548azi-s475,infineon::cy8c4548azi-s475,Infineon,PSOC 4500S,PSOC 4500S,PSOC 4500S (CY8C45x8xxx-Sxxx),CY8C4548AZI-S475,CY8C4548AZI-S475,,,,,64-TQFP-MC,-40..85 °C,,active,infineon-device-db:1e7589fe5ce5,https://github.com/Infineon/device-db/tree/1e7589fe5ce5c25b68a5d8866c22c142df9b7555,2026-08-12T10:06:32+00:00,manufacturer_device_database,official_device_db_part_record
infineon::cy8c4548azi-s483,infineon::cy8c4548azi-s483,Infineon,PSOC 4500S,PSOC 4500S,PSOC 4500S (CY8C45x8xxx-Sxxx),CY8C4548AZI-S483,CY8C4548AZI-S483,,,,,48-TQFP-MC,-40..85 °C,,active,infineon-device-db:1e7589fe5ce5,https://github.com/Infineon/device-db/tree/1e7589fe5ce5c25b68a5d8866c22c142df9b7555,2026-08-12T10:06:32+00:00,manufacturer_device_database,official_device_db_part_record
infineon::cy8c4548azi-s485,infineon::cy8c4548azi-s485,Infineon,PSOC 4500S,PSOC 4500S,PSOC 4500S (CY8C45x8xxx-Sxxx),CY8C4548AZI-S485,CY8C4548AZI-S485,,,,,64-TQFP-MC,-40..85 °C,,active,infineon-device-db:1e7589fe5ce5,https://github.com/Infineon/device-db/tree/1e7589fe5ce5c25b68a5d8866c22c142df9b7555,2026-08-12T10:06:32+00:00,manufacturer_device_database,official_device_db_part_record
infineon::cy8c4548azq-s483,infineon::cy8c4548azq-s483,Infineon,PSOC 4500S,PSOC 4500S,PSOC 4500S (CY8C45x8xxx-Sxxx),CY8C4548AZQ-S483,CY8C4548AZQ-S483,,,,,48-TQFP-MC,-40..105 °C,,active,infineon-device-db:1e7589fe5ce5,https://github.com/Infineon/device-db/tree/1e7589fe5ce5c25b68a5d8866c22c142df9b7555,2026-08-12T10:06:32+00:00,manufacturer_device_database,official_device_db_part_record
infineon::cy8c4548azq-s485,infineon::cy8c4548azq-s485,Infineon,PSOC 4500S,PSOC 4500S,PSOC 4500S (CY8C45x8xxx-Sxxx),CY8C4548AZQ-S485,CY8C4548AZQ-S485,,,,,64-TQFP-MC,-40..105 °C,,active,infineon-device-db:1e7589fe5ce5,https://github.com/Infineon/device-db/tree/1e7589fe5ce5c25b68a5d8866c22c142df9b7555,2026-08-12T10:06:32+00:00,manufacturer_device_database,official_device_db_part_record
infineon::cy8c4548lqi-s486,infineon::cy8c4548lqi-s486,Infineon,PSOC 4500S,PSOC 4500S,PSOC 4500S (CY8C45x8xxx-Sxxx),CY8C4548LQI-S486,CY8C4548LQI-S486,,,,,68-QFN,-40..85 °C,,active,infineon-device-db:1e7589fe5ce5,https://github.com/Infineon/device-db/tree/1e7589fe5ce5c25b68a5d8866c22c142df9b7555,2026-08-12T10:06:32+00:00,manufacturer_device_database,official_device_db_part_record
infineon::cy8c4548lqq-s486,infineon::cy8c4548lqq-s486,Infineon,PSOC 4500S,PSOC 4500S,PSOC 4500S (CY8C45x8xxx-Sxxx),CY8C4548LQQ-S486,CY8C4548LQQ-S486,,,,,68-QFN,-40..105 °C,,active,infineon-device-db:1e7589fe5ce5,https://github.com/Infineon/device-db/tree/1e7589fe5ce5c25b68a5d8866c22c142df9b7555,2026-08-12T10:06:32+00:00,manufacturer_device_database,official_device_db_part_record
infineon::cy8c4588azi-h675,infineon::cy8c4588azi-h675,Infineon,PSOC 4500H,PSOC 4500H,CY8C6xx4,CY8C4588AZI-H675,CY8C4588AZI-H675,,,,,64-TQFP,-40..85 °C,,active,infineon-device-db:1e7589fe5ce5,https://github.com/Infineon/device-db/tree/1e7589fe5ce5c25b68a5d8866c22c142df9b7555,2026-08-12T10:06:32+00:00,manufacturer_device_database,official_device_db_part_record
infineon::cy8c4588azi-h676,infineon::cy8c4588azi-h676,Infineon,PSOC 4500H,PSOC 4500H,CY8C6xx4,CY8C4588AZI-H676,CY8C4588AZI-H676,,,,,80-TQFP,-40..85 °C,,active,infineon-device-db:1e7589fe5ce5,https://github.com/Infineon/device-db/tree/1e7589fe5ce5c25b68a5d8866c22c142df9b7555,2026-08-12T10:06:32+00:00,manufacturer_device_database,official_device_db_part_record
infineon::cy8c4588azi-h685,infineon::cy8c4588azi-h685,Infineon,PSOC 4500H,PSOC 4500H,CY8C6xx4,CY8C4588AZI-H685,CY8C4588AZI-H685,,,,,64-TQFP,-40..85 °C,,active,infineon-device-db:1e7589fe5ce5,https://github.com/Infineon/device-db/tree/1e7589fe5ce5c25b68a5d8866c22c142df9b7555,2026-08-12T10:06:32+00:00,manufacturer_device_database,official_device_db_part_record
infineon::cy8c4588azi-h686,infineon::cy8c4588azi-h686,Infineon,PSOC 4500H,PSOC 4500H,CY8C6xx4,CY8C4588AZI-H686,CY8C4588AZI-H686,,,,,80-TQFP,-40..85 °C,,active,infineon-device-db:1e7589fe5ce5,https://github.com/Infineon/device-db/tree/1e7589fe5ce5c25b68a5d8866c22c142df9b7555,2026-08-12T10:06:32+00:00,manufacturer_device_database,official_device_db_part_record
infineon::cy8c4588azq-h685,infineon::cy8c4588azq-h685,Infineon,PSOC 4500H,PSOC 4500H,CY8C6xx4,CY8C4588AZQ-H685,CY8C4588AZQ-H685,,,,,64-TQFP,-40..105 °C,,active,infineon-device-db:1e7589fe5ce5,https://github.com/Infineon/device-db/tree/1e7589fe5ce5c25b68a5d8866c22c142df9b7555,2026-08-12T10:06:32+00:00,manufacturer_device_database,official_device_db_part_record
infineon::cy8c4588azq-h686,infineon::cy8c4588azq-h686,Infineon,PSOC 4500H,PSOC 4500H,CY8C6xx4,CY8C4588AZQ-H686,CY8C4588AZQ-H686,,,,,80-TQFP,-40..105 °C,,active,infineon-device-db:1e7589fe5ce5,https://github.com/Infineon/device-db/tree/1e7589fe5ce5c25b68a5d8866c22c142df9b7555,2026-08-12T10:06:32+00:00,manufacturer_device_database,official_device_db_part_record
infineon::cy8c4724fni-s402,infineon::cy8c4724fni-s402,Infineon,PSOC 4700S,PSOC 4700S,PSOC 4700S (CY8C47x4xxx-S4xx),CY8C4724FNI-S402,CY8C4724FNI-S402,,,,,25-WLCSP,-40..85 °C,,active,infineon-device-db:1e7589fe5ce5,https://github.com/Infineon/device-db/tree/1e7589fe5ce5c25b68a5d8866c22c142df9b7555,2026-08-12T10:06:32+00:00,manufacturer_device_database,official_device_db_part_record
infineon::cy8c4724lqi-s401,infineon::cy8c4724lqi-s401,Infineon,PSOC 4700S,PSOC 4700S,PSOC 4700S (CY8C47x4xxx-S4xx),CY8C4724LQI-S401,CY8C4724LQI-S401,,,,,24-QFN,-40..85 °C,,active,infineon-device-db:1e7589fe5ce5,https://github.com/Infineon/device-db/tree/1e7589fe5ce5c25b68a5d8866c22c142df9b7555,2026-08-12T10:06:32+00:00,manufacturer_device_database,official_device_db_part_record
infineon::cy8c4725fni-s402,infineon::cy8c4725fni-s402,Infineon,PSOC 4700S,PSOC 4700S,PSOC 4700S (CY8C47x5xxx-S4xx),CY8C4725FNI-S402,CY8C4725FNI-S402,,,,,25-WLCSP,-40..85 °C,,active,infineon-device-db:1e7589fe5ce5,https://github.com/Infineon/device-db/tree/1e7589fe5ce5c25b68a5d8866c22c142df9b7555,2026-08-12T10:06:32+00:00,manufacturer_device_database,official_device_db_part_record
infineon::cy8c4725lqi-s401,infineon::cy8c4725lqi-s401,Infineon,PSOC 4700S,PSOC 4700S,PSOC 4700S (CY8C47x5xxx-S4xx),CY8C4725LQI-S401,CY8C4725LQI-S401,,,,,24-QFN,-40..85 °C,,active,infineon-device-db:1e7589fe5ce5,https://github.com/Infineon/device-db/tree/1e7589fe5ce5c25b68a5d8866c22c142df9b7555,2026-08-12T10:06:32+00:00,manufacturer_device_database,official_device_db_part_record
infineon::cy8c4744azi-s403,infineon::cy8c4744azi-s403,Infineon,PSOC 4700S,PSOC 4700S,PSOC 4700S (CY8C47x4xxx-S4xx),CY8C4744AZI-S403,CY8C4744AZI-S403,,,,,48-TQFP,-40..85 °C,,active,infineon-device-db:1e7589fe5ce5,https://github.com/Infineon/device-db/tree/1e7589fe5ce5c25b68a5d8866c22c142df9b7555,2026-08-12T10:06:32+00:00,manufacturer_device_database,official_device_db_part_record
infineon::cy8c4744fni-s402,infineon::cy8c4744fni-s402,Infineon,PSOC 4700S,PSOC 4700S,PSOC 4700S (CY8C47x4xxx-S4xx),CY8C4744FNI-S402,CY8C4744FNI-S402,,,,,25-WLCSP,-40..85 °C,,active,infineon-device-db:1e7589fe5ce5,https://github.com/Infineon/device-db/tree/1e7589fe5ce5c25b68a5d8866c22c142df9b7555,2026-08-12T10:06:32+00:00,manufacturer_device_database,official_device_db_part_record
infineon::cy8c4744lqi-s401,infineon::cy8c4744lqi-s401,Infineon,PSOC 4700S,PSOC 4700S,PSOC 4700S (CY8C47x4xxx-S4xx),CY8C4744LQI-S401,CY8C4744LQI-S401,,,,,24-QFN,-40..85 °C,,active,infineon-device-db:1e7589fe5ce5,https://github.com/Infineon/device-db/tree/1e7589fe5ce5c25b68a5d8866c22c142df9b7555,2026-08-12T10:06:32+00:00,manufacturer_device_database,official_device_db_part_record
infineon::cy8c4745azi-s403,infineon::cy8c4745azi-s403,Infineon,PSOC 4700S,PSOC 4700S,PSOC 4700S (CY8C47x5xxx-S4xx),CY8C4745AZI-S403,CY8C4745AZI-S403,,,,,48-TQFP,-40..85 °C,,active,infineon-device-db:1e7589fe5ce5,https://github.com/Infineon/device-db/tree/1e7589fe5ce5c25b68a5d8866c22c142df9b7555,2026-08-12T10:06:32+00:00,manufacturer_device_database,official_device_db_part_record
infineon::cy8c4745azi-s413,infineon::cy8c4745azi-s413,Infineon,PSOC 4700S,PSOC 4700S,PSOC 4700S (CY8C47x5xxx-S4xx),CY8C4745AZI-S413,CY8C4745AZI-S413,,,,,48-TQFP,-40..85 °C,,active,infineon-device-db:1e7589fe5ce5,https://github.com/Infineon/device-db/tree/1e7589fe5ce5c25b68a5d8866c22c142df9b7555,2026-08-12T10:06:32+00:00,manufacturer_device_database,official_device_db_part_record
infineon::cy8c4745fni-s402,infineon::cy8c4745fni-s402,Infineon,PSOC 4700S,PSOC 4700S,PSOC 4700S (CY8C47x5xxx-S4xx),CY8C4745FNI-S402,CY8C4745FNI-S402,,,,,25-WLCSP,-40..85 °C,,active,infineon-device-db:1e7589fe5ce5,https://github.com/Infineon/device-db/tree/1e7589fe5ce5c25b68a5d8866c22c142df9b7555,2026-08-12T10:06:32+00:00,manufacturer_device_database,official_device_db_part_record
infineon::cy8c4745fni-s412,infineon::cy8c4745fni-s412,Infineon,PSOC 4700S,PSOC 4700S,PSOC 4700S (CY8C47x5xxx-S4xx),CY8C4745FNI-S412,CY8C4745FNI-S412,,,,,25-WLCSP,-40..85 °C,,active,infineon-device-db:1e7589fe5ce5,https://github.com/Infineon/device-db/tree/1e7589fe5ce5c25b68a5d8866c22c142df9b7555,2026-08-12T10:06:32+00:00,manufacturer_device_database,official_device_db_part_record
infineon::cy8c4745lqi-s401,infineon::cy8c4745lqi-s401,Infineon,PSOC 4700S,PSOC 4700S,PSOC 4700S (CY8C47x5xxx-S4xx),CY8C4745LQI-S401,CY8C4745LQI-S401,,,,,24-QFN,-40..85 °C,,active,infineon-device-db:1e7589fe5ce5,https://github.com/Infineon/device-db/tree/1e7589fe5ce5c25b68a5d8866c22c142df9b7555,2026-08-12T10:06:32+00:00,manufacturer_device_database,official_device_db_part_record
infineon::cy8c4745lqi-s411,infineon::cy8c4745lqi-s411,Infineon,PSOC 4700S,PSOC 4700S,PSOC 4700S (CY8C47x5xxx-S4xx),CY8C4745LQI-S411,CY8C4745LQI-S411,,,,,24-QFN,-40..85 °C,,active,infineon-device-db:1e7589fe5ce5,https://github.com/Infineon/device-db/tree/1e7589fe5ce5c25b68a5d8866c22c142df9b7555,2026-08-12T10:06:32+00:00,manufacturer_device_database,official_device_db_part_record
infineon::cy8c4746lqs-s263,infineon::cy8c4746lqs-s263,Infineon,PSOC 4700S,PSOC 4700S,PSOC 4700S (CY8C47x6xxx-Sxxx),CY8C4746LQS-S263,CY8C4746LQS-S263,,,,,40-QFN-2,-40..105 °C,,active,infineon-device-db:1e7589fe5ce5,https://github.com/Infineon/device-db/tree/1e7589fe5ce5c25b68a5d8866c22c142df9b7555,2026-08-12T10:06:32+00:00,manufacturer_device_database,official_device_db_part_record
infineon::cy8c4747lqs-s453,infineon::cy8c4747lqs-s453,Infineon,PSOC 4700S,PSOC 4700S,PSOC 4700S (CY8C47x7xxx-Sxxx),CY8C4747LQS-S453,CY8C4747LQS-S453,,,,,40-QFN-2,-40..105 °C,,active,infineon-device-db:1e7589fe5ce5,https://github.com/Infineon/device-db/tree/1e7589fe5ce5c25b68a5d8866c22c142df9b7555,2026-08-12T10:06:32+00:00,manufacturer_device_database,official_device_db_part_record
infineon::cy8c6016bzi-f04,infineon::cy8c6016bzi-f04,Infineon,PSOC 60,PSOC 60,CY8C6016,CY8C6016BZI-F04,CY8C6016BZI-F04,,,,,124-BGA,-40..85 °C,,active,infineon-device-db:1e7589fe5ce5,https://github.com/Infineon/device-db/tree/1e7589fe5ce5c25b68a5d8866c22c142df9b7555,2026-08-12T10:06:32+00:00,manufacturer_device_database,official_device_db_part_record
infineon::cy8c6036bzi-f04,infineon::cy8c6036bzi-f04,Infineon,PSOC 60,PSOC 60,CY8C6036,CY8C6036BZI-F04,CY8C6036BZI-F04,,,,,124-BGA,-40..85 °C,,active,infineon-device-db:1e7589fe5ce5,https://github.com/Infineon/device-db/tree/1e7589fe5ce5c25b68a5d8866c22c142df9b7555,2026-08-12T10:06:32+00:00,manufacturer_device_database,official_device_db_part_record
infineon::cy8c6116bzi-f54,infineon::cy8c6116bzi-f54,Infineon,PSOC 61,PSOC 61,CY8C6116,CY8C6116BZI-F54,CY8C6116BZI-F54,,,,,124-BGA,-40..85 °C,,active,infineon-device-db:1e7589fe5ce5,https://github.com/Infineon/device-db/tree/1e7589fe5ce5c25b68a5d8866c22c142df9b7555,2026-08-12T10:06:32+00:00,manufacturer_device_database,official_device_db_part_record
infineon::cy8c6117bzi-f34,infineon::cy8c6117bzi-f34,Infineon,PSOC 61,PSOC 61,CY8C6117,CY8C6117BZI-F34,CY8C6117BZI-F34,,,,,124-BGA,-40..85 °C,,active,infineon-device-db:1e7589fe5ce5,https://github.com/Infineon/device-db/tree/1e7589fe5ce5c25b68a5d8866c22c142df9b7555,2026-08-12T10:06:32+00:00,manufacturer_device_database,official_device_db_part_record
infineon::cy8c6117fdi-f02,infineon::cy8c6117fdi-f02,Infineon,PSOC 61,PSOC 61,CY8C6117,CY8C6117FDI-F02,CY8C6117FDI-F02,,,,,80-WLCSP,-40..85 °C,,active,infineon-device-db:1e7589fe5ce5,https://github.com/Infineon/device-db/tree/1e7589fe5ce5c25b68a5d8866c22c142df9b7555,2026-08-12T10:06:32+00:00,manufacturer_device_database,official_device_db_part_record
infineon::cy8c6117wi-f34,infineon::cy8c6117wi-f34,Infineon,PSOC 61,PSOC 61,CY8C6117,CY8C6117WI-F34,CY8C6117WI-F34,,,,,124-BGA,-40..85 °C,,active,infineon-device-db:1e7589fe5ce5,https://github.com/Infineon/device-db/tree/1e7589fe5ce5c25b68a5d8866c22c142df9b7555,2026-08-12T10:06:32+00:00,manufacturer_device_database,official_device_db_part_record
infineon::cy8c6136bzi-f14,infineon::cy8c6136bzi-f14,Infineon,PSOC 61,PSOC 61,CY8C61x6,CY8C6136BZI-F14,CY8C6136BZI-F14,,,,,124-BGA,-40..85 °C,,active,infineon-device-db:1e7589fe5ce5,https://github.com/Infineon/device-db/tree/1e7589fe5ce5c25b68a5d8866c22c142df9b7555,2026-08-12T10:06:32+00:00,manufacturer_device_database,official_device_db_part_record
infineon::cy8c6136bzi-f34,infineon::cy8c6136bzi-f34,Infineon,PSOC 61,PSOC 61,CY8C61x6,CY8C6136BZI-F34,CY8C6136BZI-F34,,,,,124-BGA,-40..85 °C,,active,infineon-device-db:1e7589fe5ce5,https://github.com/Infineon/device-db/tree/1e7589fe5ce5c25b68a5d8866c22c142df9b7555,2026-08-12T10:06:32+00:00,manufacturer_device_database,official_device_db_part_record
infineon::cy8c6136fdi-f42,infineon::cy8c6136fdi-f42,Infineon,PSOC 61,PSOC 61,CY8C61x6,CY8C6136FDI-F42,CY8C6136FDI-F42,,,,,80-WLCSP,-40..85 °C,,active,infineon-device-db:1e7589fe5ce5,https://github.com/Infineon/device-db/tree/1e7589fe5ce5c25b68a5d8866c22c142df9b7555,2026-08-12T10:06:32+00:00,manufacturer_device_database,official_device_db_part_record
infineon::cy8c6136fti-f42,infineon::cy8c6136fti-f42,Infineon,PSOC 61,PSOC 61,CY8C61x6,CY8C6136FTI-F42,CY8C6136FTI-F42,,,,,80-WLCSP,-40..85 °C,,active,infineon-device-db:1e7589fe5ce5,https://github.com/Infineon/device-db/tree/1e7589fe5ce5c25b68a5d8866c22c142df9b7555,2026-08-12T10:06:32+00:00,manufacturer_device_database,official_device_db_part_record
infineon::cy8c6137bzi-f14,infineon::cy8c6137bzi-f14,Infineon,PSOC 61,PSOC 61,CY8C61x7,CY8C6137BZI-F14,CY8C6137BZI-F14,,,,,124-BGA,-40..85 °C,,active,infineon-device-db:1e7589fe5ce5,https://github.com/Infineon/device-db/tree/1e7589fe5ce5c25b68a5d8866c22c142df9b7555,2026-08-12T10:06:32+00:00,manufacturer_device_database,official_device_db_part_record
infineon::cy8c6137bzi-f34,infineon::cy8c6137bzi-f34,Infineon,PSOC 61,PSOC 61,CY8C61x7,CY8C6137BZI-F34,CY8C6137BZI-F34,,,,,124-BGA,-40..85 °C,,active,infineon-device-db:1e7589fe5ce5,https://github.com/Infineon/device-db/tree/1e7589fe5ce5c25b68a5d8866c22c142df9b7555,2026-08-12T10:06:32+00:00,manufacturer_device_database,official_device_db_part_record
infineon::cy8c6137bzi-f54,infineon::cy8c6137bzi-f54,Infineon,PSOC 61,PSOC 61,CY8C61x7,CY8C6137BZI-F54,CY8C6137BZI-F54,,,,,124-BGA,-40..85 °C,,active,infineon-device-db:1e7589fe5ce5,https://github.com/Infineon/device-db/tree/1e7589fe5ce5c25b68a5d8866c22c142df9b7555,2026-08-12T10:06:32+00:00,manufacturer_device_database,official_device_db_part_record
infineon::cy8c6137fdi-f02,infineon::cy8c6137fdi-f02,Infineon,PSOC 61,PSOC 61,CY8C61x7,CY8C6137FDI-F02,CY8C6137FDI-F02,,,,,80-WLCSP,-40..85 °C,,active,infineon-device-db:1e7589fe5ce5,https://github.com/Infineon/device-db/tree/1e7589fe5ce5c25b68a5d8866c22c142df9b7555,2026-08-12T10:06:32+00:00,manufacturer_device_database,official_device_db_part_record
infineon::cy8c6137wi-f54,infineon::cy8c6137wi-f54,Infineon,PSOC 61,PSOC 61,CY8C61x7,CY8C6137WI-F54,CY8C6137WI-F54,,,,,124-BGA,-40..85 °C,,active,infineon-device-db:1e7589fe5ce5,https://github.com/Infineon/device-db/tree/1e7589fe5ce5c25b68a5d8866c22c142df9b7555,2026-08-12T10:06:32+00:00,manufacturer_device_database,official_device_db_part_record
infineon::cy8c6144azi-s4f12,infineon::cy8c6144azi-s4f12,Infineon,PSOC 61,PSOC 61,CY8C61x4,CY8C6144AZI-S4F12,CY8C6144AZI-S4F12,,,,,64-TQFP,-40..85 °C,,active,infineon-device-db:1e7589fe5ce5,https://github.com/Infineon/device-db/tree/1e7589fe5ce5c25b68a5d8866c22c142df9b7555,2026-08-12T10:06:32+00:00,manufacturer_device_database,official_device_db_part_record
infineon::cy8c6144azi-s4f62,infineon::cy8c6144azi-s4f62,Infineon,PSOC 61,PSOC 61,CY8C61x4,CY8C6144AZI-S4F62,CY8C6144AZI-S4F62,,,,,64-TQFP,-40..85 °C,,active,infineon-device-db:1e7589fe5ce5,https://github.com/Infineon/device-db/tree/1e7589fe5ce5c25b68a5d8866c22c142df9b7555,2026-08-12T10:06:32+00:00,manufacturer_device_database,official_device_db_part_record
infineon::cy8c6144azi-s4f82,infineon::cy8c6144azi-s4f82,Infineon,PSOC 61,PSOC 61,CY8C61x4,CY8C6144AZI-S4F82,CY8C6144AZI-S4F82,,,,,64-TQFP,-40..85 °C,,active,infineon-device-db:1e7589fe5ce5,https://github.com/Infineon/device-db/tree/1e7589fe5ce5c25b68a5d8866c22c142df9b7555,2026-08-12T10:06:32+00:00,manufacturer_device_database,official_device_db_part_record
infineon::cy8c6144azi-s4f83,infineon::cy8c6144azi-s4f83,Infineon,PSOC 61,PSOC 61,CY8C61x4,CY8C6144AZI-S4F83,CY8C6144AZI-S4F83,,,,,80-TQFP,-40..85 °C,,active,infineon-device-db:1e7589fe5ce5,https://github.com/Infineon/device-db/tree/1e7589fe5ce5c25b68a5d8866c22c142df9b7555,2026-08-12T10:06:32+00:00,manufacturer_device_database,official_device_db_part_record
infineon::cy8c6144azi-s4f92,infineon::cy8c6144azi-s4f92,Infineon,PSOC 61,PSOC 61,CY8C61x4,CY8C6144AZI-S4F92,CY8C6144AZI-S4F92,,,,,64-TQFP,-40..85 °C,,active,infineon-device-db:1e7589fe5ce5,https://github.com/Infineon/device-db/tree/1e7589fe5ce5c25b68a5d8866c22c142df9b7555,2026-08-12T10:06:32+00:00,manufacturer_device_database,official_device_db_part_record
infineon::cy8c6144azi-s4f93,infineon::cy8c6144azi-s4f93,Infineon,PSOC 61,PSOC 61,CY8C61x4,CY8C6144AZI-S4F93,CY8C6144AZI-S4F93,,,,,80-TQFP,-40..85 °C,,active,infineon-device-db:1e7589fe5ce5,https://github.com/Infineon/device-db/tree/1e7589fe5ce5c25b68a5d8866c22c142df9b7555,2026-08-12T10:06:32+00:00,manufacturer_device_database,official_device_db_part_record
infineon::cy8c6144azq-s4f92,infineon::cy8c6144azq-s4f92,Infineon,PSOC 61,PSOC 61,CY8C61x4,CY8C6144AZQ-S4F92,CY8C6144AZQ-S4F92,,,,,64-TQFP,-40..105 °C,,active,infineon-device-db:1e7589fe5ce5,https://github.com/Infineon/device-db/tree/1e7589fe5ce5c25b68a5d8866c22c142df9b7555,2026-08-12T10:06:32+00:00,manufacturer_device_database,official_device_db_part_record
infineon::cy8c6144azq-s4f93,infineon::cy8c6144azq-s4f93,Infineon,PSOC 61,PSOC 61,CY8C61x4,CY8C6144AZQ-S4F93,CY8C6144AZQ-S4F93,,,,,80-TQFP,-40..105 °C,,active,infineon-device-db:1e7589fe5ce5,https://github.com/Infineon/device-db/tree/1e7589fe5ce5c25b68a5d8866c22c142df9b7555,2026-08-12T10:06:32+00:00,manufacturer_device_database,official_device_db_part_record
infineon::cy8c6144fmi-s4f03,infineon::cy8c6144fmi-s4f03,Infineon,PSOC 61,PSOC 61,CY8C61x4,CY8C6144FMI-S4F03,CY8C6144FMI-S4F03,,,,,80-M-CSP,-40..85 °C,,active,infineon-device-db:1e7589fe5ce5,https://github.com/Infineon/device-db/tree/1e7589fe5ce5c25b68a5d8866c22c142df9b7555,2026-08-12T10:06:32+00:00,manufacturer_device_database,official_device_db_part_record
infineon::cy8c6144fmi-s4f53,infineon::cy8c6144fmi-s4f53,Infineon,PSOC 61,PSOC 61,CY8C61x4,CY8C6144FMI-S4F53,CY8C6144FMI-S4F53,,,,,80-M-CSP,-40..85 °C,,active,infineon-device-db:1e7589fe5ce5,https://github.com/Infineon/device-db/tree/1e7589fe5ce5c25b68a5d8866c22c142df9b7555,2026-08-12T10:06:32+00:00,manufacturer_device_database,official_device_db_part_record
infineon::cy8c6144fmi-s4f73,infineon::cy8c6144fmi-s4f73,Infineon,PSOC 61,PSOC 61,CY8C61x4,CY8C6144FMI-S4F73,CY8C6144FMI-S4F73,,,,,80-M-CSP,-40..85 °C,,active,infineon-device-db:1e7589fe5ce5,https://github.com/Infineon/device-db/tree/1e7589fe5ce5c25b68a5d8866c22c142df9b7555,2026-08-12T10:06:32+00:00,manufacturer_device_database,official_device_db_part_record
infineon::cy8c6144fmi-s4f93,infineon::cy8c6144fmi-s4f93,Infineon,PSOC 61,PSOC 61,CY8C61x4,CY8C6144FMI-S4F93,CY8C6144FMI-S4F93,,,,,80-M-CSP,-40..85 °C,,active,infineon-device-db:1e7589fe5ce5,https://github.com/Infineon/device-db/tree/1e7589fe5ce5c25b68a5d8866c22c142df9b7555,2026-08-12T10:06:32+00:00,manufacturer_device_database,official_device_db_part_record
infineon::cy8c6144fmq-s4f93,infineon::cy8c6144fmq-s4f93,Infineon,PSOC 61,PSOC 61,CY8C61x4,CY8C6144FMQ-S4F93,CY8C6144FMQ-S4F93,,,,,80-M-CSP,-40..105 °C,,active,infineon-device-db:1e7589fe5ce5,https://github.com/Infineon/device-db/tree/1e7589fe5ce5c25b68a5d8866c22c142df9b7555,2026-08-12T10:06:32+00:00,manufacturer_device_database,official_device_db_part_record
infineon::cy8c6144lqi-s4f12,infineon::cy8c6144lqi-s4f12,Infineon,PSOC 61,PSOC 61,CY8C61x4,CY8C6144LQI-S4F12,CY8C6144LQI-S4F12,,,,,68-QFN,-40..85 °C,,active,infineon-device-db:1e7589fe5ce5,https://github.com/Infineon/device-db/tree/1e7589fe5ce5c25b68a5d8866c22c142df9b7555,2026-08-12T10:06:32+00:00,manufacturer_device_database,official_device_db_part_record
infineon::cy8c6144lqi-s4f62,infineon::cy8c6144lqi-s4f62,Infineon,PSOC 61,PSOC 61,CY8C61x4,CY8C6144LQI-S4F62,CY8C6144LQI-S4F62,,,,,68-QFN,-40..85 °C,,active,infineon-device-db:1e7589fe5ce5,https://github.com/Infineon/device-db/tree/1e7589fe5ce5c25b68a5d8866c22c142df9b7555,2026-08-12T10:06:32+00:00,manufacturer_device_database,official_device_db_part_record
infineon::cy8c6144lqi-s4f82,infineon::cy8c6144lqi-s4f82,Infineon,PSOC 61,PSOC 61,CY8C61x4,CY8C6144LQI-S4F82,CY8C6144LQI-S4F82,,,,,68-QFN,-40..85 °C,,active,infineon-device-db:1e7589fe5ce5,https://github.com/Infineon/device-db/tree/1e7589fe5ce5c25b68a5d8866c22c142df9b7555,2026-08-12T10:06:32+00:00,manufacturer_device_database,official_device_db_part_record
infineon::cy8c6144lqi-s4f92,infineon::cy8c6144lqi-s4f92,Infineon,PSOC 61,PSOC 61,CY8C61x4,CY8C6144LQI-S4F92,CY8C6144LQI-S4F92,,,,,68-QFN,-40..85 °C,,active,infineon-device-db:1e7589fe5ce5,https://github.com/Infineon/device-db/tree/1e7589fe5ce5c25b68a5d8866c22c142df9b7555,2026-08-12T10:06:32+00:00,manufacturer_device_database,official_device_db_part_record
infineon::cy8c6144lqq-s4f92,infineon::cy8c6144lqq-s4f92,Infineon,PSOC 61,PSOC 61,CY8C61x4,CY8C6144LQQ-S4F92,CY8C6144LQQ-S4F92,,,,,68-QFN,-40..105 °C,,active,infineon-device-db:1e7589fe5ce5,https://github.com/Infineon/device-db/tree/1e7589fe5ce5c25b68a5d8866c22c142df9b7555,2026-08-12T10:06:32+00:00,manufacturer_device_database,official_device_db_part_record
infineon::cy8c6145azi-s3f02,infineon::cy8c6145azi-s3f02,Infineon,PSOC 61,PSOC 61,CY8C61x5,CY8C6145AZI-S3F02,CY8C6145AZI-S3F02,,,,,100-TQFP,-40..85 °C,,active,infineon-device-db:1e7589fe5ce5,https://github.com/Infineon/device-db/tree/1e7589fe5ce5c25b68a5d8866c22c142df9b7555,2026-08-12T10:06:32+00:00,manufacturer_device_database,official_device_db_part_record
infineon::cy8c6145azi-s3f12,infineon::cy8c6145azi-s3f12,Infineon,PSOC 61,PSOC 61,CY8C61x5,CY8C6145AZI-S3F12,CY8C6145AZI-S3F12,,,,,100-TQFP,-40..85 °C,,active,infineon-device-db:1e7589fe5ce5,https://github.com/Infineon/device-db/tree/1e7589fe5ce5c25b68a5d8866c22c142df9b7555,2026-08-12T10:06:32+00:00,manufacturer_device_database,official_device_db_part_record
infineon::cy8c6145azi-s3f42,infineon::cy8c6145azi-s3f42,Infineon,PSOC 61,PSOC 61,CY8C61x5,CY8C6145AZI-S3F42,CY8C6145AZI-S3F42,,,,,100-TQFP,-40..85 °C,,active,infineon-device-db:1e7589fe5ce5,https://github.com/Infineon/device-db/tree/1e7589fe5ce5c25b68a5d8866c22c142df9b7555,2026-08-12T10:06:32+00:00,manufacturer_device_database,official_device_db_part_record
infineon::cy8c6145azi-s3f62,infineon::cy8c6145azi-s3f62,Infineon,PSOC 61,PSOC 61,CY8C61x5,CY8C6145AZI-S3F62,CY8C6145AZI-S3F62,,,,,100-TQFP,-40..85 °C,,active,infineon-device-db:1e7589fe5ce5,https://github.com/Infineon/device-db/tree/1e7589fe5ce5c25b68a5d8866c22c142df9b7555,2026-08-12T10:06:32+00:00,manufacturer_device_database,official_device_db_part_record
infineon::cy8c6145azi-s3f72,infineon::cy8c6145azi-s3f72,Infineon,PSOC 61,PSOC 61,CY8C61x5,CY8C6145AZI-S3F72,CY8C6145AZI-S3F72,,,,,100-TQFP,-40..85 °C,,active,infineon-device-db:1e7589fe5ce5,https://github.com/Infineon/device-db/tree/1e7589fe5ce5c25b68a5d8866c22c142df9b7555,2026-08-12T10:06:32+00:00,manufacturer_device_database,official_device_db_part_record
infineon::cy8c6145fni-s3f11,infineon::cy8c6145fni-s3f11,Infineon,PSOC 61,PSOC 61,CY8C61x5,CY8C6145FNI-S3F11,CY8C6145FNI-S3F11,,,,,49-WLCSP,-40..85 °C,,active,infineon-device-db:1e7589fe5ce5,https://github.com/Infineon/device-db/tree/1e7589fe5ce5c25b68a5d8866c22c142df9b7555,2026-08-12T10:06:32+00:00,manufacturer_device_database,official_device_db_part_record
infineon::cy8c6145fni-s3f41,infineon::cy8c6145fni-s3f41,Infineon,PSOC 61,PSOC 61,CY8C61x5,CY8C6145FNI-S3F41,CY8C6145FNI-S3F41,,,,,49-WLCSP,-40..85 °C,,active,infineon-device-db:1e7589fe5ce5,https://github.com/Infineon/device-db/tree/1e7589fe5ce5c25b68a5d8866c22c142df9b7555,2026-08-12T10:06:32+00:00,manufacturer_device_database,official_device_db_part_record
infineon::cy8c6145fni-s3f71,infineon::cy8c6145fni-s3f71,Infineon,PSOC 61,PSOC 61,CY8C61x5,CY8C6145FNI-S3F71,CY8C6145FNI-S3F71,,,,,49-WLCSP,-40..85 °C,,active,infineon-device-db:1e7589fe5ce5,https://github.com/Infineon/device-db/tree/1e7589fe5ce5c25b68a5d8866c22c142df9b7555,2026-08-12T10:06:32+00:00,manufacturer_device_database,official_device_db_part_record
infineon::cy8c6145lqi-s3f02,infineon::cy8c6145lqi-s3f02,Infineon,PSOC 61,PSOC 61,CY8C61x5,CY8C6145LQI-S3F02,CY8C6145LQI-S3F02,,,,,68-QFN,-40..85 °C,,active,infineon-device-db:1e7589fe5ce5,https://github.com/Infineon/device-db/tree/1e7589fe5ce5c25b68a5d8866c22c142df9b7555,2026-08-12T10:06:32+00:00,manufacturer_device_database,official_device_db_part_record
infineon::cy8c6145lqi-s3f12,infineon::cy8c6145lqi-s3f12,Infineon,PSOC 61,PSOC 61,CY8C61x5,CY8C6145LQI-S3F12,CY8C6145LQI-S3F12,,,,,68-QFN,-40..85 °C,,active,infineon-device-db:1e7589fe5ce5,https://github.com/Infineon/device-db/tree/1e7589fe5ce5c25b68a5d8866c22c142df9b7555,2026-08-12T10:06:32+00:00,manufacturer_device_database,official_device_db_part_record
infineon::cy8c6145lqi-s3f42,infineon::cy8c6145lqi-s3f42,Infineon,PSOC 61,PSOC 61,CY8C61x5,CY8C6145LQI-S3F42,CY8C6145LQI-S3F42,,,,,68-QFN,-40..85 °C,,active,infineon-device-db:1e7589fe5ce5,https://github.com/Infineon/device-db/tree/1e7589fe5ce5c25b68a5d8866c22c142df9b7555,2026-08-12T10:06:32+00:00,manufacturer_device_database,official_device_db_part_record
infineon::cy8c6145lqi-s3f62,infineon::cy8c6145lqi-s3f62,Infineon,PSOC 61,PSOC 61,CY8C61x5,CY8C6145LQI-S3F62,CY8C6145LQI-S3F62,,,,,68-QFN,-40..85 °C,,active,infineon-device-db:1e7589fe5ce5,https://github.com/Infineon/device-db/tree/1e7589fe5ce5c25b68a5d8866c22c142df9b7555,2026-08-12T10:06:32+00:00,manufacturer_device_database,official_device_db_part_record
infineon::cy8c6145lqi-s3f72,infineon::cy8c6145lqi-s3f72,Infineon,PSOC 61,PSOC 61,CY8C61x5,CY8C6145LQI-S3F72,CY8C6145LQI-S3F72,,,,,68-QFN,-40..85 °C,,active,infineon-device-db:1e7589fe5ce5,https://github.com/Infineon/device-db/tree/1e7589fe5ce5c25b68a5d8866c22c142df9b7555,2026-08-12T10:06:32+00:00,manufacturer_device_database,official_device_db_part_record
infineon::cy8c6146bti-f54,infineon::cy8c6146bti-f54,Infineon,PSOC 61,PSOC 61,CY8C61x6,CY8C6146BTI-F54,CY8C6146BTI-F54,,,,,124-BGA,-40..85 °C,,active,infineon-device-db:1e7589fe5ce5,https://github.com/Infineon/device-db/tree/1e7589fe5ce5c25b68a5d8866c22c142df9b7555,2026-08-12T10:06:32+00:00,manufacturer_device_database,official_device_db_part_record
infineon::cy8c6147bti-f54,infineon::cy8c6147bti-f54,Infineon,PSOC 61,PSOC 61,CY8C61x7,CY8C6147BTI-F54,CY8C6147BTI-F54,,,,,124-BGA,-40..85 °C,,active,infineon-device-db:1e7589fe5ce5,https://github.com/Infineon/device-db/tree/1e7589fe5ce5c25b68a5d8866c22c142df9b7555,2026-08-12T10:06:32+00:00,manufacturer_device_database,official_device_db_part_record
infineon::cy8c6148azi-s2f44,infineon::cy8c6148azi-s2f44,Infineon,PSOC 61,PSOC 61,CY8C61x8,CY8C6148AZI-S2F44,CY8C6148AZI-S2F44,,,,,128-TQFP,-40..85 °C,,active,infineon-device-db:1e7589fe5ce5,https://github.com/Infineon/device-db/tree/1e7589fe5ce5c25b68a5d8866c22c142df9b7555,2026-08-12T10:06:32+00:00,manufacturer_device_database,official_device_db_part_record
infineon::cy8c6148bzi-s2f44,infineon::cy8c6148bzi-s2f44,Infineon,PSOC 61,PSOC 61,CY8C61x8,CY8C6148BZI-S2F44,CY8C6148BZI-S2F44,,,,,124-BGA,-40..85 °C,,active,infineon-device-db:1e7589fe5ce5,https://github.com/Infineon/device-db/tree/1e7589fe5ce5c25b68a5d8866c22c142df9b7555,2026-08-12T10:06:32+00:00,manufacturer_device_database,official_device_db_part_record
infineon::cy8c6148fni-s2f43,infineon::cy8c6148fni-s2f43,Infineon,PSOC 61,PSOC 61,CY8C61x8,CY8C6148FNI-S2F43,CY8C6148FNI-S2F43,,,,,100-WLCSP,-40..85 °C,,active,infineon-device-db:1e7589fe5ce5,https://github.com/Infineon/device-db/tree/1e7589fe5ce5c25b68a5d8866c22c142df9b7555,2026-08-12T10:06:32+00:00,manufacturer_device_database,official_device_db_part_record
infineon::cy8c6148lqi-s2f02,infineon::cy8c6148lqi-s2f02,Infineon,PSOC 61,PSOC 61,CY8C61x8,CY8C6148LQI-S2F02,CY8C6148LQI-S2F02,,,,,68-QFN,-40..85 °C,,active,infineon-device-db:1e7589fe5ce5,https://github.com/Infineon/device-db/tree/1e7589fe5ce5c25b68a5d8866c22c142df9b7555,2026-08-12T10:06:32+00:00,manufacturer_device_database,official_device_db_part_record
infineon::cy8c6148lqi-s2f42,infineon::cy8c6148lqi-s2f42,Infineon,PSOC 61,PSOC 61,CY8C61x8,CY8C6148LQI-S2F42,CY8C6148LQI-S2F42,,,,,68-QFN,-40..85 °C,,active,infineon-device-db:1e7589fe5ce5,https://github.com/Infineon/device-db/tree/1e7589fe5ce5c25b68a5d8866c22c142df9b7555,2026-08-12T10:06:32+00:00,manufacturer_device_database,official_device_db_part_record
infineon::cy8c614aazi-s2f04,infineon::cy8c614aazi-s2f04,Infineon,PSOC 61,PSOC 61,CY8C61xA,CY8C614AAZI-S2F04,CY8C614AAZI-S2F04,,,,,128-TQFP,-40..85 °C,,active,infineon-device-db:1e7589fe5ce5,https://github.com/Infineon/device-db/tree/1e7589fe5ce5c25b68a5d8866c22c142df9b7555,2026-08-12T10:06:32+00:00,manufacturer_device_database,official_device_db_part_record
infineon::cy8c614aazi-s2f14,infineon::cy8c614aazi-s2f14,Infineon,PSOC 61,PSOC 61,CY8C61xA,CY8C614AAZI-S2F14,CY8C614AAZI-S2F14,,,,,128-TQFP,-40..85 °C,,active,infineon-device-db:1e7589fe5ce5,https://github.com/Infineon/device-db/tree/1e7589fe5ce5c25b68a5d8866c22c142df9b7555,2026-08-12T10:06:32+00:00,manufacturer_device_database,official_device_db_part_record
infineon::cy8c614aazi-s2f44,infineon::cy8c614aazi-s2f44,Infineon,PSOC 61,PSOC 61,CY8C61xA,CY8C614AAZI-S2F44,CY8C614AAZI-S2F44,,,,,128-TQFP,-40..85 °C,,active,infineon-device-db:1e7589fe5ce5,https://github.com/Infineon/device-db/tree/1e7589fe5ce5c25b68a5d8866c22c142df9b7555,2026-08-12T10:06:32+00:00,manufacturer_device_database,official_device_db_part_record
infineon::cy8c614abzi-s2f04,infineon::cy8c614abzi-s2f04,Infineon,PSOC 61,PSOC 61,CY8C61xA,CY8C614ABZI-S2F04,CY8C614ABZI-S2F04,,,,,124-BGA,-40..85 °C,,active,infineon-device-db:1e7589fe5ce5,https://github.com/Infineon/device-db/tree/1e7589fe5ce5c25b68a5d8866c22c142df9b7555,2026-08-12T10:06:32+00:00,manufacturer_device_database,official_device_db_part_record
infineon::cy8c614abzi-s2f44,infineon::cy8c614abzi-s2f44,Infineon,PSOC 61,PSOC 61,CY8C61xA,CY8C614ABZI-S2F44,CY8C614ABZI-S2F44,,,,,124-BGA,-40..85 °C,,active,infineon-device-db:1e7589fe5ce5,https://github.com/Infineon/device-db/tree/1e7589fe5ce5c25b68a5d8866c22c142df9b7555,2026-08-12T10:06:32+00:00,manufacturer_device_database,official_device_db_part_record
infineon::cy8c614afni-s2f03,infineon::cy8c614afni-s2f03,Infineon,PSOC 61,PSOC 61,CY8C61xA,CY8C614AFNI-S2F03,CY8C614AFNI-S2F03,,,,,100-WLCSP,-40..85 °C,,active,infineon-device-db:1e7589fe5ce5,https://github.com/Infineon/device-db/tree/1e7589fe5ce5c25b68a5d8866c22c142df9b7555,2026-08-12T10:06:32+00:00,manufacturer_device_database,official_device_db_part_record
infineon::cy8c614afni-s2f43,infineon::cy8c614afni-s2f43,Infineon,PSOC 61,PSOC 61,CY8C61xA,CY8C614AFNI-S2F43,CY8C614AFNI-S2F43,,,,,100-WLCSP,-40..85 °C,,active,infineon-device-db:1e7589fe5ce5,https://github.com/Infineon/device-db/tree/1e7589fe5ce5c25b68a5d8866c22c142df9b7555,2026-08-12T10:06:32+00:00,manufacturer_device_database,official_device_db_part_record
infineon::cy8c614alqi-s2f02,infineon::cy8c614alqi-s2f02,Infineon,PSOC 61,PSOC 61,CY8C61xA,CY8C614ALQI-S2F02,CY8C614ALQI-S2F02,,,,,68-QFN,-40..85 °C,,active,infineon-device-db:1e7589fe5ce5,https://github.com/Infineon/device-db/tree/1e7589fe5ce5c25b68a5d8866c22c142df9b7555,2026-08-12T10:06:32+00:00,manufacturer_device_database,official_device_db_part_record
infineon::cy8c614alqi-s2f42,infineon::cy8c614alqi-s2f42,Infineon,PSOC 61,PSOC 61,CY8C61xA,CY8C614ALQI-S2F42,CY8C614ALQI-S2F42,,,,,68-QFN,-40..85 °C,,active,infineon-device-db:1e7589fe5ce5,https://github.com/Infineon/device-db/tree/1e7589fe5ce5c25b68a5d8866c22c142df9b7555,2026-08-12T10:06:32+00:00,manufacturer_device_database,official_device_db_part_record
infineon::cy8c6244azi-s4d12,infineon::cy8c6244azi-s4d12,Infineon,PSOC 62,PSOC 62,CY8C62x4,CY8C6244AZI-S4D12,CY8C6244AZI-S4D12,,,,,64-TQFP,-40..85 °C,,active,infineon-device-db:1e7589fe5ce5,https://github.com/Infineon/device-db/tree/1e7589fe5ce5c25b68a5d8866c22c142df9b7555,2026-08-12T10:06:32+00:00,manufacturer_device_database,official_device_db_part_record
infineon::cy8c6244azi-s4d62,infineon::cy8c6244azi-s4d62,Infineon,PSOC 62,PSOC 62,CY8C62x4,CY8C6244AZI-S4D62,CY8C6244AZI-S4D62,,,,,64-TQFP,-40..85 °C,,active,infineon-device-db:1e7589fe5ce5,https://github.com/Infineon/device-db/tree/1e7589fe5ce5c25b68a5d8866c22c142df9b7555,2026-08-12T10:06:32+00:00,manufacturer_device_database,official_device_db_part_record
infineon::cy8c6244azi-s4d82,infineon::cy8c6244azi-s4d82,Infineon,PSOC 62,PSOC 62,CY8C62x4,CY8C6244AZI-S4D82,CY8C6244AZI-S4D82,,,,,64-TQFP,-40..85 °C,,active,infineon-device-db:1e7589fe5ce5,https://github.com/Infineon/device-db/tree/1e7589fe5ce5c25b68a5d8866c22c142df9b7555,2026-08-12T10:06:32+00:00,manufacturer_device_database,official_device_db_part_record
infineon::cy8c6244azi-s4d83,infineon::cy8c6244azi-s4d83,Infineon,PSOC 62,PSOC 62,CY8C62x4,CY8C6244AZI-S4D83,CY8C6244AZI-S4D83,,,,,80-TQFP,-40..85 °C,,active,infineon-device-db:1e7589fe5ce5,https://github.com/Infineon/device-db/tree/1e7589fe5ce5c25b68a5d8866c22c142df9b7555,2026-08-12T10:06:32+00:00,manufacturer_device_database,official_device_db_part_record
infineon::cy8c6244azi-s4d92,infineon::cy8c6244azi-s4d92,Infineon,PSOC 62,PSOC 62,CY8C62x4,CY8C6244AZI-S4D92,CY8C6244AZI-S4D92,,,,,64-TQFP,-40..85 °C,,active,infineon-device-db:1e7589fe5ce5,https://github.com/Infineon/device-db/tree/1e7589fe5ce5c25b68a5d8866c22c142df9b7555,2026-08-12T10:06:32+00:00,manufacturer_device_database,official_device_db_part_record
infineon::cy8c6244azi-s4d93,infineon::cy8c6244azi-s4d93,Infineon,PSOC 62,PSOC 62,CY8C62x4,CY8C6244AZI-S4D93,CY8C6244AZI-S4D93,,,,,80-TQFP,-40..85 °C,,active,infineon-device-db:1e7589fe5ce5,https://github.com/Infineon/device-db/tree/1e7589fe5ce5c25b68a5d8866c22c142df9b7555,2026-08-12T10:06:32+00:00,manufacturer_device_database,official_device_db_part_record
infineon::cy8c6244azq-s4d92,infineon::cy8c6244azq-s4d92,Infineon,PSOC 62,PSOC 62,CY8C62x4,CY8C6244AZQ-S4D92,CY8C6244AZQ-S4D92,,,,,64-TQFP,-40..105 °C,,active,infineon-device-db:1e7589fe5ce5,https://github.com/Infineon/device-db/tree/1e7589fe5ce5c25b68a5d8866c22c142df9b7555,2026-08-12T10:06:32+00:00,manufacturer_device_database,official_device_db_part_record
infineon::cy8c6244azq-s4d93,infineon::cy8c6244azq-s4d93,Infineon,PSOC 62,PSOC 62,CY8C62x4,CY8C6244AZQ-S4D93,CY8C6244AZQ-S4D93,,,,,80-TQFP,-40..105 °C,,active,infineon-device-db:1e7589fe5ce5,https://github.com/Infineon/device-db/tree/1e7589fe5ce5c25b68a5d8866c22c142df9b7555,2026-08-12T10:06:32+00:00,manufacturer_device_database,official_device_db_part_record
infineon::cy8c6244fmi-s4d03,infineon::cy8c6244fmi-s4d03,Infineon,PSOC 62,PSOC 62,CY8C62x4,CY8C6244FMI-S4D03,CY8C6244FMI-S4D03,,,,,80-M-CSP,-40..85 °C,,active,infineon-device-db:1e7589fe5ce5,https://github.com/Infineon/device-db/tree/1e7589fe5ce5c25b68a5d8866c22c142df9b7555,2026-08-12T10:06:32+00:00,manufacturer_device_database,official_device_db_part_record
infineon::cy8c6244fmi-s4d53,infineon::cy8c6244fmi-s4d53,Infineon,PSOC 62,PSOC 62,CY8C62x4,CY8C6244FMI-S4D53,CY8C6244FMI-S4D53,,,,,80-M-CSP,-40..85 °C,,active,infineon-device-db:1e7589fe5ce5,https://github.com/Infineon/device-db/tree/1e7589fe5ce5c25b68a5d8866c22c142df9b7555,2026-08-12T10:06:32+00:00,manufacturer_device_database,official_device_db_part_record
infineon::cy8c6244fmi-s4d73,infineon::cy8c6244fmi-s4d73,Infineon,PSOC 62,PSOC 62,CY8C62x4,CY8C6244FMI-S4D73,CY8C6244FMI-S4D73,,,,,80-M-CSP,-40..85 °C,,active,infineon-device-db:1e7589fe5ce5,https://github.com/Infineon/device-db/tree/1e7589fe5ce5c25b68a5d8866c22c142df9b7555,2026-08-12T10:06:32+00:00,manufacturer_device_database,official_device_db_part_record
infineon::cy8c6244fmi-s4d93,infineon::cy8c6244fmi-s4d93,Infineon,PSOC 62,PSOC 62,CY8C62x4,CY8C6244FMI-S4D93,CY8C6244FMI-S4D93,,,,,80-M-CSP,-40..85 °C,,active,infineon-device-db:1e7589fe5ce5,https://github.com/Infineon/device-db/tree/1e7589fe5ce5c25b68a5d8866c22c142df9b7555,2026-08-12T10:06:32+00:00,manufacturer_device_database,official_device_db_part_record
infineon::cy8c6244fmq-s4d93,infineon::cy8c6244fmq-s4d93,Infineon,PSOC 62,PSOC 62,CY8C62x4,CY8C6244FMQ-S4D93,CY8C6244FMQ-S4D93,,,,,80-M-CSP,-40..105 °C,,active,infineon-device-db:1e7589fe5ce5,https://github.com/Infineon/device-db/tree/1e7589fe5ce5c25b68a5d8866c22c142df9b7555,2026-08-12T10:06:32+00:00,manufacturer_device_database,official_device_db_part_record
infineon::cy8c6244lqi-s4d12,infineon::cy8c6244lqi-s4d12,Infineon,PSOC 62,PSOC 62,CY8C62x4,CY8C6244LQI-S4D12,CY8C6244LQI-S4D12,,,,,68-QFN,-40..85 °C,,active,infineon-device-db:1e7589fe5ce5,https://github.com/Infineon/device-db/tree/1e7589fe5ce5c25b68a5d8866c22c142df9b7555,2026-08-12T10:06:32+00:00,manufacturer_device_database,official_device_db_part_record
infineon::cy8c6244lqi-s4d62,infineon::cy8c6244lqi-s4d62,Infineon,PSOC 62,PSOC 62,CY8C62x4,CY8C6244LQI-S4D62,CY8C6244LQI-S4D62,,,,,68-QFN,-40..85 °C,,active,infineon-device-db:1e7589fe5ce5,https://github.com/Infineon/device-db/tree/1e7589fe5ce5c25b68a5d8866c22c142df9b7555,2026-08-12T10:06:32+00:00,manufacturer_device_database,official_device_db_part_record
infineon::cy8c6244lqi-s4d82,infineon::cy8c6244lqi-s4d82,Infineon,PSOC 62,PSOC 62,CY8C62x4,CY8C6244LQI-S4D82,CY8C6244LQI-S4D82,,,,,68-QFN,-40..85 °C,,active,infineon-device-db:1e7589fe5ce5,https://github.com/Infineon/device-db/tree/1e7589fe5ce5c25b68a5d8866c22c142df9b7555,2026-08-12T10:06:32+00:00,manufacturer_device_database,official_device_db_part_record
infineon::cy8c6244lqi-s4d92,infineon::cy8c6244lqi-s4d92,Infineon,PSOC 62,PSOC 62,CY8C62x4,CY8C6244LQI-S4D92,CY8C6244LQI-S4D92,,,,,68-QFN,-40..85 °C,,active,infineon-device-db:1e7589fe5ce5,https://github.com/Infineon/device-db/tree/1e7589fe5ce5c25b68a5d8866c22c142df9b7555,2026-08-12T10:06:32+00:00,manufacturer_device_database,official_device_db_part_record
infineon::cy8c6244lqq-s4d92,infineon::cy8c6244lqq-s4d92,Infineon,PSOC 62,PSOC 62,CY8C62x4,CY8C6244LQQ-S4D92,CY8C6244LQQ-S4D92,,,,,68-QFN,-40..105 °C,,active,infineon-device-db:1e7589fe5ce5,https://github.com/Infineon/device-db/tree/1e7589fe5ce5c25b68a5d8866c22c142df9b7555,2026-08-12T10:06:32+00:00,manufacturer_device_database,official_device_db_part_record
infineon::cy8c6245azi-s3d02,infineon::cy8c6245azi-s3d02,Infineon,PSOC 62,PSOC 62,CY8C62x5,CY8C6245AZI-S3D02,CY8C6245AZI-S3D02,,,,,100-TQFP,-40..85 °C,,active,infineon-device-db:1e7589fe5ce5,https://github.com/Infineon/device-db/tree/1e7589fe5ce5c25b68a5d8866c22c142df9b7555,2026-08-12T10:06:32+00:00,manufacturer_device_database,official_device_db_part_record
infineon::cy8c6245azi-s3d12,infineon::cy8c6245azi-s3d12,Infineon,PSOC 62,PSOC 62,CY8C62x5,CY8C6245AZI-S3D12,CY8C6245AZI-S3D12,,,,,100-TQFP,-40..85 °C,,active,infineon-device-db:1e7589fe5ce5,https://github.com/Infineon/device-db/tree/1e7589fe5ce5c25b68a5d8866c22c142df9b7555,2026-08-12T10:06:32+00:00,manufacturer_device_database,official_device_db_part_record
infineon::cy8c6245azi-s3d42,infineon::cy8c6245azi-s3d42,Infineon,PSOC 62,PSOC 62,CY8C62x5,CY8C6245AZI-S3D42,CY8C6245AZI-S3D42,,,,,100-TQFP,-40..85 °C,,active,infineon-device-db:1e7589fe5ce5,https://github.com/Infineon/device-db/tree/1e7589fe5ce5c25b68a5d8866c22c142df9b7555,2026-08-12T10:06:32+00:00,manufacturer_device_database,official_device_db_part_record
infineon::cy8c6245azi-s3d62,infineon::cy8c6245azi-s3d62,Infineon,PSOC 62,PSOC 62,CY8C62x5,CY8C6245AZI-S3D62,CY8C6245AZI-S3D62,,,,,100-TQFP,-40..85 °C,,active,infineon-device-db:1e7589fe5ce5,https://github.com/Infineon/device-db/tree/1e7589fe5ce5c25b68a5d8866c22c142df9b7555,2026-08-12T10:06:32+00:00,manufacturer_device_database,official_device_db_part_record
infineon::cy8c6245azi-s3d72,infineon::cy8c6245azi-s3d72,Infineon,PSOC 62,PSOC 62,CY8C62x5,CY8C6245AZI-S3D72,CY8C6245AZI-S3D72,,,,,100-TQFP,-40..85 °C,,active,infineon-device-db:1e7589fe5ce5,https://github.com/Infineon/device-db/tree/1e7589fe5ce5c25b68a5d8866c22c142df9b7555,2026-08-12T10:06:32+00:00,manufacturer_device_database,official_device_db_part_record
infineon::cy8c6245azq-s3d72,infineon::cy8c6245azq-s3d72,Infineon,PSOC 62,PSOC 62,CY8C62x5,CY8C6245AZQ-S3D72,CY8C6245AZQ-S3D72,,,,,100-TQFP,-40..105 °C,,active,infineon-device-db:1e7589fe5ce5,https://github.com/Infineon/device-db/tree/1e7589fe5ce5c25b68a5d8866c22c142df9b7555,2026-08-12T10:06:32+00:00,manufacturer_device_database,official_device_db_part_record
infineon::cy8c6245fni-s3d11,infineon::cy8c6245fni-s3d11,Infineon,PSOC 62,PSOC 62,CY8C62x5,CY8C6245FNI-S3D11,CY8C6245FNI-S3D11,,,,,49-WLCSP,-40..85 °C,,active,infineon-device-db:1e7589fe5ce5,https://github.com/Infineon/device-db/tree/1e7589fe5ce5c25b68a5d8866c22c142df9b7555,2026-08-12T10:06:32+00:00,manufacturer_device_database,official_device_db_part_record
infineon::cy8c6245fni-s3d41,infineon::cy8c6245fni-s3d41,Infineon,PSOC 62,PSOC 62,CY8C62x5,CY8C6245FNI-S3D41,CY8C6245FNI-S3D41,,,,,49-WLCSP,-40..85 °C,,active,infineon-device-db:1e7589fe5ce5,https://github.com/Infineon/device-db/tree/1e7589fe5ce5c25b68a5d8866c22c142df9b7555,2026-08-12T10:06:32+00:00,manufacturer_device_database,official_device_db_part_record
infineon::cy8c6245fni-s3d71,infineon::cy8c6245fni-s3d71,Infineon,PSOC 62,PSOC 62,CY8C62x5,CY8C6245FNI-S3D71,CY8C6245FNI-S3D71,,,,,49-WLCSP,-40..85 °C,,active,infineon-device-db:1e7589fe5ce5,https://github.com/Infineon/device-db/tree/1e7589fe5ce5c25b68a5d8866c22c142df9b7555,2026-08-12T10:06:32+00:00,manufacturer_device_database,official_device_db_part_record
infineon::cy8c6245fnq-s3d41,infineon::cy8c6245fnq-s3d41,Infineon,PSOC 62,PSOC 62,CY8C62x5,CY8C6245FNQ-S3D41,CY8C6245FNQ-S3D41,,,,,49-WLCSP,-40..105 °C,,active,infineon-device-db:1e7589fe5ce5,https://github.com/Infineon/device-db/tree/1e7589fe5ce5c25b68a5d8866c22c142df9b7555,2026-08-12T10:06:32+00:00,manufacturer_device_database,official_device_db_part_record
infineon::cy8c6245fnq-s3d71,infineon::cy8c6245fnq-s3d71,Infineon,PSOC 62,PSOC 62,CY8C62x5,CY8C6245FNQ-S3D71,CY8C6245FNQ-S3D71,,,,,49-WLCSP,-40..105 °C,,active,infineon-device-db:1e7589fe5ce5,https://github.com/Infineon/device-db/tree/1e7589fe5ce5c25b68a5d8866c22c142df9b7555,2026-08-12T10:06:32+00:00,manufacturer_device_database,official_device_db_part_record
infineon::cy8c6245lqi-s3d02,infineon::cy8c6245lqi-s3d02,Infineon,PSOC 62,PSOC 62,CY8C62x5,CY8C6245LQI-S3D02,CY8C6245LQI-S3D02,,,,,68-QFN,-40..85 °C,,active,infineon-device-db:1e7589fe5ce5,https://github.com/Infineon/device-db/tree/1e7589fe5ce5c25b68a5d8866c22c142df9b7555,2026-08-12T10:06:32+00:00,manufacturer_device_database,official_device_db_part_record
infineon::cy8c6245lqi-s3d12,infineon::cy8c6245lqi-s3d12,Infineon,PSOC 62,PSOC 62,CY8C62x5,CY8C6245LQI-S3D12,CY8C6245LQI-S3D12,,,,,68-QFN,-40..85 °C,,active,infineon-device-db:1e7589fe5ce5,https://github.com/Infineon/device-db/tree/1e7589fe5ce5c25b68a5d8866c22c142df9b7555,2026-08-12T10:06:32+00:00,manufacturer_device_database,official_device_db_part_record
infineon::cy8c6245lqi-s3d42,infineon::cy8c6245lqi-s3d42,Infineon,PSOC 62,PSOC 62,CY8C62x5,CY8C6245LQI-S3D42,CY8C6245LQI-S3D42,,,,,68-QFN,-40..85 °C,,active,infineon-device-db:1e7589fe5ce5,https://github.com/Infineon/device-db/tree/1e7589fe5ce5c25b68a5d8866c22c142df9b7555,2026-08-12T10:06:32+00:00,manufacturer_device_database,official_device_db_part_record
infineon::cy8c6245lqi-s3d62,infineon::cy8c6245lqi-s3d62,Infineon,PSOC 62,PSOC 62,CY8C62x5,CY8C6245LQI-S3D62,CY8C6245LQI-S3D62,,,,,68-QFN,-40..85 °C,,active,infineon-device-db:1e7589fe5ce5,https://github.com/Infineon/device-db/tree/1e7589fe5ce5c25b68a5d8866c22c142df9b7555,2026-08-12T10:06:32+00:00,manufacturer_device_database,official_device_db_part_record
infineon::cy8c6245lqi-s3d72,infineon::cy8c6245lqi-s3d72,Infineon,PSOC 62,PSOC 62,CY8C62x5,CY8C6245LQI-S3D72,CY8C6245LQI-S3D72,,,,,68-QFN,-40..85 °C,,active,infineon-device-db:1e7589fe5ce5,https://github.com/Infineon/device-db/tree/1e7589fe5ce5c25b68a5d8866c22c142df9b7555,2026-08-12T10:06:32+00:00,manufacturer_device_database,official_device_db_part_record
infineon::cy8c6245lqq-s3d72,infineon::cy8c6245lqq-s3d72,Infineon,PSOC 62,PSOC 62,CY8C62x5,CY8C6245LQQ-S3D72,CY8C6245LQQ-S3D72,,,,,68-QFN,-40..105 °C,,active,infineon-device-db:1e7589fe5ce5,https://github.com/Infineon/device-db/tree/1e7589fe5ce5c25b68a5d8866c22c142df9b7555,2026-08-12T10:06:32+00:00,manufacturer_device_database,official_device_db_part_record
infineon::cy8c6246bti-d54,infineon::cy8c6246bti-d54,Infineon,PSOC 62,PSOC 62,CY8C62x6,CY8C6246BTI-D54,CY8C6246BTI-D54,,,,,124-BGA,-40..85 °C,,active,infineon-device-db:1e7589fe5ce5,https://github.com/Infineon/device-db/tree/1e7589fe5ce5c25b68a5d8866c22c142df9b7555,2026-08-12T10:06:32+00:00,manufacturer_device_database,official_device_db_part_record
infineon::cy8c6246bzi-d04,infineon::cy8c6246bzi-d04,Infineon,PSOC 62,PSOC 62,CY8C62x6,CY8C6246BZI-D04,CY8C6246BZI-D04,,,,,124-BGA,-40..85 °C,,active,infineon-device-db:1e7589fe5ce5,https://github.com/Infineon/device-db/tree/1e7589fe5ce5c25b68a5d8866c22c142df9b7555,2026-08-12T10:06:32+00:00,manufacturer_device_database,official_device_db_part_record
infineon::cy8c6247bfi-d54,infineon::cy8c6247bfi-d54,Infineon,PSOC 62,PSOC 62,CY8C62x7,CY8C6247BFI-D54,CY8C6247BFI-D54,,,,,124-BGA,-40..85 °C,,active,infineon-device-db:1e7589fe5ce5,https://github.com/Infineon/device-db/tree/1e7589fe5ce5c25b68a5d8866c22c142df9b7555,2026-08-12T10:06:32+00:00,manufacturer_device_database,official_device_db_part_record
infineon::cy8c6247bti-d54,infineon::cy8c6247bti-d54,Infineon,PSOC 62,PSOC 62,CY8C62x7,CY8C6247BTI-D54,CY8C6247BTI-D54,,,,,124-BGA,-40..85 °C,,active,infineon-device-db:1e7589fe5ce5,https://github.com/Infineon/device-db/tree/1e7589fe5ce5c25b68a5d8866c22c142df9b7555,2026-08-12T10:06:32+00:00,manufacturer_device_database,official_device_db_part_record
infineon::cy8c6247bzi-aud54,infineon::cy8c6247bzi-aud54,Infineon,PSOC 62,PSOC 62,CY8C62x7,CY8C6247BZI-AUD54,CY8C6247BZI-AUD54,,,,,124-BGA,-40..85 °C,,active,infineon-device-db:1e7589fe5ce5,https://github.com/Infineon/device-db/tree/1e7589fe5ce5c25b68a5d8866c22c142df9b7555,2026-08-12T10:06:32+00:00,manufacturer_device_database,official_device_db_part_record
infineon::cy8c6247bzi-d34,infineon::cy8c6247bzi-d34,Infineon,PSOC 62,PSOC 62,CY8C62x7,CY8C6247BZI-D34,CY8C6247BZI-D34,,,,,124-BGA,-40..85 °C,,active,infineon-device-db:1e7589fe5ce5,https://github.com/Infineon/device-db/tree/1e7589fe5ce5c25b68a5d8866c22c142df9b7555,2026-08-12T10:06:32+00:00,manufacturer_device_database,official_device_db_part_record
infineon::cy8c6247bzi-d44,infineon::cy8c6247bzi-d44,Infineon,PSOC 62,PSOC 62,CY8C62x7,CY8C6247BZI-D44,CY8C6247BZI-D44,,,,,124-BGA,-40..85 °C,,active,infineon-device-db:1e7589fe5ce5,https://github.com/Infineon/device-db/tree/1e7589fe5ce5c25b68a5d8866c22c142df9b7555,2026-08-12T10:06:32+00:00,manufacturer_device_database,official_device_db_part_record
infineon::cy8c6247bzi-d54,infineon::cy8c6247bzi-d54,Infineon,PSOC 62,PSOC 62,CY8C62x7,CY8C6247BZI-D54,CY8C6247BZI-D54,,,,,124-BGA,-40..85 °C,,active,infineon-device-db:1e7589fe5ce5,https://github.com/Infineon/device-db/tree/1e7589fe5ce5c25b68a5d8866c22c142df9b7555,2026-08-12T10:06:32+00:00,manufacturer_device_database,official_device_db_part_record
infineon::cy8c6247fdi-d02,infineon::cy8c6247fdi-d02,Infineon,PSOC 62,PSOC 62,CY8C62x7,CY8C6247FDI-D02,CY8C6247FDI-D02,,,,,80-WLCSP,-40..85 °C,,active,infineon-device-db:1e7589fe5ce5,https://github.com/Infineon/device-db/tree/1e7589fe5ce5c25b68a5d8866c22c142df9b7555,2026-08-12T10:06:32+00:00,manufacturer_device_database,official_device_db_part_record
infineon::cy8c6247fdi-d32,infineon::cy8c6247fdi-d32,Infineon,PSOC 62,PSOC 62,CY8C62x7,CY8C6247FDI-D32,CY8C6247FDI-D32,,,,,80-WLCSP,-40..85 °C,,active,infineon-device-db:1e7589fe5ce5,https://github.com/Infineon/device-db/tree/1e7589fe5ce5c25b68a5d8866c22c142df9b7555,2026-08-12T10:06:32+00:00,manufacturer_device_database,official_device_db_part_record
infineon::cy8c6247fdi-d52,infineon::cy8c6247fdi-d52,Infineon,PSOC 62,PSOC 62,CY8C62x7,CY8C6247FDI-D52,CY8C6247FDI-D52,,,,,80-WLCSP,-40..85 °C,,active,infineon-device-db:1e7589fe5ce5,https://github.com/Infineon/device-db/tree/1e7589fe5ce5c25b68a5d8866c22c142df9b7555,2026-08-12T10:06:32+00:00,manufacturer_device_database,official_device_db_part_record
infineon::cy8c6247fti-d52,infineon::cy8c6247fti-d52,Infineon,PSOC 62,PSOC 62,CY8C62x7,CY8C6247FTI-D52,CY8C6247FTI-D52,,,,,80-WLCSP,-40..85 °C,,active,infineon-device-db:1e7589fe5ce5,https://github.com/Infineon/device-db/tree/1e7589fe5ce5c25b68a5d8866c22c142df9b7555,2026-08-12T10:06:32+00:00,manufacturer_device_database,official_device_db_part_record
infineon::cy8c6247wi-d54,infineon::cy8c6247wi-d54,Infineon,PSOC 62,PSOC 62,CY8C62x7,CY8C6247WI-D54,CY8C6247WI-D54,,,,,124-BGA,-40..85 °C,,active,infineon-device-db:1e7589fe5ce5,https://github.com/Infineon/device-db/tree/1e7589fe5ce5c25b68a5d8866c22c142df9b7555,2026-08-12T10:06:32+00:00,manufacturer_device_database,official_device_db_part_record
infineon::cy8c6248azi-d14,infineon::cy8c6248azi-d14,Infineon,PSOC 62,PSOC 62,CY8C62x8,CY8C6248AZI-D14,CY8C6248AZI-D14,,,,,128-TQFP,-40..85 °C,,obsolete,infineon-device-db:1e7589fe5ce5,https://github.com/Infineon/device-db/tree/1e7589fe5ce5c25b68a5d8866c22c142df9b7555,2026-08-12T10:06:32+00:00,manufacturer_device_database,official_device_db_part_record
infineon::cy8c6248azi-d44,infineon::cy8c6248azi-d44,Infineon,PSOC 62,PSOC 62,CY8C62x8,CY8C6248AZI-D44,CY8C6248AZI-D44,,,,,128-TQFP,-40..85 °C,,obsolete,infineon-device-db:1e7589fe5ce5,https://github.com/Infineon/device-db/tree/1e7589fe5ce5c25b68a5d8866c22c142df9b7555,2026-08-12T10:06:32+00:00,manufacturer_device_database,official_device_db_part_record
infineon::cy8c6248azi-s2d14,infineon::cy8c6248azi-s2d14,Infineon,PSOC 62,PSOC 62,CY8C62x8,CY8C6248AZI-S2D14,CY8C6248AZI-S2D14,,,,,128-TQFP,-40..85 °C,,active,infineon-device-db:1e7589fe5ce5,https://github.com/Infineon/device-db/tree/1e7589fe5ce5c25b68a5d8866c22c142df9b7555,2026-08-12T10:06:32+00:00,manufacturer_device_database,official_device_db_part_record
infineon::cy8c6248azi-s2d44,infineon::cy8c6248azi-s2d44,Infineon,PSOC 62,PSOC 62,CY8C62x8,CY8C6248AZI-S2D44,CY8C6248AZI-S2D44,,,,,128-TQFP,-40..85 °C,,active,infineon-device-db:1e7589fe5ce5,https://github.com/Infineon/device-db/tree/1e7589fe5ce5c25b68a5d8866c22c142df9b7555,2026-08-12T10:06:32+00:00,manufacturer_device_database,official_device_db_part_record
infineon::cy8c6248bzi-d44,infineon::cy8c6248bzi-d44,Infineon,PSOC 62,PSOC 62,CY8C62x8,CY8C6248BZI-D44,CY8C6248BZI-D44,,,,,124-BGA,-40..85 °C,,obsolete,infineon-device-db:1e7589fe5ce5,https://github.com/Infineon/device-db/tree/1e7589fe5ce5c25b68a5d8866c22c142df9b7555,2026-08-12T10:06:32+00:00,manufacturer_device_database,official_device_db_part_record
infineon::cy8c6248bzi-s2d44,infineon::cy8c6248bzi-s2d44,Infineon,PSOC 62,PSOC 62,CY8C62x8,CY8C6248BZI-S2D44,CY8C6248BZI-S2D44,,,,,124-BGA,-40..85 °C,,active,infineon-device-db:1e7589fe5ce5,https://github.com/Infineon/device-db/tree/1e7589fe5ce5c25b68a5d8866c22c142df9b7555,2026-08-12T10:06:32+00:00,manufacturer_device_database,official_device_db_part_record
infineon::cy8c6248fni-d43,infineon::cy8c6248fni-d43,Infineon,PSOC 62,PSOC 62,CY8C62x8,CY8C6248FNI-D43,CY8C6248FNI-D43,,,,,100-WLCSP,-40..85 °C,,obsolete,infineon-device-db:1e7589fe5ce5,https://github.com/Infineon/device-db/tree/1e7589fe5ce5c25b68a5d8866c22c142df9b7555,2026-08-12T10:06:32+00:00,manufacturer_device_database,official_device_db_part_record
infineon::cy8c6248fni-s2d43,infineon::cy8c6248fni-s2d43,Infineon,PSOC 62,PSOC 62,CY8C62x8,CY8C6248FNI-S2D43,CY8C6248FNI-S2D43,,,,,100-WLCSP,-40..85 °C,,active,infineon-device-db:1e7589fe5ce5,https://github.com/Infineon/device-db/tree/1e7589fe5ce5c25b68a5d8866c22c142df9b7555,2026-08-12T10:06:32+00:00,manufacturer_device_database,official_device_db_part_record
infineon::cy8c6248lqi-s2d02,infineon::cy8c6248lqi-s2d02,Infineon,PSOC 62,PSOC 62,CY8C62x8,CY8C6248LQI-S2D02,CY8C6248LQI-S2D02,,,,,68-QFN,-40..85 °C,,active,infineon-device-db:1e7589fe5ce5,https://github.com/Infineon/device-db/tree/1e7589fe5ce5c25b68a5d8866c22c142df9b7555,2026-08-12T10:06:32+00:00,manufacturer_device_database,official_device_db_part_record
infineon::cy8c6248lqi-s2d42,infineon::cy8c6248lqi-s2d42,Infineon,PSOC 62,PSOC 62,CY8C62x8,CY8C6248LQI-S2D42,CY8C6248LQI-S2D42,,,,,68-QFN,-40..85 °C,,active,infineon-device-db:1e7589fe5ce5,https://github.com/Infineon/device-db/tree/1e7589fe5ce5c25b68a5d8866c22c142df9b7555,2026-08-12T10:06:32+00:00,manufacturer_device_database,official_device_db_part_record
infineon::cy8c624aazi-d14,infineon::cy8c624aazi-d14,Infineon,PSOC 62,PSOC 62,CY8C62xA,CY8C624AAZI-D14,CY8C624AAZI-D14,,,,,128-TQFP,-40..85 °C,,obsolete,infineon-device-db:1e7589fe5ce5,https://github.com/Infineon/device-db/tree/1e7589fe5ce5c25b68a5d8866c22c142df9b7555,2026-08-12T10:06:32+00:00,manufacturer_device_database,official_device_db_part_record
infineon::cy8c624aazi-d44,infineon::cy8c624aazi-d44,Infineon,PSOC 62,PSOC 62,CY8C62xA,CY8C624AAZI-D44,CY8C624AAZI-D44,,,,,128-TQFP,-40..85 °C,,obsolete,infineon-device-db:1e7589fe5ce5,https://github.com/Infineon/device-db/tree/1e7589fe5ce5c25b68a5d8866c22c142df9b7555,2026-08-12T10:06:32+00:00,manufacturer_device_database,official_device_db_part_record
infineon::cy8c624aazi-s2d14,infineon::cy8c624aazi-s2d14,Infineon,PSOC 62,PSOC 62,CY8C62xA,CY8C624AAZI-S2D14,CY8C624AAZI-S2D14,,,,,128-TQFP,-40..85 °C,,active,infineon-device-db:1e7589fe5ce5,https://github.com/Infineon/device-db/tree/1e7589fe5ce5c25b68a5d8866c22c142df9b7555,2026-08-12T10:06:32+00:00,manufacturer_device_database,official_device_db_part_record
infineon::cy8c624aazi-s2d44,infineon::cy8c624aazi-s2d44,Infineon,PSOC 62,PSOC 62,CY8C62xA,CY8C624AAZI-S2D44,CY8C624AAZI-S2D44,,,,,128-TQFP,-40..85 °C,,active,infineon-device-db:1e7589fe5ce5,https://github.com/Infineon/device-db/tree/1e7589fe5ce5c25b68a5d8866c22c142df9b7555,2026-08-12T10:06:32+00:00,manufacturer_device_database,official_device_db_part_record
infineon::cy8c624abzi-d04,infineon::cy8c624abzi-d04,Infineon,PSOC 62,PSOC 62,CY8C62xA,CY8C624ABZI-D04,CY8C624ABZI-D04,,,,,124-BGA,-40..85 °C,,obsolete,infineon-device-db:1e7589fe5ce5,https://github.com/Infineon/device-db/tree/1e7589fe5ce5c25b68a5d8866c22c142df9b7555,2026-08-12T10:06:32+00:00,manufacturer_device_database,official_device_db_part_record
infineon::cy8c624abzi-d14,infineon::cy8c624abzi-d14,Infineon,PSOC 62,PSOC 62,CY8C62xA,CY8C624ABZI-D14,CY8C624ABZI-D14,,,,,124-BGA,-40..85 °C,,obsolete,infineon-device-db:1e7589fe5ce5,https://github.com/Infineon/device-db/tree/1e7589fe5ce5c25b68a5d8866c22c142df9b7555,2026-08-12T10:06:32+00:00,manufacturer_device_database,official_device_db_part_record
infineon::cy8c624abzi-d44,infineon::cy8c624abzi-d44,Infineon,PSOC 62,PSOC 62,CY8C62xA,CY8C624ABZI-D44,CY8C624ABZI-D44,,,,,124-BGA,-40..85 °C,,obsolete,infineon-device-db:1e7589fe5ce5,https://github.com/Infineon/device-db/tree/1e7589fe5ce5c25b68a5d8866c22c142df9b7555,2026-08-12T10:06:32+00:00,manufacturer_device_database,official_device_db_part_record
infineon::cy8c624abzi-s2d04,infineon::cy8c624abzi-s2d04,Infineon,PSOC 62,PSOC 62,CY8C62xA,CY8C624ABZI-S2D04,CY8C624ABZI-S2D04,,,,,124-BGA,-40..85 °C,,active,infineon-device-db:1e7589fe5ce5,https://github.com/Infineon/device-db/tree/1e7589fe5ce5c25b68a5d8866c22c142df9b7555,2026-08-12T10:06:32+00:00,manufacturer_device_database,official_device_db_part_record
infineon::cy8c624abzi-s2d14,infineon::cy8c624abzi-s2d14,Infineon,PSOC 62,PSOC 62,CY8C62xA,CY8C624ABZI-S2D14,CY8C624ABZI-S2D14,,,,,124-BGA,-40..85 °C,,active,infineon-device-db:1e7589fe5ce5,https://github.com/Infineon/device-db/tree/1e7589fe5ce5c25b68a5d8866c22c142df9b7555,2026-08-12T10:06:32+00:00,manufacturer_device_database,official_device_db_part_record
infineon::cy8c624abzi-s2d44,infineon::cy8c624abzi-s2d44,Infineon,PSOC 62,PSOC 62,CY8C62xA,CY8C624ABZI-S2D44,CY8C624ABZI-S2D44,,,,,124-BGA,-40..85 °C,,active,infineon-device-db:1e7589fe5ce5,https://github.com/Infineon/device-db/tree/1e7589fe5ce5c25b68a5d8866c22c142df9b7555,2026-08-12T10:06:32+00:00,manufacturer_device_database,official_device_db_part_record
infineon::cy8c624abzi-s2d44a0,infineon::cy8c624abzi-s2d44a0,Infineon,PSOC 62,PSOC 62,CY8C62xA,CY8C624ABZI-S2D44A0,CY8C624ABZI-S2D44A0,,,,,124-BGA,-40..85 °C,,active,infineon-device-db:1e7589fe5ce5,https://github.com/Infineon/device-db/tree/1e7589fe5ce5c25b68a5d8866c22c142df9b7555,2026-08-12T10:06:32+00:00,manufacturer_device_database,official_device_db_part_record
infineon::cy8c624afni-d43,infineon::cy8c624afni-d43,Infineon,PSOC 62,PSOC 62,CY8C62xA,CY8C624AFNI-D43,CY8C624AFNI-D43,,,,,100-WLCSP,-40..85 °C,,obsolete,infineon-device-db:1e7589fe5ce5,https://github.com/Infineon/device-db/tree/1e7589fe5ce5c25b68a5d8866c22c142df9b7555,2026-08-12T10:06:32+00:00,manufacturer_device_database,official_device_db_part_record
infineon::cy8c624afni-s2d43,infineon::cy8c624afni-s2d43,Infineon,PSOC 62,PSOC 62,CY8C62xA,CY8C624AFNI-S2D43,CY8C624AFNI-S2D43,,,,,100-WLCSP,-40..85 °C,,active,infineon-device-db:1e7589fe5ce5,https://github.com/Infineon/device-db/tree/1e7589fe5ce5c25b68a5d8866c22c142df9b7555,2026-08-12T10:06:32+00:00,manufacturer_device_database,official_device_db_part_record
infineon::cy8c624alqi-d42,infineon::cy8c624alqi-d42,Infineon,PSOC 62,PSOC 62,CY8C62xA,CY8C624ALQI-D42,CY8C624ALQI-D42,,,,,68-QFN,-40..85 °C,,obsolete,infineon-device-db:1e7589fe5ce5,https://github.com/Infineon/device-db/tree/1e7589fe5ce5c25b68a5d8866c22c142df9b7555,2026-08-12T10:06:32+00:00,manufacturer_device_database,official_device_db_part_record
infineon::cy8c624alqi-s2d02,infineon::cy8c624alqi-s2d02,Infineon,PSOC 62,PSOC 62,CY8C62xA,CY8C624ALQI-S2D02,CY8C624ALQI-S2D02,,,,,68-QFN,-40..85 °C,,active,infineon-device-db:1e7589fe5ce5,https://github.com/Infineon/device-db/tree/1e7589fe5ce5c25b68a5d8866c22c142df9b7555,2026-08-12T10:06:32+00:00,manufacturer_device_database,official_device_db_part_record
infineon::cy8c624alqi-s2d42,infineon::cy8c624alqi-s2d42,Infineon,PSOC 62,PSOC 62,CY8C62xA,CY8C624ALQI-S2D42,CY8C624ALQI-S2D42,,,,,68-QFN,-40..85 °C,,active,infineon-device-db:1e7589fe5ce5,https://github.com/Infineon/device-db/tree/1e7589fe5ce5c25b68a5d8866c22c142df9b7555,2026-08-12T10:06:32+00:00,manufacturer_device_database,official_device_db_part_record
infineon::cy8c6316bzi-blf03,infineon::cy8c6316bzi-blf03,Infineon,PSOC 63,PSOC 63,CY8C6316,CY8C6316BZI-BLF03,CY8C6316BZI-BLF03,,,,,116-BGA-BLE,-40..85 °C,,active,infineon-device-db:1e7589fe5ce5,https://github.com/Infineon/device-db/tree/1e7589fe5ce5c25b68a5d8866c22c142df9b7555,2026-08-12T10:06:32+00:00,manufacturer_device_database,official_device_db_part_record
infineon::cy8c6316bzi-blf04,infineon::cy8c6316bzi-blf04,Infineon,PSOC 63,PSOC 63,CY8C6316,CY8C6316BZI-BLF04,CY8C6316BZI-BLF04,,,,,124-BGA-SIP,-40..85 °C,,active,infineon-device-db:1e7589fe5ce5,https://github.com/Infineon/device-db/tree/1e7589fe5ce5c25b68a5d8866c22c142df9b7555,2026-08-12T10:06:32+00:00,manufacturer_device_database,official_device_db_part_record
infineon::cy8c6316bzi-blf53,infineon::cy8c6316bzi-blf53,Infineon,PSOC 63,PSOC 63,CY8C6316,CY8C6316BZI-BLF53,CY8C6316BZI-BLF53,,,,,116-BGA-BLE,-40..85 °C,,active,infineon-device-db:1e7589fe5ce5,https://github.com/Infineon/device-db/tree/1e7589fe5ce5c25b68a5d8866c22c142df9b7555,2026-08-12T10:06:32+00:00,manufacturer_device_database,official_device_db_part_record
infineon::cy8c6316bzi-blf54,infineon::cy8c6316bzi-blf54,Infineon,PSOC 63,PSOC 63,CY8C6316,CY8C6316BZI-BLF54,CY8C6316BZI-BLF54,,,,,124-BGA-SIP,-40..85 °C,,active,infineon-device-db:1e7589fe5ce5,https://github.com/Infineon/device-db/tree/1e7589fe5ce5c25b68a5d8866c22c142df9b7555,2026-08-12T10:06:32+00:00,manufacturer_device_database,official_device_db_part_record
infineon::cy8c6336bzi-bld13,infineon::cy8c6336bzi-bld13,Infineon,PSOC 63,PSOC 63,CY8C63x6 Dual,CY8C6336BZI-BLD13,CY8C6336BZI-BLD13,,,,,116-BGA-BLE,-40..85 °C,,active,infineon-device-db:1e7589fe5ce5,https://github.com/Infineon/device-db/tree/1e7589fe5ce5c25b68a5d8866c22c142df9b7555,2026-08-12T10:06:32+00:00,manufacturer_device_database,official_device_db_part_record
infineon::cy8c6336bzi-bld14,infineon::cy8c6336bzi-bld14,Infineon,PSOC 63,PSOC 63,CY8C63x6 Dual,CY8C6336BZI-BLD14,CY8C6336BZI-BLD14,,,,,124-BGA-SIP,-40..85 °C,,active,infineon-device-db:1e7589fe5ce5,https://github.com/Infineon/device-db/tree/1e7589fe5ce5c25b68a5d8866c22c142df9b7555,2026-08-12T10:06:32+00:00,manufacturer_device_database,official_device_db_part_record
infineon::cy8c6336bzi-blf03,infineon::cy8c6336bzi-blf03,Infineon,PSOC 63,PSOC 63,CY8C6336,CY8C6336BZI-BLF03,CY8C6336BZI-BLF03,,,,,116-BGA-BLE,-40..85 °C,,active,infineon-device-db:1e7589fe5ce5,https://github.com/Infineon/device-db/tree/1e7589fe5ce5c25b68a5d8866c22c142df9b7555,2026-08-12T10:06:32+00:00,manufacturer_device_database,official_device_db_part_record
infineon::cy8c6336bzi-blf04,infineon::cy8c6336bzi-blf04,Infineon,PSOC 63,PSOC 63,CY8C6336,CY8C6336BZI-BLF04,CY8C6336BZI-BLF04,,,,,124-BGA-SIP,-40..85 °C,,active,infineon-device-db:1e7589fe5ce5,https://github.com/Infineon/device-db/tree/1e7589fe5ce5c25b68a5d8866c22c142df9b7555,2026-08-12T10:06:32+00:00,manufacturer_device_database,official_device_db_part_record
infineon::cy8c6336bzi-bud13,infineon::cy8c6336bzi-bud13,Infineon,PSOC 63,PSOC 63,CY8C63x6 Dual,CY8C6336BZI-BUD13,CY8C6336BZI-BUD13,,,,,116-BGA-USB,-40..85 °C,,active,infineon-device-db:1e7589fe5ce5,https://github.com/Infineon/device-db/tree/1e7589fe5ce5c25b68a5d8866c22c142df9b7555,2026-08-12T10:06:32+00:00,manufacturer_device_database,official_device_db_part_record
infineon::cy8c6336lqi-blf02,infineon::cy8c6336lqi-blf02,Infineon,PSOC 63,PSOC 63,CY8C6336,CY8C6336LQI-BLF02,CY8C6336LQI-BLF02,,,,,68-QFN-BLE,-40..85 °C,,active,infineon-device-db:1e7589fe5ce5,https://github.com/Infineon/device-db/tree/1e7589fe5ce5c25b68a5d8866c22c142df9b7555,2026-08-12T10:06:32+00:00,manufacturer_device_database,official_device_db_part_record
infineon::cy8c6336lqi-blf42,infineon::cy8c6336lqi-blf42,Infineon,PSOC 63,PSOC 63,CY8C6336,CY8C6336LQI-BLF42,CY8C6336LQI-BLF42,,,,,68-QFN-BLE,-40..85 °C,,active,infineon-device-db:1e7589fe5ce5,https://github.com/Infineon/device-db/tree/1e7589fe5ce5c25b68a5d8866c22c142df9b7555,2026-08-12T10:06:32+00:00,manufacturer_device_database,official_device_db_part_record
infineon::cy8c6337bzi-blf13,infineon::cy8c6337bzi-blf13,Infineon,PSOC 63,PSOC 63,CY8C63x7,CY8C6337BZI-BLF13,CY8C6337BZI-BLF13,,,,,116-BGA-BLE,-40..85 °C,,active,infineon-device-db:1e7589fe5ce5,https://github.com/Infineon/device-db/tree/1e7589fe5ce5c25b68a5d8866c22c142df9b7555,2026-08-12T10:06:32+00:00,manufacturer_device_database,official_device_db_part_record
infineon::cy8c6347bzi-bld33,infineon::cy8c6347bzi-bld33,Infineon,PSOC 63,PSOC 63,CY8C63x7 Dual,CY8C6347BZI-BLD33,CY8C6347BZI-BLD33,,,,,116-BGA-BLE,-40..85 °C,,active,infineon-device-db:1e7589fe5ce5,https://github.com/Infineon/device-db/tree/1e7589fe5ce5c25b68a5d8866c22c142df9b7555,2026-08-12T10:06:32+00:00,manufacturer_device_database,official_device_db_part_record
infineon::cy8c6347bzi-bld34,infineon::cy8c6347bzi-bld34,Infineon,PSOC 63,PSOC 63,CY8C63x7 Dual,CY8C6347BZI-BLD34,CY8C6347BZI-BLD34,,,,,124-BGA-SIP,-40..85 °C,,active,infineon-device-db:1e7589fe5ce5,https://github.com/Infineon/device-db/tree/1e7589fe5ce5c25b68a5d8866c22c142df9b7555,2026-08-12T10:06:32+00:00,manufacturer_device_database,official_device_db_part_record
infineon::cy8c6347bzi-bld43,infineon::cy8c6347bzi-bld43,Infineon,PSOC 63,PSOC 63,CY8C63x7 Dual,CY8C6347BZI-BLD43,CY8C6347BZI-BLD43,,,,,116-BGA-BLE,-40..85 °C,,active,infineon-device-db:1e7589fe5ce5,https://github.com/Infineon/device-db/tree/1e7589fe5ce5c25b68a5d8866c22c142df9b7555,2026-08-12T10:06:32+00:00,manufacturer_device_database,official_device_db_part_record
infineon::cy8c6347bzi-bld44,infineon::cy8c6347bzi-bld44,Infineon,PSOC 63,PSOC 63,CY8C63x7 Dual,CY8C6347BZI-BLD44,CY8C6347BZI-BLD44,,,,,124-BGA-SIP,-40..85 °C,,active,infineon-device-db:1e7589fe5ce5,https://github.com/Infineon/device-db/tree/1e7589fe5ce5c25b68a5d8866c22c142df9b7555,2026-08-12T10:06:32+00:00,manufacturer_device_database,official_device_db_part_record
infineon::cy8c6347bzi-bld53,infineon::cy8c6347bzi-bld53,Infineon,PSOC 63,PSOC 63,CY8C63x7 Dual,CY8C6347BZI-BLD53,CY8C6347BZI-BLD53,,,,,116-BGA-BLE,-40..85 °C,,active,infineon-device-db:1e7589fe5ce5,https://github.com/Infineon/device-db/tree/1e7589fe5ce5c25b68a5d8866c22c142df9b7555,2026-08-12T10:06:32+00:00,manufacturer_device_database,official_device_db_part_record
infineon::cy8c6347bzi-bld54,infineon::cy8c6347bzi-bld54,Infineon,PSOC 63,PSOC 63,CY8C63x7 Dual,CY8C6347BZI-BLD54,CY8C6347BZI-BLD54,,,,,124-BGA-SIP,-40..85 °C,,active,infineon-device-db:1e7589fe5ce5,https://github.com/Infineon/device-db/tree/1e7589fe5ce5c25b68a5d8866c22c142df9b7555,2026-08-12T10:06:32+00:00,manufacturer_device_database,official_device_db_part_record
infineon::cy8c6347bzi-bud33,infineon::cy8c6347bzi-bud33,Infineon,PSOC 63,PSOC 63,CY8C63x7 Dual,CY8C6347BZI-BUD33,CY8C6347BZI-BUD33,,,,,116-BGA-USB,-40..85 °C,,active,infineon-device-db:1e7589fe5ce5,https://github.com/Infineon/device-db/tree/1e7589fe5ce5c25b68a5d8866c22c142df9b7555,2026-08-12T10:06:32+00:00,manufacturer_device_database,official_device_db_part_record
infineon::cy8c6347bzi-bud43,infineon::cy8c6347bzi-bud43,Infineon,PSOC 63,PSOC 63,CY8C63x7 Dual,CY8C6347BZI-BUD43,CY8C6347BZI-BUD43,,,,,116-BGA-USB,-40..85 °C,,active,infineon-device-db:1e7589fe5ce5,https://github.com/Infineon/device-db/tree/1e7589fe5ce5c25b68a5d8866c22c142df9b7555,2026-08-12T10:06:32+00:00,manufacturer_device_database,official_device_db_part_record
infineon::cy8c6347bzi-bud53,infineon::cy8c6347bzi-bud53,Infineon,PSOC 63,PSOC 63,CY8C63x7 Dual,CY8C6347BZI-BUD53,CY8C6347BZI-BUD53,,,,,116-BGA-USB,-40..85 °C,,active,infineon-device-db:1e7589fe5ce5,https://github.com/Infineon/device-db/tree/1e7589fe5ce5c25b68a5d8866c22c142df9b7555,2026-08-12T10:06:32+00:00,manufacturer_device_database,official_device_db_part_record
infineon::cy8c6347fmi-bld13,infineon::cy8c6347fmi-bld13,Infineon,PSOC 63,PSOC 63,CY8C63x7 Dual,CY8C6347FMI-BLD13,CY8C6347FMI-BLD13,,,,,104-M-CSP-BLE,-40..85 °C,,active,infineon-device-db:1e7589fe5ce5,https://github.com/Infineon/device-db/tree/1e7589fe5ce5c25b68a5d8866c22c142df9b7555,2026-08-12T10:06:32+00:00,manufacturer_device_database,official_device_db_part_record
infineon::cy8c6347fmi-bld33,infineon::cy8c6347fmi-bld33,Infineon,PSOC 63,PSOC 63,CY8C63x7 Dual,CY8C6347FMI-BLD33,CY8C6347FMI-BLD33,,,,,104-M-CSP-BLE,-40..85 °C,,active,infineon-device-db:1e7589fe5ce5,https://github.com/Infineon/device-db/tree/1e7589fe5ce5c25b68a5d8866c22c142df9b7555,2026-08-12T10:06:32+00:00,manufacturer_device_database,official_device_db_part_record
infineon::cy8c6347fmi-bld43,infineon::cy8c6347fmi-bld43,Infineon,PSOC 63,PSOC 63,CY8C63x7 Dual,CY8C6347FMI-BLD43,CY8C6347FMI-BLD43,,,,,104-M-CSP-BLE,-40..85 °C,,active,infineon-device-db:1e7589fe5ce5,https://github.com/Infineon/device-db/tree/1e7589fe5ce5c25b68a5d8866c22c142df9b7555,2026-08-12T10:06:32+00:00,manufacturer_device_database,official_device_db_part_record
infineon::cy8c6347fmi-bld53,infineon::cy8c6347fmi-bld53,Infineon,PSOC 63,PSOC 63,CY8C63x7 Dual,CY8C6347FMI-BLD53,CY8C6347FMI-BLD53,,,,,104-M-CSP-BLE,-40..85 °C,,active,infineon-device-db:1e7589fe5ce5,https://github.com/Infineon/device-db/tree/1e7589fe5ce5c25b68a5d8866c22c142df9b7555,2026-08-12T10:06:32+00:00,manufacturer_device_database,official_device_db_part_record
infineon::cy8c6347fmi-bud13,infineon::cy8c6347fmi-bud13,Infineon,PSOC 63,PSOC 63,CY8C63x7 Dual,CY8C6347FMI-BUD13,CY8C6347FMI-BUD13,,,,,104-M-CSP-BLE-USB,-40..85 °C,,active,infineon-device-db:1e7589fe5ce5,https://github.com/Infineon/device-db/tree/1e7589fe5ce5c25b68a5d8866c22c142df9b7555,2026-08-12T10:06:32+00:00,manufacturer_device_database,official_device_db_part_record
infineon::cy8c6347fmi-bud33,infineon::cy8c6347fmi-bud33,Infineon,PSOC 63,PSOC 63,CY8C63x7 Dual,CY8C6347FMI-BUD33,CY8C6347FMI-BUD33,,,,,104-M-CSP-BLE-USB,-40..85 °C,,active,infineon-device-db:1e7589fe5ce5,https://github.com/Infineon/device-db/tree/1e7589fe5ce5c25b68a5d8866c22c142df9b7555,2026-08-12T10:06:32+00:00,manufacturer_device_database,official_device_db_part_record
infineon::cy8c6347fmi-bud43,infineon::cy8c6347fmi-bud43,Infineon,PSOC 63,PSOC 63,CY8C63x7 Dual,CY8C6347FMI-BUD43,CY8C6347FMI-BUD43,,,,,104-M-CSP-BLE-USB,-40..85 °C,,active,infineon-device-db:1e7589fe5ce5,https://github.com/Infineon/device-db/tree/1e7589fe5ce5c25b68a5d8866c22c142df9b7555,2026-08-12T10:06:32+00:00,manufacturer_device_database,official_device_db_part_record
infineon::cy8c6347fmi-bud53,infineon::cy8c6347fmi-bud53,Infineon,PSOC 63,PSOC 63,CY8C63x7 Dual,CY8C6347FMI-BUD53,CY8C6347FMI-BUD53,,,,,104-M-CSP-BLE-USB,-40..85 °C,,active,infineon-device-db:1e7589fe5ce5,https://github.com/Infineon/device-db/tree/1e7589fe5ce5c25b68a5d8866c22c142df9b7555,2026-08-12T10:06:32+00:00,manufacturer_device_database,official_device_db_part_record
infineon::cy8c6347lqi-bld52,infineon::cy8c6347lqi-bld52,Infineon,PSOC 63,PSOC 63,CY8C63x7 Dual,CY8C6347LQI-BLD52,CY8C6347LQI-BLD52,,,,,68-QFN-BLE,-40..85 °C,,active,infineon-device-db:1e7589fe5ce5,https://github.com/Infineon/device-db/tree/1e7589fe5ce5c25b68a5d8866c22c142df9b7555,2026-08-12T10:06:32+00:00,manufacturer_device_database,official_device_db_part_record
infineon::cy8c637bzi-bld74,infineon::cy8c637bzi-bld74,Infineon,PSOC 63,PSOC 63,CY8C6316,CY8C637BZI-BLD74,CY8C637BZI-BLD74,,,,,116-BGA-BLE,-40..85 °C,,active,infineon-device-db:1e7589fe5ce5,https://github.com/Infineon/device-db/tree/1e7589fe5ce5c25b68a5d8866c22c142df9b7555,2026-08-12T10:06:32+00:00,manufacturer_device_database,official_device_db_part_record
infineon::cy8c637bzi-md76,infineon::cy8c637bzi-md76,Infineon,PSOC 63,PSOC 63,CY8C6316,CY8C637BZI-MD76,CY8C637BZI-MD76,,,,,124-BGA,-40..85 °C,,active,infineon-device-db:1e7589fe5ce5,https://github.com/Infineon/device-db/tree/1e7589fe5ce5c25b68a5d8866c22c142df9b7555,2026-08-12T10:06:32+00:00,manufacturer_device_database,official_device_db_part_record
infineon::cy8c637fmi-bld73,infineon::cy8c637fmi-bld73,Infineon,PSOC 63,PSOC 63,CY8C6316,CY8C637FMI-BLD73,CY8C637FMI-BLD73,,,,,104-M-CSP-BLE,-40..85 °C,,active,infineon-device-db:1e7589fe5ce5,https://github.com/Infineon/device-db/tree/1e7589fe5ce5c25b68a5d8866c22c142df9b7555,2026-08-12T10:06:32+00:00,manufacturer_device_database,official_device_db_part_record
infineon::cy8c68237bz-ble,infineon::cy8c68237bz-ble,Infineon,PSOC 60,PSOC 60,CY8C6016,CY8C68237BZ-BLE,CY8C68237BZ-BLE,,,,,116-BGA-BLE,-40..85 °C,,active,infineon-device-db:1e7589fe5ce5,https://github.com/Infineon/device-db/tree/1e7589fe5ce5c25b68a5d8866c22c142df9b7555,2026-08-12T10:06:32+00:00,manufacturer_device_database,official_device_db_part_record
infineon::cy8c68237fm-ble,infineon::cy8c68237fm-ble,Infineon,PSOC 60,PSOC 60,CY8C6016,CY8C68237FM-BLE,CY8C68237FM-BLE,,,,,104-M-CSP-BLE,-40..85 °C,,active,infineon-device-db:1e7589fe5ce5,https://github.com/Infineon/device-db/tree/1e7589fe5ce5c25b68a5d8866c22c142df9b7555,2026-08-12T10:06:32+00:00,manufacturer_device_database,official_device_db_part_record
infineon::cy8cindsazi-343,infineon::cy8cindsazi-343,Infineon,PSOC 4000S,PSOC 4000S,PSOC 4000S (CY8C40x4xxx-S4xx),CY8CINDSAZI-343,CY8CINDSAZI-343,,,,,48-TQFP,-40..85 °C,,active,infineon-device-db:1e7589fe5ce5,https://github.com/Infineon/device-db/tree/1e7589fe5ce5c25b68a5d8866c22c142df9b7555,2026-08-12T10:06:32+00:00,manufacturer_device_database,official_device_db_part_record
infineon::cyb06445lqi-s3d42,infineon::cyb06445lqi-s3d42,Infineon,PSOC 64,PSOC 64,CYB06xx5,CYB06445LQI-S3D42,CYB06445LQI-S3D42,,,,,68-QFN,-40..85 °C,,active,infineon-device-db:1e7589fe5ce5,https://github.com/Infineon/device-db/tree/1e7589fe5ce5c25b68a5d8866c22c142df9b7555,2026-08-12T10:06:32+00:00,manufacturer_device_database,official_device_db_part_record
infineon::cyb06447bzi-bld53,infineon::cyb06447bzi-bld53,Infineon,PSOC 64,PSOC 64,CYB06xx7,CYB06447BZI-BLD53,CYB06447BZI-BLD53,,,,,116-BGA-BLE,-40..85 °C,,active,infineon-device-db:1e7589fe5ce5,https://github.com/Infineon/device-db/tree/1e7589fe5ce5c25b68a5d8866c22c142df9b7555,2026-08-12T10:06:32+00:00,manufacturer_device_database,official_device_db_part_record
infineon::cyb06447bzi-bld54,infineon::cyb06447bzi-bld54,Infineon,PSOC 64,PSOC 64,CYB06xx7,CYB06447BZI-BLD54,CYB06447BZI-BLD54,,,,,124-BGA-SIP,-40..85 °C,,active,infineon-device-db:1e7589fe5ce5,https://github.com/Infineon/device-db/tree/1e7589fe5ce5c25b68a5d8866c22c142df9b7555,2026-08-12T10:06:32+00:00,manufacturer_device_database,official_device_db_part_record
infineon::cyb06447bzi-d54,infineon::cyb06447bzi-d54,Infineon,PSOC 64,PSOC 64,CYB06xx7,CYB06447BZI-D54,CYB06447BZI-D54,,,,,124-BGA,-40..85 °C,,active,infineon-device-db:1e7589fe5ce5,https://github.com/Infineon/device-db/tree/1e7589fe5ce5c25b68a5d8866c22c142df9b7555,2026-08-12T10:06:32+00:00,manufacturer_device_database,official_device_db_part_record
infineon::cyb0644abzi-s2d44,infineon::cyb0644abzi-s2d44,Infineon,PSOC 64,PSOC 64,CYB06xxA,CYB0644ABZI-S2D44,CYB0644ABZI-S2D44,,,,,124-BGA,-40..85 °C,,active,infineon-device-db:1e7589fe5ce5,https://github.com/Infineon/device-db/tree/1e7589fe5ce5c25b68a5d8866c22c142df9b7555,2026-08-12T10:06:32+00:00,manufacturer_device_database,official_device_db_part_record
infineon::cypas211-32lqxq,infineon::cypas211-32lqxq,Infineon,PAG2S,PAG2S,PAG2S,CYPAS211-32LQXQ,CYPAS211-32LQXQ,,,,,32-QFN,-40..105 °C,,active,infineon-device-db:1e7589fe5ce5,https://github.com/Infineon/device-db/tree/1e7589fe5ce5c25b68a5d8866c22c142df9b7555,2026-08-12T10:06:32+00:00,manufacturer_device_database,official_device_db_part_record
infineon::cypas212-32lqxq,infineon::cypas212-32lqxq,Infineon,PAG2S,PAG2S,PAG2S,CYPAS212-32LQXQ,CYPAS212-32LQXQ,,,,,32-QFN,-40..105 °C,,active,infineon-device-db:1e7589fe5ce5,https://github.com/Infineon/device-db/tree/1e7589fe5ce5c25b68a5d8866c22c142df9b7555,2026-08-12T10:06:32+00:00,manufacturer_device_database,official_device_db_part_record
infineon::cypas213-24sxq,infineon::cypas213-24sxq,Infineon,PAG2S,PAG2S,PAG2S,CYPAS213-24SXQ,CYPAS213-24SXQ,,,,,24-SOIC_SR,-40..105 °C,,active,infineon-device-db:1e7589fe5ce5,https://github.com/Infineon/device-db/tree/1e7589fe5ce5c25b68a5d8866c22c142df9b7555,2026-08-12T10:06:32+00:00,manufacturer_device_database,official_device_db_part_record
infineon::cypas213-32lqxq,infineon::cypas213-32lqxq,Infineon,PAG2S,PAG2S,PAG2S,CYPAS213-32LQXQ,CYPAS213-32LQXQ,,,,,32-QFN,-40..105 °C,,active,infineon-device-db:1e7589fe5ce5,https://github.com/Infineon/device-db/tree/1e7589fe5ce5c25b68a5d8866c22c142df9b7555,2026-08-12T10:06:32+00:00,manufacturer_device_database,official_device_db_part_record
infineon::cypas2174-32lqxq,infineon::cypas2174-32lqxq,Infineon,PAG2S,PAG2S,PAG2S,CYPAS2174-32LQXQ,CYPAS2174-32LQXQ,,,,,32-QFN_1,-40..105 °C,,active,infineon-device-db:1e7589fe5ce5,https://github.com/Infineon/device-db/tree/1e7589fe5ce5c25b68a5d8866c22c142df9b7555,2026-08-12T10:06:32+00:00,manufacturer_device_database,official_device_db_part_record
infineon::cypd6129-52lqxi,infineon::cypd6129-52lqxi,Infineon,CCG6DF_CFP,CCG6DF_CFP,CCG6DF_CFP,CYPD6129-52LQXI,CYPD6129-52LQXI,,,,,52-QFN_1-Port-SW,-40..85 °C,,active,infineon-device-db:1e7589fe5ce5,https://github.com/Infineon/device-db/tree/1e7589fe5ce5c25b68a5d8866c22c142df9b7555,2026-08-12T10:06:32+00:00,manufacturer_device_database,official_device_db_part_record
infineon::cypd6129-52lqxit,infineon::cypd6129-52lqxit,Infineon,CCG6DF_CFP,CCG6DF_CFP,CCG6DF_CFP,CYPD6129-52LQXIT,CYPD6129-52LQXIT,,,,,52-QFN_1-Port-SW,-40..85 °C,,active,infineon-device-db:1e7589fe5ce5,https://github.com/Infineon/device-db/tree/1e7589fe5ce5c25b68a5d8866c22c142df9b7555,2026-08-12T10:06:32+00:00,manufacturer_device_database,official_device_db_part_record
infineon::cypd6139-52lqxit,infineon::cypd6139-52lqxit,Infineon,CCG6DF_CFP,CCG6DF_CFP,CCG6DF_CFP,CYPD6139-52LQXIT,CYPD6139-52LQXIT,,,,,52-QFN_1-Port-SW,-40..85 °C,,active,infineon-device-db:1e7589fe5ce5,https://github.com/Infineon/device-db/tree/1e7589fe5ce5c25b68a5d8866c22c142df9b7555,2026-08-12T10:06:32+00:00,manufacturer_device_database,official_device_db_part_record
infineon::cypd6229-52lqxi,infineon::cypd6229-52lqxi,Infineon,CCG6DF_CFP,CCG6DF_CFP,CCG6DF_CFP,CYPD6229-52LQXI,CYPD6229-52LQXI,,,,,52-QFN-SW,-40..85 °C,,active,infineon-device-db:1e7589fe5ce5,https://github.com/Infineon/device-db/tree/1e7589fe5ce5c25b68a5d8866c22c142df9b7555,2026-08-12T10:06:32+00:00,manufacturer_device_database,official_device_db_part_record
infineon::cypd6229-52lqxit,infineon::cypd6229-52lqxit,Infineon,CCG6DF_CFP,CCG6DF_CFP,CCG6DF_CFP,CYPD6229-52LQXIT,CYPD6229-52LQXIT,,,,,52-QFN-SW,-40..85 °C,,active,infineon-device-db:1e7589fe5ce5,https://github.com/Infineon/device-db/tree/1e7589fe5ce5c25b68a5d8866c22c142df9b7555,2026-08-12T10:06:32+00:00,manufacturer_device_database,official_device_db_part_record
infineon::cypd6239-52lqxit,infineon::cypd6239-52lqxit,Infineon,CCG6DF_CFP,CCG6DF_CFP,CCG6DF_CFP,CYPD6239-52LQXIT,CYPD6239-52LQXIT,,,,,52-QFN-SW,-40..85 °C,,active,infineon-device-db:1e7589fe5ce5,https://github.com/Infineon/device-db/tree/1e7589fe5ce5c25b68a5d8866c22c142df9b7555,2026-08-12T10:06:32+00:00,manufacturer_device_database,official_device_db_part_record
infineon::cypd7171-40lqxq,infineon::cypd7171-40lqxq,Infineon,CCG7S,CCG7S,CCG7S,CYPD7171-40LQXQ,CYPD7171-40LQXQ,,,,,40-QFN,-40..105 °C,,active,infineon-device-db:1e7589fe5ce5,https://github.com/Infineon/device-db/tree/1e7589fe5ce5c25b68a5d8866c22c142df9b7555,2026-08-12T10:06:32+00:00,manufacturer_device_database,official_device_db_part_record
infineon::cypd7172-39bfxq,infineon::cypd7172-39bfxq,Infineon,CCG7S,CCG7S,CCG7S,CYPD7172-39BFXQ,CYPD7172-39BFXQ,,,,,39-LGA,-40..105 °C,,active,infineon-device-db:1e7589fe5ce5,https://github.com/Infineon/device-db/tree/1e7589fe5ce5c25b68a5d8866c22c142df9b7555,2026-08-12T10:06:32+00:00,manufacturer_device_database,official_device_db_part_record
infineon::cypd7173-39bfxq,infineon::cypd7173-39bfxq,Infineon,CCG7S,CCG7S,CCG7S,CYPD7173-39BFXQ,CYPD7173-39BFXQ,,,,,39-LGA,-40..105 °C,,active,infineon-device-db:1e7589fe5ce5,https://github.com/Infineon/device-db/tree/1e7589fe5ce5c25b68a5d8866c22c142df9b7555,2026-08-12T10:06:32+00:00,manufacturer_device_database,official_device_db_part_record
infineon::cypd7191-40ldxs,infineon::cypd7191-40ldxs,Infineon,CCG7S,CCG7S,CCG7S,CYPD7191-40LDXS,CYPD7191-40LDXS,,,,,40-QFN,-40..105 °C,,active,infineon-device-db:1e7589fe5ce5,https://github.com/Infineon/device-db/tree/1e7589fe5ce5c25b68a5d8866c22c142df9b7555,2026-08-12T10:06:32+00:00,manufacturer_device_database,official_device_db_part_record
infineon::cypd7192-39bfxs,infineon::cypd7192-39bfxs,Infineon,CCG7S,CCG7S,CCG7S,CYPD7192-39BFXS,CYPD7192-39BFXS,,,,,39-LGA,-40..105 °C,,active,infineon-device-db:1e7589fe5ce5,https://github.com/Infineon/device-db/tree/1e7589fe5ce5c25b68a5d8866c22c142df9b7555,2026-08-12T10:06:32+00:00,manufacturer_device_database,official_device_db_part_record
infineon::cypd7193-39bfxs,infineon::cypd7193-39bfxs,Infineon,CCG7S,CCG7S,CCG7S,CYPD7193-39BFXS,CYPD7193-39BFXS,,,,,39-LGA,-40..105 °C,,active,infineon-device-db:1e7589fe5ce5,https://github.com/Infineon/device-db/tree/1e7589fe5ce5c25b68a5d8866c22c142df9b7555,2026-08-12T10:06:32+00:00,manufacturer_device_database,official_device_db_part_record
infineon::cypd7194-40bfxs,infineon::cypd7194-40bfxs,Infineon,CCG7S,CCG7S,CCG7S,CYPD7194-40BFXS,CYPD7194-40BFXS,,,,,40-LGA,-40..105 °C,,active,infineon-device-db:1e7589fe5ce5,https://github.com/Infineon/device-db/tree/1e7589fe5ce5c25b68a5d8866c22c142df9b7555,2026-08-12T10:06:32+00:00,manufacturer_device_database,official_device_db_part_record
infineon::cypd7195-40bfxs,infineon::cypd7195-40bfxs,Infineon,CCG7S,CCG7S,CCG7S,CYPD7195-40BFXS,CYPD7195-40BFXS,,,,,40-LGA,-40..105 °C,,active,infineon-device-db:1e7589fe5ce5,https://github.com/Infineon/device-db/tree/1e7589fe5ce5c25b68a5d8866c22c142df9b7555,2026-08-12T10:06:32+00:00,manufacturer_device_database,official_device_db_part_record
infineon::cypd7196-40bfxs,infineon::cypd7196-40bfxs,Infineon,CCG7S,CCG7S,CCG7S,CYPD7196-40BFXS,CYPD7196-40BFXS,,,,,40-LGA,-40..105 °C,,active,infineon-device-db:1e7589fe5ce5,https://github.com/Infineon/device-db/tree/1e7589fe5ce5c25b68a5d8866c22c142df9b7555,2026-08-12T10:06:32+00:00,manufacturer_device_database,official_device_db_part_record
infineon::cypd7197-40bfxs,infineon::cypd7197-40bfxs,Infineon,CCG7S,CCG7S,CCG7S,CYPD7197-40BFXS,CYPD7197-40BFXS,,,,,40-LGA,-40..105 °C,,active,infineon-device-db:1e7589fe5ce5,https://github.com/Infineon/device-db/tree/1e7589fe5ce5c25b68a5d8866c22c142df9b7555,2026-08-12T10:06:32+00:00,manufacturer_device_database,official_device_db_part_record
infineon::cypd7198-39bfxs,infineon::cypd7198-39bfxs,Infineon,CCG7S,CCG7S,CCG7S,CYPD7198-39BFXS,CYPD7198-39BFXS,,,,,39-LGA,-40..105 °C,,active,infineon-device-db:1e7589fe5ce5,https://github.com/Infineon/device-db/tree/1e7589fe5ce5c25b68a5d8866c22c142df9b7555,2026-08-12T10:06:32+00:00,manufacturer_device_database,official_device_db_part_record
infineon::cypd7199-40ldxs,infineon::cypd7199-40ldxs,Infineon,CCG7S,CCG7S,CCG7S,CYPD7199-40LDXS,CYPD7199-40LDXS,,,,,40-QFN,-40..105 °C,,active,infineon-device-db:1e7589fe5ce5,https://github.com/Infineon/device-db/tree/1e7589fe5ce5c25b68a5d8866c22c142df9b7555,2026-08-12T10:06:32+00:00,manufacturer_device_database,official_device_db_part_record
infineon::cypd7271-68lqxq,infineon::cypd7271-68lqxq,Infineon,CCG7D,CCG7D,CCG7D,CYPD7271-68LQXQ,CYPD7271-68LQXQ,,,,,68-QFN,-40..105 °C,,active,infineon-device-db:1e7589fe5ce5,https://github.com/Infineon/device-db/tree/1e7589fe5ce5c25b68a5d8866c22c142df9b7555,2026-08-12T10:06:32+00:00,manufacturer_device_database,official_device_db_part_record
infineon::cypd7272-68lqxq,infineon::cypd7272-68lqxq,Infineon,CCG7D,CCG7D,CCG7D,CYPD7272-68LQXQ,CYPD7272-68LQXQ,,,,,68-QFN,-40..105 °C,,active,infineon-device-db:1e7589fe5ce5,https://github.com/Infineon/device-db/tree/1e7589fe5ce5c25b68a5d8866c22c142df9b7555,2026-08-12T10:06:32+00:00,manufacturer_device_database,official_device_db_part_record
infineon::cypd7273-68lqxq,infineon::cypd7273-68lqxq,Infineon,CCG7D,CCG7D,CCG7D,CYPD7273-68LQXQ,CYPD7273-68LQXQ,,,,,68-QFN,-40..105 °C,,active,infineon-device-db:1e7589fe5ce5,https://github.com/Infineon/device-db/tree/1e7589fe5ce5c25b68a5d8866c22c142df9b7555,2026-08-12T10:06:32+00:00,manufacturer_device_database,official_device_db_part_record
infineon::cypd7274-68lqxq,infineon::cypd7274-68lqxq,Infineon,CCG7D,CCG7D,CCG7D,CYPD7274-68LQXQ,CYPD7274-68LQXQ,,,,,68-QFN,-40..105 °C,,active,infineon-device-db:1e7589fe5ce5,https://github.com/Infineon/device-db/tree/1e7589fe5ce5c25b68a5d8866c22c142df9b7555,2026-08-12T10:06:32+00:00,manufacturer_device_database,official_device_db_part_record
infineon::cypd7275-68lqxq,infineon::cypd7275-68lqxq,Infineon,CCG7D,CCG7D,CCG7D,CYPD7275-68LQXQ,CYPD7275-68LQXQ,,,,,68-QFN,-40..105 °C,,active,infineon-device-db:1e7589fe5ce5,https://github.com/Infineon/device-db/tree/1e7589fe5ce5c25b68a5d8866c22c142df9b7555,2026-08-12T10:06:32+00:00,manufacturer_device_database,official_device_db_part_record
infineon::cypd7291-68ldxs,infineon::cypd7291-68ldxs,Infineon,CCG7D,CCG7D,CCG7D,CYPD7291-68LDXS,CYPD7291-68LDXS,,,,,68-QFN,-40..105 °C,,active,infineon-device-db:1e7589fe5ce5,https://github.com/Infineon/device-db/tree/1e7589fe5ce5c25b68a5d8866c22c142df9b7555,2026-08-12T10:06:32+00:00,manufacturer_device_database,official_device_db_part_record
infineon::cypd7294-68bfxs,infineon::cypd7294-68bfxs,Infineon,CCG7D,CCG7D,CCG7D,CYPD7294-68BFXS,CYPD7294-68BFXS,,,,,68-LGA,-40..105 °C,,active,infineon-device-db:1e7589fe5ce5,https://github.com/Infineon/device-db/tree/1e7589fe5ce5c25b68a5d8866c22c142df9b7555,2026-08-12T10:06:32+00:00,manufacturer_device_database,official_device_db_part_record
infineon::cypd7295-68bfxs,infineon::cypd7295-68bfxs,Infineon,CCG7D,CCG7D,CCG7D,CYPD7295-68BFXS,CYPD7295-68BFXS,,,,,68-LGA,-40..105 °C,,active,infineon-device-db:1e7589fe5ce5,https://github.com/Infineon/device-db/tree/1e7589fe5ce5c25b68a5d8866c22c142df9b7555,2026-08-12T10:06:32+00:00,manufacturer_device_database,official_device_db_part_record
infineon::cypd7296-68bfxs,infineon::cypd7296-68bfxs,Infineon,CCG7D,CCG7D,CCG7D,CYPD7296-68BFXS,CYPD7296-68BFXS,,,,,68-LGA,-40..105 °C,,active,infineon-device-db:1e7589fe5ce5,https://github.com/Infineon/device-db/tree/1e7589fe5ce5c25b68a5d8866c22c142df9b7555,2026-08-12T10:06:32+00:00,manufacturer_device_database,official_device_db_part_record
infineon::cypd7297-68bfxs,infineon::cypd7297-68bfxs,Infineon,CCG7D,CCG7D,CCG7D,CYPD7297-68BFXS,CYPD7297-68BFXS,,,,,68-LGA,-40..105 °C,,active,infineon-device-db:1e7589fe5ce5,https://github.com/Infineon/device-db/tree/1e7589fe5ce5c25b68a5d8866c22c142df9b7555,2026-08-12T10:06:32+00:00,manufacturer_device_database,official_device_db_part_record
infineon::cypd7299-68ldxs,infineon::cypd7299-68ldxs,Infineon,CCG7D,CCG7D,CCG7D,CYPD7299-68LDXS,CYPD7299-68LDXS,,,,,68-QFN,-40..105 °C,,active,infineon-device-db:1e7589fe5ce5,https://github.com/Infineon/device-db/tree/1e7589fe5ce5c25b68a5d8866c22c142df9b7555,2026-08-12T10:06:32+00:00,manufacturer_device_database,official_device_db_part_record
infineon::cypd8125-48ldxi,infineon::cypd8125-48ldxi,Infineon,CCG8,CCG8,CCG8,CYPD8125-48LDXI,CYPD8125-48LDXI,,,,,48-QFN-CYPD8125,-40..85 °C,,active,infineon-device-db:1e7589fe5ce5,https://github.com/Infineon/device-db/tree/1e7589fe5ce5c25b68a5d8866c22c142df9b7555,2026-08-12T10:06:32+00:00,manufacturer_device_database,official_device_db_part_record
infineon::cypd8129-52lqxit,infineon::cypd8129-52lqxit,Infineon,CCG8DF_CFP,CCG8DF_CFP,CCG8DF_CFP,CYPD8129-52LQXIT,CYPD8129-52LQXIT,,,,,52-QFN_1-Port-SW,-40..85 °C,,active,infineon-device-db:1e7589fe5ce5,https://github.com/Infineon/device-db/tree/1e7589fe5ce5c25b68a5d8866c22c142df9b7555,2026-08-12T10:06:32+00:00,manufacturer_device_database,official_device_db_part_record
infineon::cypd8139-52lqxit,infineon::cypd8139-52lqxit,Infineon,CCG8DF_CFP,CCG8DF_CFP,CCG8DF_CFP,CYPD8139-52LQXIT,CYPD8139-52LQXIT,,,,,52-QFN_1-Port-SW,-40..85 °C,,active,infineon-device-db:1e7589fe5ce5,https://github.com/Infineon/device-db/tree/1e7589fe5ce5c25b68a5d8866c22c142df9b7555,2026-08-12T10:06:32+00:00,manufacturer_device_database,official_device_db_part_record
infineon::cypd8225-97bzxit,infineon::cypd8225-97bzxit,Infineon,CCG8,CCG8,CCG8,CYPD8225-97BZXIT,CYPD8225-97BZXIT,,,,,97-BGA-CYPD8225,-40..85 °C,,active,infineon-device-db:1e7589fe5ce5,https://github.com/Infineon/device-db/tree/1e7589fe5ce5c25b68a5d8866c22c142df9b7555,2026-08-12T10:06:32+00:00,manufacturer_device_database,official_device_db_part_record
infineon::cypd8229-52lqxit,infineon::cypd8229-52lqxit,Infineon,CCG8DF_CFP,CCG8DF_CFP,CCG8DF_CFP,CYPD8229-52LQXIT,CYPD8229-52LQXIT,,,,,52-QFN-SW,-40..85 °C,,active,infineon-device-db:1e7589fe5ce5,https://github.com/Infineon/device-db/tree/1e7589fe5ce5c25b68a5d8866c22c142df9b7555,2026-08-12T10:06:32+00:00,manufacturer_device_database,official_device_db_part_record
infineon::cypd8239-52lqxit,infineon::cypd8239-52lqxit,Infineon,CCG8DF_CFP,CCG8DF_CFP,CCG8DF_CFP,CYPD8239-52LQXIT,CYPD8239-52LQXIT,,,,,52-QFN-SW,-40..85 °C,,active,infineon-device-db:1e7589fe5ce5,https://github.com/Infineon/device-db/tree/1e7589fe5ce5c25b68a5d8866c22c142df9b7555,2026-08-12T10:06:32+00:00,manufacturer_device_database,official_device_db_part_record
infineon::cypm1011-24lqxi,infineon::cypm1011-24lqxi,Infineon,PMG1-S0,PMG1-S0,PMG1-S0,CYPM1011-24LQXI,CYPM1011-24LQXI,,,,,24-QFN-PMG1-S0,-40..105 °C,,active,infineon-device-db:1e7589fe5ce5,https://github.com/Infineon/device-db/tree/1e7589fe5ce5c25b68a5d8866c22c142df9b7555,2026-08-12T10:06:32+00:00,manufacturer_device_database,official_device_db_part_record
infineon::cypm1111-40lqxit,infineon::cypm1111-40lqxit,Infineon,PMG1-S1,PMG1-S1,PMG1-S1,CYPM1111-40LQXIT,CYPM1111-40LQXIT,,,,,40-QFN-PMG1-S1,-40..85 °C,,active,infineon-device-db:1e7589fe5ce5,https://github.com/Infineon/device-db/tree/1e7589fe5ce5c25b68a5d8866c22c142df9b7555,2026-08-12T10:06:32+00:00,manufacturer_device_database,official_device_db_part_record
infineon::cypm1115-48lqxi,infineon::cypm1115-48lqxi,Infineon,PMG1-B1,PMG1-B1,PMG1-B1,CYPM1115-48LQXI,CYPM1115-48LQXI,,,,,48-QFN,-40..85 °C,,active,infineon-device-db:1e7589fe5ce5,https://github.com/Infineon/device-db/tree/1e7589fe5ce5c25b68a5d8866c22c142df9b7555,2026-08-12T10:06:32+00:00,manufacturer_device_database,official_device_db_part_record
infineon::cypm1116-48lqxi,infineon::cypm1116-48lqxi,Infineon,PMG1-B1,PMG1-B1,PMG1-B1,CYPM1116-48LQXI,CYPM1116-48LQXI,,,,,48-QFN,-40..85 °C,,active,infineon-device-db:1e7589fe5ce5,https://github.com/Infineon/device-db/tree/1e7589fe5ce5c25b68a5d8866c22c142df9b7555,2026-08-12T10:06:32+00:00,manufacturer_device_database,official_device_db_part_record
infineon::cypm1211-40lqxit,infineon::cypm1211-40lqxit,Infineon,PMG1-S2,PMG1-S2,PMG1-S2,CYPM1211-40LQXIT,CYPM1211-40LQXIT,,,,,40-QFN-PMG1-S2,-40..85 °C,,active,infineon-device-db:1e7589fe5ce5,https://github.com/Infineon/device-db/tree/1e7589fe5ce5c25b68a5d8866c22c142df9b7555,2026-08-12T10:06:32+00:00,manufacturer_device_database,official_device_db_part_record
infineon::cypm1211-42fnxit,infineon::cypm1211-42fnxit,Infineon,PMG1-S2,PMG1-S2,PMG1-S2,CYPM1211-42FNXIT,CYPM1211-42FNXIT,,,,,42-CSP-PMG1-S2,-40..85 °C,,active,infineon-device-db:1e7589fe5ce5,https://github.com/Infineon/device-db/tree/1e7589fe5ce5c25b68a5d8866c22c142df9b7555,2026-08-12T10:06:32+00:00,manufacturer_device_database,official_device_db_part_record
infineon::cypm1216-68lqxi,infineon::cypm1216-68lqxi,Infineon,PMG1-B2,PMG1-B2,PMG1-B2,CYPM1216-68LQXI,CYPM1216-68LQXI,,,,,68-QFN-PMG1-B2,-40..85 °C,,active,infineon-device-db:1e7589fe5ce5,https://github.com/Infineon/device-db/tree/1e7589fe5ce5c25b68a5d8866c22c142df9b7555,2026-08-12T10:06:32+00:00,manufacturer_device_database,official_device_db_part_record
infineon::cypm1311-48lqxi,infineon::cypm1311-48lqxi,Infineon,PMG1-S3,PMG1-S3,PMG1-S3,CYPM1311-48LQXI,CYPM1311-48LQXI,,,,,48-QFN-CYPM1311,-40..85 °C,,active,infineon-device-db:1e7589fe5ce5,https://github.com/Infineon/device-db/tree/1e7589fe5ce5c25b68a5d8866c22c142df9b7555,2026-08-12T10:06:32+00:00,manufacturer_device_database,official_device_db_part_record
infineon::cypm1321-97bzxit,infineon::cypm1321-97bzxit,Infineon,PMG1-S3,PMG1-S3,PMG1-S3,CYPM1321-97BZXIT,CYPM1321-97BZXIT,,,,,97-BGA-CYPM1321,-40..85 °C,,active,infineon-device-db:1e7589fe5ce5,https://github.com/Infineon/device-db/tree/1e7589fe5ce5c25b68a5d8866c22c142df9b7555,2026-08-12T10:06:32+00:00,manufacturer_device_database,official_device_db_part_record
infineon::cypm1322-97bzxit,infineon::cypm1322-97bzxit,Infineon,PMG1-S3,PMG1-S3,PMG1-S3,CYPM1322-97BZXIT,CYPM1322-97BZXIT,,,,,97-BGA-CYPM1322,-40..85 °C,,active,infineon-device-db:1e7589fe5ce5,https://github.com/Infineon/device-db/tree/1e7589fe5ce5c25b68a5d8866c22c142df9b7555,2026-08-12T10:06:32+00:00,manufacturer_device_database,official_device_db_part_record
infineon::cys0644abzi-s2d44,infineon::cys0644abzi-s2d44,Infineon,PSOC 64,PSOC 64,CYS06xxA,CYS0644ABZI-S2D44,CYS0644ABZI-S2D44,,,,,124-BGA,-40..85 °C,,active,infineon-device-db:1e7589fe5ce5,https://github.com/Infineon/device-db/tree/1e7589fe5ce5c25b68a5d8866c22c142df9b7555,2026-08-12T10:06:32+00:00,manufacturer_device_database,official_device_db_part_record
infineon::cys0644afni-s2d43,infineon::cys0644afni-s2d43,Infineon,PSOC 64,PSOC 64,CYS06xxA,CYS0644AFNI-S2D43,CYS0644AFNI-S2D43,,,,,100-WLCSP,-40..85 °C,,active,infineon-device-db:1e7589fe5ce5,https://github.com/Infineon/device-db/tree/1e7589fe5ce5c25b68a5d8866c22c142df9b7555,2026-08-12T10:06:32+00:00,manufacturer_device_database,official_device_db_part_record
infineon::cyt2b63bae,infineon::cyt2b63bae,Infineon,CYT2B6,CYT2B6,CYT2B6,CYT2B63BAE,CYT2B63BAE,,,,,64-LQFP,-40..125 °C,,active,infineon-device-db:1e7589fe5ce5,https://github.com/Infineon/device-db/tree/1e7589fe5ce5c25b68a5d8866c22c142df9b7555,2026-08-12T10:06:32+00:00,manufacturer_device_database,official_device_db_part_record
infineon::cyt2b63bas,infineon::cyt2b63bas,Infineon,CYT2B6,CYT2B6,CYT2B6,CYT2B63BAS,CYT2B63BAS,,,,,64-LQFP,-40..105 °C,,active,infineon-device-db:1e7589fe5ce5,https://github.com/Infineon/device-db/tree/1e7589fe5ce5c25b68a5d8866c22c142df9b7555,2026-08-12T10:06:32+00:00,manufacturer_device_database,official_device_db_part_record
infineon::cyt2b63cae,infineon::cyt2b63cae,Infineon,CYT2B6,CYT2B6,CYT2B6,CYT2B63CAE,CYT2B63CAE,,,,,64-LQFP,-40..125 °C,,active,infineon-device-db:1e7589fe5ce5,https://github.com/Infineon/device-db/tree/1e7589fe5ce5c25b68a5d8866c22c142df9b7555,2026-08-12T10:06:32+00:00,manufacturer_device_database,official_device_db_part_record
infineon::cyt2b63cas,infineon::cyt2b63cas,Infineon,CYT2B6,CYT2B6,CYT2B6,CYT2B63CAS,CYT2B63CAS,,,,,64-LQFP,-40..105 °C,,active,infineon-device-db:1e7589fe5ce5,https://github.com/Infineon/device-db/tree/1e7589fe5ce5c25b68a5d8866c22c142df9b7555,2026-08-12T10:06:32+00:00,manufacturer_device_database,official_device_db_part_record
infineon::cyt2b64bae,infineon::cyt2b64bae,Infineon,CYT2B6,CYT2B6,CYT2B6,CYT2B64BAE,CYT2B64BAE,,,,,80-LQFP,-40..125 °C,,active,infineon-device-db:1e7589fe5ce5,https://github.com/Infineon/device-db/tree/1e7589fe5ce5c25b68a5d8866c22c142df9b7555,2026-08-12T10:06:32+00:00,manufacturer_device_database,official_device_db_part_record
infineon::cyt2b64bas,infineon::cyt2b64bas,Infineon,CYT2B6,CYT2B6,CYT2B6,CYT2B64BAS,CYT2B64BAS,,,,,80-LQFP,-40..105 °C,,active,infineon-device-db:1e7589fe5ce5,https://github.com/Infineon/device-db/tree/1e7589fe5ce5c25b68a5d8866c22c142df9b7555,2026-08-12T10:06:32+00:00,manufacturer_device_database,official_device_db_part_record
infineon::cyt2b64cae,infineon::cyt2b64cae,Infineon,CYT2B6,CYT2B6,CYT2B6,CYT2B64CAE,CYT2B64CAE,,,,,80-LQFP,-40..125 °C,,active,infineon-device-db:1e7589fe5ce5,https://github.com/Infineon/device-db/tree/1e7589fe5ce5c25b68a5d8866c22c142df9b7555,2026-08-12T10:06:32+00:00,manufacturer_device_database,official_device_db_part_record
infineon::cyt2b64cas,infineon::cyt2b64cas,Infineon,CYT2B6,CYT2B6,CYT2B6,CYT2B64CAS,CYT2B64CAS,,,,,80-LQFP,-40..105 °C,,active,infineon-device-db:1e7589fe5ce5,https://github.com/Infineon/device-db/tree/1e7589fe5ce5c25b68a5d8866c22c142df9b7555,2026-08-12T10:06:32+00:00,manufacturer_device_database,official_device_db_part_record
infineon::cyt2b65bae,infineon::cyt2b65bae,Infineon,CYT2B6,CYT2B6,CYT2B6,CYT2B65BAE,CYT2B65BAE,,,,,100-LQFP,-40..125 °C,,active,infineon-device-db:1e7589fe5ce5,https://github.com/Infineon/device-db/tree/1e7589fe5ce5c25b68a5d8866c22c142df9b7555,2026-08-12T10:06:32+00:00,manufacturer_device_database,official_device_db_part_record
infineon::cyt2b65bas,infineon::cyt2b65bas,Infineon,CYT2B6,CYT2B6,CYT2B6,CYT2B65BAS,CYT2B65BAS,,,,,100-LQFP,-40..105 °C,,active,infineon-device-db:1e7589fe5ce5,https://github.com/Infineon/device-db/tree/1e7589fe5ce5c25b68a5d8866c22c142df9b7555,2026-08-12T10:06:32+00:00,manufacturer_device_database,official_device_db_part_record
infineon::cyt2b65cae,infineon::cyt2b65cae,Infineon,CYT2B6,CYT2B6,CYT2B6,CYT2B65CAE,CYT2B65CAE,,,,,100-LQFP,-40..125 °C,,active,infineon-device-db:1e7589fe5ce5,https://github.com/Infineon/device-db/tree/1e7589fe5ce5c25b68a5d8866c22c142df9b7555,2026-08-12T10:06:32+00:00,manufacturer_device_database,official_device_db_part_record
infineon::cyt2b65cas,infineon::cyt2b65cas,Infineon,CYT2B6,CYT2B6,CYT2B6,CYT2B65CAS,CYT2B65CAS,,,,,100-LQFP,-40..105 °C,,active,infineon-device-db:1e7589fe5ce5,https://github.com/Infineon/device-db/tree/1e7589fe5ce5c25b68a5d8866c22c142df9b7555,2026-08-12T10:06:32+00:00,manufacturer_device_database,official_device_db_part_record
infineon::cyt2b73bae,infineon::cyt2b73bae,Infineon,CYT2B7,CYT2B7,CYT2B7,CYT2B73BAE,CYT2B73BAE,,,,,64-LQFP,-40..125 °C,,active,infineon-device-db:1e7589fe5ce5,https://github.com/Infineon/device-db/tree/1e7589fe5ce5c25b68a5d8866c22c142df9b7555,2026-08-12T10:06:32+00:00,manufacturer_device_database,official_device_db_part_record
infineon::cyt2b73bas,infineon::cyt2b73bas,Infineon,CYT2B7,CYT2B7,CYT2B7,CYT2B73BAS,CYT2B73BAS,,,,,64-LQFP,-40..105 °C,,active,infineon-device-db:1e7589fe5ce5,https://github.com/Infineon/device-db/tree/1e7589fe5ce5c25b68a5d8866c22c142df9b7555,2026-08-12T10:06:32+00:00,manufacturer_device_database,official_device_db_part_record
infineon::cyt2b73cae,infineon::cyt2b73cae,Infineon,CYT2B7,CYT2B7,CYT2B7,CYT2B73CAE,CYT2B73CAE,,,,,64-LQFP,-40..125 °C,,active,infineon-device-db:1e7589fe5ce5,https://github.com/Infineon/device-db/tree/1e7589fe5ce5c25b68a5d8866c22c142df9b7555,2026-08-12T10:06:32+00:00,manufacturer_device_database,official_device_db_part_record
infineon::cyt2b73cas,infineon::cyt2b73cas,Infineon,CYT2B7,CYT2B7,CYT2B7,CYT2B73CAS,CYT2B73CAS,,,,,64-LQFP,-40..105 °C,,active,infineon-device-db:1e7589fe5ce5,https://github.com/Infineon/device-db/tree/1e7589fe5ce5c25b68a5d8866c22c142df9b7555,2026-08-12T10:06:32+00:00,manufacturer_device_database,official_device_db_part_record
infineon::cyt2b74bae,infineon::cyt2b74bae,Infineon,CYT2B7,CYT2B7,CYT2B7,CYT2B74BAE,CYT2B74BAE,,,,,80-LQFP,-40..125 °C,,active,infineon-device-db:1e7589fe5ce5,https://github.com/Infineon/device-db/tree/1e7589fe5ce5c25b68a5d8866c22c142df9b7555,2026-08-12T10:06:32+00:00,manufacturer_device_database,official_device_db_part_record
infineon::cyt2b74bas,infineon::cyt2b74bas,Infineon,CYT2B7,CYT2B7,CYT2B7,CYT2B74BAS,CYT2B74BAS,,,,,80-LQFP,-40..105 °C,,active,infineon-device-db:1e7589fe5ce5,https://github.com/Infineon/device-db/tree/1e7589fe5ce5c25b68a5d8866c22c142df9b7555,2026-08-12T10:06:32+00:00,manufacturer_device_database,official_device_db_part_record
infineon::cyt2b74cae,infineon::cyt2b74cae,Infineon,CYT2B7,CYT2B7,CYT2B7,CYT2B74CAE,CYT2B74CAE,,,,,80-LQFP,-40..125 °C,,active,infineon-device-db:1e7589fe5ce5,https://github.com/Infineon/device-db/tree/1e7589fe5ce5c25b68a5d8866c22c142df9b7555,2026-08-12T10:06:32+00:00,manufacturer_device_database,official_device_db_part_record
infineon::cyt2b74cas,infineon::cyt2b74cas,Infineon,CYT2B7,CYT2B7,CYT2B7,CYT2B74CAS,CYT2B74CAS,,,,,80-LQFP,-40..105 °C,,active,infineon-device-db:1e7589fe5ce5,https://github.com/Infineon/device-db/tree/1e7589fe5ce5c25b68a5d8866c22c142df9b7555,2026-08-12T10:06:32+00:00,manufacturer_device_database,official_device_db_part_record
infineon::cyt2b75bae,infineon::cyt2b75bae,Infineon,CYT2B7,CYT2B7,CYT2B7,CYT2B75BAE,CYT2B75BAE,,,,,100-LQFP,-40..125 °C,,active,infineon-device-db:1e7589fe5ce5,https://github.com/Infineon/device-db/tree/1e7589fe5ce5c25b68a5d8866c22c142df9b7555,2026-08-12T10:06:32+00:00,manufacturer_device_database,official_device_db_part_record
infineon::cyt2b75bas,infineon::cyt2b75bas,Infineon,CYT2B7,CYT2B7,CYT2B7,CYT2B75BAS,CYT2B75BAS,,,,,100-LQFP,-40..105 °C,,active,infineon-device-db:1e7589fe5ce5,https://github.com/Infineon/device-db/tree/1e7589fe5ce5c25b68a5d8866c22c142df9b7555,2026-08-12T10:06:32+00:00,manufacturer_device_database,official_device_db_part_record
infineon::cyt2b75cae,infineon::cyt2b75cae,Infineon,CYT2B7,CYT2B7,CYT2B7,CYT2B75CAE,CYT2B75CAE,,,,,100-LQFP,-40..125 °C,,active,infineon-device-db:1e7589fe5ce5,https://github.com/Infineon/device-db/tree/1e7589fe5ce5c25b68a5d8866c22c142df9b7555,2026-08-12T10:06:32+00:00,manufacturer_device_database,official_device_db_part_record
infineon::cyt2b75cas,infineon::cyt2b75cas,Infineon,CYT2B7,CYT2B7,CYT2B7,CYT2B75CAS,CYT2B75CAS,,,,,100-LQFP,-40..105 °C,,active,infineon-device-db:1e7589fe5ce5,https://github.com/Infineon/device-db/tree/1e7589fe5ce5c25b68a5d8866c22c142df9b7555,2026-08-12T10:06:32+00:00,manufacturer_device_database,official_device_db_part_record
infineon::cyt2b77bae,infineon::cyt2b77bae,Infineon,CYT2B7,CYT2B7,CYT2B7,CYT2B77BAE,CYT2B77BAE,,,,,144-LQFP,-40..125 °C,,active,infineon-device-db:1e7589fe5ce5,https://github.com/Infineon/device-db/tree/1e7589fe5ce5c25b68a5d8866c22c142df9b7555,2026-08-12T10:06:32+00:00,manufacturer_device_database,official_device_db_part_record
infineon::cyt2b77bas,infineon::cyt2b77bas,Infineon,CYT2B7,CYT2B7,CYT2B7,CYT2B77BAS,CYT2B77BAS,,,,,144-LQFP,-40..105 °C,,active,infineon-device-db:1e7589fe5ce5,https://github.com/Infineon/device-db/tree/1e7589fe5ce5c25b68a5d8866c22c142df9b7555,2026-08-12T10:06:32+00:00,manufacturer_device_database,official_device_db_part_record
infineon::cyt2b77cae,infineon::cyt2b77cae,Infineon,CYT2B7,CYT2B7,CYT2B7,CYT2B77CAE,CYT2B77CAE,,,,,144-LQFP,-40..125 °C,,active,infineon-device-db:1e7589fe5ce5,https://github.com/Infineon/device-db/tree/1e7589fe5ce5c25b68a5d8866c22c142df9b7555,2026-08-12T10:06:32+00:00,manufacturer_device_database,official_device_db_part_record
infineon::cyt2b77cas,infineon::cyt2b77cas,Infineon,CYT2B7,CYT2B7,CYT2B7,CYT2B77CAS,CYT2B77CAS,,,,,144-LQFP,-40..105 °C,,active,infineon-device-db:1e7589fe5ce5,https://github.com/Infineon/device-db/tree/1e7589fe5ce5c25b68a5d8866c22c142df9b7555,2026-08-12T10:06:32+00:00,manufacturer_device_database,official_device_db_part_record
infineon::cyt2b78bae,infineon::cyt2b78bae,Infineon,CYT2B7,CYT2B7,CYT2B7,CYT2B78BAE,CYT2B78BAE,,,,,176-LQFP,-40..125 °C,,active,infineon-device-db:1e7589fe5ce5,https://github.com/Infineon/device-db/tree/1e7589fe5ce5c25b68a5d8866c22c142df9b7555,2026-08-12T10:06:32+00:00,manufacturer_device_database,official_device_db_part_record
infineon::cyt2b78bas,infineon::cyt2b78bas,Infineon,CYT2B7,CYT2B7,CYT2B7,CYT2B78BAS,CYT2B78BAS,,,,,176-LQFP,-40..105 °C,,active,infineon-device-db:1e7589fe5ce5,https://github.com/Infineon/device-db/tree/1e7589fe5ce5c25b68a5d8866c22c142df9b7555,2026-08-12T10:06:32+00:00,manufacturer_device_database,official_device_db_part_record
infineon::cyt2b78cae,infineon::cyt2b78cae,Infineon,CYT2B7,CYT2B7,CYT2B7,CYT2B78CAE,CYT2B78CAE,,,,,176-LQFP,-40..125 °C,,active,infineon-device-db:1e7589fe5ce5,https://github.com/Infineon/device-db/tree/1e7589fe5ce5c25b68a5d8866c22c142df9b7555,2026-08-12T10:06:32+00:00,manufacturer_device_database,official_device_db_part_record
infineon::cyt2b78cas,infineon::cyt2b78cas,Infineon,CYT2B7,CYT2B7,CYT2B7,CYT2B78CAS,CYT2B78CAS,,,,,176-LQFP,-40..105 °C,,active,infineon-device-db:1e7589fe5ce5,https://github.com/Infineon/device-db/tree/1e7589fe5ce5c25b68a5d8866c22c142df9b7555,2026-08-12T10:06:32+00:00,manufacturer_device_database,official_device_db_part_record
infineon::cyt2b93bae,infineon::cyt2b93bae,Infineon,CYT2B9,CYT2B9,CYT2B9,CYT2B93BAE,CYT2B93BAE,,,,,64-LQFP,-40..125 °C,,active,infineon-device-db:1e7589fe5ce5,https://github.com/Infineon/device-db/tree/1e7589fe5ce5c25b68a5d8866c22c142df9b7555,2026-08-12T10:06:32+00:00,manufacturer_device_database,official_device_db_part_record
infineon::cyt2b93bas,infineon::cyt2b93bas,Infineon,CYT2B9,CYT2B9,CYT2B9,CYT2B93BAS,CYT2B93BAS,,,,,64-LQFP,-40..105 °C,,active,infineon-device-db:1e7589fe5ce5,https://github.com/Infineon/device-db/tree/1e7589fe5ce5c25b68a5d8866c22c142df9b7555,2026-08-12T10:06:32+00:00,manufacturer_device_database,official_device_db_part_record
infineon::cyt2b93cae,infineon::cyt2b93cae,Infineon,CYT2B9,CYT2B9,CYT2B9,CYT2B93CAE,CYT2B93CAE,,,,,64-LQFP,-40..125 °C,,active,infineon-device-db:1e7589fe5ce5,https://github.com/Infineon/device-db/tree/1e7589fe5ce5c25b68a5d8866c22c142df9b7555,2026-08-12T10:06:32+00:00,manufacturer_device_database,official_device_db_part_record
infineon::cyt2b93cas,infineon::cyt2b93cas,Infineon,CYT2B9,CYT2B9,CYT2B9,CYT2B93CAS,CYT2B93CAS,,,,,64-LQFP,-40..105 °C,,active,infineon-device-db:1e7589fe5ce5,https://github.com/Infineon/device-db/tree/1e7589fe5ce5c25b68a5d8866c22c142df9b7555,2026-08-12T10:06:32+00:00,manufacturer_device_database,official_device_db_part_record
infineon::cyt2b94bae,infineon::cyt2b94bae,Infineon,CYT2B9,CYT2B9,CYT2B9,CYT2B94BAE,CYT2B94BAE,,,,,80-LQFP,-40..125 °C,,active,infineon-device-db:1e7589fe5ce5,https://github.com/Infineon/device-db/tree/1e7589fe5ce5c25b68a5d8866c22c142df9b7555,2026-08-12T10:06:32+00:00,manufacturer_device_database,official_device_db_part_record
infineon::cyt2b94bas,infineon::cyt2b94bas,Infineon,CYT2B9,CYT2B9,CYT2B9,CYT2B94BAS,CYT2B94BAS,,,,,80-LQFP,-40..105 °C,,active,infineon-device-db:1e7589fe5ce5,https://github.com/Infineon/device-db/tree/1e7589fe5ce5c25b68a5d8866c22c142df9b7555,2026-08-12T10:06:32+00:00,manufacturer_device_database,official_device_db_part_record
infineon::cyt2b94cae,infineon::cyt2b94cae,Infineon,CYT2B9,CYT2B9,CYT2B9,CYT2B94CAE,CYT2B94CAE,,,,,80-LQFP,-40..125 °C,,active,infineon-device-db:1e7589fe5ce5,https://github.com/Infineon/device-db/tree/1e7589fe5ce5c25b68a5d8866c22c142df9b7555,2026-08-12T10:06:32+00:00,manufacturer_device_database,official_device_db_part_record
infineon::cyt2b94cas,infineon::cyt2b94cas,Infineon,CYT2B9,CYT2B9,CYT2B9,CYT2B94CAS,CYT2B94CAS,,,,,80-LQFP,-40..105 °C,,active,infineon-device-db:1e7589fe5ce5,https://github.com/Infineon/device-db/tree/1e7589fe5ce5c25b68a5d8866c22c142df9b7555,2026-08-12T10:06:32+00:00,manufacturer_device_database,official_device_db_part_record
infineon::cyt2b95bae,infineon::cyt2b95bae,Infineon,CYT2B9,CYT2B9,CYT2B9,CYT2B95BAE,CYT2B95BAE,,,,,100-LQFP,-40..125 °C,,active,infineon-device-db:1e7589fe5ce5,https://github.com/Infineon/device-db/tree/1e7589fe5ce5c25b68a5d8866c22c142df9b7555,2026-08-12T10:06:32+00:00,manufacturer_device_database,official_device_db_part_record
infineon::cyt2b95bas,infineon::cyt2b95bas,Infineon,CYT2B9,CYT2B9,CYT2B9,CYT2B95BAS,CYT2B95BAS,,,,,100-LQFP,-40..105 °C,,active,infineon-device-db:1e7589fe5ce5,https://github.com/Infineon/device-db/tree/1e7589fe5ce5c25b68a5d8866c22c142df9b7555,2026-08-12T10:06:32+00:00,manufacturer_device_database,official_device_db_part_record
infineon::cyt2b95cae,infineon::cyt2b95cae,Infineon,CYT2B9,CYT2B9,CYT2B9,CYT2B95CAE,CYT2B95CAE,,,,,100-LQFP,-40..125 °C,,active,infineon-device-db:1e7589fe5ce5,https://github.com/Infineon/device-db/tree/1e7589fe5ce5c25b68a5d8866c22c142df9b7555,2026-08-12T10:06:32+00:00,manufacturer_device_database,official_device_db_part_record
infineon::cyt2b95cas,infineon::cyt2b95cas,Infineon,CYT2B9,CYT2B9,CYT2B9,CYT2B95CAS,CYT2B95CAS,,,,,100-LQFP,-40..105 °C,,active,infineon-device-db:1e7589fe5ce5,https://github.com/Infineon/device-db/tree/1e7589fe5ce5c25b68a5d8866c22c142df9b7555,2026-08-12T10:06:32+00:00,manufacturer_device_database,official_device_db_part_record
infineon::cyt2b97bae,infineon::cyt2b97bae,Infineon,CYT2B9,CYT2B9,CYT2B9,CYT2B97BAE,CYT2B97BAE,,,,,144-LQFP,-40..125 °C,,active,infineon-device-db:1e7589fe5ce5,https://github.com/Infineon/device-db/tree/1e7589fe5ce5c25b68a5d8866c22c142df9b7555,2026-08-12T10:06:32+00:00,manufacturer_device_database,official_device_db_part_record
infineon::cyt2b97bas,infineon::cyt2b97bas,Infineon,CYT2B9,CYT2B9,CYT2B9,CYT2B97BAS,CYT2B97BAS,,,,,144-LQFP,-40..105 °C,,active,infineon-device-db:1e7589fe5ce5,https://github.com/Infineon/device-db/tree/1e7589fe5ce5c25b68a5d8866c22c142df9b7555,2026-08-12T10:06:32+00:00,manufacturer_device_database,official_device_db_part_record
infineon::cyt2b97cae,infineon::cyt2b97cae,Infineon,CYT2B9,CYT2B9,CYT2B9,CYT2B97CAE,CYT2B97CAE,,,,,144-LQFP,-40..125 °C,,active,infineon-device-db:1e7589fe5ce5,https://github.com/Infineon/device-db/tree/1e7589fe5ce5c25b68a5d8866c22c142df9b7555,2026-08-12T10:06:32+00:00,manufacturer_device_database,official_device_db_part_record
infineon::cyt2b97cas,infineon::cyt2b97cas,Infineon,CYT2B9,CYT2B9,CYT2B9,CYT2B97CAS,CYT2B97CAS,,,,,144-LQFP,-40..105 °C,,active,infineon-device-db:1e7589fe5ce5,https://github.com/Infineon/device-db/tree/1e7589fe5ce5c25b68a5d8866c22c142df9b7555,2026-08-12T10:06:32+00:00,manufacturer_device_database,official_device_db_part_record
infineon::cyt2b98bae,infineon::cyt2b98bae,Infineon,CYT2B9,CYT2B9,CYT2B9,CYT2B98BAE,CYT2B98BAE,,,,,176-LQFP,-40..125 °C,,active,infineon-device-db:1e7589fe5ce5,https://github.com/Infineon/device-db/tree/1e7589fe5ce5c25b68a5d8866c22c142df9b7555,2026-08-12T10:06:32+00:00,manufacturer_device_database,official_device_db_part_record
infineon::cyt2b98bas,infineon::cyt2b98bas,Infineon,CYT2B9,CYT2B9,CYT2B9,CYT2B98BAS,CYT2B98BAS,,,,,176-LQFP,-40..105 °C,,active,infineon-device-db:1e7589fe5ce5,https://github.com/Infineon/device-db/tree/1e7589fe5ce5c25b68a5d8866c22c142df9b7555,2026-08-12T10:06:32+00:00,manufacturer_device_database,official_device_db_part_record
infineon::cyt2b98cae,infineon::cyt2b98cae,Infineon,CYT2B9,CYT2B9,CYT2B9,CYT2B98CAE,CYT2B98CAE,,,,,176-LQFP,-40..125 °C,,active,infineon-device-db:1e7589fe5ce5,https://github.com/Infineon/device-db/tree/1e7589fe5ce5c25b68a5d8866c22c142df9b7555,2026-08-12T10:06:32+00:00,manufacturer_device_database,official_device_db_part_record
infineon::cyt2b98cas,infineon::cyt2b98cas,Infineon,CYT2B9,CYT2B9,CYT2B9,CYT2B98CAS,CYT2B98CAS,,,,,176-LQFP,-40..105 °C,,active,infineon-device-db:1e7589fe5ce5,https://github.com/Infineon/device-db/tree/1e7589fe5ce5c25b68a5d8866c22c142df9b7555,2026-08-12T10:06:32+00:00,manufacturer_device_database,official_device_db_part_record
infineon::cyt2bl3bae,infineon::cyt2bl3bae,Infineon,CYT2BL,CYT2BL,CYT2BL,CYT2BL3BAE,CYT2BL3BAE,,,,,64-LQFP,-40..125 °C,,active,infineon-device-db:1e7589fe5ce5,https://github.com/Infineon/device-db/tree/1e7589fe5ce5c25b68a5d8866c22c142df9b7555,2026-08-12T10:06:32+00:00,manufacturer_device_database,official_device_db_part_record
infineon::cyt2bl3bas,infineon::cyt2bl3bas,Infineon,CYT2BL,CYT2BL,CYT2BL,CYT2BL3BAS,CYT2BL3BAS,,,,,64-LQFP,-40..105 °C,,active,infineon-device-db:1e7589fe5ce5,https://github.com/Infineon/device-db/tree/1e7589fe5ce5c25b68a5d8866c22c142df9b7555,2026-08-12T10:06:32+00:00,manufacturer_device_database,official_device_db_part_record
infineon::cyt2bl3cae,infineon::cyt2bl3cae,Infineon,CYT2BL,CYT2BL,CYT2BL,CYT2BL3CAE,CYT2BL3CAE,,,,,64-LQFP,-40..125 °C,,active,infineon-device-db:1e7589fe5ce5,https://github.com/Infineon/device-db/tree/1e7589fe5ce5c25b68a5d8866c22c142df9b7555,2026-08-12T10:06:32+00:00,manufacturer_device_database,official_device_db_part_record
infineon::cyt2bl3cas,infineon::cyt2bl3cas,Infineon,CYT2BL,CYT2BL,CYT2BL,CYT2BL3CAS,CYT2BL3CAS,,,,,64-LQFP,-40..105 °C,,active,infineon-device-db:1e7589fe5ce5,https://github.com/Infineon/device-db/tree/1e7589fe5ce5c25b68a5d8866c22c142df9b7555,2026-08-12T10:06:32+00:00,manufacturer_device_database,official_device_db_part_record
infineon::cyt2bl4bae,infineon::cyt2bl4bae,Infineon,CYT2BL,CYT2BL,CYT2BL,CYT2BL4BAE,CYT2BL4BAE,,,,,80-LQFP,-40..125 °C,,active,infineon-device-db:1e7589fe5ce5,https://github.com/Infineon/device-db/tree/1e7589fe5ce5c25b68a5d8866c22c142df9b7555,2026-08-12T10:06:32+00:00,manufacturer_device_database,official_device_db_part_record
infineon::cyt2bl4bas,infineon::cyt2bl4bas,Infineon,CYT2BL,CYT2BL,CYT2BL,CYT2BL4BAS,CYT2BL4BAS,,,,,80-LQFP,-40..105 °C,,active,infineon-device-db:1e7589fe5ce5,https://github.com/Infineon/device-db/tree/1e7589fe5ce5c25b68a5d8866c22c142df9b7555,2026-08-12T10:06:32+00:00,manufacturer_device_database,official_device_db_part_record
infineon::cyt2bl4cae,infineon::cyt2bl4cae,Infineon,CYT2BL,CYT2BL,CYT2BL,CYT2BL4CAE,CYT2BL4CAE,,,,,80-LQFP,-40..125 °C,,active,infineon-device-db:1e7589fe5ce5,https://github.com/Infineon/device-db/tree/1e7589fe5ce5c25b68a5d8866c22c142df9b7555,2026-08-12T10:06:32+00:00,manufacturer_device_database,official_device_db_part_record
infineon::cyt2bl4cas,infineon::cyt2bl4cas,Infineon,CYT2BL,CYT2BL,CYT2BL,CYT2BL4CAS,CYT2BL4CAS,,,,,80-LQFP,-40..105 °C,,active,infineon-device-db:1e7589fe5ce5,https://github.com/Infineon/device-db/tree/1e7589fe5ce5c25b68a5d8866c22c142df9b7555,2026-08-12T10:06:32+00:00,manufacturer_device_database,official_device_db_part_record
infineon::cyt2bl5bae,infineon::cyt2bl5bae,Infineon,CYT2BL,CYT2BL,CYT2BL,CYT2BL5BAE,CYT2BL5BAE,,,,,100-LQFP,-40..125 °C,,active,infineon-device-db:1e7589fe5ce5,https://github.com/Infineon/device-db/tree/1e7589fe5ce5c25b68a5d8866c22c142df9b7555,2026-08-12T10:06:32+00:00,manufacturer_device_database,official_device_db_part_record
infineon::cyt2bl5bas,infineon::cyt2bl5bas,Infineon,CYT2BL,CYT2BL,CYT2BL,CYT2BL5BAS,CYT2BL5BAS,,,,,100-LQFP,-40..105 °C,,active,infineon-device-db:1e7589fe5ce5,https://github.com/Infineon/device-db/tree/1e7589fe5ce5c25b68a5d8866c22c142df9b7555,2026-08-12T10:06:32+00:00,manufacturer_device_database,official_device_db_part_record
infineon::cyt2bl5cae,infineon::cyt2bl5cae,Infineon,CYT2BL,CYT2BL,CYT2BL,CYT2BL5CAE,CYT2BL5CAE,,,,,100-LQFP,-40..125 °C,,active,infineon-device-db:1e7589fe5ce5,https://github.com/Infineon/device-db/tree/1e7589fe5ce5c25b68a5d8866c22c142df9b7555,2026-08-12T10:06:32+00:00,manufacturer_device_database,official_device_db_part_record
infineon::cyt2bl5cas,infineon::cyt2bl5cas,Infineon,CYT2BL,CYT2BL,CYT2BL,CYT2BL5CAS,CYT2BL5CAS,,,,,100-LQFP,-40..105 °C,,active,infineon-device-db:1e7589fe5ce5,https://github.com/Infineon/device-db/tree/1e7589fe5ce5c25b68a5d8866c22c142df9b7555,2026-08-12T10:06:32+00:00,manufacturer_device_database,official_device_db_part_record
infineon::cyt2bl7bae,infineon::cyt2bl7bae,Infineon,CYT2BL,CYT2BL,CYT2BL,CYT2BL7BAE,CYT2BL7BAE,,,,,144-LQFP,-40..125 °C,,active,infineon-device-db:1e7589fe5ce5,https://github.com/Infineon/device-db/tree/1e7589fe5ce5c25b68a5d8866c22c142df9b7555,2026-08-12T10:06:32+00:00,manufacturer_device_database,official_device_db_part_record
infineon::cyt2bl7bas,infineon::cyt2bl7bas,Infineon,CYT2BL,CYT2BL,CYT2BL,CYT2BL7BAS,CYT2BL7BAS,,,,,144-LQFP,-40..105 °C,,active,infineon-device-db:1e7589fe5ce5,https://github.com/Infineon/device-db/tree/1e7589fe5ce5c25b68a5d8866c22c142df9b7555,2026-08-12T10:06:32+00:00,manufacturer_device_database,official_device_db_part_record
infineon::cyt2bl7cae,infineon::cyt2bl7cae,Infineon,CYT2BL,CYT2BL,CYT2BL,CYT2BL7CAE,CYT2BL7CAE,,,,,144-LQFP,-40..125 °C,,active,infineon-device-db:1e7589fe5ce5,https://github.com/Infineon/device-db/tree/1e7589fe5ce5c25b68a5d8866c22c142df9b7555,2026-08-12T10:06:32+00:00,manufacturer_device_database,official_device_db_part_record
infineon::cyt2bl7cas,infineon::cyt2bl7cas,Infineon,CYT2BL,CYT2BL,CYT2BL,CYT2BL7CAS,CYT2BL7CAS,,,,,144-LQFP,-40..105 °C,,active,infineon-device-db:1e7589fe5ce5,https://github.com/Infineon/device-db/tree/1e7589fe5ce5c25b68a5d8866c22c142df9b7555,2026-08-12T10:06:32+00:00,manufacturer_device_database,official_device_db_part_record
infineon::cyt2bl8bae,infineon::cyt2bl8bae,Infineon,CYT2BL,CYT2BL,CYT2BL,CYT2BL8BAE,CYT2BL8BAE,,,,,176-LQFP,-40..125 °C,,active,infineon-device-db:1e7589fe5ce5,https://github.com/Infineon/device-db/tree/1e7589fe5ce5c25b68a5d8866c22c142df9b7555,2026-08-12T10:06:32+00:00,manufacturer_device_database,official_device_db_part_record
infineon::cyt2bl8bas,infineon::cyt2bl8bas,Infineon,CYT2BL,CYT2BL,CYT2BL,CYT2BL8BAS,CYT2BL8BAS,,,,,176-LQFP,-40..105 °C,,active,infineon-device-db:1e7589fe5ce5,https://github.com/Infineon/device-db/tree/1e7589fe5ce5c25b68a5d8866c22c142df9b7555,2026-08-12T10:06:32+00:00,manufacturer_device_database,official_device_db_part_record
infineon::cyt2bl8cae,infineon::cyt2bl8cae,Infineon,CYT2BL,CYT2BL,CYT2BL,CYT2BL8CAE,CYT2BL8CAE,,,,,176-LQFP,-40..125 °C,,active,infineon-device-db:1e7589fe5ce5,https://github.com/Infineon/device-db/tree/1e7589fe5ce5c25b68a5d8866c22c142df9b7555,2026-08-12T10:06:32+00:00,manufacturer_device_database,official_device_db_part_record
infineon::cyt2bl8cas,infineon::cyt2bl8cas,Infineon,CYT2BL,CYT2BL,CYT2BL,CYT2BL8CAS,CYT2BL8CAS,,,,,176-LQFP,-40..105 °C,,active,infineon-device-db:1e7589fe5ce5,https://github.com/Infineon/device-db/tree/1e7589fe5ce5c25b68a5d8866c22c142df9b7555,2026-08-12T10:06:32+00:00,manufacturer_device_database,official_device_db_part_record
infineon::cyt3bb5cee,infineon::cyt3bb5cee,Infineon,CYT3BB,CYT3BB,CYT3BB,CYT3BB5CEE,CYT3BB5CEE,,,,,100-TEQFP,-40..125 °C,,active,infineon-device-db:1e7589fe5ce5,https://github.com/Infineon/device-db/tree/1e7589fe5ce5c25b68a5d8866c22c142df9b7555,2026-08-12T10:06:32+00:00,manufacturer_device_database,official_device_db_part_record
infineon::cyt3bb5ces,infineon::cyt3bb5ces,Infineon,CYT3BB,CYT3BB,CYT3BB,CYT3BB5CES,CYT3BB5CES,,,,,100-TEQFP,-40..105 °C,,active,infineon-device-db:1e7589fe5ce5,https://github.com/Infineon/device-db/tree/1e7589fe5ce5c25b68a5d8866c22c142df9b7555,2026-08-12T10:06:32+00:00,manufacturer_device_database,official_device_db_part_record
infineon::cyt3bb7cee,infineon::cyt3bb7cee,Infineon,CYT3BB,CYT3BB,CYT3BB,CYT3BB7CEE,CYT3BB7CEE,,,,,144-TEQFP,-40..125 °C,,active,infineon-device-db:1e7589fe5ce5,https://github.com/Infineon/device-db/tree/1e7589fe5ce5c25b68a5d8866c22c142df9b7555,2026-08-12T10:06:32+00:00,manufacturer_device_database,official_device_db_part_record
infineon::cyt3bb7ces,infineon::cyt3bb7ces,Infineon,CYT3BB,CYT3BB,CYT3BB,CYT3BB7CES,CYT3BB7CES,,,,,144-TEQFP,-40..105 °C,,active,infineon-device-db:1e7589fe5ce5,https://github.com/Infineon/device-db/tree/1e7589fe5ce5c25b68a5d8866c22c142df9b7555,2026-08-12T10:06:32+00:00,manufacturer_device_database,official_device_db_part_record
infineon::cyt3bb8cee,infineon::cyt3bb8cee,Infineon,CYT3BB,CYT3BB,CYT3BB,CYT3BB8CEE,CYT3BB8CEE,,,,,176-TEQFP,-40..125 °C,,active,infineon-device-db:1e7589fe5ce5,https://github.com/Infineon/device-db/tree/1e7589fe5ce5c25b68a5d8866c22c142df9b7555,2026-08-12T10:06:32+00:00,manufacturer_device_database,official_device_db_part_record
infineon::cyt3bb8ces,infineon::cyt3bb8ces,Infineon,CYT3BB,CYT3BB,CYT3BB,CYT3BB8CES,CYT3BB8CES,,,,,176-TEQFP,-40..105 °C,,active,infineon-device-db:1e7589fe5ce5,https://github.com/Infineon/device-db/tree/1e7589fe5ce5c25b68a5d8866c22c142df9b7555,2026-08-12T10:06:32+00:00,manufacturer_device_database,official_device_db_part_record
infineon::cyt3bbbcee,infineon::cyt3bbbcee,Infineon,CYT3BB,CYT3BB,CYT3BB,CYT3BBBCEE,CYT3BBBCEE,,,,,272-BGA,-40..125 °C,,active,infineon-device-db:1e7589fe5ce5,https://github.com/Infineon/device-db/tree/1e7589fe5ce5c25b68a5d8866c22c142df9b7555,2026-08-12T10:06:32+00:00,manufacturer_device_database,official_device_db_part_record
infineon::cyt3bbbces,infineon::cyt3bbbces,Infineon,CYT3BB,CYT3BB,CYT3BB,CYT3BBBCES,CYT3BBBCES,,,,,272-BGA,-40..105 °C,,active,infineon-device-db:1e7589fe5ce5,https://github.com/Infineon/device-db/tree/1e7589fe5ce5c25b68a5d8866c22c142df9b7555,2026-08-12T10:06:32+00:00,manufacturer_device_database,official_device_db_part_record
infineon::cyt3dlabas,infineon::cyt3dlabas,Infineon,CYT3DL,CYT3DL,CYT3DL,CYT3DLABAS,CYT3DLABAS,,,,,216-TEQFP,-40..105 °C,,active,infineon-device-db:1e7589fe5ce5,https://github.com/Infineon/device-db/tree/1e7589fe5ce5c25b68a5d8866c22c142df9b7555,2026-08-12T10:06:32+00:00,manufacturer_device_database,official_device_db_part_record
infineon::cyt3dlabbs,infineon::cyt3dlabbs,Infineon,CYT3DL,CYT3DL,CYT3DL,CYT3DLABBS,CYT3DLABBS,,,,,216-TEQFP,-40..105 °C,,active,infineon-device-db:1e7589fe5ce5,https://github.com/Infineon/device-db/tree/1e7589fe5ce5c25b68a5d8866c22c142df9b7555,2026-08-12T10:06:32+00:00,manufacturer_device_database,official_device_db_part_record
infineon::cyt3dlabcs,infineon::cyt3dlabcs,Infineon,CYT3DL,CYT3DL,CYT3DL,CYT3DLABCS,CYT3DLABCS,,,,,216-TEQFP,-40..105 °C,,active,infineon-device-db:1e7589fe5ce5,https://github.com/Infineon/device-db/tree/1e7589fe5ce5c25b68a5d8866c22c142df9b7555,2026-08-12T10:06:32+00:00,manufacturer_device_database,official_device_db_part_record
infineon::cyt3dlabds,infineon::cyt3dlabds,Infineon,CYT3DL,CYT3DL,CYT3DL,CYT3DLABDS,CYT3DLABDS,,,,,216-TEQFP,-40..105 °C,,active,infineon-device-db:1e7589fe5ce5,https://github.com/Infineon/device-db/tree/1e7589fe5ce5c25b68a5d8866c22c142df9b7555,2026-08-12T10:06:32+00:00,manufacturer_device_database,official_device_db_part_record
infineon::cyt3dlabes,infineon::cyt3dlabes,Infineon,CYT3DL,CYT3DL,CYT3DL,CYT3DLABES,CYT3DLABES,,,,,216-TEQFP,-40..105 °C,,active,infineon-device-db:1e7589fe5ce5,https://github.com/Infineon/device-db/tree/1e7589fe5ce5c25b68a5d8866c22c142df9b7555,2026-08-12T10:06:32+00:00,manufacturer_device_database,official_device_db_part_record
infineon::cyt3dlabfs,infineon::cyt3dlabfs,Infineon,CYT3DL,CYT3DL,CYT3DL,CYT3DLABFS,CYT3DLABFS,,,,,216-TEQFP,-40..105 °C,,active,infineon-device-db:1e7589fe5ce5,https://github.com/Infineon/device-db/tree/1e7589fe5ce5c25b68a5d8866c22c142df9b7555,2026-08-12T10:06:32+00:00,manufacturer_device_database,official_device_db_part_record
infineon::cyt3dlabgs,infineon::cyt3dlabgs,Infineon,CYT3DL,CYT3DL,CYT3DL,CYT3DLABGS,CYT3DLABGS,,,,,216-TEQFP,-40..105 °C,,active,infineon-device-db:1e7589fe5ce5,https://github.com/Infineon/device-db/tree/1e7589fe5ce5c25b68a5d8866c22c142df9b7555,2026-08-12T10:06:32+00:00,manufacturer_device_database,official_device_db_part_record
infineon::cyt3dlabhs,infineon::cyt3dlabhs,Infineon,CYT3DL,CYT3DL,CYT3DL,CYT3DLABHS,CYT3DLABHS,,,,,216-TEQFP,-40..105 °C,,active,infineon-device-db:1e7589fe5ce5,https://github.com/Infineon/device-db/tree/1e7589fe5ce5c25b68a5d8866c22c142df9b7555,2026-08-12T10:06:32+00:00,manufacturer_device_database,official_device_db_part_record
infineon::cyt3dlabss,infineon::cyt3dlabss,Infineon,CYT3DL,CYT3DL,CYT3DL,CYT3DLABSS,CYT3DLABSS,,,,,216-TEQFP,-40..105 °C,,active,infineon-device-db:1e7589fe5ce5,https://github.com/Infineon/device-db/tree/1e7589fe5ce5c25b68a5d8866c22c142df9b7555,2026-08-12T10:06:32+00:00,manufacturer_device_database,official_device_db_part_record
infineon::cyt3dlabzs,infineon::cyt3dlabzs,Infineon,CYT3DL,CYT3DL,CYT3DL,CYT3DLABZS,CYT3DLABZS,,,,,216-TEQFP,-40..105 °C,,active,infineon-device-db:1e7589fe5ce5,https://github.com/Infineon/device-db/tree/1e7589fe5ce5c25b68a5d8866c22c142df9b7555,2026-08-12T10:06:32+00:00,manufacturer_device_database,official_device_db_part_record
infineon::cyt3dlbbas,infineon::cyt3dlbbas,Infineon,CYT3DL,CYT3DL,CYT3DL,CYT3DLBBAS,CYT3DLBBAS,,,,,272-BGA,-40..105 °C,,active,infineon-device-db:1e7589fe5ce5,https://github.com/Infineon/device-db/tree/1e7589fe5ce5c25b68a5d8866c22c142df9b7555,2026-08-12T10:06:32+00:00,manufacturer_device_database,official_device_db_part_record
infineon::cyt3dlbbbs,infineon::cyt3dlbbbs,Infineon,CYT3DL,CYT3DL,CYT3DL,CYT3DLBBBS,CYT3DLBBBS,,,,,272-BGA,-40..105 °C,,active,infineon-device-db:1e7589fe5ce5,https://github.com/Infineon/device-db/tree/1e7589fe5ce5c25b68a5d8866c22c142df9b7555,2026-08-12T10:06:32+00:00,manufacturer_device_database,official_device_db_part_record
infineon::cyt3dlbbcs,infineon::cyt3dlbbcs,Infineon,CYT3DL,CYT3DL,CYT3DL,CYT3DLBBCS,CYT3DLBBCS,,,,,272-BGA,-40..105 °C,,active,infineon-device-db:1e7589fe5ce5,https://github.com/Infineon/device-db/tree/1e7589fe5ce5c25b68a5d8866c22c142df9b7555,2026-08-12T10:06:32+00:00,manufacturer_device_database,official_device_db_part_record
infineon::cyt3dlbbds,infineon::cyt3dlbbds,Infineon,CYT3DL,CYT3DL,CYT3DL,CYT3DLBBDS,CYT3DLBBDS,,,,,272-BGA,-40..105 °C,,active,infineon-device-db:1e7589fe5ce5,https://github.com/Infineon/device-db/tree/1e7589fe5ce5c25b68a5d8866c22c142df9b7555,2026-08-12T10:06:32+00:00,manufacturer_device_database,official_device_db_part_record
infineon::cyt3dlbbes,infineon::cyt3dlbbes,Infineon,CYT3DL,CYT3DL,CYT3DL,CYT3DLBBES,CYT3DLBBES,,,,,272-BGA,-40..105 °C,,active,infineon-device-db:1e7589fe5ce5,https://github.com/Infineon/device-db/tree/1e7589fe5ce5c25b68a5d8866c22c142df9b7555,2026-08-12T10:06:32+00:00,manufacturer_device_database,official_device_db_part_record
infineon::cyt3dlbbfs,infineon::cyt3dlbbfs,Infineon,CYT3DL,CYT3DL,CYT3DL,CYT3DLBBFS,CYT3DLBBFS,,,,,272-BGA,-40..105 °C,,active,infineon-device-db:1e7589fe5ce5,https://github.com/Infineon/device-db/tree/1e7589fe5ce5c25b68a5d8866c22c142df9b7555,2026-08-12T10:06:32+00:00,manufacturer_device_database,official_device_db_part_record
infineon::cyt3dlbbgs,infineon::cyt3dlbbgs,Infineon,CYT3DL,CYT3DL,CYT3DL,CYT3DLBBGS,CYT3DLBBGS,,,,,272-BGA,-40..105 °C,,active,infineon-device-db:1e7589fe5ce5,https://github.com/Infineon/device-db/tree/1e7589fe5ce5c25b68a5d8866c22c142df9b7555,2026-08-12T10:06:32+00:00,manufacturer_device_database,official_device_db_part_record
infineon::cyt3dlbbhs,infineon::cyt3dlbbhs,Infineon,CYT3DL,CYT3DL,CYT3DL,CYT3DLBBHS,CYT3DLBBHS,,,,,272-BGA,-40..105 °C,,active,infineon-device-db:1e7589fe5ce5,https://github.com/Infineon/device-db/tree/1e7589fe5ce5c25b68a5d8866c22c142df9b7555,2026-08-12T10:06:32+00:00,manufacturer_device_database,official_device_db_part_record
infineon::cyt3dlbbss,infineon::cyt3dlbbss,Infineon,CYT3DL,CYT3DL,CYT3DL,CYT3DLBBSS,CYT3DLBBSS,,,,,272-BGA,-40..105 °C,,active,infineon-device-db:1e7589fe5ce5,https://github.com/Infineon/device-db/tree/1e7589fe5ce5c25b68a5d8866c22c142df9b7555,2026-08-12T10:06:32+00:00,manufacturer_device_database,official_device_db_part_record
infineon::cyt3dlbbzs,infineon::cyt3dlbbzs,Infineon,CYT3DL,CYT3DL,CYT3DL,CYT3DLBBZS,CYT3DLBBZS,,,,,272-BGA,-40..105 °C,,active,infineon-device-db:1e7589fe5ce5,https://github.com/Infineon/device-db/tree/1e7589fe5ce5c25b68a5d8866c22c142df9b7555,2026-08-12T10:06:32+00:00,manufacturer_device_database,official_device_db_part_record
infineon::cyt4bb5cee,infineon::cyt4bb5cee,Infineon,CYT4BB,CYT4BB,CYT4BB,CYT4BB5CEE,CYT4BB5CEE,,,,,100-TEQFP,-40..125 °C,,active,infineon-device-db:1e7589fe5ce5,https://github.com/Infineon/device-db/tree/1e7589fe5ce5c25b68a5d8866c22c142df9b7555,2026-08-12T10:06:32+00:00,manufacturer_device_database,official_device_db_part_record
infineon::cyt4bb5ces,infineon::cyt4bb5ces,Infineon,CYT4BB,CYT4BB,CYT4BB,CYT4BB5CES,CYT4BB5CES,,,,,100-TEQFP,-40..105 °C,,active,infineon-device-db:1e7589fe5ce5,https://github.com/Infineon/device-db/tree/1e7589fe5ce5c25b68a5d8866c22c142df9b7555,2026-08-12T10:06:32+00:00,manufacturer_device_database,official_device_db_part_record
infineon::cyt4bb7cee,infineon::cyt4bb7cee,Infineon,CYT4BB,CYT4BB,CYT4BB,CYT4BB7CEE,CYT4BB7CEE,,,,,144-TEQFP,-40..125 °C,,active,infineon-device-db:1e7589fe5ce5,https://github.com/Infineon/device-db/tree/1e7589fe5ce5c25b68a5d8866c22c142df9b7555,2026-08-12T10:06:32+00:00,manufacturer_device_database,official_device_db_part_record
infineon::cyt4bb7ces,infineon::cyt4bb7ces,Infineon,CYT4BB,CYT4BB,CYT4BB,CYT4BB7CES,CYT4BB7CES,,,,,144-TEQFP,-40..105 °C,,active,infineon-device-db:1e7589fe5ce5,https://github.com/Infineon/device-db/tree/1e7589fe5ce5c25b68a5d8866c22c142df9b7555,2026-08-12T10:06:32+00:00,manufacturer_device_database,official_device_db_part_record
infineon::cyt4bb8cee,infineon::cyt4bb8cee,Infineon,CYT4BB,CYT4BB,CYT4BB,CYT4BB8CEE,CYT4BB8CEE,,,,,176-TEQFP,-40..125 °C,,active,infineon-device-db:1e7589fe5ce5,https://github.com/Infineon/device-db/tree/1e7589fe5ce5c25b68a5d8866c22c142df9b7555,2026-08-12T10:06:32+00:00,manufacturer_device_database,official_device_db_part_record
infineon::cyt4bb8ces,infineon::cyt4bb8ces,Infineon,CYT4BB,CYT4BB,CYT4BB,CYT4BB8CES,CYT4BB8CES,,,,,176-TEQFP,-40..105 °C,,active,infineon-device-db:1e7589fe5ce5,https://github.com/Infineon/device-db/tree/1e7589fe5ce5c25b68a5d8866c22c142df9b7555,2026-08-12T10:06:32+00:00,manufacturer_device_database,official_device_db_part_record
infineon::cyt4bbbcee,infineon::cyt4bbbcee,Infineon,CYT4BB,CYT4BB,CYT4BB,CYT4BBBCEE,CYT4BBBCEE,,,,,272-BGA,-40..125 °C,,active,infineon-device-db:1e7589fe5ce5,https://github.com/Infineon/device-db/tree/1e7589fe5ce5c25b68a5d8866c22c142df9b7555,2026-08-12T10:06:32+00:00,manufacturer_device_database,official_device_db_part_record
infineon::cyt4bbbces,infineon::cyt4bbbces,Infineon,CYT4BB,CYT4BB,CYT4BB,CYT4BBBCES,CYT4BBBCES,,,,,272-BGA,-40..105 °C,,active,infineon-device-db:1e7589fe5ce5,https://github.com/Infineon/device-db/tree/1e7589fe5ce5c25b68a5d8866c22c142df9b7555,2026-08-12T10:06:32+00:00,manufacturer_device_database,official_device_db_part_record
infineon::cyt4bf8cde,infineon::cyt4bf8cde,Infineon,CYT4BF,CYT4BF,CYT4BF,CYT4BF8CDE,CYT4BF8CDE,,,,,176-TEQFP,-40..125 °C,,active,infineon-device-db:1e7589fe5ce5,https://github.com/Infineon/device-db/tree/1e7589fe5ce5c25b68a5d8866c22c142df9b7555,2026-08-12T10:06:32+00:00,manufacturer_device_database,official_device_db_part_record
infineon::cyt4bf8cds,infineon::cyt4bf8cds,Infineon,CYT4BF,CYT4BF,CYT4BF,CYT4BF8CDS,CYT4BF8CDS,,,,,176-TEQFP,-40..105 °C,,active,infineon-device-db:1e7589fe5ce5,https://github.com/Infineon/device-db/tree/1e7589fe5ce5c25b68a5d8866c22c142df9b7555,2026-08-12T10:06:32+00:00,manufacturer_device_database,official_device_db_part_record
infineon::cyt4bf8cee,infineon::cyt4bf8cee,Infineon,CYT4BF,CYT4BF,CYT4BF,CYT4BF8CEE,CYT4BF8CEE,,,,,176-TEQFP,-40..125 °C,,active,infineon-device-db:1e7589fe5ce5,https://github.com/Infineon/device-db/tree/1e7589fe5ce5c25b68a5d8866c22c142df9b7555,2026-08-12T10:06:32+00:00,manufacturer_device_database,official_device_db_part_record
infineon::cyt4bf8ces,infineon::cyt4bf8ces,Infineon,CYT4BF,CYT4BF,CYT4BF,CYT4BF8CES,CYT4BF8CES,,,,,176-TEQFP,-40..105 °C,,active,infineon-device-db:1e7589fe5ce5,https://github.com/Infineon/device-db/tree/1e7589fe5ce5c25b68a5d8866c22c142df9b7555,2026-08-12T10:06:32+00:00,manufacturer_device_database,official_device_db_part_record
infineon::cyt4bfbche,infineon::cyt4bfbche,Infineon,CYT4BF,CYT4BF,CYT4BF,CYT4BFBCHE,CYT4BFBCHE,,,,,272-BGA,-40..125 °C,,active,infineon-device-db:1e7589fe5ce5,https://github.com/Infineon/device-db/tree/1e7589fe5ce5c25b68a5d8866c22c142df9b7555,2026-08-12T10:06:32+00:00,manufacturer_device_database,official_device_db_part_record
infineon::cyt4bfbchs,infineon::cyt4bfbchs,Infineon,CYT4BF,CYT4BF,CYT4BF,CYT4BFBCHS,CYT4BFBCHS,,,,,272-BGA,-40..105 °C,,active,infineon-device-db:1e7589fe5ce5,https://github.com/Infineon/device-db/tree/1e7589fe5ce5c25b68a5d8866c22c142df9b7555,2026-08-12T10:06:32+00:00,manufacturer_device_database,official_device_db_part_record
infineon::cyt4bfbcje,infineon::cyt4bfbcje,Infineon,CYT4BF,CYT4BF,CYT4BF,CYT4BFBCJE,CYT4BFBCJE,,,,,272-BGA,-40..125 °C,,active,infineon-device-db:1e7589fe5ce5,https://github.com/Infineon/device-db/tree/1e7589fe5ce5c25b68a5d8866c22c142df9b7555,2026-08-12T10:06:32+00:00,manufacturer_device_database,official_device_db_part_record
infineon::cyt4bfbcjs,infineon::cyt4bfbcjs,Infineon,CYT4BF,CYT4BF,CYT4BF,CYT4BFBCJS,CYT4BFBCJS,,,,,272-BGA,-40..105 °C,,active,infineon-device-db:1e7589fe5ce5,https://github.com/Infineon/device-db/tree/1e7589fe5ce5c25b68a5d8866c22c142df9b7555,2026-08-12T10:06:32+00:00,manufacturer_device_database,official_device_db_part_record
infineon::cyt4bfcche,infineon::cyt4bfcche,Infineon,CYT4BF,CYT4BF,CYT4BF,CYT4BFCCHE,CYT4BFCCHE,,,,,320-BGA,-40..125 °C,,active,infineon-device-db:1e7589fe5ce5,https://github.com/Infineon/device-db/tree/1e7589fe5ce5c25b68a5d8866c22c142df9b7555,2026-08-12T10:06:32+00:00,manufacturer_device_database,official_device_db_part_record
infineon::cyt4bfcchs,infineon::cyt4bfcchs,Infineon,CYT4BF,CYT4BF,CYT4BF,CYT4BFCCHS,CYT4BFCCHS,,,,,320-BGA,-40..105 °C,,active,infineon-device-db:1e7589fe5ce5,https://github.com/Infineon/device-db/tree/1e7589fe5ce5c25b68a5d8866c22c142df9b7555,2026-08-12T10:06:32+00:00,manufacturer_device_database,official_device_db_part_record
infineon::cyt4bfccje,infineon::cyt4bfccje,Infineon,CYT4BF,CYT4BF,CYT4BF,CYT4BFCCJE,CYT4BFCCJE,,,,,320-BGA,-40..125 °C,,active,infineon-device-db:1e7589fe5ce5,https://github.com/Infineon/device-db/tree/1e7589fe5ce5c25b68a5d8866c22c142df9b7555,2026-08-12T10:06:32+00:00,manufacturer_device_database,official_device_db_part_record
infineon::cyt4bfccjs,infineon::cyt4bfccjs,Infineon,CYT4BF,CYT4BF,CYT4BF,CYT4BFCCJS,CYT4BFCCJS,,,,,320-BGA,-40..105 °C,,active,infineon-device-db:1e7589fe5ce5,https://github.com/Infineon/device-db/tree/1e7589fe5ce5c25b68a5d8866c22c142df9b7555,2026-08-12T10:06:32+00:00,manufacturer_device_database,official_device_db_part_record
infineon::cyt4dnjbas,infineon::cyt4dnjbas,Infineon,CYT4DN,CYT4DN,CYT4DN,CYT4DNJBAS,CYT4DNJBAS,,,,,327-BGA,-40..105 °C,,active,infineon-device-db:1e7589fe5ce5,https://github.com/Infineon/device-db/tree/1e7589fe5ce5c25b68a5d8866c22c142df9b7555,2026-08-12T10:06:32+00:00,manufacturer_device_database,official_device_db_part_record
infineon::cyt4dnjbbs,infineon::cyt4dnjbbs,Infineon,CYT4DN,CYT4DN,CYT4DN,CYT4DNJBBS,CYT4DNJBBS,,,,,327-BGA,-40..105 °C,,active,infineon-device-db:1e7589fe5ce5,https://github.com/Infineon/device-db/tree/1e7589fe5ce5c25b68a5d8866c22c142df9b7555,2026-08-12T10:06:32+00:00,manufacturer_device_database,official_device_db_part_record
infineon::cyt4dnjbcs,infineon::cyt4dnjbcs,Infineon,CYT4DN,CYT4DN,CYT4DN,CYT4DNJBCS,CYT4DNJBCS,,,,,327-BGA,-40..105 °C,,active,infineon-device-db:1e7589fe5ce5,https://github.com/Infineon/device-db/tree/1e7589fe5ce5c25b68a5d8866c22c142df9b7555,2026-08-12T10:06:32+00:00,manufacturer_device_database,official_device_db_part_record
infineon::cyt4dnjbds,infineon::cyt4dnjbds,Infineon,CYT4DN,CYT4DN,CYT4DN,CYT4DNJBDS,CYT4DNJBDS,,,,,327-BGA,-40..105 °C,,active,infineon-device-db:1e7589fe5ce5,https://github.com/Infineon/device-db/tree/1e7589fe5ce5c25b68a5d8866c22c142df9b7555,2026-08-12T10:06:32+00:00,manufacturer_device_database,official_device_db_part_record
infineon::cyt4dnjbes,infineon::cyt4dnjbes,Infineon,CYT4DN,CYT4DN,CYT4DN,CYT4DNJBES,CYT4DNJBES,,,,,327-BGA,-40..105 °C,,active,infineon-device-db:1e7589fe5ce5,https://github.com/Infineon/device-db/tree/1e7589fe5ce5c25b68a5d8866c22c142df9b7555,2026-08-12T10:06:32+00:00,manufacturer_device_database,official_device_db_part_record
infineon::cyt4dnjbfs,infineon::cyt4dnjbfs,Infineon,CYT4DN,CYT4DN,CYT4DN,CYT4DNJBFS,CYT4DNJBFS,,,,,327-BGA,-40..105 °C,,active,infineon-device-db:1e7589fe5ce5,https://github.com/Infineon/device-db/tree/1e7589fe5ce5c25b68a5d8866c22c142df9b7555,2026-08-12T10:06:32+00:00,manufacturer_device_database,official_device_db_part_record
infineon::cyt4dnjbgs,infineon::cyt4dnjbgs,Infineon,CYT4DN,CYT4DN,CYT4DN,CYT4DNJBGS,CYT4DNJBGS,,,,,327-BGA,-40..105 °C,,active,infineon-device-db:1e7589fe5ce5,https://github.com/Infineon/device-db/tree/1e7589fe5ce5c25b68a5d8866c22c142df9b7555,2026-08-12T10:06:32+00:00,manufacturer_device_database,official_device_db_part_record
infineon::cyt4dnjbhs,infineon::cyt4dnjbhs,Infineon,CYT4DN,CYT4DN,CYT4DN,CYT4DNJBHS,CYT4DNJBHS,,,,,327-BGA,-40..105 °C,,active,infineon-device-db:1e7589fe5ce5,https://github.com/Infineon/device-db/tree/1e7589fe5ce5c25b68a5d8866c22c142df9b7555,2026-08-12T10:06:32+00:00,manufacturer_device_database,official_device_db_part_record
infineon::cyt4dnjbjs,infineon::cyt4dnjbjs,Infineon,CYT4DN,CYT4DN,CYT4DN,CYT4DNJBJS,CYT4DNJBJS,,,,,327-BGA,-40..105 °C,,active,infineon-device-db:1e7589fe5ce5,https://github.com/Infineon/device-db/tree/1e7589fe5ce5c25b68a5d8866c22c142df9b7555,2026-08-12T10:06:32+00:00,manufacturer_device_database,official_device_db_part_record
infineon::cyt4dnjbks,infineon::cyt4dnjbks,Infineon,CYT4DN,CYT4DN,CYT4DN,CYT4DNJBKS,CYT4DNJBKS,,,,,327-BGA,-40..105 °C,,active,infineon-device-db:1e7589fe5ce5,https://github.com/Infineon/device-db/tree/1e7589fe5ce5c25b68a5d8866c22c142df9b7555,2026-08-12T10:06:32+00:00,manufacturer_device_database,official_device_db_part_record
infineon::cyt4dnjbls,infineon::cyt4dnjbls,Infineon,CYT4DN,CYT4DN,CYT4DN,CYT4DNJBLS,CYT4DNJBLS,,,,,327-BGA,-40..105 °C,,active,infineon-device-db:1e7589fe5ce5,https://github.com/Infineon/device-db/tree/1e7589fe5ce5c25b68a5d8866c22c142df9b7555,2026-08-12T10:06:32+00:00,manufacturer_device_database,official_device_db_part_record
infineon::cyt4dnjbms,infineon::cyt4dnjbms,Infineon,CYT4DN,CYT4DN,CYT4DN,CYT4DNJBMS,CYT4DNJBMS,,,,,327-BGA,-40..105 °C,,active,infineon-device-db:1e7589fe5ce5,https://github.com/Infineon/device-db/tree/1e7589fe5ce5c25b68a5d8866c22c142df9b7555,2026-08-12T10:06:32+00:00,manufacturer_device_database,official_device_db_part_record
infineon::cyt4dnjbns,infineon::cyt4dnjbns,Infineon,CYT4DN,CYT4DN,CYT4DN,CYT4DNJBNS,CYT4DNJBNS,,,,,327-BGA,-40..105 °C,,active,infineon-device-db:1e7589fe5ce5,https://github.com/Infineon/device-db/tree/1e7589fe5ce5c25b68a5d8866c22c142df9b7555,2026-08-12T10:06:32+00:00,manufacturer_device_database,official_device_db_part_record
infineon::cyt4dnjbps,infineon::cyt4dnjbps,Infineon,CYT4DN,CYT4DN,CYT4DN,CYT4DNJBPS,CYT4DNJBPS,,,,,327-BGA,-40..105 °C,,active,infineon-device-db:1e7589fe5ce5,https://github.com/Infineon/device-db/tree/1e7589fe5ce5c25b68a5d8866c22c142df9b7555,2026-08-12T10:06:32+00:00,manufacturer_device_database,official_device_db_part_record
infineon::cyt4dnjbqs,infineon::cyt4dnjbqs,Infineon,CYT4DN,CYT4DN,CYT4DN,CYT4DNJBQS,CYT4DNJBQS,,,,,327-BGA,-40..105 °C,,active,infineon-device-db:1e7589fe5ce5,https://github.com/Infineon/device-db/tree/1e7589fe5ce5c25b68a5d8866c22c142df9b7555,2026-08-12T10:06:32+00:00,manufacturer_device_database,official_device_db_part_record
infineon::cyt4dnjbrs,infineon::cyt4dnjbrs,Infineon,CYT4DN,CYT4DN,CYT4DN,CYT4DNJBRS,CYT4DNJBRS,,,,,327-BGA,-40..105 °C,,active,infineon-device-db:1e7589fe5ce5,https://github.com/Infineon/device-db/tree/1e7589fe5ce5c25b68a5d8866c22c142df9b7555,2026-08-12T10:06:32+00:00,manufacturer_device_database,official_device_db_part_record
infineon::cyt4dnjbss,infineon::cyt4dnjbss,Infineon,CYT4DN,CYT4DN,CYT4DN,CYT4DNJBSS,CYT4DNJBSS,,,,,327-BGA,-40..105 °C,,active,infineon-device-db:1e7589fe5ce5,https://github.com/Infineon/device-db/tree/1e7589fe5ce5c25b68a5d8866c22c142df9b7555,2026-08-12T10:06:32+00:00,manufacturer_device_database,official_device_db_part_record
infineon::cyt4dnjbzs,infineon::cyt4dnjbzs,Infineon,CYT4DN,CYT4DN,CYT4DN,CYT4DNJBZS,CYT4DNJBZS,,,,,327-BGA,-40..105 °C,,active,infineon-device-db:1e7589fe5ce5,https://github.com/Infineon/device-db/tree/1e7589fe5ce5c25b68a5d8866c22c142df9b7555,2026-08-12T10:06:32+00:00,manufacturer_device_database,official_device_db_part_record
infineon::cyt6bj8dde,infineon::cyt6bj8dde,Infineon,TRAVEO T2G,CYT6BJ,CYT6BJ,CYT6BJ8DDE,CYT6BJ8DDE,,,,,176-TEQFP-QC,-40..125 °C,,active,infineon-device-db:1e7589fe5ce5,https://github.com/Infineon/device-db/tree/1e7589fe5ce5c25b68a5d8866c22c142df9b7555,2026-08-12T10:06:32+00:00,manufacturer_device_database,official_device_db_part_record
infineon::cyt6bj8dds,infineon::cyt6bj8dds,Infineon,TRAVEO T2G,CYT6BJ,CYT6BJ,CYT6BJ8DDS,CYT6BJ8DDS,,,,,176-TEQFP-QC,-40..105 °C,,active,infineon-device-db:1e7589fe5ce5,https://github.com/Infineon/device-db/tree/1e7589fe5ce5c25b68a5d8866c22c142df9b7555,2026-08-12T10:06:32+00:00,manufacturer_device_database,official_device_db_part_record
infineon::cyt6bjbdhe,infineon::cyt6bjbdhe,Infineon,TRAVEO T2G,CYT6BJ,CYT6BJ,CYT6BJBDHE,CYT6BJBDHE,,,,,272-BGA,-40..125 °C,,active,infineon-device-db:1e7589fe5ce5,https://github.com/Infineon/device-db/tree/1e7589fe5ce5c25b68a5d8866c22c142df9b7555,2026-08-12T10:06:32+00:00,manufacturer_device_database,official_device_db_part_record
infineon::cyt6bjbdhs,infineon::cyt6bjbdhs,Infineon,TRAVEO T2G,CYT6BJ,CYT6BJ,CYT6BJBDHS,CYT6BJBDHS,,,,,272-BGA,-40..105 °C,,active,infineon-device-db:1e7589fe5ce5,https://github.com/Infineon/device-db/tree/1e7589fe5ce5c25b68a5d8866c22c142df9b7555,2026-08-12T10:06:32+00:00,manufacturer_device_database,official_device_db_part_record
infineon::cyt6bjcdhe,infineon::cyt6bjcdhe,Infineon,TRAVEO T2G,CYT6BJ,CYT6BJ,CYT6BJCDHE,CYT6BJCDHE,,,,,320-BGA,-40..125 °C,,active,infineon-device-db:1e7589fe5ce5,https://github.com/Infineon/device-db/tree/1e7589fe5ce5c25b68a5d8866c22c142df9b7555,2026-08-12T10:06:32+00:00,manufacturer_device_database,official_device_db_part_record
infineon::cyt6bjcdhs,infineon::cyt6bjcdhs,Infineon,TRAVEO T2G,CYT6BJ,CYT6BJ,CYT6BJCDHS,CYT6BJCDHS,,,,,320-BGA,-40..105 °C,,active,infineon-device-db:1e7589fe5ce5,https://github.com/Infineon/device-db/tree/1e7589fe5ce5c25b68a5d8866c22c142df9b7555,2026-08-12T10:06:32+00:00,manufacturer_device_database,official_device_db_part_record
infineon::cyusb2315-bf104axi,infineon::cyusb2315-bf104axi,Infineon,EZ-USB,FX2G3,FX2G3,CYUSB2315-BF104AXI,CYUSB2315-BF104AXI,,,,,104-LGA,-40..85 °C,,active,infineon-device-db:1e7589fe5ce5,https://github.com/Infineon/device-db/tree/1e7589fe5ce5c25b68a5d8866c22c142df9b7555,2026-08-12T10:06:32+00:00,manufacturer_device_database,official_device_db_part_record
infineon::cyusb2315a-bf104axi,infineon::cyusb2315a-bf104axi,Infineon,EZ-USB,FX2G3,FX2G3,CYUSB2315A-BF104AXI,CYUSB2315A-BF104AXI,,,,,104-LGA,-40..85 °C,,active,infineon-device-db:1e7589fe5ce5,https://github.com/Infineon/device-db/tree/1e7589fe5ce5c25b68a5d8866c22c142df9b7555,2026-08-12T10:06:32+00:00,manufacturer_device_database,official_device_db_part_record
infineon::cyusb2316-bf104axi,infineon::cyusb2316-bf104axi,Infineon,EZ-USB,FX2G3,FX2G3,CYUSB2316-BF104AXI,CYUSB2316-BF104AXI,,,,,104-LGA,-40..85 °C,,active,infineon-device-db:1e7589fe5ce5,https://github.com/Infineon/device-db/tree/1e7589fe5ce5c25b68a5d8866c22c142df9b7555,2026-08-12T10:06:32+00:00,manufacturer_device_database,official_device_db_part_record
infineon::cyusb2317-bf104axi,infineon::cyusb2317-bf104axi,Infineon,EZ-USB,FX2G3,FX2G3,CYUSB2317-BF104AXI,CYUSB2317-BF104AXI,,,,,104-LGA,-40..85 °C,,active,infineon-device-db:1e7589fe5ce5,https://github.com/Infineon/device-db/tree/1e7589fe5ce5c25b68a5d8866c22c142df9b7555,2026-08-12T10:06:32+00:00,manufacturer_device_database,official_device_db_part_record
infineon::cyusb2318-bf104axi,infineon::cyusb2318-bf104axi,Infineon,EZ-USB,FX2G3,FX2G3,CYUSB2318-BF104AXI,CYUSB2318-BF104AXI,,,,,104-LGA,-40..85 °C,,active,infineon-device-db:1e7589fe5ce5,https://github.com/Infineon/device-db/tree/1e7589fe5ce5c25b68a5d8866c22c142df9b7555,2026-08-12T10:06:32+00:00,manufacturer_device_database,official_device_db_part_record
infineon::cyusb3081-fcaxi,infineon::cyusb3081-fcaxi,Infineon,EZ-USB,FX3G2,FX3G2,CYUSB3081-FCAXI,CYUSB3081-FCAXI,,,,,169-BGA,-40..85 °C,,active,infineon-device-db:1e7589fe5ce5,https://github.com/Infineon/device-db/tree/1e7589fe5ce5c25b68a5d8866c22c142df9b7555,2026-08-12T10:06:32+00:00,manufacturer_device_database,official_device_db_part_record
infineon::cyusb3082-fcaxi,infineon::cyusb3082-fcaxi,Infineon,EZ-USB,FX3G2,FX3G2,CYUSB3082-FCAXI,CYUSB3082-FCAXI,,,,,169-BGA,-40..85 °C,,active,infineon-device-db:1e7589fe5ce5,https://github.com/Infineon/device-db/tree/1e7589fe5ce5c25b68a5d8866c22c142df9b7555,2026-08-12T10:06:32+00:00,manufacturer_device_database,official_device_db_part_record
infineon::cyusb3083-fcaxi,infineon::cyusb3083-fcaxi,Infineon,EZ-USB,FX3G2,FX3G2,CYUSB3083-FCAXI,CYUSB3083-FCAXI,,,,,169-BGA,-40..85 °C,,active,infineon-device-db:1e7589fe5ce5,https://github.com/Infineon/device-db/tree/1e7589fe5ce5c25b68a5d8866c22c142df9b7555,2026-08-12T10:06:32+00:00,manufacturer_device_database,official_device_db_part_record
infineon::cyusb3084-fcaxi,infineon::cyusb3084-fcaxi,Infineon,EZ-USB,FX3G2,FX3G2,CYUSB3084-FCAXI,CYUSB3084-FCAXI,,,,,169-BGA,-40..85 °C,,active,infineon-device-db:1e7589fe5ce5,https://github.com/Infineon/device-db/tree/1e7589fe5ce5c25b68a5d8866c22c142df9b7555,2026-08-12T10:06:32+00:00,manufacturer_device_database,official_device_db_part_record
infineon::cyusb3282-fcaxi,infineon::cyusb3282-fcaxi,Infineon,EZ-USB,FX3G2,FX3G2,CYUSB3282-FCAXI,CYUSB3282-FCAXI,,,,,169-BGA,-40..85 °C,,active,infineon-device-db:1e7589fe5ce5,https://github.com/Infineon/device-db/tree/1e7589fe5ce5c25b68a5d8866c22c142df9b7555,2026-08-12T10:06:32+00:00,manufacturer_device_database,official_device_db_part_record
infineon::cyusb3284-fcaxi,infineon::cyusb3284-fcaxi,Infineon,EZ-USB,FX3G2,FX3G2,CYUSB3284-FCAXI,CYUSB3284-FCAXI,,,,,169-BGA,-40..85 °C,,active,infineon-device-db:1e7589fe5ce5,https://github.com/Infineon/device-db/tree/1e7589fe5ce5c25b68a5d8866c22c142df9b7555,2026-08-12T10:06:32+00:00,manufacturer_device_database,official_device_db_part_record
infineon::cyusb4011-fcaxi,infineon::cyusb4011-fcaxi,Infineon,EZ-USB,FX3G2,FX3G2,CYUSB4011-FCAXI,CYUSB4011-FCAXI,,,,,169-BGA,-40..85 °C,,active,infineon-device-db:1e7589fe5ce5,https://github.com/Infineon/device-db/tree/1e7589fe5ce5c25b68a5d8866c22c142df9b7555,2026-08-12T10:06:32+00:00,manufacturer_device_database,official_device_db_part_record
infineon::cyusb4012-fcaxi,infineon::cyusb4012-fcaxi,Infineon,EZ-USB,FX3G2,FX3G2,CYUSB4012-FCAXI,CYUSB4012-FCAXI,,,,,169-BGA,-40..85 °C,,active,infineon-device-db:1e7589fe5ce5,https://github.com/Infineon/device-db/tree/1e7589fe5ce5c25b68a5d8866c22c142df9b7555,2026-08-12T10:06:32+00:00,manufacturer_device_database,official_device_db_part_record
infineon::cyusb4013-fcaxi,infineon::cyusb4013-fcaxi,Infineon,EZ-USB,FX3G2,FX3G2,CYUSB4013-FCAXI,CYUSB4013-FCAXI,,,,,169-BGA,-40..85 °C,,active,infineon-device-db:1e7589fe5ce5,https://github.com/Infineon/device-db/tree/1e7589fe5ce5c25b68a5d8866c22c142df9b7555,2026-08-12T10:06:32+00:00,manufacturer_device_database,official_device_db_part_record
infineon::cyusb4014-fcaxi,infineon::cyusb4014-fcaxi,Infineon,EZ-USB,FX3G2,FX3G2,CYUSB4014-FCAXI,CYUSB4014-FCAXI,,,,,169-BGA,-40..85 °C,,active,infineon-device-db:1e7589fe5ce5,https://github.com/Infineon/device-db/tree/1e7589fe5ce5c25b68a5d8866c22c142df9b7555,2026-08-12T10:06:32+00:00,manufacturer_device_database,official_device_db_part_record
infineon::cyusb4021-fcaxi,infineon::cyusb4021-fcaxi,Infineon,EZ-USB,FX3G2,FX3G2,CYUSB4021-FCAXI,CYUSB4021-FCAXI,,,,,169-BGA,-40..85 °C,,active,infineon-device-db:1e7589fe5ce5,https://github.com/Infineon/device-db/tree/1e7589fe5ce5c25b68a5d8866c22c142df9b7555,2026-08-12T10:06:32+00:00,manufacturer_device_database,official_device_db_part_record
infineon::cyusb4022-fcaxi,infineon::cyusb4022-fcaxi,Infineon,EZ-USB,FX3G2,FX3G2,CYUSB4022-FCAXI,CYUSB4022-FCAXI,,,,,169-BGA,-40..85 °C,,active,infineon-device-db:1e7589fe5ce5,https://github.com/Infineon/device-db/tree/1e7589fe5ce5c25b68a5d8866c22c142df9b7555,2026-08-12T10:06:32+00:00,manufacturer_device_database,official_device_db_part_record
infineon::cyusb4024-bzxi,infineon::cyusb4024-bzxi,Infineon,EZ-USB,FX3G2,FX3G2,CYUSB4024-BZXI,CYUSB4024-BZXI,,,,,169-BGA,-40..85 °C,,active,infineon-device-db:1e7589fe5ce5,https://github.com/Infineon/device-db/tree/1e7589fe5ce5c25b68a5d8866c22c142df9b7555,2026-08-12T10:06:32+00:00,manufacturer_device_database,official_device_db_part_record
infineon::cyw20706ua2kffb4g,infineon::cyw20706ua2kffb4g,Infineon,AIROC Connectivity,20706,20706,CYW20706UA2KFFB4G,CYW20706UA2KFFB4G,,,,,49-FBGA,-30..85 °C,,active,infineon-device-db:1e7589fe5ce5,https://github.com/Infineon/device-db/tree/1e7589fe5ce5c25b68a5d8866c22c142df9b7555,2026-08-12T10:06:32+00:00,manufacturer_device_database,official_device_db_part_record
infineon::cyw20707ua2ekubgt,infineon::cyw20707ua2ekubgt,Infineon,AIROC Connectivity,20707,20707,CYW20707UA2EKUBGT,CYW20707UA2EKUBGT,,,,,36-WLBGA,-30..85 °C,,active,infineon-device-db:1e7589fe5ce5,https://github.com/Infineon/device-db/tree/1e7589fe5ce5c25b68a5d8866c22c142df9b7555,2026-08-12T10:06:32+00:00,manufacturer_device_database,official_device_db_part_record
infineon::cyw20719b2kumlg,infineon::cyw20719b2kumlg,Infineon,AIROC Connectivity,20719,20719,CYW20719B2KUMLG,CYW20719B2KUMLG,,,,,40-QFN,-30..85 °C,,active,infineon-device-db:1e7589fe5ce5,https://github.com/Infineon/device-db/tree/1e7589fe5ce5c25b68a5d8866c22c142df9b7555,2026-08-12T10:06:32+00:00,manufacturer_device_database,official_device_db_part_record
infineon::cyw20719b2kwb9g,infineon::cyw20719b2kwb9g,Infineon,AIROC Connectivity,20719,20719,CYW20719B2KWB9G,CYW20719B2KWB9G,,,,,134-WLCSP,-30..85 °C,,active,infineon-device-db:1e7589fe5ce5,https://github.com/Infineon/device-db/tree/1e7589fe5ce5c25b68a5d8866c22c142df9b7555,2026-08-12T10:06:32+00:00,manufacturer_device_database,official_device_db_part_record
infineon::cyw20721b2kumlg,infineon::cyw20721b2kumlg,Infineon,AIROC Connectivity,20721,20721,CYW20721B2KUMLG,CYW20721B2KUMLG,,,,,40-QFN,-30..85 °C,,active,infineon-device-db:1e7589fe5ce5,https://github.com/Infineon/device-db/tree/1e7589fe5ce5c25b68a5d8866c22c142df9b7555,2026-08-12T10:06:32+00:00,manufacturer_device_database,official_device_db_part_record
infineon::cyw20721b2kwb9g,infineon::cyw20721b2kwb9g,Infineon,AIROC Connectivity,20721,20721,CYW20721B2KWB9G,CYW20721B2KWB9G,,,,,134-WLCSP,-30..85 °C,,active,infineon-device-db:1e7589fe5ce5,https://github.com/Infineon/device-db/tree/1e7589fe5ce5c25b68a5d8866c22c142df9b7555,2026-08-12T10:06:32+00:00,manufacturer_device_database,official_device_db_part_record
infineon::cyw20735b1,infineon::cyw20735b1,Infineon,AIROC Connectivity,20735,20735,CYW20735B1,CYW20735B1,,,,,60-QFN,-30..85 °C,,active,infineon-device-db:1e7589fe5ce5,https://github.com/Infineon/device-db/tree/1e7589fe5ce5c25b68a5d8866c22c142df9b7555,2026-08-12T10:06:32+00:00,manufacturer_device_database,official_device_db_part_record
infineon::cyw20736a1kml2g,infineon::cyw20736a1kml2g,Infineon,AIROC Connectivity,20736,20736,CYW20736A1KML2G,CYW20736A1KML2G,,,,,32-QFN,-30..85 °C,,active,infineon-device-db:1e7589fe5ce5,https://github.com/Infineon/device-db/tree/1e7589fe5ce5c25b68a5d8866c22c142df9b7555,2026-08-12T10:06:32+00:00,manufacturer_device_database,official_device_db_part_record
infineon::cyw20737a1kml2g,infineon::cyw20737a1kml2g,Infineon,AIROC Connectivity,20737,20737,CYW20737A1KML2G,CYW20737A1KML2G,,,,,32-QFN,-30..85 °C,,active,infineon-device-db:1e7589fe5ce5,https://github.com/Infineon/device-db/tree/1e7589fe5ce5c25b68a5d8866c22c142df9b7555,2026-08-12T10:06:32+00:00,manufacturer_device_database,official_device_db_part_record
infineon::cyw20819a1kfb1g,infineon::cyw20819a1kfb1g,Infineon,AIROC Connectivity,20819,20819,CYW20819A1KFB1G,CYW20819A1KFB1G,,,,,112-FBGA,-30..85 °C,,active,infineon-device-db:1e7589fe5ce5,https://github.com/Infineon/device-db/tree/1e7589fe5ce5c25b68a5d8866c22c142df9b7555,2026-08-12T10:06:32+00:00,manufacturer_device_database,official_device_db_part_record
infineon::cyw20819a1kfbg,infineon::cyw20819a1kfbg,Infineon,AIROC Connectivity,20819,20819,CYW20819A1KFBG,CYW20819A1KFBG,,,,,62-FBGA,-30..85 °C,,active,infineon-device-db:1e7589fe5ce5,https://github.com/Infineon/device-db/tree/1e7589fe5ce5c25b68a5d8866c22c142df9b7555,2026-08-12T10:06:32+00:00,manufacturer_device_database,official_device_db_part_record
infineon::cyw20820a1kfb1g,infineon::cyw20820a1kfb1g,Infineon,AIROC Connectivity,20820,20820,CYW20820A1KFB1G,CYW20820A1KFB1G,,,,,112-FBGA,-30..85 °C,,active,infineon-device-db:1e7589fe5ce5,https://github.com/Infineon/device-db/tree/1e7589fe5ce5c25b68a5d8866c22c142df9b7555,2026-08-12T10:06:32+00:00,manufacturer_device_database,official_device_db_part_record
infineon::cyw20820a1kfbg,infineon::cyw20820a1kfbg,Infineon,AIROC Connectivity,20820,20820,CYW20820A1KFBG,CYW20820A1KFBG,,,,,62-FBGA,-30..85 °C,,active,infineon-device-db:1e7589fe5ce5,https://github.com/Infineon/device-db/tree/1e7589fe5ce5c25b68a5d8866c22c142df9b7555,2026-08-12T10:06:32+00:00,manufacturer_device_database,official_device_db_part_record
infineon::cyw20829b0000,infineon::cyw20829b0000,Infineon,AIROC Connectivity,20829,20829,CYW20829B0000,CYW20829B0000,,,,,56-QFN,-40..85 °C,,active,infineon-device-db:1e7589fe5ce5,https://github.com/Infineon/device-db/tree/1e7589fe5ce5c25b68a5d8866c22c142df9b7555,2026-08-12T10:06:32+00:00,manufacturer_device_database,official_device_db_part_record
infineon::cyw20829b0010,infineon::cyw20829b0010,Infineon,AIROC Connectivity,20829,20829,CYW20829B0010,CYW20829B0010,,,,,56-QFN,-40..85 °C,,active,infineon-device-db:1e7589fe5ce5,https://github.com/Infineon/device-db/tree/1e7589fe5ce5c25b68a5d8866c22c142df9b7555,2026-08-12T10:06:32+00:00,manufacturer_device_database,official_device_db_part_record
infineon::cyw20829b0lkml,infineon::cyw20829b0lkml,Infineon,AIROC Connectivity,20829,20829,CYW20829B0LKML,CYW20829B0LKML,,,,,56-QFN,-40..85 °C,,active,infineon-device-db:1e7589fe5ce5,https://github.com/Infineon/device-db/tree/1e7589fe5ce5c25b68a5d8866c22c142df9b7555,2026-08-12T10:06:32+00:00,manufacturer_device_database,official_device_db_part_record
infineon::cyw20829b1000,infineon::cyw20829b1000,Infineon,AIROC Connectivity,20829,20829,CYW20829B1000,CYW20829B1000,,,,,56-QFN,-40..85 °C,,active,infineon-device-db:1e7589fe5ce5,https://github.com/Infineon/device-db/tree/1e7589fe5ce5c25b68a5d8866c22c142df9b7555,2026-08-12T10:06:32+00:00,manufacturer_device_database,official_device_db_part_record
infineon::cyw20829b1010,infineon::cyw20829b1010,Infineon,AIROC Connectivity,20829,20829,CYW20829B1010,CYW20829B1010,,,,,56-QFN,-40..105 °C,,active,infineon-device-db:1e7589fe5ce5,https://github.com/Infineon/device-db/tree/1e7589fe5ce5c25b68a5d8866c22c142df9b7555,2026-08-12T10:06:32+00:00,manufacturer_device_database,official_device_db_part_record
infineon::cyw20829b1240,infineon::cyw20829b1240,Infineon,AIROC Connectivity,20829,20829,CYW20829B1240,CYW20829B1240,,,,,64-BGA,-40..105 °C,,active,infineon-device-db:1e7589fe5ce5,https://github.com/Infineon/device-db/tree/1e7589fe5ce5c25b68a5d8866c22c142df9b7555,2026-08-12T10:06:32+00:00,manufacturer_device_database,official_device_db_part_record
infineon::cyw20829b1340,infineon::cyw20829b1340,Infineon,AIROC Connectivity,20829,20829,CYW20829B1340,CYW20829B1340,,,,,64-BGA,-40..105 °C,,active,infineon-device-db:1e7589fe5ce5,https://github.com/Infineon/device-db/tree/1e7589fe5ce5c25b68a5d8866c22c142df9b7555,2026-08-12T10:06:32+00:00,manufacturer_device_database,official_device_db_part_record
infineon::cyw20835pb1kml1g,infineon::cyw20835pb1kml1g,Infineon,AIROC Connectivity,20835,20835,CYW20835PB1KML1G,CYW20835PB1KML1G,,,,,60-QFN,-30..85 °C,,active,infineon-device-db:1e7589fe5ce5,https://github.com/Infineon/device-db/tree/1e7589fe5ce5c25b68a5d8866c22c142df9b7555,2026-08-12T10:06:32+00:00,manufacturer_device_database,official_device_db_part_record
infineon::cyw30739a0kumlg,infineon::cyw30739a0kumlg,Infineon,AIROC Connectivity,30739,30739,CYW30739A0KUMLG,CYW30739A0KUMLG,,,,,40-QFN,-30..85 °C,,active,infineon-device-db:1e7589fe5ce5,https://github.com/Infineon/device-db/tree/1e7589fe5ce5c25b68a5d8866c22c142df9b7555,2026-08-12T10:06:32+00:00,manufacturer_device_database,official_device_db_part_record
infineon::cyw30739a0kwb9g,infineon::cyw30739a0kwb9g,Infineon,AIROC Connectivity,30739,30739,CYW30739A0KWB9G,CYW30739A0KWB9G,,,,,134-WLCSP,-30..85 °C,,active,infineon-device-db:1e7589fe5ce5,https://github.com/Infineon/device-db/tree/1e7589fe5ce5c25b68a5d8866c22c142df9b7555,2026-08-12T10:06:32+00:00,manufacturer_device_database,official_device_db_part_record
infineon::cyw43012c0wkwbg,infineon::cyw43012c0wkwbg,Infineon,AIROC Connectivity,43012,43012,CYW43012C0WKWBG,CYW43012C0WKWBG,,,,,251-WLCSP,-20..70 °C,,active,infineon-device-db:1e7589fe5ce5,https://github.com/Infineon/device-db/tree/1e7589fe5ce5c25b68a5d8866c22c142df9b7555,2026-08-12T10:06:32+00:00,manufacturer_device_database,official_device_db_part_record
infineon::cyw43012tc0ekubg,infineon::cyw43012tc0ekubg,Infineon,AIROC Connectivity,43012,43012,CYW43012TC0EKUBG,CYW43012TC0EKUBG,,,,,106-WLBGA,-20..70 °C,,active,infineon-device-db:1e7589fe5ce5,https://github.com/Infineon/device-db/tree/1e7589fe5ce5c25b68a5d8866c22c142df9b7555,2026-08-12T10:06:32+00:00,manufacturer_device_database,official_device_db_part_record
infineon::cyw43012tc0kffbh,infineon::cyw43012tc0kffbh,Infineon,AIROC Connectivity,43012,43012,CYW43012TC0KFFBH,CYW43012TC0KFFBH,,,,,300-FCBGA,-20..70 °C,,active,infineon-device-db:1e7589fe5ce5,https://github.com/Infineon/device-db/tree/1e7589fe5ce5c25b68a5d8866c22c142df9b7555,2026-08-12T10:06:32+00:00,manufacturer_device_database,official_device_db_part_record
infineon::cyw43012wkwbg,infineon::cyw43012wkwbg,Infineon,AIROC Connectivity,43012,43012,CYW43012WKWBG,CYW43012WKWBG,,,,,251-WLCSP,-20..70 °C,,active,infineon-device-db:1e7589fe5ce5,https://github.com/Infineon/device-db/tree/1e7589fe5ce5c25b68a5d8866c22c142df9b7555,2026-08-12T10:06:32+00:00,manufacturer_device_database,official_device_db_part_record
infineon::cyw43022cub,infineon::cyw43022cub,Infineon,AIROC Connectivity,43022,43022,CYW43022CUB,CYW43022CUB,,,,,106-WLBGA,-20..70 °C,,active,infineon-device-db:1e7589fe5ce5,https://github.com/Infineon/device-db/tree/1e7589fe5ce5c25b68a5d8866c22c142df9b7555,2026-08-12T10:06:32+00:00,manufacturer_device_database,official_device_db_part_record
infineon::cyw43907kwbg,infineon::cyw43907kwbg,Infineon,AIROC Connectivity,4390x,4390x,CYW43907KWBG,CYW43907KWBG,,,,,316-WLCSP,-30..85 °C,,active,infineon-device-db:1e7589fe5ce5,https://github.com/Infineon/device-db/tree/1e7589fe5ce5c25b68a5d8866c22c142df9b7555,2026-08-12T10:06:32+00:00,manufacturer_device_database,official_device_db_part_record
infineon::cyw54907kwbg,infineon::cyw54907kwbg,Infineon,AIROC Connectivity,4390x,4390x,CYW54907KWBG,CYW54907KWBG,,,,,316-WLCSP,-30..85 °C,,active,infineon-device-db:1e7589fe5ce5,https://github.com/Infineon/device-db/tree/1e7589fe5ce5c25b68a5d8866c22c142df9b7555,2026-08-12T10:06:32+00:00,manufacturer_device_database,official_device_db_part_record
infineon::cyw55310iubgt,infineon::cyw55310iubgt,Infineon,AIROC Connectivity,55310,55310,CYW55310IUBGT,CYW55310IUBGT,,,,,143-WLBGA,-40..85 °C,,active,infineon-device-db:1e7589fe5ce5,https://github.com/Infineon/device-db/tree/1e7589fe5ce5c25b68a5d8866c22c142df9b7555,2026-08-12T10:06:32+00:00,manufacturer_device_database,official_device_db_part_record
infineon::cyw55513iubg,infineon::cyw55513iubg,Infineon,AIROC Connectivity,55513,55513,CYW55513IUBG,CYW55513IUBG,,,,,143-WLBGA,-40..85 °C,,active,infineon-device-db:1e7589fe5ce5,https://github.com/Infineon/device-db/tree/1e7589fe5ce5c25b68a5d8866c22c142df9b7555,2026-08-12T10:06:32+00:00,manufacturer_device_database,official_device_db_part_record
infineon::cyw55901iubgt,infineon::cyw55901iubgt,Infineon,AIROC Connectivity,55913,55913,CYW55901IUBGT,CYW55901IUBGT,,,,,143-WLBGA,-40..85 °C,,active,infineon-device-db:1e7589fe5ce5,https://github.com/Infineon/device-db/tree/1e7589fe5ce5c25b68a5d8866c22c142df9b7555,2026-08-12T10:06:32+00:00,manufacturer_device_database,official_device_db_part_record
infineon::cyw55902iubgt,infineon::cyw55902iubgt,Infineon,AIROC Connectivity,55913,55913,CYW55902IUBGT,CYW55902IUBGT,,,,,143-WLBGA,-40..85 °C,,active,infineon-device-db:1e7589fe5ce5,https://github.com/Infineon/device-db/tree/1e7589fe5ce5c25b68a5d8866c22c142df9b7555,2026-08-12T10:06:32+00:00,manufacturer_device_database,official_device_db_part_record
infineon::cyw55903iubgt,infineon::cyw55903iubgt,Infineon,AIROC Connectivity,55913,55913,CYW55903IUBGT,CYW55903IUBGT,,,,,143-WLBGA,-40..85 °C,,active,infineon-device-db:1e7589fe5ce5,https://github.com/Infineon/device-db/tree/1e7589fe5ce5c25b68a5d8866c22c142df9b7555,2026-08-12T10:06:32+00:00,manufacturer_device_database,official_device_db_part_record
infineon::cyw55911iubgt,infineon::cyw55911iubgt,Infineon,AIROC Connectivity,55913,55913,CYW55911IUBGT,CYW55911IUBGT,,,,,143-WLBGA,-40..85 °C,,active,infineon-device-db:1e7589fe5ce5,https://github.com/Infineon/device-db/tree/1e7589fe5ce5c25b68a5d8866c22c142df9b7555,2026-08-12T10:06:32+00:00,manufacturer_device_database,official_device_db_part_record
infineon::cyw55912iubgt,infineon::cyw55912iubgt,Infineon,AIROC Connectivity,55913,55913,CYW55912IUBGT,CYW55912IUBGT,,,,,143-WLBGA,-40..85 °C,,active,infineon-device-db:1e7589fe5ce5,https://github.com/Infineon/device-db/tree/1e7589fe5ce5c25b68a5d8866c22c142df9b7555,2026-08-12T10:06:32+00:00,manufacturer_device_database,official_device_db_part_record
infineon::cyw55913iubgt,infineon::cyw55913iubgt,Infineon,AIROC Connectivity,55913,55913,CYW55913IUBGT,CYW55913IUBGT,,,,,143-WLBGA,-40..85 °C,,active,infineon-device-db:1e7589fe5ce5,https://github.com/Infineon/device-db/tree/1e7589fe5ce5c25b68a5d8866c22c142df9b7555,2026-08-12T10:06:32+00:00,manufacturer_device_database,official_device_db_part_record
infineon::cyw89820bwmlg,infineon::cyw89820bwmlg,Infineon,AIROC Connectivity,20820,20820,CYW89820BWMLG,CYW89820BWMLG,,,,,48-WQFN,-40..105 °C,,active,infineon-device-db:1e7589fe5ce5,https://github.com/Infineon/device-db/tree/1e7589fe5ce5c25b68a5d8866c22c142df9b7555,2026-08-12T10:06:32+00:00,manufacturer_device_database,official_device_db_part_record
infineon::cyw89829b0062,infineon::cyw89829b0062,Infineon,AIROC Connectivity,89829,89829,CYW89829B0062,CYW89829B0062,,,,,48-QFN,-40..105 °C,,active,infineon-device-db:1e7589fe5ce5,https://github.com/Infineon/device-db/tree/1e7589fe5ce5c25b68a5d8866c22c142df9b7555,2026-08-12T10:06:32+00:00,manufacturer_device_database,official_device_db_part_record
infineon::cyw89829b0232,infineon::cyw89829b0232,Infineon,AIROC Connectivity,89829,89829,CYW89829B0232,CYW89829B0232,,,,,77-BGA,-40..105 °C,,active,infineon-device-db:1e7589fe5ce5,https://github.com/Infineon/device-db/tree/1e7589fe5ce5c25b68a5d8866c22c142df9b7555,2026-08-12T10:06:32+00:00,manufacturer_device_database,official_device_db_part_record
infineon::cyw89829b1062,infineon::cyw89829b1062,Infineon,AIROC Connectivity,89829,89829,CYW89829B1062,CYW89829B1062,,,,,48-QFN,-40..105 °C,,active,infineon-device-db:1e7589fe5ce5,https://github.com/Infineon/device-db/tree/1e7589fe5ce5c25b68a5d8866c22c142df9b7555,2026-08-12T10:06:32+00:00,manufacturer_device_database,official_device_db_part_record
infineon::cyw89829b1232,infineon::cyw89829b1232,Infineon,AIROC Connectivity,89829,89829,CYW89829B1232,CYW89829B1232,,,,,77-BGA,-40..105 °C,,active,infineon-device-db:1e7589fe5ce5,https://github.com/Infineon/device-db/tree/1e7589fe5ce5c25b68a5d8866c22c142df9b7555,2026-08-12T10:06:32+00:00,manufacturer_device_database,official_device_db_part_record
infineon::psc3m3edabq1,infineon::psc3m3edabq1,Infineon,PSC3,PSC3,PSC3M3Ex,PSC3M3EDABQ1,PSC3M3EDABQ1,,,,,E-LQFP-48,-40..105 °C,,active,infineon-device-db:1e7589fe5ce5,https://github.com/Infineon/device-db/tree/1e7589fe5ce5c25b68a5d8866c22c142df9b7555,2026-08-12T10:06:32+00:00,manufacturer_device_database,official_device_db_part_record
infineon::psc3m3edacq1,infineon::psc3m3edacq1,Infineon,PSC3,PSC3,PSC3M3Ex,PSC3M3EDACQ1,PSC3M3EDACQ1,,,,,E-LQFP-64,-40..105 °C,,active,infineon-device-db:1e7589fe5ce5,https://github.com/Infineon/device-db/tree/1e7589fe5ce5c25b68a5d8866c22c142df9b7555,2026-08-12T10:06:32+00:00,manufacturer_device_database,official_device_db_part_record
infineon::psc3m3edleq1,infineon::psc3m3edleq1,Infineon,PSC3,PSC3,PSC3M3Ex,PSC3M3EDLEQ1,PSC3M3EDLEQ1,,,,,VQFN-40,-40..105 °C,,active,infineon-device-db:1e7589fe5ce5,https://github.com/Infineon/device-db/tree/1e7589fe5ce5c25b68a5d8866c22c142df9b7555,2026-08-12T10:06:32+00:00,manufacturer_device_database,official_device_db_part_record
infineon::psc3m3edlgq1,infineon::psc3m3edlgq1,Infineon,PSC3,PSC3,PSC3M3Ex,PSC3M3EDLGQ1,PSC3M3EDLGQ1,,,,,VQFN-48,-40..105 °C,,active,infineon-device-db:1e7589fe5ce5,https://github.com/Infineon/device-db/tree/1e7589fe5ce5c25b68a5d8866c22c142df9b7555,2026-08-12T10:06:32+00:00,manufacturer_device_database,official_device_db_part_record
infineon::psc3m3edlhq1,infineon::psc3m3edlhq1,Infineon,PSC3,PSC3,PSC3M3Ex,PSC3M3EDLHQ1,PSC3M3EDLHQ1,,,,,VQFN-64,-40..105 °C,,active,infineon-device-db:1e7589fe5ce5,https://github.com/Infineon/device-db/tree/1e7589fe5ce5c25b68a5d8866c22c142df9b7555,2026-08-12T10:06:32+00:00,manufacturer_device_database,official_device_db_part_record
infineon::psc3m3edylgq1,infineon::psc3m3edylgq1,Infineon,PSC3,PSC3,PSC3M3Ex,PSC3M3EDYLGQ1,PSC3M3EDYLGQ1,,,,,VQFN-48,-40..105 °C,,active,infineon-device-db:1e7589fe5ce5,https://github.com/Infineon/device-db/tree/1e7589fe5ce5c25b68a5d8866c22c142df9b7555,2026-08-12T10:06:32+00:00,manufacturer_device_database,official_device_db_part_record
infineon::psc3m3fds2abq1,infineon::psc3m3fds2abq1,Infineon,PSC3,PSC3,PSC3M3Fx,PSC3M3FDS2ABQ1,PSC3M3FDS2ABQ1,,,,,E-LQFP-48,-40..105 °C,,active,infineon-device-db:1e7589fe5ce5,https://github.com/Infineon/device-db/tree/1e7589fe5ce5c25b68a5d8866c22c142df9b7555,2026-08-12T10:06:32+00:00,manufacturer_device_database,official_device_db_part_record
infineon::psc3m3fds2acq1,infineon::psc3m3fds2acq1,Infineon,PSC3,PSC3,PSC3M3Fx,PSC3M3FDS2ACQ1,PSC3M3FDS2ACQ1,,,,,E-LQFP-64,-40..105 °C,,active,infineon-device-db:1e7589fe5ce5,https://github.com/Infineon/device-db/tree/1e7589fe5ce5c25b68a5d8866c22c142df9b7555,2026-08-12T10:06:32+00:00,manufacturer_device_database,official_device_db_part_record
infineon::psc3m3fds2leq1,infineon::psc3m3fds2leq1,Infineon,PSC3,PSC3,PSC3M3Fx,PSC3M3FDS2LEQ1,PSC3M3FDS2LEQ1,,,,,VQFN-40,-40..105 °C,,active,infineon-device-db:1e7589fe5ce5,https://github.com/Infineon/device-db/tree/1e7589fe5ce5c25b68a5d8866c22c142df9b7555,2026-08-12T10:06:32+00:00,manufacturer_device_database,official_device_db_part_record
infineon::psc3m3fds2lgq1,infineon::psc3m3fds2lgq1,Infineon,PSC3,PSC3,PSC3M3Fx,PSC3M3FDS2LGQ1,PSC3M3FDS2LGQ1,,,,,VQFN-48,-40..105 °C,,active,infineon-device-db:1e7589fe5ce5,https://github.com/Infineon/device-db/tree/1e7589fe5ce5c25b68a5d8866c22c142df9b7555,2026-08-12T10:06:32+00:00,manufacturer_device_database,official_device_db_part_record
infineon::psc3m3fds2lhq1,infineon::psc3m3fds2lhq1,Infineon,PSC3,PSC3,PSC3M3Fx,PSC3M3FDS2LHQ1,PSC3M3FDS2LHQ1,,,,,VQFN-64,-40..105 °C,,active,infineon-device-db:1e7589fe5ce5,https://github.com/Infineon/device-db/tree/1e7589fe5ce5c25b68a5d8866c22c142df9b7555,2026-08-12T10:06:32+00:00,manufacturer_device_database,official_device_db_part_record
infineon::psc3m3fds2ylgq1,infineon::psc3m3fds2ylgq1,Infineon,PSC3,PSC3,PSC3M3Fx,PSC3M3FDS2YLGQ1,PSC3M3FDS2YLGQ1,,,,,VQFN-48,-40..105 °C,,active,infineon-device-db:1e7589fe5ce5,https://github.com/Infineon/device-db/tree/1e7589fe5ce5c25b68a5d8866c22c142df9b7555,2026-08-12T10:06:32+00:00,manufacturer_device_database,official_device_db_part_record
infineon::psc3m5edabq1,infineon::psc3m5edabq1,Infineon,PSC3,PSC3,PSC3x5Ex,PSC3M5EDABQ1,PSC3M5EDABQ1,,,,,E-LQFP-48,-40..105 °C,,active,infineon-device-db:1e7589fe5ce5,https://github.com/Infineon/device-db/tree/1e7589fe5ce5c25b68a5d8866c22c142df9b7555,2026-08-12T10:06:32+00:00,manufacturer_device_database,official_device_db_part_record
infineon::psc3m5edacq1,infineon::psc3m5edacq1,Infineon,PSC3,PSC3,PSC3x5Ex,PSC3M5EDACQ1,PSC3M5EDACQ1,,,,,E-LQFP-64,-40..105 °C,,active,infineon-device-db:1e7589fe5ce5,https://github.com/Infineon/device-db/tree/1e7589fe5ce5c25b68a5d8866c22c142df9b7555,2026-08-12T10:06:32+00:00,manufacturer_device_database,official_device_db_part_record
infineon::psc3m5edafq1,infineon::psc3m5edafq1,Infineon,PSC3,PSC3,PSC3x5Ex,PSC3M5EDAFQ1,PSC3M5EDAFQ1,,,,,E-LQFP-80,-40..105 °C,,active,infineon-device-db:1e7589fe5ce5,https://github.com/Infineon/device-db/tree/1e7589fe5ce5c25b68a5d8866c22c142df9b7555,2026-08-12T10:06:32+00:00,manufacturer_device_database,official_device_db_part_record
infineon::psc3m5edleq1,infineon::psc3m5edleq1,Infineon,PSC3,PSC3,PSC3x5Ex,PSC3M5EDLEQ1,PSC3M5EDLEQ1,,,,,VQFN-40,-40..105 °C,,active,infineon-device-db:1e7589fe5ce5,https://github.com/Infineon/device-db/tree/1e7589fe5ce5c25b68a5d8866c22c142df9b7555,2026-08-12T10:06:32+00:00,manufacturer_device_database,official_device_db_part_record
infineon::psc3m5edlgq1,infineon::psc3m5edlgq1,Infineon,PSC3,PSC3,PSC3x5Ex,PSC3M5EDLGQ1,PSC3M5EDLGQ1,,,,,VQFN-48,-40..105 °C,,active,infineon-device-db:1e7589fe5ce5,https://github.com/Infineon/device-db/tree/1e7589fe5ce5c25b68a5d8866c22c142df9b7555,2026-08-12T10:06:32+00:00,manufacturer_device_database,official_device_db_part_record
infineon::psc3m5edlhq1,infineon::psc3m5edlhq1,Infineon,PSC3,PSC3,PSC3x5Ex,PSC3M5EDLHQ1,PSC3M5EDLHQ1,,,,,VQFN-64,-40..105 °C,,active,infineon-device-db:1e7589fe5ce5,https://github.com/Infineon/device-db/tree/1e7589fe5ce5c25b68a5d8866c22c142df9b7555,2026-08-12T10:06:32+00:00,manufacturer_device_database,official_device_db_part_record
infineon::psc3m5edylgq1,infineon::psc3m5edylgq1,Infineon,PSC3,PSC3,PSC3x5Ex,PSC3M5EDYLGQ1,PSC3M5EDYLGQ1,,,,,VQFN-48,-40..105 °C,,active,infineon-device-db:1e7589fe5ce5,https://github.com/Infineon/device-db/tree/1e7589fe5ce5c25b68a5d8866c22c142df9b7555,2026-08-12T10:06:32+00:00,manufacturer_device_database,official_device_db_part_record
infineon::psc3m5fds2abq1,infineon::psc3m5fds2abq1,Infineon,PSC3,PSC3,PSC3x5Fx,PSC3M5FDS2ABQ1,PSC3M5FDS2ABQ1,,,,,E-LQFP-48,-40..105 °C,,active,infineon-device-db:1e7589fe5ce5,https://github.com/Infineon/device-db/tree/1e7589fe5ce5c25b68a5d8866c22c142df9b7555,2026-08-12T10:06:32+00:00,manufacturer_device_database,official_device_db_part_record
infineon::psc3m5fds2acq1,infineon::psc3m5fds2acq1,Infineon,PSC3,PSC3,PSC3x5Fx,PSC3M5FDS2ACQ1,PSC3M5FDS2ACQ1,,,,,E-LQFP-64,-40..105 °C,,active,infineon-device-db:1e7589fe5ce5,https://github.com/Infineon/device-db/tree/1e7589fe5ce5c25b68a5d8866c22c142df9b7555,2026-08-12T10:06:32+00:00,manufacturer_device_database,official_device_db_part_record
infineon::psc3m5fds2afq1,infineon::psc3m5fds2afq1,Infineon,PSC3,PSC3,PSC3x5Fx,PSC3M5FDS2AFQ1,PSC3M5FDS2AFQ1,,,,,E-LQFP-80,-40..105 °C,,active,infineon-device-db:1e7589fe5ce5,https://github.com/Infineon/device-db/tree/1e7589fe5ce5c25b68a5d8866c22c142df9b7555,2026-08-12T10:06:32+00:00,manufacturer_device_database,official_device_db_part_record
infineon::psc3m5fds2leq1,infineon::psc3m5fds2leq1,Infineon,PSC3,PSC3,PSC3x5Fx,PSC3M5FDS2LEQ1,PSC3M5FDS2LEQ1,,,,,VQFN-40,-40..105 °C,,active,infineon-device-db:1e7589fe5ce5,https://github.com/Infineon/device-db/tree/1e7589fe5ce5c25b68a5d8866c22c142df9b7555,2026-08-12T10:06:32+00:00,manufacturer_device_database,official_device_db_part_record
infineon::psc3m5fds2lgq1,infineon::psc3m5fds2lgq1,Infineon,PSC3,PSC3,PSC3x5Fx,PSC3M5FDS2LGQ1,PSC3M5FDS2LGQ1,,,,,VQFN-48,-40..105 °C,,active,infineon-device-db:1e7589fe5ce5,https://github.com/Infineon/device-db/tree/1e7589fe5ce5c25b68a5d8866c22c142df9b7555,2026-08-12T10:06:32+00:00,manufacturer_device_database,official_device_db_part_record
infineon::psc3m5fds2lhq1,infineon::psc3m5fds2lhq1,Infineon,PSC3,PSC3,PSC3x5Fx,PSC3M5FDS2LHQ1,PSC3M5FDS2LHQ1,,,,,VQFN-64,-40..105 °C,,active,infineon-device-db:1e7589fe5ce5,https://github.com/Infineon/device-db/tree/1e7589fe5ce5c25b68a5d8866c22c142df9b7555,2026-08-12T10:06:32+00:00,manufacturer_device_database,official_device_db_part_record
infineon::psc3m5fds2ylgq1,infineon::psc3m5fds2ylgq1,Infineon,PSC3,PSC3,PSC3x5Fx,PSC3M5FDS2YLGQ1,PSC3M5FDS2YLGQ1,,,,,VQFN-48,-40..105 °C,,active,infineon-device-db:1e7589fe5ce5,https://github.com/Infineon/device-db/tree/1e7589fe5ce5c25b68a5d8866c22c142df9b7555,2026-08-12T10:06:32+00:00,manufacturer_device_database,official_device_db_part_record
infineon::psc3m6fds2acq1,infineon::psc3m6fds2acq1,Infineon,PSC3,PSC3,PSC3M6,PSC3M6FDS2ACQ1,PSC3M6FDS2ACQ1,,,,,E-LQFP-64,-40..115 °C,,active,infineon-device-db:1e7589fe5ce5,https://github.com/Infineon/device-db/tree/1e7589fe5ce5c25b68a5d8866c22c142df9b7555,2026-08-12T10:06:32+00:00,manufacturer_device_database,official_device_db_part_record
infineon::psc3m6fds2afq1,infineon::psc3m6fds2afq1,Infineon,PSC3,PSC3,PSC3M6,PSC3M6FDS2AFQ1,PSC3M6FDS2AFQ1,,,,,E-LQFP-80,-40..115 °C,,active,infineon-device-db:1e7589fe5ce5,https://github.com/Infineon/device-db/tree/1e7589fe5ce5c25b68a5d8866c22c142df9b7555,2026-08-12T10:06:32+00:00,manufacturer_device_database,official_device_db_part_record
infineon::psc3m6fds2ahq1,infineon::psc3m6fds2ahq1,Infineon,PSC3,PSC3,PSC3M6,PSC3M6FDS2AHQ1,PSC3M6FDS2AHQ1,,,,,E-LQFP-100,-40..115 °C,,active,infineon-device-db:1e7589fe5ce5,https://github.com/Infineon/device-db/tree/1e7589fe5ce5c25b68a5d8866c22c142df9b7555,2026-08-12T10:06:32+00:00,manufacturer_device_database,official_device_db_part_record
infineon::psc3m6ges3acq1,infineon::psc3m6ges3acq1,Infineon,PSC3,PSC3,PSC3M6,PSC3M6GES3ACQ1,PSC3M6GES3ACQ1,,,,,E-LQFP-64,-40..115 °C,,active,infineon-device-db:1e7589fe5ce5,https://github.com/Infineon/device-db/tree/1e7589fe5ce5c25b68a5d8866c22c142df9b7555,2026-08-12T10:06:32+00:00,manufacturer_device_database,official_device_db_part_record
infineon::psc3m6ges3afq1,infineon::psc3m6ges3afq1,Infineon,PSC3,PSC3,PSC3M6,PSC3M6GES3AFQ1,PSC3M6GES3AFQ1,,,,,E-LQFP-80,-40..115 °C,,active,infineon-device-db:1e7589fe5ce5,https://github.com/Infineon/device-db/tree/1e7589fe5ce5c25b68a5d8866c22c142df9b7555,2026-08-12T10:06:32+00:00,manufacturer_device_database,official_device_db_part_record
infineon::psc3m6ges3ahq1,infineon::psc3m6ges3ahq1,Infineon,PSC3,PSC3,PSC3M6,PSC3M6GES3AHQ1,PSC3M6GES3AHQ1,,,,,E-LQFP-100,-40..115 °C,,active,infineon-device-db:1e7589fe5ce5,https://github.com/Infineon/device-db/tree/1e7589fe5ce5c25b68a5d8866c22c142df9b7555,2026-08-12T10:06:32+00:00,manufacturer_device_database,official_device_db_part_record
infineon::psc3p2edabq1,infineon::psc3p2edabq1,Infineon,PSC3,PSC3,PSC3P2Ex,PSC3P2EDABQ1,PSC3P2EDABQ1,,,,,E-LQFP-48,-40..105 °C,,active,infineon-device-db:1e7589fe5ce5,https://github.com/Infineon/device-db/tree/1e7589fe5ce5c25b68a5d8866c22c142df9b7555,2026-08-12T10:06:32+00:00,manufacturer_device_database,official_device_db_part_record
infineon::psc3p2edacq1,infineon::psc3p2edacq1,Infineon,PSC3,PSC3,PSC3P2Ex,PSC3P2EDACQ1,PSC3P2EDACQ1,,,,,E-LQFP-64,-40..105 °C,,active,infineon-device-db:1e7589fe5ce5,https://github.com/Infineon/device-db/tree/1e7589fe5ce5c25b68a5d8866c22c142df9b7555,2026-08-12T10:06:32+00:00,manufacturer_device_database,official_device_db_part_record
infineon::psc3p2edleq1,infineon::psc3p2edleq1,Infineon,PSC3,PSC3,PSC3P2Ex,PSC3P2EDLEQ1,PSC3P2EDLEQ1,,,,,VQFN-40,-40..105 °C,,active,infineon-device-db:1e7589fe5ce5,https://github.com/Infineon/device-db/tree/1e7589fe5ce5c25b68a5d8866c22c142df9b7555,2026-08-12T10:06:32+00:00,manufacturer_device_database,official_device_db_part_record
infineon::psc3p2edlgq1,infineon::psc3p2edlgq1,Infineon,PSC3,PSC3,PSC3P2Ex,PSC3P2EDLGQ1,PSC3P2EDLGQ1,,,,,VQFN-48,-40..105 °C,,active,infineon-device-db:1e7589fe5ce5,https://github.com/Infineon/device-db/tree/1e7589fe5ce5c25b68a5d8866c22c142df9b7555,2026-08-12T10:06:32+00:00,manufacturer_device_database,official_device_db_part_record
infineon::psc3p2edlhq1,infineon::psc3p2edlhq1,Infineon,PSC3,PSC3,PSC3P2Ex,PSC3P2EDLHQ1,PSC3P2EDLHQ1,,,,,VQFN-64,-40..105 °C,,active,infineon-device-db:1e7589fe5ce5,https://github.com/Infineon/device-db/tree/1e7589fe5ce5c25b68a5d8866c22c142df9b7555,2026-08-12T10:06:32+00:00,manufacturer_device_database,official_device_db_part_record
infineon::psc3p2edylgq1,infineon::psc3p2edylgq1,Infineon,PSC3,PSC3,PSC3P2Ex,PSC3P2EDYLGQ1,PSC3P2EDYLGQ1,,,,,VQFN-48,-40..105 °C,,active,infineon-device-db:1e7589fe5ce5,https://github.com/Infineon/device-db/tree/1e7589fe5ce5c25b68a5d8866c22c142df9b7555,2026-08-12T10:06:32+00:00,manufacturer_device_database,official_device_db_part_record
infineon::psc3p2fds2abq1,infineon::psc3p2fds2abq1,Infineon,PSC3,PSC3,PSC3P2Fx,PSC3P2FDS2ABQ1,PSC3P2FDS2ABQ1,,,,,E-LQFP-48,-40..105 °C,,active,infineon-device-db:1e7589fe5ce5,https://github.com/Infineon/device-db/tree/1e7589fe5ce5c25b68a5d8866c22c142df9b7555,2026-08-12T10:06:32+00:00,manufacturer_device_database,official_device_db_part_record
infineon::psc3p2fds2acq1,infineon::psc3p2fds2acq1,Infineon,PSC3,PSC3,PSC3P2Fx,PSC3P2FDS2ACQ1,PSC3P2FDS2ACQ1,,,,,E-LQFP-64,-40..105 °C,,active,infineon-device-db:1e7589fe5ce5,https://github.com/Infineon/device-db/tree/1e7589fe5ce5c25b68a5d8866c22c142df9b7555,2026-08-12T10:06:32+00:00,manufacturer_device_database,official_device_db_part_record
infineon::psc3p2fds2leq1,infineon::psc3p2fds2leq1,Infineon,PSC3,PSC3,PSC3P2Fx,PSC3P2FDS2LEQ1,PSC3P2FDS2LEQ1,,,,,VQFN-40,-40..105 °C,,active,infineon-device-db:1e7589fe5ce5,https://github.com/Infineon/device-db/tree/1e7589fe5ce5c25b68a5d8866c22c142df9b7555,2026-08-12T10:06:32+00:00,manufacturer_device_database,official_device_db_part_record
infineon::psc3p2fds2lgq1,infineon::psc3p2fds2lgq1,Infineon,PSC3,PSC3,PSC3P2Fx,PSC3P2FDS2LGQ1,PSC3P2FDS2LGQ1,,,,,VQFN-48,-40..105 °C,,active,infineon-device-db:1e7589fe5ce5,https://github.com/Infineon/device-db/tree/1e7589fe5ce5c25b68a5d8866c22c142df9b7555,2026-08-12T10:06:32+00:00,manufacturer_device_database,official_device_db_part_record
infineon::psc3p2fds2lhq1,infineon::psc3p2fds2lhq1,Infineon,PSC3,PSC3,PSC3P2Fx,PSC3P2FDS2LHQ1,PSC3P2FDS2LHQ1,,,,,VQFN-64,-40..105 °C,,active,infineon-device-db:1e7589fe5ce5,https://github.com/Infineon/device-db/tree/1e7589fe5ce5c25b68a5d8866c22c142df9b7555,2026-08-12T10:06:32+00:00,manufacturer_device_database,official_device_db_part_record
infineon::psc3p2fds2ylgq1,infineon::psc3p2fds2ylgq1,Infineon,PSC3,PSC3,PSC3P2Fx,PSC3P2FDS2YLGQ1,PSC3P2FDS2YLGQ1,,,,,VQFN-48,-40..105 °C,,active,infineon-device-db:1e7589fe5ce5,https://github.com/Infineon/device-db/tree/1e7589fe5ce5c25b68a5d8866c22c142df9b7555,2026-08-12T10:06:32+00:00,manufacturer_device_database,official_device_db_part_record
infineon::psc3p5edabq1,infineon::psc3p5edabq1,Infineon,PSC3,PSC3,PSC3x5Ex,PSC3P5EDABQ1,PSC3P5EDABQ1,,,,,E-LQFP-48,-40..105 °C,,active,infineon-device-db:1e7589fe5ce5,https://github.com/Infineon/device-db/tree/1e7589fe5ce5c25b68a5d8866c22c142df9b7555,2026-08-12T10:06:32+00:00,manufacturer_device_database,official_device_db_part_record
infineon::psc3p5edacq1,infineon::psc3p5edacq1,Infineon,PSC3,PSC3,PSC3x5Ex,PSC3P5EDACQ1,PSC3P5EDACQ1,,,,,E-LQFP-64,-40..105 °C,,active,infineon-device-db:1e7589fe5ce5,https://github.com/Infineon/device-db/tree/1e7589fe5ce5c25b68a5d8866c22c142df9b7555,2026-08-12T10:06:32+00:00,manufacturer_device_database,official_device_db_part_record
infineon::psc3p5edleq1,infineon::psc3p5edleq1,Infineon,PSC3,PSC3,PSC3x5Ex,PSC3P5EDLEQ1,PSC3P5EDLEQ1,,,,,VQFN-40,-40..105 °C,,active,infineon-device-db:1e7589fe5ce5,https://github.com/Infineon/device-db/tree/1e7589fe5ce5c25b68a5d8866c22c142df9b7555,2026-08-12T10:06:32+00:00,manufacturer_device_database,official_device_db_part_record
infineon::psc3p5edlgq1,infineon::psc3p5edlgq1,Infineon,PSC3,PSC3,PSC3x5Ex,PSC3P5EDLGQ1,PSC3P5EDLGQ1,,,,,VQFN-48,-40..105 °C,,active,infineon-device-db:1e7589fe5ce5,https://github.com/Infineon/device-db/tree/1e7589fe5ce5c25b68a5d8866c22c142df9b7555,2026-08-12T10:06:32+00:00,manufacturer_device_database,official_device_db_part_record
infineon::psc3p5edlhq1,infineon::psc3p5edlhq1,Infineon,PSC3,PSC3,PSC3x5Ex,PSC3P5EDLHQ1,PSC3P5EDLHQ1,,,,,VQFN-64,-40..105 °C,,active,infineon-device-db:1e7589fe5ce5,https://github.com/Infineon/device-db/tree/1e7589fe5ce5c25b68a5d8866c22c142df9b7555,2026-08-12T10:06:32+00:00,manufacturer_device_database,official_device_db_part_record
infineon::psc3p5edylgq1,infineon::psc3p5edylgq1,Infineon,PSC3,PSC3,PSC3x5Ex,PSC3P5EDYLGQ1,PSC3P5EDYLGQ1,,,,,VQFN-48,-40..105 °C,,active,infineon-device-db:1e7589fe5ce5,https://github.com/Infineon/device-db/tree/1e7589fe5ce5c25b68a5d8866c22c142df9b7555,2026-08-12T10:06:32+00:00,manufacturer_device_database,official_device_db_part_record
infineon::psc3p5fds2abq1,infineon::psc3p5fds2abq1,Infineon,PSC3,PSC3,PSC3x5Fx,PSC3P5FDS2ABQ1,PSC3P5FDS2ABQ1,,,,,E-LQFP-48,-40..105 °C,,active,infineon-device-db:1e7589fe5ce5,https://github.com/Infineon/device-db/tree/1e7589fe5ce5c25b68a5d8866c22c142df9b7555,2026-08-12T10:06:32+00:00,manufacturer_device_database,official_device_db_part_record
infineon::psc3p5fds2acq1,infineon::psc3p5fds2acq1,Infineon,PSC3,PSC3,PSC3x5Fx,PSC3P5FDS2ACQ1,PSC3P5FDS2ACQ1,,,,,E-LQFP-64,-40..105 °C,,active,infineon-device-db:1e7589fe5ce5,https://github.com/Infineon/device-db/tree/1e7589fe5ce5c25b68a5d8866c22c142df9b7555,2026-08-12T10:06:32+00:00,manufacturer_device_database,official_device_db_part_record
infineon::psc3p5fds2leq1,infineon::psc3p5fds2leq1,Infineon,PSC3,PSC3,PSC3x5Fx,PSC3P5FDS2LEQ1,PSC3P5FDS2LEQ1,,,,,VQFN-40,-40..105 °C,,active,infineon-device-db:1e7589fe5ce5,https://github.com/Infineon/device-db/tree/1e7589fe5ce5c25b68a5d8866c22c142df9b7555,2026-08-12T10:06:32+00:00,manufacturer_device_database,official_device_db_part_record
infineon::psc3p5fds2lgq1,infineon::psc3p5fds2lgq1,Infineon,PSC3,PSC3,PSC3x5Fx,PSC3P5FDS2LGQ1,PSC3P5FDS2LGQ1,,,,,VQFN-48,-40..105 °C,,active,infineon-device-db:1e7589fe5ce5,https://github.com/Infineon/device-db/tree/1e7589fe5ce5c25b68a5d8866c22c142df9b7555,2026-08-12T10:06:32+00:00,manufacturer_device_database,official_device_db_part_record
infineon::psc3p5fds2lhq1,infineon::psc3p5fds2lhq1,Infineon,PSC3,PSC3,PSC3x5Fx,PSC3P5FDS2LHQ1,PSC3P5FDS2LHQ1,,,,,VQFN-64,-40..105 °C,,active,infineon-device-db:1e7589fe5ce5,https://github.com/Infineon/device-db/tree/1e7589fe5ce5c25b68a5d8866c22c142df9b7555,2026-08-12T10:06:32+00:00,manufacturer_device_database,official_device_db_part_record
infineon::psc3p5fds2ylgq1,infineon::psc3p5fds2ylgq1,Infineon,PSC3,PSC3,PSC3x5Fx,PSC3P5FDS2YLGQ1,PSC3P5FDS2YLGQ1,,,,,VQFN-48,-40..105 °C,,active,infineon-device-db:1e7589fe5ce5,https://github.com/Infineon/device-db/tree/1e7589fe5ce5c25b68a5d8866c22c142df9b7555,2026-08-12T10:06:32+00:00,manufacturer_device_database,official_device_db_part_record
infineon::psc3p6fds2acq1,infineon::psc3p6fds2acq1,Infineon,PSC3,PSC3,PSC3P6,PSC3P6FDS2ACQ1,PSC3P6FDS2ACQ1,,,,,E-LQFP-64,-40..115 °C,,active,infineon-device-db:1e7589fe5ce5,https://github.com/Infineon/device-db/tree/1e7589fe5ce5c25b68a5d8866c22c142df9b7555,2026-08-12T10:06:32+00:00,manufacturer_device_database,official_device_db_part_record
infineon::psc3p6fds2afq1,infineon::psc3p6fds2afq1,Infineon,PSC3,PSC3,PSC3P6,PSC3P6FDS2AFQ1,PSC3P6FDS2AFQ1,,,,,E-LQFP-80,-40..115 °C,,active,infineon-device-db:1e7589fe5ce5,https://github.com/Infineon/device-db/tree/1e7589fe5ce5c25b68a5d8866c22c142df9b7555,2026-08-12T10:06:32+00:00,manufacturer_device_database,official_device_db_part_record
infineon::psc3p6fds2ahq1,infineon::psc3p6fds2ahq1,Infineon,PSC3,PSC3,PSC3P6,PSC3P6FDS2AHQ1,PSC3P6FDS2AHQ1,,,,,E-LQFP-100,-40..115 °C,,active,infineon-device-db:1e7589fe5ce5,https://github.com/Infineon/device-db/tree/1e7589fe5ce5c25b68a5d8866c22c142df9b7555,2026-08-12T10:06:32+00:00,manufacturer_device_database,official_device_db_part_record
infineon::psc3p6ges3acq1,infineon::psc3p6ges3acq1,Infineon,PSC3,PSC3,PSC3P6,PSC3P6GES3ACQ1,PSC3P6GES3ACQ1,,,,,E-LQFP-64,-40..115 °C,,active,infineon-device-db:1e7589fe5ce5,https://github.com/Infineon/device-db/tree/1e7589fe5ce5c25b68a5d8866c22c142df9b7555,2026-08-12T10:06:32+00:00,manufacturer_device_database,official_device_db_part_record
infineon::psc3p6ges3afq1,infineon::psc3p6ges3afq1,Infineon,PSC3,PSC3,PSC3P6,PSC3P6GES3AFQ1,PSC3P6GES3AFQ1,,,,,E-LQFP-80,-40..115 °C,,active,infineon-device-db:1e7589fe5ce5,https://github.com/Infineon/device-db/tree/1e7589fe5ce5c25b68a5d8866c22c142df9b7555,2026-08-12T10:06:32+00:00,manufacturer_device_database,official_device_db_part_record
infineon::psc3p6ges3ahq1,infineon::psc3p6ges3ahq1,Infineon,PSC3,PSC3,PSC3P6,PSC3P6GES3AHQ1,PSC3P6GES3AHQ1,,,,,E-LQFP-100,-40..115 °C,,active,infineon-device-db:1e7589fe5ce5,https://github.com/Infineon/device-db/tree/1e7589fe5ce5c25b68a5d8866c22c142df9b7555,2026-08-12T10:06:32+00:00,manufacturer_device_database,official_device_db_part_record
infineon::pse812gms2dfnc4,infineon::pse812gms2dfnc4,Infineon,PSOCE84,PSOCE84,PSE8x2x2xxxx4,PSE812GMS2DFNC4,PSE812GMS2DFNC4,,,,,WLB-154,-20..70 °C,,active,infineon-device-db:1e7589fe5ce5,https://github.com/Infineon/device-db/tree/1e7589fe5ce5c25b68a5d8866c22c142df9b7555,2026-08-12T10:06:32+00:00,manufacturer_device_database,official_device_db_part_record
infineon::pse812gms4dfnc4,infineon::pse812gms4dfnc4,Infineon,PSOCE84,PSOCE84,PSE8x2x4xxxx4,PSE812GMS4DFNC4,PSE812GMS4DFNC4,,,,,WLB-154,-20..70 °C,,active,infineon-device-db:1e7589fe5ce5,https://github.com/Infineon/device-db/tree/1e7589fe5ce5c25b68a5d8866c22c142df9b7555,2026-08-12T10:06:32+00:00,manufacturer_device_database,official_device_db_part_record
infineon::pse812gos2dfnc4,infineon::pse812gos2dfnc4,Infineon,PSOCE84,PSOCE84,PSE8x2x2xxxx4,PSE812GOS2DFNC4,PSE812GOS2DFNC4,,,,,WLB-154,-20..70 °C,,active,infineon-device-db:1e7589fe5ce5,https://github.com/Infineon/device-db/tree/1e7589fe5ce5c25b68a5d8866c22c142df9b7555,2026-08-12T10:06:32+00:00,manufacturer_device_database,official_device_db_part_record
infineon::pse812gos4dfnc4,infineon::pse812gos4dfnc4,Infineon,PSOCE84,PSOCE84,PSE8x2x4xxxx4,PSE812GOS4DFNC4,PSE812GOS4DFNC4,,,,,WLB-154,-20..70 °C,,active,infineon-device-db:1e7589fe5ce5,https://github.com/Infineon/device-db/tree/1e7589fe5ce5c25b68a5d8866c22c142df9b7555,2026-08-12T10:06:32+00:00,manufacturer_device_database,official_device_db_part_record
infineon::pse813gms2dbzc4,infineon::pse813gms2dbzc4,Infineon,PSOCE84,PSOCE84,PSE8x3x2xxxx4,PSE813GMS2DBZC4,PSE813GMS2DBZC4,,,,,BGA-220,-20..70 °C,,active,infineon-device-db:1e7589fe5ce5,https://github.com/Infineon/device-db/tree/1e7589fe5ce5c25b68a5d8866c22c142df9b7555,2026-08-12T10:06:32+00:00,manufacturer_device_database,official_device_db_part_record
infineon::pse813gms2dbzq3,infineon::pse813gms2dbzq3,Infineon,PSOCE84,PSOCE84,PSE8x3x2xxxx3,PSE813GMS2DBZQ3,PSE813GMS2DBZQ3,,,,,BGA-220,-40..105 °C,,active,infineon-device-db:1e7589fe5ce5,https://github.com/Infineon/device-db/tree/1e7589fe5ce5c25b68a5d8866c22c142df9b7555,2026-08-12T10:06:32+00:00,manufacturer_device_database,official_device_db_part_record
infineon::pse813gms4dbzc4,infineon::pse813gms4dbzc4,Infineon,PSOCE84,PSOCE84,PSE8x3x4xxxx4,PSE813GMS4DBZC4,PSE813GMS4DBZC4,,,,,BGA-220,-20..70 °C,,active,infineon-device-db:1e7589fe5ce5,https://github.com/Infineon/device-db/tree/1e7589fe5ce5c25b68a5d8866c22c142df9b7555,2026-08-12T10:06:32+00:00,manufacturer_device_database,official_device_db_part_record
infineon::pse813gms4dbzq3,infineon::pse813gms4dbzq3,Infineon,PSOCE84,PSOCE84,PSE8x3x4xxxx3,PSE813GMS4DBZQ3,PSE813GMS4DBZQ3,,,,,BGA-220,-40..105 °C,,active,infineon-device-db:1e7589fe5ce5,https://github.com/Infineon/device-db/tree/1e7589fe5ce5c25b68a5d8866c22c142df9b7555,2026-08-12T10:06:32+00:00,manufacturer_device_database,official_device_db_part_record
infineon::pse813gos2dbzc4,infineon::pse813gos2dbzc4,Infineon,PSOCE84,PSOCE84,PSE8x3x2xxxx4,PSE813GOS2DBZC4,PSE813GOS2DBZC4,,,,,BGA-220,-20..70 °C,,active,infineon-device-db:1e7589fe5ce5,https://github.com/Infineon/device-db/tree/1e7589fe5ce5c25b68a5d8866c22c142df9b7555,2026-08-12T10:06:32+00:00,manufacturer_device_database,official_device_db_part_record
infineon::pse813gos2dbzq3,infineon::pse813gos2dbzq3,Infineon,PSOCE84,PSOCE84,PSE8x3x2xxxx3,PSE813GOS2DBZQ3,PSE813GOS2DBZQ3,,,,,BGA-220,-40..105 °C,,active,infineon-device-db:1e7589fe5ce5,https://github.com/Infineon/device-db/tree/1e7589fe5ce5c25b68a5d8866c22c142df9b7555,2026-08-12T10:06:32+00:00,manufacturer_device_database,official_device_db_part_record
infineon::pse813gos4dbzc4,infineon::pse813gos4dbzc4,Infineon,PSOCE84,PSOCE84,PSE8x3x4xxxx4,PSE813GOS4DBZC4,PSE813GOS4DBZC4,,,,,BGA-220,-20..70 °C,,active,infineon-device-db:1e7589fe5ce5,https://github.com/Infineon/device-db/tree/1e7589fe5ce5c25b68a5d8866c22c142df9b7555,2026-08-12T10:06:32+00:00,manufacturer_device_database,official_device_db_part_record
infineon::pse813gos4dbzc4a,infineon::pse813gos4dbzc4a,Infineon,PSOCE84,PSOCE84,PSE8xxGOx4xxxx4,PSE813GOS4DBZC4A,PSE813GOS4DBZC4A,,,,,BGA-220,-20..70 °C,,active,infineon-device-db:1e7589fe5ce5,https://github.com/Infineon/device-db/tree/1e7589fe5ce5c25b68a5d8866c22c142df9b7555,2026-08-12T10:06:32+00:00,manufacturer_device_database,official_device_db_part_record
infineon::pse813gos4dbzq3,infineon::pse813gos4dbzq3,Infineon,PSOCE84,PSOCE84,PSE8x3x4xxxx3,PSE813GOS4DBZQ3,PSE813GOS4DBZQ3,,,,,BGA-220,-40..105 °C,,active,infineon-device-db:1e7589fe5ce5,https://github.com/Infineon/device-db/tree/1e7589fe5ce5c25b68a5d8866c22c142df9b7555,2026-08-12T10:06:32+00:00,manufacturer_device_database,official_device_db_part_record
infineon::pse822gms2dfnc4,infineon::pse822gms2dfnc4,Infineon,PSOCE84,PSOCE84,PSE8x2x2xxxx4,PSE822GMS2DFNC4,PSE822GMS2DFNC4,,,,,WLB-154,-20..70 °C,,active,infineon-device-db:1e7589fe5ce5,https://github.com/Infineon/device-db/tree/1e7589fe5ce5c25b68a5d8866c22c142df9b7555,2026-08-12T10:06:32+00:00,manufacturer_device_database,official_device_db_part_record
infineon::pse822gms4dfnc4,infineon::pse822gms4dfnc4,Infineon,PSOCE84,PSOCE84,PSE8x2x4xxxx4,PSE822GMS4DFNC4,PSE822GMS4DFNC4,,,,,WLB-154,-20..70 °C,,active,infineon-device-db:1e7589fe5ce5,https://github.com/Infineon/device-db/tree/1e7589fe5ce5c25b68a5d8866c22c142df9b7555,2026-08-12T10:06:32+00:00,manufacturer_device_database,official_device_db_part_record
infineon::pse822gos2dfnc4,infineon::pse822gos2dfnc4,Infineon,PSOCE84,PSOCE84,PSE8x2x2xxxx4,PSE822GOS2DFNC4,PSE822GOS2DFNC4,,,,,WLB-154,-20..70 °C,,active,infineon-device-db:1e7589fe5ce5,https://github.com/Infineon/device-db/tree/1e7589fe5ce5c25b68a5d8866c22c142df9b7555,2026-08-12T10:06:32+00:00,manufacturer_device_database,official_device_db_part_record
infineon::pse822gos4dfnc4,infineon::pse822gos4dfnc4,Infineon,PSOCE84,PSOCE84,PSE8x2x4xxxx4,PSE822GOS4DFNC4,PSE822GOS4DFNC4,,,,,WLB-154,-20..70 °C,,active,infineon-device-db:1e7589fe5ce5,https://github.com/Infineon/device-db/tree/1e7589fe5ce5c25b68a5d8866c22c142df9b7555,2026-08-12T10:06:32+00:00,manufacturer_device_database,official_device_db_part_record
infineon::pse823gms2dbzc4,infineon::pse823gms2dbzc4,Infineon,PSOCE84,PSOCE84,PSE8x3x2xxxx4,PSE823GMS2DBZC4,PSE823GMS2DBZC4,,,,,BGA-220,-20..70 °C,,active,infineon-device-db:1e7589fe5ce5,https://github.com/Infineon/device-db/tree/1e7589fe5ce5c25b68a5d8866c22c142df9b7555,2026-08-12T10:06:32+00:00,manufacturer_device_database,official_device_db_part_record
infineon::pse823gms2dbzq3,infineon::pse823gms2dbzq3,Infineon,PSOCE84,PSOCE84,PSE8x3x2xxxx3,PSE823GMS2DBZQ3,PSE823GMS2DBZQ3,,,,,BGA-220,-40..105 °C,,active,infineon-device-db:1e7589fe5ce5,https://github.com/Infineon/device-db/tree/1e7589fe5ce5c25b68a5d8866c22c142df9b7555,2026-08-12T10:06:32+00:00,manufacturer_device_database,official_device_db_part_record
infineon::pse823gms4dbzc4,infineon::pse823gms4dbzc4,Infineon,PSOCE84,PSOCE84,PSE8x3x4xxxx4,PSE823GMS4DBZC4,PSE823GMS4DBZC4,,,,,BGA-220,-20..70 °C,,active,infineon-device-db:1e7589fe5ce5,https://github.com/Infineon/device-db/tree/1e7589fe5ce5c25b68a5d8866c22c142df9b7555,2026-08-12T10:06:32+00:00,manufacturer_device_database,official_device_db_part_record
infineon::pse823gms4dbzq3,infineon::pse823gms4dbzq3,Infineon,PSOCE84,PSOCE84,PSE8x3x4xxxx3,PSE823GMS4DBZQ3,PSE823GMS4DBZQ3,,,,,BGA-220,-40..105 °C,,active,infineon-device-db:1e7589fe5ce5,https://github.com/Infineon/device-db/tree/1e7589fe5ce5c25b68a5d8866c22c142df9b7555,2026-08-12T10:06:32+00:00,manufacturer_device_database,official_device_db_part_record
infineon::pse823gos2dbzc4,infineon::pse823gos2dbzc4,Infineon,PSOCE84,PSOCE84,PSE8x3x2xxxx4,PSE823GOS2DBZC4,PSE823GOS2DBZC4,,,,,BGA-220,-20..70 °C,,active,infineon-device-db:1e7589fe5ce5,https://github.com/Infineon/device-db/tree/1e7589fe5ce5c25b68a5d8866c22c142df9b7555,2026-08-12T10:06:32+00:00,manufacturer_device_database,official_device_db_part_record
infineon::pse823gos2dbzq3,infineon::pse823gos2dbzq3,Infineon,PSOCE84,PSOCE84,PSE8x3x2xxxx3,PSE823GOS2DBZQ3,PSE823GOS2DBZQ3,,,,,BGA-220,-40..105 °C,,active,infineon-device-db:1e7589fe5ce5,https://github.com/Infineon/device-db/tree/1e7589fe5ce5c25b68a5d8866c22c142df9b7555,2026-08-12T10:06:32+00:00,manufacturer_device_database,official_device_db_part_record
infineon::pse823gos4dbzc4,infineon::pse823gos4dbzc4,Infineon,PSOCE84,PSOCE84,PSE8x3x4xxxx4,PSE823GOS4DBZC4,PSE823GOS4DBZC4,,,,,BGA-220,-20..70 °C,,active,infineon-device-db:1e7589fe5ce5,https://github.com/Infineon/device-db/tree/1e7589fe5ce5c25b68a5d8866c22c142df9b7555,2026-08-12T10:06:32+00:00,manufacturer_device_database,official_device_db_part_record
infineon::pse823gos4dbzq3,infineon::pse823gos4dbzq3,Infineon,PSOCE84,PSOCE84,PSE8x3x4xxxx3,PSE823GOS4DBZQ3,PSE823GOS4DBZQ3,,,,,BGA-220,-40..105 °C,,active,infineon-device-db:1e7589fe5ce5,https://github.com/Infineon/device-db/tree/1e7589fe5ce5c25b68a5d8866c22c142df9b7555,2026-08-12T10:06:32+00:00,manufacturer_device_database,official_device_db_part_record
infineon::pse832gms2dfnc4,infineon::pse832gms2dfnc4,Infineon,PSOCE84,PSOCE84,PSE8x2x2xxxx4,PSE832GMS2DFNC4,PSE832GMS2DFNC4,,,,,WLB-154,-20..70 °C,,active,infineon-device-db:1e7589fe5ce5,https://github.com/Infineon/device-db/tree/1e7589fe5ce5c25b68a5d8866c22c142df9b7555,2026-08-12T10:06:32+00:00,manufacturer_device_database,official_device_db_part_record
infineon::pse832gms4dfnc4,infineon::pse832gms4dfnc4,Infineon,PSOCE84,PSOCE84,PSE8x2x4xxxx4,PSE832GMS4DFNC4,PSE832GMS4DFNC4,,,,,WLB-154,-20..70 °C,,active,infineon-device-db:1e7589fe5ce5,https://github.com/Infineon/device-db/tree/1e7589fe5ce5c25b68a5d8866c22c142df9b7555,2026-08-12T10:06:32+00:00,manufacturer_device_database,official_device_db_part_record
infineon::pse832gos2dfnc4,infineon::pse832gos2dfnc4,Infineon,PSOCE84,PSOCE84,PSE8x2x2xxxx4,PSE832GOS2DFNC4,PSE832GOS2DFNC4,,,,,WLB-154,-20..70 °C,,active,infineon-device-db:1e7589fe5ce5,https://github.com/Infineon/device-db/tree/1e7589fe5ce5c25b68a5d8866c22c142df9b7555,2026-08-12T10:06:32+00:00,manufacturer_device_database,official_device_db_part_record
infineon::pse832gos4dfnc4,infineon::pse832gos4dfnc4,Infineon,PSOCE84,PSOCE84,PSE8x2x4xxxx4,PSE832GOS4DFNC4,PSE832GOS4DFNC4,,,,,WLB-154,-20..70 °C,,active,infineon-device-db:1e7589fe5ce5,https://github.com/Infineon/device-db/tree/1e7589fe5ce5c25b68a5d8866c22c142df9b7555,2026-08-12T10:06:32+00:00,manufacturer_device_database,official_device_db_part_record
infineon::pse833gms2dbzc4,infineon::pse833gms2dbzc4,Infineon,PSOCE84,PSOCE84,PSE8x3x2xxxx4,PSE833GMS2DBZC4,PSE833GMS2DBZC4,,,,,BGA-220,-20..70 °C,,active,infineon-device-db:1e7589fe5ce5,https://github.com/Infineon/device-db/tree/1e7589fe5ce5c25b68a5d8866c22c142df9b7555,2026-08-12T10:06:32+00:00,manufacturer_device_database,official_device_db_part_record
infineon::pse833gms2dbzq3,infineon::pse833gms2dbzq3,Infineon,PSOCE84,PSOCE84,PSE8x3x2xxxx3,PSE833GMS2DBZQ3,PSE833GMS2DBZQ3,,,,,BGA-220,-40..105 °C,,active,infineon-device-db:1e7589fe5ce5,https://github.com/Infineon/device-db/tree/1e7589fe5ce5c25b68a5d8866c22c142df9b7555,2026-08-12T10:06:32+00:00,manufacturer_device_database,official_device_db_part_record
infineon::pse833gms4dbzc4,infineon::pse833gms4dbzc4,Infineon,PSOCE84,PSOCE84,PSE8x3x4xxxx4,PSE833GMS4DBZC4,PSE833GMS4DBZC4,,,,,BGA-220,-20..70 °C,,active,infineon-device-db:1e7589fe5ce5,https://github.com/Infineon/device-db/tree/1e7589fe5ce5c25b68a5d8866c22c142df9b7555,2026-08-12T10:06:32+00:00,manufacturer_device_database,official_device_db_part_record
infineon::pse833gms4dbzq3,infineon::pse833gms4dbzq3,Infineon,PSOCE84,PSOCE84,PSE8x3x4xxxx3,PSE833GMS4DBZQ3,PSE833GMS4DBZQ3,,,,,BGA-220,-40..105 °C,,active,infineon-device-db:1e7589fe5ce5,https://github.com/Infineon/device-db/tree/1e7589fe5ce5c25b68a5d8866c22c142df9b7555,2026-08-12T10:06:32+00:00,manufacturer_device_database,official_device_db_part_record
infineon::pse833gos2dbzc4,infineon::pse833gos2dbzc4,Infineon,PSOCE84,PSOCE84,PSE8x3x2xxxx4,PSE833GOS2DBZC4,PSE833GOS2DBZC4,,,,,BGA-220,-20..70 °C,,active,infineon-device-db:1e7589fe5ce5,https://github.com/Infineon/device-db/tree/1e7589fe5ce5c25b68a5d8866c22c142df9b7555,2026-08-12T10:06:32+00:00,manufacturer_device_database,official_device_db_part_record
infineon::pse833gos2dbzc4a,infineon::pse833gos2dbzc4a,Infineon,PSOCE84,PSOCE84,PSE8xxGOx2xxxx4,PSE833GOS2DBZC4A,PSE833GOS2DBZC4A,,,,,BGA-220,-20..70 °C,,active,infineon-device-db:1e7589fe5ce5,https://github.com/Infineon/device-db/tree/1e7589fe5ce5c25b68a5d8866c22c142df9b7555,2026-08-12T10:06:32+00:00,manufacturer_device_database,official_device_db_part_record
infineon::pse833gos2dbzq3,infineon::pse833gos2dbzq3,Infineon,PSOCE84,PSOCE84,PSE8x3x2xxxx3,PSE833GOS2DBZQ3,PSE833GOS2DBZQ3,,,,,BGA-220,-40..105 °C,,active,infineon-device-db:1e7589fe5ce5,https://github.com/Infineon/device-db/tree/1e7589fe5ce5c25b68a5d8866c22c142df9b7555,2026-08-12T10:06:32+00:00,manufacturer_device_database,official_device_db_part_record
infineon::pse833gos4dbzc4,infineon::pse833gos4dbzc4,Infineon,PSOCE84,PSOCE84,PSE8x3x4xxxx4,PSE833GOS4DBZC4,PSE833GOS4DBZC4,,,,,BGA-220,-20..70 °C,,active,infineon-device-db:1e7589fe5ce5,https://github.com/Infineon/device-db/tree/1e7589fe5ce5c25b68a5d8866c22c142df9b7555,2026-08-12T10:06:32+00:00,manufacturer_device_database,official_device_db_part_record
infineon::pse833gos4dbzq3,infineon::pse833gos4dbzq3,Infineon,PSOCE84,PSOCE84,PSE8x3x4xxxx3,PSE833GOS4DBZQ3,PSE833GOS4DBZQ3,,,,,BGA-220,-40..105 °C,,active,infineon-device-db:1e7589fe5ce5,https://github.com/Infineon/device-db/tree/1e7589fe5ce5c25b68a5d8866c22c142df9b7555,2026-08-12T10:06:32+00:00,manufacturer_device_database,official_device_db_part_record
infineon::pse845gos2dfmc4,infineon::pse845gos2dfmc4,Infineon,PSOCE84,PSOCE84,PSE8x5x2xxxx4,PSE845GOS2DFMC4,PSE845GOS2DFMC4,,,,,eWLB-235,-20..70 °C,,active,infineon-device-db:1e7589fe5ce5,https://github.com/Infineon/device-db/tree/1e7589fe5ce5c25b68a5d8866c22c142df9b7555,2026-08-12T10:06:32+00:00,manufacturer_device_database,official_device_db_part_record
infineon::pse845gos2dfnc4,infineon::pse845gos2dfnc4,Infineon,PSOCE84,PSOCE84,PSE8x5x2xxxx4,PSE845GOS2DFNC4,PSE845GOS2DFNC4,,,,,WLB-154,-20..70 °C,,active,infineon-device-db:1e7589fe5ce5,https://github.com/Infineon/device-db/tree/1e7589fe5ce5c25b68a5d8866c22c142df9b7555,2026-08-12T10:06:32+00:00,manufacturer_device_database,official_device_db_part_record
infineon::pse845gos4dfmc4,infineon::pse845gos4dfmc4,Infineon,PSOCE84,PSOCE84,PSE8x5x4xxxx4,PSE845GOS4DFMC4,PSE845GOS4DFMC4,,,,,eWLB-235,-20..70 °C,,active,infineon-device-db:1e7589fe5ce5,https://github.com/Infineon/device-db/tree/1e7589fe5ce5c25b68a5d8866c22c142df9b7555,2026-08-12T10:06:32+00:00,manufacturer_device_database,official_device_db_part_record
infineon::pse845gos4dfnc4,infineon::pse845gos4dfnc4,Infineon,PSOCE84,PSOCE84,PSE8x5x4xxxx4,PSE845GOS4DFNC4,PSE845GOS4DFNC4,,,,,WLB-154,-20..70 °C,,active,infineon-device-db:1e7589fe5ce5,https://github.com/Infineon/device-db/tree/1e7589fe5ce5c25b68a5d8866c22c142df9b7555,2026-08-12T10:06:32+00:00,manufacturer_device_database,official_device_db_part_record
infineon::pse845gps2dfmc4,infineon::pse845gps2dfmc4,Infineon,PSOCE84,PSOCE84,PSE8x5x2xxxx4,PSE845GPS2DFMC4,PSE845GPS2DFMC4,,,,,eWLB-235,-20..70 °C,,active,infineon-device-db:1e7589fe5ce5,https://github.com/Infineon/device-db/tree/1e7589fe5ce5c25b68a5d8866c22c142df9b7555,2026-08-12T10:06:32+00:00,manufacturer_device_database,official_device_db_part_record
infineon::pse845gps2dfmc4a,infineon::pse845gps2dfmc4a,Infineon,PSOCE84,PSOCE84,PSE8xxGPx2xxxx4,PSE845GPS2DFMC4A,PSE845GPS2DFMC4A,,,,,eWLB-235,-20..70 °C,,active,infineon-device-db:1e7589fe5ce5,https://github.com/Infineon/device-db/tree/1e7589fe5ce5c25b68a5d8866c22c142df9b7555,2026-08-12T10:06:32+00:00,manufacturer_device_database,official_device_db_part_record
infineon::pse845gps2dfnc4,infineon::pse845gps2dfnc4,Infineon,PSOCE84,PSOCE84,PSE8x5x2xxxx4,PSE845GPS2DFNC4,PSE845GPS2DFNC4,,,,,WLB-154,-20..70 °C,,active,infineon-device-db:1e7589fe5ce5,https://github.com/Infineon/device-db/tree/1e7589fe5ce5c25b68a5d8866c22c142df9b7555,2026-08-12T10:06:32+00:00,manufacturer_device_database,official_device_db_part_record
infineon::pse845gps2dfnc4a,infineon::pse845gps2dfnc4a,Infineon,PSOCE84,PSOCE84,PSE8xxGPx2xxxx4,PSE845GPS2DFNC4A,PSE845GPS2DFNC4A,,,,,WLB-154,-20..70 °C,,active,infineon-device-db:1e7589fe5ce5,https://github.com/Infineon/device-db/tree/1e7589fe5ce5c25b68a5d8866c22c142df9b7555,2026-08-12T10:06:32+00:00,manufacturer_device_database,official_device_db_part_record
infineon::pse845gps4dfmc4,infineon::pse845gps4dfmc4,Infineon,PSOCE84,PSOCE84,PSE8x5x4xxxx4,PSE845GPS4DFMC4,PSE845GPS4DFMC4,,,,,eWLB-235,-20..70 °C,,active,infineon-device-db:1e7589fe5ce5,https://github.com/Infineon/device-db/tree/1e7589fe5ce5c25b68a5d8866c22c142df9b7555,2026-08-12T10:06:32+00:00,manufacturer_device_database,official_device_db_part_record
infineon::pse845gps4dfnc4,infineon::pse845gps4dfnc4,Infineon,PSOCE84,PSOCE84,PSE8x5x4xxxx4,PSE845GPS4DFNC4,PSE845GPS4DFNC4,,,,,WLB-154,-20..70 °C,,active,infineon-device-db:1e7589fe5ce5,https://github.com/Infineon/device-db/tree/1e7589fe5ce5c25b68a5d8866c22c142df9b7555,2026-08-12T10:06:32+00:00,manufacturer_device_database,official_device_db_part_record
infineon::pse846gos2dbzc4,infineon::pse846gos2dbzc4,Infineon,PSOCE84,PSOCE84,PSE8x6x2xxxx4,PSE846GOS2DBZC4,PSE846GOS2DBZC4,,,,,BGA-220,-20..70 °C,,active,infineon-device-db:1e7589fe5ce5,https://github.com/Infineon/device-db/tree/1e7589fe5ce5c25b68a5d8866c22c142df9b7555,2026-08-12T10:06:32+00:00,manufacturer_device_database,official_device_db_part_record
infineon::pse846gos2dbzq3,infineon::pse846gos2dbzq3,Infineon,PSOCE84,PSOCE84,PSE8x6x2xxxx3,PSE846GOS2DBZQ3,PSE846GOS2DBZQ3,,,,,BGA-220,-40..105 °C,,active,infineon-device-db:1e7589fe5ce5,https://github.com/Infineon/device-db/tree/1e7589fe5ce5c25b68a5d8866c22c142df9b7555,2026-08-12T10:06:32+00:00,manufacturer_device_database,official_device_db_part_record
infineon::pse846gos4dbzc4,infineon::pse846gos4dbzc4,Infineon,PSOCE84,PSOCE84,PSE8x6x4xxxx4,PSE846GOS4DBZC4,PSE846GOS4DBZC4,,,,,BGA-220,-20..70 °C,,active,infineon-device-db:1e7589fe5ce5,https://github.com/Infineon/device-db/tree/1e7589fe5ce5c25b68a5d8866c22c142df9b7555,2026-08-12T10:06:32+00:00,manufacturer_device_database,official_device_db_part_record
infineon::pse846gos4dbzq3,infineon::pse846gos4dbzq3,Infineon,PSOCE84,PSOCE84,PSE8x6x4xxxx3,PSE846GOS4DBZQ3,PSE846GOS4DBZQ3,,,,,BGA-220,-40..105 °C,,active,infineon-device-db:1e7589fe5ce5,https://github.com/Infineon/device-db/tree/1e7589fe5ce5c25b68a5d8866c22c142df9b7555,2026-08-12T10:06:32+00:00,manufacturer_device_database,official_device_db_part_record
infineon::pse846gps2dbzc4,infineon::pse846gps2dbzc4,Infineon,PSOCE84,PSOCE84,PSE8x6x2xxxx4,PSE846GPS2DBZC4,PSE846GPS2DBZC4,,,,,BGA-220,-20..70 °C,,active,infineon-device-db:1e7589fe5ce5,https://github.com/Infineon/device-db/tree/1e7589fe5ce5c25b68a5d8866c22c142df9b7555,2026-08-12T10:06:32+00:00,manufacturer_device_database,official_device_db_part_record
infineon::pse846gps2dbzc4a,infineon::pse846gps2dbzc4a,Infineon,PSOCE84,PSOCE84,PSE8xxGPx2xxxx4,PSE846GPS2DBZC4A,PSE846GPS2DBZC4A,,,,,BGA-220,-20..70 °C,,active,infineon-device-db:1e7589fe5ce5,https://github.com/Infineon/device-db/tree/1e7589fe5ce5c25b68a5d8866c22c142df9b7555,2026-08-12T10:06:32+00:00,manufacturer_device_database,official_device_db_part_record
infineon::pse846gps2dbzq3,infineon::pse846gps2dbzq3,Infineon,PSOCE84,PSOCE84,PSE8x6x2xxxx3,PSE846GPS2DBZQ3,PSE846GPS2DBZQ3,,,,,BGA-220,-40..105 °C,,active,infineon-device-db:1e7589fe5ce5,https://github.com/Infineon/device-db/tree/1e7589fe5ce5c25b68a5d8866c22c142df9b7555,2026-08-12T10:06:32+00:00,manufacturer_device_database,official_device_db_part_record
infineon::pse846gps2dbzq3a,infineon::pse846gps2dbzq3a,Infineon,PSOCE84,PSOCE84,PSE8xxGPx2xxxx3,PSE846GPS2DBZQ3A,PSE846GPS2DBZQ3A,,,,,BGA-220,-40..105 °C,,active,infineon-device-db:1e7589fe5ce5,https://github.com/Infineon/device-db/tree/1e7589fe5ce5c25b68a5d8866c22c142df9b7555,2026-08-12T10:06:32+00:00,manufacturer_device_database,official_device_db_part_record
infineon::pse846gps4dbzc4,infineon::pse846gps4dbzc4,Infineon,PSOCE84,PSOCE84,PSE8x6x4xxxx4,PSE846GPS4DBZC4,PSE846GPS4DBZC4,,,,,BGA-220,-20..70 °C,,active,infineon-device-db:1e7589fe5ce5,https://github.com/Infineon/device-db/tree/1e7589fe5ce5c25b68a5d8866c22c142df9b7555,2026-08-12T10:06:32+00:00,manufacturer_device_database,official_device_db_part_record
infineon::pse846gps4dbzc4a,infineon::pse846gps4dbzc4a,Infineon,PSOCE84,PSOCE84,PSE8xxGPx4xxxx4,PSE846GPS4DBZC4A,PSE846GPS4DBZC4A,,,,,BGA-220,-20..70 °C,,active,infineon-device-db:1e7589fe5ce5,https://github.com/Infineon/device-db/tree/1e7589fe5ce5c25b68a5d8866c22c142df9b7555,2026-08-12T10:06:32+00:00,manufacturer_device_database,official_device_db_part_record
infineon::pse846gps4dbzq3,infineon::pse846gps4dbzq3,Infineon,PSOCE84,PSOCE84,PSE8x6x4xxxx3,PSE846GPS4DBZQ3,PSE846GPS4DBZQ3,,,,,BGA-220,-40..105 °C,,active,infineon-device-db:1e7589fe5ce5,https://github.com/Infineon/device-db/tree/1e7589fe5ce5c25b68a5d8866c22c142df9b7555,2026-08-12T10:06:32+00:00,manufacturer_device_database,official_device_db_part_record
infineon::wlc1115-68lqxq,infineon::wlc1115-68lqxq,Infineon,WLC,WLC,WLC,WLC1115-68LQXQ,WLC1115-68LQXQ,,,,,68-QFN_1,-40..105 °C,,active,infineon-device-db:1e7589fe5ce5,https://github.com/Infineon/device-db/tree/1e7589fe5ce5c25b68a5d8866c22c142df9b7555,2026-08-12T10:06:32+00:00,manufacturer_device_database,official_device_db_part_record
infineon::wlc1150-68lqxq,infineon::wlc1150-68lqxq,Infineon,WLC,WLC,WLC,WLC1150-68LQXQ,WLC1150-68LQXQ,,,,,68-QFN_1,-40..105 °C,,active,infineon-device-db:1e7589fe5ce5,https://github.com/Infineon/device-db/tree/1e7589fe5ce5c25b68a5d8866c22c142df9b7555,2026-08-12T10:06:32+00:00,manufacturer_device_database,official_device_db_part_record
infineon::wlc1250-68lqxq,infineon::wlc1250-68lqxq,Infineon,WLC,WLC,WLC,WLC1250-68LQXQ,WLC1250-68LQXQ,,,,,68-QFN_WLC_50W_Rx,-40..105 °C,,active,infineon-device-db:1e7589fe5ce5,https://github.com/Infineon/device-db/tree/1e7589fe5ce5c25b68a5d8866c22c142df9b7555,2026-08-12T10:06:32+00:00,manufacturer_device_database,official_device_db_part_record
infineon::wlc1515-68ldxs,infineon::wlc1515-68ldxs,Infineon,WLC,WLC,WLC,WLC1515-68LDXS,WLC1515-68LDXS,,,,,68-QFN_WLC_15W_Auto,-40..125 °C,,active,infineon-device-db:1e7589fe5ce5,https://github.com/Infineon/device-db/tree/1e7589fe5ce5c25b68a5d8866c22c142df9b7555,2026-08-12T10:06:32+00:00,manufacturer_device_database,official_device_db_part_record
infineon::xmc5100-f100k576aa,infineon::xmc5100-f100k576aa,Infineon,XMC5100,XMC5100,XMC5100,XMC5100-F100K576AA,XMC5100-F100K576AA,,,,,100-LQFP,-40..125 °C,,active,infineon-device-db:1e7589fe5ce5,https://github.com/Infineon/device-db/tree/1e7589fe5ce5c25b68a5d8866c22c142df9b7555,2026-08-12T10:06:32+00:00,manufacturer_device_database,official_device_db_part_record
infineon::xmc5100-f64k576aa,infineon::xmc5100-f64k576aa,Infineon,XMC5100,XMC5100,XMC5100,XMC5100-F64K576AA,XMC5100-F64K576AA,,,,,64-LQFP,-40..125 °C,,active,infineon-device-db:1e7589fe5ce5,https://github.com/Infineon/device-db/tree/1e7589fe5ce5c25b68a5d8866c22c142df9b7555,2026-08-12T10:06:32+00:00,manufacturer_device_database,official_device_db_part_record
infineon::xmc5200-f100k1088aa,infineon::xmc5200-f100k1088aa,Infineon,XMC5200,XMC5200,XMC5200,XMC5200-F100K1088AA,XMC5200-F100K1088AA,,,,,100-LQFP,-40..125 °C,,active,infineon-device-db:1e7589fe5ce5,https://github.com/Infineon/device-db/tree/1e7589fe5ce5c25b68a5d8866c22c142df9b7555,2026-08-12T10:06:32+00:00,manufacturer_device_database,official_device_db_part_record
infineon::xmc5200-f144k1088aa,infineon::xmc5200-f144k1088aa,Infineon,XMC5200,XMC5200,XMC5200,XMC5200-F144K1088AA,XMC5200-F144K1088AA,,,,,144-LQFP,-40..125 °C,,active,infineon-device-db:1e7589fe5ce5,https://github.com/Infineon/device-db/tree/1e7589fe5ce5c25b68a5d8866c22c142df9b7555,2026-08-12T10:06:32+00:00,manufacturer_device_database,official_device_db_part_record
infineon::xmc5200-f64k1088aa,infineon::xmc5200-f64k1088aa,Infineon,XMC5200,XMC5200,XMC5200,XMC5200-F64K1088AA,XMC5200-F64K1088AA,,,,,64-LQFP,-40..125 °C,,active,infineon-device-db:1e7589fe5ce5,https://github.com/Infineon/device-db/tree/1e7589fe5ce5c25b68a5d8866c22c142df9b7555,2026-08-12T10:06:32+00:00,manufacturer_device_database,official_device_db_part_record
infineon::xmc5300-f100k2112aa,infineon::xmc5300-f100k2112aa,Infineon,XMC5300,XMC5300,XMC5300,XMC5300-F100K2112AA,XMC5300-F100K2112AA,,,,,100-LQFP,-40..125 °C,,active,infineon-device-db:1e7589fe5ce5,https://github.com/Infineon/device-db/tree/1e7589fe5ce5c25b68a5d8866c22c142df9b7555,2026-08-12T10:06:32+00:00,manufacturer_device_database,official_device_db_part_record
infineon::xmc5300-f144k2112aa,infineon::xmc5300-f144k2112aa,Infineon,XMC5300,XMC5300,XMC5300,XMC5300-F144K2112AA,XMC5300-F144K2112AA,,,,,144-LQFP,-40..125 °C,,active,infineon-device-db:1e7589fe5ce5,https://github.com/Infineon/device-db/tree/1e7589fe5ce5c25b68a5d8866c22c142df9b7555,2026-08-12T10:06:32+00:00,manufacturer_device_database,official_device_db_part_record
infineon::xmc7100-e272k4160,infineon::xmc7100-e272k4160,Infineon,XMC7100,XMC7100,XMC7100_x4160,XMC7100-E272K4160,XMC7100-E272K4160,,,,,272-BGA,-40..125 °C,,active,infineon-device-db:1e7589fe5ce5,https://github.com/Infineon/device-db/tree/1e7589fe5ce5c25b68a5d8866c22c142df9b7555,2026-08-12T10:06:32+00:00,manufacturer_device_database,official_device_db_part_record
infineon::xmc7100-f100k1088,infineon::xmc7100-f100k1088,Infineon,XMC7100,XMC7100,XMC7100_x1088,XMC7100-F100K1088,XMC7100-F100K1088,,,,,100-TEQFP,-40..125 °C,,active,infineon-device-db:1e7589fe5ce5,https://github.com/Infineon/device-db/tree/1e7589fe5ce5c25b68a5d8866c22c142df9b7555,2026-08-12T10:06:32+00:00,manufacturer_device_database,official_device_db_part_record
infineon::xmc7100-f100k2112,infineon::xmc7100-f100k2112,Infineon,XMC7100,XMC7100,XMC7100_x2112,XMC7100-F100K2112,XMC7100-F100K2112,,,,,100-TEQFP,-40..125 °C,,active,infineon-device-db:1e7589fe5ce5,https://github.com/Infineon/device-db/tree/1e7589fe5ce5c25b68a5d8866c22c142df9b7555,2026-08-12T10:06:32+00:00,manufacturer_device_database,official_device_db_part_record
infineon::xmc7100-f100k4160,infineon::xmc7100-f100k4160,Infineon,XMC7100,XMC7100,XMC7100_x4160,XMC7100-F100K4160,XMC7100-F100K4160,,,,,100-TEQFP,-40..125 °C,,active,infineon-device-db:1e7589fe5ce5,https://github.com/Infineon/device-db/tree/1e7589fe5ce5c25b68a5d8866c22c142df9b7555,2026-08-12T10:06:32+00:00,manufacturer_device_database,official_device_db_part_record
infineon::xmc7100-f144k2112,infineon::xmc7100-f144k2112,Infineon,XMC7100,XMC7100,XMC7100_x2112,XMC7100-F144K2112,XMC7100-F144K2112,,,,,144-TEQFP,-40..125 °C,,active,infineon-device-db:1e7589fe5ce5,https://github.com/Infineon/device-db/tree/1e7589fe5ce5c25b68a5d8866c22c142df9b7555,2026-08-12T10:06:32+00:00,manufacturer_device_database,official_device_db_part_record
infineon::xmc7100-f144k4160,infineon::xmc7100-f144k4160,Infineon,XMC7100,XMC7100,XMC7100_x4160,XMC7100-F144K4160,XMC7100-F144K4160,,,,,144-TEQFP,-40..125 °C,,active,infineon-device-db:1e7589fe5ce5,https://github.com/Infineon/device-db/tree/1e7589fe5ce5c25b68a5d8866c22c142df9b7555,2026-08-12T10:06:32+00:00,manufacturer_device_database,official_device_db_part_record
infineon::xmc7100-f176k4160,infineon::xmc7100-f176k4160,Infineon,XMC7100,XMC7100,XMC7100_x4160,XMC7100-F176K4160,XMC7100-F176K4160,,,,,176-TEQFP,-40..125 °C,,active,infineon-device-db:1e7589fe5ce5,https://github.com/Infineon/device-db/tree/1e7589fe5ce5c25b68a5d8866c22c142df9b7555,2026-08-12T10:06:32+00:00,manufacturer_device_database,official_device_db_part_record
infineon::xmc7100d-e272k4160,infineon::xmc7100d-e272k4160,Infineon,XMC7100D,XMC7100D,XMC7100d_x4160,XMC7100D-E272K4160,XMC7100D-E272K4160,,,,,272-BGA,-40..125 °C,,active,infineon-device-db:1e7589fe5ce5,https://github.com/Infineon/device-db/tree/1e7589fe5ce5c25b68a5d8866c22c142df9b7555,2026-08-12T10:06:32+00:00,manufacturer_device_database,official_device_db_part_record
infineon::xmc7100d-f100k2112,infineon::xmc7100d-f100k2112,Infineon,XMC7100D,XMC7100D,XMC7100d_x2112,XMC7100D-F100K2112,XMC7100D-F100K2112,,,,,100-TEQFP,-40..125 °C,,active,infineon-device-db:1e7589fe5ce5,https://github.com/Infineon/device-db/tree/1e7589fe5ce5c25b68a5d8866c22c142df9b7555,2026-08-12T10:06:32+00:00,manufacturer_device_database,official_device_db_part_record
infineon::xmc7100d-f100k4160,infineon::xmc7100d-f100k4160,Infineon,XMC7100D,XMC7100D,XMC7100d_x4160,XMC7100D-F100K4160,XMC7100D-F100K4160,,,,,100-TEQFP,-40..125 °C,,active,infineon-device-db:1e7589fe5ce5,https://github.com/Infineon/device-db/tree/1e7589fe5ce5c25b68a5d8866c22c142df9b7555,2026-08-12T10:06:32+00:00,manufacturer_device_database,official_device_db_part_record
infineon::xmc7100d-f144k2112,infineon::xmc7100d-f144k2112,Infineon,XMC7100D,XMC7100D,XMC7100d_x2112,XMC7100D-F144K2112,XMC7100D-F144K2112,,,,,144-TEQFP,-40..125 °C,,active,infineon-device-db:1e7589fe5ce5,https://github.com/Infineon/device-db/tree/1e7589fe5ce5c25b68a5d8866c22c142df9b7555,2026-08-12T10:06:32+00:00,manufacturer_device_database,official_device_db_part_record
infineon::xmc7100d-f144k4160,infineon::xmc7100d-f144k4160,Infineon,XMC7100D,XMC7100D,XMC7100d_x4160,XMC7100D-F144K4160,XMC7100D-F144K4160,,,,,144-TEQFP,-40..125 °C,,active,infineon-device-db:1e7589fe5ce5,https://github.com/Infineon/device-db/tree/1e7589fe5ce5c25b68a5d8866c22c142df9b7555,2026-08-12T10:06:32+00:00,manufacturer_device_database,official_device_db_part_record
infineon::xmc7100d-f176k4160,infineon::xmc7100d-f176k4160,Infineon,XMC7100D,XMC7100D,XMC7100d_x4160,XMC7100D-F176K4160,XMC7100D-F176K4160,,,,,176-TEQFP,-40..125 °C,,active,infineon-device-db:1e7589fe5ce5,https://github.com/Infineon/device-db/tree/1e7589fe5ce5c25b68a5d8866c22c142df9b7555,2026-08-12T10:06:32+00:00,manufacturer_device_database,official_device_db_part_record
infineon::xmc7200-e272k8384,infineon::xmc7200-e272k8384,Infineon,XMC7200,XMC7200,XMC7200_x8384,XMC7200-E272K8384,XMC7200-E272K8384,,,,,272-BGA,-40..125 °C,,active,infineon-device-db:1e7589fe5ce5,https://github.com/Infineon/device-db/tree/1e7589fe5ce5c25b68a5d8866c22c142df9b7555,2026-08-12T10:06:32+00:00,manufacturer_device_database,official_device_db_part_record
infineon::xmc7200-f176k8384,infineon::xmc7200-f176k8384,Infineon,XMC7200,XMC7200,XMC7200_x8384,XMC7200-F176K8384,XMC7200-F176K8384,,,,,176-TEQFP,-40..125 °C,,active,infineon-device-db:1e7589fe5ce5,https://github.com/Infineon/device-db/tree/1e7589fe5ce5c25b68a5d8866c22c142df9b7555,2026-08-12T10:06:32+00:00,manufacturer_device_database,official_device_db_part_record
infineon::xmc7200d-e272k8384,infineon::xmc7200d-e272k8384,Infineon,XMC7200D,XMC7200D,XMC7200d_x8384,XMC7200D-E272K8384,XMC7200D-E272K8384,,,,,272-BGA,-40..125 °C,,active,infineon-device-db:1e7589fe5ce5,https://github.com/Infineon/device-db/tree/1e7589fe5ce5c25b68a5d8866c22c142df9b7555,2026-08-12T10:06:32+00:00,manufacturer_device_database,official_device_db_part_record
infineon::xmc7200d-f176k8384,infineon::xmc7200d-f176k8384,Infineon,XMC7200D,XMC7200D,XMC7200d_x8384,XMC7200D-F176K8384,XMC7200D-F176K8384,,,,,176-TEQFP,-40..125 °C,,active,infineon-device-db:1e7589fe5ce5,https://github.com/Infineon/device-db/tree/1e7589fe5ce5c25b68a5d8866c22c142df9b7555,2026-08-12T10:06:32+00:00,manufacturer_device_database,official_device_db_part_record
