record_type,record_id,field_name,source_id,source_url,source_path,source_value_json,observed_at,verification_status
device,puya::py32e407xc,features_json,puya-device-header:PY32E4xx_DFP@1.0.0,https://www.puyasemi.com/uploadfiles/Puya.PY32E4xx_DFP.1.0.0.pack,https://www.puyasemi.com/uploadfiles/Puya.PY32E4xx_DFP.1.0.0.pack!/Drivers/CMSIS/Device/PUYA/PY32E4xx/Include/py32e407xC.h,"[{""count"": ""20"", ""name"": ""LPTIM1, TIM1, TIM10, TIM11, TIM12, TIM13, TIM14, TIM15, TIM16, TIM17, TIM18, TIM19, TIM2, TIM3, TIM4, TIM5, TIM6, TIM7, TIM8, TIM9"", ""source_kind"": ""puya_device_header"", ""type"": ""Timer""}, {""count"": ""3"", ""name"": ""ADC1, ADC2, ADC3"", ""source_kind"": ""puya_device_header"", ""type"": ""ADCUnits""}, {""count"": ""1"", ""name"": ""DAC1"", ""source_kind"": ""puya_device_header"", ""type"": ""DAC""}, {""count"": ""3"", ""name"": ""SPI1, SPI2, SPI3"", ""source_kind"": ""puya_device_header"", ""type"": ""SPI""}, {""count"": ""4"", ""name"": ""I2C1, I2C2, I2C3, I2C4"", ""source_kind"": ""puya_device_header"", ""type"": ""I2C""}, {""count"": ""0"", ""name"": ""Official header exact instance count"", ""source_kind"": ""puya_device_header"", ""type"": ""I3C""}, {""count"": ""3"", ""name"": ""USART1, USART2, USART3"", ""source_kind"": ""puya_device_header"", ""type"": ""USART""}, {""count"": ""3"", ""name"": ""UART1, UART2, UART3"", ""source_kind"": ""puya_device_header"", ""type"": ""UART""}, {""count"": ""2"", ""name"": ""FDCAN1, FDCAN2"", ""source_kind"": ""puya_device_header"", ""type"": ""CAN""}, {""count"": ""2"", ""name"": ""DMA1, DMA2"", ""source_kind"": ""puya_device_header"", ""type"": ""DMA""}, {""count"": ""1"", ""name"": ""RNG"", ""source_kind"": ""puya_device_header"", ""type"": ""RNG""}, {""count"": ""1"", ""name"": ""RTC"", ""source_kind"": ""puya_device_header"", ""type"": ""RTC""}, {""count"": ""2"", ""name"": ""IWDG, WWDG"", ""source_kind"": ""puya_device_header"", ""type"": ""WDT""}, {""count"": ""4"", ""name"": ""COMP1, COMP2, COMP3, COMP4"", ""source_kind"": ""puya_device_header"", ""type"": ""COMP""}, {""count"": ""0"", ""name"": ""Official header exact instance count"", ""source_kind"": ""puya_device_header"", ""type"": ""OPAMP""}]",2026-08-12T09:02:57+00:00,manufacturer_device_header
device,puya::py32e407xd,features_json,puya-device-header:PY32E4xx_DFP@1.0.0,https://www.puyasemi.com/uploadfiles/Puya.PY32E4xx_DFP.1.0.0.pack,https://www.puyasemi.com/uploadfiles/Puya.PY32E4xx_DFP.1.0.0.pack!/Drivers/CMSIS/Device/PUYA/PY32E4xx/Include/py32e407xD.h,"[{""count"": ""20"", ""name"": ""LPTIM1, TIM1, TIM10, TIM11, TIM12, TIM13, TIM14, TIM15, TIM16, TIM17, TIM18, TIM19, TIM2, TIM3, TIM4, TIM5, TIM6, TIM7, TIM8, TIM9"", ""source_kind"": ""puya_device_header"", ""type"": ""Timer""}, {""count"": ""3"", ""name"": ""ADC1, ADC2, ADC3"", ""source_kind"": ""puya_device_header"", ""type"": ""ADCUnits""}, {""count"": ""1"", ""name"": ""DAC1"", ""source_kind"": ""puya_device_header"", ""type"": ""DAC""}, {""count"": ""3"", ""name"": ""SPI1, SPI2, SPI3"", ""source_kind"": ""puya_device_header"", ""type"": ""SPI""}, {""count"": ""4"", ""name"": ""I2C1, I2C2, I2C3, I2C4"", ""source_kind"": ""puya_device_header"", ""type"": ""I2C""}, {""count"": ""0"", ""name"": ""Official header exact instance count"", ""source_kind"": ""puya_device_header"", ""type"": ""I3C""}, {""count"": ""3"", ""name"": ""USART1, USART2, USART3"", ""source_kind"": ""puya_device_header"", ""type"": ""USART""}, {""count"": ""3"", ""name"": ""UART1, UART2, UART3"", ""source_kind"": ""puya_device_header"", ""type"": ""UART""}, {""count"": ""2"", ""name"": ""FDCAN1, FDCAN2"", ""source_kind"": ""puya_device_header"", ""type"": ""CAN""}, {""count"": ""2"", ""name"": ""DMA1, DMA2"", ""source_kind"": ""puya_device_header"", ""type"": ""DMA""}, {""count"": ""1"", ""name"": ""RNG"", ""source_kind"": ""puya_device_header"", ""type"": ""RNG""}, {""count"": ""1"", ""name"": ""RTC"", ""source_kind"": ""puya_device_header"", ""type"": ""RTC""}, {""count"": ""2"", ""name"": ""IWDG, WWDG"", ""source_kind"": ""puya_device_header"", ""type"": ""WDT""}, {""count"": ""4"", ""name"": ""COMP1, COMP2, COMP3, COMP4"", ""source_kind"": ""puya_device_header"", ""type"": ""COMP""}, {""count"": ""0"", ""name"": ""Official header exact instance count"", ""source_kind"": ""puya_device_header"", ""type"": ""OPAMP""}]",2026-08-12T09:02:57+00:00,manufacturer_device_header
device,puya::py32e407xe,features_json,puya-device-header:PY32E4xx_DFP@1.0.0,https://www.puyasemi.com/uploadfiles/Puya.PY32E4xx_DFP.1.0.0.pack,https://www.puyasemi.com/uploadfiles/Puya.PY32E4xx_DFP.1.0.0.pack!/Drivers/CMSIS/Device/PUYA/PY32E4xx/Include/py32e407xE.h,"[{""count"": ""20"", ""name"": ""LPTIM1, TIM1, TIM10, TIM11, TIM12, TIM13, TIM14, TIM15, TIM16, TIM17, TIM18, TIM19, TIM2, TIM3, TIM4, TIM5, TIM6, TIM7, TIM8, TIM9"", ""source_kind"": ""puya_device_header"", ""type"": ""Timer""}, {""count"": ""3"", ""name"": ""ADC1, ADC2, ADC3"", ""source_kind"": ""puya_device_header"", ""type"": ""ADCUnits""}, {""count"": ""1"", ""name"": ""DAC1"", ""source_kind"": ""puya_device_header"", ""type"": ""DAC""}, {""count"": ""3"", ""name"": ""SPI1, SPI2, SPI3"", ""source_kind"": ""puya_device_header"", ""type"": ""SPI""}, {""count"": ""4"", ""name"": ""I2C1, I2C2, I2C3, I2C4"", ""source_kind"": ""puya_device_header"", ""type"": ""I2C""}, {""count"": ""0"", ""name"": ""Official header exact instance count"", ""source_kind"": ""puya_device_header"", ""type"": ""I3C""}, {""count"": ""3"", ""name"": ""USART1, USART2, USART3"", ""source_kind"": ""puya_device_header"", ""type"": ""USART""}, {""count"": ""3"", ""name"": ""UART1, UART2, UART3"", ""source_kind"": ""puya_device_header"", ""type"": ""UART""}, {""count"": ""2"", ""name"": ""FDCAN1, FDCAN2"", ""source_kind"": ""puya_device_header"", ""type"": ""CAN""}, {""count"": ""2"", ""name"": ""DMA1, DMA2"", ""source_kind"": ""puya_device_header"", ""type"": ""DMA""}, {""count"": ""1"", ""name"": ""RNG"", ""source_kind"": ""puya_device_header"", ""type"": ""RNG""}, {""count"": ""1"", ""name"": ""RTC"", ""source_kind"": ""puya_device_header"", ""type"": ""RTC""}, {""count"": ""2"", ""name"": ""IWDG, WWDG"", ""source_kind"": ""puya_device_header"", ""type"": ""WDT""}, {""count"": ""4"", ""name"": ""COMP1, COMP2, COMP3, COMP4"", ""source_kind"": ""puya_device_header"", ""type"": ""COMP""}, {""count"": ""0"", ""name"": ""Official header exact instance count"", ""source_kind"": ""puya_device_header"", ""type"": ""OPAMP""}]",2026-08-12T09:02:57+00:00,manufacturer_device_header
device,puya::py32f002ax5,features_json,puya-device-header:PY32F0xx_DFP@1.2.8,https://www.puyasemi.com/uploadfiles/Puya.PY32F0xx_DFP.1.2.8.pack,https://www.puyasemi.com/uploadfiles/Puya.PY32F0xx_DFP.1.2.8.pack!/Drivers/CMSIS/Device/PY32F0xx/Include/py32f002ax5.h,"[{""count"": ""3"", ""name"": ""LPTIM1, TIM1, TIM16"", ""source_kind"": ""puya_device_header"", ""type"": ""Timer""}, {""count"": ""1"", ""name"": ""ADC1"", ""source_kind"": ""puya_device_header"", ""type"": ""ADCUnits""}, {""count"": ""0"", ""name"": ""Official header exact instance count"", ""source_kind"": ""puya_device_header"", ""type"": ""DAC""}, {""count"": ""1"", ""name"": ""SPI1"", ""source_kind"": ""puya_device_header"", ""type"": ""SPI""}, {""count"": ""1"", ""name"": ""I2C1"", ""source_kind"": ""puya_device_header"", ""type"": ""I2C""}, {""count"": ""0"", ""name"": ""Official header exact instance count"", ""source_kind"": ""puya_device_header"", ""type"": ""I3C""}, {""count"": ""1"", ""name"": ""USART1"", ""source_kind"": ""puya_device_header"", ""type"": ""USART""}, {""count"": ""0"", ""name"": ""Official header exact instance count"", ""source_kind"": ""puya_device_header"", ""type"": ""UART""}, {""count"": ""0"", ""name"": ""Official header exact instance count"", ""source_kind"": ""puya_device_header"", ""type"": ""CAN""}, {""count"": ""0"", ""name"": ""Official header exact instance count"", ""source_kind"": ""puya_device_header"", ""type"": ""DMA""}, {""count"": ""0"", ""name"": ""Official header exact instance count"", ""source_kind"": ""puya_device_header"", ""type"": ""RNG""}, {""count"": ""0"", ""name"": ""Official header exact instance count"", ""source_kind"": ""puya_device_header"", ""type"": ""RTC""}, {""count"": ""1"", ""name"": ""IWDG"", ""source_kind"": ""puya_device_header"", ""type"": ""WDT""}, {""count"": ""2"", ""name"": ""COMP1, COMP2"", ""source_kind"": ""puya_device_header"", ""type"": ""COMP""}, {""count"": ""0"", ""name"": ""Official header exact instance count"", ""source_kind"": ""puya_device_header"", ""type"": ""OPAMP""}]",2026-08-12T09:02:57+00:00,manufacturer_device_header
device,puya::py32f002bx5,features_json,puya-device-header:PY32F0xx_DFP@1.2.8,https://www.puyasemi.com/uploadfiles/Puya.PY32F0xx_DFP.1.2.8.pack,https://www.puyasemi.com/uploadfiles/Puya.PY32F0xx_DFP.1.2.8.pack!/Drivers/CMSIS/Device/PY32F0xx/Include/py32f002bx5.h,"[{""count"": ""3"", ""name"": ""LPTIM1, TIM1, TIM14"", ""source_kind"": ""puya_device_header"", ""type"": ""Timer""}, {""count"": ""1"", ""name"": ""ADC1"", ""source_kind"": ""puya_device_header"", ""type"": ""ADCUnits""}, {""count"": ""0"", ""name"": ""Official header exact instance count"", ""source_kind"": ""puya_device_header"", ""type"": ""DAC""}, {""count"": ""1"", ""name"": ""SPI1"", ""source_kind"": ""puya_device_header"", ""type"": ""SPI""}, {""count"": ""1"", ""name"": ""I2C1"", ""source_kind"": ""puya_device_header"", ""type"": ""I2C""}, {""count"": ""0"", ""name"": ""Official header exact instance count"", ""source_kind"": ""puya_device_header"", ""type"": ""I3C""}, {""count"": ""1"", ""name"": ""USART1"", ""source_kind"": ""puya_device_header"", ""type"": ""USART""}, {""count"": ""0"", ""name"": ""Official header exact instance count"", ""source_kind"": ""puya_device_header"", ""type"": ""UART""}, {""count"": ""0"", ""name"": ""Official header exact instance count"", ""source_kind"": ""puya_device_header"", ""type"": ""CAN""}, {""count"": ""0"", ""name"": ""Official header exact instance count"", ""source_kind"": ""puya_device_header"", ""type"": ""DMA""}, {""count"": ""0"", ""name"": ""Official header exact instance count"", ""source_kind"": ""puya_device_header"", ""type"": ""RNG""}, {""count"": ""0"", ""name"": ""Official header exact instance count"", ""source_kind"": ""puya_device_header"", ""type"": ""RTC""}, {""count"": ""1"", ""name"": ""IWDG"", ""source_kind"": ""puya_device_header"", ""type"": ""WDT""}, {""count"": ""2"", ""name"": ""COMP1, COMP2"", ""source_kind"": ""puya_device_header"", ""type"": ""COMP""}, {""count"": ""0"", ""name"": ""Official header exact instance count"", ""source_kind"": ""puya_device_header"", ""type"": ""OPAMP""}]",2026-08-12T09:02:57+00:00,manufacturer_device_header
device,puya::py32f002xx2,features_json,puya-device-header:PY32F0xx_DFP@1.2.8,https://www.puyasemi.com/uploadfiles/Puya.PY32F0xx_DFP.1.2.8.pack,https://www.puyasemi.com/uploadfiles/Puya.PY32F0xx_DFP.1.2.8.pack!/Drivers/CMSIS/Device/PY32F0xx/Include/py32f002xx2.h,"[{""count"": ""3"", ""name"": ""LPTIM1, TIM1, TIM14"", ""source_kind"": ""puya_device_header"", ""type"": ""Timer""}, {""count"": ""1"", ""name"": ""ADC1"", ""source_kind"": ""puya_device_header"", ""type"": ""ADCUnits""}, {""count"": ""0"", ""name"": ""Official header exact instance count"", ""source_kind"": ""puya_device_header"", ""type"": ""DAC""}, {""count"": ""1"", ""name"": ""SPI1"", ""source_kind"": ""puya_device_header"", ""type"": ""SPI""}, {""count"": ""1"", ""name"": ""I2C1"", ""source_kind"": ""puya_device_header"", ""type"": ""I2C""}, {""count"": ""0"", ""name"": ""Official header exact instance count"", ""source_kind"": ""puya_device_header"", ""type"": ""I3C""}, {""count"": ""1"", ""name"": ""USART1"", ""source_kind"": ""puya_device_header"", ""type"": ""USART""}, {""count"": ""0"", ""name"": ""Official header exact instance count"", ""source_kind"": ""puya_device_header"", ""type"": ""UART""}, {""count"": ""0"", ""name"": ""Official header exact instance count"", ""source_kind"": ""puya_device_header"", ""type"": ""CAN""}, {""count"": ""0"", ""name"": ""Official header exact instance count"", ""source_kind"": ""puya_device_header"", ""type"": ""DMA""}, {""count"": ""0"", ""name"": ""Official header exact instance count"", ""source_kind"": ""puya_device_header"", ""type"": ""RNG""}, {""count"": ""0"", ""name"": ""Official header exact instance count"", ""source_kind"": ""puya_device_header"", ""type"": ""RTC""}, {""count"": ""1"", ""name"": ""IWDG"", ""source_kind"": ""puya_device_header"", ""type"": ""WDT""}, {""count"": ""0"", ""name"": ""Official header exact instance count"", ""source_kind"": ""puya_device_header"", ""type"": ""COMP""}, {""count"": ""0"", ""name"": ""Official header exact instance count"", ""source_kind"": ""puya_device_header"", ""type"": ""OPAMP""}]",2026-08-12T09:02:57+00:00,manufacturer_device_header
device,puya::py32f002xx4,features_json,puya-device-header:PY32F0xx_DFP@1.2.8,https://www.puyasemi.com/uploadfiles/Puya.PY32F0xx_DFP.1.2.8.pack,https://www.puyasemi.com/uploadfiles/Puya.PY32F0xx_DFP.1.2.8.pack!/Drivers/CMSIS/Device/PY32F0xx/Include/py32f002xx4.h,"[{""count"": ""3"", ""name"": ""LPTIM1, TIM1, TIM14"", ""source_kind"": ""puya_device_header"", ""type"": ""Timer""}, {""count"": ""1"", ""name"": ""ADC1"", ""source_kind"": ""puya_device_header"", ""type"": ""ADCUnits""}, {""count"": ""0"", ""name"": ""Official header exact instance count"", ""source_kind"": ""puya_device_header"", ""type"": ""DAC""}, {""count"": ""1"", ""name"": ""SPI1"", ""source_kind"": ""puya_device_header"", ""type"": ""SPI""}, {""count"": ""1"", ""name"": ""I2C1"", ""source_kind"": ""puya_device_header"", ""type"": ""I2C""}, {""count"": ""0"", ""name"": ""Official header exact instance count"", ""source_kind"": ""puya_device_header"", ""type"": ""I3C""}, {""count"": ""1"", ""name"": ""USART1"", ""source_kind"": ""puya_device_header"", ""type"": ""USART""}, {""count"": ""0"", ""name"": ""Official header exact instance count"", ""source_kind"": ""puya_device_header"", ""type"": ""UART""}, {""count"": ""0"", ""name"": ""Official header exact instance count"", ""source_kind"": ""puya_device_header"", ""type"": ""CAN""}, {""count"": ""0"", ""name"": ""Official header exact instance count"", ""source_kind"": ""puya_device_header"", ""type"": ""DMA""}, {""count"": ""0"", ""name"": ""Official header exact instance count"", ""source_kind"": ""puya_device_header"", ""type"": ""RNG""}, {""count"": ""0"", ""name"": ""Official header exact instance count"", ""source_kind"": ""puya_device_header"", ""type"": ""RTC""}, {""count"": ""1"", ""name"": ""IWDG"", ""source_kind"": ""puya_device_header"", ""type"": ""WDT""}, {""count"": ""0"", ""name"": ""Official header exact instance count"", ""source_kind"": ""puya_device_header"", ""type"": ""COMP""}, {""count"": ""0"", ""name"": ""Official header exact instance count"", ""source_kind"": ""puya_device_header"", ""type"": ""OPAMP""}]",2026-08-12T09:02:57+00:00,manufacturer_device_header
device,puya::py32f002xx5,features_json,puya-device-header:PY32F0xx_DFP@1.2.8,https://www.puyasemi.com/uploadfiles/Puya.PY32F0xx_DFP.1.2.8.pack,https://www.puyasemi.com/uploadfiles/Puya.PY32F0xx_DFP.1.2.8.pack!/Drivers/CMSIS/Device/PY32F0xx/Include/py32f002xx5.h,"[{""count"": ""3"", ""name"": ""LPTIM1, TIM1, TIM14"", ""source_kind"": ""puya_device_header"", ""type"": ""Timer""}, {""count"": ""1"", ""name"": ""ADC1"", ""source_kind"": ""puya_device_header"", ""type"": ""ADCUnits""}, {""count"": ""0"", ""name"": ""Official header exact instance count"", ""source_kind"": ""puya_device_header"", ""type"": ""DAC""}, {""count"": ""1"", ""name"": ""SPI1"", ""source_kind"": ""puya_device_header"", ""type"": ""SPI""}, {""count"": ""1"", ""name"": ""I2C1"", ""source_kind"": ""puya_device_header"", ""type"": ""I2C""}, {""count"": ""0"", ""name"": ""Official header exact instance count"", ""source_kind"": ""puya_device_header"", ""type"": ""I3C""}, {""count"": ""1"", ""name"": ""USART1"", ""source_kind"": ""puya_device_header"", ""type"": ""USART""}, {""count"": ""0"", ""name"": ""Official header exact instance count"", ""source_kind"": ""puya_device_header"", ""type"": ""UART""}, {""count"": ""0"", ""name"": ""Official header exact instance count"", ""source_kind"": ""puya_device_header"", ""type"": ""CAN""}, {""count"": ""0"", ""name"": ""Official header exact instance count"", ""source_kind"": ""puya_device_header"", ""type"": ""DMA""}, {""count"": ""0"", ""name"": ""Official header exact instance count"", ""source_kind"": ""puya_device_header"", ""type"": ""RNG""}, {""count"": ""0"", ""name"": ""Official header exact instance count"", ""source_kind"": ""puya_device_header"", ""type"": ""RTC""}, {""count"": ""1"", ""name"": ""IWDG"", ""source_kind"": ""puya_device_header"", ""type"": ""WDT""}, {""count"": ""0"", ""name"": ""Official header exact instance count"", ""source_kind"": ""puya_device_header"", ""type"": ""COMP""}, {""count"": ""0"", ""name"": ""Official header exact instance count"", ""source_kind"": ""puya_device_header"", ""type"": ""OPAMP""}]",2026-08-12T09:02:57+00:00,manufacturer_device_header
device,puya::py32f002zx4,features_json,puya-device-header:PY32F0xx_DFP@1.2.8,https://www.puyasemi.com/uploadfiles/Puya.PY32F0xx_DFP.1.2.8.pack,https://www.puyasemi.com/uploadfiles/Puya.PY32F0xx_DFP.1.2.8.pack!/Drivers/CMSIS/Device/PY32F0xx/Include/py32f002zx4.h,"[{""count"": ""3"", ""name"": ""LPTIM1, TIM1, TIM14"", ""source_kind"": ""puya_device_header"", ""type"": ""Timer""}, {""count"": ""1"", ""name"": ""ADC1"", ""source_kind"": ""puya_device_header"", ""type"": ""ADCUnits""}, {""count"": ""0"", ""name"": ""Official header exact instance count"", ""source_kind"": ""puya_device_header"", ""type"": ""DAC""}, {""count"": ""0"", ""name"": ""Official header exact instance count"", ""source_kind"": ""puya_device_header"", ""type"": ""SPI""}, {""count"": ""1"", ""name"": ""I2C1"", ""source_kind"": ""puya_device_header"", ""type"": ""I2C""}, {""count"": ""0"", ""name"": ""Official header exact instance count"", ""source_kind"": ""puya_device_header"", ""type"": ""I3C""}, {""count"": ""1"", ""name"": ""USART1"", ""source_kind"": ""puya_device_header"", ""type"": ""USART""}, {""count"": ""0"", ""name"": ""Official header exact instance count"", ""source_kind"": ""puya_device_header"", ""type"": ""UART""}, {""count"": ""0"", ""name"": ""Official header exact instance count"", ""source_kind"": ""puya_device_header"", ""type"": ""CAN""}, {""count"": ""0"", ""name"": ""Official header exact instance count"", ""source_kind"": ""puya_device_header"", ""type"": ""DMA""}, {""count"": ""0"", ""name"": ""Official header exact instance count"", ""source_kind"": ""puya_device_header"", ""type"": ""RNG""}, {""count"": ""0"", ""name"": ""Official header exact instance count"", ""source_kind"": ""puya_device_header"", ""type"": ""RTC""}, {""count"": ""1"", ""name"": ""IWDG"", ""source_kind"": ""puya_device_header"", ""type"": ""WDT""}, {""count"": ""0"", ""name"": ""Official header exact instance count"", ""source_kind"": ""puya_device_header"", ""type"": ""COMP""}, {""count"": ""0"", ""name"": ""Official header exact instance count"", ""source_kind"": ""puya_device_header"", ""type"": ""OPAMP""}]",2026-08-12T09:02:57+00:00,manufacturer_device_header
device,puya::py32f003x4,features_json,puya-device-header:PY32F0xx_DFP@1.2.8,https://www.puyasemi.com/uploadfiles/Puya.PY32F0xx_DFP.1.2.8.pack,https://www.puyasemi.com/uploadfiles/Puya.PY32F0xx_DFP.1.2.8.pack!/Drivers/CMSIS/Device/PY32F0xx/Include/py32f003x4.h,"[{""count"": ""6"", ""name"": ""LPTIM1, TIM1, TIM14, TIM16, TIM17, TIM3"", ""source_kind"": ""puya_device_header"", ""type"": ""Timer""}, {""count"": ""1"", ""name"": ""ADC1"", ""source_kind"": ""puya_device_header"", ""type"": ""ADCUnits""}, {""count"": ""0"", ""name"": ""Official header exact instance count"", ""source_kind"": ""puya_device_header"", ""type"": ""DAC""}, {""count"": ""1"", ""name"": ""SPI1"", ""source_kind"": ""puya_device_header"", ""type"": ""SPI""}, {""count"": ""1"", ""name"": ""I2C1"", ""source_kind"": ""puya_device_header"", ""type"": ""I2C""}, {""count"": ""0"", ""name"": ""Official header exact instance count"", ""source_kind"": ""puya_device_header"", ""type"": ""I3C""}, {""count"": ""2"", ""name"": ""USART1, USART2"", ""source_kind"": ""puya_device_header"", ""type"": ""USART""}, {""count"": ""0"", ""name"": ""Official header exact instance count"", ""source_kind"": ""puya_device_header"", ""type"": ""UART""}, {""count"": ""0"", ""name"": ""Official header exact instance count"", ""source_kind"": ""puya_device_header"", ""type"": ""CAN""}, {""count"": ""1"", ""name"": ""DMA1"", ""source_kind"": ""puya_device_header"", ""type"": ""DMA""}, {""count"": ""0"", ""name"": ""Official header exact instance count"", ""source_kind"": ""puya_device_header"", ""type"": ""RNG""}, {""count"": ""1"", ""name"": ""RTC"", ""source_kind"": ""puya_device_header"", ""type"": ""RTC""}, {""count"": ""2"", ""name"": ""IWDG, WWDG"", ""source_kind"": ""puya_device_header"", ""type"": ""WDT""}, {""count"": ""2"", ""name"": ""COMP1, COMP2"", ""source_kind"": ""puya_device_header"", ""type"": ""COMP""}, {""count"": ""0"", ""name"": ""Official header exact instance count"", ""source_kind"": ""puya_device_header"", ""type"": ""OPAMP""}]",2026-08-12T09:02:57+00:00,manufacturer_device_header
device,puya::py32f003x6,features_json,puya-device-header:PY32F0xx_DFP@1.2.8,https://www.puyasemi.com/uploadfiles/Puya.PY32F0xx_DFP.1.2.8.pack,https://www.puyasemi.com/uploadfiles/Puya.PY32F0xx_DFP.1.2.8.pack!/Drivers/CMSIS/Device/PY32F0xx/Include/py32f003x6.h,"[{""count"": ""6"", ""name"": ""LPTIM1, TIM1, TIM14, TIM16, TIM17, TIM3"", ""source_kind"": ""puya_device_header"", ""type"": ""Timer""}, {""count"": ""1"", ""name"": ""ADC1"", ""source_kind"": ""puya_device_header"", ""type"": ""ADCUnits""}, {""count"": ""0"", ""name"": ""Official header exact instance count"", ""source_kind"": ""puya_device_header"", ""type"": ""DAC""}, {""count"": ""1"", ""name"": ""SPI1"", ""source_kind"": ""puya_device_header"", ""type"": ""SPI""}, {""count"": ""1"", ""name"": ""I2C1"", ""source_kind"": ""puya_device_header"", ""type"": ""I2C""}, {""count"": ""0"", ""name"": ""Official header exact instance count"", ""source_kind"": ""puya_device_header"", ""type"": ""I3C""}, {""count"": ""2"", ""name"": ""USART1, USART2"", ""source_kind"": ""puya_device_header"", ""type"": ""USART""}, {""count"": ""0"", ""name"": ""Official header exact instance count"", ""source_kind"": ""puya_device_header"", ""type"": ""UART""}, {""count"": ""0"", ""name"": ""Official header exact instance count"", ""source_kind"": ""puya_device_header"", ""type"": ""CAN""}, {""count"": ""1"", ""name"": ""DMA1"", ""source_kind"": ""puya_device_header"", ""type"": ""DMA""}, {""count"": ""0"", ""name"": ""Official header exact instance count"", ""source_kind"": ""puya_device_header"", ""type"": ""RNG""}, {""count"": ""1"", ""name"": ""RTC"", ""source_kind"": ""puya_device_header"", ""type"": ""RTC""}, {""count"": ""2"", ""name"": ""IWDG, WWDG"", ""source_kind"": ""puya_device_header"", ""type"": ""WDT""}, {""count"": ""2"", ""name"": ""COMP1, COMP2"", ""source_kind"": ""puya_device_header"", ""type"": ""COMP""}, {""count"": ""0"", ""name"": ""Official header exact instance count"", ""source_kind"": ""puya_device_header"", ""type"": ""OPAMP""}]",2026-08-12T09:02:57+00:00,manufacturer_device_header
device,puya::py32f003x7,features_json,puya-device-header:PY32F0xx_DFP@1.2.8,https://www.puyasemi.com/uploadfiles/Puya.PY32F0xx_DFP.1.2.8.pack,https://www.puyasemi.com/uploadfiles/Puya.PY32F0xx_DFP.1.2.8.pack!/Drivers/CMSIS/Device/PY32F0xx/Include/py32f003x7.h,"[{""count"": ""6"", ""name"": ""LPTIM1, TIM1, TIM14, TIM16, TIM17, TIM3"", ""source_kind"": ""puya_device_header"", ""type"": ""Timer""}, {""count"": ""1"", ""name"": ""ADC1"", ""source_kind"": ""puya_device_header"", ""type"": ""ADCUnits""}, {""count"": ""0"", ""name"": ""Official header exact instance count"", ""source_kind"": ""puya_device_header"", ""type"": ""DAC""}, {""count"": ""1"", ""name"": ""SPI1"", ""source_kind"": ""puya_device_header"", ""type"": ""SPI""}, {""count"": ""1"", ""name"": ""I2C1"", ""source_kind"": ""puya_device_header"", ""type"": ""I2C""}, {""count"": ""0"", ""name"": ""Official header exact instance count"", ""source_kind"": ""puya_device_header"", ""type"": ""I3C""}, {""count"": ""2"", ""name"": ""USART1, USART2"", ""source_kind"": ""puya_device_header"", ""type"": ""USART""}, {""count"": ""0"", ""name"": ""Official header exact instance count"", ""source_kind"": ""puya_device_header"", ""type"": ""UART""}, {""count"": ""0"", ""name"": ""Official header exact instance count"", ""source_kind"": ""puya_device_header"", ""type"": ""CAN""}, {""count"": ""1"", ""name"": ""DMA1"", ""source_kind"": ""puya_device_header"", ""type"": ""DMA""}, {""count"": ""0"", ""name"": ""Official header exact instance count"", ""source_kind"": ""puya_device_header"", ""type"": ""RNG""}, {""count"": ""1"", ""name"": ""RTC"", ""source_kind"": ""puya_device_header"", ""type"": ""RTC""}, {""count"": ""2"", ""name"": ""IWDG, WWDG"", ""source_kind"": ""puya_device_header"", ""type"": ""WDT""}, {""count"": ""2"", ""name"": ""COMP1, COMP2"", ""source_kind"": ""puya_device_header"", ""type"": ""COMP""}, {""count"": ""0"", ""name"": ""Official header exact instance count"", ""source_kind"": ""puya_device_header"", ""type"": ""OPAMP""}]",2026-08-12T09:02:57+00:00,manufacturer_device_header
device,puya::py32f003x8,features_json,puya-device-header:PY32F0xx_DFP@1.2.8,https://www.puyasemi.com/uploadfiles/Puya.PY32F0xx_DFP.1.2.8.pack,https://www.puyasemi.com/uploadfiles/Puya.PY32F0xx_DFP.1.2.8.pack!/Drivers/CMSIS/Device/PY32F0xx/Include/py32f003x8.h,"[{""count"": ""6"", ""name"": ""LPTIM1, TIM1, TIM14, TIM16, TIM17, TIM3"", ""source_kind"": ""puya_device_header"", ""type"": ""Timer""}, {""count"": ""1"", ""name"": ""ADC1"", ""source_kind"": ""puya_device_header"", ""type"": ""ADCUnits""}, {""count"": ""0"", ""name"": ""Official header exact instance count"", ""source_kind"": ""puya_device_header"", ""type"": ""DAC""}, {""count"": ""1"", ""name"": ""SPI1"", ""source_kind"": ""puya_device_header"", ""type"": ""SPI""}, {""count"": ""1"", ""name"": ""I2C1"", ""source_kind"": ""puya_device_header"", ""type"": ""I2C""}, {""count"": ""0"", ""name"": ""Official header exact instance count"", ""source_kind"": ""puya_device_header"", ""type"": ""I3C""}, {""count"": ""2"", ""name"": ""USART1, USART2"", ""source_kind"": ""puya_device_header"", ""type"": ""USART""}, {""count"": ""0"", ""name"": ""Official header exact instance count"", ""source_kind"": ""puya_device_header"", ""type"": ""UART""}, {""count"": ""0"", ""name"": ""Official header exact instance count"", ""source_kind"": ""puya_device_header"", ""type"": ""CAN""}, {""count"": ""1"", ""name"": ""DMA1"", ""source_kind"": ""puya_device_header"", ""type"": ""DMA""}, {""count"": ""0"", ""name"": ""Official header exact instance count"", ""source_kind"": ""puya_device_header"", ""type"": ""RNG""}, {""count"": ""1"", ""name"": ""RTC"", ""source_kind"": ""puya_device_header"", ""type"": ""RTC""}, {""count"": ""2"", ""name"": ""IWDG, WWDG"", ""source_kind"": ""puya_device_header"", ""type"": ""WDT""}, {""count"": ""2"", ""name"": ""COMP1, COMP2"", ""source_kind"": ""puya_device_header"", ""type"": ""COMP""}, {""count"": ""0"", ""name"": ""Official header exact instance count"", ""source_kind"": ""puya_device_header"", ""type"": ""OPAMP""}]",2026-08-12T09:02:57+00:00,manufacturer_device_header
device,puya::py32f021x8,features_json,puya-device-header:PY32F0xx_DFP@1.2.8,https://www.puyasemi.com/uploadfiles/Puya.PY32F0xx_DFP.1.2.8.pack,https://www.puyasemi.com/uploadfiles/Puya.PY32F0xx_DFP.1.2.8.pack!/Drivers/CMSIS/Device/PY32F0xx/Include/py32f021x8.h,"[{""count"": ""6"", ""name"": ""LPTIM1, TIM1, TIM14, TIM16, TIM17, TIM2"", ""source_kind"": ""puya_device_header"", ""type"": ""Timer""}, {""count"": ""1"", ""name"": ""ADC1"", ""source_kind"": ""puya_device_header"", ""type"": ""ADCUnits""}, {""count"": ""0"", ""name"": ""Official header exact instance count"", ""source_kind"": ""puya_device_header"", ""type"": ""DAC""}, {""count"": ""2"", ""name"": ""SPI1, SPI2"", ""source_kind"": ""puya_device_header"", ""type"": ""SPI""}, {""count"": ""1"", ""name"": ""I2C1"", ""source_kind"": ""puya_device_header"", ""type"": ""I2C""}, {""count"": ""0"", ""name"": ""Official header exact instance count"", ""source_kind"": ""puya_device_header"", ""type"": ""I3C""}, {""count"": ""2"", ""name"": ""USART1, USART2"", ""source_kind"": ""puya_device_header"", ""type"": ""USART""}, {""count"": ""0"", ""name"": ""Official header exact instance count"", ""source_kind"": ""puya_device_header"", ""type"": ""UART""}, {""count"": ""0"", ""name"": ""Official header exact instance count"", ""source_kind"": ""puya_device_header"", ""type"": ""CAN""}, {""count"": ""1"", ""name"": ""DMA1"", ""source_kind"": ""puya_device_header"", ""type"": ""DMA""}, {""count"": ""0"", ""name"": ""Official header exact instance count"", ""source_kind"": ""puya_device_header"", ""type"": ""RNG""}, {""count"": ""1"", ""name"": ""RTC"", ""source_kind"": ""puya_device_header"", ""type"": ""RTC""}, {""count"": ""2"", ""name"": ""IWDG, WWDG"", ""source_kind"": ""puya_device_header"", ""type"": ""WDT""}, {""count"": ""2"", ""name"": ""COMP1, COMP2"", ""source_kind"": ""puya_device_header"", ""type"": ""COMP""}, {""count"": ""0"", ""name"": ""Official header exact instance count"", ""source_kind"": ""puya_device_header"", ""type"": ""OPAMP""}]",2026-08-12T09:02:57+00:00,manufacturer_device_header
device,puya::py32f030x4,features_json,puya-device-header:PY32F0xx_DFP@1.2.8,https://www.puyasemi.com/uploadfiles/Puya.PY32F0xx_DFP.1.2.8.pack,https://www.puyasemi.com/uploadfiles/Puya.PY32F0xx_DFP.1.2.8.pack!/Drivers/CMSIS/Device/PY32F0xx/Include/py32f030x4.h,"[{""count"": ""6"", ""name"": ""LPTIM1, TIM1, TIM14, TIM16, TIM17, TIM3"", ""source_kind"": ""puya_device_header"", ""type"": ""Timer""}, {""count"": ""1"", ""name"": ""ADC1"", ""source_kind"": ""puya_device_header"", ""type"": ""ADCUnits""}, {""count"": ""0"", ""name"": ""Official header exact instance count"", ""source_kind"": ""puya_device_header"", ""type"": ""DAC""}, {""count"": ""2"", ""name"": ""SPI1, SPI2"", ""source_kind"": ""puya_device_header"", ""type"": ""SPI""}, {""count"": ""1"", ""name"": ""I2C1"", ""source_kind"": ""puya_device_header"", ""type"": ""I2C""}, {""count"": ""0"", ""name"": ""Official header exact instance count"", ""source_kind"": ""puya_device_header"", ""type"": ""I3C""}, {""count"": ""2"", ""name"": ""USART1, USART2"", ""source_kind"": ""puya_device_header"", ""type"": ""USART""}, {""count"": ""0"", ""name"": ""Official header exact instance count"", ""source_kind"": ""puya_device_header"", ""type"": ""UART""}, {""count"": ""0"", ""name"": ""Official header exact instance count"", ""source_kind"": ""puya_device_header"", ""type"": ""CAN""}, {""count"": ""1"", ""name"": ""DMA1"", ""source_kind"": ""puya_device_header"", ""type"": ""DMA""}, {""count"": ""0"", ""name"": ""Official header exact instance count"", ""source_kind"": ""puya_device_header"", ""type"": ""RNG""}, {""count"": ""1"", ""name"": ""RTC"", ""source_kind"": ""puya_device_header"", ""type"": ""RTC""}, {""count"": ""2"", ""name"": ""IWDG, WWDG"", ""source_kind"": ""puya_device_header"", ""type"": ""WDT""}, {""count"": ""2"", ""name"": ""COMP1, COMP2"", ""source_kind"": ""puya_device_header"", ""type"": ""COMP""}, {""count"": ""0"", ""name"": ""Official header exact instance count"", ""source_kind"": ""puya_device_header"", ""type"": ""OPAMP""}]",2026-08-12T09:02:57+00:00,manufacturer_device_header
device,puya::py32f030x6,features_json,puya-device-header:PY32F0xx_DFP@1.2.8,https://www.puyasemi.com/uploadfiles/Puya.PY32F0xx_DFP.1.2.8.pack,https://www.puyasemi.com/uploadfiles/Puya.PY32F0xx_DFP.1.2.8.pack!/Drivers/CMSIS/Device/PY32F0xx/Include/py32f030x6.h,"[{""count"": ""6"", ""name"": ""LPTIM1, TIM1, TIM14, TIM16, TIM17, TIM3"", ""source_kind"": ""puya_device_header"", ""type"": ""Timer""}, {""count"": ""1"", ""name"": ""ADC1"", ""source_kind"": ""puya_device_header"", ""type"": ""ADCUnits""}, {""count"": ""0"", ""name"": ""Official header exact instance count"", ""source_kind"": ""puya_device_header"", ""type"": ""DAC""}, {""count"": ""2"", ""name"": ""SPI1, SPI2"", ""source_kind"": ""puya_device_header"", ""type"": ""SPI""}, {""count"": ""1"", ""name"": ""I2C1"", ""source_kind"": ""puya_device_header"", ""type"": ""I2C""}, {""count"": ""0"", ""name"": ""Official header exact instance count"", ""source_kind"": ""puya_device_header"", ""type"": ""I3C""}, {""count"": ""2"", ""name"": ""USART1, USART2"", ""source_kind"": ""puya_device_header"", ""type"": ""USART""}, {""count"": ""0"", ""name"": ""Official header exact instance count"", ""source_kind"": ""puya_device_header"", ""type"": ""UART""}, {""count"": ""0"", ""name"": ""Official header exact instance count"", ""source_kind"": ""puya_device_header"", ""type"": ""CAN""}, {""count"": ""1"", ""name"": ""DMA1"", ""source_kind"": ""puya_device_header"", ""type"": ""DMA""}, {""count"": ""0"", ""name"": ""Official header exact instance count"", ""source_kind"": ""puya_device_header"", ""type"": ""RNG""}, {""count"": ""1"", ""name"": ""RTC"", ""source_kind"": ""puya_device_header"", ""type"": ""RTC""}, {""count"": ""2"", ""name"": ""IWDG, WWDG"", ""source_kind"": ""puya_device_header"", ""type"": ""WDT""}, {""count"": ""2"", ""name"": ""COMP1, COMP2"", ""source_kind"": ""puya_device_header"", ""type"": ""COMP""}, {""count"": ""0"", ""name"": ""Official header exact instance count"", ""source_kind"": ""puya_device_header"", ""type"": ""OPAMP""}]",2026-08-12T09:02:57+00:00,manufacturer_device_header
device,puya::py32f030x7,features_json,puya-device-header:PY32F0xx_DFP@1.2.8,https://www.puyasemi.com/uploadfiles/Puya.PY32F0xx_DFP.1.2.8.pack,https://www.puyasemi.com/uploadfiles/Puya.PY32F0xx_DFP.1.2.8.pack!/Drivers/CMSIS/Device/PY32F0xx/Include/py32f030x7.h,"[{""count"": ""6"", ""name"": ""LPTIM1, TIM1, TIM14, TIM16, TIM17, TIM3"", ""source_kind"": ""puya_device_header"", ""type"": ""Timer""}, {""count"": ""1"", ""name"": ""ADC1"", ""source_kind"": ""puya_device_header"", ""type"": ""ADCUnits""}, {""count"": ""0"", ""name"": ""Official header exact instance count"", ""source_kind"": ""puya_device_header"", ""type"": ""DAC""}, {""count"": ""2"", ""name"": ""SPI1, SPI2"", ""source_kind"": ""puya_device_header"", ""type"": ""SPI""}, {""count"": ""1"", ""name"": ""I2C1"", ""source_kind"": ""puya_device_header"", ""type"": ""I2C""}, {""count"": ""0"", ""name"": ""Official header exact instance count"", ""source_kind"": ""puya_device_header"", ""type"": ""I3C""}, {""count"": ""2"", ""name"": ""USART1, USART2"", ""source_kind"": ""puya_device_header"", ""type"": ""USART""}, {""count"": ""0"", ""name"": ""Official header exact instance count"", ""source_kind"": ""puya_device_header"", ""type"": ""UART""}, {""count"": ""0"", ""name"": ""Official header exact instance count"", ""source_kind"": ""puya_device_header"", ""type"": ""CAN""}, {""count"": ""1"", ""name"": ""DMA1"", ""source_kind"": ""puya_device_header"", ""type"": ""DMA""}, {""count"": ""0"", ""name"": ""Official header exact instance count"", ""source_kind"": ""puya_device_header"", ""type"": ""RNG""}, {""count"": ""1"", ""name"": ""RTC"", ""source_kind"": ""puya_device_header"", ""type"": ""RTC""}, {""count"": ""2"", ""name"": ""IWDG, WWDG"", ""source_kind"": ""puya_device_header"", ""type"": ""WDT""}, {""count"": ""2"", ""name"": ""COMP1, COMP2"", ""source_kind"": ""puya_device_header"", ""type"": ""COMP""}, {""count"": ""0"", ""name"": ""Official header exact instance count"", ""source_kind"": ""puya_device_header"", ""type"": ""OPAMP""}]",2026-08-12T09:02:57+00:00,manufacturer_device_header
device,puya::py32f030x8,features_json,puya-device-header:PY32F0xx_DFP@1.2.8,https://www.puyasemi.com/uploadfiles/Puya.PY32F0xx_DFP.1.2.8.pack,https://www.puyasemi.com/uploadfiles/Puya.PY32F0xx_DFP.1.2.8.pack!/Drivers/CMSIS/Device/PY32F0xx/Include/py32f030x8.h,"[{""count"": ""6"", ""name"": ""LPTIM1, TIM1, TIM14, TIM16, TIM17, TIM3"", ""source_kind"": ""puya_device_header"", ""type"": ""Timer""}, {""count"": ""1"", ""name"": ""ADC1"", ""source_kind"": ""puya_device_header"", ""type"": ""ADCUnits""}, {""count"": ""0"", ""name"": ""Official header exact instance count"", ""source_kind"": ""puya_device_header"", ""type"": ""DAC""}, {""count"": ""2"", ""name"": ""SPI1, SPI2"", ""source_kind"": ""puya_device_header"", ""type"": ""SPI""}, {""count"": ""1"", ""name"": ""I2C1"", ""source_kind"": ""puya_device_header"", ""type"": ""I2C""}, {""count"": ""0"", ""name"": ""Official header exact instance count"", ""source_kind"": ""puya_device_header"", ""type"": ""I3C""}, {""count"": ""2"", ""name"": ""USART1, USART2"", ""source_kind"": ""puya_device_header"", ""type"": ""USART""}, {""count"": ""0"", ""name"": ""Official header exact instance count"", ""source_kind"": ""puya_device_header"", ""type"": ""UART""}, {""count"": ""0"", ""name"": ""Official header exact instance count"", ""source_kind"": ""puya_device_header"", ""type"": ""CAN""}, {""count"": ""1"", ""name"": ""DMA1"", ""source_kind"": ""puya_device_header"", ""type"": ""DMA""}, {""count"": ""0"", ""name"": ""Official header exact instance count"", ""source_kind"": ""puya_device_header"", ""type"": ""RNG""}, {""count"": ""1"", ""name"": ""RTC"", ""source_kind"": ""puya_device_header"", ""type"": ""RTC""}, {""count"": ""2"", ""name"": ""IWDG, WWDG"", ""source_kind"": ""puya_device_header"", ""type"": ""WDT""}, {""count"": ""2"", ""name"": ""COMP1, COMP2"", ""source_kind"": ""puya_device_header"", ""type"": ""COMP""}, {""count"": ""0"", ""name"": ""Official header exact instance count"", ""source_kind"": ""puya_device_header"", ""type"": ""OPAMP""}]",2026-08-12T09:02:57+00:00,manufacturer_device_header
device,puya::py32f031x4,features_json,puya-device-header:PY32F0xx_DFP@1.2.8,https://www.puyasemi.com/uploadfiles/Puya.PY32F0xx_DFP.1.2.8.pack,https://www.puyasemi.com/uploadfiles/Puya.PY32F0xx_DFP.1.2.8.pack!/Drivers/CMSIS/Device/PY32F0xx/Include/py32f031x4.h,"[{""count"": ""6"", ""name"": ""LPTIM1, TIM1, TIM14, TIM16, TIM17, TIM2"", ""source_kind"": ""puya_device_header"", ""type"": ""Timer""}, {""count"": ""1"", ""name"": ""ADC1"", ""source_kind"": ""puya_device_header"", ""type"": ""ADCUnits""}, {""count"": ""0"", ""name"": ""Official header exact instance count"", ""source_kind"": ""puya_device_header"", ""type"": ""DAC""}, {""count"": ""2"", ""name"": ""SPI1, SPI2"", ""source_kind"": ""puya_device_header"", ""type"": ""SPI""}, {""count"": ""2"", ""name"": ""I2C1, I2C2"", ""source_kind"": ""puya_device_header"", ""type"": ""I2C""}, {""count"": ""0"", ""name"": ""Official header exact instance count"", ""source_kind"": ""puya_device_header"", ""type"": ""I3C""}, {""count"": ""3"", ""name"": ""USART1, USART2, USART3"", ""source_kind"": ""puya_device_header"", ""type"": ""USART""}, {""count"": ""0"", ""name"": ""Official header exact instance count"", ""source_kind"": ""puya_device_header"", ""type"": ""UART""}, {""count"": ""0"", ""name"": ""Official header exact instance count"", ""source_kind"": ""puya_device_header"", ""type"": ""CAN""}, {""count"": ""1"", ""name"": ""DMA1"", ""source_kind"": ""puya_device_header"", ""type"": ""DMA""}, {""count"": ""0"", ""name"": ""Official header exact instance count"", ""source_kind"": ""puya_device_header"", ""type"": ""RNG""}, {""count"": ""1"", ""name"": ""RTC"", ""source_kind"": ""puya_device_header"", ""type"": ""RTC""}, {""count"": ""2"", ""name"": ""IWDG, WWDG"", ""source_kind"": ""puya_device_header"", ""type"": ""WDT""}, {""count"": ""2"", ""name"": ""COMP1, COMP2"", ""source_kind"": ""puya_device_header"", ""type"": ""COMP""}, {""count"": ""0"", ""name"": ""Official header exact instance count"", ""source_kind"": ""puya_device_header"", ""type"": ""OPAMP""}]",2026-08-12T09:02:57+00:00,manufacturer_device_header
device,puya::py32f031x6,features_json,puya-device-header:PY32F0xx_DFP@1.2.8,https://www.puyasemi.com/uploadfiles/Puya.PY32F0xx_DFP.1.2.8.pack,https://www.puyasemi.com/uploadfiles/Puya.PY32F0xx_DFP.1.2.8.pack!/Drivers/CMSIS/Device/PY32F0xx/Include/py32f031x6.h,"[{""count"": ""6"", ""name"": ""LPTIM1, TIM1, TIM14, TIM16, TIM17, TIM2"", ""source_kind"": ""puya_device_header"", ""type"": ""Timer""}, {""count"": ""1"", ""name"": ""ADC1"", ""source_kind"": ""puya_device_header"", ""type"": ""ADCUnits""}, {""count"": ""0"", ""name"": ""Official header exact instance count"", ""source_kind"": ""puya_device_header"", ""type"": ""DAC""}, {""count"": ""2"", ""name"": ""SPI1, SPI2"", ""source_kind"": ""puya_device_header"", ""type"": ""SPI""}, {""count"": ""2"", ""name"": ""I2C1, I2C2"", ""source_kind"": ""puya_device_header"", ""type"": ""I2C""}, {""count"": ""0"", ""name"": ""Official header exact instance count"", ""source_kind"": ""puya_device_header"", ""type"": ""I3C""}, {""count"": ""3"", ""name"": ""USART1, USART2, USART3"", ""source_kind"": ""puya_device_header"", ""type"": ""USART""}, {""count"": ""0"", ""name"": ""Official header exact instance count"", ""source_kind"": ""puya_device_header"", ""type"": ""UART""}, {""count"": ""0"", ""name"": ""Official header exact instance count"", ""source_kind"": ""puya_device_header"", ""type"": ""CAN""}, {""count"": ""1"", ""name"": ""DMA1"", ""source_kind"": ""puya_device_header"", ""type"": ""DMA""}, {""count"": ""0"", ""name"": ""Official header exact instance count"", ""source_kind"": ""puya_device_header"", ""type"": ""RNG""}, {""count"": ""1"", ""name"": ""RTC"", ""source_kind"": ""puya_device_header"", ""type"": ""RTC""}, {""count"": ""2"", ""name"": ""IWDG, WWDG"", ""source_kind"": ""puya_device_header"", ""type"": ""WDT""}, {""count"": ""2"", ""name"": ""COMP1, COMP2"", ""source_kind"": ""puya_device_header"", ""type"": ""COMP""}, {""count"": ""0"", ""name"": ""Official header exact instance count"", ""source_kind"": ""puya_device_header"", ""type"": ""OPAMP""}]",2026-08-12T09:02:57+00:00,manufacturer_device_header
device,puya::py32f031x7,features_json,puya-device-header:PY32F0xx_DFP@1.2.8,https://www.puyasemi.com/uploadfiles/Puya.PY32F0xx_DFP.1.2.8.pack,https://www.puyasemi.com/uploadfiles/Puya.PY32F0xx_DFP.1.2.8.pack!/Drivers/CMSIS/Device/PY32F0xx/Include/py32f031x7.h,"[{""count"": ""6"", ""name"": ""LPTIM1, TIM1, TIM14, TIM16, TIM17, TIM2"", ""source_kind"": ""puya_device_header"", ""type"": ""Timer""}, {""count"": ""1"", ""name"": ""ADC1"", ""source_kind"": ""puya_device_header"", ""type"": ""ADCUnits""}, {""count"": ""0"", ""name"": ""Official header exact instance count"", ""source_kind"": ""puya_device_header"", ""type"": ""DAC""}, {""count"": ""2"", ""name"": ""SPI1, SPI2"", ""source_kind"": ""puya_device_header"", ""type"": ""SPI""}, {""count"": ""2"", ""name"": ""I2C1, I2C2"", ""source_kind"": ""puya_device_header"", ""type"": ""I2C""}, {""count"": ""0"", ""name"": ""Official header exact instance count"", ""source_kind"": ""puya_device_header"", ""type"": ""I3C""}, {""count"": ""3"", ""name"": ""USART1, USART2, USART3"", ""source_kind"": ""puya_device_header"", ""type"": ""USART""}, {""count"": ""0"", ""name"": ""Official header exact instance count"", ""source_kind"": ""puya_device_header"", ""type"": ""UART""}, {""count"": ""0"", ""name"": ""Official header exact instance count"", ""source_kind"": ""puya_device_header"", ""type"": ""CAN""}, {""count"": ""1"", ""name"": ""DMA1"", ""source_kind"": ""puya_device_header"", ""type"": ""DMA""}, {""count"": ""0"", ""name"": ""Official header exact instance count"", ""source_kind"": ""puya_device_header"", ""type"": ""RNG""}, {""count"": ""1"", ""name"": ""RTC"", ""source_kind"": ""puya_device_header"", ""type"": ""RTC""}, {""count"": ""2"", ""name"": ""IWDG, WWDG"", ""source_kind"": ""puya_device_header"", ""type"": ""WDT""}, {""count"": ""2"", ""name"": ""COMP1, COMP2"", ""source_kind"": ""puya_device_header"", ""type"": ""COMP""}, {""count"": ""0"", ""name"": ""Official header exact instance count"", ""source_kind"": ""puya_device_header"", ""type"": ""OPAMP""}]",2026-08-12T09:02:57+00:00,manufacturer_device_header
device,puya::py32f031x8,features_json,puya-device-header:PY32F0xx_DFP@1.2.8,https://www.puyasemi.com/uploadfiles/Puya.PY32F0xx_DFP.1.2.8.pack,https://www.puyasemi.com/uploadfiles/Puya.PY32F0xx_DFP.1.2.8.pack!/Drivers/CMSIS/Device/PY32F0xx/Include/py32f031x8.h,"[{""count"": ""6"", ""name"": ""LPTIM1, TIM1, TIM14, TIM16, TIM17, TIM2"", ""source_kind"": ""puya_device_header"", ""type"": ""Timer""}, {""count"": ""1"", ""name"": ""ADC1"", ""source_kind"": ""puya_device_header"", ""type"": ""ADCUnits""}, {""count"": ""0"", ""name"": ""Official header exact instance count"", ""source_kind"": ""puya_device_header"", ""type"": ""DAC""}, {""count"": ""2"", ""name"": ""SPI1, SPI2"", ""source_kind"": ""puya_device_header"", ""type"": ""SPI""}, {""count"": ""2"", ""name"": ""I2C1, I2C2"", ""source_kind"": ""puya_device_header"", ""type"": ""I2C""}, {""count"": ""0"", ""name"": ""Official header exact instance count"", ""source_kind"": ""puya_device_header"", ""type"": ""I3C""}, {""count"": ""3"", ""name"": ""USART1, USART2, USART3"", ""source_kind"": ""puya_device_header"", ""type"": ""USART""}, {""count"": ""0"", ""name"": ""Official header exact instance count"", ""source_kind"": ""puya_device_header"", ""type"": ""UART""}, {""count"": ""0"", ""name"": ""Official header exact instance count"", ""source_kind"": ""puya_device_header"", ""type"": ""CAN""}, {""count"": ""1"", ""name"": ""DMA1"", ""source_kind"": ""puya_device_header"", ""type"": ""DMA""}, {""count"": ""0"", ""name"": ""Official header exact instance count"", ""source_kind"": ""puya_device_header"", ""type"": ""RNG""}, {""count"": ""1"", ""name"": ""RTC"", ""source_kind"": ""puya_device_header"", ""type"": ""RTC""}, {""count"": ""2"", ""name"": ""IWDG, WWDG"", ""source_kind"": ""puya_device_header"", ""type"": ""WDT""}, {""count"": ""2"", ""name"": ""COMP1, COMP2"", ""source_kind"": ""puya_device_header"", ""type"": ""COMP""}, {""count"": ""0"", ""name"": ""Official header exact instance count"", ""source_kind"": ""puya_device_header"", ""type"": ""OPAMP""}]",2026-08-12T09:02:57+00:00,manufacturer_device_header
device,puya::py32f032x8,features_json,puya-device-header:PY32F0xx_DFP@1.2.8,https://www.puyasemi.com/uploadfiles/Puya.PY32F0xx_DFP.1.2.8.pack,https://www.puyasemi.com/uploadfiles/Puya.PY32F0xx_DFP.1.2.8.pack!/Drivers/CMSIS/Device/PY32F0xx/Include/py32f032x8.h,"[{""count"": ""6"", ""name"": ""LPTIM1, TIM1, TIM14, TIM16, TIM17, TIM3"", ""source_kind"": ""puya_device_header"", ""type"": ""Timer""}, {""count"": ""1"", ""name"": ""ADC1"", ""source_kind"": ""puya_device_header"", ""type"": ""ADCUnits""}, {""count"": ""0"", ""name"": ""Official header exact instance count"", ""source_kind"": ""puya_device_header"", ""type"": ""DAC""}, {""count"": ""2"", ""name"": ""SPI1, SPI2"", ""source_kind"": ""puya_device_header"", ""type"": ""SPI""}, {""count"": ""1"", ""name"": ""I2C1"", ""source_kind"": ""puya_device_header"", ""type"": ""I2C""}, {""count"": ""0"", ""name"": ""Official header exact instance count"", ""source_kind"": ""puya_device_header"", ""type"": ""I3C""}, {""count"": ""1"", ""name"": ""USART1"", ""source_kind"": ""puya_device_header"", ""type"": ""USART""}, {""count"": ""2"", ""name"": ""LPUART1, UART1"", ""source_kind"": ""puya_device_header"", ""type"": ""UART""}, {""count"": ""0"", ""name"": ""Official header exact instance count"", ""source_kind"": ""puya_device_header"", ""type"": ""CAN""}, {""count"": ""1"", ""name"": ""DMA1"", ""source_kind"": ""puya_device_header"", ""type"": ""DMA""}, {""count"": ""0"", ""name"": ""Official header exact instance count"", ""source_kind"": ""puya_device_header"", ""type"": ""RNG""}, {""count"": ""1"", ""name"": ""RTC"", ""source_kind"": ""puya_device_header"", ""type"": ""RTC""}, {""count"": ""2"", ""name"": ""IWDG, WWDG"", ""source_kind"": ""puya_device_header"", ""type"": ""WDT""}, {""count"": ""2"", ""name"": ""COMP1, COMP2"", ""source_kind"": ""puya_device_header"", ""type"": ""COMP""}, {""count"": ""0"", ""name"": ""Official header exact instance count"", ""source_kind"": ""puya_device_header"", ""type"": ""OPAMP""}]",2026-08-12T09:02:57+00:00,manufacturer_device_header
device,puya::py32f040x6,features_json,puya-device-header:PY32F0xx_DFP@1.2.8,https://www.puyasemi.com/uploadfiles/Puya.PY32F0xx_DFP.1.2.8.pack,https://www.puyasemi.com/uploadfiles/Puya.PY32F0xx_DFP.1.2.8.pack!/Drivers/CMSIS/Device/PY32F0xx/Include/py32f040x6.h,"[{""count"": ""10"", ""name"": ""LPTIM1, TIM1, TIM14, TIM15, TIM16, TIM17, TIM2, TIM3, TIM6, TIM7"", ""source_kind"": ""puya_device_header"", ""type"": ""Timer""}, {""count"": ""1"", ""name"": ""ADC1"", ""source_kind"": ""puya_device_header"", ""type"": ""ADCUnits""}, {""count"": ""0"", ""name"": ""Official header exact instance count"", ""source_kind"": ""puya_device_header"", ""type"": ""DAC""}, {""count"": ""2"", ""name"": ""SPI1, SPI2"", ""source_kind"": ""puya_device_header"", ""type"": ""SPI""}, {""count"": ""2"", ""name"": ""I2C1, I2C2"", ""source_kind"": ""puya_device_header"", ""type"": ""I2C""}, {""count"": ""0"", ""name"": ""Official header exact instance count"", ""source_kind"": ""puya_device_header"", ""type"": ""I3C""}, {""count"": ""4"", ""name"": ""USART1, USART2, USART3, USART4"", ""source_kind"": ""puya_device_header"", ""type"": ""USART""}, {""count"": ""0"", ""name"": ""Official header exact instance count"", ""source_kind"": ""puya_device_header"", ""type"": ""UART""}, {""count"": ""0"", ""name"": ""Official header exact instance count"", ""source_kind"": ""puya_device_header"", ""type"": ""CAN""}, {""count"": ""1"", ""name"": ""DMA1"", ""source_kind"": ""puya_device_header"", ""type"": ""DMA""}, {""count"": ""0"", ""name"": ""Official header exact instance count"", ""source_kind"": ""puya_device_header"", ""type"": ""RNG""}, {""count"": ""1"", ""name"": ""RTC"", ""source_kind"": ""puya_device_header"", ""type"": ""RTC""}, {""count"": ""2"", ""name"": ""IWDG, WWDG"", ""source_kind"": ""puya_device_header"", ""type"": ""WDT""}, {""count"": ""2"", ""name"": ""COMP1, COMP2"", ""source_kind"": ""puya_device_header"", ""type"": ""COMP""}, {""count"": ""0"", ""name"": ""Official header exact instance count"", ""source_kind"": ""puya_device_header"", ""type"": ""OPAMP""}]",2026-08-12T09:02:57+00:00,manufacturer_device_header
device,puya::py32f040x8,features_json,puya-device-header:PY32F0xx_DFP@1.2.8,https://www.puyasemi.com/uploadfiles/Puya.PY32F0xx_DFP.1.2.8.pack,https://www.puyasemi.com/uploadfiles/Puya.PY32F0xx_DFP.1.2.8.pack!/Drivers/CMSIS/Device/PY32F0xx/Include/py32f040x8.h,"[{""count"": ""10"", ""name"": ""LPTIM1, TIM1, TIM14, TIM15, TIM16, TIM17, TIM2, TIM3, TIM6, TIM7"", ""source_kind"": ""puya_device_header"", ""type"": ""Timer""}, {""count"": ""1"", ""name"": ""ADC1"", ""source_kind"": ""puya_device_header"", ""type"": ""ADCUnits""}, {""count"": ""0"", ""name"": ""Official header exact instance count"", ""source_kind"": ""puya_device_header"", ""type"": ""DAC""}, {""count"": ""2"", ""name"": ""SPI1, SPI2"", ""source_kind"": ""puya_device_header"", ""type"": ""SPI""}, {""count"": ""2"", ""name"": ""I2C1, I2C2"", ""source_kind"": ""puya_device_header"", ""type"": ""I2C""}, {""count"": ""0"", ""name"": ""Official header exact instance count"", ""source_kind"": ""puya_device_header"", ""type"": ""I3C""}, {""count"": ""4"", ""name"": ""USART1, USART2, USART3, USART4"", ""source_kind"": ""puya_device_header"", ""type"": ""USART""}, {""count"": ""0"", ""name"": ""Official header exact instance count"", ""source_kind"": ""puya_device_header"", ""type"": ""UART""}, {""count"": ""0"", ""name"": ""Official header exact instance count"", ""source_kind"": ""puya_device_header"", ""type"": ""CAN""}, {""count"": ""1"", ""name"": ""DMA1"", ""source_kind"": ""puya_device_header"", ""type"": ""DMA""}, {""count"": ""0"", ""name"": ""Official header exact instance count"", ""source_kind"": ""puya_device_header"", ""type"": ""RNG""}, {""count"": ""1"", ""name"": ""RTC"", ""source_kind"": ""puya_device_header"", ""type"": ""RTC""}, {""count"": ""2"", ""name"": ""IWDG, WWDG"", ""source_kind"": ""puya_device_header"", ""type"": ""WDT""}, {""count"": ""2"", ""name"": ""COMP1, COMP2"", ""source_kind"": ""puya_device_header"", ""type"": ""COMP""}, {""count"": ""0"", ""name"": ""Official header exact instance count"", ""source_kind"": ""puya_device_header"", ""type"": ""OPAMP""}]",2026-08-12T09:02:57+00:00,manufacturer_device_header
device,puya::py32f040x9,features_json,puya-device-header:PY32F0xx_DFP@1.2.8,https://www.puyasemi.com/uploadfiles/Puya.PY32F0xx_DFP.1.2.8.pack,https://www.puyasemi.com/uploadfiles/Puya.PY32F0xx_DFP.1.2.8.pack!/Drivers/CMSIS/Device/PY32F0xx/Include/py32f040x9.h,"[{""count"": ""10"", ""name"": ""LPTIM1, TIM1, TIM14, TIM15, TIM16, TIM17, TIM2, TIM3, TIM6, TIM7"", ""source_kind"": ""puya_device_header"", ""type"": ""Timer""}, {""count"": ""1"", ""name"": ""ADC1"", ""source_kind"": ""puya_device_header"", ""type"": ""ADCUnits""}, {""count"": ""0"", ""name"": ""Official header exact instance count"", ""source_kind"": ""puya_device_header"", ""type"": ""DAC""}, {""count"": ""2"", ""name"": ""SPI1, SPI2"", ""source_kind"": ""puya_device_header"", ""type"": ""SPI""}, {""count"": ""2"", ""name"": ""I2C1, I2C2"", ""source_kind"": ""puya_device_header"", ""type"": ""I2C""}, {""count"": ""0"", ""name"": ""Official header exact instance count"", ""source_kind"": ""puya_device_header"", ""type"": ""I3C""}, {""count"": ""4"", ""name"": ""USART1, USART2, USART3, USART4"", ""source_kind"": ""puya_device_header"", ""type"": ""USART""}, {""count"": ""0"", ""name"": ""Official header exact instance count"", ""source_kind"": ""puya_device_header"", ""type"": ""UART""}, {""count"": ""0"", ""name"": ""Official header exact instance count"", ""source_kind"": ""puya_device_header"", ""type"": ""CAN""}, {""count"": ""1"", ""name"": ""DMA1"", ""source_kind"": ""puya_device_header"", ""type"": ""DMA""}, {""count"": ""0"", ""name"": ""Official header exact instance count"", ""source_kind"": ""puya_device_header"", ""type"": ""RNG""}, {""count"": ""1"", ""name"": ""RTC"", ""source_kind"": ""puya_device_header"", ""type"": ""RTC""}, {""count"": ""2"", ""name"": ""IWDG, WWDG"", ""source_kind"": ""puya_device_header"", ""type"": ""WDT""}, {""count"": ""2"", ""name"": ""COMP1, COMP2"", ""source_kind"": ""puya_device_header"", ""type"": ""COMP""}, {""count"": ""0"", ""name"": ""Official header exact instance count"", ""source_kind"": ""puya_device_header"", ""type"": ""OPAMP""}]",2026-08-12T09:02:57+00:00,manufacturer_device_header
device,puya::py32f040xb,features_json,puya-device-header:PY32F0xx_DFP@1.2.8,https://www.puyasemi.com/uploadfiles/Puya.PY32F0xx_DFP.1.2.8.pack,https://www.puyasemi.com/uploadfiles/Puya.PY32F0xx_DFP.1.2.8.pack!/Drivers/CMSIS/Device/PY32F0xx/Include/py32f040xB.h,"[{""count"": ""10"", ""name"": ""LPTIM1, TIM1, TIM14, TIM15, TIM16, TIM17, TIM2, TIM3, TIM6, TIM7"", ""source_kind"": ""puya_device_header"", ""type"": ""Timer""}, {""count"": ""1"", ""name"": ""ADC1"", ""source_kind"": ""puya_device_header"", ""type"": ""ADCUnits""}, {""count"": ""0"", ""name"": ""Official header exact instance count"", ""source_kind"": ""puya_device_header"", ""type"": ""DAC""}, {""count"": ""2"", ""name"": ""SPI1, SPI2"", ""source_kind"": ""puya_device_header"", ""type"": ""SPI""}, {""count"": ""2"", ""name"": ""I2C1, I2C2"", ""source_kind"": ""puya_device_header"", ""type"": ""I2C""}, {""count"": ""0"", ""name"": ""Official header exact instance count"", ""source_kind"": ""puya_device_header"", ""type"": ""I3C""}, {""count"": ""4"", ""name"": ""USART1, USART2, USART3, USART4"", ""source_kind"": ""puya_device_header"", ""type"": ""USART""}, {""count"": ""0"", ""name"": ""Official header exact instance count"", ""source_kind"": ""puya_device_header"", ""type"": ""UART""}, {""count"": ""0"", ""name"": ""Official header exact instance count"", ""source_kind"": ""puya_device_header"", ""type"": ""CAN""}, {""count"": ""1"", ""name"": ""DMA1"", ""source_kind"": ""puya_device_header"", ""type"": ""DMA""}, {""count"": ""0"", ""name"": ""Official header exact instance count"", ""source_kind"": ""puya_device_header"", ""type"": ""RNG""}, {""count"": ""1"", ""name"": ""RTC"", ""source_kind"": ""puya_device_header"", ""type"": ""RTC""}, {""count"": ""2"", ""name"": ""IWDG, WWDG"", ""source_kind"": ""puya_device_header"", ""type"": ""WDT""}, {""count"": ""2"", ""name"": ""COMP1, COMP2"", ""source_kind"": ""puya_device_header"", ""type"": ""COMP""}, {""count"": ""0"", ""name"": ""Official header exact instance count"", ""source_kind"": ""puya_device_header"", ""type"": ""OPAMP""}]",2026-08-12T09:02:57+00:00,manufacturer_device_header
device,puya::py32f040cx6,features_json,puya-device-header:PY32F0xx_DFP@1.2.8,https://www.puyasemi.com/uploadfiles/Puya.PY32F0xx_DFP.1.2.8.pack,https://www.puyasemi.com/uploadfiles/Puya.PY32F0xx_DFP.1.2.8.pack!/Drivers/CMSIS/Device/PY32F0xx/Include/py32f040cx6.h,"[{""count"": ""10"", ""name"": ""LPTIM1, TIM1, TIM14, TIM15, TIM16, TIM17, TIM2, TIM3, TIM6, TIM7"", ""source_kind"": ""puya_device_header"", ""type"": ""Timer""}, {""count"": ""1"", ""name"": ""ADC1"", ""source_kind"": ""puya_device_header"", ""type"": ""ADCUnits""}, {""count"": ""0"", ""name"": ""Official header exact instance count"", ""source_kind"": ""puya_device_header"", ""type"": ""DAC""}, {""count"": ""2"", ""name"": ""SPI1, SPI2"", ""source_kind"": ""puya_device_header"", ""type"": ""SPI""}, {""count"": ""2"", ""name"": ""I2C1, I2C2"", ""source_kind"": ""puya_device_header"", ""type"": ""I2C""}, {""count"": ""0"", ""name"": ""Official header exact instance count"", ""source_kind"": ""puya_device_header"", ""type"": ""I3C""}, {""count"": ""4"", ""name"": ""USART1, USART2, USART3, USART4"", ""source_kind"": ""puya_device_header"", ""type"": ""USART""}, {""count"": ""0"", ""name"": ""Official header exact instance count"", ""source_kind"": ""puya_device_header"", ""type"": ""UART""}, {""count"": ""0"", ""name"": ""Official header exact instance count"", ""source_kind"": ""puya_device_header"", ""type"": ""CAN""}, {""count"": ""1"", ""name"": ""DMA1"", ""source_kind"": ""puya_device_header"", ""type"": ""DMA""}, {""count"": ""0"", ""name"": ""Official header exact instance count"", ""source_kind"": ""puya_device_header"", ""type"": ""RNG""}, {""count"": ""1"", ""name"": ""RTC"", ""source_kind"": ""puya_device_header"", ""type"": ""RTC""}, {""count"": ""2"", ""name"": ""IWDG, WWDG"", ""source_kind"": ""puya_device_header"", ""type"": ""WDT""}, {""count"": ""2"", ""name"": ""COMP1, COMP2"", ""source_kind"": ""puya_device_header"", ""type"": ""COMP""}, {""count"": ""0"", ""name"": ""Official header exact instance count"", ""source_kind"": ""puya_device_header"", ""type"": ""OPAMP""}]",2026-08-12T09:02:57+00:00,manufacturer_device_header
device,puya::py32f040cx8,features_json,puya-device-header:PY32F0xx_DFP@1.2.8,https://www.puyasemi.com/uploadfiles/Puya.PY32F0xx_DFP.1.2.8.pack,https://www.puyasemi.com/uploadfiles/Puya.PY32F0xx_DFP.1.2.8.pack!/Drivers/CMSIS/Device/PY32F0xx/Include/py32f040cx8.h,"[{""count"": ""10"", ""name"": ""LPTIM1, TIM1, TIM14, TIM15, TIM16, TIM17, TIM2, TIM3, TIM6, TIM7"", ""source_kind"": ""puya_device_header"", ""type"": ""Timer""}, {""count"": ""1"", ""name"": ""ADC1"", ""source_kind"": ""puya_device_header"", ""type"": ""ADCUnits""}, {""count"": ""0"", ""name"": ""Official header exact instance count"", ""source_kind"": ""puya_device_header"", ""type"": ""DAC""}, {""count"": ""2"", ""name"": ""SPI1, SPI2"", ""source_kind"": ""puya_device_header"", ""type"": ""SPI""}, {""count"": ""2"", ""name"": ""I2C1, I2C2"", ""source_kind"": ""puya_device_header"", ""type"": ""I2C""}, {""count"": ""0"", ""name"": ""Official header exact instance count"", ""source_kind"": ""puya_device_header"", ""type"": ""I3C""}, {""count"": ""4"", ""name"": ""USART1, USART2, USART3, USART4"", ""source_kind"": ""puya_device_header"", ""type"": ""USART""}, {""count"": ""0"", ""name"": ""Official header exact instance count"", ""source_kind"": ""puya_device_header"", ""type"": ""UART""}, {""count"": ""0"", ""name"": ""Official header exact instance count"", ""source_kind"": ""puya_device_header"", ""type"": ""CAN""}, {""count"": ""1"", ""name"": ""DMA1"", ""source_kind"": ""puya_device_header"", ""type"": ""DMA""}, {""count"": ""0"", ""name"": ""Official header exact instance count"", ""source_kind"": ""puya_device_header"", ""type"": ""RNG""}, {""count"": ""1"", ""name"": ""RTC"", ""source_kind"": ""puya_device_header"", ""type"": ""RTC""}, {""count"": ""2"", ""name"": ""IWDG, WWDG"", ""source_kind"": ""puya_device_header"", ""type"": ""WDT""}, {""count"": ""2"", ""name"": ""COMP1, COMP2"", ""source_kind"": ""puya_device_header"", ""type"": ""COMP""}, {""count"": ""0"", ""name"": ""Official header exact instance count"", ""source_kind"": ""puya_device_header"", ""type"": ""OPAMP""}]",2026-08-12T09:02:57+00:00,manufacturer_device_header
device,puya::py32f040cx9,features_json,puya-device-header:PY32F0xx_DFP@1.2.8,https://www.puyasemi.com/uploadfiles/Puya.PY32F0xx_DFP.1.2.8.pack,https://www.puyasemi.com/uploadfiles/Puya.PY32F0xx_DFP.1.2.8.pack!/Drivers/CMSIS/Device/PY32F0xx/Include/py32f040cx9.h,"[{""count"": ""10"", ""name"": ""LPTIM1, TIM1, TIM14, TIM15, TIM16, TIM17, TIM2, TIM3, TIM6, TIM7"", ""source_kind"": ""puya_device_header"", ""type"": ""Timer""}, {""count"": ""1"", ""name"": ""ADC1"", ""source_kind"": ""puya_device_header"", ""type"": ""ADCUnits""}, {""count"": ""0"", ""name"": ""Official header exact instance count"", ""source_kind"": ""puya_device_header"", ""type"": ""DAC""}, {""count"": ""2"", ""name"": ""SPI1, SPI2"", ""source_kind"": ""puya_device_header"", ""type"": ""SPI""}, {""count"": ""2"", ""name"": ""I2C1, I2C2"", ""source_kind"": ""puya_device_header"", ""type"": ""I2C""}, {""count"": ""0"", ""name"": ""Official header exact instance count"", ""source_kind"": ""puya_device_header"", ""type"": ""I3C""}, {""count"": ""4"", ""name"": ""USART1, USART2, USART3, USART4"", ""source_kind"": ""puya_device_header"", ""type"": ""USART""}, {""count"": ""0"", ""name"": ""Official header exact instance count"", ""source_kind"": ""puya_device_header"", ""type"": ""UART""}, {""count"": ""0"", ""name"": ""Official header exact instance count"", ""source_kind"": ""puya_device_header"", ""type"": ""CAN""}, {""count"": ""1"", ""name"": ""DMA1"", ""source_kind"": ""puya_device_header"", ""type"": ""DMA""}, {""count"": ""0"", ""name"": ""Official header exact instance count"", ""source_kind"": ""puya_device_header"", ""type"": ""RNG""}, {""count"": ""1"", ""name"": ""RTC"", ""source_kind"": ""puya_device_header"", ""type"": ""RTC""}, {""count"": ""2"", ""name"": ""IWDG, WWDG"", ""source_kind"": ""puya_device_header"", ""type"": ""WDT""}, {""count"": ""2"", ""name"": ""COMP1, COMP2"", ""source_kind"": ""puya_device_header"", ""type"": ""COMP""}, {""count"": ""0"", ""name"": ""Official header exact instance count"", ""source_kind"": ""puya_device_header"", ""type"": ""OPAMP""}]",2026-08-12T09:02:57+00:00,manufacturer_device_header
device,puya::py32f040cxb,features_json,puya-device-header:PY32F0xx_DFP@1.2.8,https://www.puyasemi.com/uploadfiles/Puya.PY32F0xx_DFP.1.2.8.pack,https://www.puyasemi.com/uploadfiles/Puya.PY32F0xx_DFP.1.2.8.pack!/Drivers/CMSIS/Device/PY32F0xx/Include/py32f040cxB.h,"[{""count"": ""10"", ""name"": ""LPTIM1, TIM1, TIM14, TIM15, TIM16, TIM17, TIM2, TIM3, TIM6, TIM7"", ""source_kind"": ""puya_device_header"", ""type"": ""Timer""}, {""count"": ""1"", ""name"": ""ADC1"", ""source_kind"": ""puya_device_header"", ""type"": ""ADCUnits""}, {""count"": ""0"", ""name"": ""Official header exact instance count"", ""source_kind"": ""puya_device_header"", ""type"": ""DAC""}, {""count"": ""2"", ""name"": ""SPI1, SPI2"", ""source_kind"": ""puya_device_header"", ""type"": ""SPI""}, {""count"": ""2"", ""name"": ""I2C1, I2C2"", ""source_kind"": ""puya_device_header"", ""type"": ""I2C""}, {""count"": ""0"", ""name"": ""Official header exact instance count"", ""source_kind"": ""puya_device_header"", ""type"": ""I3C""}, {""count"": ""4"", ""name"": ""USART1, USART2, USART3, USART4"", ""source_kind"": ""puya_device_header"", ""type"": ""USART""}, {""count"": ""0"", ""name"": ""Official header exact instance count"", ""source_kind"": ""puya_device_header"", ""type"": ""UART""}, {""count"": ""0"", ""name"": ""Official header exact instance count"", ""source_kind"": ""puya_device_header"", ""type"": ""CAN""}, {""count"": ""1"", ""name"": ""DMA1"", ""source_kind"": ""puya_device_header"", ""type"": ""DMA""}, {""count"": ""0"", ""name"": ""Official header exact instance count"", ""source_kind"": ""puya_device_header"", ""type"": ""RNG""}, {""count"": ""1"", ""name"": ""RTC"", ""source_kind"": ""puya_device_header"", ""type"": ""RTC""}, {""count"": ""2"", ""name"": ""IWDG, WWDG"", ""source_kind"": ""puya_device_header"", ""type"": ""WDT""}, {""count"": ""2"", ""name"": ""COMP1, COMP2"", ""source_kind"": ""puya_device_header"", ""type"": ""COMP""}, {""count"": ""0"", ""name"": ""Official header exact instance count"", ""source_kind"": ""puya_device_header"", ""type"": ""OPAMP""}]",2026-08-12T09:02:57+00:00,manufacturer_device_header
device,puya::py32f040ex6,features_json,puya-device-header:PY32F0xx_DFP@1.2.8,https://www.puyasemi.com/uploadfiles/Puya.PY32F0xx_DFP.1.2.8.pack,https://www.puyasemi.com/uploadfiles/Puya.PY32F0xx_DFP.1.2.8.pack!/Drivers/CMSIS/Device/PY32F0xx/Include/py32f040ex6.h,"[{""count"": ""10"", ""name"": ""LPTIM1, TIM1, TIM14, TIM15, TIM16, TIM17, TIM2, TIM3, TIM6, TIM7"", ""source_kind"": ""puya_device_header"", ""type"": ""Timer""}, {""count"": ""1"", ""name"": ""ADC1"", ""source_kind"": ""puya_device_header"", ""type"": ""ADCUnits""}, {""count"": ""0"", ""name"": ""Official header exact instance count"", ""source_kind"": ""puya_device_header"", ""type"": ""DAC""}, {""count"": ""2"", ""name"": ""SPI1, SPI2"", ""source_kind"": ""puya_device_header"", ""type"": ""SPI""}, {""count"": ""2"", ""name"": ""I2C1, I2C2"", ""source_kind"": ""puya_device_header"", ""type"": ""I2C""}, {""count"": ""0"", ""name"": ""Official header exact instance count"", ""source_kind"": ""puya_device_header"", ""type"": ""I3C""}, {""count"": ""4"", ""name"": ""USART1, USART2, USART3, USART4"", ""source_kind"": ""puya_device_header"", ""type"": ""USART""}, {""count"": ""0"", ""name"": ""Official header exact instance count"", ""source_kind"": ""puya_device_header"", ""type"": ""UART""}, {""count"": ""0"", ""name"": ""Official header exact instance count"", ""source_kind"": ""puya_device_header"", ""type"": ""CAN""}, {""count"": ""1"", ""name"": ""DMA1"", ""source_kind"": ""puya_device_header"", ""type"": ""DMA""}, {""count"": ""0"", ""name"": ""Official header exact instance count"", ""source_kind"": ""puya_device_header"", ""type"": ""RNG""}, {""count"": ""1"", ""name"": ""RTC"", ""source_kind"": ""puya_device_header"", ""type"": ""RTC""}, {""count"": ""2"", ""name"": ""IWDG, WWDG"", ""source_kind"": ""puya_device_header"", ""type"": ""WDT""}, {""count"": ""2"", ""name"": ""COMP1, COMP2"", ""source_kind"": ""puya_device_header"", ""type"": ""COMP""}, {""count"": ""0"", ""name"": ""Official header exact instance count"", ""source_kind"": ""puya_device_header"", ""type"": ""OPAMP""}]",2026-08-12T09:02:57+00:00,manufacturer_device_header
device,puya::py32f040ex8,features_json,puya-device-header:PY32F0xx_DFP@1.2.8,https://www.puyasemi.com/uploadfiles/Puya.PY32F0xx_DFP.1.2.8.pack,https://www.puyasemi.com/uploadfiles/Puya.PY32F0xx_DFP.1.2.8.pack!/Drivers/CMSIS/Device/PY32F0xx/Include/py32f040ex8.h,"[{""count"": ""10"", ""name"": ""LPTIM1, TIM1, TIM14, TIM15, TIM16, TIM17, TIM2, TIM3, TIM6, TIM7"", ""source_kind"": ""puya_device_header"", ""type"": ""Timer""}, {""count"": ""1"", ""name"": ""ADC1"", ""source_kind"": ""puya_device_header"", ""type"": ""ADCUnits""}, {""count"": ""0"", ""name"": ""Official header exact instance count"", ""source_kind"": ""puya_device_header"", ""type"": ""DAC""}, {""count"": ""2"", ""name"": ""SPI1, SPI2"", ""source_kind"": ""puya_device_header"", ""type"": ""SPI""}, {""count"": ""2"", ""name"": ""I2C1, I2C2"", ""source_kind"": ""puya_device_header"", ""type"": ""I2C""}, {""count"": ""0"", ""name"": ""Official header exact instance count"", ""source_kind"": ""puya_device_header"", ""type"": ""I3C""}, {""count"": ""4"", ""name"": ""USART1, USART2, USART3, USART4"", ""source_kind"": ""puya_device_header"", ""type"": ""USART""}, {""count"": ""0"", ""name"": ""Official header exact instance count"", ""source_kind"": ""puya_device_header"", ""type"": ""UART""}, {""count"": ""0"", ""name"": ""Official header exact instance count"", ""source_kind"": ""puya_device_header"", ""type"": ""CAN""}, {""count"": ""1"", ""name"": ""DMA1"", ""source_kind"": ""puya_device_header"", ""type"": ""DMA""}, {""count"": ""0"", ""name"": ""Official header exact instance count"", ""source_kind"": ""puya_device_header"", ""type"": ""RNG""}, {""count"": ""1"", ""name"": ""RTC"", ""source_kind"": ""puya_device_header"", ""type"": ""RTC""}, {""count"": ""2"", ""name"": ""IWDG, WWDG"", ""source_kind"": ""puya_device_header"", ""type"": ""WDT""}, {""count"": ""2"", ""name"": ""COMP1, COMP2"", ""source_kind"": ""puya_device_header"", ""type"": ""COMP""}, {""count"": ""0"", ""name"": ""Official header exact instance count"", ""source_kind"": ""puya_device_header"", ""type"": ""OPAMP""}]",2026-08-12T09:02:57+00:00,manufacturer_device_header
device,puya::py32f040ex9,features_json,puya-device-header:PY32F0xx_DFP@1.2.8,https://www.puyasemi.com/uploadfiles/Puya.PY32F0xx_DFP.1.2.8.pack,https://www.puyasemi.com/uploadfiles/Puya.PY32F0xx_DFP.1.2.8.pack!/Drivers/CMSIS/Device/PY32F0xx/Include/py32f040ex9.h,"[{""count"": ""10"", ""name"": ""LPTIM1, TIM1, TIM14, TIM15, TIM16, TIM17, TIM2, TIM3, TIM6, TIM7"", ""source_kind"": ""puya_device_header"", ""type"": ""Timer""}, {""count"": ""1"", ""name"": ""ADC1"", ""source_kind"": ""puya_device_header"", ""type"": ""ADCUnits""}, {""count"": ""0"", ""name"": ""Official header exact instance count"", ""source_kind"": ""puya_device_header"", ""type"": ""DAC""}, {""count"": ""2"", ""name"": ""SPI1, SPI2"", ""source_kind"": ""puya_device_header"", ""type"": ""SPI""}, {""count"": ""2"", ""name"": ""I2C1, I2C2"", ""source_kind"": ""puya_device_header"", ""type"": ""I2C""}, {""count"": ""0"", ""name"": ""Official header exact instance count"", ""source_kind"": ""puya_device_header"", ""type"": ""I3C""}, {""count"": ""4"", ""name"": ""USART1, USART2, USART3, USART4"", ""source_kind"": ""puya_device_header"", ""type"": ""USART""}, {""count"": ""0"", ""name"": ""Official header exact instance count"", ""source_kind"": ""puya_device_header"", ""type"": ""UART""}, {""count"": ""0"", ""name"": ""Official header exact instance count"", ""source_kind"": ""puya_device_header"", ""type"": ""CAN""}, {""count"": ""1"", ""name"": ""DMA1"", ""source_kind"": ""puya_device_header"", ""type"": ""DMA""}, {""count"": ""0"", ""name"": ""Official header exact instance count"", ""source_kind"": ""puya_device_header"", ""type"": ""RNG""}, {""count"": ""1"", ""name"": ""RTC"", ""source_kind"": ""puya_device_header"", ""type"": ""RTC""}, {""count"": ""2"", ""name"": ""IWDG, WWDG"", ""source_kind"": ""puya_device_header"", ""type"": ""WDT""}, {""count"": ""2"", ""name"": ""COMP1, COMP2"", ""source_kind"": ""puya_device_header"", ""type"": ""COMP""}, {""count"": ""0"", ""name"": ""Official header exact instance count"", ""source_kind"": ""puya_device_header"", ""type"": ""OPAMP""}]",2026-08-12T09:02:57+00:00,manufacturer_device_header
device,puya::py32f040exb,features_json,puya-device-header:PY32F0xx_DFP@1.2.8,https://www.puyasemi.com/uploadfiles/Puya.PY32F0xx_DFP.1.2.8.pack,https://www.puyasemi.com/uploadfiles/Puya.PY32F0xx_DFP.1.2.8.pack!/Drivers/CMSIS/Device/PY32F0xx/Include/py32f040exB.h,"[{""count"": ""10"", ""name"": ""LPTIM1, TIM1, TIM14, TIM15, TIM16, TIM17, TIM2, TIM3, TIM6, TIM7"", ""source_kind"": ""puya_device_header"", ""type"": ""Timer""}, {""count"": ""1"", ""name"": ""ADC1"", ""source_kind"": ""puya_device_header"", ""type"": ""ADCUnits""}, {""count"": ""0"", ""name"": ""Official header exact instance count"", ""source_kind"": ""puya_device_header"", ""type"": ""DAC""}, {""count"": ""2"", ""name"": ""SPI1, SPI2"", ""source_kind"": ""puya_device_header"", ""type"": ""SPI""}, {""count"": ""2"", ""name"": ""I2C1, I2C2"", ""source_kind"": ""puya_device_header"", ""type"": ""I2C""}, {""count"": ""0"", ""name"": ""Official header exact instance count"", ""source_kind"": ""puya_device_header"", ""type"": ""I3C""}, {""count"": ""4"", ""name"": ""USART1, USART2, USART3, USART4"", ""source_kind"": ""puya_device_header"", ""type"": ""USART""}, {""count"": ""0"", ""name"": ""Official header exact instance count"", ""source_kind"": ""puya_device_header"", ""type"": ""UART""}, {""count"": ""0"", ""name"": ""Official header exact instance count"", ""source_kind"": ""puya_device_header"", ""type"": ""CAN""}, {""count"": ""1"", ""name"": ""DMA1"", ""source_kind"": ""puya_device_header"", ""type"": ""DMA""}, {""count"": ""0"", ""name"": ""Official header exact instance count"", ""source_kind"": ""puya_device_header"", ""type"": ""RNG""}, {""count"": ""1"", ""name"": ""RTC"", ""source_kind"": ""puya_device_header"", ""type"": ""RTC""}, {""count"": ""2"", ""name"": ""IWDG, WWDG"", ""source_kind"": ""puya_device_header"", ""type"": ""WDT""}, {""count"": ""2"", ""name"": ""COMP1, COMP2"", ""source_kind"": ""puya_device_header"", ""type"": ""COMP""}, {""count"": ""0"", ""name"": ""Official header exact instance count"", ""source_kind"": ""puya_device_header"", ""type"": ""OPAMP""}]",2026-08-12T09:02:57+00:00,manufacturer_device_header
device,puya::py32f040epxb,features_json,puya-device-header:PY32F0xx_DFP@1.2.8,https://www.puyasemi.com/uploadfiles/Puya.PY32F0xx_DFP.1.2.8.pack,https://www.puyasemi.com/uploadfiles/Puya.PY32F0xx_DFP.1.2.8.pack!/Drivers/CMSIS/Device/PY32F0xx/Include/py32f040epxB.h,"[{""count"": ""10"", ""name"": ""LPTIM1, TIM1, TIM14, TIM15, TIM16, TIM17, TIM2, TIM3, TIM6, TIM7"", ""source_kind"": ""puya_device_header"", ""type"": ""Timer""}, {""count"": ""1"", ""name"": ""ADC1"", ""source_kind"": ""puya_device_header"", ""type"": ""ADCUnits""}, {""count"": ""0"", ""name"": ""Official header exact instance count"", ""source_kind"": ""puya_device_header"", ""type"": ""DAC""}, {""count"": ""2"", ""name"": ""SPI1, SPI2"", ""source_kind"": ""puya_device_header"", ""type"": ""SPI""}, {""count"": ""2"", ""name"": ""I2C1, I2C2"", ""source_kind"": ""puya_device_header"", ""type"": ""I2C""}, {""count"": ""0"", ""name"": ""Official header exact instance count"", ""source_kind"": ""puya_device_header"", ""type"": ""I3C""}, {""count"": ""4"", ""name"": ""USART1, USART2, USART3, USART4"", ""source_kind"": ""puya_device_header"", ""type"": ""USART""}, {""count"": ""0"", ""name"": ""Official header exact instance count"", ""source_kind"": ""puya_device_header"", ""type"": ""UART""}, {""count"": ""0"", ""name"": ""Official header exact instance count"", ""source_kind"": ""puya_device_header"", ""type"": ""CAN""}, {""count"": ""1"", ""name"": ""DMA1"", ""source_kind"": ""puya_device_header"", ""type"": ""DMA""}, {""count"": ""0"", ""name"": ""Official header exact instance count"", ""source_kind"": ""puya_device_header"", ""type"": ""RNG""}, {""count"": ""1"", ""name"": ""RTC"", ""source_kind"": ""puya_device_header"", ""type"": ""RTC""}, {""count"": ""2"", ""name"": ""IWDG, WWDG"", ""source_kind"": ""puya_device_header"", ""type"": ""WDT""}, {""count"": ""2"", ""name"": ""COMP1, COMP2"", ""source_kind"": ""puya_device_header"", ""type"": ""COMP""}, {""count"": ""0"", ""name"": ""Official header exact instance count"", ""source_kind"": ""puya_device_header"", ""type"": ""OPAMP""}]",2026-08-12T09:02:57+00:00,manufacturer_device_header
device,puya::py32f071x6,features_json,puya-device-header:PY32F0xx_DFP@1.2.8,https://www.puyasemi.com/uploadfiles/Puya.PY32F0xx_DFP.1.2.8.pack,https://www.puyasemi.com/uploadfiles/Puya.PY32F0xx_DFP.1.2.8.pack!/Drivers/CMSIS/Device/PY32F0xx/Include/py32f071x6.h,"[{""count"": ""10"", ""name"": ""LPTIM1, TIM1, TIM14, TIM15, TIM16, TIM17, TIM2, TIM3, TIM6, TIM7"", ""source_kind"": ""puya_device_header"", ""type"": ""Timer""}, {""count"": ""1"", ""name"": ""ADC1"", ""source_kind"": ""puya_device_header"", ""type"": ""ADCUnits""}, {""count"": ""1"", ""name"": ""DAC1"", ""source_kind"": ""puya_device_header"", ""type"": ""DAC""}, {""count"": ""2"", ""name"": ""SPI1, SPI2"", ""source_kind"": ""puya_device_header"", ""type"": ""SPI""}, {""count"": ""2"", ""name"": ""I2C1, I2C2"", ""source_kind"": ""puya_device_header"", ""type"": ""I2C""}, {""count"": ""0"", ""name"": ""Official header exact instance count"", ""source_kind"": ""puya_device_header"", ""type"": ""I3C""}, {""count"": ""4"", ""name"": ""USART1, USART2, USART3, USART4"", ""source_kind"": ""puya_device_header"", ""type"": ""USART""}, {""count"": ""0"", ""name"": ""Official header exact instance count"", ""source_kind"": ""puya_device_header"", ""type"": ""UART""}, {""count"": ""0"", ""name"": ""Official header exact instance count"", ""source_kind"": ""puya_device_header"", ""type"": ""CAN""}, {""count"": ""1"", ""name"": ""DMA1"", ""source_kind"": ""puya_device_header"", ""type"": ""DMA""}, {""count"": ""0"", ""name"": ""Official header exact instance count"", ""source_kind"": ""puya_device_header"", ""type"": ""RNG""}, {""count"": ""1"", ""name"": ""RTC"", ""source_kind"": ""puya_device_header"", ""type"": ""RTC""}, {""count"": ""2"", ""name"": ""IWDG, WWDG"", ""source_kind"": ""puya_device_header"", ""type"": ""WDT""}, {""count"": ""3"", ""name"": ""COMP1, COMP2, COMP3"", ""source_kind"": ""puya_device_header"", ""type"": ""COMP""}, {""count"": ""0"", ""name"": ""Official header exact instance count"", ""source_kind"": ""puya_device_header"", ""type"": ""OPAMP""}]",2026-08-12T09:02:57+00:00,manufacturer_device_header
device,puya::py32f071x8,features_json,puya-device-header:PY32F0xx_DFP@1.2.8,https://www.puyasemi.com/uploadfiles/Puya.PY32F0xx_DFP.1.2.8.pack,https://www.puyasemi.com/uploadfiles/Puya.PY32F0xx_DFP.1.2.8.pack!/Drivers/CMSIS/Device/PY32F0xx/Include/py32f071x8.h,"[{""count"": ""10"", ""name"": ""LPTIM1, TIM1, TIM14, TIM15, TIM16, TIM17, TIM2, TIM3, TIM6, TIM7"", ""source_kind"": ""puya_device_header"", ""type"": ""Timer""}, {""count"": ""1"", ""name"": ""ADC1"", ""source_kind"": ""puya_device_header"", ""type"": ""ADCUnits""}, {""count"": ""1"", ""name"": ""DAC1"", ""source_kind"": ""puya_device_header"", ""type"": ""DAC""}, {""count"": ""2"", ""name"": ""SPI1, SPI2"", ""source_kind"": ""puya_device_header"", ""type"": ""SPI""}, {""count"": ""2"", ""name"": ""I2C1, I2C2"", ""source_kind"": ""puya_device_header"", ""type"": ""I2C""}, {""count"": ""0"", ""name"": ""Official header exact instance count"", ""source_kind"": ""puya_device_header"", ""type"": ""I3C""}, {""count"": ""4"", ""name"": ""USART1, USART2, USART3, USART4"", ""source_kind"": ""puya_device_header"", ""type"": ""USART""}, {""count"": ""0"", ""name"": ""Official header exact instance count"", ""source_kind"": ""puya_device_header"", ""type"": ""UART""}, {""count"": ""0"", ""name"": ""Official header exact instance count"", ""source_kind"": ""puya_device_header"", ""type"": ""CAN""}, {""count"": ""1"", ""name"": ""DMA1"", ""source_kind"": ""puya_device_header"", ""type"": ""DMA""}, {""count"": ""0"", ""name"": ""Official header exact instance count"", ""source_kind"": ""puya_device_header"", ""type"": ""RNG""}, {""count"": ""1"", ""name"": ""RTC"", ""source_kind"": ""puya_device_header"", ""type"": ""RTC""}, {""count"": ""2"", ""name"": ""IWDG, WWDG"", ""source_kind"": ""puya_device_header"", ""type"": ""WDT""}, {""count"": ""3"", ""name"": ""COMP1, COMP2, COMP3"", ""source_kind"": ""puya_device_header"", ""type"": ""COMP""}, {""count"": ""0"", ""name"": ""Official header exact instance count"", ""source_kind"": ""puya_device_header"", ""type"": ""OPAMP""}]",2026-08-12T09:02:57+00:00,manufacturer_device_header
device,puya::py32f071x9,features_json,puya-device-header:PY32F0xx_DFP@1.2.8,https://www.puyasemi.com/uploadfiles/Puya.PY32F0xx_DFP.1.2.8.pack,https://www.puyasemi.com/uploadfiles/Puya.PY32F0xx_DFP.1.2.8.pack!/Drivers/CMSIS/Device/PY32F0xx/Include/py32f071x9.h,"[{""count"": ""10"", ""name"": ""LPTIM1, TIM1, TIM14, TIM15, TIM16, TIM17, TIM2, TIM3, TIM6, TIM7"", ""source_kind"": ""puya_device_header"", ""type"": ""Timer""}, {""count"": ""1"", ""name"": ""ADC1"", ""source_kind"": ""puya_device_header"", ""type"": ""ADCUnits""}, {""count"": ""1"", ""name"": ""DAC1"", ""source_kind"": ""puya_device_header"", ""type"": ""DAC""}, {""count"": ""2"", ""name"": ""SPI1, SPI2"", ""source_kind"": ""puya_device_header"", ""type"": ""SPI""}, {""count"": ""2"", ""name"": ""I2C1, I2C2"", ""source_kind"": ""puya_device_header"", ""type"": ""I2C""}, {""count"": ""0"", ""name"": ""Official header exact instance count"", ""source_kind"": ""puya_device_header"", ""type"": ""I3C""}, {""count"": ""4"", ""name"": ""USART1, USART2, USART3, USART4"", ""source_kind"": ""puya_device_header"", ""type"": ""USART""}, {""count"": ""0"", ""name"": ""Official header exact instance count"", ""source_kind"": ""puya_device_header"", ""type"": ""UART""}, {""count"": ""0"", ""name"": ""Official header exact instance count"", ""source_kind"": ""puya_device_header"", ""type"": ""CAN""}, {""count"": ""1"", ""name"": ""DMA1"", ""source_kind"": ""puya_device_header"", ""type"": ""DMA""}, {""count"": ""0"", ""name"": ""Official header exact instance count"", ""source_kind"": ""puya_device_header"", ""type"": ""RNG""}, {""count"": ""1"", ""name"": ""RTC"", ""source_kind"": ""puya_device_header"", ""type"": ""RTC""}, {""count"": ""2"", ""name"": ""IWDG, WWDG"", ""source_kind"": ""puya_device_header"", ""type"": ""WDT""}, {""count"": ""3"", ""name"": ""COMP1, COMP2, COMP3"", ""source_kind"": ""puya_device_header"", ""type"": ""COMP""}, {""count"": ""0"", ""name"": ""Official header exact instance count"", ""source_kind"": ""puya_device_header"", ""type"": ""OPAMP""}]",2026-08-12T09:02:57+00:00,manufacturer_device_header
device,puya::py32f071xb,features_json,puya-device-header:PY32F0xx_DFP@1.2.8,https://www.puyasemi.com/uploadfiles/Puya.PY32F0xx_DFP.1.2.8.pack,https://www.puyasemi.com/uploadfiles/Puya.PY32F0xx_DFP.1.2.8.pack!/Drivers/CMSIS/Device/PY32F0xx/Include/py32f071xB.h,"[{""count"": ""10"", ""name"": ""LPTIM1, TIM1, TIM14, TIM15, TIM16, TIM17, TIM2, TIM3, TIM6, TIM7"", ""source_kind"": ""puya_device_header"", ""type"": ""Timer""}, {""count"": ""1"", ""name"": ""ADC1"", ""source_kind"": ""puya_device_header"", ""type"": ""ADCUnits""}, {""count"": ""1"", ""name"": ""DAC1"", ""source_kind"": ""puya_device_header"", ""type"": ""DAC""}, {""count"": ""2"", ""name"": ""SPI1, SPI2"", ""source_kind"": ""puya_device_header"", ""type"": ""SPI""}, {""count"": ""2"", ""name"": ""I2C1, I2C2"", ""source_kind"": ""puya_device_header"", ""type"": ""I2C""}, {""count"": ""0"", ""name"": ""Official header exact instance count"", ""source_kind"": ""puya_device_header"", ""type"": ""I3C""}, {""count"": ""4"", ""name"": ""USART1, USART2, USART3, USART4"", ""source_kind"": ""puya_device_header"", ""type"": ""USART""}, {""count"": ""0"", ""name"": ""Official header exact instance count"", ""source_kind"": ""puya_device_header"", ""type"": ""UART""}, {""count"": ""0"", ""name"": ""Official header exact instance count"", ""source_kind"": ""puya_device_header"", ""type"": ""CAN""}, {""count"": ""1"", ""name"": ""DMA1"", ""source_kind"": ""puya_device_header"", ""type"": ""DMA""}, {""count"": ""0"", ""name"": ""Official header exact instance count"", ""source_kind"": ""puya_device_header"", ""type"": ""RNG""}, {""count"": ""1"", ""name"": ""RTC"", ""source_kind"": ""puya_device_header"", ""type"": ""RTC""}, {""count"": ""2"", ""name"": ""IWDG, WWDG"", ""source_kind"": ""puya_device_header"", ""type"": ""WDT""}, {""count"": ""3"", ""name"": ""COMP1, COMP2, COMP3"", ""source_kind"": ""puya_device_header"", ""type"": ""COMP""}, {""count"": ""0"", ""name"": ""Official header exact instance count"", ""source_kind"": ""puya_device_header"", ""type"": ""OPAMP""}]",2026-08-12T09:02:57+00:00,manufacturer_device_header
device,puya::py32f071cx6,features_json,puya-device-header:PY32F0xx_DFP@1.2.8,https://www.puyasemi.com/uploadfiles/Puya.PY32F0xx_DFP.1.2.8.pack,https://www.puyasemi.com/uploadfiles/Puya.PY32F0xx_DFP.1.2.8.pack!/Drivers/CMSIS/Device/PY32F0xx/Include/py32f071cx6.h,"[{""count"": ""10"", ""name"": ""LPTIM1, TIM1, TIM14, TIM15, TIM16, TIM17, TIM2, TIM3, TIM6, TIM7"", ""source_kind"": ""puya_device_header"", ""type"": ""Timer""}, {""count"": ""1"", ""name"": ""ADC1"", ""source_kind"": ""puya_device_header"", ""type"": ""ADCUnits""}, {""count"": ""1"", ""name"": ""DAC1"", ""source_kind"": ""puya_device_header"", ""type"": ""DAC""}, {""count"": ""2"", ""name"": ""SPI1, SPI2"", ""source_kind"": ""puya_device_header"", ""type"": ""SPI""}, {""count"": ""2"", ""name"": ""I2C1, I2C2"", ""source_kind"": ""puya_device_header"", ""type"": ""I2C""}, {""count"": ""0"", ""name"": ""Official header exact instance count"", ""source_kind"": ""puya_device_header"", ""type"": ""I3C""}, {""count"": ""4"", ""name"": ""USART1, USART2, USART3, USART4"", ""source_kind"": ""puya_device_header"", ""type"": ""USART""}, {""count"": ""0"", ""name"": ""Official header exact instance count"", ""source_kind"": ""puya_device_header"", ""type"": ""UART""}, {""count"": ""0"", ""name"": ""Official header exact instance count"", ""source_kind"": ""puya_device_header"", ""type"": ""CAN""}, {""count"": ""1"", ""name"": ""DMA1"", ""source_kind"": ""puya_device_header"", ""type"": ""DMA""}, {""count"": ""0"", ""name"": ""Official header exact instance count"", ""source_kind"": ""puya_device_header"", ""type"": ""RNG""}, {""count"": ""1"", ""name"": ""RTC"", ""source_kind"": ""puya_device_header"", ""type"": ""RTC""}, {""count"": ""2"", ""name"": ""IWDG, WWDG"", ""source_kind"": ""puya_device_header"", ""type"": ""WDT""}, {""count"": ""3"", ""name"": ""COMP1, COMP2, COMP3"", ""source_kind"": ""puya_device_header"", ""type"": ""COMP""}, {""count"": ""0"", ""name"": ""Official header exact instance count"", ""source_kind"": ""puya_device_header"", ""type"": ""OPAMP""}]",2026-08-12T09:02:57+00:00,manufacturer_device_header
device,puya::py32f071cx8,features_json,puya-device-header:PY32F0xx_DFP@1.2.8,https://www.puyasemi.com/uploadfiles/Puya.PY32F0xx_DFP.1.2.8.pack,https://www.puyasemi.com/uploadfiles/Puya.PY32F0xx_DFP.1.2.8.pack!/Drivers/CMSIS/Device/PY32F0xx/Include/py32f071cx8.h,"[{""count"": ""10"", ""name"": ""LPTIM1, TIM1, TIM14, TIM15, TIM16, TIM17, TIM2, TIM3, TIM6, TIM7"", ""source_kind"": ""puya_device_header"", ""type"": ""Timer""}, {""count"": ""1"", ""name"": ""ADC1"", ""source_kind"": ""puya_device_header"", ""type"": ""ADCUnits""}, {""count"": ""1"", ""name"": ""DAC1"", ""source_kind"": ""puya_device_header"", ""type"": ""DAC""}, {""count"": ""2"", ""name"": ""SPI1, SPI2"", ""source_kind"": ""puya_device_header"", ""type"": ""SPI""}, {""count"": ""2"", ""name"": ""I2C1, I2C2"", ""source_kind"": ""puya_device_header"", ""type"": ""I2C""}, {""count"": ""0"", ""name"": ""Official header exact instance count"", ""source_kind"": ""puya_device_header"", ""type"": ""I3C""}, {""count"": ""4"", ""name"": ""USART1, USART2, USART3, USART4"", ""source_kind"": ""puya_device_header"", ""type"": ""USART""}, {""count"": ""0"", ""name"": ""Official header exact instance count"", ""source_kind"": ""puya_device_header"", ""type"": ""UART""}, {""count"": ""0"", ""name"": ""Official header exact instance count"", ""source_kind"": ""puya_device_header"", ""type"": ""CAN""}, {""count"": ""1"", ""name"": ""DMA1"", ""source_kind"": ""puya_device_header"", ""type"": ""DMA""}, {""count"": ""0"", ""name"": ""Official header exact instance count"", ""source_kind"": ""puya_device_header"", ""type"": ""RNG""}, {""count"": ""1"", ""name"": ""RTC"", ""source_kind"": ""puya_device_header"", ""type"": ""RTC""}, {""count"": ""2"", ""name"": ""IWDG, WWDG"", ""source_kind"": ""puya_device_header"", ""type"": ""WDT""}, {""count"": ""3"", ""name"": ""COMP1, COMP2, COMP3"", ""source_kind"": ""puya_device_header"", ""type"": ""COMP""}, {""count"": ""0"", ""name"": ""Official header exact instance count"", ""source_kind"": ""puya_device_header"", ""type"": ""OPAMP""}]",2026-08-12T09:02:57+00:00,manufacturer_device_header
device,puya::py32f071cx9,features_json,puya-device-header:PY32F0xx_DFP@1.2.8,https://www.puyasemi.com/uploadfiles/Puya.PY32F0xx_DFP.1.2.8.pack,https://www.puyasemi.com/uploadfiles/Puya.PY32F0xx_DFP.1.2.8.pack!/Drivers/CMSIS/Device/PY32F0xx/Include/py32f071cx9.h,"[{""count"": ""10"", ""name"": ""LPTIM1, TIM1, TIM14, TIM15, TIM16, TIM17, TIM2, TIM3, TIM6, TIM7"", ""source_kind"": ""puya_device_header"", ""type"": ""Timer""}, {""count"": ""1"", ""name"": ""ADC1"", ""source_kind"": ""puya_device_header"", ""type"": ""ADCUnits""}, {""count"": ""1"", ""name"": ""DAC1"", ""source_kind"": ""puya_device_header"", ""type"": ""DAC""}, {""count"": ""2"", ""name"": ""SPI1, SPI2"", ""source_kind"": ""puya_device_header"", ""type"": ""SPI""}, {""count"": ""2"", ""name"": ""I2C1, I2C2"", ""source_kind"": ""puya_device_header"", ""type"": ""I2C""}, {""count"": ""0"", ""name"": ""Official header exact instance count"", ""source_kind"": ""puya_device_header"", ""type"": ""I3C""}, {""count"": ""4"", ""name"": ""USART1, USART2, USART3, USART4"", ""source_kind"": ""puya_device_header"", ""type"": ""USART""}, {""count"": ""0"", ""name"": ""Official header exact instance count"", ""source_kind"": ""puya_device_header"", ""type"": ""UART""}, {""count"": ""0"", ""name"": ""Official header exact instance count"", ""source_kind"": ""puya_device_header"", ""type"": ""CAN""}, {""count"": ""1"", ""name"": ""DMA1"", ""source_kind"": ""puya_device_header"", ""type"": ""DMA""}, {""count"": ""0"", ""name"": ""Official header exact instance count"", ""source_kind"": ""puya_device_header"", ""type"": ""RNG""}, {""count"": ""1"", ""name"": ""RTC"", ""source_kind"": ""puya_device_header"", ""type"": ""RTC""}, {""count"": ""2"", ""name"": ""IWDG, WWDG"", ""source_kind"": ""puya_device_header"", ""type"": ""WDT""}, {""count"": ""3"", ""name"": ""COMP1, COMP2, COMP3"", ""source_kind"": ""puya_device_header"", ""type"": ""COMP""}, {""count"": ""0"", ""name"": ""Official header exact instance count"", ""source_kind"": ""puya_device_header"", ""type"": ""OPAMP""}]",2026-08-12T09:02:57+00:00,manufacturer_device_header
device,puya::py32f071cxb,features_json,puya-device-header:PY32F0xx_DFP@1.2.8,https://www.puyasemi.com/uploadfiles/Puya.PY32F0xx_DFP.1.2.8.pack,https://www.puyasemi.com/uploadfiles/Puya.PY32F0xx_DFP.1.2.8.pack!/Drivers/CMSIS/Device/PY32F0xx/Include/py32f071cxB.h,"[{""count"": ""10"", ""name"": ""LPTIM1, TIM1, TIM14, TIM15, TIM16, TIM17, TIM2, TIM3, TIM6, TIM7"", ""source_kind"": ""puya_device_header"", ""type"": ""Timer""}, {""count"": ""1"", ""name"": ""ADC1"", ""source_kind"": ""puya_device_header"", ""type"": ""ADCUnits""}, {""count"": ""1"", ""name"": ""DAC1"", ""source_kind"": ""puya_device_header"", ""type"": ""DAC""}, {""count"": ""2"", ""name"": ""SPI1, SPI2"", ""source_kind"": ""puya_device_header"", ""type"": ""SPI""}, {""count"": ""2"", ""name"": ""I2C1, I2C2"", ""source_kind"": ""puya_device_header"", ""type"": ""I2C""}, {""count"": ""0"", ""name"": ""Official header exact instance count"", ""source_kind"": ""puya_device_header"", ""type"": ""I3C""}, {""count"": ""4"", ""name"": ""USART1, USART2, USART3, USART4"", ""source_kind"": ""puya_device_header"", ""type"": ""USART""}, {""count"": ""0"", ""name"": ""Official header exact instance count"", ""source_kind"": ""puya_device_header"", ""type"": ""UART""}, {""count"": ""0"", ""name"": ""Official header exact instance count"", ""source_kind"": ""puya_device_header"", ""type"": ""CAN""}, {""count"": ""1"", ""name"": ""DMA1"", ""source_kind"": ""puya_device_header"", ""type"": ""DMA""}, {""count"": ""0"", ""name"": ""Official header exact instance count"", ""source_kind"": ""puya_device_header"", ""type"": ""RNG""}, {""count"": ""1"", ""name"": ""RTC"", ""source_kind"": ""puya_device_header"", ""type"": ""RTC""}, {""count"": ""2"", ""name"": ""IWDG, WWDG"", ""source_kind"": ""puya_device_header"", ""type"": ""WDT""}, {""count"": ""3"", ""name"": ""COMP1, COMP2, COMP3"", ""source_kind"": ""puya_device_header"", ""type"": ""COMP""}, {""count"": ""0"", ""name"": ""Official header exact instance count"", ""source_kind"": ""puya_device_header"", ""type"": ""OPAMP""}]",2026-08-12T09:02:57+00:00,manufacturer_device_header
device,puya::py32f071ex6,features_json,puya-device-header:PY32F0xx_DFP@1.2.8,https://www.puyasemi.com/uploadfiles/Puya.PY32F0xx_DFP.1.2.8.pack,https://www.puyasemi.com/uploadfiles/Puya.PY32F0xx_DFP.1.2.8.pack!/Drivers/CMSIS/Device/PY32F0xx/Include/py32f071ex6 .h,"[{""count"": ""10"", ""name"": ""LPTIM1, TIM1, TIM14, TIM15, TIM16, TIM17, TIM2, TIM3, TIM6, TIM7"", ""source_kind"": ""puya_device_header"", ""type"": ""Timer""}, {""count"": ""1"", ""name"": ""ADC1"", ""source_kind"": ""puya_device_header"", ""type"": ""ADCUnits""}, {""count"": ""1"", ""name"": ""DAC1"", ""source_kind"": ""puya_device_header"", ""type"": ""DAC""}, {""count"": ""2"", ""name"": ""SPI1, SPI2"", ""source_kind"": ""puya_device_header"", ""type"": ""SPI""}, {""count"": ""2"", ""name"": ""I2C1, I2C2"", ""source_kind"": ""puya_device_header"", ""type"": ""I2C""}, {""count"": ""0"", ""name"": ""Official header exact instance count"", ""source_kind"": ""puya_device_header"", ""type"": ""I3C""}, {""count"": ""4"", ""name"": ""USART1, USART2, USART3, USART4"", ""source_kind"": ""puya_device_header"", ""type"": ""USART""}, {""count"": ""0"", ""name"": ""Official header exact instance count"", ""source_kind"": ""puya_device_header"", ""type"": ""UART""}, {""count"": ""0"", ""name"": ""Official header exact instance count"", ""source_kind"": ""puya_device_header"", ""type"": ""CAN""}, {""count"": ""1"", ""name"": ""DMA1"", ""source_kind"": ""puya_device_header"", ""type"": ""DMA""}, {""count"": ""0"", ""name"": ""Official header exact instance count"", ""source_kind"": ""puya_device_header"", ""type"": ""RNG""}, {""count"": ""1"", ""name"": ""RTC"", ""source_kind"": ""puya_device_header"", ""type"": ""RTC""}, {""count"": ""2"", ""name"": ""IWDG, WWDG"", ""source_kind"": ""puya_device_header"", ""type"": ""WDT""}, {""count"": ""3"", ""name"": ""COMP1, COMP2, COMP3"", ""source_kind"": ""puya_device_header"", ""type"": ""COMP""}, {""count"": ""0"", ""name"": ""Official header exact instance count"", ""source_kind"": ""puya_device_header"", ""type"": ""OPAMP""}]",2026-08-12T09:02:57+00:00,manufacturer_device_header
device,puya::py32f071ex8,features_json,puya-device-header:PY32F0xx_DFP@1.2.8,https://www.puyasemi.com/uploadfiles/Puya.PY32F0xx_DFP.1.2.8.pack,https://www.puyasemi.com/uploadfiles/Puya.PY32F0xx_DFP.1.2.8.pack!/Drivers/CMSIS/Device/PY32F0xx/Include/py32f071ex8.h,"[{""count"": ""10"", ""name"": ""LPTIM1, TIM1, TIM14, TIM15, TIM16, TIM17, TIM2, TIM3, TIM6, TIM7"", ""source_kind"": ""puya_device_header"", ""type"": ""Timer""}, {""count"": ""1"", ""name"": ""ADC1"", ""source_kind"": ""puya_device_header"", ""type"": ""ADCUnits""}, {""count"": ""1"", ""name"": ""DAC1"", ""source_kind"": ""puya_device_header"", ""type"": ""DAC""}, {""count"": ""2"", ""name"": ""SPI1, SPI2"", ""source_kind"": ""puya_device_header"", ""type"": ""SPI""}, {""count"": ""2"", ""name"": ""I2C1, I2C2"", ""source_kind"": ""puya_device_header"", ""type"": ""I2C""}, {""count"": ""0"", ""name"": ""Official header exact instance count"", ""source_kind"": ""puya_device_header"", ""type"": ""I3C""}, {""count"": ""4"", ""name"": ""USART1, USART2, USART3, USART4"", ""source_kind"": ""puya_device_header"", ""type"": ""USART""}, {""count"": ""0"", ""name"": ""Official header exact instance count"", ""source_kind"": ""puya_device_header"", ""type"": ""UART""}, {""count"": ""0"", ""name"": ""Official header exact instance count"", ""source_kind"": ""puya_device_header"", ""type"": ""CAN""}, {""count"": ""1"", ""name"": ""DMA1"", ""source_kind"": ""puya_device_header"", ""type"": ""DMA""}, {""count"": ""0"", ""name"": ""Official header exact instance count"", ""source_kind"": ""puya_device_header"", ""type"": ""RNG""}, {""count"": ""1"", ""name"": ""RTC"", ""source_kind"": ""puya_device_header"", ""type"": ""RTC""}, {""count"": ""2"", ""name"": ""IWDG, WWDG"", ""source_kind"": ""puya_device_header"", ""type"": ""WDT""}, {""count"": ""3"", ""name"": ""COMP1, COMP2, COMP3"", ""source_kind"": ""puya_device_header"", ""type"": ""COMP""}, {""count"": ""0"", ""name"": ""Official header exact instance count"", ""source_kind"": ""puya_device_header"", ""type"": ""OPAMP""}]",2026-08-12T09:02:57+00:00,manufacturer_device_header
device,puya::py32f071ex9,features_json,puya-device-header:PY32F0xx_DFP@1.2.8,https://www.puyasemi.com/uploadfiles/Puya.PY32F0xx_DFP.1.2.8.pack,https://www.puyasemi.com/uploadfiles/Puya.PY32F0xx_DFP.1.2.8.pack!/Drivers/CMSIS/Device/PY32F0xx/Include/py32f071ex9.h,"[{""count"": ""10"", ""name"": ""LPTIM1, TIM1, TIM14, TIM15, TIM16, TIM17, TIM2, TIM3, TIM6, TIM7"", ""source_kind"": ""puya_device_header"", ""type"": ""Timer""}, {""count"": ""1"", ""name"": ""ADC1"", ""source_kind"": ""puya_device_header"", ""type"": ""ADCUnits""}, {""count"": ""1"", ""name"": ""DAC1"", ""source_kind"": ""puya_device_header"", ""type"": ""DAC""}, {""count"": ""2"", ""name"": ""SPI1, SPI2"", ""source_kind"": ""puya_device_header"", ""type"": ""SPI""}, {""count"": ""2"", ""name"": ""I2C1, I2C2"", ""source_kind"": ""puya_device_header"", ""type"": ""I2C""}, {""count"": ""0"", ""name"": ""Official header exact instance count"", ""source_kind"": ""puya_device_header"", ""type"": ""I3C""}, {""count"": ""4"", ""name"": ""USART1, USART2, USART3, USART4"", ""source_kind"": ""puya_device_header"", ""type"": ""USART""}, {""count"": ""0"", ""name"": ""Official header exact instance count"", ""source_kind"": ""puya_device_header"", ""type"": ""UART""}, {""count"": ""0"", ""name"": ""Official header exact instance count"", ""source_kind"": ""puya_device_header"", ""type"": ""CAN""}, {""count"": ""1"", ""name"": ""DMA1"", ""source_kind"": ""puya_device_header"", ""type"": ""DMA""}, {""count"": ""0"", ""name"": ""Official header exact instance count"", ""source_kind"": ""puya_device_header"", ""type"": ""RNG""}, {""count"": ""1"", ""name"": ""RTC"", ""source_kind"": ""puya_device_header"", ""type"": ""RTC""}, {""count"": ""2"", ""name"": ""IWDG, WWDG"", ""source_kind"": ""puya_device_header"", ""type"": ""WDT""}, {""count"": ""3"", ""name"": ""COMP1, COMP2, COMP3"", ""source_kind"": ""puya_device_header"", ""type"": ""COMP""}, {""count"": ""0"", ""name"": ""Official header exact instance count"", ""source_kind"": ""puya_device_header"", ""type"": ""OPAMP""}]",2026-08-12T09:02:57+00:00,manufacturer_device_header
device,puya::py32f071exb,features_json,puya-device-header:PY32F0xx_DFP@1.2.8,https://www.puyasemi.com/uploadfiles/Puya.PY32F0xx_DFP.1.2.8.pack,https://www.puyasemi.com/uploadfiles/Puya.PY32F0xx_DFP.1.2.8.pack!/Drivers/CMSIS/Device/PY32F0xx/Include/py32f071exB.h,"[{""count"": ""10"", ""name"": ""LPTIM1, TIM1, TIM14, TIM15, TIM16, TIM17, TIM2, TIM3, TIM6, TIM7"", ""source_kind"": ""puya_device_header"", ""type"": ""Timer""}, {""count"": ""1"", ""name"": ""ADC1"", ""source_kind"": ""puya_device_header"", ""type"": ""ADCUnits""}, {""count"": ""1"", ""name"": ""DAC1"", ""source_kind"": ""puya_device_header"", ""type"": ""DAC""}, {""count"": ""2"", ""name"": ""SPI1, SPI2"", ""source_kind"": ""puya_device_header"", ""type"": ""SPI""}, {""count"": ""2"", ""name"": ""I2C1, I2C2"", ""source_kind"": ""puya_device_header"", ""type"": ""I2C""}, {""count"": ""0"", ""name"": ""Official header exact instance count"", ""source_kind"": ""puya_device_header"", ""type"": ""I3C""}, {""count"": ""4"", ""name"": ""USART1, USART2, USART3, USART4"", ""source_kind"": ""puya_device_header"", ""type"": ""USART""}, {""count"": ""0"", ""name"": ""Official header exact instance count"", ""source_kind"": ""puya_device_header"", ""type"": ""UART""}, {""count"": ""0"", ""name"": ""Official header exact instance count"", ""source_kind"": ""puya_device_header"", ""type"": ""CAN""}, {""count"": ""1"", ""name"": ""DMA1"", ""source_kind"": ""puya_device_header"", ""type"": ""DMA""}, {""count"": ""0"", ""name"": ""Official header exact instance count"", ""source_kind"": ""puya_device_header"", ""type"": ""RNG""}, {""count"": ""1"", ""name"": ""RTC"", ""source_kind"": ""puya_device_header"", ""type"": ""RTC""}, {""count"": ""2"", ""name"": ""IWDG, WWDG"", ""source_kind"": ""puya_device_header"", ""type"": ""WDT""}, {""count"": ""3"", ""name"": ""COMP1, COMP2, COMP3"", ""source_kind"": ""puya_device_header"", ""type"": ""COMP""}, {""count"": ""0"", ""name"": ""Official header exact instance count"", ""source_kind"": ""puya_device_header"", ""type"": ""OPAMP""}]",2026-08-12T09:02:57+00:00,manufacturer_device_header
device,puya::py32f072x6,features_json,puya-device-header:PY32F0xx_DFP@1.2.8,https://www.puyasemi.com/uploadfiles/Puya.PY32F0xx_DFP.1.2.8.pack,https://www.puyasemi.com/uploadfiles/Puya.PY32F0xx_DFP.1.2.8.pack!/Drivers/CMSIS/Device/PY32F0xx/Include/py32f072x6.h,"[{""count"": ""10"", ""name"": ""LPTIM1, TIM1, TIM14, TIM15, TIM16, TIM17, TIM2, TIM3, TIM6, TIM7"", ""source_kind"": ""puya_device_header"", ""type"": ""Timer""}, {""count"": ""1"", ""name"": ""ADC1"", ""source_kind"": ""puya_device_header"", ""type"": ""ADCUnits""}, {""count"": ""1"", ""name"": ""DAC1"", ""source_kind"": ""puya_device_header"", ""type"": ""DAC""}, {""count"": ""2"", ""name"": ""SPI1, SPI2"", ""source_kind"": ""puya_device_header"", ""type"": ""SPI""}, {""count"": ""2"", ""name"": ""I2C1, I2C2"", ""source_kind"": ""puya_device_header"", ""type"": ""I2C""}, {""count"": ""0"", ""name"": ""Official header exact instance count"", ""source_kind"": ""puya_device_header"", ""type"": ""I3C""}, {""count"": ""4"", ""name"": ""USART1, USART2, USART3, USART4"", ""source_kind"": ""puya_device_header"", ""type"": ""USART""}, {""count"": ""0"", ""name"": ""Official header exact instance count"", ""source_kind"": ""puya_device_header"", ""type"": ""UART""}, {""count"": ""1"", ""name"": ""CAN1"", ""source_kind"": ""puya_device_header"", ""type"": ""CAN""}, {""count"": ""1"", ""name"": ""DMA1"", ""source_kind"": ""puya_device_header"", ""type"": ""DMA""}, {""count"": ""0"", ""name"": ""Official header exact instance count"", ""source_kind"": ""puya_device_header"", ""type"": ""RNG""}, {""count"": ""1"", ""name"": ""RTC"", ""source_kind"": ""puya_device_header"", ""type"": ""RTC""}, {""count"": ""2"", ""name"": ""IWDG, WWDG"", ""source_kind"": ""puya_device_header"", ""type"": ""WDT""}, {""count"": ""3"", ""name"": ""COMP1, COMP2, COMP3"", ""source_kind"": ""puya_device_header"", ""type"": ""COMP""}, {""count"": ""0"", ""name"": ""Official header exact instance count"", ""source_kind"": ""puya_device_header"", ""type"": ""OPAMP""}]",2026-08-12T09:02:57+00:00,manufacturer_device_header
device,puya::py32f072x8,features_json,puya-device-header:PY32F0xx_DFP@1.2.8,https://www.puyasemi.com/uploadfiles/Puya.PY32F0xx_DFP.1.2.8.pack,https://www.puyasemi.com/uploadfiles/Puya.PY32F0xx_DFP.1.2.8.pack!/Drivers/CMSIS/Device/PY32F0xx/Include/py32f072x8.h,"[{""count"": ""10"", ""name"": ""LPTIM1, TIM1, TIM14, TIM15, TIM16, TIM17, TIM2, TIM3, TIM6, TIM7"", ""source_kind"": ""puya_device_header"", ""type"": ""Timer""}, {""count"": ""1"", ""name"": ""ADC1"", ""source_kind"": ""puya_device_header"", ""type"": ""ADCUnits""}, {""count"": ""1"", ""name"": ""DAC1"", ""source_kind"": ""puya_device_header"", ""type"": ""DAC""}, {""count"": ""2"", ""name"": ""SPI1, SPI2"", ""source_kind"": ""puya_device_header"", ""type"": ""SPI""}, {""count"": ""2"", ""name"": ""I2C1, I2C2"", ""source_kind"": ""puya_device_header"", ""type"": ""I2C""}, {""count"": ""0"", ""name"": ""Official header exact instance count"", ""source_kind"": ""puya_device_header"", ""type"": ""I3C""}, {""count"": ""4"", ""name"": ""USART1, USART2, USART3, USART4"", ""source_kind"": ""puya_device_header"", ""type"": ""USART""}, {""count"": ""0"", ""name"": ""Official header exact instance count"", ""source_kind"": ""puya_device_header"", ""type"": ""UART""}, {""count"": ""1"", ""name"": ""CAN1"", ""source_kind"": ""puya_device_header"", ""type"": ""CAN""}, {""count"": ""1"", ""name"": ""DMA1"", ""source_kind"": ""puya_device_header"", ""type"": ""DMA""}, {""count"": ""0"", ""name"": ""Official header exact instance count"", ""source_kind"": ""puya_device_header"", ""type"": ""RNG""}, {""count"": ""1"", ""name"": ""RTC"", ""source_kind"": ""puya_device_header"", ""type"": ""RTC""}, {""count"": ""2"", ""name"": ""IWDG, WWDG"", ""source_kind"": ""puya_device_header"", ""type"": ""WDT""}, {""count"": ""3"", ""name"": ""COMP1, COMP2, COMP3"", ""source_kind"": ""puya_device_header"", ""type"": ""COMP""}, {""count"": ""0"", ""name"": ""Official header exact instance count"", ""source_kind"": ""puya_device_header"", ""type"": ""OPAMP""}]",2026-08-12T09:02:57+00:00,manufacturer_device_header
device,puya::py32f072x9,features_json,puya-device-header:PY32F0xx_DFP@1.2.8,https://www.puyasemi.com/uploadfiles/Puya.PY32F0xx_DFP.1.2.8.pack,https://www.puyasemi.com/uploadfiles/Puya.PY32F0xx_DFP.1.2.8.pack!/Drivers/CMSIS/Device/PY32F0xx/Include/py32f072x9.h,"[{""count"": ""10"", ""name"": ""LPTIM1, TIM1, TIM14, TIM15, TIM16, TIM17, TIM2, TIM3, TIM6, TIM7"", ""source_kind"": ""puya_device_header"", ""type"": ""Timer""}, {""count"": ""1"", ""name"": ""ADC1"", ""source_kind"": ""puya_device_header"", ""type"": ""ADCUnits""}, {""count"": ""1"", ""name"": ""DAC1"", ""source_kind"": ""puya_device_header"", ""type"": ""DAC""}, {""count"": ""2"", ""name"": ""SPI1, SPI2"", ""source_kind"": ""puya_device_header"", ""type"": ""SPI""}, {""count"": ""2"", ""name"": ""I2C1, I2C2"", ""source_kind"": ""puya_device_header"", ""type"": ""I2C""}, {""count"": ""0"", ""name"": ""Official header exact instance count"", ""source_kind"": ""puya_device_header"", ""type"": ""I3C""}, {""count"": ""4"", ""name"": ""USART1, USART2, USART3, USART4"", ""source_kind"": ""puya_device_header"", ""type"": ""USART""}, {""count"": ""0"", ""name"": ""Official header exact instance count"", ""source_kind"": ""puya_device_header"", ""type"": ""UART""}, {""count"": ""1"", ""name"": ""CAN1"", ""source_kind"": ""puya_device_header"", ""type"": ""CAN""}, {""count"": ""1"", ""name"": ""DMA1"", ""source_kind"": ""puya_device_header"", ""type"": ""DMA""}, {""count"": ""0"", ""name"": ""Official header exact instance count"", ""source_kind"": ""puya_device_header"", ""type"": ""RNG""}, {""count"": ""1"", ""name"": ""RTC"", ""source_kind"": ""puya_device_header"", ""type"": ""RTC""}, {""count"": ""2"", ""name"": ""IWDG, WWDG"", ""source_kind"": ""puya_device_header"", ""type"": ""WDT""}, {""count"": ""3"", ""name"": ""COMP1, COMP2, COMP3"", ""source_kind"": ""puya_device_header"", ""type"": ""COMP""}, {""count"": ""0"", ""name"": ""Official header exact instance count"", ""source_kind"": ""puya_device_header"", ""type"": ""OPAMP""}]",2026-08-12T09:02:57+00:00,manufacturer_device_header
device,puya::py32f072xb,features_json,puya-device-header:PY32F0xx_DFP@1.2.8,https://www.puyasemi.com/uploadfiles/Puya.PY32F0xx_DFP.1.2.8.pack,https://www.puyasemi.com/uploadfiles/Puya.PY32F0xx_DFP.1.2.8.pack!/Drivers/CMSIS/Device/PY32F0xx/Include/py32f072xB.h,"[{""count"": ""10"", ""name"": ""LPTIM1, TIM1, TIM14, TIM15, TIM16, TIM17, TIM2, TIM3, TIM6, TIM7"", ""source_kind"": ""puya_device_header"", ""type"": ""Timer""}, {""count"": ""1"", ""name"": ""ADC1"", ""source_kind"": ""puya_device_header"", ""type"": ""ADCUnits""}, {""count"": ""1"", ""name"": ""DAC1"", ""source_kind"": ""puya_device_header"", ""type"": ""DAC""}, {""count"": ""2"", ""name"": ""SPI1, SPI2"", ""source_kind"": ""puya_device_header"", ""type"": ""SPI""}, {""count"": ""2"", ""name"": ""I2C1, I2C2"", ""source_kind"": ""puya_device_header"", ""type"": ""I2C""}, {""count"": ""0"", ""name"": ""Official header exact instance count"", ""source_kind"": ""puya_device_header"", ""type"": ""I3C""}, {""count"": ""4"", ""name"": ""USART1, USART2, USART3, USART4"", ""source_kind"": ""puya_device_header"", ""type"": ""USART""}, {""count"": ""0"", ""name"": ""Official header exact instance count"", ""source_kind"": ""puya_device_header"", ""type"": ""UART""}, {""count"": ""1"", ""name"": ""CAN1"", ""source_kind"": ""puya_device_header"", ""type"": ""CAN""}, {""count"": ""1"", ""name"": ""DMA1"", ""source_kind"": ""puya_device_header"", ""type"": ""DMA""}, {""count"": ""0"", ""name"": ""Official header exact instance count"", ""source_kind"": ""puya_device_header"", ""type"": ""RNG""}, {""count"": ""1"", ""name"": ""RTC"", ""source_kind"": ""puya_device_header"", ""type"": ""RTC""}, {""count"": ""2"", ""name"": ""IWDG, WWDG"", ""source_kind"": ""puya_device_header"", ""type"": ""WDT""}, {""count"": ""3"", ""name"": ""COMP1, COMP2, COMP3"", ""source_kind"": ""puya_device_header"", ""type"": ""COMP""}, {""count"": ""0"", ""name"": ""Official header exact instance count"", ""source_kind"": ""puya_device_header"", ""type"": ""OPAMP""}]",2026-08-12T09:02:57+00:00,manufacturer_device_header
device,puya::py32f072cx6,features_json,puya-device-header:PY32F0xx_DFP@1.2.8,https://www.puyasemi.com/uploadfiles/Puya.PY32F0xx_DFP.1.2.8.pack,https://www.puyasemi.com/uploadfiles/Puya.PY32F0xx_DFP.1.2.8.pack!/Drivers/CMSIS/Device/PY32F0xx/Include/py32f072cx6.h,"[{""count"": ""10"", ""name"": ""LPTIM1, TIM1, TIM14, TIM15, TIM16, TIM17, TIM2, TIM3, TIM6, TIM7"", ""source_kind"": ""puya_device_header"", ""type"": ""Timer""}, {""count"": ""1"", ""name"": ""ADC1"", ""source_kind"": ""puya_device_header"", ""type"": ""ADCUnits""}, {""count"": ""1"", ""name"": ""DAC1"", ""source_kind"": ""puya_device_header"", ""type"": ""DAC""}, {""count"": ""2"", ""name"": ""SPI1, SPI2"", ""source_kind"": ""puya_device_header"", ""type"": ""SPI""}, {""count"": ""2"", ""name"": ""I2C1, I2C2"", ""source_kind"": ""puya_device_header"", ""type"": ""I2C""}, {""count"": ""0"", ""name"": ""Official header exact instance count"", ""source_kind"": ""puya_device_header"", ""type"": ""I3C""}, {""count"": ""4"", ""name"": ""USART1, USART2, USART3, USART4"", ""source_kind"": ""puya_device_header"", ""type"": ""USART""}, {""count"": ""0"", ""name"": ""Official header exact instance count"", ""source_kind"": ""puya_device_header"", ""type"": ""UART""}, {""count"": ""1"", ""name"": ""CAN1"", ""source_kind"": ""puya_device_header"", ""type"": ""CAN""}, {""count"": ""1"", ""name"": ""DMA1"", ""source_kind"": ""puya_device_header"", ""type"": ""DMA""}, {""count"": ""0"", ""name"": ""Official header exact instance count"", ""source_kind"": ""puya_device_header"", ""type"": ""RNG""}, {""count"": ""1"", ""name"": ""RTC"", ""source_kind"": ""puya_device_header"", ""type"": ""RTC""}, {""count"": ""2"", ""name"": ""IWDG, WWDG"", ""source_kind"": ""puya_device_header"", ""type"": ""WDT""}, {""count"": ""3"", ""name"": ""COMP1, COMP2, COMP3"", ""source_kind"": ""puya_device_header"", ""type"": ""COMP""}, {""count"": ""0"", ""name"": ""Official header exact instance count"", ""source_kind"": ""puya_device_header"", ""type"": ""OPAMP""}]",2026-08-12T09:02:57+00:00,manufacturer_device_header
device,puya::py32f072cx8,features_json,puya-device-header:PY32F0xx_DFP@1.2.8,https://www.puyasemi.com/uploadfiles/Puya.PY32F0xx_DFP.1.2.8.pack,https://www.puyasemi.com/uploadfiles/Puya.PY32F0xx_DFP.1.2.8.pack!/Drivers/CMSIS/Device/PY32F0xx/Include/py32f072cx8.h,"[{""count"": ""10"", ""name"": ""LPTIM1, TIM1, TIM14, TIM15, TIM16, TIM17, TIM2, TIM3, TIM6, TIM7"", ""source_kind"": ""puya_device_header"", ""type"": ""Timer""}, {""count"": ""1"", ""name"": ""ADC1"", ""source_kind"": ""puya_device_header"", ""type"": ""ADCUnits""}, {""count"": ""1"", ""name"": ""DAC1"", ""source_kind"": ""puya_device_header"", ""type"": ""DAC""}, {""count"": ""2"", ""name"": ""SPI1, SPI2"", ""source_kind"": ""puya_device_header"", ""type"": ""SPI""}, {""count"": ""2"", ""name"": ""I2C1, I2C2"", ""source_kind"": ""puya_device_header"", ""type"": ""I2C""}, {""count"": ""0"", ""name"": ""Official header exact instance count"", ""source_kind"": ""puya_device_header"", ""type"": ""I3C""}, {""count"": ""4"", ""name"": ""USART1, USART2, USART3, USART4"", ""source_kind"": ""puya_device_header"", ""type"": ""USART""}, {""count"": ""0"", ""name"": ""Official header exact instance count"", ""source_kind"": ""puya_device_header"", ""type"": ""UART""}, {""count"": ""1"", ""name"": ""CAN1"", ""source_kind"": ""puya_device_header"", ""type"": ""CAN""}, {""count"": ""1"", ""name"": ""DMA1"", ""source_kind"": ""puya_device_header"", ""type"": ""DMA""}, {""count"": ""0"", ""name"": ""Official header exact instance count"", ""source_kind"": ""puya_device_header"", ""type"": ""RNG""}, {""count"": ""1"", ""name"": ""RTC"", ""source_kind"": ""puya_device_header"", ""type"": ""RTC""}, {""count"": ""2"", ""name"": ""IWDG, WWDG"", ""source_kind"": ""puya_device_header"", ""type"": ""WDT""}, {""count"": ""3"", ""name"": ""COMP1, COMP2, COMP3"", ""source_kind"": ""puya_device_header"", ""type"": ""COMP""}, {""count"": ""0"", ""name"": ""Official header exact instance count"", ""source_kind"": ""puya_device_header"", ""type"": ""OPAMP""}]",2026-08-12T09:02:57+00:00,manufacturer_device_header
device,puya::py32f072cx9,features_json,puya-device-header:PY32F0xx_DFP@1.2.8,https://www.puyasemi.com/uploadfiles/Puya.PY32F0xx_DFP.1.2.8.pack,https://www.puyasemi.com/uploadfiles/Puya.PY32F0xx_DFP.1.2.8.pack!/Drivers/CMSIS/Device/PY32F0xx/Include/py32f072cx9.h,"[{""count"": ""10"", ""name"": ""LPTIM1, TIM1, TIM14, TIM15, TIM16, TIM17, TIM2, TIM3, TIM6, TIM7"", ""source_kind"": ""puya_device_header"", ""type"": ""Timer""}, {""count"": ""1"", ""name"": ""ADC1"", ""source_kind"": ""puya_device_header"", ""type"": ""ADCUnits""}, {""count"": ""1"", ""name"": ""DAC1"", ""source_kind"": ""puya_device_header"", ""type"": ""DAC""}, {""count"": ""2"", ""name"": ""SPI1, SPI2"", ""source_kind"": ""puya_device_header"", ""type"": ""SPI""}, {""count"": ""2"", ""name"": ""I2C1, I2C2"", ""source_kind"": ""puya_device_header"", ""type"": ""I2C""}, {""count"": ""0"", ""name"": ""Official header exact instance count"", ""source_kind"": ""puya_device_header"", ""type"": ""I3C""}, {""count"": ""4"", ""name"": ""USART1, USART2, USART3, USART4"", ""source_kind"": ""puya_device_header"", ""type"": ""USART""}, {""count"": ""0"", ""name"": ""Official header exact instance count"", ""source_kind"": ""puya_device_header"", ""type"": ""UART""}, {""count"": ""1"", ""name"": ""CAN1"", ""source_kind"": ""puya_device_header"", ""type"": ""CAN""}, {""count"": ""1"", ""name"": ""DMA1"", ""source_kind"": ""puya_device_header"", ""type"": ""DMA""}, {""count"": ""0"", ""name"": ""Official header exact instance count"", ""source_kind"": ""puya_device_header"", ""type"": ""RNG""}, {""count"": ""1"", ""name"": ""RTC"", ""source_kind"": ""puya_device_header"", ""type"": ""RTC""}, {""count"": ""2"", ""name"": ""IWDG, WWDG"", ""source_kind"": ""puya_device_header"", ""type"": ""WDT""}, {""count"": ""3"", ""name"": ""COMP1, COMP2, COMP3"", ""source_kind"": ""puya_device_header"", ""type"": ""COMP""}, {""count"": ""0"", ""name"": ""Official header exact instance count"", ""source_kind"": ""puya_device_header"", ""type"": ""OPAMP""}]",2026-08-12T09:02:57+00:00,manufacturer_device_header
device,puya::py32f072cxb,features_json,puya-device-header:PY32F0xx_DFP@1.2.8,https://www.puyasemi.com/uploadfiles/Puya.PY32F0xx_DFP.1.2.8.pack,https://www.puyasemi.com/uploadfiles/Puya.PY32F0xx_DFP.1.2.8.pack!/Drivers/CMSIS/Device/PY32F0xx/Include/py32f072cxB.h,"[{""count"": ""10"", ""name"": ""LPTIM1, TIM1, TIM14, TIM15, TIM16, TIM17, TIM2, TIM3, TIM6, TIM7"", ""source_kind"": ""puya_device_header"", ""type"": ""Timer""}, {""count"": ""1"", ""name"": ""ADC1"", ""source_kind"": ""puya_device_header"", ""type"": ""ADCUnits""}, {""count"": ""1"", ""name"": ""DAC1"", ""source_kind"": ""puya_device_header"", ""type"": ""DAC""}, {""count"": ""2"", ""name"": ""SPI1, SPI2"", ""source_kind"": ""puya_device_header"", ""type"": ""SPI""}, {""count"": ""2"", ""name"": ""I2C1, I2C2"", ""source_kind"": ""puya_device_header"", ""type"": ""I2C""}, {""count"": ""0"", ""name"": ""Official header exact instance count"", ""source_kind"": ""puya_device_header"", ""type"": ""I3C""}, {""count"": ""4"", ""name"": ""USART1, USART2, USART3, USART4"", ""source_kind"": ""puya_device_header"", ""type"": ""USART""}, {""count"": ""0"", ""name"": ""Official header exact instance count"", ""source_kind"": ""puya_device_header"", ""type"": ""UART""}, {""count"": ""1"", ""name"": ""CAN1"", ""source_kind"": ""puya_device_header"", ""type"": ""CAN""}, {""count"": ""1"", ""name"": ""DMA1"", ""source_kind"": ""puya_device_header"", ""type"": ""DMA""}, {""count"": ""0"", ""name"": ""Official header exact instance count"", ""source_kind"": ""puya_device_header"", ""type"": ""RNG""}, {""count"": ""1"", ""name"": ""RTC"", ""source_kind"": ""puya_device_header"", ""type"": ""RTC""}, {""count"": ""2"", ""name"": ""IWDG, WWDG"", ""source_kind"": ""puya_device_header"", ""type"": ""WDT""}, {""count"": ""3"", ""name"": ""COMP1, COMP2, COMP3"", ""source_kind"": ""puya_device_header"", ""type"": ""COMP""}, {""count"": ""0"", ""name"": ""Official header exact instance count"", ""source_kind"": ""puya_device_header"", ""type"": ""OPAMP""}]",2026-08-12T09:02:57+00:00,manufacturer_device_header
device,puya::py32f072ex6,features_json,puya-device-header:PY32F0xx_DFP@1.2.8,https://www.puyasemi.com/uploadfiles/Puya.PY32F0xx_DFP.1.2.8.pack,https://www.puyasemi.com/uploadfiles/Puya.PY32F0xx_DFP.1.2.8.pack!/Drivers/CMSIS/Device/PY32F0xx/Include/py32f072ex6.h,"[{""count"": ""10"", ""name"": ""LPTIM1, TIM1, TIM14, TIM15, TIM16, TIM17, TIM2, TIM3, TIM6, TIM7"", ""source_kind"": ""puya_device_header"", ""type"": ""Timer""}, {""count"": ""1"", ""name"": ""ADC1"", ""source_kind"": ""puya_device_header"", ""type"": ""ADCUnits""}, {""count"": ""1"", ""name"": ""DAC1"", ""source_kind"": ""puya_device_header"", ""type"": ""DAC""}, {""count"": ""2"", ""name"": ""SPI1, SPI2"", ""source_kind"": ""puya_device_header"", ""type"": ""SPI""}, {""count"": ""2"", ""name"": ""I2C1, I2C2"", ""source_kind"": ""puya_device_header"", ""type"": ""I2C""}, {""count"": ""0"", ""name"": ""Official header exact instance count"", ""source_kind"": ""puya_device_header"", ""type"": ""I3C""}, {""count"": ""4"", ""name"": ""USART1, USART2, USART3, USART4"", ""source_kind"": ""puya_device_header"", ""type"": ""USART""}, {""count"": ""0"", ""name"": ""Official header exact instance count"", ""source_kind"": ""puya_device_header"", ""type"": ""UART""}, {""count"": ""1"", ""name"": ""CAN1"", ""source_kind"": ""puya_device_header"", ""type"": ""CAN""}, {""count"": ""1"", ""name"": ""DMA1"", ""source_kind"": ""puya_device_header"", ""type"": ""DMA""}, {""count"": ""0"", ""name"": ""Official header exact instance count"", ""source_kind"": ""puya_device_header"", ""type"": ""RNG""}, {""count"": ""1"", ""name"": ""RTC"", ""source_kind"": ""puya_device_header"", ""type"": ""RTC""}, {""count"": ""2"", ""name"": ""IWDG, WWDG"", ""source_kind"": ""puya_device_header"", ""type"": ""WDT""}, {""count"": ""3"", ""name"": ""COMP1, COMP2, COMP3"", ""source_kind"": ""puya_device_header"", ""type"": ""COMP""}, {""count"": ""0"", ""name"": ""Official header exact instance count"", ""source_kind"": ""puya_device_header"", ""type"": ""OPAMP""}]",2026-08-12T09:02:57+00:00,manufacturer_device_header
device,puya::py32f072ex8,features_json,puya-device-header:PY32F0xx_DFP@1.2.8,https://www.puyasemi.com/uploadfiles/Puya.PY32F0xx_DFP.1.2.8.pack,https://www.puyasemi.com/uploadfiles/Puya.PY32F0xx_DFP.1.2.8.pack!/Drivers/CMSIS/Device/PY32F0xx/Include/py32f072ex8.h,"[{""count"": ""10"", ""name"": ""LPTIM1, TIM1, TIM14, TIM15, TIM16, TIM17, TIM2, TIM3, TIM6, TIM7"", ""source_kind"": ""puya_device_header"", ""type"": ""Timer""}, {""count"": ""1"", ""name"": ""ADC1"", ""source_kind"": ""puya_device_header"", ""type"": ""ADCUnits""}, {""count"": ""1"", ""name"": ""DAC1"", ""source_kind"": ""puya_device_header"", ""type"": ""DAC""}, {""count"": ""2"", ""name"": ""SPI1, SPI2"", ""source_kind"": ""puya_device_header"", ""type"": ""SPI""}, {""count"": ""2"", ""name"": ""I2C1, I2C2"", ""source_kind"": ""puya_device_header"", ""type"": ""I2C""}, {""count"": ""0"", ""name"": ""Official header exact instance count"", ""source_kind"": ""puya_device_header"", ""type"": ""I3C""}, {""count"": ""4"", ""name"": ""USART1, USART2, USART3, USART4"", ""source_kind"": ""puya_device_header"", ""type"": ""USART""}, {""count"": ""0"", ""name"": ""Official header exact instance count"", ""source_kind"": ""puya_device_header"", ""type"": ""UART""}, {""count"": ""1"", ""name"": ""CAN1"", ""source_kind"": ""puya_device_header"", ""type"": ""CAN""}, {""count"": ""1"", ""name"": ""DMA1"", ""source_kind"": ""puya_device_header"", ""type"": ""DMA""}, {""count"": ""0"", ""name"": ""Official header exact instance count"", ""source_kind"": ""puya_device_header"", ""type"": ""RNG""}, {""count"": ""1"", ""name"": ""RTC"", ""source_kind"": ""puya_device_header"", ""type"": ""RTC""}, {""count"": ""2"", ""name"": ""IWDG, WWDG"", ""source_kind"": ""puya_device_header"", ""type"": ""WDT""}, {""count"": ""3"", ""name"": ""COMP1, COMP2, COMP3"", ""source_kind"": ""puya_device_header"", ""type"": ""COMP""}, {""count"": ""0"", ""name"": ""Official header exact instance count"", ""source_kind"": ""puya_device_header"", ""type"": ""OPAMP""}]",2026-08-12T09:02:57+00:00,manufacturer_device_header
device,puya::py32f072ex9,features_json,puya-device-header:PY32F0xx_DFP@1.2.8,https://www.puyasemi.com/uploadfiles/Puya.PY32F0xx_DFP.1.2.8.pack,https://www.puyasemi.com/uploadfiles/Puya.PY32F0xx_DFP.1.2.8.pack!/Drivers/CMSIS/Device/PY32F0xx/Include/py32f072ex9.h,"[{""count"": ""10"", ""name"": ""LPTIM1, TIM1, TIM14, TIM15, TIM16, TIM17, TIM2, TIM3, TIM6, TIM7"", ""source_kind"": ""puya_device_header"", ""type"": ""Timer""}, {""count"": ""1"", ""name"": ""ADC1"", ""source_kind"": ""puya_device_header"", ""type"": ""ADCUnits""}, {""count"": ""1"", ""name"": ""DAC1"", ""source_kind"": ""puya_device_header"", ""type"": ""DAC""}, {""count"": ""2"", ""name"": ""SPI1, SPI2"", ""source_kind"": ""puya_device_header"", ""type"": ""SPI""}, {""count"": ""2"", ""name"": ""I2C1, I2C2"", ""source_kind"": ""puya_device_header"", ""type"": ""I2C""}, {""count"": ""0"", ""name"": ""Official header exact instance count"", ""source_kind"": ""puya_device_header"", ""type"": ""I3C""}, {""count"": ""4"", ""name"": ""USART1, USART2, USART3, USART4"", ""source_kind"": ""puya_device_header"", ""type"": ""USART""}, {""count"": ""0"", ""name"": ""Official header exact instance count"", ""source_kind"": ""puya_device_header"", ""type"": ""UART""}, {""count"": ""1"", ""name"": ""CAN1"", ""source_kind"": ""puya_device_header"", ""type"": ""CAN""}, {""count"": ""1"", ""name"": ""DMA1"", ""source_kind"": ""puya_device_header"", ""type"": ""DMA""}, {""count"": ""0"", ""name"": ""Official header exact instance count"", ""source_kind"": ""puya_device_header"", ""type"": ""RNG""}, {""count"": ""1"", ""name"": ""RTC"", ""source_kind"": ""puya_device_header"", ""type"": ""RTC""}, {""count"": ""2"", ""name"": ""IWDG, WWDG"", ""source_kind"": ""puya_device_header"", ""type"": ""WDT""}, {""count"": ""3"", ""name"": ""COMP1, COMP2, COMP3"", ""source_kind"": ""puya_device_header"", ""type"": ""COMP""}, {""count"": ""0"", ""name"": ""Official header exact instance count"", ""source_kind"": ""puya_device_header"", ""type"": ""OPAMP""}]",2026-08-12T09:02:57+00:00,manufacturer_device_header
device,puya::py32f072exb,features_json,puya-device-header:PY32F0xx_DFP@1.2.8,https://www.puyasemi.com/uploadfiles/Puya.PY32F0xx_DFP.1.2.8.pack,https://www.puyasemi.com/uploadfiles/Puya.PY32F0xx_DFP.1.2.8.pack!/Drivers/CMSIS/Device/PY32F0xx/Include/py32f072exB.h,"[{""count"": ""10"", ""name"": ""LPTIM1, TIM1, TIM14, TIM15, TIM16, TIM17, TIM2, TIM3, TIM6, TIM7"", ""source_kind"": ""puya_device_header"", ""type"": ""Timer""}, {""count"": ""1"", ""name"": ""ADC1"", ""source_kind"": ""puya_device_header"", ""type"": ""ADCUnits""}, {""count"": ""1"", ""name"": ""DAC1"", ""source_kind"": ""puya_device_header"", ""type"": ""DAC""}, {""count"": ""2"", ""name"": ""SPI1, SPI2"", ""source_kind"": ""puya_device_header"", ""type"": ""SPI""}, {""count"": ""2"", ""name"": ""I2C1, I2C2"", ""source_kind"": ""puya_device_header"", ""type"": ""I2C""}, {""count"": ""0"", ""name"": ""Official header exact instance count"", ""source_kind"": ""puya_device_header"", ""type"": ""I3C""}, {""count"": ""4"", ""name"": ""USART1, USART2, USART3, USART4"", ""source_kind"": ""puya_device_header"", ""type"": ""USART""}, {""count"": ""0"", ""name"": ""Official header exact instance count"", ""source_kind"": ""puya_device_header"", ""type"": ""UART""}, {""count"": ""1"", ""name"": ""CAN1"", ""source_kind"": ""puya_device_header"", ""type"": ""CAN""}, {""count"": ""1"", ""name"": ""DMA1"", ""source_kind"": ""puya_device_header"", ""type"": ""DMA""}, {""count"": ""0"", ""name"": ""Official header exact instance count"", ""source_kind"": ""puya_device_header"", ""type"": ""RNG""}, {""count"": ""1"", ""name"": ""RTC"", ""source_kind"": ""puya_device_header"", ""type"": ""RTC""}, {""count"": ""2"", ""name"": ""IWDG, WWDG"", ""source_kind"": ""puya_device_header"", ""type"": ""WDT""}, {""count"": ""3"", ""name"": ""COMP1, COMP2, COMP3"", ""source_kind"": ""puya_device_header"", ""type"": ""COMP""}, {""count"": ""0"", ""name"": ""Official header exact instance count"", ""source_kind"": ""puya_device_header"", ""type"": ""OPAMP""}]",2026-08-12T09:02:57+00:00,manufacturer_device_header
device,puya::py32f403xb,features_json,puya-device-header:PY32F4xx_DFP@1.0.3,https://www.puyasemi.com/uploadfiles/Puya.PY32F4xx_DFP.1.0.3.pack,https://www.puyasemi.com/uploadfiles/Puya.PY32F4xx_DFP.1.0.3.pack!/Drivers/CMSIS/Device/PUYA/PY32F4xx/Include/py32f403xB.h,"[{""count"": ""14"", ""name"": ""TIM1, TIM10, TIM11, TIM12, TIM13, TIM14, TIM2, TIM3, TIM4, TIM5, TIM6, TIM7, TIM8, TIM9"", ""source_kind"": ""puya_device_header"", ""type"": ""Timer""}, {""count"": ""3"", ""name"": ""ADC1, ADC2, ADC3"", ""source_kind"": ""puya_device_header"", ""type"": ""ADCUnits""}, {""count"": ""1"", ""name"": ""DAC1"", ""source_kind"": ""puya_device_header"", ""type"": ""DAC""}, {""count"": ""3"", ""name"": ""SPI1, SPI2, SPI3"", ""source_kind"": ""puya_device_header"", ""type"": ""SPI""}, {""count"": ""2"", ""name"": ""I2C1, I2C2"", ""source_kind"": ""puya_device_header"", ""type"": ""I2C""}, {""count"": ""0"", ""name"": ""Official header exact instance count"", ""source_kind"": ""puya_device_header"", ""type"": ""I3C""}, {""count"": ""5"", ""name"": ""USART1, USART2, USART3, USART4, USART5"", ""source_kind"": ""puya_device_header"", ""type"": ""USART""}, {""count"": ""0"", ""name"": ""Official header exact instance count"", ""source_kind"": ""puya_device_header"", ""type"": ""UART""}, {""count"": ""0"", ""name"": ""Official header exact instance count"", ""source_kind"": ""puya_device_header"", ""type"": ""CAN""}, {""count"": ""2"", ""name"": ""DMA1, DMA2"", ""source_kind"": ""puya_device_header"", ""type"": ""DMA""}, {""count"": ""0"", ""name"": ""Official header exact instance count"", ""source_kind"": ""puya_device_header"", ""type"": ""RNG""}, {""count"": ""1"", ""name"": ""RTC"", ""source_kind"": ""puya_device_header"", ""type"": ""RTC""}, {""count"": ""2"", ""name"": ""IWDG, WWDG"", ""source_kind"": ""puya_device_header"", ""type"": ""WDT""}, {""count"": ""0"", ""name"": ""Official header exact instance count"", ""source_kind"": ""puya_device_header"", ""type"": ""COMP""}, {""count"": ""0"", ""name"": ""Official header exact instance count"", ""source_kind"": ""puya_device_header"", ""type"": ""OPAMP""}]",2026-08-12T09:02:57+00:00,manufacturer_device_header
device,puya::py32f403xc,features_json,puya-device-header:PY32F4xx_DFP@1.0.3,https://www.puyasemi.com/uploadfiles/Puya.PY32F4xx_DFP.1.0.3.pack,https://www.puyasemi.com/uploadfiles/Puya.PY32F4xx_DFP.1.0.3.pack!/Drivers/CMSIS/Device/PUYA/PY32F4xx/Include/py32f403xC.h,"[{""count"": ""14"", ""name"": ""TIM1, TIM10, TIM11, TIM12, TIM13, TIM14, TIM2, TIM3, TIM4, TIM5, TIM6, TIM7, TIM8, TIM9"", ""source_kind"": ""puya_device_header"", ""type"": ""Timer""}, {""count"": ""3"", ""name"": ""ADC1, ADC2, ADC3"", ""source_kind"": ""puya_device_header"", ""type"": ""ADCUnits""}, {""count"": ""1"", ""name"": ""DAC1"", ""source_kind"": ""puya_device_header"", ""type"": ""DAC""}, {""count"": ""3"", ""name"": ""SPI1, SPI2, SPI3"", ""source_kind"": ""puya_device_header"", ""type"": ""SPI""}, {""count"": ""2"", ""name"": ""I2C1, I2C2"", ""source_kind"": ""puya_device_header"", ""type"": ""I2C""}, {""count"": ""0"", ""name"": ""Official header exact instance count"", ""source_kind"": ""puya_device_header"", ""type"": ""I3C""}, {""count"": ""5"", ""name"": ""USART1, USART2, USART3, USART4, USART5"", ""source_kind"": ""puya_device_header"", ""type"": ""USART""}, {""count"": ""0"", ""name"": ""Official header exact instance count"", ""source_kind"": ""puya_device_header"", ""type"": ""UART""}, {""count"": ""0"", ""name"": ""Official header exact instance count"", ""source_kind"": ""puya_device_header"", ""type"": ""CAN""}, {""count"": ""2"", ""name"": ""DMA1, DMA2"", ""source_kind"": ""puya_device_header"", ""type"": ""DMA""}, {""count"": ""0"", ""name"": ""Official header exact instance count"", ""source_kind"": ""puya_device_header"", ""type"": ""RNG""}, {""count"": ""1"", ""name"": ""RTC"", ""source_kind"": ""puya_device_header"", ""type"": ""RTC""}, {""count"": ""2"", ""name"": ""IWDG, WWDG"", ""source_kind"": ""puya_device_header"", ""type"": ""WDT""}, {""count"": ""0"", ""name"": ""Official header exact instance count"", ""source_kind"": ""puya_device_header"", ""type"": ""COMP""}, {""count"": ""0"", ""name"": ""Official header exact instance count"", ""source_kind"": ""puya_device_header"", ""type"": ""OPAMP""}]",2026-08-12T09:02:57+00:00,manufacturer_device_header
device,puya::py32f403xd,features_json,puya-device-header:PY32F4xx_DFP@1.0.3,https://www.puyasemi.com/uploadfiles/Puya.PY32F4xx_DFP.1.0.3.pack,https://www.puyasemi.com/uploadfiles/Puya.PY32F4xx_DFP.1.0.3.pack!/Drivers/CMSIS/Device/PUYA/PY32F4xx/Include/py32f403xD.h,"[{""count"": ""14"", ""name"": ""TIM1, TIM10, TIM11, TIM12, TIM13, TIM14, TIM2, TIM3, TIM4, TIM5, TIM6, TIM7, TIM8, TIM9"", ""source_kind"": ""puya_device_header"", ""type"": ""Timer""}, {""count"": ""3"", ""name"": ""ADC1, ADC2, ADC3"", ""source_kind"": ""puya_device_header"", ""type"": ""ADCUnits""}, {""count"": ""1"", ""name"": ""DAC1"", ""source_kind"": ""puya_device_header"", ""type"": ""DAC""}, {""count"": ""3"", ""name"": ""SPI1, SPI2, SPI3"", ""source_kind"": ""puya_device_header"", ""type"": ""SPI""}, {""count"": ""2"", ""name"": ""I2C1, I2C2"", ""source_kind"": ""puya_device_header"", ""type"": ""I2C""}, {""count"": ""0"", ""name"": ""Official header exact instance count"", ""source_kind"": ""puya_device_header"", ""type"": ""I3C""}, {""count"": ""5"", ""name"": ""USART1, USART2, USART3, USART4, USART5"", ""source_kind"": ""puya_device_header"", ""type"": ""USART""}, {""count"": ""0"", ""name"": ""Official header exact instance count"", ""source_kind"": ""puya_device_header"", ""type"": ""UART""}, {""count"": ""0"", ""name"": ""Official header exact instance count"", ""source_kind"": ""puya_device_header"", ""type"": ""CAN""}, {""count"": ""2"", ""name"": ""DMA1, DMA2"", ""source_kind"": ""puya_device_header"", ""type"": ""DMA""}, {""count"": ""0"", ""name"": ""Official header exact instance count"", ""source_kind"": ""puya_device_header"", ""type"": ""RNG""}, {""count"": ""1"", ""name"": ""RTC"", ""source_kind"": ""puya_device_header"", ""type"": ""RTC""}, {""count"": ""2"", ""name"": ""IWDG, WWDG"", ""source_kind"": ""puya_device_header"", ""type"": ""WDT""}, {""count"": ""0"", ""name"": ""Official header exact instance count"", ""source_kind"": ""puya_device_header"", ""type"": ""COMP""}, {""count"": ""0"", ""name"": ""Official header exact instance count"", ""source_kind"": ""puya_device_header"", ""type"": ""OPAMP""}]",2026-08-12T09:02:57+00:00,manufacturer_device_header
device,puya::py32f410xb,features_json,puya-device-header:PY32F4xx_DFP@1.0.3,https://www.puyasemi.com/uploadfiles/Puya.PY32F4xx_DFP.1.0.3.pack,https://www.puyasemi.com/uploadfiles/Puya.PY32F4xx_DFP.1.0.3.pack!/Drivers/CMSIS/Device/PUYA/PY32F4xx/Include/py32f410xB.h,"[{""count"": ""11"", ""name"": ""LPTIM1, TIM1, TIM15, TIM16, TIM17, TIM2, TIM3, TIM4, TIM6, TIM7, TIM8"", ""source_kind"": ""puya_device_header"", ""type"": ""Timer""}, {""count"": ""1"", ""name"": ""ADC1"", ""source_kind"": ""puya_device_header"", ""type"": ""ADCUnits""}, {""count"": ""0"", ""name"": ""Official header exact instance count"", ""source_kind"": ""puya_device_header"", ""type"": ""DAC""}, {""count"": ""2"", ""name"": ""SPI1, SPI2"", ""source_kind"": ""puya_device_header"", ""type"": ""SPI""}, {""count"": ""2"", ""name"": ""I2C1, I2C2"", ""source_kind"": ""puya_device_header"", ""type"": ""I2C""}, {""count"": ""0"", ""name"": ""Official header exact instance count"", ""source_kind"": ""puya_device_header"", ""type"": ""I3C""}, {""count"": ""1"", ""name"": ""USART1"", ""source_kind"": ""puya_device_header"", ""type"": ""USART""}, {""count"": ""3"", ""name"": ""LPUART1, UART1, UART2"", ""source_kind"": ""puya_device_header"", ""type"": ""UART""}, {""count"": ""0"", ""name"": ""Official header exact instance count"", ""source_kind"": ""puya_device_header"", ""type"": ""CAN""}, {""count"": ""1"", ""name"": ""DMA1"", ""source_kind"": ""puya_device_header"", ""type"": ""DMA""}, {""count"": ""0"", ""name"": ""Official header exact instance count"", ""source_kind"": ""puya_device_header"", ""type"": ""RNG""}, {""count"": ""1"", ""name"": ""RTC"", ""source_kind"": ""puya_device_header"", ""type"": ""RTC""}, {""count"": ""2"", ""name"": ""IWDG, WWDG"", ""source_kind"": ""puya_device_header"", ""type"": ""WDT""}, {""count"": ""2"", ""name"": ""COMP1, COMP2"", ""source_kind"": ""puya_device_header"", ""type"": ""COMP""}, {""count"": ""0"", ""name"": ""Official header exact instance count"", ""source_kind"": ""puya_device_header"", ""type"": ""OPAMP""}]",2026-08-12T09:02:57+00:00,manufacturer_device_header
device,puya::py32l020x5,features_json,puya-device-header:PY32L0xx_DFP@1.0.3,https://www.puyasemi.com/uploadfiles/Puya.PY32L0xx_DFP.1.0.3.pack,https://www.puyasemi.com/uploadfiles/Puya.PY32L0xx_DFP.1.0.3.pack!/Drivers/CMSIS/Device/PUYA/PY32L0xx/Include/py32l020x5.h,"[{""count"": ""3"", ""name"": ""LPTIM1, TIM1, TIM14"", ""source_kind"": ""puya_device_header"", ""type"": ""Timer""}, {""count"": ""1"", ""name"": ""ADC1"", ""source_kind"": ""puya_device_header"", ""type"": ""ADCUnits""}, {""count"": ""0"", ""name"": ""Official header exact instance count"", ""source_kind"": ""puya_device_header"", ""type"": ""DAC""}, {""count"": ""1"", ""name"": ""SPI1"", ""source_kind"": ""puya_device_header"", ""type"": ""SPI""}, {""count"": ""1"", ""name"": ""I2C1"", ""source_kind"": ""puya_device_header"", ""type"": ""I2C""}, {""count"": ""0"", ""name"": ""Official header exact instance count"", ""source_kind"": ""puya_device_header"", ""type"": ""I3C""}, {""count"": ""1"", ""name"": ""USART1"", ""source_kind"": ""puya_device_header"", ""type"": ""USART""}, {""count"": ""0"", ""name"": ""Official header exact instance count"", ""source_kind"": ""puya_device_header"", ""type"": ""UART""}, {""count"": ""0"", ""name"": ""Official header exact instance count"", ""source_kind"": ""puya_device_header"", ""type"": ""CAN""}, {""count"": ""0"", ""name"": ""Official header exact instance count"", ""source_kind"": ""puya_device_header"", ""type"": ""DMA""}, {""count"": ""0"", ""name"": ""Official header exact instance count"", ""source_kind"": ""puya_device_header"", ""type"": ""RNG""}, {""count"": ""0"", ""name"": ""Official header exact instance count"", ""source_kind"": ""puya_device_header"", ""type"": ""RTC""}, {""count"": ""1"", ""name"": ""IWDG"", ""source_kind"": ""puya_device_header"", ""type"": ""WDT""}, {""count"": ""2"", ""name"": ""COMP1, COMP2"", ""source_kind"": ""puya_device_header"", ""type"": ""COMP""}, {""count"": ""0"", ""name"": ""Official header exact instance count"", ""source_kind"": ""puya_device_header"", ""type"": ""OPAMP""}]",2026-08-12T09:02:57+00:00,manufacturer_device_header
device,puya::py32l090xb,features_json,puya-device-header:PY32L0xx_DFP@1.0.3,https://www.puyasemi.com/uploadfiles/Puya.PY32L0xx_DFP.1.0.3.pack,https://www.puyasemi.com/uploadfiles/Puya.PY32L0xx_DFP.1.0.3.pack!/Drivers/CMSIS/Device/PUYA/PY32L0xx/Include/py32l090xB.h,"[{""count"": ""10"", ""name"": ""LPTIM1, LPTIM2, TIM1, TIM15, TIM16, TIM17, TIM2, TIM3, TIM6, TIM7"", ""source_kind"": ""puya_device_header"", ""type"": ""Timer""}, {""count"": ""1"", ""name"": ""ADC1"", ""source_kind"": ""puya_device_header"", ""type"": ""ADCUnits""}, {""count"": ""0"", ""name"": ""Official header exact instance count"", ""source_kind"": ""puya_device_header"", ""type"": ""DAC""}, {""count"": ""2"", ""name"": ""SPI1, SPI2"", ""source_kind"": ""puya_device_header"", ""type"": ""SPI""}, {""count"": ""2"", ""name"": ""I2C1, I2C2"", ""source_kind"": ""puya_device_header"", ""type"": ""I2C""}, {""count"": ""0"", ""name"": ""Official header exact instance count"", ""source_kind"": ""puya_device_header"", ""type"": ""I3C""}, {""count"": ""2"", ""name"": ""USART1, USART2"", ""source_kind"": ""puya_device_header"", ""type"": ""USART""}, {""count"": ""4"", ""name"": ""LPUART1, LPUART2, UART1, UART2"", ""source_kind"": ""puya_device_header"", ""type"": ""UART""}, {""count"": ""0"", ""name"": ""Official header exact instance count"", ""source_kind"": ""puya_device_header"", ""type"": ""CAN""}, {""count"": ""0"", ""name"": ""Official header exact instance count"", ""source_kind"": ""puya_device_header"", ""type"": ""DMA""}, {""count"": ""0"", ""name"": ""Official header exact instance count"", ""source_kind"": ""puya_device_header"", ""type"": ""RNG""}, {""count"": ""1"", ""name"": ""RTC"", ""source_kind"": ""puya_device_header"", ""type"": ""RTC""}, {""count"": ""2"", ""name"": ""IWDG, WWDG"", ""source_kind"": ""puya_device_header"", ""type"": ""WDT""}, {""count"": ""2"", ""name"": ""COMP1, COMP2"", ""source_kind"": ""puya_device_header"", ""type"": ""COMP""}, {""count"": ""0"", ""name"": ""Official header exact instance count"", ""source_kind"": ""puya_device_header"", ""type"": ""OPAMP""}]",2026-08-12T09:02:57+00:00,manufacturer_device_header
device,puya::py32l090xc,features_json,puya-device-header:PY32L0xx_DFP@1.0.3,https://www.puyasemi.com/uploadfiles/Puya.PY32L0xx_DFP.1.0.3.pack,https://www.puyasemi.com/uploadfiles/Puya.PY32L0xx_DFP.1.0.3.pack!/Drivers/CMSIS/Device/PUYA/PY32L0xx/Include/py32l090xC.h,"[{""count"": ""10"", ""name"": ""LPTIM1, LPTIM2, TIM1, TIM15, TIM16, TIM17, TIM2, TIM3, TIM6, TIM7"", ""source_kind"": ""puya_device_header"", ""type"": ""Timer""}, {""count"": ""1"", ""name"": ""ADC1"", ""source_kind"": ""puya_device_header"", ""type"": ""ADCUnits""}, {""count"": ""0"", ""name"": ""Official header exact instance count"", ""source_kind"": ""puya_device_header"", ""type"": ""DAC""}, {""count"": ""2"", ""name"": ""SPI1, SPI2"", ""source_kind"": ""puya_device_header"", ""type"": ""SPI""}, {""count"": ""2"", ""name"": ""I2C1, I2C2"", ""source_kind"": ""puya_device_header"", ""type"": ""I2C""}, {""count"": ""0"", ""name"": ""Official header exact instance count"", ""source_kind"": ""puya_device_header"", ""type"": ""I3C""}, {""count"": ""2"", ""name"": ""USART1, USART2"", ""source_kind"": ""puya_device_header"", ""type"": ""USART""}, {""count"": ""4"", ""name"": ""LPUART1, LPUART2, UART1, UART2"", ""source_kind"": ""puya_device_header"", ""type"": ""UART""}, {""count"": ""0"", ""name"": ""Official header exact instance count"", ""source_kind"": ""puya_device_header"", ""type"": ""CAN""}, {""count"": ""0"", ""name"": ""Official header exact instance count"", ""source_kind"": ""puya_device_header"", ""type"": ""DMA""}, {""count"": ""0"", ""name"": ""Official header exact instance count"", ""source_kind"": ""puya_device_header"", ""type"": ""RNG""}, {""count"": ""1"", ""name"": ""RTC"", ""source_kind"": ""puya_device_header"", ""type"": ""RTC""}, {""count"": ""2"", ""name"": ""IWDG, WWDG"", ""source_kind"": ""puya_device_header"", ""type"": ""WDT""}, {""count"": ""2"", ""name"": ""COMP1, COMP2"", ""source_kind"": ""puya_device_header"", ""type"": ""COMP""}, {""count"": ""0"", ""name"": ""Official header exact instance count"", ""source_kind"": ""puya_device_header"", ""type"": ""OPAMP""}]",2026-08-12T09:02:57+00:00,manufacturer_device_header
device,puya::py32m010x5,features_json,puya-device-header:PY32Mxxx_DFP@1.0.6,https://www.puyasemi.com/uploadfiles/Puya.PY32Mxxx_DFP.1.0.6.pack,https://www.puyasemi.com/uploadfiles/Puya.PY32Mxxx_DFP.1.0.6.pack!/Files/Drivers/CMSIS/Device/Include/py32m010x5.h,"[{""count"": ""3"", ""name"": ""LPTIM1, TIM1, TIM14"", ""source_kind"": ""puya_device_header"", ""type"": ""Timer""}, {""count"": ""1"", ""name"": ""ADC1"", ""source_kind"": ""puya_device_header"", ""type"": ""ADCUnits""}, {""count"": ""0"", ""name"": ""Official header exact instance count"", ""source_kind"": ""puya_device_header"", ""type"": ""DAC""}, {""count"": ""1"", ""name"": ""SPI1"", ""source_kind"": ""puya_device_header"", ""type"": ""SPI""}, {""count"": ""1"", ""name"": ""I2C1"", ""source_kind"": ""puya_device_header"", ""type"": ""I2C""}, {""count"": ""0"", ""name"": ""Official header exact instance count"", ""source_kind"": ""puya_device_header"", ""type"": ""I3C""}, {""count"": ""1"", ""name"": ""USART1"", ""source_kind"": ""puya_device_header"", ""type"": ""USART""}, {""count"": ""0"", ""name"": ""Official header exact instance count"", ""source_kind"": ""puya_device_header"", ""type"": ""UART""}, {""count"": ""0"", ""name"": ""Official header exact instance count"", ""source_kind"": ""puya_device_header"", ""type"": ""CAN""}, {""count"": ""0"", ""name"": ""Official header exact instance count"", ""source_kind"": ""puya_device_header"", ""type"": ""DMA""}, {""count"": ""0"", ""name"": ""Official header exact instance count"", ""source_kind"": ""puya_device_header"", ""type"": ""RNG""}, {""count"": ""0"", ""name"": ""Official header exact instance count"", ""source_kind"": ""puya_device_header"", ""type"": ""RTC""}, {""count"": ""1"", ""name"": ""IWDG"", ""source_kind"": ""puya_device_header"", ""type"": ""WDT""}, {""count"": ""2"", ""name"": ""COMP1, COMP2"", ""source_kind"": ""puya_device_header"", ""type"": ""COMP""}, {""count"": ""0"", ""name"": ""Official header exact instance count"", ""source_kind"": ""puya_device_header"", ""type"": ""OPAMP""}]",2026-08-12T09:02:57+00:00,manufacturer_device_header
device,puya::py32m020x6,features_json,puya-device-header:PY32Mxxx_DFP@1.0.6,https://www.puyasemi.com/uploadfiles/Puya.PY32Mxxx_DFP.1.0.6.pack,https://www.puyasemi.com/uploadfiles/Puya.PY32Mxxx_DFP.1.0.6.pack!/Files/Drivers/CMSIS/Device/Include/py32m020x6.h,"[{""count"": ""6"", ""name"": ""LPTIM1, TIM1, TIM14, TIM16, TIM17, TIM3"", ""source_kind"": ""puya_device_header"", ""type"": ""Timer""}, {""count"": ""1"", ""name"": ""ADC1"", ""source_kind"": ""puya_device_header"", ""type"": ""ADCUnits""}, {""count"": ""0"", ""name"": ""Official header exact instance count"", ""source_kind"": ""puya_device_header"", ""type"": ""DAC""}, {""count"": ""2"", ""name"": ""SPI1, SPI2"", ""source_kind"": ""puya_device_header"", ""type"": ""SPI""}, {""count"": ""1"", ""name"": ""I2C1"", ""source_kind"": ""puya_device_header"", ""type"": ""I2C""}, {""count"": ""0"", ""name"": ""Official header exact instance count"", ""source_kind"": ""puya_device_header"", ""type"": ""I3C""}, {""count"": ""2"", ""name"": ""USART1, USART2"", ""source_kind"": ""puya_device_header"", ""type"": ""USART""}, {""count"": ""0"", ""name"": ""Official header exact instance count"", ""source_kind"": ""puya_device_header"", ""type"": ""UART""}, {""count"": ""0"", ""name"": ""Official header exact instance count"", ""source_kind"": ""puya_device_header"", ""type"": ""CAN""}, {""count"": ""1"", ""name"": ""DMA1"", ""source_kind"": ""puya_device_header"", ""type"": ""DMA""}, {""count"": ""0"", ""name"": ""Official header exact instance count"", ""source_kind"": ""puya_device_header"", ""type"": ""RNG""}, {""count"": ""1"", ""name"": ""RTC"", ""source_kind"": ""puya_device_header"", ""type"": ""RTC""}, {""count"": ""2"", ""name"": ""IWDG, WWDG"", ""source_kind"": ""puya_device_header"", ""type"": ""WDT""}, {""count"": ""2"", ""name"": ""COMP1, COMP2"", ""source_kind"": ""puya_device_header"", ""type"": ""COMP""}, {""count"": ""0"", ""name"": ""Official header exact instance count"", ""source_kind"": ""puya_device_header"", ""type"": ""OPAMP""}]",2026-08-12T09:02:57+00:00,manufacturer_device_header
device,puya::py32m030x8,features_json,puya-device-header:PY32Mxxx_DFP@1.0.6,https://www.puyasemi.com/uploadfiles/Puya.PY32Mxxx_DFP.1.0.6.pack,https://www.puyasemi.com/uploadfiles/Puya.PY32Mxxx_DFP.1.0.6.pack!/Files/Drivers/CMSIS/Device/Include/py32m030x8.h,"[{""count"": ""6"", ""name"": ""LPTIM1, TIM1, TIM14, TIM16, TIM17, TIM3"", ""source_kind"": ""puya_device_header"", ""type"": ""Timer""}, {""count"": ""1"", ""name"": ""ADC1"", ""source_kind"": ""puya_device_header"", ""type"": ""ADCUnits""}, {""count"": ""0"", ""name"": ""Official header exact instance count"", ""source_kind"": ""puya_device_header"", ""type"": ""DAC""}, {""count"": ""2"", ""name"": ""SPI1, SPI2"", ""source_kind"": ""puya_device_header"", ""type"": ""SPI""}, {""count"": ""1"", ""name"": ""I2C1"", ""source_kind"": ""puya_device_header"", ""type"": ""I2C""}, {""count"": ""0"", ""name"": ""Official header exact instance count"", ""source_kind"": ""puya_device_header"", ""type"": ""I3C""}, {""count"": ""2"", ""name"": ""USART1, USART2"", ""source_kind"": ""puya_device_header"", ""type"": ""USART""}, {""count"": ""0"", ""name"": ""Official header exact instance count"", ""source_kind"": ""puya_device_header"", ""type"": ""UART""}, {""count"": ""0"", ""name"": ""Official header exact instance count"", ""source_kind"": ""puya_device_header"", ""type"": ""CAN""}, {""count"": ""1"", ""name"": ""DMA1"", ""source_kind"": ""puya_device_header"", ""type"": ""DMA""}, {""count"": ""0"", ""name"": ""Official header exact instance count"", ""source_kind"": ""puya_device_header"", ""type"": ""RNG""}, {""count"": ""1"", ""name"": ""RTC"", ""source_kind"": ""puya_device_header"", ""type"": ""RTC""}, {""count"": ""2"", ""name"": ""IWDG, WWDG"", ""source_kind"": ""puya_device_header"", ""type"": ""WDT""}, {""count"": ""2"", ""name"": ""COMP1, COMP2"", ""source_kind"": ""puya_device_header"", ""type"": ""COMP""}, {""count"": ""0"", ""name"": ""Official header exact instance count"", ""source_kind"": ""puya_device_header"", ""type"": ""OPAMP""}]",2026-08-12T09:02:57+00:00,manufacturer_device_header
device,puya::py32m031x8,features_json,puya-device-header:PY32Mxxx_DFP@1.0.6,https://www.puyasemi.com/uploadfiles/Puya.PY32Mxxx_DFP.1.0.6.pack,https://www.puyasemi.com/uploadfiles/Puya.PY32Mxxx_DFP.1.0.6.pack!/Files/Drivers/CMSIS/Device/Include/py32m031x8.h,"[{""count"": ""6"", ""name"": ""LPTIM1, TIM1, TIM14, TIM16, TIM17, TIM2"", ""source_kind"": ""puya_device_header"", ""type"": ""Timer""}, {""count"": ""1"", ""name"": ""ADC1"", ""source_kind"": ""puya_device_header"", ""type"": ""ADCUnits""}, {""count"": ""0"", ""name"": ""Official header exact instance count"", ""source_kind"": ""puya_device_header"", ""type"": ""DAC""}, {""count"": ""2"", ""name"": ""SPI1, SPI2"", ""source_kind"": ""puya_device_header"", ""type"": ""SPI""}, {""count"": ""2"", ""name"": ""I2C1, I2C2"", ""source_kind"": ""puya_device_header"", ""type"": ""I2C""}, {""count"": ""0"", ""name"": ""Official header exact instance count"", ""source_kind"": ""puya_device_header"", ""type"": ""I3C""}, {""count"": ""3"", ""name"": ""USART1, USART2, USART3"", ""source_kind"": ""puya_device_header"", ""type"": ""USART""}, {""count"": ""0"", ""name"": ""Official header exact instance count"", ""source_kind"": ""puya_device_header"", ""type"": ""UART""}, {""count"": ""0"", ""name"": ""Official header exact instance count"", ""source_kind"": ""puya_device_header"", ""type"": ""CAN""}, {""count"": ""1"", ""name"": ""DMA1"", ""source_kind"": ""puya_device_header"", ""type"": ""DMA""}, {""count"": ""0"", ""name"": ""Official header exact instance count"", ""source_kind"": ""puya_device_header"", ""type"": ""RNG""}, {""count"": ""1"", ""name"": ""RTC"", ""source_kind"": ""puya_device_header"", ""type"": ""RTC""}, {""count"": ""2"", ""name"": ""IWDG, WWDG"", ""source_kind"": ""puya_device_header"", ""type"": ""WDT""}, {""count"": ""2"", ""name"": ""COMP1, COMP2"", ""source_kind"": ""puya_device_header"", ""type"": ""COMP""}, {""count"": ""0"", ""name"": ""Official header exact instance count"", ""source_kind"": ""puya_device_header"", ""type"": ""OPAMP""}]",2026-08-12T09:02:57+00:00,manufacturer_device_header
device,puya::py32m070xb,features_json,puya-device-header:PY32Mxxx_DFP@1.0.6,https://www.puyasemi.com/uploadfiles/Puya.PY32Mxxx_DFP.1.0.6.pack,https://www.puyasemi.com/uploadfiles/Puya.PY32Mxxx_DFP.1.0.6.pack!/Files/Drivers/CMSIS/Device/Include/py32m070xB.h,"[{""count"": ""10"", ""name"": ""LPTIM1, TIM1, TIM14, TIM15, TIM16, TIM17, TIM2, TIM3, TIM6, TIM7"", ""source_kind"": ""puya_device_header"", ""type"": ""Timer""}, {""count"": ""1"", ""name"": ""ADC1"", ""source_kind"": ""puya_device_header"", ""type"": ""ADCUnits""}, {""count"": ""1"", ""name"": ""DAC1"", ""source_kind"": ""puya_device_header"", ""type"": ""DAC""}, {""count"": ""2"", ""name"": ""SPI1, SPI2"", ""source_kind"": ""puya_device_header"", ""type"": ""SPI""}, {""count"": ""2"", ""name"": ""I2C1, I2C2"", ""source_kind"": ""puya_device_header"", ""type"": ""I2C""}, {""count"": ""0"", ""name"": ""Official header exact instance count"", ""source_kind"": ""puya_device_header"", ""type"": ""I3C""}, {""count"": ""4"", ""name"": ""USART1, USART2, USART3, USART4"", ""source_kind"": ""puya_device_header"", ""type"": ""USART""}, {""count"": ""0"", ""name"": ""Official header exact instance count"", ""source_kind"": ""puya_device_header"", ""type"": ""UART""}, {""count"": ""1"", ""name"": ""CAN1"", ""source_kind"": ""puya_device_header"", ""type"": ""CAN""}, {""count"": ""1"", ""name"": ""DMA1"", ""source_kind"": ""puya_device_header"", ""type"": ""DMA""}, {""count"": ""0"", ""name"": ""Official header exact instance count"", ""source_kind"": ""puya_device_header"", ""type"": ""RNG""}, {""count"": ""1"", ""name"": ""RTC"", ""source_kind"": ""puya_device_header"", ""type"": ""RTC""}, {""count"": ""2"", ""name"": ""IWDG, WWDG"", ""source_kind"": ""puya_device_header"", ""type"": ""WDT""}, {""count"": ""3"", ""name"": ""COMP1, COMP2, COMP3"", ""source_kind"": ""puya_device_header"", ""type"": ""COMP""}, {""count"": ""0"", ""name"": ""Official header exact instance count"", ""source_kind"": ""puya_device_header"", ""type"": ""OPAMP""}]",2026-08-12T09:02:57+00:00,manufacturer_device_header
device,puya::py32m070cxb,features_json,puya-device-header:PY32Mxxx_DFP@1.0.6,https://www.puyasemi.com/uploadfiles/Puya.PY32Mxxx_DFP.1.0.6.pack,https://www.puyasemi.com/uploadfiles/Puya.PY32Mxxx_DFP.1.0.6.pack!/Files/Drivers/CMSIS/Device/Include/py32m070cxB.h,"[{""count"": ""10"", ""name"": ""LPTIM1, TIM1, TIM14, TIM15, TIM16, TIM17, TIM2, TIM3, TIM6, TIM7"", ""source_kind"": ""puya_device_header"", ""type"": ""Timer""}, {""count"": ""1"", ""name"": ""ADC1"", ""source_kind"": ""puya_device_header"", ""type"": ""ADCUnits""}, {""count"": ""1"", ""name"": ""DAC1"", ""source_kind"": ""puya_device_header"", ""type"": ""DAC""}, {""count"": ""2"", ""name"": ""SPI1, SPI2"", ""source_kind"": ""puya_device_header"", ""type"": ""SPI""}, {""count"": ""2"", ""name"": ""I2C1, I2C2"", ""source_kind"": ""puya_device_header"", ""type"": ""I2C""}, {""count"": ""0"", ""name"": ""Official header exact instance count"", ""source_kind"": ""puya_device_header"", ""type"": ""I3C""}, {""count"": ""4"", ""name"": ""USART1, USART2, USART3, USART4"", ""source_kind"": ""puya_device_header"", ""type"": ""USART""}, {""count"": ""0"", ""name"": ""Official header exact instance count"", ""source_kind"": ""puya_device_header"", ""type"": ""UART""}, {""count"": ""1"", ""name"": ""CAN1"", ""source_kind"": ""puya_device_header"", ""type"": ""CAN""}, {""count"": ""1"", ""name"": ""DMA1"", ""source_kind"": ""puya_device_header"", ""type"": ""DMA""}, {""count"": ""0"", ""name"": ""Official header exact instance count"", ""source_kind"": ""puya_device_header"", ""type"": ""RNG""}, {""count"": ""1"", ""name"": ""RTC"", ""source_kind"": ""puya_device_header"", ""type"": ""RTC""}, {""count"": ""2"", ""name"": ""IWDG, WWDG"", ""source_kind"": ""puya_device_header"", ""type"": ""WDT""}, {""count"": ""3"", ""name"": ""COMP1, COMP2, COMP3"", ""source_kind"": ""puya_device_header"", ""type"": ""COMP""}, {""count"": ""0"", ""name"": ""Official header exact instance count"", ""source_kind"": ""puya_device_header"", ""type"": ""OPAMP""}]",2026-08-12T09:02:57+00:00,manufacturer_device_header
device,puya::py32md310x8,features_json,puya-device-header:PY32Mxxx_DFP@1.0.6,https://www.puyasemi.com/uploadfiles/Puya.PY32Mxxx_DFP.1.0.6.pack,https://www.puyasemi.com/uploadfiles/Puya.PY32Mxxx_DFP.1.0.6.pack!/Files/Drivers/CMSIS/Device/Include/py32md310x8.h,"[{""count"": ""6"", ""name"": ""LPTIM1, TIM1, TIM14, TIM16, TIM17, TIM3"", ""source_kind"": ""puya_device_header"", ""type"": ""Timer""}, {""count"": ""1"", ""name"": ""ADC1"", ""source_kind"": ""puya_device_header"", ""type"": ""ADCUnits""}, {""count"": ""0"", ""name"": ""Official header exact instance count"", ""source_kind"": ""puya_device_header"", ""type"": ""DAC""}, {""count"": ""2"", ""name"": ""SPI1, SPI2"", ""source_kind"": ""puya_device_header"", ""type"": ""SPI""}, {""count"": ""1"", ""name"": ""I2C1"", ""source_kind"": ""puya_device_header"", ""type"": ""I2C""}, {""count"": ""0"", ""name"": ""Official header exact instance count"", ""source_kind"": ""puya_device_header"", ""type"": ""I3C""}, {""count"": ""2"", ""name"": ""USART1, USART2"", ""source_kind"": ""puya_device_header"", ""type"": ""USART""}, {""count"": ""0"", ""name"": ""Official header exact instance count"", ""source_kind"": ""puya_device_header"", ""type"": ""UART""}, {""count"": ""0"", ""name"": ""Official header exact instance count"", ""source_kind"": ""puya_device_header"", ""type"": ""CAN""}, {""count"": ""1"", ""name"": ""DMA1"", ""source_kind"": ""puya_device_header"", ""type"": ""DMA""}, {""count"": ""0"", ""name"": ""Official header exact instance count"", ""source_kind"": ""puya_device_header"", ""type"": ""RNG""}, {""count"": ""1"", ""name"": ""RTC"", ""source_kind"": ""puya_device_header"", ""type"": ""RTC""}, {""count"": ""2"", ""name"": ""IWDG, WWDG"", ""source_kind"": ""puya_device_header"", ""type"": ""WDT""}, {""count"": ""2"", ""name"": ""COMP1, COMP2"", ""source_kind"": ""puya_device_header"", ""type"": ""COMP""}, {""count"": ""0"", ""name"": ""Official header exact instance count"", ""source_kind"": ""puya_device_header"", ""type"": ""OPAMP""}]",2026-08-12T09:02:57+00:00,manufacturer_device_header
device,puya::py32md320x8,features_json,puya-device-header:PY32Mxxx_DFP@1.0.6,https://www.puyasemi.com/uploadfiles/Puya.PY32Mxxx_DFP.1.0.6.pack,https://www.puyasemi.com/uploadfiles/Puya.PY32Mxxx_DFP.1.0.6.pack!/Files/Drivers/CMSIS/Device/Include/py32md320x8.h,"[{""count"": ""6"", ""name"": ""LPTIM1, TIM1, TIM14, TIM16, TIM17, TIM3"", ""source_kind"": ""puya_device_header"", ""type"": ""Timer""}, {""count"": ""1"", ""name"": ""ADC1"", ""source_kind"": ""puya_device_header"", ""type"": ""ADCUnits""}, {""count"": ""0"", ""name"": ""Official header exact instance count"", ""source_kind"": ""puya_device_header"", ""type"": ""DAC""}, {""count"": ""2"", ""name"": ""SPI1, SPI2"", ""source_kind"": ""puya_device_header"", ""type"": ""SPI""}, {""count"": ""1"", ""name"": ""I2C1"", ""source_kind"": ""puya_device_header"", ""type"": ""I2C""}, {""count"": ""0"", ""name"": ""Official header exact instance count"", ""source_kind"": ""puya_device_header"", ""type"": ""I3C""}, {""count"": ""2"", ""name"": ""USART1, USART2"", ""source_kind"": ""puya_device_header"", ""type"": ""USART""}, {""count"": ""0"", ""name"": ""Official header exact instance count"", ""source_kind"": ""puya_device_header"", ""type"": ""UART""}, {""count"": ""0"", ""name"": ""Official header exact instance count"", ""source_kind"": ""puya_device_header"", ""type"": ""CAN""}, {""count"": ""1"", ""name"": ""DMA1"", ""source_kind"": ""puya_device_header"", ""type"": ""DMA""}, {""count"": ""0"", ""name"": ""Official header exact instance count"", ""source_kind"": ""puya_device_header"", ""type"": ""RNG""}, {""count"": ""1"", ""name"": ""RTC"", ""source_kind"": ""puya_device_header"", ""type"": ""RTC""}, {""count"": ""2"", ""name"": ""IWDG, WWDG"", ""source_kind"": ""puya_device_header"", ""type"": ""WDT""}, {""count"": ""2"", ""name"": ""COMP1, COMP2"", ""source_kind"": ""puya_device_header"", ""type"": ""COMP""}, {""count"": ""0"", ""name"": ""Official header exact instance count"", ""source_kind"": ""puya_device_header"", ""type"": ""OPAMP""}]",2026-08-12T09:02:57+00:00,manufacturer_device_header
device,puya::py32md410x8,features_json,puya-device-header:PY32Mxxx_DFP@1.0.6,https://www.puyasemi.com/uploadfiles/Puya.PY32Mxxx_DFP.1.0.6.pack,https://www.puyasemi.com/uploadfiles/Puya.PY32Mxxx_DFP.1.0.6.pack!/Files/Drivers/CMSIS/Device/Include/py32md410x8.h,"[{""count"": ""6"", ""name"": ""LPTIM1, TIM1, TIM14, TIM16, TIM17, TIM2"", ""source_kind"": ""puya_device_header"", ""type"": ""Timer""}, {""count"": ""1"", ""name"": ""ADC1"", ""source_kind"": ""puya_device_header"", ""type"": ""ADCUnits""}, {""count"": ""0"", ""name"": ""Official header exact instance count"", ""source_kind"": ""puya_device_header"", ""type"": ""DAC""}, {""count"": ""2"", ""name"": ""SPI1, SPI2"", ""source_kind"": ""puya_device_header"", ""type"": ""SPI""}, {""count"": ""2"", ""name"": ""I2C1, I2C2"", ""source_kind"": ""puya_device_header"", ""type"": ""I2C""}, {""count"": ""0"", ""name"": ""Official header exact instance count"", ""source_kind"": ""puya_device_header"", ""type"": ""I3C""}, {""count"": ""3"", ""name"": ""USART1, USART2, USART3"", ""source_kind"": ""puya_device_header"", ""type"": ""USART""}, {""count"": ""0"", ""name"": ""Official header exact instance count"", ""source_kind"": ""puya_device_header"", ""type"": ""UART""}, {""count"": ""0"", ""name"": ""Official header exact instance count"", ""source_kind"": ""puya_device_header"", ""type"": ""CAN""}, {""count"": ""1"", ""name"": ""DMA1"", ""source_kind"": ""puya_device_header"", ""type"": ""DMA""}, {""count"": ""0"", ""name"": ""Official header exact instance count"", ""source_kind"": ""puya_device_header"", ""type"": ""RNG""}, {""count"": ""1"", ""name"": ""RTC"", ""source_kind"": ""puya_device_header"", ""type"": ""RTC""}, {""count"": ""2"", ""name"": ""IWDG, WWDG"", ""source_kind"": ""puya_device_header"", ""type"": ""WDT""}, {""count"": ""2"", ""name"": ""COMP1, COMP2"", ""source_kind"": ""puya_device_header"", ""type"": ""COMP""}, {""count"": ""0"", ""name"": ""Official header exact instance count"", ""source_kind"": ""puya_device_header"", ""type"": ""OPAMP""}]",2026-08-12T09:02:57+00:00,manufacturer_device_header
device,puya::py32md420x8,features_json,puya-device-header:PY32Mxxx_DFP@1.0.6,https://www.puyasemi.com/uploadfiles/Puya.PY32Mxxx_DFP.1.0.6.pack,https://www.puyasemi.com/uploadfiles/Puya.PY32Mxxx_DFP.1.0.6.pack!/Files/Drivers/CMSIS/Device/Include/py32md420x8.h,"[{""count"": ""6"", ""name"": ""LPTIM1, TIM1, TIM14, TIM16, TIM17, TIM2"", ""source_kind"": ""puya_device_header"", ""type"": ""Timer""}, {""count"": ""1"", ""name"": ""ADC1"", ""source_kind"": ""puya_device_header"", ""type"": ""ADCUnits""}, {""count"": ""0"", ""name"": ""Official header exact instance count"", ""source_kind"": ""puya_device_header"", ""type"": ""DAC""}, {""count"": ""2"", ""name"": ""SPI1, SPI2"", ""source_kind"": ""puya_device_header"", ""type"": ""SPI""}, {""count"": ""2"", ""name"": ""I2C1, I2C2"", ""source_kind"": ""puya_device_header"", ""type"": ""I2C""}, {""count"": ""0"", ""name"": ""Official header exact instance count"", ""source_kind"": ""puya_device_header"", ""type"": ""I3C""}, {""count"": ""3"", ""name"": ""USART1, USART2, USART3"", ""source_kind"": ""puya_device_header"", ""type"": ""USART""}, {""count"": ""0"", ""name"": ""Official header exact instance count"", ""source_kind"": ""puya_device_header"", ""type"": ""UART""}, {""count"": ""0"", ""name"": ""Official header exact instance count"", ""source_kind"": ""puya_device_header"", ""type"": ""CAN""}, {""count"": ""1"", ""name"": ""DMA1"", ""source_kind"": ""puya_device_header"", ""type"": ""DMA""}, {""count"": ""0"", ""name"": ""Official header exact instance count"", ""source_kind"": ""puya_device_header"", ""type"": ""RNG""}, {""count"": ""1"", ""name"": ""RTC"", ""source_kind"": ""puya_device_header"", ""type"": ""RTC""}, {""count"": ""2"", ""name"": ""IWDG, WWDG"", ""source_kind"": ""puya_device_header"", ""type"": ""WDT""}, {""count"": ""2"", ""name"": ""COMP1, COMP2"", ""source_kind"": ""puya_device_header"", ""type"": ""COMP""}, {""count"": ""0"", ""name"": ""Official header exact instance count"", ""source_kind"": ""puya_device_header"", ""type"": ""OPAMP""}]",2026-08-12T09:02:57+00:00,manufacturer_device_header
device,puya::py32md430x8,features_json,puya-device-header:PY32Mxxx_DFP@1.0.6,https://www.puyasemi.com/uploadfiles/Puya.PY32Mxxx_DFP.1.0.6.pack,https://www.puyasemi.com/uploadfiles/Puya.PY32Mxxx_DFP.1.0.6.pack!/Files/Drivers/CMSIS/Device/Include/py32md430x8.h,"[{""count"": ""6"", ""name"": ""LPTIM1, TIM1, TIM14, TIM16, TIM17, TIM2"", ""source_kind"": ""puya_device_header"", ""type"": ""Timer""}, {""count"": ""1"", ""name"": ""ADC1"", ""source_kind"": ""puya_device_header"", ""type"": ""ADCUnits""}, {""count"": ""0"", ""name"": ""Official header exact instance count"", ""source_kind"": ""puya_device_header"", ""type"": ""DAC""}, {""count"": ""2"", ""name"": ""SPI1, SPI2"", ""source_kind"": ""puya_device_header"", ""type"": ""SPI""}, {""count"": ""2"", ""name"": ""I2C1, I2C2"", ""source_kind"": ""puya_device_header"", ""type"": ""I2C""}, {""count"": ""0"", ""name"": ""Official header exact instance count"", ""source_kind"": ""puya_device_header"", ""type"": ""I3C""}, {""count"": ""3"", ""name"": ""USART1, USART2, USART3"", ""source_kind"": ""puya_device_header"", ""type"": ""USART""}, {""count"": ""0"", ""name"": ""Official header exact instance count"", ""source_kind"": ""puya_device_header"", ""type"": ""UART""}, {""count"": ""0"", ""name"": ""Official header exact instance count"", ""source_kind"": ""puya_device_header"", ""type"": ""CAN""}, {""count"": ""1"", ""name"": ""DMA1"", ""source_kind"": ""puya_device_header"", ""type"": ""DMA""}, {""count"": ""0"", ""name"": ""Official header exact instance count"", ""source_kind"": ""puya_device_header"", ""type"": ""RNG""}, {""count"": ""1"", ""name"": ""RTC"", ""source_kind"": ""puya_device_header"", ""type"": ""RTC""}, {""count"": ""2"", ""name"": ""IWDG, WWDG"", ""source_kind"": ""puya_device_header"", ""type"": ""WDT""}, {""count"": ""2"", ""name"": ""COMP1, COMP2"", ""source_kind"": ""puya_device_header"", ""type"": ""COMP""}, {""count"": ""0"", ""name"": ""Official header exact instance count"", ""source_kind"": ""puya_device_header"", ""type"": ""OPAMP""}]",2026-08-12T09:02:57+00:00,manufacturer_device_header
device,puya::py32t020x5,features_json,puya-device-header:PY32T0xx_DFP@1.0.7,https://www.puyasemi.com/uploadfiles/Puya.PY32T0xx_DFP.1.0.7.pack,https://www.puyasemi.com/uploadfiles/Puya.PY32T0xx_DFP.1.0.7.pack!/Drivers/CMSIS/Device/PUYA/PY32T0xx/Include/py32t020x5.h,"[{""count"": ""2"", ""name"": ""TIM1, TIM14"", ""source_kind"": ""puya_device_header"", ""type"": ""Timer""}, {""count"": ""1"", ""name"": ""ADC1"", ""source_kind"": ""puya_device_header"", ""type"": ""ADCUnits""}, {""count"": ""0"", ""name"": ""Official header exact instance count"", ""source_kind"": ""puya_device_header"", ""type"": ""DAC""}, {""count"": ""1"", ""name"": ""SPI1"", ""source_kind"": ""puya_device_header"", ""type"": ""SPI""}, {""count"": ""1"", ""name"": ""I2C1"", ""source_kind"": ""puya_device_header"", ""type"": ""I2C""}, {""count"": ""0"", ""name"": ""Official header exact instance count"", ""source_kind"": ""puya_device_header"", ""type"": ""I3C""}, {""count"": ""0"", ""name"": ""Official header exact instance count"", ""source_kind"": ""puya_device_header"", ""type"": ""USART""}, {""count"": ""3"", ""name"": ""UART1, UART2, UART3"", ""source_kind"": ""puya_device_header"", ""type"": ""UART""}, {""count"": ""0"", ""name"": ""Official header exact instance count"", ""source_kind"": ""puya_device_header"", ""type"": ""CAN""}, {""count"": ""0"", ""name"": ""Official header exact instance count"", ""source_kind"": ""puya_device_header"", ""type"": ""DMA""}, {""count"": ""0"", ""name"": ""Official header exact instance count"", ""source_kind"": ""puya_device_header"", ""type"": ""RNG""}, {""count"": ""1"", ""name"": ""RTC"", ""source_kind"": ""puya_device_header"", ""type"": ""RTC""}, {""count"": ""1"", ""name"": ""IWDG"", ""source_kind"": ""puya_device_header"", ""type"": ""WDT""}, {""count"": ""2"", ""name"": ""COMP1, COMP2"", ""source_kind"": ""puya_device_header"", ""type"": ""COMP""}, {""count"": ""0"", ""name"": ""Official header exact instance count"", ""source_kind"": ""puya_device_header"", ""type"": ""OPAMP""}]",2026-08-12T09:02:57+00:00,manufacturer_device_header
device,puya::py32t020x6,features_json,puya-device-header:PY32T0xx_DFP@1.0.7,https://www.puyasemi.com/uploadfiles/Puya.PY32T0xx_DFP.1.0.7.pack,https://www.puyasemi.com/uploadfiles/Puya.PY32T0xx_DFP.1.0.7.pack!/Drivers/CMSIS/Device/PUYA/PY32T0xx/Include/py32t020x6.h,"[{""count"": ""2"", ""name"": ""TIM1, TIM14"", ""source_kind"": ""puya_device_header"", ""type"": ""Timer""}, {""count"": ""1"", ""name"": ""ADC1"", ""source_kind"": ""puya_device_header"", ""type"": ""ADCUnits""}, {""count"": ""0"", ""name"": ""Official header exact instance count"", ""source_kind"": ""puya_device_header"", ""type"": ""DAC""}, {""count"": ""1"", ""name"": ""SPI1"", ""source_kind"": ""puya_device_header"", ""type"": ""SPI""}, {""count"": ""1"", ""name"": ""I2C1"", ""source_kind"": ""puya_device_header"", ""type"": ""I2C""}, {""count"": ""0"", ""name"": ""Official header exact instance count"", ""source_kind"": ""puya_device_header"", ""type"": ""I3C""}, {""count"": ""0"", ""name"": ""Official header exact instance count"", ""source_kind"": ""puya_device_header"", ""type"": ""USART""}, {""count"": ""3"", ""name"": ""UART1, UART2, UART3"", ""source_kind"": ""puya_device_header"", ""type"": ""UART""}, {""count"": ""0"", ""name"": ""Official header exact instance count"", ""source_kind"": ""puya_device_header"", ""type"": ""CAN""}, {""count"": ""0"", ""name"": ""Official header exact instance count"", ""source_kind"": ""puya_device_header"", ""type"": ""DMA""}, {""count"": ""0"", ""name"": ""Official header exact instance count"", ""source_kind"": ""puya_device_header"", ""type"": ""RNG""}, {""count"": ""1"", ""name"": ""RTC"", ""source_kind"": ""puya_device_header"", ""type"": ""RTC""}, {""count"": ""1"", ""name"": ""IWDG"", ""source_kind"": ""puya_device_header"", ""type"": ""WDT""}, {""count"": ""2"", ""name"": ""COMP1, COMP2"", ""source_kind"": ""puya_device_header"", ""type"": ""COMP""}, {""count"": ""0"", ""name"": ""Official header exact instance count"", ""source_kind"": ""puya_device_header"", ""type"": ""OPAMP""}]",2026-08-12T09:02:57+00:00,manufacturer_device_header
device,puya::py32t020bx5,features_json,puya-device-header:PY32T0xx_DFP@1.0.7,https://www.puyasemi.com/uploadfiles/Puya.PY32T0xx_DFP.1.0.7.pack,https://www.puyasemi.com/uploadfiles/Puya.PY32T0xx_DFP.1.0.7.pack!/Drivers/CMSIS/Device/PUYA/PY32T0xx/Include/py32t020bx5.h,"[{""count"": ""2"", ""name"": ""TIM1, TIM14"", ""source_kind"": ""puya_device_header"", ""type"": ""Timer""}, {""count"": ""1"", ""name"": ""ADC1"", ""source_kind"": ""puya_device_header"", ""type"": ""ADCUnits""}, {""count"": ""0"", ""name"": ""Official header exact instance count"", ""source_kind"": ""puya_device_header"", ""type"": ""DAC""}, {""count"": ""1"", ""name"": ""SPI1"", ""source_kind"": ""puya_device_header"", ""type"": ""SPI""}, {""count"": ""1"", ""name"": ""I2C1"", ""source_kind"": ""puya_device_header"", ""type"": ""I2C""}, {""count"": ""0"", ""name"": ""Official header exact instance count"", ""source_kind"": ""puya_device_header"", ""type"": ""I3C""}, {""count"": ""0"", ""name"": ""Official header exact instance count"", ""source_kind"": ""puya_device_header"", ""type"": ""USART""}, {""count"": ""3"", ""name"": ""UART1, UART2, UART3"", ""source_kind"": ""puya_device_header"", ""type"": ""UART""}, {""count"": ""0"", ""name"": ""Official header exact instance count"", ""source_kind"": ""puya_device_header"", ""type"": ""CAN""}, {""count"": ""0"", ""name"": ""Official header exact instance count"", ""source_kind"": ""puya_device_header"", ""type"": ""DMA""}, {""count"": ""0"", ""name"": ""Official header exact instance count"", ""source_kind"": ""puya_device_header"", ""type"": ""RNG""}, {""count"": ""1"", ""name"": ""RTC"", ""source_kind"": ""puya_device_header"", ""type"": ""RTC""}, {""count"": ""1"", ""name"": ""IWDG"", ""source_kind"": ""puya_device_header"", ""type"": ""WDT""}, {""count"": ""2"", ""name"": ""COMP1, COMP2"", ""source_kind"": ""puya_device_header"", ""type"": ""COMP""}, {""count"": ""0"", ""name"": ""Official header exact instance count"", ""source_kind"": ""puya_device_header"", ""type"": ""OPAMP""}]",2026-08-12T09:02:57+00:00,manufacturer_device_header
device,puya::py32t020bx6,features_json,puya-device-header:PY32T0xx_DFP@1.0.7,https://www.puyasemi.com/uploadfiles/Puya.PY32T0xx_DFP.1.0.7.pack,https://www.puyasemi.com/uploadfiles/Puya.PY32T0xx_DFP.1.0.7.pack!/Drivers/CMSIS/Device/PUYA/PY32T0xx/Include/py32t020bx6.h,"[{""count"": ""2"", ""name"": ""TIM1, TIM14"", ""source_kind"": ""puya_device_header"", ""type"": ""Timer""}, {""count"": ""1"", ""name"": ""ADC1"", ""source_kind"": ""puya_device_header"", ""type"": ""ADCUnits""}, {""count"": ""0"", ""name"": ""Official header exact instance count"", ""source_kind"": ""puya_device_header"", ""type"": ""DAC""}, {""count"": ""1"", ""name"": ""SPI1"", ""source_kind"": ""puya_device_header"", ""type"": ""SPI""}, {""count"": ""1"", ""name"": ""I2C1"", ""source_kind"": ""puya_device_header"", ""type"": ""I2C""}, {""count"": ""0"", ""name"": ""Official header exact instance count"", ""source_kind"": ""puya_device_header"", ""type"": ""I3C""}, {""count"": ""0"", ""name"": ""Official header exact instance count"", ""source_kind"": ""puya_device_header"", ""type"": ""USART""}, {""count"": ""3"", ""name"": ""UART1, UART2, UART3"", ""source_kind"": ""puya_device_header"", ""type"": ""UART""}, {""count"": ""0"", ""name"": ""Official header exact instance count"", ""source_kind"": ""puya_device_header"", ""type"": ""CAN""}, {""count"": ""0"", ""name"": ""Official header exact instance count"", ""source_kind"": ""puya_device_header"", ""type"": ""DMA""}, {""count"": ""0"", ""name"": ""Official header exact instance count"", ""source_kind"": ""puya_device_header"", ""type"": ""RNG""}, {""count"": ""1"", ""name"": ""RTC"", ""source_kind"": ""puya_device_header"", ""type"": ""RTC""}, {""count"": ""1"", ""name"": ""IWDG"", ""source_kind"": ""puya_device_header"", ""type"": ""WDT""}, {""count"": ""2"", ""name"": ""COMP1, COMP2"", ""source_kind"": ""puya_device_header"", ""type"": ""COMP""}, {""count"": ""0"", ""name"": ""Official header exact instance count"", ""source_kind"": ""puya_device_header"", ""type"": ""OPAMP""}]",2026-08-12T09:02:57+00:00,manufacturer_device_header
device,puya::py32t090xb,features_json,puya-device-header:PY32T0xx_DFP@1.0.7,https://www.puyasemi.com/uploadfiles/Puya.PY32T0xx_DFP.1.0.7.pack,https://www.puyasemi.com/uploadfiles/Puya.PY32T0xx_DFP.1.0.7.pack!/Drivers/CMSIS/Device/PUYA/PY32T0xx/Include/py32t090xB.h,"[{""count"": ""10"", ""name"": ""LPTIM1, LPTIM2, TIM1, TIM15, TIM16, TIM17, TIM2, TIM3, TIM6, TIM7"", ""source_kind"": ""puya_device_header"", ""type"": ""Timer""}, {""count"": ""1"", ""name"": ""ADC1"", ""source_kind"": ""puya_device_header"", ""type"": ""ADCUnits""}, {""count"": ""0"", ""name"": ""Official header exact instance count"", ""source_kind"": ""puya_device_header"", ""type"": ""DAC""}, {""count"": ""2"", ""name"": ""SPI1, SPI2"", ""source_kind"": ""puya_device_header"", ""type"": ""SPI""}, {""count"": ""2"", ""name"": ""I2C1, I2C2"", ""source_kind"": ""puya_device_header"", ""type"": ""I2C""}, {""count"": ""0"", ""name"": ""Official header exact instance count"", ""source_kind"": ""puya_device_header"", ""type"": ""I3C""}, {""count"": ""2"", ""name"": ""USART1, USART2"", ""source_kind"": ""puya_device_header"", ""type"": ""USART""}, {""count"": ""4"", ""name"": ""LPUART1, LPUART2, UART1, UART2"", ""source_kind"": ""puya_device_header"", ""type"": ""UART""}, {""count"": ""0"", ""name"": ""Official header exact instance count"", ""source_kind"": ""puya_device_header"", ""type"": ""CAN""}, {""count"": ""0"", ""name"": ""Official header exact instance count"", ""source_kind"": ""puya_device_header"", ""type"": ""DMA""}, {""count"": ""0"", ""name"": ""Official header exact instance count"", ""source_kind"": ""puya_device_header"", ""type"": ""RNG""}, {""count"": ""1"", ""name"": ""RTC"", ""source_kind"": ""puya_device_header"", ""type"": ""RTC""}, {""count"": ""2"", ""name"": ""IWDG, WWDG"", ""source_kind"": ""puya_device_header"", ""type"": ""WDT""}, {""count"": ""2"", ""name"": ""COMP1, COMP2"", ""source_kind"": ""puya_device_header"", ""type"": ""COMP""}, {""count"": ""0"", ""name"": ""Official header exact instance count"", ""source_kind"": ""puya_device_header"", ""type"": ""OPAMP""}]",2026-08-12T09:02:57+00:00,manufacturer_device_header
device,puya::py32t090xc,features_json,puya-device-header:PY32T0xx_DFP@1.0.7,https://www.puyasemi.com/uploadfiles/Puya.PY32T0xx_DFP.1.0.7.pack,https://www.puyasemi.com/uploadfiles/Puya.PY32T0xx_DFP.1.0.7.pack!/Drivers/CMSIS/Device/PUYA/PY32T0xx/Include/py32t090xC.h,"[{""count"": ""10"", ""name"": ""LPTIM1, LPTIM2, TIM1, TIM15, TIM16, TIM17, TIM2, TIM3, TIM6, TIM7"", ""source_kind"": ""puya_device_header"", ""type"": ""Timer""}, {""count"": ""1"", ""name"": ""ADC1"", ""source_kind"": ""puya_device_header"", ""type"": ""ADCUnits""}, {""count"": ""0"", ""name"": ""Official header exact instance count"", ""source_kind"": ""puya_device_header"", ""type"": ""DAC""}, {""count"": ""2"", ""name"": ""SPI1, SPI2"", ""source_kind"": ""puya_device_header"", ""type"": ""SPI""}, {""count"": ""2"", ""name"": ""I2C1, I2C2"", ""source_kind"": ""puya_device_header"", ""type"": ""I2C""}, {""count"": ""0"", ""name"": ""Official header exact instance count"", ""source_kind"": ""puya_device_header"", ""type"": ""I3C""}, {""count"": ""2"", ""name"": ""USART1, USART2"", ""source_kind"": ""puya_device_header"", ""type"": ""USART""}, {""count"": ""4"", ""name"": ""LPUART1, LPUART2, UART1, UART2"", ""source_kind"": ""puya_device_header"", ""type"": ""UART""}, {""count"": ""0"", ""name"": ""Official header exact instance count"", ""source_kind"": ""puya_device_header"", ""type"": ""CAN""}, {""count"": ""0"", ""name"": ""Official header exact instance count"", ""source_kind"": ""puya_device_header"", ""type"": ""DMA""}, {""count"": ""0"", ""name"": ""Official header exact instance count"", ""source_kind"": ""puya_device_header"", ""type"": ""RNG""}, {""count"": ""1"", ""name"": ""RTC"", ""source_kind"": ""puya_device_header"", ""type"": ""RTC""}, {""count"": ""2"", ""name"": ""IWDG, WWDG"", ""source_kind"": ""puya_device_header"", ""type"": ""WDT""}, {""count"": ""2"", ""name"": ""COMP1, COMP2"", ""source_kind"": ""puya_device_header"", ""type"": ""COMP""}, {""count"": ""0"", ""name"": ""Official header exact instance count"", ""source_kind"": ""puya_device_header"", ""type"": ""OPAMP""}]",2026-08-12T09:02:57+00:00,manufacturer_device_header
device,puya::py32t092xc,features_json,puya-device-header:PY32T0xx_DFP@1.0.7,https://www.puyasemi.com/uploadfiles/Puya.PY32T0xx_DFP.1.0.7.pack,https://www.puyasemi.com/uploadfiles/Puya.PY32T0xx_DFP.1.0.7.pack!/Drivers/CMSIS/Device/PUYA/PY32T0xx/Include/py32t092xC.h,"[{""count"": ""10"", ""name"": ""LPTIM1, LPTIM2, TIM1, TIM15, TIM16, TIM17, TIM2, TIM3, TIM6, TIM7"", ""source_kind"": ""puya_device_header"", ""type"": ""Timer""}, {""count"": ""1"", ""name"": ""ADC1"", ""source_kind"": ""puya_device_header"", ""type"": ""ADCUnits""}, {""count"": ""0"", ""name"": ""Official header exact instance count"", ""source_kind"": ""puya_device_header"", ""type"": ""DAC""}, {""count"": ""2"", ""name"": ""SPI1, SPI2"", ""source_kind"": ""puya_device_header"", ""type"": ""SPI""}, {""count"": ""2"", ""name"": ""I2C1, I2C2"", ""source_kind"": ""puya_device_header"", ""type"": ""I2C""}, {""count"": ""0"", ""name"": ""Official header exact instance count"", ""source_kind"": ""puya_device_header"", ""type"": ""I3C""}, {""count"": ""2"", ""name"": ""USART1, USART2"", ""source_kind"": ""puya_device_header"", ""type"": ""USART""}, {""count"": ""4"", ""name"": ""LPUART1, LPUART2, UART1, UART2"", ""source_kind"": ""puya_device_header"", ""type"": ""UART""}, {""count"": ""0"", ""name"": ""Official header exact instance count"", ""source_kind"": ""puya_device_header"", ""type"": ""CAN""}, {""count"": ""0"", ""name"": ""Official header exact instance count"", ""source_kind"": ""puya_device_header"", ""type"": ""DMA""}, {""count"": ""0"", ""name"": ""Official header exact instance count"", ""source_kind"": ""puya_device_header"", ""type"": ""RNG""}, {""count"": ""1"", ""name"": ""RTC"", ""source_kind"": ""puya_device_header"", ""type"": ""RTC""}, {""count"": ""2"", ""name"": ""IWDG, WWDG"", ""source_kind"": ""puya_device_header"", ""type"": ""WDT""}, {""count"": ""2"", ""name"": ""COMP1, COMP2"", ""source_kind"": ""puya_device_header"", ""type"": ""COMP""}, {""count"": ""0"", ""name"": ""Official header exact instance count"", ""source_kind"": ""puya_device_header"", ""type"": ""OPAMP""}]",2026-08-12T09:02:57+00:00,manufacturer_device_header
