device_id,product_line_id,manufacturer,product_type,architecture_class,family,series,product_line,device_name,generic_device_name,manufacturer_variant_code,processor_cores,max_clock_hz,flash_bytes,ram_bytes,package_types,pin_counts,memory_regions_json,features_json,documents_json,svd_files,lifecycle,source_id,source_url,source_version,observed_at,verification_status
qinheng::ch32f103c6,qinheng::ch32::ch32f103,Qinheng,general_purpose_mcu,Cortex-M3,CH32,CH32F103,CH32F103,CH32F103C6,CH32F103C6,C6,"[{""Darchitecture"": ""Cortex-M3"", ""Dcore"": ""Cortex-M3"", ""DcoreCount"": ""1"", ""Dfpu"": ""0""}]",72000000,32768,10240,LQFP48,,"[{""name"": ""USR_1"", ""size"": 32768}, {""name"": ""RAM"", ""size"": 10240}]","[{""type"": ""I2C"", ""name"": ""I²C"", ""source_kind"": ""qinheng_structured_table"", ""count"": ""1"", ""n"": ""1""}, {""type"": ""SPI"", ""name"": ""SPI"", ""source_kind"": ""qinheng_structured_table"", ""count"": ""1"", ""n"": ""1""}, {""type"": ""Timer"", ""name"": ""Advanced/general timer groups"", ""source_kind"": ""qinheng_structured_table"", ""count"": ""2"", ""n"": ""2"", ""m"": ""2/0""}]","[{""title"": ""WCH CH32F103 product page"", ""url"": ""https://www.wch.cn/products/CH32F103.html""}]",,unknown,qinheng:ch32-data-yaml:CH32F103C6T6.yaml,https://www.wch.cn/products/CH32F103.html,structured-snapshot,2026-08-30T15:23:23+00:00,manufacturer_device_database
qinheng::ch32f103c8,qinheng::ch32::ch32f103,Qinheng,general_purpose_mcu,Cortex-M3,CH32,CH32F103,CH32F103,CH32F103C8,CH32F103C8,C8,"[{""Darchitecture"": ""Cortex-M3"", ""Dcore"": ""Cortex-M3"", ""DcoreCount"": ""1"", ""Dfpu"": ""0""}]",72000000,65536,20480,LQFP48,,"[{""name"": ""USR_1"", ""size"": 65536}, {""name"": ""RAM"", ""size"": 20480}]","[{""type"": ""I2C"", ""name"": ""I²C"", ""source_kind"": ""qinheng_structured_table"", ""count"": ""2"", ""n"": ""2""}, {""type"": ""SPI"", ""name"": ""SPI"", ""source_kind"": ""qinheng_structured_table"", ""count"": ""2"", ""n"": ""2""}, {""type"": ""Timer"", ""name"": ""Advanced/general timer groups"", ""source_kind"": ""qinheng_structured_table"", ""count"": ""2"", ""n"": ""2"", ""m"": ""2/0""}]","[{""title"": ""WCH CH32F103 product page"", ""url"": ""https://www.wch.cn/products/CH32F103.html""}]",,unknown,qinheng:ch32-data-yaml:CH32F103C8T6.yaml,https://www.wch.cn/products/CH32F103.html,structured-snapshot,2026-08-30T15:23:23+00:00,manufacturer_device_database
qinheng::ch32f103r8,qinheng::ch32::ch32f103,Qinheng,general_purpose_mcu,Cortex-M3,CH32,CH32F103,CH32F103,CH32F103R8,CH32F103R8,R8,"[{""Darchitecture"": ""Cortex-M3"", ""Dcore"": ""Cortex-M3"", ""DcoreCount"": ""1"", ""Dfpu"": ""0""}]",72000000,65536,20480,LQFP64M,,"[{""name"": ""USR_1"", ""size"": 65536}, {""name"": ""RAM"", ""size"": 20480}]","[{""type"": ""I2C"", ""name"": ""I²C"", ""source_kind"": ""qinheng_structured_table"", ""count"": ""2"", ""n"": ""2""}, {""type"": ""SPI"", ""name"": ""SPI"", ""source_kind"": ""qinheng_structured_table"", ""count"": ""2"", ""n"": ""2""}, {""type"": ""Timer"", ""name"": ""Advanced/general timer groups"", ""source_kind"": ""qinheng_structured_table"", ""count"": ""2"", ""n"": ""2"", ""m"": ""2/0""}]","[{""title"": ""WCH CH32F103 product page"", ""url"": ""https://www.wch.cn/products/CH32F103.html""}]",,unknown,qinheng:ch32-data-yaml:CH32F103R8T6.yaml,https://www.wch.cn/products/CH32F103.html,structured-snapshot,2026-08-30T15:23:23+00:00,manufacturer_device_database
qinheng::ch32f205rb,qinheng::ch32::ch32f205,Qinheng,general_purpose_mcu,Cortex-M3,CH32,CH32F205,CH32F205,CH32F205RB,CH32F205RB,RB,"[{""Darchitecture"": ""Cortex-M3"", ""Dcore"": ""Cortex-M3"", ""DcoreCount"": ""1"", ""Dfpu"": ""0""}]",144000000,131072,32768,LQFP64M,51,[],"[{""type"": ""ADC"", ""name"": ""12-bit ADC channels"", ""source_kind"": ""qinheng_structured_table"", ""count"": ""16"", ""n"": ""16"", ""m"": ""12-bit""}, {""type"": ""SPI"", ""name"": ""SPI"", ""source_kind"": ""qinheng_structured_table"", ""count"": ""3"", ""n"": ""3""}, {""type"": ""UART"", ""name"": ""UART"", ""source_kind"": ""qinheng_structured_table"", ""count"": ""5"", ""n"": ""5""}, {""type"": ""Timer"", ""name"": ""Advanced/general timer groups"", ""source_kind"": ""qinheng_structured_table"", ""count"": ""10"", ""n"": ""10"", ""m"": ""16""}, {""type"": ""IOs"", ""name"": ""GPIO"", ""source_kind"": ""qinheng_structured_table"", ""count"": ""51"", ""n"": ""51""}, {""type"": ""VendorCapability"", ""name"": ""SERDES / HSPI / DVP (-/-/-/1)"", ""source_kind"": ""qinheng_structured_table"", ""count"": ""1"", ""n"": ""1"", ""m"": ""-/-/-/1""}, {""type"": ""VendorCapability"", ""name"": ""WCH CAP raw parameter (32/32)"", ""source_kind"": ""qinheng_structured_table"", ""count"": ""1"", ""n"": ""1"", ""m"": ""32/32""}, {""type"": ""VendorCapability"", ""name"": ""WCH VDD: 2.5/3.3"", ""source_kind"": ""qinheng_structured_table"", ""count"": ""1"", ""n"": ""1"", ""m"": ""2.5/3.3""}]","[{""title"": ""WCH CH32F205 product page"", ""url"": ""https://www.wch.cn/products/CH32F207.html""}]",,unknown,qinheng:special-table,https://www.wch.cn/products/CH32F207.html,structured-snapshot,2026-08-30T15:23:23+00:00,manufacturer_product_page
qinheng::ch32f207vc,qinheng::ch32::ch32f207,Qinheng,general_purpose_mcu,Cortex-M3,CH32,CH32F207,CH32F207,CH32F207VC,CH32F207VC,VC,"[{""Darchitecture"": ""Cortex-M3"", ""Dcore"": ""Cortex-M3"", ""DcoreCount"": ""1"", ""Dfpu"": ""0""}]",144000000,262144,65536,LQFP100,80,[],"[{""type"": ""ADC"", ""name"": ""12-bit ADC channels"", ""source_kind"": ""qinheng_structured_table"", ""count"": ""16"", ""n"": ""16"", ""m"": ""12-bit""}, {""type"": ""SPI"", ""name"": ""SPI"", ""source_kind"": ""qinheng_structured_table"", ""count"": ""3"", ""n"": ""3""}, {""type"": ""UART"", ""name"": ""UART"", ""source_kind"": ""qinheng_structured_table"", ""count"": ""8"", ""n"": ""8""}, {""type"": ""Timer"", ""name"": ""Advanced/general timer groups"", ""source_kind"": ""qinheng_structured_table"", ""count"": ""10"", ""n"": ""10"", ""m"": ""16""}, {""type"": ""IOs"", ""name"": ""GPIO"", ""source_kind"": ""qinheng_structured_table"", ""count"": ""80"", ""n"": ""80""}, {""type"": ""ExtBus"", ""name"": ""WCH FSMC"", ""source_kind"": ""qinheng_structured_table"", ""count"": ""1"", ""n"": ""1""}, {""type"": ""Camera"", ""name"": ""WCH DVP"", ""source_kind"": ""qinheng_structured_table"", ""count"": ""1"", ""n"": ""1""}, {""type"": ""VendorCapability"", ""name"": ""SERDES / HSPI / DVP (-/-/96MHz/1)"", ""source_kind"": ""qinheng_structured_table"", ""count"": ""1"", ""n"": ""1"", ""m"": ""-/-/96MHz/1""}, {""type"": ""ETH"", ""name"": ""Ethernet / SATA (1000Mb/-)"", ""source_kind"": ""qinheng_structured_table"", ""count"": ""1"", ""n"": ""1"", ""m"": ""1000Mb/-""}, {""type"": ""VendorCapability"", ""name"": ""WCH CAP raw parameter (32/32)"", ""source_kind"": ""qinheng_structured_table"", ""count"": ""1"", ""n"": ""1"", ""m"": ""32/32""}, {""type"": ""VendorCapability"", ""name"": ""WCH VDD: 2.5/3.3"", ""source_kind"": ""qinheng_structured_table"", ""count"": ""1"", ""n"": ""1"", ""m"": ""2.5/3.3""}]","[{""title"": ""WCH CH32F207 product page"", ""url"": ""https://www.wch.cn/products/CH32F207.html""}]",,unknown,qinheng:special-table,https://www.wch.cn/products/CH32F207.html,structured-snapshot,2026-08-30T15:23:23+00:00,manufacturer_product_page
qinheng::ch32h415re,qinheng::ch32::ch32h415,Qinheng,general_purpose_mcu,RISC-V,CH32,CH32H415,CH32H415,CH32H415RE,CH32H415RE,RE,"[{""Darchitecture"": ""RISC-V"", ""Dcore"": ""QingKe V3F"", ""DcoreCount"": ""1"", ""Dfpu"": ""FPU""}, {""Darchitecture"": ""RISC-V"", ""Dcore"": ""QingKe V5F"", ""DcoreCount"": ""1"", ""Dfpu"": ""FPU""}]",,983040,917504,QFN60,,"[{""name"": ""USR_1"", ""size"": 983040}, {""name"": ""ITCM"", ""size"": 131072}, {""name"": ""DTCM"", ""size"": 262144}, {""name"": ""SRAM_SHARED"", ""size"": 524288}, {""name"": ""RAM"", ""size"": 917504}]","[{""type"": ""ADC"", ""name"": ""12-bit ADC channels"", ""source_kind"": ""qinheng_structured_table"", ""count"": ""2"", ""n"": ""2"", ""m"": ""12-bit""}, {""type"": ""I2C"", ""name"": ""I²C"", ""source_kind"": ""qinheng_structured_table"", ""count"": ""4"", ""n"": ""4""}, {""type"": ""SPI"", ""name"": ""SPI"", ""source_kind"": ""qinheng_structured_table"", ""count"": ""4"", ""n"": ""4""}, {""type"": ""CAN"", ""name"": ""CAN"", ""source_kind"": ""qinheng_structured_table"", ""count"": ""3"", ""n"": ""3""}, {""type"": ""USART"", ""name"": ""USART"", ""source_kind"": ""qinheng_structured_table"", ""count"": ""8"", ""n"": ""8""}, {""type"": ""Timer"", ""name"": ""Advanced/general timer groups"", ""source_kind"": ""qinheng_structured_table"", ""count"": ""12"", ""n"": ""12"", ""m"": ""12/0""}, {""type"": ""USBD"", ""name"": ""USB Device"", ""source_kind"": ""qinheng_structured_table"", ""count"": ""1"", ""n"": ""1""}, {""type"": ""PowerOther"", ""name"": ""WCH USB PD"", ""source_kind"": ""qinheng_structured_table"", ""count"": ""1"", ""n"": ""1""}, {""type"": ""ADC"", ""name"": ""WCH HS ADC"", ""source_kind"": ""qinheng_structured_table"", ""count"": ""1"", ""n"": ""1""}, {""type"": ""I3C"", ""name"": ""WCH I3C"", ""source_kind"": ""qinheng_structured_table"", ""count"": ""1"", ""n"": ""1""}, {""type"": ""Audio"", ""name"": ""WCH SAI"", ""source_kind"": ""qinheng_structured_table"", ""count"": ""1"", ""n"": ""1""}, {""type"": ""Timer"", ""name"": ""WCH LPTIM"", ""source_kind"": ""qinheng_structured_table"", ""count"": ""1"", ""n"": ""1""}]","[{""title"": ""WCH CH32H415 product page"", ""url"": ""https://www.wch.cn/products/CH32H415.html""}]",,unknown,qinheng:ch32-data-yaml:CH32H415REU6.yaml,https://www.wch.cn/products/CH32H415.html,structured-snapshot,2026-08-30T15:23:23+00:00,manufacturer_device_database
qinheng::ch32h416rd,qinheng::ch32::ch32h416,Qinheng,general_purpose_mcu,RISC-V,CH32,CH32H416,CH32H416,CH32H416RD,CH32H416RD,RD,"[{""Darchitecture"": ""RISC-V"", ""Dcore"": ""QingKe V3F"", ""DcoreCount"": ""1"", ""Dfpu"": ""FPU""}, {""Darchitecture"": ""RISC-V"", ""Dcore"": ""QingKe V5F"", ""DcoreCount"": ""1"", ""Dfpu"": ""FPU""}]",,491520,917504,QFN60,,"[{""name"": ""USR_1"", ""size"": 491520}, {""name"": ""ITCM"", ""size"": 131072}, {""name"": ""DTCM"", ""size"": 262144}, {""name"": ""SRAM_SHARED"", ""size"": 524288}, {""name"": ""RAM"", ""size"": 917504}]","[{""type"": ""ADC"", ""name"": ""12-bit ADC channels"", ""source_kind"": ""qinheng_structured_table"", ""count"": ""2"", ""n"": ""2"", ""m"": ""12-bit""}, {""type"": ""I2C"", ""name"": ""I²C"", ""source_kind"": ""qinheng_structured_table"", ""count"": ""4"", ""n"": ""4""}, {""type"": ""SPI"", ""name"": ""SPI"", ""source_kind"": ""qinheng_structured_table"", ""count"": ""4"", ""n"": ""4""}, {""type"": ""CAN"", ""name"": ""CAN"", ""source_kind"": ""qinheng_structured_table"", ""count"": ""3"", ""n"": ""3""}, {""type"": ""USART"", ""name"": ""USART"", ""source_kind"": ""qinheng_structured_table"", ""count"": ""8"", ""n"": ""8""}, {""type"": ""Timer"", ""name"": ""Advanced/general timer groups"", ""source_kind"": ""qinheng_structured_table"", ""count"": ""12"", ""n"": ""12"", ""m"": ""12/0""}, {""type"": ""USBD"", ""name"": ""USB Device"", ""source_kind"": ""qinheng_structured_table"", ""count"": ""1"", ""n"": ""1""}, {""type"": ""USBSS"", ""name"": ""WCH USB SuperSpeed"", ""source_kind"": ""qinheng_structured_table"", ""count"": ""1"", ""n"": ""1""}, {""type"": ""PowerOther"", ""name"": ""WCH USB PD"", ""source_kind"": ""qinheng_structured_table"", ""count"": ""1"", ""n"": ""1""}, {""type"": ""ADC"", ""name"": ""WCH HS ADC"", ""source_kind"": ""qinheng_structured_table"", ""count"": ""1"", ""n"": ""1""}, {""type"": ""I3C"", ""name"": ""WCH I3C"", ""source_kind"": ""qinheng_structured_table"", ""count"": ""1"", ""n"": ""1""}, {""type"": ""Audio"", ""name"": ""WCH SAI"", ""source_kind"": ""qinheng_structured_table"", ""count"": ""1"", ""n"": ""1""}, {""type"": ""Timer"", ""name"": ""WCH LPTIM"", ""source_kind"": ""qinheng_structured_table"", ""count"": ""1"", ""n"": ""1""}]","[{""title"": ""WCH CH32H416 product page"", ""url"": ""https://www.wch.cn/products/CH32H416.html""}]",,unknown,qinheng:ch32-data-yaml:CH32H416RDU6.yaml,https://www.wch.cn/products/CH32H416.html,structured-snapshot,2026-08-30T15:23:23+00:00,manufacturer_device_database
qinheng::ch32h417me,qinheng::ch32::ch32h417,Qinheng,general_purpose_mcu,RISC-V,CH32,CH32H417,CH32H417,CH32H417ME,CH32H417ME,ME,"[{""Darchitecture"": ""RISC-V"", ""Dcore"": ""QingKe V3F"", ""DcoreCount"": ""1"", ""Dfpu"": ""FPU""}, {""Darchitecture"": ""RISC-V"", ""Dcore"": ""QingKe V5F"", ""DcoreCount"": ""1"", ""Dfpu"": ""FPU""}]",,983040,917504,QFN88,,"[{""name"": ""USR_1"", ""size"": 983040}, {""name"": ""ITCM"", ""size"": 131072}, {""name"": ""DTCM"", ""size"": 262144}, {""name"": ""SRAM_SHARED"", ""size"": 524288}, {""name"": ""RAM"", ""size"": 917504}]","[{""type"": ""ADC"", ""name"": ""12-bit ADC channels"", ""source_kind"": ""qinheng_structured_table"", ""count"": ""2"", ""n"": ""2"", ""m"": ""12-bit""}, {""type"": ""I2C"", ""name"": ""I²C"", ""source_kind"": ""qinheng_structured_table"", ""count"": ""4"", ""n"": ""4""}, {""type"": ""SPI"", ""name"": ""SPI"", ""source_kind"": ""qinheng_structured_table"", ""count"": ""4"", ""n"": ""4""}, {""type"": ""CAN"", ""name"": ""CAN"", ""source_kind"": ""qinheng_structured_table"", ""count"": ""3"", ""n"": ""3""}, {""type"": ""USART"", ""name"": ""USART"", ""source_kind"": ""qinheng_structured_table"", ""count"": ""8"", ""n"": ""8""}, {""type"": ""Timer"", ""name"": ""Advanced/general timer groups"", ""source_kind"": ""qinheng_structured_table"", ""count"": ""12"", ""n"": ""12"", ""m"": ""12/0""}, {""type"": ""USBD"", ""name"": ""USB Device"", ""source_kind"": ""qinheng_structured_table"", ""count"": ""1"", ""n"": ""1""}, {""type"": ""USBSS"", ""name"": ""WCH USB SuperSpeed"", ""source_kind"": ""qinheng_structured_table"", ""count"": ""1"", ""n"": ""1""}, {""type"": ""PowerOther"", ""name"": ""WCH USB PD"", ""source_kind"": ""qinheng_structured_table"", ""count"": ""1"", ""n"": ""1""}, {""type"": ""ADC"", ""name"": ""WCH HS ADC"", ""source_kind"": ""qinheng_structured_table"", ""count"": ""1"", ""n"": ""1""}, {""type"": ""I3C"", ""name"": ""WCH I3C"", ""source_kind"": ""qinheng_structured_table"", ""count"": ""1"", ""n"": ""1""}, {""type"": ""Audio"", ""name"": ""WCH SAI"", ""source_kind"": ""qinheng_structured_table"", ""count"": ""1"", ""n"": ""1""}, {""type"": ""Timer"", ""name"": ""WCH LPTIM"", ""source_kind"": ""qinheng_structured_table"", ""count"": ""1"", ""n"": ""1""}]","[{""title"": ""WCH CH32H417 product page"", ""url"": ""https://www.wch.cn/products/CH32H417.html""}]",,unknown,qinheng:ch32-data-yaml:CH32H417MEU6.yaml,https://www.wch.cn/products/CH32H417.html,structured-snapshot,2026-08-30T15:23:23+00:00,manufacturer_device_database
qinheng::ch32h417qe,qinheng::ch32::ch32h417,Qinheng,general_purpose_mcu,RISC-V,CH32,CH32H417,CH32H417,CH32H417QE,CH32H417QE,QE,"[{""Darchitecture"": ""RISC-V"", ""Dcore"": ""QingKe V3F"", ""DcoreCount"": ""1"", ""Dfpu"": ""FPU""}, {""Darchitecture"": ""RISC-V"", ""Dcore"": ""QingKe V5F"", ""DcoreCount"": ""1"", ""Dfpu"": ""FPU""}]",,983040,917504,QFN128,,"[{""name"": ""USR_1"", ""size"": 983040}, {""name"": ""ITCM"", ""size"": 131072}, {""name"": ""DTCM"", ""size"": 262144}, {""name"": ""SRAM_SHARED"", ""size"": 524288}, {""name"": ""RAM"", ""size"": 917504}]","[{""type"": ""ADC"", ""name"": ""12-bit ADC channels"", ""source_kind"": ""qinheng_structured_table"", ""count"": ""2"", ""n"": ""2"", ""m"": ""12-bit""}, {""type"": ""I2C"", ""name"": ""I²C"", ""source_kind"": ""qinheng_structured_table"", ""count"": ""4"", ""n"": ""4""}, {""type"": ""SPI"", ""name"": ""SPI"", ""source_kind"": ""qinheng_structured_table"", ""count"": ""4"", ""n"": ""4""}, {""type"": ""CAN"", ""name"": ""CAN"", ""source_kind"": ""qinheng_structured_table"", ""count"": ""3"", ""n"": ""3""}, {""type"": ""SDIO"", ""name"": ""SDIO"", ""source_kind"": ""qinheng_structured_table"", ""count"": ""1"", ""n"": ""1""}, {""type"": ""USART"", ""name"": ""USART"", ""source_kind"": ""qinheng_structured_table"", ""count"": ""8"", ""n"": ""8""}, {""type"": ""Timer"", ""name"": ""Advanced/general timer groups"", ""source_kind"": ""qinheng_structured_table"", ""count"": ""12"", ""n"": ""12"", ""m"": ""12/0""}, {""type"": ""USBD"", ""name"": ""USB Device"", ""source_kind"": ""qinheng_structured_table"", ""count"": ""1"", ""n"": ""1""}, {""type"": ""ETH"", ""name"": ""Ethernet: 1"", ""source_kind"": ""qinheng_structured_table"", ""count"": ""1"", ""n"": ""1""}, {""type"": ""USBSS"", ""name"": ""WCH USB SuperSpeed"", ""source_kind"": ""qinheng_structured_table"", ""count"": ""1"", ""n"": ""1""}, {""type"": ""ETH"", ""name"": ""WCH Gigabit Ethernet"", ""source_kind"": ""qinheng_structured_table"", ""count"": ""1"", ""n"": ""1""}, {""type"": ""PowerOther"", ""name"": ""WCH USB PD"", ""source_kind"": ""qinheng_structured_table"", ""count"": ""1"", ""n"": ""1""}, {""type"": ""ADC"", ""name"": ""WCH HS ADC"", ""source_kind"": ""qinheng_structured_table"", ""count"": ""1"", ""n"": ""1""}, {""type"": ""I3C"", ""name"": ""WCH I3C"", ""source_kind"": ""qinheng_structured_table"", ""count"": ""1"", ""n"": ""1""}, {""type"": ""Audio"", ""name"": ""WCH SAI"", ""source_kind"": ""qinheng_structured_table"", ""count"": ""1"", ""n"": ""1""}, {""type"": ""Timer"", ""name"": ""WCH LPTIM"", ""source_kind"": ""qinheng_structured_table"", ""count"": ""1"", ""n"": ""1""}, {""type"": ""Display"", ""name"": ""WCH LTDC"", ""source_kind"": ""qinheng_structured_table"", ""count"": ""1"", ""n"": ""1""}]","[{""title"": ""WCH CH32H417 product page"", ""url"": ""https://www.wch.cn/products/CH32H417.html""}]",,unknown,qinheng:ch32-data-yaml:CH32H417QEU6.yaml,https://www.wch.cn/products/CH32H417.html,structured-snapshot,2026-08-30T15:23:23+00:00,manufacturer_device_database
qinheng::ch32h417we,qinheng::ch32::ch32h417,Qinheng,general_purpose_mcu,RISC-V,CH32,CH32H417,CH32H417,CH32H417WE,CH32H417WE,WE,"[{""Darchitecture"": ""RISC-V"", ""Dcore"": ""QingKe V3F"", ""DcoreCount"": ""1"", ""Dfpu"": ""FPU""}, {""Darchitecture"": ""RISC-V"", ""Dcore"": ""QingKe V5F"", ""DcoreCount"": ""1"", ""Dfpu"": ""FPU""}]",,983040,917504,QFN68,,"[{""name"": ""USR_1"", ""size"": 983040}, {""name"": ""ITCM"", ""size"": 131072}, {""name"": ""DTCM"", ""size"": 262144}, {""name"": ""SRAM_SHARED"", ""size"": 524288}, {""name"": ""RAM"", ""size"": 917504}]","[{""type"": ""ADC"", ""name"": ""12-bit ADC channels"", ""source_kind"": ""qinheng_structured_table"", ""count"": ""2"", ""n"": ""2"", ""m"": ""12-bit""}, {""type"": ""I2C"", ""name"": ""I²C"", ""source_kind"": ""qinheng_structured_table"", ""count"": ""4"", ""n"": ""4""}, {""type"": ""SPI"", ""name"": ""SPI"", ""source_kind"": ""qinheng_structured_table"", ""count"": ""4"", ""n"": ""4""}, {""type"": ""CAN"", ""name"": ""CAN"", ""source_kind"": ""qinheng_structured_table"", ""count"": ""3"", ""n"": ""3""}, {""type"": ""USART"", ""name"": ""USART"", ""source_kind"": ""qinheng_structured_table"", ""count"": ""8"", ""n"": ""8""}, {""type"": ""Timer"", ""name"": ""Advanced/general timer groups"", ""source_kind"": ""qinheng_structured_table"", ""count"": ""12"", ""n"": ""12"", ""m"": ""12/0""}, {""type"": ""USBSS"", ""name"": ""WCH USB SuperSpeed"", ""source_kind"": ""qinheng_structured_table"", ""count"": ""1"", ""n"": ""1""}, {""type"": ""ADC"", ""name"": ""WCH HS ADC"", ""source_kind"": ""qinheng_structured_table"", ""count"": ""1"", ""n"": ""1""}, {""type"": ""I3C"", ""name"": ""WCH I3C"", ""source_kind"": ""qinheng_structured_table"", ""count"": ""1"", ""n"": ""1""}, {""type"": ""Audio"", ""name"": ""WCH SAI"", ""source_kind"": ""qinheng_structured_table"", ""count"": ""1"", ""n"": ""1""}, {""type"": ""Timer"", ""name"": ""WCH LPTIM"", ""source_kind"": ""qinheng_structured_table"", ""count"": ""1"", ""n"": ""1""}]","[{""title"": ""WCH CH32H417 product page"", ""url"": ""https://www.wch.cn/products/CH32H417.html""}]",,unknown,qinheng:ch32-data-yaml:CH32H417WEU6.yaml,https://www.wch.cn/products/CH32H417.html,structured-snapshot,2026-08-30T15:23:23+00:00,manufacturer_device_database
qinheng::ch32l103c8,qinheng::ch32::ch32l103,Qinheng,general_purpose_mcu,RISC-V,CH32,CH32L103,CH32L103,CH32L103C8,CH32L103C8,C8,"[{""Darchitecture"": ""RISC-V"", ""Dcore"": ""QingKe V4C"", ""DcoreCount"": ""1"", ""Dfpu"": ""0""}]",96000000,65536,20480,LQFP48,37,[],"[{""type"": ""ADC"", ""name"": ""12-bit ADC channels"", ""source_kind"": ""qinheng_structured_table"", ""count"": ""10"", ""n"": ""10"", ""m"": ""12-bit""}, {""type"": ""ADCUnits"", ""name"": ""ADC converter units"", ""source_kind"": ""qinheng_structured_table"", ""count"": ""1"", ""n"": ""1"", ""m"": ""12-bit""}, {""type"": ""I2C"", ""name"": ""I²C"", ""source_kind"": ""qinheng_structured_table"", ""count"": ""2"", ""n"": ""2""}, {""type"": ""SPI"", ""name"": ""SPI"", ""source_kind"": ""qinheng_structured_table"", ""count"": ""2"", ""n"": ""2""}, {""type"": ""CAN"", ""name"": ""CAN"", ""source_kind"": ""qinheng_structured_table"", ""count"": ""1"", ""n"": ""1""}, {""type"": ""USART"", ""name"": ""USART"", ""source_kind"": ""qinheng_structured_table"", ""count"": ""4"", ""n"": ""4""}, {""type"": ""Timer"", ""name"": ""Advanced/general timer groups"", ""source_kind"": ""qinheng_structured_table"", ""count"": ""4"", ""n"": ""4"", ""m"": ""1/3""}, {""type"": ""OPAMP"", ""name"": ""OPA / comparator"", ""source_kind"": ""qinheng_structured_table"", ""count"": ""1"", ""n"": ""1""}, {""type"": ""Touch"", ""name"": ""TouchKey channels"", ""source_kind"": ""qinheng_structured_table"", ""count"": ""10"", ""n"": ""10""}, {""type"": ""IOs"", ""name"": ""GPIO"", ""source_kind"": ""qinheng_structured_table"", ""count"": ""37"", ""n"": ""37""}, {""type"": ""WDT"", ""name"": ""Watchdog timers"", ""source_kind"": ""qinheng_structured_table"", ""count"": ""2"", ""n"": ""2""}, {""type"": ""RTC"", ""name"": ""RTC"", ""source_kind"": ""qinheng_structured_table"", ""count"": ""1"", ""n"": ""1""}, {""type"": ""USBH"", ""name"": ""USB Host"", ""source_kind"": ""qinheng_structured_table"", ""count"": ""1"", ""n"": ""1""}, {""type"": ""USBD"", ""name"": ""USB Device"", ""source_kind"": ""qinheng_structured_table"", ""count"": ""1"", ""n"": ""1""}, {""type"": ""VendorCapability"", ""name"": ""WCH VDD: 3.3"", ""source_kind"": ""qinheng_structured_table"", ""count"": ""1"", ""n"": ""1"", ""m"": ""3.3""}]","[{""title"": ""WCH CH32L103 product page"", ""url"": ""https://www.wch.cn/products/CH32L103.html""}]",,unknown,qinheng:ch32-table,https://www.wch.cn/products/CH32L103.html,structured-snapshot,2026-08-30T15:23:23+00:00,manufacturer_product_page
qinheng::ch32l103f7,qinheng::ch32::ch32l103,Qinheng,general_purpose_mcu,RISC-V,CH32,CH32L103,CH32L103,CH32L103F7,CH32L103F7,F7,"[{""Darchitecture"": ""RISC-V"", ""Dcore"": ""QingKe V4C"", ""DcoreCount"": ""1"", ""Dfpu"": ""0""}]",96000000,49152,20480,TSSOP20,16,[],"[{""type"": ""ADC"", ""name"": ""12-bit ADC channels"", ""source_kind"": ""qinheng_structured_table"", ""count"": ""9"", ""n"": ""9"", ""m"": ""12-bit""}, {""type"": ""ADCUnits"", ""name"": ""ADC converter units"", ""source_kind"": ""qinheng_structured_table"", ""count"": ""1"", ""n"": ""1"", ""m"": ""12-bit""}, {""type"": ""I2C"", ""name"": ""I²C"", ""source_kind"": ""qinheng_structured_table"", ""count"": ""2"", ""n"": ""2""}, {""type"": ""SPI"", ""name"": ""SPI"", ""source_kind"": ""qinheng_structured_table"", ""count"": ""1"", ""n"": ""1""}, {""type"": ""CAN"", ""name"": ""CAN"", ""source_kind"": ""qinheng_structured_table"", ""count"": ""1"", ""n"": ""1""}, {""type"": ""USART"", ""name"": ""USART"", ""source_kind"": ""qinheng_structured_table"", ""count"": ""4"", ""n"": ""4""}, {""type"": ""Timer"", ""name"": ""Advanced/general timer groups"", ""source_kind"": ""qinheng_structured_table"", ""count"": ""4"", ""n"": ""4"", ""m"": ""1/3""}, {""type"": ""OPAMP"", ""name"": ""OPA / comparator"", ""source_kind"": ""qinheng_structured_table"", ""count"": ""1"", ""n"": ""1""}, {""type"": ""Touch"", ""name"": ""TouchKey channels"", ""source_kind"": ""qinheng_structured_table"", ""count"": ""9"", ""n"": ""9""}, {""type"": ""IOs"", ""name"": ""GPIO"", ""source_kind"": ""qinheng_structured_table"", ""count"": ""16"", ""n"": ""16""}, {""type"": ""WDT"", ""name"": ""Watchdog timers"", ""source_kind"": ""qinheng_structured_table"", ""count"": ""2"", ""n"": ""2""}, {""type"": ""RTC"", ""name"": ""RTC"", ""source_kind"": ""qinheng_structured_table"", ""count"": ""1"", ""n"": ""1""}, {""type"": ""USBD"", ""name"": ""USB Device"", ""source_kind"": ""qinheng_structured_table"", ""count"": ""1"", ""n"": ""1""}, {""type"": ""VendorCapability"", ""name"": ""WCH VDD: 3.3"", ""source_kind"": ""qinheng_structured_table"", ""count"": ""1"", ""n"": ""1"", ""m"": ""3.3""}]","[{""title"": ""WCH CH32L103 product page"", ""url"": ""https://www.wch.cn/products/CH32L103.html""}]",,unknown,qinheng:ch32-table,https://www.wch.cn/products/CH32L103.html,structured-snapshot,2026-08-30T15:23:23+00:00,manufacturer_product_page
qinheng::ch32l103f8,qinheng::ch32::ch32l103,Qinheng,general_purpose_mcu,RISC-V,CH32,CH32L103,CH32L103,CH32L103F8,CH32L103F8,F8,"[{""Darchitecture"": ""RISC-V"", ""Dcore"": ""QingKe V4C"", ""DcoreCount"": ""1"", ""Dfpu"": ""0""}]",96000000,65536,20480,QFN20,19,[],"[{""type"": ""ADC"", ""name"": ""12-bit ADC channels"", ""source_kind"": ""qinheng_structured_table"", ""count"": ""10"", ""n"": ""10"", ""m"": ""12-bit""}, {""type"": ""ADCUnits"", ""name"": ""ADC converter units"", ""source_kind"": ""qinheng_structured_table"", ""count"": ""1"", ""n"": ""1"", ""m"": ""12-bit""}, {""type"": ""I2C"", ""name"": ""I²C"", ""source_kind"": ""qinheng_structured_table"", ""count"": ""2"", ""n"": ""2""}, {""type"": ""SPI"", ""name"": ""SPI"", ""source_kind"": ""qinheng_structured_table"", ""count"": ""2"", ""n"": ""2""}, {""type"": ""CAN"", ""name"": ""CAN"", ""source_kind"": ""qinheng_structured_table"", ""count"": ""1"", ""n"": ""1""}, {""type"": ""USART"", ""name"": ""USART"", ""source_kind"": ""qinheng_structured_table"", ""count"": ""4"", ""n"": ""4""}, {""type"": ""Timer"", ""name"": ""Advanced/general timer groups"", ""source_kind"": ""qinheng_structured_table"", ""count"": ""4"", ""n"": ""4"", ""m"": ""1/3""}, {""type"": ""OPAMP"", ""name"": ""OPA / comparator"", ""source_kind"": ""qinheng_structured_table"", ""count"": ""1"", ""n"": ""1""}, {""type"": ""Touch"", ""name"": ""TouchKey channels"", ""source_kind"": ""qinheng_structured_table"", ""count"": ""10"", ""n"": ""10""}, {""type"": ""IOs"", ""name"": ""GPIO"", ""source_kind"": ""qinheng_structured_table"", ""count"": ""19"", ""n"": ""19""}, {""type"": ""WDT"", ""name"": ""Watchdog timers"", ""source_kind"": ""qinheng_structured_table"", ""count"": ""2"", ""n"": ""2""}, {""type"": ""RTC"", ""name"": ""RTC"", ""source_kind"": ""qinheng_structured_table"", ""count"": ""1"", ""n"": ""1""}, {""type"": ""USBH"", ""name"": ""USB Host"", ""source_kind"": ""qinheng_structured_table"", ""count"": ""1"", ""n"": ""1""}, {""type"": ""USBD"", ""name"": ""USB Device"", ""source_kind"": ""qinheng_structured_table"", ""count"": ""1"", ""n"": ""1""}, {""type"": ""VendorCapability"", ""name"": ""WCH VDD: 3.3"", ""source_kind"": ""qinheng_structured_table"", ""count"": ""1"", ""n"": ""1"", ""m"": ""3.3""}]","[{""title"": ""WCH CH32L103 product page"", ""url"": ""https://www.wch.cn/products/CH32L103.html""}]",,unknown,qinheng:ch32-table,https://www.wch.cn/products/CH32L103.html,structured-snapshot,2026-08-30T15:23:23+00:00,manufacturer_product_page
qinheng::ch32l103g8,qinheng::ch32::ch32l103,Qinheng,general_purpose_mcu,RISC-V,CH32,CH32L103,CH32L103,CH32L103G8,CH32L103G8,G8,"[{""Darchitecture"": ""RISC-V"", ""Dcore"": ""QingKe V4C"", ""DcoreCount"": ""1"", ""Dfpu"": ""0""}]",96000000,65536,20480,QSOP28,25,[],"[{""type"": ""ADC"", ""name"": ""12-bit ADC channels"", ""source_kind"": ""qinheng_structured_table"", ""count"": ""10"", ""n"": ""10"", ""m"": ""12-bit""}, {""type"": ""ADCUnits"", ""name"": ""ADC converter units"", ""source_kind"": ""qinheng_structured_table"", ""count"": ""1"", ""n"": ""1"", ""m"": ""12-bit""}, {""type"": ""I2C"", ""name"": ""I²C"", ""source_kind"": ""qinheng_structured_table"", ""count"": ""2"", ""n"": ""2""}, {""type"": ""SPI"", ""name"": ""SPI"", ""source_kind"": ""qinheng_structured_table"", ""count"": ""2"", ""n"": ""2""}, {""type"": ""CAN"", ""name"": ""CAN"", ""source_kind"": ""qinheng_structured_table"", ""count"": ""1"", ""n"": ""1""}, {""type"": ""USART"", ""name"": ""USART"", ""source_kind"": ""qinheng_structured_table"", ""count"": ""4"", ""n"": ""4""}, {""type"": ""Timer"", ""name"": ""Advanced/general timer groups"", ""source_kind"": ""qinheng_structured_table"", ""count"": ""4"", ""n"": ""4"", ""m"": ""1/3""}, {""type"": ""OPAMP"", ""name"": ""OPA / comparator"", ""source_kind"": ""qinheng_structured_table"", ""count"": ""1"", ""n"": ""1""}, {""type"": ""Touch"", ""name"": ""TouchKey channels"", ""source_kind"": ""qinheng_structured_table"", ""count"": ""10"", ""n"": ""10""}, {""type"": ""IOs"", ""name"": ""GPIO"", ""source_kind"": ""qinheng_structured_table"", ""count"": ""25"", ""n"": ""25""}, {""type"": ""WDT"", ""name"": ""Watchdog timers"", ""source_kind"": ""qinheng_structured_table"", ""count"": ""2"", ""n"": ""2""}, {""type"": ""RTC"", ""name"": ""RTC"", ""source_kind"": ""qinheng_structured_table"", ""count"": ""1"", ""n"": ""1""}, {""type"": ""USBH"", ""name"": ""USB Host"", ""source_kind"": ""qinheng_structured_table"", ""count"": ""1"", ""n"": ""1""}, {""type"": ""USBD"", ""name"": ""USB Device"", ""source_kind"": ""qinheng_structured_table"", ""count"": ""1"", ""n"": ""1""}, {""type"": ""VendorCapability"", ""name"": ""WCH VDD: 3.3"", ""source_kind"": ""qinheng_structured_table"", ""count"": ""1"", ""n"": ""1"", ""m"": ""3.3""}]","[{""title"": ""WCH CH32L103 product page"", ""url"": ""https://www.wch.cn/products/CH32L103.html""}]",,unknown,qinheng:ch32-table,https://www.wch.cn/products/CH32L103.html,structured-snapshot,2026-08-30T15:23:23+00:00,manufacturer_product_page
qinheng::ch32l103k8,qinheng::ch32::ch32l103,Qinheng,general_purpose_mcu,RISC-V,CH32,CH32L103,CH32L103,CH32L103K8,CH32L103K8,K8,"[{""Darchitecture"": ""RISC-V"", ""Dcore"": ""QingKe V4C"", ""DcoreCount"": ""1"", ""Dfpu"": ""0""}]",96000000,65536,20480,QFN32,28,[],"[{""type"": ""ADC"", ""name"": ""12-bit ADC channels"", ""source_kind"": ""qinheng_structured_table"", ""count"": ""10"", ""n"": ""10"", ""m"": ""12-bit""}, {""type"": ""ADCUnits"", ""name"": ""ADC converter units"", ""source_kind"": ""qinheng_structured_table"", ""count"": ""1"", ""n"": ""1"", ""m"": ""12-bit""}, {""type"": ""I2C"", ""name"": ""I²C"", ""source_kind"": ""qinheng_structured_table"", ""count"": ""2"", ""n"": ""2""}, {""type"": ""SPI"", ""name"": ""SPI"", ""source_kind"": ""qinheng_structured_table"", ""count"": ""1"", ""n"": ""1""}, {""type"": ""CAN"", ""name"": ""CAN"", ""source_kind"": ""qinheng_structured_table"", ""count"": ""1"", ""n"": ""1""}, {""type"": ""USART"", ""name"": ""USART"", ""source_kind"": ""qinheng_structured_table"", ""count"": ""4"", ""n"": ""4""}, {""type"": ""Timer"", ""name"": ""Advanced/general timer groups"", ""source_kind"": ""qinheng_structured_table"", ""count"": ""4"", ""n"": ""4"", ""m"": ""1/3""}, {""type"": ""OPAMP"", ""name"": ""OPA / comparator"", ""source_kind"": ""qinheng_structured_table"", ""count"": ""1"", ""n"": ""1""}, {""type"": ""Touch"", ""name"": ""TouchKey channels"", ""source_kind"": ""qinheng_structured_table"", ""count"": ""10"", ""n"": ""10""}, {""type"": ""IOs"", ""name"": ""GPIO"", ""source_kind"": ""qinheng_structured_table"", ""count"": ""28"", ""n"": ""28""}, {""type"": ""WDT"", ""name"": ""Watchdog timers"", ""source_kind"": ""qinheng_structured_table"", ""count"": ""2"", ""n"": ""2""}, {""type"": ""RTC"", ""name"": ""RTC"", ""source_kind"": ""qinheng_structured_table"", ""count"": ""1"", ""n"": ""1""}, {""type"": ""USBH"", ""name"": ""USB Host"", ""source_kind"": ""qinheng_structured_table"", ""count"": ""1"", ""n"": ""1""}, {""type"": ""USBD"", ""name"": ""USB Device"", ""source_kind"": ""qinheng_structured_table"", ""count"": ""1"", ""n"": ""1""}, {""type"": ""VendorCapability"", ""name"": ""WCH VDD: 3.3"", ""source_kind"": ""qinheng_structured_table"", ""count"": ""1"", ""n"": ""1"", ""m"": ""3.3""}]","[{""title"": ""WCH CH32L103 product page"", ""url"": ""https://www.wch.cn/products/CH32L103.html""}]",,unknown,qinheng:ch32-table,https://www.wch.cn/products/CH32L103.html,structured-snapshot,2026-08-30T15:23:23+00:00,manufacturer_product_page
qinheng::ch32v003a4,qinheng::ch32::ch32v003,Qinheng,general_purpose_mcu,RISC-V,CH32,CH32V003,CH32V003,CH32V003A4,CH32V003A4,A4,"[{""Darchitecture"": ""RISC-V"", ""Dcore"": ""QingKe V2A/V2C"", ""DcoreCount"": ""1"", ""Dfpu"": ""0""}]",48000000,16384,2048,SOP16,14,[],"[{""type"": ""ADC"", ""name"": ""12-bit ADC channels"", ""source_kind"": ""qinheng_structured_table"", ""count"": ""6"", ""n"": ""6"", ""m"": ""12-bit""}, {""type"": ""ADCUnits"", ""name"": ""ADC converter units"", ""source_kind"": ""qinheng_structured_table"", ""count"": ""1"", ""n"": ""1"", ""m"": ""12-bit""}, {""type"": ""I2C"", ""name"": ""I²C"", ""source_kind"": ""qinheng_structured_table"", ""count"": ""1"", ""n"": ""1""}, {""type"": ""USART"", ""name"": ""USART"", ""source_kind"": ""qinheng_structured_table"", ""count"": ""1"", ""n"": ""1""}, {""type"": ""Timer"", ""name"": ""Advanced/general timer groups"", ""source_kind"": ""qinheng_structured_table"", ""count"": ""2"", ""n"": ""2"", ""m"": ""1/1""}, {""type"": ""OPAMP"", ""name"": ""OPA / comparator"", ""source_kind"": ""qinheng_structured_table"", ""count"": ""1"", ""n"": ""1""}, {""type"": ""IOs"", ""name"": ""GPIO"", ""source_kind"": ""qinheng_structured_table"", ""count"": ""14"", ""n"": ""14""}, {""type"": ""WDT"", ""name"": ""Watchdog timers"", ""source_kind"": ""qinheng_structured_table"", ""count"": ""2"", ""n"": ""2""}, {""type"": ""VendorCapability"", ""name"": ""WCH VDD: 3.3/5.0"", ""source_kind"": ""qinheng_structured_table"", ""count"": ""1"", ""n"": ""1"", ""m"": ""3.3/5.0""}]","[{""title"": ""WCH CH32V003 product page"", ""url"": ""https://www.wch.cn/products/CH32V003.html""}]",,unknown,qinheng:ch32-table,https://www.wch.cn/products/CH32V003.html,structured-snapshot,2026-08-30T15:23:23+00:00,manufacturer_product_page
qinheng::ch32v003f4,qinheng::ch32::ch32v003,Qinheng,general_purpose_mcu,RISC-V,CH32,CH32V003,CH32V003,CH32V003F4,CH32V003F4,F4,"[{""Darchitecture"": ""RISC-V"", ""Dcore"": ""QingKe V2A/V2C"", ""DcoreCount"": ""1"", ""Dfpu"": ""0""}]",48000000,16384,2048,TSSOP20,18,[],"[{""type"": ""ADC"", ""name"": ""12-bit ADC channels"", ""source_kind"": ""qinheng_structured_table"", ""count"": ""8"", ""n"": ""8"", ""m"": ""12-bit""}, {""type"": ""ADCUnits"", ""name"": ""ADC converter units"", ""source_kind"": ""qinheng_structured_table"", ""count"": ""1"", ""n"": ""1"", ""m"": ""12-bit""}, {""type"": ""I2C"", ""name"": ""I²C"", ""source_kind"": ""qinheng_structured_table"", ""count"": ""1"", ""n"": ""1""}, {""type"": ""SPI"", ""name"": ""SPI"", ""source_kind"": ""qinheng_structured_table"", ""count"": ""1"", ""n"": ""1""}, {""type"": ""USART"", ""name"": ""USART"", ""source_kind"": ""qinheng_structured_table"", ""count"": ""1"", ""n"": ""1""}, {""type"": ""Timer"", ""name"": ""Advanced/general timer groups"", ""source_kind"": ""qinheng_structured_table"", ""count"": ""2"", ""n"": ""2"", ""m"": ""1/1""}, {""type"": ""OPAMP"", ""name"": ""OPA / comparator"", ""source_kind"": ""qinheng_structured_table"", ""count"": ""1"", ""n"": ""1""}, {""type"": ""IOs"", ""name"": ""GPIO"", ""source_kind"": ""qinheng_structured_table"", ""count"": ""18"", ""n"": ""18""}, {""type"": ""WDT"", ""name"": ""Watchdog timers"", ""source_kind"": ""qinheng_structured_table"", ""count"": ""2"", ""n"": ""2""}, {""type"": ""VendorCapability"", ""name"": ""WCH VDD: 3.3/5.0"", ""source_kind"": ""qinheng_structured_table"", ""count"": ""1"", ""n"": ""1"", ""m"": ""3.3/5.0""}]","[{""title"": ""WCH CH32V003 product page"", ""url"": ""https://www.wch.cn/products/CH32V003.html""}]",,unknown,qinheng:ch32-table,https://www.wch.cn/products/CH32V003.html,structured-snapshot,2026-08-30T15:23:23+00:00,manufacturer_product_page
qinheng::ch32v003j4,qinheng::ch32::ch32v003,Qinheng,general_purpose_mcu,RISC-V,CH32,CH32V003,CH32V003,CH32V003J4,CH32V003J4,J4,"[{""Darchitecture"": ""RISC-V"", ""Dcore"": ""QingKe V2A/V2C"", ""DcoreCount"": ""1"", ""Dfpu"": ""0""}]",48000000,16384,2048,SOP8,6,[],"[{""type"": ""ADC"", ""name"": ""12-bit ADC channels"", ""source_kind"": ""qinheng_structured_table"", ""count"": ""6"", ""n"": ""6"", ""m"": ""12-bit""}, {""type"": ""ADCUnits"", ""name"": ""ADC converter units"", ""source_kind"": ""qinheng_structured_table"", ""count"": ""1"", ""n"": ""1"", ""m"": ""12-bit""}, {""type"": ""I2C"", ""name"": ""I²C"", ""source_kind"": ""qinheng_structured_table"", ""count"": ""1"", ""n"": ""1""}, {""type"": ""USART"", ""name"": ""USART"", ""source_kind"": ""qinheng_structured_table"", ""count"": ""1"", ""n"": ""1""}, {""type"": ""Timer"", ""name"": ""Advanced/general timer groups"", ""source_kind"": ""qinheng_structured_table"", ""count"": ""2"", ""n"": ""2"", ""m"": ""1/1""}, {""type"": ""OPAMP"", ""name"": ""OPA / comparator"", ""source_kind"": ""qinheng_structured_table"", ""count"": ""1"", ""n"": ""1""}, {""type"": ""IOs"", ""name"": ""GPIO"", ""source_kind"": ""qinheng_structured_table"", ""count"": ""6"", ""n"": ""6""}, {""type"": ""WDT"", ""name"": ""Watchdog timers"", ""source_kind"": ""qinheng_structured_table"", ""count"": ""2"", ""n"": ""2""}, {""type"": ""VendorCapability"", ""name"": ""WCH VDD: 3.3/5.0"", ""source_kind"": ""qinheng_structured_table"", ""count"": ""1"", ""n"": ""1"", ""m"": ""3.3/5.0""}]","[{""title"": ""WCH CH32V003 product page"", ""url"": ""https://www.wch.cn/products/CH32V003.html""}]",,unknown,qinheng:ch32-table,https://www.wch.cn/products/CH32V003.html,structured-snapshot,2026-08-30T15:23:23+00:00,manufacturer_product_page
qinheng::ch32v103c6,qinheng::ch32::ch32v103,Qinheng,general_purpose_mcu,RISC-V,CH32,CH32V103,CH32V103,CH32V103C6,CH32V103C6,C6,"[{""Darchitecture"": ""RISC-V"", ""Dcore"": ""QingKe V3A"", ""DcoreCount"": ""1"", ""Dfpu"": ""0""}]",80000000,32768,10240,LQFP48,37,[],"[{""type"": ""ADC"", ""name"": ""12-bit ADC channels"", ""source_kind"": ""qinheng_structured_table"", ""count"": ""10"", ""n"": ""10"", ""m"": ""12-bit""}, {""type"": ""ADCUnits"", ""name"": ""ADC converter units"", ""source_kind"": ""qinheng_structured_table"", ""count"": ""1"", ""n"": ""1"", ""m"": ""12-bit""}, {""type"": ""I2C"", ""name"": ""I²C"", ""source_kind"": ""qinheng_structured_table"", ""count"": ""1"", ""n"": ""1""}, {""type"": ""SPI"", ""name"": ""SPI"", ""source_kind"": ""qinheng_structured_table"", ""count"": ""1"", ""n"": ""1""}, {""type"": ""USART"", ""name"": ""USART"", ""source_kind"": ""qinheng_structured_table"", ""count"": ""2"", ""n"": ""2""}, {""type"": ""Timer"", ""name"": ""Advanced/general timer groups"", ""source_kind"": ""qinheng_structured_table"", ""count"": ""3"", ""n"": ""3"", ""m"": ""1/2""}, {""type"": ""Touch"", ""name"": ""TouchKey channels"", ""source_kind"": ""qinheng_structured_table"", ""count"": ""10"", ""n"": ""10""}, {""type"": ""IOs"", ""name"": ""GPIO"", ""source_kind"": ""qinheng_structured_table"", ""count"": ""37"", ""n"": ""37""}, {""type"": ""WDT"", ""name"": ""Watchdog timers"", ""source_kind"": ""qinheng_structured_table"", ""count"": ""2"", ""n"": ""2""}, {""type"": ""RTC"", ""name"": ""RTC"", ""source_kind"": ""qinheng_structured_table"", ""count"": ""1"", ""n"": ""1""}, {""type"": ""USBH"", ""name"": ""USB Host"", ""source_kind"": ""qinheng_structured_table"", ""count"": ""1"", ""n"": ""1""}, {""type"": ""USBD"", ""name"": ""USB Device"", ""source_kind"": ""qinheng_structured_table"", ""count"": ""1"", ""n"": ""1""}, {""type"": ""VendorCapability"", ""name"": ""WCH VDD: 3.3/5.0"", ""source_kind"": ""qinheng_structured_table"", ""count"": ""1"", ""n"": ""1"", ""m"": ""3.3/5.0""}]","[{""title"": ""WCH CH32V103 product page"", ""url"": ""https://www.wch.cn/products/CH32V103.html""}]",,unknown,qinheng:ch32-table,https://www.wch.cn/products/CH32V103.html,structured-snapshot,2026-08-30T15:23:23+00:00,manufacturer_product_page
qinheng::ch32v103c8,qinheng::ch32::ch32v103,Qinheng,general_purpose_mcu,RISC-V,CH32,CH32V103,CH32V103,CH32V103C8,CH32V103C8,C8,"[{""Darchitecture"": ""RISC-V"", ""Dcore"": ""QingKe V3A"", ""DcoreCount"": ""1"", ""Dfpu"": ""0""}]",80000000,65536,20480,LQFP48,37,[],"[{""type"": ""ADC"", ""name"": ""12-bit ADC channels"", ""source_kind"": ""qinheng_structured_table"", ""count"": ""10"", ""n"": ""10"", ""m"": ""12-bit""}, {""type"": ""ADCUnits"", ""name"": ""ADC converter units"", ""source_kind"": ""qinheng_structured_table"", ""count"": ""1"", ""n"": ""1"", ""m"": ""12-bit""}, {""type"": ""I2C"", ""name"": ""I²C"", ""source_kind"": ""qinheng_structured_table"", ""count"": ""2"", ""n"": ""2""}, {""type"": ""SPI"", ""name"": ""SPI"", ""source_kind"": ""qinheng_structured_table"", ""count"": ""2"", ""n"": ""2""}, {""type"": ""USART"", ""name"": ""USART"", ""source_kind"": ""qinheng_structured_table"", ""count"": ""3"", ""n"": ""3""}, {""type"": ""Timer"", ""name"": ""Advanced/general timer groups"", ""source_kind"": ""qinheng_structured_table"", ""count"": ""4"", ""n"": ""4"", ""m"": ""1/3""}, {""type"": ""Touch"", ""name"": ""TouchKey channels"", ""source_kind"": ""qinheng_structured_table"", ""count"": ""10"", ""n"": ""10""}, {""type"": ""IOs"", ""name"": ""GPIO"", ""source_kind"": ""qinheng_structured_table"", ""count"": ""37"", ""n"": ""37""}, {""type"": ""WDT"", ""name"": ""Watchdog timers"", ""source_kind"": ""qinheng_structured_table"", ""count"": ""2"", ""n"": ""2""}, {""type"": ""RTC"", ""name"": ""RTC"", ""source_kind"": ""qinheng_structured_table"", ""count"": ""1"", ""n"": ""1""}, {""type"": ""USBH"", ""name"": ""USB Host"", ""source_kind"": ""qinheng_structured_table"", ""count"": ""1"", ""n"": ""1""}, {""type"": ""USBD"", ""name"": ""USB Device"", ""source_kind"": ""qinheng_structured_table"", ""count"": ""1"", ""n"": ""1""}, {""type"": ""VendorCapability"", ""name"": ""WCH VDD: 3.3/5.0"", ""source_kind"": ""qinheng_structured_table"", ""count"": ""1"", ""n"": ""1"", ""m"": ""3.3/5.0""}]","[{""title"": ""WCH CH32V103 product page"", ""url"": ""https://www.wch.cn/products/CH32V103.html""}]",,unknown,qinheng:ch32-table,https://www.wch.cn/products/CH32V103.html,structured-snapshot,2026-08-30T15:23:23+00:00,manufacturer_product_page
qinheng::ch32v103r8,qinheng::ch32::ch32v103,Qinheng,general_purpose_mcu,RISC-V,CH32,CH32V103,CH32V103,CH32V103R8,CH32V103R8,R8,"[{""Darchitecture"": ""RISC-V"", ""Dcore"": ""QingKe V3A"", ""DcoreCount"": ""1"", ""Dfpu"": ""0""}]",80000000,65536,20480,LQFP64M,51,[],"[{""type"": ""ADC"", ""name"": ""12-bit ADC channels"", ""source_kind"": ""qinheng_structured_table"", ""count"": ""16"", ""n"": ""16"", ""m"": ""12-bit""}, {""type"": ""ADCUnits"", ""name"": ""ADC converter units"", ""source_kind"": ""qinheng_structured_table"", ""count"": ""1"", ""n"": ""1"", ""m"": ""12-bit""}, {""type"": ""I2C"", ""name"": ""I²C"", ""source_kind"": ""qinheng_structured_table"", ""count"": ""2"", ""n"": ""2""}, {""type"": ""SPI"", ""name"": ""SPI"", ""source_kind"": ""qinheng_structured_table"", ""count"": ""2"", ""n"": ""2""}, {""type"": ""USART"", ""name"": ""USART"", ""source_kind"": ""qinheng_structured_table"", ""count"": ""3"", ""n"": ""3""}, {""type"": ""Timer"", ""name"": ""Advanced/general timer groups"", ""source_kind"": ""qinheng_structured_table"", ""count"": ""4"", ""n"": ""4"", ""m"": ""1/3""}, {""type"": ""Touch"", ""name"": ""TouchKey channels"", ""source_kind"": ""qinheng_structured_table"", ""count"": ""16"", ""n"": ""16""}, {""type"": ""IOs"", ""name"": ""GPIO"", ""source_kind"": ""qinheng_structured_table"", ""count"": ""51"", ""n"": ""51""}, {""type"": ""WDT"", ""name"": ""Watchdog timers"", ""source_kind"": ""qinheng_structured_table"", ""count"": ""2"", ""n"": ""2""}, {""type"": ""RTC"", ""name"": ""RTC"", ""source_kind"": ""qinheng_structured_table"", ""count"": ""1"", ""n"": ""1""}, {""type"": ""USBH"", ""name"": ""USB Host"", ""source_kind"": ""qinheng_structured_table"", ""count"": ""1"", ""n"": ""1""}, {""type"": ""USBD"", ""name"": ""USB Device"", ""source_kind"": ""qinheng_structured_table"", ""count"": ""1"", ""n"": ""1""}, {""type"": ""VendorCapability"", ""name"": ""WCH VDD: 3.3/5.0"", ""source_kind"": ""qinheng_structured_table"", ""count"": ""1"", ""n"": ""1"", ""m"": ""3.3/5.0""}]","[{""title"": ""WCH CH32V103 product page"", ""url"": ""https://www.wch.cn/products/CH32V103.html""}]",,unknown,qinheng:ch32-table,https://www.wch.cn/products/CH32V103.html,structured-snapshot,2026-08-30T15:23:23+00:00,manufacturer_product_page
qinheng::ch32v203c6,qinheng::ch32::ch32v203,Qinheng,general_purpose_mcu,RISC-V,CH32,CH32V203,CH32V203,CH32V203C6,CH32V203C6,C6,"[{""Darchitecture"": ""RISC-V"", ""Dcore"": ""QingKe V4B"", ""DcoreCount"": ""1"", ""Dfpu"": ""0""}]",144000000,32768,10240,LQFP48,37,[],"[{""type"": ""ADC"", ""name"": ""12-bit ADC channels"", ""source_kind"": ""qinheng_structured_table"", ""count"": ""10"", ""n"": ""10"", ""m"": ""12-bit""}, {""type"": ""ADCUnits"", ""name"": ""ADC converter units"", ""source_kind"": ""qinheng_structured_table"", ""count"": ""2"", ""n"": ""2"", ""m"": ""12-bit""}, {""type"": ""I2C"", ""name"": ""I²C"", ""source_kind"": ""qinheng_structured_table"", ""count"": ""1"", ""n"": ""1""}, {""type"": ""SPI"", ""name"": ""SPI"", ""source_kind"": ""qinheng_structured_table"", ""count"": ""1"", ""n"": ""1""}, {""type"": ""CAN"", ""name"": ""CAN"", ""source_kind"": ""qinheng_structured_table"", ""count"": ""1"", ""n"": ""1""}, {""type"": ""UART"", ""name"": ""UART"", ""source_kind"": ""qinheng_structured_table"", ""count"": ""2"", ""n"": ""2""}, {""type"": ""Timer"", ""name"": ""Advanced/general timer groups"", ""source_kind"": ""qinheng_structured_table"", ""count"": ""4"", ""n"": ""4"", ""m"": ""1/3""}, {""type"": ""OPAMP"", ""name"": ""OPA / comparator"", ""source_kind"": ""qinheng_structured_table"", ""count"": ""2"", ""n"": ""2""}, {""type"": ""Touch"", ""name"": ""TouchKey channels"", ""source_kind"": ""qinheng_structured_table"", ""count"": ""10"", ""n"": ""10""}, {""type"": ""IOs"", ""name"": ""GPIO"", ""source_kind"": ""qinheng_structured_table"", ""count"": ""37"", ""n"": ""37""}, {""type"": ""WDT"", ""name"": ""Watchdog timers"", ""source_kind"": ""qinheng_structured_table"", ""count"": ""2"", ""n"": ""2""}, {""type"": ""RTC"", ""name"": ""RTC"", ""source_kind"": ""qinheng_structured_table"", ""count"": ""1"", ""n"": ""1""}, {""type"": ""USBH"", ""name"": ""USB Host"", ""source_kind"": ""qinheng_structured_table"", ""count"": ""1"", ""n"": ""1""}, {""type"": ""USBD"", ""name"": ""USB Device"", ""source_kind"": ""qinheng_structured_table"", ""count"": ""2"", ""n"": ""2""}, {""type"": ""VendorCapability"", ""name"": ""WCH VDD: 2.5/3.3"", ""source_kind"": ""qinheng_structured_table"", ""count"": ""1"", ""n"": ""1"", ""m"": ""2.5/3.3""}]","[{""title"": ""WCH CH32V203 product page"", ""url"": ""https://www.wch.cn/products/CH32V203.html""}]",,unknown,qinheng:ch32-table,https://www.wch.cn/products/CH32V203.html,structured-snapshot,2026-08-30T15:23:23+00:00,manufacturer_product_page
qinheng::ch32v203c8,qinheng::ch32::ch32v203,Qinheng,general_purpose_mcu,RISC-V,CH32,CH32V203,CH32V203,CH32V203C8,CH32V203C8,C8,"[{""Darchitecture"": ""RISC-V"", ""Dcore"": ""QingKe V4B"", ""DcoreCount"": ""1"", ""Dfpu"": ""0""}]",144000000,65536,20480,QFN48X7,37,[],"[{""type"": ""ADC"", ""name"": ""12-bit ADC channels"", ""source_kind"": ""qinheng_structured_table"", ""count"": ""10"", ""n"": ""10"", ""m"": ""12-bit""}, {""type"": ""ADCUnits"", ""name"": ""ADC converter units"", ""source_kind"": ""qinheng_structured_table"", ""count"": ""2"", ""n"": ""2"", ""m"": ""12-bit""}, {""type"": ""I2C"", ""name"": ""I²C"", ""source_kind"": ""qinheng_structured_table"", ""count"": ""2"", ""n"": ""2""}, {""type"": ""SPI"", ""name"": ""SPI"", ""source_kind"": ""qinheng_structured_table"", ""count"": ""2"", ""n"": ""2""}, {""type"": ""CAN"", ""name"": ""CAN"", ""source_kind"": ""qinheng_structured_table"", ""count"": ""1"", ""n"": ""1""}, {""type"": ""UART"", ""name"": ""UART"", ""source_kind"": ""qinheng_structured_table"", ""count"": ""4"", ""n"": ""4""}, {""type"": ""Timer"", ""name"": ""Advanced/general timer groups"", ""source_kind"": ""qinheng_structured_table"", ""count"": ""4"", ""n"": ""4"", ""m"": ""1/3""}, {""type"": ""OPAMP"", ""name"": ""OPA / comparator"", ""source_kind"": ""qinheng_structured_table"", ""count"": ""2"", ""n"": ""2""}, {""type"": ""Touch"", ""name"": ""TouchKey channels"", ""source_kind"": ""qinheng_structured_table"", ""count"": ""10"", ""n"": ""10""}, {""type"": ""IOs"", ""name"": ""GPIO"", ""source_kind"": ""qinheng_structured_table"", ""count"": ""37"", ""n"": ""37""}, {""type"": ""WDT"", ""name"": ""Watchdog timers"", ""source_kind"": ""qinheng_structured_table"", ""count"": ""2"", ""n"": ""2""}, {""type"": ""RTC"", ""name"": ""RTC"", ""source_kind"": ""qinheng_structured_table"", ""count"": ""1"", ""n"": ""1""}, {""type"": ""USBH"", ""name"": ""USB Host"", ""source_kind"": ""qinheng_structured_table"", ""count"": ""1"", ""n"": ""1""}, {""type"": ""USBD"", ""name"": ""USB Device"", ""source_kind"": ""qinheng_structured_table"", ""count"": ""2"", ""n"": ""2""}, {""type"": ""VendorCapability"", ""name"": ""WCH VDD: 2.5/3.3"", ""source_kind"": ""qinheng_structured_table"", ""count"": ""1"", ""n"": ""1"", ""m"": ""2.5/3.3""}]","[{""title"": ""WCH CH32V203 product page"", ""url"": ""https://www.wch.cn/products/CH32V203.html""}]",,unknown,qinheng:ch32-table,https://www.wch.cn/products/CH32V203.html,structured-snapshot,2026-08-30T15:23:23+00:00,manufacturer_product_page
qinheng::ch32v203f6,qinheng::ch32::ch32v203,Qinheng,general_purpose_mcu,RISC-V,CH32,CH32V203,CH32V203,CH32V203F6,CH32V203F6,F6,"[{""Darchitecture"": ""RISC-V"", ""Dcore"": ""QingKe V4B"", ""DcoreCount"": ""1"", ""Dfpu"": ""0""}]",144000000,32768,10240,TSSOP20,16,[],"[{""type"": ""ADC"", ""name"": ""12-bit ADC channels"", ""source_kind"": ""qinheng_structured_table"", ""count"": ""9"", ""n"": ""9"", ""m"": ""12-bit""}, {""type"": ""ADCUnits"", ""name"": ""ADC converter units"", ""source_kind"": ""qinheng_structured_table"", ""count"": ""2"", ""n"": ""2"", ""m"": ""12-bit""}, {""type"": ""SPI"", ""name"": ""SPI"", ""source_kind"": ""qinheng_structured_table"", ""count"": ""1"", ""n"": ""1""}, {""type"": ""CAN"", ""name"": ""CAN"", ""source_kind"": ""qinheng_structured_table"", ""count"": ""1"", ""n"": ""1""}, {""type"": ""UART"", ""name"": ""UART"", ""source_kind"": ""qinheng_structured_table"", ""count"": ""1"", ""n"": ""1""}, {""type"": ""Timer"", ""name"": ""Advanced/general timer groups"", ""source_kind"": ""qinheng_structured_table"", ""count"": ""4"", ""n"": ""4"", ""m"": ""1/3""}, {""type"": ""OPAMP"", ""name"": ""OPA / comparator"", ""source_kind"": ""qinheng_structured_table"", ""count"": ""1"", ""n"": ""1""}, {""type"": ""Touch"", ""name"": ""TouchKey channels"", ""source_kind"": ""qinheng_structured_table"", ""count"": ""9"", ""n"": ""9""}, {""type"": ""IOs"", ""name"": ""GPIO"", ""source_kind"": ""qinheng_structured_table"", ""count"": ""16"", ""n"": ""16""}, {""type"": ""WDT"", ""name"": ""Watchdog timers"", ""source_kind"": ""qinheng_structured_table"", ""count"": ""2"", ""n"": ""2""}, {""type"": ""RTC"", ""name"": ""RTC"", ""source_kind"": ""qinheng_structured_table"", ""count"": ""1"", ""n"": ""1""}, {""type"": ""USBD"", ""name"": ""USB Device"", ""source_kind"": ""qinheng_structured_table"", ""count"": ""1"", ""n"": ""1""}, {""type"": ""VendorCapability"", ""name"": ""WCH VDD: 2.5/3.3"", ""source_kind"": ""qinheng_structured_table"", ""count"": ""1"", ""n"": ""1"", ""m"": ""2.5/3.3""}]","[{""title"": ""WCH CH32V203 product page"", ""url"": ""https://www.wch.cn/products/CH32V203.html""}]",,unknown,qinheng:ch32-table,https://www.wch.cn/products/CH32V203.html,structured-snapshot,2026-08-30T15:23:23+00:00,manufacturer_product_page
qinheng::ch32v203f8,qinheng::ch32::ch32v203,Qinheng,general_purpose_mcu,RISC-V,CH32,CH32V203,CH32V203,CH32V203F8,CH32V203F8,F8,"[{""Darchitecture"": ""RISC-V"", ""Dcore"": ""QingKe V4B"", ""DcoreCount"": ""1"", ""Dfpu"": ""0""}]",144000000,65536,20480,QFN20,19,[],"[{""type"": ""ADC"", ""name"": ""12-bit ADC channels"", ""source_kind"": ""qinheng_structured_table"", ""count"": ""9"", ""n"": ""9"", ""m"": ""12-bit""}, {""type"": ""ADCUnits"", ""name"": ""ADC converter units"", ""source_kind"": ""qinheng_structured_table"", ""count"": ""2"", ""n"": ""2"", ""m"": ""12-bit""}, {""type"": ""SPI"", ""name"": ""SPI"", ""source_kind"": ""qinheng_structured_table"", ""count"": ""1"", ""n"": ""1""}, {""type"": ""UART"", ""name"": ""UART"", ""source_kind"": ""qinheng_structured_table"", ""count"": ""2"", ""n"": ""2""}, {""type"": ""Timer"", ""name"": ""Advanced/general timer groups"", ""source_kind"": ""qinheng_structured_table"", ""count"": ""4"", ""n"": ""4"", ""m"": ""1/3""}, {""type"": ""OPAMP"", ""name"": ""OPA / comparator"", ""source_kind"": ""qinheng_structured_table"", ""count"": ""2"", ""n"": ""2""}, {""type"": ""Touch"", ""name"": ""TouchKey channels"", ""source_kind"": ""qinheng_structured_table"", ""count"": ""9"", ""n"": ""9""}, {""type"": ""IOs"", ""name"": ""GPIO"", ""source_kind"": ""qinheng_structured_table"", ""count"": ""19"", ""n"": ""19""}, {""type"": ""WDT"", ""name"": ""Watchdog timers"", ""source_kind"": ""qinheng_structured_table"", ""count"": ""2"", ""n"": ""2""}, {""type"": ""RTC"", ""name"": ""RTC"", ""source_kind"": ""qinheng_structured_table"", ""count"": ""1"", ""n"": ""1""}, {""type"": ""USBD"", ""name"": ""USB Device"", ""source_kind"": ""qinheng_structured_table"", ""count"": ""1"", ""n"": ""1""}, {""type"": ""VendorCapability"", ""name"": ""WCH VDD: 2.5/3.3"", ""source_kind"": ""qinheng_structured_table"", ""count"": ""1"", ""n"": ""1"", ""m"": ""2.5/3.3""}]","[{""title"": ""WCH CH32V203 product page"", ""url"": ""https://www.wch.cn/products/CH32V203.html""}]",,unknown,qinheng:ch32-table,https://www.wch.cn/products/CH32V203.html,structured-snapshot,2026-08-30T15:23:23+00:00,manufacturer_product_page
qinheng::ch32v203g6,qinheng::ch32::ch32v203,Qinheng,general_purpose_mcu,RISC-V,CH32,CH32V203,CH32V203,CH32V203G6,CH32V203G6,G6,"[{""Darchitecture"": ""RISC-V"", ""Dcore"": ""QingKe V4B"", ""DcoreCount"": ""1"", ""Dfpu"": ""0""}]",144000000,32768,10240,QFN28,24,[],"[{""type"": ""ADC"", ""name"": ""12-bit ADC channels"", ""source_kind"": ""qinheng_structured_table"", ""count"": ""10"", ""n"": ""10"", ""m"": ""12-bit""}, {""type"": ""ADCUnits"", ""name"": ""ADC converter units"", ""source_kind"": ""qinheng_structured_table"", ""count"": ""2"", ""n"": ""2"", ""m"": ""12-bit""}, {""type"": ""I2C"", ""name"": ""I²C"", ""source_kind"": ""qinheng_structured_table"", ""count"": ""1"", ""n"": ""1""}, {""type"": ""SPI"", ""name"": ""SPI"", ""source_kind"": ""qinheng_structured_table"", ""count"": ""1"", ""n"": ""1""}, {""type"": ""CAN"", ""name"": ""CAN"", ""source_kind"": ""qinheng_structured_table"", ""count"": ""1"", ""n"": ""1""}, {""type"": ""UART"", ""name"": ""UART"", ""source_kind"": ""qinheng_structured_table"", ""count"": ""2"", ""n"": ""2""}, {""type"": ""Timer"", ""name"": ""Advanced/general timer groups"", ""source_kind"": ""qinheng_structured_table"", ""count"": ""4"", ""n"": ""4"", ""m"": ""1/3""}, {""type"": ""OPAMP"", ""name"": ""OPA / comparator"", ""source_kind"": ""qinheng_structured_table"", ""count"": ""2"", ""n"": ""2""}, {""type"": ""Touch"", ""name"": ""TouchKey channels"", ""source_kind"": ""qinheng_structured_table"", ""count"": ""10"", ""n"": ""10""}, {""type"": ""IOs"", ""name"": ""GPIO"", ""source_kind"": ""qinheng_structured_table"", ""count"": ""24"", ""n"": ""24""}, {""type"": ""WDT"", ""name"": ""Watchdog timers"", ""source_kind"": ""qinheng_structured_table"", ""count"": ""2"", ""n"": ""2""}, {""type"": ""RTC"", ""name"": ""RTC"", ""source_kind"": ""qinheng_structured_table"", ""count"": ""1"", ""n"": ""1""}, {""type"": ""USBD"", ""name"": ""USB Device"", ""source_kind"": ""qinheng_structured_table"", ""count"": ""1"", ""n"": ""1""}, {""type"": ""VendorCapability"", ""name"": ""WCH VDD: 2.5/3.3"", ""source_kind"": ""qinheng_structured_table"", ""count"": ""1"", ""n"": ""1"", ""m"": ""2.5/3.3""}]","[{""title"": ""WCH CH32V203 product page"", ""url"": ""https://www.wch.cn/products/CH32V203.html""}]",,unknown,qinheng:ch32-table,https://www.wch.cn/products/CH32V203.html,structured-snapshot,2026-08-30T15:23:23+00:00,manufacturer_product_page
qinheng::ch32v203g8,qinheng::ch32::ch32v203,Qinheng,general_purpose_mcu,RISC-V,CH32,CH32V203,CH32V203,CH32V203G8,CH32V203G8,G8,"[{""Darchitecture"": ""RISC-V"", ""Dcore"": ""QingKe V4B"", ""DcoreCount"": ""1"", ""Dfpu"": ""0""}]",144000000,65536,20480,QSOP28,24,[],"[{""type"": ""ADC"", ""name"": ""12-bit ADC channels"", ""source_kind"": ""qinheng_structured_table"", ""count"": ""10"", ""n"": ""10"", ""m"": ""12-bit""}, {""type"": ""ADCUnits"", ""name"": ""ADC converter units"", ""source_kind"": ""qinheng_structured_table"", ""count"": ""2"", ""n"": ""2"", ""m"": ""12-bit""}, {""type"": ""I2C"", ""name"": ""I²C"", ""source_kind"": ""qinheng_structured_table"", ""count"": ""1"", ""n"": ""1""}, {""type"": ""SPI"", ""name"": ""SPI"", ""source_kind"": ""qinheng_structured_table"", ""count"": ""1"", ""n"": ""1""}, {""type"": ""CAN"", ""name"": ""CAN"", ""source_kind"": ""qinheng_structured_table"", ""count"": ""1"", ""n"": ""1""}, {""type"": ""UART"", ""name"": ""UART"", ""source_kind"": ""qinheng_structured_table"", ""count"": ""2"", ""n"": ""2""}, {""type"": ""Timer"", ""name"": ""Advanced/general timer groups"", ""source_kind"": ""qinheng_structured_table"", ""count"": ""4"", ""n"": ""4"", ""m"": ""1/3""}, {""type"": ""OPAMP"", ""name"": ""OPA / comparator"", ""source_kind"": ""qinheng_structured_table"", ""count"": ""2"", ""n"": ""2""}, {""type"": ""Touch"", ""name"": ""TouchKey channels"", ""source_kind"": ""qinheng_structured_table"", ""count"": ""10"", ""n"": ""10""}, {""type"": ""IOs"", ""name"": ""GPIO"", ""source_kind"": ""qinheng_structured_table"", ""count"": ""24"", ""n"": ""24""}, {""type"": ""WDT"", ""name"": ""Watchdog timers"", ""source_kind"": ""qinheng_structured_table"", ""count"": ""2"", ""n"": ""2""}, {""type"": ""RTC"", ""name"": ""RTC"", ""source_kind"": ""qinheng_structured_table"", ""count"": ""1"", ""n"": ""1""}, {""type"": ""USBH"", ""name"": ""USB Host"", ""source_kind"": ""qinheng_structured_table"", ""count"": ""1"", ""n"": ""1""}, {""type"": ""USBD"", ""name"": ""USB Device"", ""source_kind"": ""qinheng_structured_table"", ""count"": ""2"", ""n"": ""2""}, {""type"": ""VendorCapability"", ""name"": ""WCH VDD: 2.5/3.3"", ""source_kind"": ""qinheng_structured_table"", ""count"": ""1"", ""n"": ""1"", ""m"": ""2.5/3.3""}]","[{""title"": ""WCH CH32V203 product page"", ""url"": ""https://www.wch.cn/products/CH32V203.html""}]",,unknown,qinheng:ch32-table,https://www.wch.cn/products/CH32V203.html,structured-snapshot,2026-08-30T15:23:23+00:00,manufacturer_product_page
qinheng::ch32v203k6,qinheng::ch32::ch32v203,Qinheng,general_purpose_mcu,RISC-V,CH32,CH32V203,CH32V203,CH32V203K6,CH32V203K6,K6,"[{""Darchitecture"": ""RISC-V"", ""Dcore"": ""QingKe V4B"", ""DcoreCount"": ""1"", ""Dfpu"": ""0""}]",144000000,32768,10240,LQFP32,26,[],"[{""type"": ""ADC"", ""name"": ""12-bit ADC channels"", ""source_kind"": ""qinheng_structured_table"", ""count"": ""10"", ""n"": ""10"", ""m"": ""12-bit""}, {""type"": ""ADCUnits"", ""name"": ""ADC converter units"", ""source_kind"": ""qinheng_structured_table"", ""count"": ""2"", ""n"": ""2"", ""m"": ""12-bit""}, {""type"": ""I2C"", ""name"": ""I²C"", ""source_kind"": ""qinheng_structured_table"", ""count"": ""1"", ""n"": ""1""}, {""type"": ""SPI"", ""name"": ""SPI"", ""source_kind"": ""qinheng_structured_table"", ""count"": ""1"", ""n"": ""1""}, {""type"": ""CAN"", ""name"": ""CAN"", ""source_kind"": ""qinheng_structured_table"", ""count"": ""1"", ""n"": ""1""}, {""type"": ""UART"", ""name"": ""UART"", ""source_kind"": ""qinheng_structured_table"", ""count"": ""2"", ""n"": ""2""}, {""type"": ""Timer"", ""name"": ""Advanced/general timer groups"", ""source_kind"": ""qinheng_structured_table"", ""count"": ""4"", ""n"": ""4"", ""m"": ""1/3""}, {""type"": ""OPAMP"", ""name"": ""OPA / comparator"", ""source_kind"": ""qinheng_structured_table"", ""count"": ""2"", ""n"": ""2""}, {""type"": ""Touch"", ""name"": ""TouchKey channels"", ""source_kind"": ""qinheng_structured_table"", ""count"": ""10"", ""n"": ""10""}, {""type"": ""IOs"", ""name"": ""GPIO"", ""source_kind"": ""qinheng_structured_table"", ""count"": ""26"", ""n"": ""26""}, {""type"": ""WDT"", ""name"": ""Watchdog timers"", ""source_kind"": ""qinheng_structured_table"", ""count"": ""2"", ""n"": ""2""}, {""type"": ""RTC"", ""name"": ""RTC"", ""source_kind"": ""qinheng_structured_table"", ""count"": ""1"", ""n"": ""1""}, {""type"": ""USBD"", ""name"": ""USB Device"", ""source_kind"": ""qinheng_structured_table"", ""count"": ""1"", ""n"": ""1""}, {""type"": ""VendorCapability"", ""name"": ""WCH VDD: 2.5/3.3"", ""source_kind"": ""qinheng_structured_table"", ""count"": ""1"", ""n"": ""1"", ""m"": ""2.5/3.3""}]","[{""title"": ""WCH CH32V203 product page"", ""url"": ""https://www.wch.cn/products/CH32V203.html""}]",,unknown,qinheng:ch32-table,https://www.wch.cn/products/CH32V203.html,structured-snapshot,2026-08-30T15:23:23+00:00,manufacturer_product_page
qinheng::ch32v203k8,qinheng::ch32::ch32v203,Qinheng,general_purpose_mcu,RISC-V,CH32,CH32V203,CH32V203,CH32V203K8,CH32V203K8,K8,"[{""Darchitecture"": ""RISC-V"", ""Dcore"": ""QingKe V4B"", ""DcoreCount"": ""1"", ""Dfpu"": ""0""}]",144000000,65536,20480,LQFP32,26,[],"[{""type"": ""ADC"", ""name"": ""12-bit ADC channels"", ""source_kind"": ""qinheng_structured_table"", ""count"": ""10"", ""n"": ""10"", ""m"": ""12-bit""}, {""type"": ""ADCUnits"", ""name"": ""ADC converter units"", ""source_kind"": ""qinheng_structured_table"", ""count"": ""2"", ""n"": ""2"", ""m"": ""12-bit""}, {""type"": ""I2C"", ""name"": ""I²C"", ""source_kind"": ""qinheng_structured_table"", ""count"": ""1"", ""n"": ""1""}, {""type"": ""SPI"", ""name"": ""SPI"", ""source_kind"": ""qinheng_structured_table"", ""count"": ""1"", ""n"": ""1""}, {""type"": ""CAN"", ""name"": ""CAN"", ""source_kind"": ""qinheng_structured_table"", ""count"": ""1"", ""n"": ""1""}, {""type"": ""UART"", ""name"": ""UART"", ""source_kind"": ""qinheng_structured_table"", ""count"": ""2"", ""n"": ""2""}, {""type"": ""Timer"", ""name"": ""Advanced/general timer groups"", ""source_kind"": ""qinheng_structured_table"", ""count"": ""4"", ""n"": ""4"", ""m"": ""1/3""}, {""type"": ""OPAMP"", ""name"": ""OPA / comparator"", ""source_kind"": ""qinheng_structured_table"", ""count"": ""2"", ""n"": ""2""}, {""type"": ""Touch"", ""name"": ""TouchKey channels"", ""source_kind"": ""qinheng_structured_table"", ""count"": ""10"", ""n"": ""10""}, {""type"": ""IOs"", ""name"": ""GPIO"", ""source_kind"": ""qinheng_structured_table"", ""count"": ""26"", ""n"": ""26""}, {""type"": ""WDT"", ""name"": ""Watchdog timers"", ""source_kind"": ""qinheng_structured_table"", ""count"": ""2"", ""n"": ""2""}, {""type"": ""RTC"", ""name"": ""RTC"", ""source_kind"": ""qinheng_structured_table"", ""count"": ""1"", ""n"": ""1""}, {""type"": ""USBD"", ""name"": ""USB Device"", ""source_kind"": ""qinheng_structured_table"", ""count"": ""1"", ""n"": ""1""}, {""type"": ""VendorCapability"", ""name"": ""WCH VDD: 2.5/3.3"", ""source_kind"": ""qinheng_structured_table"", ""count"": ""1"", ""n"": ""1"", ""m"": ""2.5/3.3""}]","[{""title"": ""WCH CH32V203 product page"", ""url"": ""https://www.wch.cn/products/CH32V203.html""}]",,unknown,qinheng:ch32-table,https://www.wch.cn/products/CH32V203.html,structured-snapshot,2026-08-30T15:23:23+00:00,manufacturer_product_page
qinheng::ch32v203rb,qinheng::ch32::ch32v203,Qinheng,general_purpose_mcu,RISC-V,CH32,CH32V203,CH32V203,CH32V203RB,CH32V203RB,RB,"[{""Darchitecture"": ""RISC-V"", ""Dcore"": ""QingKe V4B"", ""DcoreCount"": ""1"", ""Dfpu"": ""0""}]",144000000,131072,65536,LQFP64M,51,[],"[{""type"": ""ADC"", ""name"": ""12-bit ADC channels"", ""source_kind"": ""qinheng_structured_table"", ""count"": ""16"", ""n"": ""16"", ""m"": ""12-bit""}, {""type"": ""ADCUnits"", ""name"": ""ADC converter units"", ""source_kind"": ""qinheng_structured_table"", ""count"": ""1"", ""n"": ""1"", ""m"": ""12-bit""}, {""type"": ""I2C"", ""name"": ""I²C"", ""source_kind"": ""qinheng_structured_table"", ""count"": ""2"", ""n"": ""2""}, {""type"": ""SPI"", ""name"": ""SPI"", ""source_kind"": ""qinheng_structured_table"", ""count"": ""2"", ""n"": ""2""}, {""type"": ""CAN"", ""name"": ""CAN"", ""source_kind"": ""qinheng_structured_table"", ""count"": ""1"", ""n"": ""1""}, {""type"": ""UART"", ""name"": ""UART"", ""source_kind"": ""qinheng_structured_table"", ""count"": ""4"", ""n"": ""4""}, {""type"": ""Timer"", ""name"": ""Advanced/general timer groups"", ""source_kind"": ""qinheng_structured_table"", ""count"": ""4"", ""n"": ""4"", ""m"": ""1/3""}, {""type"": ""OPAMP"", ""name"": ""OPA / comparator"", ""source_kind"": ""qinheng_structured_table"", ""count"": ""2"", ""n"": ""2""}, {""type"": ""Touch"", ""name"": ""TouchKey channels"", ""source_kind"": ""qinheng_structured_table"", ""count"": ""16"", ""n"": ""16""}, {""type"": ""IOs"", ""name"": ""GPIO"", ""source_kind"": ""qinheng_structured_table"", ""count"": ""51"", ""n"": ""51""}, {""type"": ""WDT"", ""name"": ""Watchdog timers"", ""source_kind"": ""qinheng_structured_table"", ""count"": ""2"", ""n"": ""2""}, {""type"": ""RTC"", ""name"": ""RTC"", ""source_kind"": ""qinheng_structured_table"", ""count"": ""1"", ""n"": ""1""}, {""type"": ""USBH"", ""name"": ""USB Host"", ""source_kind"": ""qinheng_structured_table"", ""count"": ""1"", ""n"": ""1""}, {""type"": ""USBD"", ""name"": ""USB Device"", ""source_kind"": ""qinheng_structured_table"", ""count"": ""2"", ""n"": ""2""}, {""type"": ""ETH"", ""name"": ""Ethernet: 10M PHY"", ""source_kind"": ""qinheng_structured_table"", ""count"": ""1"", ""n"": ""1""}, {""type"": ""VendorCapability"", ""name"": ""WCH VDD: 2.5/3.3"", ""source_kind"": ""qinheng_structured_table"", ""count"": ""1"", ""n"": ""1"", ""m"": ""2.5/3.3""}]","[{""title"": ""WCH CH32V203 product page"", ""url"": ""https://www.wch.cn/products/CH32V203.html""}]",,unknown,qinheng:ch32-table,https://www.wch.cn/products/CH32V203.html,structured-snapshot,2026-08-30T15:23:23+00:00,manufacturer_product_page
qinheng::ch32v208cb,qinheng::ch32::ch32v208,Qinheng,general_purpose_mcu,RISC-V,CH32,CH32V208,CH32V208,CH32V208CB,CH32V208CB,CB,"[{""Darchitecture"": ""RISC-V"", ""Dcore"": ""QingKe V4C"", ""DcoreCount"": ""1"", ""Dfpu"": ""0""}]",144000000,131072,65536,QFN48,37,[],"[{""type"": ""ADC"", ""name"": ""12-bit ADC channels"", ""source_kind"": ""qinheng_structured_table"", ""count"": ""10"", ""n"": ""10"", ""m"": ""12-bit""}, {""type"": ""ADCUnits"", ""name"": ""ADC converter units"", ""source_kind"": ""qinheng_structured_table"", ""count"": ""1"", ""n"": ""1"", ""m"": ""12-bit""}, {""type"": ""I2C"", ""name"": ""I²C"", ""source_kind"": ""qinheng_structured_table"", ""count"": ""2"", ""n"": ""2""}, {""type"": ""SPI"", ""name"": ""SPI"", ""source_kind"": ""qinheng_structured_table"", ""count"": ""2"", ""n"": ""2""}, {""type"": ""CAN"", ""name"": ""CAN"", ""source_kind"": ""qinheng_structured_table"", ""count"": ""1"", ""n"": ""1""}, {""type"": ""UART"", ""name"": ""UART"", ""source_kind"": ""qinheng_structured_table"", ""count"": ""4"", ""n"": ""4""}, {""type"": ""Timer"", ""name"": ""Advanced/general timer groups"", ""source_kind"": ""qinheng_structured_table"", ""count"": ""5"", ""n"": ""5"", ""m"": ""1/4""}, {""type"": ""OPAMP"", ""name"": ""OPA / comparator"", ""source_kind"": ""qinheng_structured_table"", ""count"": ""2"", ""n"": ""2""}, {""type"": ""Touch"", ""name"": ""TouchKey channels"", ""source_kind"": ""qinheng_structured_table"", ""count"": ""10"", ""n"": ""10""}, {""type"": ""IOs"", ""name"": ""GPIO"", ""source_kind"": ""qinheng_structured_table"", ""count"": ""37"", ""n"": ""37""}, {""type"": ""WDT"", ""name"": ""Watchdog timers"", ""source_kind"": ""qinheng_structured_table"", ""count"": ""2"", ""n"": ""2""}, {""type"": ""RTC"", ""name"": ""RTC"", ""source_kind"": ""qinheng_structured_table"", ""count"": ""1"", ""n"": ""1""}, {""type"": ""USBH"", ""name"": ""USB Host"", ""source_kind"": ""qinheng_structured_table"", ""count"": ""1"", ""n"": ""1""}, {""type"": ""USBD"", ""name"": ""USB Device"", ""source_kind"": ""qinheng_structured_table"", ""count"": ""2"", ""n"": ""2""}, {""type"": ""Bluetooth"", ""name"": ""Bluetooth LE 5.3"", ""source_kind"": ""qinheng_structured_table"", ""count"": ""1"", ""n"": ""1""}, {""type"": ""VendorCapability"", ""name"": ""WCH VDD: 2.5/3.3"", ""source_kind"": ""qinheng_structured_table"", ""count"": ""1"", ""n"": ""1"", ""m"": ""2.5/3.3""}]","[{""title"": ""WCH CH32V208 product page"", ""url"": ""https://www.wch.cn/products/CH32V208.html""}]",,unknown,qinheng:ch32-table,https://www.wch.cn/products/CH32V208.html,structured-snapshot,2026-08-30T15:23:23+00:00,manufacturer_product_page
qinheng::ch32v208gb,qinheng::ch32::ch32v208,Qinheng,general_purpose_mcu,RISC-V,CH32,CH32V208,CH32V208,CH32V208GB,CH32V208GB,GB,"[{""Darchitecture"": ""RISC-V"", ""Dcore"": ""QingKe V4C"", ""DcoreCount"": ""1"", ""Dfpu"": ""0""}]",144000000,131072,65536,QFN28,21,[],"[{""type"": ""ADC"", ""name"": ""12-bit ADC channels"", ""source_kind"": ""qinheng_structured_table"", ""count"": ""8"", ""n"": ""8"", ""m"": ""12-bit""}, {""type"": ""ADCUnits"", ""name"": ""ADC converter units"", ""source_kind"": ""qinheng_structured_table"", ""count"": ""1"", ""n"": ""1"", ""m"": ""12-bit""}, {""type"": ""I2C"", ""name"": ""I²C"", ""source_kind"": ""qinheng_structured_table"", ""count"": ""1"", ""n"": ""1""}, {""type"": ""SPI"", ""name"": ""SPI"", ""source_kind"": ""qinheng_structured_table"", ""count"": ""1"", ""n"": ""1""}, {""type"": ""CAN"", ""name"": ""CAN"", ""source_kind"": ""qinheng_structured_table"", ""count"": ""1"", ""n"": ""1""}, {""type"": ""UART"", ""name"": ""UART"", ""source_kind"": ""qinheng_structured_table"", ""count"": ""2"", ""n"": ""2""}, {""type"": ""Timer"", ""name"": ""Advanced/general timer groups"", ""source_kind"": ""qinheng_structured_table"", ""count"": ""5"", ""n"": ""5"", ""m"": ""1/4""}, {""type"": ""OPAMP"", ""name"": ""OPA / comparator"", ""source_kind"": ""qinheng_structured_table"", ""count"": ""1"", ""n"": ""1""}, {""type"": ""Touch"", ""name"": ""TouchKey channels"", ""source_kind"": ""qinheng_structured_table"", ""count"": ""8"", ""n"": ""8""}, {""type"": ""IOs"", ""name"": ""GPIO"", ""source_kind"": ""qinheng_structured_table"", ""count"": ""21"", ""n"": ""21""}, {""type"": ""WDT"", ""name"": ""Watchdog timers"", ""source_kind"": ""qinheng_structured_table"", ""count"": ""2"", ""n"": ""2""}, {""type"": ""RTC"", ""name"": ""RTC"", ""source_kind"": ""qinheng_structured_table"", ""count"": ""1"", ""n"": ""1""}, {""type"": ""USBH"", ""name"": ""USB Host"", ""source_kind"": ""qinheng_structured_table"", ""count"": ""1"", ""n"": ""1""}, {""type"": ""USBD"", ""name"": ""USB Device"", ""source_kind"": ""qinheng_structured_table"", ""count"": ""2"", ""n"": ""2""}, {""type"": ""ETH"", ""name"": ""Ethernet: 10M"", ""source_kind"": ""qinheng_structured_table"", ""count"": ""1"", ""n"": ""1""}, {""type"": ""Bluetooth"", ""name"": ""Bluetooth LE 5.3"", ""source_kind"": ""qinheng_structured_table"", ""count"": ""1"", ""n"": ""1""}, {""type"": ""VendorCapability"", ""name"": ""WCH VDD: 2.5/3.3"", ""source_kind"": ""qinheng_structured_table"", ""count"": ""1"", ""n"": ""1"", ""m"": ""2.5/3.3""}]","[{""title"": ""WCH CH32V208 product page"", ""url"": ""https://www.wch.cn/products/CH32V208.html""}]",,unknown,qinheng:ch32-table,https://www.wch.cn/products/CH32V208.html,structured-snapshot,2026-08-30T15:23:23+00:00,manufacturer_product_page
qinheng::ch32v208rb,qinheng::ch32::ch32v208,Qinheng,general_purpose_mcu,RISC-V,CH32,CH32V208,CH32V208,CH32V208RB,CH32V208RB,RB,"[{""Darchitecture"": ""RISC-V"", ""Dcore"": ""QingKe V4C"", ""DcoreCount"": ""1"", ""Dfpu"": ""0""}]",144000000,131072,65536,LQFP64M,49,[],"[{""type"": ""ADC"", ""name"": ""12-bit ADC channels"", ""source_kind"": ""qinheng_structured_table"", ""count"": ""16"", ""n"": ""16"", ""m"": ""12-bit""}, {""type"": ""ADCUnits"", ""name"": ""ADC converter units"", ""source_kind"": ""qinheng_structured_table"", ""count"": ""1"", ""n"": ""1"", ""m"": ""12-bit""}, {""type"": ""I2C"", ""name"": ""I²C"", ""source_kind"": ""qinheng_structured_table"", ""count"": ""2"", ""n"": ""2""}, {""type"": ""SPI"", ""name"": ""SPI"", ""source_kind"": ""qinheng_structured_table"", ""count"": ""2"", ""n"": ""2""}, {""type"": ""CAN"", ""name"": ""CAN"", ""source_kind"": ""qinheng_structured_table"", ""count"": ""1"", ""n"": ""1""}, {""type"": ""UART"", ""name"": ""UART"", ""source_kind"": ""qinheng_structured_table"", ""count"": ""4"", ""n"": ""4""}, {""type"": ""Timer"", ""name"": ""Advanced/general timer groups"", ""source_kind"": ""qinheng_structured_table"", ""count"": ""5"", ""n"": ""5"", ""m"": ""1/4""}, {""type"": ""OPAMP"", ""name"": ""OPA / comparator"", ""source_kind"": ""qinheng_structured_table"", ""count"": ""2"", ""n"": ""2""}, {""type"": ""Touch"", ""name"": ""TouchKey channels"", ""source_kind"": ""qinheng_structured_table"", ""count"": ""16"", ""n"": ""16""}, {""type"": ""IOs"", ""name"": ""GPIO"", ""source_kind"": ""qinheng_structured_table"", ""count"": ""49"", ""n"": ""49""}, {""type"": ""WDT"", ""name"": ""Watchdog timers"", ""source_kind"": ""qinheng_structured_table"", ""count"": ""2"", ""n"": ""2""}, {""type"": ""RTC"", ""name"": ""RTC"", ""source_kind"": ""qinheng_structured_table"", ""count"": ""1"", ""n"": ""1""}, {""type"": ""USBH"", ""name"": ""USB Host"", ""source_kind"": ""qinheng_structured_table"", ""count"": ""1"", ""n"": ""1""}, {""type"": ""USBD"", ""name"": ""USB Device"", ""source_kind"": ""qinheng_structured_table"", ""count"": ""2"", ""n"": ""2""}, {""type"": ""ETH"", ""name"": ""Ethernet: 10M"", ""source_kind"": ""qinheng_structured_table"", ""count"": ""1"", ""n"": ""1""}, {""type"": ""Bluetooth"", ""name"": ""Bluetooth LE 5.3"", ""source_kind"": ""qinheng_structured_table"", ""count"": ""1"", ""n"": ""1""}, {""type"": ""VendorCapability"", ""name"": ""WCH VDD: 2.5/3.3"", ""source_kind"": ""qinheng_structured_table"", ""count"": ""1"", ""n"": ""1"", ""m"": ""2.5/3.3""}]","[{""title"": ""WCH CH32V208 product page"", ""url"": ""https://www.wch.cn/products/CH32V208.html""}]",,unknown,qinheng:ch32-table,https://www.wch.cn/products/CH32V208.html,structured-snapshot,2026-08-30T15:23:23+00:00,manufacturer_product_page
qinheng::ch32v208wb,qinheng::ch32::ch32v208,Qinheng,general_purpose_mcu,RISC-V,CH32,CH32V208,CH32V208,CH32V208WB,CH32V208WB,WB,"[{""Darchitecture"": ""RISC-V"", ""Dcore"": ""QingKe V4C"", ""DcoreCount"": ""1"", ""Dfpu"": ""0""}]",144000000,131072,65536,QFN68,53,[],"[{""type"": ""ADC"", ""name"": ""12-bit ADC channels"", ""source_kind"": ""qinheng_structured_table"", ""count"": ""16"", ""n"": ""16"", ""m"": ""12-bit""}, {""type"": ""ADCUnits"", ""name"": ""ADC converter units"", ""source_kind"": ""qinheng_structured_table"", ""count"": ""1"", ""n"": ""1"", ""m"": ""12-bit""}, {""type"": ""I2C"", ""name"": ""I²C"", ""source_kind"": ""qinheng_structured_table"", ""count"": ""2"", ""n"": ""2""}, {""type"": ""SPI"", ""name"": ""SPI"", ""source_kind"": ""qinheng_structured_table"", ""count"": ""2"", ""n"": ""2""}, {""type"": ""CAN"", ""name"": ""CAN"", ""source_kind"": ""qinheng_structured_table"", ""count"": ""1"", ""n"": ""1""}, {""type"": ""UART"", ""name"": ""UART"", ""source_kind"": ""qinheng_structured_table"", ""count"": ""4"", ""n"": ""4""}, {""type"": ""Timer"", ""name"": ""Advanced/general timer groups"", ""source_kind"": ""qinheng_structured_table"", ""count"": ""5"", ""n"": ""5"", ""m"": ""1/4""}, {""type"": ""OPAMP"", ""name"": ""OPA / comparator"", ""source_kind"": ""qinheng_structured_table"", ""count"": ""2"", ""n"": ""2""}, {""type"": ""Touch"", ""name"": ""TouchKey channels"", ""source_kind"": ""qinheng_structured_table"", ""count"": ""16"", ""n"": ""16""}, {""type"": ""IOs"", ""name"": ""GPIO"", ""source_kind"": ""qinheng_structured_table"", ""count"": ""53"", ""n"": ""53""}, {""type"": ""WDT"", ""name"": ""Watchdog timers"", ""source_kind"": ""qinheng_structured_table"", ""count"": ""2"", ""n"": ""2""}, {""type"": ""RTC"", ""name"": ""RTC"", ""source_kind"": ""qinheng_structured_table"", ""count"": ""1"", ""n"": ""1""}, {""type"": ""USBH"", ""name"": ""USB Host"", ""source_kind"": ""qinheng_structured_table"", ""count"": ""1"", ""n"": ""1""}, {""type"": ""USBD"", ""name"": ""USB Device"", ""source_kind"": ""qinheng_structured_table"", ""count"": ""2"", ""n"": ""2""}, {""type"": ""ETH"", ""name"": ""Ethernet: 10M"", ""source_kind"": ""qinheng_structured_table"", ""count"": ""1"", ""n"": ""1""}, {""type"": ""Bluetooth"", ""name"": ""Bluetooth LE 5.3"", ""source_kind"": ""qinheng_structured_table"", ""count"": ""1"", ""n"": ""1""}, {""type"": ""VendorCapability"", ""name"": ""WCH VDD: 2.5/3.3"", ""source_kind"": ""qinheng_structured_table"", ""count"": ""1"", ""n"": ""1"", ""m"": ""2.5/3.3""}]","[{""title"": ""WCH CH32V208 product page"", ""url"": ""https://www.wch.cn/products/CH32V208.html""}]",,unknown,qinheng:ch32-table,https://www.wch.cn/products/CH32V208.html,structured-snapshot,2026-08-30T15:23:23+00:00,manufacturer_product_page
qinheng::ch32v303cb,qinheng::ch32::ch32v303,Qinheng,general_purpose_mcu,RISC-V,CH32,CH32V303,CH32V303,CH32V303CB,CH32V303CB,CB,"[{""Darchitecture"": ""RISC-V"", ""Dcore"": ""QingKe V4F"", ""DcoreCount"": ""1"", ""Dfpu"": ""FPU""}]",144000000,131072,32768,LQFP48,37,[],"[{""type"": ""ADC"", ""name"": ""12-bit ADC channels"", ""source_kind"": ""qinheng_structured_table"", ""count"": ""10"", ""n"": ""10"", ""m"": ""12-bit""}, {""type"": ""ADCUnits"", ""name"": ""ADC converter units"", ""source_kind"": ""qinheng_structured_table"", ""count"": ""2"", ""n"": ""2"", ""m"": ""12-bit""}, {""type"": ""I2C"", ""name"": ""I²C"", ""source_kind"": ""qinheng_structured_table"", ""count"": ""2"", ""n"": ""2""}, {""type"": ""SPI"", ""name"": ""SPI"", ""source_kind"": ""qinheng_structured_table"", ""count"": ""2"", ""n"": ""2""}, {""type"": ""CAN"", ""name"": ""CAN"", ""source_kind"": ""qinheng_structured_table"", ""count"": ""1"", ""n"": ""1""}, {""type"": ""USART"", ""name"": ""USART"", ""source_kind"": ""qinheng_structured_table"", ""count"": ""3"", ""n"": ""3""}, {""type"": ""Timer"", ""name"": ""Advanced/general timer groups"", ""source_kind"": ""qinheng_structured_table"", ""count"": ""4"", ""n"": ""4"", ""m"": ""1/3""}, {""type"": ""OPAMP"", ""name"": ""OPA / comparator"", ""source_kind"": ""qinheng_structured_table"", ""count"": ""4"", ""n"": ""4""}, {""type"": ""Touch"", ""name"": ""TouchKey channels"", ""source_kind"": ""qinheng_structured_table"", ""count"": ""10"", ""n"": ""10""}, {""type"": ""IOs"", ""name"": ""GPIO"", ""source_kind"": ""qinheng_structured_table"", ""count"": ""37"", ""n"": ""37""}, {""type"": ""WDT"", ""name"": ""Watchdog timers"", ""source_kind"": ""qinheng_structured_table"", ""count"": ""2"", ""n"": ""2""}, {""type"": ""RTC"", ""name"": ""RTC"", ""source_kind"": ""qinheng_structured_table"", ""count"": ""1"", ""n"": ""1""}, {""type"": ""USBH"", ""name"": ""USB Host"", ""source_kind"": ""qinheng_structured_table"", ""count"": ""1"", ""n"": ""1""}, {""type"": ""USBD"", ""name"": ""USB Device"", ""source_kind"": ""qinheng_structured_table"", ""count"": ""1"", ""n"": ""1""}, {""type"": ""VendorCapability"", ""name"": ""WCH VDD: 2.5/3.3"", ""source_kind"": ""qinheng_structured_table"", ""count"": ""1"", ""n"": ""1"", ""m"": ""2.5/3.3""}]","[{""title"": ""WCH CH32V303 product page"", ""url"": ""https://www.wch.cn/products/CH32V303.html""}]",,unknown,qinheng:ch32-table,https://www.wch.cn/products/CH32V303.html,structured-snapshot,2026-08-30T15:23:23+00:00,manufacturer_product_page
qinheng::ch32v303rb,qinheng::ch32::ch32v303,Qinheng,general_purpose_mcu,RISC-V,CH32,CH32V303,CH32V303,CH32V303RB,CH32V303RB,RB,"[{""Darchitecture"": ""RISC-V"", ""Dcore"": ""QingKe V4F"", ""DcoreCount"": ""1"", ""Dfpu"": ""FPU""}]",144000000,131072,32768,LQFP64M,51,[],"[{""type"": ""ADC"", ""name"": ""12-bit ADC channels"", ""source_kind"": ""qinheng_structured_table"", ""count"": ""16"", ""n"": ""16"", ""m"": ""12-bit""}, {""type"": ""ADCUnits"", ""name"": ""ADC converter units"", ""source_kind"": ""qinheng_structured_table"", ""count"": ""2"", ""n"": ""2"", ""m"": ""12-bit""}, {""type"": ""I2C"", ""name"": ""I²C"", ""source_kind"": ""qinheng_structured_table"", ""count"": ""2"", ""n"": ""2""}, {""type"": ""SPI"", ""name"": ""SPI"", ""source_kind"": ""qinheng_structured_table"", ""count"": ""2"", ""n"": ""2""}, {""type"": ""CAN"", ""name"": ""CAN"", ""source_kind"": ""qinheng_structured_table"", ""count"": ""1"", ""n"": ""1""}, {""type"": ""USART"", ""name"": ""USART"", ""source_kind"": ""qinheng_structured_table"", ""count"": ""3"", ""n"": ""3""}, {""type"": ""Timer"", ""name"": ""Advanced/general timer groups"", ""source_kind"": ""qinheng_structured_table"", ""count"": ""4"", ""n"": ""4"", ""m"": ""1/3""}, {""type"": ""OPAMP"", ""name"": ""OPA / comparator"", ""source_kind"": ""qinheng_structured_table"", ""count"": ""4"", ""n"": ""4""}, {""type"": ""Touch"", ""name"": ""TouchKey channels"", ""source_kind"": ""qinheng_structured_table"", ""count"": ""16"", ""n"": ""16""}, {""type"": ""IOs"", ""name"": ""GPIO"", ""source_kind"": ""qinheng_structured_table"", ""count"": ""51"", ""n"": ""51""}, {""type"": ""WDT"", ""name"": ""Watchdog timers"", ""source_kind"": ""qinheng_structured_table"", ""count"": ""2"", ""n"": ""2""}, {""type"": ""RTC"", ""name"": ""RTC"", ""source_kind"": ""qinheng_structured_table"", ""count"": ""1"", ""n"": ""1""}, {""type"": ""USBH"", ""name"": ""USB Host"", ""source_kind"": ""qinheng_structured_table"", ""count"": ""1"", ""n"": ""1""}, {""type"": ""USBD"", ""name"": ""USB Device"", ""source_kind"": ""qinheng_structured_table"", ""count"": ""1"", ""n"": ""1""}, {""type"": ""VendorCapability"", ""name"": ""WCH VDD: 2.5/3.3"", ""source_kind"": ""qinheng_structured_table"", ""count"": ""1"", ""n"": ""1"", ""m"": ""2.5/3.3""}]","[{""title"": ""WCH CH32V303 product page"", ""url"": ""https://www.wch.cn/products/CH32V303.html""}]",,unknown,qinheng:ch32-table,https://www.wch.cn/products/CH32V303.html,structured-snapshot,2026-08-30T15:23:23+00:00,manufacturer_product_page
qinheng::ch32v303rc,qinheng::ch32::ch32v303,Qinheng,general_purpose_mcu,RISC-V,CH32,CH32V303,CH32V303,CH32V303RC,CH32V303RC,RC,"[{""Darchitecture"": ""RISC-V"", ""Dcore"": ""QingKe V4F"", ""DcoreCount"": ""1"", ""Dfpu"": ""FPU""}]",144000000,262144,65536,LQFP64M,51,[],"[{""type"": ""ADC"", ""name"": ""12-bit ADC channels"", ""source_kind"": ""qinheng_structured_table"", ""count"": ""16"", ""n"": ""16"", ""m"": ""12-bit""}, {""type"": ""ADCUnits"", ""name"": ""ADC converter units"", ""source_kind"": ""qinheng_structured_table"", ""count"": ""2"", ""n"": ""2"", ""m"": ""12-bit""}, {""type"": ""I2C"", ""name"": ""I²C"", ""source_kind"": ""qinheng_structured_table"", ""count"": ""2"", ""n"": ""2""}, {""type"": ""SPI"", ""name"": ""SPI"", ""source_kind"": ""qinheng_structured_table"", ""count"": ""3"", ""n"": ""3""}, {""type"": ""CAN"", ""name"": ""CAN"", ""source_kind"": ""qinheng_structured_table"", ""count"": ""1"", ""n"": ""1""}, {""type"": ""SDIO"", ""name"": ""SDIO"", ""source_kind"": ""qinheng_structured_table"", ""count"": ""1"", ""n"": ""1""}, {""type"": ""USART"", ""name"": ""USART"", ""source_kind"": ""qinheng_structured_table"", ""count"": ""8"", ""n"": ""8""}, {""type"": ""Timer"", ""name"": ""Advanced/general timer groups"", ""source_kind"": ""qinheng_structured_table"", ""count"": ""8"", ""n"": ""8"", ""m"": ""4/4""}, {""type"": ""OPAMP"", ""name"": ""OPA / comparator"", ""source_kind"": ""qinheng_structured_table"", ""count"": ""4"", ""n"": ""4""}, {""type"": ""Touch"", ""name"": ""TouchKey channels"", ""source_kind"": ""qinheng_structured_table"", ""count"": ""16"", ""n"": ""16""}, {""type"": ""IOs"", ""name"": ""GPIO"", ""source_kind"": ""qinheng_structured_table"", ""count"": ""51"", ""n"": ""51""}, {""type"": ""WDT"", ""name"": ""Watchdog timers"", ""source_kind"": ""qinheng_structured_table"", ""count"": ""2"", ""n"": ""2""}, {""type"": ""RTC"", ""name"": ""RTC"", ""source_kind"": ""qinheng_structured_table"", ""count"": ""1"", ""n"": ""1""}, {""type"": ""RNG"", ""name"": ""True random number generator"", ""source_kind"": ""qinheng_structured_table"", ""count"": ""1"", ""n"": ""1""}, {""type"": ""USBH"", ""name"": ""USB Host"", ""source_kind"": ""qinheng_structured_table"", ""count"": ""1"", ""n"": ""1""}, {""type"": ""USBD"", ""name"": ""USB Device"", ""source_kind"": ""qinheng_structured_table"", ""count"": ""1"", ""n"": ""1""}, {""type"": ""VendorCapability"", ""name"": ""WCH VDD: 2.5/3.3"", ""source_kind"": ""qinheng_structured_table"", ""count"": ""1"", ""n"": ""1"", ""m"": ""2.5/3.3""}]","[{""title"": ""WCH CH32V303 product page"", ""url"": ""https://www.wch.cn/products/CH32V303.html""}]",,unknown,qinheng:ch32-table,https://www.wch.cn/products/CH32V303.html,structured-snapshot,2026-08-30T15:23:23+00:00,manufacturer_product_page
qinheng::ch32v303vc,qinheng::ch32::ch32v303,Qinheng,general_purpose_mcu,RISC-V,CH32,CH32V303,CH32V303,CH32V303VC,CH32V303VC,VC,"[{""Darchitecture"": ""RISC-V"", ""Dcore"": ""QingKe V4F"", ""DcoreCount"": ""1"", ""Dfpu"": ""FPU""}]",144000000,262144,65536,LQFP100,80,[],"[{""type"": ""ADC"", ""name"": ""12-bit ADC channels"", ""source_kind"": ""qinheng_structured_table"", ""count"": ""16"", ""n"": ""16"", ""m"": ""12-bit""}, {""type"": ""ADCUnits"", ""name"": ""ADC converter units"", ""source_kind"": ""qinheng_structured_table"", ""count"": ""2"", ""n"": ""2"", ""m"": ""12-bit""}, {""type"": ""I2C"", ""name"": ""I²C"", ""source_kind"": ""qinheng_structured_table"", ""count"": ""2"", ""n"": ""2""}, {""type"": ""SPI"", ""name"": ""SPI"", ""source_kind"": ""qinheng_structured_table"", ""count"": ""3"", ""n"": ""3""}, {""type"": ""CAN"", ""name"": ""CAN"", ""source_kind"": ""qinheng_structured_table"", ""count"": ""1"", ""n"": ""1""}, {""type"": ""SDIO"", ""name"": ""SDIO"", ""source_kind"": ""qinheng_structured_table"", ""count"": ""1"", ""n"": ""1""}, {""type"": ""USART"", ""name"": ""USART"", ""source_kind"": ""qinheng_structured_table"", ""count"": ""8"", ""n"": ""8""}, {""type"": ""Timer"", ""name"": ""Advanced/general timer groups"", ""source_kind"": ""qinheng_structured_table"", ""count"": ""8"", ""n"": ""8"", ""m"": ""4/4""}, {""type"": ""OPAMP"", ""name"": ""OPA / comparator"", ""source_kind"": ""qinheng_structured_table"", ""count"": ""4"", ""n"": ""4""}, {""type"": ""Touch"", ""name"": ""TouchKey channels"", ""source_kind"": ""qinheng_structured_table"", ""count"": ""16"", ""n"": ""16""}, {""type"": ""IOs"", ""name"": ""GPIO"", ""source_kind"": ""qinheng_structured_table"", ""count"": ""80"", ""n"": ""80""}, {""type"": ""WDT"", ""name"": ""Watchdog timers"", ""source_kind"": ""qinheng_structured_table"", ""count"": ""2"", ""n"": ""2""}, {""type"": ""RTC"", ""name"": ""RTC"", ""source_kind"": ""qinheng_structured_table"", ""count"": ""1"", ""n"": ""1""}, {""type"": ""RNG"", ""name"": ""True random number generator"", ""source_kind"": ""qinheng_structured_table"", ""count"": ""1"", ""n"": ""1""}, {""type"": ""USBH"", ""name"": ""USB Host"", ""source_kind"": ""qinheng_structured_table"", ""count"": ""1"", ""n"": ""1""}, {""type"": ""USBD"", ""name"": ""USB Device"", ""source_kind"": ""qinheng_structured_table"", ""count"": ""1"", ""n"": ""1""}, {""type"": ""VendorCapability"", ""name"": ""WCH VDD: 2.5/3.3"", ""source_kind"": ""qinheng_structured_table"", ""count"": ""1"", ""n"": ""1"", ""m"": ""2.5/3.3""}]","[{""title"": ""WCH CH32V303 product page"", ""url"": ""https://www.wch.cn/products/CH32V303.html""}]",,unknown,qinheng:ch32-table,https://www.wch.cn/products/CH32V303.html,structured-snapshot,2026-08-30T15:23:23+00:00,manufacturer_product_page
qinheng::ch32v305fb,qinheng::ch32::ch32v305,Qinheng,general_purpose_mcu,RISC-V,CH32,CH32V305,CH32V305,CH32V305FB,CH32V305FB,FB,"[{""Darchitecture"": ""RISC-V"", ""Dcore"": ""QingKe V4F"", ""DcoreCount"": ""1"", ""Dfpu"": ""FPU""}]",144000000,131072,32768,TSSOP20,17,[],"[{""type"": ""ADC"", ""name"": ""12-bit ADC channels"", ""source_kind"": ""qinheng_structured_table"", ""count"": ""1"", ""n"": ""1"", ""m"": ""12-bit""}, {""type"": ""ADCUnits"", ""name"": ""ADC converter units"", ""source_kind"": ""qinheng_structured_table"", ""count"": ""2"", ""n"": ""2"", ""m"": ""12-bit""}, {""type"": ""I2C"", ""name"": ""I²C"", ""source_kind"": ""qinheng_structured_table"", ""count"": ""2"", ""n"": ""2""}, {""type"": ""SPI"", ""name"": ""SPI"", ""source_kind"": ""qinheng_structured_table"", ""count"": ""1"", ""n"": ""1""}, {""type"": ""CAN"", ""name"": ""CAN"", ""source_kind"": ""qinheng_structured_table"", ""count"": ""1"", ""n"": ""1""}, {""type"": ""UART"", ""name"": ""UART"", ""source_kind"": ""qinheng_structured_table"", ""count"": ""2"", ""n"": ""2""}, {""type"": ""Timer"", ""name"": ""Advanced/general timer groups"", ""source_kind"": ""qinheng_structured_table"", ""count"": ""8"", ""n"": ""8"", ""m"": ""4/4""}, {""type"": ""Touch"", ""name"": ""TouchKey channels"", ""source_kind"": ""qinheng_structured_table"", ""count"": ""1"", ""n"": ""1""}, {""type"": ""IOs"", ""name"": ""GPIO"", ""source_kind"": ""qinheng_structured_table"", ""count"": ""17"", ""n"": ""17""}, {""type"": ""WDT"", ""name"": ""Watchdog timers"", ""source_kind"": ""qinheng_structured_table"", ""count"": ""2"", ""n"": ""2""}, {""type"": ""RTC"", ""name"": ""RTC"", ""source_kind"": ""qinheng_structured_table"", ""count"": ""1"", ""n"": ""1""}, {""type"": ""RNG"", ""name"": ""True random number generator"", ""source_kind"": ""qinheng_structured_table"", ""count"": ""1"", ""n"": ""1""}, {""type"": ""USBH"", ""name"": ""USB Host"", ""source_kind"": ""qinheng_structured_table"", ""count"": ""1"", ""n"": ""1""}, {""type"": ""USBD"", ""name"": ""USB Device"", ""source_kind"": ""qinheng_structured_table"", ""count"": ""1"", ""n"": ""1""}, {""type"": ""VendorCapability"", ""name"": ""WCH VDD: 2.5/3.3"", ""source_kind"": ""qinheng_structured_table"", ""count"": ""1"", ""n"": ""1"", ""m"": ""2.5/3.3""}]","[{""title"": ""WCH CH32V305 product page"", ""url"": ""https://www.wch.cn/products/CH32V307.html""}]",,unknown,qinheng:ch32-table,https://www.wch.cn/products/CH32V307.html,structured-snapshot,2026-08-30T15:23:23+00:00,manufacturer_product_page
qinheng::ch32v305gb,qinheng::ch32::ch32v305,Qinheng,general_purpose_mcu,RISC-V,CH32,CH32V305,CH32V305,CH32V305GB,CH32V305GB,GB,"[{""Darchitecture"": ""RISC-V"", ""Dcore"": ""QingKe V4F"", ""DcoreCount"": ""1"", ""Dfpu"": ""FPU""}]",144000000,131072,32768,QFN28,24,[],"[{""type"": ""ADC"", ""name"": ""12-bit ADC channels"", ""source_kind"": ""qinheng_structured_table"", ""count"": ""6"", ""n"": ""6"", ""m"": ""12-bit""}, {""type"": ""ADCUnits"", ""name"": ""ADC converter units"", ""source_kind"": ""qinheng_structured_table"", ""count"": ""2"", ""n"": ""2"", ""m"": ""12-bit""}, {""type"": ""I2C"", ""name"": ""I²C"", ""source_kind"": ""qinheng_structured_table"", ""count"": ""2"", ""n"": ""2""}, {""type"": ""SPI"", ""name"": ""SPI"", ""source_kind"": ""qinheng_structured_table"", ""count"": ""3"", ""n"": ""3""}, {""type"": ""CAN"", ""name"": ""CAN"", ""source_kind"": ""qinheng_structured_table"", ""count"": ""2"", ""n"": ""2""}, {""type"": ""SDIO"", ""name"": ""SDIO"", ""source_kind"": ""qinheng_structured_table"", ""count"": ""1"", ""n"": ""1""}, {""type"": ""UART"", ""name"": ""UART"", ""source_kind"": ""qinheng_structured_table"", ""count"": ""5"", ""n"": ""5""}, {""type"": ""Timer"", ""name"": ""Advanced/general timer groups"", ""source_kind"": ""qinheng_structured_table"", ""count"": ""8"", ""n"": ""8"", ""m"": ""4/4""}, {""type"": ""OPAMP"", ""name"": ""OPA / comparator"", ""source_kind"": ""qinheng_structured_table"", ""count"": ""1"", ""n"": ""1""}, {""type"": ""Touch"", ""name"": ""TouchKey channels"", ""source_kind"": ""qinheng_structured_table"", ""count"": ""6"", ""n"": ""6""}, {""type"": ""IOs"", ""name"": ""GPIO"", ""source_kind"": ""qinheng_structured_table"", ""count"": ""24"", ""n"": ""24""}, {""type"": ""WDT"", ""name"": ""Watchdog timers"", ""source_kind"": ""qinheng_structured_table"", ""count"": ""2"", ""n"": ""2""}, {""type"": ""RTC"", ""name"": ""RTC"", ""source_kind"": ""qinheng_structured_table"", ""count"": ""1"", ""n"": ""1""}, {""type"": ""RNG"", ""name"": ""True random number generator"", ""source_kind"": ""qinheng_structured_table"", ""count"": ""1"", ""n"": ""1""}, {""type"": ""USBH"", ""name"": ""USB Host"", ""source_kind"": ""qinheng_structured_table"", ""count"": ""1"", ""n"": ""1""}, {""type"": ""USBD"", ""name"": ""USB Device"", ""source_kind"": ""qinheng_structured_table"", ""count"": ""1"", ""n"": ""1""}, {""type"": ""VendorCapability"", ""name"": ""WCH VDD: 2.5/3.3"", ""source_kind"": ""qinheng_structured_table"", ""count"": ""1"", ""n"": ""1"", ""m"": ""2.5/3.3""}]","[{""title"": ""WCH CH32V305 product page"", ""url"": ""https://www.wch.cn/products/CH32V307.html""}]",,unknown,qinheng:ch32-table,https://www.wch.cn/products/CH32V307.html,structured-snapshot,2026-08-30T15:23:23+00:00,manufacturer_product_page
qinheng::ch32v305rb,qinheng::ch32::ch32v305,Qinheng,general_purpose_mcu,RISC-V,CH32,CH32V305,CH32V305,CH32V305RB,CH32V305RB,RB,"[{""Darchitecture"": ""RISC-V"", ""Dcore"": ""QingKe V4F"", ""DcoreCount"": ""1"", ""Dfpu"": ""FPU""}]",144000000,131072,32768,LQFP64M,51,[],"[{""type"": ""ADC"", ""name"": ""12-bit ADC channels"", ""source_kind"": ""qinheng_structured_table"", ""count"": ""16"", ""n"": ""16"", ""m"": ""12-bit""}, {""type"": ""ADCUnits"", ""name"": ""ADC converter units"", ""source_kind"": ""qinheng_structured_table"", ""count"": ""2"", ""n"": ""2"", ""m"": ""12-bit""}, {""type"": ""I2C"", ""name"": ""I²C"", ""source_kind"": ""qinheng_structured_table"", ""count"": ""2"", ""n"": ""2""}, {""type"": ""SPI"", ""name"": ""SPI"", ""source_kind"": ""qinheng_structured_table"", ""count"": ""3"", ""n"": ""3""}, {""type"": ""CAN"", ""name"": ""CAN"", ""source_kind"": ""qinheng_structured_table"", ""count"": ""2"", ""n"": ""2""}, {""type"": ""SDIO"", ""name"": ""SDIO"", ""source_kind"": ""qinheng_structured_table"", ""count"": ""1"", ""n"": ""1""}, {""type"": ""UART"", ""name"": ""UART"", ""source_kind"": ""qinheng_structured_table"", ""count"": ""5"", ""n"": ""5""}, {""type"": ""Timer"", ""name"": ""Advanced/general timer groups"", ""source_kind"": ""qinheng_structured_table"", ""count"": ""8"", ""n"": ""8"", ""m"": ""4/4""}, {""type"": ""OPAMP"", ""name"": ""OPA / comparator"", ""source_kind"": ""qinheng_structured_table"", ""count"": ""4"", ""n"": ""4""}, {""type"": ""Touch"", ""name"": ""TouchKey channels"", ""source_kind"": ""qinheng_structured_table"", ""count"": ""16"", ""n"": ""16""}, {""type"": ""IOs"", ""name"": ""GPIO"", ""source_kind"": ""qinheng_structured_table"", ""count"": ""51"", ""n"": ""51""}, {""type"": ""WDT"", ""name"": ""Watchdog timers"", ""source_kind"": ""qinheng_structured_table"", ""count"": ""2"", ""n"": ""2""}, {""type"": ""RTC"", ""name"": ""RTC"", ""source_kind"": ""qinheng_structured_table"", ""count"": ""1"", ""n"": ""1""}, {""type"": ""RNG"", ""name"": ""True random number generator"", ""source_kind"": ""qinheng_structured_table"", ""count"": ""1"", ""n"": ""1""}, {""type"": ""USBOTG"", ""name"": ""USB OTG: OTG H/D 内置PHY"", ""source_kind"": ""qinheng_structured_table"", ""count"": ""1"", ""n"": ""1""}, {""type"": ""USBH"", ""name"": ""USB Host"", ""source_kind"": ""qinheng_structured_table"", ""count"": ""1"", ""n"": ""1""}, {""type"": ""USBD"", ""name"": ""USB Device"", ""source_kind"": ""qinheng_structured_table"", ""count"": ""1"", ""n"": ""1""}, {""type"": ""VendorCapability"", ""name"": ""WCH VDD: 2.5/3.3"", ""source_kind"": ""qinheng_structured_table"", ""count"": ""1"", ""n"": ""1"", ""m"": ""2.5/3.3""}]","[{""title"": ""WCH CH32V305 product page"", ""url"": ""https://www.wch.cn/products/CH32V307.html""}]",,unknown,qinheng:ch32-table,https://www.wch.cn/products/CH32V307.html,structured-snapshot,2026-08-30T15:23:23+00:00,manufacturer_product_page
qinheng::ch32v307rc,qinheng::ch32::ch32v307,Qinheng,general_purpose_mcu,RISC-V,CH32,CH32V307,CH32V307,CH32V307RC,CH32V307RC,RC,"[{""Darchitecture"": ""RISC-V"", ""Dcore"": ""QingKe V4F"", ""DcoreCount"": ""1"", ""Dfpu"": ""FPU""}]",144000000,262144,65536,LQFP64M,51,[],"[{""type"": ""ADC"", ""name"": ""12-bit ADC channels"", ""source_kind"": ""qinheng_structured_table"", ""count"": ""16"", ""n"": ""16"", ""m"": ""12-bit""}, {""type"": ""ADCUnits"", ""name"": ""ADC converter units"", ""source_kind"": ""qinheng_structured_table"", ""count"": ""2"", ""n"": ""2"", ""m"": ""12-bit""}, {""type"": ""I2C"", ""name"": ""I²C"", ""source_kind"": ""qinheng_structured_table"", ""count"": ""2"", ""n"": ""2""}, {""type"": ""SPI"", ""name"": ""SPI"", ""source_kind"": ""qinheng_structured_table"", ""count"": ""3"", ""n"": ""3""}, {""type"": ""CAN"", ""name"": ""CAN"", ""source_kind"": ""qinheng_structured_table"", ""count"": ""2"", ""n"": ""2""}, {""type"": ""SDIO"", ""name"": ""SDIO"", ""source_kind"": ""qinheng_structured_table"", ""count"": ""1"", ""n"": ""1""}, {""type"": ""USART"", ""name"": ""USART"", ""source_kind"": ""qinheng_structured_table"", ""count"": ""3"", ""n"": ""3""}, {""type"": ""UART"", ""name"": ""UART"", ""source_kind"": ""qinheng_structured_table"", ""count"": ""5"", ""n"": ""5""}, {""type"": ""Timer"", ""name"": ""Advanced/general timer groups"", ""source_kind"": ""qinheng_structured_table"", ""count"": ""8"", ""n"": ""8"", ""m"": ""4/4""}, {""type"": ""OPAMP"", ""name"": ""OPA / comparator"", ""source_kind"": ""qinheng_structured_table"", ""count"": ""4"", ""n"": ""4""}, {""type"": ""Touch"", ""name"": ""TouchKey channels"", ""source_kind"": ""qinheng_structured_table"", ""count"": ""16"", ""n"": ""16""}, {""type"": ""IOs"", ""name"": ""GPIO"", ""source_kind"": ""qinheng_structured_table"", ""count"": ""51"", ""n"": ""51""}, {""type"": ""WDT"", ""name"": ""Watchdog timers"", ""source_kind"": ""qinheng_structured_table"", ""count"": ""2"", ""n"": ""2""}, {""type"": ""RTC"", ""name"": ""RTC"", ""source_kind"": ""qinheng_structured_table"", ""count"": ""1"", ""n"": ""1""}, {""type"": ""RNG"", ""name"": ""True random number generator"", ""source_kind"": ""qinheng_structured_table"", ""count"": ""1"", ""n"": ""1""}, {""type"": ""USBOTG"", ""name"": ""USB OTG: OTG H/D 内置PHY"", ""source_kind"": ""qinheng_structured_table"", ""count"": ""1"", ""n"": ""1""}, {""type"": ""USBH"", ""name"": ""USB Host"", ""source_kind"": ""qinheng_structured_table"", ""count"": ""1"", ""n"": ""1""}, {""type"": ""USBD"", ""name"": ""USB Device"", ""source_kind"": ""qinheng_structured_table"", ""count"": ""1"", ""n"": ""1""}, {""type"": ""ETH"", ""name"": ""Ethernet: 1G MAC+10M PHY"", ""source_kind"": ""qinheng_structured_table"", ""count"": ""1"", ""n"": ""1""}, {""type"": ""VendorCapability"", ""name"": ""WCH VDD: 2.5/3.3"", ""source_kind"": ""qinheng_structured_table"", ""count"": ""1"", ""n"": ""1"", ""m"": ""2.5/3.3""}]","[{""title"": ""WCH CH32V307 product page"", ""url"": ""https://www.wch.cn/products/CH32V307.html""}]",,unknown,qinheng:ch32-table,https://www.wch.cn/products/CH32V307.html,structured-snapshot,2026-08-30T15:23:23+00:00,manufacturer_product_page
qinheng::ch32v307vc,qinheng::ch32::ch32v307,Qinheng,general_purpose_mcu,RISC-V,CH32,CH32V307,CH32V307,CH32V307VC,CH32V307VC,VC,"[{""Darchitecture"": ""RISC-V"", ""Dcore"": ""QingKe V4F"", ""DcoreCount"": ""1"", ""Dfpu"": ""FPU""}]",144000000,262144,65536,LQFP100,80,[],"[{""type"": ""ADC"", ""name"": ""12-bit ADC channels"", ""source_kind"": ""qinheng_structured_table"", ""count"": ""16"", ""n"": ""16"", ""m"": ""12-bit""}, {""type"": ""ADCUnits"", ""name"": ""ADC converter units"", ""source_kind"": ""qinheng_structured_table"", ""count"": ""2"", ""n"": ""2"", ""m"": ""12-bit""}, {""type"": ""I2C"", ""name"": ""I²C"", ""source_kind"": ""qinheng_structured_table"", ""count"": ""2"", ""n"": ""2""}, {""type"": ""SPI"", ""name"": ""SPI"", ""source_kind"": ""qinheng_structured_table"", ""count"": ""3"", ""n"": ""3""}, {""type"": ""CAN"", ""name"": ""CAN"", ""source_kind"": ""qinheng_structured_table"", ""count"": ""2"", ""n"": ""2""}, {""type"": ""SDIO"", ""name"": ""SDIO"", ""source_kind"": ""qinheng_structured_table"", ""count"": ""1"", ""n"": ""1""}, {""type"": ""USART"", ""name"": ""USART"", ""source_kind"": ""qinheng_structured_table"", ""count"": ""3"", ""n"": ""3""}, {""type"": ""UART"", ""name"": ""UART"", ""source_kind"": ""qinheng_structured_table"", ""count"": ""5"", ""n"": ""5""}, {""type"": ""Timer"", ""name"": ""Advanced/general timer groups"", ""source_kind"": ""qinheng_structured_table"", ""count"": ""8"", ""n"": ""8"", ""m"": ""4/4""}, {""type"": ""OPAMP"", ""name"": ""OPA / comparator"", ""source_kind"": ""qinheng_structured_table"", ""count"": ""4"", ""n"": ""4""}, {""type"": ""Touch"", ""name"": ""TouchKey channels"", ""source_kind"": ""qinheng_structured_table"", ""count"": ""16"", ""n"": ""16""}, {""type"": ""IOs"", ""name"": ""GPIO"", ""source_kind"": ""qinheng_structured_table"", ""count"": ""80"", ""n"": ""80""}, {""type"": ""WDT"", ""name"": ""Watchdog timers"", ""source_kind"": ""qinheng_structured_table"", ""count"": ""2"", ""n"": ""2""}, {""type"": ""RTC"", ""name"": ""RTC"", ""source_kind"": ""qinheng_structured_table"", ""count"": ""1"", ""n"": ""1""}, {""type"": ""RNG"", ""name"": ""True random number generator"", ""source_kind"": ""qinheng_structured_table"", ""count"": ""1"", ""n"": ""1""}, {""type"": ""USBOTG"", ""name"": ""USB OTG: OTG H/D 内置PHY"", ""source_kind"": ""qinheng_structured_table"", ""count"": ""1"", ""n"": ""1""}, {""type"": ""USBH"", ""name"": ""USB Host"", ""source_kind"": ""qinheng_structured_table"", ""count"": ""1"", ""n"": ""1""}, {""type"": ""USBD"", ""name"": ""USB Device"", ""source_kind"": ""qinheng_structured_table"", ""count"": ""1"", ""n"": ""1""}, {""type"": ""ETH"", ""name"": ""Ethernet: 1G MAC+10M PHY"", ""source_kind"": ""qinheng_structured_table"", ""count"": ""1"", ""n"": ""1""}, {""type"": ""VendorCapability"", ""name"": ""WCH VDD: 2.5/3.3"", ""source_kind"": ""qinheng_structured_table"", ""count"": ""1"", ""n"": ""1"", ""m"": ""2.5/3.3""}]","[{""title"": ""WCH CH32V307 product page"", ""url"": ""https://www.wch.cn/products/CH32V307.html""}]",,unknown,qinheng:ch32-table,https://www.wch.cn/products/CH32V307.html,structured-snapshot,2026-08-30T15:23:23+00:00,manufacturer_product_page
qinheng::ch32v307wc,qinheng::ch32::ch32v307,Qinheng,general_purpose_mcu,RISC-V,CH32,CH32V307,CH32V307,CH32V307WC,CH32V307WC,WC,"[{""Darchitecture"": ""RISC-V"", ""Dcore"": ""QingKe V4F"", ""DcoreCount"": ""1"", ""Dfpu"": ""FPU""}]",144000000,262144,65536,QFN68,54,[],"[{""type"": ""ADC"", ""name"": ""12-bit ADC channels"", ""source_kind"": ""qinheng_structured_table"", ""count"": ""16"", ""n"": ""16"", ""m"": ""12-bit""}, {""type"": ""ADCUnits"", ""name"": ""ADC converter units"", ""source_kind"": ""qinheng_structured_table"", ""count"": ""2"", ""n"": ""2"", ""m"": ""12-bit""}, {""type"": ""I2C"", ""name"": ""I²C"", ""source_kind"": ""qinheng_structured_table"", ""count"": ""2"", ""n"": ""2""}, {""type"": ""SPI"", ""name"": ""SPI"", ""source_kind"": ""qinheng_structured_table"", ""count"": ""3"", ""n"": ""3""}, {""type"": ""CAN"", ""name"": ""CAN"", ""source_kind"": ""qinheng_structured_table"", ""count"": ""2"", ""n"": ""2""}, {""type"": ""SDIO"", ""name"": ""SDIO"", ""source_kind"": ""qinheng_structured_table"", ""count"": ""1"", ""n"": ""1""}, {""type"": ""USART"", ""name"": ""USART"", ""source_kind"": ""qinheng_structured_table"", ""count"": ""3"", ""n"": ""3""}, {""type"": ""UART"", ""name"": ""UART"", ""source_kind"": ""qinheng_structured_table"", ""count"": ""5"", ""n"": ""5""}, {""type"": ""Timer"", ""name"": ""Advanced/general timer groups"", ""source_kind"": ""qinheng_structured_table"", ""count"": ""8"", ""n"": ""8"", ""m"": ""4/4""}, {""type"": ""OPAMP"", ""name"": ""OPA / comparator"", ""source_kind"": ""qinheng_structured_table"", ""count"": ""4"", ""n"": ""4""}, {""type"": ""Touch"", ""name"": ""TouchKey channels"", ""source_kind"": ""qinheng_structured_table"", ""count"": ""16"", ""n"": ""16""}, {""type"": ""IOs"", ""name"": ""GPIO"", ""source_kind"": ""qinheng_structured_table"", ""count"": ""54"", ""n"": ""54""}, {""type"": ""WDT"", ""name"": ""Watchdog timers"", ""source_kind"": ""qinheng_structured_table"", ""count"": ""2"", ""n"": ""2""}, {""type"": ""RTC"", ""name"": ""RTC"", ""source_kind"": ""qinheng_structured_table"", ""count"": ""1"", ""n"": ""1""}, {""type"": ""RNG"", ""name"": ""True random number generator"", ""source_kind"": ""qinheng_structured_table"", ""count"": ""1"", ""n"": ""1""}, {""type"": ""USBOTG"", ""name"": ""USB OTG: OTG H/D 内置PHY"", ""source_kind"": ""qinheng_structured_table"", ""count"": ""1"", ""n"": ""1""}, {""type"": ""USBH"", ""name"": ""USB Host"", ""source_kind"": ""qinheng_structured_table"", ""count"": ""1"", ""n"": ""1""}, {""type"": ""USBD"", ""name"": ""USB Device"", ""source_kind"": ""qinheng_structured_table"", ""count"": ""1"", ""n"": ""1""}, {""type"": ""ETH"", ""name"": ""Ethernet: 1G MAC+10M PHY"", ""source_kind"": ""qinheng_structured_table"", ""count"": ""1"", ""n"": ""1""}, {""type"": ""VendorCapability"", ""name"": ""WCH VDD: 2.5/3.3"", ""source_kind"": ""qinheng_structured_table"", ""count"": ""1"", ""n"": ""1"", ""m"": ""2.5/3.3""}]","[{""title"": ""WCH CH32V307 product page"", ""url"": ""https://www.wch.cn/products/CH32V307.html""}]",,unknown,qinheng:ch32-table,https://www.wch.cn/products/CH32V307.html,structured-snapshot,2026-08-30T15:23:23+00:00,manufacturer_product_page
qinheng::ch32v317vc,qinheng::ch32::ch32v317,Qinheng,general_purpose_mcu,RISC-V,CH32,CH32V317,CH32V317,CH32V317VC,CH32V317VC,VC,"[{""Darchitecture"": ""RISC-V"", ""Dcore"": ""QingKe V4F"", ""DcoreCount"": ""1"", ""Dfpu"": ""FPU""}]",144000000,491520,65536,LQFP100,,"[{""name"": ""USR_1"", ""size"": 491520}, {""name"": ""RAM"", ""size"": 65536}]","[{""type"": ""ADC"", ""name"": ""12-bit ADC channels"", ""source_kind"": ""qinheng_structured_table"", ""count"": ""2"", ""n"": ""2"", ""m"": ""12-bit""}, {""type"": ""I2C"", ""name"": ""I²C"", ""source_kind"": ""qinheng_structured_table"", ""count"": ""2"", ""n"": ""2""}, {""type"": ""SPI"", ""name"": ""SPI"", ""source_kind"": ""qinheng_structured_table"", ""count"": ""3"", ""n"": ""3""}, {""type"": ""CAN"", ""name"": ""CAN"", ""source_kind"": ""qinheng_structured_table"", ""count"": ""2"", ""n"": ""2""}, {""type"": ""SDIO"", ""name"": ""SDIO"", ""source_kind"": ""qinheng_structured_table"", ""count"": ""1"", ""n"": ""1""}, {""type"": ""USART"", ""name"": ""USART"", ""source_kind"": ""qinheng_structured_table"", ""count"": ""8"", ""n"": ""8""}, {""type"": ""Timer"", ""name"": ""Advanced/general timer groups"", ""source_kind"": ""qinheng_structured_table"", ""count"": ""5"", ""n"": ""5"", ""m"": ""5/0""}, {""type"": ""RNG"", ""name"": ""True random number generator"", ""source_kind"": ""qinheng_structured_table"", ""count"": ""1"", ""n"": ""1""}, {""type"": ""USBH"", ""name"": ""USB Host"", ""source_kind"": ""qinheng_structured_table"", ""count"": ""1"", ""n"": ""1""}, {""type"": ""USBD"", ""name"": ""USB Device"", ""source_kind"": ""qinheng_structured_table"", ""count"": ""1"", ""n"": ""1""}, {""type"": ""ETH"", ""name"": ""Ethernet: 1"", ""source_kind"": ""qinheng_structured_table"", ""count"": ""1"", ""n"": ""1""}, {""type"": ""ETH"", ""name"": ""WCH Gigabit Ethernet"", ""source_kind"": ""qinheng_structured_table"", ""count"": ""1"", ""n"": ""1""}]","[{""title"": ""WCH CH32V317 product page"", ""url"": ""https://www.wch.cn/products/CH32V317.html""}]",,unknown,qinheng:ch32-data-yaml:CH32V317VCT6.yaml,https://www.wch.cn/products/CH32V317.html,structured-snapshot,2026-08-30T15:23:23+00:00,manufacturer_device_database
qinheng::ch32v317wc,qinheng::ch32::ch32v317,Qinheng,general_purpose_mcu,RISC-V,CH32,CH32V317,CH32V317,CH32V317WC,CH32V317WC,WC,"[{""Darchitecture"": ""RISC-V"", ""Dcore"": ""QingKe V4F"", ""DcoreCount"": ""1"", ""Dfpu"": ""FPU""}]",144000000,491520,65536,QFN68,,"[{""name"": ""USR_1"", ""size"": 491520}, {""name"": ""RAM"", ""size"": 65536}]","[{""type"": ""ADC"", ""name"": ""12-bit ADC channels"", ""source_kind"": ""qinheng_structured_table"", ""count"": ""2"", ""n"": ""2"", ""m"": ""12-bit""}, {""type"": ""I2C"", ""name"": ""I²C"", ""source_kind"": ""qinheng_structured_table"", ""count"": ""2"", ""n"": ""2""}, {""type"": ""SPI"", ""name"": ""SPI"", ""source_kind"": ""qinheng_structured_table"", ""count"": ""3"", ""n"": ""3""}, {""type"": ""CAN"", ""name"": ""CAN"", ""source_kind"": ""qinheng_structured_table"", ""count"": ""2"", ""n"": ""2""}, {""type"": ""SDIO"", ""name"": ""SDIO"", ""source_kind"": ""qinheng_structured_table"", ""count"": ""1"", ""n"": ""1""}, {""type"": ""USART"", ""name"": ""USART"", ""source_kind"": ""qinheng_structured_table"", ""count"": ""8"", ""n"": ""8""}, {""type"": ""Timer"", ""name"": ""Advanced/general timer groups"", ""source_kind"": ""qinheng_structured_table"", ""count"": ""5"", ""n"": ""5"", ""m"": ""5/0""}, {""type"": ""RNG"", ""name"": ""True random number generator"", ""source_kind"": ""qinheng_structured_table"", ""count"": ""1"", ""n"": ""1""}, {""type"": ""USBH"", ""name"": ""USB Host"", ""source_kind"": ""qinheng_structured_table"", ""count"": ""1"", ""n"": ""1""}, {""type"": ""USBD"", ""name"": ""USB Device"", ""source_kind"": ""qinheng_structured_table"", ""count"": ""1"", ""n"": ""1""}, {""type"": ""ETH"", ""name"": ""Ethernet: 1"", ""source_kind"": ""qinheng_structured_table"", ""count"": ""1"", ""n"": ""1""}, {""type"": ""ETH"", ""name"": ""WCH Gigabit Ethernet"", ""source_kind"": ""qinheng_structured_table"", ""count"": ""1"", ""n"": ""1""}]","[{""title"": ""WCH CH32V317 product page"", ""url"": ""https://www.wch.cn/products/CH32V317.html""}]",,unknown,qinheng:ch32-data-yaml:CH32V317WCU6.yaml,https://www.wch.cn/products/CH32V317.html,structured-snapshot,2026-08-30T15:23:23+00:00,manufacturer_device_database
qinheng::ch32x033f8,qinheng::ch32::ch32x033,Qinheng,general_purpose_mcu,RISC-V,CH32,CH32X033,CH32X033,CH32X033F8,CH32X033F8,F8,"[{""Darchitecture"": ""RISC-V"", ""Dcore"": ""QingKe V2A/V2C"", ""DcoreCount"": ""1"", ""Dfpu"": ""0""}]",48000000,63488,20480,TSSOP20,18,[],"[{""type"": ""ADC"", ""name"": ""12-bit ADC channels"", ""source_kind"": ""qinheng_structured_table"", ""count"": ""10"", ""n"": ""10"", ""m"": ""12-bit""}, {""type"": ""ADCUnits"", ""name"": ""ADC converter units"", ""source_kind"": ""qinheng_structured_table"", ""count"": ""1"", ""n"": ""1"", ""m"": ""12-bit""}, {""type"": ""I2C"", ""name"": ""I²C"", ""source_kind"": ""qinheng_structured_table"", ""count"": ""1"", ""n"": ""1""}, {""type"": ""SPI"", ""name"": ""SPI"", ""source_kind"": ""qinheng_structured_table"", ""count"": ""1"", ""n"": ""1""}, {""type"": ""UART"", ""name"": ""UART"", ""source_kind"": ""qinheng_structured_table"", ""count"": ""4"", ""n"": ""4""}, {""type"": ""Timer"", ""name"": ""Advanced/general timer groups"", ""source_kind"": ""qinheng_structured_table"", ""count"": ""3"", ""n"": ""3"", ""m"": ""2/1""}, {""type"": ""OPAMP"", ""name"": ""OPA / comparator"", ""source_kind"": ""qinheng_structured_table"", ""count"": ""2"", ""n"": ""2""}, {""type"": ""Touch"", ""name"": ""TouchKey channels"", ""source_kind"": ""qinheng_structured_table"", ""count"": ""10"", ""n"": ""10""}, {""type"": ""IOs"", ""name"": ""GPIO"", ""source_kind"": ""qinheng_structured_table"", ""count"": ""18"", ""n"": ""18""}, {""type"": ""WDT"", ""name"": ""Watchdog timers"", ""source_kind"": ""qinheng_structured_table"", ""count"": ""2"", ""n"": ""2""}, {""type"": ""USBD"", ""name"": ""USB Device"", ""source_kind"": ""qinheng_structured_table"", ""count"": ""1"", ""n"": ""1""}, {""type"": ""VendorCapability"", ""name"": ""WCH VDD: 3.3/5.0"", ""source_kind"": ""qinheng_structured_table"", ""count"": ""1"", ""n"": ""1"", ""m"": ""3.3/5.0""}]","[{""title"": ""WCH CH32X033 product page"", ""url"": ""https://www.wch.cn/products/CH32X035.html""}]",,unknown,qinheng:ch32-table,https://www.wch.cn/products/CH32X035.html,structured-snapshot,2026-08-30T15:23:23+00:00,manufacturer_product_page
qinheng::ch32x034f8,qinheng::ch32::ch32x034,Qinheng,general_purpose_mcu,RISC-V,CH32,CH32X034,CH32X034,CH32X034F8,CH32X034F8,F8,"[{""Darchitecture"": ""RISC-V"", ""Dcore"": ""QingKe V2A/V2C"", ""DcoreCount"": ""1"", ""Dfpu"": ""0""}]",48000000,63488,20480,TSSOP20,18,[],"[{""type"": ""ADC"", ""name"": ""12-bit ADC channels"", ""source_kind"": ""qinheng_structured_table"", ""count"": ""10"", ""n"": ""10"", ""m"": ""12-bit""}, {""type"": ""ADCUnits"", ""name"": ""ADC converter units"", ""source_kind"": ""qinheng_structured_table"", ""count"": ""1"", ""n"": ""1"", ""m"": ""12-bit""}, {""type"": ""I2C"", ""name"": ""I²C"", ""source_kind"": ""qinheng_structured_table"", ""count"": ""1"", ""n"": ""1""}, {""type"": ""SPI"", ""name"": ""SPI"", ""source_kind"": ""qinheng_structured_table"", ""count"": ""1"", ""n"": ""1""}, {""type"": ""UART"", ""name"": ""UART"", ""source_kind"": ""qinheng_structured_table"", ""count"": ""4"", ""n"": ""4""}, {""type"": ""Timer"", ""name"": ""Advanced/general timer groups"", ""source_kind"": ""qinheng_structured_table"", ""count"": ""3"", ""n"": ""3"", ""m"": ""2/1""}, {""type"": ""OPAMP"", ""name"": ""OPA / comparator"", ""source_kind"": ""qinheng_structured_table"", ""count"": ""2"", ""n"": ""2""}, {""type"": ""Touch"", ""name"": ""TouchKey channels"", ""source_kind"": ""qinheng_structured_table"", ""count"": ""10"", ""n"": ""10""}, {""type"": ""IOs"", ""name"": ""GPIO"", ""source_kind"": ""qinheng_structured_table"", ""count"": ""18"", ""n"": ""18""}, {""type"": ""WDT"", ""name"": ""Watchdog timers"", ""source_kind"": ""qinheng_structured_table"", ""count"": ""2"", ""n"": ""2""}, {""type"": ""USBD"", ""name"": ""USB Device"", ""source_kind"": ""qinheng_structured_table"", ""count"": ""1"", ""n"": ""1""}, {""type"": ""VendorCapability"", ""name"": ""WCH VDD: 3.3/5.0"", ""source_kind"": ""qinheng_structured_table"", ""count"": ""1"", ""n"": ""1"", ""m"": ""3.3/5.0""}]","[{""title"": ""WCH CH32X034 product page"", ""url"": ""https://www.wch.cn/products/CH32X035.html""}]",,unknown,qinheng:ch32-table,https://www.wch.cn/products/CH32X035.html,structured-snapshot,2026-08-30T15:23:23+00:00,manufacturer_product_page
qinheng::ch32x035c8,qinheng::ch32::ch32x035,Qinheng,general_purpose_mcu,RISC-V,CH32,CH32X035,CH32X035,CH32X035C8,CH32X035C8,C8,"[{""Darchitecture"": ""RISC-V"", ""Dcore"": ""QingKe V2A/V2C"", ""DcoreCount"": ""1"", ""Dfpu"": ""0""}]",48000000,63488,20480,LQFP48,46,[],"[{""type"": ""ADC"", ""name"": ""12-bit ADC channels"", ""source_kind"": ""qinheng_structured_table"", ""count"": ""10"", ""n"": ""10"", ""m"": ""12-bit""}, {""type"": ""ADCUnits"", ""name"": ""ADC converter units"", ""source_kind"": ""qinheng_structured_table"", ""count"": ""1"", ""n"": ""1"", ""m"": ""12-bit""}, {""type"": ""I2C"", ""name"": ""I²C"", ""source_kind"": ""qinheng_structured_table"", ""count"": ""1"", ""n"": ""1""}, {""type"": ""SPI"", ""name"": ""SPI"", ""source_kind"": ""qinheng_structured_table"", ""count"": ""1"", ""n"": ""1""}, {""type"": ""UART"", ""name"": ""UART"", ""source_kind"": ""qinheng_structured_table"", ""count"": ""4"", ""n"": ""4""}, {""type"": ""Timer"", ""name"": ""Advanced/general timer groups"", ""source_kind"": ""qinheng_structured_table"", ""count"": ""3"", ""n"": ""3"", ""m"": ""2/1""}, {""type"": ""OPAMP"", ""name"": ""OPA / comparator"", ""source_kind"": ""qinheng_structured_table"", ""count"": ""2"", ""n"": ""2""}, {""type"": ""Touch"", ""name"": ""TouchKey channels"", ""source_kind"": ""qinheng_structured_table"", ""count"": ""10"", ""n"": ""10""}, {""type"": ""IOs"", ""name"": ""GPIO"", ""source_kind"": ""qinheng_structured_table"", ""count"": ""46"", ""n"": ""46""}, {""type"": ""WDT"", ""name"": ""Watchdog timers"", ""source_kind"": ""qinheng_structured_table"", ""count"": ""2"", ""n"": ""2""}, {""type"": ""USBH"", ""name"": ""USB Host"", ""source_kind"": ""qinheng_structured_table"", ""count"": ""1"", ""n"": ""1""}, {""type"": ""USBD"", ""name"": ""USB Device"", ""source_kind"": ""qinheng_structured_table"", ""count"": ""1"", ""n"": ""1""}, {""type"": ""VendorCapability"", ""name"": ""WCH VDD: 3.3/5.0"", ""source_kind"": ""qinheng_structured_table"", ""count"": ""1"", ""n"": ""1"", ""m"": ""3.3/5.0""}]","[{""title"": ""WCH CH32X035 product page"", ""url"": ""https://www.wch.cn/products/CH32X035.html""}]",,unknown,qinheng:ch32-table,https://www.wch.cn/products/CH32X035.html,structured-snapshot,2026-08-30T15:23:23+00:00,manufacturer_product_page
qinheng::ch32x035f7,qinheng::ch32::ch32x035,Qinheng,general_purpose_mcu,RISC-V,CH32,CH32X035,CH32X035,CH32X035F7,CH32X035F7,F7,"[{""Darchitecture"": ""RISC-V"", ""Dcore"": ""QingKe V2A/V2C"", ""DcoreCount"": ""1"", ""Dfpu"": ""0""}]",48000000,49152,20480,TSSOP20,18,[],"[{""type"": ""ADC"", ""name"": ""12-bit ADC channels"", ""source_kind"": ""qinheng_structured_table"", ""count"": ""11"", ""n"": ""11"", ""m"": ""12-bit""}, {""type"": ""ADCUnits"", ""name"": ""ADC converter units"", ""source_kind"": ""qinheng_structured_table"", ""count"": ""1"", ""n"": ""1"", ""m"": ""12-bit""}, {""type"": ""I2C"", ""name"": ""I²C"", ""source_kind"": ""qinheng_structured_table"", ""count"": ""1"", ""n"": ""1""}, {""type"": ""SPI"", ""name"": ""SPI"", ""source_kind"": ""qinheng_structured_table"", ""count"": ""1"", ""n"": ""1""}, {""type"": ""UART"", ""name"": ""UART"", ""source_kind"": ""qinheng_structured_table"", ""count"": ""3"", ""n"": ""3""}, {""type"": ""Timer"", ""name"": ""Advanced/general timer groups"", ""source_kind"": ""qinheng_structured_table"", ""count"": ""3"", ""n"": ""3"", ""m"": ""2/1""}, {""type"": ""OPAMP"", ""name"": ""OPA / comparator"", ""source_kind"": ""qinheng_structured_table"", ""count"": ""1"", ""n"": ""1""}, {""type"": ""Touch"", ""name"": ""TouchKey channels"", ""source_kind"": ""qinheng_structured_table"", ""count"": ""11"", ""n"": ""11""}, {""type"": ""IOs"", ""name"": ""GPIO"", ""source_kind"": ""qinheng_structured_table"", ""count"": ""18"", ""n"": ""18""}, {""type"": ""WDT"", ""name"": ""Watchdog timers"", ""source_kind"": ""qinheng_structured_table"", ""count"": ""2"", ""n"": ""2""}, {""type"": ""USBD"", ""name"": ""USB Device"", ""source_kind"": ""qinheng_structured_table"", ""count"": ""1"", ""n"": ""1""}, {""type"": ""VendorCapability"", ""name"": ""WCH VDD: 3.3/5.0"", ""source_kind"": ""qinheng_structured_table"", ""count"": ""1"", ""n"": ""1"", ""m"": ""3.3/5.0""}]","[{""title"": ""WCH CH32X035 product page"", ""url"": ""https://www.wch.cn/products/CH32X035.html""}]",,unknown,qinheng:ch32-table,https://www.wch.cn/products/CH32X035.html,structured-snapshot,2026-08-30T15:23:23+00:00,manufacturer_product_page
qinheng::ch32x035f8,qinheng::ch32::ch32x035,Qinheng,general_purpose_mcu,RISC-V,CH32,CH32X035,CH32X035,CH32X035F8,CH32X035F8,F8,"[{""Darchitecture"": ""RISC-V"", ""Dcore"": ""QingKe V2A/V2C"", ""DcoreCount"": ""1"", ""Dfpu"": ""0""}]",48000000,63488,20480,QFN20,19,[],"[{""type"": ""ADC"", ""name"": ""12-bit ADC channels"", ""source_kind"": ""qinheng_structured_table"", ""count"": ""10"", ""n"": ""10"", ""m"": ""12-bit""}, {""type"": ""ADCUnits"", ""name"": ""ADC converter units"", ""source_kind"": ""qinheng_structured_table"", ""count"": ""1"", ""n"": ""1"", ""m"": ""12-bit""}, {""type"": ""I2C"", ""name"": ""I²C"", ""source_kind"": ""qinheng_structured_table"", ""count"": ""1"", ""n"": ""1""}, {""type"": ""SPI"", ""name"": ""SPI"", ""source_kind"": ""qinheng_structured_table"", ""count"": ""1"", ""n"": ""1""}, {""type"": ""UART"", ""name"": ""UART"", ""source_kind"": ""qinheng_structured_table"", ""count"": ""3"", ""n"": ""3""}, {""type"": ""Timer"", ""name"": ""Advanced/general timer groups"", ""source_kind"": ""qinheng_structured_table"", ""count"": ""3"", ""n"": ""3"", ""m"": ""2/1""}, {""type"": ""OPAMP"", ""name"": ""OPA / comparator"", ""source_kind"": ""qinheng_structured_table"", ""count"": ""2"", ""n"": ""2""}, {""type"": ""Touch"", ""name"": ""TouchKey channels"", ""source_kind"": ""qinheng_structured_table"", ""count"": ""10"", ""n"": ""10""}, {""type"": ""IOs"", ""name"": ""GPIO"", ""source_kind"": ""qinheng_structured_table"", ""count"": ""19"", ""n"": ""19""}, {""type"": ""WDT"", ""name"": ""Watchdog timers"", ""source_kind"": ""qinheng_structured_table"", ""count"": ""2"", ""n"": ""2""}, {""type"": ""USBD"", ""name"": ""USB Device"", ""source_kind"": ""qinheng_structured_table"", ""count"": ""1"", ""n"": ""1""}, {""type"": ""VendorCapability"", ""name"": ""WCH VDD: 3.3/5.0"", ""source_kind"": ""qinheng_structured_table"", ""count"": ""1"", ""n"": ""1"", ""m"": ""3.3/5.0""}]","[{""title"": ""WCH CH32X035 product page"", ""url"": ""https://www.wch.cn/products/CH32X035.html""}]",,unknown,qinheng:ch32-table,https://www.wch.cn/products/CH32X035.html,structured-snapshot,2026-08-30T15:23:23+00:00,manufacturer_product_page
qinheng::ch32x035g8,qinheng::ch32::ch32x035,Qinheng,general_purpose_mcu,RISC-V,CH32,CH32X035,CH32X035,CH32X035G8,CH32X035G8,G8,"[{""Darchitecture"": ""RISC-V"", ""Dcore"": ""QingKe V2A/V2C"", ""DcoreCount"": ""1"", ""Dfpu"": ""0""}]",48000000,63488,20480,QSOP28,26,[],"[{""type"": ""ADC"", ""name"": ""12-bit ADC channels"", ""source_kind"": ""qinheng_structured_table"", ""count"": ""11"", ""n"": ""11"", ""m"": ""12-bit""}, {""type"": ""ADCUnits"", ""name"": ""ADC converter units"", ""source_kind"": ""qinheng_structured_table"", ""count"": ""1"", ""n"": ""1"", ""m"": ""12-bit""}, {""type"": ""I2C"", ""name"": ""I²C"", ""source_kind"": ""qinheng_structured_table"", ""count"": ""1"", ""n"": ""1""}, {""type"": ""SPI"", ""name"": ""SPI"", ""source_kind"": ""qinheng_structured_table"", ""count"": ""1"", ""n"": ""1""}, {""type"": ""UART"", ""name"": ""UART"", ""source_kind"": ""qinheng_structured_table"", ""count"": ""4"", ""n"": ""4""}, {""type"": ""Timer"", ""name"": ""Advanced/general timer groups"", ""source_kind"": ""qinheng_structured_table"", ""count"": ""3"", ""n"": ""3"", ""m"": ""2/1""}, {""type"": ""OPAMP"", ""name"": ""OPA / comparator"", ""source_kind"": ""qinheng_structured_table"", ""count"": ""2"", ""n"": ""2""}, {""type"": ""Touch"", ""name"": ""TouchKey channels"", ""source_kind"": ""qinheng_structured_table"", ""count"": ""11"", ""n"": ""11""}, {""type"": ""IOs"", ""name"": ""GPIO"", ""source_kind"": ""qinheng_structured_table"", ""count"": ""26"", ""n"": ""26""}, {""type"": ""WDT"", ""name"": ""Watchdog timers"", ""source_kind"": ""qinheng_structured_table"", ""count"": ""2"", ""n"": ""2""}, {""type"": ""USBH"", ""name"": ""USB Host"", ""source_kind"": ""qinheng_structured_table"", ""count"": ""1"", ""n"": ""1""}, {""type"": ""USBD"", ""name"": ""USB Device"", ""source_kind"": ""qinheng_structured_table"", ""count"": ""1"", ""n"": ""1""}, {""type"": ""VendorCapability"", ""name"": ""WCH VDD: 3.3/5.0"", ""source_kind"": ""qinheng_structured_table"", ""count"": ""1"", ""n"": ""1"", ""m"": ""3.3/5.0""}]","[{""title"": ""WCH CH32X035 product page"", ""url"": ""https://www.wch.cn/products/CH32X035.html""}]",,unknown,qinheng:ch32-table,https://www.wch.cn/products/CH32X035.html,structured-snapshot,2026-08-30T15:23:23+00:00,manufacturer_product_page
qinheng::ch32x035r8,qinheng::ch32::ch32x035,Qinheng,general_purpose_mcu,RISC-V,CH32,CH32X035,CH32X035,CH32X035R8,CH32X035R8,R8,"[{""Darchitecture"": ""RISC-V"", ""Dcore"": ""QingKe V2A/V2C"", ""DcoreCount"": ""1"", ""Dfpu"": ""0""}]",48000000,63488,20480,LQFP64M,60,[],"[{""type"": ""ADC"", ""name"": ""12-bit ADC channels"", ""source_kind"": ""qinheng_structured_table"", ""count"": ""14"", ""n"": ""14"", ""m"": ""12-bit""}, {""type"": ""ADCUnits"", ""name"": ""ADC converter units"", ""source_kind"": ""qinheng_structured_table"", ""count"": ""1"", ""n"": ""1"", ""m"": ""12-bit""}, {""type"": ""I2C"", ""name"": ""I²C"", ""source_kind"": ""qinheng_structured_table"", ""count"": ""1"", ""n"": ""1""}, {""type"": ""SPI"", ""name"": ""SPI"", ""source_kind"": ""qinheng_structured_table"", ""count"": ""1"", ""n"": ""1""}, {""type"": ""UART"", ""name"": ""UART"", ""source_kind"": ""qinheng_structured_table"", ""count"": ""4"", ""n"": ""4""}, {""type"": ""Timer"", ""name"": ""Advanced/general timer groups"", ""source_kind"": ""qinheng_structured_table"", ""count"": ""3"", ""n"": ""3"", ""m"": ""2/1""}, {""type"": ""OPAMP"", ""name"": ""OPA / comparator"", ""source_kind"": ""qinheng_structured_table"", ""count"": ""2"", ""n"": ""2""}, {""type"": ""Touch"", ""name"": ""TouchKey channels"", ""source_kind"": ""qinheng_structured_table"", ""count"": ""14"", ""n"": ""14""}, {""type"": ""IOs"", ""name"": ""GPIO"", ""source_kind"": ""qinheng_structured_table"", ""count"": ""60"", ""n"": ""60""}, {""type"": ""WDT"", ""name"": ""Watchdog timers"", ""source_kind"": ""qinheng_structured_table"", ""count"": ""2"", ""n"": ""2""}, {""type"": ""USBH"", ""name"": ""USB Host"", ""source_kind"": ""qinheng_structured_table"", ""count"": ""1"", ""n"": ""1""}, {""type"": ""USBD"", ""name"": ""USB Device"", ""source_kind"": ""qinheng_structured_table"", ""count"": ""1"", ""n"": ""1""}, {""type"": ""VendorCapability"", ""name"": ""WCH VDD: 3.3/5.0"", ""source_kind"": ""qinheng_structured_table"", ""count"": ""1"", ""n"": ""1"", ""m"": ""3.3/5.0""}]","[{""title"": ""WCH CH32X035 product page"", ""url"": ""https://www.wch.cn/products/CH32X035.html""}]",,unknown,qinheng:ch32-table,https://www.wch.cn/products/CH32X035.html,structured-snapshot,2026-08-30T15:23:23+00:00,manufacturer_product_page
qinheng::ch561,qinheng::ch::ch561,Qinheng,general_purpose_mcu,RISC-V,CH,CH561,CH561,CH561,CH561,,"[{""Darchitecture"": ""RISC-V"", ""Dcore"": ""QingKe RISC-V"", ""DcoreCount"": ""1"", ""Dfpu"": ""0""}]",130000000,65536,32768,LQFP64M,27,[],"[{""type"": ""ADC"", ""name"": ""10-bit ADC channels"", ""source_kind"": ""qinheng_structured_table"", ""count"": ""1"", ""n"": ""1"", ""m"": ""10-bit""}, {""type"": ""SPI"", ""name"": ""SPI"", ""source_kind"": ""qinheng_structured_table"", ""count"": ""2"", ""n"": ""2""}, {""type"": ""UART"", ""name"": ""UART"", ""source_kind"": ""qinheng_structured_table"", ""count"": ""2"", ""n"": ""2""}, {""type"": ""Timer"", ""name"": ""Advanced/general timer groups"", ""source_kind"": ""qinheng_structured_table"", ""count"": ""4"", ""n"": ""4"", ""m"": ""28""}, {""type"": ""IOs"", ""name"": ""GPIO"", ""source_kind"": ""qinheng_structured_table"", ""count"": ""27"", ""n"": ""27""}, {""type"": ""DataFlash"", ""name"": ""Data Flash / EEPROM (28K)"", ""source_kind"": ""qinheng_structured_table"", ""count"": ""1"", ""n"": ""1"", ""m"": ""28K""}, {""type"": ""ETH"", ""name"": ""Ethernet / SATA (100Mb/-)"", ""source_kind"": ""qinheng_structured_table"", ""count"": ""1"", ""n"": ""1"", ""m"": ""100Mb/-""}, {""type"": ""VendorCapability"", ""name"": ""WCH CAP raw parameter (4/4)"", ""source_kind"": ""qinheng_structured_table"", ""count"": ""1"", ""n"": ""1"", ""m"": ""4/4""}, {""type"": ""VendorCapability"", ""name"": ""WCH VDD: 1.8/3.3"", ""source_kind"": ""qinheng_structured_table"", ""count"": ""1"", ""n"": ""1"", ""m"": ""1.8/3.3""}]","[{""title"": ""WCH CH561 product page"", ""url"": ""https://www.wch.cn/products/CH561.html""}]",,unknown,qinheng:special-table,https://www.wch.cn/products/CH561.html,structured-snapshot,2026-08-30T15:23:23+00:00,manufacturer_product_page
qinheng::ch563,qinheng::ch::ch563,Qinheng,general_purpose_mcu,RISC-V,CH,CH563,CH563,CH563,CH563,,"[{""Darchitecture"": ""RISC-V"", ""Dcore"": ""QingKe RISC-V"", ""DcoreCount"": ""1"", ""Dfpu"": ""0""}]",130000000,229376,32768,LQFP128/LQFP64M,74,[],"[{""type"": ""ADC"", ""name"": ""10-bit ADC channels"", ""source_kind"": ""qinheng_structured_table"", ""count"": ""3"", ""n"": ""3"", ""m"": ""10-bit""}, {""type"": ""SPI"", ""name"": ""SPI"", ""source_kind"": ""qinheng_structured_table"", ""count"": ""2"", ""n"": ""2""}, {""type"": ""UART"", ""name"": ""UART"", ""source_kind"": ""qinheng_structured_table"", ""count"": ""2"", ""n"": ""2""}, {""type"": ""Timer"", ""name"": ""Advanced/general timer groups"", ""source_kind"": ""qinheng_structured_table"", ""count"": ""4"", ""n"": ""4"", ""m"": ""28""}, {""type"": ""IOs"", ""name"": ""GPIO"", ""source_kind"": ""qinheng_structured_table"", ""count"": ""74"", ""n"": ""74""}, {""type"": ""DataFlash"", ""name"": ""Data Flash / EEPROM (28K)"", ""source_kind"": ""qinheng_structured_table"", ""count"": ""1"", ""n"": ""1"", ""m"": ""28K""}, {""type"": ""ExtBus"", ""name"": ""WCH PARA"", ""source_kind"": ""qinheng_structured_table"", ""count"": ""1"", ""n"": ""1""}, {""type"": ""ETH"", ""name"": ""Ethernet / SATA (100Mb/-)"", ""source_kind"": ""qinheng_structured_table"", ""count"": ""1"", ""n"": ""1"", ""m"": ""100Mb/-""}, {""type"": ""VendorCapability"", ""name"": ""WCH CAP raw parameter (4/4)"", ""source_kind"": ""qinheng_structured_table"", ""count"": ""1"", ""n"": ""1"", ""m"": ""4/4""}, {""type"": ""VendorCapability"", ""name"": ""WCH VDD: 1.8/3.3"", ""source_kind"": ""qinheng_structured_table"", ""count"": ""1"", ""n"": ""1"", ""m"": ""1.8/3.3""}]","[{""title"": ""WCH CH563 product page"", ""url"": ""https://www.wch.cn/products/CH563.html""}]",,unknown,qinheng:special-table,https://www.wch.cn/products/CH563.html,structured-snapshot,2026-08-30T15:23:23+00:00,manufacturer_product_page
qinheng::ch564d,qinheng::ch::ch564,Qinheng,general_purpose_mcu,RISC-V,CH,CH564,CH564,CH564D,CH564D,D,"[{""Darchitecture"": ""RISC-V"", ""Dcore"": ""QingKe RISC-V"", ""DcoreCount"": ""1"", ""Dfpu"": ""0""}]",,196608,98304,QFN26C3,,"[{""name"": ""USR_1"", ""size"": 196608}, {""name"": ""RAM"", ""size"": 98304}]","[{""type"": ""ETH"", ""name"": ""Ethernet: 1"", ""source_kind"": ""qinheng_structured_table"", ""count"": ""1"", ""n"": ""1""}, {""type"": ""ETH"", ""name"": ""WCH Gigabit Ethernet"", ""source_kind"": ""qinheng_structured_table"", ""count"": ""1"", ""n"": ""1""}]","[{""title"": ""WCH CH564 product page"", ""url"": ""https://www.wch.cn/products/CH564.html""}]",,unknown,qinheng:ch32-data-yaml:CH564.yaml,https://www.wch.cn/products/CH564.html,structured-snapshot,2026-08-30T15:23:23+00:00,manufacturer_device_database
qinheng::ch564l,qinheng::ch::ch564,Qinheng,general_purpose_mcu,RISC-V,CH,CH564,CH564,CH564L,CH564L,L,"[{""Darchitecture"": ""RISC-V"", ""Dcore"": ""QingKe RISC-V"", ""DcoreCount"": ""1"", ""Dfpu"": ""0""}]",,196608,98304,LQFP128,,"[{""name"": ""USR_1"", ""size"": 196608}, {""name"": ""RAM"", ""size"": 98304}]","[{""type"": ""ETH"", ""name"": ""Ethernet: 1"", ""source_kind"": ""qinheng_structured_table"", ""count"": ""1"", ""n"": ""1""}, {""type"": ""ETH"", ""name"": ""WCH Gigabit Ethernet"", ""source_kind"": ""qinheng_structured_table"", ""count"": ""1"", ""n"": ""1""}]","[{""title"": ""WCH CH564 product page"", ""url"": ""https://www.wch.cn/products/CH564.html""}]",,unknown,qinheng:ch32-data-yaml:CH564.yaml,https://www.wch.cn/products/CH564.html,structured-snapshot,2026-08-30T15:23:23+00:00,manufacturer_device_database
qinheng::ch564q,qinheng::ch::ch564,Qinheng,general_purpose_mcu,RISC-V,CH,CH564,CH564,CH564Q,CH564Q,Q,"[{""Darchitecture"": ""RISC-V"", ""Dcore"": ""QingKe RISC-V"", ""DcoreCount"": ""1"", ""Dfpu"": ""0""}]",,196608,98304,LQFP64M,,"[{""name"": ""USR_1"", ""size"": 196608}, {""name"": ""RAM"", ""size"": 98304}]","[{""type"": ""ETH"", ""name"": ""Ethernet: 1"", ""source_kind"": ""qinheng_structured_table"", ""count"": ""1"", ""n"": ""1""}, {""type"": ""ETH"", ""name"": ""WCH Gigabit Ethernet"", ""source_kind"": ""qinheng_structured_table"", ""count"": ""1"", ""n"": ""1""}]","[{""title"": ""WCH CH564 product page"", ""url"": ""https://www.wch.cn/products/CH564.html""}]",,unknown,qinheng:ch32-data-yaml:CH564.yaml,https://www.wch.cn/products/CH564.html,structured-snapshot,2026-08-30T15:23:23+00:00,manufacturer_device_database
qinheng::ch565m,qinheng::ch::ch565,Qinheng,general_purpose_mcu,RISC-V,CH,CH565,CH565,CH565M,CH565M,M,"[{""Darchitecture"": ""RISC-V"", ""Dcore"": ""QingKe RISC-V"", ""DcoreCount"": ""1"", ""Dfpu"": ""0""}]",120000000,458752,114688,QFN40,,"[{""name"": ""USR_1"", ""size"": 458752}, {""name"": ""RAM"", ""size"": 114688}]","[{""type"": ""SPI"", ""name"": ""SPI"", ""source_kind"": ""qinheng_structured_table"", ""count"": ""2"", ""n"": ""2""}, {""type"": ""USART"", ""name"": ""USART"", ""source_kind"": ""qinheng_structured_table"", ""count"": ""4"", ""n"": ""4""}, {""type"": ""Timer"", ""name"": ""Advanced/general timer groups"", ""source_kind"": ""qinheng_structured_table"", ""count"": ""3"", ""n"": ""3"", ""m"": ""26""}, {""type"": ""USBH"", ""name"": ""USB Host"", ""source_kind"": ""qinheng_structured_table"", ""count"": ""2"", ""n"": ""2""}, {""type"": ""USBD"", ""name"": ""USB Device"", ""source_kind"": ""qinheng_structured_table"", ""count"": ""2"", ""n"": ""2""}, {""type"": ""DataFlash"", ""name"": ""Data Flash / EEPROM (32K)"", ""source_kind"": ""qinheng_structured_table"", ""count"": ""1"", ""n"": ""1"", ""m"": ""32K""}, {""type"": ""VendorCapability"", ""name"": ""WCH BUS8"", ""source_kind"": ""qinheng_structured_table"", ""count"": ""1"", ""n"": ""1""}, {""type"": ""VendorCapability"", ""name"": ""SERDES / HSPI / DVP (1.25Gb/3.8Gb/96MHz/1)"", ""source_kind"": ""qinheng_structured_table"", ""count"": ""1"", ""n"": ""1"", ""m"": ""1.25Gb/3.8Gb/96MHz/1""}, {""type"": ""ETH"", ""name"": ""Ethernet / SATA (1000Mb/-)"", ""source_kind"": ""qinheng_structured_table"", ""count"": ""1"", ""n"": ""1"", ""m"": ""1000Mb/-""}, {""type"": ""VendorCapability"", ""name"": ""WCH CAP raw parameter (3/4)"", ""source_kind"": ""qinheng_structured_table"", ""count"": ""1"", ""n"": ""1"", ""m"": ""3/4""}, {""type"": ""Crypto"", ""name"": ""WCH encryption (AES/SM4)"", ""source_kind"": ""qinheng_structured_table"", ""count"": ""1"", ""n"": ""1"", ""m"": ""AES/SM4""}]","[{""title"": ""WCH CH565 product page"", ""url"": ""https://www.wch.cn/products/CH569.html""}]",,unknown,qinheng:ch32-data-yaml:CH569.yaml,https://www.wch.cn/products/CH569.html,structured-snapshot,2026-08-30T15:23:23+00:00,manufacturer_device_database
qinheng::ch565w,qinheng::ch::ch565,Qinheng,general_purpose_mcu,RISC-V,CH,CH565,CH565,CH565W,CH565W,W,"[{""Darchitecture"": ""RISC-V"", ""Dcore"": ""QingKe RISC-V"", ""DcoreCount"": ""1"", ""Dfpu"": ""0""}]",120000000,458752,114688,QFN68,,"[{""name"": ""USR_1"", ""size"": 458752}, {""name"": ""RAM"", ""size"": 114688}]","[{""type"": ""SPI"", ""name"": ""SPI"", ""source_kind"": ""qinheng_structured_table"", ""count"": ""2"", ""n"": ""2""}, {""type"": ""USART"", ""name"": ""USART"", ""source_kind"": ""qinheng_structured_table"", ""count"": ""4"", ""n"": ""4""}, {""type"": ""Timer"", ""name"": ""Advanced/general timer groups"", ""source_kind"": ""qinheng_structured_table"", ""count"": ""3"", ""n"": ""3"", ""m"": ""26""}, {""type"": ""USBH"", ""name"": ""USB Host"", ""source_kind"": ""qinheng_structured_table"", ""count"": ""2"", ""n"": ""2""}, {""type"": ""USBD"", ""name"": ""USB Device"", ""source_kind"": ""qinheng_structured_table"", ""count"": ""2"", ""n"": ""2""}, {""type"": ""DataFlash"", ""name"": ""Data Flash / EEPROM (32K)"", ""source_kind"": ""qinheng_structured_table"", ""count"": ""1"", ""n"": ""1"", ""m"": ""32K""}, {""type"": ""VendorCapability"", ""name"": ""WCH BUS8"", ""source_kind"": ""qinheng_structured_table"", ""count"": ""1"", ""n"": ""1""}, {""type"": ""VendorCapability"", ""name"": ""SERDES / HSPI / DVP (1.25Gb/3.8Gb/96MHz/1)"", ""source_kind"": ""qinheng_structured_table"", ""count"": ""1"", ""n"": ""1"", ""m"": ""1.25Gb/3.8Gb/96MHz/1""}, {""type"": ""ETH"", ""name"": ""Ethernet / SATA (1000Mb/-)"", ""source_kind"": ""qinheng_structured_table"", ""count"": ""1"", ""n"": ""1"", ""m"": ""1000Mb/-""}, {""type"": ""VendorCapability"", ""name"": ""WCH CAP raw parameter (3/4)"", ""source_kind"": ""qinheng_structured_table"", ""count"": ""1"", ""n"": ""1"", ""m"": ""3/4""}, {""type"": ""Crypto"", ""name"": ""WCH encryption (AES/SM4)"", ""source_kind"": ""qinheng_structured_table"", ""count"": ""1"", ""n"": ""1"", ""m"": ""AES/SM4""}]","[{""title"": ""WCH CH565 product page"", ""url"": ""https://www.wch.cn/products/CH569.html""}]",,unknown,qinheng:ch32-data-yaml:CH569.yaml,https://www.wch.cn/products/CH569.html,structured-snapshot,2026-08-30T15:23:23+00:00,manufacturer_device_database
qinheng::ch567,qinheng::ch::ch567,Qinheng,general_purpose_mcu,RISC-V,CH,CH567,CH567,CH567,CH567,,"[{""Darchitecture"": ""RISC-V"", ""Dcore"": ""QingKe RISC-V"", ""DcoreCount"": ""1"", ""Dfpu"": ""0""}]",120000000,196608,32768,LQFP48,30,[],"[{""type"": ""SPI"", ""name"": ""SPI"", ""source_kind"": ""qinheng_structured_table"", ""count"": ""2"", ""n"": ""2""}, {""type"": ""UART"", ""name"": ""UART"", ""source_kind"": ""qinheng_structured_table"", ""count"": ""4"", ""n"": ""4""}, {""type"": ""Timer"", ""name"": ""Advanced/general timer groups"", ""source_kind"": ""qinheng_structured_table"", ""count"": ""3"", ""n"": ""3"", ""m"": ""26""}, {""type"": ""IOs"", ""name"": ""GPIO"", ""source_kind"": ""qinheng_structured_table"", ""count"": ""30"", ""n"": ""30""}, {""type"": ""DataFlash"", ""name"": ""Data Flash / EEPROM (32K)"", ""source_kind"": ""qinheng_structured_table"", ""count"": ""1"", ""n"": ""1"", ""m"": ""32K""}, {""type"": ""LEDPWM"", ""name"": ""WCH LEDC"", ""source_kind"": ""qinheng_structured_table"", ""count"": ""1"", ""n"": ""1""}, {""type"": ""VendorCapability"", ""name"": ""SERDES / HSPI / DVP (-/-/-/4*UHS)"", ""source_kind"": ""qinheng_structured_table"", ""count"": ""1"", ""n"": ""1"", ""m"": ""-/-/-/4*UHS""}, {""type"": ""VendorCapability"", ""name"": ""WCH CAP raw parameter (3/7)"", ""source_kind"": ""qinheng_structured_table"", ""count"": ""1"", ""n"": ""1"", ""m"": ""3/7""}, {""type"": ""Crypto"", ""name"": ""WCH encryption (AES/SM4)"", ""source_kind"": ""qinheng_structured_table"", ""count"": ""1"", ""n"": ""1"", ""m"": ""AES/SM4""}, {""type"": ""VendorCapability"", ""name"": ""WCH VDD: 3.3"", ""source_kind"": ""qinheng_structured_table"", ""count"": ""1"", ""n"": ""1"", ""m"": ""3.3""}]","[{""title"": ""WCH CH567 product page"", ""url"": ""https://www.wch.cn/products/CH567.html""}]",,unknown,qinheng:special-table,https://www.wch.cn/products/CH567.html,structured-snapshot,2026-08-30T15:23:23+00:00,manufacturer_product_page
qinheng::ch568,qinheng::ch::ch568,Qinheng,general_purpose_mcu,RISC-V,CH,CH568,CH568,CH568,CH568,,"[{""Darchitecture"": ""RISC-V"", ""Dcore"": ""QingKe RISC-V"", ""DcoreCount"": ""1"", ""Dfpu"": ""0""}]",120000000,196608,32768,LQFP48,26,[],"[{""type"": ""SPI"", ""name"": ""SPI"", ""source_kind"": ""qinheng_structured_table"", ""count"": ""2"", ""n"": ""2""}, {""type"": ""UART"", ""name"": ""UART"", ""source_kind"": ""qinheng_structured_table"", ""count"": ""4"", ""n"": ""4""}, {""type"": ""Timer"", ""name"": ""Advanced/general timer groups"", ""source_kind"": ""qinheng_structured_table"", ""count"": ""3"", ""n"": ""3"", ""m"": ""26""}, {""type"": ""IOs"", ""name"": ""GPIO"", ""source_kind"": ""qinheng_structured_table"", ""count"": ""26"", ""n"": ""26""}, {""type"": ""DataFlash"", ""name"": ""Data Flash / EEPROM (32K)"", ""source_kind"": ""qinheng_structured_table"", ""count"": ""1"", ""n"": ""1"", ""m"": ""32K""}, {""type"": ""LEDPWM"", ""name"": ""WCH LEDC"", ""source_kind"": ""qinheng_structured_table"", ""count"": ""1"", ""n"": ""1""}, {""type"": ""VendorCapability"", ""name"": ""SERDES / HSPI / DVP (-/-/-/4*UHS)"", ""source_kind"": ""qinheng_structured_table"", ""count"": ""1"", ""n"": ""1"", ""m"": ""-/-/-/4*UHS""}, {""type"": ""VendorCapability"", ""name"": ""Ethernet / SATA (-/3Gb)"", ""source_kind"": ""qinheng_structured_table"", ""count"": ""1"", ""n"": ""1"", ""m"": ""-/3Gb""}, {""type"": ""VendorCapability"", ""name"": ""WCH CAP raw parameter (3/7)"", ""source_kind"": ""qinheng_structured_table"", ""count"": ""1"", ""n"": ""1"", ""m"": ""3/7""}, {""type"": ""Crypto"", ""name"": ""WCH encryption (AES/SM4)"", ""source_kind"": ""qinheng_structured_table"", ""count"": ""1"", ""n"": ""1"", ""m"": ""AES/SM4""}, {""type"": ""VendorCapability"", ""name"": ""WCH VDD: 3.3"", ""source_kind"": ""qinheng_structured_table"", ""count"": ""1"", ""n"": ""1"", ""m"": ""3.3""}]","[{""title"": ""WCH CH568 product page"", ""url"": ""https://www.wch.cn/products/CH568.html""}]",,unknown,qinheng:special-table,https://www.wch.cn/products/CH568.html,structured-snapshot,2026-08-30T15:23:23+00:00,manufacturer_product_page
qinheng::ch569,qinheng::ch::ch569,Qinheng,general_purpose_mcu,RISC-V,CH,CH569,CH569,CH569,CH569,,"[{""Darchitecture"": ""RISC-V"", ""Dcore"": ""QingKe RISC-V"", ""DcoreCount"": ""1"", ""Dfpu"": ""0""}]",120000000,458752,49152,QFN68/QFN40,49,[],"[{""type"": ""SPI"", ""name"": ""SPI"", ""source_kind"": ""qinheng_structured_table"", ""count"": ""2"", ""n"": ""2""}, {""type"": ""UART"", ""name"": ""UART"", ""source_kind"": ""qinheng_structured_table"", ""count"": ""4"", ""n"": ""4""}, {""type"": ""Timer"", ""name"": ""Advanced/general timer groups"", ""source_kind"": ""qinheng_structured_table"", ""count"": ""3"", ""n"": ""3"", ""m"": ""26""}, {""type"": ""IOs"", ""name"": ""GPIO"", ""source_kind"": ""qinheng_structured_table"", ""count"": ""49"", ""n"": ""49""}, {""type"": ""DataFlash"", ""name"": ""Data Flash / EEPROM (32K)"", ""source_kind"": ""qinheng_structured_table"", ""count"": ""1"", ""n"": ""1"", ""m"": ""32K""}, {""type"": ""VendorCapability"", ""name"": ""WCH BUS8"", ""source_kind"": ""qinheng_structured_table"", ""count"": ""1"", ""n"": ""1""}, {""type"": ""VendorCapability"", ""name"": ""SERDES / HSPI / DVP (1.25Gb/3.8Gb/96MHz/1)"", ""source_kind"": ""qinheng_structured_table"", ""count"": ""1"", ""n"": ""1"", ""m"": ""1.25Gb/3.8Gb/96MHz/1""}, {""type"": ""ETH"", ""name"": ""Ethernet / SATA (1000Mb/-)"", ""source_kind"": ""qinheng_structured_table"", ""count"": ""1"", ""n"": ""1"", ""m"": ""1000Mb/-""}, {""type"": ""VendorCapability"", ""name"": ""WCH CAP raw parameter (3/4)"", ""source_kind"": ""qinheng_structured_table"", ""count"": ""1"", ""n"": ""1"", ""m"": ""3/4""}, {""type"": ""Crypto"", ""name"": ""WCH encryption (AES/SM4)"", ""source_kind"": ""qinheng_structured_table"", ""count"": ""1"", ""n"": ""1"", ""m"": ""AES/SM4""}, {""type"": ""VendorCapability"", ""name"": ""WCH VDD: 3.3"", ""source_kind"": ""qinheng_structured_table"", ""count"": ""1"", ""n"": ""1"", ""m"": ""3.3""}]","[{""title"": ""WCH CH569 product page"", ""url"": ""https://www.wch.cn/products/CH569.html""}]",,unknown,qinheng:special-table,https://www.wch.cn/products/CH569.html,structured-snapshot,2026-08-30T15:23:23+00:00,manufacturer_product_page
qinheng::ch569w,qinheng::ch::ch569,Qinheng,general_purpose_mcu,RISC-V,CH,CH569,CH569,CH569W,CH569W,W,"[{""Darchitecture"": ""RISC-V"", ""Dcore"": ""QingKe RISC-V"", ""DcoreCount"": ""1"", ""Dfpu"": ""0""}]",120000000,458752,114688,QFN68,,"[{""name"": ""USR_1"", ""size"": 458752}, {""name"": ""RAM"", ""size"": 114688}]","[{""type"": ""SPI"", ""name"": ""SPI"", ""source_kind"": ""qinheng_structured_table"", ""count"": ""2"", ""n"": ""2""}, {""type"": ""UART"", ""name"": ""UART"", ""source_kind"": ""qinheng_structured_table"", ""count"": ""4"", ""n"": ""4""}, {""type"": ""Timer"", ""name"": ""Advanced/general timer groups"", ""source_kind"": ""qinheng_structured_table"", ""count"": ""3"", ""n"": ""3"", ""m"": ""26""}, {""type"": ""USBH"", ""name"": ""USB Host"", ""source_kind"": ""qinheng_structured_table"", ""count"": ""2"", ""n"": ""2""}, {""type"": ""USBD"", ""name"": ""USB Device"", ""source_kind"": ""qinheng_structured_table"", ""count"": ""2"", ""n"": ""2""}, {""type"": ""DataFlash"", ""name"": ""Data Flash / EEPROM (32K)"", ""source_kind"": ""qinheng_structured_table"", ""count"": ""1"", ""n"": ""1"", ""m"": ""32K""}, {""type"": ""VendorCapability"", ""name"": ""WCH BUS8"", ""source_kind"": ""qinheng_structured_table"", ""count"": ""1"", ""n"": ""1""}, {""type"": ""VendorCapability"", ""name"": ""SERDES / HSPI / DVP (1.25Gb/3.8Gb/96MHz/1)"", ""source_kind"": ""qinheng_structured_table"", ""count"": ""1"", ""n"": ""1"", ""m"": ""1.25Gb/3.8Gb/96MHz/1""}, {""type"": ""ETH"", ""name"": ""Ethernet / SATA (1000Mb/-)"", ""source_kind"": ""qinheng_structured_table"", ""count"": ""1"", ""n"": ""1"", ""m"": ""1000Mb/-""}, {""type"": ""VendorCapability"", ""name"": ""WCH CAP raw parameter (3/4)"", ""source_kind"": ""qinheng_structured_table"", ""count"": ""1"", ""n"": ""1"", ""m"": ""3/4""}, {""type"": ""Crypto"", ""name"": ""WCH encryption (AES/SM4)"", ""source_kind"": ""qinheng_structured_table"", ""count"": ""1"", ""n"": ""1"", ""m"": ""AES/SM4""}]","[{""title"": ""WCH CH569 product page"", ""url"": ""https://www.wch.cn/products/CH569.html""}]",,unknown,qinheng:ch32-data-yaml:CH569.yaml,https://www.wch.cn/products/CH569.html,structured-snapshot,2026-08-30T15:23:23+00:00,manufacturer_device_database
qinheng::ch571d,qinheng::ch::ch571,Qinheng,general_purpose_mcu,RISC-V,CH,CH571,CH571,CH571D,CH571D,D,"[{""Darchitecture"": ""RISC-V"", ""Dcore"": ""QingKe V3A"", ""DcoreCount"": ""1"", ""Dfpu"": ""0""}]",20000000,196608,18432,QFN20,20,"[{""name"": ""USR_1"", ""size"": 196608}, {""name"": ""RAM"", ""size"": 18432}]","[{""type"": ""ADC"", ""name"": ""12-bit ADC channels"", ""source_kind"": ""qinheng_structured_table"", ""count"": ""6"", ""n"": ""6"", ""m"": ""12-bit""}, {""type"": ""SPI"", ""name"": ""SPI"", ""source_kind"": ""qinheng_structured_table"", ""count"": ""1"", ""n"": ""1""}, {""type"": ""UART"", ""name"": ""UART"", ""source_kind"": ""qinheng_structured_table"", ""count"": ""2"", ""n"": ""2""}, {""type"": ""Timer"", ""name"": ""Advanced/general timer groups"", ""source_kind"": ""qinheng_structured_table"", ""count"": ""4"", ""n"": ""4"", ""m"": ""26""}, {""type"": ""IOs"", ""name"": ""GPIO"", ""source_kind"": ""qinheng_structured_table"", ""count"": ""20"", ""n"": ""20""}, {""type"": ""RTC"", ""name"": ""RTC"", ""source_kind"": ""qinheng_structured_table"", ""count"": ""1"", ""n"": ""1""}, {""type"": ""USBD"", ""name"": ""USB Device"", ""source_kind"": ""qinheng_structured_table"", ""count"": ""1"", ""n"": ""1""}, {""type"": ""Bluetooth"", ""name"": ""Bluetooth LE 4.2"", ""source_kind"": ""qinheng_structured_table"", ""count"": ""1"", ""n"": ""1""}, {""type"": ""PWM"", ""name"": ""PWM channels"", ""source_kind"": ""qinheng_structured_table"", ""count"": ""4"", ""n"": ""4""}, {""type"": ""DataFlash"", ""name"": ""Data Flash / EEPROM (32K)"", ""source_kind"": ""qinheng_structured_table"", ""count"": ""1"", ""n"": ""1"", ""m"": ""32K""}, {""type"": ""VendorCapability"", ""name"": ""WCH Core: RISC-V"", ""source_kind"": ""qinheng_structured_table"", ""count"": ""1"", ""n"": ""1"", ""m"": ""RISC-V""}]","[{""title"": ""WCH CH571 product page"", ""url"": ""https://www.wch.cn/products/CH573.html""}]",,unknown,qinheng:ch32-data-yaml:CH571.yaml,https://www.wch.cn/products/CH573.html,structured-snapshot,2026-08-30T15:23:23+00:00,manufacturer_device_database
qinheng::ch571f,qinheng::ch::ch571,Qinheng,general_purpose_mcu,RISC-V,CH,CH571,CH571,CH571F,CH571F,F,"[{""Darchitecture"": ""RISC-V"", ""Dcore"": ""QingKe V3A"", ""DcoreCount"": ""1"", ""Dfpu"": ""0""}]",20000000,196608,18432,QFN28,20,"[{""name"": ""USR_1"", ""size"": 196608}, {""name"": ""RAM"", ""size"": 18432}]","[{""type"": ""ADC"", ""name"": ""12-bit ADC channels"", ""source_kind"": ""qinheng_structured_table"", ""count"": ""6"", ""n"": ""6"", ""m"": ""12-bit""}, {""type"": ""SPI"", ""name"": ""SPI"", ""source_kind"": ""qinheng_structured_table"", ""count"": ""1"", ""n"": ""1""}, {""type"": ""UART"", ""name"": ""UART"", ""source_kind"": ""qinheng_structured_table"", ""count"": ""2"", ""n"": ""2""}, {""type"": ""Timer"", ""name"": ""Advanced/general timer groups"", ""source_kind"": ""qinheng_structured_table"", ""count"": ""4"", ""n"": ""4"", ""m"": ""26""}, {""type"": ""IOs"", ""name"": ""GPIO"", ""source_kind"": ""qinheng_structured_table"", ""count"": ""20"", ""n"": ""20""}, {""type"": ""RTC"", ""name"": ""RTC"", ""source_kind"": ""qinheng_structured_table"", ""count"": ""1"", ""n"": ""1""}, {""type"": ""USBD"", ""name"": ""USB Device"", ""source_kind"": ""qinheng_structured_table"", ""count"": ""1"", ""n"": ""1""}, {""type"": ""Bluetooth"", ""name"": ""Bluetooth LE 4.2"", ""source_kind"": ""qinheng_structured_table"", ""count"": ""1"", ""n"": ""1""}, {""type"": ""PWM"", ""name"": ""PWM channels"", ""source_kind"": ""qinheng_structured_table"", ""count"": ""4"", ""n"": ""4""}, {""type"": ""DataFlash"", ""name"": ""Data Flash / EEPROM (32K)"", ""source_kind"": ""qinheng_structured_table"", ""count"": ""1"", ""n"": ""1"", ""m"": ""32K""}, {""type"": ""VendorCapability"", ""name"": ""WCH Core: RISC-V"", ""source_kind"": ""qinheng_structured_table"", ""count"": ""1"", ""n"": ""1"", ""m"": ""RISC-V""}]","[{""title"": ""WCH CH571 product page"", ""url"": ""https://www.wch.cn/products/CH573.html""}]",,unknown,qinheng:ch32-data-yaml:CH571.yaml,https://www.wch.cn/products/CH573.html,structured-snapshot,2026-08-30T15:23:23+00:00,manufacturer_device_database
qinheng::ch571k,qinheng::ch::ch571,Qinheng,general_purpose_mcu,RISC-V,CH,CH571,CH571,CH571K,CH571K,K,"[{""Darchitecture"": ""RISC-V"", ""Dcore"": ""QingKe V3A"", ""DcoreCount"": ""1"", ""Dfpu"": ""0""}]",20000000,196608,18432,ESSOP10,20,"[{""name"": ""USR_1"", ""size"": 196608}, {""name"": ""RAM"", ""size"": 18432}]","[{""type"": ""ADC"", ""name"": ""12-bit ADC channels"", ""source_kind"": ""qinheng_structured_table"", ""count"": ""6"", ""n"": ""6"", ""m"": ""12-bit""}, {""type"": ""SPI"", ""name"": ""SPI"", ""source_kind"": ""qinheng_structured_table"", ""count"": ""1"", ""n"": ""1""}, {""type"": ""UART"", ""name"": ""UART"", ""source_kind"": ""qinheng_structured_table"", ""count"": ""2"", ""n"": ""2""}, {""type"": ""Timer"", ""name"": ""Advanced/general timer groups"", ""source_kind"": ""qinheng_structured_table"", ""count"": ""4"", ""n"": ""4"", ""m"": ""26""}, {""type"": ""IOs"", ""name"": ""GPIO"", ""source_kind"": ""qinheng_structured_table"", ""count"": ""20"", ""n"": ""20""}, {""type"": ""RTC"", ""name"": ""RTC"", ""source_kind"": ""qinheng_structured_table"", ""count"": ""1"", ""n"": ""1""}, {""type"": ""USBD"", ""name"": ""USB Device"", ""source_kind"": ""qinheng_structured_table"", ""count"": ""1"", ""n"": ""1""}, {""type"": ""Bluetooth"", ""name"": ""Bluetooth LE 4.2"", ""source_kind"": ""qinheng_structured_table"", ""count"": ""1"", ""n"": ""1""}, {""type"": ""PWM"", ""name"": ""PWM channels"", ""source_kind"": ""qinheng_structured_table"", ""count"": ""4"", ""n"": ""4""}, {""type"": ""DataFlash"", ""name"": ""Data Flash / EEPROM (32K)"", ""source_kind"": ""qinheng_structured_table"", ""count"": ""1"", ""n"": ""1"", ""m"": ""32K""}, {""type"": ""VendorCapability"", ""name"": ""WCH Core: RISC-V"", ""source_kind"": ""qinheng_structured_table"", ""count"": ""1"", ""n"": ""1"", ""m"": ""RISC-V""}]","[{""title"": ""WCH CH571 product page"", ""url"": ""https://www.wch.cn/products/CH573.html""}]",,unknown,qinheng:ch32-data-yaml:CH571.yaml,https://www.wch.cn/products/CH573.html,structured-snapshot,2026-08-30T15:23:23+00:00,manufacturer_device_database
qinheng::ch573f,qinheng::ch::ch573,Qinheng,general_purpose_mcu,RISC-V,CH,CH573,CH573,CH573F,CH573F,F,"[{""Darchitecture"": ""RISC-V"", ""Dcore"": ""QingKe V3A"", ""DcoreCount"": ""1"", ""Dfpu"": ""0""}]",20000000,458752,18432,QFN28,22,"[{""name"": ""USR_1"", ""size"": 458752}, {""name"": ""RAM"", ""size"": 18432}]","[{""type"": ""ADC"", ""name"": ""12-bit ADC channels"", ""source_kind"": ""qinheng_structured_table"", ""count"": ""10"", ""n"": ""10"", ""m"": ""12-bit""}, {""type"": ""Touch"", ""name"": ""TouchKey channels"", ""source_kind"": ""qinheng_structured_table"", ""count"": ""10"", ""n"": ""10""}, {""type"": ""SPI"", ""name"": ""SPI"", ""source_kind"": ""qinheng_structured_table"", ""count"": ""1"", ""n"": ""1""}, {""type"": ""UART"", ""name"": ""UART"", ""source_kind"": ""qinheng_structured_table"", ""count"": ""4"", ""n"": ""4""}, {""type"": ""Timer"", ""name"": ""Advanced/general timer groups"", ""source_kind"": ""qinheng_structured_table"", ""count"": ""4"", ""n"": ""4"", ""m"": ""26""}, {""type"": ""IOs"", ""name"": ""GPIO"", ""source_kind"": ""qinheng_structured_table"", ""count"": ""22"", ""n"": ""22""}, {""type"": ""RTC"", ""name"": ""RTC"", ""source_kind"": ""qinheng_structured_table"", ""count"": ""1"", ""n"": ""1""}, {""type"": ""USBH"", ""name"": ""USB Host"", ""source_kind"": ""qinheng_structured_table"", ""count"": ""1"", ""n"": ""1""}, {""type"": ""USBD"", ""name"": ""USB Device"", ""source_kind"": ""qinheng_structured_table"", ""count"": ""1"", ""n"": ""1""}, {""type"": ""Bluetooth"", ""name"": ""Bluetooth LE 4.2"", ""source_kind"": ""qinheng_structured_table"", ""count"": ""1"", ""n"": ""1""}, {""type"": ""PWM"", ""name"": ""PWM channels"", ""source_kind"": ""qinheng_structured_table"", ""count"": ""12"", ""n"": ""12""}, {""type"": ""DataFlash"", ""name"": ""Data Flash / EEPROM (32K)"", ""source_kind"": ""qinheng_structured_table"", ""count"": ""1"", ""n"": ""1"", ""m"": ""32K""}, {""type"": ""VendorCapability"", ""name"": ""WCH Core: RISC-V"", ""source_kind"": ""qinheng_structured_table"", ""count"": ""1"", ""n"": ""1"", ""m"": ""RISC-V""}]","[{""title"": ""WCH CH573 product page"", ""url"": ""https://www.wch.cn/products/CH573.html""}]",,unknown,qinheng:ch32-data-yaml:CH573.yaml,https://www.wch.cn/products/CH573.html,structured-snapshot,2026-08-30T15:23:23+00:00,manufacturer_device_database
qinheng::ch573q,qinheng::ch::ch573,Qinheng,general_purpose_mcu,RISC-V,CH,CH573,CH573,CH573Q,CH573Q,Q,"[{""Darchitecture"": ""RISC-V"", ""Dcore"": ""QingKe V3A"", ""DcoreCount"": ""1"", ""Dfpu"": ""0""}]",20000000,458752,18432,LQFP32,22,"[{""name"": ""USR_1"", ""size"": 458752}, {""name"": ""RAM"", ""size"": 18432}]","[{""type"": ""ADC"", ""name"": ""12-bit ADC channels"", ""source_kind"": ""qinheng_structured_table"", ""count"": ""10"", ""n"": ""10"", ""m"": ""12-bit""}, {""type"": ""Touch"", ""name"": ""TouchKey channels"", ""source_kind"": ""qinheng_structured_table"", ""count"": ""10"", ""n"": ""10""}, {""type"": ""SPI"", ""name"": ""SPI"", ""source_kind"": ""qinheng_structured_table"", ""count"": ""1"", ""n"": ""1""}, {""type"": ""UART"", ""name"": ""UART"", ""source_kind"": ""qinheng_structured_table"", ""count"": ""4"", ""n"": ""4""}, {""type"": ""Timer"", ""name"": ""Advanced/general timer groups"", ""source_kind"": ""qinheng_structured_table"", ""count"": ""4"", ""n"": ""4"", ""m"": ""26""}, {""type"": ""IOs"", ""name"": ""GPIO"", ""source_kind"": ""qinheng_structured_table"", ""count"": ""22"", ""n"": ""22""}, {""type"": ""RTC"", ""name"": ""RTC"", ""source_kind"": ""qinheng_structured_table"", ""count"": ""1"", ""n"": ""1""}, {""type"": ""USBH"", ""name"": ""USB Host"", ""source_kind"": ""qinheng_structured_table"", ""count"": ""1"", ""n"": ""1""}, {""type"": ""USBD"", ""name"": ""USB Device"", ""source_kind"": ""qinheng_structured_table"", ""count"": ""1"", ""n"": ""1""}, {""type"": ""Bluetooth"", ""name"": ""Bluetooth LE 4.2"", ""source_kind"": ""qinheng_structured_table"", ""count"": ""1"", ""n"": ""1""}, {""type"": ""PWM"", ""name"": ""PWM channels"", ""source_kind"": ""qinheng_structured_table"", ""count"": ""12"", ""n"": ""12""}, {""type"": ""DataFlash"", ""name"": ""Data Flash / EEPROM (32K)"", ""source_kind"": ""qinheng_structured_table"", ""count"": ""1"", ""n"": ""1"", ""m"": ""32K""}, {""type"": ""VendorCapability"", ""name"": ""WCH Core: RISC-V"", ""source_kind"": ""qinheng_structured_table"", ""count"": ""1"", ""n"": ""1"", ""m"": ""RISC-V""}]","[{""title"": ""WCH CH573 product page"", ""url"": ""https://www.wch.cn/products/CH573.html""}]",,unknown,qinheng:ch32-data-yaml:CH573.yaml,https://www.wch.cn/products/CH573.html,structured-snapshot,2026-08-30T15:23:23+00:00,manufacturer_device_database
qinheng::ch581f,qinheng::ch::ch581,Qinheng,general_purpose_mcu,RISC-V,CH,CH581,CH581,CH581F,CH581F,F,"[{""Darchitecture"": ""RISC-V"", ""Dcore"": ""QingKe V4A"", ""DcoreCount"": ""1"", ""Dfpu"": ""0""}]",20000000,196608,32768,QFN28,20,"[{""name"": ""USR_1"", ""size"": 196608}, {""name"": ""RAM"", ""size"": 32768}]","[{""type"": ""ADC"", ""name"": ""12-bit ADC channels"", ""source_kind"": ""qinheng_structured_table"", ""count"": ""6"", ""n"": ""6"", ""m"": ""12-bit""}, {""type"": ""SPI"", ""name"": ""SPI"", ""source_kind"": ""qinheng_structured_table"", ""count"": ""1"", ""n"": ""1""}, {""type"": ""UART"", ""name"": ""UART"", ""source_kind"": ""qinheng_structured_table"", ""count"": ""2"", ""n"": ""2""}, {""type"": ""Timer"", ""name"": ""Advanced/general timer groups"", ""source_kind"": ""qinheng_structured_table"", ""count"": ""4"", ""n"": ""4"", ""m"": ""26""}, {""type"": ""IOs"", ""name"": ""GPIO"", ""source_kind"": ""qinheng_structured_table"", ""count"": ""20"", ""n"": ""20""}, {""type"": ""RTC"", ""name"": ""RTC"", ""source_kind"": ""qinheng_structured_table"", ""count"": ""1"", ""n"": ""1""}, {""type"": ""USBD"", ""name"": ""USB Device"", ""source_kind"": ""qinheng_structured_table"", ""count"": ""1"", ""n"": ""1""}, {""type"": ""Bluetooth"", ""name"": ""Bluetooth LE 5.3"", ""source_kind"": ""qinheng_structured_table"", ""count"": ""1"", ""n"": ""1""}, {""type"": ""PWM"", ""name"": ""PWM channels"", ""source_kind"": ""qinheng_structured_table"", ""count"": ""10"", ""n"": ""10""}, {""type"": ""DataFlash"", ""name"": ""Data Flash / EEPROM (32K)"", ""source_kind"": ""qinheng_structured_table"", ""count"": ""1"", ""n"": ""1"", ""m"": ""32K""}, {""type"": ""VendorCapability"", ""name"": ""WCH Core: RISC-V"", ""source_kind"": ""qinheng_structured_table"", ""count"": ""1"", ""n"": ""1"", ""m"": ""RISC-V""}]","[{""title"": ""WCH CH581 product page"", ""url"": ""https://www.wch.cn/products/CH583.html""}]",,unknown,qinheng:ch32-data-yaml:CH581.yaml,https://www.wch.cn/products/CH583.html,structured-snapshot,2026-08-30T15:23:23+00:00,manufacturer_device_database
qinheng::ch582f,qinheng::ch::ch582,Qinheng,general_purpose_mcu,RISC-V,CH,CH582,CH582,CH582F,CH582F,F,"[{""Darchitecture"": ""RISC-V"", ""Dcore"": ""QingKe V4A"", ""DcoreCount"": ""1"", ""Dfpu"": ""0""}]",20000000,458752,32768,QFN28,40,"[{""name"": ""USR_1"", ""size"": 458752}, {""name"": ""RAM"", ""size"": 32768}]","[{""type"": ""ADC"", ""name"": ""12-bit ADC channels"", ""source_kind"": ""qinheng_structured_table"", ""count"": ""14"", ""n"": ""14"", ""m"": ""12-bit""}, {""type"": ""Touch"", ""name"": ""TouchKey channels"", ""source_kind"": ""qinheng_structured_table"", ""count"": ""14"", ""n"": ""14""}, {""type"": ""I2C"", ""name"": ""I²C"", ""source_kind"": ""qinheng_structured_table"", ""count"": ""1"", ""n"": ""1""}, {""type"": ""SPI"", ""name"": ""SPI"", ""source_kind"": ""qinheng_structured_table"", ""count"": ""1"", ""n"": ""1""}, {""type"": ""UART"", ""name"": ""UART"", ""source_kind"": ""qinheng_structured_table"", ""count"": ""4"", ""n"": ""4""}, {""type"": ""Timer"", ""name"": ""Advanced/general timer groups"", ""source_kind"": ""qinheng_structured_table"", ""count"": ""4"", ""n"": ""4"", ""m"": ""26""}, {""type"": ""IOs"", ""name"": ""GPIO"", ""source_kind"": ""qinheng_structured_table"", ""count"": ""40"", ""n"": ""40""}, {""type"": ""RTC"", ""name"": ""RTC"", ""source_kind"": ""qinheng_structured_table"", ""count"": ""1"", ""n"": ""1""}, {""type"": ""USBH"", ""name"": ""USB Host"", ""source_kind"": ""qinheng_structured_table"", ""count"": ""2"", ""n"": ""2""}, {""type"": ""USBD"", ""name"": ""USB Device"", ""source_kind"": ""qinheng_structured_table"", ""count"": ""2"", ""n"": ""2""}, {""type"": ""Bluetooth"", ""name"": ""Bluetooth LE 5.3"", ""source_kind"": ""qinheng_structured_table"", ""count"": ""1"", ""n"": ""1""}, {""type"": ""PWM"", ""name"": ""PWM channels"", ""source_kind"": ""qinheng_structured_table"", ""count"": ""12"", ""n"": ""12""}, {""type"": ""DataFlash"", ""name"": ""Data Flash / EEPROM (32K)"", ""source_kind"": ""qinheng_structured_table"", ""count"": ""1"", ""n"": ""1"", ""m"": ""32K""}, {""type"": ""VendorCapability"", ""name"": ""WCH Core: RISC-V"", ""source_kind"": ""qinheng_structured_table"", ""count"": ""1"", ""n"": ""1"", ""m"": ""RISC-V""}]","[{""title"": ""WCH CH582 product page"", ""url"": ""https://www.wch.cn/products/CH583.html""}]",,unknown,qinheng:ch32-data-yaml:CH582.yaml,https://www.wch.cn/products/CH583.html,structured-snapshot,2026-08-30T15:23:23+00:00,manufacturer_device_database
qinheng::ch582m,qinheng::ch::ch582,Qinheng,general_purpose_mcu,RISC-V,CH,CH582,CH582,CH582M,CH582M,M,"[{""Darchitecture"": ""RISC-V"", ""Dcore"": ""QingKe V4A"", ""DcoreCount"": ""1"", ""Dfpu"": ""0""}]",20000000,458752,32768,QFN48,40,"[{""name"": ""USR_1"", ""size"": 458752}, {""name"": ""RAM"", ""size"": 32768}]","[{""type"": ""ADC"", ""name"": ""12-bit ADC channels"", ""source_kind"": ""qinheng_structured_table"", ""count"": ""14"", ""n"": ""14"", ""m"": ""12-bit""}, {""type"": ""Touch"", ""name"": ""TouchKey channels"", ""source_kind"": ""qinheng_structured_table"", ""count"": ""14"", ""n"": ""14""}, {""type"": ""I2C"", ""name"": ""I²C"", ""source_kind"": ""qinheng_structured_table"", ""count"": ""1"", ""n"": ""1""}, {""type"": ""SPI"", ""name"": ""SPI"", ""source_kind"": ""qinheng_structured_table"", ""count"": ""1"", ""n"": ""1""}, {""type"": ""UART"", ""name"": ""UART"", ""source_kind"": ""qinheng_structured_table"", ""count"": ""4"", ""n"": ""4""}, {""type"": ""Timer"", ""name"": ""Advanced/general timer groups"", ""source_kind"": ""qinheng_structured_table"", ""count"": ""4"", ""n"": ""4"", ""m"": ""26""}, {""type"": ""IOs"", ""name"": ""GPIO"", ""source_kind"": ""qinheng_structured_table"", ""count"": ""40"", ""n"": ""40""}, {""type"": ""RTC"", ""name"": ""RTC"", ""source_kind"": ""qinheng_structured_table"", ""count"": ""1"", ""n"": ""1""}, {""type"": ""USBH"", ""name"": ""USB Host"", ""source_kind"": ""qinheng_structured_table"", ""count"": ""2"", ""n"": ""2""}, {""type"": ""USBD"", ""name"": ""USB Device"", ""source_kind"": ""qinheng_structured_table"", ""count"": ""2"", ""n"": ""2""}, {""type"": ""Bluetooth"", ""name"": ""Bluetooth LE 5.3"", ""source_kind"": ""qinheng_structured_table"", ""count"": ""1"", ""n"": ""1""}, {""type"": ""PWM"", ""name"": ""PWM channels"", ""source_kind"": ""qinheng_structured_table"", ""count"": ""12"", ""n"": ""12""}, {""type"": ""DataFlash"", ""name"": ""Data Flash / EEPROM (32K)"", ""source_kind"": ""qinheng_structured_table"", ""count"": ""1"", ""n"": ""1"", ""m"": ""32K""}, {""type"": ""VendorCapability"", ""name"": ""WCH Core: RISC-V"", ""source_kind"": ""qinheng_structured_table"", ""count"": ""1"", ""n"": ""1"", ""m"": ""RISC-V""}]","[{""title"": ""WCH CH582 product page"", ""url"": ""https://www.wch.cn/products/CH583.html""}]",,unknown,qinheng:ch32-data-yaml:CH582.yaml,https://www.wch.cn/products/CH583.html,structured-snapshot,2026-08-30T15:23:23+00:00,manufacturer_device_database
qinheng::ch583m,qinheng::ch::ch583,Qinheng,general_purpose_mcu,RISC-V,CH,CH583,CH583,CH583M,CH583M,M,"[{""Darchitecture"": ""RISC-V"", ""Dcore"": ""QingKe V4A"", ""DcoreCount"": ""1"", ""Dfpu"": ""0""}]",20000000,458752,32768,QFN48,40,"[{""name"": ""USR_1"", ""size"": 458752}, {""name"": ""RAM"", ""size"": 32768}]","[{""type"": ""ADC"", ""name"": ""12-bit ADC channels"", ""source_kind"": ""qinheng_structured_table"", ""count"": ""14"", ""n"": ""14"", ""m"": ""12-bit""}, {""type"": ""Touch"", ""name"": ""TouchKey channels"", ""source_kind"": ""qinheng_structured_table"", ""count"": ""14"", ""n"": ""14""}, {""type"": ""I2C"", ""name"": ""I²C"", ""source_kind"": ""qinheng_structured_table"", ""count"": ""1"", ""n"": ""1""}, {""type"": ""SPI"", ""name"": ""SPI"", ""source_kind"": ""qinheng_structured_table"", ""count"": ""2"", ""n"": ""2""}, {""type"": ""UART"", ""name"": ""UART"", ""source_kind"": ""qinheng_structured_table"", ""count"": ""4"", ""n"": ""4""}, {""type"": ""Timer"", ""name"": ""Advanced/general timer groups"", ""source_kind"": ""qinheng_structured_table"", ""count"": ""4"", ""n"": ""4"", ""m"": ""26""}, {""type"": ""IOs"", ""name"": ""GPIO"", ""source_kind"": ""qinheng_structured_table"", ""count"": ""40"", ""n"": ""40""}, {""type"": ""RTC"", ""name"": ""RTC"", ""source_kind"": ""qinheng_structured_table"", ""count"": ""1"", ""n"": ""1""}, {""type"": ""USBH"", ""name"": ""USB Host"", ""source_kind"": ""qinheng_structured_table"", ""count"": ""2"", ""n"": ""2""}, {""type"": ""USBD"", ""name"": ""USB Device"", ""source_kind"": ""qinheng_structured_table"", ""count"": ""2"", ""n"": ""2""}, {""type"": ""Bluetooth"", ""name"": ""Bluetooth LE 5.3"", ""source_kind"": ""qinheng_structured_table"", ""count"": ""1"", ""n"": ""1""}, {""type"": ""PWM"", ""name"": ""PWM channels"", ""source_kind"": ""qinheng_structured_table"", ""count"": ""12"", ""n"": ""12""}, {""type"": ""DataFlash"", ""name"": ""Data Flash / EEPROM (32K)"", ""source_kind"": ""qinheng_structured_table"", ""count"": ""1"", ""n"": ""1"", ""m"": ""32K""}, {""type"": ""VendorCapability"", ""name"": ""WCH Core: RISC-V"", ""source_kind"": ""qinheng_structured_table"", ""count"": ""1"", ""n"": ""1"", ""m"": ""RISC-V""}]","[{""title"": ""WCH CH583 product page"", ""url"": ""https://www.wch.cn/products/CH583.html""}]",,unknown,qinheng:ch32-data-yaml:CH583.yaml,https://www.wch.cn/products/CH583.html,structured-snapshot,2026-08-30T15:23:23+00:00,manufacturer_device_database
qinheng::ch591d,qinheng::ch::ch591,Qinheng,general_purpose_mcu,RISC-V,CH,CH591,CH591,CH591D,CH591D,D,"[{""Darchitecture"": ""RISC-V"", ""Dcore"": ""QingKe V4C"", ""DcoreCount"": ""1"", ""Dfpu"": ""0""}]",20000000,196608,26624,QFN20,20,"[{""name"": ""USR_1"", ""size"": 196608}, {""name"": ""RAM"", ""size"": 26624}]","[{""type"": ""ADC"", ""name"": ""12-bit ADC channels"", ""source_kind"": ""qinheng_structured_table"", ""count"": ""6"", ""n"": ""6"", ""m"": ""12-bit""}, {""type"": ""SPI"", ""name"": ""SPI"", ""source_kind"": ""qinheng_structured_table"", ""count"": ""1"", ""n"": ""1""}, {""type"": ""UART"", ""name"": ""UART"", ""source_kind"": ""qinheng_structured_table"", ""count"": ""2"", ""n"": ""2""}, {""type"": ""Timer"", ""name"": ""Advanced/general timer groups"", ""source_kind"": ""qinheng_structured_table"", ""count"": ""4"", ""n"": ""4"", ""m"": ""26""}, {""type"": ""IOs"", ""name"": ""GPIO"", ""source_kind"": ""qinheng_structured_table"", ""count"": ""20"", ""n"": ""20""}, {""type"": ""RTC"", ""name"": ""RTC"", ""source_kind"": ""qinheng_structured_table"", ""count"": ""1"", ""n"": ""1""}, {""type"": ""USBD"", ""name"": ""USB Device"", ""source_kind"": ""qinheng_structured_table"", ""count"": ""1"", ""n"": ""1""}, {""type"": ""Bluetooth"", ""name"": ""Bluetooth LE 5.4"", ""source_kind"": ""qinheng_structured_table"", ""count"": ""1"", ""n"": ""1""}, {""type"": ""PWM"", ""name"": ""PWM channels"", ""source_kind"": ""qinheng_structured_table"", ""count"": ""10"", ""n"": ""10""}, {""type"": ""DataFlash"", ""name"": ""Data Flash / EEPROM (32K)"", ""source_kind"": ""qinheng_structured_table"", ""count"": ""1"", ""n"": ""1"", ""m"": ""32K""}, {""type"": ""VendorCapability"", ""name"": ""WCH Core: RISC-V"", ""source_kind"": ""qinheng_structured_table"", ""count"": ""1"", ""n"": ""1"", ""m"": ""RISC-V""}]","[{""title"": ""WCH CH591 product page"", ""url"": ""https://www.wch.cn/products/CH592.html""}]",,unknown,qinheng:ch32-data-yaml:CH591.yaml,https://www.wch.cn/products/CH592.html,structured-snapshot,2026-08-30T15:23:23+00:00,manufacturer_device_database
qinheng::ch591f,qinheng::ch::ch591,Qinheng,general_purpose_mcu,RISC-V,CH,CH591,CH591,CH591F,CH591F,F,"[{""Darchitecture"": ""RISC-V"", ""Dcore"": ""QingKe V4C"", ""DcoreCount"": ""1"", ""Dfpu"": ""0""}]",20000000,196608,26624,QFN28,20,"[{""name"": ""USR_1"", ""size"": 196608}, {""name"": ""RAM"", ""size"": 26624}]","[{""type"": ""ADC"", ""name"": ""12-bit ADC channels"", ""source_kind"": ""qinheng_structured_table"", ""count"": ""6"", ""n"": ""6"", ""m"": ""12-bit""}, {""type"": ""SPI"", ""name"": ""SPI"", ""source_kind"": ""qinheng_structured_table"", ""count"": ""1"", ""n"": ""1""}, {""type"": ""UART"", ""name"": ""UART"", ""source_kind"": ""qinheng_structured_table"", ""count"": ""2"", ""n"": ""2""}, {""type"": ""Timer"", ""name"": ""Advanced/general timer groups"", ""source_kind"": ""qinheng_structured_table"", ""count"": ""4"", ""n"": ""4"", ""m"": ""26""}, {""type"": ""IOs"", ""name"": ""GPIO"", ""source_kind"": ""qinheng_structured_table"", ""count"": ""20"", ""n"": ""20""}, {""type"": ""RTC"", ""name"": ""RTC"", ""source_kind"": ""qinheng_structured_table"", ""count"": ""1"", ""n"": ""1""}, {""type"": ""USBD"", ""name"": ""USB Device"", ""source_kind"": ""qinheng_structured_table"", ""count"": ""1"", ""n"": ""1""}, {""type"": ""Bluetooth"", ""name"": ""Bluetooth LE 5.4"", ""source_kind"": ""qinheng_structured_table"", ""count"": ""1"", ""n"": ""1""}, {""type"": ""PWM"", ""name"": ""PWM channels"", ""source_kind"": ""qinheng_structured_table"", ""count"": ""10"", ""n"": ""10""}, {""type"": ""DataFlash"", ""name"": ""Data Flash / EEPROM (32K)"", ""source_kind"": ""qinheng_structured_table"", ""count"": ""1"", ""n"": ""1"", ""m"": ""32K""}, {""type"": ""VendorCapability"", ""name"": ""WCH Core: RISC-V"", ""source_kind"": ""qinheng_structured_table"", ""count"": ""1"", ""n"": ""1"", ""m"": ""RISC-V""}]","[{""title"": ""WCH CH591 product page"", ""url"": ""https://www.wch.cn/products/CH592.html""}]",,unknown,qinheng:ch32-data-yaml:CH591.yaml,https://www.wch.cn/products/CH592.html,structured-snapshot,2026-08-30T15:23:23+00:00,manufacturer_device_database
qinheng::ch591r,qinheng::ch::ch591,Qinheng,general_purpose_mcu,RISC-V,CH,CH591,CH591,CH591R,CH591R,R,"[{""Darchitecture"": ""RISC-V"", ""Dcore"": ""QingKe V4C"", ""DcoreCount"": ""1"", ""Dfpu"": ""0""}]",20000000,196608,26624,TSSOP16,20,"[{""name"": ""USR_1"", ""size"": 196608}, {""name"": ""RAM"", ""size"": 26624}]","[{""type"": ""ADC"", ""name"": ""12-bit ADC channels"", ""source_kind"": ""qinheng_structured_table"", ""count"": ""6"", ""n"": ""6"", ""m"": ""12-bit""}, {""type"": ""SPI"", ""name"": ""SPI"", ""source_kind"": ""qinheng_structured_table"", ""count"": ""1"", ""n"": ""1""}, {""type"": ""UART"", ""name"": ""UART"", ""source_kind"": ""qinheng_structured_table"", ""count"": ""2"", ""n"": ""2""}, {""type"": ""Timer"", ""name"": ""Advanced/general timer groups"", ""source_kind"": ""qinheng_structured_table"", ""count"": ""4"", ""n"": ""4"", ""m"": ""26""}, {""type"": ""IOs"", ""name"": ""GPIO"", ""source_kind"": ""qinheng_structured_table"", ""count"": ""20"", ""n"": ""20""}, {""type"": ""RTC"", ""name"": ""RTC"", ""source_kind"": ""qinheng_structured_table"", ""count"": ""1"", ""n"": ""1""}, {""type"": ""USBD"", ""name"": ""USB Device"", ""source_kind"": ""qinheng_structured_table"", ""count"": ""1"", ""n"": ""1""}, {""type"": ""Bluetooth"", ""name"": ""Bluetooth LE 5.4"", ""source_kind"": ""qinheng_structured_table"", ""count"": ""1"", ""n"": ""1""}, {""type"": ""PWM"", ""name"": ""PWM channels"", ""source_kind"": ""qinheng_structured_table"", ""count"": ""10"", ""n"": ""10""}, {""type"": ""DataFlash"", ""name"": ""Data Flash / EEPROM (32K)"", ""source_kind"": ""qinheng_structured_table"", ""count"": ""1"", ""n"": ""1"", ""m"": ""32K""}, {""type"": ""VendorCapability"", ""name"": ""WCH Core: RISC-V"", ""source_kind"": ""qinheng_structured_table"", ""count"": ""1"", ""n"": ""1"", ""m"": ""RISC-V""}]","[{""title"": ""WCH CH591 product page"", ""url"": ""https://www.wch.cn/products/CH592.html""}]",,unknown,qinheng:ch32-data-yaml:CH591.yaml,https://www.wch.cn/products/CH592.html,structured-snapshot,2026-08-30T15:23:23+00:00,manufacturer_device_database
qinheng::ch592f,qinheng::ch::ch592,Qinheng,general_purpose_mcu,RISC-V,CH,CH592,CH592,CH592F,CH592F,F,"[{""Darchitecture"": ""RISC-V"", ""Dcore"": ""QingKe V4C"", ""DcoreCount"": ""1"", ""Dfpu"": ""0""}]",20000000,458752,26624,QFN28,24,"[{""name"": ""USR_1"", ""size"": 458752}, {""name"": ""RAM"", ""size"": 26624}]","[{""type"": ""ADC"", ""name"": ""12-bit ADC channels"", ""source_kind"": ""qinheng_structured_table"", ""count"": ""12"", ""n"": ""12"", ""m"": ""12-bit""}, {""type"": ""Touch"", ""name"": ""TouchKey channels"", ""source_kind"": ""qinheng_structured_table"", ""count"": ""12"", ""n"": ""12""}, {""type"": ""I2C"", ""name"": ""I²C"", ""source_kind"": ""qinheng_structured_table"", ""count"": ""1"", ""n"": ""1""}, {""type"": ""SPI"", ""name"": ""SPI"", ""source_kind"": ""qinheng_structured_table"", ""count"": ""1"", ""n"": ""1""}, {""type"": ""UART"", ""name"": ""UART"", ""source_kind"": ""qinheng_structured_table"", ""count"": ""4"", ""n"": ""4""}, {""type"": ""Timer"", ""name"": ""Advanced/general timer groups"", ""source_kind"": ""qinheng_structured_table"", ""count"": ""4"", ""n"": ""4"", ""m"": ""26""}, {""type"": ""IOs"", ""name"": ""GPIO"", ""source_kind"": ""qinheng_structured_table"", ""count"": ""24"", ""n"": ""24""}, {""type"": ""RTC"", ""name"": ""RTC"", ""source_kind"": ""qinheng_structured_table"", ""count"": ""1"", ""n"": ""1""}, {""type"": ""USBH"", ""name"": ""USB Host"", ""source_kind"": ""qinheng_structured_table"", ""count"": ""1"", ""n"": ""1""}, {""type"": ""USBD"", ""name"": ""USB Device"", ""source_kind"": ""qinheng_structured_table"", ""count"": ""1"", ""n"": ""1""}, {""type"": ""Bluetooth"", ""name"": ""Bluetooth LE 5.4"", ""source_kind"": ""qinheng_structured_table"", ""count"": ""1"", ""n"": ""1""}, {""type"": ""PWM"", ""name"": ""PWM channels"", ""source_kind"": ""qinheng_structured_table"", ""count"": ""12"", ""n"": ""12""}, {""type"": ""DataFlash"", ""name"": ""Data Flash / EEPROM (32K)"", ""source_kind"": ""qinheng_structured_table"", ""count"": ""1"", ""n"": ""1"", ""m"": ""32K""}, {""type"": ""VendorCapability"", ""name"": ""WCH Core: RISC-V"", ""source_kind"": ""qinheng_structured_table"", ""count"": ""1"", ""n"": ""1"", ""m"": ""RISC-V""}]","[{""title"": ""WCH CH592 product page"", ""url"": ""https://www.wch.cn/products/CH592.html""}]",,unknown,qinheng:ch32-data-yaml:CH592.yaml,https://www.wch.cn/products/CH592.html,structured-snapshot,2026-08-30T15:23:23+00:00,manufacturer_device_database
qinheng::ch641,qinheng::ch::ch641,Qinheng,general_purpose_mcu,RISC-V,CH,CH641,CH641,CH641,CH641,,"[{""Darchitecture"": ""RISC-V"", ""Dcore"": ""QingKe V2A/V2C"", ""DcoreCount"": ""1"", ""Dfpu"": ""0""}]",48000000,16384,2048,QFN28/QSOP24<br>QFN20/QFN16,25,[],"[{""type"": ""ADC"", ""name"": ""10-bit ADC channels"", ""source_kind"": ""qinheng_structured_table"", ""count"": ""15"", ""n"": ""15"", ""m"": ""10-bit""}, {""type"": ""UART"", ""name"": ""UART"", ""source_kind"": ""qinheng_structured_table"", ""count"": ""1"", ""n"": ""1""}, {""type"": ""Timer"", ""name"": ""Advanced/general timer groups"", ""source_kind"": ""qinheng_structured_table"", ""count"": ""2"", ""n"": ""2"", ""m"": ""16""}, {""type"": ""IOs"", ""name"": ""GPIO"", ""source_kind"": ""qinheng_structured_table"", ""count"": ""25"", ""n"": ""25""}, {""type"": ""PowerOther"", ""name"": ""WCH USB PD"", ""source_kind"": ""qinheng_structured_table"", ""count"": ""1"", ""n"": ""1""}, {""type"": ""VendorCapability"", ""name"": ""WCH QII"", ""source_kind"": ""qinheng_structured_table"", ""count"": ""1"", ""n"": ""1""}, {""type"": ""VendorCapability"", ""name"": ""WCH ISP"", ""source_kind"": ""qinheng_structured_table"", ""count"": ""1"", ""n"": ""1""}, {""type"": ""VendorCapability"", ""name"": ""WCH BC"", ""source_kind"": ""qinheng_structured_table"", ""count"": ""1"", ""n"": ""1""}, {""type"": ""VendorCapability"", ""name"": ""WCH CAP raw parameter (5/5)"", ""source_kind"": ""qinheng_structured_table"", ""count"": ""1"", ""n"": ""1"", ""m"": ""5/5""}, {""type"": ""VendorCapability"", ""name"": ""WCH VDD: 5-12"", ""source_kind"": ""qinheng_structured_table"", ""count"": ""1"", ""n"": ""1"", ""m"": ""5-12""}]","[{""title"": ""WCH CH641 product page"", ""url"": ""https://www.wch.cn/products/CH641.html""}]",,unknown,qinheng:special-table,https://www.wch.cn/products/CH641.html,structured-snapshot,2026-08-30T15:23:23+00:00,manufacturer_product_page
qinheng::ch641d,qinheng::ch::ch641,Qinheng,general_purpose_mcu,RISC-V,CH,CH641,CH641,CH641D,CH641D,D,"[{""Darchitecture"": ""RISC-V"", ""Dcore"": ""QingKe V2A/V2C"", ""DcoreCount"": ""1"", ""Dfpu"": ""0""}]",48000000,16384,2048,QFN20,,"[{""name"": ""USR_1"", ""size"": 16384}, {""name"": ""RAM"", ""size"": 2048}]","[{""type"": ""ADC"", ""name"": ""10-bit ADC channels"", ""source_kind"": ""qinheng_structured_table"", ""count"": ""15"", ""n"": ""15"", ""m"": ""10-bit""}, {""type"": ""UART"", ""name"": ""UART"", ""source_kind"": ""qinheng_structured_table"", ""count"": ""1"", ""n"": ""1""}, {""type"": ""Timer"", ""name"": ""Advanced/general timer groups"", ""source_kind"": ""qinheng_structured_table"", ""count"": ""2"", ""n"": ""2"", ""m"": ""16""}, {""type"": ""PowerOther"", ""name"": ""WCH USB PD"", ""source_kind"": ""qinheng_structured_table"", ""count"": ""1"", ""n"": ""1""}, {""type"": ""VendorCapability"", ""name"": ""WCH QII"", ""source_kind"": ""qinheng_structured_table"", ""count"": ""1"", ""n"": ""1""}, {""type"": ""VendorCapability"", ""name"": ""WCH ISP"", ""source_kind"": ""qinheng_structured_table"", ""count"": ""1"", ""n"": ""1""}, {""type"": ""VendorCapability"", ""name"": ""WCH BC"", ""source_kind"": ""qinheng_structured_table"", ""count"": ""1"", ""n"": ""1""}, {""type"": ""VendorCapability"", ""name"": ""WCH CAP raw parameter (5/5)"", ""source_kind"": ""qinheng_structured_table"", ""count"": ""1"", ""n"": ""1"", ""m"": ""5/5""}]","[{""title"": ""WCH CH641 product page"", ""url"": ""https://www.wch.cn/products/CH641.html""}]",,unknown,qinheng:ch32-data-yaml:CH641.yaml,https://www.wch.cn/products/CH641.html,structured-snapshot,2026-08-30T15:23:23+00:00,manufacturer_device_database
qinheng::ch641f,qinheng::ch::ch641,Qinheng,general_purpose_mcu,RISC-V,CH,CH641,CH641,CH641F,CH641F,F,"[{""Darchitecture"": ""RISC-V"", ""Dcore"": ""QingKe V2A/V2C"", ""DcoreCount"": ""1"", ""Dfpu"": ""0""}]",48000000,16384,2048,QFN28,,"[{""name"": ""USR_1"", ""size"": 16384}, {""name"": ""RAM"", ""size"": 2048}]","[{""type"": ""ADC"", ""name"": ""10-bit ADC channels"", ""source_kind"": ""qinheng_structured_table"", ""count"": ""15"", ""n"": ""15"", ""m"": ""10-bit""}, {""type"": ""UART"", ""name"": ""UART"", ""source_kind"": ""qinheng_structured_table"", ""count"": ""1"", ""n"": ""1""}, {""type"": ""Timer"", ""name"": ""Advanced/general timer groups"", ""source_kind"": ""qinheng_structured_table"", ""count"": ""2"", ""n"": ""2"", ""m"": ""16""}, {""type"": ""PowerOther"", ""name"": ""WCH USB PD"", ""source_kind"": ""qinheng_structured_table"", ""count"": ""1"", ""n"": ""1""}, {""type"": ""VendorCapability"", ""name"": ""WCH QII"", ""source_kind"": ""qinheng_structured_table"", ""count"": ""1"", ""n"": ""1""}, {""type"": ""VendorCapability"", ""name"": ""WCH ISP"", ""source_kind"": ""qinheng_structured_table"", ""count"": ""1"", ""n"": ""1""}, {""type"": ""VendorCapability"", ""name"": ""WCH BC"", ""source_kind"": ""qinheng_structured_table"", ""count"": ""1"", ""n"": ""1""}, {""type"": ""VendorCapability"", ""name"": ""WCH CAP raw parameter (5/5)"", ""source_kind"": ""qinheng_structured_table"", ""count"": ""1"", ""n"": ""1"", ""m"": ""5/5""}]","[{""title"": ""WCH CH641 product page"", ""url"": ""https://www.wch.cn/products/CH641.html""}]",,unknown,qinheng:ch32-data-yaml:CH641.yaml,https://www.wch.cn/products/CH641.html,structured-snapshot,2026-08-30T15:23:23+00:00,manufacturer_device_database
qinheng::ch641p,qinheng::ch::ch641,Qinheng,general_purpose_mcu,RISC-V,CH,CH641,CH641,CH641P,CH641P,P,"[{""Darchitecture"": ""RISC-V"", ""Dcore"": ""QingKe V2A/V2C"", ""DcoreCount"": ""1"", ""Dfpu"": ""0""}]",48000000,16384,2048,QFN16,,"[{""name"": ""USR_1"", ""size"": 16384}, {""name"": ""RAM"", ""size"": 2048}]","[{""type"": ""ADC"", ""name"": ""10-bit ADC channels"", ""source_kind"": ""qinheng_structured_table"", ""count"": ""15"", ""n"": ""15"", ""m"": ""10-bit""}, {""type"": ""UART"", ""name"": ""UART"", ""source_kind"": ""qinheng_structured_table"", ""count"": ""1"", ""n"": ""1""}, {""type"": ""Timer"", ""name"": ""Advanced/general timer groups"", ""source_kind"": ""qinheng_structured_table"", ""count"": ""2"", ""n"": ""2"", ""m"": ""16""}, {""type"": ""PowerOther"", ""name"": ""WCH USB PD"", ""source_kind"": ""qinheng_structured_table"", ""count"": ""1"", ""n"": ""1""}, {""type"": ""VendorCapability"", ""name"": ""WCH QII"", ""source_kind"": ""qinheng_structured_table"", ""count"": ""1"", ""n"": ""1""}, {""type"": ""VendorCapability"", ""name"": ""WCH ISP"", ""source_kind"": ""qinheng_structured_table"", ""count"": ""1"", ""n"": ""1""}, {""type"": ""VendorCapability"", ""name"": ""WCH BC"", ""source_kind"": ""qinheng_structured_table"", ""count"": ""1"", ""n"": ""1""}, {""type"": ""VendorCapability"", ""name"": ""WCH CAP raw parameter (5/5)"", ""source_kind"": ""qinheng_structured_table"", ""count"": ""1"", ""n"": ""1"", ""m"": ""5/5""}]","[{""title"": ""WCH CH641 product page"", ""url"": ""https://www.wch.cn/products/CH641.html""}]",,unknown,qinheng:ch32-data-yaml:CH641.yaml,https://www.wch.cn/products/CH641.html,structured-snapshot,2026-08-30T15:23:23+00:00,manufacturer_device_database
qinheng::ch641u,qinheng::ch::ch641,Qinheng,general_purpose_mcu,RISC-V,CH,CH641,CH641,CH641U,CH641U,U,"[{""Darchitecture"": ""RISC-V"", ""Dcore"": ""QingKe V2A/V2C"", ""DcoreCount"": ""1"", ""Dfpu"": ""0""}]",48000000,16384,2048,QSOP24,,"[{""name"": ""USR_1"", ""size"": 16384}, {""name"": ""RAM"", ""size"": 2048}]","[{""type"": ""ADC"", ""name"": ""10-bit ADC channels"", ""source_kind"": ""qinheng_structured_table"", ""count"": ""15"", ""n"": ""15"", ""m"": ""10-bit""}, {""type"": ""UART"", ""name"": ""UART"", ""source_kind"": ""qinheng_structured_table"", ""count"": ""1"", ""n"": ""1""}, {""type"": ""Timer"", ""name"": ""Advanced/general timer groups"", ""source_kind"": ""qinheng_structured_table"", ""count"": ""2"", ""n"": ""2"", ""m"": ""16""}, {""type"": ""PowerOther"", ""name"": ""WCH USB PD"", ""source_kind"": ""qinheng_structured_table"", ""count"": ""1"", ""n"": ""1""}, {""type"": ""VendorCapability"", ""name"": ""WCH QII"", ""source_kind"": ""qinheng_structured_table"", ""count"": ""1"", ""n"": ""1""}, {""type"": ""VendorCapability"", ""name"": ""WCH ISP"", ""source_kind"": ""qinheng_structured_table"", ""count"": ""1"", ""n"": ""1""}, {""type"": ""VendorCapability"", ""name"": ""WCH BC"", ""source_kind"": ""qinheng_structured_table"", ""count"": ""1"", ""n"": ""1""}, {""type"": ""VendorCapability"", ""name"": ""WCH CAP raw parameter (5/5)"", ""source_kind"": ""qinheng_structured_table"", ""count"": ""1"", ""n"": ""1"", ""m"": ""5/5""}]","[{""title"": ""WCH CH641 product page"", ""url"": ""https://www.wch.cn/products/CH641.html""}]",,unknown,qinheng:ch32-data-yaml:CH641.yaml,https://www.wch.cn/products/CH641.html,structured-snapshot,2026-08-30T15:23:23+00:00,manufacturer_device_database
qinheng::ch643,qinheng::ch::ch643,Qinheng,general_purpose_mcu,RISC-V,CH,CH643,CH643,CH643,CH643,,"[{""Darchitecture"": ""RISC-V"", ""Dcore"": ""QingKe V4C"", ""DcoreCount"": ""1"", ""Dfpu"": ""0""}]",48000000,63488,20480,QSOP28/LQFP48<br>LQFP64/QFN80,60,[],"[{""type"": ""ADC"", ""name"": ""12-bit ADC channels"", ""source_kind"": ""qinheng_structured_table"", ""count"": ""14"", ""n"": ""14"", ""m"": ""12-bit""}, {""type"": ""SPI"", ""name"": ""SPI"", ""source_kind"": ""qinheng_structured_table"", ""count"": ""1"", ""n"": ""1""}, {""type"": ""UART"", ""name"": ""UART"", ""source_kind"": ""qinheng_structured_table"", ""count"": ""4"", ""n"": ""4""}, {""type"": ""Timer"", ""name"": ""Advanced/general timer groups"", ""source_kind"": ""qinheng_structured_table"", ""count"": ""3"", ""n"": ""3"", ""m"": ""16""}, {""type"": ""IOs"", ""name"": ""GPIO"", ""source_kind"": ""qinheng_structured_table"", ""count"": ""60"", ""n"": ""60""}, {""type"": ""PowerOther"", ""name"": ""WCH USB PD"", ""source_kind"": ""qinheng_structured_table"", ""count"": ""1"", ""n"": ""1""}, {""type"": ""VendorCapability"", ""name"": ""WCH LEDPWM"", ""source_kind"": ""qinheng_structured_table"", ""count"": ""1"", ""n"": ""1""}, {""type"": ""VendorCapability"", ""name"": ""WCH CMP"", ""source_kind"": ""qinheng_structured_table"", ""count"": ""1"", ""n"": ""1""}, {""type"": ""CoreOther"", ""name"": ""WCH PIOC"", ""source_kind"": ""qinheng_structured_table"", ""count"": ""1"", ""n"": ""1""}, {""type"": ""VendorCapability"", ""name"": ""WCH CAP raw parameter (10/10)"", ""source_kind"": ""qinheng_structured_table"", ""count"": ""1"", ""n"": ""1"", ""m"": ""10/10""}, {""type"": ""VendorCapability"", ""name"": ""WCH VDD: 3.3/5.0"", ""source_kind"": ""qinheng_structured_table"", ""count"": ""1"", ""n"": ""1"", ""m"": ""3.3/5.0""}]","[{""title"": ""WCH CH643 product page"", ""url"": ""https://www.wch.cn/products/CH643.html""}]",,unknown,qinheng:special-table,https://www.wch.cn/products/CH643.html,structured-snapshot,2026-08-30T15:23:23+00:00,manufacturer_product_page
qinheng::ch643l,qinheng::ch::ch643,Qinheng,general_purpose_mcu,RISC-V,CH,CH643,CH643,CH643L,CH643L,L,"[{""Darchitecture"": ""RISC-V"", ""Dcore"": ""QingKe V4C"", ""DcoreCount"": ""1"", ""Dfpu"": ""0""}]",48000000,63488,20480,LQFP48,,"[{""name"": ""USR_1"", ""size"": 63488}, {""name"": ""RAM"", ""size"": 20480}]","[{""type"": ""ADC"", ""name"": ""12-bit ADC channels"", ""source_kind"": ""qinheng_structured_table"", ""count"": ""14"", ""n"": ""14"", ""m"": ""12-bit""}, {""type"": ""SPI"", ""name"": ""SPI"", ""source_kind"": ""qinheng_structured_table"", ""count"": ""1"", ""n"": ""1""}, {""type"": ""UART"", ""name"": ""UART"", ""source_kind"": ""qinheng_structured_table"", ""count"": ""4"", ""n"": ""4""}, {""type"": ""Timer"", ""name"": ""Advanced/general timer groups"", ""source_kind"": ""qinheng_structured_table"", ""count"": ""3"", ""n"": ""3"", ""m"": ""16""}, {""type"": ""USBH"", ""name"": ""USB Host"", ""source_kind"": ""qinheng_structured_table"", ""count"": ""1"", ""n"": ""1""}, {""type"": ""USBD"", ""name"": ""USB Device"", ""source_kind"": ""qinheng_structured_table"", ""count"": ""1"", ""n"": ""1""}, {""type"": ""PowerOther"", ""name"": ""WCH USB PD"", ""source_kind"": ""qinheng_structured_table"", ""count"": ""1"", ""n"": ""1""}, {""type"": ""VendorCapability"", ""name"": ""WCH LEDPWM"", ""source_kind"": ""qinheng_structured_table"", ""count"": ""1"", ""n"": ""1""}, {""type"": ""VendorCapability"", ""name"": ""WCH CMP"", ""source_kind"": ""qinheng_structured_table"", ""count"": ""1"", ""n"": ""1""}, {""type"": ""CoreOther"", ""name"": ""WCH PIOC"", ""source_kind"": ""qinheng_structured_table"", ""count"": ""1"", ""n"": ""1""}, {""type"": ""VendorCapability"", ""name"": ""WCH CAP raw parameter (10/10)"", ""source_kind"": ""qinheng_structured_table"", ""count"": ""1"", ""n"": ""1"", ""m"": ""10/10""}]","[{""title"": ""WCH CH643 product page"", ""url"": ""https://www.wch.cn/products/CH643.html""}]",,unknown,qinheng:ch32-data-yaml:CH643.yaml,https://www.wch.cn/products/CH643.html,structured-snapshot,2026-08-30T15:23:23+00:00,manufacturer_device_database
qinheng::ch643q,qinheng::ch::ch643,Qinheng,general_purpose_mcu,RISC-V,CH,CH643,CH643,CH643Q,CH643Q,Q,"[{""Darchitecture"": ""RISC-V"", ""Dcore"": ""QingKe V4C"", ""DcoreCount"": ""1"", ""Dfpu"": ""0""}]",48000000,63488,20480,LQFP64,,"[{""name"": ""USR_1"", ""size"": 63488}, {""name"": ""RAM"", ""size"": 20480}]","[{""type"": ""ADC"", ""name"": ""12-bit ADC channels"", ""source_kind"": ""qinheng_structured_table"", ""count"": ""14"", ""n"": ""14"", ""m"": ""12-bit""}, {""type"": ""SPI"", ""name"": ""SPI"", ""source_kind"": ""qinheng_structured_table"", ""count"": ""1"", ""n"": ""1""}, {""type"": ""UART"", ""name"": ""UART"", ""source_kind"": ""qinheng_structured_table"", ""count"": ""4"", ""n"": ""4""}, {""type"": ""Timer"", ""name"": ""Advanced/general timer groups"", ""source_kind"": ""qinheng_structured_table"", ""count"": ""3"", ""n"": ""3"", ""m"": ""16""}, {""type"": ""USBH"", ""name"": ""USB Host"", ""source_kind"": ""qinheng_structured_table"", ""count"": ""1"", ""n"": ""1""}, {""type"": ""USBD"", ""name"": ""USB Device"", ""source_kind"": ""qinheng_structured_table"", ""count"": ""1"", ""n"": ""1""}, {""type"": ""PowerOther"", ""name"": ""WCH USB PD"", ""source_kind"": ""qinheng_structured_table"", ""count"": ""1"", ""n"": ""1""}, {""type"": ""VendorCapability"", ""name"": ""WCH LEDPWM"", ""source_kind"": ""qinheng_structured_table"", ""count"": ""1"", ""n"": ""1""}, {""type"": ""VendorCapability"", ""name"": ""WCH CMP"", ""source_kind"": ""qinheng_structured_table"", ""count"": ""1"", ""n"": ""1""}, {""type"": ""CoreOther"", ""name"": ""WCH PIOC"", ""source_kind"": ""qinheng_structured_table"", ""count"": ""1"", ""n"": ""1""}, {""type"": ""VendorCapability"", ""name"": ""WCH CAP raw parameter (10/10)"", ""source_kind"": ""qinheng_structured_table"", ""count"": ""1"", ""n"": ""1"", ""m"": ""10/10""}]","[{""title"": ""WCH CH643 product page"", ""url"": ""https://www.wch.cn/products/CH643.html""}]",,unknown,qinheng:ch32-data-yaml:CH643.yaml,https://www.wch.cn/products/CH643.html,structured-snapshot,2026-08-30T15:23:23+00:00,manufacturer_device_database
qinheng::ch643u,qinheng::ch::ch643,Qinheng,general_purpose_mcu,RISC-V,CH,CH643,CH643,CH643U,CH643U,U,"[{""Darchitecture"": ""RISC-V"", ""Dcore"": ""QingKe V4C"", ""DcoreCount"": ""1"", ""Dfpu"": ""0""}]",48000000,63488,20480,QSOP28,,"[{""name"": ""USR_1"", ""size"": 63488}, {""name"": ""RAM"", ""size"": 20480}]","[{""type"": ""ADC"", ""name"": ""12-bit ADC channels"", ""source_kind"": ""qinheng_structured_table"", ""count"": ""14"", ""n"": ""14"", ""m"": ""12-bit""}, {""type"": ""SPI"", ""name"": ""SPI"", ""source_kind"": ""qinheng_structured_table"", ""count"": ""1"", ""n"": ""1""}, {""type"": ""UART"", ""name"": ""UART"", ""source_kind"": ""qinheng_structured_table"", ""count"": ""4"", ""n"": ""4""}, {""type"": ""Timer"", ""name"": ""Advanced/general timer groups"", ""source_kind"": ""qinheng_structured_table"", ""count"": ""3"", ""n"": ""3"", ""m"": ""16""}, {""type"": ""USBH"", ""name"": ""USB Host"", ""source_kind"": ""qinheng_structured_table"", ""count"": ""1"", ""n"": ""1""}, {""type"": ""USBD"", ""name"": ""USB Device"", ""source_kind"": ""qinheng_structured_table"", ""count"": ""1"", ""n"": ""1""}, {""type"": ""PowerOther"", ""name"": ""WCH USB PD"", ""source_kind"": ""qinheng_structured_table"", ""count"": ""1"", ""n"": ""1""}, {""type"": ""VendorCapability"", ""name"": ""WCH LEDPWM"", ""source_kind"": ""qinheng_structured_table"", ""count"": ""1"", ""n"": ""1""}, {""type"": ""VendorCapability"", ""name"": ""WCH CMP"", ""source_kind"": ""qinheng_structured_table"", ""count"": ""1"", ""n"": ""1""}, {""type"": ""CoreOther"", ""name"": ""WCH PIOC"", ""source_kind"": ""qinheng_structured_table"", ""count"": ""1"", ""n"": ""1""}, {""type"": ""VendorCapability"", ""name"": ""WCH CAP raw parameter (10/10)"", ""source_kind"": ""qinheng_structured_table"", ""count"": ""1"", ""n"": ""1"", ""m"": ""10/10""}]","[{""title"": ""WCH CH643 product page"", ""url"": ""https://www.wch.cn/products/CH643.html""}]",,unknown,qinheng:ch32-data-yaml:CH643.yaml,https://www.wch.cn/products/CH643.html,structured-snapshot,2026-08-30T15:23:23+00:00,manufacturer_device_database
qinheng::ch643w,qinheng::ch::ch643,Qinheng,general_purpose_mcu,RISC-V,CH,CH643,CH643,CH643W,CH643W,W,"[{""Darchitecture"": ""RISC-V"", ""Dcore"": ""QingKe V4C"", ""DcoreCount"": ""1"", ""Dfpu"": ""0""}]",48000000,63488,20480,QFN80,,"[{""name"": ""USR_1"", ""size"": 63488}, {""name"": ""RAM"", ""size"": 20480}]","[{""type"": ""ADC"", ""name"": ""12-bit ADC channels"", ""source_kind"": ""qinheng_structured_table"", ""count"": ""14"", ""n"": ""14"", ""m"": ""12-bit""}, {""type"": ""SPI"", ""name"": ""SPI"", ""source_kind"": ""qinheng_structured_table"", ""count"": ""1"", ""n"": ""1""}, {""type"": ""UART"", ""name"": ""UART"", ""source_kind"": ""qinheng_structured_table"", ""count"": ""4"", ""n"": ""4""}, {""type"": ""Timer"", ""name"": ""Advanced/general timer groups"", ""source_kind"": ""qinheng_structured_table"", ""count"": ""3"", ""n"": ""3"", ""m"": ""16""}, {""type"": ""USBH"", ""name"": ""USB Host"", ""source_kind"": ""qinheng_structured_table"", ""count"": ""1"", ""n"": ""1""}, {""type"": ""USBD"", ""name"": ""USB Device"", ""source_kind"": ""qinheng_structured_table"", ""count"": ""1"", ""n"": ""1""}, {""type"": ""PowerOther"", ""name"": ""WCH USB PD"", ""source_kind"": ""qinheng_structured_table"", ""count"": ""1"", ""n"": ""1""}, {""type"": ""VendorCapability"", ""name"": ""WCH LEDPWM"", ""source_kind"": ""qinheng_structured_table"", ""count"": ""1"", ""n"": ""1""}, {""type"": ""VendorCapability"", ""name"": ""WCH CMP"", ""source_kind"": ""qinheng_structured_table"", ""count"": ""1"", ""n"": ""1""}, {""type"": ""CoreOther"", ""name"": ""WCH PIOC"", ""source_kind"": ""qinheng_structured_table"", ""count"": ""1"", ""n"": ""1""}, {""type"": ""VendorCapability"", ""name"": ""WCH CAP raw parameter (10/10)"", ""source_kind"": ""qinheng_structured_table"", ""count"": ""1"", ""n"": ""1"", ""m"": ""10/10""}]","[{""title"": ""WCH CH643 product page"", ""url"": ""https://www.wch.cn/products/CH643.html""}]",,unknown,qinheng:ch32-data-yaml:CH643.yaml,https://www.wch.cn/products/CH643.html,structured-snapshot,2026-08-30T15:23:23+00:00,manufacturer_device_database
qinheng::ch645,qinheng::ch::ch645,Qinheng,general_purpose_mcu,RISC-V,CH,CH645,CH645,CH645,CH645,,"[{""Darchitecture"": ""RISC-V"", ""Dcore"": ""QingKe V4C"", ""DcoreCount"": ""1"", ""Dfpu"": ""0""}]",125000000,229376,81920,QFN68/QFN32,40,[],"[{""type"": ""SPI"", ""name"": ""SPI"", ""source_kind"": ""qinheng_structured_table"", ""count"": ""2"", ""n"": ""2""}, {""type"": ""UART"", ""name"": ""UART"", ""source_kind"": ""qinheng_structured_table"", ""count"": ""2"", ""n"": ""2""}, {""type"": ""Timer"", ""name"": ""Advanced/general timer groups"", ""source_kind"": ""qinheng_structured_table"", ""count"": ""2"", ""n"": ""2"", ""m"": ""16""}, {""type"": ""IOs"", ""name"": ""GPIO"", ""source_kind"": ""qinheng_structured_table"", ""count"": ""40"", ""n"": ""40""}, {""type"": ""PowerOther"", ""name"": ""WCH USB PD"", ""source_kind"": ""qinheng_structured_table"", ""count"": ""1"", ""n"": ""1""}, {""type"": ""VendorCapability"", ""name"": ""SERDES / HSPI / DVP (-/-/-/1)"", ""source_kind"": ""qinheng_structured_table"", ""count"": ""1"", ""n"": ""1"", ""m"": ""-/-/-/1""}, {""type"": ""ETH"", ""name"": ""Ethernet / SATA (100Mb/-)"", ""source_kind"": ""qinheng_structured_table"", ""count"": ""1"", ""n"": ""1"", ""m"": ""100Mb/-""}, {""type"": ""VendorCapability"", ""name"": ""WCH CAP raw parameter (8/8)"", ""source_kind"": ""qinheng_structured_table"", ""count"": ""1"", ""n"": ""1"", ""m"": ""8/8""}, {""type"": ""VendorCapability"", ""name"": ""WCH VDD: 3.3"", ""source_kind"": ""qinheng_structured_table"", ""count"": ""1"", ""n"": ""1"", ""m"": ""3.3""}]","[{""title"": ""WCH CH645 product page"", ""url"": ""https://www.wch.cn/products/CH645.html""}]",,unknown,qinheng:special-table,https://www.wch.cn/products/CH645.html,structured-snapshot,2026-08-30T15:23:23+00:00,manufacturer_product_page
qinheng::ch645f,qinheng::ch::ch645,Qinheng,general_purpose_mcu,RISC-V,CH,CH645,CH645,CH645F,CH645F,F,"[{""Darchitecture"": ""RISC-V"", ""Dcore"": ""QingKe V4C"", ""DcoreCount"": ""1"", ""Dfpu"": ""0""}]",,229376,73728,QFN32,,"[{""name"": ""USR_1"", ""size"": 229376}, {""name"": ""RAM"", ""size"": 73728}]","[{""type"": ""SDIO"", ""name"": ""SDIO"", ""source_kind"": ""qinheng_structured_table"", ""count"": ""1"", ""n"": ""1""}, {""type"": ""ETH"", ""name"": ""Ethernet: 1"", ""source_kind"": ""qinheng_structured_table"", ""count"": ""1"", ""n"": ""1""}, {""type"": ""ETH"", ""name"": ""WCH Gigabit Ethernet"", ""source_kind"": ""qinheng_structured_table"", ""count"": ""1"", ""n"": ""1""}, {""type"": ""PowerOther"", ""name"": ""WCH USB PD"", ""source_kind"": ""qinheng_structured_table"", ""count"": ""1"", ""n"": ""1""}]","[{""title"": ""WCH CH645 product page"", ""url"": ""https://www.wch.cn/products/CH645.html""}]",,unknown,qinheng:ch32-data-yaml:CH645.yaml,https://www.wch.cn/products/CH645.html,structured-snapshot,2026-08-30T15:23:23+00:00,manufacturer_device_database
qinheng::ch645w,qinheng::ch::ch645,Qinheng,general_purpose_mcu,RISC-V,CH,CH645,CH645,CH645W,CH645W,W,"[{""Darchitecture"": ""RISC-V"", ""Dcore"": ""QingKe V4C"", ""DcoreCount"": ""1"", ""Dfpu"": ""0""}]",,229376,73728,QFN68,,"[{""name"": ""USR_1"", ""size"": 229376}, {""name"": ""RAM"", ""size"": 73728}]","[{""type"": ""SDIO"", ""name"": ""SDIO"", ""source_kind"": ""qinheng_structured_table"", ""count"": ""1"", ""n"": ""1""}, {""type"": ""ETH"", ""name"": ""Ethernet: 1"", ""source_kind"": ""qinheng_structured_table"", ""count"": ""1"", ""n"": ""1""}, {""type"": ""ETH"", ""name"": ""WCH Gigabit Ethernet"", ""source_kind"": ""qinheng_structured_table"", ""count"": ""1"", ""n"": ""1""}, {""type"": ""PowerOther"", ""name"": ""WCH USB PD"", ""source_kind"": ""qinheng_structured_table"", ""count"": ""1"", ""n"": ""1""}]","[{""title"": ""WCH CH645 product page"", ""url"": ""https://www.wch.cn/products/CH645.html""}]",,unknown,qinheng:ch32-data-yaml:CH645.yaml,https://www.wch.cn/products/CH645.html,structured-snapshot,2026-08-30T15:23:23+00:00,manufacturer_device_database
